timestamp,split,num_frame_refs,frame_references,is_t0,storms,era5_availability,extraction_status
1998-10-06T12:00:00Z,TRAIN,1,data/interim/gridsat/1998/gridsat_1998.10.06.12.npz,False,NIO_1998_UNNAMED_31,AVAILABLE,PENDING
1998-10-06T15:00:00Z,TRAIN,1,data/interim/gridsat/1998/gridsat_1998.10.06.15.npz,False,NIO_1998_UNNAMED_31,AVAILABLE,PENDING
1998-10-06T18:00:00Z,TRAIN,1,data/interim/gridsat/1998/gridsat_1998.10.06.18.npz,False,NIO_1998_UNNAMED_31,AVAILABLE,PENDING
1998-10-06T21:00:00Z,TRAIN,1,data/interim/gridsat/1998/gridsat_1998.10.06.21.npz,False,NIO_1998_UNNAMED_31,AVAILABLE,PENDING
1998-10-07T00:00:00Z,TRAIN,1,data/interim/gridsat/1998/gridsat_1998.10.07.00.npz,False,NIO_1998_UNNAMED_31,AVAILABLE,PENDING
1998-10-07T03:00:00Z,TRAIN,1,data/interim/gridsat/1998/gridsat_1998.10.07.03.npz,True,NIO_1998_UNNAMED_31,AVAILABLE,PENDING
1999-01-31T12:00:00Z,TRAIN,1,data/interim/gridsat/1999/gridsat_1999.01.31.12.npz,False,NIO_1999_UNNAMED_13,AVAILABLE,PENDING
1999-01-31T15:00:00Z,TRAIN,1,data/interim/gridsat/1999/gridsat_1999.01.31.15.npz,False,NIO_1999_UNNAMED_13,AVAILABLE,PENDING
1999-01-31T18:00:00Z,TRAIN,1,data/interim/gridsat/1999/gridsat_1999.01.31.18.npz,False,NIO_1999_UNNAMED_13,AVAILABLE,PENDING
1999-01-31T21:00:00Z,TRAIN,1,data/interim/gridsat/1999/gridsat_1999.01.31.21.npz,False,NIO_1999_UNNAMED_13,AVAILABLE,PENDING
1999-02-01T00:00:00Z,TRAIN,1,data/interim/gridsat/1999/gridsat_1999.02.01.00.npz,False,NIO_1999_UNNAMED_13,AVAILABLE,PENDING
1999-02-01T03:00:00Z,TRAIN,1,data/interim/gridsat/1999/gridsat_1999.02.01.03.npz,True,NIO_1999_UNNAMED_13,AVAILABLE,PENDING
2002-11-09T21:00:00Z,TRAIN,1,data/interim/gridsat/2002/gridsat_2002.11.09.21.npz,False,NIO_2002_UNNAMED_25,AVAILABLE,PENDING
2002-11-10T00:00:00Z,TRAIN,1,data/interim/gridsat/2002/gridsat_2002.11.10.00.npz,False,NIO_2002_UNNAMED_25,AVAILABLE,PENDING
2002-11-10T03:00:00Z,TRAIN,1,data/interim/gridsat/2002/gridsat_2002.11.10.03.npz,False,NIO_2002_UNNAMED_25,AVAILABLE,PENDING
2002-11-10T06:00:00Z,TRAIN,1,data/interim/gridsat/2002/gridsat_2002.11.10.06.npz,False,NIO_2002_UNNAMED_25,AVAILABLE,PENDING
2002-11-10T09:00:00Z,TRAIN,1,data/interim/gridsat/2002/gridsat_2002.11.10.09.npz,False,NIO_2002_UNNAMED_25,AVAILABLE,PENDING
2002-11-10T12:00:00Z,TRAIN,1,data/interim/gridsat/2002/gridsat_2002.11.10.12.npz,True,NIO_2002_UNNAMED_25,AVAILABLE,PENDING
2002-11-22T15:00:00Z,TRAIN,1,data/interim/gridsat/2002/gridsat_2002.11.22.15.npz,False,NIO_2002_UNNAMED_29,AVAILABLE,PENDING
2002-11-22T18:00:00Z,TRAIN,1,data/interim/gridsat/2002/gridsat_2002.11.22.18.npz,False,NIO_2002_UNNAMED_29,AVAILABLE,PENDING
2002-11-22T21:00:00Z,TRAIN,1,data/interim/gridsat/2002/gridsat_2002.11.22.21.npz,False,NIO_2002_UNNAMED_29,AVAILABLE,PENDING
2002-11-23T00:00:00Z,TRAIN,1,data/interim/gridsat/2002/gridsat_2002.11.23.00.npz,False,NIO_2002_UNNAMED_29,AVAILABLE,PENDING
2002-11-23T03:00:00Z,TRAIN,1,data/interim/gridsat/2002/gridsat_2002.11.23.03.npz,False,NIO_2002_UNNAMED_29,AVAILABLE,PENDING
2002-11-23T06:00:00Z,TRAIN,1,data/interim/gridsat/2002/gridsat_2002.11.23.06.npz,True,NIO_2002_UNNAMED_29,AVAILABLE,PENDING
2002-11-23T09:00:00Z,TRAIN,1,data/interim/gridsat/2002/gridsat_2002.11.23.09.npz,False,NIO_2002_UNNAMED_29,AVAILABLE,PENDING
2002-11-23T12:00:00Z,TRAIN,1,data/interim/gridsat/2002/gridsat_2002.11.23.12.npz,True,NIO_2002_UNNAMED_29,AVAILABLE,PENDING
2002-11-23T15:00:00Z,TRAIN,1,data/interim/gridsat/2002/gridsat_2002.11.23.15.npz,False,NIO_2002_UNNAMED_29,AVAILABLE,PENDING
2002-11-23T18:00:00Z,TRAIN,1,data/interim/gridsat/2002/gridsat_2002.11.23.18.npz,False,NIO_2002_UNNAMED_29,AVAILABLE,PENDING
2002-11-23T21:00:00Z,TRAIN,1,data/interim/gridsat/2002/gridsat_2002.11.23.21.npz,False,NIO_2002_UNNAMED_29,AVAILABLE,PENDING
2002-11-24T00:00:00Z,TRAIN,1,data/interim/gridsat/2002/gridsat_2002.11.24.00.npz,True,NIO_2002_UNNAMED_29,AVAILABLE,PENDING
2002-11-24T03:00:00Z,TRAIN,1,data/interim/gridsat/2002/gridsat_2002.11.24.03.npz,False,NIO_2002_UNNAMED_29,AVAILABLE,PENDING
2002-11-24T06:00:00Z,TRAIN,1,data/interim/gridsat/2002/gridsat_2002.11.24.06.npz,False,NIO_2002_UNNAMED_29,AVAILABLE,PENDING
2002-11-24T09:00:00Z,TRAIN,1,data/interim/gridsat/2002/gridsat_2002.11.24.09.npz,False,NIO_2002_UNNAMED_29,AVAILABLE,PENDING
2002-11-24T12:00:00Z,TRAIN,1,data/interim/gridsat/2002/gridsat_2002.11.24.12.npz,True,NIO_2002_UNNAMED_29,AVAILABLE,PENDING
2005-01-14T12:00:00Z,TRAIN,1,data/interim/gridsat/2005/gridsat_2005.01.14.12.npz,False,NIO_2005_IN,AVAILABLE,PENDING
2005-01-14T15:00:00Z,TRAIN,1,data/interim/gridsat/2005/gridsat_2005.01.14.15.npz,False,NIO_2005_IN,AVAILABLE,PENDING
2005-01-14T18:00:00Z,TRAIN,1,data/interim/gridsat/2005/gridsat_2005.01.14.18.npz,False,NIO_2005_IN,AVAILABLE,PENDING
2005-01-14T21:00:00Z,TRAIN,1,data/interim/gridsat/2005/gridsat_2005.01.14.21.npz,False,NIO_2005_IN,AVAILABLE,PENDING
2005-01-15T00:00:00Z,TRAIN,1,data/interim/gridsat/2005/gridsat_2005.01.15.00.npz,False,NIO_2005_IN,AVAILABLE,PENDING
2005-01-15T03:00:00Z,TRAIN,1,data/interim/gridsat/2005/gridsat_2005.01.15.03.npz,True,NIO_2005_IN,AVAILABLE,PENDING
2005-09-17T15:00:00Z,TRAIN,1,data/interim/gridsat/2005/gridsat_2005.09.17.15.npz,False,NIO_2005_UNNAMED_2_7_1,AVAILABLE,PENDING
2005-09-17T18:00:00Z,TRAIN,1,data/interim/gridsat/2005/gridsat_2005.09.17.18.npz,False,NIO_2005_UNNAMED_2_7_1,AVAILABLE,PENDING
2005-09-17T21:00:00Z,TRAIN,1,data/interim/gridsat/2005/gridsat_2005.09.17.21.npz,False,NIO_2005_UNNAMED_2_7_1,AVAILABLE,PENDING
2005-09-18T00:00:00Z,TRAIN,1,data/interim/gridsat/2005/gridsat_2005.09.18.00.npz,False,NIO_2005_UNNAMED_2_7_1,AVAILABLE,PENDING
2005-09-18T03:00:00Z,TRAIN,1,data/interim/gridsat/2005/gridsat_2005.09.18.03.npz,False,NIO_2005_UNNAMED_2_7_1,AVAILABLE,PENDING
2005-09-18T06:00:00Z,TRAIN,1,data/interim/gridsat/2005/gridsat_2005.09.18.06.npz,True,NIO_2005_UNNAMED_2_7_1,AVAILABLE,PENDING
2005-09-18T09:00:00Z,TRAIN,1,data/interim/gridsat/2005/gridsat_2005.09.18.09.npz,True,NIO_2005_UNNAMED_2_7_1,AVAILABLE,PENDING
2005-09-18T12:00:00Z,TRAIN,1,data/interim/gridsat/2005/gridsat_2005.09.18.12.npz,True,NIO_2005_UNNAMED_2_7_1,AVAILABLE,PENDING
2005-09-18T21:00:00Z,TRAIN,1,data/interim/gridsat/2005/gridsat_2005.09.18.21.npz,False,NIO_2005_UNNAMED_2_7_1,AVAILABLE,PENDING
2005-09-19T00:00:00Z,TRAIN,1,data/interim/gridsat/2005/gridsat_2005.09.19.00.npz,False,NIO_2005_UNNAMED_2_7_1,AVAILABLE,PENDING
2005-09-19T03:00:00Z,TRAIN,1,data/interim/gridsat/2005/gridsat_2005.09.19.03.npz,False,NIO_2005_UNNAMED_2_7_1,AVAILABLE,PENDING
2005-09-19T06:00:00Z,TRAIN,1,data/interim/gridsat/2005/gridsat_2005.09.19.06.npz,False,NIO_2005_UNNAMED_2_7_1,AVAILABLE,PENDING
2005-09-19T09:00:00Z,TRAIN,1,data/interim/gridsat/2005/gridsat_2005.09.19.09.npz,False,NIO_2005_UNNAMED_2_7_1,AVAILABLE,PENDING
2005-09-19T12:00:00Z,TRAIN,1,data/interim/gridsat/2005/gridsat_2005.09.19.12.npz,True,NIO_2005_UNNAMED_2_7_1,AVAILABLE,PENDING
2005-10-25T12:00:00Z,TRAIN,1,data/interim/gridsat/2005/gridsat_2005.10.25.12.npz,False,NIO_2005_UNNAMED_2_8_1,AVAILABLE,PENDING
2005-10-25T15:00:00Z,TRAIN,1,data/interim/gridsat/2005/gridsat_2005.10.25.15.npz,False,NIO_2005_UNNAMED_2_8_1,AVAILABLE,PENDING
2005-10-25T18:00:00Z,TRAIN,1,data/interim/gridsat/2005/gridsat_2005.10.25.18.npz,False,NIO_2005_UNNAMED_2_8_1,AVAILABLE,PENDING
2005-10-25T21:00:00Z,TRAIN,1,data/interim/gridsat/2005/gridsat_2005.10.25.21.npz,False,NIO_2005_UNNAMED_2_8_1,AVAILABLE,PENDING
2005-10-26T00:00:00Z,TRAIN,1,data/interim/gridsat/2005/gridsat_2005.10.26.00.npz,False,NIO_2005_UNNAMED_2_8_1,AVAILABLE,PENDING
2005-10-26T03:00:00Z,TRAIN,1,data/interim/gridsat/2005/gridsat_2005.10.26.03.npz,True,NIO_2005_UNNAMED_2_8_1,AVAILABLE,PENDING
2005-10-26T06:00:00Z,TRAIN,1,data/interim/gridsat/2005/gridsat_2005.10.26.06.npz,True,NIO_2005_UNNAMED_2_8_1,AVAILABLE,PENDING
2005-10-26T09:00:00Z,TRAIN,1,data/interim/gridsat/2005/gridsat_2005.10.26.09.npz,True,NIO_2005_UNNAMED_2_8_1,AVAILABLE,PENDING
2005-10-26T12:00:00Z,TRAIN,1,data/interim/gridsat/2005/gridsat_2005.10.26.12.npz,True,NIO_2005_UNNAMED_2_8_1,AVAILABLE,PENDING
2005-10-26T15:00:00Z,TRAIN,1,data/interim/gridsat/2005/gridsat_2005.10.26.15.npz,False,NIO_2005_UNNAMED_2_8_1,AVAILABLE,PENDING
2005-10-26T18:00:00Z,TRAIN,1,data/interim/gridsat/2005/gridsat_2005.10.26.18.npz,False,NIO_2005_UNNAMED_2_8_1,AVAILABLE,PENDING
2005-10-26T21:00:00Z,TRAIN,1,data/interim/gridsat/2005/gridsat_2005.10.26.21.npz,False,NIO_2005_UNNAMED_2_8_1,AVAILABLE,PENDING
2005-10-27T00:00:00Z,TRAIN,1,data/interim/gridsat/2005/gridsat_2005.10.27.00.npz,False,NIO_2005_UNNAMED_2_8_1,AVAILABLE,PENDING
2005-10-27T03:00:00Z,TRAIN,1,data/interim/gridsat/2005/gridsat_2005.10.27.03.npz,True,NIO_2005_UNNAMED_2_8_1,AVAILABLE,PENDING
2005-11-19T12:00:00Z,TRAIN,1,data/interim/gridsat/2005/gridsat_2005.11.19.12.npz,False,NIO_2005_UNNAMED_2_9_1,AVAILABLE,PENDING
2005-11-19T15:00:00Z,TRAIN,1,data/interim/gridsat/2005/gridsat_2005.11.19.15.npz,False,NIO_2005_UNNAMED_2_9_1,AVAILABLE,PENDING
2005-11-19T18:00:00Z,TRAIN,1,data/interim/gridsat/2005/gridsat_2005.11.19.18.npz,False,NIO_2005_UNNAMED_2_9_1,AVAILABLE,PENDING
2005-11-19T21:00:00Z,TRAIN,1,data/interim/gridsat/2005/gridsat_2005.11.19.21.npz,False,NIO_2005_UNNAMED_2_9_1,AVAILABLE,PENDING
2005-11-20T00:00:00Z,TRAIN,1,data/interim/gridsat/2005/gridsat_2005.11.20.00.npz,False,NIO_2005_UNNAMED_2_9_1,AVAILABLE,PENDING
2005-11-20T03:00:00Z,TRAIN,1,data/interim/gridsat/2005/gridsat_2005.11.20.03.npz,True,NIO_2005_UNNAMED_2_9_1,AVAILABLE,PENDING
2005-11-20T06:00:00Z,TRAIN,1,data/interim/gridsat/2005/gridsat_2005.11.20.06.npz,True,NIO_2005_UNNAMED_2_9_1,AVAILABLE,PENDING
2005-11-20T09:00:00Z,TRAIN,1,data/interim/gridsat/2005/gridsat_2005.11.20.09.npz,True,NIO_2005_UNNAMED_2_9_1,AVAILABLE,PENDING
2005-11-27T12:00:00Z,TRAIN,1,data/interim/gridsat/2005/gridsat_2005.11.27.12.npz,False,NIO_2005_UNNAMED_2_10,AVAILABLE,PENDING
2005-11-27T15:00:00Z,TRAIN,1,data/interim/gridsat/2005/gridsat_2005.11.27.15.npz,False,NIO_2005_UNNAMED_2_10,AVAILABLE,PENDING
2005-11-27T18:00:00Z,TRAIN,1,data/interim/gridsat/2005/gridsat_2005.11.27.18.npz,False,NIO_2005_UNNAMED_2_10,AVAILABLE,PENDING
2005-11-27T21:00:00Z,TRAIN,1,data/interim/gridsat/2005/gridsat_2005.11.27.21.npz,False,NIO_2005_UNNAMED_2_10,AVAILABLE,PENDING
2005-11-28T00:00:00Z,TRAIN,1,data/interim/gridsat/2005/gridsat_2005.11.28.00.npz,False,NIO_2005_UNNAMED_2_10,AVAILABLE,PENDING
2005-11-28T03:00:00Z,TRAIN,1,data/interim/gridsat/2005/gridsat_2005.11.28.03.npz,True,NIO_2005_UNNAMED_2_10,AVAILABLE,PENDING
2005-11-28T06:00:00Z,TRAIN,1,data/interim/gridsat/2005/gridsat_2005.11.28.06.npz,True,NIO_2005_UNNAMED_2_10,AVAILABLE,PENDING
2005-11-28T09:00:00Z,TRAIN,1,data/interim/gridsat/2005/gridsat_2005.11.28.09.npz,True,NIO_2005_UNNAMED_2_10,AVAILABLE,PENDING
2005-11-28T12:00:00Z,TRAIN,1,data/interim/gridsat/2005/gridsat_2005.11.28.12.npz,True,NIO_2005_UNNAMED_2_10,AVAILABLE,PENDING
2005-11-28T15:00:00Z,TRAIN,1,data/interim/gridsat/2005/gridsat_2005.11.28.15.npz,True,NIO_2005_UNNAMED_2_10,AVAILABLE,PENDING
2005-11-28T18:00:00Z,TRAIN,1,data/interim/gridsat/2005/gridsat_2005.11.28.18.npz,True,NIO_2005_UNNAMED_2_10,AVAILABLE,PENDING
2005-11-28T21:00:00Z,TRAIN,1,data/interim/gridsat/2005/gridsat_2005.11.28.21.npz,True,NIO_2005_UNNAMED_2_10,AVAILABLE,PENDING
2005-11-29T00:00:00Z,TRAIN,1,data/interim/gridsat/2005/gridsat_2005.11.29.00.npz,True,NIO_2005_UNNAMED_2_10,AVAILABLE,PENDING
2005-11-29T03:00:00Z,TRAIN,1,data/interim/gridsat/2005/gridsat_2005.11.29.03.npz,True,NIO_2005_UNNAMED_2_10,AVAILABLE,PENDING
2005-11-29T06:00:00Z,TRAIN,1,data/interim/gridsat/2005/gridsat_2005.11.29.06.npz,True,NIO_2005_UNNAMED_2_10,AVAILABLE,PENDING
2005-11-29T09:00:00Z,TRAIN,1,data/interim/gridsat/2005/gridsat_2005.11.29.09.npz,True,NIO_2005_UNNAMED_2_10,AVAILABLE,PENDING
2005-11-29T12:00:00Z,TRAIN,1,data/interim/gridsat/2005/gridsat_2005.11.29.12.npz,True,NIO_2005_UNNAMED_2_10,AVAILABLE,PENDING
2005-11-29T15:00:00Z,TRAIN,1,data/interim/gridsat/2005/gridsat_2005.11.29.15.npz,True,NIO_2005_UNNAMED_2_10,AVAILABLE,PENDING
2005-11-29T18:00:00Z,TRAIN,1,data/interim/gridsat/2005/gridsat_2005.11.29.18.npz,True,NIO_2005_UNNAMED_2_10,AVAILABLE,PENDING
2005-11-29T21:00:00Z,TRAIN,1,data/interim/gridsat/2005/gridsat_2005.11.29.21.npz,True,NIO_2005_UNNAMED_2_10,AVAILABLE,PENDING
2005-11-30T00:00:00Z,TRAIN,1,data/interim/gridsat/2005/gridsat_2005.11.30.00.npz,True,NIO_2005_UNNAMED_2_10,AVAILABLE,PENDING
2005-11-30T03:00:00Z,TRAIN,1,data/interim/gridsat/2005/gridsat_2005.11.30.03.npz,True,NIO_2005_UNNAMED_2_10,AVAILABLE,PENDING
2005-12-05T12:00:00Z,TRAIN,1,data/interim/gridsat/2005/gridsat_2005.12.05.12.npz,False,NIO_2005_UNNAMED_2_11_1,AVAILABLE,PENDING
2005-12-05T15:00:00Z,TRAIN,1,data/interim/gridsat/2005/gridsat_2005.12.05.15.npz,False,NIO_2005_UNNAMED_2_11_1,AVAILABLE,PENDING
2005-12-05T18:00:00Z,TRAIN,1,data/interim/gridsat/2005/gridsat_2005.12.05.18.npz,False,NIO_2005_UNNAMED_2_11_1,AVAILABLE,PENDING
2005-12-05T21:00:00Z,TRAIN,1,data/interim/gridsat/2005/gridsat_2005.12.05.21.npz,False,NIO_2005_UNNAMED_2_11_1,AVAILABLE,PENDING
2005-12-06T00:00:00Z,TRAIN,1,data/interim/gridsat/2005/gridsat_2005.12.06.00.npz,False,NIO_2005_UNNAMED_2_11_1,AVAILABLE,PENDING
2005-12-06T03:00:00Z,TRAIN,1,data/interim/gridsat/2005/gridsat_2005.12.06.03.npz,True,NIO_2005_UNNAMED_2_11_1,AVAILABLE,PENDING
2005-12-06T06:00:00Z,TRAIN,1,data/interim/gridsat/2005/gridsat_2005.12.06.06.npz,True,NIO_2005_UNNAMED_2_11_1,AVAILABLE,PENDING
2005-12-06T09:00:00Z,TRAIN,1,data/interim/gridsat/2005/gridsat_2005.12.06.09.npz,True,NIO_2005_UNNAMED_2_11_1,AVAILABLE,PENDING
2005-12-06T12:00:00Z,TRAIN,1,data/interim/gridsat/2005/gridsat_2005.12.06.12.npz,True,NIO_2005_UNNAMED_2_11_1,AVAILABLE,PENDING
2005-12-06T15:00:00Z,TRAIN,1,data/interim/gridsat/2005/gridsat_2005.12.06.15.npz,True,NIO_2005_UNNAMED_2_11_1,AVAILABLE,PENDING
2005-12-06T18:00:00Z,TRAIN,1,data/interim/gridsat/2005/gridsat_2005.12.06.18.npz,True,NIO_2005_UNNAMED_2_11_1,AVAILABLE,PENDING
2005-12-06T21:00:00Z,TRAIN,1,data/interim/gridsat/2005/gridsat_2005.12.06.21.npz,True,NIO_2005_UNNAMED_2_11_1,AVAILABLE,PENDING
2005-12-07T00:00:00Z,TRAIN,1,data/interim/gridsat/2005/gridsat_2005.12.07.00.npz,True,NIO_2005_UNNAMED_2_11_1,AVAILABLE,PENDING
2005-12-07T03:00:00Z,TRAIN,1,data/interim/gridsat/2005/gridsat_2005.12.07.03.npz,True,NIO_2005_UNNAMED_2_11_1,AVAILABLE,PENDING
2005-12-07T06:00:00Z,TRAIN,1,data/interim/gridsat/2005/gridsat_2005.12.07.06.npz,True,NIO_2005_UNNAMED_2_11_1,AVAILABLE,PENDING
2005-12-07T09:00:00Z,TRAIN,1,data/interim/gridsat/2005/gridsat_2005.12.07.09.npz,True,NIO_2005_UNNAMED_2_11_1,AVAILABLE,PENDING
2005-12-07T12:00:00Z,TRAIN,1,data/interim/gridsat/2005/gridsat_2005.12.07.12.npz,True,NIO_2005_UNNAMED_2_11_1,AVAILABLE,PENDING
2005-12-07T15:00:00Z,TRAIN,1,data/interim/gridsat/2005/gridsat_2005.12.07.15.npz,True,NIO_2005_UNNAMED_2_11_1,AVAILABLE,PENDING
2005-12-07T18:00:00Z,TRAIN,1,data/interim/gridsat/2005/gridsat_2005.12.07.18.npz,True,NIO_2005_UNNAMED_2_11_1,AVAILABLE,PENDING
2005-12-07T21:00:00Z,TRAIN,1,data/interim/gridsat/2005/gridsat_2005.12.07.21.npz,True,NIO_2005_UNNAMED_2_11_1,AVAILABLE,PENDING
2005-12-14T21:00:00Z,TRAIN,1,data/interim/gridsat/2005/gridsat_2005.12.14.21.npz,False,NIO_2005_UNNAMED_2_12_1,AVAILABLE,PENDING
2005-12-15T00:00:00Z,TRAIN,1,data/interim/gridsat/2005/gridsat_2005.12.15.00.npz,False,NIO_2005_UNNAMED_2_12_1,AVAILABLE,PENDING
2005-12-15T03:00:00Z,TRAIN,1,data/interim/gridsat/2005/gridsat_2005.12.15.03.npz,False,NIO_2005_UNNAMED_2_12_1,AVAILABLE,PENDING
2005-12-15T06:00:00Z,TRAIN,1,data/interim/gridsat/2005/gridsat_2005.12.15.06.npz,False,NIO_2005_UNNAMED_2_12_1,AVAILABLE,PENDING
2005-12-15T09:00:00Z,TRAIN,1,data/interim/gridsat/2005/gridsat_2005.12.15.09.npz,False,NIO_2005_UNNAMED_2_12_1,AVAILABLE,PENDING
2005-12-15T12:00:00Z,TRAIN,1,data/interim/gridsat/2005/gridsat_2005.12.15.12.npz,True,NIO_2005_UNNAMED_2_12_1,AVAILABLE,PENDING
2005-12-15T15:00:00Z,TRAIN,1,data/interim/gridsat/2005/gridsat_2005.12.15.15.npz,True,NIO_2005_UNNAMED_2_12_1,AVAILABLE,PENDING
2005-12-15T18:00:00Z,TRAIN,1,data/interim/gridsat/2005/gridsat_2005.12.15.18.npz,True,NIO_2005_UNNAMED_2_12_1,AVAILABLE,PENDING
2005-12-15T21:00:00Z,TRAIN,1,data/interim/gridsat/2005/gridsat_2005.12.15.21.npz,True,NIO_2005_UNNAMED_2_12_1,AVAILABLE,PENDING
2005-12-16T00:00:00Z,TRAIN,1,data/interim/gridsat/2005/gridsat_2005.12.16.00.npz,True,NIO_2005_UNNAMED_2_12_1,AVAILABLE,PENDING
2005-12-16T03:00:00Z,TRAIN,1,data/interim/gridsat/2005/gridsat_2005.12.16.03.npz,True,NIO_2005_UNNAMED_2_12_1,AVAILABLE,PENDING
2005-12-16T06:00:00Z,TRAIN,1,data/interim/gridsat/2005/gridsat_2005.12.16.06.npz,True,NIO_2005_UNNAMED_2_12_1,AVAILABLE,PENDING
2005-12-16T09:00:00Z,TRAIN,1,data/interim/gridsat/2005/gridsat_2005.12.16.09.npz,True,NIO_2005_UNNAMED_2_12_1,AVAILABLE,PENDING
2005-12-16T12:00:00Z,TRAIN,1,data/interim/gridsat/2005/gridsat_2005.12.16.12.npz,True,NIO_2005_UNNAMED_2_12_1,AVAILABLE,PENDING
2005-12-16T15:00:00Z,TRAIN,1,data/interim/gridsat/2005/gridsat_2005.12.16.15.npz,True,NIO_2005_UNNAMED_2_12_1,AVAILABLE,PENDING
2005-12-16T18:00:00Z,TRAIN,1,data/interim/gridsat/2005/gridsat_2005.12.16.18.npz,True,NIO_2005_UNNAMED_2_12_1,AVAILABLE,PENDING
2005-12-16T21:00:00Z,TRAIN,1,data/interim/gridsat/2005/gridsat_2005.12.16.21.npz,True,NIO_2005_UNNAMED_2_12_1,AVAILABLE,PENDING
2005-12-17T00:00:00Z,TRAIN,1,data/interim/gridsat/2005/gridsat_2005.12.17.00.npz,True,NIO_2005_UNNAMED_2_12_1,AVAILABLE,PENDING
2005-12-17T03:00:00Z,TRAIN,1,data/interim/gridsat/2005/gridsat_2005.12.17.03.npz,True,NIO_2005_UNNAMED_2_12_1,AVAILABLE,PENDING
2005-12-17T06:00:00Z,TRAIN,1,data/interim/gridsat/2005/gridsat_2005.12.17.06.npz,True,NIO_2005_UNNAMED_2_12_1,AVAILABLE,PENDING
2005-12-17T09:00:00Z,TRAIN,1,data/interim/gridsat/2005/gridsat_2005.12.17.09.npz,True,NIO_2005_UNNAMED_2_12_1,AVAILABLE,PENDING
2005-12-17T12:00:00Z,TRAIN,1,data/interim/gridsat/2005/gridsat_2005.12.17.12.npz,True,NIO_2005_UNNAMED_2_12_1,AVAILABLE,PENDING
2005-12-17T15:00:00Z,TRAIN,1,data/interim/gridsat/2005/gridsat_2005.12.17.15.npz,True,NIO_2005_UNNAMED_2_12_1,AVAILABLE,PENDING
2005-12-17T18:00:00Z,TRAIN,1,data/interim/gridsat/2005/gridsat_2005.12.17.18.npz,True,NIO_2005_UNNAMED_2_12_1,AVAILABLE,PENDING
2005-12-17T21:00:00Z,TRAIN,1,data/interim/gridsat/2005/gridsat_2005.12.17.21.npz,True,NIO_2005_UNNAMED_2_12_1,AVAILABLE,PENDING
2005-12-18T00:00:00Z,TRAIN,1,data/interim/gridsat/2005/gridsat_2005.12.18.00.npz,True,NIO_2005_UNNAMED_2_12_1,AVAILABLE,PENDING
2005-12-18T03:00:00Z,TRAIN,1,data/interim/gridsat/2005/gridsat_2005.12.18.03.npz,True,NIO_2005_UNNAMED_2_12_1,AVAILABLE,PENDING
2005-12-18T06:00:00Z,TRAIN,1,data/interim/gridsat/2005/gridsat_2005.12.18.06.npz,True,NIO_2005_UNNAMED_2_12_1,AVAILABLE,PENDING
2005-12-18T09:00:00Z,TRAIN,1,data/interim/gridsat/2005/gridsat_2005.12.18.09.npz,True,NIO_2005_UNNAMED_2_12_1,AVAILABLE,PENDING
2005-12-18T12:00:00Z,TRAIN,1,data/interim/gridsat/2005/gridsat_2005.12.18.12.npz,True,NIO_2005_UNNAMED_2_12_1,AVAILABLE,PENDING
2005-12-18T15:00:00Z,TRAIN,1,data/interim/gridsat/2005/gridsat_2005.12.18.15.npz,True,NIO_2005_UNNAMED_2_12_1,AVAILABLE,PENDING
2005-12-18T18:00:00Z,TRAIN,1,data/interim/gridsat/2005/gridsat_2005.12.18.18.npz,True,NIO_2005_UNNAMED_2_12_1,AVAILABLE,PENDING
2005-12-18T21:00:00Z,TRAIN,1,data/interim/gridsat/2005/gridsat_2005.12.18.21.npz,True,NIO_2005_UNNAMED_2_12_1,AVAILABLE,PENDING
2005-12-19T00:00:00Z,TRAIN,1,data/interim/gridsat/2005/gridsat_2005.12.19.00.npz,True,NIO_2005_UNNAMED_2_12_1,AVAILABLE,PENDING
2005-12-19T03:00:00Z,TRAIN,1,data/interim/gridsat/2005/gridsat_2005.12.19.03.npz,True,NIO_2005_UNNAMED_2_12_1,AVAILABLE,PENDING
2005-12-19T06:00:00Z,TRAIN,1,data/interim/gridsat/2005/gridsat_2005.12.19.06.npz,True,NIO_2005_UNNAMED_2_12_1,AVAILABLE,PENDING
2005-12-19T09:00:00Z,TRAIN,1,data/interim/gridsat/2005/gridsat_2005.12.19.09.npz,True,NIO_2005_UNNAMED_2_12_1,AVAILABLE,PENDING
2005-12-19T12:00:00Z,TRAIN,1,data/interim/gridsat/2005/gridsat_2005.12.19.12.npz,True,NIO_2005_UNNAMED_2_12_1,AVAILABLE,PENDING
2005-12-19T15:00:00Z,TRAIN,1,data/interim/gridsat/2005/gridsat_2005.12.19.15.npz,True,NIO_2005_UNNAMED_2_12_1,AVAILABLE,PENDING
2005-12-19T18:00:00Z,TRAIN,1,data/interim/gridsat/2005/gridsat_2005.12.19.18.npz,True,NIO_2005_UNNAMED_2_12_1,AVAILABLE,PENDING
2005-12-19T21:00:00Z,TRAIN,1,data/interim/gridsat/2005/gridsat_2005.12.19.21.npz,True,NIO_2005_UNNAMED_2_12_1,AVAILABLE,PENDING
2005-12-20T00:00:00Z,TRAIN,1,data/interim/gridsat/2005/gridsat_2005.12.20.00.npz,True,NIO_2005_UNNAMED_2_12_1,AVAILABLE,PENDING
2006-04-24T12:00:00Z,TRAIN,1,data/interim/gridsat/2006/gridsat_2006.04.24.12.npz,False,NIO_2006_UNNAMED_2_2_1,AVAILABLE,PENDING
2006-04-24T15:00:00Z,TRAIN,1,data/interim/gridsat/2006/gridsat_2006.04.24.15.npz,False,NIO_2006_UNNAMED_2_2_1,AVAILABLE,PENDING
2006-04-24T18:00:00Z,TRAIN,1,data/interim/gridsat/2006/gridsat_2006.04.24.18.npz,False,NIO_2006_UNNAMED_2_2_1,AVAILABLE,PENDING
2006-04-24T21:00:00Z,TRAIN,1,data/interim/gridsat/2006/gridsat_2006.04.24.21.npz,False,NIO_2006_UNNAMED_2_2_1,AVAILABLE,PENDING
2006-04-25T00:00:00Z,TRAIN,1,data/interim/gridsat/2006/gridsat_2006.04.25.00.npz,False,NIO_2006_UNNAMED_2_2_1,AVAILABLE,PENDING
2006-04-25T03:00:00Z,TRAIN,1,data/interim/gridsat/2006/gridsat_2006.04.25.03.npz,True,NIO_2006_UNNAMED_2_2_1,AVAILABLE,PENDING
2006-04-25T06:00:00Z,TRAIN,1,data/interim/gridsat/2006/gridsat_2006.04.25.06.npz,True,NIO_2006_UNNAMED_2_2_1,AVAILABLE,PENDING
2006-04-25T09:00:00Z,TRAIN,1,data/interim/gridsat/2006/gridsat_2006.04.25.09.npz,True,NIO_2006_UNNAMED_2_2_1,AVAILABLE,PENDING
2006-04-25T12:00:00Z,TRAIN,1,data/interim/gridsat/2006/gridsat_2006.04.25.12.npz,True,NIO_2006_UNNAMED_2_2_1,AVAILABLE,PENDING
2006-04-25T15:00:00Z,TRAIN,1,data/interim/gridsat/2006/gridsat_2006.04.25.15.npz,True,NIO_2006_UNNAMED_2_2_1,AVAILABLE,PENDING
2006-04-25T18:00:00Z,TRAIN,1,data/interim/gridsat/2006/gridsat_2006.04.25.18.npz,True,NIO_2006_UNNAMED_2_2_1,AVAILABLE,PENDING
2006-04-25T21:00:00Z,TRAIN,1,data/interim/gridsat/2006/gridsat_2006.04.25.21.npz,True,NIO_2006_UNNAMED_2_2_1,AVAILABLE,PENDING
2006-04-26T00:00:00Z,TRAIN,1,data/interim/gridsat/2006/gridsat_2006.04.26.00.npz,True,NIO_2006_UNNAMED_2_2_1,AVAILABLE,PENDING
2006-04-26T03:00:00Z,TRAIN,1,data/interim/gridsat/2006/gridsat_2006.04.26.03.npz,True,NIO_2006_UNNAMED_2_2_1,AVAILABLE,PENDING
2006-04-26T06:00:00Z,TRAIN,1,data/interim/gridsat/2006/gridsat_2006.04.26.06.npz,True,NIO_2006_UNNAMED_2_2_1,AVAILABLE,PENDING
2006-04-26T09:00:00Z,TRAIN,1,data/interim/gridsat/2006/gridsat_2006.04.26.09.npz,True,NIO_2006_UNNAMED_2_2_1,AVAILABLE,PENDING
2006-04-26T12:00:00Z,TRAIN,1,data/interim/gridsat/2006/gridsat_2006.04.26.12.npz,True,NIO_2006_UNNAMED_2_2_1,AVAILABLE,PENDING
2006-04-26T15:00:00Z,TRAIN,1,data/interim/gridsat/2006/gridsat_2006.04.26.15.npz,True,NIO_2006_UNNAMED_2_2_1,AVAILABLE,PENDING
2006-04-26T18:00:00Z,TRAIN,1,data/interim/gridsat/2006/gridsat_2006.04.26.18.npz,True,NIO_2006_UNNAMED_2_2_1,AVAILABLE,PENDING
2006-04-26T21:00:00Z,TRAIN,1,data/interim/gridsat/2006/gridsat_2006.04.26.21.npz,True,NIO_2006_UNNAMED_2_2_1,AVAILABLE,PENDING
2006-04-27T00:00:00Z,TRAIN,1,data/interim/gridsat/2006/gridsat_2006.04.27.00.npz,True,NIO_2006_UNNAMED_2_2_1,AVAILABLE,PENDING
2006-04-27T03:00:00Z,TRAIN,1,data/interim/gridsat/2006/gridsat_2006.04.27.03.npz,True,NIO_2006_UNNAMED_2_2_1,AVAILABLE,PENDING
2006-04-27T06:00:00Z,TRAIN,1,data/interim/gridsat/2006/gridsat_2006.04.27.06.npz,True,NIO_2006_UNNAMED_2_2_1,AVAILABLE,PENDING
2006-04-27T09:00:00Z,TRAIN,1,data/interim/gridsat/2006/gridsat_2006.04.27.09.npz,True,NIO_2006_UNNAMED_2_2_1,AVAILABLE,PENDING
2006-04-27T12:00:00Z,TRAIN,1,data/interim/gridsat/2006/gridsat_2006.04.27.12.npz,True,NIO_2006_UNNAMED_2_2_1,AVAILABLE,PENDING
2006-04-27T15:00:00Z,TRAIN,1,data/interim/gridsat/2006/gridsat_2006.04.27.15.npz,True,NIO_2006_UNNAMED_2_2_1,AVAILABLE,PENDING
2006-04-27T18:00:00Z,TRAIN,1,data/interim/gridsat/2006/gridsat_2006.04.27.18.npz,True,NIO_2006_UNNAMED_2_2_1,AVAILABLE,PENDING
2006-07-01T09:00:00Z,TRAIN,1,data/interim/gridsat/2006/gridsat_2006.07.01.09.npz,False,NIO_2006_UNNAMED_2_2_3,AVAILABLE,PENDING
2006-07-01T12:00:00Z,TRAIN,1,data/interim/gridsat/2006/gridsat_2006.07.01.12.npz,False,NIO_2006_UNNAMED_2_2_3,AVAILABLE,PENDING
2006-07-01T15:00:00Z,TRAIN,1,data/interim/gridsat/2006/gridsat_2006.07.01.15.npz,False,NIO_2006_UNNAMED_2_2_3,AVAILABLE,PENDING
2006-07-01T18:00:00Z,TRAIN,1,data/interim/gridsat/2006/gridsat_2006.07.01.18.npz,False,NIO_2006_UNNAMED_2_2_3,AVAILABLE,PENDING
2006-07-01T21:00:00Z,TRAIN,1,data/interim/gridsat/2006/gridsat_2006.07.01.21.npz,False,NIO_2006_UNNAMED_2_2_3,AVAILABLE,PENDING
2006-07-02T00:00:00Z,TRAIN,1,data/interim/gridsat/2006/gridsat_2006.07.02.00.npz,True,NIO_2006_UNNAMED_2_2_3,AVAILABLE,PENDING
2006-07-02T03:00:00Z,TRAIN,1,data/interim/gridsat/2006/gridsat_2006.07.02.03.npz,True,NIO_2006_UNNAMED_2_2_3,AVAILABLE,PENDING
2006-07-02T06:00:00Z,TRAIN,1,data/interim/gridsat/2006/gridsat_2006.07.02.06.npz,True,NIO_2006_UNNAMED_2_2_3,AVAILABLE,PENDING
2006-07-02T09:00:00Z,TRAIN,1,data/interim/gridsat/2006/gridsat_2006.07.02.09.npz,True,NIO_2006_UNNAMED_2_2_3,AVAILABLE,PENDING
2006-07-02T12:00:00Z,TRAIN,1,data/interim/gridsat/2006/gridsat_2006.07.02.12.npz,True,NIO_2006_UNNAMED_2_2_3,AVAILABLE,PENDING
2006-07-02T15:00:00Z,TRAIN,1,data/interim/gridsat/2006/gridsat_2006.07.02.15.npz,True,NIO_2006_UNNAMED_2_2_3,AVAILABLE,PENDING
2006-07-02T18:00:00Z,TRAIN,1,data/interim/gridsat/2006/gridsat_2006.07.02.18.npz,True,NIO_2006_UNNAMED_2_2_3,AVAILABLE,PENDING
2006-07-02T21:00:00Z,TRAIN,1,data/interim/gridsat/2006/gridsat_2006.07.02.21.npz,True,NIO_2006_UNNAMED_2_2_3,AVAILABLE,PENDING
2006-07-03T00:00:00Z,TRAIN,1,data/interim/gridsat/2006/gridsat_2006.07.03.00.npz,True,NIO_2006_UNNAMED_2_2_3,AVAILABLE,PENDING
2006-07-03T03:00:00Z,TRAIN,1,data/interim/gridsat/2006/gridsat_2006.07.03.03.npz,True,NIO_2006_UNNAMED_2_2_3,AVAILABLE,PENDING
2006-07-03T06:00:00Z,TRAIN,1,data/interim/gridsat/2006/gridsat_2006.07.03.06.npz,True,NIO_2006_UNNAMED_2_2_3,AVAILABLE,PENDING
2006-08-01T18:00:00Z,TRAIN,1,data/interim/gridsat/2006/gridsat_2006.08.01.18.npz,False,NIO_2006_UNNAMED_2_4_1,AVAILABLE,PENDING
2006-08-01T21:00:00Z,TRAIN,1,data/interim/gridsat/2006/gridsat_2006.08.01.21.npz,False,NIO_2006_UNNAMED_2_4_1,AVAILABLE,PENDING
2006-08-02T00:00:00Z,TRAIN,1,data/interim/gridsat/2006/gridsat_2006.08.02.00.npz,False,NIO_2006_UNNAMED_2_4_1,AVAILABLE,PENDING
2006-08-02T03:00:00Z,TRAIN,1,data/interim/gridsat/2006/gridsat_2006.08.02.03.npz,False,NIO_2006_UNNAMED_2_4_1,AVAILABLE,PENDING
2006-08-02T06:00:00Z,TRAIN,1,data/interim/gridsat/2006/gridsat_2006.08.02.06.npz,False,NIO_2006_UNNAMED_2_4_1,AVAILABLE,PENDING
2006-08-02T09:00:00Z,TRAIN,1,data/interim/gridsat/2006/gridsat_2006.08.02.09.npz,True,NIO_2006_UNNAMED_2_4_1,AVAILABLE,PENDING
2006-08-15T12:00:00Z,TRAIN,1,data/interim/gridsat/2006/gridsat_2006.08.15.12.npz,False,NIO_2006_UNNAMED_2_6_1,AVAILABLE,PENDING
2006-08-15T15:00:00Z,TRAIN,1,data/interim/gridsat/2006/gridsat_2006.08.15.15.npz,False,NIO_2006_UNNAMED_2_6_1,AVAILABLE,PENDING
2006-08-15T18:00:00Z,TRAIN,1,data/interim/gridsat/2006/gridsat_2006.08.15.18.npz,False,NIO_2006_UNNAMED_2_6_1,AVAILABLE,PENDING
2006-08-15T21:00:00Z,TRAIN,1,data/interim/gridsat/2006/gridsat_2006.08.15.21.npz,False,NIO_2006_UNNAMED_2_6_1,AVAILABLE,PENDING
2006-08-16T00:00:00Z,TRAIN,1,data/interim/gridsat/2006/gridsat_2006.08.16.00.npz,False,NIO_2006_UNNAMED_2_6_1,AVAILABLE,PENDING
2006-08-16T03:00:00Z,TRAIN,1,data/interim/gridsat/2006/gridsat_2006.08.16.03.npz,True,NIO_2006_UNNAMED_2_6_1,AVAILABLE,PENDING
2006-08-16T06:00:00Z,TRAIN,1,data/interim/gridsat/2006/gridsat_2006.08.16.06.npz,True,NIO_2006_UNNAMED_2_6_1,AVAILABLE,PENDING
2006-08-16T09:00:00Z,TRAIN,1,data/interim/gridsat/2006/gridsat_2006.08.16.09.npz,True,NIO_2006_UNNAMED_2_6_1,AVAILABLE,PENDING
2006-08-28T12:00:00Z,TRAIN,1,data/interim/gridsat/2006/gridsat_2006.08.28.12.npz,False,NIO_2006_UNNAMED_2_2_7,AVAILABLE,PENDING
2006-08-28T15:00:00Z,TRAIN,1,data/interim/gridsat/2006/gridsat_2006.08.28.15.npz,False,NIO_2006_UNNAMED_2_2_7,AVAILABLE,PENDING
2006-08-28T18:00:00Z,TRAIN,1,data/interim/gridsat/2006/gridsat_2006.08.28.18.npz,False,NIO_2006_UNNAMED_2_2_7,AVAILABLE,PENDING
2006-08-28T21:00:00Z,TRAIN,1,data/interim/gridsat/2006/gridsat_2006.08.28.21.npz,False,NIO_2006_UNNAMED_2_2_7,AVAILABLE,PENDING
2006-08-29T00:00:00Z,TRAIN,1,data/interim/gridsat/2006/gridsat_2006.08.29.00.npz,False,NIO_2006_UNNAMED_2_2_7,AVAILABLE,PENDING
2006-08-29T03:00:00Z,TRAIN,1,data/interim/gridsat/2006/gridsat_2006.08.29.03.npz,True,NIO_2006_UNNAMED_2_2_7,AVAILABLE,PENDING
2006-08-29T06:00:00Z,TRAIN,1,data/interim/gridsat/2006/gridsat_2006.08.29.06.npz,True,NIO_2006_UNNAMED_2_2_7,AVAILABLE,PENDING
2006-08-29T09:00:00Z,TRAIN,1,data/interim/gridsat/2006/gridsat_2006.08.29.09.npz,True,NIO_2006_UNNAMED_2_2_7,AVAILABLE,PENDING
2006-08-29T12:00:00Z,TRAIN,1,data/interim/gridsat/2006/gridsat_2006.08.29.12.npz,True,NIO_2006_UNNAMED_2_2_7,AVAILABLE,PENDING
2006-08-29T15:00:00Z,TRAIN,1,data/interim/gridsat/2006/gridsat_2006.08.29.15.npz,True,NIO_2006_UNNAMED_2_2_7,AVAILABLE,PENDING
2006-08-29T18:00:00Z,TRAIN,1,data/interim/gridsat/2006/gridsat_2006.08.29.18.npz,True,NIO_2006_UNNAMED_2_2_7,AVAILABLE,PENDING
2006-08-29T21:00:00Z,TRAIN,1,data/interim/gridsat/2006/gridsat_2006.08.29.21.npz,True,NIO_2006_UNNAMED_2_2_7,AVAILABLE,PENDING
2006-08-30T00:00:00Z,TRAIN,1,data/interim/gridsat/2006/gridsat_2006.08.30.00.npz,True,NIO_2006_UNNAMED_2_2_7,AVAILABLE,PENDING
2006-08-30T03:00:00Z,TRAIN,1,data/interim/gridsat/2006/gridsat_2006.08.30.03.npz,True,NIO_2006_UNNAMED_2_2_7,AVAILABLE,PENDING
2006-08-30T06:00:00Z,TRAIN,1,data/interim/gridsat/2006/gridsat_2006.08.30.06.npz,True,NIO_2006_UNNAMED_2_2_7,AVAILABLE,PENDING
2006-09-20T12:00:00Z,TRAIN,1,data/interim/gridsat/2006/gridsat_2006.09.20.12.npz,False,NIO_2006_UNNAMED_2_10_1;NIO_2006_UNNAMED_2_9_1,AVAILABLE,PENDING
2006-09-20T15:00:00Z,TRAIN,1,data/interim/gridsat/2006/gridsat_2006.09.20.15.npz,False,NIO_2006_UNNAMED_2_10_1;NIO_2006_UNNAMED_2_9_1,AVAILABLE,PENDING
2006-09-20T18:00:00Z,TRAIN,1,data/interim/gridsat/2006/gridsat_2006.09.20.18.npz,False,NIO_2006_UNNAMED_2_10_1;NIO_2006_UNNAMED_2_9_1,AVAILABLE,PENDING
2006-09-20T21:00:00Z,TRAIN,1,data/interim/gridsat/2006/gridsat_2006.09.20.21.npz,False,NIO_2006_UNNAMED_2_10_1;NIO_2006_UNNAMED_2_9_1,AVAILABLE,PENDING
2006-09-21T00:00:00Z,TRAIN,1,data/interim/gridsat/2006/gridsat_2006.09.21.00.npz,False,NIO_2006_UNNAMED_2_10_1;NIO_2006_UNNAMED_2_9_1,AVAILABLE,PENDING
2006-09-21T03:00:00Z,TRAIN,1,data/interim/gridsat/2006/gridsat_2006.09.21.03.npz,True,NIO_2006_UNNAMED_2_10_1;NIO_2006_UNNAMED_2_9_1,AVAILABLE,PENDING
2006-09-21T06:00:00Z,TRAIN,1,data/interim/gridsat/2006/gridsat_2006.09.21.06.npz,True,NIO_2006_UNNAMED_2_10_1;NIO_2006_UNNAMED_2_9_1,AVAILABLE,PENDING
2006-09-21T09:00:00Z,TRAIN,1,data/interim/gridsat/2006/gridsat_2006.09.21.09.npz,True,NIO_2006_UNNAMED_2_10_1;NIO_2006_UNNAMED_2_9_1,AVAILABLE,PENDING
2006-09-21T12:00:00Z,TRAIN,1,data/interim/gridsat/2006/gridsat_2006.09.21.12.npz,True,NIO_2006_UNNAMED_2_10_1;NIO_2006_UNNAMED_2_9_1,AVAILABLE,PENDING
2006-09-21T15:00:00Z,TRAIN,1,data/interim/gridsat/2006/gridsat_2006.09.21.15.npz,True,NIO_2006_UNNAMED_2_10_1;NIO_2006_UNNAMED_2_9_1,AVAILABLE,PENDING
2006-09-21T18:00:00Z,TRAIN,1,data/interim/gridsat/2006/gridsat_2006.09.21.18.npz,True,NIO_2006_UNNAMED_2_10_1;NIO_2006_UNNAMED_2_9_1,AVAILABLE,PENDING
2006-09-21T21:00:00Z,TRAIN,1,data/interim/gridsat/2006/gridsat_2006.09.21.21.npz,True,NIO_2006_UNNAMED_2_10_1;NIO_2006_UNNAMED_2_9_1,AVAILABLE,PENDING
2006-09-22T00:00:00Z,TRAIN,1,data/interim/gridsat/2006/gridsat_2006.09.22.00.npz,True,NIO_2006_UNNAMED_2_10_1;NIO_2006_UNNAMED_2_9_1,AVAILABLE,PENDING
2006-09-22T03:00:00Z,TRAIN,1,data/interim/gridsat/2006/gridsat_2006.09.22.03.npz,True,NIO_2006_UNNAMED_2_10_1,AVAILABLE,PENDING
2006-09-22T06:00:00Z,TRAIN,1,data/interim/gridsat/2006/gridsat_2006.09.22.06.npz,True,NIO_2006_UNNAMED_2_10_1,AVAILABLE,PENDING
2006-09-22T09:00:00Z,TRAIN,1,data/interim/gridsat/2006/gridsat_2006.09.22.09.npz,True,NIO_2006_UNNAMED_2_10_1,AVAILABLE,PENDING
2006-09-22T12:00:00Z,TRAIN,1,data/interim/gridsat/2006/gridsat_2006.09.22.12.npz,True,NIO_2006_UNNAMED_2_10_1,AVAILABLE,PENDING
2007-06-01T06:00:00Z,TRAIN,1,data/interim/gridsat/2007/gridsat_2007.06.01.06.npz,False,NIO_2007_UNNAMED_2_3_1,AVAILABLE,PENDING
2007-06-01T09:00:00Z,TRAIN,1,data/interim/gridsat/2007/gridsat_2007.06.01.09.npz,False,NIO_2007_UNNAMED_2_3_1,AVAILABLE,PENDING
2007-06-01T12:00:00Z,TRAIN,1,data/interim/gridsat/2007/gridsat_2007.06.01.12.npz,False,NIO_2007_UNNAMED_2_3_1,AVAILABLE,PENDING
2007-06-01T15:00:00Z,TRAIN,1,data/interim/gridsat/2007/gridsat_2007.06.01.15.npz,False,NIO_2007_UNNAMED_2_3_1,AVAILABLE,PENDING
2007-06-01T18:00:00Z,TRAIN,1,data/interim/gridsat/2007/gridsat_2007.06.01.18.npz,False,NIO_2007_UNNAMED_2_3_1,AVAILABLE,PENDING
2007-06-01T21:00:00Z,TRAIN,1,data/interim/gridsat/2007/gridsat_2007.06.01.21.npz,True,NIO_2007_UNNAMED_2_3_1,AVAILABLE,PENDING
2007-06-02T00:00:00Z,TRAIN,1,data/interim/gridsat/2007/gridsat_2007.06.02.00.npz,True,NIO_2007_UNNAMED_2_3_1,AVAILABLE,PENDING
2007-06-02T03:00:00Z,TRAIN,1,data/interim/gridsat/2007/gridsat_2007.06.02.03.npz,True,NIO_2007_UNNAMED_2_3_1,AVAILABLE,PENDING
2007-06-02T06:00:00Z,TRAIN,1,data/interim/gridsat/2007/gridsat_2007.06.02.06.npz,False,NIO_2007_UNNAMED_2_3_1,AVAILABLE,PENDING
2007-06-02T09:00:00Z,TRAIN,1,data/interim/gridsat/2007/gridsat_2007.06.02.09.npz,True,NIO_2007_UNNAMED_2_3_1,AVAILABLE,PENDING
2007-06-02T12:00:00Z,TRAIN,1,data/interim/gridsat/2007/gridsat_2007.06.02.12.npz,True,NIO_2007_UNNAMED_2_3_1,AVAILABLE,PENDING
2007-06-02T15:00:00Z,TRAIN,1,data/interim/gridsat/2007/gridsat_2007.06.02.15.npz,True,NIO_2007_UNNAMED_2_3_1,AVAILABLE,PENDING
2007-06-02T18:00:00Z,TRAIN,1,data/interim/gridsat/2007/gridsat_2007.06.02.18.npz,True,NIO_2007_UNNAMED_2_3_1,AVAILABLE,PENDING
2007-06-02T21:00:00Z,TRAIN,1,data/interim/gridsat/2007/gridsat_2007.06.02.21.npz,True,NIO_2007_UNNAMED_2_3_1,AVAILABLE,PENDING
2007-06-03T00:00:00Z,TRAIN,1,data/interim/gridsat/2007/gridsat_2007.06.03.00.npz,True,NIO_2007_UNNAMED_2_3_1,AVAILABLE,PENDING
2007-06-03T03:00:00Z,TRAIN,1,data/interim/gridsat/2007/gridsat_2007.06.03.03.npz,True,NIO_2007_UNNAMED_2_3_1,AVAILABLE,PENDING
2007-06-03T06:00:00Z,TRAIN,1,data/interim/gridsat/2007/gridsat_2007.06.03.06.npz,True,NIO_2007_UNNAMED_2_3_1,AVAILABLE,PENDING
2007-06-03T09:00:00Z,TRAIN,1,data/interim/gridsat/2007/gridsat_2007.06.03.09.npz,True,NIO_2007_UNNAMED_2_3_1,AVAILABLE,PENDING
2007-06-03T12:00:00Z,TRAIN,1,data/interim/gridsat/2007/gridsat_2007.06.03.12.npz,True,NIO_2007_UNNAMED_2_3_1,AVAILABLE,PENDING
2007-06-03T15:00:00Z,TRAIN,1,data/interim/gridsat/2007/gridsat_2007.06.03.15.npz,True,NIO_2007_UNNAMED_2_3_1,AVAILABLE,PENDING
2007-06-03T18:00:00Z,TRAIN,1,data/interim/gridsat/2007/gridsat_2007.06.03.18.npz,True,NIO_2007_UNNAMED_2_3_1,AVAILABLE,PENDING
2007-06-03T21:00:00Z,TRAIN,1,data/interim/gridsat/2007/gridsat_2007.06.03.21.npz,True,NIO_2007_UNNAMED_2_3_1,AVAILABLE,PENDING
2007-06-04T00:00:00Z,TRAIN,1,data/interim/gridsat/2007/gridsat_2007.06.04.00.npz,True,NIO_2007_UNNAMED_2_3_1,AVAILABLE,PENDING
2007-06-04T03:00:00Z,TRAIN,1,data/interim/gridsat/2007/gridsat_2007.06.04.03.npz,True,NIO_2007_UNNAMED_2_3_1,AVAILABLE,PENDING
2007-06-04T06:00:00Z,TRAIN,1,data/interim/gridsat/2007/gridsat_2007.06.04.06.npz,True,NIO_2007_UNNAMED_2_3_1,AVAILABLE,PENDING
2007-06-04T09:00:00Z,TRAIN,1,data/interim/gridsat/2007/gridsat_2007.06.04.09.npz,True,NIO_2007_UNNAMED_2_3_1,AVAILABLE,PENDING
2007-06-04T12:00:00Z,TRAIN,1,data/interim/gridsat/2007/gridsat_2007.06.04.12.npz,True,NIO_2007_UNNAMED_2_3_1,AVAILABLE,PENDING
2007-06-04T15:00:00Z,TRAIN,1,data/interim/gridsat/2007/gridsat_2007.06.04.15.npz,True,NIO_2007_UNNAMED_2_3_1,AVAILABLE,PENDING
2007-06-04T18:00:00Z,TRAIN,1,data/interim/gridsat/2007/gridsat_2007.06.04.18.npz,True,NIO_2007_UNNAMED_2_3_1,AVAILABLE,PENDING
2007-06-04T21:00:00Z,TRAIN,1,data/interim/gridsat/2007/gridsat_2007.06.04.21.npz,True,NIO_2007_UNNAMED_2_3_1,AVAILABLE,PENDING
2007-06-05T00:00:00Z,TRAIN,1,data/interim/gridsat/2007/gridsat_2007.06.05.00.npz,True,NIO_2007_UNNAMED_2_3_1,AVAILABLE,PENDING
2007-06-05T03:00:00Z,TRAIN,1,data/interim/gridsat/2007/gridsat_2007.06.05.03.npz,True,NIO_2007_UNNAMED_2_3_1,AVAILABLE,PENDING
2007-06-20T12:00:00Z,TRAIN,1,data/interim/gridsat/2007/gridsat_2007.06.20.12.npz,False,NIO_2007_UNNAMED_05,AVAILABLE,PENDING
2007-06-20T15:00:00Z,TRAIN,1,data/interim/gridsat/2007/gridsat_2007.06.20.15.npz,False,NIO_2007_UNNAMED_05,AVAILABLE,PENDING
2007-06-20T18:00:00Z,TRAIN,1,data/interim/gridsat/2007/gridsat_2007.06.20.18.npz,False,NIO_2007_UNNAMED_05,AVAILABLE,PENDING
2007-06-20T21:00:00Z,TRAIN,1,data/interim/gridsat/2007/gridsat_2007.06.20.21.npz,False,NIO_2007_UNNAMED_05,AVAILABLE,PENDING
2007-06-21T00:00:00Z,TRAIN,1,data/interim/gridsat/2007/gridsat_2007.06.21.00.npz,False,NIO_2007_UNNAMED_05,AVAILABLE,PENDING
2007-06-21T03:00:00Z,TRAIN,1,data/interim/gridsat/2007/gridsat_2007.06.21.03.npz,True,NIO_2007_UNNAMED_05,AVAILABLE,PENDING
2007-06-21T06:00:00Z,TRAIN,1,data/interim/gridsat/2007/gridsat_2007.06.21.06.npz,True,NIO_2007_UNNAMED_05,AVAILABLE,PENDING
2007-06-21T09:00:00Z,TRAIN,1,data/interim/gridsat/2007/gridsat_2007.06.21.09.npz,True,NIO_2007_UNNAMED_05,AVAILABLE,PENDING
2007-06-27T09:00:00Z,TRAIN,1,data/interim/gridsat/2007/gridsat_2007.06.27.09.npz,False,NIO_2007_UNNAMED_2_6_1,AVAILABLE,PENDING
2007-06-27T12:00:00Z,TRAIN,1,data/interim/gridsat/2007/gridsat_2007.06.27.12.npz,False,NIO_2007_UNNAMED_2_6_1,AVAILABLE,PENDING
2007-06-27T15:00:00Z,TRAIN,1,data/interim/gridsat/2007/gridsat_2007.06.27.15.npz,False,NIO_2007_UNNAMED_2_6_1,AVAILABLE,PENDING
2007-06-27T18:00:00Z,TRAIN,1,data/interim/gridsat/2007/gridsat_2007.06.27.18.npz,False,NIO_2007_UNNAMED_2_6_1,AVAILABLE,PENDING
2007-06-27T21:00:00Z,TRAIN,1,data/interim/gridsat/2007/gridsat_2007.06.27.21.npz,False,NIO_2007_UNNAMED_2_6_1,AVAILABLE,PENDING
2007-06-28T00:00:00Z,TRAIN,1,data/interim/gridsat/2007/gridsat_2007.06.28.00.npz,True,NIO_2007_UNNAMED_2_6_1,AVAILABLE,PENDING
2007-06-28T03:00:00Z,TRAIN,1,data/interim/gridsat/2007/gridsat_2007.06.28.03.npz,True,NIO_2007_UNNAMED_2_6_1,AVAILABLE,PENDING
2007-06-28T06:00:00Z,TRAIN,1,data/interim/gridsat/2007/gridsat_2007.06.28.06.npz,True,NIO_2007_UNNAMED_2_6_1,AVAILABLE,PENDING
2007-06-28T09:00:00Z,TRAIN,1,data/interim/gridsat/2007/gridsat_2007.06.28.09.npz,True,NIO_2007_UNNAMED_2_6_1,AVAILABLE,PENDING
2007-06-28T12:00:00Z,TRAIN,1,data/interim/gridsat/2007/gridsat_2007.06.28.12.npz,True,NIO_2007_UNNAMED_2_6_1,AVAILABLE,PENDING
2007-07-03T12:00:00Z,TRAIN,1,data/interim/gridsat/2007/gridsat_2007.07.03.12.npz,False,NIO_2007_UNNAMED_08,AVAILABLE,PENDING
2007-07-03T15:00:00Z,TRAIN,1,data/interim/gridsat/2007/gridsat_2007.07.03.15.npz,False,NIO_2007_UNNAMED_08,AVAILABLE,PENDING
2007-07-03T18:00:00Z,TRAIN,1,data/interim/gridsat/2007/gridsat_2007.07.03.18.npz,False,NIO_2007_UNNAMED_08,AVAILABLE,PENDING
2007-07-03T21:00:00Z,TRAIN,1,data/interim/gridsat/2007/gridsat_2007.07.03.21.npz,False,NIO_2007_UNNAMED_08,AVAILABLE,PENDING
2007-07-04T00:00:00Z,TRAIN,1,data/interim/gridsat/2007/gridsat_2007.07.04.00.npz,False,NIO_2007_UNNAMED_08,AVAILABLE,PENDING
2007-07-04T03:00:00Z,TRAIN,1,data/interim/gridsat/2007/gridsat_2007.07.04.03.npz,True,NIO_2007_UNNAMED_08,AVAILABLE,PENDING
2007-07-04T06:00:00Z,TRAIN,1,data/interim/gridsat/2007/gridsat_2007.07.04.06.npz,True,NIO_2007_UNNAMED_08,AVAILABLE,PENDING
2007-07-04T09:00:00Z,TRAIN,1,data/interim/gridsat/2007/gridsat_2007.07.04.09.npz,True,NIO_2007_UNNAMED_08,AVAILABLE,PENDING
2007-07-04T12:00:00Z,TRAIN,1,data/interim/gridsat/2007/gridsat_2007.07.04.12.npz,True,NIO_2007_UNNAMED_08,AVAILABLE,PENDING
2007-07-04T15:00:00Z,TRAIN,1,data/interim/gridsat/2007/gridsat_2007.07.04.15.npz,True,NIO_2007_UNNAMED_08,AVAILABLE,PENDING
2007-07-04T18:00:00Z,TRAIN,1,data/interim/gridsat/2007/gridsat_2007.07.04.18.npz,True,NIO_2007_UNNAMED_08,AVAILABLE,PENDING
2007-07-04T21:00:00Z,TRAIN,1,data/interim/gridsat/2007/gridsat_2007.07.04.21.npz,True,NIO_2007_UNNAMED_08,AVAILABLE,PENDING
2007-07-05T00:00:00Z,TRAIN,1,data/interim/gridsat/2007/gridsat_2007.07.05.00.npz,True,NIO_2007_UNNAMED_08,AVAILABLE,PENDING
2007-07-05T03:00:00Z,TRAIN,1,data/interim/gridsat/2007/gridsat_2007.07.05.03.npz,True,NIO_2007_UNNAMED_08,AVAILABLE,PENDING
2007-07-05T06:00:00Z,TRAIN,1,data/interim/gridsat/2007/gridsat_2007.07.05.06.npz,True,NIO_2007_UNNAMED_08,AVAILABLE,PENDING
2007-07-05T09:00:00Z,TRAIN,1,data/interim/gridsat/2007/gridsat_2007.07.05.09.npz,True,NIO_2007_UNNAMED_08,AVAILABLE,PENDING
2007-07-05T12:00:00Z,TRAIN,1,data/interim/gridsat/2007/gridsat_2007.07.05.12.npz,True,NIO_2007_UNNAMED_08,AVAILABLE,PENDING
2007-07-05T15:00:00Z,TRAIN,1,data/interim/gridsat/2007/gridsat_2007.07.05.15.npz,True,NIO_2007_UNNAMED_08,AVAILABLE,PENDING
2007-07-05T18:00:00Z,TRAIN,1,data/interim/gridsat/2007/gridsat_2007.07.05.18.npz,True,NIO_2007_UNNAMED_08,AVAILABLE,PENDING
2007-07-05T21:00:00Z,TRAIN,1,data/interim/gridsat/2007/gridsat_2007.07.05.21.npz,True,NIO_2007_UNNAMED_08,AVAILABLE,PENDING
2007-07-06T00:00:00Z,TRAIN,1,data/interim/gridsat/2007/gridsat_2007.07.06.00.npz,True,NIO_2007_UNNAMED_08,AVAILABLE,PENDING
2007-07-06T03:00:00Z,TRAIN,1,data/interim/gridsat/2007/gridsat_2007.07.06.03.npz,True,NIO_2007_UNNAMED_08,AVAILABLE,PENDING
2007-07-06T06:00:00Z,TRAIN,1,data/interim/gridsat/2007/gridsat_2007.07.06.06.npz,True,NIO_2007_UNNAMED_08,AVAILABLE,PENDING
2007-07-06T09:00:00Z,TRAIN,1,data/interim/gridsat/2007/gridsat_2007.07.06.09.npz,True,NIO_2007_UNNAMED_08,AVAILABLE,PENDING
2007-07-06T12:00:00Z,TRAIN,1,data/interim/gridsat/2007/gridsat_2007.07.06.12.npz,True,NIO_2007_UNNAMED_08,AVAILABLE,PENDING
2007-07-06T15:00:00Z,TRAIN,1,data/interim/gridsat/2007/gridsat_2007.07.06.15.npz,True,NIO_2007_UNNAMED_08,AVAILABLE,PENDING
2007-07-06T18:00:00Z,TRAIN,1,data/interim/gridsat/2007/gridsat_2007.07.06.18.npz,True,NIO_2007_UNNAMED_08,AVAILABLE,PENDING
2007-07-06T21:00:00Z,TRAIN,1,data/interim/gridsat/2007/gridsat_2007.07.06.21.npz,True,NIO_2007_UNNAMED_08,AVAILABLE,PENDING
2007-07-07T00:00:00Z,TRAIN,1,data/interim/gridsat/2007/gridsat_2007.07.07.00.npz,True,NIO_2007_UNNAMED_08,AVAILABLE,PENDING
2007-07-07T03:00:00Z,TRAIN,1,data/interim/gridsat/2007/gridsat_2007.07.07.03.npz,True,NIO_2007_UNNAMED_08,AVAILABLE,PENDING
2007-07-07T06:00:00Z,TRAIN,1,data/interim/gridsat/2007/gridsat_2007.07.07.06.npz,True,NIO_2007_UNNAMED_08,AVAILABLE,PENDING
2007-07-07T09:00:00Z,TRAIN,1,data/interim/gridsat/2007/gridsat_2007.07.07.09.npz,True,NIO_2007_UNNAMED_08,AVAILABLE,PENDING
2007-08-04T09:00:00Z,TRAIN,1,data/interim/gridsat/2007/gridsat_2007.08.04.09.npz,False,NIO_2007_UNNAMED_09,AVAILABLE,PENDING
2007-08-04T12:00:00Z,TRAIN,1,data/interim/gridsat/2007/gridsat_2007.08.04.12.npz,False,NIO_2007_UNNAMED_09,AVAILABLE,PENDING
2007-08-04T15:00:00Z,TRAIN,1,data/interim/gridsat/2007/gridsat_2007.08.04.15.npz,False,NIO_2007_UNNAMED_09,AVAILABLE,PENDING
2007-08-04T18:00:00Z,TRAIN,1,data/interim/gridsat/2007/gridsat_2007.08.04.18.npz,False,NIO_2007_UNNAMED_09,AVAILABLE,PENDING
2007-08-04T21:00:00Z,TRAIN,1,data/interim/gridsat/2007/gridsat_2007.08.04.21.npz,False,NIO_2007_UNNAMED_09,AVAILABLE,PENDING
2007-08-05T00:00:00Z,TRAIN,1,data/interim/gridsat/2007/gridsat_2007.08.05.00.npz,True,NIO_2007_UNNAMED_09,AVAILABLE,PENDING
2007-08-05T03:00:00Z,TRAIN,1,data/interim/gridsat/2007/gridsat_2007.08.05.03.npz,True,NIO_2007_UNNAMED_09,AVAILABLE,PENDING
2007-08-05T06:00:00Z,TRAIN,1,data/interim/gridsat/2007/gridsat_2007.08.05.06.npz,True,NIO_2007_UNNAMED_09,AVAILABLE,PENDING
2007-08-05T09:00:00Z,TRAIN,1,data/interim/gridsat/2007/gridsat_2007.08.05.09.npz,True,NIO_2007_UNNAMED_09,AVAILABLE,PENDING
2007-09-20T21:00:00Z,TRAIN,1,data/interim/gridsat/2007/gridsat_2007.09.20.21.npz,False,NIO_2007_UNNAMED_10,AVAILABLE,PENDING
2007-09-21T00:00:00Z,TRAIN,1,data/interim/gridsat/2007/gridsat_2007.09.21.00.npz,False,NIO_2007_UNNAMED_10,AVAILABLE,PENDING
2007-09-21T03:00:00Z,TRAIN,1,data/interim/gridsat/2007/gridsat_2007.09.21.03.npz,False,NIO_2007_UNNAMED_10,AVAILABLE,PENDING
2007-09-21T06:00:00Z,TRAIN,1,data/interim/gridsat/2007/gridsat_2007.09.21.06.npz,False,NIO_2007_UNNAMED_10,AVAILABLE,PENDING
2007-09-21T09:00:00Z,TRAIN,1,data/interim/gridsat/2007/gridsat_2007.09.21.09.npz,False,NIO_2007_UNNAMED_10,AVAILABLE,PENDING
2007-09-21T12:00:00Z,TRAIN,1,data/interim/gridsat/2007/gridsat_2007.09.21.12.npz,True,NIO_2007_UNNAMED_10,AVAILABLE,PENDING
2007-09-21T15:00:00Z,TRAIN,1,data/interim/gridsat/2007/gridsat_2007.09.21.15.npz,True,NIO_2007_UNNAMED_10,AVAILABLE,PENDING
2007-09-21T18:00:00Z,TRAIN,1,data/interim/gridsat/2007/gridsat_2007.09.21.18.npz,True,NIO_2007_UNNAMED_10,AVAILABLE,PENDING
2007-09-21T21:00:00Z,TRAIN,1,data/interim/gridsat/2007/gridsat_2007.09.21.21.npz,True,NIO_2007_UNNAMED_10,AVAILABLE,PENDING
2007-09-22T00:00:00Z,TRAIN,1,data/interim/gridsat/2007/gridsat_2007.09.22.00.npz,True,NIO_2007_UNNAMED_10,AVAILABLE,PENDING
2007-09-22T03:00:00Z,TRAIN,1,data/interim/gridsat/2007/gridsat_2007.09.22.03.npz,True,NIO_2007_UNNAMED_10,AVAILABLE,PENDING
2007-09-22T06:00:00Z,TRAIN,1,data/interim/gridsat/2007/gridsat_2007.09.22.06.npz,True,NIO_2007_UNNAMED_10,AVAILABLE,PENDING
2007-09-22T09:00:00Z,TRAIN,1,data/interim/gridsat/2007/gridsat_2007.09.22.09.npz,True,NIO_2007_UNNAMED_10,AVAILABLE,PENDING
2007-10-29T09:00:00Z,TRAIN,1,data/interim/gridsat/2007/gridsat_2007.10.29.09.npz,False,NIO_2007_UNNAMED_2_11_1,AVAILABLE,PENDING
2007-10-29T12:00:00Z,TRAIN,1,data/interim/gridsat/2007/gridsat_2007.10.29.12.npz,False,NIO_2007_UNNAMED_2_11_1,AVAILABLE,PENDING
2007-10-29T15:00:00Z,TRAIN,1,data/interim/gridsat/2007/gridsat_2007.10.29.15.npz,False,NIO_2007_UNNAMED_2_11_1,AVAILABLE,PENDING
2007-10-29T18:00:00Z,TRAIN,1,data/interim/gridsat/2007/gridsat_2007.10.29.18.npz,False,NIO_2007_UNNAMED_2_11_1,AVAILABLE,PENDING
2007-10-29T21:00:00Z,TRAIN,1,data/interim/gridsat/2007/gridsat_2007.10.29.21.npz,False,NIO_2007_UNNAMED_2_11_1,AVAILABLE,PENDING
2007-10-30T00:00:00Z,TRAIN,1,data/interim/gridsat/2007/gridsat_2007.10.30.00.npz,True,NIO_2007_UNNAMED_2_11_1,AVAILABLE,PENDING
2007-10-30T03:00:00Z,TRAIN,1,data/interim/gridsat/2007/gridsat_2007.10.30.03.npz,True,NIO_2007_UNNAMED_2_11_1,AVAILABLE,PENDING
2007-10-30T06:00:00Z,TRAIN,1,data/interim/gridsat/2007/gridsat_2007.10.30.06.npz,True,NIO_2007_UNNAMED_2_11_1,AVAILABLE,PENDING
2007-10-30T09:00:00Z,TRAIN,1,data/interim/gridsat/2007/gridsat_2007.10.30.09.npz,True,NIO_2007_UNNAMED_2_11_1,AVAILABLE,PENDING
2007-10-30T12:00:00Z,TRAIN,1,data/interim/gridsat/2007/gridsat_2007.10.30.12.npz,True,NIO_2007_UNNAMED_2_11_1,AVAILABLE,PENDING
2007-10-30T15:00:00Z,TRAIN,1,data/interim/gridsat/2007/gridsat_2007.10.30.15.npz,True,NIO_2007_UNNAMED_2_11_1,AVAILABLE,PENDING
2007-10-30T18:00:00Z,TRAIN,1,data/interim/gridsat/2007/gridsat_2007.10.30.18.npz,True,NIO_2007_UNNAMED_2_11_1,AVAILABLE,PENDING
2007-10-30T21:00:00Z,TRAIN,1,data/interim/gridsat/2007/gridsat_2007.10.30.21.npz,True,NIO_2007_UNNAMED_2_11_1,AVAILABLE,PENDING
2007-10-31T00:00:00Z,TRAIN,1,data/interim/gridsat/2007/gridsat_2007.10.31.00.npz,True,NIO_2007_UNNAMED_2_11_1,AVAILABLE,PENDING
2007-10-31T03:00:00Z,TRAIN,1,data/interim/gridsat/2007/gridsat_2007.10.31.03.npz,True,NIO_2007_UNNAMED_2_11_1,AVAILABLE,PENDING
2007-10-31T06:00:00Z,TRAIN,1,data/interim/gridsat/2007/gridsat_2007.10.31.06.npz,True,NIO_2007_UNNAMED_2_11_1,AVAILABLE,PENDING
2007-10-31T09:00:00Z,TRAIN,1,data/interim/gridsat/2007/gridsat_2007.10.31.09.npz,True,NIO_2007_UNNAMED_2_11_1,AVAILABLE,PENDING
2007-11-10T18:00:00Z,TRAIN,1,data/interim/gridsat/2007/gridsat_2007.11.10.18.npz,False,NIO_2007_UNNAMED_2_12_1,AVAILABLE,PENDING
2007-11-10T21:00:00Z,TRAIN,1,data/interim/gridsat/2007/gridsat_2007.11.10.21.npz,False,NIO_2007_UNNAMED_2_12_1,AVAILABLE,PENDING
2007-11-11T00:00:00Z,TRAIN,1,data/interim/gridsat/2007/gridsat_2007.11.11.00.npz,False,NIO_2007_UNNAMED_2_12_1,AVAILABLE,PENDING
2007-11-11T03:00:00Z,TRAIN,1,data/interim/gridsat/2007/gridsat_2007.11.11.03.npz,False,NIO_2007_UNNAMED_2_12_1,AVAILABLE,PENDING
2007-11-11T06:00:00Z,TRAIN,1,data/interim/gridsat/2007/gridsat_2007.11.11.06.npz,False,NIO_2007_UNNAMED_2_12_1,AVAILABLE,PENDING
2007-11-11T09:00:00Z,TRAIN,1,data/interim/gridsat/2007/gridsat_2007.11.11.09.npz,True,NIO_2007_UNNAMED_2_12_1,AVAILABLE,PENDING
2007-11-11T12:00:00Z,TRAIN,1,data/interim/gridsat/2007/gridsat_2007.11.11.12.npz,True,NIO_2007_UNNAMED_2_12_1,AVAILABLE,PENDING
2007-11-11T15:00:00Z,TRAIN,1,data/interim/gridsat/2007/gridsat_2007.11.11.15.npz,True,NIO_2007_UNNAMED_2_12_1,AVAILABLE,PENDING
2007-11-11T18:00:00Z,TRAIN,1,data/interim/gridsat/2007/gridsat_2007.11.11.18.npz,True,NIO_2007_UNNAMED_2_12_1,AVAILABLE,PENDING
2007-11-11T21:00:00Z,TRAIN,1,data/interim/gridsat/2007/gridsat_2007.11.11.21.npz,True,NIO_2007_UNNAMED_2_12_1,AVAILABLE,PENDING
2007-11-12T00:00:00Z,TRAIN,1,data/interim/gridsat/2007/gridsat_2007.11.12.00.npz,True,NIO_2007_UNNAMED_2_12_1,AVAILABLE,PENDING
2007-11-12T03:00:00Z,TRAIN,1,data/interim/gridsat/2007/gridsat_2007.11.12.03.npz,True,NIO_2007_UNNAMED_2_12_1,AVAILABLE,PENDING
2007-11-12T06:00:00Z,TRAIN,1,data/interim/gridsat/2007/gridsat_2007.11.12.06.npz,True,NIO_2007_UNNAMED_2_12_1,AVAILABLE,PENDING
2007-11-12T09:00:00Z,TRAIN,1,data/interim/gridsat/2007/gridsat_2007.11.12.09.npz,True,NIO_2007_UNNAMED_2_12_1,AVAILABLE,PENDING
2007-11-12T12:00:00Z,TRAIN,1,data/interim/gridsat/2007/gridsat_2007.11.12.12.npz,True,NIO_2007_UNNAMED_2_12_1,AVAILABLE,PENDING
2007-11-12T15:00:00Z,TRAIN,1,data/interim/gridsat/2007/gridsat_2007.11.12.15.npz,True,NIO_2007_UNNAMED_2_12_1,AVAILABLE,PENDING
2007-11-12T18:00:00Z,TRAIN,1,data/interim/gridsat/2007/gridsat_2007.11.12.18.npz,True,NIO_2007_UNNAMED_2_12_1,AVAILABLE,PENDING
2007-11-12T21:00:00Z,TRAIN,1,data/interim/gridsat/2007/gridsat_2007.11.12.21.npz,True,NIO_2007_UNNAMED_2_12_1,AVAILABLE,PENDING
2007-11-13T00:00:00Z,TRAIN,1,data/interim/gridsat/2007/gridsat_2007.11.13.00.npz,True,NIO_2007_UNNAMED_2_12_1,AVAILABLE,PENDING
2007-11-13T03:00:00Z,TRAIN,1,data/interim/gridsat/2007/gridsat_2007.11.13.03.npz,True,NIO_2007_UNNAMED_2_12_1,AVAILABLE,PENDING
2007-11-13T06:00:00Z,TRAIN,1,data/interim/gridsat/2007/gridsat_2007.11.13.06.npz,True,NIO_2007_UNNAMED_2_12_1,AVAILABLE,PENDING
2007-11-13T09:00:00Z,TRAIN,1,data/interim/gridsat/2007/gridsat_2007.11.13.09.npz,True,NIO_2007_UNNAMED_2_12_1,AVAILABLE,PENDING
2007-11-13T12:00:00Z,TRAIN,1,data/interim/gridsat/2007/gridsat_2007.11.13.12.npz,True,NIO_2007_UNNAMED_2_12_1,AVAILABLE,PENDING
2007-11-13T15:00:00Z,TRAIN,1,data/interim/gridsat/2007/gridsat_2007.11.13.15.npz,True,NIO_2007_UNNAMED_2_12_1,AVAILABLE,PENDING
2007-11-13T18:00:00Z,TRAIN,1,data/interim/gridsat/2007/gridsat_2007.11.13.18.npz,True,NIO_2007_UNNAMED_2_12_1,AVAILABLE,PENDING
2007-11-13T21:00:00Z,TRAIN,1,data/interim/gridsat/2007/gridsat_2007.11.13.21.npz,True,NIO_2007_UNNAMED_2_12_1,AVAILABLE,PENDING
2007-11-14T00:00:00Z,TRAIN,1,data/interim/gridsat/2007/gridsat_2007.11.14.00.npz,True,NIO_2007_UNNAMED_2_12_1,AVAILABLE,PENDING
2007-11-14T03:00:00Z,TRAIN,1,data/interim/gridsat/2007/gridsat_2007.11.14.03.npz,True,NIO_2007_UNNAMED_2_12_1,AVAILABLE,PENDING
2008-04-26T12:00:00Z,TRAIN,1,data/interim/gridsat/2008/gridsat_2008.04.26.12.npz,False,NIO_2008_NARGIS,AVAILABLE,PENDING
2008-04-26T15:00:00Z,TRAIN,1,data/interim/gridsat/2008/gridsat_2008.04.26.15.npz,False,NIO_2008_NARGIS,AVAILABLE,PENDING
2008-04-26T18:00:00Z,TRAIN,1,data/interim/gridsat/2008/gridsat_2008.04.26.18.npz,False,NIO_2008_NARGIS,AVAILABLE,PENDING
2008-04-26T21:00:00Z,TRAIN,1,data/interim/gridsat/2008/gridsat_2008.04.26.21.npz,False,NIO_2008_NARGIS,AVAILABLE,PENDING
2008-04-27T00:00:00Z,TRAIN,1,data/interim/gridsat/2008/gridsat_2008.04.27.00.npz,False,NIO_2008_NARGIS,AVAILABLE,PENDING
2008-04-27T03:00:00Z,TRAIN,1,data/interim/gridsat/2008/gridsat_2008.04.27.03.npz,True,NIO_2008_NARGIS,AVAILABLE,PENDING
2008-04-27T06:00:00Z,TRAIN,1,data/interim/gridsat/2008/gridsat_2008.04.27.06.npz,True,NIO_2008_NARGIS,AVAILABLE,PENDING
2008-04-27T09:00:00Z,TRAIN,1,data/interim/gridsat/2008/gridsat_2008.04.27.09.npz,True,NIO_2008_NARGIS,AVAILABLE,PENDING
2008-04-27T12:00:00Z,TRAIN,1,data/interim/gridsat/2008/gridsat_2008.04.27.12.npz,True,NIO_2008_NARGIS,AVAILABLE,PENDING
2008-04-27T15:00:00Z,TRAIN,1,data/interim/gridsat/2008/gridsat_2008.04.27.15.npz,True,NIO_2008_NARGIS,AVAILABLE,PENDING
2008-04-27T18:00:00Z,TRAIN,1,data/interim/gridsat/2008/gridsat_2008.04.27.18.npz,True,NIO_2008_NARGIS,AVAILABLE,PENDING
2008-04-27T21:00:00Z,TRAIN,1,data/interim/gridsat/2008/gridsat_2008.04.27.21.npz,True,NIO_2008_NARGIS,AVAILABLE,PENDING
2008-04-28T00:00:00Z,TRAIN,1,data/interim/gridsat/2008/gridsat_2008.04.28.00.npz,True,NIO_2008_NARGIS,AVAILABLE,PENDING
2008-04-28T03:00:00Z,TRAIN,1,data/interim/gridsat/2008/gridsat_2008.04.28.03.npz,True,NIO_2008_NARGIS,AVAILABLE,PENDING
2008-04-28T06:00:00Z,TRAIN,1,data/interim/gridsat/2008/gridsat_2008.04.28.06.npz,True,NIO_2008_NARGIS,AVAILABLE,PENDING
2008-04-28T09:00:00Z,TRAIN,1,data/interim/gridsat/2008/gridsat_2008.04.28.09.npz,True,NIO_2008_NARGIS,AVAILABLE,PENDING
2008-04-28T12:00:00Z,TRAIN,1,data/interim/gridsat/2008/gridsat_2008.04.28.12.npz,True,NIO_2008_NARGIS,AVAILABLE,PENDING
2008-04-28T15:00:00Z,TRAIN,1,data/interim/gridsat/2008/gridsat_2008.04.28.15.npz,True,NIO_2008_NARGIS,AVAILABLE,PENDING
2008-04-28T18:00:00Z,TRAIN,1,data/interim/gridsat/2008/gridsat_2008.04.28.18.npz,True,NIO_2008_NARGIS,AVAILABLE,PENDING
2008-04-28T21:00:00Z,TRAIN,1,data/interim/gridsat/2008/gridsat_2008.04.28.21.npz,True,NIO_2008_NARGIS,AVAILABLE,PENDING
2008-04-29T00:00:00Z,TRAIN,1,data/interim/gridsat/2008/gridsat_2008.04.29.00.npz,True,NIO_2008_NARGIS,AVAILABLE,PENDING
2008-04-29T03:00:00Z,TRAIN,1,data/interim/gridsat/2008/gridsat_2008.04.29.03.npz,True,NIO_2008_NARGIS,AVAILABLE,PENDING
2008-04-29T06:00:00Z,TRAIN,1,data/interim/gridsat/2008/gridsat_2008.04.29.06.npz,True,NIO_2008_NARGIS,AVAILABLE,PENDING
2008-04-29T09:00:00Z,TRAIN,1,data/interim/gridsat/2008/gridsat_2008.04.29.09.npz,True,NIO_2008_NARGIS,AVAILABLE,PENDING
2008-04-29T12:00:00Z,TRAIN,1,data/interim/gridsat/2008/gridsat_2008.04.29.12.npz,True,NIO_2008_NARGIS,AVAILABLE,PENDING
2008-04-29T15:00:00Z,TRAIN,1,data/interim/gridsat/2008/gridsat_2008.04.29.15.npz,True,NIO_2008_NARGIS,AVAILABLE,PENDING
2008-04-29T18:00:00Z,TRAIN,1,data/interim/gridsat/2008/gridsat_2008.04.29.18.npz,True,NIO_2008_NARGIS,AVAILABLE,PENDING
2008-04-29T21:00:00Z,TRAIN,1,data/interim/gridsat/2008/gridsat_2008.04.29.21.npz,True,NIO_2008_NARGIS,AVAILABLE,PENDING
2008-04-30T00:00:00Z,TRAIN,1,data/interim/gridsat/2008/gridsat_2008.04.30.00.npz,True,NIO_2008_NARGIS,AVAILABLE,PENDING
2008-04-30T03:00:00Z,TRAIN,1,data/interim/gridsat/2008/gridsat_2008.04.30.03.npz,True,NIO_2008_NARGIS,AVAILABLE,PENDING
2008-09-14T21:00:00Z,TRAIN,1,data/interim/gridsat/2008/gridsat_2008.09.14.21.npz,False,NIO_2008_UNNAMED_2_5_1,AVAILABLE,PENDING
2008-09-15T00:00:00Z,TRAIN,1,data/interim/gridsat/2008/gridsat_2008.09.15.00.npz,False,NIO_2008_UNNAMED_2_5_1,AVAILABLE,PENDING
2008-09-15T03:00:00Z,TRAIN,1,data/interim/gridsat/2008/gridsat_2008.09.15.03.npz,False,NIO_2008_UNNAMED_2_5_1,AVAILABLE,PENDING
2008-09-15T06:00:00Z,TRAIN,1,data/interim/gridsat/2008/gridsat_2008.09.15.06.npz,False,NIO_2008_UNNAMED_2_5_1,AVAILABLE,PENDING
2008-09-15T09:00:00Z,TRAIN,1,data/interim/gridsat/2008/gridsat_2008.09.15.09.npz,False,NIO_2008_UNNAMED_2_5_1,AVAILABLE,PENDING
2008-09-15T12:00:00Z,TRAIN,1,data/interim/gridsat/2008/gridsat_2008.09.15.12.npz,True,NIO_2008_UNNAMED_2_5_1,AVAILABLE,PENDING
2008-09-15T15:00:00Z,TRAIN,1,data/interim/gridsat/2008/gridsat_2008.09.15.15.npz,False,NIO_2008_UNNAMED_2_5_1,AVAILABLE,PENDING
2008-09-15T18:00:00Z,TRAIN,1,data/interim/gridsat/2008/gridsat_2008.09.15.18.npz,False,NIO_2008_UNNAMED_2_5_1,AVAILABLE,PENDING
2008-09-15T21:00:00Z,TRAIN,1,data/interim/gridsat/2008/gridsat_2008.09.15.21.npz,False,NIO_2008_UNNAMED_2_5_1,AVAILABLE,PENDING
2008-09-16T00:00:00Z,TRAIN,1,data/interim/gridsat/2008/gridsat_2008.09.16.00.npz,False,NIO_2008_UNNAMED_2_5_1,AVAILABLE,PENDING
2008-09-16T03:00:00Z,TRAIN,1,data/interim/gridsat/2008/gridsat_2008.09.16.03.npz,True,NIO_2008_UNNAMED_2_5_1,AVAILABLE,PENDING
2008-09-16T06:00:00Z,TRAIN,1,data/interim/gridsat/2008/gridsat_2008.09.16.06.npz,False,NIO_2008_UNNAMED_2_5_1,AVAILABLE,PENDING
2008-09-16T09:00:00Z,TRAIN,1,data/interim/gridsat/2008/gridsat_2008.09.16.09.npz,False,NIO_2008_UNNAMED_2_5_1,AVAILABLE,PENDING
2008-09-16T12:00:00Z,TRAIN,1,data/interim/gridsat/2008/gridsat_2008.09.16.12.npz,True,NIO_2008_UNNAMED_2_5_1,AVAILABLE,PENDING
2008-11-12T21:00:00Z,TRAIN,1,data/interim/gridsat/2008/gridsat_2008.11.12.21.npz,False,NIO_2008_UNNAMED_2_8_1,AVAILABLE,PENDING
2008-11-13T00:00:00Z,TRAIN,1,data/interim/gridsat/2008/gridsat_2008.11.13.00.npz,False,NIO_2008_UNNAMED_2_8_1,AVAILABLE,PENDING
2008-11-13T03:00:00Z,TRAIN,1,data/interim/gridsat/2008/gridsat_2008.11.13.03.npz,False,NIO_2008_UNNAMED_2_8_1,AVAILABLE,PENDING
2008-11-13T06:00:00Z,TRAIN,1,data/interim/gridsat/2008/gridsat_2008.11.13.06.npz,False,NIO_2008_UNNAMED_2_8_1,AVAILABLE,PENDING
2008-11-13T09:00:00Z,TRAIN,1,data/interim/gridsat/2008/gridsat_2008.11.13.09.npz,False,NIO_2008_UNNAMED_2_8_1,AVAILABLE,PENDING
2008-11-13T12:00:00Z,TRAIN,1,data/interim/gridsat/2008/gridsat_2008.11.13.12.npz,True,NIO_2008_UNNAMED_2_8_1,AVAILABLE,PENDING
2008-11-13T15:00:00Z,TRAIN,1,data/interim/gridsat/2008/gridsat_2008.11.13.15.npz,False,NIO_2008_UNNAMED_2_8_1,AVAILABLE,PENDING
2008-11-13T18:00:00Z,TRAIN,1,data/interim/gridsat/2008/gridsat_2008.11.13.18.npz,True,NIO_2008_UNNAMED_2_8_1,AVAILABLE,PENDING
2008-11-13T21:00:00Z,TRAIN,1,data/interim/gridsat/2008/gridsat_2008.11.13.21.npz,False,NIO_2008_UNNAMED_2_8_1,AVAILABLE,PENDING
2008-11-14T00:00:00Z,TRAIN,1,data/interim/gridsat/2008/gridsat_2008.11.14.00.npz,True,NIO_2008_UNNAMED_2_8_1,AVAILABLE,PENDING
2008-11-14T03:00:00Z,TRAIN,1,data/interim/gridsat/2008/gridsat_2008.11.14.03.npz,True,NIO_2008_UNNAMED_2_8_1,AVAILABLE,PENDING
2008-11-24T18:00:00Z,TRAIN,1,data/interim/gridsat/2008/gridsat_2008.11.24.18.npz,False,NIO_2008_NISHA,AVAILABLE,PENDING
2008-11-24T21:00:00Z,TRAIN,1,data/interim/gridsat/2008/gridsat_2008.11.24.21.npz,False,NIO_2008_NISHA,AVAILABLE,PENDING
2008-11-25T00:00:00Z,TRAIN,1,data/interim/gridsat/2008/gridsat_2008.11.25.00.npz,False,NIO_2008_NISHA,AVAILABLE,PENDING
2008-11-25T03:00:00Z,TRAIN,1,data/interim/gridsat/2008/gridsat_2008.11.25.03.npz,False,NIO_2008_NISHA,AVAILABLE,PENDING
2008-11-25T06:00:00Z,TRAIN,1,data/interim/gridsat/2008/gridsat_2008.11.25.06.npz,False,NIO_2008_NISHA,AVAILABLE,PENDING
2008-11-25T09:00:00Z,TRAIN,1,data/interim/gridsat/2008/gridsat_2008.11.25.09.npz,True,NIO_2008_NISHA,AVAILABLE,PENDING
2008-11-25T12:00:00Z,TRAIN,1,data/interim/gridsat/2008/gridsat_2008.11.25.12.npz,True,NIO_2008_NISHA,AVAILABLE,PENDING
2008-12-03T21:00:00Z,TRAIN,1,data/interim/gridsat/2008/gridsat_2008.12.03.21.npz,False,NIO_2008_UNNAMED_2_10_1,AVAILABLE,PENDING
2008-12-04T00:00:00Z,TRAIN,1,data/interim/gridsat/2008/gridsat_2008.12.04.00.npz,False,NIO_2008_UNNAMED_2_10_1,AVAILABLE,PENDING
2008-12-04T03:00:00Z,TRAIN,1,data/interim/gridsat/2008/gridsat_2008.12.04.03.npz,False,NIO_2008_UNNAMED_2_10_1,AVAILABLE,PENDING
2008-12-04T06:00:00Z,TRAIN,1,data/interim/gridsat/2008/gridsat_2008.12.04.06.npz,False,NIO_2008_UNNAMED_2_10_1,AVAILABLE,PENDING
2008-12-04T09:00:00Z,TRAIN,1,data/interim/gridsat/2008/gridsat_2008.12.04.09.npz,False,NIO_2008_UNNAMED_2_10_1,AVAILABLE,PENDING
2008-12-04T12:00:00Z,TRAIN,1,data/interim/gridsat/2008/gridsat_2008.12.04.12.npz,True,NIO_2008_UNNAMED_2_10_1,AVAILABLE,PENDING
2009-04-13T21:00:00Z,TRAIN,1,data/interim/gridsat/2009/gridsat_2009.04.13.21.npz,False,NIO_2009_BIJLI,AVAILABLE,PENDING
2009-04-14T00:00:00Z,TRAIN,1,data/interim/gridsat/2009/gridsat_2009.04.14.00.npz,False,NIO_2009_BIJLI,AVAILABLE,PENDING
2009-04-14T03:00:00Z,TRAIN,1,data/interim/gridsat/2009/gridsat_2009.04.14.03.npz,False,NIO_2009_BIJLI,AVAILABLE,PENDING
2009-04-14T06:00:00Z,TRAIN,1,data/interim/gridsat/2009/gridsat_2009.04.14.06.npz,False,NIO_2009_BIJLI,AVAILABLE,PENDING
2009-04-14T09:00:00Z,TRAIN,1,data/interim/gridsat/2009/gridsat_2009.04.14.09.npz,False,NIO_2009_BIJLI,AVAILABLE,PENDING
2009-04-14T12:00:00Z,TRAIN,1,data/interim/gridsat/2009/gridsat_2009.04.14.12.npz,True,NIO_2009_BIJLI,AVAILABLE,PENDING
2009-04-14T15:00:00Z,TRAIN,1,data/interim/gridsat/2009/gridsat_2009.04.14.15.npz,False,NIO_2009_BIJLI,AVAILABLE,PENDING
2009-04-14T18:00:00Z,TRAIN,1,data/interim/gridsat/2009/gridsat_2009.04.14.18.npz,True,NIO_2009_BIJLI,AVAILABLE,PENDING
2009-04-14T21:00:00Z,TRAIN,1,data/interim/gridsat/2009/gridsat_2009.04.14.21.npz,False,NIO_2009_BIJLI,AVAILABLE,PENDING
2009-04-15T00:00:00Z,TRAIN,1,data/interim/gridsat/2009/gridsat_2009.04.15.00.npz,True,NIO_2009_BIJLI,AVAILABLE,PENDING
2009-04-15T03:00:00Z,TRAIN,1,data/interim/gridsat/2009/gridsat_2009.04.15.03.npz,True,NIO_2009_BIJLI,AVAILABLE,PENDING
2009-04-15T06:00:00Z,TRAIN,1,data/interim/gridsat/2009/gridsat_2009.04.15.06.npz,True,NIO_2009_BIJLI,AVAILABLE,PENDING
2009-04-15T09:00:00Z,TRAIN,1,data/interim/gridsat/2009/gridsat_2009.04.15.09.npz,False,NIO_2009_BIJLI,AVAILABLE,PENDING
2009-04-15T12:00:00Z,TRAIN,1,data/interim/gridsat/2009/gridsat_2009.04.15.12.npz,True,NIO_2009_BIJLI,AVAILABLE,PENDING
2009-04-15T15:00:00Z,TRAIN,1,data/interim/gridsat/2009/gridsat_2009.04.15.15.npz,True,NIO_2009_BIJLI,AVAILABLE,PENDING
2009-05-22T15:00:00Z,TRAIN,1,data/interim/gridsat/2009/gridsat_2009.05.22.15.npz,False,NIO_2009_UNNAMED_2_2_1,AVAILABLE,PENDING
2009-05-22T18:00:00Z,TRAIN,1,data/interim/gridsat/2009/gridsat_2009.05.22.18.npz,False,NIO_2009_UNNAMED_2_2_1,AVAILABLE,PENDING
2009-05-22T21:00:00Z,TRAIN,1,data/interim/gridsat/2009/gridsat_2009.05.22.21.npz,False,NIO_2009_UNNAMED_2_2_1,AVAILABLE,PENDING
2009-05-23T00:00:00Z,TRAIN,1,data/interim/gridsat/2009/gridsat_2009.05.23.00.npz,False,NIO_2009_UNNAMED_2_2_1,AVAILABLE,PENDING
2009-05-23T03:00:00Z,TRAIN,1,data/interim/gridsat/2009/gridsat_2009.05.23.03.npz,False,NIO_2009_UNNAMED_2_2_1,AVAILABLE,PENDING
2009-05-23T06:00:00Z,TRAIN,1,data/interim/gridsat/2009/gridsat_2009.05.23.06.npz,True,NIO_2009_UNNAMED_2_2_1,AVAILABLE,PENDING
2009-05-23T09:00:00Z,TRAIN,1,data/interim/gridsat/2009/gridsat_2009.05.23.09.npz,False,NIO_2009_UNNAMED_2_2_1,AVAILABLE,PENDING
2009-05-23T12:00:00Z,TRAIN,1,data/interim/gridsat/2009/gridsat_2009.05.23.12.npz,True,NIO_2009_UNNAMED_2_2_1,AVAILABLE,PENDING
2009-09-04T09:00:00Z,TRAIN,1,data/interim/gridsat/2009/gridsat_2009.09.04.09.npz,False,NIO_2009_UNNAMED_2_6_1,AVAILABLE,PENDING
2009-09-04T12:00:00Z,TRAIN,1,data/interim/gridsat/2009/gridsat_2009.09.04.12.npz,False,NIO_2009_UNNAMED_2_6_1,AVAILABLE,PENDING
2009-09-04T15:00:00Z,TRAIN,1,data/interim/gridsat/2009/gridsat_2009.09.04.15.npz,False,NIO_2009_UNNAMED_2_6_1,AVAILABLE,PENDING
2009-09-04T18:00:00Z,TRAIN,1,data/interim/gridsat/2009/gridsat_2009.09.04.18.npz,False,NIO_2009_UNNAMED_2_6_1,AVAILABLE,PENDING
2009-09-04T21:00:00Z,TRAIN,1,data/interim/gridsat/2009/gridsat_2009.09.04.21.npz,False,NIO_2009_UNNAMED_2_6_1,AVAILABLE,PENDING
2009-09-05T00:00:00Z,TRAIN,1,data/interim/gridsat/2009/gridsat_2009.09.05.00.npz,True,NIO_2009_UNNAMED_2_6_1,AVAILABLE,PENDING
2009-11-08T21:00:00Z,TRAIN,1,data/interim/gridsat/2009/gridsat_2009.11.08.21.npz,False,NIO_2009_PHYAN,AVAILABLE,PENDING
2009-11-09T00:00:00Z,TRAIN,1,data/interim/gridsat/2009/gridsat_2009.11.09.00.npz,False,NIO_2009_PHYAN,AVAILABLE,PENDING
2009-11-09T03:00:00Z,TRAIN,1,data/interim/gridsat/2009/gridsat_2009.11.09.03.npz,False,NIO_2009_PHYAN,AVAILABLE,PENDING
2009-11-09T06:00:00Z,TRAIN,1,data/interim/gridsat/2009/gridsat_2009.11.09.06.npz,False,NIO_2009_PHYAN,AVAILABLE,PENDING
2009-11-09T09:00:00Z,TRAIN,1,data/interim/gridsat/2009/gridsat_2009.11.09.09.npz,False,NIO_2009_PHYAN,AVAILABLE,PENDING
2009-11-09T12:00:00Z,TRAIN,1,data/interim/gridsat/2009/gridsat_2009.11.09.12.npz,True,NIO_2009_PHYAN,AVAILABLE,PENDING
2009-11-09T15:00:00Z,TRAIN,1,data/interim/gridsat/2009/gridsat_2009.11.09.15.npz,False,NIO_2009_PHYAN,AVAILABLE,PENDING
2009-11-09T18:00:00Z,TRAIN,1,data/interim/gridsat/2009/gridsat_2009.11.09.18.npz,True,NIO_2009_PHYAN,AVAILABLE,PENDING
2009-12-11T09:00:00Z,TRAIN,1,data/interim/gridsat/2009/gridsat_2009.12.11.09.npz,False,NIO_2009_WARD,AVAILABLE,PENDING
2009-12-11T12:00:00Z,TRAIN,1,data/interim/gridsat/2009/gridsat_2009.12.11.12.npz,False,NIO_2009_WARD,AVAILABLE,PENDING
2009-12-11T15:00:00Z,TRAIN,1,data/interim/gridsat/2009/gridsat_2009.12.11.15.npz,False,NIO_2009_WARD,AVAILABLE,PENDING
2009-12-11T18:00:00Z,TRAIN,1,data/interim/gridsat/2009/gridsat_2009.12.11.18.npz,False,NIO_2009_WARD,AVAILABLE,PENDING
2009-12-11T21:00:00Z,TRAIN,1,data/interim/gridsat/2009/gridsat_2009.12.11.21.npz,False,NIO_2009_WARD,AVAILABLE,PENDING
2009-12-12T00:00:00Z,TRAIN,1,data/interim/gridsat/2009/gridsat_2009.12.12.00.npz,True,NIO_2009_WARD,AVAILABLE,PENDING
2009-12-12T03:00:00Z,TRAIN,1,data/interim/gridsat/2009/gridsat_2009.12.12.03.npz,True,NIO_2009_WARD,AVAILABLE,PENDING
2009-12-12T06:00:00Z,TRAIN,1,data/interim/gridsat/2009/gridsat_2009.12.12.06.npz,True,NIO_2009_WARD,AVAILABLE,PENDING
2009-12-12T09:00:00Z,TRAIN,1,data/interim/gridsat/2009/gridsat_2009.12.12.09.npz,False,NIO_2009_WARD,AVAILABLE,PENDING
2009-12-12T12:00:00Z,TRAIN,1,data/interim/gridsat/2009/gridsat_2009.12.12.12.npz,True,NIO_2009_WARD,AVAILABLE,PENDING
2009-12-12T15:00:00Z,TRAIN,1,data/interim/gridsat/2009/gridsat_2009.12.12.15.npz,False,NIO_2009_WARD,AVAILABLE,PENDING
2009-12-12T18:00:00Z,TRAIN,1,data/interim/gridsat/2009/gridsat_2009.12.12.18.npz,True,NIO_2009_WARD,AVAILABLE,PENDING
2009-12-12T21:00:00Z,TRAIN,1,data/interim/gridsat/2009/gridsat_2009.12.12.21.npz,False,NIO_2009_WARD,AVAILABLE,PENDING
2009-12-13T00:00:00Z,TRAIN,1,data/interim/gridsat/2009/gridsat_2009.12.13.00.npz,True,NIO_2009_WARD,AVAILABLE,PENDING
2010-05-16T15:00:00Z,TRAIN,1,data/interim/gridsat/2010/gridsat_2010.05.16.15.npz,False,NIO_2010_IS,AVAILABLE,PENDING
2010-05-16T18:00:00Z,TRAIN,1,data/interim/gridsat/2010/gridsat_2010.05.16.18.npz,False,NIO_2010_IS,AVAILABLE,PENDING
2010-05-16T21:00:00Z,TRAIN,1,data/interim/gridsat/2010/gridsat_2010.05.16.21.npz,False,NIO_2010_IS,AVAILABLE,PENDING
2010-05-17T00:00:00Z,TRAIN,1,data/interim/gridsat/2010/gridsat_2010.05.17.00.npz,False,NIO_2010_IS,AVAILABLE,PENDING
2010-05-17T03:00:00Z,TRAIN,1,data/interim/gridsat/2010/gridsat_2010.05.17.03.npz,False,NIO_2010_IS,AVAILABLE,PENDING
2010-05-17T06:00:00Z,TRAIN,1,data/interim/gridsat/2010/gridsat_2010.05.17.06.npz,True,NIO_2010_IS,AVAILABLE,PENDING
2010-05-18T18:00:00Z,TRAIN,1,data/interim/gridsat/2010/gridsat_2010.05.18.18.npz,False,NIO_2010_BANDU,AVAILABLE,PENDING
2010-05-18T21:00:00Z,TRAIN,1,data/interim/gridsat/2010/gridsat_2010.05.18.21.npz,False,NIO_2010_BANDU,AVAILABLE,PENDING
2010-05-19T00:00:00Z,TRAIN,1,data/interim/gridsat/2010/gridsat_2010.05.19.00.npz,False,NIO_2010_BANDU,AVAILABLE,PENDING
2010-05-19T03:00:00Z,TRAIN,1,data/interim/gridsat/2010/gridsat_2010.05.19.03.npz,False,NIO_2010_BANDU,AVAILABLE,PENDING
2010-05-19T06:00:00Z,TRAIN,1,data/interim/gridsat/2010/gridsat_2010.05.19.06.npz,False,NIO_2010_BANDU,AVAILABLE,PENDING
2010-05-19T09:00:00Z,TRAIN,1,data/interim/gridsat/2010/gridsat_2010.05.19.09.npz,True,NIO_2010_BANDU,AVAILABLE,PENDING
2010-05-19T12:00:00Z,TRAIN,1,data/interim/gridsat/2010/gridsat_2010.05.19.12.npz,True,NIO_2010_BANDU,AVAILABLE,PENDING
2010-05-19T15:00:00Z,TRAIN,1,data/interim/gridsat/2010/gridsat_2010.05.19.15.npz,False,NIO_2010_BANDU,AVAILABLE,PENDING
2010-05-19T18:00:00Z,TRAIN,1,data/interim/gridsat/2010/gridsat_2010.05.19.18.npz,True,NIO_2010_BANDU,AVAILABLE,PENDING
2010-05-19T21:00:00Z,TRAIN,1,data/interim/gridsat/2010/gridsat_2010.05.19.21.npz,False,NIO_2010_BANDU,AVAILABLE,PENDING
2010-05-20T00:00:00Z,TRAIN,1,data/interim/gridsat/2010/gridsat_2010.05.20.00.npz,True,NIO_2010_BANDU,AVAILABLE,PENDING
2010-05-20T03:00:00Z,TRAIN,1,data/interim/gridsat/2010/gridsat_2010.05.20.03.npz,False,NIO_2010_BANDU,AVAILABLE,PENDING
2010-05-20T06:00:00Z,TRAIN,1,data/interim/gridsat/2010/gridsat_2010.05.20.06.npz,True,NIO_2010_BANDU,AVAILABLE,PENDING
2010-05-20T09:00:00Z,TRAIN,1,data/interim/gridsat/2010/gridsat_2010.05.20.09.npz,False,NIO_2010_BANDU,AVAILABLE,PENDING
2010-05-20T12:00:00Z,TRAIN,1,data/interim/gridsat/2010/gridsat_2010.05.20.12.npz,True,NIO_2010_BANDU,AVAILABLE,PENDING
2010-05-20T15:00:00Z,TRAIN,1,data/interim/gridsat/2010/gridsat_2010.05.20.15.npz,False,NIO_2010_BANDU,AVAILABLE,PENDING
2010-05-20T18:00:00Z,TRAIN,1,data/interim/gridsat/2010/gridsat_2010.05.20.18.npz,True,NIO_2010_BANDU,AVAILABLE,PENDING
2010-05-30T15:00:00Z,TRAIN,1,data/interim/gridsat/2010/gridsat_2010.05.30.15.npz,False,NIO_2010_PHET,AVAILABLE,PENDING
2010-05-30T18:00:00Z,TRAIN,1,data/interim/gridsat/2010/gridsat_2010.05.30.18.npz,False,NIO_2010_PHET,AVAILABLE,PENDING
2010-05-30T21:00:00Z,TRAIN,1,data/interim/gridsat/2010/gridsat_2010.05.30.21.npz,False,NIO_2010_PHET,AVAILABLE,PENDING
2010-05-31T00:00:00Z,TRAIN,1,data/interim/gridsat/2010/gridsat_2010.05.31.00.npz,False,NIO_2010_PHET,AVAILABLE,PENDING
2010-05-31T03:00:00Z,TRAIN,1,data/interim/gridsat/2010/gridsat_2010.05.31.03.npz,False,NIO_2010_PHET,AVAILABLE,PENDING
2010-05-31T06:00:00Z,TRAIN,1,data/interim/gridsat/2010/gridsat_2010.05.31.06.npz,True,NIO_2010_PHET,AVAILABLE,PENDING
2010-05-31T09:00:00Z,TRAIN,1,data/interim/gridsat/2010/gridsat_2010.05.31.09.npz,False,NIO_2010_PHET,AVAILABLE,PENDING
2010-05-31T12:00:00Z,TRAIN,1,data/interim/gridsat/2010/gridsat_2010.05.31.12.npz,True,NIO_2010_PHET,AVAILABLE,PENDING
2010-05-31T15:00:00Z,TRAIN,1,data/interim/gridsat/2010/gridsat_2010.05.31.15.npz,False,NIO_2010_PHET,AVAILABLE,PENDING
2010-05-31T18:00:00Z,TRAIN,1,data/interim/gridsat/2010/gridsat_2010.05.31.18.npz,True,NIO_2010_PHET,AVAILABLE,PENDING
2010-05-31T21:00:00Z,TRAIN,1,data/interim/gridsat/2010/gridsat_2010.05.31.21.npz,False,NIO_2010_PHET,AVAILABLE,PENDING
2010-06-01T00:00:00Z,TRAIN,1,data/interim/gridsat/2010/gridsat_2010.06.01.00.npz,True,NIO_2010_PHET,AVAILABLE,PENDING
2010-06-01T03:00:00Z,TRAIN,1,data/interim/gridsat/2010/gridsat_2010.06.01.03.npz,True,NIO_2010_PHET,AVAILABLE,PENDING
2010-06-01T06:00:00Z,TRAIN,1,data/interim/gridsat/2010/gridsat_2010.06.01.06.npz,True,NIO_2010_PHET,AVAILABLE,PENDING
2010-10-12T15:00:00Z,TRAIN,1,data/interim/gridsat/2010/gridsat_2010.10.12.15.npz,False,NIO_2010_UNNAMED_2_5_1,AVAILABLE,PENDING
2010-10-12T18:00:00Z,TRAIN,1,data/interim/gridsat/2010/gridsat_2010.10.12.18.npz,False,NIO_2010_UNNAMED_2_5_1,AVAILABLE,PENDING
2010-10-12T21:00:00Z,TRAIN,1,data/interim/gridsat/2010/gridsat_2010.10.12.21.npz,False,NIO_2010_UNNAMED_2_5_1,AVAILABLE,PENDING
2010-10-13T00:00:00Z,TRAIN,1,data/interim/gridsat/2010/gridsat_2010.10.13.00.npz,False,NIO_2010_UNNAMED_2_5_1,AVAILABLE,PENDING
2010-10-13T03:00:00Z,TRAIN,1,data/interim/gridsat/2010/gridsat_2010.10.13.03.npz,False,NIO_2010_UNNAMED_2_5_1,AVAILABLE,PENDING
2010-10-13T06:00:00Z,TRAIN,1,data/interim/gridsat/2010/gridsat_2010.10.13.06.npz,True,NIO_2010_UNNAMED_2_5_1,AVAILABLE,PENDING
2010-10-13T09:00:00Z,TRAIN,1,data/interim/gridsat/2010/gridsat_2010.10.13.09.npz,False,NIO_2010_UNNAMED_2_5_1,AVAILABLE,PENDING
2010-10-13T12:00:00Z,TRAIN,1,data/interim/gridsat/2010/gridsat_2010.10.13.12.npz,True,NIO_2010_UNNAMED_2_5_1,AVAILABLE,PENDING
2010-10-13T15:00:00Z,TRAIN,1,data/interim/gridsat/2010/gridsat_2010.10.13.15.npz,False,NIO_2010_UNNAMED_2_5_1,AVAILABLE,PENDING
2010-10-13T18:00:00Z,TRAIN,1,data/interim/gridsat/2010/gridsat_2010.10.13.18.npz,True,NIO_2010_UNNAMED_2_5_1,AVAILABLE,PENDING
2010-10-13T21:00:00Z,TRAIN,1,data/interim/gridsat/2010/gridsat_2010.10.13.21.npz,False,NIO_2010_UNNAMED_2_5_1,AVAILABLE,PENDING
2010-10-14T00:00:00Z,TRAIN,1,data/interim/gridsat/2010/gridsat_2010.10.14.00.npz,True,NIO_2010_UNNAMED_2_5_1,AVAILABLE,PENDING
2010-10-19T21:00:00Z,TRAIN,1,data/interim/gridsat/2010/gridsat_2010.10.19.21.npz,False,NIO_2010_GIRI,AVAILABLE,PENDING
2010-10-20T00:00:00Z,TRAIN,1,data/interim/gridsat/2010/gridsat_2010.10.20.00.npz,False,NIO_2010_GIRI,AVAILABLE,PENDING
2010-10-20T03:00:00Z,TRAIN,1,data/interim/gridsat/2010/gridsat_2010.10.20.03.npz,False,NIO_2010_GIRI,AVAILABLE,PENDING
2010-10-20T06:00:00Z,TRAIN,1,data/interim/gridsat/2010/gridsat_2010.10.20.06.npz,False,NIO_2010_GIRI,AVAILABLE,PENDING
2010-10-20T09:00:00Z,TRAIN,1,data/interim/gridsat/2010/gridsat_2010.10.20.09.npz,False,NIO_2010_GIRI,AVAILABLE,PENDING
2010-10-20T12:00:00Z,TRAIN,1,data/interim/gridsat/2010/gridsat_2010.10.20.12.npz,True,NIO_2010_GIRI,AVAILABLE,PENDING
2010-10-20T15:00:00Z,TRAIN,1,data/interim/gridsat/2010/gridsat_2010.10.20.15.npz,False,NIO_2010_GIRI,AVAILABLE,PENDING
2010-10-20T18:00:00Z,TRAIN,1,data/interim/gridsat/2010/gridsat_2010.10.20.18.npz,True,NIO_2010_GIRI,AVAILABLE,PENDING
2010-10-20T21:00:00Z,TRAIN,1,data/interim/gridsat/2010/gridsat_2010.10.20.21.npz,False,NIO_2010_GIRI,AVAILABLE,PENDING
2010-10-21T00:00:00Z,TRAIN,1,data/interim/gridsat/2010/gridsat_2010.10.21.00.npz,True,NIO_2010_GIRI,AVAILABLE,PENDING
2010-10-21T03:00:00Z,TRAIN,1,data/interim/gridsat/2010/gridsat_2010.10.21.03.npz,True,NIO_2010_GIRI,AVAILABLE,PENDING
2010-10-21T06:00:00Z,TRAIN,1,data/interim/gridsat/2010/gridsat_2010.10.21.06.npz,True,NIO_2010_GIRI,AVAILABLE,PENDING
2010-11-03T09:00:00Z,TRAIN,1,data/interim/gridsat/2010/gridsat_2010.11.03.09.npz,False,NIO_2010_JAL,AVAILABLE,PENDING
2010-11-03T12:00:00Z,TRAIN,1,data/interim/gridsat/2010/gridsat_2010.11.03.12.npz,False,NIO_2010_JAL,AVAILABLE,PENDING
2010-11-03T15:00:00Z,TRAIN,1,data/interim/gridsat/2010/gridsat_2010.11.03.15.npz,False,NIO_2010_JAL,AVAILABLE,PENDING
2010-11-03T18:00:00Z,TRAIN,1,data/interim/gridsat/2010/gridsat_2010.11.03.18.npz,False,NIO_2010_JAL,AVAILABLE,PENDING
2010-11-03T21:00:00Z,TRAIN,1,data/interim/gridsat/2010/gridsat_2010.11.03.21.npz,False,NIO_2010_JAL,AVAILABLE,PENDING
2010-11-04T00:00:00Z,TRAIN,1,data/interim/gridsat/2010/gridsat_2010.11.04.00.npz,True,NIO_2010_JAL,AVAILABLE,PENDING
2010-11-04T03:00:00Z,TRAIN,1,data/interim/gridsat/2010/gridsat_2010.11.04.03.npz,False,NIO_2010_JAL,AVAILABLE,PENDING
2010-11-04T06:00:00Z,TRAIN,1,data/interim/gridsat/2010/gridsat_2010.11.04.06.npz,True,NIO_2010_JAL,AVAILABLE,PENDING
2010-11-04T09:00:00Z,TRAIN,1,data/interim/gridsat/2010/gridsat_2010.11.04.09.npz,False,NIO_2010_JAL,AVAILABLE,PENDING
2010-11-04T12:00:00Z,TRAIN,1,data/interim/gridsat/2010/gridsat_2010.11.04.12.npz,True,NIO_2010_JAL,AVAILABLE,PENDING
2010-11-04T15:00:00Z,TRAIN,1,data/interim/gridsat/2010/gridsat_2010.11.04.15.npz,False,NIO_2010_JAL,AVAILABLE,PENDING
2010-11-04T18:00:00Z,TRAIN,1,data/interim/gridsat/2010/gridsat_2010.11.04.18.npz,True,NIO_2010_JAL,AVAILABLE,PENDING
2010-11-04T21:00:00Z,TRAIN,1,data/interim/gridsat/2010/gridsat_2010.11.04.21.npz,False,NIO_2010_JAL,AVAILABLE,PENDING
2010-11-05T00:00:00Z,TRAIN,1,data/interim/gridsat/2010/gridsat_2010.11.05.00.npz,True,NIO_2010_JAL,AVAILABLE,PENDING
2010-11-05T03:00:00Z,TRAIN,1,data/interim/gridsat/2010/gridsat_2010.11.05.03.npz,True,NIO_2010_JAL,AVAILABLE,PENDING
2010-11-05T06:00:00Z,TRAIN,1,data/interim/gridsat/2010/gridsat_2010.11.05.06.npz,True,NIO_2010_JAL,AVAILABLE,PENDING
2010-11-05T09:00:00Z,TRAIN,1,data/interim/gridsat/2010/gridsat_2010.11.05.09.npz,True,NIO_2010_JAL,AVAILABLE,PENDING
2010-11-05T12:00:00Z,TRAIN,1,data/interim/gridsat/2010/gridsat_2010.11.05.12.npz,True,NIO_2010_JAL,AVAILABLE,PENDING
2010-11-05T15:00:00Z,TRAIN,1,data/interim/gridsat/2010/gridsat_2010.11.05.15.npz,True,NIO_2010_JAL,AVAILABLE,PENDING
2010-11-05T18:00:00Z,TRAIN,1,data/interim/gridsat/2010/gridsat_2010.11.05.18.npz,True,NIO_2010_JAL,AVAILABLE,PENDING
2010-11-05T21:00:00Z,TRAIN,1,data/interim/gridsat/2010/gridsat_2010.11.05.21.npz,False,NIO_2010_JAL,AVAILABLE,PENDING
2010-11-06T00:00:00Z,TRAIN,1,data/interim/gridsat/2010/gridsat_2010.11.06.00.npz,True,NIO_2010_JAL,AVAILABLE,PENDING
2010-11-06T03:00:00Z,TRAIN,1,data/interim/gridsat/2010/gridsat_2010.11.06.03.npz,True,NIO_2010_JAL,AVAILABLE,PENDING
2011-06-15T15:00:00Z,TRAIN,1,data/interim/gridsat/2011/gridsat_2011.06.15.15.npz,False,NIO_2011_UNNAMED_2_3_1,AVAILABLE,PENDING
2011-06-15T18:00:00Z,TRAIN,1,data/interim/gridsat/2011/gridsat_2011.06.15.18.npz,False,NIO_2011_UNNAMED_2_3_1,AVAILABLE,PENDING
2011-06-15T21:00:00Z,TRAIN,1,data/interim/gridsat/2011/gridsat_2011.06.15.21.npz,False,NIO_2011_UNNAMED_2_3_1,AVAILABLE,PENDING
2011-06-16T00:00:00Z,TRAIN,1,data/interim/gridsat/2011/gridsat_2011.06.16.00.npz,False,NIO_2011_UNNAMED_2_3_1,AVAILABLE,PENDING
2011-06-16T03:00:00Z,TRAIN,1,data/interim/gridsat/2011/gridsat_2011.06.16.03.npz,False,NIO_2011_UNNAMED_2_3_1,AVAILABLE,PENDING
2011-06-16T06:00:00Z,TRAIN,1,data/interim/gridsat/2011/gridsat_2011.06.16.06.npz,True,NIO_2011_UNNAMED_2_3_1,AVAILABLE,PENDING
2011-06-16T09:00:00Z,TRAIN,1,data/interim/gridsat/2011/gridsat_2011.06.16.09.npz,False,NIO_2011_UNNAMED_2_3_1,AVAILABLE,PENDING
2011-06-16T12:00:00Z,TRAIN,1,data/interim/gridsat/2011/gridsat_2011.06.16.12.npz,True,NIO_2011_UNNAMED_2_3_1,AVAILABLE,PENDING
2011-06-16T15:00:00Z,TRAIN,1,data/interim/gridsat/2011/gridsat_2011.06.16.15.npz,False,NIO_2011_UNNAMED_2_3_1,AVAILABLE,PENDING
2011-06-16T18:00:00Z,TRAIN,1,data/interim/gridsat/2011/gridsat_2011.06.16.18.npz,True,NIO_2011_UNNAMED_2_3_1,AVAILABLE,PENDING
2011-06-16T21:00:00Z,TRAIN,1,data/interim/gridsat/2011/gridsat_2011.06.16.21.npz,False,NIO_2011_UNNAMED_2_3_1,AVAILABLE,PENDING
2011-06-17T00:00:00Z,TRAIN,1,data/interim/gridsat/2011/gridsat_2011.06.17.00.npz,True,NIO_2011_UNNAMED_2_3_1,AVAILABLE,PENDING
2011-06-17T03:00:00Z,TRAIN,1,data/interim/gridsat/2011/gridsat_2011.06.17.03.npz,False,NIO_2011_UNNAMED_2_3_1,AVAILABLE,PENDING
2011-06-17T06:00:00Z,TRAIN,1,data/interim/gridsat/2011/gridsat_2011.06.17.06.npz,True,NIO_2011_UNNAMED_2_3_1,AVAILABLE,PENDING
2011-06-17T09:00:00Z,TRAIN,1,data/interim/gridsat/2011/gridsat_2011.06.17.09.npz,False,NIO_2011_UNNAMED_2_3_1,AVAILABLE,PENDING
2011-06-17T12:00:00Z,TRAIN,1,data/interim/gridsat/2011/gridsat_2011.06.17.12.npz,True,NIO_2011_UNNAMED_2_3_1,AVAILABLE,PENDING
2011-06-17T15:00:00Z,TRAIN,1,data/interim/gridsat/2011/gridsat_2011.06.17.15.npz,False,NIO_2011_UNNAMED_2_3_1,AVAILABLE,PENDING
2011-06-17T18:00:00Z,TRAIN,1,data/interim/gridsat/2011/gridsat_2011.06.17.18.npz,True,NIO_2011_UNNAMED_2_3_1,AVAILABLE,PENDING
2011-06-17T21:00:00Z,TRAIN,1,data/interim/gridsat/2011/gridsat_2011.06.17.21.npz,False,NIO_2011_UNNAMED_2_3_1,AVAILABLE,PENDING
2011-06-18T00:00:00Z,TRAIN,1,data/interim/gridsat/2011/gridsat_2011.06.18.00.npz,True,NIO_2011_UNNAMED_2_3_1,AVAILABLE,PENDING
2011-06-18T03:00:00Z,TRAIN,1,data/interim/gridsat/2011/gridsat_2011.06.18.03.npz,False,NIO_2011_UNNAMED_2_3_1,AVAILABLE,PENDING
2011-06-18T06:00:00Z,TRAIN,1,data/interim/gridsat/2011/gridsat_2011.06.18.06.npz,True,NIO_2011_UNNAMED_2_3_1,AVAILABLE,PENDING
2011-06-18T09:00:00Z,TRAIN,1,data/interim/gridsat/2011/gridsat_2011.06.18.09.npz,False,NIO_2011_UNNAMED_2_3_1,AVAILABLE,PENDING
2011-06-18T12:00:00Z,TRAIN,1,data/interim/gridsat/2011/gridsat_2011.06.18.12.npz,True,NIO_2011_UNNAMED_2_3_1,AVAILABLE,PENDING
2011-06-18T15:00:00Z,TRAIN,1,data/interim/gridsat/2011/gridsat_2011.06.18.15.npz,False,NIO_2011_UNNAMED_2_3_1,AVAILABLE,PENDING
2011-06-18T18:00:00Z,TRAIN,1,data/interim/gridsat/2011/gridsat_2011.06.18.18.npz,True,NIO_2011_UNNAMED_2_3_1,AVAILABLE,PENDING
2011-06-18T21:00:00Z,TRAIN,1,data/interim/gridsat/2011/gridsat_2011.06.18.21.npz,False,NIO_2011_UNNAMED_2_3_1,AVAILABLE,PENDING
2011-06-19T00:00:00Z,TRAIN,1,data/interim/gridsat/2011/gridsat_2011.06.19.00.npz,True,NIO_2011_UNNAMED_2_3_1,AVAILABLE,PENDING
2011-06-19T03:00:00Z,TRAIN,1,data/interim/gridsat/2011/gridsat_2011.06.19.03.npz,False,NIO_2011_UNNAMED_2_3_1,AVAILABLE,PENDING
2011-06-19T06:00:00Z,TRAIN,1,data/interim/gridsat/2011/gridsat_2011.06.19.06.npz,True,NIO_2011_UNNAMED_2_3_1,AVAILABLE,PENDING
2011-06-19T09:00:00Z,TRAIN,1,data/interim/gridsat/2011/gridsat_2011.06.19.09.npz,False,NIO_2011_UNNAMED_2_3_1,AVAILABLE,PENDING
2011-06-19T12:00:00Z,TRAIN,1,data/interim/gridsat/2011/gridsat_2011.06.19.12.npz,True,NIO_2011_UNNAMED_2_3_1,AVAILABLE,PENDING
2011-06-19T15:00:00Z,TRAIN,1,data/interim/gridsat/2011/gridsat_2011.06.19.15.npz,False,NIO_2011_UNNAMED_2_3_1,AVAILABLE,PENDING
2011-06-19T18:00:00Z,TRAIN,1,data/interim/gridsat/2011/gridsat_2011.06.19.18.npz,True,NIO_2011_UNNAMED_2_3_1,AVAILABLE,PENDING
2011-06-19T21:00:00Z,TRAIN,1,data/interim/gridsat/2011/gridsat_2011.06.19.21.npz,False,NIO_2011_UNNAMED_2_3_1,AVAILABLE,PENDING
2011-06-20T00:00:00Z,TRAIN,1,data/interim/gridsat/2011/gridsat_2011.06.20.00.npz,True,NIO_2011_UNNAMED_2_3_1,AVAILABLE,PENDING
2011-06-20T03:00:00Z,TRAIN,1,data/interim/gridsat/2011/gridsat_2011.06.20.03.npz,False,NIO_2011_UNNAMED_2_3_1,AVAILABLE,PENDING
2011-06-20T06:00:00Z,TRAIN,1,data/interim/gridsat/2011/gridsat_2011.06.20.06.npz,True,NIO_2011_UNNAMED_2_3_1,AVAILABLE,PENDING
2011-06-20T09:00:00Z,TRAIN,1,data/interim/gridsat/2011/gridsat_2011.06.20.09.npz,False,NIO_2011_UNNAMED_2_3_1,AVAILABLE,PENDING
2011-06-20T12:00:00Z,TRAIN,1,data/interim/gridsat/2011/gridsat_2011.06.20.12.npz,True,NIO_2011_UNNAMED_2_3_1,AVAILABLE,PENDING
2011-06-20T15:00:00Z,TRAIN,1,data/interim/gridsat/2011/gridsat_2011.06.20.15.npz,False,NIO_2011_UNNAMED_2_3_1,AVAILABLE,PENDING
2011-06-20T18:00:00Z,TRAIN,1,data/interim/gridsat/2011/gridsat_2011.06.20.18.npz,True,NIO_2011_UNNAMED_2_3_1,AVAILABLE,PENDING
2011-10-28T15:00:00Z,TRAIN,1,data/interim/gridsat/2011/gridsat_2011.10.28.15.npz,False,NIO_2011_KEILA,AVAILABLE,PENDING
2011-10-28T18:00:00Z,TRAIN,1,data/interim/gridsat/2011/gridsat_2011.10.28.18.npz,False,NIO_2011_KEILA,AVAILABLE,PENDING
2011-10-28T21:00:00Z,TRAIN,1,data/interim/gridsat/2011/gridsat_2011.10.28.21.npz,False,NIO_2011_KEILA,AVAILABLE,PENDING
2011-10-29T00:00:00Z,TRAIN,1,data/interim/gridsat/2011/gridsat_2011.10.29.00.npz,False,NIO_2011_KEILA,AVAILABLE,PENDING
2011-10-29T03:00:00Z,TRAIN,1,data/interim/gridsat/2011/gridsat_2011.10.29.03.npz,False,NIO_2011_KEILA,AVAILABLE,PENDING
2011-10-29T06:00:00Z,TRAIN,1,data/interim/gridsat/2011/gridsat_2011.10.29.06.npz,True,NIO_2011_KEILA,AVAILABLE,PENDING
2011-10-29T09:00:00Z,TRAIN,1,data/interim/gridsat/2011/gridsat_2011.10.29.09.npz,False,NIO_2011_KEILA,AVAILABLE,PENDING
2011-10-29T12:00:00Z,TRAIN,1,data/interim/gridsat/2011/gridsat_2011.10.29.12.npz,False,NIO_2011_KEILA,AVAILABLE,PENDING
2011-10-29T15:00:00Z,TRAIN,1,data/interim/gridsat/2011/gridsat_2011.10.29.15.npz,False,NIO_2011_KEILA,AVAILABLE,PENDING
2011-10-29T18:00:00Z,TRAIN,1,data/interim/gridsat/2011/gridsat_2011.10.29.18.npz,True,NIO_2011_KEILA,AVAILABLE,PENDING
2011-10-29T21:00:00Z,TRAIN,1,data/interim/gridsat/2011/gridsat_2011.10.29.21.npz,False,NIO_2011_KEILA,AVAILABLE,PENDING
2011-10-30T00:00:00Z,TRAIN,1,data/interim/gridsat/2011/gridsat_2011.10.30.00.npz,False,NIO_2011_KEILA,AVAILABLE,PENDING
2011-10-30T03:00:00Z,TRAIN,1,data/interim/gridsat/2011/gridsat_2011.10.30.03.npz,False,NIO_2011_KEILA,AVAILABLE,PENDING
2011-10-30T06:00:00Z,TRAIN,1,data/interim/gridsat/2011/gridsat_2011.10.30.06.npz,True,NIO_2011_KEILA,AVAILABLE,PENDING
2011-10-30T09:00:00Z,TRAIN,1,data/interim/gridsat/2011/gridsat_2011.10.30.09.npz,False,NIO_2011_KEILA,AVAILABLE,PENDING
2011-10-30T12:00:00Z,TRAIN,1,data/interim/gridsat/2011/gridsat_2011.10.30.12.npz,True,NIO_2011_KEILA,AVAILABLE,PENDING
2011-10-30T15:00:00Z,TRAIN,1,data/interim/gridsat/2011/gridsat_2011.10.30.15.npz,False,NIO_2011_KEILA,AVAILABLE,PENDING
2011-10-30T18:00:00Z,TRAIN,1,data/interim/gridsat/2011/gridsat_2011.10.30.18.npz,True,NIO_2011_KEILA,AVAILABLE,PENDING
2011-10-30T21:00:00Z,TRAIN,1,data/interim/gridsat/2011/gridsat_2011.10.30.21.npz,False,NIO_2011_KEILA,AVAILABLE,PENDING
2011-10-31T00:00:00Z,TRAIN,1,data/interim/gridsat/2011/gridsat_2011.10.31.00.npz,True,NIO_2011_KEILA,AVAILABLE,PENDING
2011-10-31T03:00:00Z,TRAIN,1,data/interim/gridsat/2011/gridsat_2011.10.31.03.npz,False,NIO_2011_KEILA,AVAILABLE,PENDING
2011-10-31T06:00:00Z,TRAIN,1,data/interim/gridsat/2011/gridsat_2011.10.31.06.npz,True,NIO_2011_KEILA,AVAILABLE,PENDING
2011-10-31T09:00:00Z,TRAIN,1,data/interim/gridsat/2011/gridsat_2011.10.31.09.npz,False,NIO_2011_KEILA,AVAILABLE,PENDING
2011-10-31T12:00:00Z,TRAIN,1,data/interim/gridsat/2011/gridsat_2011.10.31.12.npz,True,NIO_2011_KEILA,AVAILABLE,PENDING
2011-10-31T15:00:00Z,TRAIN,1,data/interim/gridsat/2011/gridsat_2011.10.31.15.npz,False,NIO_2011_KEILA,AVAILABLE,PENDING
2011-10-31T18:00:00Z,TRAIN,1,data/interim/gridsat/2011/gridsat_2011.10.31.18.npz,True,NIO_2011_KEILA,AVAILABLE,PENDING
2011-11-05T15:00:00Z,TRAIN,1,data/interim/gridsat/2011/gridsat_2011.11.05.15.npz,False,NIO_2011_UNNAMED_2_8_1,AVAILABLE,PENDING
2011-11-05T18:00:00Z,TRAIN,1,data/interim/gridsat/2011/gridsat_2011.11.05.18.npz,False,NIO_2011_UNNAMED_2_8_1,AVAILABLE,PENDING
2011-11-05T21:00:00Z,TRAIN,1,data/interim/gridsat/2011/gridsat_2011.11.05.21.npz,False,NIO_2011_UNNAMED_2_8_1,AVAILABLE,PENDING
2011-11-06T00:00:00Z,TRAIN,1,data/interim/gridsat/2011/gridsat_2011.11.06.00.npz,False,NIO_2011_UNNAMED_2_8_1,AVAILABLE,PENDING
2011-11-06T03:00:00Z,TRAIN,1,data/interim/gridsat/2011/gridsat_2011.11.06.03.npz,False,NIO_2011_UNNAMED_2_8_1,AVAILABLE,PENDING
2011-11-06T06:00:00Z,TRAIN,1,data/interim/gridsat/2011/gridsat_2011.11.06.06.npz,True,NIO_2011_UNNAMED_2_8_1,AVAILABLE,PENDING
2011-11-06T09:00:00Z,TRAIN,1,data/interim/gridsat/2011/gridsat_2011.11.06.09.npz,False,NIO_2011_UNNAMED_2_8_1,AVAILABLE,PENDING
2011-11-06T12:00:00Z,TRAIN,1,data/interim/gridsat/2011/gridsat_2011.11.06.12.npz,True,NIO_2011_UNNAMED_2_8_1,AVAILABLE,PENDING
2011-11-06T15:00:00Z,TRAIN,1,data/interim/gridsat/2011/gridsat_2011.11.06.15.npz,False,NIO_2011_UNNAMED_2_8_1,AVAILABLE,PENDING
2011-11-06T18:00:00Z,TRAIN,1,data/interim/gridsat/2011/gridsat_2011.11.06.18.npz,True,NIO_2011_UNNAMED_2_8_1,AVAILABLE,PENDING
2011-11-06T21:00:00Z,TRAIN,1,data/interim/gridsat/2011/gridsat_2011.11.06.21.npz,False,NIO_2011_UNNAMED_2_8_1,AVAILABLE,PENDING
2011-11-07T00:00:00Z,TRAIN,1,data/interim/gridsat/2011/gridsat_2011.11.07.00.npz,True,NIO_2011_UNNAMED_2_8_1,AVAILABLE,PENDING
2011-11-07T03:00:00Z,TRAIN,1,data/interim/gridsat/2011/gridsat_2011.11.07.03.npz,False,NIO_2011_UNNAMED_2_8_1,AVAILABLE,PENDING
2011-11-07T06:00:00Z,TRAIN,1,data/interim/gridsat/2011/gridsat_2011.11.07.06.npz,True,NIO_2011_UNNAMED_2_8_1,AVAILABLE,PENDING
2011-11-07T09:00:00Z,TRAIN,1,data/interim/gridsat/2011/gridsat_2011.11.07.09.npz,False,NIO_2011_UNNAMED_2_8_1,AVAILABLE,PENDING
2011-11-07T12:00:00Z,TRAIN,1,data/interim/gridsat/2011/gridsat_2011.11.07.12.npz,True,NIO_2011_UNNAMED_2_8_1,AVAILABLE,PENDING
2011-11-07T15:00:00Z,TRAIN,1,data/interim/gridsat/2011/gridsat_2011.11.07.15.npz,False,NIO_2011_UNNAMED_2_8_1,AVAILABLE,PENDING
2011-11-07T18:00:00Z,TRAIN,1,data/interim/gridsat/2011/gridsat_2011.11.07.18.npz,True,NIO_2011_UNNAMED_2_8_1,AVAILABLE,PENDING
2011-11-07T21:00:00Z,TRAIN,1,data/interim/gridsat/2011/gridsat_2011.11.07.21.npz,False,NIO_2011_UNNAMED_2_8_1,AVAILABLE,PENDING
2011-11-08T00:00:00Z,TRAIN,1,data/interim/gridsat/2011/gridsat_2011.11.08.00.npz,True,NIO_2011_UNNAMED_2_8_1,AVAILABLE,PENDING
2011-11-25T15:00:00Z,TRAIN,1,data/interim/gridsat/2011/gridsat_2011.11.25.15.npz,False,NIO_2011_UNNAMED_2_9_1,AVAILABLE,PENDING
2011-11-25T18:00:00Z,TRAIN,1,data/interim/gridsat/2011/gridsat_2011.11.25.18.npz,False,NIO_2011_UNNAMED_2_9_1,AVAILABLE,PENDING
2011-11-25T21:00:00Z,TRAIN,1,data/interim/gridsat/2011/gridsat_2011.11.25.21.npz,False,NIO_2011_UNNAMED_2_9_1,AVAILABLE,PENDING
2011-11-26T00:00:00Z,TRAIN,1,data/interim/gridsat/2011/gridsat_2011.11.26.00.npz,False,NIO_2011_UNNAMED_2_9_1,AVAILABLE,PENDING
2011-11-26T03:00:00Z,TRAIN,1,data/interim/gridsat/2011/gridsat_2011.11.26.03.npz,False,NIO_2011_UNNAMED_2_9_1,AVAILABLE,PENDING
2011-11-26T06:00:00Z,TRAIN,1,data/interim/gridsat/2011/gridsat_2011.11.26.06.npz,True,NIO_2011_UNNAMED_2_9_1,AVAILABLE,PENDING
2011-11-26T09:00:00Z,TRAIN,1,data/interim/gridsat/2011/gridsat_2011.11.26.09.npz,False,NIO_2011_UNNAMED_2_9_1,AVAILABLE,PENDING
2011-11-26T12:00:00Z,TRAIN,1,data/interim/gridsat/2011/gridsat_2011.11.26.12.npz,True,NIO_2011_UNNAMED_2_9_1,AVAILABLE,PENDING
2011-11-26T15:00:00Z,TRAIN,1,data/interim/gridsat/2011/gridsat_2011.11.26.15.npz,False,NIO_2011_UNNAMED_2_9_1,AVAILABLE,PENDING
2011-11-26T18:00:00Z,TRAIN,1,data/interim/gridsat/2011/gridsat_2011.11.26.18.npz,False,NIO_2011_UNNAMED_2_9_1,AVAILABLE,PENDING
2011-11-26T21:00:00Z,TRAIN,1,data/interim/gridsat/2011/gridsat_2011.11.26.21.npz,False,NIO_2011_UNNAMED_2_9_1,AVAILABLE,PENDING
2011-11-27T00:00:00Z,TRAIN,1,data/interim/gridsat/2011/gridsat_2011.11.27.00.npz,True,NIO_2011_UNNAMED_2_9_1,AVAILABLE,PENDING
2011-11-27T03:00:00Z,TRAIN,1,data/interim/gridsat/2011/gridsat_2011.11.27.03.npz,False,NIO_2011_UNNAMED_2_9_1,AVAILABLE,PENDING
2011-11-27T06:00:00Z,TRAIN,1,data/interim/gridsat/2011/gridsat_2011.11.27.06.npz,False,NIO_2011_UNNAMED_2_9_1,AVAILABLE,PENDING
2011-11-27T09:00:00Z,TRAIN,1,data/interim/gridsat/2011/gridsat_2011.11.27.09.npz,False,NIO_2011_UNNAMED_2_9_1,AVAILABLE,PENDING
2011-11-27T12:00:00Z,TRAIN,1,data/interim/gridsat/2011/gridsat_2011.11.27.12.npz,True,NIO_2011_UNNAMED_2_9_1,AVAILABLE,PENDING
2011-11-27T15:00:00Z,TRAIN,1,data/interim/gridsat/2011/gridsat_2011.11.27.15.npz,False,NIO_2011_UNNAMED_2_9_1,AVAILABLE,PENDING
2011-11-27T18:00:00Z,TRAIN,1,data/interim/gridsat/2011/gridsat_2011.11.27.18.npz,False,NIO_2011_UNNAMED_2_9_1,AVAILABLE,PENDING
2011-11-27T21:00:00Z,TRAIN,1,data/interim/gridsat/2011/gridsat_2011.11.27.21.npz,False,NIO_2011_UNNAMED_2_9_1,AVAILABLE,PENDING
2011-11-28T00:00:00Z,TRAIN,1,data/interim/gridsat/2011/gridsat_2011.11.28.00.npz,True,NIO_2011_UNNAMED_2_9_1,AVAILABLE,PENDING
2011-11-28T03:00:00Z,TRAIN,1,data/interim/gridsat/2011/gridsat_2011.11.28.03.npz,False,NIO_2011_UNNAMED_2_9_1,AVAILABLE,PENDING
2011-11-28T06:00:00Z,TRAIN,1,data/interim/gridsat/2011/gridsat_2011.11.28.06.npz,True,NIO_2011_UNNAMED_2_9_1,AVAILABLE,PENDING
2011-11-28T09:00:00Z,TRAIN,1,data/interim/gridsat/2011/gridsat_2011.11.28.09.npz,False,NIO_2011_UNNAMED_2_9_1,AVAILABLE,PENDING
2011-11-28T12:00:00Z,TRAIN,1,data/interim/gridsat/2011/gridsat_2011.11.28.12.npz,True,NIO_2011_UNNAMED_2_9_1,AVAILABLE,PENDING
2011-11-28T15:00:00Z,TRAIN,1,data/interim/gridsat/2011/gridsat_2011.11.28.15.npz,False,NIO_2011_UNNAMED_2_9_1,AVAILABLE,PENDING
2011-11-28T18:00:00Z,TRAIN,1,data/interim/gridsat/2011/gridsat_2011.11.28.18.npz,True,NIO_2011_UNNAMED_2_9_1,AVAILABLE,PENDING
2011-11-28T21:00:00Z,TRAIN,1,data/interim/gridsat/2011/gridsat_2011.11.28.21.npz,False,NIO_2011_UNNAMED_2_9_1,AVAILABLE,PENDING
2011-11-29T00:00:00Z,TRAIN,1,data/interim/gridsat/2011/gridsat_2011.11.29.00.npz,True,NIO_2011_UNNAMED_2_9_1,AVAILABLE,PENDING
2011-11-29T03:00:00Z,TRAIN,1,data/interim/gridsat/2011/gridsat_2011.11.29.03.npz,False,NIO_2011_UNNAMED_2_9_1,AVAILABLE,PENDING
2011-11-29T06:00:00Z,TRAIN,1,data/interim/gridsat/2011/gridsat_2011.11.29.06.npz,True,NIO_2011_UNNAMED_2_9_1,AVAILABLE,PENDING
2011-12-24T21:00:00Z,TRAIN,1,data/interim/gridsat/2011/gridsat_2011.12.24.21.npz,False,NIO_2011_THANE,AVAILABLE,PENDING
2011-12-25T00:00:00Z,TRAIN,1,data/interim/gridsat/2011/gridsat_2011.12.25.00.npz,False,NIO_2011_THANE,AVAILABLE,PENDING
2011-12-25T03:00:00Z,TRAIN,1,data/interim/gridsat/2011/gridsat_2011.12.25.03.npz,False,NIO_2011_THANE,AVAILABLE,PENDING
2011-12-25T06:00:00Z,TRAIN,1,data/interim/gridsat/2011/gridsat_2011.12.25.06.npz,False,NIO_2011_THANE,AVAILABLE,PENDING
2011-12-25T09:00:00Z,TRAIN,1,data/interim/gridsat/2011/gridsat_2011.12.25.09.npz,False,NIO_2011_THANE,AVAILABLE,PENDING
2011-12-25T12:00:00Z,TRAIN,1,data/interim/gridsat/2011/gridsat_2011.12.25.12.npz,True,NIO_2011_THANE,AVAILABLE,PENDING
2011-12-25T15:00:00Z,TRAIN,1,data/interim/gridsat/2011/gridsat_2011.12.25.15.npz,False,NIO_2011_THANE,AVAILABLE,PENDING
2011-12-25T18:00:00Z,TRAIN,1,data/interim/gridsat/2011/gridsat_2011.12.25.18.npz,True,NIO_2011_THANE,AVAILABLE,PENDING
2011-12-25T21:00:00Z,TRAIN,1,data/interim/gridsat/2011/gridsat_2011.12.25.21.npz,False,NIO_2011_THANE,AVAILABLE,PENDING
2011-12-26T00:00:00Z,TRAIN,1,data/interim/gridsat/2011/gridsat_2011.12.26.00.npz,True,NIO_2011_THANE,AVAILABLE,PENDING
2011-12-26T03:00:00Z,TRAIN,1,data/interim/gridsat/2011/gridsat_2011.12.26.03.npz,False,NIO_2011_THANE,AVAILABLE,PENDING
2011-12-26T06:00:00Z,TRAIN,1,data/interim/gridsat/2011/gridsat_2011.12.26.06.npz,True,NIO_2011_THANE,AVAILABLE,PENDING
2011-12-26T09:00:00Z,TRAIN,1,data/interim/gridsat/2011/gridsat_2011.12.26.09.npz,False,NIO_2011_THANE,AVAILABLE,PENDING
2011-12-26T12:00:00Z,TRAIN,1,data/interim/gridsat/2011/gridsat_2011.12.26.12.npz,True,NIO_2011_THANE,AVAILABLE,PENDING
2011-12-26T15:00:00Z,TRAIN,1,data/interim/gridsat/2011/gridsat_2011.12.26.15.npz,False,NIO_2011_THANE,AVAILABLE,PENDING
2011-12-26T18:00:00Z,TRAIN,1,data/interim/gridsat/2011/gridsat_2011.12.26.18.npz,True,NIO_2011_THANE,AVAILABLE,PENDING
2011-12-26T21:00:00Z,TRAIN,1,data/interim/gridsat/2011/gridsat_2011.12.26.21.npz,True,NIO_2011_THANE,AVAILABLE,PENDING
2011-12-27T00:00:00Z,TRAIN,1,data/interim/gridsat/2011/gridsat_2011.12.27.00.npz,True,NIO_2011_THANE,AVAILABLE,PENDING
2011-12-27T03:00:00Z,TRAIN,1,data/interim/gridsat/2011/gridsat_2011.12.27.03.npz,True,NIO_2011_THANE,AVAILABLE,PENDING
2011-12-27T06:00:00Z,TRAIN,1,data/interim/gridsat/2011/gridsat_2011.12.27.06.npz,True,NIO_2011_THANE,AVAILABLE,PENDING
2011-12-27T09:00:00Z,TRAIN,1,data/interim/gridsat/2011/gridsat_2011.12.27.09.npz,True,NIO_2011_THANE,AVAILABLE,PENDING
2011-12-27T12:00:00Z,TRAIN,1,data/interim/gridsat/2011/gridsat_2011.12.27.12.npz,True,NIO_2011_THANE,AVAILABLE,PENDING
2011-12-27T15:00:00Z,TRAIN,1,data/interim/gridsat/2011/gridsat_2011.12.27.15.npz,True,NIO_2011_THANE,AVAILABLE,PENDING
2011-12-27T18:00:00Z,TRAIN,1,data/interim/gridsat/2011/gridsat_2011.12.27.18.npz,True,NIO_2011_THANE,AVAILABLE,PENDING
2011-12-27T21:00:00Z,TRAIN,1,data/interim/gridsat/2011/gridsat_2011.12.27.21.npz,True,NIO_2011_THANE,AVAILABLE,PENDING
2011-12-28T00:00:00Z,TRAIN,1,data/interim/gridsat/2011/gridsat_2011.12.28.00.npz,True,NIO_2011_THANE,AVAILABLE,PENDING
2011-12-28T03:00:00Z,TRAIN,1,data/interim/gridsat/2011/gridsat_2011.12.28.03.npz,True,NIO_2011_THANE,AVAILABLE,PENDING
2011-12-28T06:00:00Z,TRAIN,1,data/interim/gridsat/2011/gridsat_2011.12.28.06.npz,True,NIO_2011_THANE,AVAILABLE,PENDING
2011-12-28T09:00:00Z,TRAIN,1,data/interim/gridsat/2011/gridsat_2011.12.28.09.npz,False,NIO_2011_THANE,AVAILABLE,PENDING
2011-12-28T12:00:00Z,TRAIN,1,data/interim/gridsat/2011/gridsat_2011.12.28.12.npz,True,NIO_2011_THANE,AVAILABLE,PENDING
2012-10-27T15:00:00Z,TRAIN,1,data/interim/gridsat/2012/gridsat_2012.10.27.15.npz,False,NIO_2012_NILAM,AVAILABLE,PENDING
2012-10-27T18:00:00Z,TRAIN,1,data/interim/gridsat/2012/gridsat_2012.10.27.18.npz,False,NIO_2012_NILAM,AVAILABLE,PENDING
2012-10-27T21:00:00Z,TRAIN,1,data/interim/gridsat/2012/gridsat_2012.10.27.21.npz,False,NIO_2012_NILAM,AVAILABLE,PENDING
2012-10-28T00:00:00Z,TRAIN,1,data/interim/gridsat/2012/gridsat_2012.10.28.00.npz,False,NIO_2012_NILAM,AVAILABLE,PENDING
2012-10-28T03:00:00Z,TRAIN,1,data/interim/gridsat/2012/gridsat_2012.10.28.03.npz,False,NIO_2012_NILAM,AVAILABLE,PENDING
2012-10-28T06:00:00Z,TRAIN,1,data/interim/gridsat/2012/gridsat_2012.10.28.06.npz,True,NIO_2012_NILAM,AVAILABLE,PENDING
2012-10-28T09:00:00Z,TRAIN,1,data/interim/gridsat/2012/gridsat_2012.10.28.09.npz,False,NIO_2012_NILAM,AVAILABLE,PENDING
2012-10-28T12:00:00Z,TRAIN,1,data/interim/gridsat/2012/gridsat_2012.10.28.12.npz,True,NIO_2012_NILAM,AVAILABLE,PENDING
2012-10-28T15:00:00Z,TRAIN,1,data/interim/gridsat/2012/gridsat_2012.10.28.15.npz,False,NIO_2012_NILAM,AVAILABLE,PENDING
2012-10-28T18:00:00Z,TRAIN,1,data/interim/gridsat/2012/gridsat_2012.10.28.18.npz,True,NIO_2012_NILAM,AVAILABLE,PENDING
2012-10-28T21:00:00Z,TRAIN,1,data/interim/gridsat/2012/gridsat_2012.10.28.21.npz,False,NIO_2012_NILAM,AVAILABLE,PENDING
2012-10-29T00:00:00Z,TRAIN,1,data/interim/gridsat/2012/gridsat_2012.10.29.00.npz,False,NIO_2012_NILAM,AVAILABLE,PENDING
2012-10-29T03:00:00Z,TRAIN,1,data/interim/gridsat/2012/gridsat_2012.10.29.03.npz,False,NIO_2012_NILAM,AVAILABLE,PENDING
2012-10-29T06:00:00Z,TRAIN,1,data/interim/gridsat/2012/gridsat_2012.10.29.06.npz,True,NIO_2012_NILAM,AVAILABLE,PENDING
2012-11-16T15:00:00Z,TRAIN,1,data/interim/gridsat/2012/gridsat_2012.11.16.15.npz,False,NIO_2012_UNNAMED_2_4_1,AVAILABLE,PENDING
2012-11-16T18:00:00Z,TRAIN,1,data/interim/gridsat/2012/gridsat_2012.11.16.18.npz,False,NIO_2012_UNNAMED_2_4_1,AVAILABLE,PENDING
2012-11-16T21:00:00Z,TRAIN,1,data/interim/gridsat/2012/gridsat_2012.11.16.21.npz,False,NIO_2012_UNNAMED_2_4_1,AVAILABLE,PENDING
2012-11-17T00:00:00Z,TRAIN,1,data/interim/gridsat/2012/gridsat_2012.11.17.00.npz,False,NIO_2012_UNNAMED_2_4_1,AVAILABLE,PENDING
2012-11-17T03:00:00Z,TRAIN,1,data/interim/gridsat/2012/gridsat_2012.11.17.03.npz,False,NIO_2012_UNNAMED_2_4_1,AVAILABLE,PENDING
2012-11-17T06:00:00Z,TRAIN,1,data/interim/gridsat/2012/gridsat_2012.11.17.06.npz,True,NIO_2012_UNNAMED_2_4_1,AVAILABLE,PENDING
2012-11-17T09:00:00Z,TRAIN,1,data/interim/gridsat/2012/gridsat_2012.11.17.09.npz,False,NIO_2012_UNNAMED_2_4_1,AVAILABLE,PENDING
2012-11-17T12:00:00Z,TRAIN,1,data/interim/gridsat/2012/gridsat_2012.11.17.12.npz,True,NIO_2012_UNNAMED_2_4_1,AVAILABLE,PENDING
2012-12-21T21:00:00Z,TRAIN,1,data/interim/gridsat/2012/gridsat_2012.12.21.21.npz,False,NIO_2012_ECEMBER,AVAILABLE,PENDING
2012-12-22T00:00:00Z,TRAIN,1,data/interim/gridsat/2012/gridsat_2012.12.22.00.npz,False,NIO_2012_ECEMBER,AVAILABLE,PENDING
2012-12-22T03:00:00Z,TRAIN,1,data/interim/gridsat/2012/gridsat_2012.12.22.03.npz,False,NIO_2012_ECEMBER,AVAILABLE,PENDING
2012-12-22T06:00:00Z,TRAIN,1,data/interim/gridsat/2012/gridsat_2012.12.22.06.npz,False,NIO_2012_ECEMBER,AVAILABLE,PENDING
2012-12-22T09:00:00Z,TRAIN,1,data/interim/gridsat/2012/gridsat_2012.12.22.09.npz,False,NIO_2012_ECEMBER,AVAILABLE,PENDING
2012-12-22T12:00:00Z,TRAIN,1,data/interim/gridsat/2012/gridsat_2012.12.22.12.npz,True,NIO_2012_ECEMBER,AVAILABLE,PENDING
2013-05-09T21:00:00Z,TRAIN,1,data/interim/gridsat/2013/gridsat_2013.05.09.21.npz,False,NIO_2013_VIYARU,AVAILABLE,PENDING
2013-05-10T00:00:00Z,TRAIN,1,data/interim/gridsat/2013/gridsat_2013.05.10.00.npz,False,NIO_2013_VIYARU,AVAILABLE,PENDING
2013-05-10T03:00:00Z,TRAIN,1,data/interim/gridsat/2013/gridsat_2013.05.10.03.npz,False,NIO_2013_VIYARU,AVAILABLE,PENDING
2013-05-10T06:00:00Z,TRAIN,1,data/interim/gridsat/2013/gridsat_2013.05.10.06.npz,False,NIO_2013_VIYARU,AVAILABLE,PENDING
2013-05-10T09:00:00Z,TRAIN,1,data/interim/gridsat/2013/gridsat_2013.05.10.09.npz,False,NIO_2013_VIYARU,AVAILABLE,PENDING
2013-05-10T12:00:00Z,TRAIN,1,data/interim/gridsat/2013/gridsat_2013.05.10.12.npz,True,NIO_2013_VIYARU,AVAILABLE,PENDING
2013-05-10T15:00:00Z,TRAIN,1,data/interim/gridsat/2013/gridsat_2013.05.10.15.npz,False,NIO_2013_VIYARU,AVAILABLE,PENDING
2013-05-10T18:00:00Z,TRAIN,1,data/interim/gridsat/2013/gridsat_2013.05.10.18.npz,True,NIO_2013_VIYARU,AVAILABLE,PENDING
2013-05-10T21:00:00Z,TRAIN,1,data/interim/gridsat/2013/gridsat_2013.05.10.21.npz,False,NIO_2013_VIYARU,AVAILABLE,PENDING
2013-05-11T00:00:00Z,TRAIN,1,data/interim/gridsat/2013/gridsat_2013.05.11.00.npz,True,NIO_2013_VIYARU,AVAILABLE,PENDING
2013-05-11T03:00:00Z,TRAIN,1,data/interim/gridsat/2013/gridsat_2013.05.11.03.npz,True,NIO_2013_VIYARU,AVAILABLE,PENDING
2013-05-11T06:00:00Z,TRAIN,1,data/interim/gridsat/2013/gridsat_2013.05.11.06.npz,True,NIO_2013_VIYARU,AVAILABLE,PENDING
2013-05-11T09:00:00Z,TRAIN,1,data/interim/gridsat/2013/gridsat_2013.05.11.09.npz,True,NIO_2013_VIYARU,AVAILABLE,PENDING
2013-05-11T12:00:00Z,TRAIN,1,data/interim/gridsat/2013/gridsat_2013.05.11.12.npz,True,NIO_2013_VIYARU,AVAILABLE,PENDING
2013-05-11T15:00:00Z,TRAIN,1,data/interim/gridsat/2013/gridsat_2013.05.11.15.npz,True,NIO_2013_VIYARU,AVAILABLE,PENDING
2013-05-11T18:00:00Z,TRAIN,1,data/interim/gridsat/2013/gridsat_2013.05.11.18.npz,True,NIO_2013_VIYARU,AVAILABLE,PENDING
2013-05-11T21:00:00Z,TRAIN,1,data/interim/gridsat/2013/gridsat_2013.05.11.21.npz,True,NIO_2013_VIYARU,AVAILABLE,PENDING
2013-05-12T00:00:00Z,TRAIN,1,data/interim/gridsat/2013/gridsat_2013.05.12.00.npz,True,NIO_2013_VIYARU,AVAILABLE,PENDING
2013-05-12T03:00:00Z,TRAIN,1,data/interim/gridsat/2013/gridsat_2013.05.12.03.npz,True,NIO_2013_VIYARU,AVAILABLE,PENDING
2013-05-12T06:00:00Z,TRAIN,1,data/interim/gridsat/2013/gridsat_2013.05.12.06.npz,True,NIO_2013_VIYARU,AVAILABLE,PENDING
2013-05-12T09:00:00Z,TRAIN,1,data/interim/gridsat/2013/gridsat_2013.05.12.09.npz,True,NIO_2013_VIYARU,AVAILABLE,PENDING
2013-05-12T12:00:00Z,TRAIN,1,data/interim/gridsat/2013/gridsat_2013.05.12.12.npz,True,NIO_2013_VIYARU,AVAILABLE,PENDING
2013-05-12T15:00:00Z,TRAIN,1,data/interim/gridsat/2013/gridsat_2013.05.12.15.npz,True,NIO_2013_VIYARU,AVAILABLE,PENDING
2013-05-12T18:00:00Z,TRAIN,1,data/interim/gridsat/2013/gridsat_2013.05.12.18.npz,True,NIO_2013_VIYARU,AVAILABLE,PENDING
2013-05-12T21:00:00Z,TRAIN,1,data/interim/gridsat/2013/gridsat_2013.05.12.21.npz,True,NIO_2013_VIYARU,AVAILABLE,PENDING
2013-05-13T00:00:00Z,TRAIN,1,data/interim/gridsat/2013/gridsat_2013.05.13.00.npz,True,NIO_2013_VIYARU,AVAILABLE,PENDING
2013-05-13T03:00:00Z,TRAIN,1,data/interim/gridsat/2013/gridsat_2013.05.13.03.npz,True,NIO_2013_VIYARU,AVAILABLE,PENDING
2013-05-13T06:00:00Z,TRAIN,1,data/interim/gridsat/2013/gridsat_2013.05.13.06.npz,True,NIO_2013_VIYARU,AVAILABLE,PENDING
2013-05-28T12:00:00Z,TRAIN,1,data/interim/gridsat/2013/gridsat_2013.05.28.12.npz,False,NIO_2013_UNNAMED_2_2_1,AVAILABLE,PENDING
2013-05-28T15:00:00Z,TRAIN,1,data/interim/gridsat/2013/gridsat_2013.05.28.15.npz,False,NIO_2013_UNNAMED_2_2_1,AVAILABLE,PENDING
2013-05-28T18:00:00Z,TRAIN,1,data/interim/gridsat/2013/gridsat_2013.05.28.18.npz,False,NIO_2013_UNNAMED_2_2_1,AVAILABLE,PENDING
2013-05-28T21:00:00Z,TRAIN,1,data/interim/gridsat/2013/gridsat_2013.05.28.21.npz,False,NIO_2013_UNNAMED_2_2_1,AVAILABLE,PENDING
2013-05-29T00:00:00Z,TRAIN,1,data/interim/gridsat/2013/gridsat_2013.05.29.00.npz,False,NIO_2013_UNNAMED_2_2_1,AVAILABLE,PENDING
2013-05-29T03:00:00Z,TRAIN,1,data/interim/gridsat/2013/gridsat_2013.05.29.03.npz,True,NIO_2013_UNNAMED_2_2_1,AVAILABLE,PENDING
2013-05-29T06:00:00Z,TRAIN,1,data/interim/gridsat/2013/gridsat_2013.05.29.06.npz,True,NIO_2013_UNNAMED_2_2_1,AVAILABLE,PENDING
2013-10-07T15:00:00Z,TRAIN,1,data/interim/gridsat/2013/gridsat_2013.10.07.15.npz,False,NIO_2013_PHAILIN,AVAILABLE,PENDING
2013-10-07T18:00:00Z,TRAIN,1,data/interim/gridsat/2013/gridsat_2013.10.07.18.npz,False,NIO_2013_PHAILIN,AVAILABLE,PENDING
2013-10-07T21:00:00Z,TRAIN,1,data/interim/gridsat/2013/gridsat_2013.10.07.21.npz,False,NIO_2013_PHAILIN,AVAILABLE,PENDING
2013-10-08T00:00:00Z,TRAIN,1,data/interim/gridsat/2013/gridsat_2013.10.08.00.npz,False,NIO_2013_PHAILIN,AVAILABLE,PENDING
2013-10-08T03:00:00Z,TRAIN,1,data/interim/gridsat/2013/gridsat_2013.10.08.03.npz,False,NIO_2013_PHAILIN,AVAILABLE,PENDING
2013-10-08T06:00:00Z,TRAIN,1,data/interim/gridsat/2013/gridsat_2013.10.08.06.npz,True,NIO_2013_PHAILIN,AVAILABLE,PENDING
2013-10-08T09:00:00Z,TRAIN,1,data/interim/gridsat/2013/gridsat_2013.10.08.09.npz,False,NIO_2013_PHAILIN,AVAILABLE,PENDING
2013-10-08T12:00:00Z,TRAIN,1,data/interim/gridsat/2013/gridsat_2013.10.08.12.npz,True,NIO_2013_PHAILIN,AVAILABLE,PENDING
2013-10-08T15:00:00Z,TRAIN,1,data/interim/gridsat/2013/gridsat_2013.10.08.15.npz,False,NIO_2013_PHAILIN,AVAILABLE,PENDING
2013-10-08T18:00:00Z,TRAIN,1,data/interim/gridsat/2013/gridsat_2013.10.08.18.npz,True,NIO_2013_PHAILIN,AVAILABLE,PENDING
2013-10-08T21:00:00Z,TRAIN,1,data/interim/gridsat/2013/gridsat_2013.10.08.21.npz,False,NIO_2013_PHAILIN,AVAILABLE,PENDING
2013-10-09T00:00:00Z,TRAIN,1,data/interim/gridsat/2013/gridsat_2013.10.09.00.npz,True,NIO_2013_PHAILIN,AVAILABLE,PENDING
2013-10-09T03:00:00Z,TRAIN,1,data/interim/gridsat/2013/gridsat_2013.10.09.03.npz,True,NIO_2013_PHAILIN,AVAILABLE,PENDING
2013-10-09T06:00:00Z,TRAIN,1,data/interim/gridsat/2013/gridsat_2013.10.09.06.npz,True,NIO_2013_PHAILIN,AVAILABLE,PENDING
2013-10-09T09:00:00Z,TRAIN,1,data/interim/gridsat/2013/gridsat_2013.10.09.09.npz,True,NIO_2013_PHAILIN,AVAILABLE,PENDING
2013-10-09T12:00:00Z,TRAIN,1,data/interim/gridsat/2013/gridsat_2013.10.09.12.npz,True,NIO_2013_PHAILIN,AVAILABLE,PENDING
2013-10-09T15:00:00Z,TRAIN,1,data/interim/gridsat/2013/gridsat_2013.10.09.15.npz,True,NIO_2013_PHAILIN,AVAILABLE,PENDING
2013-10-09T18:00:00Z,TRAIN,1,data/interim/gridsat/2013/gridsat_2013.10.09.18.npz,True,NIO_2013_PHAILIN,AVAILABLE,PENDING
2013-10-09T21:00:00Z,TRAIN,1,data/interim/gridsat/2013/gridsat_2013.10.09.21.npz,True,NIO_2013_PHAILIN,AVAILABLE,PENDING
2013-10-10T00:00:00Z,TRAIN,1,data/interim/gridsat/2013/gridsat_2013.10.10.00.npz,True,NIO_2013_PHAILIN,AVAILABLE,PENDING
2013-10-10T03:00:00Z,TRAIN,1,data/interim/gridsat/2013/gridsat_2013.10.10.03.npz,True,NIO_2013_PHAILIN,AVAILABLE,PENDING
2013-10-10T06:00:00Z,TRAIN,1,data/interim/gridsat/2013/gridsat_2013.10.10.06.npz,True,NIO_2013_PHAILIN,AVAILABLE,PENDING
2013-10-10T09:00:00Z,TRAIN,1,data/interim/gridsat/2013/gridsat_2013.10.10.09.npz,True,NIO_2013_PHAILIN,AVAILABLE,PENDING
2013-10-10T12:00:00Z,TRAIN,1,data/interim/gridsat/2013/gridsat_2013.10.10.12.npz,True,NIO_2013_PHAILIN,AVAILABLE,PENDING
2013-10-10T15:00:00Z,TRAIN,1,data/interim/gridsat/2013/gridsat_2013.10.10.15.npz,True,NIO_2013_PHAILIN,AVAILABLE,PENDING
2013-10-10T18:00:00Z,TRAIN,1,data/interim/gridsat/2013/gridsat_2013.10.10.18.npz,True,NIO_2013_PHAILIN,AVAILABLE,PENDING
2013-10-10T21:00:00Z,TRAIN,1,data/interim/gridsat/2013/gridsat_2013.10.10.21.npz,True,NIO_2013_PHAILIN,AVAILABLE,PENDING
2013-10-11T00:00:00Z,TRAIN,1,data/interim/gridsat/2013/gridsat_2013.10.11.00.npz,True,NIO_2013_PHAILIN,AVAILABLE,PENDING
2013-11-07T15:00:00Z,TRAIN,1,data/interim/gridsat/2013/gridsat_2013.11.07.15.npz,False,NIO_2013_UNNAMED_2_6_1,AVAILABLE,PENDING
2013-11-07T18:00:00Z,TRAIN,1,data/interim/gridsat/2013/gridsat_2013.11.07.18.npz,False,NIO_2013_UNNAMED_2_6_1,AVAILABLE,PENDING
2013-11-07T21:00:00Z,TRAIN,1,data/interim/gridsat/2013/gridsat_2013.11.07.21.npz,False,NIO_2013_UNNAMED_2_6_1,AVAILABLE,PENDING
2013-11-08T00:00:00Z,TRAIN,1,data/interim/gridsat/2013/gridsat_2013.11.08.00.npz,False,NIO_2013_UNNAMED_2_6_1,AVAILABLE,PENDING
2013-11-08T03:00:00Z,TRAIN,1,data/interim/gridsat/2013/gridsat_2013.11.08.03.npz,False,NIO_2013_UNNAMED_2_6_1,AVAILABLE,PENDING
2013-11-08T06:00:00Z,TRAIN,1,data/interim/gridsat/2013/gridsat_2013.11.08.06.npz,True,NIO_2013_UNNAMED_2_6_1,AVAILABLE,PENDING
2013-11-08T09:00:00Z,TRAIN,1,data/interim/gridsat/2013/gridsat_2013.11.08.09.npz,False,NIO_2013_UNNAMED_2_6_1,AVAILABLE,PENDING
2013-11-08T12:00:00Z,TRAIN,1,data/interim/gridsat/2013/gridsat_2013.11.08.12.npz,True,NIO_2013_UNNAMED_2_6_1,AVAILABLE,PENDING
2013-11-08T15:00:00Z,TRAIN,1,data/interim/gridsat/2013/gridsat_2013.11.08.15.npz,False,NIO_2013_UNNAMED_2_6_1,AVAILABLE,PENDING
2013-11-08T18:00:00Z,TRAIN,1,data/interim/gridsat/2013/gridsat_2013.11.08.18.npz,True,NIO_2013_UNNAMED_2_6_1,AVAILABLE,PENDING
2013-11-08T21:00:00Z,TRAIN,1,data/interim/gridsat/2013/gridsat_2013.11.08.21.npz,False,NIO_2013_UNNAMED_2_6_1,AVAILABLE,PENDING
2013-11-09T00:00:00Z,TRAIN,1,data/interim/gridsat/2013/gridsat_2013.11.09.00.npz,True,NIO_2013_UNNAMED_2_6_1,AVAILABLE,PENDING
2013-11-09T03:00:00Z,TRAIN,1,data/interim/gridsat/2013/gridsat_2013.11.09.03.npz,False,NIO_2013_UNNAMED_2_6_1,AVAILABLE,PENDING
2013-11-09T06:00:00Z,TRAIN,1,data/interim/gridsat/2013/gridsat_2013.11.09.06.npz,True,NIO_2013_UNNAMED_2_6_1,AVAILABLE,PENDING
2013-11-18T09:00:00Z,TRAIN,1,data/interim/gridsat/2013/gridsat_2013.11.18.09.npz,False,NIO_2013_UNNAMED_2_8_1,AVAILABLE,PENDING
2013-11-18T12:00:00Z,TRAIN,1,data/interim/gridsat/2013/gridsat_2013.11.18.12.npz,False,NIO_2013_UNNAMED_2_8_1,AVAILABLE,PENDING
2013-11-18T15:00:00Z,TRAIN,1,data/interim/gridsat/2013/gridsat_2013.11.18.15.npz,False,NIO_2013_UNNAMED_2_8_1,AVAILABLE,PENDING
2013-11-18T18:00:00Z,TRAIN,1,data/interim/gridsat/2013/gridsat_2013.11.18.18.npz,False,NIO_2013_UNNAMED_2_8_1,AVAILABLE,PENDING
2013-11-18T21:00:00Z,TRAIN,1,data/interim/gridsat/2013/gridsat_2013.11.18.21.npz,False,NIO_2013_UNNAMED_2_8_1,AVAILABLE,PENDING
2013-11-19T00:00:00Z,TRAIN,1,data/interim/gridsat/2013/gridsat_2013.11.19.00.npz,True,NIO_2013_UNNAMED_2_8_1,AVAILABLE,PENDING
2013-11-19T03:00:00Z,TRAIN,1,data/interim/gridsat/2013/gridsat_2013.11.19.03.npz,True,NIO_2013_UNNAMED_2_8_1,AVAILABLE,PENDING
2013-11-19T06:00:00Z,TRAIN,1,data/interim/gridsat/2013/gridsat_2013.11.19.06.npz,True,NIO_2013_UNNAMED_2_8_1,AVAILABLE,PENDING
2013-11-19T09:00:00Z,TRAIN,1,data/interim/gridsat/2013/gridsat_2013.11.19.09.npz,False,NIO_2013_UNNAMED_2_8_1,AVAILABLE,PENDING
2013-11-19T12:00:00Z,TRAIN,1,data/interim/gridsat/2013/gridsat_2013.11.19.12.npz,True,NIO_2013_UNNAMED_2_8_1,AVAILABLE,PENDING
2013-11-19T15:00:00Z,TRAIN,1,data/interim/gridsat/2013/gridsat_2013.11.19.15.npz,True,NIO_2013_UNNAMED_2_8_1,AVAILABLE,PENDING
2013-11-19T18:00:00Z,TRAIN,1,data/interim/gridsat/2013/gridsat_2013.11.19.18.npz,True,NIO_2013_UNNAMED_2_8_1,AVAILABLE,PENDING
2013-11-19T21:00:00Z,TRAIN,1,data/interim/gridsat/2013/gridsat_2013.11.19.21.npz,False,NIO_2013_UNNAMED_2_8_1,AVAILABLE,PENDING
2013-11-20T00:00:00Z,TRAIN,1,data/interim/gridsat/2013/gridsat_2013.11.20.00.npz,True,NIO_2013_UNNAMED_2_8_1,AVAILABLE,PENDING
2013-11-20T03:00:00Z,TRAIN,1,data/interim/gridsat/2013/gridsat_2013.11.20.03.npz,True,NIO_2013_UNNAMED_2_8_1,AVAILABLE,PENDING
2013-11-20T06:00:00Z,TRAIN,1,data/interim/gridsat/2013/gridsat_2013.11.20.06.npz,True,NIO_2013_UNNAMED_2_8_1,AVAILABLE,PENDING
2013-11-20T09:00:00Z,TRAIN,1,data/interim/gridsat/2013/gridsat_2013.11.20.09.npz,True,NIO_2013_UNNAMED_2_8_1,AVAILABLE,PENDING
2013-11-20T12:00:00Z,TRAIN,1,data/interim/gridsat/2013/gridsat_2013.11.20.12.npz,True,NIO_2013_UNNAMED_2_8_1,AVAILABLE,PENDING
2013-11-20T15:00:00Z,TRAIN,1,data/interim/gridsat/2013/gridsat_2013.11.20.15.npz,False,NIO_2013_UNNAMED_2_8_1,AVAILABLE,PENDING
2013-11-20T18:00:00Z,TRAIN,1,data/interim/gridsat/2013/gridsat_2013.11.20.18.npz,True,NIO_2013_UNNAMED_2_8_1,AVAILABLE,PENDING
2013-11-22T21:00:00Z,TRAIN,1,data/interim/gridsat/2013/gridsat_2013.11.22.21.npz,False,NIO_2013_LEHAR,AVAILABLE,PENDING
2013-11-23T00:00:00Z,TRAIN,1,data/interim/gridsat/2013/gridsat_2013.11.23.00.npz,False,NIO_2013_LEHAR,AVAILABLE,PENDING
2013-11-23T03:00:00Z,TRAIN,1,data/interim/gridsat/2013/gridsat_2013.11.23.03.npz,False,NIO_2013_LEHAR,AVAILABLE,PENDING
2013-11-23T06:00:00Z,TRAIN,1,data/interim/gridsat/2013/gridsat_2013.11.23.06.npz,False,NIO_2013_LEHAR,AVAILABLE,PENDING
2013-11-23T09:00:00Z,TRAIN,1,data/interim/gridsat/2013/gridsat_2013.11.23.09.npz,False,NIO_2013_LEHAR,AVAILABLE,PENDING
2013-11-23T12:00:00Z,TRAIN,1,data/interim/gridsat/2013/gridsat_2013.11.23.12.npz,True,NIO_2013_LEHAR,AVAILABLE,PENDING
2013-11-23T15:00:00Z,TRAIN,1,data/interim/gridsat/2013/gridsat_2013.11.23.15.npz,False,NIO_2013_LEHAR,AVAILABLE,PENDING
2013-11-23T18:00:00Z,TRAIN,1,data/interim/gridsat/2013/gridsat_2013.11.23.18.npz,True,NIO_2013_LEHAR,AVAILABLE,PENDING
2013-11-23T21:00:00Z,TRAIN,1,data/interim/gridsat/2013/gridsat_2013.11.23.21.npz,False,NIO_2013_LEHAR,AVAILABLE,PENDING
2013-11-24T00:00:00Z,TRAIN,1,data/interim/gridsat/2013/gridsat_2013.11.24.00.npz,True,NIO_2013_LEHAR,AVAILABLE,PENDING
2013-11-24T03:00:00Z,TRAIN,1,data/interim/gridsat/2013/gridsat_2013.11.24.03.npz,True,NIO_2013_LEHAR,AVAILABLE,PENDING
2013-11-24T06:00:00Z,TRAIN,1,data/interim/gridsat/2013/gridsat_2013.11.24.06.npz,True,NIO_2013_LEHAR,AVAILABLE,PENDING
2013-11-24T09:00:00Z,TRAIN,1,data/interim/gridsat/2013/gridsat_2013.11.24.09.npz,True,NIO_2013_LEHAR,AVAILABLE,PENDING
2013-11-24T12:00:00Z,TRAIN,1,data/interim/gridsat/2013/gridsat_2013.11.24.12.npz,True,NIO_2013_LEHAR,AVAILABLE,PENDING
2013-11-24T15:00:00Z,TRAIN,1,data/interim/gridsat/2013/gridsat_2013.11.24.15.npz,True,NIO_2013_LEHAR,AVAILABLE,PENDING
2013-11-24T18:00:00Z,TRAIN,1,data/interim/gridsat/2013/gridsat_2013.11.24.18.npz,True,NIO_2013_LEHAR,AVAILABLE,PENDING
2013-11-24T21:00:00Z,TRAIN,1,data/interim/gridsat/2013/gridsat_2013.11.24.21.npz,True,NIO_2013_LEHAR,AVAILABLE,PENDING
2013-11-25T00:00:00Z,TRAIN,1,data/interim/gridsat/2013/gridsat_2013.11.25.00.npz,True,NIO_2013_LEHAR,AVAILABLE,PENDING
2013-11-25T03:00:00Z,TRAIN,1,data/interim/gridsat/2013/gridsat_2013.11.25.03.npz,True,NIO_2013_LEHAR,AVAILABLE,PENDING
2013-11-25T06:00:00Z,TRAIN,1,data/interim/gridsat/2013/gridsat_2013.11.25.06.npz,True,NIO_2013_LEHAR,AVAILABLE,PENDING
2013-11-25T09:00:00Z,TRAIN,1,data/interim/gridsat/2013/gridsat_2013.11.25.09.npz,True,NIO_2013_LEHAR,AVAILABLE,PENDING
2013-11-25T12:00:00Z,TRAIN,1,data/interim/gridsat/2013/gridsat_2013.11.25.12.npz,True,NIO_2013_LEHAR,AVAILABLE,PENDING
2013-11-25T15:00:00Z,TRAIN,1,data/interim/gridsat/2013/gridsat_2013.11.25.15.npz,True,NIO_2013_LEHAR,AVAILABLE,PENDING
2013-11-25T18:00:00Z,TRAIN,1,data/interim/gridsat/2013/gridsat_2013.11.25.18.npz,True,NIO_2013_LEHAR,AVAILABLE,PENDING
2013-11-25T21:00:00Z,TRAIN,1,data/interim/gridsat/2013/gridsat_2013.11.25.21.npz,True,NIO_2013_LEHAR,AVAILABLE,PENDING
2013-11-26T00:00:00Z,TRAIN,1,data/interim/gridsat/2013/gridsat_2013.11.26.00.npz,True,NIO_2013_LEHAR,AVAILABLE,PENDING
2013-11-26T03:00:00Z,TRAIN,1,data/interim/gridsat/2013/gridsat_2013.11.26.03.npz,True,NIO_2013_LEHAR,AVAILABLE,PENDING
2013-12-05T15:00:00Z,TRAIN,1,data/interim/gridsat/2013/gridsat_2013.12.05.15.npz,False,NIO_2013_MADI,AVAILABLE,PENDING
2013-12-05T18:00:00Z,TRAIN,1,data/interim/gridsat/2013/gridsat_2013.12.05.18.npz,False,NIO_2013_MADI,AVAILABLE,PENDING
2013-12-05T21:00:00Z,TRAIN,1,data/interim/gridsat/2013/gridsat_2013.12.05.21.npz,False,NIO_2013_MADI,AVAILABLE,PENDING
2013-12-06T00:00:00Z,TRAIN,1,data/interim/gridsat/2013/gridsat_2013.12.06.00.npz,False,NIO_2013_MADI,AVAILABLE,PENDING
2013-12-06T03:00:00Z,TRAIN,1,data/interim/gridsat/2013/gridsat_2013.12.06.03.npz,False,NIO_2013_MADI,AVAILABLE,PENDING
2013-12-06T06:00:00Z,TRAIN,1,data/interim/gridsat/2013/gridsat_2013.12.06.06.npz,True,NIO_2013_MADI,AVAILABLE,PENDING
2013-12-06T09:00:00Z,TRAIN,1,data/interim/gridsat/2013/gridsat_2013.12.06.09.npz,False,NIO_2013_MADI,AVAILABLE,PENDING
2013-12-06T12:00:00Z,TRAIN,1,data/interim/gridsat/2013/gridsat_2013.12.06.12.npz,True,NIO_2013_MADI,AVAILABLE,PENDING
2013-12-06T15:00:00Z,TRAIN,1,data/interim/gridsat/2013/gridsat_2013.12.06.15.npz,False,NIO_2013_MADI,AVAILABLE,PENDING
2013-12-06T18:00:00Z,TRAIN,1,data/interim/gridsat/2013/gridsat_2013.12.06.18.npz,True,NIO_2013_MADI,AVAILABLE,PENDING
2013-12-06T21:00:00Z,TRAIN,1,data/interim/gridsat/2013/gridsat_2013.12.06.21.npz,False,NIO_2013_MADI,AVAILABLE,PENDING
2013-12-07T00:00:00Z,TRAIN,1,data/interim/gridsat/2013/gridsat_2013.12.07.00.npz,True,NIO_2013_MADI,AVAILABLE,PENDING
2013-12-07T03:00:00Z,TRAIN,1,data/interim/gridsat/2013/gridsat_2013.12.07.03.npz,True,NIO_2013_MADI,AVAILABLE,PENDING
2013-12-07T06:00:00Z,TRAIN,1,data/interim/gridsat/2013/gridsat_2013.12.07.06.npz,True,NIO_2013_MADI,AVAILABLE,PENDING
2013-12-07T09:00:00Z,TRAIN,1,data/interim/gridsat/2013/gridsat_2013.12.07.09.npz,True,NIO_2013_MADI,AVAILABLE,PENDING
2013-12-07T12:00:00Z,TRAIN,1,data/interim/gridsat/2013/gridsat_2013.12.07.12.npz,True,NIO_2013_MADI,AVAILABLE,PENDING
2013-12-07T15:00:00Z,TRAIN,1,data/interim/gridsat/2013/gridsat_2013.12.07.15.npz,True,NIO_2013_MADI,AVAILABLE,PENDING
2013-12-07T18:00:00Z,TRAIN,1,data/interim/gridsat/2013/gridsat_2013.12.07.18.npz,True,NIO_2013_MADI,AVAILABLE,PENDING
2013-12-07T21:00:00Z,TRAIN,1,data/interim/gridsat/2013/gridsat_2013.12.07.21.npz,True,NIO_2013_MADI,AVAILABLE,PENDING
2013-12-08T00:00:00Z,TRAIN,1,data/interim/gridsat/2013/gridsat_2013.12.08.00.npz,True,NIO_2013_MADI,AVAILABLE,PENDING
2013-12-08T03:00:00Z,TRAIN,1,data/interim/gridsat/2013/gridsat_2013.12.08.03.npz,True,NIO_2013_MADI,AVAILABLE,PENDING
2013-12-08T06:00:00Z,TRAIN,1,data/interim/gridsat/2013/gridsat_2013.12.08.06.npz,True,NIO_2013_MADI,AVAILABLE,PENDING
2013-12-08T09:00:00Z,TRAIN,1,data/interim/gridsat/2013/gridsat_2013.12.08.09.npz,True,NIO_2013_MADI,AVAILABLE,PENDING
2013-12-08T12:00:00Z,TRAIN,1,data/interim/gridsat/2013/gridsat_2013.12.08.12.npz,True,NIO_2013_MADI,AVAILABLE,PENDING
2014-06-09T21:00:00Z,TRAIN,1,data/interim/gridsat/2014/gridsat_2014.06.09.21.npz,False,NIO_2014_UNNAMED_2_3_1,AVAILABLE,PENDING
2014-06-10T00:00:00Z,TRAIN,1,data/interim/gridsat/2014/gridsat_2014.06.10.00.npz,False,NIO_2014_UNNAMED_2_3_1,AVAILABLE,PENDING
2014-06-10T03:00:00Z,TRAIN,1,data/interim/gridsat/2014/gridsat_2014.06.10.03.npz,False,NIO_2014_UNNAMED_2_3_1,AVAILABLE,PENDING
2014-06-10T06:00:00Z,TRAIN,1,data/interim/gridsat/2014/gridsat_2014.06.10.06.npz,False,NIO_2014_UNNAMED_2_3_1,AVAILABLE,PENDING
2014-06-10T09:00:00Z,TRAIN,1,data/interim/gridsat/2014/gridsat_2014.06.10.09.npz,False,NIO_2014_UNNAMED_2_3_1,AVAILABLE,PENDING
2014-06-10T12:00:00Z,TRAIN,1,data/interim/gridsat/2014/gridsat_2014.06.10.12.npz,True,NIO_2014_UNNAMED_2_3_1,AVAILABLE,PENDING
2014-06-10T15:00:00Z,TRAIN,1,data/interim/gridsat/2014/gridsat_2014.06.10.15.npz,False,NIO_2014_UNNAMED_2_3_1,AVAILABLE,PENDING
2014-06-10T18:00:00Z,TRAIN,1,data/interim/gridsat/2014/gridsat_2014.06.10.18.npz,True,NIO_2014_UNNAMED_2_3_1,AVAILABLE,PENDING
2014-06-10T21:00:00Z,TRAIN,1,data/interim/gridsat/2014/gridsat_2014.06.10.21.npz,False,NIO_2014_UNNAMED_2_3_1,AVAILABLE,PENDING
2014-06-11T00:00:00Z,TRAIN,1,data/interim/gridsat/2014/gridsat_2014.06.11.00.npz,True,NIO_2014_UNNAMED_2_3_1,AVAILABLE,PENDING
2014-06-11T03:00:00Z,TRAIN,1,data/interim/gridsat/2014/gridsat_2014.06.11.03.npz,True,NIO_2014_UNNAMED_2_3_1,AVAILABLE,PENDING
2014-06-11T06:00:00Z,TRAIN,1,data/interim/gridsat/2014/gridsat_2014.06.11.06.npz,True,NIO_2014_UNNAMED_2_3_1,AVAILABLE,PENDING
2014-06-11T09:00:00Z,TRAIN,1,data/interim/gridsat/2014/gridsat_2014.06.11.09.npz,True,NIO_2014_UNNAMED_2_3_1,AVAILABLE,PENDING
2014-06-11T12:00:00Z,TRAIN,1,data/interim/gridsat/2014/gridsat_2014.06.11.12.npz,True,NIO_2014_UNNAMED_2_3_1,AVAILABLE,PENDING
2014-06-11T15:00:00Z,TRAIN,1,data/interim/gridsat/2014/gridsat_2014.06.11.15.npz,False,NIO_2014_UNNAMED_2_3_1,AVAILABLE,PENDING
2014-06-11T18:00:00Z,TRAIN,1,data/interim/gridsat/2014/gridsat_2014.06.11.18.npz,True,NIO_2014_UNNAMED_2_3_1,AVAILABLE,PENDING
2014-06-11T21:00:00Z,TRAIN,1,data/interim/gridsat/2014/gridsat_2014.06.11.21.npz,False,NIO_2014_UNNAMED_2_3_1,AVAILABLE,PENDING
2014-06-12T00:00:00Z,TRAIN,1,data/interim/gridsat/2014/gridsat_2014.06.12.00.npz,True,NIO_2014_UNNAMED_2_3_1,AVAILABLE,PENDING
2014-08-02T21:00:00Z,TRAIN,1,data/interim/gridsat/2014/gridsat_2014.08.02.21.npz,False,NIO_2014_UNNAMED_03,AVAILABLE,PENDING
2014-08-03T00:00:00Z,TRAIN,1,data/interim/gridsat/2014/gridsat_2014.08.03.00.npz,False,NIO_2014_UNNAMED_03,AVAILABLE,PENDING
2014-08-03T03:00:00Z,TRAIN,1,data/interim/gridsat/2014/gridsat_2014.08.03.03.npz,False,NIO_2014_UNNAMED_03,AVAILABLE,PENDING
2014-08-03T06:00:00Z,TRAIN,1,data/interim/gridsat/2014/gridsat_2014.08.03.06.npz,False,NIO_2014_UNNAMED_03,AVAILABLE,PENDING
2014-08-03T09:00:00Z,TRAIN,1,data/interim/gridsat/2014/gridsat_2014.08.03.09.npz,False,NIO_2014_UNNAMED_03,AVAILABLE,PENDING
2014-08-03T12:00:00Z,TRAIN,1,data/interim/gridsat/2014/gridsat_2014.08.03.12.npz,True,NIO_2014_UNNAMED_03,AVAILABLE,PENDING
2014-08-03T15:00:00Z,TRAIN,1,data/interim/gridsat/2014/gridsat_2014.08.03.15.npz,False,NIO_2014_UNNAMED_03,AVAILABLE,PENDING
2014-08-03T18:00:00Z,TRAIN,1,data/interim/gridsat/2014/gridsat_2014.08.03.18.npz,True,NIO_2014_UNNAMED_03,AVAILABLE,PENDING
2014-08-03T21:00:00Z,TRAIN,1,data/interim/gridsat/2014/gridsat_2014.08.03.21.npz,False,NIO_2014_UNNAMED_03,AVAILABLE,PENDING
2014-08-04T00:00:00Z,TRAIN,1,data/interim/gridsat/2014/gridsat_2014.08.04.00.npz,True,NIO_2014_UNNAMED_03,AVAILABLE,PENDING
2014-08-04T03:00:00Z,TRAIN,1,data/interim/gridsat/2014/gridsat_2014.08.04.03.npz,False,NIO_2014_UNNAMED_03,AVAILABLE,PENDING
2014-08-04T06:00:00Z,TRAIN,1,data/interim/gridsat/2014/gridsat_2014.08.04.06.npz,True,NIO_2014_UNNAMED_03,AVAILABLE,PENDING
2014-08-04T09:00:00Z,TRAIN,1,data/interim/gridsat/2014/gridsat_2014.08.04.09.npz,False,NIO_2014_UNNAMED_03,AVAILABLE,PENDING
2014-08-04T12:00:00Z,TRAIN,1,data/interim/gridsat/2014/gridsat_2014.08.04.12.npz,True,NIO_2014_UNNAMED_03,AVAILABLE,PENDING
2014-08-04T15:00:00Z,TRAIN,1,data/interim/gridsat/2014/gridsat_2014.08.04.15.npz,False,NIO_2014_UNNAMED_03,AVAILABLE,PENDING
2014-08-04T18:00:00Z,TRAIN,1,data/interim/gridsat/2014/gridsat_2014.08.04.18.npz,True,NIO_2014_UNNAMED_03,AVAILABLE,PENDING
2014-08-04T21:00:00Z,TRAIN,1,data/interim/gridsat/2014/gridsat_2014.08.04.21.npz,False,NIO_2014_UNNAMED_03,AVAILABLE,PENDING
2014-08-05T00:00:00Z,TRAIN,1,data/interim/gridsat/2014/gridsat_2014.08.05.00.npz,True,NIO_2014_UNNAMED_03,AVAILABLE,PENDING
2014-10-24T09:00:00Z,TRAIN,1,data/interim/gridsat/2014/gridsat_2014.10.24.09.npz,False,NIO_2014_NILOFAR,AVAILABLE,PENDING
2014-10-24T12:00:00Z,TRAIN,1,data/interim/gridsat/2014/gridsat_2014.10.24.12.npz,False,NIO_2014_NILOFAR,AVAILABLE,PENDING
2014-10-24T15:00:00Z,TRAIN,1,data/interim/gridsat/2014/gridsat_2014.10.24.15.npz,False,NIO_2014_NILOFAR,AVAILABLE,PENDING
2014-10-24T18:00:00Z,TRAIN,1,data/interim/gridsat/2014/gridsat_2014.10.24.18.npz,False,NIO_2014_NILOFAR,AVAILABLE,PENDING
2014-10-24T21:00:00Z,TRAIN,1,data/interim/gridsat/2014/gridsat_2014.10.24.21.npz,False,NIO_2014_NILOFAR,AVAILABLE,PENDING
2014-10-25T00:00:00Z,TRAIN,1,data/interim/gridsat/2014/gridsat_2014.10.25.00.npz,True,NIO_2014_NILOFAR,AVAILABLE,PENDING
2014-10-25T03:00:00Z,TRAIN,1,data/interim/gridsat/2014/gridsat_2014.10.25.03.npz,False,NIO_2014_NILOFAR,AVAILABLE,PENDING
2014-10-25T06:00:00Z,TRAIN,1,data/interim/gridsat/2014/gridsat_2014.10.25.06.npz,True,NIO_2014_NILOFAR,AVAILABLE,PENDING
2014-10-25T09:00:00Z,TRAIN,1,data/interim/gridsat/2014/gridsat_2014.10.25.09.npz,False,NIO_2014_NILOFAR,AVAILABLE,PENDING
2014-10-25T12:00:00Z,TRAIN,1,data/interim/gridsat/2014/gridsat_2014.10.25.12.npz,True,NIO_2014_NILOFAR,AVAILABLE,PENDING
2014-10-25T15:00:00Z,TRAIN,1,data/interim/gridsat/2014/gridsat_2014.10.25.15.npz,False,NIO_2014_NILOFAR,AVAILABLE,PENDING
2014-10-25T18:00:00Z,TRAIN,1,data/interim/gridsat/2014/gridsat_2014.10.25.18.npz,True,NIO_2014_NILOFAR,AVAILABLE,PENDING
2014-10-25T21:00:00Z,TRAIN,1,data/interim/gridsat/2014/gridsat_2014.10.25.21.npz,False,NIO_2014_NILOFAR,AVAILABLE,PENDING
2014-10-26T00:00:00Z,TRAIN,1,data/interim/gridsat/2014/gridsat_2014.10.26.00.npz,True,NIO_2014_NILOFAR,AVAILABLE,PENDING
2014-11-04T21:00:00Z,TRAIN,1,data/interim/gridsat/2014/gridsat_2014.11.04.21.npz,False,NIO_2014_UNNAMED_04,AVAILABLE,PENDING
2014-11-05T00:00:00Z,TRAIN,1,data/interim/gridsat/2014/gridsat_2014.11.05.00.npz,False,NIO_2014_UNNAMED_04,AVAILABLE,PENDING
2014-11-05T03:00:00Z,TRAIN,1,data/interim/gridsat/2014/gridsat_2014.11.05.03.npz,False,NIO_2014_UNNAMED_04,AVAILABLE,PENDING
2014-11-05T06:00:00Z,TRAIN,1,data/interim/gridsat/2014/gridsat_2014.11.05.06.npz,False,NIO_2014_UNNAMED_04,AVAILABLE,PENDING
2014-11-05T09:00:00Z,TRAIN,1,data/interim/gridsat/2014/gridsat_2014.11.05.09.npz,False,NIO_2014_UNNAMED_04,AVAILABLE,PENDING
2014-11-05T12:00:00Z,TRAIN,1,data/interim/gridsat/2014/gridsat_2014.11.05.12.npz,True,NIO_2014_UNNAMED_04,AVAILABLE,PENDING
2014-11-05T15:00:00Z,TRAIN,1,data/interim/gridsat/2014/gridsat_2014.11.05.15.npz,False,NIO_2014_UNNAMED_04,AVAILABLE,PENDING
2014-11-05T18:00:00Z,TRAIN,1,data/interim/gridsat/2014/gridsat_2014.11.05.18.npz,True,NIO_2014_UNNAMED_04,AVAILABLE,PENDING
2014-11-05T21:00:00Z,TRAIN,1,data/interim/gridsat/2014/gridsat_2014.11.05.21.npz,False,NIO_2014_UNNAMED_04,AVAILABLE,PENDING
2014-11-06T00:00:00Z,TRAIN,1,data/interim/gridsat/2014/gridsat_2014.11.06.00.npz,True,NIO_2014_UNNAMED_04,AVAILABLE,PENDING
2015-06-21T15:00:00Z,TRAIN,1,data/interim/gridsat/2015/gridsat_2015.06.21.15.npz,False,NIO_2015_UNNAMED_2_3_1,AVAILABLE,PENDING
2015-06-21T18:00:00Z,TRAIN,1,data/interim/gridsat/2015/gridsat_2015.06.21.18.npz,False,NIO_2015_UNNAMED_2_3_1,AVAILABLE,PENDING
2015-06-21T21:00:00Z,TRAIN,1,data/interim/gridsat/2015/gridsat_2015.06.21.21.npz,False,NIO_2015_UNNAMED_2_3_1,AVAILABLE,PENDING
2015-06-22T00:00:00Z,TRAIN,1,data/interim/gridsat/2015/gridsat_2015.06.22.00.npz,False,NIO_2015_UNNAMED_2_3_1,AVAILABLE,PENDING
2015-06-22T03:00:00Z,TRAIN,1,data/interim/gridsat/2015/gridsat_2015.06.22.03.npz,False,NIO_2015_UNNAMED_2_3_1,AVAILABLE,PENDING
2015-06-22T06:00:00Z,TRAIN,1,data/interim/gridsat/2015/gridsat_2015.06.22.06.npz,True,NIO_2015_UNNAMED_2_3_1,AVAILABLE,PENDING
2015-06-22T09:00:00Z,TRAIN,1,data/interim/gridsat/2015/gridsat_2015.06.22.09.npz,False,NIO_2015_UNNAMED_2_3_1,AVAILABLE,PENDING
2015-06-22T12:00:00Z,TRAIN,1,data/interim/gridsat/2015/gridsat_2015.06.22.12.npz,True,NIO_2015_UNNAMED_2_3_1,AVAILABLE,PENDING
2015-06-22T15:00:00Z,TRAIN,1,data/interim/gridsat/2015/gridsat_2015.06.22.15.npz,False,NIO_2015_UNNAMED_2_3_1,AVAILABLE,PENDING
2015-06-22T18:00:00Z,TRAIN,1,data/interim/gridsat/2015/gridsat_2015.06.22.18.npz,True,NIO_2015_UNNAMED_2_3_1,AVAILABLE,PENDING
2015-07-09T12:00:00Z,TRAIN,1,data/interim/gridsat/2015/gridsat_2015.07.09.12.npz,False,NIO_2015_UNNAMED_2_4_1,AVAILABLE,PENDING
2015-07-09T15:00:00Z,TRAIN,1,data/interim/gridsat/2015/gridsat_2015.07.09.15.npz,False,NIO_2015_UNNAMED_2_4_1,AVAILABLE,PENDING
2015-07-09T18:00:00Z,TRAIN,1,data/interim/gridsat/2015/gridsat_2015.07.09.18.npz,False,NIO_2015_UNNAMED_2_4_1,AVAILABLE,PENDING
2015-07-09T21:00:00Z,TRAIN,1,data/interim/gridsat/2015/gridsat_2015.07.09.21.npz,False,NIO_2015_UNNAMED_2_4_1,AVAILABLE,PENDING
2015-07-10T00:00:00Z,TRAIN,1,data/interim/gridsat/2015/gridsat_2015.07.10.00.npz,False,NIO_2015_UNNAMED_2_4_1,AVAILABLE,PENDING
2015-07-10T03:00:00Z,TRAIN,1,data/interim/gridsat/2015/gridsat_2015.07.10.03.npz,True,NIO_2015_UNNAMED_2_4_1,AVAILABLE,PENDING
2015-07-10T06:00:00Z,TRAIN,1,data/interim/gridsat/2015/gridsat_2015.07.10.06.npz,True,NIO_2015_UNNAMED_2_4_1,AVAILABLE,PENDING
2015-07-10T09:00:00Z,TRAIN,1,data/interim/gridsat/2015/gridsat_2015.07.10.09.npz,True,NIO_2015_UNNAMED_2_4_1,AVAILABLE,PENDING
2015-07-25T09:00:00Z,TRAIN,1,data/interim/gridsat/2015/gridsat_2015.07.25.09.npz,False,NIO_2015_KOMEN,AVAILABLE,PENDING
2015-07-25T12:00:00Z,TRAIN,1,data/interim/gridsat/2015/gridsat_2015.07.25.12.npz,False,NIO_2015_KOMEN,AVAILABLE,PENDING
2015-07-25T15:00:00Z,TRAIN,1,data/interim/gridsat/2015/gridsat_2015.07.25.15.npz,False,NIO_2015_KOMEN,AVAILABLE,PENDING
2015-07-25T18:00:00Z,TRAIN,1,data/interim/gridsat/2015/gridsat_2015.07.25.18.npz,False,NIO_2015_KOMEN,AVAILABLE,PENDING
2015-07-25T21:00:00Z,TRAIN,1,data/interim/gridsat/2015/gridsat_2015.07.25.21.npz,False,NIO_2015_KOMEN,AVAILABLE,PENDING
2015-07-26T00:00:00Z,TRAIN,1,data/interim/gridsat/2015/gridsat_2015.07.26.00.npz,True,NIO_2015_KOMEN,AVAILABLE,PENDING
2015-07-26T03:00:00Z,TRAIN,1,data/interim/gridsat/2015/gridsat_2015.07.26.03.npz,False,NIO_2015_KOMEN,AVAILABLE,PENDING
2015-07-26T06:00:00Z,TRAIN,1,data/interim/gridsat/2015/gridsat_2015.07.26.06.npz,True,NIO_2015_KOMEN,AVAILABLE,PENDING
2015-07-26T09:00:00Z,TRAIN,1,data/interim/gridsat/2015/gridsat_2015.07.26.09.npz,False,NIO_2015_KOMEN,AVAILABLE,PENDING
2015-07-26T12:00:00Z,TRAIN,1,data/interim/gridsat/2015/gridsat_2015.07.26.12.npz,True,NIO_2015_KOMEN,AVAILABLE,PENDING
2015-07-26T15:00:00Z,TRAIN,1,data/interim/gridsat/2015/gridsat_2015.07.26.15.npz,False,NIO_2015_KOMEN,AVAILABLE,PENDING
2015-07-26T18:00:00Z,TRAIN,1,data/interim/gridsat/2015/gridsat_2015.07.26.18.npz,True,NIO_2015_KOMEN,AVAILABLE,PENDING
2015-07-26T21:00:00Z,TRAIN,1,data/interim/gridsat/2015/gridsat_2015.07.26.21.npz,False,NIO_2015_KOMEN,AVAILABLE,PENDING
2015-07-27T00:00:00Z,TRAIN,1,data/interim/gridsat/2015/gridsat_2015.07.27.00.npz,True,NIO_2015_KOMEN,AVAILABLE,PENDING
2015-07-27T03:00:00Z,TRAIN,1,data/interim/gridsat/2015/gridsat_2015.07.27.03.npz,False,NIO_2015_KOMEN,AVAILABLE,PENDING
2015-07-27T06:00:00Z,TRAIN,1,data/interim/gridsat/2015/gridsat_2015.07.27.06.npz,True,NIO_2015_KOMEN,AVAILABLE,PENDING
2015-07-27T09:00:00Z,TRAIN,1,data/interim/gridsat/2015/gridsat_2015.07.27.09.npz,False,NIO_2015_KOMEN,AVAILABLE,PENDING
2015-07-27T12:00:00Z,TRAIN,1,data/interim/gridsat/2015/gridsat_2015.07.27.12.npz,True,NIO_2015_KOMEN,AVAILABLE,PENDING
2015-07-27T15:00:00Z,TRAIN,1,data/interim/gridsat/2015/gridsat_2015.07.27.15.npz,False,NIO_2015_KOMEN,AVAILABLE,PENDING
2015-07-27T18:00:00Z,TRAIN,1,data/interim/gridsat/2015/gridsat_2015.07.27.18.npz,True,NIO_2015_KOMEN,AVAILABLE,PENDING
2015-07-27T21:00:00Z,TRAIN,1,data/interim/gridsat/2015/gridsat_2015.07.27.21.npz,False,NIO_2015_KOMEN,AVAILABLE,PENDING
2015-07-28T00:00:00Z,TRAIN,1,data/interim/gridsat/2015/gridsat_2015.07.28.00.npz,True,NIO_2015_KOMEN,AVAILABLE,PENDING
2015-07-28T03:00:00Z,TRAIN,1,data/interim/gridsat/2015/gridsat_2015.07.28.03.npz,False,NIO_2015_KOMEN,AVAILABLE,PENDING
2015-07-28T06:00:00Z,TRAIN,1,data/interim/gridsat/2015/gridsat_2015.07.28.06.npz,True,NIO_2015_KOMEN,AVAILABLE,PENDING
2015-07-28T09:00:00Z,TRAIN,1,data/interim/gridsat/2015/gridsat_2015.07.28.09.npz,False,NIO_2015_KOMEN,AVAILABLE,PENDING
2015-07-28T12:00:00Z,TRAIN,1,data/interim/gridsat/2015/gridsat_2015.07.28.12.npz,True,NIO_2015_KOMEN,AVAILABLE,PENDING
2015-07-28T15:00:00Z,TRAIN,1,data/interim/gridsat/2015/gridsat_2015.07.28.15.npz,False,NIO_2015_KOMEN,AVAILABLE,PENDING
2015-07-28T18:00:00Z,TRAIN,1,data/interim/gridsat/2015/gridsat_2015.07.28.18.npz,True,NIO_2015_KOMEN,AVAILABLE,PENDING
2015-07-28T21:00:00Z,TRAIN,1,data/interim/gridsat/2015/gridsat_2015.07.28.21.npz,False,NIO_2015_KOMEN,AVAILABLE,PENDING
2015-07-29T00:00:00Z,TRAIN,1,data/interim/gridsat/2015/gridsat_2015.07.29.00.npz,True,NIO_2015_KOMEN,AVAILABLE,PENDING
2015-09-15T12:00:00Z,TRAIN,1,data/interim/gridsat/2015/gridsat_2015.09.15.12.npz,False,NIO_2015_UNNAMED_2_8_1,AVAILABLE,PENDING
2015-09-15T15:00:00Z,TRAIN,1,data/interim/gridsat/2015/gridsat_2015.09.15.15.npz,False,NIO_2015_UNNAMED_2_8_1,AVAILABLE,PENDING
2015-09-15T18:00:00Z,TRAIN,1,data/interim/gridsat/2015/gridsat_2015.09.15.18.npz,False,NIO_2015_UNNAMED_2_8_1,AVAILABLE,PENDING
2015-09-15T21:00:00Z,TRAIN,1,data/interim/gridsat/2015/gridsat_2015.09.15.21.npz,False,NIO_2015_UNNAMED_2_8_1,AVAILABLE,PENDING
2015-09-16T00:00:00Z,TRAIN,1,data/interim/gridsat/2015/gridsat_2015.09.16.00.npz,False,NIO_2015_UNNAMED_2_8_1,AVAILABLE,PENDING
2015-09-16T03:00:00Z,TRAIN,1,data/interim/gridsat/2015/gridsat_2015.09.16.03.npz,True,NIO_2015_UNNAMED_2_8_1,AVAILABLE,PENDING
2015-09-16T06:00:00Z,TRAIN,1,data/interim/gridsat/2015/gridsat_2015.09.16.06.npz,True,NIO_2015_UNNAMED_2_8_1,AVAILABLE,PENDING
2015-09-16T09:00:00Z,TRAIN,1,data/interim/gridsat/2015/gridsat_2015.09.16.09.npz,True,NIO_2015_UNNAMED_2_8_1,AVAILABLE,PENDING
2015-09-16T12:00:00Z,TRAIN,1,data/interim/gridsat/2015/gridsat_2015.09.16.12.npz,True,NIO_2015_UNNAMED_2_8_1,AVAILABLE,PENDING
2015-09-16T15:00:00Z,TRAIN,1,data/interim/gridsat/2015/gridsat_2015.09.16.15.npz,True,NIO_2015_UNNAMED_2_8_1,AVAILABLE,PENDING
2015-09-16T18:00:00Z,TRAIN,1,data/interim/gridsat/2015/gridsat_2015.09.16.18.npz,True,NIO_2015_UNNAMED_2_8_1,AVAILABLE,PENDING
2015-09-16T21:00:00Z,TRAIN,1,data/interim/gridsat/2015/gridsat_2015.09.16.21.npz,True,NIO_2015_UNNAMED_2_8_1,AVAILABLE,PENDING
2015-09-17T00:00:00Z,TRAIN,1,data/interim/gridsat/2015/gridsat_2015.09.17.00.npz,True,NIO_2015_UNNAMED_2_8_1,AVAILABLE,PENDING
2015-10-08T09:00:00Z,TRAIN,1,data/interim/gridsat/2015/gridsat_2015.10.08.09.npz,False,NIO_2015_UNNAMED_2_9_1,AVAILABLE,PENDING
2015-10-08T12:00:00Z,TRAIN,1,data/interim/gridsat/2015/gridsat_2015.10.08.12.npz,False,NIO_2015_UNNAMED_2_9_1,AVAILABLE,PENDING
2015-10-08T15:00:00Z,TRAIN,1,data/interim/gridsat/2015/gridsat_2015.10.08.15.npz,False,NIO_2015_UNNAMED_2_9_1,AVAILABLE,PENDING
2015-10-08T18:00:00Z,TRAIN,1,data/interim/gridsat/2015/gridsat_2015.10.08.18.npz,False,NIO_2015_UNNAMED_2_9_1,AVAILABLE,PENDING
2015-10-08T21:00:00Z,TRAIN,1,data/interim/gridsat/2015/gridsat_2015.10.08.21.npz,False,NIO_2015_UNNAMED_2_9_1,AVAILABLE,PENDING
2015-10-09T00:00:00Z,TRAIN,1,data/interim/gridsat/2015/gridsat_2015.10.09.00.npz,True,NIO_2015_UNNAMED_2_9_1,AVAILABLE,PENDING
2015-10-09T03:00:00Z,TRAIN,1,data/interim/gridsat/2015/gridsat_2015.10.09.03.npz,False,NIO_2015_UNNAMED_2_9_1,AVAILABLE,PENDING
2015-10-09T06:00:00Z,TRAIN,1,data/interim/gridsat/2015/gridsat_2015.10.09.06.npz,True,NIO_2015_UNNAMED_2_9_1,AVAILABLE,PENDING
2015-10-09T09:00:00Z,TRAIN,1,data/interim/gridsat/2015/gridsat_2015.10.09.09.npz,False,NIO_2015_UNNAMED_2_9_1,AVAILABLE,PENDING
2015-10-09T12:00:00Z,TRAIN,1,data/interim/gridsat/2015/gridsat_2015.10.09.12.npz,True,NIO_2015_UNNAMED_2_9_1,AVAILABLE,PENDING
2015-10-09T15:00:00Z,TRAIN,1,data/interim/gridsat/2015/gridsat_2015.10.09.15.npz,False,NIO_2015_UNNAMED_2_9_1,AVAILABLE,PENDING
2015-10-09T18:00:00Z,TRAIN,1,data/interim/gridsat/2015/gridsat_2015.10.09.18.npz,True,NIO_2015_UNNAMED_2_9_1,AVAILABLE,PENDING
2015-10-09T21:00:00Z,TRAIN,1,data/interim/gridsat/2015/gridsat_2015.10.09.21.npz,False,NIO_2015_UNNAMED_2_9_1,AVAILABLE,PENDING
2015-10-10T00:00:00Z,TRAIN,1,data/interim/gridsat/2015/gridsat_2015.10.10.00.npz,True,NIO_2015_UNNAMED_2_9_1,AVAILABLE,PENDING
2015-10-27T15:00:00Z,TRAIN,1,data/interim/gridsat/2015/gridsat_2015.10.27.15.npz,False,NIO_2015_CHAPALA,AVAILABLE,PENDING
2015-10-27T18:00:00Z,TRAIN,1,data/interim/gridsat/2015/gridsat_2015.10.27.18.npz,False,NIO_2015_CHAPALA,AVAILABLE,PENDING
2015-10-27T21:00:00Z,TRAIN,1,data/interim/gridsat/2015/gridsat_2015.10.27.21.npz,False,NIO_2015_CHAPALA,AVAILABLE,PENDING
2015-10-28T00:00:00Z,TRAIN,1,data/interim/gridsat/2015/gridsat_2015.10.28.00.npz,False,NIO_2015_CHAPALA,AVAILABLE,PENDING
2015-10-28T03:00:00Z,TRAIN,1,data/interim/gridsat/2015/gridsat_2015.10.28.03.npz,False,NIO_2015_CHAPALA,AVAILABLE,PENDING
2015-10-28T06:00:00Z,TRAIN,1,data/interim/gridsat/2015/gridsat_2015.10.28.06.npz,True,NIO_2015_CHAPALA,AVAILABLE,PENDING
2015-10-28T09:00:00Z,TRAIN,1,data/interim/gridsat/2015/gridsat_2015.10.28.09.npz,False,NIO_2015_CHAPALA,AVAILABLE,PENDING
2015-10-28T12:00:00Z,TRAIN,1,data/interim/gridsat/2015/gridsat_2015.10.28.12.npz,True,NIO_2015_CHAPALA,AVAILABLE,PENDING
2015-10-28T15:00:00Z,TRAIN,1,data/interim/gridsat/2015/gridsat_2015.10.28.15.npz,False,NIO_2015_CHAPALA,AVAILABLE,PENDING
2015-10-28T18:00:00Z,TRAIN,1,data/interim/gridsat/2015/gridsat_2015.10.28.18.npz,True,NIO_2015_CHAPALA,AVAILABLE,PENDING
2015-10-28T21:00:00Z,TRAIN,1,data/interim/gridsat/2015/gridsat_2015.10.28.21.npz,False,NIO_2015_CHAPALA,AVAILABLE,PENDING
2015-10-29T00:00:00Z,TRAIN,1,data/interim/gridsat/2015/gridsat_2015.10.29.00.npz,True,NIO_2015_CHAPALA,AVAILABLE,PENDING
2015-10-29T03:00:00Z,TRAIN,1,data/interim/gridsat/2015/gridsat_2015.10.29.03.npz,True,NIO_2015_CHAPALA,AVAILABLE,PENDING
2015-10-29T06:00:00Z,TRAIN,1,data/interim/gridsat/2015/gridsat_2015.10.29.06.npz,True,NIO_2015_CHAPALA,AVAILABLE,PENDING
2015-10-29T09:00:00Z,TRAIN,1,data/interim/gridsat/2015/gridsat_2015.10.29.09.npz,True,NIO_2015_CHAPALA,AVAILABLE,PENDING
2015-10-29T12:00:00Z,TRAIN,1,data/interim/gridsat/2015/gridsat_2015.10.29.12.npz,True,NIO_2015_CHAPALA,AVAILABLE,PENDING
2015-10-29T15:00:00Z,TRAIN,1,data/interim/gridsat/2015/gridsat_2015.10.29.15.npz,True,NIO_2015_CHAPALA,AVAILABLE,PENDING
2015-10-29T18:00:00Z,TRAIN,1,data/interim/gridsat/2015/gridsat_2015.10.29.18.npz,True,NIO_2015_CHAPALA,AVAILABLE,PENDING
2015-10-29T21:00:00Z,TRAIN,1,data/interim/gridsat/2015/gridsat_2015.10.29.21.npz,True,NIO_2015_CHAPALA,AVAILABLE,PENDING
2015-10-30T00:00:00Z,TRAIN,1,data/interim/gridsat/2015/gridsat_2015.10.30.00.npz,True,NIO_2015_CHAPALA,AVAILABLE,PENDING
2015-10-30T03:00:00Z,TRAIN,1,data/interim/gridsat/2015/gridsat_2015.10.30.03.npz,True,NIO_2015_CHAPALA,AVAILABLE,PENDING
2015-10-30T06:00:00Z,TRAIN,1,data/interim/gridsat/2015/gridsat_2015.10.30.06.npz,True,NIO_2015_CHAPALA,AVAILABLE,PENDING
2015-11-04T09:00:00Z,TRAIN,1,data/interim/gridsat/2015/gridsat_2015.11.04.09.npz,False,NIO_2015_MEGH,AVAILABLE,PENDING
2015-11-04T12:00:00Z,TRAIN,1,data/interim/gridsat/2015/gridsat_2015.11.04.12.npz,False,NIO_2015_MEGH,AVAILABLE,PENDING
2015-11-04T15:00:00Z,TRAIN,1,data/interim/gridsat/2015/gridsat_2015.11.04.15.npz,False,NIO_2015_MEGH,AVAILABLE,PENDING
2015-11-04T18:00:00Z,TRAIN,1,data/interim/gridsat/2015/gridsat_2015.11.04.18.npz,False,NIO_2015_MEGH,AVAILABLE,PENDING
2015-11-04T21:00:00Z,TRAIN,1,data/interim/gridsat/2015/gridsat_2015.11.04.21.npz,False,NIO_2015_MEGH,AVAILABLE,PENDING
2015-11-05T00:00:00Z,TRAIN,1,data/interim/gridsat/2015/gridsat_2015.11.05.00.npz,True,NIO_2015_MEGH,AVAILABLE,PENDING
2015-11-05T03:00:00Z,TRAIN,1,data/interim/gridsat/2015/gridsat_2015.11.05.03.npz,True,NIO_2015_MEGH,AVAILABLE,PENDING
2015-11-05T06:00:00Z,TRAIN,1,data/interim/gridsat/2015/gridsat_2015.11.05.06.npz,True,NIO_2015_MEGH,AVAILABLE,PENDING
2015-11-05T09:00:00Z,TRAIN,1,data/interim/gridsat/2015/gridsat_2015.11.05.09.npz,False,NIO_2015_MEGH,AVAILABLE,PENDING
2015-11-05T12:00:00Z,TRAIN,1,data/interim/gridsat/2015/gridsat_2015.11.05.12.npz,True,NIO_2015_MEGH,AVAILABLE,PENDING
2015-11-05T15:00:00Z,TRAIN,1,data/interim/gridsat/2015/gridsat_2015.11.05.15.npz,True,NIO_2015_MEGH,AVAILABLE,PENDING
2015-11-05T18:00:00Z,TRAIN,1,data/interim/gridsat/2015/gridsat_2015.11.05.18.npz,True,NIO_2015_MEGH,AVAILABLE,PENDING
2015-11-05T21:00:00Z,TRAIN,1,data/interim/gridsat/2015/gridsat_2015.11.05.21.npz,True,NIO_2015_MEGH,AVAILABLE,PENDING
2015-11-06T00:00:00Z,TRAIN,1,data/interim/gridsat/2015/gridsat_2015.11.06.00.npz,True,NIO_2015_MEGH,AVAILABLE,PENDING
2015-11-06T03:00:00Z,TRAIN,1,data/interim/gridsat/2015/gridsat_2015.11.06.03.npz,True,NIO_2015_MEGH,AVAILABLE,PENDING
2015-11-06T06:00:00Z,TRAIN,1,data/interim/gridsat/2015/gridsat_2015.11.06.06.npz,True,NIO_2015_MEGH,AVAILABLE,PENDING
2015-11-06T09:00:00Z,TRAIN,1,data/interim/gridsat/2015/gridsat_2015.11.06.09.npz,True,NIO_2015_MEGH,AVAILABLE,PENDING
2015-11-06T12:00:00Z,TRAIN,1,data/interim/gridsat/2015/gridsat_2015.11.06.12.npz,True,NIO_2015_MEGH,AVAILABLE,PENDING
2015-11-06T15:00:00Z,TRAIN,1,data/interim/gridsat/2015/gridsat_2015.11.06.15.npz,True,NIO_2015_MEGH,AVAILABLE,PENDING
2015-11-06T18:00:00Z,TRAIN,1,data/interim/gridsat/2015/gridsat_2015.11.06.18.npz,True,NIO_2015_MEGH,AVAILABLE,PENDING
2016-08-08T21:00:00Z,TRAIN,1,data/interim/gridsat/2016/gridsat_2016.08.08.21.npz,False,NIO_2016_UNNAMED_2_4_1,AVAILABLE,PENDING
2016-08-09T00:00:00Z,TRAIN,1,data/interim/gridsat/2016/gridsat_2016.08.09.00.npz,False,NIO_2016_UNNAMED_2_4_1,AVAILABLE,PENDING
2016-08-09T03:00:00Z,TRAIN,1,data/interim/gridsat/2016/gridsat_2016.08.09.03.npz,False,NIO_2016_UNNAMED_2_4_1,AVAILABLE,PENDING
2016-08-09T06:00:00Z,TRAIN,1,data/interim/gridsat/2016/gridsat_2016.08.09.06.npz,False,NIO_2016_UNNAMED_2_4_1,AVAILABLE,PENDING
2016-08-09T09:00:00Z,TRAIN,1,data/interim/gridsat/2016/gridsat_2016.08.09.09.npz,False,NIO_2016_UNNAMED_2_4_1,AVAILABLE,PENDING
2016-08-09T12:00:00Z,TRAIN,1,data/interim/gridsat/2016/gridsat_2016.08.09.12.npz,True,NIO_2016_UNNAMED_2_4_1,AVAILABLE,PENDING
2016-08-09T15:00:00Z,TRAIN,1,data/interim/gridsat/2016/gridsat_2016.08.09.15.npz,False,NIO_2016_UNNAMED_2_4_1,AVAILABLE,PENDING
2016-08-09T18:00:00Z,TRAIN,1,data/interim/gridsat/2016/gridsat_2016.08.09.18.npz,True,NIO_2016_UNNAMED_2_4_1,AVAILABLE,PENDING
2016-08-09T21:00:00Z,TRAIN,1,data/interim/gridsat/2016/gridsat_2016.08.09.21.npz,False,NIO_2016_UNNAMED_2_4_1,AVAILABLE,PENDING
2016-08-10T00:00:00Z,TRAIN,1,data/interim/gridsat/2016/gridsat_2016.08.10.00.npz,True,NIO_2016_UNNAMED_2_4_1,AVAILABLE,PENDING
2016-08-10T03:00:00Z,TRAIN,1,data/interim/gridsat/2016/gridsat_2016.08.10.03.npz,False,NIO_2016_UNNAMED_2_4_1,AVAILABLE,PENDING
2016-08-10T06:00:00Z,TRAIN,1,data/interim/gridsat/2016/gridsat_2016.08.10.06.npz,True,NIO_2016_UNNAMED_2_4_1,AVAILABLE,PENDING
2016-08-10T09:00:00Z,TRAIN,1,data/interim/gridsat/2016/gridsat_2016.08.10.09.npz,False,NIO_2016_UNNAMED_2_4_1,AVAILABLE,PENDING
2016-08-10T12:00:00Z,TRAIN,1,data/interim/gridsat/2016/gridsat_2016.08.10.12.npz,True,NIO_2016_UNNAMED_2_4_1,AVAILABLE,PENDING
2016-08-10T15:00:00Z,TRAIN,1,data/interim/gridsat/2016/gridsat_2016.08.10.15.npz,False,NIO_2016_UNNAMED_2_4_1,AVAILABLE,PENDING
2016-08-10T18:00:00Z,TRAIN,1,data/interim/gridsat/2016/gridsat_2016.08.10.18.npz,True,NIO_2016_UNNAMED_2_4_1,AVAILABLE,PENDING
2016-08-15T21:00:00Z,TRAIN,1,data/interim/gridsat/2016/gridsat_2016.08.15.21.npz,False,NIO_2016_UNNAMED_2_5_1,AVAILABLE,PENDING
2016-08-16T00:00:00Z,TRAIN,1,data/interim/gridsat/2016/gridsat_2016.08.16.00.npz,False,NIO_2016_UNNAMED_2_5_1,AVAILABLE,PENDING
2016-08-16T03:00:00Z,TRAIN,1,data/interim/gridsat/2016/gridsat_2016.08.16.03.npz,False,NIO_2016_UNNAMED_2_5_1,AVAILABLE,PENDING
2016-08-16T06:00:00Z,TRAIN,1,data/interim/gridsat/2016/gridsat_2016.08.16.06.npz,False,NIO_2016_UNNAMED_2_5_1,AVAILABLE,PENDING
2016-08-16T09:00:00Z,TRAIN,1,data/interim/gridsat/2016/gridsat_2016.08.16.09.npz,False,NIO_2016_UNNAMED_2_5_1,AVAILABLE,PENDING
2016-08-16T12:00:00Z,TRAIN,1,data/interim/gridsat/2016/gridsat_2016.08.16.12.npz,True,NIO_2016_UNNAMED_2_5_1,AVAILABLE,PENDING
2016-08-16T15:00:00Z,TRAIN,1,data/interim/gridsat/2016/gridsat_2016.08.16.15.npz,False,NIO_2016_UNNAMED_2_5_1,AVAILABLE,PENDING
2016-08-16T18:00:00Z,TRAIN,1,data/interim/gridsat/2016/gridsat_2016.08.16.18.npz,True,NIO_2016_UNNAMED_2_5_1,AVAILABLE,PENDING
2016-08-16T21:00:00Z,TRAIN,1,data/interim/gridsat/2016/gridsat_2016.08.16.21.npz,False,NIO_2016_UNNAMED_2_5_1,AVAILABLE,PENDING
2016-08-17T00:00:00Z,TRAIN,1,data/interim/gridsat/2016/gridsat_2016.08.17.00.npz,True,NIO_2016_UNNAMED_2_5_1,AVAILABLE,PENDING
2016-08-17T03:00:00Z,TRAIN,1,data/interim/gridsat/2016/gridsat_2016.08.17.03.npz,False,NIO_2016_UNNAMED_2_5_1,AVAILABLE,PENDING
2016-08-17T06:00:00Z,TRAIN,1,data/interim/gridsat/2016/gridsat_2016.08.17.06.npz,True,NIO_2016_UNNAMED_2_5_1,AVAILABLE,PENDING
2016-08-17T09:00:00Z,TRAIN,1,data/interim/gridsat/2016/gridsat_2016.08.17.09.npz,False,NIO_2016_UNNAMED_2_5_1,AVAILABLE,PENDING
2016-08-17T12:00:00Z,TRAIN,1,data/interim/gridsat/2016/gridsat_2016.08.17.12.npz,True,NIO_2016_UNNAMED_2_5_1,AVAILABLE,PENDING
2016-08-17T15:00:00Z,TRAIN,1,data/interim/gridsat/2016/gridsat_2016.08.17.15.npz,False,NIO_2016_UNNAMED_2_5_1,AVAILABLE,PENDING
2016-08-17T18:00:00Z,TRAIN,1,data/interim/gridsat/2016/gridsat_2016.08.17.18.npz,True,NIO_2016_UNNAMED_2_5_1,AVAILABLE,PENDING
2016-08-17T21:00:00Z,TRAIN,1,data/interim/gridsat/2016/gridsat_2016.08.17.21.npz,False,NIO_2016_UNNAMED_2_5_1,AVAILABLE,PENDING
2016-08-18T00:00:00Z,TRAIN,1,data/interim/gridsat/2016/gridsat_2016.08.18.00.npz,True,NIO_2016_UNNAMED_2_5_1,AVAILABLE,PENDING
2016-08-18T03:00:00Z,TRAIN,1,data/interim/gridsat/2016/gridsat_2016.08.18.03.npz,False,NIO_2016_UNNAMED_2_5_1,AVAILABLE,PENDING
2016-08-18T06:00:00Z,TRAIN,1,data/interim/gridsat/2016/gridsat_2016.08.18.06.npz,True,NIO_2016_UNNAMED_2_5_1,AVAILABLE,PENDING
2016-08-18T09:00:00Z,TRAIN,1,data/interim/gridsat/2016/gridsat_2016.08.18.09.npz,False,NIO_2016_UNNAMED_2_5_1,AVAILABLE,PENDING
2016-08-18T12:00:00Z,TRAIN,1,data/interim/gridsat/2016/gridsat_2016.08.18.12.npz,True,NIO_2016_UNNAMED_2_5_1,AVAILABLE,PENDING
2016-08-18T15:00:00Z,TRAIN,1,data/interim/gridsat/2016/gridsat_2016.08.18.15.npz,False,NIO_2016_UNNAMED_2_5_1,AVAILABLE,PENDING
2016-08-18T18:00:00Z,TRAIN,1,data/interim/gridsat/2016/gridsat_2016.08.18.18.npz,True,NIO_2016_UNNAMED_2_5_1,AVAILABLE,PENDING
2016-10-20T09:00:00Z,TRAIN,1,data/interim/gridsat/2016/gridsat_2016.10.20.09.npz,False,NIO_2016_KYANT,AVAILABLE,PENDING
2016-10-20T12:00:00Z,TRAIN,1,data/interim/gridsat/2016/gridsat_2016.10.20.12.npz,False,NIO_2016_KYANT,AVAILABLE,PENDING
2016-10-20T15:00:00Z,TRAIN,1,data/interim/gridsat/2016/gridsat_2016.10.20.15.npz,False,NIO_2016_KYANT,AVAILABLE,PENDING
2016-10-20T18:00:00Z,TRAIN,1,data/interim/gridsat/2016/gridsat_2016.10.20.18.npz,False,NIO_2016_KYANT,AVAILABLE,PENDING
2016-10-20T21:00:00Z,TRAIN,1,data/interim/gridsat/2016/gridsat_2016.10.20.21.npz,False,NIO_2016_KYANT,AVAILABLE,PENDING
2016-10-21T00:00:00Z,TRAIN,1,data/interim/gridsat/2016/gridsat_2016.10.21.00.npz,True,NIO_2016_KYANT,AVAILABLE,PENDING
2016-10-21T09:00:00Z,TRAIN,1,data/interim/gridsat/2016/gridsat_2016.10.21.09.npz,False,NIO_2016_KYANT,AVAILABLE,PENDING
2016-10-21T12:00:00Z,TRAIN,1,data/interim/gridsat/2016/gridsat_2016.10.21.12.npz,False,NIO_2016_KYANT,AVAILABLE,PENDING
2016-10-21T15:00:00Z,TRAIN,1,data/interim/gridsat/2016/gridsat_2016.10.21.15.npz,False,NIO_2016_KYANT,AVAILABLE,PENDING
2016-10-21T18:00:00Z,TRAIN,1,data/interim/gridsat/2016/gridsat_2016.10.21.18.npz,False,NIO_2016_KYANT,AVAILABLE,PENDING
2016-10-21T21:00:00Z,TRAIN,1,data/interim/gridsat/2016/gridsat_2016.10.21.21.npz,False,NIO_2016_KYANT,AVAILABLE,PENDING
2016-10-22T00:00:00Z,TRAIN,1,data/interim/gridsat/2016/gridsat_2016.10.22.00.npz,True,NIO_2016_KYANT,AVAILABLE,PENDING
2016-10-23T03:00:00Z,TRAIN,1,data/interim/gridsat/2016/gridsat_2016.10.23.03.npz,False,NIO_2016_KYANT,AVAILABLE,PENDING
2016-10-23T06:00:00Z,TRAIN,1,data/interim/gridsat/2016/gridsat_2016.10.23.06.npz,False,NIO_2016_KYANT,AVAILABLE,PENDING
2016-10-23T09:00:00Z,TRAIN,1,data/interim/gridsat/2016/gridsat_2016.10.23.09.npz,False,NIO_2016_KYANT,AVAILABLE,PENDING
2016-10-23T12:00:00Z,TRAIN,1,data/interim/gridsat/2016/gridsat_2016.10.23.12.npz,False,NIO_2016_KYANT,AVAILABLE,PENDING
2016-10-23T15:00:00Z,TRAIN,1,data/interim/gridsat/2016/gridsat_2016.10.23.15.npz,False,NIO_2016_KYANT,AVAILABLE,PENDING
2016-10-23T18:00:00Z,TRAIN,1,data/interim/gridsat/2016/gridsat_2016.10.23.18.npz,True,NIO_2016_KYANT,AVAILABLE,PENDING
2016-10-23T21:00:00Z,TRAIN,1,data/interim/gridsat/2016/gridsat_2016.10.23.21.npz,False,NIO_2016_KYANT,AVAILABLE,PENDING
2016-10-24T00:00:00Z,TRAIN,1,data/interim/gridsat/2016/gridsat_2016.10.24.00.npz,True,NIO_2016_KYANT,AVAILABLE,PENDING
2016-10-24T03:00:00Z,TRAIN,1,data/interim/gridsat/2016/gridsat_2016.10.24.03.npz,False,NIO_2016_KYANT,AVAILABLE,PENDING
2016-10-24T06:00:00Z,TRAIN,1,data/interim/gridsat/2016/gridsat_2016.10.24.06.npz,True,NIO_2016_KYANT,AVAILABLE,PENDING
2016-10-24T12:00:00Z,TRAIN,1,data/interim/gridsat/2016/gridsat_2016.10.24.12.npz,False,NIO_2016_KYANT,AVAILABLE,PENDING
2016-10-24T15:00:00Z,TRAIN,1,data/interim/gridsat/2016/gridsat_2016.10.24.15.npz,False,NIO_2016_KYANT,AVAILABLE,PENDING
2016-10-24T18:00:00Z,TRAIN,1,data/interim/gridsat/2016/gridsat_2016.10.24.18.npz,False,NIO_2016_KYANT,AVAILABLE,PENDING
2016-10-24T21:00:00Z,TRAIN,1,data/interim/gridsat/2016/gridsat_2016.10.24.21.npz,False,NIO_2016_KYANT,AVAILABLE,PENDING
2016-10-25T00:00:00Z,TRAIN,1,data/interim/gridsat/2016/gridsat_2016.10.25.00.npz,False,NIO_2016_KYANT,AVAILABLE,PENDING
2016-10-25T03:00:00Z,TRAIN,1,data/interim/gridsat/2016/gridsat_2016.10.25.03.npz,True,NIO_2016_KYANT,AVAILABLE,PENDING
2016-11-02T21:00:00Z,TRAIN,1,data/interim/gridsat/2016/gridsat_2016.11.02.21.npz,False,NIO_2016_UNNAMED_2_7_1,AVAILABLE,PENDING
2016-11-03T00:00:00Z,TRAIN,1,data/interim/gridsat/2016/gridsat_2016.11.03.00.npz,False,NIO_2016_UNNAMED_2_7_1,AVAILABLE,PENDING
2016-11-03T03:00:00Z,TRAIN,1,data/interim/gridsat/2016/gridsat_2016.11.03.03.npz,False,NIO_2016_UNNAMED_2_7_1,AVAILABLE,PENDING
2016-11-03T06:00:00Z,TRAIN,1,data/interim/gridsat/2016/gridsat_2016.11.03.06.npz,False,NIO_2016_UNNAMED_2_7_1,AVAILABLE,PENDING
2016-11-03T09:00:00Z,TRAIN,1,data/interim/gridsat/2016/gridsat_2016.11.03.09.npz,False,NIO_2016_UNNAMED_2_7_1,AVAILABLE,PENDING
2016-11-03T12:00:00Z,TRAIN,1,data/interim/gridsat/2016/gridsat_2016.11.03.12.npz,True,NIO_2016_UNNAMED_2_7_1,AVAILABLE,PENDING
2016-11-28T21:00:00Z,TRAIN,1,data/interim/gridsat/2016/gridsat_2016.11.28.21.npz,False,NIO_2016_UNNAMED_2_8_1,AVAILABLE,PENDING
2016-11-29T00:00:00Z,TRAIN,1,data/interim/gridsat/2016/gridsat_2016.11.29.00.npz,False,NIO_2016_UNNAMED_2_8_1,AVAILABLE,PENDING
2016-11-29T03:00:00Z,TRAIN,1,data/interim/gridsat/2016/gridsat_2016.11.29.03.npz,False,NIO_2016_UNNAMED_2_8_1,AVAILABLE,PENDING
2016-11-29T06:00:00Z,TRAIN,1,data/interim/gridsat/2016/gridsat_2016.11.29.06.npz,False,NIO_2016_UNNAMED_2_8_1,AVAILABLE,PENDING
2016-11-29T09:00:00Z,TRAIN,1,data/interim/gridsat/2016/gridsat_2016.11.29.09.npz,False,NIO_2016_UNNAMED_2_8_1,AVAILABLE,PENDING
2016-11-29T12:00:00Z,TRAIN,1,data/interim/gridsat/2016/gridsat_2016.11.29.12.npz,True,NIO_2016_UNNAMED_2_8_1,AVAILABLE,PENDING
2016-11-29T15:00:00Z,TRAIN,1,data/interim/gridsat/2016/gridsat_2016.11.29.15.npz,True,NIO_2016_UNNAMED_2_8_1,AVAILABLE,PENDING
2017-05-27T09:00:00Z,TRAIN,1,data/interim/gridsat/2017/gridsat_2017.05.27.09.npz,False,NIO_2017_MORA,AVAILABLE,PENDING
2017-05-27T12:00:00Z,TRAIN,1,data/interim/gridsat/2017/gridsat_2017.05.27.12.npz,False,NIO_2017_MORA,AVAILABLE,PENDING
2017-05-27T15:00:00Z,TRAIN,1,data/interim/gridsat/2017/gridsat_2017.05.27.15.npz,False,NIO_2017_MORA,AVAILABLE,PENDING
2017-05-27T18:00:00Z,TRAIN,1,data/interim/gridsat/2017/gridsat_2017.05.27.18.npz,False,NIO_2017_MORA,AVAILABLE,PENDING
2017-05-27T21:00:00Z,TRAIN,1,data/interim/gridsat/2017/gridsat_2017.05.27.21.npz,False,NIO_2017_MORA,AVAILABLE,PENDING
2017-05-28T00:00:00Z,TRAIN,1,data/interim/gridsat/2017/gridsat_2017.05.28.00.npz,True,NIO_2017_MORA,AVAILABLE,PENDING
2017-05-28T03:00:00Z,TRAIN,1,data/interim/gridsat/2017/gridsat_2017.05.28.03.npz,True,NIO_2017_MORA,AVAILABLE,PENDING
2017-05-28T06:00:00Z,TRAIN,1,data/interim/gridsat/2017/gridsat_2017.05.28.06.npz,True,NIO_2017_MORA,AVAILABLE,PENDING
2017-05-28T09:00:00Z,TRAIN,1,data/interim/gridsat/2017/gridsat_2017.05.28.09.npz,True,NIO_2017_MORA,AVAILABLE,PENDING
2017-05-28T12:00:00Z,TRAIN,1,data/interim/gridsat/2017/gridsat_2017.05.28.12.npz,True,NIO_2017_MORA,AVAILABLE,PENDING
2017-05-28T15:00:00Z,TRAIN,1,data/interim/gridsat/2017/gridsat_2017.05.28.15.npz,False,NIO_2017_MORA,AVAILABLE,PENDING
2017-05-28T18:00:00Z,TRAIN,1,data/interim/gridsat/2017/gridsat_2017.05.28.18.npz,True,NIO_2017_MORA,AVAILABLE,PENDING
2017-11-28T15:00:00Z,TRAIN,1,data/interim/gridsat/2017/gridsat_2017.11.28.15.npz,False,NIO_2017_OCKHI,AVAILABLE,PENDING
2017-11-28T18:00:00Z,TRAIN,1,data/interim/gridsat/2017/gridsat_2017.11.28.18.npz,False,NIO_2017_OCKHI,AVAILABLE,PENDING
2017-11-28T21:00:00Z,TRAIN,1,data/interim/gridsat/2017/gridsat_2017.11.28.21.npz,False,NIO_2017_OCKHI,AVAILABLE,PENDING
2017-11-29T00:00:00Z,TRAIN,1,data/interim/gridsat/2017/gridsat_2017.11.29.00.npz,False,NIO_2017_OCKHI,AVAILABLE,PENDING
2017-11-29T03:00:00Z,TRAIN,1,data/interim/gridsat/2017/gridsat_2017.11.29.03.npz,False,NIO_2017_OCKHI,AVAILABLE,PENDING
2017-11-29T06:00:00Z,TRAIN,1,data/interim/gridsat/2017/gridsat_2017.11.29.06.npz,True,NIO_2017_OCKHI,AVAILABLE,PENDING
2017-11-29T09:00:00Z,TRAIN,1,data/interim/gridsat/2017/gridsat_2017.11.29.09.npz,False,NIO_2017_OCKHI,AVAILABLE,PENDING
2017-11-29T12:00:00Z,TRAIN,1,data/interim/gridsat/2017/gridsat_2017.11.29.12.npz,True,NIO_2017_OCKHI,AVAILABLE,PENDING
2017-11-29T15:00:00Z,TRAIN,1,data/interim/gridsat/2017/gridsat_2017.11.29.15.npz,False,NIO_2017_OCKHI,AVAILABLE,PENDING
2017-11-29T18:00:00Z,TRAIN,1,data/interim/gridsat/2017/gridsat_2017.11.29.18.npz,True,NIO_2017_OCKHI,AVAILABLE,PENDING
2017-12-05T15:00:00Z,TRAIN,1,data/interim/gridsat/2017/gridsat_2017.12.05.15.npz,False,NIO_2017_UNNAMED_2_10_1,AVAILABLE,PENDING
2017-12-05T18:00:00Z,TRAIN,1,data/interim/gridsat/2017/gridsat_2017.12.05.18.npz,False,NIO_2017_UNNAMED_2_10_1,AVAILABLE,PENDING
2017-12-05T21:00:00Z,TRAIN,1,data/interim/gridsat/2017/gridsat_2017.12.05.21.npz,False,NIO_2017_UNNAMED_2_10_1,AVAILABLE,PENDING
2017-12-06T00:00:00Z,TRAIN,1,data/interim/gridsat/2017/gridsat_2017.12.06.00.npz,False,NIO_2017_UNNAMED_2_10_1,AVAILABLE,PENDING
2017-12-06T03:00:00Z,TRAIN,1,data/interim/gridsat/2017/gridsat_2017.12.06.03.npz,False,NIO_2017_UNNAMED_2_10_1,AVAILABLE,PENDING
2017-12-06T06:00:00Z,TRAIN,1,data/interim/gridsat/2017/gridsat_2017.12.06.06.npz,True,NIO_2017_UNNAMED_2_10_1,AVAILABLE,PENDING
2017-12-06T09:00:00Z,TRAIN,1,data/interim/gridsat/2017/gridsat_2017.12.06.09.npz,False,NIO_2017_UNNAMED_2_10_1,AVAILABLE,PENDING
2017-12-06T12:00:00Z,TRAIN,1,data/interim/gridsat/2017/gridsat_2017.12.06.12.npz,True,NIO_2017_UNNAMED_2_10_1,AVAILABLE,PENDING
2017-12-06T15:00:00Z,TRAIN,1,data/interim/gridsat/2017/gridsat_2017.12.06.15.npz,False,NIO_2017_UNNAMED_2_10_1,AVAILABLE,PENDING
2017-12-06T18:00:00Z,TRAIN,1,data/interim/gridsat/2017/gridsat_2017.12.06.18.npz,True,NIO_2017_UNNAMED_2_10_1,AVAILABLE,PENDING
2017-12-06T21:00:00Z,TRAIN,1,data/interim/gridsat/2017/gridsat_2017.12.06.21.npz,False,NIO_2017_UNNAMED_2_10_1,AVAILABLE,PENDING
2017-12-07T00:00:00Z,TRAIN,1,data/interim/gridsat/2017/gridsat_2017.12.07.00.npz,True,NIO_2017_UNNAMED_2_10_1,AVAILABLE,PENDING
2017-12-07T03:00:00Z,TRAIN,1,data/interim/gridsat/2017/gridsat_2017.12.07.03.npz,False,NIO_2017_UNNAMED_2_10_1,AVAILABLE,PENDING
2017-12-07T06:00:00Z,TRAIN,1,data/interim/gridsat/2017/gridsat_2017.12.07.06.npz,True,NIO_2017_UNNAMED_2_10_1,AVAILABLE,PENDING
2018-05-20T21:00:00Z,TRAIN,1,data/interim/gridsat/2018/gridsat_2018.05.20.21.npz,False,NIO_2018_MEKUNU,AVAILABLE,PENDING
2018-05-21T00:00:00Z,TRAIN,1,data/interim/gridsat/2018/gridsat_2018.05.21.00.npz,False,NIO_2018_MEKUNU,AVAILABLE,PENDING
2018-05-21T03:00:00Z,TRAIN,1,data/interim/gridsat/2018/gridsat_2018.05.21.03.npz,False,NIO_2018_MEKUNU,AVAILABLE,PENDING
2018-05-21T06:00:00Z,TRAIN,1,data/interim/gridsat/2018/gridsat_2018.05.21.06.npz,False,NIO_2018_MEKUNU,AVAILABLE,PENDING
2018-05-21T09:00:00Z,TRAIN,1,data/interim/gridsat/2018/gridsat_2018.05.21.09.npz,False,NIO_2018_MEKUNU,AVAILABLE,PENDING
2018-05-21T12:00:00Z,TRAIN,1,data/interim/gridsat/2018/gridsat_2018.05.21.12.npz,True,NIO_2018_MEKUNU,AVAILABLE,PENDING
2018-05-21T15:00:00Z,TRAIN,1,data/interim/gridsat/2018/gridsat_2018.05.21.15.npz,False,NIO_2018_MEKUNU,AVAILABLE,PENDING
2018-05-21T18:00:00Z,TRAIN,1,data/interim/gridsat/2018/gridsat_2018.05.21.18.npz,True,NIO_2018_MEKUNU,AVAILABLE,PENDING
2018-05-21T21:00:00Z,TRAIN,1,data/interim/gridsat/2018/gridsat_2018.05.21.21.npz,False,NIO_2018_MEKUNU,AVAILABLE,PENDING
2018-05-22T00:00:00Z,TRAIN,1,data/interim/gridsat/2018/gridsat_2018.05.22.00.npz,True,NIO_2018_MEKUNU,AVAILABLE,PENDING
2018-05-22T03:00:00Z,TRAIN,1,data/interim/gridsat/2018/gridsat_2018.05.22.03.npz,True,NIO_2018_MEKUNU,AVAILABLE,PENDING
2018-05-22T06:00:00Z,TRAIN,1,data/interim/gridsat/2018/gridsat_2018.05.22.06.npz,True,NIO_2018_MEKUNU,AVAILABLE,PENDING
2018-05-22T09:00:00Z,TRAIN,1,data/interim/gridsat/2018/gridsat_2018.05.22.09.npz,False,NIO_2018_MEKUNU,AVAILABLE,PENDING
2018-05-22T12:00:00Z,TRAIN,1,data/interim/gridsat/2018/gridsat_2018.05.22.12.npz,True,NIO_2018_MEKUNU,AVAILABLE,PENDING
2018-05-22T15:00:00Z,TRAIN,1,data/interim/gridsat/2018/gridsat_2018.05.22.15.npz,True,NIO_2018_MEKUNU,AVAILABLE,PENDING
2018-05-22T18:00:00Z,TRAIN,1,data/interim/gridsat/2018/gridsat_2018.05.22.18.npz,True,NIO_2018_MEKUNU,AVAILABLE,PENDING
2018-05-22T21:00:00Z,TRAIN,1,data/interim/gridsat/2018/gridsat_2018.05.22.21.npz,True,NIO_2018_MEKUNU,AVAILABLE,PENDING
2018-05-23T00:00:00Z,TRAIN,1,data/interim/gridsat/2018/gridsat_2018.05.23.00.npz,True,NIO_2018_MEKUNU,AVAILABLE,PENDING
2018-05-23T03:00:00Z,TRAIN,1,data/interim/gridsat/2018/gridsat_2018.05.23.03.npz,True,NIO_2018_MEKUNU,AVAILABLE,PENDING
2018-05-23T06:00:00Z,TRAIN,1,data/interim/gridsat/2018/gridsat_2018.05.23.06.npz,True,NIO_2018_MEKUNU,AVAILABLE,PENDING
2018-05-23T09:00:00Z,TRAIN,1,data/interim/gridsat/2018/gridsat_2018.05.23.09.npz,True,NIO_2018_MEKUNU,AVAILABLE,PENDING
2018-05-23T12:00:00Z,TRAIN,1,data/interim/gridsat/2018/gridsat_2018.05.23.12.npz,True,NIO_2018_MEKUNU,AVAILABLE,PENDING
2018-05-23T15:00:00Z,TRAIN,1,data/interim/gridsat/2018/gridsat_2018.05.23.15.npz,True,NIO_2018_MEKUNU,AVAILABLE,PENDING
2018-05-23T18:00:00Z,TRAIN,1,data/interim/gridsat/2018/gridsat_2018.05.23.18.npz,True,NIO_2018_MEKUNU,AVAILABLE,PENDING
2018-05-23T21:00:00Z,TRAIN,1,data/interim/gridsat/2018/gridsat_2018.05.23.21.npz,True,NIO_2018_MEKUNU,AVAILABLE,PENDING
2018-05-24T00:00:00Z,TRAIN,1,data/interim/gridsat/2018/gridsat_2018.05.24.00.npz,True,NIO_2018_MEKUNU,AVAILABLE,PENDING
2018-05-24T03:00:00Z,TRAIN,1,data/interim/gridsat/2018/gridsat_2018.05.24.03.npz,True,NIO_2018_MEKUNU,AVAILABLE,PENDING
2018-05-24T06:00:00Z,TRAIN,1,data/interim/gridsat/2018/gridsat_2018.05.24.06.npz,True,NIO_2018_MEKUNU,AVAILABLE,PENDING
2018-05-24T09:00:00Z,TRAIN,1,data/interim/gridsat/2018/gridsat_2018.05.24.09.npz,True,NIO_2018_MEKUNU,AVAILABLE,PENDING
2018-05-24T12:00:00Z,TRAIN,1,data/interim/gridsat/2018/gridsat_2018.05.24.12.npz,True,NIO_2018_MEKUNU,AVAILABLE,PENDING
2018-05-24T15:00:00Z,TRAIN,1,data/interim/gridsat/2018/gridsat_2018.05.24.15.npz,True,NIO_2018_MEKUNU,AVAILABLE,PENDING
2018-05-24T18:00:00Z,TRAIN,1,data/interim/gridsat/2018/gridsat_2018.05.24.18.npz,True,NIO_2018_MEKUNU,AVAILABLE,PENDING
2018-05-24T21:00:00Z,TRAIN,1,data/interim/gridsat/2018/gridsat_2018.05.24.21.npz,False,NIO_2018_MEKUNU,AVAILABLE,PENDING
2018-05-25T00:00:00Z,TRAIN,1,data/interim/gridsat/2018/gridsat_2018.05.25.00.npz,True,NIO_2018_MEKUNU,AVAILABLE,PENDING
2018-09-19T03:00:00Z,TRAIN,1,data/interim/gridsat/2018/gridsat_2018.09.19.03.npz,False,NIO_2018_DAYE,AVAILABLE,PENDING
2018-09-19T06:00:00Z,TRAIN,1,data/interim/gridsat/2018/gridsat_2018.09.19.06.npz,False,NIO_2018_DAYE,AVAILABLE,PENDING
2018-09-19T09:00:00Z,TRAIN,1,data/interim/gridsat/2018/gridsat_2018.09.19.09.npz,False,NIO_2018_DAYE,AVAILABLE,PENDING
2018-09-19T12:00:00Z,TRAIN,1,data/interim/gridsat/2018/gridsat_2018.09.19.12.npz,False,NIO_2018_DAYE,AVAILABLE,PENDING
2018-09-19T15:00:00Z,TRAIN,1,data/interim/gridsat/2018/gridsat_2018.09.19.15.npz,False,NIO_2018_DAYE,AVAILABLE,PENDING
2018-09-19T18:00:00Z,TRAIN,1,data/interim/gridsat/2018/gridsat_2018.09.19.18.npz,True,NIO_2018_DAYE,AVAILABLE,PENDING
2018-09-19T21:00:00Z,TRAIN,1,data/interim/gridsat/2018/gridsat_2018.09.19.21.npz,False,NIO_2018_DAYE,AVAILABLE,PENDING
2018-09-20T00:00:00Z,TRAIN,1,data/interim/gridsat/2018/gridsat_2018.09.20.00.npz,True,NIO_2018_DAYE,AVAILABLE,PENDING
2018-09-20T03:00:00Z,TRAIN,1,data/interim/gridsat/2018/gridsat_2018.09.20.03.npz,True,NIO_2018_DAYE,AVAILABLE,PENDING
2018-09-20T06:00:00Z,TRAIN,1,data/interim/gridsat/2018/gridsat_2018.09.20.06.npz,True,NIO_2018_DAYE,AVAILABLE,PENDING
2018-10-05T21:00:00Z,TRAIN,1,data/interim/gridsat/2018/gridsat_2018.10.05.21.npz,False,NIO_2018_LUBAN,AVAILABLE,PENDING
2018-10-06T00:00:00Z,TRAIN,1,data/interim/gridsat/2018/gridsat_2018.10.06.00.npz,False,NIO_2018_LUBAN,AVAILABLE,PENDING
2018-10-06T03:00:00Z,TRAIN,1,data/interim/gridsat/2018/gridsat_2018.10.06.03.npz,False,NIO_2018_LUBAN,AVAILABLE,PENDING
2018-10-06T06:00:00Z,TRAIN,1,data/interim/gridsat/2018/gridsat_2018.10.06.06.npz,False,NIO_2018_LUBAN,AVAILABLE,PENDING
2018-10-06T09:00:00Z,TRAIN,1,data/interim/gridsat/2018/gridsat_2018.10.06.09.npz,False,NIO_2018_LUBAN,AVAILABLE,PENDING
2018-10-06T12:00:00Z,TRAIN,1,data/interim/gridsat/2018/gridsat_2018.10.06.12.npz,True,NIO_2018_LUBAN,AVAILABLE,PENDING
2018-10-06T15:00:00Z,TRAIN,1,data/interim/gridsat/2018/gridsat_2018.10.06.15.npz,False,NIO_2018_LUBAN,AVAILABLE,PENDING
2018-10-06T18:00:00Z,TRAIN,1,data/interim/gridsat/2018/gridsat_2018.10.06.18.npz,True,NIO_2018_LUBAN,AVAILABLE,PENDING
2018-10-06T21:00:00Z,TRAIN,1,data/interim/gridsat/2018/gridsat_2018.10.06.21.npz,False,NIO_2018_LUBAN,AVAILABLE,PENDING
2018-10-07T00:00:00Z,TRAIN,1,data/interim/gridsat/2018/gridsat_2018.10.07.00.npz,True,NIO_2018_LUBAN,AVAILABLE,PENDING
2018-10-07T03:00:00Z,TRAIN,1,data/interim/gridsat/2018/gridsat_2018.10.07.03.npz,False,NIO_2018_LUBAN,AVAILABLE,PENDING
2018-10-07T06:00:00Z,TRAIN,1,data/interim/gridsat/2018/gridsat_2018.10.07.06.npz,True,NIO_2018_LUBAN,AVAILABLE,PENDING
2018-10-07T09:00:00Z,TRAIN,1,data/interim/gridsat/2018/gridsat_2018.10.07.09.npz,False,NIO_2018_LUBAN,AVAILABLE,PENDING
2018-10-07T12:00:00Z,TRAIN,1,data/interim/gridsat/2018/gridsat_2018.10.07.12.npz,True,NIO_2018_LUBAN,AVAILABLE,PENDING
2018-10-07T15:00:00Z,TRAIN,1,data/interim/gridsat/2018/gridsat_2018.10.07.15.npz,False,NIO_2018_LUBAN;NIO_2018_TITLI,AVAILABLE,PENDING
2018-10-07T18:00:00Z,TRAIN,1,data/interim/gridsat/2018/gridsat_2018.10.07.18.npz,True,NIO_2018_LUBAN;NIO_2018_TITLI,AVAILABLE,PENDING
2018-10-07T21:00:00Z,TRAIN,1,data/interim/gridsat/2018/gridsat_2018.10.07.21.npz,False,NIO_2018_LUBAN;NIO_2018_TITLI,AVAILABLE,PENDING
2018-10-08T00:00:00Z,TRAIN,1,data/interim/gridsat/2018/gridsat_2018.10.08.00.npz,True,NIO_2018_LUBAN;NIO_2018_TITLI,AVAILABLE,PENDING
2018-10-08T03:00:00Z,TRAIN,1,data/interim/gridsat/2018/gridsat_2018.10.08.03.npz,True,NIO_2018_LUBAN;NIO_2018_TITLI,AVAILABLE,PENDING
2018-10-08T06:00:00Z,TRAIN,1,data/interim/gridsat/2018/gridsat_2018.10.08.06.npz,True,NIO_2018_LUBAN;NIO_2018_TITLI,AVAILABLE,PENDING
2018-10-08T09:00:00Z,TRAIN,1,data/interim/gridsat/2018/gridsat_2018.10.08.09.npz,True,NIO_2018_LUBAN;NIO_2018_TITLI,AVAILABLE,PENDING
2018-10-08T12:00:00Z,TRAIN,1,data/interim/gridsat/2018/gridsat_2018.10.08.12.npz,True,NIO_2018_LUBAN;NIO_2018_TITLI,AVAILABLE,PENDING
2018-10-08T15:00:00Z,TRAIN,1,data/interim/gridsat/2018/gridsat_2018.10.08.15.npz,True,NIO_2018_LUBAN;NIO_2018_TITLI,AVAILABLE,PENDING
2018-10-08T18:00:00Z,TRAIN,1,data/interim/gridsat/2018/gridsat_2018.10.08.18.npz,True,NIO_2018_LUBAN;NIO_2018_TITLI,AVAILABLE,PENDING
2018-10-08T21:00:00Z,TRAIN,1,data/interim/gridsat/2018/gridsat_2018.10.08.21.npz,True,NIO_2018_LUBAN,AVAILABLE,PENDING
2018-12-12T09:00:00Z,TRAIN,1,data/interim/gridsat/2018/gridsat_2018.12.12.09.npz,False,NIO_2018_VISAKHAPATNAM,AVAILABLE,PENDING
2018-12-12T12:00:00Z,TRAIN,1,data/interim/gridsat/2018/gridsat_2018.12.12.12.npz,False,NIO_2018_VISAKHAPATNAM,AVAILABLE,PENDING
2018-12-12T15:00:00Z,TRAIN,1,data/interim/gridsat/2018/gridsat_2018.12.12.15.npz,False,NIO_2018_VISAKHAPATNAM,AVAILABLE,PENDING
2018-12-12T18:00:00Z,TRAIN,1,data/interim/gridsat/2018/gridsat_2018.12.12.18.npz,False,NIO_2018_VISAKHAPATNAM,AVAILABLE,PENDING
2018-12-12T21:00:00Z,TRAIN,1,data/interim/gridsat/2018/gridsat_2018.12.12.21.npz,False,NIO_2018_VISAKHAPATNAM,AVAILABLE,PENDING
2018-12-13T00:00:00Z,TRAIN,1,data/interim/gridsat/2018/gridsat_2018.12.13.00.npz,True,NIO_2018_VISAKHAPATNAM,AVAILABLE,PENDING
2018-12-13T03:00:00Z,TRAIN,1,data/interim/gridsat/2018/gridsat_2018.12.13.03.npz,False,NIO_2018_VISAKHAPATNAM,AVAILABLE,PENDING
2018-12-13T06:00:00Z,TRAIN,1,data/interim/gridsat/2018/gridsat_2018.12.13.06.npz,True,NIO_2018_VISAKHAPATNAM,AVAILABLE,PENDING
2018-12-13T09:00:00Z,TRAIN,1,data/interim/gridsat/2018/gridsat_2018.12.13.09.npz,False,NIO_2018_VISAKHAPATNAM,AVAILABLE,PENDING
2018-12-13T12:00:00Z,TRAIN,1,data/interim/gridsat/2018/gridsat_2018.12.13.12.npz,True,NIO_2018_VISAKHAPATNAM,AVAILABLE,PENDING
2018-12-13T15:00:00Z,TRAIN,1,data/interim/gridsat/2018/gridsat_2018.12.13.15.npz,False,NIO_2018_VISAKHAPATNAM,AVAILABLE,PENDING
2018-12-13T18:00:00Z,TRAIN,1,data/interim/gridsat/2018/gridsat_2018.12.13.18.npz,True,NIO_2018_VISAKHAPATNAM,AVAILABLE,PENDING
2018-12-13T21:00:00Z,TRAIN,1,data/interim/gridsat/2018/gridsat_2018.12.13.21.npz,False,NIO_2018_VISAKHAPATNAM,AVAILABLE,PENDING
2018-12-14T00:00:00Z,TRAIN,1,data/interim/gridsat/2018/gridsat_2018.12.14.00.npz,True,NIO_2018_VISAKHAPATNAM,AVAILABLE,PENDING
2018-12-14T03:00:00Z,TRAIN,1,data/interim/gridsat/2018/gridsat_2018.12.14.03.npz,False,NIO_2018_VISAKHAPATNAM,AVAILABLE,PENDING
2018-12-14T06:00:00Z,TRAIN,1,data/interim/gridsat/2018/gridsat_2018.12.14.06.npz,True,NIO_2018_VISAKHAPATNAM,AVAILABLE,PENDING
2019-01-03T21:00:00Z,VALIDATION,1,data/interim/gridsat/2019/gridsat_2019.01.03.21.npz,False,NIO_2019_PABUK,AVAILABLE,PENDING
2019-01-04T00:00:00Z,VALIDATION,1,data/interim/gridsat/2019/gridsat_2019.01.04.00.npz,False,NIO_2019_PABUK,AVAILABLE,PENDING
2019-01-04T03:00:00Z,VALIDATION,1,data/interim/gridsat/2019/gridsat_2019.01.04.03.npz,False,NIO_2019_PABUK,AVAILABLE,PENDING
2019-01-04T06:00:00Z,VALIDATION,1,data/interim/gridsat/2019/gridsat_2019.01.04.06.npz,False,NIO_2019_PABUK,AVAILABLE,PENDING
2019-01-04T09:00:00Z,VALIDATION,1,data/interim/gridsat/2019/gridsat_2019.01.04.09.npz,False,NIO_2019_PABUK,AVAILABLE,PENDING
2019-01-04T12:00:00Z,VALIDATION,1,data/interim/gridsat/2019/gridsat_2019.01.04.12.npz,True,NIO_2019_PABUK,AVAILABLE,PENDING
2019-01-04T15:00:00Z,VALIDATION,1,data/interim/gridsat/2019/gridsat_2019.01.04.15.npz,False,NIO_2019_PABUK,AVAILABLE,PENDING
2019-01-04T18:00:00Z,VALIDATION,1,data/interim/gridsat/2019/gridsat_2019.01.04.18.npz,True,NIO_2019_PABUK,AVAILABLE,PENDING
2019-01-04T21:00:00Z,VALIDATION,1,data/interim/gridsat/2019/gridsat_2019.01.04.21.npz,False,NIO_2019_PABUK,AVAILABLE,PENDING
2019-01-05T00:00:00Z,VALIDATION,1,data/interim/gridsat/2019/gridsat_2019.01.05.00.npz,True,NIO_2019_PABUK,AVAILABLE,PENDING
2019-01-05T03:00:00Z,VALIDATION,1,data/interim/gridsat/2019/gridsat_2019.01.05.03.npz,True,NIO_2019_PABUK,AVAILABLE,PENDING
2019-01-05T06:00:00Z,VALIDATION,1,data/interim/gridsat/2019/gridsat_2019.01.05.06.npz,True,NIO_2019_PABUK,AVAILABLE,PENDING
2019-01-05T09:00:00Z,VALIDATION,1,data/interim/gridsat/2019/gridsat_2019.01.05.09.npz,False,NIO_2019_PABUK,AVAILABLE,PENDING
2019-01-05T12:00:00Z,VALIDATION,1,data/interim/gridsat/2019/gridsat_2019.01.05.12.npz,True,NIO_2019_PABUK,AVAILABLE,PENDING
2019-01-05T15:00:00Z,VALIDATION,1,data/interim/gridsat/2019/gridsat_2019.01.05.15.npz,False,NIO_2019_PABUK,AVAILABLE,PENDING
2019-01-05T18:00:00Z,VALIDATION,1,data/interim/gridsat/2019/gridsat_2019.01.05.18.npz,True,NIO_2019_PABUK,AVAILABLE,PENDING
2019-04-25T15:00:00Z,VALIDATION,1,data/interim/gridsat/2019/gridsat_2019.04.25.15.npz,False,NIO_2019_FANI,AVAILABLE,PENDING
2019-04-25T18:00:00Z,VALIDATION,1,data/interim/gridsat/2019/gridsat_2019.04.25.18.npz,False,NIO_2019_FANI,AVAILABLE,PENDING
2019-04-25T21:00:00Z,VALIDATION,1,data/interim/gridsat/2019/gridsat_2019.04.25.21.npz,False,NIO_2019_FANI,AVAILABLE,PENDING
2019-04-26T00:00:00Z,VALIDATION,1,data/interim/gridsat/2019/gridsat_2019.04.26.00.npz,False,NIO_2019_FANI,AVAILABLE,PENDING
2019-04-26T03:00:00Z,VALIDATION,1,data/interim/gridsat/2019/gridsat_2019.04.26.03.npz,False,NIO_2019_FANI,AVAILABLE,PENDING
2019-04-26T06:00:00Z,VALIDATION,1,data/interim/gridsat/2019/gridsat_2019.04.26.06.npz,True,NIO_2019_FANI,AVAILABLE,PENDING
2019-04-26T09:00:00Z,VALIDATION,1,data/interim/gridsat/2019/gridsat_2019.04.26.09.npz,False,NIO_2019_FANI,AVAILABLE,PENDING
2019-04-26T12:00:00Z,VALIDATION,1,data/interim/gridsat/2019/gridsat_2019.04.26.12.npz,True,NIO_2019_FANI,AVAILABLE,PENDING
2019-04-26T15:00:00Z,VALIDATION,1,data/interim/gridsat/2019/gridsat_2019.04.26.15.npz,False,NIO_2019_FANI,AVAILABLE,PENDING
2019-04-26T18:00:00Z,VALIDATION,1,data/interim/gridsat/2019/gridsat_2019.04.26.18.npz,True,NIO_2019_FANI,AVAILABLE,PENDING
2019-04-26T21:00:00Z,VALIDATION,1,data/interim/gridsat/2019/gridsat_2019.04.26.21.npz,False,NIO_2019_FANI,AVAILABLE,PENDING
2019-04-27T00:00:00Z,VALIDATION,1,data/interim/gridsat/2019/gridsat_2019.04.27.00.npz,True,NIO_2019_FANI,AVAILABLE,PENDING
2019-04-27T03:00:00Z,VALIDATION,1,data/interim/gridsat/2019/gridsat_2019.04.27.03.npz,True,NIO_2019_FANI,AVAILABLE,PENDING
2019-04-27T06:00:00Z,VALIDATION,1,data/interim/gridsat/2019/gridsat_2019.04.27.06.npz,True,NIO_2019_FANI,AVAILABLE,PENDING
2019-04-27T09:00:00Z,VALIDATION,1,data/interim/gridsat/2019/gridsat_2019.04.27.09.npz,True,NIO_2019_FANI,AVAILABLE,PENDING
2019-04-27T12:00:00Z,VALIDATION,1,data/interim/gridsat/2019/gridsat_2019.04.27.12.npz,True,NIO_2019_FANI,AVAILABLE,PENDING
2019-04-27T15:00:00Z,VALIDATION,1,data/interim/gridsat/2019/gridsat_2019.04.27.15.npz,True,NIO_2019_FANI,AVAILABLE,PENDING
2019-04-27T18:00:00Z,VALIDATION,1,data/interim/gridsat/2019/gridsat_2019.04.27.18.npz,True,NIO_2019_FANI,AVAILABLE,PENDING
2019-04-27T21:00:00Z,VALIDATION,1,data/interim/gridsat/2019/gridsat_2019.04.27.21.npz,True,NIO_2019_FANI,AVAILABLE,PENDING
2019-04-28T00:00:00Z,VALIDATION,1,data/interim/gridsat/2019/gridsat_2019.04.28.00.npz,True,NIO_2019_FANI,AVAILABLE,PENDING
2019-04-28T03:00:00Z,VALIDATION,1,data/interim/gridsat/2019/gridsat_2019.04.28.03.npz,True,NIO_2019_FANI,AVAILABLE,PENDING
2019-04-28T06:00:00Z,VALIDATION,1,data/interim/gridsat/2019/gridsat_2019.04.28.06.npz,True,NIO_2019_FANI,AVAILABLE,PENDING
2019-04-28T09:00:00Z,VALIDATION,1,data/interim/gridsat/2019/gridsat_2019.04.28.09.npz,True,NIO_2019_FANI,AVAILABLE,PENDING
2019-04-28T12:00:00Z,VALIDATION,1,data/interim/gridsat/2019/gridsat_2019.04.28.12.npz,True,NIO_2019_FANI,AVAILABLE,PENDING
2019-04-28T15:00:00Z,VALIDATION,1,data/interim/gridsat/2019/gridsat_2019.04.28.15.npz,True,NIO_2019_FANI,AVAILABLE,PENDING
2019-04-28T18:00:00Z,VALIDATION,1,data/interim/gridsat/2019/gridsat_2019.04.28.18.npz,True,NIO_2019_FANI,AVAILABLE,PENDING
2019-04-28T21:00:00Z,VALIDATION,1,data/interim/gridsat/2019/gridsat_2019.04.28.21.npz,True,NIO_2019_FANI,AVAILABLE,PENDING
2019-04-29T00:00:00Z,VALIDATION,1,data/interim/gridsat/2019/gridsat_2019.04.29.00.npz,True,NIO_2019_FANI,AVAILABLE,PENDING
2019-04-29T03:00:00Z,VALIDATION,1,data/interim/gridsat/2019/gridsat_2019.04.29.03.npz,True,NIO_2019_FANI,AVAILABLE,PENDING
2019-04-29T06:00:00Z,VALIDATION,1,data/interim/gridsat/2019/gridsat_2019.04.29.06.npz,True,NIO_2019_FANI,AVAILABLE,PENDING
2019-04-29T09:00:00Z,VALIDATION,1,data/interim/gridsat/2019/gridsat_2019.04.29.09.npz,True,NIO_2019_FANI,AVAILABLE,PENDING
2019-04-29T12:00:00Z,VALIDATION,1,data/interim/gridsat/2019/gridsat_2019.04.29.12.npz,True,NIO_2019_FANI,AVAILABLE,PENDING
2019-04-29T15:00:00Z,VALIDATION,1,data/interim/gridsat/2019/gridsat_2019.04.29.15.npz,True,NIO_2019_FANI,AVAILABLE,PENDING
2019-04-29T18:00:00Z,VALIDATION,1,data/interim/gridsat/2019/gridsat_2019.04.29.18.npz,True,NIO_2019_FANI,AVAILABLE,PENDING
2019-04-29T21:00:00Z,VALIDATION,1,data/interim/gridsat/2019/gridsat_2019.04.29.21.npz,True,NIO_2019_FANI,AVAILABLE,PENDING
2019-04-30T00:00:00Z,VALIDATION,1,data/interim/gridsat/2019/gridsat_2019.04.30.00.npz,True,NIO_2019_FANI,AVAILABLE,PENDING
2019-04-30T03:00:00Z,VALIDATION,1,data/interim/gridsat/2019/gridsat_2019.04.30.03.npz,True,NIO_2019_FANI,AVAILABLE,PENDING
2019-04-30T06:00:00Z,VALIDATION,1,data/interim/gridsat/2019/gridsat_2019.04.30.06.npz,True,NIO_2019_FANI,AVAILABLE,PENDING
2019-04-30T09:00:00Z,VALIDATION,1,data/interim/gridsat/2019/gridsat_2019.04.30.09.npz,True,NIO_2019_FANI,AVAILABLE,PENDING
2019-04-30T12:00:00Z,VALIDATION,1,data/interim/gridsat/2019/gridsat_2019.04.30.12.npz,True,NIO_2019_FANI,AVAILABLE,PENDING
2019-04-30T15:00:00Z,VALIDATION,1,data/interim/gridsat/2019/gridsat_2019.04.30.15.npz,True,NIO_2019_FANI,AVAILABLE,PENDING
2019-04-30T18:00:00Z,VALIDATION,1,data/interim/gridsat/2019/gridsat_2019.04.30.18.npz,True,NIO_2019_FANI,AVAILABLE,PENDING
2019-04-30T21:00:00Z,VALIDATION,1,data/interim/gridsat/2019/gridsat_2019.04.30.21.npz,True,NIO_2019_FANI,AVAILABLE,PENDING
2019-05-01T00:00:00Z,VALIDATION,1,data/interim/gridsat/2019/gridsat_2019.05.01.00.npz,True,NIO_2019_FANI,AVAILABLE,PENDING
2019-05-01T03:00:00Z,VALIDATION,1,data/interim/gridsat/2019/gridsat_2019.05.01.03.npz,True,NIO_2019_FANI,AVAILABLE,PENDING
2019-05-01T06:00:00Z,VALIDATION,1,data/interim/gridsat/2019/gridsat_2019.05.01.06.npz,True,NIO_2019_FANI,AVAILABLE,PENDING
2019-05-01T09:00:00Z,VALIDATION,1,data/interim/gridsat/2019/gridsat_2019.05.01.09.npz,True,NIO_2019_FANI,AVAILABLE,PENDING
2019-05-01T12:00:00Z,VALIDATION,1,data/interim/gridsat/2019/gridsat_2019.05.01.12.npz,True,NIO_2019_FANI,AVAILABLE,PENDING
2019-05-01T15:00:00Z,VALIDATION,1,data/interim/gridsat/2019/gridsat_2019.05.01.15.npz,True,NIO_2019_FANI,AVAILABLE,PENDING
2019-05-01T18:00:00Z,VALIDATION,1,data/interim/gridsat/2019/gridsat_2019.05.01.18.npz,True,NIO_2019_FANI,AVAILABLE,PENDING
2019-05-01T21:00:00Z,VALIDATION,1,data/interim/gridsat/2019/gridsat_2019.05.01.21.npz,True,NIO_2019_FANI,AVAILABLE,PENDING
2019-05-02T00:00:00Z,VALIDATION,1,data/interim/gridsat/2019/gridsat_2019.05.02.00.npz,True,NIO_2019_FANI,AVAILABLE,PENDING
2019-05-02T03:00:00Z,VALIDATION,1,data/interim/gridsat/2019/gridsat_2019.05.02.03.npz,True,NIO_2019_FANI,AVAILABLE,PENDING
2019-05-02T06:00:00Z,VALIDATION,1,data/interim/gridsat/2019/gridsat_2019.05.02.06.npz,True,NIO_2019_FANI,AVAILABLE,PENDING
2019-05-02T09:00:00Z,VALIDATION,1,data/interim/gridsat/2019/gridsat_2019.05.02.09.npz,False,NIO_2019_FANI,AVAILABLE,PENDING
2019-05-02T12:00:00Z,VALIDATION,1,data/interim/gridsat/2019/gridsat_2019.05.02.12.npz,True,NIO_2019_FANI,AVAILABLE,PENDING
2019-06-09T09:00:00Z,VALIDATION,1,data/interim/gridsat/2019/gridsat_2019.06.09.09.npz,False,NIO_2019_VAYU,AVAILABLE,PENDING
2019-06-09T12:00:00Z,VALIDATION,1,data/interim/gridsat/2019/gridsat_2019.06.09.12.npz,False,NIO_2019_VAYU,AVAILABLE,PENDING
2019-06-09T15:00:00Z,VALIDATION,1,data/interim/gridsat/2019/gridsat_2019.06.09.15.npz,False,NIO_2019_VAYU,AVAILABLE,PENDING
2019-06-09T18:00:00Z,VALIDATION,1,data/interim/gridsat/2019/gridsat_2019.06.09.18.npz,False,NIO_2019_VAYU,AVAILABLE,PENDING
2019-06-09T21:00:00Z,VALIDATION,1,data/interim/gridsat/2019/gridsat_2019.06.09.21.npz,False,NIO_2019_VAYU,AVAILABLE,PENDING
2019-06-10T00:00:00Z,VALIDATION,1,data/interim/gridsat/2019/gridsat_2019.06.10.00.npz,True,NIO_2019_VAYU,AVAILABLE,PENDING
2019-06-10T03:00:00Z,VALIDATION,1,data/interim/gridsat/2019/gridsat_2019.06.10.03.npz,False,NIO_2019_VAYU,AVAILABLE,PENDING
2019-06-10T06:00:00Z,VALIDATION,1,data/interim/gridsat/2019/gridsat_2019.06.10.06.npz,True,NIO_2019_VAYU,AVAILABLE,PENDING
2019-06-10T09:00:00Z,VALIDATION,1,data/interim/gridsat/2019/gridsat_2019.06.10.09.npz,False,NIO_2019_VAYU,AVAILABLE,PENDING
2019-06-10T12:00:00Z,VALIDATION,1,data/interim/gridsat/2019/gridsat_2019.06.10.12.npz,True,NIO_2019_VAYU,AVAILABLE,PENDING
2019-06-10T15:00:00Z,VALIDATION,1,data/interim/gridsat/2019/gridsat_2019.06.10.15.npz,False,NIO_2019_VAYU,AVAILABLE,PENDING
2019-06-10T18:00:00Z,VALIDATION,1,data/interim/gridsat/2019/gridsat_2019.06.10.18.npz,True,NIO_2019_VAYU,AVAILABLE,PENDING
2019-06-10T21:00:00Z,VALIDATION,1,data/interim/gridsat/2019/gridsat_2019.06.10.21.npz,True,NIO_2019_VAYU,AVAILABLE,PENDING
2019-06-11T00:00:00Z,VALIDATION,1,data/interim/gridsat/2019/gridsat_2019.06.11.00.npz,True,NIO_2019_VAYU,AVAILABLE,PENDING
2019-06-11T03:00:00Z,VALIDATION,1,data/interim/gridsat/2019/gridsat_2019.06.11.03.npz,True,NIO_2019_VAYU,AVAILABLE,PENDING
2019-06-11T06:00:00Z,VALIDATION,1,data/interim/gridsat/2019/gridsat_2019.06.11.06.npz,True,NIO_2019_VAYU,AVAILABLE,PENDING
2019-06-11T09:00:00Z,VALIDATION,1,data/interim/gridsat/2019/gridsat_2019.06.11.09.npz,True,NIO_2019_VAYU,AVAILABLE,PENDING
2019-06-11T12:00:00Z,VALIDATION,1,data/interim/gridsat/2019/gridsat_2019.06.11.12.npz,True,NIO_2019_VAYU,AVAILABLE,PENDING
2019-06-11T15:00:00Z,VALIDATION,1,data/interim/gridsat/2019/gridsat_2019.06.11.15.npz,True,NIO_2019_VAYU,AVAILABLE,PENDING
2019-06-11T18:00:00Z,VALIDATION,1,data/interim/gridsat/2019/gridsat_2019.06.11.18.npz,True,NIO_2019_VAYU,AVAILABLE,PENDING
2019-06-11T21:00:00Z,VALIDATION,1,data/interim/gridsat/2019/gridsat_2019.06.11.21.npz,True,NIO_2019_VAYU,AVAILABLE,PENDING
2019-06-12T00:00:00Z,VALIDATION,1,data/interim/gridsat/2019/gridsat_2019.06.12.00.npz,True,NIO_2019_VAYU,AVAILABLE,PENDING
2019-06-12T03:00:00Z,VALIDATION,1,data/interim/gridsat/2019/gridsat_2019.06.12.03.npz,True,NIO_2019_VAYU,AVAILABLE,PENDING
2019-06-12T06:00:00Z,VALIDATION,1,data/interim/gridsat/2019/gridsat_2019.06.12.06.npz,True,NIO_2019_VAYU,AVAILABLE,PENDING
2019-06-12T09:00:00Z,VALIDATION,1,data/interim/gridsat/2019/gridsat_2019.06.12.09.npz,True,NIO_2019_VAYU,AVAILABLE,PENDING
2019-06-12T12:00:00Z,VALIDATION,1,data/interim/gridsat/2019/gridsat_2019.06.12.12.npz,True,NIO_2019_VAYU,AVAILABLE,PENDING
2019-06-12T15:00:00Z,VALIDATION,1,data/interim/gridsat/2019/gridsat_2019.06.12.15.npz,True,NIO_2019_VAYU,AVAILABLE,PENDING
2019-06-12T18:00:00Z,VALIDATION,1,data/interim/gridsat/2019/gridsat_2019.06.12.18.npz,True,NIO_2019_VAYU,AVAILABLE,PENDING
2019-06-12T21:00:00Z,VALIDATION,1,data/interim/gridsat/2019/gridsat_2019.06.12.21.npz,True,NIO_2019_VAYU,AVAILABLE,PENDING
2019-06-13T00:00:00Z,VALIDATION,1,data/interim/gridsat/2019/gridsat_2019.06.13.00.npz,True,NIO_2019_VAYU,AVAILABLE,PENDING
2019-06-13T03:00:00Z,VALIDATION,1,data/interim/gridsat/2019/gridsat_2019.06.13.03.npz,True,NIO_2019_VAYU,AVAILABLE,PENDING
2019-06-13T06:00:00Z,VALIDATION,1,data/interim/gridsat/2019/gridsat_2019.06.13.06.npz,True,NIO_2019_VAYU,AVAILABLE,PENDING
2019-06-13T09:00:00Z,VALIDATION,1,data/interim/gridsat/2019/gridsat_2019.06.13.09.npz,True,NIO_2019_VAYU,AVAILABLE,PENDING
2019-06-13T12:00:00Z,VALIDATION,1,data/interim/gridsat/2019/gridsat_2019.06.13.12.npz,True,NIO_2019_VAYU,AVAILABLE,PENDING
2019-06-13T15:00:00Z,VALIDATION,1,data/interim/gridsat/2019/gridsat_2019.06.13.15.npz,True,NIO_2019_VAYU,AVAILABLE,PENDING
2019-06-13T18:00:00Z,VALIDATION,1,data/interim/gridsat/2019/gridsat_2019.06.13.18.npz,True,NIO_2019_VAYU,AVAILABLE,PENDING
2019-06-13T21:00:00Z,VALIDATION,1,data/interim/gridsat/2019/gridsat_2019.06.13.21.npz,True,NIO_2019_VAYU,AVAILABLE,PENDING
2019-06-14T00:00:00Z,VALIDATION,1,data/interim/gridsat/2019/gridsat_2019.06.14.00.npz,True,NIO_2019_VAYU,AVAILABLE,PENDING
2019-06-14T03:00:00Z,VALIDATION,1,data/interim/gridsat/2019/gridsat_2019.06.14.03.npz,True,NIO_2019_VAYU,AVAILABLE,PENDING
2019-06-14T06:00:00Z,VALIDATION,1,data/interim/gridsat/2019/gridsat_2019.06.14.06.npz,True,NIO_2019_VAYU,AVAILABLE,PENDING
2019-06-14T09:00:00Z,VALIDATION,1,data/interim/gridsat/2019/gridsat_2019.06.14.09.npz,True,NIO_2019_VAYU,AVAILABLE,PENDING
2019-06-14T12:00:00Z,VALIDATION,1,data/interim/gridsat/2019/gridsat_2019.06.14.12.npz,True,NIO_2019_VAYU,AVAILABLE,PENDING
2019-06-14T15:00:00Z,VALIDATION,1,data/interim/gridsat/2019/gridsat_2019.06.14.15.npz,True,NIO_2019_VAYU,AVAILABLE,PENDING
2019-06-14T18:00:00Z,VALIDATION,1,data/interim/gridsat/2019/gridsat_2019.06.14.18.npz,True,NIO_2019_VAYU,AVAILABLE,PENDING
2019-06-14T21:00:00Z,VALIDATION,1,data/interim/gridsat/2019/gridsat_2019.06.14.21.npz,True,NIO_2019_VAYU,AVAILABLE,PENDING
2019-06-15T00:00:00Z,VALIDATION,1,data/interim/gridsat/2019/gridsat_2019.06.15.00.npz,True,NIO_2019_VAYU,AVAILABLE,PENDING
2019-06-15T03:00:00Z,VALIDATION,1,data/interim/gridsat/2019/gridsat_2019.06.15.03.npz,True,NIO_2019_VAYU,AVAILABLE,PENDING
2019-06-15T06:00:00Z,VALIDATION,1,data/interim/gridsat/2019/gridsat_2019.06.15.06.npz,True,NIO_2019_VAYU,AVAILABLE,PENDING
2019-06-15T09:00:00Z,VALIDATION,1,data/interim/gridsat/2019/gridsat_2019.06.15.09.npz,True,NIO_2019_VAYU,AVAILABLE,PENDING
2019-06-15T12:00:00Z,VALIDATION,1,data/interim/gridsat/2019/gridsat_2019.06.15.12.npz,True,NIO_2019_VAYU,AVAILABLE,PENDING
2019-08-05T15:00:00Z,VALIDATION,1,data/interim/gridsat/2019/gridsat_2019.08.05.15.npz,False,NIO_2019_UNNAMED_2_4_1,AVAILABLE,PENDING
2019-08-05T18:00:00Z,VALIDATION,1,data/interim/gridsat/2019/gridsat_2019.08.05.18.npz,False,NIO_2019_UNNAMED_2_4_1,AVAILABLE,PENDING
2019-08-05T21:00:00Z,VALIDATION,1,data/interim/gridsat/2019/gridsat_2019.08.05.21.npz,False,NIO_2019_UNNAMED_2_4_1,AVAILABLE,PENDING
2019-08-06T00:00:00Z,VALIDATION,1,data/interim/gridsat/2019/gridsat_2019.08.06.00.npz,False,NIO_2019_UNNAMED_2_4_1,AVAILABLE,PENDING
2019-08-06T03:00:00Z,VALIDATION,1,data/interim/gridsat/2019/gridsat_2019.08.06.03.npz,False,NIO_2019_UNNAMED_2_4_1,AVAILABLE,PENDING
2019-08-06T06:00:00Z,VALIDATION,1,data/interim/gridsat/2019/gridsat_2019.08.06.06.npz,True,NIO_2019_UNNAMED_2_4_1,AVAILABLE,PENDING
2019-08-06T09:00:00Z,VALIDATION,1,data/interim/gridsat/2019/gridsat_2019.08.06.09.npz,False,NIO_2019_UNNAMED_2_4_1,AVAILABLE,PENDING
2019-08-06T12:00:00Z,VALIDATION,1,data/interim/gridsat/2019/gridsat_2019.08.06.12.npz,True,NIO_2019_UNNAMED_2_4_1,AVAILABLE,PENDING
2019-08-06T15:00:00Z,VALIDATION,1,data/interim/gridsat/2019/gridsat_2019.08.06.15.npz,False,NIO_2019_UNNAMED_2_4_1,AVAILABLE,PENDING
2019-08-06T18:00:00Z,VALIDATION,1,data/interim/gridsat/2019/gridsat_2019.08.06.18.npz,True,NIO_2019_UNNAMED_2_4_1,AVAILABLE,PENDING
2019-08-06T21:00:00Z,VALIDATION,1,data/interim/gridsat/2019/gridsat_2019.08.06.21.npz,False,NIO_2019_UNNAMED_2_4_1,AVAILABLE,PENDING
2019-08-07T00:00:00Z,VALIDATION,1,data/interim/gridsat/2019/gridsat_2019.08.07.00.npz,True,NIO_2019_UNNAMED_2_4_1,AVAILABLE,PENDING
2019-08-07T03:00:00Z,VALIDATION,1,data/interim/gridsat/2019/gridsat_2019.08.07.03.npz,False,NIO_2019_UNNAMED_2_4_1,AVAILABLE,PENDING
2019-08-07T06:00:00Z,VALIDATION,1,data/interim/gridsat/2019/gridsat_2019.08.07.06.npz,True,NIO_2019_UNNAMED_2_4_1,AVAILABLE,PENDING
2019-09-21T15:00:00Z,VALIDATION,1,data/interim/gridsat/2019/gridsat_2019.09.21.15.npz,False,NIO_2019_HIKAA,AVAILABLE,PENDING
2019-09-21T18:00:00Z,VALIDATION,1,data/interim/gridsat/2019/gridsat_2019.09.21.18.npz,False,NIO_2019_HIKAA,AVAILABLE,PENDING
2019-09-21T21:00:00Z,VALIDATION,1,data/interim/gridsat/2019/gridsat_2019.09.21.21.npz,False,NIO_2019_HIKAA,AVAILABLE,PENDING
2019-09-22T00:00:00Z,VALIDATION,1,data/interim/gridsat/2019/gridsat_2019.09.22.00.npz,False,NIO_2019_HIKAA,AVAILABLE,PENDING
2019-09-22T03:00:00Z,VALIDATION,1,data/interim/gridsat/2019/gridsat_2019.09.22.03.npz,False,NIO_2019_HIKAA,AVAILABLE,PENDING
2019-09-22T06:00:00Z,VALIDATION,1,data/interim/gridsat/2019/gridsat_2019.09.22.06.npz,True,NIO_2019_HIKAA,AVAILABLE,PENDING
2019-09-22T09:00:00Z,VALIDATION,1,data/interim/gridsat/2019/gridsat_2019.09.22.09.npz,False,NIO_2019_HIKAA,AVAILABLE,PENDING
2019-09-22T12:00:00Z,VALIDATION,1,data/interim/gridsat/2019/gridsat_2019.09.22.12.npz,True,NIO_2019_HIKAA,AVAILABLE,PENDING
2019-09-22T15:00:00Z,VALIDATION,1,data/interim/gridsat/2019/gridsat_2019.09.22.15.npz,False,NIO_2019_HIKAA,AVAILABLE,PENDING
2019-09-22T18:00:00Z,VALIDATION,1,data/interim/gridsat/2019/gridsat_2019.09.22.18.npz,True,NIO_2019_HIKAA,AVAILABLE,PENDING
2019-09-22T21:00:00Z,VALIDATION,1,data/interim/gridsat/2019/gridsat_2019.09.22.21.npz,False,NIO_2019_HIKAA,AVAILABLE,PENDING
2019-09-23T00:00:00Z,VALIDATION,1,data/interim/gridsat/2019/gridsat_2019.09.23.00.npz,True,NIO_2019_HIKAA,AVAILABLE,PENDING
2019-09-23T03:00:00Z,VALIDATION,1,data/interim/gridsat/2019/gridsat_2019.09.23.03.npz,True,NIO_2019_HIKAA,AVAILABLE,PENDING
2019-09-23T06:00:00Z,VALIDATION,1,data/interim/gridsat/2019/gridsat_2019.09.23.06.npz,True,NIO_2019_HIKAA,AVAILABLE,PENDING
2019-10-23T15:00:00Z,VALIDATION,1,data/interim/gridsat/2019/gridsat_2019.10.23.15.npz,False,NIO_2019_KYARR,AVAILABLE,PENDING
2019-10-23T18:00:00Z,VALIDATION,1,data/interim/gridsat/2019/gridsat_2019.10.23.18.npz,False,NIO_2019_KYARR,AVAILABLE,PENDING
2019-10-23T21:00:00Z,VALIDATION,1,data/interim/gridsat/2019/gridsat_2019.10.23.21.npz,False,NIO_2019_KYARR,AVAILABLE,PENDING
2019-10-24T00:00:00Z,VALIDATION,1,data/interim/gridsat/2019/gridsat_2019.10.24.00.npz,False,NIO_2019_KYARR,AVAILABLE,PENDING
2019-10-24T03:00:00Z,VALIDATION,1,data/interim/gridsat/2019/gridsat_2019.10.24.03.npz,False,NIO_2019_KYARR,AVAILABLE,PENDING
2019-10-24T06:00:00Z,VALIDATION,1,data/interim/gridsat/2019/gridsat_2019.10.24.06.npz,True,NIO_2019_KYARR,AVAILABLE,PENDING
2019-10-24T09:00:00Z,VALIDATION,1,data/interim/gridsat/2019/gridsat_2019.10.24.09.npz,False,NIO_2019_KYARR,AVAILABLE,PENDING
2019-10-24T12:00:00Z,VALIDATION,1,data/interim/gridsat/2019/gridsat_2019.10.24.12.npz,True,NIO_2019_KYARR,AVAILABLE,PENDING
2019-10-24T15:00:00Z,VALIDATION,1,data/interim/gridsat/2019/gridsat_2019.10.24.15.npz,False,NIO_2019_KYARR,AVAILABLE,PENDING
2019-10-24T18:00:00Z,VALIDATION,1,data/interim/gridsat/2019/gridsat_2019.10.24.18.npz,True,NIO_2019_KYARR,AVAILABLE,PENDING
2019-10-24T21:00:00Z,VALIDATION,1,data/interim/gridsat/2019/gridsat_2019.10.24.21.npz,False,NIO_2019_KYARR,AVAILABLE,PENDING
2019-10-25T00:00:00Z,VALIDATION,1,data/interim/gridsat/2019/gridsat_2019.10.25.00.npz,True,NIO_2019_KYARR,AVAILABLE,PENDING
2019-10-25T03:00:00Z,VALIDATION,1,data/interim/gridsat/2019/gridsat_2019.10.25.03.npz,True,NIO_2019_KYARR,AVAILABLE,PENDING
2019-10-25T06:00:00Z,VALIDATION,1,data/interim/gridsat/2019/gridsat_2019.10.25.06.npz,True,NIO_2019_KYARR,AVAILABLE,PENDING
2019-10-25T09:00:00Z,VALIDATION,1,data/interim/gridsat/2019/gridsat_2019.10.25.09.npz,True,NIO_2019_KYARR,AVAILABLE,PENDING
2019-10-25T12:00:00Z,VALIDATION,1,data/interim/gridsat/2019/gridsat_2019.10.25.12.npz,True,NIO_2019_KYARR,AVAILABLE,PENDING
2019-10-25T15:00:00Z,VALIDATION,1,data/interim/gridsat/2019/gridsat_2019.10.25.15.npz,True,NIO_2019_KYARR,AVAILABLE,PENDING
2019-10-25T18:00:00Z,VALIDATION,1,data/interim/gridsat/2019/gridsat_2019.10.25.18.npz,True,NIO_2019_KYARR,AVAILABLE,PENDING
2019-10-25T21:00:00Z,VALIDATION,1,data/interim/gridsat/2019/gridsat_2019.10.25.21.npz,True,NIO_2019_KYARR,AVAILABLE,PENDING
2019-10-26T00:00:00Z,VALIDATION,1,data/interim/gridsat/2019/gridsat_2019.10.26.00.npz,True,NIO_2019_KYARR,AVAILABLE,PENDING
2019-10-26T03:00:00Z,VALIDATION,1,data/interim/gridsat/2019/gridsat_2019.10.26.03.npz,True,NIO_2019_KYARR,AVAILABLE,PENDING
2019-10-26T06:00:00Z,VALIDATION,1,data/interim/gridsat/2019/gridsat_2019.10.26.06.npz,True,NIO_2019_KYARR,AVAILABLE,PENDING
2019-10-26T09:00:00Z,VALIDATION,1,data/interim/gridsat/2019/gridsat_2019.10.26.09.npz,True,NIO_2019_KYARR,AVAILABLE,PENDING
2019-10-26T12:00:00Z,VALIDATION,1,data/interim/gridsat/2019/gridsat_2019.10.26.12.npz,True,NIO_2019_KYARR,AVAILABLE,PENDING
2019-10-26T15:00:00Z,VALIDATION,1,data/interim/gridsat/2019/gridsat_2019.10.26.15.npz,True,NIO_2019_KYARR,AVAILABLE,PENDING
2019-10-26T18:00:00Z,VALIDATION,1,data/interim/gridsat/2019/gridsat_2019.10.26.18.npz,True,NIO_2019_KYARR,AVAILABLE,PENDING
2019-10-26T21:00:00Z,VALIDATION,1,data/interim/gridsat/2019/gridsat_2019.10.26.21.npz,True,NIO_2019_KYARR,AVAILABLE,PENDING
2019-10-27T00:00:00Z,VALIDATION,1,data/interim/gridsat/2019/gridsat_2019.10.27.00.npz,True,NIO_2019_KYARR,AVAILABLE,PENDING
2019-10-27T03:00:00Z,VALIDATION,1,data/interim/gridsat/2019/gridsat_2019.10.27.03.npz,True,NIO_2019_KYARR,AVAILABLE,PENDING
2019-10-27T06:00:00Z,VALIDATION,1,data/interim/gridsat/2019/gridsat_2019.10.27.06.npz,True,NIO_2019_KYARR,AVAILABLE,PENDING
2019-10-27T09:00:00Z,VALIDATION,1,data/interim/gridsat/2019/gridsat_2019.10.27.09.npz,True,NIO_2019_KYARR,AVAILABLE,PENDING
2019-10-27T12:00:00Z,VALIDATION,1,data/interim/gridsat/2019/gridsat_2019.10.27.12.npz,True,NIO_2019_KYARR,AVAILABLE,PENDING
2019-10-27T15:00:00Z,VALIDATION,1,data/interim/gridsat/2019/gridsat_2019.10.27.15.npz,True,NIO_2019_KYARR,AVAILABLE,PENDING
2019-10-27T18:00:00Z,VALIDATION,1,data/interim/gridsat/2019/gridsat_2019.10.27.18.npz,True,NIO_2019_KYARR,AVAILABLE,PENDING
2019-10-27T21:00:00Z,VALIDATION,1,data/interim/gridsat/2019/gridsat_2019.10.27.21.npz,True,NIO_2019_KYARR,AVAILABLE,PENDING
2019-10-28T00:00:00Z,VALIDATION,1,data/interim/gridsat/2019/gridsat_2019.10.28.00.npz,True,NIO_2019_KYARR,AVAILABLE,PENDING
2019-10-28T03:00:00Z,VALIDATION,1,data/interim/gridsat/2019/gridsat_2019.10.28.03.npz,True,NIO_2019_KYARR,AVAILABLE,PENDING
2019-10-28T06:00:00Z,VALIDATION,1,data/interim/gridsat/2019/gridsat_2019.10.28.06.npz,True,NIO_2019_KYARR,AVAILABLE,PENDING
2019-10-28T09:00:00Z,VALIDATION,1,data/interim/gridsat/2019/gridsat_2019.10.28.09.npz,True,NIO_2019_KYARR,AVAILABLE,PENDING
2019-10-28T12:00:00Z,VALIDATION,1,data/interim/gridsat/2019/gridsat_2019.10.28.12.npz,True,NIO_2019_KYARR,AVAILABLE,PENDING
2019-10-28T15:00:00Z,VALIDATION,1,data/interim/gridsat/2019/gridsat_2019.10.28.15.npz,True,NIO_2019_KYARR,AVAILABLE,PENDING
2019-10-28T18:00:00Z,VALIDATION,1,data/interim/gridsat/2019/gridsat_2019.10.28.18.npz,True,NIO_2019_KYARR,AVAILABLE,PENDING
2019-10-28T21:00:00Z,VALIDATION,1,data/interim/gridsat/2019/gridsat_2019.10.28.21.npz,True,NIO_2019_KYARR,AVAILABLE,PENDING
2019-10-29T00:00:00Z,VALIDATION,1,data/interim/gridsat/2019/gridsat_2019.10.29.00.npz,True,NIO_2019_KYARR,AVAILABLE,PENDING
2019-10-29T03:00:00Z,VALIDATION,1,data/interim/gridsat/2019/gridsat_2019.10.29.03.npz,True,NIO_2019_KYARR,AVAILABLE,PENDING
2019-10-29T06:00:00Z,VALIDATION,1,data/interim/gridsat/2019/gridsat_2019.10.29.06.npz,True,NIO_2019_KYARR,AVAILABLE,PENDING
2019-10-29T09:00:00Z,VALIDATION,1,data/interim/gridsat/2019/gridsat_2019.10.29.09.npz,True,NIO_2019_KYARR,AVAILABLE,PENDING
2019-10-29T12:00:00Z,VALIDATION,1,data/interim/gridsat/2019/gridsat_2019.10.29.12.npz,True,NIO_2019_KYARR,AVAILABLE,PENDING
2019-10-29T15:00:00Z,VALIDATION,1,data/interim/gridsat/2019/gridsat_2019.10.29.15.npz,True,NIO_2019_KYARR,AVAILABLE,PENDING
2019-10-29T18:00:00Z,VALIDATION,1,data/interim/gridsat/2019/gridsat_2019.10.29.18.npz,True,NIO_2019_KYARR,AVAILABLE,PENDING
2019-10-29T21:00:00Z,VALIDATION,1,data/interim/gridsat/2019/gridsat_2019.10.29.21.npz,True,NIO_2019_KYARR,AVAILABLE,PENDING
2019-10-30T00:00:00Z,VALIDATION,1,data/interim/gridsat/2019/gridsat_2019.10.30.00.npz,True,NIO_2019_KYARR,AVAILABLE,PENDING
2019-10-30T03:00:00Z,VALIDATION,1,data/interim/gridsat/2019/gridsat_2019.10.30.03.npz,True,NIO_2019_KYARR,AVAILABLE,PENDING
2019-10-30T06:00:00Z,VALIDATION,1,data/interim/gridsat/2019/gridsat_2019.10.30.06.npz,True,NIO_2019_KYARR,AVAILABLE,PENDING
2019-10-30T09:00:00Z,VALIDATION,1,data/interim/gridsat/2019/gridsat_2019.10.30.09.npz,True,NIO_2019_KYARR,AVAILABLE,PENDING
2019-10-30T12:00:00Z,VALIDATION,1,data/interim/gridsat/2019/gridsat_2019.10.30.12.npz,True,NIO_2019_KYARR,AVAILABLE,PENDING
2019-10-30T15:00:00Z,VALIDATION,1,data/interim/gridsat/2019/gridsat_2019.10.30.15.npz,True,NIO_2019_KYARR,AVAILABLE,PENDING
2019-10-30T18:00:00Z,VALIDATION,1,data/interim/gridsat/2019/gridsat_2019.10.30.18.npz,True,NIO_2019_KYARR,AVAILABLE,PENDING
2019-10-30T21:00:00Z,VALIDATION,1,data/interim/gridsat/2019/gridsat_2019.10.30.21.npz,True,NIO_2019_KYARR,AVAILABLE,PENDING
2019-10-31T00:00:00Z,VALIDATION,1,data/interim/gridsat/2019/gridsat_2019.10.31.00.npz,True,NIO_2019_KYARR,AVAILABLE,PENDING
2019-10-31T03:00:00Z,VALIDATION,1,data/interim/gridsat/2019/gridsat_2019.10.31.03.npz,True,NIO_2019_KYARR,AVAILABLE,PENDING
2019-10-31T06:00:00Z,VALIDATION,1,data/interim/gridsat/2019/gridsat_2019.10.31.06.npz,True,NIO_2019_KYARR,AVAILABLE,PENDING
2019-10-31T09:00:00Z,VALIDATION,1,data/interim/gridsat/2019/gridsat_2019.10.31.09.npz,True,NIO_2019_KYARR,AVAILABLE,PENDING
2019-10-31T12:00:00Z,VALIDATION,1,data/interim/gridsat/2019/gridsat_2019.10.31.12.npz,True,NIO_2019_KYARR,AVAILABLE,PENDING
2019-10-31T15:00:00Z,VALIDATION,1,data/interim/gridsat/2019/gridsat_2019.10.31.15.npz,True,NIO_2019_KYARR,AVAILABLE,PENDING
2019-11-04T09:00:00Z,VALIDATION,1,data/interim/gridsat/2019/gridsat_2019.11.04.09.npz,False,NIO_2019_UNNAMED_2_9_1,AVAILABLE,PENDING
2019-11-04T12:00:00Z,VALIDATION,1,data/interim/gridsat/2019/gridsat_2019.11.04.12.npz,False,NIO_2019_UNNAMED_2_9_1,AVAILABLE,PENDING
2019-11-04T15:00:00Z,VALIDATION,1,data/interim/gridsat/2019/gridsat_2019.11.04.15.npz,False,NIO_2019_UNNAMED_2_9_1,AVAILABLE,PENDING
2019-11-04T18:00:00Z,VALIDATION,1,data/interim/gridsat/2019/gridsat_2019.11.04.18.npz,False,NIO_2019_UNNAMED_2_9_1,AVAILABLE,PENDING
2019-11-04T21:00:00Z,VALIDATION,1,data/interim/gridsat/2019/gridsat_2019.11.04.21.npz,False,NIO_2019_UNNAMED_2_9_1,AVAILABLE,PENDING
2019-11-05T00:00:00Z,VALIDATION,1,data/interim/gridsat/2019/gridsat_2019.11.05.00.npz,True,NIO_2019_UNNAMED_2_9_1,AVAILABLE,PENDING
2019-11-05T03:00:00Z,VALIDATION,1,data/interim/gridsat/2019/gridsat_2019.11.05.03.npz,False,NIO_2019_UNNAMED_2_9_1,AVAILABLE,PENDING
2019-11-05T06:00:00Z,VALIDATION,1,data/interim/gridsat/2019/gridsat_2019.11.05.06.npz,True,NIO_2019_UNNAMED_2_9_1,AVAILABLE,PENDING
2019-11-05T09:00:00Z,VALIDATION,1,data/interim/gridsat/2019/gridsat_2019.11.05.09.npz,False,NIO_2019_UNNAMED_2_9_1,AVAILABLE,PENDING
2019-11-05T12:00:00Z,VALIDATION,1,data/interim/gridsat/2019/gridsat_2019.11.05.12.npz,True,NIO_2019_UNNAMED_2_9_1,AVAILABLE,PENDING
2019-11-05T15:00:00Z,VALIDATION,1,data/interim/gridsat/2019/gridsat_2019.11.05.15.npz,False,NIO_2019_UNNAMED_2_9_1,AVAILABLE,PENDING
2019-11-05T18:00:00Z,VALIDATION,1,data/interim/gridsat/2019/gridsat_2019.11.05.18.npz,True,NIO_2019_UNNAMED_2_9_1,AVAILABLE,PENDING
2019-11-05T21:00:00Z,VALIDATION,1,data/interim/gridsat/2019/gridsat_2019.11.05.21.npz,False,NIO_2019_UNNAMED_2_9_1,AVAILABLE,PENDING
2019-11-06T00:00:00Z,VALIDATION,1,data/interim/gridsat/2019/gridsat_2019.11.06.00.npz,True,NIO_2019_UNNAMED_2_9_1,AVAILABLE,PENDING
2019-11-06T03:00:00Z,VALIDATION,1,data/interim/gridsat/2019/gridsat_2019.11.06.03.npz,False,NIO_2019_UNNAMED_2_9_1,AVAILABLE,PENDING
2019-11-06T06:00:00Z,VALIDATION,1,data/interim/gridsat/2019/gridsat_2019.11.06.06.npz,True,NIO_2019_UNNAMED_2_9_1,AVAILABLE,PENDING
2019-11-06T09:00:00Z,VALIDATION,1,data/interim/gridsat/2019/gridsat_2019.11.06.09.npz,False,NIO_2019_UNNAMED_2_9_1,AVAILABLE,PENDING
2019-11-06T12:00:00Z,VALIDATION,1,data/interim/gridsat/2019/gridsat_2019.11.06.12.npz,True,NIO_2019_UNNAMED_2_9_1,AVAILABLE,PENDING
2019-11-06T15:00:00Z,VALIDATION,1,data/interim/gridsat/2019/gridsat_2019.11.06.15.npz,False,NIO_2019_UNNAMED_2_9_1,AVAILABLE,PENDING
2019-11-06T18:00:00Z,VALIDATION,1,data/interim/gridsat/2019/gridsat_2019.11.06.18.npz,True,NIO_2019_UNNAMED_2_9_1,AVAILABLE,PENDING
2019-11-06T21:00:00Z,VALIDATION,1,data/interim/gridsat/2019/gridsat_2019.11.06.21.npz,False,NIO_2019_UNNAMED_2_9_1,AVAILABLE,PENDING
2019-11-07T00:00:00Z,VALIDATION,1,data/interim/gridsat/2019/gridsat_2019.11.07.00.npz,True,NIO_2019_UNNAMED_2_9_1,AVAILABLE,PENDING
2019-11-07T03:00:00Z,VALIDATION,1,data/interim/gridsat/2019/gridsat_2019.11.07.03.npz,True,NIO_2019_UNNAMED_2_9_1,AVAILABLE,PENDING
2019-11-07T06:00:00Z,VALIDATION,1,data/interim/gridsat/2019/gridsat_2019.11.07.06.npz,True,NIO_2019_UNNAMED_2_9_1,AVAILABLE,PENDING
2019-11-07T09:00:00Z,VALIDATION,1,data/interim/gridsat/2019/gridsat_2019.11.07.09.npz,True,NIO_2019_UNNAMED_2_9_1,AVAILABLE,PENDING
2019-11-07T12:00:00Z,VALIDATION,1,data/interim/gridsat/2019/gridsat_2019.11.07.12.npz,True,NIO_2019_UNNAMED_2_9_1,AVAILABLE,PENDING
2019-11-07T15:00:00Z,VALIDATION,1,data/interim/gridsat/2019/gridsat_2019.11.07.15.npz,True,NIO_2019_UNNAMED_2_9_1,AVAILABLE,PENDING
2019-11-07T18:00:00Z,VALIDATION,1,data/interim/gridsat/2019/gridsat_2019.11.07.18.npz,True,NIO_2019_UNNAMED_2_9_1,AVAILABLE,PENDING
2019-11-07T21:00:00Z,VALIDATION,1,data/interim/gridsat/2019/gridsat_2019.11.07.21.npz,True,NIO_2019_UNNAMED_2_9_1,AVAILABLE,PENDING
2019-11-08T00:00:00Z,VALIDATION,1,data/interim/gridsat/2019/gridsat_2019.11.08.00.npz,True,NIO_2019_UNNAMED_2_9_1,AVAILABLE,PENDING
2019-11-08T03:00:00Z,VALIDATION,1,data/interim/gridsat/2019/gridsat_2019.11.08.03.npz,True,NIO_2019_UNNAMED_2_9_1,AVAILABLE,PENDING
2019-11-08T06:00:00Z,VALIDATION,1,data/interim/gridsat/2019/gridsat_2019.11.08.06.npz,True,NIO_2019_UNNAMED_2_9_1,AVAILABLE,PENDING
2019-11-08T09:00:00Z,VALIDATION,1,data/interim/gridsat/2019/gridsat_2019.11.08.09.npz,True,NIO_2019_UNNAMED_2_9_1,AVAILABLE,PENDING
2019-12-01T21:00:00Z,VALIDATION,1,data/interim/gridsat/2019/gridsat_2019.12.01.21.npz,False,NIO_2019_PAWAN,AVAILABLE,PENDING
2019-12-02T00:00:00Z,VALIDATION,1,data/interim/gridsat/2019/gridsat_2019.12.02.00.npz,False,NIO_2019_PAWAN,AVAILABLE,PENDING
2019-12-02T03:00:00Z,VALIDATION,1,data/interim/gridsat/2019/gridsat_2019.12.02.03.npz,False,NIO_2019_PAWAN,AVAILABLE,PENDING
2019-12-02T06:00:00Z,VALIDATION,1,data/interim/gridsat/2019/gridsat_2019.12.02.06.npz,False,NIO_2019_PAWAN,AVAILABLE,PENDING
2019-12-02T09:00:00Z,VALIDATION,1,data/interim/gridsat/2019/gridsat_2019.12.02.09.npz,False,NIO_2019_PAWAN,AVAILABLE,PENDING
2019-12-02T12:00:00Z,VALIDATION,1,data/interim/gridsat/2019/gridsat_2019.12.02.12.npz,True,NIO_2019_PAWAN,AVAILABLE,PENDING
2019-12-02T15:00:00Z,VALIDATION,1,data/interim/gridsat/2019/gridsat_2019.12.02.15.npz,False,NIO_2019_PAWAN,AVAILABLE,PENDING
2019-12-02T18:00:00Z,VALIDATION,1,data/interim/gridsat/2019/gridsat_2019.12.02.18.npz,True,NIO_2019_PAWAN,AVAILABLE,PENDING
2019-12-02T21:00:00Z,VALIDATION,1,data/interim/gridsat/2019/gridsat_2019.12.02.21.npz,False,NIO_2019_PAWAN,AVAILABLE,PENDING
2019-12-03T00:00:00Z,VALIDATION,1,data/interim/gridsat/2019/gridsat_2019.12.03.00.npz,True,NIO_2019_PAWAN,AVAILABLE,PENDING
2019-12-03T03:00:00Z,VALIDATION,1,data/interim/gridsat/2019/gridsat_2019.12.03.03.npz,False,NIO_2019_PAWAN,AVAILABLE,PENDING
2019-12-03T06:00:00Z,VALIDATION,1,data/interim/gridsat/2019/gridsat_2019.12.03.06.npz,True,NIO_2019_PAWAN,AVAILABLE,PENDING
2019-12-03T09:00:00Z,VALIDATION,1,data/interim/gridsat/2019/gridsat_2019.12.03.09.npz,False,NIO_2019_PAWAN,AVAILABLE,PENDING
2019-12-03T12:00:00Z,VALIDATION,1,data/interim/gridsat/2019/gridsat_2019.12.03.12.npz,True,NIO_2019_PAWAN,AVAILABLE,PENDING
2019-12-03T15:00:00Z,VALIDATION,1,data/interim/gridsat/2019/gridsat_2019.12.03.15.npz,False,NIO_2019_PAWAN,AVAILABLE,PENDING
2019-12-03T18:00:00Z,VALIDATION,1,data/interim/gridsat/2019/gridsat_2019.12.03.18.npz,True,NIO_2019_PAWAN,AVAILABLE,PENDING
2019-12-03T21:00:00Z,VALIDATION,1,data/interim/gridsat/2019/gridsat_2019.12.03.21.npz,False,NIO_2019_PAWAN,AVAILABLE,PENDING
2019-12-04T00:00:00Z,VALIDATION,1,data/interim/gridsat/2019/gridsat_2019.12.04.00.npz,True,NIO_2019_PAWAN,AVAILABLE,PENDING
2019-12-04T03:00:00Z,VALIDATION,1,data/interim/gridsat/2019/gridsat_2019.12.04.03.npz,False,NIO_2019_PAWAN,AVAILABLE,PENDING
2019-12-04T06:00:00Z,VALIDATION,1,data/interim/gridsat/2019/gridsat_2019.12.04.06.npz,True,NIO_2019_PAWAN,AVAILABLE,PENDING
2019-12-04T09:00:00Z,VALIDATION,1,data/interim/gridsat/2019/gridsat_2019.12.04.09.npz,False,NIO_2019_PAWAN,AVAILABLE,PENDING
2019-12-04T12:00:00Z,VALIDATION,1,data/interim/gridsat/2019/gridsat_2019.12.04.12.npz,True,NIO_2019_PAWAN,AVAILABLE,PENDING
2019-12-04T15:00:00Z,VALIDATION,1,data/interim/gridsat/2019/gridsat_2019.12.04.15.npz,False,NIO_2019_PAWAN,AVAILABLE,PENDING
2019-12-04T18:00:00Z,VALIDATION,1,data/interim/gridsat/2019/gridsat_2019.12.04.18.npz,True,NIO_2019_PAWAN,AVAILABLE,PENDING
2019-12-04T21:00:00Z,VALIDATION,1,data/interim/gridsat/2019/gridsat_2019.12.04.21.npz,False,NIO_2019_PAWAN,AVAILABLE,PENDING
2019-12-05T00:00:00Z,VALIDATION,1,data/interim/gridsat/2019/gridsat_2019.12.05.00.npz,True,NIO_2019_PAWAN,AVAILABLE,PENDING
2019-12-05T03:00:00Z,VALIDATION,1,data/interim/gridsat/2019/gridsat_2019.12.05.03.npz,True,NIO_2019_PAWAN,AVAILABLE,PENDING
2019-12-05T06:00:00Z,VALIDATION,1,data/interim/gridsat/2019/gridsat_2019.12.05.06.npz,True,NIO_2019_PAWAN,AVAILABLE,PENDING
2019-12-05T09:00:00Z,VALIDATION,1,data/interim/gridsat/2019/gridsat_2019.12.05.09.npz,True,NIO_2019_PAWAN,AVAILABLE,PENDING
2020-05-15T09:00:00Z,VALIDATION,1,data/interim/gridsat/2020/gridsat_2020.05.15.09.npz,False,NIO_2020_AMPHAN,AVAILABLE,PENDING
2020-05-15T12:00:00Z,VALIDATION,1,data/interim/gridsat/2020/gridsat_2020.05.15.12.npz,False,NIO_2020_AMPHAN,AVAILABLE,PENDING
2020-05-15T15:00:00Z,VALIDATION,1,data/interim/gridsat/2020/gridsat_2020.05.15.15.npz,False,NIO_2020_AMPHAN,AVAILABLE,PENDING
2020-05-15T18:00:00Z,VALIDATION,1,data/interim/gridsat/2020/gridsat_2020.05.15.18.npz,False,NIO_2020_AMPHAN,AVAILABLE,PENDING
2020-05-15T21:00:00Z,VALIDATION,1,data/interim/gridsat/2020/gridsat_2020.05.15.21.npz,False,NIO_2020_AMPHAN,AVAILABLE,PENDING
2020-05-16T00:00:00Z,VALIDATION,1,data/interim/gridsat/2020/gridsat_2020.05.16.00.npz,True,NIO_2020_AMPHAN,AVAILABLE,PENDING
2020-05-16T03:00:00Z,VALIDATION,1,data/interim/gridsat/2020/gridsat_2020.05.16.03.npz,True,NIO_2020_AMPHAN,AVAILABLE,PENDING
2020-05-16T06:00:00Z,VALIDATION,1,data/interim/gridsat/2020/gridsat_2020.05.16.06.npz,True,NIO_2020_AMPHAN,AVAILABLE,PENDING
2020-05-16T09:00:00Z,VALIDATION,1,data/interim/gridsat/2020/gridsat_2020.05.16.09.npz,True,NIO_2020_AMPHAN,AVAILABLE,PENDING
2020-05-16T12:00:00Z,VALIDATION,1,data/interim/gridsat/2020/gridsat_2020.05.16.12.npz,True,NIO_2020_AMPHAN,AVAILABLE,PENDING
2020-05-16T15:00:00Z,VALIDATION,1,data/interim/gridsat/2020/gridsat_2020.05.16.15.npz,True,NIO_2020_AMPHAN,AVAILABLE,PENDING
2020-05-16T18:00:00Z,VALIDATION,1,data/interim/gridsat/2020/gridsat_2020.05.16.18.npz,True,NIO_2020_AMPHAN,AVAILABLE,PENDING
2020-05-16T21:00:00Z,VALIDATION,1,data/interim/gridsat/2020/gridsat_2020.05.16.21.npz,True,NIO_2020_AMPHAN,AVAILABLE,PENDING
2020-05-17T00:00:00Z,VALIDATION,1,data/interim/gridsat/2020/gridsat_2020.05.17.00.npz,True,NIO_2020_AMPHAN,AVAILABLE,PENDING
2020-05-17T03:00:00Z,VALIDATION,1,data/interim/gridsat/2020/gridsat_2020.05.17.03.npz,True,NIO_2020_AMPHAN,AVAILABLE,PENDING
2020-05-17T06:00:00Z,VALIDATION,1,data/interim/gridsat/2020/gridsat_2020.05.17.06.npz,True,NIO_2020_AMPHAN,AVAILABLE,PENDING
2020-05-17T09:00:00Z,VALIDATION,1,data/interim/gridsat/2020/gridsat_2020.05.17.09.npz,True,NIO_2020_AMPHAN,AVAILABLE,PENDING
2020-05-17T12:00:00Z,VALIDATION,1,data/interim/gridsat/2020/gridsat_2020.05.17.12.npz,True,NIO_2020_AMPHAN,AVAILABLE,PENDING
2020-05-17T15:00:00Z,VALIDATION,1,data/interim/gridsat/2020/gridsat_2020.05.17.15.npz,True,NIO_2020_AMPHAN,AVAILABLE,PENDING
2020-05-17T18:00:00Z,VALIDATION,1,data/interim/gridsat/2020/gridsat_2020.05.17.18.npz,True,NIO_2020_AMPHAN,AVAILABLE,PENDING
2020-05-17T21:00:00Z,VALIDATION,1,data/interim/gridsat/2020/gridsat_2020.05.17.21.npz,True,NIO_2020_AMPHAN,AVAILABLE,PENDING
2020-05-18T00:00:00Z,VALIDATION,1,data/interim/gridsat/2020/gridsat_2020.05.18.00.npz,True,NIO_2020_AMPHAN,AVAILABLE,PENDING
2020-05-18T03:00:00Z,VALIDATION,1,data/interim/gridsat/2020/gridsat_2020.05.18.03.npz,True,NIO_2020_AMPHAN,AVAILABLE,PENDING
2020-05-18T06:00:00Z,VALIDATION,1,data/interim/gridsat/2020/gridsat_2020.05.18.06.npz,True,NIO_2020_AMPHAN,AVAILABLE,PENDING
2020-05-18T09:00:00Z,VALIDATION,1,data/interim/gridsat/2020/gridsat_2020.05.18.09.npz,True,NIO_2020_AMPHAN,AVAILABLE,PENDING
2020-05-28T21:00:00Z,VALIDATION,1,data/interim/gridsat/2020/gridsat_2020.05.28.21.npz,False,NIO_2020_UNNAMED_01,AVAILABLE,PENDING
2020-05-29T00:00:00Z,VALIDATION,1,data/interim/gridsat/2020/gridsat_2020.05.29.00.npz,False,NIO_2020_UNNAMED_01,AVAILABLE,PENDING
2020-05-29T03:00:00Z,VALIDATION,1,data/interim/gridsat/2020/gridsat_2020.05.29.03.npz,False,NIO_2020_UNNAMED_01,AVAILABLE,PENDING
2020-05-29T06:00:00Z,VALIDATION,1,data/interim/gridsat/2020/gridsat_2020.05.29.06.npz,False,NIO_2020_UNNAMED_01,AVAILABLE,PENDING
2020-05-29T09:00:00Z,VALIDATION,1,data/interim/gridsat/2020/gridsat_2020.05.29.09.npz,False,NIO_2020_UNNAMED_01,AVAILABLE,PENDING
2020-05-29T12:00:00Z,VALIDATION,1,data/interim/gridsat/2020/gridsat_2020.05.29.12.npz,True,NIO_2020_UNNAMED_01,AVAILABLE,PENDING
2020-05-29T15:00:00Z,VALIDATION,1,data/interim/gridsat/2020/gridsat_2020.05.29.15.npz,False,NIO_2020_UNNAMED_01,AVAILABLE,PENDING
2020-05-29T18:00:00Z,VALIDATION,1,data/interim/gridsat/2020/gridsat_2020.05.29.18.npz,True,NIO_2020_UNNAMED_01,AVAILABLE,PENDING
2020-05-31T09:00:00Z,VALIDATION,1,data/interim/gridsat/2020/gridsat_2020.05.31.09.npz,False,NIO_2020_NISARGA,AVAILABLE,PENDING
2020-05-31T12:00:00Z,VALIDATION,1,data/interim/gridsat/2020/gridsat_2020.05.31.12.npz,False,NIO_2020_NISARGA,AVAILABLE,PENDING
2020-05-31T15:00:00Z,VALIDATION,1,data/interim/gridsat/2020/gridsat_2020.05.31.15.npz,False,NIO_2020_NISARGA,AVAILABLE,PENDING
2020-05-31T18:00:00Z,VALIDATION,1,data/interim/gridsat/2020/gridsat_2020.05.31.18.npz,False,NIO_2020_NISARGA,AVAILABLE,PENDING
2020-05-31T21:00:00Z,VALIDATION,1,data/interim/gridsat/2020/gridsat_2020.05.31.21.npz,False,NIO_2020_NISARGA,AVAILABLE,PENDING
2020-06-01T00:00:00Z,VALIDATION,1,data/interim/gridsat/2020/gridsat_2020.06.01.00.npz,True,NIO_2020_NISARGA,AVAILABLE,PENDING
2020-06-01T03:00:00Z,VALIDATION,1,data/interim/gridsat/2020/gridsat_2020.06.01.03.npz,False,NIO_2020_NISARGA,AVAILABLE,PENDING
2020-06-01T06:00:00Z,VALIDATION,1,data/interim/gridsat/2020/gridsat_2020.06.01.06.npz,True,NIO_2020_NISARGA,AVAILABLE,PENDING
2020-11-21T03:00:00Z,VALIDATION,1,data/interim/gridsat/2020/gridsat_2020.11.21.03.npz,False,NIO_2020_GATI,AVAILABLE,PENDING
2020-11-21T06:00:00Z,VALIDATION,1,data/interim/gridsat/2020/gridsat_2020.11.21.06.npz,False,NIO_2020_GATI,AVAILABLE,PENDING
2020-11-21T09:00:00Z,VALIDATION,1,data/interim/gridsat/2020/gridsat_2020.11.21.09.npz,False,NIO_2020_GATI,AVAILABLE,PENDING
2020-11-21T12:00:00Z,VALIDATION,1,data/interim/gridsat/2020/gridsat_2020.11.21.12.npz,False,NIO_2020_GATI,AVAILABLE,PENDING
2020-11-21T15:00:00Z,VALIDATION,1,data/interim/gridsat/2020/gridsat_2020.11.21.15.npz,False,NIO_2020_GATI,AVAILABLE,PENDING
2020-11-21T18:00:00Z,VALIDATION,1,data/interim/gridsat/2020/gridsat_2020.11.21.18.npz,True,NIO_2020_GATI,AVAILABLE,PENDING
2020-11-21T21:00:00Z,VALIDATION,1,data/interim/gridsat/2020/gridsat_2020.11.21.21.npz,False,NIO_2020_GATI,AVAILABLE,PENDING
2020-11-22T00:00:00Z,VALIDATION,1,data/interim/gridsat/2020/gridsat_2020.11.22.00.npz,False,NIO_2020_GATI,AVAILABLE,PENDING
2020-11-22T03:00:00Z,VALIDATION,1,data/interim/gridsat/2020/gridsat_2020.11.22.03.npz,True,NIO_2020_GATI,AVAILABLE,PENDING
2020-11-22T09:00:00Z,VALIDATION,1,data/interim/gridsat/2020/gridsat_2020.11.22.09.npz,False,NIO_2020_NIVAR,AVAILABLE,PENDING
2020-11-22T12:00:00Z,VALIDATION,1,data/interim/gridsat/2020/gridsat_2020.11.22.12.npz,False,NIO_2020_NIVAR,AVAILABLE,PENDING
2020-11-22T15:00:00Z,VALIDATION,1,data/interim/gridsat/2020/gridsat_2020.11.22.15.npz,False,NIO_2020_NIVAR,AVAILABLE,PENDING
2020-11-22T18:00:00Z,VALIDATION,1,data/interim/gridsat/2020/gridsat_2020.11.22.18.npz,False,NIO_2020_NIVAR,AVAILABLE,PENDING
2020-11-22T21:00:00Z,VALIDATION,1,data/interim/gridsat/2020/gridsat_2020.11.22.21.npz,False,NIO_2020_NIVAR,AVAILABLE,PENDING
2020-11-23T00:00:00Z,VALIDATION,1,data/interim/gridsat/2020/gridsat_2020.11.23.00.npz,True,NIO_2020_NIVAR,AVAILABLE,PENDING
2020-11-23T03:00:00Z,VALIDATION,1,data/interim/gridsat/2020/gridsat_2020.11.23.03.npz,False,NIO_2020_NIVAR,AVAILABLE,PENDING
2020-11-23T06:00:00Z,VALIDATION,1,data/interim/gridsat/2020/gridsat_2020.11.23.06.npz,True,NIO_2020_NIVAR,AVAILABLE,PENDING
2020-11-23T09:00:00Z,VALIDATION,1,data/interim/gridsat/2020/gridsat_2020.11.23.09.npz,False,NIO_2020_NIVAR,AVAILABLE,PENDING
2020-11-23T12:00:00Z,VALIDATION,1,data/interim/gridsat/2020/gridsat_2020.11.23.12.npz,True,NIO_2020_NIVAR,AVAILABLE,PENDING
2020-11-23T15:00:00Z,VALIDATION,1,data/interim/gridsat/2020/gridsat_2020.11.23.15.npz,False,NIO_2020_NIVAR,AVAILABLE,PENDING
2020-11-23T18:00:00Z,VALIDATION,1,data/interim/gridsat/2020/gridsat_2020.11.23.18.npz,True,NIO_2020_NIVAR,AVAILABLE,PENDING
2020-11-23T21:00:00Z,VALIDATION,1,data/interim/gridsat/2020/gridsat_2020.11.23.21.npz,False,NIO_2020_NIVAR,AVAILABLE,PENDING
2020-11-24T00:00:00Z,VALIDATION,1,data/interim/gridsat/2020/gridsat_2020.11.24.00.npz,True,NIO_2020_NIVAR,AVAILABLE,PENDING
2020-11-24T03:00:00Z,VALIDATION,1,data/interim/gridsat/2020/gridsat_2020.11.24.03.npz,True,NIO_2020_NIVAR,AVAILABLE,PENDING
2020-11-24T06:00:00Z,VALIDATION,1,data/interim/gridsat/2020/gridsat_2020.11.24.06.npz,True,NIO_2020_NIVAR,AVAILABLE,PENDING
2020-11-24T09:00:00Z,VALIDATION,1,data/interim/gridsat/2020/gridsat_2020.11.24.09.npz,True,NIO_2020_NIVAR,AVAILABLE,PENDING
2020-11-24T12:00:00Z,VALIDATION,1,data/interim/gridsat/2020/gridsat_2020.11.24.12.npz,True,NIO_2020_NIVAR,AVAILABLE,PENDING
2020-11-24T15:00:00Z,VALIDATION,1,data/interim/gridsat/2020/gridsat_2020.11.24.15.npz,False,NIO_2020_NIVAR,AVAILABLE,PENDING
2020-11-24T18:00:00Z,VALIDATION,1,data/interim/gridsat/2020/gridsat_2020.11.24.18.npz,True,NIO_2020_NIVAR,AVAILABLE,PENDING
2020-11-29T09:00:00Z,VALIDATION,1,data/interim/gridsat/2020/gridsat_2020.11.29.09.npz,False,NIO_2020_BUREVI,AVAILABLE,PENDING
2020-11-29T12:00:00Z,VALIDATION,1,data/interim/gridsat/2020/gridsat_2020.11.29.12.npz,False,NIO_2020_BUREVI,AVAILABLE,PENDING
2020-11-29T15:00:00Z,VALIDATION,1,data/interim/gridsat/2020/gridsat_2020.11.29.15.npz,False,NIO_2020_BUREVI,AVAILABLE,PENDING
2020-11-29T18:00:00Z,VALIDATION,1,data/interim/gridsat/2020/gridsat_2020.11.29.18.npz,False,NIO_2020_BUREVI,AVAILABLE,PENDING
2020-11-29T21:00:00Z,VALIDATION,1,data/interim/gridsat/2020/gridsat_2020.11.29.21.npz,False,NIO_2020_BUREVI,AVAILABLE,PENDING
2020-11-30T00:00:00Z,VALIDATION,1,data/interim/gridsat/2020/gridsat_2020.11.30.00.npz,True,NIO_2020_BUREVI,AVAILABLE,PENDING
2020-11-30T03:00:00Z,VALIDATION,1,data/interim/gridsat/2020/gridsat_2020.11.30.03.npz,False,NIO_2020_BUREVI,AVAILABLE,PENDING
2020-11-30T06:00:00Z,VALIDATION,1,data/interim/gridsat/2020/gridsat_2020.11.30.06.npz,True,NIO_2020_BUREVI,AVAILABLE,PENDING
2020-11-30T09:00:00Z,VALIDATION,1,data/interim/gridsat/2020/gridsat_2020.11.30.09.npz,False,NIO_2020_BUREVI,AVAILABLE,PENDING
2020-11-30T12:00:00Z,VALIDATION,1,data/interim/gridsat/2020/gridsat_2020.11.30.12.npz,True,NIO_2020_BUREVI,AVAILABLE,PENDING
2020-11-30T15:00:00Z,VALIDATION,1,data/interim/gridsat/2020/gridsat_2020.11.30.15.npz,False,NIO_2020_BUREVI,AVAILABLE,PENDING
2020-11-30T18:00:00Z,VALIDATION,1,data/interim/gridsat/2020/gridsat_2020.11.30.18.npz,True,NIO_2020_BUREVI,AVAILABLE,PENDING
2020-11-30T21:00:00Z,VALIDATION,1,data/interim/gridsat/2020/gridsat_2020.11.30.21.npz,False,NIO_2020_BUREVI,AVAILABLE,PENDING
2020-12-01T00:00:00Z,VALIDATION,1,data/interim/gridsat/2020/gridsat_2020.12.01.00.npz,True,NIO_2020_BUREVI,AVAILABLE,PENDING
2020-12-01T03:00:00Z,VALIDATION,1,data/interim/gridsat/2020/gridsat_2020.12.01.03.npz,True,NIO_2020_BUREVI,AVAILABLE,PENDING
2020-12-01T06:00:00Z,VALIDATION,1,data/interim/gridsat/2020/gridsat_2020.12.01.06.npz,True,NIO_2020_BUREVI,AVAILABLE,PENDING
2020-12-01T09:00:00Z,VALIDATION,1,data/interim/gridsat/2020/gridsat_2020.12.01.09.npz,False,NIO_2020_BUREVI,AVAILABLE,PENDING
2020-12-01T12:00:00Z,VALIDATION,1,data/interim/gridsat/2020/gridsat_2020.12.01.12.npz,True,NIO_2020_BUREVI,AVAILABLE,PENDING
2020-12-01T15:00:00Z,VALIDATION,1,data/interim/gridsat/2020/gridsat_2020.12.01.15.npz,True,NIO_2020_BUREVI,AVAILABLE,PENDING
2020-12-01T18:00:00Z,VALIDATION,1,data/interim/gridsat/2020/gridsat_2020.12.01.18.npz,True,NIO_2020_BUREVI,AVAILABLE,PENDING
2020-12-01T21:00:00Z,VALIDATION,1,data/interim/gridsat/2020/gridsat_2020.12.01.21.npz,True,NIO_2020_BUREVI,AVAILABLE,PENDING
2020-12-02T00:00:00Z,VALIDATION,1,data/interim/gridsat/2020/gridsat_2020.12.02.00.npz,True,NIO_2020_BUREVI,AVAILABLE,PENDING
2020-12-02T03:00:00Z,VALIDATION,1,data/interim/gridsat/2020/gridsat_2020.12.02.03.npz,True,NIO_2020_BUREVI,AVAILABLE,PENDING
2020-12-02T06:00:00Z,VALIDATION,1,data/interim/gridsat/2020/gridsat_2020.12.02.06.npz,True,NIO_2020_BUREVI,AVAILABLE,PENDING
2020-12-02T09:00:00Z,VALIDATION,1,data/interim/gridsat/2020/gridsat_2020.12.02.09.npz,False,NIO_2020_BUREVI,AVAILABLE,PENDING
2020-12-02T12:00:00Z,VALIDATION,1,data/interim/gridsat/2020/gridsat_2020.12.02.12.npz,True,NIO_2020_BUREVI,AVAILABLE,PENDING
2020-12-02T15:00:00Z,VALIDATION,1,data/interim/gridsat/2020/gridsat_2020.12.02.15.npz,False,NIO_2020_BUREVI,AVAILABLE,PENDING
2020-12-02T18:00:00Z,VALIDATION,1,data/interim/gridsat/2020/gridsat_2020.12.02.18.npz,True,NIO_2020_BUREVI,AVAILABLE,PENDING
2020-12-02T21:00:00Z,VALIDATION,1,data/interim/gridsat/2020/gridsat_2020.12.02.21.npz,False,NIO_2020_BUREVI,AVAILABLE,PENDING
2020-12-03T00:00:00Z,VALIDATION,1,data/interim/gridsat/2020/gridsat_2020.12.03.00.npz,True,NIO_2020_BUREVI,AVAILABLE,PENDING
2020-12-03T03:00:00Z,VALIDATION,1,data/interim/gridsat/2020/gridsat_2020.12.03.03.npz,True,NIO_2020_BUREVI,AVAILABLE,PENDING
2021-05-13T15:00:00Z,TEST,1,data/interim/gridsat/2021/gridsat_2021.05.13.15.npz,False,NIO_2021_TAUKTAE,AVAILABLE,PENDING
2021-05-13T18:00:00Z,TEST,1,data/interim/gridsat/2021/gridsat_2021.05.13.18.npz,False,NIO_2021_TAUKTAE,AVAILABLE,PENDING
2021-05-13T21:00:00Z,TEST,1,data/interim/gridsat/2021/gridsat_2021.05.13.21.npz,False,NIO_2021_TAUKTAE,AVAILABLE,PENDING
2021-05-14T00:00:00Z,TEST,1,data/interim/gridsat/2021/gridsat_2021.05.14.00.npz,False,NIO_2021_TAUKTAE,AVAILABLE,PENDING
2021-05-14T03:00:00Z,TEST,1,data/interim/gridsat/2021/gridsat_2021.05.14.03.npz,False,NIO_2021_TAUKTAE,AVAILABLE,PENDING
2021-05-14T06:00:00Z,TEST,1,data/interim/gridsat/2021/gridsat_2021.05.14.06.npz,True,NIO_2021_TAUKTAE,AVAILABLE,PENDING
2021-05-14T09:00:00Z,TEST,1,data/interim/gridsat/2021/gridsat_2021.05.14.09.npz,True,NIO_2021_TAUKTAE,AVAILABLE,PENDING
2021-05-14T12:00:00Z,TEST,1,data/interim/gridsat/2021/gridsat_2021.05.14.12.npz,True,NIO_2021_TAUKTAE,AVAILABLE,PENDING
2021-05-14T15:00:00Z,TEST,1,data/interim/gridsat/2021/gridsat_2021.05.14.15.npz,False,NIO_2021_TAUKTAE,AVAILABLE,PENDING
2021-05-14T18:00:00Z,TEST,1,data/interim/gridsat/2021/gridsat_2021.05.14.18.npz,True,NIO_2021_TAUKTAE,AVAILABLE,PENDING
2021-05-14T21:00:00Z,TEST,1,data/interim/gridsat/2021/gridsat_2021.05.14.21.npz,True,NIO_2021_TAUKTAE,AVAILABLE,PENDING
2021-05-15T00:00:00Z,TEST,1,data/interim/gridsat/2021/gridsat_2021.05.15.00.npz,True,NIO_2021_TAUKTAE,AVAILABLE,PENDING
2021-05-15T03:00:00Z,TEST,1,data/interim/gridsat/2021/gridsat_2021.05.15.03.npz,True,NIO_2021_TAUKTAE,AVAILABLE,PENDING
2021-05-15T06:00:00Z,TEST,1,data/interim/gridsat/2021/gridsat_2021.05.15.06.npz,True,NIO_2021_TAUKTAE,AVAILABLE,PENDING
2021-05-15T09:00:00Z,TEST,1,data/interim/gridsat/2021/gridsat_2021.05.15.09.npz,True,NIO_2021_TAUKTAE,AVAILABLE,PENDING
2021-05-15T12:00:00Z,TEST,1,data/interim/gridsat/2021/gridsat_2021.05.15.12.npz,True,NIO_2021_TAUKTAE,AVAILABLE,PENDING
2021-05-15T15:00:00Z,TEST,1,data/interim/gridsat/2021/gridsat_2021.05.15.15.npz,True,NIO_2021_TAUKTAE,AVAILABLE,PENDING
2021-05-15T18:00:00Z,TEST,1,data/interim/gridsat/2021/gridsat_2021.05.15.18.npz,True,NIO_2021_TAUKTAE,AVAILABLE,PENDING
2021-05-15T21:00:00Z,TEST,1,data/interim/gridsat/2021/gridsat_2021.05.15.21.npz,True,NIO_2021_TAUKTAE,AVAILABLE,PENDING
2021-05-16T00:00:00Z,TEST,1,data/interim/gridsat/2021/gridsat_2021.05.16.00.npz,True,NIO_2021_TAUKTAE,AVAILABLE,PENDING
2021-05-16T03:00:00Z,TEST,1,data/interim/gridsat/2021/gridsat_2021.05.16.03.npz,True,NIO_2021_TAUKTAE,AVAILABLE,PENDING
2021-05-16T06:00:00Z,TEST,1,data/interim/gridsat/2021/gridsat_2021.05.16.06.npz,True,NIO_2021_TAUKTAE,AVAILABLE,PENDING
2021-05-16T09:00:00Z,TEST,1,data/interim/gridsat/2021/gridsat_2021.05.16.09.npz,True,NIO_2021_TAUKTAE,AVAILABLE,PENDING
2021-05-16T12:00:00Z,TEST,1,data/interim/gridsat/2021/gridsat_2021.05.16.12.npz,True,NIO_2021_TAUKTAE,AVAILABLE,PENDING
2021-05-16T15:00:00Z,TEST,1,data/interim/gridsat/2021/gridsat_2021.05.16.15.npz,True,NIO_2021_TAUKTAE,AVAILABLE,PENDING
2021-05-16T18:00:00Z,TEST,1,data/interim/gridsat/2021/gridsat_2021.05.16.18.npz,True,NIO_2021_TAUKTAE,AVAILABLE,PENDING
2021-05-16T21:00:00Z,TEST,1,data/interim/gridsat/2021/gridsat_2021.05.16.21.npz,False,NIO_2021_TAUKTAE,AVAILABLE,PENDING
2021-05-17T00:00:00Z,TEST,1,data/interim/gridsat/2021/gridsat_2021.05.17.00.npz,True,NIO_2021_TAUKTAE,AVAILABLE,PENDING
2021-05-17T03:00:00Z,TEST,1,data/interim/gridsat/2021/gridsat_2021.05.17.03.npz,True,NIO_2021_TAUKTAE,AVAILABLE,PENDING
2021-05-17T06:00:00Z,TEST,1,data/interim/gridsat/2021/gridsat_2021.05.17.06.npz,True,NIO_2021_TAUKTAE,AVAILABLE,PENDING
2021-05-22T15:00:00Z,TEST,1,data/interim/gridsat/2021/gridsat_2021.05.22.15.npz,False,NIO_2021_YAAS,AVAILABLE,PENDING
2021-05-22T18:00:00Z,TEST,1,data/interim/gridsat/2021/gridsat_2021.05.22.18.npz,False,NIO_2021_YAAS,AVAILABLE,PENDING
2021-05-22T21:00:00Z,TEST,1,data/interim/gridsat/2021/gridsat_2021.05.22.21.npz,False,NIO_2021_YAAS,AVAILABLE,PENDING
2021-05-23T00:00:00Z,TEST,1,data/interim/gridsat/2021/gridsat_2021.05.23.00.npz,False,NIO_2021_YAAS,AVAILABLE,PENDING
2021-05-23T03:00:00Z,TEST,1,data/interim/gridsat/2021/gridsat_2021.05.23.03.npz,False,NIO_2021_YAAS,AVAILABLE,PENDING
2021-05-23T06:00:00Z,TEST,1,data/interim/gridsat/2021/gridsat_2021.05.23.06.npz,True,NIO_2021_YAAS,AVAILABLE,PENDING
2021-05-23T09:00:00Z,TEST,1,data/interim/gridsat/2021/gridsat_2021.05.23.09.npz,False,NIO_2021_YAAS,AVAILABLE,PENDING
2021-05-23T12:00:00Z,TEST,1,data/interim/gridsat/2021/gridsat_2021.05.23.12.npz,True,NIO_2021_YAAS,AVAILABLE,PENDING
2021-05-23T15:00:00Z,TEST,1,data/interim/gridsat/2021/gridsat_2021.05.23.15.npz,False,NIO_2021_YAAS,AVAILABLE,PENDING
2021-05-23T18:00:00Z,TEST,1,data/interim/gridsat/2021/gridsat_2021.05.23.18.npz,True,NIO_2021_YAAS,AVAILABLE,PENDING
2021-05-23T21:00:00Z,TEST,1,data/interim/gridsat/2021/gridsat_2021.05.23.21.npz,False,NIO_2021_YAAS,AVAILABLE,PENDING
2021-05-24T00:00:00Z,TEST,1,data/interim/gridsat/2021/gridsat_2021.05.24.00.npz,True,NIO_2021_YAAS,AVAILABLE,PENDING
2021-05-24T03:00:00Z,TEST,1,data/interim/gridsat/2021/gridsat_2021.05.24.03.npz,True,NIO_2021_YAAS,AVAILABLE,PENDING
2021-05-24T06:00:00Z,TEST,1,data/interim/gridsat/2021/gridsat_2021.05.24.06.npz,True,NIO_2021_YAAS,AVAILABLE,PENDING
2021-05-24T09:00:00Z,TEST,1,data/interim/gridsat/2021/gridsat_2021.05.24.09.npz,True,NIO_2021_YAAS,AVAILABLE,PENDING
2021-05-24T12:00:00Z,TEST,1,data/interim/gridsat/2021/gridsat_2021.05.24.12.npz,True,NIO_2021_YAAS,AVAILABLE,PENDING
2021-05-24T15:00:00Z,TEST,1,data/interim/gridsat/2021/gridsat_2021.05.24.15.npz,True,NIO_2021_YAAS,AVAILABLE,PENDING
2021-05-24T18:00:00Z,TEST,1,data/interim/gridsat/2021/gridsat_2021.05.24.18.npz,True,NIO_2021_YAAS,AVAILABLE,PENDING
2021-05-24T21:00:00Z,TEST,1,data/interim/gridsat/2021/gridsat_2021.05.24.21.npz,False,NIO_2021_YAAS,AVAILABLE,PENDING
2021-05-25T00:00:00Z,TEST,1,data/interim/gridsat/2021/gridsat_2021.05.25.00.npz,True,NIO_2021_YAAS,AVAILABLE,PENDING
2021-05-25T03:00:00Z,TEST,1,data/interim/gridsat/2021/gridsat_2021.05.25.03.npz,True,NIO_2021_YAAS,AVAILABLE,PENDING
2021-05-25T06:00:00Z,TEST,1,data/interim/gridsat/2021/gridsat_2021.05.25.06.npz,True,NIO_2021_YAAS,AVAILABLE,PENDING
2021-05-25T09:00:00Z,TEST,1,data/interim/gridsat/2021/gridsat_2021.05.25.09.npz,False,NIO_2021_YAAS,AVAILABLE,PENDING
2021-05-25T12:00:00Z,TEST,1,data/interim/gridsat/2021/gridsat_2021.05.25.12.npz,True,NIO_2021_YAAS,AVAILABLE,PENDING
2021-05-25T15:00:00Z,TEST,1,data/interim/gridsat/2021/gridsat_2021.05.25.15.npz,False,NIO_2021_YAAS,AVAILABLE,PENDING
2021-05-25T18:00:00Z,TEST,1,data/interim/gridsat/2021/gridsat_2021.05.25.18.npz,True,NIO_2021_YAAS,AVAILABLE,PENDING
2021-09-11T21:00:00Z,TEST,1,data/interim/gridsat/2021/gridsat_2021.09.11.21.npz,False,NIO_2021_UNNAMED_2_5_1,AVAILABLE,PENDING
2021-09-12T00:00:00Z,TEST,1,data/interim/gridsat/2021/gridsat_2021.09.12.00.npz,False,NIO_2021_UNNAMED_2_5_1,AVAILABLE,PENDING
2021-09-12T03:00:00Z,TEST,1,data/interim/gridsat/2021/gridsat_2021.09.12.03.npz,False,NIO_2021_UNNAMED_2_5_1,AVAILABLE,PENDING
2021-09-12T06:00:00Z,TEST,1,data/interim/gridsat/2021/gridsat_2021.09.12.06.npz,False,NIO_2021_UNNAMED_2_5_1,AVAILABLE,PENDING
2021-09-12T09:00:00Z,TEST,1,data/interim/gridsat/2021/gridsat_2021.09.12.09.npz,False,NIO_2021_UNNAMED_2_5_1,AVAILABLE,PENDING
2021-09-12T12:00:00Z,TEST,1,data/interim/gridsat/2021/gridsat_2021.09.12.12.npz,True,NIO_2021_UNNAMED_2_5_1,AVAILABLE,PENDING
2021-09-12T15:00:00Z,TEST,1,data/interim/gridsat/2021/gridsat_2021.09.12.15.npz,False,NIO_2021_UNNAMED_2_5_1,AVAILABLE,PENDING
2021-09-12T18:00:00Z,TEST,1,data/interim/gridsat/2021/gridsat_2021.09.12.18.npz,True,NIO_2021_UNNAMED_2_5_1,AVAILABLE,PENDING
2021-09-23T21:00:00Z,TEST,1,data/interim/gridsat/2021/gridsat_2021.09.23.21.npz,False,NIO_2021_GULAB,AVAILABLE,PENDING
2021-09-24T00:00:00Z,TEST,1,data/interim/gridsat/2021/gridsat_2021.09.24.00.npz,False,NIO_2021_GULAB,AVAILABLE,PENDING
2021-09-24T03:00:00Z,TEST,1,data/interim/gridsat/2021/gridsat_2021.09.24.03.npz,False,NIO_2021_GULAB,AVAILABLE,PENDING
2021-09-24T06:00:00Z,TEST,1,data/interim/gridsat/2021/gridsat_2021.09.24.06.npz,False,NIO_2021_GULAB,AVAILABLE,PENDING
2021-09-24T09:00:00Z,TEST,1,data/interim/gridsat/2021/gridsat_2021.09.24.09.npz,False,NIO_2021_GULAB,AVAILABLE,PENDING
2021-09-24T12:00:00Z,TEST,1,data/interim/gridsat/2021/gridsat_2021.09.24.12.npz,True,NIO_2021_GULAB,AVAILABLE,PENDING
2021-09-24T15:00:00Z,TEST,1,data/interim/gridsat/2021/gridsat_2021.09.24.15.npz,False,NIO_2021_GULAB,AVAILABLE,PENDING
2021-09-24T18:00:00Z,TEST,1,data/interim/gridsat/2021/gridsat_2021.09.24.18.npz,True,NIO_2021_GULAB,AVAILABLE,PENDING
2021-09-24T21:00:00Z,TEST,1,data/interim/gridsat/2021/gridsat_2021.09.24.21.npz,False,NIO_2021_GULAB,AVAILABLE,PENDING
2021-09-25T00:00:00Z,TEST,1,data/interim/gridsat/2021/gridsat_2021.09.25.00.npz,True,NIO_2021_GULAB,AVAILABLE,PENDING
2021-09-25T03:00:00Z,TEST,1,data/interim/gridsat/2021/gridsat_2021.09.25.03.npz,True,NIO_2021_GULAB,AVAILABLE,PENDING
2021-09-25T06:00:00Z,TEST,1,data/interim/gridsat/2021/gridsat_2021.09.25.06.npz,True,NIO_2021_GULAB,AVAILABLE,PENDING
2021-09-25T09:00:00Z,TEST,1,data/interim/gridsat/2021/gridsat_2021.09.25.09.npz,False,NIO_2021_GULAB,AVAILABLE,PENDING
2021-09-25T12:00:00Z,TEST,1,data/interim/gridsat/2021/gridsat_2021.09.25.12.npz,True,NIO_2021_GULAB,AVAILABLE,PENDING
2021-09-25T15:00:00Z,TEST,1,data/interim/gridsat/2021/gridsat_2021.09.25.15.npz,False,NIO_2021_GULAB,AVAILABLE,PENDING
2021-09-25T18:00:00Z,TEST,1,data/interim/gridsat/2021/gridsat_2021.09.25.18.npz,True,NIO_2021_GULAB,AVAILABLE,PENDING
2021-09-25T21:00:00Z,TEST,1,data/interim/gridsat/2021/gridsat_2021.09.25.21.npz,False,NIO_2021_GULAB,AVAILABLE,PENDING
2021-09-26T00:00:00Z,TEST,1,data/interim/gridsat/2021/gridsat_2021.09.26.00.npz,True,NIO_2021_GULAB,AVAILABLE,PENDING
2021-09-26T03:00:00Z,TEST,1,data/interim/gridsat/2021/gridsat_2021.09.26.03.npz,True,NIO_2021_GULAB,AVAILABLE,PENDING
2021-09-29T09:00:00Z,TEST,1,data/interim/gridsat/2021/gridsat_2021.09.29.09.npz,False,NIO_2021_SHAHEEN,AVAILABLE,PENDING
2021-09-29T12:00:00Z,TEST,1,data/interim/gridsat/2021/gridsat_2021.09.29.12.npz,False,NIO_2021_SHAHEEN,AVAILABLE,PENDING
2021-09-29T15:00:00Z,TEST,1,data/interim/gridsat/2021/gridsat_2021.09.29.15.npz,False,NIO_2021_SHAHEEN,AVAILABLE,PENDING
2021-09-29T18:00:00Z,TEST,1,data/interim/gridsat/2021/gridsat_2021.09.29.18.npz,False,NIO_2021_SHAHEEN,AVAILABLE,PENDING
2021-09-29T21:00:00Z,TEST,1,data/interim/gridsat/2021/gridsat_2021.09.29.21.npz,False,NIO_2021_SHAHEEN,AVAILABLE,PENDING
2021-09-30T00:00:00Z,TEST,1,data/interim/gridsat/2021/gridsat_2021.09.30.00.npz,True,NIO_2021_SHAHEEN,AVAILABLE,PENDING
2021-09-30T03:00:00Z,TEST,1,data/interim/gridsat/2021/gridsat_2021.09.30.03.npz,False,NIO_2021_SHAHEEN,AVAILABLE,PENDING
2021-09-30T06:00:00Z,TEST,1,data/interim/gridsat/2021/gridsat_2021.09.30.06.npz,True,NIO_2021_SHAHEEN,AVAILABLE,PENDING
2021-09-30T09:00:00Z,TEST,1,data/interim/gridsat/2021/gridsat_2021.09.30.09.npz,False,NIO_2021_SHAHEEN,AVAILABLE,PENDING
2021-09-30T12:00:00Z,TEST,1,data/interim/gridsat/2021/gridsat_2021.09.30.12.npz,True,NIO_2021_SHAHEEN,AVAILABLE,PENDING
2021-09-30T15:00:00Z,TEST,1,data/interim/gridsat/2021/gridsat_2021.09.30.15.npz,False,NIO_2021_SHAHEEN,AVAILABLE,PENDING
2021-09-30T18:00:00Z,TEST,1,data/interim/gridsat/2021/gridsat_2021.09.30.18.npz,True,NIO_2021_SHAHEEN,AVAILABLE,PENDING
2021-09-30T21:00:00Z,TEST,1,data/interim/gridsat/2021/gridsat_2021.09.30.21.npz,False,NIO_2021_SHAHEEN,AVAILABLE,PENDING
2021-10-01T00:00:00Z,TEST,1,data/interim/gridsat/2021/gridsat_2021.10.01.00.npz,True,NIO_2021_SHAHEEN,AVAILABLE,PENDING
2021-10-01T03:00:00Z,TEST,1,data/interim/gridsat/2021/gridsat_2021.10.01.03.npz,True,NIO_2021_SHAHEEN,AVAILABLE,PENDING
2021-10-01T06:00:00Z,TEST,1,data/interim/gridsat/2021/gridsat_2021.10.01.06.npz,True,NIO_2021_SHAHEEN,AVAILABLE,PENDING
2021-10-01T09:00:00Z,TEST,1,data/interim/gridsat/2021/gridsat_2021.10.01.09.npz,True,NIO_2021_SHAHEEN,AVAILABLE,PENDING
2021-10-01T12:00:00Z,TEST,1,data/interim/gridsat/2021/gridsat_2021.10.01.12.npz,True,NIO_2021_SHAHEEN,AVAILABLE,PENDING
2021-10-01T15:00:00Z,TEST,1,data/interim/gridsat/2021/gridsat_2021.10.01.15.npz,True,NIO_2021_SHAHEEN,AVAILABLE,PENDING
2021-10-01T18:00:00Z,TEST,1,data/interim/gridsat/2021/gridsat_2021.10.01.18.npz,True,NIO_2021_SHAHEEN,AVAILABLE,PENDING
2021-10-01T21:00:00Z,TEST,1,data/interim/gridsat/2021/gridsat_2021.10.01.21.npz,True,NIO_2021_SHAHEEN,AVAILABLE,PENDING
2021-10-02T00:00:00Z,TEST,1,data/interim/gridsat/2021/gridsat_2021.10.02.00.npz,True,NIO_2021_SHAHEEN,AVAILABLE,PENDING
2021-10-02T03:00:00Z,TEST,1,data/interim/gridsat/2021/gridsat_2021.10.02.03.npz,True,NIO_2021_SHAHEEN,AVAILABLE,PENDING
2021-10-02T06:00:00Z,TEST,1,data/interim/gridsat/2021/gridsat_2021.10.02.06.npz,True,NIO_2021_SHAHEEN,AVAILABLE,PENDING
2021-12-01T21:00:00Z,TEST,1,data/interim/gridsat/2021/gridsat_2021.12.01.21.npz,False,NIO_2021_JAWAD,AVAILABLE,PENDING
2021-12-02T00:00:00Z,TEST,1,data/interim/gridsat/2021/gridsat_2021.12.02.00.npz,False,NIO_2021_JAWAD,AVAILABLE,PENDING
2021-12-02T03:00:00Z,TEST,1,data/interim/gridsat/2021/gridsat_2021.12.02.03.npz,False,NIO_2021_JAWAD,AVAILABLE,PENDING
2021-12-02T06:00:00Z,TEST,1,data/interim/gridsat/2021/gridsat_2021.12.02.06.npz,False,NIO_2021_JAWAD,AVAILABLE,PENDING
2021-12-02T09:00:00Z,TEST,1,data/interim/gridsat/2021/gridsat_2021.12.02.09.npz,False,NIO_2021_JAWAD,AVAILABLE,PENDING
2021-12-02T12:00:00Z,TEST,1,data/interim/gridsat/2021/gridsat_2021.12.02.12.npz,True,NIO_2021_JAWAD,AVAILABLE,PENDING
2021-12-02T15:00:00Z,TEST,1,data/interim/gridsat/2021/gridsat_2021.12.02.15.npz,False,NIO_2021_JAWAD,AVAILABLE,PENDING
2021-12-02T18:00:00Z,TEST,1,data/interim/gridsat/2021/gridsat_2021.12.02.18.npz,True,NIO_2021_JAWAD,AVAILABLE,PENDING
2021-12-02T21:00:00Z,TEST,1,data/interim/gridsat/2021/gridsat_2021.12.02.21.npz,False,NIO_2021_JAWAD,AVAILABLE,PENDING
2021-12-03T00:00:00Z,TEST,1,data/interim/gridsat/2021/gridsat_2021.12.03.00.npz,True,NIO_2021_JAWAD,AVAILABLE,PENDING
2021-12-03T03:00:00Z,TEST,1,data/interim/gridsat/2021/gridsat_2021.12.03.03.npz,True,NIO_2021_JAWAD,AVAILABLE,PENDING
2021-12-03T06:00:00Z,TEST,1,data/interim/gridsat/2021/gridsat_2021.12.03.06.npz,True,NIO_2021_JAWAD,AVAILABLE,PENDING
2021-12-03T09:00:00Z,TEST,1,data/interim/gridsat/2021/gridsat_2021.12.03.09.npz,False,NIO_2021_JAWAD,AVAILABLE,PENDING
2021-12-03T12:00:00Z,TEST,1,data/interim/gridsat/2021/gridsat_2021.12.03.12.npz,True,NIO_2021_JAWAD,AVAILABLE,PENDING
2021-12-03T15:00:00Z,TEST,1,data/interim/gridsat/2021/gridsat_2021.12.03.15.npz,False,NIO_2021_JAWAD,AVAILABLE,PENDING
2021-12-03T18:00:00Z,TEST,1,data/interim/gridsat/2021/gridsat_2021.12.03.18.npz,True,NIO_2021_JAWAD,AVAILABLE,PENDING
2022-03-02T09:00:00Z,TEST,1,data/interim/gridsat/2022/gridsat_2022.03.02.09.npz,False,NIO_2022_UNNAMED_2_2_1,AVAILABLE,PENDING
2022-03-02T12:00:00Z,TEST,1,data/interim/gridsat/2022/gridsat_2022.03.02.12.npz,False,NIO_2022_UNNAMED_2_2_1,AVAILABLE,PENDING
2022-03-02T15:00:00Z,TEST,1,data/interim/gridsat/2022/gridsat_2022.03.02.15.npz,False,NIO_2022_UNNAMED_2_2_1,AVAILABLE,PENDING
2022-03-02T18:00:00Z,TEST,1,data/interim/gridsat/2022/gridsat_2022.03.02.18.npz,False,NIO_2022_UNNAMED_2_2_1,AVAILABLE,PENDING
2022-03-02T21:00:00Z,TEST,1,data/interim/gridsat/2022/gridsat_2022.03.02.21.npz,False,NIO_2022_UNNAMED_2_2_1,AVAILABLE,PENDING
2022-03-03T00:00:00Z,TEST,1,data/interim/gridsat/2022/gridsat_2022.03.03.00.npz,True,NIO_2022_UNNAMED_2_2_1,AVAILABLE,PENDING
2022-03-03T03:00:00Z,TEST,1,data/interim/gridsat/2022/gridsat_2022.03.03.03.npz,False,NIO_2022_UNNAMED_2_2_1,AVAILABLE,PENDING
2022-03-03T06:00:00Z,TEST,1,data/interim/gridsat/2022/gridsat_2022.03.03.06.npz,True,NIO_2022_UNNAMED_2_2_1,AVAILABLE,PENDING
2022-03-03T09:00:00Z,TEST,1,data/interim/gridsat/2022/gridsat_2022.03.03.09.npz,False,NIO_2022_UNNAMED_2_2_1,AVAILABLE,PENDING
2022-03-03T12:00:00Z,TEST,1,data/interim/gridsat/2022/gridsat_2022.03.03.12.npz,True,NIO_2022_UNNAMED_2_2_1,AVAILABLE,PENDING
2022-03-03T15:00:00Z,TEST,1,data/interim/gridsat/2022/gridsat_2022.03.03.15.npz,False,NIO_2022_UNNAMED_2_2_1,AVAILABLE,PENDING
2022-03-03T18:00:00Z,TEST,1,data/interim/gridsat/2022/gridsat_2022.03.03.18.npz,True,NIO_2022_UNNAMED_2_2_1,AVAILABLE,PENDING
2022-03-03T21:00:00Z,TEST,1,data/interim/gridsat/2022/gridsat_2022.03.03.21.npz,False,NIO_2022_UNNAMED_2_2_1,AVAILABLE,PENDING
2022-03-04T00:00:00Z,TEST,1,data/interim/gridsat/2022/gridsat_2022.03.04.00.npz,True,NIO_2022_UNNAMED_2_2_1,AVAILABLE,PENDING
2022-03-19T15:00:00Z,TEST,1,data/interim/gridsat/2022/gridsat_2022.03.19.15.npz,False,NIO_2022_UNNAMED_01,AVAILABLE,PENDING
2022-03-19T18:00:00Z,TEST,1,data/interim/gridsat/2022/gridsat_2022.03.19.18.npz,False,NIO_2022_UNNAMED_01,AVAILABLE,PENDING
2022-03-19T21:00:00Z,TEST,1,data/interim/gridsat/2022/gridsat_2022.03.19.21.npz,False,NIO_2022_UNNAMED_01,AVAILABLE,PENDING
2022-03-20T00:00:00Z,TEST,1,data/interim/gridsat/2022/gridsat_2022.03.20.00.npz,False,NIO_2022_UNNAMED_01,AVAILABLE,PENDING
2022-03-20T03:00:00Z,TEST,1,data/interim/gridsat/2022/gridsat_2022.03.20.03.npz,False,NIO_2022_UNNAMED_01,AVAILABLE,PENDING
2022-03-20T06:00:00Z,TEST,1,data/interim/gridsat/2022/gridsat_2022.03.20.06.npz,True,NIO_2022_UNNAMED_01,AVAILABLE,PENDING
2022-03-20T09:00:00Z,TEST,1,data/interim/gridsat/2022/gridsat_2022.03.20.09.npz,False,NIO_2022_UNNAMED_01,AVAILABLE,PENDING
2022-03-20T12:00:00Z,TEST,1,data/interim/gridsat/2022/gridsat_2022.03.20.12.npz,True,NIO_2022_UNNAMED_01,AVAILABLE,PENDING
2022-03-20T15:00:00Z,TEST,1,data/interim/gridsat/2022/gridsat_2022.03.20.15.npz,False,NIO_2022_UNNAMED_01,AVAILABLE,PENDING
2022-03-20T18:00:00Z,TEST,1,data/interim/gridsat/2022/gridsat_2022.03.20.18.npz,True,NIO_2022_UNNAMED_01,AVAILABLE,PENDING
2022-05-06T15:00:00Z,TEST,1,data/interim/gridsat/2022/gridsat_2022.05.06.15.npz,False,NIO_2022_ASANI,AVAILABLE,PENDING
2022-05-06T18:00:00Z,TEST,1,data/interim/gridsat/2022/gridsat_2022.05.06.18.npz,False,NIO_2022_ASANI,AVAILABLE,PENDING
2022-05-06T21:00:00Z,TEST,1,data/interim/gridsat/2022/gridsat_2022.05.06.21.npz,False,NIO_2022_ASANI,AVAILABLE,PENDING
2022-05-07T00:00:00Z,TEST,1,data/interim/gridsat/2022/gridsat_2022.05.07.00.npz,False,NIO_2022_ASANI,AVAILABLE,PENDING
2022-05-07T03:00:00Z,TEST,1,data/interim/gridsat/2022/gridsat_2022.05.07.03.npz,False,NIO_2022_ASANI,AVAILABLE,PENDING
2022-05-07T06:00:00Z,TEST,1,data/interim/gridsat/2022/gridsat_2022.05.07.06.npz,True,NIO_2022_ASANI,AVAILABLE,PENDING
2022-05-07T09:00:00Z,TEST,1,data/interim/gridsat/2022/gridsat_2022.05.07.09.npz,False,NIO_2022_ASANI,AVAILABLE,PENDING
2022-05-07T12:00:00Z,TEST,1,data/interim/gridsat/2022/gridsat_2022.05.07.12.npz,True,NIO_2022_ASANI,AVAILABLE,PENDING
2022-05-07T15:00:00Z,TEST,1,data/interim/gridsat/2022/gridsat_2022.05.07.15.npz,False,NIO_2022_ASANI,AVAILABLE,PENDING
2022-05-07T18:00:00Z,TEST,1,data/interim/gridsat/2022/gridsat_2022.05.07.18.npz,True,NIO_2022_ASANI,AVAILABLE,PENDING
2022-05-07T21:00:00Z,TEST,1,data/interim/gridsat/2022/gridsat_2022.05.07.21.npz,False,NIO_2022_ASANI,AVAILABLE,PENDING
2022-05-08T00:00:00Z,TEST,1,data/interim/gridsat/2022/gridsat_2022.05.08.00.npz,True,NIO_2022_ASANI,AVAILABLE,PENDING
2022-05-08T03:00:00Z,TEST,1,data/interim/gridsat/2022/gridsat_2022.05.08.03.npz,True,NIO_2022_ASANI,AVAILABLE,PENDING
2022-05-08T06:00:00Z,TEST,1,data/interim/gridsat/2022/gridsat_2022.05.08.06.npz,True,NIO_2022_ASANI,AVAILABLE,PENDING
2022-05-08T09:00:00Z,TEST,1,data/interim/gridsat/2022/gridsat_2022.05.08.09.npz,True,NIO_2022_ASANI,AVAILABLE,PENDING
2022-05-08T12:00:00Z,TEST,1,data/interim/gridsat/2022/gridsat_2022.05.08.12.npz,True,NIO_2022_ASANI,AVAILABLE,PENDING
2022-05-08T15:00:00Z,TEST,1,data/interim/gridsat/2022/gridsat_2022.05.08.15.npz,True,NIO_2022_ASANI,AVAILABLE,PENDING
2022-05-08T18:00:00Z,TEST,1,data/interim/gridsat/2022/gridsat_2022.05.08.18.npz,True,NIO_2022_ASANI,AVAILABLE,PENDING
2022-05-08T21:00:00Z,TEST,1,data/interim/gridsat/2022/gridsat_2022.05.08.21.npz,True,NIO_2022_ASANI,AVAILABLE,PENDING
2022-05-09T00:00:00Z,TEST,1,data/interim/gridsat/2022/gridsat_2022.05.09.00.npz,True,NIO_2022_ASANI,AVAILABLE,PENDING
2022-05-09T03:00:00Z,TEST,1,data/interim/gridsat/2022/gridsat_2022.05.09.03.npz,True,NIO_2022_ASANI,AVAILABLE,PENDING
2022-05-09T06:00:00Z,TEST,1,data/interim/gridsat/2022/gridsat_2022.05.09.06.npz,True,NIO_2022_ASANI,AVAILABLE,PENDING
2022-05-09T09:00:00Z,TEST,1,data/interim/gridsat/2022/gridsat_2022.05.09.09.npz,True,NIO_2022_ASANI,AVAILABLE,PENDING
2022-05-09T12:00:00Z,TEST,1,data/interim/gridsat/2022/gridsat_2022.05.09.12.npz,True,NIO_2022_ASANI,AVAILABLE,PENDING
2022-05-09T15:00:00Z,TEST,1,data/interim/gridsat/2022/gridsat_2022.05.09.15.npz,True,NIO_2022_ASANI,AVAILABLE,PENDING
2022-05-09T18:00:00Z,TEST,1,data/interim/gridsat/2022/gridsat_2022.05.09.18.npz,True,NIO_2022_ASANI,AVAILABLE,PENDING
2022-05-09T21:00:00Z,TEST,1,data/interim/gridsat/2022/gridsat_2022.05.09.21.npz,False,NIO_2022_ASANI,AVAILABLE,PENDING
2022-05-10T00:00:00Z,TEST,1,data/interim/gridsat/2022/gridsat_2022.05.10.00.npz,True,NIO_2022_ASANI,AVAILABLE,PENDING
2022-08-13T15:00:00Z,TEST,1,data/interim/gridsat/2022/gridsat_2022.08.13.15.npz,False,NIO_2022_UNNAMED_2_9_1,AVAILABLE,PENDING
2022-08-13T18:00:00Z,TEST,1,data/interim/gridsat/2022/gridsat_2022.08.13.18.npz,False,NIO_2022_UNNAMED_2_9_1,AVAILABLE,PENDING
2022-08-13T21:00:00Z,TEST,1,data/interim/gridsat/2022/gridsat_2022.08.13.21.npz,False,NIO_2022_UNNAMED_2_9_1,AVAILABLE,PENDING
2022-08-14T00:00:00Z,TEST,1,data/interim/gridsat/2022/gridsat_2022.08.14.00.npz,False,NIO_2022_UNNAMED_2_9_1,AVAILABLE,PENDING
2022-08-14T03:00:00Z,TEST,1,data/interim/gridsat/2022/gridsat_2022.08.14.03.npz,False,NIO_2022_UNNAMED_2_9_1,AVAILABLE,PENDING
2022-08-14T06:00:00Z,TEST,1,data/interim/gridsat/2022/gridsat_2022.08.14.06.npz,True,NIO_2022_UNNAMED_2_9_1,AVAILABLE,PENDING
2022-08-18T09:00:00Z,TEST,1,data/interim/gridsat/2022/gridsat_2022.08.18.09.npz,False,NIO_2022_NO,AVAILABLE,PENDING
2022-08-18T12:00:00Z,TEST,1,data/interim/gridsat/2022/gridsat_2022.08.18.12.npz,False,NIO_2022_NO,AVAILABLE,PENDING
2022-08-18T15:00:00Z,TEST,1,data/interim/gridsat/2022/gridsat_2022.08.18.15.npz,False,NIO_2022_NO,AVAILABLE,PENDING
2022-08-18T18:00:00Z,TEST,1,data/interim/gridsat/2022/gridsat_2022.08.18.18.npz,False,NIO_2022_NO,AVAILABLE,PENDING
2022-08-18T21:00:00Z,TEST,1,data/interim/gridsat/2022/gridsat_2022.08.18.21.npz,False,NIO_2022_NO,AVAILABLE,PENDING
2022-08-19T00:00:00Z,TEST,1,data/interim/gridsat/2022/gridsat_2022.08.19.00.npz,True,NIO_2022_NO,AVAILABLE,PENDING
2022-08-19T03:00:00Z,TEST,1,data/interim/gridsat/2022/gridsat_2022.08.19.03.npz,True,NIO_2022_NO,AVAILABLE,PENDING
2022-08-19T06:00:00Z,TEST,1,data/interim/gridsat/2022/gridsat_2022.08.19.06.npz,True,NIO_2022_NO,AVAILABLE,PENDING
2022-08-19T09:00:00Z,TEST,1,data/interim/gridsat/2022/gridsat_2022.08.19.09.npz,False,NIO_2022_NO,AVAILABLE,PENDING
2022-08-19T12:00:00Z,TEST,1,data/interim/gridsat/2022/gridsat_2022.08.19.12.npz,True,NIO_2022_NO,AVAILABLE,PENDING
2022-08-19T15:00:00Z,TEST,1,data/interim/gridsat/2022/gridsat_2022.08.19.15.npz,False,NIO_2022_NO,AVAILABLE,PENDING
2022-08-19T18:00:00Z,TEST,1,data/interim/gridsat/2022/gridsat_2022.08.19.18.npz,False,NIO_2022_NO,AVAILABLE,PENDING
2022-08-19T21:00:00Z,TEST,1,data/interim/gridsat/2022/gridsat_2022.08.19.21.npz,False,NIO_2022_NO,AVAILABLE,PENDING
2022-08-20T00:00:00Z,TEST,1,data/interim/gridsat/2022/gridsat_2022.08.20.00.npz,True,NIO_2022_NO,AVAILABLE,PENDING
2022-08-20T03:00:00Z,TEST,1,data/interim/gridsat/2022/gridsat_2022.08.20.03.npz,False,NIO_2022_NO,AVAILABLE,PENDING
2022-08-20T06:00:00Z,TEST,1,data/interim/gridsat/2022/gridsat_2022.08.20.06.npz,True,NIO_2022_NO,AVAILABLE,PENDING
2022-08-20T09:00:00Z,TEST,1,data/interim/gridsat/2022/gridsat_2022.08.20.09.npz,False,NIO_2022_NO,AVAILABLE,PENDING
2022-08-20T12:00:00Z,TEST,1,data/interim/gridsat/2022/gridsat_2022.08.20.12.npz,True,NIO_2022_NO,AVAILABLE,PENDING
2022-08-20T15:00:00Z,TEST,1,data/interim/gridsat/2022/gridsat_2022.08.20.15.npz,False,NIO_2022_NO,AVAILABLE,PENDING
2022-08-20T18:00:00Z,TEST,1,data/interim/gridsat/2022/gridsat_2022.08.20.18.npz,False,NIO_2022_NO,AVAILABLE,PENDING
2022-08-20T21:00:00Z,TEST,1,data/interim/gridsat/2022/gridsat_2022.08.20.21.npz,False,NIO_2022_NO,AVAILABLE,PENDING
2022-08-21T00:00:00Z,TEST,1,data/interim/gridsat/2022/gridsat_2022.08.21.00.npz,True,NIO_2022_NO,AVAILABLE,PENDING
2022-10-21T15:00:00Z,TEST,1,data/interim/gridsat/2022/gridsat_2022.10.21.15.npz,False,NIO_2022_SITRANG,AVAILABLE,PENDING
2022-10-21T18:00:00Z,TEST,1,data/interim/gridsat/2022/gridsat_2022.10.21.18.npz,False,NIO_2022_SITRANG,AVAILABLE,PENDING
2022-10-21T21:00:00Z,TEST,1,data/interim/gridsat/2022/gridsat_2022.10.21.21.npz,False,NIO_2022_SITRANG,AVAILABLE,PENDING
2022-10-22T00:00:00Z,TEST,1,data/interim/gridsat/2022/gridsat_2022.10.22.00.npz,False,NIO_2022_SITRANG,AVAILABLE,PENDING
2022-10-22T03:00:00Z,TEST,1,data/interim/gridsat/2022/gridsat_2022.10.22.03.npz,False,NIO_2022_SITRANG,AVAILABLE,PENDING
2022-10-22T06:00:00Z,TEST,1,data/interim/gridsat/2022/gridsat_2022.10.22.06.npz,True,NIO_2022_SITRANG,AVAILABLE,PENDING
2022-10-22T09:00:00Z,TEST,1,data/interim/gridsat/2022/gridsat_2022.10.22.09.npz,False,NIO_2022_SITRANG,AVAILABLE,PENDING
2022-10-22T12:00:00Z,TEST,1,data/interim/gridsat/2022/gridsat_2022.10.22.12.npz,True,NIO_2022_SITRANG,AVAILABLE,PENDING
2022-10-22T15:00:00Z,TEST,1,data/interim/gridsat/2022/gridsat_2022.10.22.15.npz,False,NIO_2022_SITRANG,AVAILABLE,PENDING
2022-10-22T18:00:00Z,TEST,1,data/interim/gridsat/2022/gridsat_2022.10.22.18.npz,True,NIO_2022_SITRANG,AVAILABLE,PENDING
2022-10-22T21:00:00Z,TEST,1,data/interim/gridsat/2022/gridsat_2022.10.22.21.npz,False,NIO_2022_SITRANG,AVAILABLE,PENDING
2022-10-23T00:00:00Z,TEST,1,data/interim/gridsat/2022/gridsat_2022.10.23.00.npz,True,NIO_2022_SITRANG,AVAILABLE,PENDING
2022-11-19T09:00:00Z,TEST,1,data/interim/gridsat/2022/gridsat_2022.11.19.09.npz,False,NIO_2022_UNNAMED_2_13_1,AVAILABLE,PENDING
2022-11-19T12:00:00Z,TEST,1,data/interim/gridsat/2022/gridsat_2022.11.19.12.npz,False,NIO_2022_UNNAMED_2_13_1,AVAILABLE,PENDING
2022-11-19T15:00:00Z,TEST,1,data/interim/gridsat/2022/gridsat_2022.11.19.15.npz,False,NIO_2022_UNNAMED_2_13_1,AVAILABLE,PENDING
2022-11-19T18:00:00Z,TEST,1,data/interim/gridsat/2022/gridsat_2022.11.19.18.npz,False,NIO_2022_UNNAMED_2_13_1,AVAILABLE,PENDING
2022-11-19T21:00:00Z,TEST,1,data/interim/gridsat/2022/gridsat_2022.11.19.21.npz,False,NIO_2022_UNNAMED_2_13_1,AVAILABLE,PENDING
2022-11-20T00:00:00Z,TEST,1,data/interim/gridsat/2022/gridsat_2022.11.20.00.npz,True,NIO_2022_UNNAMED_2_13_1,AVAILABLE,PENDING
2022-12-05T21:00:00Z,TEST,1,data/interim/gridsat/2022/gridsat_2022.12.05.21.npz,False,NIO_2022_MANDOUS,AVAILABLE,PENDING
2022-12-06T00:00:00Z,TEST,1,data/interim/gridsat/2022/gridsat_2022.12.06.00.npz,False,NIO_2022_MANDOUS,AVAILABLE,PENDING
2022-12-06T03:00:00Z,TEST,1,data/interim/gridsat/2022/gridsat_2022.12.06.03.npz,False,NIO_2022_MANDOUS,AVAILABLE,PENDING
2022-12-06T06:00:00Z,TEST,1,data/interim/gridsat/2022/gridsat_2022.12.06.06.npz,False,NIO_2022_MANDOUS,AVAILABLE,PENDING
2022-12-06T09:00:00Z,TEST,1,data/interim/gridsat/2022/gridsat_2022.12.06.09.npz,False,NIO_2022_MANDOUS,AVAILABLE,PENDING
2022-12-06T12:00:00Z,TEST,1,data/interim/gridsat/2022/gridsat_2022.12.06.12.npz,True,NIO_2022_MANDOUS,AVAILABLE,PENDING
2022-12-06T15:00:00Z,TEST,1,data/interim/gridsat/2022/gridsat_2022.12.06.15.npz,False,NIO_2022_MANDOUS,AVAILABLE,PENDING
2022-12-06T18:00:00Z,TEST,1,data/interim/gridsat/2022/gridsat_2022.12.06.18.npz,True,NIO_2022_MANDOUS,AVAILABLE,PENDING
2022-12-06T21:00:00Z,TEST,1,data/interim/gridsat/2022/gridsat_2022.12.06.21.npz,False,NIO_2022_MANDOUS,AVAILABLE,PENDING
2022-12-07T00:00:00Z,TEST,1,data/interim/gridsat/2022/gridsat_2022.12.07.00.npz,True,NIO_2022_MANDOUS,AVAILABLE,PENDING
2022-12-07T03:00:00Z,TEST,1,data/interim/gridsat/2022/gridsat_2022.12.07.03.npz,False,NIO_2022_MANDOUS,AVAILABLE,PENDING
2022-12-07T06:00:00Z,TEST,1,data/interim/gridsat/2022/gridsat_2022.12.07.06.npz,True,NIO_2022_MANDOUS,AVAILABLE,PENDING
2022-12-07T09:00:00Z,TEST,1,data/interim/gridsat/2022/gridsat_2022.12.07.09.npz,False,NIO_2022_MANDOUS,AVAILABLE,PENDING
2022-12-07T12:00:00Z,TEST,1,data/interim/gridsat/2022/gridsat_2022.12.07.12.npz,True,NIO_2022_MANDOUS,AVAILABLE,PENDING
2022-12-07T15:00:00Z,TEST,1,data/interim/gridsat/2022/gridsat_2022.12.07.15.npz,False,NIO_2022_MANDOUS,AVAILABLE,PENDING
2022-12-07T18:00:00Z,TEST,1,data/interim/gridsat/2022/gridsat_2022.12.07.18.npz,True,NIO_2022_MANDOUS,AVAILABLE,PENDING
2022-12-07T21:00:00Z,TEST,1,data/interim/gridsat/2022/gridsat_2022.12.07.21.npz,True,NIO_2022_MANDOUS,AVAILABLE,PENDING
2022-12-08T00:00:00Z,TEST,1,data/interim/gridsat/2022/gridsat_2022.12.08.00.npz,True,NIO_2022_MANDOUS,AVAILABLE,PENDING
2022-12-08T03:00:00Z,TEST,1,data/interim/gridsat/2022/gridsat_2022.12.08.03.npz,True,NIO_2022_MANDOUS,AVAILABLE,PENDING
2022-12-08T06:00:00Z,TEST,1,data/interim/gridsat/2022/gridsat_2022.12.08.06.npz,True,NIO_2022_MANDOUS,AVAILABLE,PENDING
2022-12-13T21:00:00Z,TEST,1,data/interim/gridsat/2022/gridsat_2022.12.13.21.npz,False,NIO_2022_UNNAMED_2_15_1,AVAILABLE,PENDING
2022-12-14T00:00:00Z,TEST,1,data/interim/gridsat/2022/gridsat_2022.12.14.00.npz,False,NIO_2022_UNNAMED_2_15_1,AVAILABLE,PENDING
2022-12-14T03:00:00Z,TEST,1,data/interim/gridsat/2022/gridsat_2022.12.14.03.npz,False,NIO_2022_UNNAMED_2_15_1,AVAILABLE,PENDING
2022-12-14T06:00:00Z,TEST,1,data/interim/gridsat/2022/gridsat_2022.12.14.06.npz,False,NIO_2022_UNNAMED_2_15_1,AVAILABLE,PENDING
2022-12-14T09:00:00Z,TEST,1,data/interim/gridsat/2022/gridsat_2022.12.14.09.npz,False,NIO_2022_UNNAMED_2_15_1,AVAILABLE,PENDING
2022-12-14T12:00:00Z,TEST,1,data/interim/gridsat/2022/gridsat_2022.12.14.12.npz,True,NIO_2022_UNNAMED_2_15_1,AVAILABLE,PENDING
2022-12-14T15:00:00Z,TEST,1,data/interim/gridsat/2022/gridsat_2022.12.14.15.npz,False,NIO_2022_UNNAMED_2_15_1,AVAILABLE,PENDING
2022-12-14T18:00:00Z,TEST,1,data/interim/gridsat/2022/gridsat_2022.12.14.18.npz,True,NIO_2022_UNNAMED_2_15_1,AVAILABLE,PENDING
2022-12-14T21:00:00Z,TEST,1,data/interim/gridsat/2022/gridsat_2022.12.14.21.npz,False,NIO_2022_UNNAMED_2_15_1,AVAILABLE,PENDING
2022-12-15T00:00:00Z,TEST,1,data/interim/gridsat/2022/gridsat_2022.12.15.00.npz,True,NIO_2022_UNNAMED_2_15_1,AVAILABLE,PENDING
2022-12-15T03:00:00Z,TEST,1,data/interim/gridsat/2022/gridsat_2022.12.15.03.npz,False,NIO_2022_UNNAMED_2_15_1,AVAILABLE,PENDING
2022-12-15T06:00:00Z,TEST,1,data/interim/gridsat/2022/gridsat_2022.12.15.06.npz,True,NIO_2022_UNNAMED_2_15_1,AVAILABLE,PENDING
2022-12-21T15:00:00Z,TEST,1,data/interim/gridsat/2022/gridsat_2022.12.21.15.npz,False,NIO_2022_UNNAMED_2_16_1,AVAILABLE,PENDING
2022-12-21T18:00:00Z,TEST,1,data/interim/gridsat/2022/gridsat_2022.12.21.18.npz,False,NIO_2022_UNNAMED_2_16_1,AVAILABLE,PENDING
2022-12-21T21:00:00Z,TEST,1,data/interim/gridsat/2022/gridsat_2022.12.21.21.npz,False,NIO_2022_UNNAMED_2_16_1,AVAILABLE,PENDING
2022-12-22T00:00:00Z,TEST,1,data/interim/gridsat/2022/gridsat_2022.12.22.00.npz,False,NIO_2022_UNNAMED_2_16_1,AVAILABLE,PENDING
2022-12-22T03:00:00Z,TEST,1,data/interim/gridsat/2022/gridsat_2022.12.22.03.npz,False,NIO_2022_UNNAMED_2_16_1,AVAILABLE,PENDING
2022-12-22T06:00:00Z,TEST,1,data/interim/gridsat/2022/gridsat_2022.12.22.06.npz,True,NIO_2022_UNNAMED_2_16_1,AVAILABLE,PENDING
2022-12-22T09:00:00Z,TEST,1,data/interim/gridsat/2022/gridsat_2022.12.22.09.npz,False,NIO_2022_UNNAMED_2_16_1,AVAILABLE,PENDING
2022-12-22T12:00:00Z,TEST,1,data/interim/gridsat/2022/gridsat_2022.12.22.12.npz,True,NIO_2022_UNNAMED_2_16_1,AVAILABLE,PENDING
2022-12-22T15:00:00Z,TEST,1,data/interim/gridsat/2022/gridsat_2022.12.22.15.npz,False,NIO_2022_UNNAMED_2_16_1,AVAILABLE,PENDING
2022-12-22T18:00:00Z,TEST,1,data/interim/gridsat/2022/gridsat_2022.12.22.18.npz,True,NIO_2022_UNNAMED_2_16_1,AVAILABLE,PENDING
2022-12-22T21:00:00Z,TEST,1,data/interim/gridsat/2022/gridsat_2022.12.22.21.npz,False,NIO_2022_UNNAMED_2_16_1,AVAILABLE,PENDING
2022-12-23T00:00:00Z,TEST,1,data/interim/gridsat/2022/gridsat_2022.12.23.00.npz,True,NIO_2022_UNNAMED_2_16_1,AVAILABLE,PENDING
2022-12-23T03:00:00Z,TEST,1,data/interim/gridsat/2022/gridsat_2022.12.23.03.npz,False,NIO_2022_UNNAMED_2_16_1,AVAILABLE,PENDING
2022-12-23T06:00:00Z,TEST,1,data/interim/gridsat/2022/gridsat_2022.12.23.06.npz,True,NIO_2022_UNNAMED_2_16_1,AVAILABLE,PENDING
2023-01-29T15:00:00Z,TEST,1,data/interim/gridsat/2023/gridsat_2023.01.29.15.npz,False,NIO_2023_UNNAMED_2_2_1,AVAILABLE,PENDING
2023-01-29T18:00:00Z,TEST,1,data/interim/gridsat/2023/gridsat_2023.01.29.18.npz,False,NIO_2023_UNNAMED_2_2_1,AVAILABLE,PENDING
2023-01-29T21:00:00Z,TEST,1,data/interim/gridsat/2023/gridsat_2023.01.29.21.npz,False,NIO_2023_UNNAMED_2_2_1,AVAILABLE,PENDING
2023-01-30T00:00:00Z,TEST,1,data/interim/gridsat/2023/gridsat_2023.01.30.00.npz,False,NIO_2023_UNNAMED_2_2_1,AVAILABLE,PENDING
2023-01-30T03:00:00Z,TEST,1,data/interim/gridsat/2023/gridsat_2023.01.30.03.npz,False,NIO_2023_UNNAMED_2_2_1,AVAILABLE,PENDING
2023-01-30T06:00:00Z,TEST,1,data/interim/gridsat/2023/gridsat_2023.01.30.06.npz,True,NIO_2023_UNNAMED_2_2_1,AVAILABLE,PENDING
2023-01-30T09:00:00Z,TEST,1,data/interim/gridsat/2023/gridsat_2023.01.30.09.npz,False,NIO_2023_UNNAMED_2_2_1,AVAILABLE,PENDING
2023-01-30T12:00:00Z,TEST,1,data/interim/gridsat/2023/gridsat_2023.01.30.12.npz,True,NIO_2023_UNNAMED_2_2_1,AVAILABLE,PENDING
2023-01-30T15:00:00Z,TEST,1,data/interim/gridsat/2023/gridsat_2023.01.30.15.npz,False,NIO_2023_UNNAMED_2_2_1,AVAILABLE,PENDING
2023-01-30T18:00:00Z,TEST,1,data/interim/gridsat/2023/gridsat_2023.01.30.18.npz,True,NIO_2023_UNNAMED_2_2_1,AVAILABLE,PENDING
2023-01-30T21:00:00Z,TEST,1,data/interim/gridsat/2023/gridsat_2023.01.30.21.npz,False,NIO_2023_UNNAMED_2_2_1,AVAILABLE,PENDING
2023-01-31T00:00:00Z,TEST,1,data/interim/gridsat/2023/gridsat_2023.01.31.00.npz,True,NIO_2023_UNNAMED_2_2_1,AVAILABLE,PENDING
2023-01-31T03:00:00Z,TEST,1,data/interim/gridsat/2023/gridsat_2023.01.31.03.npz,False,NIO_2023_UNNAMED_2_2_1,AVAILABLE,PENDING
2023-01-31T06:00:00Z,TEST,1,data/interim/gridsat/2023/gridsat_2023.01.31.06.npz,True,NIO_2023_UNNAMED_2_2_1,AVAILABLE,PENDING
2023-01-31T09:00:00Z,TEST,1,data/interim/gridsat/2023/gridsat_2023.01.31.09.npz,False,NIO_2023_UNNAMED_2_2_1,AVAILABLE,PENDING
2023-01-31T12:00:00Z,TEST,1,data/interim/gridsat/2023/gridsat_2023.01.31.12.npz,True,NIO_2023_UNNAMED_2_2_1,AVAILABLE,PENDING
2023-05-08T21:00:00Z,TEST,1,data/interim/gridsat/2023/gridsat_2023.05.08.21.npz,False,NIO_2023_MOCHA,AVAILABLE,PENDING
2023-05-09T00:00:00Z,TEST,1,data/interim/gridsat/2023/gridsat_2023.05.09.00.npz,False,NIO_2023_MOCHA,AVAILABLE,PENDING
2023-05-09T03:00:00Z,TEST,1,data/interim/gridsat/2023/gridsat_2023.05.09.03.npz,False,NIO_2023_MOCHA,AVAILABLE,PENDING
2023-05-09T06:00:00Z,TEST,1,data/interim/gridsat/2023/gridsat_2023.05.09.06.npz,False,NIO_2023_MOCHA,AVAILABLE,PENDING
2023-05-09T09:00:00Z,TEST,1,data/interim/gridsat/2023/gridsat_2023.05.09.09.npz,False,NIO_2023_MOCHA,AVAILABLE,PENDING
2023-05-09T12:00:00Z,TEST,1,data/interim/gridsat/2023/gridsat_2023.05.09.12.npz,True,NIO_2023_MOCHA,AVAILABLE,PENDING
2023-05-09T15:00:00Z,TEST,1,data/interim/gridsat/2023/gridsat_2023.05.09.15.npz,False,NIO_2023_MOCHA,AVAILABLE,PENDING
2023-05-09T18:00:00Z,TEST,1,data/interim/gridsat/2023/gridsat_2023.05.09.18.npz,True,NIO_2023_MOCHA,AVAILABLE,PENDING
2023-05-09T21:00:00Z,TEST,1,data/interim/gridsat/2023/gridsat_2023.05.09.21.npz,False,NIO_2023_MOCHA,AVAILABLE,PENDING
2023-05-10T00:00:00Z,TEST,1,data/interim/gridsat/2023/gridsat_2023.05.10.00.npz,True,NIO_2023_MOCHA,AVAILABLE,PENDING
2023-05-10T03:00:00Z,TEST,1,data/interim/gridsat/2023/gridsat_2023.05.10.03.npz,False,NIO_2023_MOCHA,AVAILABLE,PENDING
2023-05-10T06:00:00Z,TEST,1,data/interim/gridsat/2023/gridsat_2023.05.10.06.npz,True,NIO_2023_MOCHA,AVAILABLE,PENDING
2023-05-10T09:00:00Z,TEST,1,data/interim/gridsat/2023/gridsat_2023.05.10.09.npz,False,NIO_2023_MOCHA,AVAILABLE,PENDING
2023-05-10T12:00:00Z,TEST,1,data/interim/gridsat/2023/gridsat_2023.05.10.12.npz,True,NIO_2023_MOCHA,AVAILABLE,PENDING
2023-05-10T15:00:00Z,TEST,1,data/interim/gridsat/2023/gridsat_2023.05.10.15.npz,False,NIO_2023_MOCHA,AVAILABLE,PENDING
2023-05-10T18:00:00Z,TEST,1,data/interim/gridsat/2023/gridsat_2023.05.10.18.npz,True,NIO_2023_MOCHA,AVAILABLE,PENDING
2023-05-10T21:00:00Z,TEST,1,data/interim/gridsat/2023/gridsat_2023.05.10.21.npz,False,NIO_2023_MOCHA,AVAILABLE,PENDING
2023-05-11T00:00:00Z,TEST,1,data/interim/gridsat/2023/gridsat_2023.05.11.00.npz,True,NIO_2023_MOCHA,AVAILABLE,PENDING
2023-05-11T03:00:00Z,TEST,1,data/interim/gridsat/2023/gridsat_2023.05.11.03.npz,True,NIO_2023_MOCHA,AVAILABLE,PENDING
2023-05-11T06:00:00Z,TEST,1,data/interim/gridsat/2023/gridsat_2023.05.11.06.npz,True,NIO_2023_MOCHA,AVAILABLE,PENDING
2023-05-11T09:00:00Z,TEST,1,data/interim/gridsat/2023/gridsat_2023.05.11.09.npz,True,NIO_2023_MOCHA,AVAILABLE,PENDING
2023-05-11T12:00:00Z,TEST,1,data/interim/gridsat/2023/gridsat_2023.05.11.12.npz,True,NIO_2023_MOCHA,AVAILABLE,PENDING
2023-05-11T15:00:00Z,TEST,1,data/interim/gridsat/2023/gridsat_2023.05.11.15.npz,False,NIO_2023_MOCHA,AVAILABLE,PENDING
2023-05-11T18:00:00Z,TEST,1,data/interim/gridsat/2023/gridsat_2023.05.11.18.npz,True,NIO_2023_MOCHA,AVAILABLE,PENDING
2023-05-11T21:00:00Z,TEST,1,data/interim/gridsat/2023/gridsat_2023.05.11.21.npz,True,NIO_2023_MOCHA,AVAILABLE,PENDING
2023-05-12T00:00:00Z,TEST,1,data/interim/gridsat/2023/gridsat_2023.05.12.00.npz,True,NIO_2023_MOCHA,AVAILABLE,PENDING
2023-05-12T03:00:00Z,TEST,1,data/interim/gridsat/2023/gridsat_2023.05.12.03.npz,False,NIO_2023_MOCHA,AVAILABLE,PENDING
2023-05-12T06:00:00Z,TEST,1,data/interim/gridsat/2023/gridsat_2023.05.12.06.npz,True,NIO_2023_MOCHA,AVAILABLE,PENDING
2023-05-12T09:00:00Z,TEST,1,data/interim/gridsat/2023/gridsat_2023.05.12.09.npz,True,NIO_2023_MOCHA,AVAILABLE,PENDING
2023-05-12T12:00:00Z,TEST,1,data/interim/gridsat/2023/gridsat_2023.05.12.12.npz,True,NIO_2023_MOCHA,AVAILABLE,PENDING
2023-05-12T15:00:00Z,TEST,1,data/interim/gridsat/2023/gridsat_2023.05.12.15.npz,False,NIO_2023_MOCHA,AVAILABLE,PENDING
2023-05-12T18:00:00Z,TEST,1,data/interim/gridsat/2023/gridsat_2023.05.12.18.npz,True,NIO_2023_MOCHA,AVAILABLE,PENDING
2023-05-12T21:00:00Z,TEST,1,data/interim/gridsat/2023/gridsat_2023.05.12.21.npz,True,NIO_2023_MOCHA,AVAILABLE,PENDING
2023-05-13T00:00:00Z,TEST,1,data/interim/gridsat/2023/gridsat_2023.05.13.00.npz,True,NIO_2023_MOCHA,AVAILABLE,PENDING
2023-06-05T09:00:00Z,TEST,1,data/interim/gridsat/2023/gridsat_2023.06.05.09.npz,False,NIO_2023_BIPARJOY,AVAILABLE,PENDING
2023-06-05T12:00:00Z,TEST,1,data/interim/gridsat/2023/gridsat_2023.06.05.12.npz,False,NIO_2023_BIPARJOY,AVAILABLE,PENDING
2023-06-05T15:00:00Z,TEST,1,data/interim/gridsat/2023/gridsat_2023.06.05.15.npz,False,NIO_2023_BIPARJOY,AVAILABLE,PENDING
2023-06-05T18:00:00Z,TEST,1,data/interim/gridsat/2023/gridsat_2023.06.05.18.npz,False,NIO_2023_BIPARJOY,AVAILABLE,PENDING
2023-06-05T21:00:00Z,TEST,1,data/interim/gridsat/2023/gridsat_2023.06.05.21.npz,False,NIO_2023_BIPARJOY,AVAILABLE,PENDING
2023-06-06T00:00:00Z,TEST,1,data/interim/gridsat/2023/gridsat_2023.06.06.00.npz,True,NIO_2023_BIPARJOY,AVAILABLE,PENDING
2023-06-06T03:00:00Z,TEST,1,data/interim/gridsat/2023/gridsat_2023.06.06.03.npz,True,NIO_2023_BIPARJOY,AVAILABLE,PENDING
2023-06-06T06:00:00Z,TEST,1,data/interim/gridsat/2023/gridsat_2023.06.06.06.npz,True,NIO_2023_BIPARJOY,AVAILABLE,PENDING
2023-06-06T09:00:00Z,TEST,1,data/interim/gridsat/2023/gridsat_2023.06.06.09.npz,False,NIO_2023_BIPARJOY,AVAILABLE,PENDING
2023-06-06T12:00:00Z,TEST,1,data/interim/gridsat/2023/gridsat_2023.06.06.12.npz,True,NIO_2023_BIPARJOY,AVAILABLE,PENDING
2023-06-06T15:00:00Z,TEST,1,data/interim/gridsat/2023/gridsat_2023.06.06.15.npz,True,NIO_2023_BIPARJOY,AVAILABLE,PENDING
2023-06-06T18:00:00Z,TEST,1,data/interim/gridsat/2023/gridsat_2023.06.06.18.npz,True,NIO_2023_BIPARJOY,AVAILABLE,PENDING
2023-06-06T21:00:00Z,TEST,1,data/interim/gridsat/2023/gridsat_2023.06.06.21.npz,True,NIO_2023_BIPARJOY,AVAILABLE,PENDING
2023-06-07T00:00:00Z,TEST,1,data/interim/gridsat/2023/gridsat_2023.06.07.00.npz,True,NIO_2023_BIPARJOY,AVAILABLE,PENDING
2023-06-07T03:00:00Z,TEST,1,data/interim/gridsat/2023/gridsat_2023.06.07.03.npz,True,NIO_2023_BIPARJOY,AVAILABLE,PENDING
2023-06-07T06:00:00Z,TEST,1,data/interim/gridsat/2023/gridsat_2023.06.07.06.npz,True,NIO_2023_BIPARJOY,AVAILABLE,PENDING
2023-06-07T09:00:00Z,TEST,1,data/interim/gridsat/2023/gridsat_2023.06.07.09.npz,True,NIO_2023_BIPARJOY,AVAILABLE,PENDING
2023-06-07T12:00:00Z,TEST,1,data/interim/gridsat/2023/gridsat_2023.06.07.12.npz,True,NIO_2023_BIPARJOY,AVAILABLE,PENDING
2023-06-07T15:00:00Z,TEST,1,data/interim/gridsat/2023/gridsat_2023.06.07.15.npz,True,NIO_2023_BIPARJOY,AVAILABLE,PENDING
2023-06-07T18:00:00Z,TEST,1,data/interim/gridsat/2023/gridsat_2023.06.07.18.npz,True,NIO_2023_BIPARJOY,AVAILABLE,PENDING
2023-06-07T21:00:00Z,TEST,1,data/interim/gridsat/2023/gridsat_2023.06.07.21.npz,True,NIO_2023_BIPARJOY,AVAILABLE,PENDING
2023-06-08T00:00:00Z,TEST,1,data/interim/gridsat/2023/gridsat_2023.06.08.00.npz,True,NIO_2023_BIPARJOY,AVAILABLE,PENDING
2023-06-08T03:00:00Z,TEST,1,data/interim/gridsat/2023/gridsat_2023.06.08.03.npz,True,NIO_2023_BIPARJOY,AVAILABLE,PENDING
2023-06-08T06:00:00Z,TEST,1,data/interim/gridsat/2023/gridsat_2023.06.08.06.npz,True,NIO_2023_BIPARJOY,AVAILABLE,PENDING
2023-06-08T09:00:00Z,TEST,1,data/interim/gridsat/2023/gridsat_2023.06.08.09.npz,True,NIO_2023_BIPARJOY,AVAILABLE,PENDING
2023-06-08T12:00:00Z,TEST,1,data/interim/gridsat/2023/gridsat_2023.06.08.12.npz,True,NIO_2023_BIPARJOY,AVAILABLE,PENDING
2023-06-08T15:00:00Z,TEST,1,data/interim/gridsat/2023/gridsat_2023.06.08.15.npz,True,NIO_2023_BIPARJOY,AVAILABLE,PENDING
2023-06-08T18:00:00Z,TEST,1,data/interim/gridsat/2023/gridsat_2023.06.08.18.npz,True,NIO_2023_BIPARJOY,AVAILABLE,PENDING
2023-06-08T21:00:00Z,TEST,1,data/interim/gridsat/2023/gridsat_2023.06.08.21.npz,True,NIO_2023_BIPARJOY,AVAILABLE,PENDING
2023-06-09T00:00:00Z,TEST,1,data/interim/gridsat/2023/gridsat_2023.06.09.00.npz,True,NIO_2023_BIPARJOY,AVAILABLE,PENDING
2023-06-09T03:00:00Z,TEST,1,data/interim/gridsat/2023/gridsat_2023.06.09.03.npz,True,NIO_2023_BIPARJOY,AVAILABLE,PENDING
2023-06-09T06:00:00Z,TEST,1,data/interim/gridsat/2023/gridsat_2023.06.09.06.npz,True,NIO_2023_BIPARJOY,AVAILABLE,PENDING
2023-06-09T09:00:00Z,TEST,1,data/interim/gridsat/2023/gridsat_2023.06.09.09.npz,True,NIO_2023_BIPARJOY,AVAILABLE,PENDING
2023-06-09T12:00:00Z,TEST,1,data/interim/gridsat/2023/gridsat_2023.06.09.12.npz,True,NIO_2023_BIPARJOY,AVAILABLE,PENDING
2023-06-09T15:00:00Z,TEST,1,data/interim/gridsat/2023/gridsat_2023.06.09.15.npz,True,NIO_2023_BIPARJOY,AVAILABLE,PENDING
2023-06-09T18:00:00Z,TEST,1,data/interim/gridsat/2023/gridsat_2023.06.09.18.npz,True,NIO_2023_BIPARJOY,AVAILABLE,PENDING
2023-06-09T21:00:00Z,TEST,1,data/interim/gridsat/2023/gridsat_2023.06.09.21.npz,True,NIO_2023_BIPARJOY,AVAILABLE,PENDING
2023-06-10T00:00:00Z,TEST,1,data/interim/gridsat/2023/gridsat_2023.06.10.00.npz,True,NIO_2023_BIPARJOY,AVAILABLE,PENDING
2023-06-10T03:00:00Z,TEST,1,data/interim/gridsat/2023/gridsat_2023.06.10.03.npz,True,NIO_2023_BIPARJOY,AVAILABLE,PENDING
2023-06-10T06:00:00Z,TEST,1,data/interim/gridsat/2023/gridsat_2023.06.10.06.npz,True,NIO_2023_BIPARJOY,AVAILABLE,PENDING
2023-06-10T09:00:00Z,TEST,1,data/interim/gridsat/2023/gridsat_2023.06.10.09.npz,True,NIO_2023_BIPARJOY,AVAILABLE,PENDING
2023-06-10T12:00:00Z,TEST,1,data/interim/gridsat/2023/gridsat_2023.06.10.12.npz,True,NIO_2023_BIPARJOY,AVAILABLE,PENDING
2023-06-10T15:00:00Z,TEST,1,data/interim/gridsat/2023/gridsat_2023.06.10.15.npz,True,NIO_2023_BIPARJOY,AVAILABLE,PENDING
2023-06-10T18:00:00Z,TEST,1,data/interim/gridsat/2023/gridsat_2023.06.10.18.npz,True,NIO_2023_BIPARJOY,AVAILABLE,PENDING
2023-06-10T21:00:00Z,TEST,1,data/interim/gridsat/2023/gridsat_2023.06.10.21.npz,True,NIO_2023_BIPARJOY,AVAILABLE,PENDING
2023-06-11T00:00:00Z,TEST,1,data/interim/gridsat/2023/gridsat_2023.06.11.00.npz,True,NIO_2023_BIPARJOY,AVAILABLE,PENDING
2023-06-11T03:00:00Z,TEST,1,data/interim/gridsat/2023/gridsat_2023.06.11.03.npz,True,NIO_2023_BIPARJOY,AVAILABLE,PENDING
2023-06-11T06:00:00Z,TEST,1,data/interim/gridsat/2023/gridsat_2023.06.11.06.npz,True,NIO_2023_BIPARJOY,AVAILABLE,PENDING
2023-06-11T09:00:00Z,TEST,1,data/interim/gridsat/2023/gridsat_2023.06.11.09.npz,True,NIO_2023_BIPARJOY,AVAILABLE,PENDING
2023-06-11T12:00:00Z,TEST,1,data/interim/gridsat/2023/gridsat_2023.06.11.12.npz,True,NIO_2023_BIPARJOY,AVAILABLE,PENDING
2023-06-11T15:00:00Z,TEST,1,data/interim/gridsat/2023/gridsat_2023.06.11.15.npz,True,NIO_2023_BIPARJOY,AVAILABLE,PENDING
2023-06-11T18:00:00Z,TEST,1,data/interim/gridsat/2023/gridsat_2023.06.11.18.npz,True,NIO_2023_BIPARJOY,AVAILABLE,PENDING
2023-06-11T21:00:00Z,TEST,1,data/interim/gridsat/2023/gridsat_2023.06.11.21.npz,True,NIO_2023_BIPARJOY,AVAILABLE,PENDING
2023-06-12T00:00:00Z,TEST,1,data/interim/gridsat/2023/gridsat_2023.06.12.00.npz,True,NIO_2023_BIPARJOY,AVAILABLE,PENDING
2023-06-12T03:00:00Z,TEST,1,data/interim/gridsat/2023/gridsat_2023.06.12.03.npz,True,NIO_2023_BIPARJOY,AVAILABLE,PENDING
2023-06-12T06:00:00Z,TEST,1,data/interim/gridsat/2023/gridsat_2023.06.12.06.npz,True,NIO_2023_BIPARJOY,AVAILABLE,PENDING
2023-06-12T09:00:00Z,TEST,1,data/interim/gridsat/2023/gridsat_2023.06.12.09.npz,True,NIO_2023_BIPARJOY,AVAILABLE,PENDING
2023-06-12T12:00:00Z,TEST,1,data/interim/gridsat/2023/gridsat_2023.06.12.12.npz,True,NIO_2023_BIPARJOY,AVAILABLE,PENDING
2023-06-12T15:00:00Z,TEST,1,data/interim/gridsat/2023/gridsat_2023.06.12.15.npz,True,NIO_2023_BIPARJOY,AVAILABLE,PENDING
2023-06-12T18:00:00Z,TEST,1,data/interim/gridsat/2023/gridsat_2023.06.12.18.npz,True,NIO_2023_BIPARJOY,AVAILABLE,PENDING
2023-06-12T21:00:00Z,TEST,1,data/interim/gridsat/2023/gridsat_2023.06.12.21.npz,True,NIO_2023_BIPARJOY,AVAILABLE,PENDING
2023-06-13T00:00:00Z,TEST,1,data/interim/gridsat/2023/gridsat_2023.06.13.00.npz,True,NIO_2023_BIPARJOY,AVAILABLE,PENDING
2023-06-13T03:00:00Z,TEST,1,data/interim/gridsat/2023/gridsat_2023.06.13.03.npz,True,NIO_2023_BIPARJOY,AVAILABLE,PENDING
2023-06-13T06:00:00Z,TEST,1,data/interim/gridsat/2023/gridsat_2023.06.13.06.npz,True,NIO_2023_BIPARJOY,AVAILABLE,PENDING
2023-06-13T09:00:00Z,TEST,1,data/interim/gridsat/2023/gridsat_2023.06.13.09.npz,True,NIO_2023_BIPARJOY,AVAILABLE,PENDING
2023-06-13T12:00:00Z,TEST,1,data/interim/gridsat/2023/gridsat_2023.06.13.12.npz,True,NIO_2023_BIPARJOY,AVAILABLE,PENDING
2023-06-13T15:00:00Z,TEST,1,data/interim/gridsat/2023/gridsat_2023.06.13.15.npz,True,NIO_2023_BIPARJOY,AVAILABLE,PENDING
2023-06-13T18:00:00Z,TEST,1,data/interim/gridsat/2023/gridsat_2023.06.13.18.npz,True,NIO_2023_BIPARJOY,AVAILABLE,PENDING
2023-06-13T21:00:00Z,TEST,1,data/interim/gridsat/2023/gridsat_2023.06.13.21.npz,True,NIO_2023_BIPARJOY,AVAILABLE,PENDING
2023-06-14T00:00:00Z,TEST,1,data/interim/gridsat/2023/gridsat_2023.06.14.00.npz,True,NIO_2023_BIPARJOY,AVAILABLE,PENDING
2023-06-14T03:00:00Z,TEST,1,data/interim/gridsat/2023/gridsat_2023.06.14.03.npz,True,NIO_2023_BIPARJOY,AVAILABLE,PENDING
2023-06-14T06:00:00Z,TEST,1,data/interim/gridsat/2023/gridsat_2023.06.14.06.npz,True,NIO_2023_BIPARJOY,AVAILABLE,PENDING
2023-06-14T09:00:00Z,TEST,1,data/interim/gridsat/2023/gridsat_2023.06.14.09.npz,True,NIO_2023_BIPARJOY,AVAILABLE,PENDING
2023-06-14T12:00:00Z,TEST,1,data/interim/gridsat/2023/gridsat_2023.06.14.12.npz,True,NIO_2023_BIPARJOY,AVAILABLE,PENDING
2023-06-14T15:00:00Z,TEST,1,data/interim/gridsat/2023/gridsat_2023.06.14.15.npz,True,NIO_2023_BIPARJOY,AVAILABLE,PENDING
2023-06-14T18:00:00Z,TEST,1,data/interim/gridsat/2023/gridsat_2023.06.14.18.npz,True,NIO_2023_BIPARJOY,AVAILABLE,PENDING
2023-06-14T21:00:00Z,TEST,1,data/interim/gridsat/2023/gridsat_2023.06.14.21.npz,False,NIO_2023_BIPARJOY,AVAILABLE,PENDING
2023-06-15T00:00:00Z,TEST,1,data/interim/gridsat/2023/gridsat_2023.06.15.00.npz,True,NIO_2023_BIPARJOY,AVAILABLE,PENDING
2023-06-15T03:00:00Z,TEST,1,data/interim/gridsat/2023/gridsat_2023.06.15.03.npz,True,NIO_2023_BIPARJOY,AVAILABLE,PENDING
2023-06-15T06:00:00Z,TEST,1,data/interim/gridsat/2023/gridsat_2023.06.15.06.npz,True,NIO_2023_BIPARJOY,AVAILABLE,PENDING
2023-06-15T09:00:00Z,TEST,1,data/interim/gridsat/2023/gridsat_2023.06.15.09.npz,False,NIO_2023_BIPARJOY,AVAILABLE,PENDING
2023-06-15T12:00:00Z,TEST,1,data/interim/gridsat/2023/gridsat_2023.06.15.12.npz,True,NIO_2023_BIPARJOY,AVAILABLE,PENDING
2023-06-15T15:00:00Z,TEST,1,data/interim/gridsat/2023/gridsat_2023.06.15.15.npz,False,NIO_2023_BIPARJOY,AVAILABLE,PENDING
2023-06-15T18:00:00Z,TEST,1,data/interim/gridsat/2023/gridsat_2023.06.15.18.npz,True,NIO_2023_BIPARJOY,AVAILABLE,PENDING
2023-06-15T21:00:00Z,TEST,1,data/interim/gridsat/2023/gridsat_2023.06.15.21.npz,False,NIO_2023_BIPARJOY,AVAILABLE,PENDING
2023-06-16T00:00:00Z,TEST,1,data/interim/gridsat/2023/gridsat_2023.06.16.00.npz,True,NIO_2023_BIPARJOY,AVAILABLE,PENDING
2023-06-16T03:00:00Z,TEST,1,data/interim/gridsat/2023/gridsat_2023.06.16.03.npz,True,NIO_2023_BIPARJOY,AVAILABLE,PENDING
2023-06-16T06:00:00Z,TEST,1,data/interim/gridsat/2023/gridsat_2023.06.16.06.npz,True,NIO_2023_BIPARJOY,AVAILABLE,PENDING
2023-06-16T09:00:00Z,TEST,1,data/interim/gridsat/2023/gridsat_2023.06.16.09.npz,False,NIO_2023_BIPARJOY,AVAILABLE,PENDING
2023-06-16T12:00:00Z,TEST,1,data/interim/gridsat/2023/gridsat_2023.06.16.12.npz,True,NIO_2023_BIPARJOY,AVAILABLE,PENDING
2023-06-16T15:00:00Z,TEST,1,data/interim/gridsat/2023/gridsat_2023.06.16.15.npz,False,NIO_2023_BIPARJOY,AVAILABLE,PENDING
2023-06-16T18:00:00Z,TEST,1,data/interim/gridsat/2023/gridsat_2023.06.16.18.npz,True,NIO_2023_BIPARJOY,AVAILABLE,PENDING
2023-06-16T21:00:00Z,TEST,1,data/interim/gridsat/2023/gridsat_2023.06.16.21.npz,False,NIO_2023_BIPARJOY,AVAILABLE,PENDING
2023-06-17T00:00:00Z,TEST,1,data/interim/gridsat/2023/gridsat_2023.06.17.00.npz,True,NIO_2023_BIPARJOY,AVAILABLE,PENDING
2023-10-19T15:00:00Z,TEST,1,data/interim/gridsat/2023/gridsat_2023.10.19.15.npz,False,NIO_2023_TEJ,AVAILABLE,PENDING
2023-10-19T18:00:00Z,TEST,1,data/interim/gridsat/2023/gridsat_2023.10.19.18.npz,False,NIO_2023_TEJ,AVAILABLE,PENDING
2023-10-19T21:00:00Z,TEST,1,data/interim/gridsat/2023/gridsat_2023.10.19.21.npz,False,NIO_2023_TEJ,AVAILABLE,PENDING
2023-10-20T00:00:00Z,TEST,1,data/interim/gridsat/2023/gridsat_2023.10.20.00.npz,False,NIO_2023_TEJ,AVAILABLE,PENDING
2023-10-20T03:00:00Z,TEST,1,data/interim/gridsat/2023/gridsat_2023.10.20.03.npz,False,NIO_2023_TEJ,AVAILABLE,PENDING
2023-10-20T06:00:00Z,TEST,1,data/interim/gridsat/2023/gridsat_2023.10.20.06.npz,True,NIO_2023_TEJ,AVAILABLE,PENDING
2023-10-20T09:00:00Z,TEST,1,data/interim/gridsat/2023/gridsat_2023.10.20.09.npz,False,NIO_2023_TEJ,AVAILABLE,PENDING
2023-10-20T12:00:00Z,TEST,1,data/interim/gridsat/2023/gridsat_2023.10.20.12.npz,True,NIO_2023_TEJ,AVAILABLE,PENDING
2023-10-20T15:00:00Z,TEST,1,data/interim/gridsat/2023/gridsat_2023.10.20.15.npz,False,NIO_2023_TEJ,AVAILABLE,PENDING
2023-10-20T18:00:00Z,TEST,1,data/interim/gridsat/2023/gridsat_2023.10.20.18.npz,True,NIO_2023_TEJ,AVAILABLE,PENDING
2023-10-20T21:00:00Z,TEST,1,data/interim/gridsat/2023/gridsat_2023.10.20.21.npz,False,NIO_2023_TEJ,AVAILABLE,PENDING
2023-10-21T00:00:00Z,TEST,1,data/interim/gridsat/2023/gridsat_2023.10.21.00.npz,True,NIO_2023_TEJ,AVAILABLE,PENDING
2023-10-21T03:00:00Z,TEST,1,data/interim/gridsat/2023/gridsat_2023.10.21.03.npz,True,NIO_2023_TEJ,AVAILABLE,PENDING
2023-10-21T06:00:00Z,TEST,1,data/interim/gridsat/2023/gridsat_2023.10.21.06.npz,True,NIO_2023_HAMOON;NIO_2023_TEJ,AVAILABLE,PENDING
2023-10-21T09:00:00Z,TEST,1,data/interim/gridsat/2023/gridsat_2023.10.21.09.npz,True,NIO_2023_HAMOON;NIO_2023_TEJ,AVAILABLE,PENDING
2023-10-21T12:00:00Z,TEST,1,data/interim/gridsat/2023/gridsat_2023.10.21.12.npz,True,NIO_2023_HAMOON;NIO_2023_TEJ,AVAILABLE,PENDING
2023-10-21T15:00:00Z,TEST,1,data/interim/gridsat/2023/gridsat_2023.10.21.15.npz,True,NIO_2023_HAMOON;NIO_2023_TEJ,AVAILABLE,PENDING
2023-10-21T18:00:00Z,TEST,1,data/interim/gridsat/2023/gridsat_2023.10.21.18.npz,True,NIO_2023_HAMOON;NIO_2023_TEJ,AVAILABLE,PENDING
2023-10-21T21:00:00Z,TEST,1,data/interim/gridsat/2023/gridsat_2023.10.21.21.npz,True,NIO_2023_HAMOON;NIO_2023_TEJ,AVAILABLE,PENDING
2023-10-22T00:00:00Z,TEST,1,data/interim/gridsat/2023/gridsat_2023.10.22.00.npz,True,NIO_2023_HAMOON;NIO_2023_TEJ,AVAILABLE,PENDING
2023-10-22T03:00:00Z,TEST,1,data/interim/gridsat/2023/gridsat_2023.10.22.03.npz,True,NIO_2023_HAMOON;NIO_2023_TEJ,AVAILABLE,PENDING
2023-10-22T06:00:00Z,TEST,1,data/interim/gridsat/2023/gridsat_2023.10.22.06.npz,True,NIO_2023_HAMOON;NIO_2023_TEJ,AVAILABLE,PENDING
2023-10-22T09:00:00Z,TEST,1,data/interim/gridsat/2023/gridsat_2023.10.22.09.npz,True,NIO_2023_HAMOON;NIO_2023_TEJ,AVAILABLE,PENDING
2023-10-22T12:00:00Z,TEST,1,data/interim/gridsat/2023/gridsat_2023.10.22.12.npz,True,NIO_2023_HAMOON;NIO_2023_TEJ,AVAILABLE,PENDING
2023-10-22T15:00:00Z,TEST,1,data/interim/gridsat/2023/gridsat_2023.10.22.15.npz,True,NIO_2023_HAMOON,AVAILABLE,PENDING
2023-10-22T18:00:00Z,TEST,1,data/interim/gridsat/2023/gridsat_2023.10.22.18.npz,True,NIO_2023_HAMOON,AVAILABLE,PENDING
2023-10-22T21:00:00Z,TEST,1,data/interim/gridsat/2023/gridsat_2023.10.22.21.npz,False,NIO_2023_HAMOON,AVAILABLE,PENDING
2023-10-23T00:00:00Z,TEST,1,data/interim/gridsat/2023/gridsat_2023.10.23.00.npz,True,NIO_2023_HAMOON,AVAILABLE,PENDING
2023-10-23T03:00:00Z,TEST,1,data/interim/gridsat/2023/gridsat_2023.10.23.03.npz,True,NIO_2023_HAMOON,AVAILABLE,PENDING
2023-10-23T06:00:00Z,TEST,1,data/interim/gridsat/2023/gridsat_2023.10.23.06.npz,True,NIO_2023_HAMOON,AVAILABLE,PENDING
2023-11-14T15:00:00Z,TEST,1,data/interim/gridsat/2023/gridsat_2023.11.14.15.npz,False,NIO_2023_MIDHILI,AVAILABLE,PENDING
2023-11-14T18:00:00Z,TEST,1,data/interim/gridsat/2023/gridsat_2023.11.14.18.npz,False,NIO_2023_MIDHILI,AVAILABLE,PENDING
2023-11-14T21:00:00Z,TEST,1,data/interim/gridsat/2023/gridsat_2023.11.14.21.npz,False,NIO_2023_MIDHILI,AVAILABLE,PENDING
2023-11-15T00:00:00Z,TEST,1,data/interim/gridsat/2023/gridsat_2023.11.15.00.npz,False,NIO_2023_MIDHILI,AVAILABLE,PENDING
2023-11-15T03:00:00Z,TEST,1,data/interim/gridsat/2023/gridsat_2023.11.15.03.npz,False,NIO_2023_MIDHILI,AVAILABLE,PENDING
2023-11-15T06:00:00Z,TEST,1,data/interim/gridsat/2023/gridsat_2023.11.15.06.npz,True,NIO_2023_MIDHILI,AVAILABLE,PENDING
2023-11-15T09:00:00Z,TEST,1,data/interim/gridsat/2023/gridsat_2023.11.15.09.npz,False,NIO_2023_MIDHILI,AVAILABLE,PENDING
2023-11-15T12:00:00Z,TEST,1,data/interim/gridsat/2023/gridsat_2023.11.15.12.npz,True,NIO_2023_MIDHILI,AVAILABLE,PENDING
2023-11-15T15:00:00Z,TEST,1,data/interim/gridsat/2023/gridsat_2023.11.15.15.npz,False,NIO_2023_MIDHILI,AVAILABLE,PENDING
2023-11-15T18:00:00Z,TEST,1,data/interim/gridsat/2023/gridsat_2023.11.15.18.npz,True,NIO_2023_MIDHILI,AVAILABLE,PENDING
2023-11-15T21:00:00Z,TEST,1,data/interim/gridsat/2023/gridsat_2023.11.15.21.npz,False,NIO_2023_MIDHILI,AVAILABLE,PENDING
2023-11-16T00:00:00Z,TEST,1,data/interim/gridsat/2023/gridsat_2023.11.16.00.npz,True,NIO_2023_MIDHILI,AVAILABLE,PENDING
2023-11-30T09:00:00Z,TEST,1,data/interim/gridsat/2023/gridsat_2023.11.30.09.npz,False,NIO_2023_MICHAUNG,AVAILABLE,PENDING
2023-11-30T12:00:00Z,TEST,1,data/interim/gridsat/2023/gridsat_2023.11.30.12.npz,False,NIO_2023_MICHAUNG,AVAILABLE,PENDING
2023-11-30T15:00:00Z,TEST,1,data/interim/gridsat/2023/gridsat_2023.11.30.15.npz,False,NIO_2023_MICHAUNG,AVAILABLE,PENDING
2023-11-30T18:00:00Z,TEST,1,data/interim/gridsat/2023/gridsat_2023.11.30.18.npz,False,NIO_2023_MICHAUNG,AVAILABLE,PENDING
2023-11-30T21:00:00Z,TEST,1,data/interim/gridsat/2023/gridsat_2023.11.30.21.npz,False,NIO_2023_MICHAUNG,AVAILABLE,PENDING
2023-12-01T00:00:00Z,TEST,1,data/interim/gridsat/2023/gridsat_2023.12.01.00.npz,True,NIO_2023_MICHAUNG,AVAILABLE,PENDING
2023-12-01T03:00:00Z,TEST,1,data/interim/gridsat/2023/gridsat_2023.12.01.03.npz,False,NIO_2023_MICHAUNG,AVAILABLE,PENDING
2023-12-01T06:00:00Z,TEST,1,data/interim/gridsat/2023/gridsat_2023.12.01.06.npz,True,NIO_2023_MICHAUNG,AVAILABLE,PENDING
2023-12-01T09:00:00Z,TEST,1,data/interim/gridsat/2023/gridsat_2023.12.01.09.npz,False,NIO_2023_MICHAUNG,AVAILABLE,PENDING
2023-12-01T12:00:00Z,TEST,1,data/interim/gridsat/2023/gridsat_2023.12.01.12.npz,True,NIO_2023_MICHAUNG,AVAILABLE,PENDING
2023-12-01T15:00:00Z,TEST,1,data/interim/gridsat/2023/gridsat_2023.12.01.15.npz,False,NIO_2023_MICHAUNG,AVAILABLE,PENDING
2023-12-01T18:00:00Z,TEST,1,data/interim/gridsat/2023/gridsat_2023.12.01.18.npz,True,NIO_2023_MICHAUNG,AVAILABLE,PENDING
2023-12-01T21:00:00Z,TEST,1,data/interim/gridsat/2023/gridsat_2023.12.01.21.npz,False,NIO_2023_MICHAUNG,AVAILABLE,PENDING
2023-12-02T00:00:00Z,TEST,1,data/interim/gridsat/2023/gridsat_2023.12.02.00.npz,True,NIO_2023_MICHAUNG,AVAILABLE,PENDING
2023-12-02T03:00:00Z,TEST,1,data/interim/gridsat/2023/gridsat_2023.12.02.03.npz,False,NIO_2023_MICHAUNG,AVAILABLE,PENDING
2023-12-02T06:00:00Z,TEST,1,data/interim/gridsat/2023/gridsat_2023.12.02.06.npz,True,NIO_2023_MICHAUNG,AVAILABLE,PENDING
2023-12-02T09:00:00Z,TEST,1,data/interim/gridsat/2023/gridsat_2023.12.02.09.npz,False,NIO_2023_MICHAUNG,AVAILABLE,PENDING
2023-12-02T12:00:00Z,TEST,1,data/interim/gridsat/2023/gridsat_2023.12.02.12.npz,True,NIO_2023_MICHAUNG,AVAILABLE,PENDING
2023-12-02T15:00:00Z,TEST,1,data/interim/gridsat/2023/gridsat_2023.12.02.15.npz,False,NIO_2023_MICHAUNG,AVAILABLE,PENDING
2023-12-02T18:00:00Z,TEST,1,data/interim/gridsat/2023/gridsat_2023.12.02.18.npz,True,NIO_2023_MICHAUNG,AVAILABLE,PENDING
2023-12-02T21:00:00Z,TEST,1,data/interim/gridsat/2023/gridsat_2023.12.02.21.npz,False,NIO_2023_MICHAUNG,AVAILABLE,PENDING
2023-12-03T00:00:00Z,TEST,1,data/interim/gridsat/2023/gridsat_2023.12.03.00.npz,True,NIO_2023_MICHAUNG,AVAILABLE,PENDING
2023-12-03T03:00:00Z,TEST,1,data/interim/gridsat/2023/gridsat_2023.12.03.03.npz,True,NIO_2023_MICHAUNG,AVAILABLE,PENDING
2023-12-03T06:00:00Z,TEST,1,data/interim/gridsat/2023/gridsat_2023.12.03.06.npz,True,NIO_2023_MICHAUNG,AVAILABLE,PENDING
2023-12-03T09:00:00Z,TEST,1,data/interim/gridsat/2023/gridsat_2023.12.03.09.npz,True,NIO_2023_MICHAUNG,AVAILABLE,PENDING
2023-12-03T12:00:00Z,TEST,1,data/interim/gridsat/2023/gridsat_2023.12.03.12.npz,True,NIO_2023_MICHAUNG,AVAILABLE,PENDING
2023-12-03T15:00:00Z,TEST,1,data/interim/gridsat/2023/gridsat_2023.12.03.15.npz,True,NIO_2023_MICHAUNG,AVAILABLE,PENDING
2023-12-03T18:00:00Z,TEST,1,data/interim/gridsat/2023/gridsat_2023.12.03.18.npz,True,NIO_2023_MICHAUNG,AVAILABLE,PENDING
2023-12-03T21:00:00Z,TEST,1,data/interim/gridsat/2023/gridsat_2023.12.03.21.npz,False,NIO_2023_MICHAUNG,AVAILABLE,PENDING
2023-12-04T00:00:00Z,TEST,1,data/interim/gridsat/2023/gridsat_2023.12.04.00.npz,True,NIO_2023_MICHAUNG,AVAILABLE,PENDING
2024-05-23T09:00:00Z,TEST,1,data/interim/gridsat/2024/gridsat_2024.05.23.09.npz,False,NIO_2024_REMAL,AVAILABLE,PENDING
2024-05-23T12:00:00Z,TEST,1,data/interim/gridsat/2024/gridsat_2024.05.23.12.npz,False,NIO_2024_REMAL,AVAILABLE,PENDING
2024-05-23T15:00:00Z,TEST,1,data/interim/gridsat/2024/gridsat_2024.05.23.15.npz,False,NIO_2024_REMAL,AVAILABLE,PENDING
2024-05-23T18:00:00Z,TEST,1,data/interim/gridsat/2024/gridsat_2024.05.23.18.npz,False,NIO_2024_REMAL,AVAILABLE,PENDING
2024-05-23T21:00:00Z,TEST,1,data/interim/gridsat/2024/gridsat_2024.05.23.21.npz,False,NIO_2024_REMAL,AVAILABLE,PENDING
2024-05-24T00:00:00Z,TEST,1,data/interim/gridsat/2024/gridsat_2024.05.24.00.npz,True,NIO_2024_REMAL,AVAILABLE,PENDING
2024-05-24T03:00:00Z,TEST,1,data/interim/gridsat/2024/gridsat_2024.05.24.03.npz,False,NIO_2024_REMAL,AVAILABLE,PENDING
2024-05-24T06:00:00Z,TEST,1,data/interim/gridsat/2024/gridsat_2024.05.24.06.npz,True,NIO_2024_REMAL,AVAILABLE,PENDING
2024-05-24T09:00:00Z,TEST,1,data/interim/gridsat/2024/gridsat_2024.05.24.09.npz,False,NIO_2024_REMAL,AVAILABLE,PENDING
2024-05-24T12:00:00Z,TEST,1,data/interim/gridsat/2024/gridsat_2024.05.24.12.npz,True,NIO_2024_REMAL,AVAILABLE,PENDING
2024-05-24T15:00:00Z,TEST,1,data/interim/gridsat/2024/gridsat_2024.05.24.15.npz,False,NIO_2024_REMAL,AVAILABLE,PENDING
2024-05-24T18:00:00Z,TEST,1,data/interim/gridsat/2024/gridsat_2024.05.24.18.npz,True,NIO_2024_REMAL,AVAILABLE,PENDING
2024-05-24T21:00:00Z,TEST,1,data/interim/gridsat/2024/gridsat_2024.05.24.21.npz,False,NIO_2024_REMAL,AVAILABLE,PENDING
2024-05-25T00:00:00Z,TEST,1,data/interim/gridsat/2024/gridsat_2024.05.25.00.npz,True,NIO_2024_REMAL,AVAILABLE,PENDING
2024-05-25T03:00:00Z,TEST,1,data/interim/gridsat/2024/gridsat_2024.05.25.03.npz,True,NIO_2024_REMAL,AVAILABLE,PENDING
2024-05-25T06:00:00Z,TEST,1,data/interim/gridsat/2024/gridsat_2024.05.25.06.npz,True,NIO_2024_REMAL,AVAILABLE,PENDING
2024-05-25T09:00:00Z,TEST,1,data/interim/gridsat/2024/gridsat_2024.05.25.09.npz,False,NIO_2024_REMAL,AVAILABLE,PENDING
2024-05-25T12:00:00Z,TEST,1,data/interim/gridsat/2024/gridsat_2024.05.25.12.npz,True,NIO_2024_REMAL,AVAILABLE,PENDING
2024-05-25T15:00:00Z,TEST,1,data/interim/gridsat/2024/gridsat_2024.05.25.15.npz,True,NIO_2024_REMAL,AVAILABLE,PENDING
2024-05-25T18:00:00Z,TEST,1,data/interim/gridsat/2024/gridsat_2024.05.25.18.npz,True,NIO_2024_REMAL,AVAILABLE,PENDING
2024-05-25T21:00:00Z,TEST,1,data/interim/gridsat/2024/gridsat_2024.05.25.21.npz,False,NIO_2024_REMAL,AVAILABLE,PENDING
2024-05-26T00:00:00Z,TEST,1,data/interim/gridsat/2024/gridsat_2024.05.26.00.npz,True,NIO_2024_REMAL,AVAILABLE,PENDING
2024-05-26T03:00:00Z,TEST,1,data/interim/gridsat/2024/gridsat_2024.05.26.03.npz,True,NIO_2024_REMAL,AVAILABLE,PENDING
2024-05-26T06:00:00Z,TEST,1,data/interim/gridsat/2024/gridsat_2024.05.26.06.npz,True,NIO_2024_REMAL,AVAILABLE,PENDING
2024-08-01T21:00:00Z,TEST,1,data/interim/gridsat/2024/gridsat_2024.08.01.21.npz,False,NIO_2024_UNNAMED_2_4_1,AVAILABLE,PENDING
2024-08-02T00:00:00Z,TEST,1,data/interim/gridsat/2024/gridsat_2024.08.02.00.npz,False,NIO_2024_UNNAMED_2_4_1,AVAILABLE,PENDING
2024-08-02T03:00:00Z,TEST,1,data/interim/gridsat/2024/gridsat_2024.08.02.03.npz,False,NIO_2024_UNNAMED_2_4_1,AVAILABLE,PENDING
2024-08-02T06:00:00Z,TEST,1,data/interim/gridsat/2024/gridsat_2024.08.02.06.npz,False,NIO_2024_UNNAMED_2_4_1,AVAILABLE,PENDING
2024-08-02T09:00:00Z,TEST,1,data/interim/gridsat/2024/gridsat_2024.08.02.09.npz,False,NIO_2024_UNNAMED_2_4_1,AVAILABLE,PENDING
2024-08-02T12:00:00Z,TEST,1,data/interim/gridsat/2024/gridsat_2024.08.02.12.npz,True,NIO_2024_UNNAMED_2_4_1,AVAILABLE,PENDING
2024-08-02T15:00:00Z,TEST,1,data/interim/gridsat/2024/gridsat_2024.08.02.15.npz,False,NIO_2024_UNNAMED_2_4_1,AVAILABLE,PENDING
2024-08-02T18:00:00Z,TEST,1,data/interim/gridsat/2024/gridsat_2024.08.02.18.npz,True,NIO_2024_UNNAMED_2_4_1,AVAILABLE,PENDING
2024-08-02T21:00:00Z,TEST,1,data/interim/gridsat/2024/gridsat_2024.08.02.21.npz,False,NIO_2024_UNNAMED_2_4_1,AVAILABLE,PENDING
2024-08-03T00:00:00Z,TEST,1,data/interim/gridsat/2024/gridsat_2024.08.03.00.npz,True,NIO_2024_UNNAMED_2_4_1,AVAILABLE,PENDING
2024-08-03T03:00:00Z,TEST,1,data/interim/gridsat/2024/gridsat_2024.08.03.03.npz,False,NIO_2024_UNNAMED_2_4_1,AVAILABLE,PENDING
2024-08-03T06:00:00Z,TEST,1,data/interim/gridsat/2024/gridsat_2024.08.03.06.npz,True,NIO_2024_UNNAMED_2_4_1,AVAILABLE,PENDING
2024-08-03T09:00:00Z,TEST,1,data/interim/gridsat/2024/gridsat_2024.08.03.09.npz,False,NIO_2024_UNNAMED_2_4_1,AVAILABLE,PENDING
2024-08-03T12:00:00Z,TEST,1,data/interim/gridsat/2024/gridsat_2024.08.03.12.npz,True,NIO_2024_UNNAMED_2_4_1,AVAILABLE,PENDING
2024-08-03T15:00:00Z,TEST,1,data/interim/gridsat/2024/gridsat_2024.08.03.15.npz,False,NIO_2024_UNNAMED_2_4_1,AVAILABLE,PENDING
2024-08-03T18:00:00Z,TEST,1,data/interim/gridsat/2024/gridsat_2024.08.03.18.npz,True,NIO_2024_UNNAMED_2_4_1,AVAILABLE,PENDING
2024-08-24T09:00:00Z,TEST,1,data/interim/gridsat/2024/gridsat_2024.08.24.09.npz,False,NIO_2024_ASNA,AVAILABLE,PENDING
2024-08-24T12:00:00Z,TEST,1,data/interim/gridsat/2024/gridsat_2024.08.24.12.npz,False,NIO_2024_ASNA,AVAILABLE,PENDING
2024-08-24T15:00:00Z,TEST,1,data/interim/gridsat/2024/gridsat_2024.08.24.15.npz,False,NIO_2024_ASNA,AVAILABLE,PENDING
2024-08-24T18:00:00Z,TEST,1,data/interim/gridsat/2024/gridsat_2024.08.24.18.npz,False,NIO_2024_ASNA,AVAILABLE,PENDING
2024-08-24T21:00:00Z,TEST,1,data/interim/gridsat/2024/gridsat_2024.08.24.21.npz,False,NIO_2024_ASNA,AVAILABLE,PENDING
2024-08-25T00:00:00Z,TEST,1,data/interim/gridsat/2024/gridsat_2024.08.25.00.npz,True,NIO_2024_ASNA,AVAILABLE,PENDING
2024-08-25T03:00:00Z,TEST,1,data/interim/gridsat/2024/gridsat_2024.08.25.03.npz,False,NIO_2024_ASNA,AVAILABLE,PENDING
2024-08-25T06:00:00Z,TEST,1,data/interim/gridsat/2024/gridsat_2024.08.25.06.npz,True,NIO_2024_ASNA,AVAILABLE,PENDING
2024-08-25T09:00:00Z,TEST,1,data/interim/gridsat/2024/gridsat_2024.08.25.09.npz,False,NIO_2024_ASNA,AVAILABLE,PENDING
2024-08-25T12:00:00Z,TEST,1,data/interim/gridsat/2024/gridsat_2024.08.25.12.npz,True,NIO_2024_ASNA,AVAILABLE,PENDING
2024-08-25T15:00:00Z,TEST,1,data/interim/gridsat/2024/gridsat_2024.08.25.15.npz,False,NIO_2024_ASNA,AVAILABLE,PENDING
2024-08-25T18:00:00Z,TEST,1,data/interim/gridsat/2024/gridsat_2024.08.25.18.npz,True,NIO_2024_ASNA,AVAILABLE,PENDING
2024-08-25T21:00:00Z,TEST,1,data/interim/gridsat/2024/gridsat_2024.08.25.21.npz,False,NIO_2024_ASNA,AVAILABLE,PENDING
2024-08-26T00:00:00Z,TEST,1,data/interim/gridsat/2024/gridsat_2024.08.26.00.npz,True,NIO_2024_ASNA,AVAILABLE,PENDING
2024-08-26T03:00:00Z,TEST,1,data/interim/gridsat/2024/gridsat_2024.08.26.03.npz,False,NIO_2024_ASNA,AVAILABLE,PENDING
2024-08-26T06:00:00Z,TEST,1,data/interim/gridsat/2024/gridsat_2024.08.26.06.npz,True,NIO_2024_ASNA,AVAILABLE,PENDING
2024-08-26T09:00:00Z,TEST,1,data/interim/gridsat/2024/gridsat_2024.08.26.09.npz,False,NIO_2024_ASNA,AVAILABLE,PENDING
2024-08-26T12:00:00Z,TEST,1,data/interim/gridsat/2024/gridsat_2024.08.26.12.npz,True,NIO_2024_ASNA,AVAILABLE,PENDING
2024-08-26T15:00:00Z,TEST,1,data/interim/gridsat/2024/gridsat_2024.08.26.15.npz,False,NIO_2024_ASNA,AVAILABLE,PENDING
2024-08-26T18:00:00Z,TEST,1,data/interim/gridsat/2024/gridsat_2024.08.26.18.npz,True,NIO_2024_ASNA,AVAILABLE,PENDING
2024-08-26T21:00:00Z,TEST,1,data/interim/gridsat/2024/gridsat_2024.08.26.21.npz,False,NIO_2024_ASNA,AVAILABLE,PENDING
2024-08-27T00:00:00Z,TEST,1,data/interim/gridsat/2024/gridsat_2024.08.27.00.npz,True,NIO_2024_ASNA,AVAILABLE,PENDING
2024-08-27T03:00:00Z,TEST,1,data/interim/gridsat/2024/gridsat_2024.08.27.03.npz,False,NIO_2024_ASNA,AVAILABLE,PENDING
2024-08-27T06:00:00Z,TEST,1,data/interim/gridsat/2024/gridsat_2024.08.27.06.npz,True,NIO_2024_ASNA,AVAILABLE,PENDING
2024-08-27T09:00:00Z,TEST,1,data/interim/gridsat/2024/gridsat_2024.08.27.09.npz,False,NIO_2024_ASNA,AVAILABLE,PENDING
2024-08-27T12:00:00Z,TEST,1,data/interim/gridsat/2024/gridsat_2024.08.27.12.npz,True,NIO_2024_ASNA,AVAILABLE,PENDING
2024-08-27T15:00:00Z,TEST,1,data/interim/gridsat/2024/gridsat_2024.08.27.15.npz,False,NIO_2024_ASNA,AVAILABLE,PENDING
2024-08-27T18:00:00Z,TEST,1,data/interim/gridsat/2024/gridsat_2024.08.27.18.npz,True,NIO_2024_ASNA,AVAILABLE,PENDING
2024-08-27T21:00:00Z,TEST,1,data/interim/gridsat/2024/gridsat_2024.08.27.21.npz,False,NIO_2024_ASNA,AVAILABLE,PENDING
2024-08-28T00:00:00Z,TEST,1,data/interim/gridsat/2024/gridsat_2024.08.28.00.npz,True,NIO_2024_ASNA,AVAILABLE,PENDING
2024-08-28T03:00:00Z,TEST,1,data/interim/gridsat/2024/gridsat_2024.08.28.03.npz,False,NIO_2024_ASNA,AVAILABLE,PENDING
2024-08-28T06:00:00Z,TEST,1,data/interim/gridsat/2024/gridsat_2024.08.28.06.npz,True,NIO_2024_ASNA,AVAILABLE,PENDING
2024-08-28T09:00:00Z,TEST,1,data/interim/gridsat/2024/gridsat_2024.08.28.09.npz,False,NIO_2024_ASNA,AVAILABLE,PENDING
2024-08-28T12:00:00Z,TEST,1,data/interim/gridsat/2024/gridsat_2024.08.28.12.npz,True,NIO_2024_ASNA,AVAILABLE,PENDING
2024-08-28T15:00:00Z,TEST,1,data/interim/gridsat/2024/gridsat_2024.08.28.15.npz,False,NIO_2024_ASNA,AVAILABLE,PENDING
2024-08-28T18:00:00Z,TEST,1,data/interim/gridsat/2024/gridsat_2024.08.28.18.npz,True,NIO_2024_ASNA,AVAILABLE,PENDING
2024-08-28T21:00:00Z,TEST,1,data/interim/gridsat/2024/gridsat_2024.08.28.21.npz,False,NIO_2024_ASNA,AVAILABLE,PENDING
2024-08-29T00:00:00Z,TEST,1,data/interim/gridsat/2024/gridsat_2024.08.29.00.npz,True,NIO_2024_ASNA,AVAILABLE,PENDING
2024-08-29T03:00:00Z,TEST,1,data/interim/gridsat/2024/gridsat_2024.08.29.03.npz,False,NIO_2024_ASNA,AVAILABLE,PENDING
2024-08-29T06:00:00Z,TEST,1,data/interim/gridsat/2024/gridsat_2024.08.29.06.npz,True,NIO_2024_ASNA,AVAILABLE,PENDING
2024-08-29T09:00:00Z,TEST,1,data/interim/gridsat/2024/gridsat_2024.08.29.09.npz,False,NIO_2024_ASNA,AVAILABLE,PENDING
2024-08-29T12:00:00Z,TEST,1,data/interim/gridsat/2024/gridsat_2024.08.29.12.npz,True,NIO_2024_ASNA,AVAILABLE,PENDING
2024-08-29T15:00:00Z,TEST,1,data/interim/gridsat/2024/gridsat_2024.08.29.15.npz,False,NIO_2024_ASNA,AVAILABLE,PENDING
2024-08-29T18:00:00Z,TEST,1,data/interim/gridsat/2024/gridsat_2024.08.29.18.npz,True,NIO_2024_ASNA,AVAILABLE,PENDING
2024-08-29T21:00:00Z,TEST,1,data/interim/gridsat/2024/gridsat_2024.08.29.21.npz,False,NIO_2024_ASNA,AVAILABLE,PENDING
2024-08-30T00:00:00Z,TEST,1,data/interim/gridsat/2024/gridsat_2024.08.30.00.npz,True,NIO_2024_ASNA,AVAILABLE,PENDING
2024-08-30T03:00:00Z,TEST,1,data/interim/gridsat/2024/gridsat_2024.08.30.03.npz,True,NIO_2024_ASNA,AVAILABLE,PENDING
2024-08-30T06:00:00Z,TEST,1,data/interim/gridsat/2024/gridsat_2024.08.30.06.npz,True,NIO_2024_ASNA,AVAILABLE,PENDING
2024-08-30T09:00:00Z,TEST,1,data/interim/gridsat/2024/gridsat_2024.08.30.09.npz,True,NIO_2024_ASNA;NIO_2024_LAT,AVAILABLE,PENDING
2024-08-30T12:00:00Z,TEST,1,data/interim/gridsat/2024/gridsat_2024.08.30.12.npz,True,NIO_2024_ASNA;NIO_2024_LAT,AVAILABLE,PENDING
2024-08-30T15:00:00Z,TEST,1,data/interim/gridsat/2024/gridsat_2024.08.30.15.npz,False,NIO_2024_ASNA;NIO_2024_LAT,AVAILABLE,PENDING
2024-08-30T18:00:00Z,TEST,1,data/interim/gridsat/2024/gridsat_2024.08.30.18.npz,True,NIO_2024_ASNA;NIO_2024_LAT,AVAILABLE,PENDING
2024-08-30T21:00:00Z,TEST,1,data/interim/gridsat/2024/gridsat_2024.08.30.21.npz,False,NIO_2024_ASNA;NIO_2024_LAT,AVAILABLE,PENDING
2024-08-31T00:00:00Z,TEST,1,data/interim/gridsat/2024/gridsat_2024.08.31.00.npz,True,NIO_2024_ASNA;NIO_2024_LAT,AVAILABLE,PENDING
2024-08-31T03:00:00Z,TEST,1,data/interim/gridsat/2024/gridsat_2024.08.31.03.npz,True,NIO_2024_ASNA;NIO_2024_LAT,AVAILABLE,PENDING
2024-08-31T06:00:00Z,TEST,1,data/interim/gridsat/2024/gridsat_2024.08.31.06.npz,True,NIO_2024_LAT,AVAILABLE,PENDING
2024-09-07T09:00:00Z,TEST,1,data/interim/gridsat/2024/gridsat_2024.09.07.09.npz,False,NIO_2024_UNNAMED_2_7_1,AVAILABLE,PENDING
2024-09-07T12:00:00Z,TEST,1,data/interim/gridsat/2024/gridsat_2024.09.07.12.npz,False,NIO_2024_UNNAMED_2_7_1,AVAILABLE,PENDING
2024-09-07T15:00:00Z,TEST,1,data/interim/gridsat/2024/gridsat_2024.09.07.15.npz,False,NIO_2024_UNNAMED_2_7_1,AVAILABLE,PENDING
2024-09-07T18:00:00Z,TEST,1,data/interim/gridsat/2024/gridsat_2024.09.07.18.npz,False,NIO_2024_UNNAMED_2_7_1,AVAILABLE,PENDING
2024-09-07T21:00:00Z,TEST,1,data/interim/gridsat/2024/gridsat_2024.09.07.21.npz,False,NIO_2024_UNNAMED_2_7_1,AVAILABLE,PENDING
2024-09-08T00:00:00Z,TEST,1,data/interim/gridsat/2024/gridsat_2024.09.08.00.npz,True,NIO_2024_UNNAMED_2_7_1,AVAILABLE,PENDING
2024-09-08T03:00:00Z,TEST,1,data/interim/gridsat/2024/gridsat_2024.09.08.03.npz,False,NIO_2024_UNNAMED_2_7_1,AVAILABLE,PENDING
2024-09-08T06:00:00Z,TEST,1,data/interim/gridsat/2024/gridsat_2024.09.08.06.npz,True,NIO_2024_UNNAMED_2_7_1,AVAILABLE,PENDING
2024-09-12T21:00:00Z,TEST,1,data/interim/gridsat/2024/gridsat_2024.09.12.21.npz,False,NIO_2024_NO,AVAILABLE,PENDING
2024-09-13T00:00:00Z,TEST,1,data/interim/gridsat/2024/gridsat_2024.09.13.00.npz,False,NIO_2024_NO,AVAILABLE,PENDING
2024-09-13T03:00:00Z,TEST,1,data/interim/gridsat/2024/gridsat_2024.09.13.03.npz,False,NIO_2024_NO,AVAILABLE,PENDING
2024-09-13T06:00:00Z,TEST,1,data/interim/gridsat/2024/gridsat_2024.09.13.06.npz,False,NIO_2024_NO,AVAILABLE,PENDING
2024-09-13T09:00:00Z,TEST,1,data/interim/gridsat/2024/gridsat_2024.09.13.09.npz,False,NIO_2024_NO,AVAILABLE,PENDING
2024-09-13T12:00:00Z,TEST,1,data/interim/gridsat/2024/gridsat_2024.09.13.12.npz,True,NIO_2024_NO,AVAILABLE,PENDING
2024-09-13T15:00:00Z,TEST,1,data/interim/gridsat/2024/gridsat_2024.09.13.15.npz,False,NIO_2024_NO,AVAILABLE,PENDING
2024-09-13T18:00:00Z,TEST,1,data/interim/gridsat/2024/gridsat_2024.09.13.18.npz,True,NIO_2024_NO,AVAILABLE,PENDING
2024-09-13T21:00:00Z,TEST,1,data/interim/gridsat/2024/gridsat_2024.09.13.21.npz,False,NIO_2024_NO,AVAILABLE,PENDING
2024-09-14T00:00:00Z,TEST,1,data/interim/gridsat/2024/gridsat_2024.09.14.00.npz,True,NIO_2024_NO,AVAILABLE,PENDING
2024-09-14T03:00:00Z,TEST,1,data/interim/gridsat/2024/gridsat_2024.09.14.03.npz,False,NIO_2024_NO,AVAILABLE,PENDING
2024-09-14T06:00:00Z,TEST,1,data/interim/gridsat/2024/gridsat_2024.09.14.06.npz,True,NIO_2024_NO,AVAILABLE,PENDING
2024-09-14T09:00:00Z,TEST,1,data/interim/gridsat/2024/gridsat_2024.09.14.09.npz,False,NIO_2024_NO,AVAILABLE,PENDING
2024-09-14T12:00:00Z,TEST,1,data/interim/gridsat/2024/gridsat_2024.09.14.12.npz,True,NIO_2024_NO,AVAILABLE,PENDING
2024-09-14T15:00:00Z,TEST,1,data/interim/gridsat/2024/gridsat_2024.09.14.15.npz,False,NIO_2024_NO,AVAILABLE,PENDING
2024-09-14T18:00:00Z,TEST,1,data/interim/gridsat/2024/gridsat_2024.09.14.18.npz,True,NIO_2024_NO,AVAILABLE,PENDING
2024-09-14T21:00:00Z,TEST,1,data/interim/gridsat/2024/gridsat_2024.09.14.21.npz,False,NIO_2024_NO,AVAILABLE,PENDING
2024-09-15T00:00:00Z,TEST,1,data/interim/gridsat/2024/gridsat_2024.09.15.00.npz,True,NIO_2024_NO,AVAILABLE,PENDING
2024-09-15T03:00:00Z,TEST,1,data/interim/gridsat/2024/gridsat_2024.09.15.03.npz,False,NIO_2024_NO,AVAILABLE,PENDING
2024-09-15T06:00:00Z,TEST,1,data/interim/gridsat/2024/gridsat_2024.09.15.06.npz,True,NIO_2024_NO,AVAILABLE,PENDING
2024-09-15T09:00:00Z,TEST,1,data/interim/gridsat/2024/gridsat_2024.09.15.09.npz,False,NIO_2024_NO,AVAILABLE,PENDING
2024-09-15T12:00:00Z,TEST,1,data/interim/gridsat/2024/gridsat_2024.09.15.12.npz,True,NIO_2024_NO,AVAILABLE,PENDING
2024-09-15T15:00:00Z,TEST,1,data/interim/gridsat/2024/gridsat_2024.09.15.15.npz,False,NIO_2024_NO,AVAILABLE,PENDING
2024-09-15T18:00:00Z,TEST,1,data/interim/gridsat/2024/gridsat_2024.09.15.18.npz,True,NIO_2024_NO,AVAILABLE,PENDING
2024-10-12T21:00:00Z,TEST,1,data/interim/gridsat/2024/gridsat_2024.10.12.21.npz,False,NIO_2024_LAT,AVAILABLE,PENDING
2024-10-13T00:00:00Z,TEST,1,data/interim/gridsat/2024/gridsat_2024.10.13.00.npz,False,NIO_2024_LAT,AVAILABLE,PENDING
2024-10-13T03:00:00Z,TEST,1,data/interim/gridsat/2024/gridsat_2024.10.13.03.npz,False,NIO_2024_LAT,AVAILABLE,PENDING
2024-10-13T06:00:00Z,TEST,1,data/interim/gridsat/2024/gridsat_2024.10.13.06.npz,False,NIO_2024_LAT,AVAILABLE,PENDING
2024-10-13T09:00:00Z,TEST,1,data/interim/gridsat/2024/gridsat_2024.10.13.09.npz,False,NIO_2024_LAT,AVAILABLE,PENDING
2024-10-13T12:00:00Z,TEST,1,data/interim/gridsat/2024/gridsat_2024.10.13.12.npz,True,NIO_2024_LAT,AVAILABLE,PENDING
2024-10-21T09:00:00Z,TEST,1,data/interim/gridsat/2024/gridsat_2024.10.21.09.npz,False,NIO_2024_DANA,AVAILABLE,PENDING
2024-10-21T12:00:00Z,TEST,1,data/interim/gridsat/2024/gridsat_2024.10.21.12.npz,False,NIO_2024_DANA,AVAILABLE,PENDING
2024-10-21T15:00:00Z,TEST,1,data/interim/gridsat/2024/gridsat_2024.10.21.15.npz,False,NIO_2024_DANA,AVAILABLE,PENDING
2024-10-21T18:00:00Z,TEST,1,data/interim/gridsat/2024/gridsat_2024.10.21.18.npz,False,NIO_2024_DANA,AVAILABLE,PENDING
2024-10-21T21:00:00Z,TEST,1,data/interim/gridsat/2024/gridsat_2024.10.21.21.npz,False,NIO_2024_DANA,AVAILABLE,PENDING
2024-10-22T00:00:00Z,TEST,1,data/interim/gridsat/2024/gridsat_2024.10.22.00.npz,True,NIO_2024_DANA,AVAILABLE,PENDING
2024-10-22T03:00:00Z,TEST,1,data/interim/gridsat/2024/gridsat_2024.10.22.03.npz,False,NIO_2024_DANA,AVAILABLE,PENDING
2024-10-22T06:00:00Z,TEST,1,data/interim/gridsat/2024/gridsat_2024.10.22.06.npz,True,NIO_2024_DANA,AVAILABLE,PENDING
2024-10-22T09:00:00Z,TEST,1,data/interim/gridsat/2024/gridsat_2024.10.22.09.npz,False,NIO_2024_DANA,AVAILABLE,PENDING
2024-10-22T12:00:00Z,TEST,1,data/interim/gridsat/2024/gridsat_2024.10.22.12.npz,True,NIO_2024_DANA,AVAILABLE,PENDING
2024-10-22T15:00:00Z,TEST,1,data/interim/gridsat/2024/gridsat_2024.10.22.15.npz,False,NIO_2024_DANA,AVAILABLE,PENDING
2024-10-22T18:00:00Z,TEST,1,data/interim/gridsat/2024/gridsat_2024.10.22.18.npz,True,NIO_2024_DANA,AVAILABLE,PENDING
2024-11-24T15:00:00Z,TEST,1,data/interim/gridsat/2024/gridsat_2024.11.24.15.npz,False,NIO_2024_FENGAL,AVAILABLE,PENDING
2024-11-24T18:00:00Z,TEST,1,data/interim/gridsat/2024/gridsat_2024.11.24.18.npz,False,NIO_2024_FENGAL,AVAILABLE,PENDING
2024-11-24T21:00:00Z,TEST,1,data/interim/gridsat/2024/gridsat_2024.11.24.21.npz,False,NIO_2024_FENGAL,AVAILABLE,PENDING
2024-11-25T00:00:00Z,TEST,1,data/interim/gridsat/2024/gridsat_2024.11.25.00.npz,False,NIO_2024_FENGAL,AVAILABLE,PENDING
2024-11-25T03:00:00Z,TEST,1,data/interim/gridsat/2024/gridsat_2024.11.25.03.npz,False,NIO_2024_FENGAL,AVAILABLE,PENDING
2024-11-25T06:00:00Z,TEST,1,data/interim/gridsat/2024/gridsat_2024.11.25.06.npz,True,NIO_2024_FENGAL,AVAILABLE,PENDING
2024-11-25T09:00:00Z,TEST,1,data/interim/gridsat/2024/gridsat_2024.11.25.09.npz,False,NIO_2024_FENGAL,AVAILABLE,PENDING
2024-11-25T12:00:00Z,TEST,1,data/interim/gridsat/2024/gridsat_2024.11.25.12.npz,True,NIO_2024_FENGAL,AVAILABLE,PENDING
2024-11-25T15:00:00Z,TEST,1,data/interim/gridsat/2024/gridsat_2024.11.25.15.npz,False,NIO_2024_FENGAL,AVAILABLE,PENDING
2024-11-25T18:00:00Z,TEST,1,data/interim/gridsat/2024/gridsat_2024.11.25.18.npz,True,NIO_2024_FENGAL,AVAILABLE,PENDING
2024-11-25T21:00:00Z,TEST,1,data/interim/gridsat/2024/gridsat_2024.11.25.21.npz,False,NIO_2024_FENGAL,AVAILABLE,PENDING
2024-11-26T00:00:00Z,TEST,1,data/interim/gridsat/2024/gridsat_2024.11.26.00.npz,True,NIO_2024_FENGAL,AVAILABLE,PENDING
2024-11-26T03:00:00Z,TEST,1,data/interim/gridsat/2024/gridsat_2024.11.26.03.npz,False,NIO_2024_FENGAL,AVAILABLE,PENDING
2024-11-26T06:00:00Z,TEST,1,data/interim/gridsat/2024/gridsat_2024.11.26.06.npz,True,NIO_2024_FENGAL,AVAILABLE,PENDING
2024-11-26T09:00:00Z,TEST,1,data/interim/gridsat/2024/gridsat_2024.11.26.09.npz,False,NIO_2024_FENGAL,AVAILABLE,PENDING
2024-11-26T12:00:00Z,TEST,1,data/interim/gridsat/2024/gridsat_2024.11.26.12.npz,True,NIO_2024_FENGAL,AVAILABLE,PENDING
2024-11-26T15:00:00Z,TEST,1,data/interim/gridsat/2024/gridsat_2024.11.26.15.npz,False,NIO_2024_FENGAL,AVAILABLE,PENDING
2024-11-26T18:00:00Z,TEST,1,data/interim/gridsat/2024/gridsat_2024.11.26.18.npz,True,NIO_2024_FENGAL,AVAILABLE,PENDING
2024-11-26T21:00:00Z,TEST,1,data/interim/gridsat/2024/gridsat_2024.11.26.21.npz,False,NIO_2024_FENGAL,AVAILABLE,PENDING
2024-11-27T00:00:00Z,TEST,1,data/interim/gridsat/2024/gridsat_2024.11.27.00.npz,True,NIO_2024_FENGAL,AVAILABLE,PENDING
2024-11-27T03:00:00Z,TEST,1,data/interim/gridsat/2024/gridsat_2024.11.27.03.npz,False,NIO_2024_FENGAL,AVAILABLE,PENDING
2024-11-27T06:00:00Z,TEST,1,data/interim/gridsat/2024/gridsat_2024.11.27.06.npz,True,NIO_2024_FENGAL,AVAILABLE,PENDING
2024-11-27T09:00:00Z,TEST,1,data/interim/gridsat/2024/gridsat_2024.11.27.09.npz,False,NIO_2024_FENGAL,AVAILABLE,PENDING
2024-11-27T12:00:00Z,TEST,1,data/interim/gridsat/2024/gridsat_2024.11.27.12.npz,True,NIO_2024_FENGAL,AVAILABLE,PENDING
2024-11-27T15:00:00Z,TEST,1,data/interim/gridsat/2024/gridsat_2024.11.27.15.npz,False,NIO_2024_FENGAL,AVAILABLE,PENDING
2024-11-27T18:00:00Z,TEST,1,data/interim/gridsat/2024/gridsat_2024.11.27.18.npz,True,NIO_2024_FENGAL,AVAILABLE,PENDING
2024-11-27T21:00:00Z,TEST,1,data/interim/gridsat/2024/gridsat_2024.11.27.21.npz,False,NIO_2024_FENGAL,AVAILABLE,PENDING
2024-11-28T00:00:00Z,TEST,1,data/interim/gridsat/2024/gridsat_2024.11.28.00.npz,True,NIO_2024_FENGAL,AVAILABLE,PENDING
2024-11-28T03:00:00Z,TEST,1,data/interim/gridsat/2024/gridsat_2024.11.28.03.npz,False,NIO_2024_FENGAL,AVAILABLE,PENDING
2024-11-28T06:00:00Z,TEST,1,data/interim/gridsat/2024/gridsat_2024.11.28.06.npz,True,NIO_2024_FENGAL,AVAILABLE,PENDING
2024-11-28T09:00:00Z,TEST,1,data/interim/gridsat/2024/gridsat_2024.11.28.09.npz,False,NIO_2024_FENGAL,AVAILABLE,PENDING
2024-11-28T12:00:00Z,TEST,1,data/interim/gridsat/2024/gridsat_2024.11.28.12.npz,True,NIO_2024_FENGAL,AVAILABLE,PENDING
2024-11-28T15:00:00Z,TEST,1,data/interim/gridsat/2024/gridsat_2024.11.28.15.npz,False,NIO_2024_FENGAL,AVAILABLE,PENDING
2024-11-28T18:00:00Z,TEST,1,data/interim/gridsat/2024/gridsat_2024.11.28.18.npz,True,NIO_2024_FENGAL,AVAILABLE,PENDING
2024-11-28T21:00:00Z,TEST,1,data/interim/gridsat/2024/gridsat_2024.11.28.21.npz,False,NIO_2024_FENGAL,AVAILABLE,PENDING
2024-11-29T00:00:00Z,TEST,1,data/interim/gridsat/2024/gridsat_2024.11.29.00.npz,True,NIO_2024_FENGAL,AVAILABLE,PENDING
2024-11-29T03:00:00Z,TEST,1,data/interim/gridsat/2024/gridsat_2024.11.29.03.npz,True,NIO_2024_FENGAL,AVAILABLE,PENDING
2024-11-29T06:00:00Z,TEST,1,data/interim/gridsat/2024/gridsat_2024.11.29.06.npz,True,NIO_2024_FENGAL,AVAILABLE,PENDING
2024-11-29T09:00:00Z,TEST,1,data/interim/gridsat/2024/gridsat_2024.11.29.09.npz,False,NIO_2024_FENGAL,AVAILABLE,PENDING
2024-11-29T12:00:00Z,TEST,1,data/interim/gridsat/2024/gridsat_2024.11.29.12.npz,True,NIO_2024_FENGAL,AVAILABLE,PENDING
2024-11-29T15:00:00Z,TEST,1,data/interim/gridsat/2024/gridsat_2024.11.29.15.npz,False,NIO_2024_FENGAL,AVAILABLE,PENDING
2024-11-29T18:00:00Z,TEST,1,data/interim/gridsat/2024/gridsat_2024.11.29.18.npz,True,NIO_2024_FENGAL,AVAILABLE,PENDING
