satellite_timestamp_utc,year,source_filename,npz_path,npz_size_bytes,npz_sha256,npz_mtime_utc,nc_path,nc_size_bytes,nc_sha256,nc_mtime_utc
1998-10-06T12:00:00+00:00,1998,GRIDSAT-B1.1998.10.06.12.v02r01.nc,data/interim/gridsat/1998/gridsat_1998.10.06.12.npz,551058,e13f2dd67c6f290ec9b26ff53d864f7214e2df29671959c3b9cfb3ecbce567d8,2026-09-23T15:25:47.728090+00:00,data/interim/gridsat/1998/gridsat_1998.10.06.12.nc,818021,fdeb43436c79a155d584f190f997553a050aac1c239f45baa563053c7dd18d4f,2026-09-23T15:25:47.624336+00:00
1998-10-06T15:00:00+00:00,1998,GRIDSAT-B1.1998.10.06.15.v02r01.nc,data/interim/gridsat/1998/gridsat_1998.10.06.15.npz,531734,40f842cca8eda29f43bd41b3f47bf543a293ce0f7db9d43a3c27ef7dceb0b3a8,2026-09-23T15:25:57.513223+00:00,data/interim/gridsat/1998/gridsat_1998.10.06.15.nc,798576,629b5c8daf44cbe7a723738301016dbc097b3cfdc28c8df977670b5d9d340f0e,2026-09-23T15:25:57.424315+00:00
1998-10-06T18:00:00+00:00,1998,GRIDSAT-B1.1998.10.06.18.v02r01.nc,data/interim/gridsat/1998/gridsat_1998.10.06.18.npz,411163,ad17867c0f0468a91e94132b6df2f4c55cdb9472323023178813079c4c9072b5,2026-09-23T15:25:59.895058+00:00,data/interim/gridsat/1998/gridsat_1998.10.06.18.nc,604652,fc253dfaa125ae5877887fd75f697326cbea7ecb6a9ba5875dda0c3a18f04a95,2026-09-23T15:25:59.832660+00:00
1998-10-06T21:00:00+00:00,1998,GRIDSAT-B1.1998.10.06.21.v02r01.nc,data/interim/gridsat/1998/gridsat_1998.10.06.21.npz,523151,41e883330838df8eff8765d8673dccd9d60c486d5c68cfff3ed16d3834b7ff84,2026-09-23T15:26:16.523888+00:00,data/interim/gridsat/1998/gridsat_1998.10.06.21.nc,792963,650e7e9db71555f44ed7244ae1e11b240aebe287f52021416c89c63712472a93,2026-09-23T15:26:16.401799+00:00
1998-10-07T00:00:00+00:00,1998,GRIDSAT-B1.1998.10.07.00.v02r01.nc,data/interim/gridsat/1998/gridsat_1998.10.07.00.npz,521021,3c3471e4dac28cf6fc17b2bb3034e791b40cb11f3f9d011fd77d29c9e93374dd,2026-09-23T15:25:59.513588+00:00,data/interim/gridsat/1998/gridsat_1998.10.07.00.nc,787810,d2ad90a12ab334ed29de3d5cab3ada58050916c9f9a4df20188ee7eaf25b57e7,2026-09-23T15:25:59.415660+00:00
1998-10-07T03:00:00+00:00,1998,GRIDSAT-B1.1998.10.07.03.v02r01.nc,data/interim/gridsat/1998/gridsat_1998.10.07.03.npz,523220,05c1f491b530515bd294f6d653de6df46625d4be2f678a91cb81bb206d6428a8,2026-09-23T15:28:15.056587+00:00,data/interim/gridsat/1998/gridsat_1998.10.07.03.nc,787665,ade73ec7d50ad0751d21b976217fa85108abaa09a4cd0429e7fd1a25c9eb2c5f,2026-09-23T15:28:14.954882+00:00
1999-01-31T12:00:00+00:00,1999,GRIDSAT-B1.1999.01.31.12.v02r01.nc,data/interim/gridsat/1999/gridsat_1999.01.31.12.npz,464026,7a75ca073c4f6e0396da8398b03c5fbe87a250df9548ce2976a85047c3c2c831,2026-09-23T15:27:44.355582+00:00,data/interim/gridsat/1999/gridsat_1999.01.31.12.nc,693021,e089be0b20d99f2176c66d6d5ba79e3e546a9aa808d68badc4eee3477ce8e078,2026-09-23T15:27:44.240031+00:00
1999-01-31T15:00:00+00:00,1999,GRIDSAT-B1.1999.01.31.15.v02r01.nc,data/interim/gridsat/1999/gridsat_1999.01.31.15.npz,440428,075e945a7591d716a5afe32ca35214537e1d3089673804a57103579ed376618b,2026-09-23T15:28:00.277249+00:00,data/interim/gridsat/1999/gridsat_1999.01.31.15.nc,660632,96ef499a10721069ba0d370531cd3bb62361be2958900146fba9c4346a0b738d,2026-09-23T15:28:00.185573+00:00
1999-01-31T18:00:00+00:00,1999,GRIDSAT-B1.1999.01.31.18.v02r01.nc,data/interim/gridsat/1999/gridsat_1999.01.31.18.npz,442924,fed6458d235c1ce3d81ff26c5eb9aa8f0752ffe73ee5dc716dfac68706d0ec0d,2026-09-23T15:27:36.897595+00:00,data/interim/gridsat/1999/gridsat_1999.01.31.18.nc,672077,a634050641be41ecfd18e22969f7e3ce9a36f08690871ef320f24cb25d311fe6,2026-09-23T15:27:36.796743+00:00
1999-01-31T21:00:00+00:00,1999,GRIDSAT-B1.1999.01.31.21.v02r01.nc,data/interim/gridsat/1999/gridsat_1999.01.31.21.npz,450285,5cfb7faa50043650478b047897a3a9c40b14920ba57f7cbb2df57e0386e7169f,2026-09-23T15:28:01.256965+00:00,data/interim/gridsat/1999/gridsat_1999.01.31.21.nc,682182,3fa2791d5fa39c7eed8fa61f771ec2bcf38b668f9b68c6054a2a8fe2fc67cb52,2026-09-23T15:28:01.165473+00:00
1999-02-01T00:00:00+00:00,1999,GRIDSAT-B1.1999.02.01.00.v02r01.nc,data/interim/gridsat/1999/gridsat_1999.02.01.00.npz,453058,6cc3aaec3c0f1d7542b19575d8e647027678c41129faf7c82a75aaf77f336199,2026-09-23T15:28:06.050140+00:00,data/interim/gridsat/1999/gridsat_1999.02.01.00.nc,662627,b45716a0da74c80977c069f4405bb57f3b730aeac826c63a49264ea3847c4533,2026-09-23T15:28:05.943253+00:00
1999-02-01T03:00:00+00:00,1999,GRIDSAT-B1.1999.02.01.03.v02r01.nc,data/interim/gridsat/1999/gridsat_1999.02.01.03.npz,449478,f2fee7083db24bbcdb19d8e4272ad3df9982abc712f10dd64b0a08d6011d8241,2026-09-23T15:28:23.071153+00:00,data/interim/gridsat/1999/gridsat_1999.02.01.03.nc,673026,79ad1bc718df2b43aad9db1a8bf75bc14cd2f1d9a323c8597dab8cf9f53de221,2026-09-23T15:28:22.968804+00:00
2002-11-09T21:00:00+00:00,2002,GRIDSAT-B1.2002.11.09.21.v02r01.nc,data/interim/gridsat/2002/gridsat_2002.11.09.21.npz,532355,99e52c209f36fc79aa906efa1cf1e358eaaa7d200dee39ad3c8f9005fb8b3134,2026-09-23T15:28:18.630206+00:00,data/interim/gridsat/2002/gridsat_2002.11.09.21.nc,813903,d0196fdb5a918714a244ae980290b535773534a4ef9b2ae4c0401999a490c5db,2026-09-23T15:28:18.538269+00:00
2002-11-10T00:00:00+00:00,2002,GRIDSAT-B1.2002.11.10.00.v02r01.nc,data/interim/gridsat/2002/gridsat_2002.11.10.00.npz,528270,a986c57f5f03c48db64cc7eb17c45efe4aeb4fccca5577b44e14b1d8d3057f00,2026-09-23T15:28:12.485874+00:00,data/interim/gridsat/2002/gridsat_2002.11.10.00.nc,809269,25f46f373a6636f63b718d7da50ef4aeec2f0032a3d422d7ca033f27872caaba,2026-09-23T15:28:12.372261+00:00
2002-11-10T03:00:00+00:00,2002,GRIDSAT-B1.2002.11.10.03.v02r01.nc,data/interim/gridsat/2002/gridsat_2002.11.10.03.npz,534692,2563aeca7a3fbb2b11092a658c3feadbda35935e7b9e97696db40ac4e7f2e6e5,2026-09-23T15:28:14.766657+00:00,data/interim/gridsat/2002/gridsat_2002.11.10.03.nc,812240,9ad9d5cc9f37c13d477eabf90970f595a66bd2df89aaa9654b9bf379ef1f7565,2026-09-23T15:28:14.653438+00:00
2002-11-10T06:00:00+00:00,2002,GRIDSAT-B1.2002.11.10.06.v02r01.nc,data/interim/gridsat/2002/gridsat_2002.11.10.06.npz,557409,51c15639bd4c2c2514099c5c32a1faaf41cfad5549c2c26744d01528df79bf5b,2026-09-23T15:31:27.815569+00:00,data/interim/gridsat/2002/gridsat_2002.11.10.06.nc,833224,df183e038701a201428d04104a68f045ac1a737a6c9813631f91dde7d48efa1b,2026-09-23T15:31:27.711205+00:00
2002-11-10T09:00:00+00:00,2002,GRIDSAT-B1.2002.11.10.09.v02r01.nc,data/interim/gridsat/2002/gridsat_2002.11.10.09.npz,580975,a58586a593bd14ae9fcd128935b372d98b0e86169386753b1f5303f619e8976e,2026-09-23T15:31:35.271290+00:00,data/interim/gridsat/2002/gridsat_2002.11.10.09.nc,864634,7b962b5332fadb6a1e9d4790eb4cfc1e1679e574860452b757c3e3b7de759785,2026-09-23T15:31:35.174018+00:00
2002-11-10T12:00:00+00:00,2002,GRIDSAT-B1.2002.11.10.12.v02r01.nc,data/interim/gridsat/2002/gridsat_2002.11.10.12.npz,559205,056c55d560a5c99c2a030658fdd9fc847ae2fe0a98c34d4524ea15ee685fe1c1,2026-09-23T15:30:57.514859+00:00,data/interim/gridsat/2002/gridsat_2002.11.10.12.nc,842507,e48bcb1096351f43ee8e86ffb2fe6506bfda13986d09fdd6cbd9148ac1649d2a,2026-09-23T15:30:57.426800+00:00
2002-11-22T15:00:00+00:00,2002,GRIDSAT-B1.2002.11.22.15.v02r01.nc,data/interim/gridsat/2002/gridsat_2002.11.22.15.npz,504625,849d57d88afdf53bbe41649f72d00b4d8c62fdfe228c30ecc447bba48bc8fd00,2026-09-23T15:31:26.009268+00:00,data/interim/gridsat/2002/gridsat_2002.11.22.15.nc,769071,47d30075bb913eac3e50c7419a8ca5b769ee37d2fc5aabb14433e5f03b3e0f3d,2026-09-23T15:31:25.909471+00:00
2002-11-22T18:00:00+00:00,2002,GRIDSAT-B1.2002.11.22.18.v02r01.nc,data/interim/gridsat/2002/gridsat_2002.11.22.18.npz,505037,ba7c5d855ce40e60907c03c3d1811f671faa9c1ffe45270756516fc4098fdca0,2026-09-23T15:31:07.348308+00:00,data/interim/gridsat/2002/gridsat_2002.11.22.18.nc,767398,871f6da482f0df17972fc70c852067b844880aa7e8adafd5bb9c7d2f7d9bb464,2026-09-23T15:31:07.241561+00:00
2002-11-22T21:00:00+00:00,2002,GRIDSAT-B1.2002.11.22.21.v02r01.nc,data/interim/gridsat/2002/gridsat_2002.11.22.21.npz,508640,0bd15400add7488b17394e7b1332e15379379c6f9336df30b7faf3c3c8a3cb6e,2026-09-23T15:30:55.799644+00:00,data/interim/gridsat/2002/gridsat_2002.11.22.21.nc,773745,e89bf5b9e39d9a099b4e02fa69fa31a673849ae69526d60645a5679e82429c6c,2026-09-23T15:30:55.696405+00:00
2002-11-23T00:00:00+00:00,2002,GRIDSAT-B1.2002.11.23.00.v02r01.nc,data/interim/gridsat/2002/gridsat_2002.11.23.00.npz,506410,70184371e05c771f89568c2d9cd32bb11719d188a6215398489fa715426a874a,2026-09-23T15:31:06.414561+00:00,data/interim/gridsat/2002/gridsat_2002.11.23.00.nc,775862,9994cbfa5a175367196f1e6df0b3e97c27541460ead2ebcc6181464040d129f1,2026-09-23T15:31:06.313460+00:00
2002-11-23T03:00:00+00:00,2002,GRIDSAT-B1.2002.11.23.03.v02r01.nc,data/interim/gridsat/2002/gridsat_2002.11.23.03.npz,506831,0576db06c3cc266ebb92bb1aa78c4b4219cadf0946838681146dd0fb02827da9,2026-09-23T15:32:01.202646+00:00,data/interim/gridsat/2002/gridsat_2002.11.23.03.nc,775262,a263377b1cd9af043343bdaf1df0c3cd11a3bfe0a2dcefe62061dfba4283e9ef,2026-09-23T15:32:01.091578+00:00
2002-11-23T06:00:00+00:00,2002,GRIDSAT-B1.2002.11.23.06.v02r01.nc,data/interim/gridsat/2002/gridsat_2002.11.23.06.npz,525031,a2a41ea08a472743aaf18c42161977571308751af836d640418567cca479076f,2026-09-23T15:31:23.357934+00:00,data/interim/gridsat/2002/gridsat_2002.11.23.06.nc,790700,47409445637ab18ec4a031cd1d1d187cba27578329ace062ebe3c2b78afc82ee,2026-09-23T15:31:23.250550+00:00
2002-11-23T09:00:00+00:00,2002,GRIDSAT-B1.2002.11.23.09.v02r01.nc,data/interim/gridsat/2002/gridsat_2002.11.23.09.npz,544566,f23f01e5b78425365207f8f9f515897802c468a907c545b0ce0948feb4bdb0c2,2026-09-23T15:32:07.852256+00:00,data/interim/gridsat/2002/gridsat_2002.11.23.09.nc,813720,e182bfcc773b2c1cfdfb5aefcf04d9bedd3bc69fffab4cc68bc3ef54dadde4a5,2026-09-23T15:32:07.765905+00:00
2002-11-23T12:00:00+00:00,2002,GRIDSAT-B1.2002.11.23.12.v02r01.nc,data/interim/gridsat/2002/gridsat_2002.11.23.12.npz,518400,31c23cf88f4f145de89e1b5a4835f1fd51592ccf54700c7ec6e446f205800eb0,2026-09-23T15:31:51.026130+00:00,data/interim/gridsat/2002/gridsat_2002.11.23.12.nc,789815,ff7409688bc4625cac59908d64e117656e76bb24a5920a701f44e59e67e33b0a,2026-09-23T15:31:50.936456+00:00
2002-11-23T15:00:00+00:00,2002,GRIDSAT-B1.2002.11.23.15.v02r01.nc,data/interim/gridsat/2002/gridsat_2002.11.23.15.npz,503371,289148e8c6df9325746bb8d11c4da104ec4d76226ce3feb37c90fd7d6edd172c,2026-09-23T15:31:52.895992+00:00,data/interim/gridsat/2002/gridsat_2002.11.23.15.nc,769346,fc94e2beb637eae6406e897bab44cb966d46804b8a5a4738371d52f722230bad,2026-09-23T15:31:52.815918+00:00
2002-11-23T18:00:00+00:00,2002,GRIDSAT-B1.2002.11.23.18.v02r01.nc,data/interim/gridsat/2002/gridsat_2002.11.23.18.npz,509049,7e8ad0c984f5058d589b7b69a4c67337d0e125240f77efb996ff94f8088911fd,2026-09-23T15:32:06.892161+00:00,data/interim/gridsat/2002/gridsat_2002.11.23.18.nc,774763,28716bee081156ee0edbbe8233a931a706e9dcec001d5f93a8b93b4832990035,2026-09-23T15:32:06.799066+00:00
2002-11-23T21:00:00+00:00,2002,GRIDSAT-B1.2002.11.23.21.v02r01.nc,data/interim/gridsat/2002/gridsat_2002.11.23.21.npz,511648,503dd96b4c2a3e9168728080d21a16ba94d0c4508640407d3367d442beb2e01f,2026-09-23T15:32:25.565307+00:00,data/interim/gridsat/2002/gridsat_2002.11.23.21.nc,778991,422d3b30324326cbaadc0a855487293f1f883cb09621a6e601089ebbcdd51330,2026-09-23T15:32:25.480784+00:00
2002-11-24T00:00:00+00:00,2002,GRIDSAT-B1.2002.11.24.00.v02r01.nc,data/interim/gridsat/2002/gridsat_2002.11.24.00.npz,504568,5be62a0bcba28027923dc6f01848941aca8e2fd9bec76219a6e043488ee04eaf,2026-09-23T15:32:12.215114+00:00,data/interim/gridsat/2002/gridsat_2002.11.24.00.nc,769650,7453a8eb02c13ef5705882e01925bd97b49f20b744af4feeeb361767113cf0c4,2026-09-23T15:32:12.127120+00:00
2002-11-24T03:00:00+00:00,2002,GRIDSAT-B1.2002.11.24.03.v02r01.nc,data/interim/gridsat/2002/gridsat_2002.11.24.03.npz,500614,1b4ca68579c211dba5e056389ddc72c04fbc53c886f18bcec52d5072d9c73fe0,2026-09-23T15:33:29.214668+00:00,data/interim/gridsat/2002/gridsat_2002.11.24.03.nc,763893,95e7131a8d5c882bbacc4c4ce3bb91a7e4555f38c1f1b4258dc5e43856504e41,2026-09-23T15:33:29.116652+00:00
2002-11-24T06:00:00+00:00,2002,GRIDSAT-B1.2002.11.24.06.v02r01.nc,data/interim/gridsat/2002/gridsat_2002.11.24.06.npz,519924,4ede7727b9199203e3792fe0293484706411fd781480482b1a0d904381bd0562,2026-09-23T15:32:23.690431+00:00,data/interim/gridsat/2002/gridsat_2002.11.24.06.nc,779299,275cbad3f325255d2dbf8ac23aa2c29ca8949a1585e57992e2d552a029b2d412,2026-09-23T15:32:23.576032+00:00
2002-11-24T09:00:00+00:00,2002,GRIDSAT-B1.2002.11.24.09.v02r01.nc,data/interim/gridsat/2002/gridsat_2002.11.24.09.npz,535807,294c04dc3e8883a890c079e1b47f8014ac0326b3e62212125ee51341a1549777,2026-09-23T15:32:55.775232+00:00,data/interim/gridsat/2002/gridsat_2002.11.24.09.nc,799970,ab3b3091bcd026b32bb9e7b70b27722db6358f6d196f7151f74e3439ccf8b7b4,2026-09-23T15:32:55.675029+00:00
2002-11-24T12:00:00+00:00,2002,GRIDSAT-B1.2002.11.24.12.v02r01.nc,data/interim/gridsat/2002/gridsat_2002.11.24.12.npz,505923,ac909e565f04142cfe8b8abc045d089c2bad97b1a7de1343d31500ee313b1072,2026-09-23T15:32:44.252503+00:00,data/interim/gridsat/2002/gridsat_2002.11.24.12.nc,768355,356f5001f13a6eb3fa5d8bff1866ca958d68c306d18dbb457eae4b3bba9e9b21,2026-09-23T15:32:44.174237+00:00
2005-01-14T12:00:00+00:00,2005,GRIDSAT-B1.2005.01.14.12.v02r01.nc,data/interim/gridsat/2005/gridsat_2005.01.14.12.npz,508264,4ec19864d897db7298e4e1fa58133dd12ee5eef1f63e4d4ba53702536568e41d,2026-09-23T15:32:47.793811+00:00,data/interim/gridsat/2005/gridsat_2005.01.14.12.nc,758840,217fe9736e15e9f7e0a450a4ba674c927a3847a041238d858984c9b370e2f6ce,2026-09-23T15:32:47.710936+00:00
2005-01-14T15:00:00+00:00,2005,GRIDSAT-B1.2005.01.14.15.v02r01.nc,data/interim/gridsat/2005/gridsat_2005.01.14.15.npz,493522,0e1b04c6935c68ba5ab730d307c9dd49d02aa7b26c351704e1a44785ad0eef35,2026-09-23T15:32:56.836118+00:00,data/interim/gridsat/2005/gridsat_2005.01.14.15.nc,745475,ba6910b1e357ecea4a37d5e13931ac26064a933dbde6ce681be8d70c8085ca6f,2026-09-23T15:32:56.743932+00:00
2005-01-14T18:00:00+00:00,2005,GRIDSAT-B1.2005.01.14.18.v02r01.nc,data/interim/gridsat/2005/gridsat_2005.01.14.18.npz,492561,0b6a7b2ec497239a4b5706d11530297e6572628a1058fcd10cbbd21cb6326005,2026-09-23T15:33:09.450745+00:00,data/interim/gridsat/2005/gridsat_2005.01.14.18.nc,745753,9312bbf3505c4bfe578bc1fb1e3982ad7a0e6aa3ed22dd4741f07443b204be7b,2026-09-23T15:33:09.367007+00:00
2005-01-14T21:00:00+00:00,2005,GRIDSAT-B1.2005.01.14.21.v02r01.nc,data/interim/gridsat/2005/gridsat_2005.01.14.21.npz,501358,75191c6794df1e81515c5ebf43804d5f6f700a9dfe459925221976cf2c2384d6,2026-09-23T15:33:42.689599+00:00,data/interim/gridsat/2005/gridsat_2005.01.14.21.nc,759634,79d3abddc3249ab070379c4b26a451ce5c75f3fc0ac21f3e7eeb38aa569a8299,2026-09-23T15:33:42.598764+00:00
2005-01-15T00:00:00+00:00,2005,GRIDSAT-B1.2005.01.15.00.v02r01.nc,data/interim/gridsat/2005/gridsat_2005.01.15.00.npz,503354,5fdd4a3b76b0e39d7d57b6628eeca70bd3970352e6462176677198c19f20e34f,2026-09-23T15:33:42.629590+00:00,data/interim/gridsat/2005/gridsat_2005.01.15.00.nc,761764,b90a96e8cbefdf9bb2c9f78a878f53d37c7c28f7840bac7f0b883d8f700cff96,2026-09-23T15:33:42.540034+00:00
2005-01-15T03:00:00+00:00,2005,GRIDSAT-B1.2005.01.15.03.v02r01.nc,data/interim/gridsat/2005/gridsat_2005.01.15.03.npz,507153,056392d8cfec8a76ae55cad4db5dfb9505f7e68ad0b4734fb37dbe15f42f1df4,2026-09-23T15:33:56.630236+00:00,data/interim/gridsat/2005/gridsat_2005.01.15.03.nc,760062,e299b31381c9c2207df0cc10a5ab1a08b983c0651de9f267704fe6897ad1ad4c,2026-09-23T15:33:56.519187+00:00
2005-09-17T15:00:00+00:00,2005,GRIDSAT-B1.2005.09.17.15.v02r01.nc,data/interim/gridsat/2005/gridsat_2005.09.17.15.npz,491123,a47d15abac80174e722159ad733c6d4d0d349900e430fb6f9f5ea7f7a9b794e0,2026-09-23T15:33:27.360400+00:00,data/interim/gridsat/2005/gridsat_2005.09.17.15.nc,743557,9f1932fa3d153bef464cc0d3cca3a12cf8959f84a161e6b78dbf6ac2f2cfe43d,2026-09-23T15:33:27.273327+00:00
2005-09-17T18:00:00+00:00,2005,GRIDSAT-B1.2005.09.17.18.v02r01.nc,data/interim/gridsat/2005/gridsat_2005.09.17.18.npz,492365,fd2f5a14466fe8d5bcb73b9f57255fa51036306b4342c5bc4dcc7052604b8a65,2026-09-23T15:33:25.753013+00:00,data/interim/gridsat/2005/gridsat_2005.09.17.18.nc,747272,53b1e33f1a61ca0e9740bc05d08575e2d5f2b7efd902e1e02f880e82a568d999,2026-09-23T15:33:25.634266+00:00
2005-09-17T21:00:00+00:00,2005,GRIDSAT-B1.2005.09.17.21.v02r01.nc,data/interim/gridsat/2005/gridsat_2005.09.17.21.npz,530329,9e1825a0fcc5124005072de8518111c384cef295f4d8743fee975ac83d35cd1c,2026-09-23T15:34:31.038095+00:00,data/interim/gridsat/2005/gridsat_2005.09.17.21.nc,759416,db097a471d49a3cd3d067d0f23db8e3b7e224dbeee4171f6f43624d0e1c88955,2026-09-23T15:34:30.900521+00:00
2005-09-18T00:00:00+00:00,2005,GRIDSAT-B1.2005.09.18.00.v02r01.nc,data/interim/gridsat/2005/gridsat_2005.09.18.00.npz,535927,963eaabe3e23ee7f6379ccaba05807089d6e66245a7247b1cd74af31a2d90596,2026-09-23T15:34:20.433198+00:00,data/interim/gridsat/2005/gridsat_2005.09.18.00.nc,770773,380c5f7189a3f7dd55cd0f405c0760e8da6f2cece0859c6a4acdb343f7da0426,2026-09-23T15:34:20.338069+00:00
2005-09-18T03:00:00+00:00,2005,GRIDSAT-B1.2005.09.18.03.v02r01.nc,data/interim/gridsat/2005/gridsat_2005.09.18.03.npz,526917,2de814f249911326634a253a9ab29d780c1f5fcb7e474c8569c69498676a573a,2026-09-23T15:35:17.474044+00:00,data/interim/gridsat/2005/gridsat_2005.09.18.03.nc,757082,1c32de7445e8598336768b21cbac30f1abf4e7a2425658d9d1decd15a2b2a754,2026-09-23T15:35:17.369964+00:00
2005-09-18T06:00:00+00:00,2005,GRIDSAT-B1.2005.09.18.06.v02r01.nc,data/interim/gridsat/2005/gridsat_2005.09.18.06.npz,540034,35622ed874cddc7aaf317c67eb20778d79650e6362e082fa5917d1bcb29bf8c1,2026-09-23T15:35:03.478537+00:00,data/interim/gridsat/2005/gridsat_2005.09.18.06.nc,769009,57df94ddb8a3132392badbc2a98e3281f02a5f5959486bced045df3815cf97dc,2026-09-23T15:35:03.375697+00:00
2005-09-18T09:00:00+00:00,2005,GRIDSAT-B1.2005.09.18.09.v02r01.nc,data/interim/gridsat/2005/gridsat_2005.09.18.09.npz,547460,2c6cbd3e7dc783d177f51c5e5ee2704e0e2aa988e9d3ed4133a5e5a55df0471b,2026-09-23T15:34:29.834187+00:00,data/interim/gridsat/2005/gridsat_2005.09.18.09.nc,809448,34665b72c9c15eff7cd4c26c59b2f49c9a44d3896600082147e04aaab2965d3a,2026-09-23T15:34:29.719861+00:00
2005-09-18T12:00:00+00:00,2005,GRIDSAT-B1.2005.09.18.12.v02r01.nc,data/interim/gridsat/2005/gridsat_2005.09.18.12.npz,532933,a71c0e652e410d3f4b1b3a0295bc6fb5fda2213906c95b2ce1cac8827938a77c,2026-09-23T15:34:37.476794+00:00,data/interim/gridsat/2005/gridsat_2005.09.18.12.nc,798856,c691a2bdc95845c75ed6adc150cc2fd93e27c2c9090b2d5dc1446dd5dc7296e1,2026-09-23T15:34:37.378806+00:00
2005-09-18T21:00:00+00:00,2005,GRIDSAT-B1.2005.09.18.21.v02r01.nc,data/interim/gridsat/2005/gridsat_2005.09.18.21.npz,516508,a9f2cdd4975ac5f252d5ba16ea370022e17a26f4fe29ec818dd45bdd970efccb,2026-09-23T15:35:01.412486+00:00,data/interim/gridsat/2005/gridsat_2005.09.18.21.nc,786901,a45bd801b209fd2acc1ffa178cfce91622d8e1d23365b81d6e49ddd3f7dcabbb,2026-09-23T15:35:01.304461+00:00
2005-09-19T00:00:00+00:00,2005,GRIDSAT-B1.2005.09.19.00.v02r01.nc,data/interim/gridsat/2005/gridsat_2005.09.19.00.npz,510748,e4da8181852d3b7392798aa13676b22b5238bac2fc136ded78becbd9bfe5d9d3,2026-09-23T15:35:18.157586+00:00,data/interim/gridsat/2005/gridsat_2005.09.19.00.nc,781081,1d7d8cc978ae687e842c40284b9a0e08800a7830ba91c2a5fab4d194041892fb,2026-09-23T15:35:18.064668+00:00
2005-09-19T03:00:00+00:00,2005,GRIDSAT-B1.2005.09.19.03.v02r01.nc,data/interim/gridsat/2005/gridsat_2005.09.19.03.npz,529094,1b715d0e910fb7f202da2bb2831599fcfdd06cd9bffef1f716468949daa48327,2026-09-23T15:35:29.369336+00:00,data/interim/gridsat/2005/gridsat_2005.09.19.03.nc,764710,be77bc056df19a8d793b4302c3e3dd5151a19fa0cf49de9f3d88cf968f32df2d,2026-09-23T15:35:29.260677+00:00
2005-09-19T06:00:00+00:00,2005,GRIDSAT-B1.2005.09.19.06.v02r01.nc,data/interim/gridsat/2005/gridsat_2005.09.19.06.npz,545959,74399ceec3e8f15990deebfb0e29a50213f90b0f97299aaaaf04dceea08dac06,2026-09-23T15:35:36.892306+00:00,data/interim/gridsat/2005/gridsat_2005.09.19.06.nc,782207,fa8e87cde7d7a73011c22fb68c8bdf281c9490c8978d42b1a7b6ecafa9b95c6a,2026-09-23T15:35:36.795323+00:00
2005-09-19T09:00:00+00:00,2005,GRIDSAT-B1.2005.09.19.09.v02r01.nc,data/interim/gridsat/2005/gridsat_2005.09.19.09.npz,565506,6b21be385756090c90f2efa22827addf21ccc6a3713b4dfaf5c10d9a13506161,2026-09-23T15:36:12.961340+00:00,data/interim/gridsat/2005/gridsat_2005.09.19.09.nc,809214,869f2aaaaf66d05d56f3e20f1389cc151df36e638d34cce8643d65c33f4c73ca,2026-09-23T15:36:12.856220+00:00
2005-09-19T12:00:00+00:00,2005,GRIDSAT-B1.2005.09.19.12.v02r01.nc,data/interim/gridsat/2005/gridsat_2005.09.19.12.npz,559399,4fc87e3a63a1b4f6622cf22713814be0c1a2dbc67f11812043810492a238cc12,2026-09-23T15:36:22.898672+00:00,data/interim/gridsat/2005/gridsat_2005.09.19.12.nc,798423,810597b86b79341db20705c95d574670f04064279becbdab9e7c1030254d5692,2026-09-23T15:36:22.794598+00:00
2005-10-25T12:00:00+00:00,2005,GRIDSAT-B1.2005.10.25.12.v02r01.nc,data/interim/gridsat/2005/gridsat_2005.10.25.12.npz,500912,145b207c7aab7841aa76d1fa0c02865b8273349c00d44e0e662a2e1d7aa5e96c,2026-09-23T15:36:26.398629+00:00,data/interim/gridsat/2005/gridsat_2005.10.25.12.nc,733702,ad914fab2111f2c5ad8413ac2e452a614177d2f2b1f24aca21df199052d509cc,2026-09-23T15:36:26.290547+00:00
2005-10-25T15:00:00+00:00,2005,GRIDSAT-B1.2005.10.25.15.v02r01.nc,data/interim/gridsat/2005/gridsat_2005.10.25.15.npz,477316,0d59a0f271613013f8f2ded18d3b7829a2b10eb02057b93fd139b310593e85fe,2026-09-23T15:36:27.696997+00:00,data/interim/gridsat/2005/gridsat_2005.10.25.15.nc,714192,163d63136b6825e6ee4f94e35faacbba850be09d3722572a321caf871777a8b0,2026-09-23T15:36:27.579143+00:00
2005-10-25T18:00:00+00:00,2005,GRIDSAT-B1.2005.10.25.18.v02r01.nc,data/interim/gridsat/2005/gridsat_2005.10.25.18.npz,474228,3a81315455f296641e55f8c44fe3fe4e694a1370ffe41ada63ccc141798ee431,2026-09-23T15:36:50.356522+00:00,data/interim/gridsat/2005/gridsat_2005.10.25.18.nc,716937,899f83bf29b5ed8251402d92d16f958c7ef088964b19fcf2259ef3ccfe0c6bbd,2026-09-23T15:36:50.267653+00:00
2005-10-25T21:00:00+00:00,2005,GRIDSAT-B1.2005.10.25.21.v02r01.nc,data/interim/gridsat/2005/gridsat_2005.10.25.21.npz,480348,a395ff3f38e17ad5c6dde45c30815be3a4fee8005734683eaaf1a8bfb43c5ece,2026-09-23T15:36:24.718127+00:00,data/interim/gridsat/2005/gridsat_2005.10.25.21.nc,723316,998fe90e391193ef7a2795d36bd8a7ebf7ee3ea86c193cc30d6dc4f118af5977,2026-09-23T15:36:24.609074+00:00
2005-10-26T00:00:00+00:00,2005,GRIDSAT-B1.2005.10.26.00.v02r01.nc,data/interim/gridsat/2005/gridsat_2005.10.26.00.npz,484014,b3142d670969618bf164fa0805c59225b22e4c59c0848536e9623a3a61dad553,2026-09-23T15:37:20.941964+00:00,data/interim/gridsat/2005/gridsat_2005.10.26.00.nc,728693,63d776cc0f4c974c9d485dd3e02ad321b39f66c37138794b1cb167969b740f52,2026-09-23T15:37:20.828748+00:00
2005-10-26T03:00:00+00:00,2005,GRIDSAT-B1.2005.10.26.03.v02r01.nc,data/interim/gridsat/2005/gridsat_2005.10.26.03.npz,489184,97ea8de1fd02113a661e7527811833810bf437cd4030eb37b5a6da2f33a659fd,2026-09-23T15:37:44.619469+00:00,data/interim/gridsat/2005/gridsat_2005.10.26.03.nc,731882,6cf465c3f5b7c77e8f6b5ec8de9a0e3e535259329f1df7a92816622390d6a6e2,2026-09-23T15:37:44.536052+00:00
2005-10-26T06:00:00+00:00,2005,GRIDSAT-B1.2005.10.26.06.v02r01.nc,data/interim/gridsat/2005/gridsat_2005.10.26.06.npz,511671,0c5d49d854e2190b68e88ad03a697baea2d82579c3c0e6d534bb2f0d2aa8f346,2026-09-23T15:37:09.664052+00:00,data/interim/gridsat/2005/gridsat_2005.10.26.06.nc,751476,13419d7194fecf6ef5cbc1d166d7bae6ffea06d217aa111eff57419e3eea3bc7,2026-09-23T15:37:09.577130+00:00
2005-10-26T09:00:00+00:00,2005,GRIDSAT-B1.2005.10.26.09.v02r01.nc,data/interim/gridsat/2005/gridsat_2005.10.26.09.npz,529165,fba7ac7f82999ef6e2590238d81689d91c72b5877dc06ae51506eb736847d247,2026-09-23T15:37:29.861821+00:00,data/interim/gridsat/2005/gridsat_2005.10.26.09.nc,775779,43a73c46bd1868c6f0623c35d322bc7eed0acd236bfef92c56cee007a444b8d7,2026-09-23T15:37:29.766313+00:00
2005-10-26T12:00:00+00:00,2005,GRIDSAT-B1.2005.10.26.12.v02r01.nc,data/interim/gridsat/2005/gridsat_2005.10.26.12.npz,496866,fe2d03c2206e69b47da86a3077deeb4c8f56ecba134fabc4485728d6eecdc0f3,2026-09-23T15:38:11.408986+00:00,data/interim/gridsat/2005/gridsat_2005.10.26.12.nc,743415,04adc58736aadeae9cfc8d5eb2a0e4db7bb8006e58fd4a7d8001f15574612856,2026-09-23T15:38:11.320898+00:00
2005-10-26T15:00:00+00:00,2005,GRIDSAT-B1.2005.10.26.15.v02r01.nc,data/interim/gridsat/2005/gridsat_2005.10.26.15.npz,474221,c980db5dd742ce78445901aa30f3d7ad1a993097c40f5ea83bbdda5baa43efa2,2026-09-23T15:38:17.008367+00:00,data/interim/gridsat/2005/gridsat_2005.10.26.15.nc,714480,5228ed266ec6f3af3ed05163a287c3b186dd6768de7a50424a2011ba4281d208,2026-09-23T15:38:16.910574+00:00
2005-10-26T18:00:00+00:00,2005,GRIDSAT-B1.2005.10.26.18.v02r01.nc,data/interim/gridsat/2005/gridsat_2005.10.26.18.npz,476864,57cdcda696714223895dc14102cf270e1478f6912d6101cd57ee6e048ea24611,2026-09-23T15:38:06.558108+00:00,data/interim/gridsat/2005/gridsat_2005.10.26.18.nc,726790,7775bab9f4ef582f27cbb65c4d4e9c745adba38d734a447df6f6e7458a439f2b,2026-09-23T15:38:06.472114+00:00
2005-10-26T21:00:00+00:00,2005,GRIDSAT-B1.2005.10.26.21.v02r01.nc,data/interim/gridsat/2005/gridsat_2005.10.26.21.npz,491300,dbe0248e88d6f26b7f380f16c80c6837c8f52fa5cba68e8fb8e4a789b444d37d,2026-09-23T15:38:20.674558+00:00,data/interim/gridsat/2005/gridsat_2005.10.26.21.nc,745071,5af12ccff73e9f1c80105fc049bbd7c52b4aa0fef6e71a0569540f783d0c43e8,2026-09-23T15:38:20.559189+00:00
2005-10-27T00:00:00+00:00,2005,GRIDSAT-B1.2005.10.27.00.v02r01.nc,data/interim/gridsat/2005/gridsat_2005.10.27.00.npz,497187,b56a18c31b675295c4cd1700ced273cdf0b7426b604789c8b2f4a1b0c817f730,2026-09-23T15:39:04.600481+00:00,data/interim/gridsat/2005/gridsat_2005.10.27.00.nc,755375,322c12c1a77fbb106c7e3b8b30e5d17b91904db0438a841ade38d32897eb5a2a,2026-09-23T15:39:04.507718+00:00
2005-10-27T03:00:00+00:00,2005,GRIDSAT-B1.2005.10.27.03.v02r01.nc,data/interim/gridsat/2005/gridsat_2005.10.27.03.npz,496304,63547b42432c6cb5b2b25831c6f6813942c6ac0bcbae28a4840671e6af9dbf5e,2026-09-23T15:39:14.141947+00:00,data/interim/gridsat/2005/gridsat_2005.10.27.03.nc,753710,3e87322e196396c24285ef024af0e40f3ab7faad141b432821638d368a63d9b9,2026-09-23T15:39:14.026263+00:00
2005-11-19T12:00:00+00:00,2005,GRIDSAT-B1.2005.11.19.12.v02r01.nc,data/interim/gridsat/2005/gridsat_2005.11.19.12.npz,512061,9a640c44878219ecf2d7aa77e3f5b8620a9effb11b4bb3ade4547dfc592bd2cc,2026-09-23T15:38:44.394779+00:00,data/interim/gridsat/2005/gridsat_2005.11.19.12.nc,770056,dab1d7c2336eee4bb498b278ea7b53280c7fffd911d40f43fa9dcef56d4d8e18,2026-09-23T15:38:44.295798+00:00
2005-11-19T15:00:00+00:00,2005,GRIDSAT-B1.2005.11.19.15.v02r01.nc,data/interim/gridsat/2005/gridsat_2005.11.19.15.npz,494134,cad57971e962456e743aa36dfe7314b3e38fd42ef8bfd23238c0f08d050f6cab,2026-09-23T15:38:41.278476+00:00,data/interim/gridsat/2005/gridsat_2005.11.19.15.nc,747963,9616a1499726a8656b21a5740083a8fa5c8c560d34f868828d872807cc7264f2,2026-09-23T15:38:41.174122+00:00
2005-11-19T18:00:00+00:00,2005,GRIDSAT-B1.2005.11.19.18.v02r01.nc,data/interim/gridsat/2005/gridsat_2005.11.19.18.npz,486244,7a658f5e4377d13bf2bb08c21a4406f8d857c66ebdabc46e076621ee81cde8d7,2026-09-23T15:39:04.534934+00:00,data/interim/gridsat/2005/gridsat_2005.11.19.18.nc,740828,8a895b8dc178a0fff32fcb0a408a5881b89b95b338d2f44847d9fae472943c9b,2026-09-23T15:39:04.450829+00:00
2005-11-19T21:00:00+00:00,2005,GRIDSAT-B1.2005.11.19.21.v02r01.nc,data/interim/gridsat/2005/gridsat_2005.11.19.21.npz,484236,96799ff70e7c0ec7c87e8f8c08947a00eba46056ebeaab6d8988713da65cda69,2026-09-23T15:39:09.155484+00:00,data/interim/gridsat/2005/gridsat_2005.11.19.21.nc,737249,62fa2e830ce5382676e866edb6e2cae826849bee1668a405d97c677f71a9a425,2026-09-23T15:39:09.055759+00:00
2005-11-20T00:00:00+00:00,2005,GRIDSAT-B1.2005.11.20.00.v02r01.nc,data/interim/gridsat/2005/gridsat_2005.11.20.00.npz,484216,b2edb85569e549165dde74c9d18114510fe9b3a81dfe560be3965cfa24ce9701,2026-09-23T15:39:02.416904+00:00,data/interim/gridsat/2005/gridsat_2005.11.20.00.nc,743283,94d9be5e2505fb50dff4902995ac90f32cac3846da29aa8dbed3e5552f3d7e99,2026-09-23T15:39:02.318975+00:00
2005-11-20T03:00:00+00:00,2005,GRIDSAT-B1.2005.11.20.03.v02r01.nc,data/interim/gridsat/2005/gridsat_2005.11.20.03.npz,482065,e90ec7d418171ada28924d638ba3cfc19f98fa9ae451ea8e881a23fe7d6b89ca,2026-09-23T15:39:46.779030+00:00,data/interim/gridsat/2005/gridsat_2005.11.20.03.nc,737222,ef0fc09fac3e6c03e40389edfb2516c567fe41afedaf2ff9a18d952803f66019,2026-09-23T15:39:46.694064+00:00
2005-11-20T06:00:00+00:00,2005,GRIDSAT-B1.2005.11.20.06.v02r01.nc,data/interim/gridsat/2005/gridsat_2005.11.20.06.npz,511589,148afe9c401e604477d23494b29b94f4a2c7125b383c44c4140b017f8671f149,2026-09-23T15:39:32.958120+00:00,data/interim/gridsat/2005/gridsat_2005.11.20.06.nc,757409,dd9a46a5bd334f21404490259987f162d4ef990388f27948c496955a8a17c84d,2026-09-23T15:39:32.874807+00:00
2005-11-20T09:00:00+00:00,2005,GRIDSAT-B1.2005.11.20.09.v02r01.nc,data/interim/gridsat/2005/gridsat_2005.11.20.09.npz,529403,2a65b93c8e529f1a05cc53e8abb69e4ad21ddf331ce18e652c70f2c32461ff36,2026-09-23T15:39:45.729188+00:00,data/interim/gridsat/2005/gridsat_2005.11.20.09.nc,775760,6e9f039d6f3c783ce843eed69554b8ceb6d7af0fdd417383f586a441b1a81f75,2026-09-23T15:39:45.639303+00:00
2005-11-27T12:00:00+00:00,2005,GRIDSAT-B1.2005.11.27.12.v02r01.nc,data/interim/gridsat/2005/gridsat_2005.11.27.12.npz,497100,437be22ae720677fe6009c7727db61d47a4750b524383332393dca4d3ca906ca,2026-09-23T15:39:34.064446+00:00,data/interim/gridsat/2005/gridsat_2005.11.27.12.nc,770440,ad7f924904259be5636fca7d685e50482a055b91b6ecc82d65e025b07421d9bd,2026-09-23T15:39:33.979001+00:00
2005-11-27T15:00:00+00:00,2005,GRIDSAT-B1.2005.11.27.15.v02r01.nc,data/interim/gridsat/2005/gridsat_2005.11.27.15.npz,476463,32966ac0a82358ac3a5be3d1cd3459a3dac727885f2d2179207d4e1f51c2fbe4,2026-09-23T15:39:47.404590+00:00,data/interim/gridsat/2005/gridsat_2005.11.27.15.nc,748327,761a7f1939c6c1df91b8b17dfbf021ae9d84e03d1e1da450529eb2c63af50dc8,2026-09-23T15:39:47.319057+00:00
2005-11-27T18:00:00+00:00,2005,GRIDSAT-B1.2005.11.27.18.v02r01.nc,data/interim/gridsat/2005/gridsat_2005.11.27.18.npz,486587,8570570e3643f25c2ee7a462dacfbe140ffd70bbb393bd9b8bc3f9139e162756,2026-09-23T15:39:54.887615+00:00,data/interim/gridsat/2005/gridsat_2005.11.27.18.nc,760596,f2165df361cfec813d1a473ec81a81b6d8ddc8b8c9883c55569959e74743a018,2026-09-23T15:39:54.768849+00:00
2005-11-27T21:00:00+00:00,2005,GRIDSAT-B1.2005.11.27.21.v02r01.nc,data/interim/gridsat/2005/gridsat_2005.11.27.21.npz,492302,1a7d4ff0b96f7c55ca4ccc76742c6fb3acdf4e6a1e00cc0e1de926c97096d3c5,2026-09-23T15:40:40.665486+00:00,data/interim/gridsat/2005/gridsat_2005.11.27.21.nc,769568,f5add9b12bfd8a4f3cb9589ea5def050103f5d9952145a839ae6b2b95749eef3,2026-09-23T15:40:40.556375+00:00
2005-11-28T00:00:00+00:00,2005,GRIDSAT-B1.2005.11.28.00.v02r01.nc,data/interim/gridsat/2005/gridsat_2005.11.28.00.npz,492463,a590f44890b481931c4cd26608615fa3c48237e4a79b95b947962405b1e8ddcc,2026-09-23T15:40:58.060986+00:00,data/interim/gridsat/2005/gridsat_2005.11.28.00.nc,768102,ef7dbc07ec3a472abb6418b74f10cf3a8ecf8fe9aaa3afa617a168b8c38385d7,2026-09-23T15:40:57.976363+00:00
2005-11-28T03:00:00+00:00,2005,GRIDSAT-B1.2005.11.28.03.v02r01.nc,data/interim/gridsat/2005/gridsat_2005.11.28.03.npz,490852,16ee25e639db8ce24c1e1ec5d2ad9babbc6293a520aa94658c8c4951d50fbeb9,2026-09-23T15:40:08.855817+00:00,data/interim/gridsat/2005/gridsat_2005.11.28.03.nc,762416,1a7d1ddd57e7c9ff660eadd6ca7b5d1f675dc9424829e6bb6b2dd53f4d4e2321,2026-09-23T15:40:08.728831+00:00
2005-11-28T06:00:00+00:00,2005,GRIDSAT-B1.2005.11.28.06.v02r01.nc,data/interim/gridsat/2005/gridsat_2005.11.28.06.npz,505076,aa36c1f34c8b81ce8ced60cb2ff68355934c3c286ae81b46fb36b1a27e6f0f5b,2026-09-23T15:40:56.679058+00:00,data/interim/gridsat/2005/gridsat_2005.11.28.06.nc,769274,f3b0f5b7c3ebb65ddfb033a10127d7a2cf3cf22c86b054c65452f345968d9ef8,2026-09-23T15:40:56.594139+00:00
2005-11-28T09:00:00+00:00,2005,GRIDSAT-B1.2005.11.28.09.v02r01.nc,data/interim/gridsat/2005/gridsat_2005.11.28.09.npz,527413,f71a66c42fcefa9eca95de7cdbfab1d874eab55007e823ce89e9efb9f59d2438,2026-09-23T15:40:35.225265+00:00,data/interim/gridsat/2005/gridsat_2005.11.28.09.nc,795210,478d22fa8bb5d4cc79f98e6c5731c46873b8cf1410a8df14d89f861d6658d418,2026-09-23T15:40:35.112220+00:00
2005-11-28T12:00:00+00:00,2005,GRIDSAT-B1.2005.11.28.12.v02r01.nc,data/interim/gridsat/2005/gridsat_2005.11.28.12.npz,503271,af85faa5fc46a30350409175c3e0a7fb806f15bc23b6a8c99c844080508d4936,2026-09-23T15:40:56.735047+00:00,data/interim/gridsat/2005/gridsat_2005.11.28.12.nc,776932,ccdb628d5a9d7a334dcfdb1491cc0a56e5a80181ee6d1e13997091f5c9b853c2,2026-09-23T15:40:56.652798+00:00
2005-11-28T15:00:00+00:00,2005,GRIDSAT-B1.2005.11.28.15.v02r01.nc,data/interim/gridsat/2005/gridsat_2005.11.28.15.npz,483856,4b169292be22f5377c8667aa093f6f196b347b48419d229afc344e0d8325b3cb,2026-09-23T15:40:24.677095+00:00,data/interim/gridsat/2005/gridsat_2005.11.28.15.nc,756688,7e5ac5adeb29db5cb41db49c8f41913a57676a71e35fe48192f41f7918f882c4,2026-09-23T15:40:24.569776+00:00
2005-11-28T18:00:00+00:00,2005,GRIDSAT-B1.2005.11.28.18.v02r01.nc,data/interim/gridsat/2005/gridsat_2005.11.28.18.npz,486887,f480b2ee71b950e4093368e00455a656055b80e0da6783936f95d58af5e8d96d,2026-09-23T15:40:40.447852+00:00,data/interim/gridsat/2005/gridsat_2005.11.28.18.nc,760680,b12ff8ee985ea90f4265a435d5c5d017b0db355aee2917ad7bab2bc4774c1cd9,2026-09-23T15:40:40.361838+00:00
2005-11-28T21:00:00+00:00,2005,GRIDSAT-B1.2005.11.28.21.v02r01.nc,data/interim/gridsat/2005/gridsat_2005.11.28.21.npz,495632,ff2c56ddae3db003b25da3bd858d130801fab4048c6e870945c0b4bcb6c25d07,2026-09-23T15:41:57.497485+00:00,data/interim/gridsat/2005/gridsat_2005.11.28.21.nc,765821,39444d710033d767bfb9581d75fea64828907df9acc4c8d0dcda277847030baf,2026-09-23T15:41:57.393334+00:00
2005-11-29T00:00:00+00:00,2005,GRIDSAT-B1.2005.11.29.00.v02r01.nc,data/interim/gridsat/2005/gridsat_2005.11.29.00.npz,497577,854db7f9dccd681283264b2c6db5378a4dceeded1f719de0e515debcc8f0fb25,2026-09-23T15:40:58.007712+00:00,data/interim/gridsat/2005/gridsat_2005.11.29.00.nc,767854,8513b0bbd8b4f860780d61ed9f9a1e0a7efcf2c1c49283a6beb5a8377e89e4a4,2026-09-23T15:40:57.913999+00:00
2005-11-29T03:00:00+00:00,2005,GRIDSAT-B1.2005.11.29.03.v02r01.nc,data/interim/gridsat/2005/gridsat_2005.11.29.03.npz,499465,c8c37e52e637a17c22023e8569dbae601c510a022df133fec09b181d3a850a9a,2026-09-23T15:41:22.854592+00:00,data/interim/gridsat/2005/gridsat_2005.11.29.03.nc,767951,59f6fa68b1544236948bcb50cb9ea648c185272b68a46a9e573654e75aaee53f,2026-09-23T15:41:22.711724+00:00
2005-11-29T06:00:00+00:00,2005,GRIDSAT-B1.2005.11.29.06.v02r01.nc,data/interim/gridsat/2005/gridsat_2005.11.29.06.npz,514874,ebec6a750ff456590e400b0b7b1fe84d7bc8f2e73059db0685eeacd85e2abe93,2026-09-23T15:41:56.100669+00:00,data/interim/gridsat/2005/gridsat_2005.11.29.06.nc,779873,ae40ab3f4615baf6911a5ef20cde8997f7cedbd92fce167a561e5441919fa7c6,2026-09-23T15:41:56.005785+00:00
2005-11-29T09:00:00+00:00,2005,GRIDSAT-B1.2005.11.29.09.v02r01.nc,data/interim/gridsat/2005/gridsat_2005.11.29.09.npz,536611,2a89e5c05e9e3a5e721d81ddcfc79e34b2df14706de1c459b79959bc2faea4f7,2026-09-23T15:41:08.969789+00:00,data/interim/gridsat/2005/gridsat_2005.11.29.09.nc,805042,cb32905a203264426b6846d4e4a28fa21be682d9a7cd7c0e4ac9a04c2e891be1,2026-09-23T15:41:08.885020+00:00
2005-11-29T12:00:00+00:00,2005,GRIDSAT-B1.2005.11.29.12.v02r01.nc,data/interim/gridsat/2005/gridsat_2005.11.29.12.npz,509326,3de321f28e930d20e5d09fe8c2263e3370d8ff67166b8d566fd44b754cecb1a3,2026-09-23T15:42:08.172009+00:00,data/interim/gridsat/2005/gridsat_2005.11.29.12.nc,780165,ec965c11aec87f87c731d05933e2d9b7eb19ff8d3637a427978dad001827aea5,2026-09-23T15:42:08.080713+00:00
2005-11-29T15:00:00+00:00,2005,GRIDSAT-B1.2005.11.29.15.v02r01.nc,data/interim/gridsat/2005/gridsat_2005.11.29.15.npz,492616,84871765cf8f806ffd7483d57290561f02c7c2a99dc2fcdf4b624dd54e381264,2026-09-23T15:42:25.336274+00:00,data/interim/gridsat/2005/gridsat_2005.11.29.15.nc,753531,30da84c215aed95d2177ef7dd196e99ac1e117a61d30ae269a22d3c132c032cb,2026-09-23T15:42:25.219365+00:00
2005-11-29T18:00:00+00:00,2005,GRIDSAT-B1.2005.11.29.18.v02r01.nc,data/interim/gridsat/2005/gridsat_2005.11.29.18.npz,496146,f93b0bee56e0dce6c6079ff7e9ecdfd687d04aea756101acc7b16c56d91bbaef,2026-09-23T15:41:29.824361+00:00,data/interim/gridsat/2005/gridsat_2005.11.29.18.nc,763260,46f41d2a4108c4fd5332e0c8a82dce9674ab68561e166368355debc27624bc0e,2026-09-23T15:41:29.736850+00:00
2005-11-29T21:00:00+00:00,2005,GRIDSAT-B1.2005.11.29.21.v02r01.nc,data/interim/gridsat/2005/gridsat_2005.11.29.21.npz,502516,8761078433040be39f05f30f2980da256923e143bfe20ddfa2d3ef3f47b708bf,2026-09-23T15:42:44.887120+00:00,data/interim/gridsat/2005/gridsat_2005.11.29.21.nc,775020,e97834ef6c94d47a17bd153cfc46dfe77d2f697d8a9750e257dfb7d81b4e7962,2026-09-23T15:42:44.651436+00:00
2005-11-30T00:00:00+00:00,2005,GRIDSAT-B1.2005.11.30.00.v02r01.nc,data/interim/gridsat/2005/gridsat_2005.11.30.00.npz,497078,c8f5fd00af7d919b1c66a8851541f0a4de9d4cf5aebb72e78d9efdac25f1f5ab,2026-09-23T15:41:43.727119+00:00,data/interim/gridsat/2005/gridsat_2005.11.30.00.nc,765837,29a3b23afabff8f527732af1f2110cc95bf59037a90e723fd3098dea7f915a4f,2026-09-23T15:41:43.612291+00:00
2005-11-30T03:00:00+00:00,2005,GRIDSAT-B1.2005.11.30.03.v02r01.nc,data/interim/gridsat/2005/gridsat_2005.11.30.03.npz,487220,cd1af11b0718d0ebdff7daad6e220728b05ba3df7a99875438965e58728addd8,2026-09-23T15:43:09.613088+00:00,data/interim/gridsat/2005/gridsat_2005.11.30.03.nc,747963,0fd3de5499fcb545f74a288029a995174d08da7112d1ba44f564c7bf35283a7b,2026-09-23T15:43:09.448399+00:00
2005-12-05T12:00:00+00:00,2005,GRIDSAT-B1.2005.12.05.12.v02r01.nc,data/interim/gridsat/2005/gridsat_2005.12.05.12.npz,489189,dbd35003f199461bac21728cc694df73fca0f3ae9a8de4872895478cbb44fa9c,2026-09-23T15:42:48.755065+00:00,data/interim/gridsat/2005/gridsat_2005.12.05.12.nc,748690,e75e13c57b3dc2cd19d64dab81a558268b35e1caf6ae5c946d9f783c3261c4cc,2026-09-23T15:42:48.588781+00:00
2005-12-05T15:00:00+00:00,2005,GRIDSAT-B1.2005.12.05.15.v02r01.nc,data/interim/gridsat/2005/gridsat_2005.12.05.15.npz,481910,1eed71fd97585935a5660cccb4cc30fafcecc2922dc5597766cd02418a050414,2026-09-23T15:43:08.951842+00:00,data/interim/gridsat/2005/gridsat_2005.12.05.15.nc,742564,d789e23564fa3e31714b5881149e180437ba9e0b3111b1b5db525ec4403eb231,2026-09-23T15:43:08.774047+00:00
2005-12-05T18:00:00+00:00,2005,GRIDSAT-B1.2005.12.05.18.v02r01.nc,data/interim/gridsat/2005/gridsat_2005.12.05.18.npz,487882,ae8d74ad18e21c20771d81299e1fc928ada379953e7a5c3d897af84bea32cc24,2026-09-23T15:43:55.754885+00:00,data/interim/gridsat/2005/gridsat_2005.12.05.18.nc,748366,86a93e0f5b39c562975052169671550c18c498778fceacea872e8f2edcef855b,2026-09-23T15:43:55.542123+00:00
2005-12-05T21:00:00+00:00,2005,GRIDSAT-B1.2005.12.05.21.v02r01.nc,data/interim/gridsat/2005/gridsat_2005.12.05.21.npz,492911,752845664f8fccde9205472f7c934a71cccfdf6ad14919315a4fbc8775145bf8,2026-09-23T15:43:09.750879+00:00,data/interim/gridsat/2005/gridsat_2005.12.05.21.nc,754602,7106d8951f55904ec76fc55e869ff1bf6e223c296a4d02c7997ef2b780602a6b,2026-09-23T15:43:09.571546+00:00
2005-12-06T00:00:00+00:00,2005,GRIDSAT-B1.2005.12.06.00.v02r01.nc,data/interim/gridsat/2005/gridsat_2005.12.06.00.npz,491765,c1dc12ebc6cb5e67066b7b856bace1c2153c3602e5e2ef36ca747938611a1de1,2026-09-23T15:44:14.544102+00:00,data/interim/gridsat/2005/gridsat_2005.12.06.00.nc,752527,5d6f6b13e46e7fa6825978472223201b2df3c0c758e302560d1ec449c22b1948,2026-09-23T15:44:14.313717+00:00
2005-12-06T03:00:00+00:00,2005,GRIDSAT-B1.2005.12.06.03.v02r01.nc,data/interim/gridsat/2005/gridsat_2005.12.06.03.npz,483769,ff36032204f054935800b0899314f68864cd1947c75902a763e8dd4e1baeda39,2026-09-23T15:43:19.908382+00:00,data/interim/gridsat/2005/gridsat_2005.12.06.03.nc,738482,636195abe82ac566d4b7b89cab9cdebde498b74deb090a2a958e5de793dfbbf5,2026-09-23T15:43:19.701064+00:00
2005-12-06T06:00:00+00:00,2005,GRIDSAT-B1.2005.12.06.06.v02r01.nc,data/interim/gridsat/2005/gridsat_2005.12.06.06.npz,495715,c4b84974d384c889a1765d545480e4385e73aeb8639e2080676399b9374609c6,2026-09-23T15:44:15.850762+00:00,data/interim/gridsat/2005/gridsat_2005.12.06.06.nc,742099,b2bc1f24a088c31bea589385b6d34cd0aa2c5d87495a67c1afd605a47d836e55,2026-09-23T15:44:15.621131+00:00
2005-12-06T09:00:00+00:00,2005,GRIDSAT-B1.2005.12.06.09.v02r01.nc,data/interim/gridsat/2005/gridsat_2005.12.06.09.npz,515678,d4f357457119a9aea57fe1033bd08d240bc2deba0237a2e70e8c9e4de72a9640,2026-09-23T15:44:52.939242+00:00,data/interim/gridsat/2005/gridsat_2005.12.06.09.nc,761517,cdf049776b82ab4539264f0d1347d4c5ee55116e048dfbe4a107ba267ecb79f6,2026-09-23T15:44:52.758278+00:00
2005-12-06T12:00:00+00:00,2005,GRIDSAT-B1.2005.12.06.12.v02r01.nc,data/interim/gridsat/2005/gridsat_2005.12.06.12.npz,492428,fba66e7f9da1118852952f1b0a35efbe491527767504adebaa1b354dbea77912,2026-09-23T15:43:49.639241+00:00,data/interim/gridsat/2005/gridsat_2005.12.06.12.nc,743914,703dbb2e0bedba6ea375cc3870bccbf403d52e52c100c6440d3b5d6a5d24b692,2026-09-23T15:43:49.451160+00:00
2005-12-06T15:00:00+00:00,2005,GRIDSAT-B1.2005.12.06.15.v02r01.nc,data/interim/gridsat/2005/gridsat_2005.12.06.15.npz,481321,507f5e173fa9d9dd79d870a591ae341bde95eb97fe550e0b8f872522a70dbeed,2026-09-23T15:44:29.682904+00:00,data/interim/gridsat/2005/gridsat_2005.12.06.15.nc,738997,b3ed0ab50b8ba5138ee96e277b5e7679218f20756757010a4d2bbfaa74cb1da5,2026-09-23T15:44:29.454776+00:00
2005-12-06T18:00:00+00:00,2005,GRIDSAT-B1.2005.12.06.18.v02r01.nc,data/interim/gridsat/2005/gridsat_2005.12.06.18.npz,485432,f78c5ecc19c9ca8d6fc86bbc4e9e135bf95cf27265ddb5d16342bf378aa9fb11,2026-09-23T15:44:42.227881+00:00,data/interim/gridsat/2005/gridsat_2005.12.06.18.nc,746424,915e0158f6adbbd030360f0f5b7d0586aee8109d444d453dde2a1b68f4a565a0,2026-09-23T15:44:41.994964+00:00
2005-12-06T21:00:00+00:00,2005,GRIDSAT-B1.2005.12.06.21.v02r01.nc,data/interim/gridsat/2005/gridsat_2005.12.06.21.npz,484631,579d402503781a87d99ba8f53311b1ac601e6a772ddac03e14a9b014f82751d3,2026-09-23T15:45:35.127294+00:00,data/interim/gridsat/2005/gridsat_2005.12.06.21.nc,749713,a1b8fb83722ec27cdd7eec9f3754f3519d7d33417a9bc254255048efa448bc24,2026-09-23T15:45:35.038761+00:00
2005-12-07T00:00:00+00:00,2005,GRIDSAT-B1.2005.12.07.00.v02r01.nc,data/interim/gridsat/2005/gridsat_2005.12.07.00.npz,486553,23758e5dd6120fce949bdbce4d095eda2b288c40c00ec685e99bf08fd63b7b10,2026-09-23T15:46:07.210187+00:00,data/interim/gridsat/2005/gridsat_2005.12.07.00.nc,754329,dee7a6ab3b48fbcfd16a579b3365b3530f60fcd5ef0d5419c12ef36b5462e2a9,2026-09-23T15:46:07.002802+00:00
2005-12-07T03:00:00+00:00,2005,GRIDSAT-B1.2005.12.07.03.v02r01.nc,data/interim/gridsat/2005/gridsat_2005.12.07.03.npz,485964,bbd418a0ce41605a7897db5198728315fdaf8e2ca9aa00ce8ded575a44297289,2026-09-23T15:46:24.331021+00:00,data/interim/gridsat/2005/gridsat_2005.12.07.03.nc,748808,d0984b617709010d1e367c7c404909b489d2562eef059cd7f72b99245f3e2e6e,2026-09-23T15:46:24.203243+00:00
2005-12-07T06:00:00+00:00,2005,GRIDSAT-B1.2005.12.07.06.v02r01.nc,data/interim/gridsat/2005/gridsat_2005.12.07.06.npz,509869,505be138637414c2bf5d9f6f7755f465867dfbaf70284664d685fb97e08a8857,2026-09-23T15:45:28.980344+00:00,data/interim/gridsat/2005/gridsat_2005.12.07.06.nc,767162,460fa7b0b3e05ad86cc5cc1495a0a684b1472df87f1bb903267d7d2a6d4de5e1,2026-09-23T15:45:28.879269+00:00
2005-12-07T09:00:00+00:00,2005,GRIDSAT-B1.2005.12.07.09.v02r01.nc,data/interim/gridsat/2005/gridsat_2005.12.07.09.npz,526680,eed7120b35c8282f4e7c8fb510efc83ab952e4496762163cd51f0d2ed3d0e9bf,2026-09-23T15:45:16.565079+00:00,data/interim/gridsat/2005/gridsat_2005.12.07.09.nc,786868,f9ff32765e1c3ad25208aa254bedf0dd0781ac99c7be21466634a1a9f1a2ed64,2026-09-23T15:45:16.392967+00:00
2005-12-07T12:00:00+00:00,2005,GRIDSAT-B1.2005.12.07.12.v02r01.nc,data/interim/gridsat/2005/gridsat_2005.12.07.12.npz,495742,08f9caa8106b2bfa60cd43b537bfd71d377e18dac117ce997da80294d4c7b9dd,2026-09-23T15:46:17.684980+00:00,data/interim/gridsat/2005/gridsat_2005.12.07.12.nc,757342,1fa36094599fd85db80635803b3dfb0646506b8dce8ce006a2448f5d6ec5cadb,2026-09-23T15:46:17.529210+00:00
2005-12-07T15:00:00+00:00,2005,GRIDSAT-B1.2005.12.07.15.v02r01.nc,data/interim/gridsat/2005/gridsat_2005.12.07.15.npz,482371,8c15a22bb11969278e026b9708956b338ae995c58e046fb3eedc909ddc03ece3,2026-09-23T15:45:29.974272+00:00,data/interim/gridsat/2005/gridsat_2005.12.07.15.nc,747346,a370df42be67d51fe946a134bd42d23ed78d438d66fb2181348d35e690e16361,2026-09-23T15:45:29.779044+00:00
2005-12-07T18:00:00+00:00,2005,GRIDSAT-B1.2005.12.07.18.v02r01.nc,data/interim/gridsat/2005/gridsat_2005.12.07.18.npz,484394,9d5ff7f51763926c1e619c32b37a5e8926ba1a96f8eb8e5bf6236425da0b4034,2026-09-23T15:46:22.758341+00:00,data/interim/gridsat/2005/gridsat_2005.12.07.18.nc,750119,43813c326800a262570b7f6bb29e1dabce64143e28ca710bd5dd0cd1eb2104ab,2026-09-23T15:46:22.676400+00:00
2005-12-07T21:00:00+00:00,2005,GRIDSAT-B1.2005.12.07.21.v02r01.nc,data/interim/gridsat/2005/gridsat_2005.12.07.21.npz,485580,56e13205a8d662f0c215c823b4d92c9733119228c848ed36e2d82b77680f2470,2026-09-23T15:45:47.256458+00:00,data/interim/gridsat/2005/gridsat_2005.12.07.21.nc,754572,bf5b1fe43ccc15e383d6da2a2cc04b633ab7095cb193644509b51198ece696a6,2026-09-23T15:45:47.017496+00:00
2005-12-14T21:00:00+00:00,2005,GRIDSAT-B1.2005.12.14.21.v02r01.nc,data/interim/gridsat/2005/gridsat_2005.12.14.21.npz,497693,1e85ee83d4ce25b6b5a758e75a96d5ee3e72700b01df216a10c72e91f13c7e09,2026-09-23T15:46:12.966385+00:00,data/interim/gridsat/2005/gridsat_2005.12.14.21.nc,753703,949e9c88eb46c34ab2f23544b66ff13c4278a13b0c43cfb7038cf4a131285f27,2026-09-23T15:46:12.793515+00:00
2005-12-15T00:00:00+00:00,2005,GRIDSAT-B1.2005.12.15.00.v02r01.nc,data/interim/gridsat/2005/gridsat_2005.12.15.00.npz,499204,d81b4a2205c67942dae9090855c319de87c735779ea46f73eb665cf299912093,2026-09-23T15:45:57.695349+00:00,data/interim/gridsat/2005/gridsat_2005.12.15.00.nc,754598,ef6d904003a36d82fad5e837aecd558d26f379f909d35a1d6b69f281b77a291c,2026-09-23T15:45:57.453685+00:00
2005-12-15T03:00:00+00:00,2005,GRIDSAT-B1.2005.12.15.03.v02r01.nc,data/interim/gridsat/2005/gridsat_2005.12.15.03.npz,497931,e7abe0961694e9e69dbed0dfcdb71d50f68cf28be6b7d22da6103f01eac9bde7,2026-09-23T15:46:22.375293+00:00,data/interim/gridsat/2005/gridsat_2005.12.15.03.nc,750818,6492950c74f780f5c2eafe174c1ad49358ec1cf9b0142d64d1a77225e931aeee,2026-09-23T15:46:22.288860+00:00
2005-12-15T06:00:00+00:00,2005,GRIDSAT-B1.2005.12.15.06.v02r01.nc,data/interim/gridsat/2005/gridsat_2005.12.15.06.npz,513725,a8da6963470b22f8357d9077a225c9e91d787bf8e1f3487ea2f3aeb478b365a6,2026-09-23T15:46:28.961780+00:00,data/interim/gridsat/2005/gridsat_2005.12.15.06.nc,764996,ad8d6862c44f3cb450052a6d39838095c49688b30b05cb300d220b78b6498848,2026-09-23T15:46:28.746924+00:00
2005-12-15T09:00:00+00:00,2005,GRIDSAT-B1.2005.12.15.09.v02r01.nc,data/interim/gridsat/2005/gridsat_2005.12.15.09.npz,536844,8a12e470e783cef0d1c5083c8ac14aa7c86a9242e1ff56560d10440bab6c6635,2026-09-23T15:46:59.555409+00:00,data/interim/gridsat/2005/gridsat_2005.12.15.09.nc,790058,7ae1831d4fbebeb269261c55f89ab962e98422b71f057a5389693c20f87e219c,2026-09-23T15:46:59.345258+00:00
2005-12-15T12:00:00+00:00,2005,GRIDSAT-B1.2005.12.15.12.v02r01.nc,data/interim/gridsat/2005/gridsat_2005.12.15.12.npz,514810,4f6477a9d23ad80601657903e8e5c29eddd2704292cdaa3c7ad13559b0bf2722,2026-09-23T15:47:21.400589+00:00,data/interim/gridsat/2005/gridsat_2005.12.15.12.nc,770647,c1da00386254f9420c120c9f4829a47babbd88e0922afe63d1d25682c4d28416,2026-09-23T15:47:21.203945+00:00
2005-12-15T15:00:00+00:00,2005,GRIDSAT-B1.2005.12.15.15.v02r01.nc,data/interim/gridsat/2005/gridsat_2005.12.15.15.npz,505943,59b776a641a0b9142152b67428c73913befeea0e0797db323f7891969b00a31d,2026-09-23T15:46:36.248481+00:00,data/interim/gridsat/2005/gridsat_2005.12.15.15.nc,763307,834e14d361d309af49317911e2a56edd39f5a4d9706bcdbc162e7bb3742f25dd,2026-09-23T15:46:36.065198+00:00
2005-12-15T18:00:00+00:00,2005,GRIDSAT-B1.2005.12.15.18.v02r01.nc,data/interim/gridsat/2005/gridsat_2005.12.15.18.npz,515765,0a233193231fab5bbff984c2191d0967b2f7ddc6219f86e9094c6384e1ac7020,2026-09-23T15:47:26.192656+00:00,data/interim/gridsat/2005/gridsat_2005.12.15.18.nc,774925,96b5c73cddc7e57250ef7fa2211a08aae3902fb4224349eb3cdeeb1f513df319,2026-09-23T15:47:26.026339+00:00
2005-12-15T21:00:00+00:00,2005,GRIDSAT-B1.2005.12.15.21.v02r01.nc,data/interim/gridsat/2005/gridsat_2005.12.15.21.npz,527542,ce292c3f2df93bd31970546ca5374e80399ca64ca74eac290164c79b95f86eef,2026-09-23T15:47:22.166091+00:00,data/interim/gridsat/2005/gridsat_2005.12.15.21.nc,788883,d3160d53299f9a621279f0781dbb6132e29824204a588c3957614ace977da580,2026-09-23T15:47:21.978620+00:00
2005-12-16T00:00:00+00:00,2005,GRIDSAT-B1.2005.12.16.00.v02r01.nc,data/interim/gridsat/2005/gridsat_2005.12.16.00.npz,526956,13294071f9254f6f554abfe5455ec465f39ba8b227cbabce44a350903c6f670f,2026-09-23T15:46:50.647772+00:00,data/interim/gridsat/2005/gridsat_2005.12.16.00.nc,786914,b9974c6d2a462da18dae927373f6f046dbac2911490e7ba9359f405ea578f800,2026-09-23T15:46:50.414763+00:00
2005-12-16T03:00:00+00:00,2005,GRIDSAT-B1.2005.12.16.03.v02r01.nc,data/interim/gridsat/2005/gridsat_2005.12.16.03.npz,515478,f751db0e22876e3e564e3871d9f5813962a8402b0f45f9bb854cb7e34346be3c,2026-09-23T15:47:15.047617+00:00,data/interim/gridsat/2005/gridsat_2005.12.16.03.nc,770795,feaccace19ab10e287f56b3e29ebf3232c32e60674e3b668c9e1beb1de228057,2026-09-23T15:47:14.844432+00:00
2005-12-16T06:00:00+00:00,2005,GRIDSAT-B1.2005.12.16.06.v02r01.nc,data/interim/gridsat/2005/gridsat_2005.12.16.06.npz,523722,705b0e9a5ef1e15ca15b7b006e6763f4caec5690241542c9e789d1f7d7716cbb,2026-09-23T15:47:17.580463+00:00,data/interim/gridsat/2005/gridsat_2005.12.16.06.nc,768626,5853f2db98745bc9c97d3b21dfbeb71f0740fe4281d257de5249eb0bb4919d10,2026-09-23T15:47:17.420469+00:00
2005-12-16T09:00:00+00:00,2005,GRIDSAT-B1.2005.12.16.09.v02r01.nc,data/interim/gridsat/2005/gridsat_2005.12.16.09.npz,540120,5c9dd02afe63b32e2415bd8ced54401a5b59e0fe9706100023c6b10e332f859d,2026-09-23T15:47:32.359219+00:00,data/interim/gridsat/2005/gridsat_2005.12.16.09.nc,783098,2b7674bc15b5f9b13caaef65d1a15f20e54341f7de9def063b40f6be81410f38,2026-09-23T15:47:32.256993+00:00
2005-12-16T12:00:00+00:00,2005,GRIDSAT-B1.2005.12.16.12.v02r01.nc,data/interim/gridsat/2005/gridsat_2005.12.16.12.npz,509920,cac3ca34edfe8ab9741b5acb154b4afb03b03198ab609f3d3531f30c6855bdc6,2026-09-23T15:47:37.785124+00:00,data/interim/gridsat/2005/gridsat_2005.12.16.12.nc,756617,25a6cb91f18ad58831f236e8cd0f3af9ced33f3f4958d744762ebe4e96e499df,2026-09-23T15:47:37.542516+00:00
2005-12-16T15:00:00+00:00,2005,GRIDSAT-B1.2005.12.16.15.v02r01.nc,data/interim/gridsat/2005/gridsat_2005.12.16.15.npz,493222,6b20b1d420b1eec34a70d79e0414fa5748efcc123b588b2074fdd12e061487ab,2026-09-23T15:47:58.818227+00:00,data/interim/gridsat/2005/gridsat_2005.12.16.15.nc,740337,2c32ef5da103256308764ec99c9be0333f9d6bf450d29b893069805b30423c51,2026-09-23T15:47:58.626376+00:00
2005-12-16T18:00:00+00:00,2005,GRIDSAT-B1.2005.12.16.18.v02r01.nc,data/interim/gridsat/2005/gridsat_2005.12.16.18.npz,494713,632ee3ad33ea8549a9297349d228072bc9396db9f499aedb6a546ea0d72e9630,2026-09-23T15:48:49.585104+00:00,data/interim/gridsat/2005/gridsat_2005.12.16.18.nc,743008,a661788ec67ad60c1108e32be7e7c771bf7323343a714cdd9632be17af018ec8,2026-09-23T15:48:49.380592+00:00
2005-12-16T21:00:00+00:00,2005,GRIDSAT-B1.2005.12.16.21.v02r01.nc,data/interim/gridsat/2005/gridsat_2005.12.16.21.npz,496313,c95d534d15f295fae6ecd49b0df7128389261c9c31f0e8e315186373e61295bb,2026-09-23T15:48:08.027678+00:00,data/interim/gridsat/2005/gridsat_2005.12.16.21.nc,749027,ee0574eea97aabe6491e86104a5457174e43e5105b26646c6bd6b2c1cc7f8499,2026-09-23T15:48:07.830327+00:00
2005-12-17T00:00:00+00:00,2005,GRIDSAT-B1.2005.12.17.00.v02r01.nc,data/interim/gridsat/2005/gridsat_2005.12.17.00.npz,494773,183bb5b8e68dcf782164d3fd27af38422d44b9d2dfe4b785d3b93dcffb986a62,2026-09-23T15:48:12.747868+00:00,data/interim/gridsat/2005/gridsat_2005.12.17.00.nc,746223,c6fa4078f79c1b62cd275cd79d82e86f90a4eba4d2a94bd9b05e31a13ba811e9,2026-09-23T15:48:12.519402+00:00
2005-12-17T03:00:00+00:00,2005,GRIDSAT-B1.2005.12.17.03.v02r01.nc,data/interim/gridsat/2005/gridsat_2005.12.17.03.npz,493601,ed14e48c0356e13c72c02ef45cb74e995850a429521103465e26f763c067afbe,2026-09-23T15:48:52.296499+00:00,data/interim/gridsat/2005/gridsat_2005.12.17.03.nc,741323,5cb6540c6cffaef7b2658e56466b81275c791deab373147930d2caf3bd64179d,2026-09-23T15:48:52.149209+00:00
2005-12-17T06:00:00+00:00,2005,GRIDSAT-B1.2005.12.17.06.v02r01.nc,data/interim/gridsat/2005/gridsat_2005.12.17.06.npz,505398,09ece4e9602b01d2429a53f33671ff5c9c4ba46a6f8de19762dccd43b2b3f55e,2026-09-23T15:47:57.327791+00:00,data/interim/gridsat/2005/gridsat_2005.12.17.06.nc,748209,f1af3a3f68c2259fb9b1f2fe012c669e0a55a0af2a0aa06f8d684a2b2004f38d,2026-09-23T15:47:57.106852+00:00
2005-12-17T09:00:00+00:00,2005,GRIDSAT-B1.2005.12.17.09.v02r01.nc,data/interim/gridsat/2005/gridsat_2005.12.17.09.npz,525210,9b18d99cae8df53703b75a1f0e8f839d25c476380f2fc98f29f1f68574063616,2026-09-23T15:48:09.815364+00:00,data/interim/gridsat/2005/gridsat_2005.12.17.09.nc,771262,aa6543aaa1ffe30ce6b8d99642859ff6efbd79a92acdc0a179c5b1607caae1c7,2026-09-23T15:48:09.596393+00:00
2005-12-17T12:00:00+00:00,2005,GRIDSAT-B1.2005.12.17.12.v02r01.nc,data/interim/gridsat/2005/gridsat_2005.12.17.12.npz,499269,db48d664088cb2cb20d01f042175a1771d71f8c2668ec2508a37feb5318553e2,2026-09-23T15:49:19.841507+00:00,data/interim/gridsat/2005/gridsat_2005.12.17.12.nc,746898,2b81b0115b17373c8aef2ddd046df7dda712304737b72cd666a318572a1c871a,2026-09-23T15:49:19.647027+00:00
2005-12-17T15:00:00+00:00,2005,GRIDSAT-B1.2005.12.17.15.v02r01.nc,data/interim/gridsat/2005/gridsat_2005.12.17.15.npz,487873,ed56d258675f0efb717ea4fa67902229abc6e7fde1ac2033317e4e38e4f293bb,2026-09-23T15:48:19.062551+00:00,data/interim/gridsat/2005/gridsat_2005.12.17.15.nc,735192,d8366b503da5fda784b607eb7a9c9cd811b925fc4cba7892465e40196d6690d2,2026-09-23T15:48:18.853287+00:00
2005-12-17T18:00:00+00:00,2005,GRIDSAT-B1.2005.12.17.18.v02r01.nc,data/interim/gridsat/2005/gridsat_2005.12.17.18.npz,495054,0642da08bee073ec89a2f04a338a5cf6bcc53783917524655163b1558291eb27,2026-09-23T15:48:40.870128+00:00,data/interim/gridsat/2005/gridsat_2005.12.17.18.nc,744864,5b7ba819d91e8f3948d38add0ee034d0b2e4719770be98733d69134b9d8f0e30,2026-09-23T15:48:40.633159+00:00
2005-12-17T21:00:00+00:00,2005,GRIDSAT-B1.2005.12.17.21.v02r01.nc,data/interim/gridsat/2005/gridsat_2005.12.17.21.npz,501807,a51674f4b172a66767692e9870ad19cf5c9b8990f845047ca9ced986ddef2ecd,2026-09-23T15:49:11.358010+00:00,data/interim/gridsat/2005/gridsat_2005.12.17.21.nc,754506,b112026f43d9852b9686e61581f0fb1f50881fa0b65bc068d9dadb063ca85433,2026-09-23T15:49:11.178123+00:00
2005-12-18T00:00:00+00:00,2005,GRIDSAT-B1.2005.12.18.00.v02r01.nc,data/interim/gridsat/2005/gridsat_2005.12.18.00.npz,495540,212028f3a9353bd01ba9b77f70b664b145b3ec44d218320f09d40f0a9c4fb156,2026-09-23T15:48:30.747244+00:00,data/interim/gridsat/2005/gridsat_2005.12.18.00.nc,748244,ae971ad2d707abcf957e653497b0ca04a012d2879d9a8cbb66a9f7e1e8046935,2026-09-23T15:48:30.539056+00:00
2005-12-18T03:00:00+00:00,2005,GRIDSAT-B1.2005.12.18.03.v02r01.nc,data/interim/gridsat/2005/gridsat_2005.12.18.03.npz,491915,74486d9d071f1cf8bcf7a2f025070d0c25beac4eb2705d80e3b3370787a06fd6,2026-09-23T15:48:52.431737+00:00,data/interim/gridsat/2005/gridsat_2005.12.18.03.nc,743499,48a66baa4e1949e164ae2ac804f657017af78eaf730dbca5b5529b33bd32083d,2026-09-23T15:48:52.270276+00:00
2005-12-18T06:00:00+00:00,2005,GRIDSAT-B1.2005.12.18.06.v02r01.nc,data/interim/gridsat/2005/gridsat_2005.12.18.06.npz,505206,be79464fa08f610844f30102ffebcc59e402fae006bb830fb9e4a926f5f85a7a,2026-09-23T15:50:08.624862+00:00,data/interim/gridsat/2005/gridsat_2005.12.18.06.nc,752954,75223f7f80b65ebc9420859ed373ee6df1f7c81a573b521d152cecfba4cf4a72,2026-09-23T15:50:08.415486+00:00
2005-12-18T09:00:00+00:00,2005,GRIDSAT-B1.2005.12.18.09.v02r01.nc,data/interim/gridsat/2005/gridsat_2005.12.18.09.npz,520581,bfce307a56230cdad0979ceb29caa37f0568ea5c12eb1415dd7667bef8340164,2026-09-23T15:49:01.489078+00:00,data/interim/gridsat/2005/gridsat_2005.12.18.09.nc,769268,65bf9a9f966be3b6934592aa36353cffddbdcc167e5109e327841a329fd029e0,2026-09-23T15:49:01.271384+00:00
2005-12-18T12:00:00+00:00,2005,GRIDSAT-B1.2005.12.18.12.v02r01.nc,data/interim/gridsat/2005/gridsat_2005.12.18.12.npz,493988,f32a0c2a7f65c81ba404c61e5a0d55fb6b950636d2397d4fdf20a683d5749e65,2026-09-23T15:50:06.964146+00:00,data/interim/gridsat/2005/gridsat_2005.12.18.12.nc,746563,e2db3fb81ca3c2e038d6073fc2fadaf15f8a9333c80cfc7bb7e39403a60d5551,2026-09-23T15:50:06.739796+00:00
2005-12-18T15:00:00+00:00,2005,GRIDSAT-B1.2005.12.18.15.v02r01.nc,data/interim/gridsat/2005/gridsat_2005.12.18.15.npz,487930,013f938a300a69afe312fc0e89b405de057d0b3225218f938e9fe879bfc4405c,2026-09-23T15:49:56.544827+00:00,data/interim/gridsat/2005/gridsat_2005.12.18.15.nc,742891,4d467ef3337b97c073d0a0b9c76e62d1379502f9c93270fdf5078b5ac692d1c2,2026-09-23T15:49:56.378886+00:00
2005-12-18T18:00:00+00:00,2005,GRIDSAT-B1.2005.12.18.18.v02r01.nc,data/interim/gridsat/2005/gridsat_2005.12.18.18.npz,501373,c2bf9f4f490e6a411c66a395cb2a8e2e04c052b3b8525cac48c35f60a2e84dc6,2026-09-23T15:49:11.484231+00:00,data/interim/gridsat/2005/gridsat_2005.12.18.18.nc,760787,69a01c7a061533a260d1db408ea78c18c4bf55af1620022dac85a70fef948f01,2026-09-23T15:49:11.309256+00:00
2005-12-18T21:00:00+00:00,2005,GRIDSAT-B1.2005.12.18.21.v02r01.nc,data/interim/gridsat/2005/gridsat_2005.12.18.21.npz,501870,f9807bf42f23d824c8ce3a20b3d5572aa7de58e2f017ebe17194066b1f19fdb4,2026-09-23T15:49:27.414119+00:00,data/interim/gridsat/2005/gridsat_2005.12.18.21.nc,760419,b771efa0f568919f0d144538e62bc00dd7927846ec4f6b743aed8eb566fefa83,2026-09-23T15:49:27.199047+00:00
2005-12-19T00:00:00+00:00,2005,GRIDSAT-B1.2005.12.19.00.v02r01.nc,data/interim/gridsat/2005/gridsat_2005.12.19.00.npz,501272,68624de30e4cc0d25bb8b2c131e63a11ca89b2ef40175ad7e9f6dbe39f1fdd64,2026-09-23T15:49:36.134290+00:00,data/interim/gridsat/2005/gridsat_2005.12.19.00.nc,756122,6d54376dd8a3ec3bd3ba853b82adc75d97e96b7ef383b7bfbf967c623f56832d,2026-09-23T15:49:35.925264+00:00
2005-12-19T03:00:00+00:00,2005,GRIDSAT-B1.2005.12.19.03.v02r01.nc,data/interim/gridsat/2005/gridsat_2005.12.19.03.npz,498320,7754a19fa6582e2d3c54ef432a6b2a375b59cdc2e4865ff3716c15243713a47f,2026-09-23T15:51:02.644755+00:00,data/interim/gridsat/2005/gridsat_2005.12.19.03.nc,746585,22e8427ecae4758125aab4a4d2fa00cf82ac1c45c403c3559160e59aacbd8ca5,2026-09-23T15:51:02.402218+00:00
2005-12-19T06:00:00+00:00,2005,GRIDSAT-B1.2005.12.19.06.v02r01.nc,data/interim/gridsat/2005/gridsat_2005.12.19.06.npz,508917,1b5293824c3164c6a202aa272ee45efbc01a22a5e7ec1da82187958a1d6c960e,2026-09-23T15:49:39.688493+00:00,data/interim/gridsat/2005/gridsat_2005.12.19.06.nc,753501,181cba2c043a0cac014aea6f85cf1f5c405a14f8bd5b2ecf812570bd5e6e7506,2026-09-23T15:49:39.453276+00:00
2005-12-19T09:00:00+00:00,2005,GRIDSAT-B1.2005.12.19.09.v02r01.nc,data/interim/gridsat/2005/gridsat_2005.12.19.09.npz,525544,7629854179b3da9dbfe1f7d5644aa0829f9d834a7233a930211cd44e89aa77d8,2026-09-23T15:49:46.112405+00:00,data/interim/gridsat/2005/gridsat_2005.12.19.09.nc,769612,6574ba4e88761c1b272a9b73ddf6d25e1c2857b9e78f2c8bddac236403b46ccd,2026-09-23T15:49:45.926561+00:00
2005-12-19T12:00:00+00:00,2005,GRIDSAT-B1.2005.12.19.12.v02r01.nc,data/interim/gridsat/2005/gridsat_2005.12.19.12.npz,501334,e0b4d418d86a69fb8e36809f6ce0366d167dd4fb5666c7c1009ce5ab016d3076,2026-09-23T15:50:42.836867+00:00,data/interim/gridsat/2005/gridsat_2005.12.19.12.nc,746012,b0e3fa51772ae91268e4c6d14596da5e91fb5a738a5f917f1fced592c53e9c6a,2026-09-23T15:50:42.747843+00:00
2005-12-19T15:00:00+00:00,2005,GRIDSAT-B1.2005.12.19.15.v02r01.nc,data/interim/gridsat/2005/gridsat_2005.12.19.15.npz,492330,92ce36e9a63eab3be308a1e51671d82ec0a054fcadf742d2415faab6dece58d1,2026-09-23T15:49:55.455283+00:00,data/interim/gridsat/2005/gridsat_2005.12.19.15.nc,739454,9c1b144daad1819d31d835846082b0c2edda7af49e80399bfa781a5f14d86a7a,2026-09-23T15:49:55.254812+00:00
2005-12-19T18:00:00+00:00,2005,GRIDSAT-B1.2005.12.19.18.v02r01.nc,data/interim/gridsat/2005/gridsat_2005.12.19.18.npz,499444,01a9d45273bf57e963d4bd71c0d5b5b73d241b0f432ec752c6f8621c64e99444,2026-09-23T15:50:17.489650+00:00,data/interim/gridsat/2005/gridsat_2005.12.19.18.nc,750489,4fc6931618e3478f660628896324bd60375b817ddf5943fb23712f6f5ca46ceb,2026-09-23T15:50:17.399380+00:00
2005-12-19T21:00:00+00:00,2005,GRIDSAT-B1.2005.12.19.21.v02r01.nc,data/interim/gridsat/2005/gridsat_2005.12.19.21.npz,500538,4a307513e9c391e508c0a79d288a8cb4ef9e9f221ded499f4572b4c81635db6f,2026-09-23T15:50:14.131513+00:00,data/interim/gridsat/2005/gridsat_2005.12.19.21.nc,753412,fdb8f66b0335cb49702ce50959dbd17a7c8772e30b38c7bf3f80f4bcc648b229,2026-09-23T15:50:13.997458+00:00
2005-12-20T00:00:00+00:00,2005,GRIDSAT-B1.2005.12.20.00.v02r01.nc,data/interim/gridsat/2005/gridsat_2005.12.20.00.npz,500093,867cbe3bf1e8582255cc8630ddf2c11a8e7c6100d2505ad74026ef217ca2eb54,2026-09-23T15:50:20.838647+00:00,data/interim/gridsat/2005/gridsat_2005.12.20.00.nc,752250,71ad35af5810de28cc4f1f474536766db751b8a39638751c67f298d91d094780,2026-09-23T15:50:20.742999+00:00
2006-04-24T12:00:00+00:00,2006,GRIDSAT-B1.2006.04.24.12.v02r01.nc,data/interim/gridsat/2006/gridsat_2006.04.24.12.npz,591768,9f57c72e19545805d337b7bbe15242be21a69357fc37e58329dc4768ee804120,2026-09-23T15:50:38.857391+00:00,data/interim/gridsat/2006/gridsat_2006.04.24.12.nc,847776,f97dc82b7fdf497c23cf447dcb40e8ba8fb27bb160366aea877d83a9b189dfdf,2026-09-23T15:50:38.668517+00:00
2006-04-24T15:00:00+00:00,2006,GRIDSAT-B1.2006.04.24.15.v02r01.nc,data/interim/gridsat/2006/gridsat_2006.04.24.15.npz,560163,e542e1b8a2430871c1fd3437bc77ee1b5d6a923c6e6c78f0f1bd9c16625df1b2,2026-09-23T15:51:36.839265+00:00,data/interim/gridsat/2006/gridsat_2006.04.24.15.nc,818376,27933713c8a13160b07fec347e6edbf9816b156187854ed385d013994c630ca3,2026-09-23T15:51:36.671992+00:00
2006-04-24T18:00:00+00:00,2006,GRIDSAT-B1.2006.04.24.18.v02r01.nc,data/interim/gridsat/2006/gridsat_2006.04.24.18.npz,546989,4469197b89f51d65508e1850d866a2c7b1611347e9e0960a85938b655936f935,2026-09-23T15:51:01.593158+00:00,data/interim/gridsat/2006/gridsat_2006.04.24.18.nc,810119,61878d8d9775a9bdf6880cf683895ca8f1eca92d05f8b5d225a15bd8ba64e3b0,2026-09-23T15:51:01.362183+00:00
2006-04-24T21:00:00+00:00,2006,GRIDSAT-B1.2006.04.24.21.v02r01.nc,data/interim/gridsat/2006/gridsat_2006.04.24.21.npz,542315,33cd30fe91235eff0f5d07642e9ce881e2eadc21ff346fa5f8c3305b97cc167f,2026-09-23T15:50:32.456605+00:00,data/interim/gridsat/2006/gridsat_2006.04.24.21.nc,807429,9936c06dc84c9c0e22f40beaec8971ec096284b5107a7d40aa11d86dd04f8918,2026-09-23T15:50:32.204853+00:00
2006-04-25T00:00:00+00:00,2006,GRIDSAT-B1.2006.04.25.00.v02r01.nc,data/interim/gridsat/2006/gridsat_2006.04.25.00.npz,536008,955ffbe151c950f0cc1eda42994f8ecd88e20976a78e6bb1357ed6294a67dd95,2026-09-23T15:50:55.095660+00:00,data/interim/gridsat/2006/gridsat_2006.04.25.00.nc,801902,dd37c448a9230fdb4d56f2078711cd0d699cada2eb3df070053dd967e5910632,2026-09-23T15:50:54.874360+00:00
2006-04-25T03:00:00+00:00,2006,GRIDSAT-B1.2006.04.25.03.v02r01.nc,data/interim/gridsat/2006/gridsat_2006.04.25.03.npz,526731,c6e596946f61b24906791a0639e04a1321676d6139abe6cfa9be6956e2205917,2026-09-23T15:51:07.971043+00:00,data/interim/gridsat/2006/gridsat_2006.04.25.03.nc,785804,b1fde0b643c2982fbf013ad78b874836ae4c9c7bf6ceea047ab32c609a8dd5f4,2026-09-23T15:51:07.738814+00:00
2006-04-25T06:00:00+00:00,2006,GRIDSAT-B1.2006.04.25.06.v02r01.nc,data/interim/gridsat/2006/gridsat_2006.04.25.06.npz,556925,a1095d37edb5f6f198cf361a5f911bb7e20cda80f5a8c3dd8957fe5a9cc54e61,2026-09-23T15:51:29.360177+00:00,data/interim/gridsat/2006/gridsat_2006.04.25.06.nc,810192,55f0f6d0dd0497ae21bdb65a47e5952d5d8191b2e1c1004004a3f78c3c87ed60,2026-09-23T15:51:29.155081+00:00
2006-04-25T09:00:00+00:00,2006,GRIDSAT-B1.2006.04.25.09.v02r01.nc,data/interim/gridsat/2006/gridsat_2006.04.25.09.npz,597138,7010dfa091b2eaa2968dbce0e2d174f0cf89d58ce2dabca341dfb7a153fc8e2e,2026-09-23T15:51:45.955590+00:00,data/interim/gridsat/2006/gridsat_2006.04.25.09.nc,851853,b56ea83bc7a408af7c8d5c9c9555749abc8f78f7147fc949acde307288d71f3a,2026-09-23T15:51:45.734661+00:00
2006-04-25T12:00:00+00:00,2006,GRIDSAT-B1.2006.04.25.12.v02r01.nc,data/interim/gridsat/2006/gridsat_2006.04.25.12.npz,593236,5c1dd334a43b533ea079b1c775a35ad7aa167863e3978b149386cbeff69c8481,2026-09-23T15:51:49.033977+00:00,data/interim/gridsat/2006/gridsat_2006.04.25.12.nc,854551,5cb3b1abf72f11b96e12fab5abe594b9d39f104712a3a70d26eb99e454b46213,2026-09-23T15:51:48.803589+00:00
2006-04-25T15:00:00+00:00,2006,GRIDSAT-B1.2006.04.25.15.v02r01.nc,data/interim/gridsat/2006/gridsat_2006.04.25.15.npz,568518,770820e7df354490e0ca6382c6e9e6f014db2b111d7f5ad13657488bb6f8966a,2026-09-23T15:52:01.635055+00:00,data/interim/gridsat/2006/gridsat_2006.04.25.15.nc,832173,6b8d1bdeb40b12e403091ec3848cc57abd62379232c9cdfdfdd1c4248aaa0192,2026-09-23T15:52:01.390898+00:00
2006-04-25T18:00:00+00:00,2006,GRIDSAT-B1.2006.04.25.18.v02r01.nc,data/interim/gridsat/2006/gridsat_2006.04.25.18.npz,560372,fefa02a1c7c39a4621d3147626f6011e61c0a049fd0e917495b148cbe6598c9e,2026-09-23T15:51:43.426259+00:00,data/interim/gridsat/2006/gridsat_2006.04.25.18.nc,829017,7cdecd5eaa38046ffd8705152ace3d767da2a4dce48d6c2a6bff721f5718d055,2026-09-23T15:51:43.254448+00:00
2006-04-25T21:00:00+00:00,2006,GRIDSAT-B1.2006.04.25.21.v02r01.nc,data/interim/gridsat/2006/gridsat_2006.04.25.21.npz,558918,4bed7f7423d4536ca982c006e079574bb6631428698181b4b2c8b77a895ecfe1,2026-09-23T15:52:05.363499+00:00,data/interim/gridsat/2006/gridsat_2006.04.25.21.nc,830279,7f5d3905f8bb209fa5173836b417cebd3c5bed592f3b8908d0b1ff93ef1d1f59,2026-09-23T15:52:05.133756+00:00
2006-04-26T00:00:00+00:00,2006,GRIDSAT-B1.2006.04.26.00.v02r01.nc,data/interim/gridsat/2006/gridsat_2006.04.26.00.npz,554443,bc0e3ced369f532e998de7b522d79b3f19919290734c5b14c3e3ce8947a163c4,2026-09-23T15:52:16.886199+00:00,data/interim/gridsat/2006/gridsat_2006.04.26.00.nc,825778,867e0ce21421bb0ce29d63c46ed76c21f57d655a8697cac073193c6b8da8dc9a,2026-09-23T15:52:16.649015+00:00
2006-04-26T03:00:00+00:00,2006,GRIDSAT-B1.2006.04.26.03.v02r01.nc,data/interim/gridsat/2006/gridsat_2006.04.26.03.npz,556280,2b5e8e12aeb340a7a9f2fa67f14e7676067764d0fe0b01dc989e210068e8217d,2026-09-23T15:53:18.253998+00:00,data/interim/gridsat/2006/gridsat_2006.04.26.03.nc,826042,7daf83afc870b5a8465cef01fae109eac5113c05b414f19621c6feb02536b15c,2026-09-23T15:53:18.135739+00:00
2006-04-26T06:00:00+00:00,2006,GRIDSAT-B1.2006.04.26.06.v02r01.nc,data/interim/gridsat/2006/gridsat_2006.04.26.06.npz,582370,6283ed95fc01a4a045949498c2d1edb167a7085c0e20d912c8509e2c8cf72bc1,2026-09-23T15:52:08.808204+00:00,data/interim/gridsat/2006/gridsat_2006.04.26.06.nc,844065,f39b31a2c23675bd9200c0a172361b44425d7f61eca3f225b5a10be6b9928fa8,2026-09-23T15:52:08.591305+00:00
2006-04-26T09:00:00+00:00,2006,GRIDSAT-B1.2006.04.26.09.v02r01.nc,data/interim/gridsat/2006/gridsat_2006.04.26.09.npz,613588,5f7b52109b48e6af5607a75aa58f71ac0598de64703a662d53dd621d343fe073,2026-09-23T15:52:19.283104+00:00,data/interim/gridsat/2006/gridsat_2006.04.26.09.nc,871943,6ed29fa406f365f5986d840952ce34eb05a0e734707c73bad0228c2ecce6aea3,2026-09-23T15:52:19.035115+00:00
2006-04-26T12:00:00+00:00,2006,GRIDSAT-B1.2006.04.26.12.v02r01.nc,data/interim/gridsat/2006/gridsat_2006.04.26.12.npz,604811,0f303d432047c880fc9e64de6add233e71881d6e5adc93c254b5511f10e3bc73,2026-09-23T15:52:44.332544+00:00,data/interim/gridsat/2006/gridsat_2006.04.26.12.nc,864444,7b32ec9b654e05188b8a1d8e44bebcacae47bf818b8248cc4c343492b7330f82,2026-09-23T15:52:44.098468+00:00
2006-04-26T15:00:00+00:00,2006,GRIDSAT-B1.2006.04.26.15.v02r01.nc,data/interim/gridsat/2006/gridsat_2006.04.26.15.npz,572480,4068f9de8650e85a93e60aae54e060816ed7a603fccd511980f8729838dddba5,2026-09-23T15:52:28.151850+00:00,data/interim/gridsat/2006/gridsat_2006.04.26.15.nc,832701,ed306d43be67c537f747ffbb18cd439db5b0604d2169da67164cf6c957a1d5ee,2026-09-23T15:52:27.944136+00:00
2006-04-26T18:00:00+00:00,2006,GRIDSAT-B1.2006.04.26.18.v02r01.nc,data/interim/gridsat/2006/gridsat_2006.04.26.18.npz,549056,62e216b58dfa613ae4774db549830e486659fbf9e7f3e90ce6505ea37ba9523c,2026-09-23T15:53:03.427113+00:00,data/interim/gridsat/2006/gridsat_2006.04.26.18.nc,812962,21c2513ad40b0aa6e3fb16530e03309700a1737e3f7ca269361aa8f4b8e5eedf,2026-09-23T15:53:03.189425+00:00
2006-04-26T21:00:00+00:00,2006,GRIDSAT-B1.2006.04.26.21.v02r01.nc,data/interim/gridsat/2006/gridsat_2006.04.26.21.npz,536895,0f5c301e0511baead451eb93c5c2de94fc3a66e65939ad74050164ee5438f1f3,2026-09-23T15:52:46.807797+00:00,data/interim/gridsat/2006/gridsat_2006.04.26.21.nc,802007,f05e325c130bbdf7658bc1b1d761966a2fbaf720af4ae4a1a5267ea279267e6b,2026-09-23T15:52:46.596339+00:00
2006-04-27T00:00:00+00:00,2006,GRIDSAT-B1.2006.04.27.00.v02r01.nc,data/interim/gridsat/2006/gridsat_2006.04.27.00.npz,520658,465f39c1e76bf50acf1f1c0309fdb105ee9db5b6a4aa83c1338bd810b319c189,2026-09-23T15:53:04.959033+00:00,data/interim/gridsat/2006/gridsat_2006.04.27.00.nc,781810,c0cf22342653654692d3556979c965556780bafea4041786cb6117d79fab4d94,2026-09-23T15:53:04.777214+00:00
2006-04-27T03:00:00+00:00,2006,GRIDSAT-B1.2006.04.27.03.v02r01.nc,data/interim/gridsat/2006/gridsat_2006.04.27.03.npz,511550,8ac873c34dbda70ee1143246e3932cb9c986c5622d1d37947630c33a674d0a37,2026-09-23T15:54:32.214900+00:00,data/interim/gridsat/2006/gridsat_2006.04.27.03.nc,764823,828f654a401b0ed6f4271741c0c32d27b263718c2a9f0c3c230d0f02503ea257,2026-09-23T15:54:32.094050+00:00
2006-04-27T06:00:00+00:00,2006,GRIDSAT-B1.2006.04.27.06.v02r01.nc,data/interim/gridsat/2006/gridsat_2006.04.27.06.npz,534817,091c7df893e08477d532d335b2db07e7f7634dd3f042a0a2672e3623be18f11a,2026-09-23T15:53:33.098040+00:00,data/interim/gridsat/2006/gridsat_2006.04.27.06.nc,781820,cd5f1974620fd71ec29ebd0745033adad82b1119b1d92fa9094017706d0b6f4c,2026-09-23T15:53:32.989762+00:00
2006-04-27T09:00:00+00:00,2006,GRIDSAT-B1.2006.04.27.09.v02r01.nc,data/interim/gridsat/2006/gridsat_2006.04.27.09.npz,572503,07fb79ee2e94b15e41044e6a2b9ba71961b4aa6fc1f09763a4a892d365089ed2,2026-09-23T15:53:04.577321+00:00,data/interim/gridsat/2006/gridsat_2006.04.27.09.nc,817974,c28e74d8377c9d63e5ea8840006d9d92e31e3a289039c7f6ba6d3ca259deb218,2026-09-23T15:53:04.408249+00:00
2006-04-27T12:00:00+00:00,2006,GRIDSAT-B1.2006.04.27.12.v02r01.nc,data/interim/gridsat/2006/gridsat_2006.04.27.12.npz,569119,d39fa07f360d8d0a75744c0976598fcd6cda9241779aceb28cefff6ea7c62390,2026-09-23T15:53:17.969420+00:00,data/interim/gridsat/2006/gridsat_2006.04.27.12.nc,821559,5295041a04a53ba9b09913a65fa964e41b31f8f0f9d05e553529d993806be578,2026-09-23T15:53:17.862447+00:00
2006-04-27T15:00:00+00:00,2006,GRIDSAT-B1.2006.04.27.15.v02r01.nc,data/interim/gridsat/2006/gridsat_2006.04.27.15.npz,535333,bd8582ec52793e3b7f48de2605ae82f353917d69a6922f31068375d5a68b9290,2026-09-23T15:54:30.114909+00:00,data/interim/gridsat/2006/gridsat_2006.04.27.15.nc,792519,ed0ad66d27064ecfbce46f7c86e870a9ca2bac47fd630eb23a437e7abdc31154,2026-09-23T15:54:29.947574+00:00
2006-04-27T18:00:00+00:00,2006,GRIDSAT-B1.2006.04.27.18.v02r01.nc,data/interim/gridsat/2006/gridsat_2006.04.27.18.npz,520218,e4752d3efec3673c03213705af41f3a423fd77d4f853c6ce7dd20a3859648c97,2026-09-23T15:54:29.983631+00:00,data/interim/gridsat/2006/gridsat_2006.04.27.18.nc,778714,4e678be1ef47a2be209a090c5d8246a1f4738167c6a3cf244fa4725e86a83c46,2026-09-23T15:54:29.809168+00:00
2006-07-01T09:00:00+00:00,2006,GRIDSAT-B1.2006.07.01.09.v02r01.nc,data/interim/gridsat/2006/gridsat_2006.07.01.09.npz,588110,4c9edaf1851abe615ba23439885ca43dba18968834a8ffa8845e1f1e84656aa4,2026-09-23T15:53:31.980492+00:00,data/interim/gridsat/2006/gridsat_2006.07.01.09.nc,864175,5ad81940edfaedd55f69fd8d67eefada068b87cf538354152987a9d6c017cdd1,2026-09-23T15:53:31.883284+00:00
2006-07-01T12:00:00+00:00,2006,GRIDSAT-B1.2006.07.01.12.v02r01.nc,data/interim/gridsat/2006/gridsat_2006.07.01.12.npz,584626,4d57ca4d6b8685a48f42caacd294567b24fab2d768dfd762815471fef53b8c68,2026-09-23T15:54:06.973807+00:00,data/interim/gridsat/2006/gridsat_2006.07.01.12.nc,863966,a15d62f706f2353fb26f1e175f0f3f45e781bff0aa10da6d3e2c26c90dc5f5d9,2026-09-23T15:54:06.724949+00:00
2006-07-01T15:00:00+00:00,2006,GRIDSAT-B1.2006.07.01.15.v02r01.nc,data/interim/gridsat/2006/gridsat_2006.07.01.15.npz,562011,bb3fa6dbd7501e1dd27528602e830ff87e3d019f6fd8a946a4ca2ab4a2355468,2026-09-23T15:53:51.188406+00:00,data/interim/gridsat/2006/gridsat_2006.07.01.15.nc,844352,0d9c07618bdfbc552e0cdbbbc912d67c35083e88d39896983c239dd27bf8cba3,2026-09-23T15:53:50.989941+00:00
2006-07-01T18:00:00+00:00,2006,GRIDSAT-B1.2006.07.01.18.v02r01.nc,data/interim/gridsat/2006/gridsat_2006.07.01.18.npz,561949,f186637cc6b59d6d94c9b8fccb53b22edc095f9f0284eaa71f8269aeb7c4722f,2026-09-23T15:55:07.945774+00:00,data/interim/gridsat/2006/gridsat_2006.07.01.18.nc,845960,d845f41bd1aea71d8161c8cea2d6c8244cfeedd1e7785bcf3c98bc49feb1a968,2026-09-23T15:55:07.695779+00:00
2006-07-01T21:00:00+00:00,2006,GRIDSAT-B1.2006.07.01.21.v02r01.nc,data/interim/gridsat/2006/gridsat_2006.07.01.21.npz,563647,5eaabbd558938cc18c5b393934ec7e22a0c9fcaa29ec24ba585d974c5f679c35,2026-09-23T15:54:05.510597+00:00,data/interim/gridsat/2006/gridsat_2006.07.01.21.nc,849921,94e358e0223b445581299477d3d50134ef5e9209f76d6cb0b1f9d70da885dad6,2026-09-23T15:54:05.269395+00:00
2006-07-02T00:00:00+00:00,2006,GRIDSAT-B1.2006.07.02.00.v02r01.nc,data/interim/gridsat/2006/gridsat_2006.07.02.00.npz,554727,8caf1a202637f70ec3de57342abf0d0a51ae3ae460378e68ce7cb0f9b59afbfc,2026-09-23T15:54:20.578216+00:00,data/interim/gridsat/2006/gridsat_2006.07.02.00.nc,838207,6c841fdb8a6903a6ab8b6cb013cb398d041f5245cb3a9a619ada1db23ea66554,2026-09-23T15:54:20.326828+00:00
2006-07-02T03:00:00+00:00,2006,GRIDSAT-B1.2006.07.02.03.v02r01.nc,data/interim/gridsat/2006/gridsat_2006.07.02.03.npz,546735,1dff2bc9f1eb90c99272743fdfb5f6186945f2f5b4a3727bdf7100b0ad6c1ebe,2026-09-23T15:55:32.594149+00:00,data/interim/gridsat/2006/gridsat_2006.07.02.03.nc,829346,8abbea4a1a7f944af36ac87b87fb9b249aa9f001147b4abb022caf592ff05bc9,2026-09-23T15:55:32.501791+00:00
2006-07-02T06:00:00+00:00,2006,GRIDSAT-B1.2006.07.02.06.v02r01.nc,data/interim/gridsat/2006/gridsat_2006.07.02.06.npz,567947,3aa26a3b5544a4a1342aab020f60e0f6bbd2475eb327e4a8169f57b4cb0a431a,2026-09-23T15:54:38.425189+00:00,data/interim/gridsat/2006/gridsat_2006.07.02.06.nc,850424,4cd50272fe496f65ec0e3d2dd2c6e16b4d6d6d48d903f9040388e60957e3e2f5,2026-09-23T15:54:38.309342+00:00
2006-07-02T09:00:00+00:00,2006,GRIDSAT-B1.2006.07.02.09.v02r01.nc,data/interim/gridsat/2006/gridsat_2006.07.02.09.npz,593265,c18f4a84a65d341037c53530538370bd39e3d3cd4836e8e46a1e12d43e95f41b,2026-09-23T15:55:15.646305+00:00,data/interim/gridsat/2006/gridsat_2006.07.02.09.nc,877116,a9a9da1975e7c7b22476f3d1e249e0e59989e9ba767a3655e2809fcad585d2bf,2026-09-23T15:55:15.429051+00:00
2006-07-02T12:00:00+00:00,2006,GRIDSAT-B1.2006.07.02.12.v02r01.nc,data/interim/gridsat/2006/gridsat_2006.07.02.12.npz,582426,c4b50d288e256b0973c4978f0400039860469bc8ae194169732e0d1dcf28439d,2026-09-23T15:55:23.595889+00:00,data/interim/gridsat/2006/gridsat_2006.07.02.12.nc,868993,72647fd70b3d5f19ccc71a6b0470dd0a0d34617113eef1a9c20449683682d7bb,2026-09-23T15:55:23.358666+00:00
2006-07-02T15:00:00+00:00,2006,GRIDSAT-B1.2006.07.02.15.v02r01.nc,data/interim/gridsat/2006/gridsat_2006.07.02.15.npz,555693,6ad5db812af123e308a89bb75d1b0cbb9afe9986678c7a635bf32594fafd4538,2026-09-23T15:55:26.993656+00:00,data/interim/gridsat/2006/gridsat_2006.07.02.15.nc,843439,d9d17bfaf41ceccdb9354f7a849a1b37911bcf07496622baada82e93bf5e7290,2026-09-23T15:55:26.776571+00:00
2006-07-02T18:00:00+00:00,2006,GRIDSAT-B1.2006.07.02.18.v02r01.nc,data/interim/gridsat/2006/gridsat_2006.07.02.18.npz,546532,d5f0142f129b46fcc72ebb51cc73fc7abb10dc53a0bfd868ffe298ea46b08af1,2026-09-23T15:55:05.017720+00:00,data/interim/gridsat/2006/gridsat_2006.07.02.18.nc,833582,a164dcda52f97f3bc029d946be1c6a32be5b782ad921f7e19357566ed6ae42e2,2026-09-23T15:55:04.834504+00:00
2006-07-02T21:00:00+00:00,2006,GRIDSAT-B1.2006.07.02.21.v02r01.nc,data/interim/gridsat/2006/gridsat_2006.07.02.21.npz,544144,4282af2bfe6bedd912656e9fac1176be01902c6861219af30ea5cd23e7b67adf,2026-09-23T15:58:05.364204+00:00,data/interim/gridsat/2006/gridsat_2006.07.02.21.nc,830446,f2ebaec9f152b0f064a50be6b216cf88aadd61761db58ae5b2bf175e0865312b,2026-09-23T15:58:05.253468+00:00
2006-07-03T00:00:00+00:00,2006,GRIDSAT-B1.2006.07.03.00.v02r01.nc,data/interim/gridsat/2006/gridsat_2006.07.03.00.npz,541376,4adea71cd898837e0cd694a6bec382248d908ef5d2c89702c27b2622aef767dc,2026-09-23T15:57:49.754121+00:00,data/interim/gridsat/2006/gridsat_2006.07.03.00.nc,822842,40eedaf48b326efb5f4b7fa183bdab0d64ea87a3b2a904d085e0c86c6881ce40,2026-09-23T15:57:49.647600+00:00
2006-07-03T03:00:00+00:00,2006,GRIDSAT-B1.2006.07.03.03.v02r01.nc,data/interim/gridsat/2006/gridsat_2006.07.03.03.npz,534992,e5d1897fc96f1ab2db68cff9045f0e61a760c2e27aa9ba694e56eec2b3ae03ee,2026-09-23T15:57:24.231897+00:00,data/interim/gridsat/2006/gridsat_2006.07.03.03.nc,807853,4f8fc7d2d5046d94ab43d746c2aec0f51308f6bdfbb0869db479c4b663b15ebc,2026-09-23T15:57:24.137727+00:00
2006-07-03T06:00:00+00:00,2006,GRIDSAT-B1.2006.07.03.06.v02r01.nc,data/interim/gridsat/2006/gridsat_2006.07.03.06.npz,558121,ff773a6ace3daf5561b8c4350f3119b52ef6954b362c35f0c590e7ff3e3ff0d0,2026-09-23T15:57:22.900449+00:00,data/interim/gridsat/2006/gridsat_2006.07.03.06.nc,826453,37ac19904c0e8e824feb51fecd900cfde3ef03035ccec17c31bd3350452b5bed,2026-09-23T15:57:22.790227+00:00
2006-08-01T18:00:00+00:00,2006,GRIDSAT-B1.2006.08.01.18.v02r01.nc,data/interim/gridsat/2006/gridsat_2006.08.01.18.npz,572243,27f589b40a2ea48479e8308da3578b0e7f54d38a5e90f4a7011b581386a79118,2026-09-23T15:57:33.017503+00:00,data/interim/gridsat/2006/gridsat_2006.08.01.18.nc,852827,82caca6e92eb7b22a7b3c9889432b121d4bb8fb75b30550223bb1aa7cb04582b,2026-09-23T15:57:32.898185+00:00
2006-08-01T21:00:00+00:00,2006,GRIDSAT-B1.2006.08.01.21.v02r01.nc,data/interim/gridsat/2006/gridsat_2006.08.01.21.npz,572481,5e0c5d4a788e90ed03db1d4c26005e0d2465c85db0d6245040a45c3d495eb73b,2026-09-23T15:55:52.234078+00:00,data/interim/gridsat/2006/gridsat_2006.08.01.21.nc,857206,6a38a984d5a2f2ea004acf1046e4726cd1fe776a94d6a6d6d0fbc10e401cb225,2026-09-23T15:55:51.977528+00:00
2006-08-02T00:00:00+00:00,2006,GRIDSAT-B1.2006.08.02.00.v02r01.nc,data/interim/gridsat/2006/gridsat_2006.08.02.00.npz,569912,e1286f4c5fc311520f84df8ae5cd9cfefa033e8756772342b4f408d642dd7672,2026-09-23T15:56:13.754981+00:00,data/interim/gridsat/2006/gridsat_2006.08.02.00.nc,851984,99c2635d09884739fe30f3c022d2e851d8c3096c345d081e4ac5ee570ae6dc98,2026-09-23T15:56:13.514183+00:00
2006-08-02T03:00:00+00:00,2006,GRIDSAT-B1.2006.08.02.03.v02r01.nc,data/interim/gridsat/2006/gridsat_2006.08.02.03.npz,569548,575c0b2d1d2716f0a22f2e4a351a6823802210baedd33d4b62a1442743f7592b,2026-09-23T15:56:41.210202+00:00,data/interim/gridsat/2006/gridsat_2006.08.02.03.nc,846900,9def89ccd39ab34266937f2d0562b6c9a00e1d87ee30c5758c942e33726c0db2,2026-09-23T15:56:40.963348+00:00
2006-08-02T06:00:00+00:00,2006,GRIDSAT-B1.2006.08.02.06.v02r01.nc,data/interim/gridsat/2006/gridsat_2006.08.02.06.npz,587711,f2c727c4ec3a54e8c5ed752700a9b26722f7cab532b3d0b0402b7e0962c491c7,2026-09-23T15:56:51.558950+00:00,data/interim/gridsat/2006/gridsat_2006.08.02.06.nc,860064,25f65e1f54a5f6d340eeca234016b16cb88dc345f744faa9f38d0c08bac48fbf,2026-09-23T15:56:51.316801+00:00
2006-08-02T09:00:00+00:00,2006,GRIDSAT-B1.2006.08.02.09.v02r01.nc,data/interim/gridsat/2006/gridsat_2006.08.02.09.npz,609160,daafca120c5ae01fc0dd64f3bc8faa1f6b693cbae9356953af9c0d95accaa9c9,2026-09-23T15:57:14.393235+00:00,data/interim/gridsat/2006/gridsat_2006.08.02.09.nc,886675,a781ff6ef8b3ec82533d2b99bcad6b61989eff76e2e48b268bf539824fe6c445,2026-09-23T15:57:14.296478+00:00
2006-08-15T12:00:00+00:00,2006,GRIDSAT-B1.2006.08.15.12.v02r01.nc,data/interim/gridsat/2006/gridsat_2006.08.15.12.npz,612057,66738ffe86e0aa4f5bebd4c363476f13eb5dcb1f6b036aae0b43997a9d6db03a,2026-09-23T15:58:10.746139+00:00,data/interim/gridsat/2006/gridsat_2006.08.15.12.nc,889865,4c6d25490805d0b8a8c0907daf98a6ed61e69e57cdeb6759afb0b5ddfffa7aba,2026-09-23T15:58:10.649808+00:00
2006-08-15T15:00:00+00:00,2006,GRIDSAT-B1.2006.08.15.15.v02r01.nc,data/interim/gridsat/2006/gridsat_2006.08.15.15.npz,589257,6a465ee93b5003e4e5f45fcb64d04a8d2af38ed596025992123e63067a27594e,2026-09-23T15:58:23.357025+00:00,data/interim/gridsat/2006/gridsat_2006.08.15.15.nc,863950,44c88e9a1830b00ac2182d24f3e485dd4b1f8382f75385e54cec6425cc610414,2026-09-23T15:58:23.274407+00:00
2006-08-15T18:00:00+00:00,2006,GRIDSAT-B1.2006.08.15.18.v02r01.nc,data/interim/gridsat/2006/gridsat_2006.08.15.18.npz,582174,d1adfb45cd720444f599407e3f47216f56af9c974707feb2cfe2313e9ee6931c,2026-09-23T15:58:36.204010+00:00,data/interim/gridsat/2006/gridsat_2006.08.15.18.nc,858471,768e4eaf85e2af67713e3a3e4413f6089dc57710524924eb9e67dc4bef9efe2e,2026-09-23T15:58:36.099784+00:00
2006-08-15T21:00:00+00:00,2006,GRIDSAT-B1.2006.08.15.21.v02r01.nc,data/interim/gridsat/2006/gridsat_2006.08.15.21.npz,556219,d9454c314153f70b0cc22cd50c7e2d53b071748e74be53a09a64304cbd6cdd27,2026-09-23T15:58:55.705657+00:00,data/interim/gridsat/2006/gridsat_2006.08.15.21.nc,740185,fcae5b849157d3a14d026f9c06ce98b7b4872ada59341781772687e46e2bc9f3,2026-09-23T15:58:55.622534+00:00
2006-08-16T00:00:00+00:00,2006,GRIDSAT-B1.2006.08.16.00.v02r01.nc,data/interim/gridsat/2006/gridsat_2006.08.16.00.npz,573908,94f37940d623afb9c1d15bafb36fe9d4c0d4504460b357cdcc88ba2a821d4369,2026-09-23T15:59:03.256700+00:00,data/interim/gridsat/2006/gridsat_2006.08.16.00.nc,848218,78612f790682e984afd0a3f1410dede3d48d7d4f54ab959ad643602e4efb5a7d,2026-09-23T15:59:03.156404+00:00
2006-08-16T03:00:00+00:00,2006,GRIDSAT-B1.2006.08.16.03.v02r01.nc,data/interim/gridsat/2006/gridsat_2006.08.16.03.npz,551909,dc6dc6621a87e34d0969f5844df74f5ca89d1f89ff7de1bdbcc9120f1f2b452e,2026-09-23T15:59:23.332280+00:00,data/interim/gridsat/2006/gridsat_2006.08.16.03.nc,731742,32f808a1e1da07c7eea0e0bbe261eefd3b4ec2a7a2cd0db4240903eac5b51443,2026-09-23T15:59:23.225579+00:00
2006-08-16T06:00:00+00:00,2006,GRIDSAT-B1.2006.08.16.06.v02r01.nc,data/interim/gridsat/2006/gridsat_2006.08.16.06.npz,589198,e4e2aebd29242f378e15b3f774284fc04f172293debbc39deaabeb72f40a8014,2026-09-23T15:58:22.006767+00:00,data/interim/gridsat/2006/gridsat_2006.08.16.06.nc,860905,4f86c43b9b0e3f2d9c4cfa41a15f84a8d5d62a9ed7511f053802f163de17061c,2026-09-23T15:58:21.893052+00:00
2006-08-16T09:00:00+00:00,2006,GRIDSAT-B1.2006.08.16.09.v02r01.nc,data/interim/gridsat/2006/gridsat_2006.08.16.09.npz,610983,5382aa7908e9ccce6cbcde20ce85ff6d386c5bf57e308ae7c0af943b94a43f62,2026-09-23T15:58:36.016607+00:00,data/interim/gridsat/2006/gridsat_2006.08.16.09.nc,882893,c2df120479add1a643bc3c6e361cf00b5abb729937a20af47a5023229ee26f1d,2026-09-23T15:58:35.929387+00:00
2006-08-28T12:00:00+00:00,2006,GRIDSAT-B1.2006.08.28.12.v02r01.nc,data/interim/gridsat/2006/gridsat_2006.08.28.12.npz,561221,9fd7dd3e78667a8d15a99dbdfde8b88fcc705242b9367a31b7f45db48f810f28,2026-09-23T15:59:09.406399+00:00,data/interim/gridsat/2006/gridsat_2006.08.28.12.nc,837133,bd70ceafe4ee0a7479b90bc43036a72c6c0f4c12be167f41f7084a5b590c7b78,2026-09-23T15:59:09.302096+00:00
2006-08-28T15:00:00+00:00,2006,GRIDSAT-B1.2006.08.28.15.v02r01.nc,data/interim/gridsat/2006/gridsat_2006.08.28.15.npz,533467,331b8ff7fe3880e5bea99cff04378c04f366d0c54bc9b9d482a1a767bbb6f8cb,2026-09-23T15:59:07.439702+00:00,data/interim/gridsat/2006/gridsat_2006.08.28.15.nc,811301,38fc7186deb6bcebb1bb12eb335bf57ad6bb1b9b15fd5afa2a5206d28d5cd776,2026-09-23T15:59:07.329770+00:00
2006-08-28T18:00:00+00:00,2006,GRIDSAT-B1.2006.08.28.18.v02r01.nc,data/interim/gridsat/2006/gridsat_2006.08.28.18.npz,526903,6c96d975812bf251bd3ff66c0ea5ae0fe95577712094e5b324917f9bb6dc0a1d,2026-09-23T15:59:41.744694+00:00,data/interim/gridsat/2006/gridsat_2006.08.28.18.nc,809069,2d8731c0803caeb097a1714c4e3f2f35efdecb113e6e9cf528e6fac226f80f08,2026-09-23T15:59:41.652246+00:00
2006-08-28T21:00:00+00:00,2006,GRIDSAT-B1.2006.08.28.21.v02r01.nc,data/interim/gridsat/2006/gridsat_2006.08.28.21.npz,534102,b5a1a15f2d6990042bb51ac121e808c49391f18cf4ebffc5bf5feac533ddb70c,2026-09-23T16:00:19.917660+00:00,data/interim/gridsat/2006/gridsat_2006.08.28.21.nc,816368,51a923a31c825dae05c982472bffa6fc05746ba8dafcf3ebc3dcd9a5e93c8ecb,2026-09-23T16:00:19.814121+00:00
2006-08-29T00:00:00+00:00,2006,GRIDSAT-B1.2006.08.29.00.v02r01.nc,data/interim/gridsat/2006/gridsat_2006.08.29.00.npz,530866,fc6f249e238500237b599e351b89b5d853a83f3f069f971466360dd5bf29093f,2026-09-23T15:59:36.552276+00:00,data/interim/gridsat/2006/gridsat_2006.08.29.00.nc,812248,3bf0caf6cb4703800db03c950d8e6a1eb7140c83da5dcf837ac4d321e6fe3e6f,2026-09-23T15:59:36.445429+00:00
2006-08-29T03:00:00+00:00,2006,GRIDSAT-B1.2006.08.29.03.v02r01.nc,data/interim/gridsat/2006/gridsat_2006.08.29.03.npz,529277,2384ea762767c4210a50aee5e9150e01a51e2b3488d6c022616b0bbb9fca5eb1,2026-09-23T16:00:33.545213+00:00,data/interim/gridsat/2006/gridsat_2006.08.29.03.nc,803789,b12aeedb4107343fb506d015a87e0ed96d53c2a181fb5167aa1bd483bbf9fc7f,2026-09-23T16:00:33.445266+00:00
2006-08-29T06:00:00+00:00,2006,GRIDSAT-B1.2006.08.29.06.v02r01.nc,data/interim/gridsat/2006/gridsat_2006.08.29.06.npz,553073,52595622616c57863a5789f0fd051da073ea77c43554ec3f1e2a0040dce70aa2,2026-09-23T15:59:41.993202+00:00,data/interim/gridsat/2006/gridsat_2006.08.29.06.nc,830469,886b27623b8fcc093abc7d2cde4a7623017ede7f8fae9e909a627db8a6540116,2026-09-23T15:59:41.897874+00:00
2006-08-29T09:00:00+00:00,2006,GRIDSAT-B1.2006.08.29.09.v02r01.nc,data/interim/gridsat/2006/gridsat_2006.08.29.09.npz,570846,9f1acb40c7229a88156598dc291c2a6f273d8e9ae0fd1170ce52fc2e4273aaa1,2026-09-23T16:00:00.114864+00:00,data/interim/gridsat/2006/gridsat_2006.08.29.09.nc,851253,4a1c333540aa3db8b0a566849894562d270f6fb36fdb4c109ba64ccb00b5bc03,2026-09-23T16:00:00.030965+00:00
2006-08-29T12:00:00+00:00,2006,GRIDSAT-B1.2006.08.29.12.v02r01.nc,data/interim/gridsat/2006/gridsat_2006.08.29.12.npz,567442,f3d0c3dbfaa1f77db5388f8ddfdfec23018cd6d16781d0940ca18c59abb4584e,2026-09-23T16:00:44.334439+00:00,data/interim/gridsat/2006/gridsat_2006.08.29.12.nc,849333,faedbfec12b95f6ad75b61b1a83ef2c8ff9efabdbde71dae769d9ffe974616c9,2026-09-23T16:00:44.234273+00:00
2006-08-29T15:00:00+00:00,2006,GRIDSAT-B1.2006.08.29.15.v02r01.nc,data/interim/gridsat/2006/gridsat_2006.08.29.15.npz,544484,e47a454cb5601e304e0a51cfed24f1217ec87c707d80e7d9df88846841e85564,2026-09-23T16:00:26.915617+00:00,data/interim/gridsat/2006/gridsat_2006.08.29.15.nc,817668,17ac710a4275a9fc91041854a07999cbb601e3bb52fd3ed3d68e3ad7ffce1c63,2026-09-23T16:00:26.795983+00:00
2006-08-29T18:00:00+00:00,2006,GRIDSAT-B1.2006.08.29.18.v02r01.nc,data/interim/gridsat/2006/gridsat_2006.08.29.18.npz,530651,9702b581d85661df4337c6df7413a3b5a93cc12c7584159d2361822faf28c2ed,2026-09-23T16:01:00.479654+00:00,data/interim/gridsat/2006/gridsat_2006.08.29.18.nc,802340,31db7a8c675347435fed907f1ef19294b8def594cac3e60deb5872fd70d392c5,2026-09-23T16:01:00.366732+00:00
2006-08-29T21:00:00+00:00,2006,GRIDSAT-B1.2006.08.29.21.v02r01.nc,data/interim/gridsat/2006/gridsat_2006.08.29.21.npz,531819,e5f980422226b24cf7afd512d6e2a652397ff8c0c0f111068c055f4680a583b2,2026-09-23T16:00:28.974703+00:00,data/interim/gridsat/2006/gridsat_2006.08.29.21.nc,801402,cae118e21e823ba516541ef1717891a38e0c851c7ca4bea7093068df97d6a5fd,2026-09-23T16:00:28.848150+00:00
2006-08-30T00:00:00+00:00,2006,GRIDSAT-B1.2006.08.30.00.v02r01.nc,data/interim/gridsat/2006/gridsat_2006.08.30.00.npz,523882,3e9fb26e308fa7e25b4b6360e8bc56640dcc9bedd4fc58abce3ecd1c9a2338e6,2026-09-23T16:00:49.726012+00:00,data/interim/gridsat/2006/gridsat_2006.08.30.00.nc,791227,932044c1c9132eeeb6f037c483a9f45cf7150ab74b47228e1e436841f6a58c0f,2026-09-23T16:00:49.591094+00:00
2006-08-30T03:00:00+00:00,2006,GRIDSAT-B1.2006.08.30.03.v02r01.nc,data/interim/gridsat/2006/gridsat_2006.08.30.03.npz,520338,28dde1caaec521dd624bb2315d6ae9f9b8ecb40c0203f24f3cf793249aebd3d3,2026-09-23T16:01:36.592708+00:00,data/interim/gridsat/2006/gridsat_2006.08.30.03.nc,781500,0d52a480d99ce9a207a443a85a9afa46919aeea2ecf95d6579df26f07b043aa6,2026-09-23T16:01:36.478939+00:00
2006-08-30T06:00:00+00:00,2006,GRIDSAT-B1.2006.08.30.06.v02r01.nc,data/interim/gridsat/2006/gridsat_2006.08.30.06.npz,548477,fb2b530f85c8a4b3c0d78b3ba6d421c711856a01b144afaacea3253207a5147b,2026-09-23T16:01:12.895755+00:00,data/interim/gridsat/2006/gridsat_2006.08.30.06.nc,810856,2ac10abf196e6062f1d5c58c80f1bfd77932a5828d0f126f2b4fb451f90c6a87,2026-09-23T16:01:12.790839+00:00
2006-09-20T12:00:00+00:00,2006,GRIDSAT-B1.2006.09.20.12.v02r01.nc,data/interim/gridsat/2006/gridsat_2006.09.20.12.npz,560031,579df9bcfe23a78556c4aecca5e8fe79631f58f24653b1d5835bb37da02f3c77,2026-09-23T16:01:17.194378+00:00,data/interim/gridsat/2006/gridsat_2006.09.20.12.nc,843152,5a398606832f9508388486eafa9f1f16751774a8840545917b7e45f27514e1ed,2026-09-23T16:01:17.088620+00:00
2006-09-20T15:00:00+00:00,2006,GRIDSAT-B1.2006.09.20.15.v02r01.nc,data/interim/gridsat/2006/gridsat_2006.09.20.15.npz,532405,57c15731ae70a3488536ce6a089c7a7ef86eed9ed9acc0205f7614d997b4f7e0,2026-09-23T16:01:40.524688+00:00,data/interim/gridsat/2006/gridsat_2006.09.20.15.nc,812240,cc2f136081c71247000add8cbefd00581f9a5c59c20221c06bccd24797450255,2026-09-23T16:01:40.410931+00:00
2006-09-20T18:00:00+00:00,2006,GRIDSAT-B1.2006.09.20.18.v02r01.nc,data/interim/gridsat/2006/gridsat_2006.09.20.18.npz,530962,7d58fb9c67a4fd74e0f611af6f153a1e1263de7e28e7a82448f6e338deb635e3,2026-09-23T16:01:29.830492+00:00,data/interim/gridsat/2006/gridsat_2006.09.20.18.nc,811560,3d5b8d68b93350b18708f37d0aca0daa40e426ed5db3e3853a6b31440f23c163,2026-09-23T16:01:29.708579+00:00
2006-09-20T21:00:00+00:00,2006,GRIDSAT-B1.2006.09.20.21.v02r01.nc,data/interim/gridsat/2006/gridsat_2006.09.20.21.npz,547075,9a05fef5822405fa2a94ef5168fa66363895e6ac0fad96489def96789390ec83,2026-09-23T16:02:05.885399+00:00,data/interim/gridsat/2006/gridsat_2006.09.20.21.nc,832428,4c829f17eac4302fa9b3057b1b2d07915bf43b4f3d5819bef4a4e07a0641aeac,2026-09-23T16:02:05.694912+00:00
2006-09-21T00:00:00+00:00,2006,GRIDSAT-B1.2006.09.21.00.v02r01.nc,data/interim/gridsat/2006/gridsat_2006.09.21.00.npz,534946,89e80b4b9a7ad8ce64564f27858c572efc09375807988a8f16ee5fe1413b0328,2026-09-23T16:01:47.353005+00:00,data/interim/gridsat/2006/gridsat_2006.09.21.00.nc,814147,c1a3a0dda87cbd30ed7cfb74f5973ae951adc4f5da60a1852c9deab0984f222a,2026-09-23T16:01:47.256497+00:00
2006-09-21T03:00:00+00:00,2006,GRIDSAT-B1.2006.09.21.03.v02r01.nc,data/interim/gridsat/2006/gridsat_2006.09.21.03.npz,526770,402b1009fea394b7387232f547c9fd21670138c0473790ba3c3d76f09aa38091,2026-09-23T16:03:07.472813+00:00,data/interim/gridsat/2006/gridsat_2006.09.21.03.nc,802260,c3b5c228b69372a3fd4bcabb36e7eebaa596dd3fc2961f502167f8b60711ca83,2026-09-23T16:03:07.251012+00:00
2006-09-21T06:00:00+00:00,2006,GRIDSAT-B1.2006.09.21.06.v02r01.nc,data/interim/gridsat/2006/gridsat_2006.09.21.06.npz,545024,1e0eeec9517e6e80d0098ef2ea86b050354cef95b8d7b0e777a134454aef39ff,2026-09-23T16:01:50.349897+00:00,data/interim/gridsat/2006/gridsat_2006.09.21.06.nc,816690,0200d3c45d60591f53c7a65e4ea8baff0c8b0cce833f519d0d3af30eec51d32b,2026-09-23T16:01:50.112076+00:00
2006-09-21T09:00:00+00:00,2006,GRIDSAT-B1.2006.09.21.09.v02r01.nc,data/interim/gridsat/2006/gridsat_2006.09.21.09.npz,569552,d2d7321922f21e3ea040f92acc0818963e5a399915aec356bb443c7582e024d5,2026-09-23T16:02:55.974369+00:00,data/interim/gridsat/2006/gridsat_2006.09.21.09.nc,846574,880cd93bb23899c37ef76ca8a8e6411352081d54cd820ce77c25b14113cbcc8f,2026-09-23T16:02:55.736560+00:00
2006-09-21T12:00:00+00:00,2006,GRIDSAT-B1.2006.09.21.12.v02r01.nc,data/interim/gridsat/2006/gridsat_2006.09.21.12.npz,558238,6f601f979a72394ec2231cd5d759db3337df8ff53129ba25d2cc57510837518d,2026-09-23T16:02:22.088115+00:00,data/interim/gridsat/2006/gridsat_2006.09.21.12.nc,835898,f201547be547e6ba1b96c7e1e8d5e2ce18f7bf9f6ae1aa549b9a726a75a99aaf,2026-09-23T16:02:21.863329+00:00
2006-09-21T15:00:00+00:00,2006,GRIDSAT-B1.2006.09.21.15.v02r01.nc,data/interim/gridsat/2006/gridsat_2006.09.21.15.npz,538435,3db0599521bc7d1a15224d96a8ef0cdf67f2a33cb12452daf39456de3710b51d,2026-09-23T16:02:35.353579+00:00,data/interim/gridsat/2006/gridsat_2006.09.21.15.nc,816016,5499009ef6eb20a4322465eb1823788c19c4b22ef94afd70f866f1d6782acca2,2026-09-23T16:02:35.116831+00:00
2006-09-21T18:00:00+00:00,2006,GRIDSAT-B1.2006.09.21.18.v02r01.nc,data/interim/gridsat/2006/gridsat_2006.09.21.18.npz,535472,c5031392c0d7d64d8464e0b96c75a661f8cda28cb408eeeeb1f4ecb826844152,2026-09-23T16:02:37.386333+00:00,data/interim/gridsat/2006/gridsat_2006.09.21.18.nc,815567,3af6a60d6df898967b32cf084e2fbbfe22269725b8b9ed704e183228e8dc743b,2026-09-23T16:02:37.158689+00:00
2006-09-21T21:00:00+00:00,2006,GRIDSAT-B1.2006.09.21.21.v02r01.nc,data/interim/gridsat/2006/gridsat_2006.09.21.21.npz,545149,0551a0603c78c4155ad738ed909c1cee1a4e320ddc8b842e3713c623f9188da0,2026-09-23T16:03:30.731680+00:00,data/interim/gridsat/2006/gridsat_2006.09.21.21.nc,831056,38dbca7bd3dd34daeda46661b2dd2855667205f200211daf2304c1990a1c8a8a,2026-09-23T16:03:30.539407+00:00
2006-09-22T00:00:00+00:00,2006,GRIDSAT-B1.2006.09.22.00.v02r01.nc,data/interim/gridsat/2006/gridsat_2006.09.22.00.npz,533738,27a03ac16c54b8de0e002fda534442fea868f7cc28d5225d799e5c594184a548,2026-09-23T16:03:26.125640+00:00,data/interim/gridsat/2006/gridsat_2006.09.22.00.nc,815298,3bb74474b95e2811fe3fcb90a7d59ad963f03079d40e434fce7d334bb27e1d81,2026-09-23T16:03:25.935603+00:00
2006-09-22T03:00:00+00:00,2006,GRIDSAT-B1.2006.09.22.03.v02r01.nc,data/interim/gridsat/2006/gridsat_2006.09.22.03.npz,528266,cfcd02e51f507834692df1559b6022347a11ffe1335227499de93b8cc03070a3,2026-09-23T16:03:19.645550+00:00,data/interim/gridsat/2006/gridsat_2006.09.22.03.nc,803648,aaaa6ecfd47ab4a824605a8cfd64e2fb513402ecfdcc775707104939dc874ed0,2026-09-23T16:03:19.411562+00:00
2006-09-22T06:00:00+00:00,2006,GRIDSAT-B1.2006.09.22.06.v02r01.nc,data/interim/gridsat/2006/gridsat_2006.09.22.06.npz,527015,ba07e83ac5adb80eff2e7e563ef7b845dfe883541259fe76e160759f3e75f569,2026-09-23T16:04:08.568485+00:00,data/interim/gridsat/2006/gridsat_2006.09.22.06.nc,708409,ce4054f9bbbbe2c4192d760aac0da4e29efe2c2c453942014c6218ec8963a388,2026-09-23T16:04:08.390699+00:00
2006-09-22T09:00:00+00:00,2006,GRIDSAT-B1.2006.09.22.09.v02r01.nc,data/interim/gridsat/2006/gridsat_2006.09.22.09.npz,560191,f8d2007fc9a033b3005952ec9cd5f9ca5575ad555a4cb83a2d4837259132e93e,2026-09-23T16:03:16.975585+00:00,data/interim/gridsat/2006/gridsat_2006.09.22.09.nc,835116,783cc814e49d2c0801ab087680dd9b1f0f9b8a864fd69c3906a5eb8ead8a0362,2026-09-23T16:03:16.769758+00:00
2006-09-22T12:00:00+00:00,2006,GRIDSAT-B1.2006.09.22.12.v02r01.nc,data/interim/gridsat/2006/gridsat_2006.09.22.12.npz,544253,9db30962f921b9ad535bf720ce30af29c2f8b373789423ad5bac942b8da87922,2026-09-23T16:04:01.937063+00:00,data/interim/gridsat/2006/gridsat_2006.09.22.12.nc,820326,78f5bddd671be38614a50f46749619d38b874d574e1158f323718ee5aad2e7cf,2026-09-23T16:04:01.732285+00:00
2007-06-01T06:00:00+00:00,2007,GRIDSAT-B1.2007.06.01.06.v02r01.nc,data/interim/gridsat/2007/gridsat_2007.06.01.06.npz,596858,3e52373a31bb58ea8b3a14e61d4eb9ce05a91d900ea26be3c37d90cc39d39ef4,2026-09-23T16:04:27.127436+00:00,data/interim/gridsat/2007/gridsat_2007.06.01.06.nc,856737,cdd295410dfa5f7bf6cd7fd90be22fe982208ee6fd161fbeddc80e478343b5cc,2026-09-23T16:04:26.903234+00:00
2007-06-01T09:00:00+00:00,2007,GRIDSAT-B1.2007.06.01.09.v02r01.nc,data/interim/gridsat/2007/gridsat_2007.06.01.09.npz,624445,2d2f460d36788d2fc0b2a3ce8190182974a5594c712a644ba0a2c86ff471d311,2026-09-23T16:04:25.316406+00:00,data/interim/gridsat/2007/gridsat_2007.06.01.09.nc,886128,2d630a0d99b1625fe2577dcd272dddb180843366c3d62e8e832dcfae0a9f6c45,2026-09-23T16:04:25.093176+00:00
2007-06-01T12:00:00+00:00,2007,GRIDSAT-B1.2007.06.01.12.v02r01.nc,data/interim/gridsat/2007/gridsat_2007.06.01.12.npz,623137,4efb4c52ab1092c98b71f61227931e4b1f45bd469c316da0acbcd019ae5603ce,2026-09-23T16:04:22.914931+00:00,data/interim/gridsat/2007/gridsat_2007.06.01.12.nc,888852,056c99d93920290ec6bbff195b6ac6ddfc6f01b72499a19c84481689cbee0a78,2026-09-23T16:04:22.678544+00:00
2007-06-01T15:00:00+00:00,2007,GRIDSAT-B1.2007.06.01.15.v02r01.nc,data/interim/gridsat/2007/gridsat_2007.06.01.15.npz,599953,14ec1fca23b90594506986379308c35d2e1495b972e612fed6441ca8598b9e6a,2026-09-23T16:04:24.889872+00:00,data/interim/gridsat/2007/gridsat_2007.06.01.15.nc,869716,a6c13bdf0143147635a52a1e3cf80c8605fb81f1fb0319311ff30b1fb0b68557,2026-09-23T16:04:24.714031+00:00
2007-06-01T18:00:00+00:00,2007,GRIDSAT-B1.2007.06.01.18.v02r01.nc,data/interim/gridsat/2007/gridsat_2007.06.01.18.npz,594097,19f0a39e8df848ac95501f1d56bab9d8e42c331221ea57c951f6fb621f0712c9,2026-09-23T16:05:24.130510+00:00,data/interim/gridsat/2007/gridsat_2007.06.01.18.nc,865208,696dc0eb0b916c6e49888b8d2e7b5a630b8da3958524c76a496261ad92bb22f3,2026-09-23T16:05:23.888806+00:00
2007-06-01T21:00:00+00:00,2007,GRIDSAT-B1.2007.06.01.21.v02r01.nc,data/interim/gridsat/2007/gridsat_2007.06.01.21.npz,589918,4d21b98b5f6bd832aad1d269875b993e96b9a75fdd936d742ac2e8e092c4a886,2026-09-23T16:05:02.471947+00:00,data/interim/gridsat/2007/gridsat_2007.06.01.21.nc,862621,3973c11de6d94302d696c64dc24bca8dbc1d3d0334f1a34386fd979ef8b2109f,2026-09-23T16:05:02.239801+00:00
2007-06-02T00:00:00+00:00,2007,GRIDSAT-B1.2007.06.02.00.v02r01.nc,data/interim/gridsat/2007/gridsat_2007.06.02.00.npz,579850,451ef4f944ff310c4c84b9f15da959232720034857c81b2d739b4aeef74c6793,2026-09-23T16:05:21.016152+00:00,data/interim/gridsat/2007/gridsat_2007.06.02.00.nc,854841,687bb6e542867b432d9cf2b9f21563f21c9ec779180cd470e1b6ca595a67aad3,2026-09-23T16:05:20.774122+00:00
2007-06-02T03:00:00+00:00,2007,GRIDSAT-B1.2007.06.02.03.v02r01.nc,data/interim/gridsat/2007/gridsat_2007.06.02.03.npz,574543,ca50a3ba3eb19c2c5b77859274532e466f33b42d0ef47218b08374d63447c72c,2026-09-23T16:06:13.294293+00:00,data/interim/gridsat/2007/gridsat_2007.06.02.03.nc,841936,989812d3e23a863f59a1cbefa3dfb90933c74f10a624fcd1babee75a1e699856,2026-09-23T16:06:13.078689+00:00
2007-06-02T06:00:00+00:00,2007,GRIDSAT-B1.2007.06.02.06.v02r01.nc,data/interim/gridsat/2007/gridsat_2007.06.02.06.npz,602110,372b32bca9fdc2547a75573695f5ba55dbf18d3721a03787e3ab3df004009699,2026-09-23T16:05:48.698296+00:00,data/interim/gridsat/2007/gridsat_2007.06.02.06.nc,868277,7d3b389187ea515e53c83747787d4e09e0f2ac4e097b6d0e84618d0b86f72dd2,2026-09-23T16:05:48.454339+00:00
2007-06-02T09:00:00+00:00,2007,GRIDSAT-B1.2007.06.02.09.v02r01.nc,data/interim/gridsat/2007/gridsat_2007.06.02.09.npz,630679,65f08c8133f61483ff51ac2bc1f4ccf5aa6a548b44b6d1b5657798a3505060e3,2026-09-23T16:05:52.878411+00:00,data/interim/gridsat/2007/gridsat_2007.06.02.09.nc,896474,0bc7792ec2cf641b21f544ef946be568076332de70823209da0b1a4fcfd5a303,2026-09-23T16:05:52.633388+00:00
2007-06-02T12:00:00+00:00,2007,GRIDSAT-B1.2007.06.02.12.v02r01.nc,data/interim/gridsat/2007/gridsat_2007.06.02.12.npz,620507,c2fb439c642ce8aadf5254941575844a29aad44131c9b7245ac38cd820ce6cc0,2026-09-23T16:05:19.731617+00:00,data/interim/gridsat/2007/gridsat_2007.06.02.12.nc,892474,a8884d1dd46a7e4335a7ff54a6a1477b5fd88c46ee1c6cf76d810e8efd1d093f,2026-09-23T16:05:19.491287+00:00
2007-06-02T15:00:00+00:00,2007,GRIDSAT-B1.2007.06.02.15.v02r01.nc,data/interim/gridsat/2007/gridsat_2007.06.02.15.npz,584529,86bdd406a94b4fbe9ce72951ba4b45d08fe73456ccd8f0157a25973e94010394,2026-09-23T16:05:53.469826+00:00,data/interim/gridsat/2007/gridsat_2007.06.02.15.nc,857154,bf64e9287bc53852d417e60bee3628331142e95cb463e28887a2e0c05e596cc4,2026-09-23T16:05:53.251582+00:00
2007-06-02T18:00:00+00:00,2007,GRIDSAT-B1.2007.06.02.18.v02r01.nc,data/interim/gridsat/2007/gridsat_2007.06.02.18.npz,576637,901091fe57a73a81cce702a805ced1f6dcd84e8a4299bcf1991d35a923f0b7ef,2026-09-23T16:06:54.473924+00:00,data/interim/gridsat/2007/gridsat_2007.06.02.18.nc,848751,7dcb4190e12dc54d7615480237f63bc8b1af6bb36d666455ec05adde320704b7,2026-09-23T16:06:54.245861+00:00
2007-06-02T21:00:00+00:00,2007,GRIDSAT-B1.2007.06.02.21.v02r01.nc,data/interim/gridsat/2007/gridsat_2007.06.02.21.npz,582484,5c0fab12f265e047e90f7507a0fc4e3533a9e81e9110d0931ed49898886ab7f0,2026-09-23T16:07:11.314228+00:00,data/interim/gridsat/2007/gridsat_2007.06.02.21.nc,854610,17b6a1aed6266b0440dbfa41aa081d19e9062178ea382ffc89cdae3dfe8608a5,2026-09-23T16:07:11.143473+00:00
2007-06-03T00:00:00+00:00,2007,GRIDSAT-B1.2007.06.03.00.v02r01.nc,data/interim/gridsat/2007/gridsat_2007.06.03.00.npz,579442,9fad08e0177a1b2ea825a656604e257d8ce9b88df10aed2f9ef85e7b7b254a4b,2026-09-23T16:07:03.295507+00:00,data/interim/gridsat/2007/gridsat_2007.06.03.00.nc,849432,a5d4d1a4ab387efa67c12cdfe744e3392e9bf934f061819bfd35ddbb9989f51b,2026-09-23T16:07:03.092629+00:00
2007-06-03T03:00:00+00:00,2007,GRIDSAT-B1.2007.06.03.03.v02r01.nc,data/interim/gridsat/2007/gridsat_2007.06.03.03.npz,581891,c6ac8db7e477a285e956774b61b4c2e5a6e37be9e05ae6c687dd23adba86efe2,2026-09-23T16:07:19.258413+00:00,data/interim/gridsat/2007/gridsat_2007.06.03.03.nc,850778,fd75e6764e413fb7393a0f29dd180f81424e93d449f24f74c378559dd8c478ac,2026-09-23T16:07:19.048744+00:00
2007-06-03T06:00:00+00:00,2007,GRIDSAT-B1.2007.06.03.06.v02r01.nc,data/interim/gridsat/2007/gridsat_2007.06.03.06.npz,606128,e037f5aac2819e6ef87d26bb9483726f459c58f489a7b35f89081e1b5b492562,2026-09-23T16:07:26.863988+00:00,data/interim/gridsat/2007/gridsat_2007.06.03.06.nc,874542,9c67dca07ca212a20b7a3f84fcfb0c6c9cd32e66fad55a95fc1dae9f9f106f33,2026-09-23T16:07:26.668127+00:00
2007-06-03T09:00:00+00:00,2007,GRIDSAT-B1.2007.06.03.09.v02r01.nc,data/interim/gridsat/2007/gridsat_2007.06.03.09.npz,634944,24fcc268e50cba7b030063dfa95aea157346c8f15d0d0fa2f280d437a73e3a1f,2026-09-23T16:07:20.205395+00:00,data/interim/gridsat/2007/gridsat_2007.06.03.09.nc,901914,78672f11d30caa4e3fd9ce47d54b3abb80f88db9fb37f96fda4736523b29ea55,2026-09-23T16:07:20.022564+00:00
2007-06-03T12:00:00+00:00,2007,GRIDSAT-B1.2007.06.03.12.v02r01.nc,data/interim/gridsat/2007/gridsat_2007.06.03.12.npz,625527,5037d21720f4665573a6a72981451183b35746ef608dd46def886e0a83acee01,2026-09-23T16:07:22.515405+00:00,data/interim/gridsat/2007/gridsat_2007.06.03.12.nc,897034,68c0970cfea47fa81d49f551b177b0d385cdde9d507fbf53f4baaec2c972b23b,2026-09-23T16:07:22.308117+00:00
2007-06-03T15:00:00+00:00,2007,GRIDSAT-B1.2007.06.03.15.v02r01.nc,data/interim/gridsat/2007/gridsat_2007.06.03.15.npz,595597,55ffe8a4882294d3111a0eb42f00a0e55670f74483626aa99ee00e2a56f08333,2026-09-23T16:07:28.606005+00:00,data/interim/gridsat/2007/gridsat_2007.06.03.15.nc,868058,ae458bb70ce8b28ef4f9c1e98ecb5e363dfa63175ee08fb701215b8ae1f5c972,2026-09-23T16:07:28.366671+00:00
2007-06-03T18:00:00+00:00,2007,GRIDSAT-B1.2007.06.03.18.v02r01.nc,data/interim/gridsat/2007/gridsat_2007.06.03.18.npz,586527,b5635b231b2a22a72050bb9ce45cb0d6dfc9d3764314aed2194f0db6d4b5bfca,2026-09-23T16:07:47.526440+00:00,data/interim/gridsat/2007/gridsat_2007.06.03.18.nc,862416,70eb4716a41be51e8d271e616a16f67c2cd22294406af65cfbfc6154b2cbd60c,2026-09-23T16:07:47.427748+00:00
2007-06-03T21:00:00+00:00,2007,GRIDSAT-B1.2007.06.03.21.v02r01.nc,data/interim/gridsat/2007/gridsat_2007.06.03.21.npz,583607,01cf8d025e34eeb7f2a68e6163e32b7308454c44a9d95352216d6cc6be3b0fa9,2026-09-23T16:08:10.528551+00:00,data/interim/gridsat/2007/gridsat_2007.06.03.21.nc,860355,4a98115b6cb16bf947a9c25ca8d871532dc74cf3380b394b1fe4ab4945954d5c,2026-09-23T16:08:10.438268+00:00
2007-06-04T00:00:00+00:00,2007,GRIDSAT-B1.2007.06.04.00.v02r01.nc,data/interim/gridsat/2007/gridsat_2007.06.04.00.npz,580381,65bc4c7d992d772127b95837127382186f77e191895f42a3712df5221b9292f3,2026-09-23T16:07:52.595944+00:00,data/interim/gridsat/2007/gridsat_2007.06.04.00.nc,855957,61041055bc6e55cbfa1d56c2d5bc4dd0a9280cded49779f09c258f1c9576c0eb,2026-09-23T16:07:52.506511+00:00
2007-06-04T03:00:00+00:00,2007,GRIDSAT-B1.2007.06.04.03.v02r01.nc,data/interim/gridsat/2007/gridsat_2007.06.04.03.npz,583961,00ee3b388e7a1512f2fca593e95ecceb14d503282e6797b03e69efef0485d824,2026-09-23T16:08:16.479653+00:00,data/interim/gridsat/2007/gridsat_2007.06.04.03.nc,851480,c57368dfa66ab035f2dd1fb32c4395faead96f7062f89b99444cd6906a47cc3f,2026-09-23T16:08:16.384772+00:00
2007-06-04T06:00:00+00:00,2007,GRIDSAT-B1.2007.06.04.06.v02r01.nc,data/interim/gridsat/2007/gridsat_2007.06.04.06.npz,593235,92811da64ebb40f2017422d01cc8899acfb7b051aa4c745b610dd903a1334b19,2026-09-23T16:08:24.674054+00:00,data/interim/gridsat/2007/gridsat_2007.06.04.06.nc,861819,61d699d5dbcaaaf7f3f5220a953ca8014aec645eaee5bda82a74d27109d92d33,2026-09-23T16:08:24.593184+00:00
2007-06-04T09:00:00+00:00,2007,GRIDSAT-B1.2007.06.04.09.v02r01.nc,data/interim/gridsat/2007/gridsat_2007.06.04.09.npz,610526,6f3a45ddb482de776d98e002102792e0bf5337ce6d0adf65b4722ea0370f9edb,2026-09-23T16:07:54.166027+00:00,data/interim/gridsat/2007/gridsat_2007.06.04.09.nc,878490,41e290b591440738f7d8bda4a02a5fba5f6edb4518941b9278aa2d6a31759b94,2026-09-23T16:07:54.072827+00:00
2007-06-04T12:00:00+00:00,2007,GRIDSAT-B1.2007.06.04.12.v02r01.nc,data/interim/gridsat/2007/gridsat_2007.06.04.12.npz,600568,f9399646f0a7a158cdab121b3a3004b557b956dfcd0f2307a5c1791417a76dfb,2026-09-23T16:08:10.724306+00:00,data/interim/gridsat/2007/gridsat_2007.06.04.12.nc,873190,fe2a36e24e892f69c89806fdfa1150af976b849f1522b163c4174940508560bf,2026-09-23T16:08:10.618727+00:00
2007-06-04T15:00:00+00:00,2007,GRIDSAT-B1.2007.06.04.15.v02r01.nc,data/interim/gridsat/2007/gridsat_2007.06.04.15.npz,574491,19631eab28421385a93d92709f84420097cb48dd3ba97803af649956ac31ba61,2026-09-23T16:08:23.722831+00:00,data/interim/gridsat/2007/gridsat_2007.06.04.15.nc,844481,a083ee80de62132c608726e642ca6fc9b275a3f65e44c9e79a165c169fbc1224,2026-09-23T16:08:23.635979+00:00
2007-06-04T18:00:00+00:00,2007,GRIDSAT-B1.2007.06.04.18.v02r01.nc,data/interim/gridsat/2007/gridsat_2007.06.04.18.npz,571045,3532f088fbfe1ba404639cf18dfab574214ba52b8c9a9356233f9e27ccdf2253,2026-09-23T16:08:18.755391+00:00,data/interim/gridsat/2007/gridsat_2007.06.04.18.nc,841884,84e7bce347f39169e6b932d3a1aefb46938abb3a0c05a8e16425c43bff3136ab,2026-09-23T16:08:18.664421+00:00
2007-06-04T21:00:00+00:00,2007,GRIDSAT-B1.2007.06.04.21.v02r01.nc,data/interim/gridsat/2007/gridsat_2007.06.04.21.npz,575170,83b64f9165c344eb4f956eb78fcf19c68e8755b980c348a4d151764616b1d135,2026-09-23T16:08:28.693152+00:00,data/interim/gridsat/2007/gridsat_2007.06.04.21.nc,847531,bb6e0cab6a60ddc6b4eb0232b6d67609a730a3e237d0205332accfebf3b10532,2026-09-23T16:08:28.592181+00:00
2007-06-05T00:00:00+00:00,2007,GRIDSAT-B1.2007.06.05.00.v02r01.nc,data/interim/gridsat/2007/gridsat_2007.06.05.00.npz,570182,014fffa25687697e22952ef1736ccc872ac20fe2798af6dbe12cf0e6df4aea4d,2026-09-23T16:08:28.916854+00:00,data/interim/gridsat/2007/gridsat_2007.06.05.00.nc,840724,a47033ec7b74abb09ffd1d0986d48e624b7698383e5d8c73442a71db0fc17b85,2026-09-23T16:08:28.820635+00:00
2007-06-05T03:00:00+00:00,2007,GRIDSAT-B1.2007.06.05.03.v02r01.nc,data/interim/gridsat/2007/gridsat_2007.06.05.03.npz,561571,754d1db73fa2087700a21b607b3ee3b1f1b6bb9bbc0325e427b53c32f9d8f626,2026-09-23T16:08:57.577091+00:00,data/interim/gridsat/2007/gridsat_2007.06.05.03.nc,828791,02bc6d2861c87026a2301a491feafbe2fa567ecd570b930e3060f2de161fad0f,2026-09-23T16:08:57.390352+00:00
2007-06-20T12:00:00+00:00,2007,GRIDSAT-B1.2007.06.20.12.v02r01.nc,data/interim/gridsat/2007/gridsat_2007.06.20.12.npz,625063,ee9d14ef76c36c38873fb27c6f3afd0227d79096927e18013bf79426b71e1cc6,2026-09-23T16:08:43.375175+00:00,data/interim/gridsat/2007/gridsat_2007.06.20.12.nc,908029,51868325ff90ec6c43527fdb219056bebb4d9263329dffeb6c3f42272a3fa964,2026-09-23T16:08:43.250459+00:00
2007-06-20T15:00:00+00:00,2007,GRIDSAT-B1.2007.06.20.15.v02r01.nc,data/interim/gridsat/2007/gridsat_2007.06.20.15.npz,604070,0a01845e917a3d4c0b0f6751fe89333f7eac57fc598a9ff78621d0c04d5f43f6,2026-09-23T16:08:35.215505+00:00,data/interim/gridsat/2007/gridsat_2007.06.20.15.nc,890502,1002542fba5ef5fc0584d4cd5425b40cb8994ac7065dc07f252de097d204caf8,2026-09-23T16:08:35.114609+00:00
2007-06-20T18:00:00+00:00,2007,GRIDSAT-B1.2007.06.20.18.v02r01.nc,data/interim/gridsat/2007/gridsat_2007.06.20.18.npz,603395,a6b6c2af69e21613b7b54e8c96be51b443c8c7fbf82654625d7e9dda7892fc4d,2026-09-23T16:08:53.175292+00:00,data/interim/gridsat/2007/gridsat_2007.06.20.18.nc,887874,6266fb26cce313d3013208d2e2e808da89239ef9c3b41508810115d12acf9c91,2026-09-23T16:08:52.979284+00:00
2007-06-20T21:00:00+00:00,2007,GRIDSAT-B1.2007.06.20.21.v02r01.nc,data/interim/gridsat/2007/gridsat_2007.06.20.21.npz,602744,d9d324e59871b518df3754ea8090eb339a6cb1ac00be70b2055f701826247c7a,2026-09-23T16:09:04.043669+00:00,data/interim/gridsat/2007/gridsat_2007.06.20.21.nc,880151,9998b8a4d9a091b90cba556599f556483d7a64909fef87ace69d16086ddea710,2026-09-23T16:09:03.955893+00:00
2007-06-21T00:00:00+00:00,2007,GRIDSAT-B1.2007.06.21.00.v02r01.nc,data/interim/gridsat/2007/gridsat_2007.06.21.00.npz,596627,bd750ab12784e055c275274c4286bdd6e5c6bf9124d2c8b045a0b6fb87d135ab,2026-09-23T16:08:42.051178+00:00,data/interim/gridsat/2007/gridsat_2007.06.21.00.nc,880708,1735aee240fa599fc629de75165e54ba3839f3735635a392fa913d5d8602f473,2026-09-23T16:08:41.929898+00:00
2007-06-21T03:00:00+00:00,2007,GRIDSAT-B1.2007.06.21.03.v02r01.nc,data/interim/gridsat/2007/gridsat_2007.06.21.03.npz,593281,8a952b32b1b560e1160c686647a92f08dac2ac8d1dd7c2a31dc4f31f6cc9464e,2026-09-23T16:08:49.097904+00:00,data/interim/gridsat/2007/gridsat_2007.06.21.03.nc,876147,7b4aa05efe434e510a29870b029ecca650d050758474184e26c17a8e4dd7044e,2026-09-23T16:08:48.979283+00:00
2007-06-21T06:00:00+00:00,2007,GRIDSAT-B1.2007.06.21.06.v02r01.nc,data/interim/gridsat/2007/gridsat_2007.06.21.06.npz,611042,05a1d57610984d6d856948c678a3a680067c6265f17fd21178012fa6073cd2c6,2026-09-23T16:08:57.436036+00:00,data/interim/gridsat/2007/gridsat_2007.06.21.06.nc,892980,b6601fedbae7ba65b8a196b3bb4b0f000714206461d2bec6c2bab2d0a6f5e33b,2026-09-23T16:08:57.245243+00:00
2007-06-21T09:00:00+00:00,2007,GRIDSAT-B1.2007.06.21.09.v02r01.nc,data/interim/gridsat/2007/gridsat_2007.06.21.09.npz,632470,f3110e92993c2706c7bc32411e142f021b0b1e5e3116ce0e2b1c065829f069fe,2026-09-23T16:09:10.225973+00:00,data/interim/gridsat/2007/gridsat_2007.06.21.09.nc,913947,2d02e8af56c5c7d5691fdb3b339cdecde018e50798a431787825c83fd2126829,2026-09-23T16:09:09.958293+00:00
2007-06-27T09:00:00+00:00,2007,GRIDSAT-B1.2007.06.27.09.v02r01.nc,data/interim/gridsat/2007/gridsat_2007.06.27.09.npz,604815,aa20e84aaf7369594d4da6dccfc206563b7521f4f0516fc3a50c6ec009b11152,2026-09-23T16:09:02.945420+00:00,data/interim/gridsat/2007/gridsat_2007.06.27.09.nc,893475,17022384397055b06cac58dbc8081a2a674fd6afd4fad7d8e92034d7e8f07113,2026-09-23T16:09:02.810503+00:00
2007-06-27T12:00:00+00:00,2007,GRIDSAT-B1.2007.06.27.12.v02r01.nc,data/interim/gridsat/2007/gridsat_2007.06.27.12.npz,595145,027c690c0b7b34118d2bb383507d27c782c8b77c724c1ded108748c9ebdbae37,2026-09-23T16:09:02.843278+00:00,data/interim/gridsat/2007/gridsat_2007.06.27.12.nc,883993,e6728fee956461b7fab5df5872ccb6dd96e1e7bd3ecd07c2b55318dc9bdcc116,2026-09-23T16:09:02.733690+00:00
2007-06-27T15:00:00+00:00,2007,GRIDSAT-B1.2007.06.27.15.v02r01.nc,data/interim/gridsat/2007/gridsat_2007.06.27.15.npz,578805,f10ebff6ec424fb44240fef1399dce6f63900e75f31b7a6788e41d7f5695a6ac,2026-09-23T16:09:20.383716+00:00,data/interim/gridsat/2007/gridsat_2007.06.27.15.nc,867302,e5bc8f962409bb5dccc45299c04aa9957f28e1e6aa993b4503cd3da7caa4e8b9,2026-09-23T16:09:20.278468+00:00
2007-06-27T18:00:00+00:00,2007,GRIDSAT-B1.2007.06.27.18.v02r01.nc,data/interim/gridsat/2007/gridsat_2007.06.27.18.npz,572785,7c2d4191582b3074c30a884ec4e54d079c96b3378783b764ec99b16fc47ed250,2026-09-23T16:09:20.437027+00:00,data/interim/gridsat/2007/gridsat_2007.06.27.18.nc,865085,6e1831a3fe92830b46dbeea8e5cfdc34033844de3562031ca14041730ee9ff9c,2026-09-23T16:09:20.354251+00:00
2007-06-27T21:00:00+00:00,2007,GRIDSAT-B1.2007.06.27.21.v02r01.nc,data/interim/gridsat/2007/gridsat_2007.06.27.21.npz,573449,6788ea4442bc4f84b3350b4af8bbdd6ef37a8bf94ef3d285b49b7ac54fdd4734,2026-09-23T16:09:49.953246+00:00,data/interim/gridsat/2007/gridsat_2007.06.27.21.nc,866843,2efca788a16291fdc5ba074ef87bb73c0559d7284e8ad6ecfc70c772c20896f2,2026-09-23T16:09:49.865377+00:00
2007-06-28T00:00:00+00:00,2007,GRIDSAT-B1.2007.06.28.00.v02r01.nc,data/interim/gridsat/2007/gridsat_2007.06.28.00.npz,574561,6190ec57da5dfb006b37e0955b92d9a7106a3a05d0d02379c40943348a44f16d,2026-09-23T16:09:41.210982+00:00,data/interim/gridsat/2007/gridsat_2007.06.28.00.nc,870909,f45f5847c32739aa13a03cf7a19a0d032ef96b752e5edff4af84fab4488f86c1,2026-09-23T16:09:41.097078+00:00
2007-06-28T03:00:00+00:00,2007,GRIDSAT-B1.2007.06.28.03.v02r01.nc,data/interim/gridsat/2007/gridsat_2007.06.28.03.npz,578315,f9d3f4df1a9873ec0c1d2920d114923ff1f2c528b0410ae62a693c92c4ea5155,2026-09-23T16:09:54.329418+00:00,data/interim/gridsat/2007/gridsat_2007.06.28.03.nc,871767,d96758d13a69287fd4d29066c9e8104493cf0b9764006b9322c07d4de237c5ed,2026-09-23T16:09:54.237747+00:00
2007-06-28T06:00:00+00:00,2007,GRIDSAT-B1.2007.06.28.06.v02r01.nc,data/interim/gridsat/2007/gridsat_2007.06.28.06.npz,586878,264b4b6e954c56fab4b4c3c244b182adf9162d9e0358705e524a5bb06af28b63,2026-09-23T16:09:21.745233+00:00,data/interim/gridsat/2007/gridsat_2007.06.28.06.nc,869915,b797e42427b75fccb3c3db655b1970c4a70b83f67f7b6a07edf643723c8058c3,2026-09-23T16:09:21.631193+00:00
2007-06-28T09:00:00+00:00,2007,GRIDSAT-B1.2007.06.28.09.v02r01.nc,data/interim/gridsat/2007/gridsat_2007.06.28.09.npz,602448,3815be914a2ee030c5320443b6b7a7affbe2349fba77abfa6ceb513ee64d735a,2026-09-23T16:09:43.428921+00:00,data/interim/gridsat/2007/gridsat_2007.06.28.09.nc,880787,ce8741721d96a3f628fb8b2b3697b9c43855ad57b6927b75e53a69e470ee82b2,2026-09-23T16:09:43.339519+00:00
2007-06-28T12:00:00+00:00,2007,GRIDSAT-B1.2007.06.28.12.v02r01.nc,data/interim/gridsat/2007/gridsat_2007.06.28.12.npz,598357,63017bff5685b93807380ff9acd7c7cf8bf9ee81f06dba4bc27ffc0e0668ae7e,2026-09-23T16:09:30.760863+00:00,data/interim/gridsat/2007/gridsat_2007.06.28.12.nc,879799,b24211c1072ea0771caee0e6b351bca80d7688ddc85c69737d5daee3c476036a,2026-09-23T16:09:30.499307+00:00
2007-07-03T12:00:00+00:00,2007,GRIDSAT-B1.2007.07.03.12.v02r01.nc,data/interim/gridsat/2007/gridsat_2007.07.03.12.npz,611983,089c23eeb7e41dda267e583a8ad43b3b79db09677c0ddd50a16563f9eb91a46b,2026-09-23T16:09:42.868364+00:00,data/interim/gridsat/2007/gridsat_2007.07.03.12.nc,895097,25b31381e7297e7248d49991897096574f09c0fcce40d3543a95fe6857f1584d,2026-09-23T16:09:42.757814+00:00
2007-07-03T15:00:00+00:00,2007,GRIDSAT-B1.2007.07.03.15.v02r01.nc,data/interim/gridsat/2007/gridsat_2007.07.03.15.npz,592903,de991874bbe6f146b2ff0c4467b526df70282697e8ae9de9bd7d49d782eeab62,2026-09-23T16:09:50.203558+00:00,data/interim/gridsat/2007/gridsat_2007.07.03.15.nc,881742,4ad2a40bc1ce7fa22bc23e623fa8f81cf1da9a074def7abc45728647c371994e,2026-09-23T16:09:50.112073+00:00
2007-07-03T18:00:00+00:00,2007,GRIDSAT-B1.2007.07.03.18.v02r01.nc,data/interim/gridsat/2007/gridsat_2007.07.03.18.npz,581918,50c7ad3eeaea5c27a8c0773d8d93d5784a5dfb4487b00f72ed3bf794e58d0139,2026-09-23T16:09:50.133049+00:00,data/interim/gridsat/2007/gridsat_2007.07.03.18.nc,869417,1cdbc29c08ac2f3b0c387a2c7911b532f1fb9c5f15b6f91f84ecc24f0c45463a,2026-09-23T16:09:50.042525+00:00
2007-07-03T21:00:00+00:00,2007,GRIDSAT-B1.2007.07.03.21.v02r01.nc,data/interim/gridsat/2007/gridsat_2007.07.03.21.npz,577573,0ae611259629179c27911681c38951bc4ebe4450e70b686ffe723362bb096e45,2026-09-23T16:11:48.044818+00:00,data/interim/gridsat/2007/gridsat_2007.07.03.21.nc,863600,17ae03561aef2067b86c6297f56b2e5ec33a00aa082efd7af5451f7185fdc5d1,2026-09-23T16:11:47.841799+00:00
2007-07-04T00:00:00+00:00,2007,GRIDSAT-B1.2007.07.04.00.v02r01.nc,data/interim/gridsat/2007/gridsat_2007.07.04.00.npz,567990,fd5b7aca3ba1c7681efae980f057b0e09519f3190ef5aa57fdd3de0224c05507,2026-09-23T16:11:46.997811+00:00,data/interim/gridsat/2007/gridsat_2007.07.04.00.nc,852642,1f236f6d5436a077be9ae6ec2b4b8657797646d88b6498d249ce118be43370b2,2026-09-23T16:11:46.744584+00:00
2007-07-04T03:00:00+00:00,2007,GRIDSAT-B1.2007.07.04.03.v02r01.nc,data/interim/gridsat/2007/gridsat_2007.07.04.03.npz,560406,c4115f3107e276ddcb6eba950b28cad8376f75bf659a4a717d217b88b4377928,2026-09-23T16:11:39.587681+00:00,data/interim/gridsat/2007/gridsat_2007.07.04.03.nc,840813,d50303a5379a7ec2ccb8e4c5d7f01ecaa4582e2545dc17eddf876ec2b9320394,2026-09-23T16:11:39.347461+00:00
2007-07-04T06:00:00+00:00,2007,GRIDSAT-B1.2007.07.04.06.v02r01.nc,data/interim/gridsat/2007/gridsat_2007.07.04.06.npz,582049,b0e1d6cc7ffb60b9f807158f98b5ad7f18b33ef040f4fae7b518cf9876810380,2026-09-23T16:11:34.218185+00:00,data/interim/gridsat/2007/gridsat_2007.07.04.06.nc,854352,cf51878de8e9c6670bd2314eb88a8e41806db2ac8d1fb55f393b46f883735cba,2026-09-23T16:11:34.101706+00:00
2007-07-04T09:00:00+00:00,2007,GRIDSAT-B1.2007.07.04.09.v02r01.nc,data/interim/gridsat/2007/gridsat_2007.07.04.09.npz,603887,dca570d38791e03264ccedda0620e01f1aff10ee96a2bcff7aa3f20bd5b676af,2026-09-23T16:11:36.248192+00:00,data/interim/gridsat/2007/gridsat_2007.07.04.09.nc,877796,3bcc3b4967d2b6b1b52d39ac1bf77c9d8e1708dee9becaadefd63eb1312c0790,2026-09-23T16:11:35.787455+00:00
2007-07-04T12:00:00+00:00,2007,GRIDSAT-B1.2007.07.04.12.v02r01.nc,data/interim/gridsat/2007/gridsat_2007.07.04.12.npz,596901,86aeaaf34c6b5544a00e3659969e0109653fae6a8887929d4279a14ff87040e0,2026-09-23T16:11:48.385978+00:00,data/interim/gridsat/2007/gridsat_2007.07.04.12.nc,872696,511dc135d44963da01f5d63bf00232c258b30ecde8c56e76df67d44c741c4d72,2026-09-23T16:11:48.212850+00:00
2007-07-04T15:00:00+00:00,2007,GRIDSAT-B1.2007.07.04.15.v02r01.nc,data/interim/gridsat/2007/gridsat_2007.07.04.15.npz,579806,18a0c5f59eb9b4515d21176b61a55ae46708267327bb83386ade5451e4039b83,2026-09-23T16:11:45.043103+00:00,data/interim/gridsat/2007/gridsat_2007.07.04.15.nc,854909,2eced863c974bbf8f2453126c4ddbf7bdb7395dea5f8657b36d61cc2a0598177,2026-09-23T16:11:44.787120+00:00
2007-07-04T18:00:00+00:00,2007,GRIDSAT-B1.2007.07.04.18.v02r01.nc,data/interim/gridsat/2007/gridsat_2007.07.04.18.npz,572859,6ca2f82079bb0f8f9912dc3108fad50ed27e8dd6582b2f839a65ed9ba87197c3,2026-09-23T16:11:47.635090+00:00,data/interim/gridsat/2007/gridsat_2007.07.04.18.nc,852434,f596b9972f370212132702cc327721dee2954a32ea213cfbc527e598c62d0ae0,2026-09-23T16:11:47.434767+00:00
2007-07-04T21:00:00+00:00,2007,GRIDSAT-B1.2007.07.04.21.v02r01.nc,data/interim/gridsat/2007/gridsat_2007.07.04.21.npz,572746,b642ccec3df03ac0f48cf3f73e907e32733be6750e7b29c5974d5905cb8e1617,2026-09-23T16:11:53.635885+00:00,data/interim/gridsat/2007/gridsat_2007.07.04.21.nc,854164,1d74d6142daea3c4b20a62c85e7e6bc45f331081af49ecca714c928c2ceee6fd,2026-09-23T16:11:53.460494+00:00
2007-07-05T00:00:00+00:00,2007,GRIDSAT-B1.2007.07.05.00.v02r01.nc,data/interim/gridsat/2007/gridsat_2007.07.05.00.npz,567721,e98c83c6cb81875dfca76b2dcb9cbf82470b9af78ace213d43d81cb0734e6fa1,2026-09-23T16:11:51.308786+00:00,data/interim/gridsat/2007/gridsat_2007.07.05.00.nc,849019,e35f4bc043bcfaa4995fb5ed09913ff21243daeca2372aed7b7fe139aa7c4250,2026-09-23T16:11:51.074915+00:00
2007-07-05T03:00:00+00:00,2007,GRIDSAT-B1.2007.07.05.03.v02r01.nc,data/interim/gridsat/2007/gridsat_2007.07.05.03.npz,560117,5632823cf009401996e3ae85050e9d2a7184f70bbd9029a9651f084fdcfaa6a6,2026-09-23T16:12:14.938452+00:00,data/interim/gridsat/2007/gridsat_2007.07.05.03.nc,837239,2650e396fadd8b7ff9b91772899321ed21f2fe7c4ec98db70b80be52f3fd717c,2026-09-23T16:12:14.844557+00:00
2007-07-05T06:00:00+00:00,2007,GRIDSAT-B1.2007.07.05.06.v02r01.nc,data/interim/gridsat/2007/gridsat_2007.07.05.06.npz,582040,9bf7ef1eedd8045c6cc51e44a891430d18a35cc61c9a5a9ac5605f0e2e220204,2026-09-23T16:12:39.733242+00:00,data/interim/gridsat/2007/gridsat_2007.07.05.06.nc,854807,454bfc7b44f330fe8a9fc37c98a5e52a231d6b6992b3a475e4f55aad48a07fdf,2026-09-23T16:12:39.610000+00:00
2007-07-05T09:00:00+00:00,2007,GRIDSAT-B1.2007.07.05.09.v02r01.nc,data/interim/gridsat/2007/gridsat_2007.07.05.09.npz,603702,afc3efb0b00d732a0d4241cc107af1b0d50c5e29b8ed7c66b76b5504fcb90d1f,2026-09-23T16:11:55.393636+00:00,data/interim/gridsat/2007/gridsat_2007.07.05.09.nc,879433,efe33244a2bd60959b254d794da5ca49df9056e2ea65dad8bd2c0abe37af5be9,2026-09-23T16:11:55.136567+00:00
2007-07-05T12:00:00+00:00,2007,GRIDSAT-B1.2007.07.05.12.v02r01.nc,data/interim/gridsat/2007/gridsat_2007.07.05.12.npz,596784,c8be89094fb85696252229390e2678ff19c19cf969657794c210087fdeee6258,2026-09-23T16:12:04.122208+00:00,data/interim/gridsat/2007/gridsat_2007.07.05.12.nc,873273,45b976d6d359bf76115b7816052c2946541c41d28ad1f5d11651bf4fe350037b,2026-09-23T16:12:03.876265+00:00
2007-07-05T15:00:00+00:00,2007,GRIDSAT-B1.2007.07.05.15.v02r01.nc,data/interim/gridsat/2007/gridsat_2007.07.05.15.npz,574893,075d4e7d2b9def859049dac8164b3967a978313a15cb8225ea093b66017ee81e,2026-09-23T16:12:20.371874+00:00,data/interim/gridsat/2007/gridsat_2007.07.05.15.nc,850479,90ce3c3df2fb2ecf3937071d4b0c86efae52cb549d5af02bb8a94aa6b39e69a8,2026-09-23T16:12:20.150567+00:00
2007-07-05T18:00:00+00:00,2007,GRIDSAT-B1.2007.07.05.18.v02r01.nc,data/interim/gridsat/2007/gridsat_2007.07.05.18.npz,568149,a7a9b245f0bdbd9ffe03e72afaa017f0b071e2925abe83788da4c1b6a2f43d2c,2026-09-23T16:12:29.632353+00:00,data/interim/gridsat/2007/gridsat_2007.07.05.18.nc,846024,553f0cfde692a8f039512747b571499dd4034ce0d786bf228311286e9cfa67eb,2026-09-23T16:12:29.510343+00:00
2007-07-05T21:00:00+00:00,2007,GRIDSAT-B1.2007.07.05.21.v02r01.nc,data/interim/gridsat/2007/gridsat_2007.07.05.21.npz,571946,4d944d1e40da12574ec77a7acea677a83b4fa1dc043ad8f54d5f644975b927c6,2026-09-23T16:12:30.519667+00:00,data/interim/gridsat/2007/gridsat_2007.07.05.21.nc,854811,18316555736c9d8e7c1dcb0434cd3538b546f937734a0dd34f862d288edd8f2a,2026-09-23T16:12:30.402796+00:00
2007-07-06T00:00:00+00:00,2007,GRIDSAT-B1.2007.07.06.00.v02r01.nc,data/interim/gridsat/2007/gridsat_2007.07.06.00.npz,570161,8febba917ab6d6dcb42d644e38317dee0505a7d921abcc93f9eb50c603f649df,2026-09-23T16:13:10.728462+00:00,data/interim/gridsat/2007/gridsat_2007.07.06.00.nc,853511,f165e6ecc1fe0686d69aba2685aa6a5d6bfd46dc4b811a54ac7573e8a26249e6,2026-09-23T16:13:10.629141+00:00
2007-07-06T03:00:00+00:00,2007,GRIDSAT-B1.2007.07.06.03.v02r01.nc,data/interim/gridsat/2007/gridsat_2007.07.06.03.npz,564982,b3d28c5cb03d73a38f8945207b34024684c2fed27f59ffe66eef21e366fa1422,2026-09-23T16:13:54.214677+00:00,data/interim/gridsat/2007/gridsat_2007.07.06.03.nc,843284,f752aef94a53c0d57354d827368a58d7840f688c6627f20a584eddd87b3b2423,2026-09-23T16:13:54.122464+00:00
2007-07-06T06:00:00+00:00,2007,GRIDSAT-B1.2007.07.06.06.v02r01.nc,data/interim/gridsat/2007/gridsat_2007.07.06.06.npz,584702,13cc00bab36302db7c7cab4d5e77e87a90ced9352ba0045443f5ba019b35d909,2026-09-23T16:12:59.131446+00:00,data/interim/gridsat/2007/gridsat_2007.07.06.06.nc,858872,e751f2a963b3d5ee17520360ea12ec2ce1e44ad2e4a57761f8f53a130a1e35cd,2026-09-23T16:12:59.015425+00:00
2007-07-06T09:00:00+00:00,2007,GRIDSAT-B1.2007.07.06.09.v02r01.nc,data/interim/gridsat/2007/gridsat_2007.07.06.09.npz,603048,ecb3b9e9a63ae84bdffa6e7b25ef12d89ff739c81203e330d5eb5ff39ac68b97,2026-09-23T16:12:56.399093+00:00,data/interim/gridsat/2007/gridsat_2007.07.06.09.nc,882459,5f92345ca6ebf4a05239130df22470d9bf264458e28dfd63e6627e5648de9792,2026-09-23T16:12:56.303269+00:00
2007-07-06T12:00:00+00:00,2007,GRIDSAT-B1.2007.07.06.12.v02r01.nc,data/interim/gridsat/2007/gridsat_2007.07.06.12.npz,599372,8eeec4a0566aa408742c1db0ccb8910ce182281aa9b9829b625c232598de9da1,2026-09-23T16:13:09.999612+00:00,data/interim/gridsat/2007/gridsat_2007.07.06.12.nc,881386,ba73efbc6203edced984e4fbc92965c65d977d3a99e8bdbc923afd98ddae4788,2026-09-23T16:13:09.873133+00:00
2007-07-06T15:00:00+00:00,2007,GRIDSAT-B1.2007.07.06.15.v02r01.nc,data/interim/gridsat/2007/gridsat_2007.07.06.15.npz,583490,bea14df3236cf36e4e36867c4a0e6a12c6f3a2bbc4fd64e93c26315aa0a9907e,2026-09-23T16:13:02.197787+00:00,data/interim/gridsat/2007/gridsat_2007.07.06.15.nc,864180,ab62d4f898bcc0e9211bd0df9f77a58fd41716b0a4857c4c58aaeec24b7e5783,2026-09-23T16:13:02.037958+00:00
2007-07-06T18:00:00+00:00,2007,GRIDSAT-B1.2007.07.06.18.v02r01.nc,data/interim/gridsat/2007/gridsat_2007.07.06.18.npz,580211,77924739abeff1b79fffa5d290434ff6f650bda6f6d17bacc255851ac13438ee,2026-09-23T16:13:12.319632+00:00,data/interim/gridsat/2007/gridsat_2007.07.06.18.nc,860472,41c97b51ecea232662fc833838687d67a8c3f26bdf1a78f882207a20ac559b0a,2026-09-23T16:13:12.227350+00:00
2007-07-06T21:00:00+00:00,2007,GRIDSAT-B1.2007.07.06.21.v02r01.nc,data/interim/gridsat/2007/gridsat_2007.07.06.21.npz,578515,3cebf0e012ea3f2bbb26b253c34113e37170722b7a13925b355612cdb8d31ef1,2026-09-23T16:14:13.472263+00:00,data/interim/gridsat/2007/gridsat_2007.07.06.21.nc,861819,5d60b57e45ca9889efff17dcca89857eb91ff224aff654ff0d70b50ded39c66c,2026-09-23T16:14:13.212432+00:00
2007-07-07T00:00:00+00:00,2007,GRIDSAT-B1.2007.07.07.00.v02r01.nc,data/interim/gridsat/2007/gridsat_2007.07.07.00.npz,573186,61214b4b6ca228fb8351aefc52e06c97cd4d83b6d1f256c28f11b603e6dccccd,2026-09-23T16:15:00.299985+00:00,data/interim/gridsat/2007/gridsat_2007.07.07.00.nc,853807,b6db32d7a92585ef8a8c025d051f1decf2901b588dd2242167a080b788e091b6,2026-09-23T16:15:00.191446+00:00
2007-07-07T03:00:00+00:00,2007,GRIDSAT-B1.2007.07.07.03.v02r01.nc,data/interim/gridsat/2007/gridsat_2007.07.07.03.npz,567551,c1669e1a7dfd146b8dbec1205ddabfd8956fc1d21371db530438ad8ca8201329,2026-09-23T16:17:05.173983+00:00,data/interim/gridsat/2007/gridsat_2007.07.07.03.nc,843243,44afdc26360e1a4df668f116553324f797a860931c3a1979266f3302133da004,2026-09-23T16:17:04.973992+00:00
2007-07-07T06:00:00+00:00,2007,GRIDSAT-B1.2007.07.07.06.v02r01.nc,data/interim/gridsat/2007/gridsat_2007.07.07.06.npz,588396,d818e0de06b864e874f09c56c06034cb409a00f283eaee08570b2ccdb462dd3c,2026-09-23T16:13:17.700997+00:00,data/interim/gridsat/2007/gridsat_2007.07.07.06.nc,859763,99701f252b795d504c43464bf295d8418eaefe35425bc69a97da82bb5521ac9d,2026-09-23T16:13:17.581404+00:00
2007-07-07T09:00:00+00:00,2007,GRIDSAT-B1.2007.07.07.09.v02r01.nc,data/interim/gridsat/2007/gridsat_2007.07.07.09.npz,608785,cc0f31b56f93e880ba8260a7c8e49efd69bd77abc33d224dbf5f1ec22c697dd6,2026-09-23T16:14:34.654497+00:00,data/interim/gridsat/2007/gridsat_2007.07.07.09.nc,885868,a65e53d78d5ff7452c5a19c7b0fee02c45c44378a2bb4196e6fc6ac3a29cc217,2026-09-23T16:14:34.415582+00:00
2007-08-04T09:00:00+00:00,2007,GRIDSAT-B1.2007.08.04.09.v02r01.nc,data/interim/gridsat/2007/gridsat_2007.08.04.09.npz,598018,bc48d60c8eddb6f7e29c98b17569d1bb78a4a3b96f047da2c0541f4677d7db32,2026-09-23T16:14:58.731691+00:00,data/interim/gridsat/2007/gridsat_2007.08.04.09.nc,870042,e56d84f60c6bb2aeb5cd8b3513588ebd35aa71fc52eb88b1dc8d288d5e4829e2,2026-09-23T16:14:58.612849+00:00
2007-08-04T12:00:00+00:00,2007,GRIDSAT-B1.2007.08.04.12.v02r01.nc,data/interim/gridsat/2007/gridsat_2007.08.04.12.npz,596896,8d10378b510d63340400d0e74abb1f19b226c83531df171f572bb178cf763825,2026-09-23T16:16:00.054492+00:00,data/interim/gridsat/2007/gridsat_2007.08.04.12.nc,871847,32eb1b82bee9192f8630627c8ddbc86e66c21b7500e728971bd1dfc2b4c2c598,2026-09-23T16:15:59.900152+00:00
2007-08-04T15:00:00+00:00,2007,GRIDSAT-B1.2007.08.04.15.v02r01.nc,data/interim/gridsat/2007/gridsat_2007.08.04.15.npz,578512,f776dbf707ebbe55c706c83c1b1c04fbdb78c40db342532c7bea5f69be65b79d,2026-09-23T16:17:10.273959+00:00,data/interim/gridsat/2007/gridsat_2007.08.04.15.nc,847690,27fc4863138d6b7504258a1a91f5d1692b19e89be081e152ac45ad6ef559caf2,2026-09-23T16:17:10.108092+00:00
2007-08-04T18:00:00+00:00,2007,GRIDSAT-B1.2007.08.04.18.v02r01.nc,data/interim/gridsat/2007/gridsat_2007.08.04.18.npz,572285,97a636dbcfac85804618ca49e48f7093688d7f5eddfc0c4930d5afd7dcba170f,2026-09-23T16:17:19.013781+00:00,data/interim/gridsat/2007/gridsat_2007.08.04.18.nc,843214,faec2b807d6fbf2e74883e981d7099d0a88737636c09ca4b8f245c8be02a0618,2026-09-23T16:17:18.770613+00:00
2007-08-04T21:00:00+00:00,2007,GRIDSAT-B1.2007.08.04.21.v02r01.nc,data/interim/gridsat/2007/gridsat_2007.08.04.21.npz,572083,e2a38ed16beead081a172003b1ca45e28d042b391f4bcbd641d36b060c57f0ed,2026-09-23T16:17:29.124829+00:00,data/interim/gridsat/2007/gridsat_2007.08.04.21.nc,844732,5be3aa368b099994a3b406f11e8549302ff4df2b608ef3aa0a2f62ec22dca3dc,2026-09-23T16:17:28.982049+00:00
2007-08-05T00:00:00+00:00,2007,GRIDSAT-B1.2007.08.05.00.v02r01.nc,data/interim/gridsat/2007/gridsat_2007.08.05.00.npz,565852,a94e564420f54e6cab44ac15435aeb04b0c178ac89739c393fab6e1c017e3e29,2026-09-23T16:16:57.885357+00:00,data/interim/gridsat/2007/gridsat_2007.08.05.00.nc,837379,0957b13ce9e34fe0fbdde3602a2d44b45bd79965563dfd73d725e7738aad87ad,2026-09-23T16:16:57.774147+00:00
2007-08-05T03:00:00+00:00,2007,GRIDSAT-B1.2007.08.05.03.v02r01.nc,data/interim/gridsat/2007/gridsat_2007.08.05.03.npz,560199,6e6b61c3b55bb5eeb83b36277434b1026c832a7e86a3cc4e093d5f1ea37a1a25,2026-09-23T16:17:57.985230+00:00,data/interim/gridsat/2007/gridsat_2007.08.05.03.nc,829503,0eab245de8f39ac8c65590d095453d5e28755080ce3b8e375b9e0f8253a7996d,2026-09-23T16:17:57.877383+00:00
2007-08-05T06:00:00+00:00,2007,GRIDSAT-B1.2007.08.05.06.v02r01.nc,data/interim/gridsat/2007/gridsat_2007.08.05.06.npz,579720,72d1ab65a85afb26ef83a8326a996c588029f48d82663efd64c85155a2a07d3b,2026-09-23T16:17:08.676305+00:00,data/interim/gridsat/2007/gridsat_2007.08.05.06.nc,848686,2378ac7aa0696910c413913fee43be65d98fd2b78cafac7bae3cbcb5f448f598,2026-09-23T16:17:08.431007+00:00
2007-08-05T09:00:00+00:00,2007,GRIDSAT-B1.2007.08.05.09.v02r01.nc,data/interim/gridsat/2007/gridsat_2007.08.05.09.npz,601337,18c58ab2cd41b48db657bd78e7503142411c4a7746b7f79b6bf3f90b38a9f035,2026-09-23T16:17:41.231790+00:00,data/interim/gridsat/2007/gridsat_2007.08.05.09.nc,877856,1db8273cb400f7e21b44a2f6cc39542b495ace6f5b9cd1cd86e2a057bd8dee40,2026-09-23T16:17:41.086951+00:00
2007-09-20T21:00:00+00:00,2007,GRIDSAT-B1.2007.09.20.21.v02r01.nc,data/interim/gridsat/2007/gridsat_2007.09.20.21.npz,541366,3b8a0f406e789d4acf9215ad094a16949534480f1130ac80ff0ba07910bbb922,2026-09-23T16:17:24.481130+00:00,data/interim/gridsat/2007/gridsat_2007.09.20.21.nc,723571,ed693740ae7f36fa097b1afce91e17f810cbd631efb1478c93cc8a75ddaff0b0,2026-09-23T16:17:24.398715+00:00
2007-09-21T00:00:00+00:00,2007,GRIDSAT-B1.2007.09.21.00.v02r01.nc,data/interim/gridsat/2007/gridsat_2007.09.21.00.npz,575498,1a9b1f30e1e7a604d9b7e951c0d1c61d241d5df483aa1704b19c342a1dc76e93,2026-09-23T16:17:47.385996+00:00,data/interim/gridsat/2007/gridsat_2007.09.21.00.nc,841883,c9a44b3dfc5a8ed3d48434d06365f1ab63cfa1296a1ab10c1ba17e03c221ef99,2026-09-23T16:17:47.250751+00:00
2007-09-21T03:00:00+00:00,2007,GRIDSAT-B1.2007.09.21.03.v02r01.nc,data/interim/gridsat/2007/gridsat_2007.09.21.03.npz,570399,5cbe50f656e459d231b2c7e85fe7d1c1bf272e97127528e6f819cd56dc6f9cca,2026-09-23T16:18:42.076327+00:00,data/interim/gridsat/2007/gridsat_2007.09.21.03.nc,830468,251a8f94d2d4ec5aa6e7d095c5a6ad465f4b0655feb99bb157fa4fcece27f040,2026-09-23T16:18:41.944349+00:00
2007-09-21T06:00:00+00:00,2007,GRIDSAT-B1.2007.09.21.06.v02r01.nc,data/interim/gridsat/2007/gridsat_2007.09.21.06.npz,587229,71df233cc089c7c5b8753ebaaaddbd5ff7448d19ef46d7f05aedfb2f7babe8aa,2026-09-23T16:17:36.065194+00:00,data/interim/gridsat/2007/gridsat_2007.09.21.06.nc,849507,8f0e6e9a69509f3bc18cc3d81326296f9c178dbff6ccac29d67289b5fc38ebfa,2026-09-23T16:17:35.965482+00:00
2007-09-21T09:00:00+00:00,2007,GRIDSAT-B1.2007.09.21.09.v02r01.nc,data/interim/gridsat/2007/gridsat_2007.09.21.09.npz,608826,32ec7ffb6ad7fb65b576f4e1c44543ee97c8dcba82774ca965f587372a5e146d,2026-09-23T16:18:19.936501+00:00,data/interim/gridsat/2007/gridsat_2007.09.21.09.nc,872574,3153d8be75aa8cbbe010213517de6a919bb1ecaf1bd09a512fe5083a5b9d0594,2026-09-23T16:18:19.821506+00:00
2007-09-21T12:00:00+00:00,2007,GRIDSAT-B1.2007.09.21.12.v02r01.nc,data/interim/gridsat/2007/gridsat_2007.09.21.12.npz,596026,125bebf7ff8f00ed5570707ca3c27fa97ad3c2a87721596c3a21a4077c2ef7f9,2026-09-23T16:18:01.164523+00:00,data/interim/gridsat/2007/gridsat_2007.09.21.12.nc,865142,0d68e868c6173c8ec740f1825adb5e8583db36cee847082e28eab3dc809840f2,2026-09-23T16:18:01.025654+00:00
2007-09-21T15:00:00+00:00,2007,GRIDSAT-B1.2007.09.21.15.v02r01.nc,data/interim/gridsat/2007/gridsat_2007.09.21.15.npz,573457,02485c76f7138015e757eac204a5289f2311c42559ce9a496f2ed1fd8bcc059b,2026-09-23T16:18:36.033543+00:00,data/interim/gridsat/2007/gridsat_2007.09.21.15.nc,841041,cd970f3ec2e2c0b49835f89f64564bed5d3734418f566f8e3c242beee37c659a,2026-09-23T16:18:35.842549+00:00
2007-09-21T18:00:00+00:00,2007,GRIDSAT-B1.2007.09.21.18.v02r01.nc,data/interim/gridsat/2007/gridsat_2007.09.21.18.npz,570003,897a822e51be3a6307e7cbed1634d5856db78f8686a4bfda6de8ea48a9186bb3,2026-09-23T16:18:23.470500+00:00,data/interim/gridsat/2007/gridsat_2007.09.21.18.nc,836522,5bfcd2fbf238ca7885cc621429f0a3ed62ff330b6969419eb503758944d21280,2026-09-23T16:18:23.352631+00:00
2007-09-21T21:00:00+00:00,2007,GRIDSAT-B1.2007.09.21.21.v02r01.nc,data/interim/gridsat/2007/gridsat_2007.09.21.21.npz,570747,c190f495c21ef4e060cbf22bb4d8f64d17989c2293a2a89038f62f23d4b8a3b1,2026-09-23T16:18:18.656964+00:00,data/interim/gridsat/2007/gridsat_2007.09.21.21.nc,839222,b76c1e8cce198dd971e1284ba9f44f3072e6aa24f917a2d6aac9c54e5451db18,2026-09-23T16:18:18.552309+00:00
2007-09-22T00:00:00+00:00,2007,GRIDSAT-B1.2007.09.22.00.v02r01.nc,data/interim/gridsat/2007/gridsat_2007.09.22.00.npz,566526,6c561e008a8c1a9e7b974f59723f2f4712aab9727785eaa88e6abd0f937c75c4,2026-09-23T16:18:35.654633+00:00,data/interim/gridsat/2007/gridsat_2007.09.22.00.nc,836938,32356ebd37376463dd9d95e53076a6739bb4508ef3a1cc6257dfe77373d33ed1,2026-09-23T16:18:35.451021+00:00
2007-09-22T03:00:00+00:00,2007,GRIDSAT-B1.2007.09.22.03.v02r01.nc,data/interim/gridsat/2007/gridsat_2007.09.22.03.npz,567070,873595bbe7f7d6e41906933f4764e5e45af4de619f3de146ebdaaeb4909c8073,2026-09-23T16:18:54.448155+00:00,data/interim/gridsat/2007/gridsat_2007.09.22.03.nc,836954,309f96ed2df61488411e27770ee69723fc64df76629f45550e68f318b9259c95,2026-09-23T16:18:54.334876+00:00
2007-09-22T06:00:00+00:00,2007,GRIDSAT-B1.2007.09.22.06.v02r01.nc,data/interim/gridsat/2007/gridsat_2007.09.22.06.npz,589877,dfd43f83f7e3becbaefe044f4a3cb9eb999fd675357d9f35b412cc6f7e054085,2026-09-23T16:19:04.897253+00:00,data/interim/gridsat/2007/gridsat_2007.09.22.06.nc,863071,f9c1e5155fbba9dff192adc78093b639a1fe4451f8aa7623dd62038b8bc7f9cb,2026-09-23T16:19:04.772954+00:00
2007-09-22T09:00:00+00:00,2007,GRIDSAT-B1.2007.09.22.09.v02r01.nc,data/interim/gridsat/2007/gridsat_2007.09.22.09.npz,613616,58cfb9ba34f2727e7db46c656159ab1916650727240a3de7c226f0596c9afeae,2026-09-23T16:19:31.834357+00:00,data/interim/gridsat/2007/gridsat_2007.09.22.09.nc,884680,d2691e8bf9cd2865204bc048c61805138d97e3c1dd924033fa10d9c47a63a90a,2026-09-23T16:19:31.745546+00:00
2007-10-29T09:00:00+00:00,2007,GRIDSAT-B1.2007.10.29.09.v02r01.nc,data/interim/gridsat/2007/gridsat_2007.10.29.09.npz,596260,7d6aff334183779ed6a3362ae5093f095e51e69a1417a343123b6e5375d2797e,2026-09-23T16:19:47.828023+00:00,data/interim/gridsat/2007/gridsat_2007.10.29.09.nc,859870,846c8a73c1d89a4e1f71c349c9cc3b0c0a065149fe1d25c9723038e758ff53b3,2026-09-23T16:19:47.716041+00:00
2007-10-29T12:00:00+00:00,2007,GRIDSAT-B1.2007.10.29.12.v02r01.nc,data/interim/gridsat/2007/gridsat_2007.10.29.12.npz,574258,bde47d9209e9689a22c8653a9eaa8d172173444b23a9852365d6ee58da7a20ba,2026-09-23T16:19:41.777894+00:00,data/interim/gridsat/2007/gridsat_2007.10.29.12.nc,823683,53894a51791c32d45bd43b05d9fbf92a4740dea14293c6374a0c9dbc37fad201,2026-09-23T16:19:41.682521+00:00
2007-10-29T15:00:00+00:00,2007,GRIDSAT-B1.2007.10.29.15.v02r01.nc,data/interim/gridsat/2007/gridsat_2007.10.29.15.npz,552168,25e5ffd23dcc25b092722141a64e3fcfcdad50e4764cf530b100c753248b9362,2026-09-23T16:18:54.984935+00:00,data/interim/gridsat/2007/gridsat_2007.10.29.15.nc,809255,4ab4a2aaf1247cfb3f6ada66d34515b500ad506056fd8922c8d19771e9b61a1d,2026-09-23T16:18:54.855276+00:00
2007-10-29T18:00:00+00:00,2007,GRIDSAT-B1.2007.10.29.18.v02r01.nc,data/interim/gridsat/2007/gridsat_2007.10.29.18.npz,551782,debbdd10f41c6e4ffed6c2608c6919942848ab88ea93fed0b79c54fddb5489ad,2026-09-23T16:19:04.091994+00:00,data/interim/gridsat/2007/gridsat_2007.10.29.18.nc,805068,5b15d38a24cf191802fa01a3e7381cc63b3743c08fe7212bdb9e9166724bacc0,2026-09-23T16:19:03.973557+00:00
2007-10-29T21:00:00+00:00,2007,GRIDSAT-B1.2007.10.29.21.v02r01.nc,data/interim/gridsat/2007/gridsat_2007.10.29.21.npz,556826,cc9e14de4955da51361425d1e615e8fe48bf63e9cc2bb32711885e5be0bc5e90,2026-09-23T16:20:48.353898+00:00,data/interim/gridsat/2007/gridsat_2007.10.29.21.nc,807283,f1cf3e6c02f5711d6332a52a6393b5ada48721d2b5b4d702589817be55760584,2026-09-23T16:20:48.248667+00:00
2007-10-30T00:00:00+00:00,2007,GRIDSAT-B1.2007.10.30.00.v02r01.nc,data/interim/gridsat/2007/gridsat_2007.10.30.00.npz,557348,6393e4898706c8ea0e292a8189f7c60ed1023b2c2abf62857dac16ee8a975b92,2026-09-23T16:19:13.791740+00:00,data/interim/gridsat/2007/gridsat_2007.10.30.00.nc,807998,3f0d74b3904266257f701242636e397603f0e6d5042c99a4aa53aa837465ae79,2026-09-23T16:19:13.663344+00:00
2007-10-30T03:00:00+00:00,2007,GRIDSAT-B1.2007.10.30.03.v02r01.nc,data/interim/gridsat/2007/gridsat_2007.10.30.03.npz,551970,75d710b029aac54e6dc5918841033610a35b070d2a3e23ae83cccc12d1b68c39,2026-09-23T16:20:01.618643+00:00,data/interim/gridsat/2007/gridsat_2007.10.30.03.nc,804594,e17d94891528775ff50107d3428aa3d26b718f9af7caf28c83c4dfe74f0197fc,2026-09-23T16:20:01.522796+00:00
2007-10-30T06:00:00+00:00,2007,GRIDSAT-B1.2007.10.30.06.v02r01.nc,data/interim/gridsat/2007/gridsat_2007.10.30.06.npz,571122,8ac65524377e115c5e352f2f76c7b1ed3c4384432d781526fd11a5f58680a934,2026-09-23T16:19:23.721225+00:00,data/interim/gridsat/2007/gridsat_2007.10.30.06.nc,828663,2945aa81d1402b324de498d9b62963c6afae044190e166d1c071a37988dc0755,2026-09-23T16:19:23.634170+00:00
2007-10-30T09:00:00+00:00,2007,GRIDSAT-B1.2007.10.30.09.v02r01.nc,data/interim/gridsat/2007/gridsat_2007.10.30.09.npz,587067,988ec9520a265fa2698b11705b1afafda425d3d5363ef6d0b447919c91d839e4,2026-09-23T16:19:34.450540+00:00,data/interim/gridsat/2007/gridsat_2007.10.30.09.nc,845853,fb244abe62def9fb8a88ae3fa2798d4064434469334f86ca715871a137dfd07e,2026-09-23T16:19:34.349536+00:00
2007-10-30T12:00:00+00:00,2007,GRIDSAT-B1.2007.10.30.12.v02r01.nc,data/interim/gridsat/2007/gridsat_2007.10.30.12.npz,561512,af178e671986c32198560407eff5a607e66d87a82af36012e9b73a79f6719806,2026-09-23T16:20:29.383198+00:00,data/interim/gridsat/2007/gridsat_2007.10.30.12.nc,821708,4dce98fb2ebf4810c70b7628b6d8eb06b1dfcb91e875d0d49429ed284d28ff7c,2026-09-23T16:20:29.268131+00:00
2007-10-30T15:00:00+00:00,2007,GRIDSAT-B1.2007.10.30.15.v02r01.nc,data/interim/gridsat/2007/gridsat_2007.10.30.15.npz,550278,96d0816e4023340dc1a94640818ffe1f11acd507301bee46c2b047852bb96f2f,2026-09-23T16:19:50.722429+00:00,data/interim/gridsat/2007/gridsat_2007.10.30.15.nc,806791,d30713b105410a7d1691d3474e37261bf8ef9c06db948ce48910717d5269c38a,2026-09-23T16:19:50.597860+00:00
2007-10-30T18:00:00+00:00,2007,GRIDSAT-B1.2007.10.30.18.v02r01.nc,data/interim/gridsat/2007/gridsat_2007.10.30.18.npz,558408,3f790a18d75e02f2d30ac0c5b66966261d88d17048aa39b169ac83018a655761,2026-09-23T16:20:01.125634+00:00,data/interim/gridsat/2007/gridsat_2007.10.30.18.nc,815003,a349c549dd100dfc2d0572deb28949cfef495756ba63253b3d3e46c913ebe6be,2026-09-23T16:20:00.972735+00:00
2007-10-30T21:00:00+00:00,2007,GRIDSAT-B1.2007.10.30.21.v02r01.nc,data/interim/gridsat/2007/gridsat_2007.10.30.21.npz,559638,aeec55da2ab2b5bdb64569cf6187dd123cd8d93f993f39e721efc06ae4a3ab78,2026-09-23T16:20:32.786625+00:00,data/interim/gridsat/2007/gridsat_2007.10.30.21.nc,816581,5f6af6074ee1324e011cd5f5ad5f8ad117f1a73623d83104bcaae009f30b2819,2026-09-23T16:20:32.651123+00:00
2007-10-31T00:00:00+00:00,2007,GRIDSAT-B1.2007.10.31.00.v02r01.nc,data/interim/gridsat/2007/gridsat_2007.10.31.00.npz,560006,0d257197e392b8d7f59d38a5891e45ce2ace3da77cd92221f452313dbd792b86,2026-09-23T16:20:09.532170+00:00,data/interim/gridsat/2007/gridsat_2007.10.31.00.nc,815593,7ec257f963413de129dc9202596a90678a3e6f0017fa4503cef7291f17455459,2026-09-23T16:20:09.408401+00:00
2007-10-31T03:00:00+00:00,2007,GRIDSAT-B1.2007.10.31.03.v02r01.nc,data/interim/gridsat/2007/gridsat_2007.10.31.03.npz,556430,9027c8a1074e49d9fc2a379fce11fc6d98079e139101f65024095dc6c01542e0,2026-09-23T16:20:41.125029+00:00,data/interim/gridsat/2007/gridsat_2007.10.31.03.nc,808301,8e3b2eed1b6bf28efc15afd6fafe6df3230e2141334c3bda83a8ee8bab17d321,2026-09-23T16:20:40.974979+00:00
2007-10-31T06:00:00+00:00,2007,GRIDSAT-B1.2007.10.31.06.v02r01.nc,data/interim/gridsat/2007/gridsat_2007.10.31.06.npz,563113,59d5890e6c40cd1b2bca0471088e84a373dc35aea9fb2c05198b265779bf69ed,2026-09-23T16:20:25.796220+00:00,data/interim/gridsat/2007/gridsat_2007.10.31.06.nc,815334,bba2d4d9b5d73b032ca79e151d79c6a18a2d398fc981ee0f4e6f1a35bc2dc76c,2026-09-23T16:20:25.703664+00:00
2007-10-31T09:00:00+00:00,2007,GRIDSAT-B1.2007.10.31.09.v02r01.nc,data/interim/gridsat/2007/gridsat_2007.10.31.09.npz,383098,14b0074dcb834ee9989995befc3f8d6e14e9cabdb6bb59614e96a3835e89b516,2026-09-23T16:20:39.589278+00:00,data/interim/gridsat/2007/gridsat_2007.10.31.09.nc,491911,7105453754e5d7b20475a089e57ca838e349e1ccbcba90782969f758eb366ed8,2026-09-23T16:20:39.501173+00:00
2007-11-10T18:00:00+00:00,2007,GRIDSAT-B1.2007.11.10.18.v02r01.nc,data/interim/gridsat/2007/gridsat_2007.11.10.18.npz,501059,e55045976bb4cda0dfc72142a947f9a0dedd2524e9c0cd8a1d892e7aa935fe4b,2026-09-23T16:21:05.285011+00:00,data/interim/gridsat/2007/gridsat_2007.11.10.18.nc,735573,170444d0b9a35a5508c7768dfb3a4ea018ac9a364791b7ce7c2fee78071aea16,2026-09-23T16:21:05.190665+00:00
2007-11-10T21:00:00+00:00,2007,GRIDSAT-B1.2007.11.10.21.v02r01.nc,data/interim/gridsat/2007/gridsat_2007.11.10.21.npz,501389,4bf88566d77a750aa7e27385ed14e65abf3ad2c468a6e7a3ab38359e5bd6c877,2026-09-23T16:21:03.024518+00:00,data/interim/gridsat/2007/gridsat_2007.11.10.21.nc,731840,c6d87a5fe8616dcf796c252cb93015159b408ba2698efd9b64b2ed8deaa5f1ec,2026-09-23T16:21:02.890088+00:00
2007-11-11T00:00:00+00:00,2007,GRIDSAT-B1.2007.11.11.00.v02r01.nc,data/interim/gridsat/2007/gridsat_2007.11.11.00.npz,498088,196a6770a827937a441632bac5ccf79dcc57ed2e9ef4a5fe04a188584cb243ed,2026-09-23T16:21:00.503372+00:00,data/interim/gridsat/2007/gridsat_2007.11.11.00.nc,725001,306fd36b18b2e22373e5d5c8ce39ec5cde8f0c0c616594d9cc14baba2bb1b371,2026-09-23T16:21:00.416249+00:00
2007-11-11T03:00:00+00:00,2007,GRIDSAT-B1.2007.11.11.03.v02r01.nc,data/interim/gridsat/2007/gridsat_2007.11.11.03.npz,492205,31a087e0ae4304c0e75ac593ca53369c3556d3372a80a1f1528866dcfe3797c7,2026-09-23T16:21:23.971786+00:00,data/interim/gridsat/2007/gridsat_2007.11.11.03.nc,715287,c507fe16ca2f126b06579fa8b704453cc6add2f2809bca1ffbbe72c54c024e02,2026-09-23T16:21:23.886569+00:00
2007-11-11T06:00:00+00:00,2007,GRIDSAT-B1.2007.11.11.06.v02r01.nc,data/interim/gridsat/2007/gridsat_2007.11.11.06.npz,503689,00b28b86b0551f59ddbe3ce25b026fec7abf690add3af4d290ed3fe2f2951953,2026-09-23T16:21:24.028286+00:00,data/interim/gridsat/2007/gridsat_2007.11.11.06.nc,738589,cde60eefe84788842a00659d8e0f0cac3704260ccda5e67b365401162dbd7828,2026-09-23T16:21:23.943779+00:00
2007-11-11T09:00:00+00:00,2007,GRIDSAT-B1.2007.11.11.09.v02r01.nc,data/interim/gridsat/2007/gridsat_2007.11.11.09.npz,527061,1d50f1fc9cb4273d12b7a8eec6eb244fbb446a063a5891416771def47097feae,2026-09-23T16:21:17.521404+00:00,data/interim/gridsat/2007/gridsat_2007.11.11.09.nc,759829,8382b44bff6407e4b78d7925d122da699e9f69dd7229aebba611aea0658abb93,2026-09-23T16:21:17.416017+00:00
2007-11-11T12:00:00+00:00,2007,GRIDSAT-B1.2007.11.11.12.v02r01.nc,data/interim/gridsat/2007/gridsat_2007.11.11.12.npz,500044,30e7e0ab5d78bee4e31fef500dddc59b549456c100438bd24e2506b3ae138d2b,2026-09-23T16:21:42.498807+00:00,data/interim/gridsat/2007/gridsat_2007.11.11.12.nc,732158,14bbdf8915e6a64b72511366008a12f229c89de8c1cc49ee835f3da99c3d1342,2026-09-23T16:21:42.389552+00:00
2007-11-11T15:00:00+00:00,2007,GRIDSAT-B1.2007.11.11.15.v02r01.nc,data/interim/gridsat/2007/gridsat_2007.11.11.15.npz,482630,9ecc54029c2c318d112b10f9b9e68848a10bf91c231a167f31ad3d81141129ed,2026-09-23T16:21:38.189455+00:00,data/interim/gridsat/2007/gridsat_2007.11.11.15.nc,706691,09514b37a18f638061f14bd17a1a3fad6574638a0dac478352f838f571c08cb1,2026-09-23T16:21:38.069766+00:00
2007-11-11T18:00:00+00:00,2007,GRIDSAT-B1.2007.11.11.18.v02r01.nc,data/interim/gridsat/2007/gridsat_2007.11.11.18.npz,487441,0a9d86921c44b5f5bbf23ee56ab09345a6c431228d32d8ae98b0add6e7989f0f,2026-09-23T16:21:49.123986+00:00,data/interim/gridsat/2007/gridsat_2007.11.11.18.nc,711890,c0cfad833e368e808457a995b154550e6a92363718d67fc6cfc2884f78bfd26d,2026-09-23T16:21:48.974631+00:00
2007-11-11T21:00:00+00:00,2007,GRIDSAT-B1.2007.11.11.21.v02r01.nc,data/interim/gridsat/2007/gridsat_2007.11.11.21.npz,490312,95594fa69c47d3bbfb50615005fa11a3ba1f91265af2a19a87b65e80d0282626,2026-09-23T16:21:58.890552+00:00,data/interim/gridsat/2007/gridsat_2007.11.11.21.nc,713662,191f791aebec4b0c6a290c16f203a3ee7ac014303054ce88637cb91951885703,2026-09-23T16:21:58.786851+00:00
2007-11-12T00:00:00+00:00,2007,GRIDSAT-B1.2007.11.12.00.v02r01.nc,data/interim/gridsat/2007/gridsat_2007.11.12.00.npz,491239,c393aa836dd6a64690558fcb6c69df3d0c7ae6aef8f7400739663e1f8f42a7fc,2026-09-23T16:21:50.135082+00:00,data/interim/gridsat/2007/gridsat_2007.11.12.00.nc,716096,69a3ae4e851faeb57c6f0233eb85302bfc72d503c949e487a24a03f8e695d2d7,2026-09-23T16:21:50.017190+00:00
2007-11-12T03:00:00+00:00,2007,GRIDSAT-B1.2007.11.12.03.v02r01.nc,data/interim/gridsat/2007/gridsat_2007.11.12.03.npz,489572,7cbbb61da60fb930ffb458230cb08f4d6a31fad227d54023d3d2bb9916a892ed,2026-09-23T16:22:02.693188+00:00,data/interim/gridsat/2007/gridsat_2007.11.12.03.nc,714243,48479b6b48cfb898531c1c16b3950e2696362cdb786774e3e879963ece61df18,2026-09-23T16:22:02.585295+00:00
2007-11-12T06:00:00+00:00,2007,GRIDSAT-B1.2007.11.12.06.v02r01.nc,data/interim/gridsat/2007/gridsat_2007.11.12.06.npz,504519,10a524c8c99f942d1787a56a28fc7f1a0936dc80313131e2cebdd353eaa7ec6f,2026-09-23T16:22:11.427658+00:00,data/interim/gridsat/2007/gridsat_2007.11.12.06.nc,736505,cd50846669d4c8d802285674b05fbaf7f5fadbeab0c435c6bfbdf664c9edf7ea,2026-09-23T16:22:11.333420+00:00
2007-11-12T09:00:00+00:00,2007,GRIDSAT-B1.2007.11.12.09.v02r01.nc,data/interim/gridsat/2007/gridsat_2007.11.12.09.npz,528668,184120d34a4c3af3b52c63a45c824de3319aedb7632fc953a01dfba7b3e3efc0,2026-09-23T16:22:26.032984+00:00,data/interim/gridsat/2007/gridsat_2007.11.12.09.nc,763835,d4137776433a6705d68f7bfee87721d99132dd09c2ea0ef7dac44e65e1bc565e,2026-09-23T16:22:25.880327+00:00
2007-11-12T12:00:00+00:00,2007,GRIDSAT-B1.2007.11.12.12.v02r01.nc,data/interim/gridsat/2007/gridsat_2007.11.12.12.npz,503629,6bbbd459503dfd4bfa80d62113ff383565db4d6e4faa339698e10587e2463d2d,2026-09-23T16:22:17.042936+00:00,data/interim/gridsat/2007/gridsat_2007.11.12.12.nc,738410,309e92caadf273c4a49efdb022bd39400c1f15fea83de2311758556c6eba1e4f,2026-09-23T16:22:16.917747+00:00
2007-11-12T15:00:00+00:00,2007,GRIDSAT-B1.2007.11.12.15.v02r01.nc,data/interim/gridsat/2007/gridsat_2007.11.12.15.npz,490654,588017a31b4e8d5ce37001c9a9cc84a051f3f6fe1254f5dee31e63838d04fac0,2026-09-23T16:22:28.672174+00:00,data/interim/gridsat/2007/gridsat_2007.11.12.15.nc,722928,7d6f910621b16595b5a681bdc779847ba0aba306a67b9024942978332b8e6e11,2026-09-23T16:22:28.583179+00:00
2007-11-12T18:00:00+00:00,2007,GRIDSAT-B1.2007.11.12.18.v02r01.nc,data/interim/gridsat/2007/gridsat_2007.11.12.18.npz,494974,56352cf6045809e9703f8be13c449e28ccb729831dbd217bd186803e9b52c403,2026-09-23T16:22:28.860994+00:00,data/interim/gridsat/2007/gridsat_2007.11.12.18.nc,726601,ec6de25c41821c60de22119a1b455788df1f776f7ba070fdb94d8853d015b280,2026-09-23T16:22:28.767349+00:00
2007-11-12T21:00:00+00:00,2007,GRIDSAT-B1.2007.11.12.21.v02r01.nc,data/interim/gridsat/2007/gridsat_2007.11.12.21.npz,504405,dd1ab3cea99f9e65b1560e971586af4aef8491c29f57e3070800a4855933909c,2026-09-23T16:22:42.067511+00:00,data/interim/gridsat/2007/gridsat_2007.11.12.21.nc,730981,60ff6f63caad472cf02e8268c317a49c562fc8027fc493c515ad7d3c67f4b741,2026-09-23T16:22:41.935507+00:00
2007-11-13T00:00:00+00:00,2007,GRIDSAT-B1.2007.11.13.00.v02r01.nc,data/interim/gridsat/2007/gridsat_2007.11.13.00.npz,500469,9a9cbff25a20ec2675147c54757ceaf0b85ca672df8c6ce0a1b93a283b601eac,2026-09-23T16:22:49.631214+00:00,data/interim/gridsat/2007/gridsat_2007.11.13.00.nc,727091,ea9a2bb5409a494a2abdaec34b931c04475ed7b5b9ef87fd85886b35e1f3aa74,2026-09-23T16:22:49.520088+00:00
2007-11-13T03:00:00+00:00,2007,GRIDSAT-B1.2007.11.13.03.v02r01.nc,data/interim/gridsat/2007/gridsat_2007.11.13.03.npz,491867,93f61c1f5b2928e8643dfa5e74baa32e7bc9d1252b6abc2f183183e0b3c88572,2026-09-23T16:23:21.675806+00:00,data/interim/gridsat/2007/gridsat_2007.11.13.03.nc,720279,cf302354f7fa07acbc6590d65dbf165aa88a16284ffca76b0091f704ec5bd550,2026-09-23T16:23:21.545454+00:00
2007-11-13T06:00:00+00:00,2007,GRIDSAT-B1.2007.11.13.06.v02r01.nc,data/interim/gridsat/2007/gridsat_2007.11.13.06.npz,507044,255200f9882bc7fc003c716817773b37360f28e341c0e024e0a582e423866cf1,2026-09-23T16:22:58.997812+00:00,data/interim/gridsat/2007/gridsat_2007.11.13.06.nc,742603,abf7435b30305840a1256a1fff690e066f9136e8ad735ff3b9d53594deab7fcb,2026-09-23T16:22:58.893666+00:00
2007-11-13T09:00:00+00:00,2007,GRIDSAT-B1.2007.11.13.09.v02r01.nc,data/interim/gridsat/2007/gridsat_2007.11.13.09.npz,529322,0a851bfd3c5ed29026f1140f0eca60873b2fda6436adeb4faa838fdcd5b04a14,2026-09-23T16:22:55.817200+00:00,data/interim/gridsat/2007/gridsat_2007.11.13.09.nc,767547,6d1b5d8c33618d2167b31afae7c692e8ab9549c15e9fada85acc5c658c69b572,2026-09-23T16:22:55.700467+00:00
2007-11-13T12:00:00+00:00,2007,GRIDSAT-B1.2007.11.13.12.v02r01.nc,data/interim/gridsat/2007/gridsat_2007.11.13.12.npz,502477,39ebf5f935ca3cc4c06a24991213c5d16a9bf921da01ed9e77cac65c85dacc7e,2026-09-23T16:22:58.484013+00:00,data/interim/gridsat/2007/gridsat_2007.11.13.12.nc,739356,64128da0fa92faf7094b538ab8d7c20061f8443fecdc009c94d394c23495e99a,2026-09-23T16:22:58.366015+00:00
2007-11-13T15:00:00+00:00,2007,GRIDSAT-B1.2007.11.13.15.v02r01.nc,data/interim/gridsat/2007/gridsat_2007.11.13.15.npz,491264,241cf326680216c871adadf9ad28f492c83d528694e1cdd63610bd4eee30c97f,2026-09-23T16:23:10.783844+00:00,data/interim/gridsat/2007/gridsat_2007.11.13.15.nc,725363,a66a182a61ed81828c7076ffbc779feeae074a2bf0457ceeba1f3ecf1fc7abaa,2026-09-23T16:23:10.635974+00:00
2007-11-13T18:00:00+00:00,2007,GRIDSAT-B1.2007.11.13.18.v02r01.nc,data/interim/gridsat/2007/gridsat_2007.11.13.18.npz,493224,19c5ce88ad10854f6e245c90a073cf3cabb57ef509e7c1f7b5500bd2d7b2fd29,2026-09-23T16:23:35.309018+00:00,data/interim/gridsat/2007/gridsat_2007.11.13.18.nc,724086,140db8d120ccd1838d989b1fe5ed2543ddcfd5ec3d7d9c0e2b537184a7fc9d57,2026-09-23T16:23:35.178668+00:00
2007-11-13T21:00:00+00:00,2007,GRIDSAT-B1.2007.11.13.21.v02r01.nc,data/interim/gridsat/2007/gridsat_2007.11.13.21.npz,497534,a326a60649d19a973d7703eba89395dff0774384605148f0a9e79d4ea7e82129,2026-09-23T16:23:44.173451+00:00,data/interim/gridsat/2007/gridsat_2007.11.13.21.nc,728302,c9da7c02bf3fbbcc016433eb459605d1c4976f64911bbabfde998b4702d73f64,2026-09-23T16:23:44.052740+00:00
2007-11-14T00:00:00+00:00,2007,GRIDSAT-B1.2007.11.14.00.v02r01.nc,data/interim/gridsat/2007/gridsat_2007.11.14.00.npz,496880,70ac19e47a2d3437fdd6731efd3bbbc187b706267dd692bc58dc39ebe0d18a61,2026-09-23T16:23:18.399665+00:00,data/interim/gridsat/2007/gridsat_2007.11.14.00.nc,728611,ef0f4026ae76b53a833a5f3331e9906299e0b3bce7fd574cb980bf6f56e453d2,2026-09-23T16:23:18.296141+00:00
2007-11-14T03:00:00+00:00,2007,GRIDSAT-B1.2007.11.14.03.v02r01.nc,data/interim/gridsat/2007/gridsat_2007.11.14.03.npz,492464,d6a1ead41f44170959752c7ed2a2aa505f91c105ca152daf5da547c83e5f40fd,2026-09-23T16:23:38.656908+00:00,data/interim/gridsat/2007/gridsat_2007.11.14.03.nc,727980,be0f59a0ab0931319fd12523aced960b01129a82a7a38a46131adb65f75ba92d,2026-09-23T16:23:38.553077+00:00
2008-04-26T12:00:00+00:00,2008,GRIDSAT-B1.2008.04.26.12.v02r01.nc,data/interim/gridsat/2008/gridsat_2008.04.26.12.npz,547635,1c15f8d9640e14b994d8f0acfe4765567077bad8214bd3ed13ca9cc52aa047c8,2026-09-23T16:23:46.290159+00:00,data/interim/gridsat/2008/gridsat_2008.04.26.12.nc,778724,429109c3aeb6756999d0f5b58a03c6e5ee24403a9c26366f09c0c9065d07e98b,2026-09-23T16:23:46.129808+00:00
2008-04-26T15:00:00+00:00,2008,GRIDSAT-B1.2008.04.26.15.v02r01.nc,data/interim/gridsat/2008/gridsat_2008.04.26.15.npz,517423,2af4668b5841f208ceffb2a60a491b86b0ab94244f454d9e8c9599757f78468e,2026-09-23T16:24:01.017703+00:00,data/interim/gridsat/2008/gridsat_2008.04.26.15.nc,748778,70b72737e62b8c36559661fd2923eb481fafff278e214e79bbe949044346ef91,2026-09-23T16:24:00.926092+00:00
2008-04-26T18:00:00+00:00,2008,GRIDSAT-B1.2008.04.26.18.v02r01.nc,data/interim/gridsat/2008/gridsat_2008.04.26.18.npz,515091,42db51da16481f635877777f01aef96a47e3a3918ba9d089cd80a2cbfad51d6a,2026-09-23T16:23:50.945727+00:00,data/interim/gridsat/2008/gridsat_2008.04.26.18.nc,743956,034d099f162439c964d6ae17687ea54e510835fccaa10611969cd05b2a86ee2d,2026-09-23T16:23:50.789776+00:00
2008-04-26T21:00:00+00:00,2008,GRIDSAT-B1.2008.04.26.21.v02r01.nc,data/interim/gridsat/2008/gridsat_2008.04.26.21.npz,517079,53e5f879bc24493bc54d55006608dd7d7b76d5672de1ab0c52f94c42eee39052,2026-09-23T16:24:18.127019+00:00,data/interim/gridsat/2008/gridsat_2008.04.26.21.nc,749961,5b9aa329e75cbb35c8c83901befa33be1929f1c56ebd93f54bb985287a954280,2026-09-23T16:24:18.026522+00:00
2008-04-27T00:00:00+00:00,2008,GRIDSAT-B1.2008.04.27.00.v02r01.nc,data/interim/gridsat/2008/gridsat_2008.04.27.00.npz,514140,167b3f867cb63934c876afd9f7ed1b628ac780fa87d4fbdb535d33a4e20eb705,2026-09-23T16:24:12.986039+00:00,data/interim/gridsat/2008/gridsat_2008.04.27.00.nc,752178,dd8a468854178180698461ec5c33651b57ff03b934df3005b7dc727cf3c2ad4c,2026-09-23T16:24:12.878719+00:00
2008-04-27T03:00:00+00:00,2008,GRIDSAT-B1.2008.04.27.03.v02r01.nc,data/interim/gridsat/2008/gridsat_2008.04.27.03.npz,518655,48bbcf5c8fe707c17cfbe956a62f98528a4ef23668ebd5cd9885b1af189c3d77,2026-09-23T16:24:43.029938+00:00,data/interim/gridsat/2008/gridsat_2008.04.27.03.nc,755192,642f5622ad8ae04cf9bb1b87d7f00b7a3abc84fdc5b87da0fe3adc619ac4ad4b,2026-09-23T16:24:42.925049+00:00
2008-04-27T06:00:00+00:00,2008,GRIDSAT-B1.2008.04.27.06.v02r01.nc,data/interim/gridsat/2008/gridsat_2008.04.27.06.npz,553784,5807a6ce186dfafd26450fe6f8201c10cfd9127e9b02ca186ff2197a3ec2a1fb,2026-09-23T16:24:17.114653+00:00,data/interim/gridsat/2008/gridsat_2008.04.27.06.nc,794960,c0fd97b831bcae17bb64174af5db45a093bb0caf8bf33d77c447378802a957b9,2026-09-23T16:24:17.008822+00:00
2008-04-27T09:00:00+00:00,2008,GRIDSAT-B1.2008.04.27.09.v02r01.nc,data/interim/gridsat/2008/gridsat_2008.04.27.09.npz,577798,8f3120af523ea5a2cf30529fe48055be8d677102e809a78cb4d1f672b32882b4,2026-09-23T16:24:18.709182+00:00,data/interim/gridsat/2008/gridsat_2008.04.27.09.nc,824119,6b42c0ebe605e1c68f2a9fda51dc4fc8a8178fa40160c639b3d0b84a0cb12675,2026-09-23T16:24:18.621647+00:00
2008-04-27T12:00:00+00:00,2008,GRIDSAT-B1.2008.04.27.12.v02r01.nc,data/interim/gridsat/2008/gridsat_2008.04.27.12.npz,567347,64ab2b6dec3a1acb2525db9a4bd00a3824be1a18cdb01ce79ebc92ae31b0cca7,2026-09-23T16:24:26.129900+00:00,data/interim/gridsat/2008/gridsat_2008.04.27.12.nc,819201,8e05aef8d4211b2c7d785879c5de0c22f3e9ff56d2caffa75b691ee8244cfc8f,2026-09-23T16:24:26.007151+00:00
2008-04-27T15:00:00+00:00,2008,GRIDSAT-B1.2008.04.27.15.v02r01.nc,data/interim/gridsat/2008/gridsat_2008.04.27.15.npz,545093,a2970779960af72166b4dd404afde83e5b29fdcfb186f78818bc6d87539e014e,2026-09-23T16:24:54.913293+00:00,data/interim/gridsat/2008/gridsat_2008.04.27.15.nc,789041,cd5c9d2dde7b3c02868718cd0b1cdd89e546b62f28468ab76eaddf4aa422499b,2026-09-23T16:24:54.801646+00:00
2008-04-27T18:00:00+00:00,2008,GRIDSAT-B1.2008.04.27.18.v02r01.nc,data/interim/gridsat/2008/gridsat_2008.04.27.18.npz,542167,43dcc89bec35d7aab8e59372ff36818d404c743977b2f9188d28d1034bde3d65,2026-09-23T16:24:56.031278+00:00,data/interim/gridsat/2008/gridsat_2008.04.27.18.nc,780480,718320c4d5453f6c484db0045549bfe279219624a891af5fd15d8278c075add6,2026-09-23T16:24:55.933531+00:00
2008-04-27T21:00:00+00:00,2008,GRIDSAT-B1.2008.04.27.21.v02r01.nc,data/interim/gridsat/2008/gridsat_2008.04.27.21.npz,545474,58d8319d7f0180a8c07306a012c76a2114851194c1e3a38d34a1793a97f6e61f,2026-09-23T16:24:58.055480+00:00,data/interim/gridsat/2008/gridsat_2008.04.27.21.nc,784627,037ddeb07453241312609356f8446b0ff9062ee174a03934ebbfaeca03a9bee2,2026-09-23T16:24:57.954315+00:00
2008-04-28T00:00:00+00:00,2008,GRIDSAT-B1.2008.04.28.00.v02r01.nc,data/interim/gridsat/2008/gridsat_2008.04.28.00.npz,544112,d307048b1a62979c317f9531dbe511e33cc2e3b896a5e83a56d77e3f5f9bac1d,2026-09-23T16:24:57.989137+00:00,data/interim/gridsat/2008/gridsat_2008.04.28.00.nc,785661,0c44e2667b638ad8fac53fd27bb3744848c661ad89fdc276e3e130e8eba1f06a,2026-09-23T16:24:57.894163+00:00
2008-04-28T03:00:00+00:00,2008,GRIDSAT-B1.2008.04.28.03.v02r01.nc,data/interim/gridsat/2008/gridsat_2008.04.28.03.npz,542399,9d9ced4d0f46bd1b462c86426ec014869f98eb6f4c78c2e3078a9d9b25d263db,2026-09-23T16:24:42.843484+00:00,data/interim/gridsat/2008/gridsat_2008.04.28.03.nc,781718,080a3cf507f3e8708060659d86783e757892f197ef1b194350dd2e8ec28298d9,2026-09-23T16:24:42.747435+00:00
2008-04-28T06:00:00+00:00,2008,GRIDSAT-B1.2008.04.28.06.v02r01.nc,data/interim/gridsat/2008/gridsat_2008.04.28.06.npz,567343,35a95605105521574efd9c408ccfd476ceed5d1980dd66b92899102eb2b0eb0a,2026-09-23T16:25:12.594120+00:00,data/interim/gridsat/2008/gridsat_2008.04.28.06.nc,817037,9c17c8ab3591f408d5d8009c59fbc2cb9c62879132d596d9713cb48739d61d76,2026-09-23T16:25:12.470665+00:00
2008-04-28T09:00:00+00:00,2008,GRIDSAT-B1.2008.04.28.09.v02r01.nc,data/interim/gridsat/2008/gridsat_2008.04.28.09.npz,586889,02fcd33feebbb5e6c1ce30c883b36b85c845636cc95b21027461c1b0f9900aa7,2026-09-23T16:25:12.091104+00:00,data/interim/gridsat/2008/gridsat_2008.04.28.09.nc,838616,c75e09dbd75dc1d1396ad29b6ba348d7b14634b5c66b92f2856ec0f78e4ec761,2026-09-23T16:25:11.975067+00:00
2008-04-28T12:00:00+00:00,2008,GRIDSAT-B1.2008.04.28.12.v02r01.nc,data/interim/gridsat/2008/gridsat_2008.04.28.12.npz,577054,ccc492b70d713818e33e26189ac581ac5a39fdaa648cb8ba2b4ad2c7f9f116d6,2026-09-23T16:25:31.834064+00:00,data/interim/gridsat/2008/gridsat_2008.04.28.12.nc,830746,99b6493e1f97633908b5d1379f84f7dd2558ae18655d237ed4b50a4a215c856d,2026-09-23T16:25:31.707078+00:00
2008-04-28T15:00:00+00:00,2008,GRIDSAT-B1.2008.04.28.15.v02r01.nc,data/interim/gridsat/2008/gridsat_2008.04.28.15.npz,552667,2b4006e911d4d325034d95e34f997943ad5ce4222ba52bfc14bf2ac3176a06ac,2026-09-23T16:25:45.210776+00:00,data/interim/gridsat/2008/gridsat_2008.04.28.15.nc,811200,44ed8616376f3d9e9f756cda611efaa9773e220d6e24b8431d2e3dcdb7d4c3a6,2026-09-23T16:25:45.078463+00:00
2008-04-28T18:00:00+00:00,2008,GRIDSAT-B1.2008.04.28.18.v02r01.nc,data/interim/gridsat/2008/gridsat_2008.04.28.18.npz,552983,5cfc25d5961145bab00825ac2532b39e162b04ba35a0b16ff689719f122493de,2026-09-23T16:25:43.687120+00:00,data/interim/gridsat/2008/gridsat_2008.04.28.18.nc,811806,1fdebce1f5f765f53bf0310a43a5748a2836138e99d7602a4308c4437d313efc,2026-09-23T16:25:43.587772+00:00
2008-04-28T21:00:00+00:00,2008,GRIDSAT-B1.2008.04.28.21.v02r01.nc,data/interim/gridsat/2008/gridsat_2008.04.28.21.npz,556920,87f27976711dbc66d434f961586d763ab4d94138496d462347e3a2e891e583d4,2026-09-23T16:25:59.745131+00:00,data/interim/gridsat/2008/gridsat_2008.04.28.21.nc,816120,8c6cf05c984ab04d0f46f4aa8f4cb0ea12890fe71f88cec0e4e0246c0db70a6c,2026-09-23T16:25:59.654819+00:00
2008-04-29T00:00:00+00:00,2008,GRIDSAT-B1.2008.04.29.00.v02r01.nc,data/interim/gridsat/2008/gridsat_2008.04.29.00.npz,552716,765b0d898ae179df211b8f13d20d7ad46d4df8335f9abb3037625d681b80f679,2026-09-23T16:25:46.726849+00:00,data/interim/gridsat/2008/gridsat_2008.04.29.00.nc,812638,d733ab7cbc66dd5260b50c3579cc1f805324a8b869118aa7b3bdc35738890c4e,2026-09-23T16:25:46.611851+00:00
2008-04-29T03:00:00+00:00,2008,GRIDSAT-B1.2008.04.29.03.v02r01.nc,data/interim/gridsat/2008/gridsat_2008.04.29.03.npz,549865,799abade26c7f813ff205c9ea45ee4f5771819ba3bdcd6d4f68ca68da830c708,2026-09-23T16:25:54.474410+00:00,data/interim/gridsat/2008/gridsat_2008.04.29.03.nc,805661,3648e55fc25375fc3801a812d7c7f8521238172da62fb93df2877cc6543941a7,2026-09-23T16:25:54.356429+00:00
2008-04-29T06:00:00+00:00,2008,GRIDSAT-B1.2008.04.29.06.v02r01.nc,data/interim/gridsat/2008/gridsat_2008.04.29.06.npz,580973,1d8f7dd4440469681e766a0f7bfaa46bda6da68914410aeff693a59bf5ca819f,2026-09-23T16:26:00.530306+00:00,data/interim/gridsat/2008/gridsat_2008.04.29.06.nc,837657,6df71d9ae13fba353c4beaf417e76e04aa10e0155df69d003c35a34d1f92470c,2026-09-23T16:26:00.407970+00:00
2008-04-29T09:00:00+00:00,2008,GRIDSAT-B1.2008.04.29.09.v02r01.nc,data/interim/gridsat/2008/gridsat_2008.04.29.09.npz,604372,06c9389e43515e6e804ee4a3797eab02c0d9c215362bff692b7de504bbf1507f,2026-09-23T16:26:14.876736+00:00,data/interim/gridsat/2008/gridsat_2008.04.29.09.nc,866542,59ae65b6d8471a2d1c4b8762590386f49dd4cd2044e9f9c0f1b25a1ccf8b8ce1,2026-09-23T16:26:14.773471+00:00
2008-04-29T12:00:00+00:00,2008,GRIDSAT-B1.2008.04.29.12.v02r01.nc,data/interim/gridsat/2008/gridsat_2008.04.29.12.npz,596717,7ecb51cb5769b5731a11d50d1394147608e97e65fbac79458bd74b68527fea06,2026-09-23T16:26:17.446151+00:00,data/interim/gridsat/2008/gridsat_2008.04.29.12.nc,857506,5ee62e987f603c54f9bed7915a60ca7b7146b2c836c3a5b2210034bc85503032,2026-09-23T16:26:17.347309+00:00
2008-04-29T15:00:00+00:00,2008,GRIDSAT-B1.2008.04.29.15.v02r01.nc,data/interim/gridsat/2008/gridsat_2008.04.29.15.npz,567928,8821bb5485bc1391e7f4ee5ff64b05716d6d5fb44af0824e9b7316ca37eafd22,2026-09-23T16:26:18.194355+00:00,data/interim/gridsat/2008/gridsat_2008.04.29.15.nc,823910,1c31ff36f0008a93fc562caecf325b637f661186a7bd4abcc605fccbdb0f27c6,2026-09-23T16:26:18.078104+00:00
2008-04-29T18:00:00+00:00,2008,GRIDSAT-B1.2008.04.29.18.v02r01.nc,data/interim/gridsat/2008/gridsat_2008.04.29.18.npz,556373,833687fe4a32207df1e0b6fad25a405ba494afec9b0bd925063fceb2ce9d36f0,2026-09-23T16:26:23.671865+00:00,data/interim/gridsat/2008/gridsat_2008.04.29.18.nc,803834,9aeb07a8b7f2989f640ad48eeb5b5906c79e8fefe0cf2efd5b22a4f2d66d89d8,2026-09-23T16:26:23.568458+00:00
2008-04-29T21:00:00+00:00,2008,GRIDSAT-B1.2008.04.29.21.v02r01.nc,data/interim/gridsat/2008/gridsat_2008.04.29.21.npz,555335,964361c0ca3dc1fd4a68b20e869ac7a0fbf0ce26f5b884b8e8b0ba560e3d313b,2026-09-23T16:26:46.689898+00:00,data/interim/gridsat/2008/gridsat_2008.04.29.21.nc,798839,34ee46d79a8561e8f92f05a3ee46f795acf316dde012fa12c75d21989a240253,2026-09-23T16:26:46.552338+00:00
2008-04-30T00:00:00+00:00,2008,GRIDSAT-B1.2008.04.30.00.v02r01.nc,data/interim/gridsat/2008/gridsat_2008.04.30.00.npz,546383,fb1133ed74942bf0324a131b7daa1f64558c4e19f96cf0726edf9857db218865,2026-09-23T16:26:33.046710+00:00,data/interim/gridsat/2008/gridsat_2008.04.30.00.nc,789957,d8010c8d0664fe8b31e777245eac6d1b4aa88727b1c2241f9430c92c91dca5c6,2026-09-23T16:26:32.937079+00:00
2008-04-30T03:00:00+00:00,2008,GRIDSAT-B1.2008.04.30.03.v02r01.nc,data/interim/gridsat/2008/gridsat_2008.04.30.03.npz,545209,2282a7453defc0ce9c971e5fca2123cad8f6e0e3a9b87eccf322afc072bf6e83,2026-09-23T16:27:18.153736+00:00,data/interim/gridsat/2008/gridsat_2008.04.30.03.nc,781946,d70c8dd30f2e346b8c0a9a8488a4f255c9eb3bed72a05bc17ace77d724336f08,2026-09-23T16:27:18.066776+00:00
2008-09-14T21:00:00+00:00,2008,GRIDSAT-B1.2008.09.14.21.v02r01.nc,data/interim/gridsat/2008/gridsat_2008.09.14.21.npz,525771,8679e444a0b06b59b04733bf2fde894f2bdfdf3b2a4f8ef2d95e0a1bbe011694,2026-09-23T16:27:00.909443+00:00,data/interim/gridsat/2008/gridsat_2008.09.14.21.nc,698530,880dc8db62a7a96638d176a122e5a8bdf55582707f3305fe029ddc560cef80e2,2026-09-23T16:27:00.799798+00:00
2008-09-15T00:00:00+00:00,2008,GRIDSAT-B1.2008.09.15.00.v02r01.nc,data/interim/gridsat/2008/gridsat_2008.09.15.00.npz,554096,efe65c837e3b86463dace3731accdcae892c379a0f047000e6d1afb275e23ac0,2026-09-23T16:27:46.411400+00:00,data/interim/gridsat/2008/gridsat_2008.09.15.00.nc,791658,d19fc3d403a6354777792fbeb41250dc1b715c08453aac2c984086b4224a0f01,2026-09-23T16:27:46.257349+00:00
2008-09-15T03:00:00+00:00,2008,GRIDSAT-B1.2008.09.15.03.v02r01.nc,data/interim/gridsat/2008/gridsat_2008.09.15.03.npz,547412,283f968e91db955bcf3469a75ae112367eac7fb21ffc6569c971f15ecc220c17,2026-09-23T16:27:35.424310+00:00,data/interim/gridsat/2008/gridsat_2008.09.15.03.nc,779319,c25948fbda5aaabd08fc340d31ed04930fd41338d24b44ab83928cf04578290f,2026-09-23T16:27:35.293235+00:00
2008-09-15T06:00:00+00:00,2008,GRIDSAT-B1.2008.09.15.06.v02r01.nc,data/interim/gridsat/2008/gridsat_2008.09.15.06.npz,562556,4b932c4f94e94c2eeda123b0c10842f1609306ae2b88f900c024c8800211381a,2026-09-23T16:27:17.834311+00:00,data/interim/gridsat/2008/gridsat_2008.09.15.06.nc,799929,258302dc221e7e68b3c860c72e9b07a8b508f6ca1902cf463763d348ebcc3502,2026-09-23T16:27:17.729992+00:00
2008-09-15T09:00:00+00:00,2008,GRIDSAT-B1.2008.09.15.09.v02r01.nc,data/interim/gridsat/2008/gridsat_2008.09.15.09.npz,588651,a46a18e9ff7786b32c884752c56b17f8b78af18acc8100f955a3bb7ed4b77301,2026-09-23T16:27:09.283284+00:00,data/interim/gridsat/2008/gridsat_2008.09.15.09.nc,835143,ea6803b6ea0512f1ef96d5327948a54e8e0ece23812071378faf2a77338acc94,2026-09-23T16:27:09.167809+00:00
2008-09-15T12:00:00+00:00,2008,GRIDSAT-B1.2008.09.15.12.v02r01.nc,data/interim/gridsat/2008/gridsat_2008.09.15.12.npz,578890,505c8c9d8a503fe2e02314a2fb12c051a247bd70815c239341bb5bc2a80f4c3a,2026-09-23T16:27:47.846044+00:00,data/interim/gridsat/2008/gridsat_2008.09.15.12.nc,831918,0bfc04396344c8a82c752d8ed5a07f19794bbde9ab7183899243e937b7ee455d,2026-09-23T16:27:47.725110+00:00
2008-09-15T15:00:00+00:00,2008,GRIDSAT-B1.2008.09.15.15.v02r01.nc,data/interim/gridsat/2008/gridsat_2008.09.15.15.npz,552229,d76c8890c50399d26fd47ccafb6c9156cfa18575c6e1f63bf3ad064482f9b386,2026-09-23T16:28:15.395548+00:00,data/interim/gridsat/2008/gridsat_2008.09.15.15.nc,802334,a372ce36b47f59a363d165b933473be5e6c4f41accf42cb94c1723986409b09a,2026-09-23T16:28:15.293933+00:00
2008-09-15T18:00:00+00:00,2008,GRIDSAT-B1.2008.09.15.18.v02r01.nc,data/interim/gridsat/2008/gridsat_2008.09.15.18.npz,548716,fd18141ba400cd05b4e53a6b2a93aba3fed69f38cc1aac2a138b7858a1529158,2026-09-23T16:28:11.551754+00:00,data/interim/gridsat/2008/gridsat_2008.09.15.18.nc,796943,9a07f516e5c20832d73d39191c50cc529e7244a5a77e227b6375fab201440dfb,2026-09-23T16:28:11.417781+00:00
2008-09-15T21:00:00+00:00,2008,GRIDSAT-B1.2008.09.15.21.v02r01.nc,data/interim/gridsat/2008/gridsat_2008.09.15.21.npz,527439,21010512e56c52284bc9d847954ce03d836f7c2d3290cd64741e8963d18c6f0f,2026-09-23T16:28:05.776199+00:00,data/interim/gridsat/2008/gridsat_2008.09.15.21.nc,707934,328b659f1390e4f2e0c3439e54039775f457c6c260520f30f799b2c1b935af80,2026-09-23T16:28:05.671107+00:00
2008-09-16T00:00:00+00:00,2008,GRIDSAT-B1.2008.09.16.00.v02r01.nc,data/interim/gridsat/2008/gridsat_2008.09.16.00.npz,559560,5ee14ddf39343a8a7dfac7b454ad74b21a1b058e8ba1df1da9feea79707f486b,2026-09-23T16:28:35.668561+00:00,data/interim/gridsat/2008/gridsat_2008.09.16.00.nc,806424,e8e85fd168e58f7bf77e911ab00d0b731490e059e9cb4c7747b1e48378d911a2,2026-09-23T16:28:35.534373+00:00
2008-09-16T03:00:00+00:00,2008,GRIDSAT-B1.2008.09.16.03.v02r01.nc,data/interim/gridsat/2008/gridsat_2008.09.16.03.npz,553413,3fc5893d6d44df02ba89f17327e8c43e5b249fa756ae99f1292dd30f2e9d2b5d,2026-09-23T16:28:37.221936+00:00,data/interim/gridsat/2008/gridsat_2008.09.16.03.nc,792770,9a5053810eea62774bad116d5ff9c3530890c1d51b4eb18868cec643ca0ac9ca,2026-09-23T16:28:37.117746+00:00
2008-09-16T06:00:00+00:00,2008,GRIDSAT-B1.2008.09.16.06.v02r01.nc,data/interim/gridsat/2008/gridsat_2008.09.16.06.npz,566206,98aecb153322e8157f808cb45dfb036ae364c0d686c9028b6d57fe0b5b552e0b,2026-09-23T16:28:18.638811+00:00,data/interim/gridsat/2008/gridsat_2008.09.16.06.nc,810891,a4181957a69a5a24aa3d4c9a0b22532febd7f81b2e0aee4757a69bfb8739c9c1,2026-09-23T16:28:18.553945+00:00
2008-09-16T09:00:00+00:00,2008,GRIDSAT-B1.2008.09.16.09.v02r01.nc,data/interim/gridsat/2008/gridsat_2008.09.16.09.npz,593298,410a505ab9622f9e21b31be5faa6a0fcf3ae8b7528fde0a26f0cc0a7cdf58ca6,2026-09-23T16:28:55.992488+00:00,data/interim/gridsat/2008/gridsat_2008.09.16.09.nc,843854,1d0c01d7647d9f55da7ef5b92de14cc5a69ec0278b11022f36677510fe5b91b2,2026-09-23T16:28:55.874532+00:00
2008-09-16T12:00:00+00:00,2008,GRIDSAT-B1.2008.09.16.12.v02r01.nc,data/interim/gridsat/2008/gridsat_2008.09.16.12.npz,578874,daecbfb6f5ea6943ea801338f523fefb5722057d0dfb4bc0edf35ce25455f896,2026-09-23T16:28:59.395174+00:00,data/interim/gridsat/2008/gridsat_2008.09.16.12.nc,831369,8338de144bfdcd2b62fce0ccd40867a811cb391ff69ca46bf2b11141e8d58398,2026-09-23T16:28:59.263251+00:00
2008-11-12T21:00:00+00:00,2008,GRIDSAT-B1.2008.11.12.21.v02r01.nc,data/interim/gridsat/2008/gridsat_2008.11.12.21.npz,526213,d487a925709416bcf3e62ad82a55bb3635a0f8dc7c959493766dc16f16a72e61,2026-09-23T16:30:08.335378+00:00,data/interim/gridsat/2008/gridsat_2008.11.12.21.nc,787058,318f3e49ec623a0e0f46d3e589cd377211eca8e30b07077df16c016f6a25d0ac,2026-09-23T16:30:08.233808+00:00
2008-11-13T00:00:00+00:00,2008,GRIDSAT-B1.2008.11.13.00.v02r01.nc,data/interim/gridsat/2008/gridsat_2008.11.13.00.npz,521927,4258e6844c96d23574a7a4fe65a049bab103de159e632317daaf0a5eb9db7584,2026-09-23T16:29:13.255302+00:00,data/interim/gridsat/2008/gridsat_2008.11.13.00.nc,781489,d4b3415a9db0f148bc11f7f545906becb636e73d6cec4e814c7ecd6cb881aca1,2026-09-23T16:29:13.170113+00:00
2008-11-13T03:00:00+00:00,2008,GRIDSAT-B1.2008.11.13.03.v02r01.nc,data/interim/gridsat/2008/gridsat_2008.11.13.03.npz,527326,73f1ee28d87f94b0e856085b00518cfd788fa1eac7938cd59d8a4a5534943995,2026-09-23T16:29:11.936679+00:00,data/interim/gridsat/2008/gridsat_2008.11.13.03.nc,785340,0c3d52604ba5121983f7495c240cd2e81693c1fba7596d2bcc1eac74115506b6,2026-09-23T16:29:11.833591+00:00
2008-11-13T06:00:00+00:00,2008,GRIDSAT-B1.2008.11.13.06.v02r01.nc,data/interim/gridsat/2008/gridsat_2008.11.13.06.npz,556339,29ba69c0a7fda9e1f4ee9b30fd036f6dee09806076f98a73cd1ed25abb34779d,2026-09-23T16:29:15.306169+00:00,data/interim/gridsat/2008/gridsat_2008.11.13.06.nc,810761,d7eab9542ba4ec89601318a9e7dbf7d3daf4afbe67beb8f142d8f7b2d738563a,2026-09-23T16:29:15.205696+00:00
2008-11-13T09:00:00+00:00,2008,GRIDSAT-B1.2008.11.13.09.v02r01.nc,data/interim/gridsat/2008/gridsat_2008.11.13.09.npz,574624,dd6a8011f08d67888ebdce1c7aeacb50c6da60b574a3810ee882467d48a59677,2026-09-23T16:29:40.766168+00:00,data/interim/gridsat/2008/gridsat_2008.11.13.09.nc,837593,6dfaa875f99e85011bb3d43d4b8401f81443954d2ab93d6a46c28ebf466ce517,2026-09-23T16:29:40.656177+00:00
2008-11-13T12:00:00+00:00,2008,GRIDSAT-B1.2008.11.13.12.v02r01.nc,data/interim/gridsat/2008/gridsat_2008.11.13.12.npz,548971,cfeef95ce4d39c85c1cf6beaf5b1036a310debf09bd8f6d44859b759b30e4b19,2026-09-23T16:29:36.023803+00:00,data/interim/gridsat/2008/gridsat_2008.11.13.12.nc,812204,fe778c3dc62f199fda6b0be89eb81590c015f4c1e93cec33bf015a726aac88f6,2026-09-23T16:29:35.869762+00:00
2008-11-13T15:00:00+00:00,2008,GRIDSAT-B1.2008.11.13.15.v02r01.nc,data/interim/gridsat/2008/gridsat_2008.11.13.15.npz,531604,d029d1ccea627e99ec0967b60d524eae0c55decca977160b8483df4daf88303b,2026-09-23T16:29:28.491931+00:00,data/interim/gridsat/2008/gridsat_2008.11.13.15.nc,784978,e4d194b20d1838ece05202187562ac6c2317ddf0f66c471ac350811bc8287528,2026-09-23T16:29:28.353127+00:00
2008-11-13T18:00:00+00:00,2008,GRIDSAT-B1.2008.11.13.18.v02r01.nc,data/interim/gridsat/2008/gridsat_2008.11.13.18.npz,531443,0514eb6627639b1e4c37eb1600700272295a7d85ddaf7f620a3c47e90fbd7a80,2026-09-23T16:29:45.129371+00:00,data/interim/gridsat/2008/gridsat_2008.11.13.18.nc,788634,a7f5fee7d96187401f6ef013663f599f3e8b1b8dc17cd240c5a36385a4b1a1a6,2026-09-23T16:29:44.977670+00:00
2008-11-13T21:00:00+00:00,2008,GRIDSAT-B1.2008.11.13.21.v02r01.nc,data/interim/gridsat/2008/gridsat_2008.11.13.21.npz,529963,b8ebc40060c61fe32272064879320a37e70725f974b2d5665b203568ad0c2150,2026-09-23T16:30:58.893464+00:00,data/interim/gridsat/2008/gridsat_2008.11.13.21.nc,789520,78c493445e5914eae2b78e23be995d062377e4e3694f9761954cb5d035c21b93,2026-09-23T16:30:58.787629+00:00
2008-11-14T00:00:00+00:00,2008,GRIDSAT-B1.2008.11.14.00.v02r01.nc,data/interim/gridsat/2008/gridsat_2008.11.14.00.npz,531264,292f401f30c00ae723d291770d326d5035d8c871aad0b077b96ead116d51f558,2026-09-23T16:30:24.367459+00:00,data/interim/gridsat/2008/gridsat_2008.11.14.00.nc,790857,99c9e8964e139b0af89b493bbd9adcdab0623bcb95f0e49d2f6e7a43a58d0452,2026-09-23T16:30:24.213472+00:00
2008-11-14T03:00:00+00:00,2008,GRIDSAT-B1.2008.11.14.03.v02r01.nc,data/interim/gridsat/2008/gridsat_2008.11.14.03.npz,528613,dd1022170be36b142e30a36e00328805143dfa89e17ad312e7ac545cc6b5b3d0,2026-09-23T16:30:30.338301+00:00,data/interim/gridsat/2008/gridsat_2008.11.14.03.nc,783124,e2c7fd3b498770bcbaba8311dadc9f76b64cf3cb4ea82b24227cc90d85f8d367,2026-09-23T16:30:30.244286+00:00
2008-11-24T18:00:00+00:00,2008,GRIDSAT-B1.2008.11.24.18.v02r01.nc,data/interim/gridsat/2008/gridsat_2008.11.24.18.npz,507799,e10d237ea6dfceca8df3e2ee621171440b58c90fa25a443494921cebe2914c5e,2026-09-23T16:30:59.935169+00:00,data/interim/gridsat/2008/gridsat_2008.11.24.18.nc,756232,59a1a9bdad6a524c706fc7b5764cf02faf484c335a2052ab54c5b96d30479824,2026-09-23T16:30:59.838063+00:00
2008-11-24T21:00:00+00:00,2008,GRIDSAT-B1.2008.11.24.21.v02r01.nc,data/interim/gridsat/2008/gridsat_2008.11.24.21.npz,507023,9790ad05951795df76cca7b02d08988e52b50b335cd411089755e70efad72ac4,2026-09-23T16:31:35.476164+00:00,data/interim/gridsat/2008/gridsat_2008.11.24.21.nc,758875,2e037de27d93cc75782ac137196ca88afbd24915329a1444d28d52798ae86313,2026-09-23T16:31:35.373176+00:00
2008-11-25T00:00:00+00:00,2008,GRIDSAT-B1.2008.11.25.00.v02r01.nc,data/interim/gridsat/2008/gridsat_2008.11.25.00.npz,505450,772ac2ae70532c9fd9b7b0c32d1e42712bf1315341c52c743c31c18997e0855c,2026-09-23T16:31:11.222017+00:00,data/interim/gridsat/2008/gridsat_2008.11.25.00.nc,757386,b273fcd2bc21978314cedd99a48386c69178c764a10b68f53bce17f0e4164f60,2026-09-23T16:31:11.133535+00:00
2008-11-25T03:00:00+00:00,2008,GRIDSAT-B1.2008.11.25.03.v02r01.nc,data/interim/gridsat/2008/gridsat_2008.11.25.03.npz,501880,fa94c886cdfb865a820cd8bd45c47e37fad08fa6962525d3bd31af631e2997b4,2026-09-23T16:32:02.484950+00:00,data/interim/gridsat/2008/gridsat_2008.11.25.03.nc,745676,2abcc54a76525ce747f97319c800f175e37881d8a09a2183d9db33ac4b60d5bc,2026-09-23T16:32:02.386988+00:00
2008-11-25T06:00:00+00:00,2008,GRIDSAT-B1.2008.11.25.06.v02r01.nc,data/interim/gridsat/2008/gridsat_2008.11.25.06.npz,521110,445a866053574b88500878f39cd53c62c42479234da1e25558b5b8935d960c78,2026-09-23T16:31:19.530762+00:00,data/interim/gridsat/2008/gridsat_2008.11.25.06.nc,763907,e8aef6ccaeaaf068e7f993d9e905d70ffefdb1ff578f1fdbb0e009fee4262e3e,2026-09-23T16:31:19.434784+00:00
2008-11-25T09:00:00+00:00,2008,GRIDSAT-B1.2008.11.25.09.v02r01.nc,data/interim/gridsat/2008/gridsat_2008.11.25.09.npz,538879,2024875d0b1bd5f076869c25d393c6df4c8d7bfc3a207986767e983e3d8d0fa5,2026-09-23T16:31:11.400364+00:00,data/interim/gridsat/2008/gridsat_2008.11.25.09.nc,785825,2fa9c2a799b532d2dea34904090c6e0919a0e2dead7c09feb8321342b94fefae,2026-09-23T16:31:11.313203+00:00
2008-11-25T12:00:00+00:00,2008,GRIDSAT-B1.2008.11.25.12.v02r01.nc,data/interim/gridsat/2008/gridsat_2008.11.25.12.npz,508940,c093d4e4fd7027f9247fe4313a87f8fdd0385f3ee8438e30135f7865bbba120c,2026-09-23T16:32:00.218916+00:00,data/interim/gridsat/2008/gridsat_2008.11.25.12.nc,751010,b68f26208251f77b5dacaf07e9f050b99f9eada555dbc4722b39eb076e961f54,2026-09-23T16:32:00.129007+00:00
2008-12-03T21:00:00+00:00,2008,GRIDSAT-B1.2008.12.03.21.v02r01.nc,data/interim/gridsat/2008/gridsat_2008.12.03.21.npz,474262,7b5d79812c3bc68800d7e746250420a4720cfb2607bd85a76b337e6d74a67c3f,2026-09-23T16:32:26.504687+00:00,data/interim/gridsat/2008/gridsat_2008.12.03.21.nc,717213,4988f1d48de48358512bd30998c244d8563afb81dc83b69f9bb726fd0b214a8f,2026-09-23T16:32:26.394892+00:00
2008-12-04T00:00:00+00:00,2008,GRIDSAT-B1.2008.12.04.00.v02r01.nc,data/interim/gridsat/2008/gridsat_2008.12.04.00.npz,353535,05e98a975b6832a7ed6a01b58a6d0e58d95bd9d8a0fe9dfed879f1a2daa82474,2026-09-23T16:31:33.115108+00:00,data/interim/gridsat/2008/gridsat_2008.12.04.00.nc,464851,ec58e154d3e26456d16a408d56f2da8ac7143eb2d78590310834fbd660daaed9,2026-09-23T16:31:33.064677+00:00
2008-12-04T03:00:00+00:00,2008,GRIDSAT-B1.2008.12.04.03.v02r01.nc,data/interim/gridsat/2008/gridsat_2008.12.04.03.npz,352384,faaad06f74a068ad72fcd31c1ad0312f25ed77a40a01aaf219987b5b70b4cfbd,2026-09-23T16:31:30.549316+00:00,data/interim/gridsat/2008/gridsat_2008.12.04.03.nc,458589,d488e9d319974709a32b57673c1e75d218287e89898c20df8abece6397a99876,2026-09-23T16:31:30.483275+00:00
2008-12-04T06:00:00+00:00,2008,GRIDSAT-B1.2008.12.04.06.v02r01.nc,data/interim/gridsat/2008/gridsat_2008.12.04.06.npz,362455,af36c7e95613392e803f5b2a36367bd49e78fbe81e5413a353b2902ce3ab2e2c,2026-09-23T16:31:38.309717+00:00,data/interim/gridsat/2008/gridsat_2008.12.04.06.nc,467542,4f8b72b233e0dcb5e6b3135e74468dc036c48b8b4c3a1bf30bb48b33425b8d89,2026-09-23T16:31:38.250617+00:00
2008-12-04T09:00:00+00:00,2008,GRIDSAT-B1.2008.12.04.09.v02r01.nc,data/interim/gridsat/2008/gridsat_2008.12.04.09.npz,365167,aba8200ced9ef2c7d669b5f8f4758645c1242f295b1ea63fbc5864b8dc24c8ea,2026-09-23T16:32:11.263131+00:00,data/interim/gridsat/2008/gridsat_2008.12.04.09.nc,473917,55685d3a3238e7b60ca3fbd01847a48e1d0e0206b4702d9a8362ec3877e4b8a7,2026-09-23T16:32:11.192305+00:00
2008-12-04T12:00:00+00:00,2008,GRIDSAT-B1.2008.12.04.12.v02r01.nc,data/interim/gridsat/2008/gridsat_2008.12.04.12.npz,353399,8dd812156bb9392ec6f2f12a33047d5a8318ef0b5f23d4c0554421d85844b448,2026-09-23T16:32:05.949249+00:00,data/interim/gridsat/2008/gridsat_2008.12.04.12.nc,465145,091ca56aee814da0a58d61c24937ef5fc4f89766292cc66176f89ecb66f5d177,2026-09-23T16:32:05.886730+00:00
2009-04-13T21:00:00+00:00,2009,GRIDSAT-B1.2009.04.13.21.v02r01.nc,data/interim/gridsat/2009/gridsat_2009.04.13.21.npz,539261,5259e43e2670fb006d604947c6ceaa4bbe3cf2d802998c1943b57de7b867afca,2026-09-23T16:33:19.660615+00:00,data/interim/gridsat/2009/gridsat_2009.04.13.21.nc,796296,cc41d8a6ee1af7b9b26afceda73e84a8dc4940246e57b1e25d09b9f9521470f0,2026-09-23T16:33:19.451795+00:00
2009-04-14T00:00:00+00:00,2009,GRIDSAT-B1.2009.04.14.00.v02r01.nc,data/interim/gridsat/2009/gridsat_2009.04.14.00.npz,532128,277312f99b9086d37455493867c4674146df5804c0c393fb3a5648623fdcc2df,2026-09-23T16:32:10.940981+00:00,data/interim/gridsat/2009/gridsat_2009.04.14.00.nc,789714,cac5ab071a042c67fcd43f9349e5082581cbf913d724e44f1f1459cde3da823f,2026-09-23T16:32:10.829781+00:00
2009-04-14T03:00:00+00:00,2009,GRIDSAT-B1.2009.04.14.03.v02r01.nc,data/interim/gridsat/2009/gridsat_2009.04.14.03.npz,536834,9343d5795d38acea2d612eb5f25e5e971f9512ba093e2bbbdebbdea644bda328,2026-09-23T16:33:27.889179+00:00,data/interim/gridsat/2009/gridsat_2009.04.14.03.nc,793688,4c98d03a2bf55336ab8d7104cb6a04f703fdbf2032147ab0667ba83109d24f2b,2026-09-23T16:33:27.800524+00:00
2009-04-14T06:00:00+00:00,2009,GRIDSAT-B1.2009.04.14.06.v02r01.nc,data/interim/gridsat/2009/gridsat_2009.04.14.06.npz,569105,67d8883fe1bdf9283ca18c7650d8541b1b53bb8872b36a67ddfb359e5e583d16,2026-09-23T16:33:07.346227+00:00,data/interim/gridsat/2009/gridsat_2009.04.14.06.nc,817996,c570e58aa3f7f50650cfa8c6a29c56fa07b870005b36ae2e376c0d9bb35fd9e3,2026-09-23T16:33:07.259567+00:00
2009-04-14T09:00:00+00:00,2009,GRIDSAT-B1.2009.04.14.09.v02r01.nc,data/interim/gridsat/2009/gridsat_2009.04.14.09.npz,595317,5b9d59fca220882959c0f3be48c9120e14c9e82db85bbab91d65cd93a0462e6d,2026-09-23T16:32:38.189489+00:00,data/interim/gridsat/2009/gridsat_2009.04.14.09.nc,841904,860f3c6b17baccb4bd00d8818153ab05e64899040072d69815e9bf36c9a2b725,2026-09-23T16:32:38.100298+00:00
2009-04-14T12:00:00+00:00,2009,GRIDSAT-B1.2009.04.14.12.v02r01.nc,data/interim/gridsat/2009/gridsat_2009.04.14.12.npz,583374,c33011e4e953794854729e34ef9e0fdb71acdf57d8007de1027ae891fdd3fbee,2026-09-23T16:32:57.516993+00:00,data/interim/gridsat/2009/gridsat_2009.04.14.12.nc,830575,47febcf9fc63febfb672751bcbd5954f865cff274148ad9128175dbcc990512d,2026-09-23T16:32:57.433328+00:00
2009-04-14T15:00:00+00:00,2009,GRIDSAT-B1.2009.04.14.15.v02r01.nc,data/interim/gridsat/2009/gridsat_2009.04.14.15.npz,552357,4059adceaf2067c38528c9031c92bdf6b1b8bccf8251fddb829e38c5a299656b,2026-09-23T16:32:44.706577+00:00,data/interim/gridsat/2009/gridsat_2009.04.14.15.nc,801448,8aa62483f8396ebcd5487e23b3e3e8e3ed46ea98a5ceb8483804f73095a72244,2026-09-23T16:32:44.581586+00:00
2009-04-14T18:00:00+00:00,2009,GRIDSAT-B1.2009.04.14.18.v02r01.nc,data/interim/gridsat/2009/gridsat_2009.04.14.18.npz,548106,f3b930778d7d25029f646000630bc90795860107c15a3561c05aefe8d2de980f,2026-09-23T16:32:54.407329+00:00,data/interim/gridsat/2009/gridsat_2009.04.14.18.nc,796907,986f1e0a0bfea0599893e47e4a519d305864258e29f1e00303a5213242f678ef,2026-09-23T16:32:54.312641+00:00
2009-04-14T21:00:00+00:00,2009,GRIDSAT-B1.2009.04.14.21.v02r01.nc,data/interim/gridsat/2009/gridsat_2009.04.14.21.npz,550659,b68e59af191caf30b94093020a2d20856b7088fe00c224469bebf54455d2a3bd,2026-09-23T16:33:52.565108+00:00,data/interim/gridsat/2009/gridsat_2009.04.14.21.nc,800095,13ded92aeac8a68fd97841141cecbee0edbe32d47232e45690fb09fd1aaf3bcf,2026-09-23T16:33:52.311692+00:00
2009-04-15T00:00:00+00:00,2009,GRIDSAT-B1.2009.04.15.00.v02r01.nc,data/interim/gridsat/2009/gridsat_2009.04.15.00.npz,546862,a6428aecea7c32045fa159ca9fc85c7a7af072d63c45bb0cbd51776abcb43a28,2026-09-23T16:33:07.285261+00:00,data/interim/gridsat/2009/gridsat_2009.04.15.00.nc,797137,8b81b679b412e86a767bb0679f7dbba4e61aff417ea8d8043d669181128f3995,2026-09-23T16:33:07.197120+00:00
2009-04-15T03:00:00+00:00,2009,GRIDSAT-B1.2009.04.15.03.v02r01.nc,data/interim/gridsat/2009/gridsat_2009.04.15.03.npz,548565,fe1b6b9cdd26a476a897365e63e80163abbd1ff0bea14c986d91f51dbe9726e4,2026-09-23T16:34:28.751560+00:00,data/interim/gridsat/2009/gridsat_2009.04.15.03.nc,797875,c855bab39cf0e6a4ce41cf47aef1d56c437da877d6c57db92bd6068f2f349c51,2026-09-23T16:34:28.654183+00:00
2009-04-15T06:00:00+00:00,2009,GRIDSAT-B1.2009.04.15.06.v02r01.nc,data/interim/gridsat/2009/gridsat_2009.04.15.06.npz,585435,901afc15237e52feb4167fa155fe520265f775cda7874b42eb565c1b4752bd03,2026-09-23T16:33:40.280466+00:00,data/interim/gridsat/2009/gridsat_2009.04.15.06.nc,830754,e79d888e531e0a78da5a5c06fdce54af88d390084b2c00bf8e5824c5d29281de,2026-09-23T16:33:40.091666+00:00
2009-04-15T09:00:00+00:00,2009,GRIDSAT-B1.2009.04.15.09.v02r01.nc,data/interim/gridsat/2009/gridsat_2009.04.15.09.npz,611966,868fd69d7a7194e9c9729f4ed73e91a66d9ef633d7bccbd94bf32b5b69143297,2026-09-23T16:33:39.816060+00:00,data/interim/gridsat/2009/gridsat_2009.04.15.09.nc,859402,856101a4adac950b7b29321e1bb4fd4fd625b452765fe180bb77d1c449ed61f7,2026-09-23T16:33:39.636843+00:00
2009-04-15T12:00:00+00:00,2009,GRIDSAT-B1.2009.04.15.12.v02r01.nc,data/interim/gridsat/2009/gridsat_2009.04.15.12.npz,591460,9952d4cffeb111bb68bbebdeffddc83de060a26950bbad84f6d89bc8e2bdf92d,2026-09-23T16:35:08.197497+00:00,data/interim/gridsat/2009/gridsat_2009.04.15.12.nc,840973,fe5d9cb878afed36282610c60270d2f46f0d36a9fb35b1e893c6af3f5afe3247,2026-09-23T16:35:07.964331+00:00
2009-04-15T15:00:00+00:00,2009,GRIDSAT-B1.2009.04.15.15.v02r01.nc,data/interim/gridsat/2009/gridsat_2009.04.15.15.npz,561511,f8010a95913b8628a0d5456916c486a4de8c85e73aed63a9ff9024dcd764e518,2026-09-23T16:35:00.945258+00:00,data/interim/gridsat/2009/gridsat_2009.04.15.15.nc,812779,2558a4ca28d297dc428145ef7c52da5ae7414dce8751d68488fc23f97383b79e,2026-09-23T16:35:00.760400+00:00
2009-05-22T15:00:00+00:00,2009,GRIDSAT-B1.2009.05.22.15.v02r01.nc,data/interim/gridsat/2009/gridsat_2009.05.22.15.npz,553209,798980ee3f5e014a4113efb6e7c8a831cba38c0469362fedd05cb5379431b586,2026-09-23T16:34:59.559564+00:00,data/interim/gridsat/2009/gridsat_2009.05.22.15.nc,817838,291a07c4c4f1f76db9686ab0fb3a965fda6285a51a65b0f89a83b2f1fe2c8d27,2026-09-23T16:34:59.330221+00:00
2009-05-22T18:00:00+00:00,2009,GRIDSAT-B1.2009.05.22.18.v02r01.nc,data/interim/gridsat/2009/gridsat_2009.05.22.18.npz,549272,2428df0b39a885253a368388da7bda0e6cc9ab6604454a99fa15d6b7cf7d5063,2026-09-23T16:35:01.116200+00:00,data/interim/gridsat/2009/gridsat_2009.05.22.18.nc,800523,74d712fdc07b41eca7eca35d8df3973c9060c8f8be883954968de107f8a22ec3,2026-09-23T16:35:00.917797+00:00
2009-05-22T21:00:00+00:00,2009,GRIDSAT-B1.2009.05.22.21.v02r01.nc,data/interim/gridsat/2009/gridsat_2009.05.22.21.npz,547613,753297ad45d72aa3ac5a17900e43fb5aae7296fae28d67a3cbaf77113508fb15,2026-09-23T16:34:05.933221+00:00,data/interim/gridsat/2009/gridsat_2009.05.22.21.nc,813180,2e4f069a88c5faf23604d220a3b92562ffc2a7516eb40ef7de59896f28082923,2026-09-23T16:34:05.750596+00:00
2009-05-23T00:00:00+00:00,2009,GRIDSAT-B1.2009.05.23.00.v02r01.nc,data/interim/gridsat/2009/gridsat_2009.05.23.00.npz,539557,02ce756f5a38c279de2ad89b856c5c57611343d8a56b9464ac56fdebcc8ed194,2026-09-23T16:34:18.446700+00:00,data/interim/gridsat/2009/gridsat_2009.05.23.00.nc,810531,29d5e1a05a52d59d2fa21b5f0c6984503b5b32e03e8f6b3692285c5ac5e8afcf,2026-09-23T16:34:18.328377+00:00
2009-05-23T03:00:00+00:00,2009,GRIDSAT-B1.2009.05.23.03.v02r01.nc,data/interim/gridsat/2009/gridsat_2009.05.23.03.npz,539575,aedab8972742a5f2bba6cba6ca04bb1a1e381d10743a7a7fa35e5a30aab0c18a,2026-09-23T16:34:33.902274+00:00,data/interim/gridsat/2009/gridsat_2009.05.23.03.nc,806836,998e53a250358625e6bc71e886554edca696840c3447aa54a10784f23eea04cd,2026-09-23T16:34:33.795008+00:00
2009-05-23T06:00:00+00:00,2009,GRIDSAT-B1.2009.05.23.06.v02r01.nc,data/interim/gridsat/2009/gridsat_2009.05.23.06.npz,574143,b59603d590746ee24c7de46230ff66b32aa76d134660dc33dcd7b48392fdf53c,2026-09-23T16:35:30.362415+00:00,data/interim/gridsat/2009/gridsat_2009.05.23.06.nc,848150,cd33ecc277aa1baae9f558b9d0b84d3dfd7e2cbf77b3ed2ccf4165c729e4a996,2026-09-23T16:35:30.192188+00:00
2009-05-23T09:00:00+00:00,2009,GRIDSAT-B1.2009.05.23.09.v02r01.nc,data/interim/gridsat/2009/gridsat_2009.05.23.09.npz,598412,0b823ba7d21e7651771b9707fc91fb8b3df0d6b5954a81cc6dadc3b8f01fa002,2026-09-23T16:34:47.475882+00:00,data/interim/gridsat/2009/gridsat_2009.05.23.09.nc,874386,9288de9e578e7942226e1ef0e166ce20b3c53fab74bc04967e16cd47f84e1fde,2026-09-23T16:34:47.380337+00:00
2009-05-23T12:00:00+00:00,2009,GRIDSAT-B1.2009.05.23.12.v02r01.nc,data/interim/gridsat/2009/gridsat_2009.05.23.12.npz,593522,e9496d63be392c5e831254481789bc0f7390dedbed154ad77224f638c86a6387,2026-09-23T16:35:56.959283+00:00,data/interim/gridsat/2009/gridsat_2009.05.23.12.nc,863949,a1827dd1319e6947f97db4ef3d9ec160cbc79474bfc89c44c9726502744bd888,2026-09-23T16:35:56.869180+00:00
2009-09-04T09:00:00+00:00,2009,GRIDSAT-B1.2009.09.04.09.v02r01.nc,data/interim/gridsat/2009/gridsat_2009.09.04.09.npz,609415,326cad8d375bb3c5ab08bfb013072980cdd002ae6c9262e7aaa0f4d5d17a540a,2026-09-23T16:35:20.460138+00:00,data/interim/gridsat/2009/gridsat_2009.09.04.09.nc,880000,52dd75827ae3fb52a6e405f066113cfdaa2b3d19c1d48e171763ed889c8eb37c,2026-09-23T16:35:20.201557+00:00
2009-09-04T12:00:00+00:00,2009,GRIDSAT-B1.2009.09.04.12.v02r01.nc,data/interim/gridsat/2009/gridsat_2009.09.04.12.npz,601671,b06115048ce324ef9b5d5a91be2e7805f3fdd82160bf7e7e4c9ca6e755061140,2026-09-23T16:37:22.448461+00:00,data/interim/gridsat/2009/gridsat_2009.09.04.12.nc,879126,ffe5df916fb6938e039a84074c9c3a3e47a5fa2f962fd1e3492542e469bbf278,2026-09-23T16:37:22.218687+00:00
2009-09-04T15:00:00+00:00,2009,GRIDSAT-B1.2009.09.04.15.v02r01.nc,data/interim/gridsat/2009/gridsat_2009.09.04.15.npz,580287,446df681ea0e41fb4108aa4d45dc534571559aebe8248ef0683f4da2d8894e09,2026-09-23T16:37:53.835544+00:00,data/interim/gridsat/2009/gridsat_2009.09.04.15.nc,853314,51847c7b08b76a2c8269bc10c186d5e24b8a20a00b271ebb7dc9ee6bbac5acc1,2026-09-23T16:37:53.611022+00:00
2009-09-04T18:00:00+00:00,2009,GRIDSAT-B1.2009.09.04.18.v02r01.nc,data/interim/gridsat/2009/gridsat_2009.09.04.18.npz,575032,d1547e15d79c8606dbc97afd387e0d776fa05bab326b48f2d5441eb09eab680f,2026-09-23T16:36:46.284947+00:00,data/interim/gridsat/2009/gridsat_2009.09.04.18.nc,850600,b4f8d3b498a29e3aed69921c402eefdeffaf65eac51380ea3cbba442f85a1af1,2026-09-23T16:36:46.037667+00:00
2009-09-04T21:00:00+00:00,2009,GRIDSAT-B1.2009.09.04.21.v02r01.nc,data/interim/gridsat/2009/gridsat_2009.09.04.21.npz,575986,04d83ac7a92980b90692cafd7c85e77f82a3090bcde2504e5ca4e2aa59dfc1ed,2026-09-23T16:35:43.975675+00:00,data/interim/gridsat/2009/gridsat_2009.09.04.21.nc,851662,94e27ad644055b3e5977a8cd121b7a533dcc46e4f4108af22cee1dc567556de0,2026-09-23T16:35:43.804177+00:00
2009-09-05T00:00:00+00:00,2009,GRIDSAT-B1.2009.09.05.00.v02r01.nc,data/interim/gridsat/2009/gridsat_2009.09.05.00.npz,571005,6532208a6508c45557f4ca7a1afbdcdc6d23f1cec2408d1892c464b1e0aa322f,2026-09-23T16:35:59.079791+00:00,data/interim/gridsat/2009/gridsat_2009.09.05.00.nc,842227,19ba839e0705fdf4b9a0ef03cd6f1141daf823ee663007548acb8b75e6996bae,2026-09-23T16:35:58.830002+00:00
2009-11-08T21:00:00+00:00,2009,GRIDSAT-B1.2009.11.08.21.v02r01.nc,data/interim/gridsat/2009/gridsat_2009.11.08.21.npz,544084,a0d245c28caaa3d9f21ecb1f316cd32f8215b1c1d6ba9cf14dd2858d7360effa,2026-09-23T16:36:10.131208+00:00,data/interim/gridsat/2009/gridsat_2009.11.08.21.nc,811719,9812a828194a69b4dee5fe71b552c4803f443a6ff67edcefb267208de28d1b24,2026-09-23T16:36:09.895850+00:00
2009-11-09T00:00:00+00:00,2009,GRIDSAT-B1.2009.11.09.00.v02r01.nc,data/interim/gridsat/2009/gridsat_2009.11.09.00.npz,543877,66b18dae4c8341cbc68a731e23283868c7d495d9f6a7c5d087960ce4c2227809,2026-09-23T16:36:36.234855+00:00,data/interim/gridsat/2009/gridsat_2009.11.09.00.nc,811801,771a3f17ced7ea58257220cb519f5153b07a722113efa7e517947f3bad6ca6a0,2026-09-23T16:36:36.027117+00:00
2009-11-09T03:00:00+00:00,2009,GRIDSAT-B1.2009.11.09.03.v02r01.nc,data/interim/gridsat/2009/gridsat_2009.11.09.03.npz,546427,56e46546f2eee6cab205883fcc1bee9636505f4f90f69f5c64d6d94f1f85a6b7,2026-09-23T16:37:52.237682+00:00,data/interim/gridsat/2009/gridsat_2009.11.09.03.nc,813383,4290e720fbcd116f4587e211c7e18c1c098304f1e9c705203baff258df8f625a,2026-09-23T16:37:52.131012+00:00
2009-11-09T06:00:00+00:00,2009,GRIDSAT-B1.2009.11.09.06.v02r01.nc,data/interim/gridsat/2009/gridsat_2009.11.09.06.npz,567987,6ec121b3a0af4c1ef06335a8f862ddd0b48c995c93e46561de690f0f58c47090,2026-09-23T16:37:01.952840+00:00,data/interim/gridsat/2009/gridsat_2009.11.09.06.nc,832519,2b9727fc60a83e6b7723ce66530a850902a5ccf875a8d7a309ddf0791b740e41,2026-09-23T16:37:01.728340+00:00
2009-11-09T09:00:00+00:00,2009,GRIDSAT-B1.2009.11.09.09.v02r01.nc,data/interim/gridsat/2009/gridsat_2009.11.09.09.npz,589700,6d14c42638b716b83547d2a297777fca77d3439b8e18a8487eb1366aa6ca9111,2026-09-23T16:38:03.172092+00:00,data/interim/gridsat/2009/gridsat_2009.11.09.09.nc,858449,8af355491f7f99fab598212f419ede122b5e919489e2413c98c06cd58b505524,2026-09-23T16:38:02.962662+00:00
2009-11-09T12:00:00+00:00,2009,GRIDSAT-B1.2009.11.09.12.v02r01.nc,data/interim/gridsat/2009/gridsat_2009.11.09.12.npz,569090,7ca20c84f436b5e2ebb159a828bc87817570e6cb26defc999d1cc406d4d33d5a,2026-09-23T16:38:12.281963+00:00,data/interim/gridsat/2009/gridsat_2009.11.09.12.nc,842312,11c04bfde4c0a34a59de46680ba1c17ee019a5b70a69269344b8c800b5899a87,2026-09-23T16:38:12.024551+00:00
2009-11-09T15:00:00+00:00,2009,GRIDSAT-B1.2009.11.09.15.v02r01.nc,data/interim/gridsat/2009/gridsat_2009.11.09.15.npz,554933,1867cdc4c269448efe1ee1680b2d6f3859fea975aed20bd2db1d2adb2445666e,2026-09-23T16:38:23.923767+00:00,data/interim/gridsat/2009/gridsat_2009.11.09.15.nc,828730,a74ba456255fec5a1b6129ce944613710abb148c722a30955dd77df0de62ab31,2026-09-23T16:38:23.706328+00:00
2009-11-09T18:00:00+00:00,2009,GRIDSAT-B1.2009.11.09.18.v02r01.nc,data/interim/gridsat/2009/gridsat_2009.11.09.18.npz,553041,6a9982370a5670f90bd81a2ffd693a88f9ad9652cdab4ba6361a521f508ea033,2026-09-23T16:37:53.211233+00:00,data/interim/gridsat/2009/gridsat_2009.11.09.18.nc,828643,e5711c8815364ffbf4ee7e96dab47637373a52ecf50a148491bf2f7605c72bfb,2026-09-23T16:37:53.013070+00:00
2009-12-11T09:00:00+00:00,2009,GRIDSAT-B1.2009.12.11.09.v02r01.nc,data/interim/gridsat/2009/gridsat_2009.12.11.09.npz,568391,ac7d104844030100cdbf1465545be69fdcb2e27aa35e072f57af50109f2beeb4,2026-09-23T16:38:16.345473+00:00,data/interim/gridsat/2009/gridsat_2009.12.11.09.nc,819180,00d2aa7e6c4f0c61417dc8f68085ce59db98a74ab544b541e3846bf8b9a8759b,2026-09-23T16:38:16.080717+00:00
2009-12-11T12:00:00+00:00,2009,GRIDSAT-B1.2009.12.11.12.v02r01.nc,data/interim/gridsat/2009/gridsat_2009.12.11.12.npz,545031,ebecdacb7d106a4f819d806bce8c65d2763cc0d4f7111e181639c8362c6e2605,2026-09-23T16:38:22.026195+00:00,data/interim/gridsat/2009/gridsat_2009.12.11.12.nc,798009,0790c7660c8cf93fa6810b6a3e5d42f5efa9fd29f08bfa39c8f8069c5ac55e9c,2026-09-23T16:38:21.841520+00:00
2009-12-11T15:00:00+00:00,2009,GRIDSAT-B1.2009.12.11.15.v02r01.nc,data/interim/gridsat/2009/gridsat_2009.12.11.15.npz,527541,3b0af15656e29e35bd12f7fae7f8553c04a881acab86efd632e3e142ab8ca07b,2026-09-23T16:39:09.363120+00:00,data/interim/gridsat/2009/gridsat_2009.12.11.15.nc,776952,15eccdfc0458e11fdfb858086746a73472de5350f118c35164c7aef1cf95948b,2026-09-23T16:39:09.161383+00:00
2009-12-11T18:00:00+00:00,2009,GRIDSAT-B1.2009.12.11.18.v02r01.nc,data/interim/gridsat/2009/gridsat_2009.12.11.18.npz,527040,f65c56bf589e205121b1bfd907c3c8d295d8b54b8410d65e28dbdccc3a1bc438,2026-09-23T16:38:28.236856+00:00,data/interim/gridsat/2009/gridsat_2009.12.11.18.nc,775485,7b34026ceab498cd116e2282a449c521e49b429d47122fa6152db2e25169fff8,2026-09-23T16:38:28.010980+00:00
2009-12-11T21:00:00+00:00,2009,GRIDSAT-B1.2009.12.11.21.v02r01.nc,data/interim/gridsat/2009/gridsat_2009.12.11.21.npz,526538,ffa844b9e4aae5fe3773c7faf4ee7f64c894c503ec225a7d1310eba2603e2d5c,2026-09-23T16:38:55.044754+00:00,data/interim/gridsat/2009/gridsat_2009.12.11.21.nc,777798,bd858230cc86928b11c6f811c20b0605b5817fd6cb44b321c8f0e86d056b7162,2026-09-23T16:38:54.837872+00:00
2009-12-12T00:00:00+00:00,2009,GRIDSAT-B1.2009.12.12.00.v02r01.nc,data/interim/gridsat/2009/gridsat_2009.12.12.00.npz,525669,9f459153d3ae00536126f94aa6ecb823eeb330613005c70c71ff7e9a5b8c449a,2026-09-23T16:39:31.617309+00:00,data/interim/gridsat/2009/gridsat_2009.12.12.00.nc,778945,b51cfe3999bc4fe385ff95941fc698a0b88e0cdae5f3c25b744ab4711d4e8d26,2026-09-23T16:39:31.505867+00:00
2009-12-12T03:00:00+00:00,2009,GRIDSAT-B1.2009.12.12.03.v02r01.nc,data/interim/gridsat/2009/gridsat_2009.12.12.03.npz,523595,f8846b02c49616a1012bd9d111339d66f397090a70268e1ca8789628cf259337,2026-09-23T16:39:07.797211+00:00,data/interim/gridsat/2009/gridsat_2009.12.12.03.nc,775320,46ea7d016c537032043c48d3509b2613553318a8e66bfa7d9ec8abbae0b35bcb,2026-09-23T16:39:07.596172+00:00
2009-12-12T06:00:00+00:00,2009,GRIDSAT-B1.2009.12.12.06.v02r01.nc,data/interim/gridsat/2009/gridsat_2009.12.12.06.npz,550968,a1a2b17479a8de0607dec203f61c73495d09883f44563d026d0fd224235413a1,2026-09-23T16:39:07.957998+00:00,data/interim/gridsat/2009/gridsat_2009.12.12.06.nc,800183,6c92dc48356e67932a37ca35b5f598ee46719e8ede612ed2eeb2754a6f131593,2026-09-23T16:39:07.765477+00:00
2009-12-12T09:00:00+00:00,2009,GRIDSAT-B1.2009.12.12.09.v02r01.nc,data/interim/gridsat/2009/gridsat_2009.12.12.09.npz,578006,bc3cc73492369bdd06f985e2d80bef1b6da81d2f286fc7afa4d16027a591cba8,2026-09-23T16:39:32.141123+00:00,data/interim/gridsat/2009/gridsat_2009.12.12.09.nc,829268,8e8f8eb45800389266d976fc336317f28effa9d3c8ed9311be33f6445b1c8189,2026-09-23T16:39:32.004678+00:00
2009-12-12T12:00:00+00:00,2009,GRIDSAT-B1.2009.12.12.12.v02r01.nc,data/interim/gridsat/2009/gridsat_2009.12.12.12.npz,559111,ca6fa5c00691ff4b55d065242cd13d70900aea7b158230d830fb6c567148d885,2026-09-23T16:39:34.302876+00:00,data/interim/gridsat/2009/gridsat_2009.12.12.12.nc,813212,fb5e9d55d16d7fafd0d6ac0130f55c18a3d66cb836c9243791f5eebd0222d9cb,2026-09-23T16:39:34.185137+00:00
2009-12-12T15:00:00+00:00,2009,GRIDSAT-B1.2009.12.12.15.v02r01.nc,data/interim/gridsat/2009/gridsat_2009.12.12.15.npz,543257,d967256a1dffe4c8314bf32bf29d7aa746de700b4dedebae7e2760ebf0f5d9e1,2026-09-23T16:39:24.115525+00:00,data/interim/gridsat/2009/gridsat_2009.12.12.15.nc,793880,22d657fcaec922d2b8058d4742ec7d529dd1a2eab5f7ab5a7335d23d3d4aea72,2026-09-23T16:39:23.928257+00:00
2009-12-12T18:00:00+00:00,2009,GRIDSAT-B1.2009.12.12.18.v02r01.nc,data/interim/gridsat/2009/gridsat_2009.12.12.18.npz,541638,13b1b55a4e6065d1843e428374b6021fbb84af807c8bf482a13219123c62c8d7,2026-09-23T16:39:39.410923+00:00,data/interim/gridsat/2009/gridsat_2009.12.12.18.nc,797823,6d126892fea481ab65a180a334e48bfdfce82b286366a2dabf261dfbf93f9ddc,2026-09-23T16:39:39.240454+00:00
2009-12-12T21:00:00+00:00,2009,GRIDSAT-B1.2009.12.12.21.v02r01.nc,data/interim/gridsat/2009/gridsat_2009.12.12.21.npz,543570,6af93e6e6d41bc26e9f470a0c63ba0acb2ab56227bbfc6ac76c7d1f680c9f9d5,2026-09-23T16:39:59.921007+00:00,data/interim/gridsat/2009/gridsat_2009.12.12.21.nc,800056,6552f74d85762796aa27a7fa59ce8acbd8d61d804adc7383b9f2415f1978a758,2026-09-23T16:39:59.756541+00:00
2009-12-13T00:00:00+00:00,2009,GRIDSAT-B1.2009.12.13.00.v02r01.nc,data/interim/gridsat/2009/gridsat_2009.12.13.00.npz,543609,bf49589f2895008bcf55e59c662e851dd33c03331b35e88320c1cdb522c68b58,2026-09-23T16:39:43.221662+00:00,data/interim/gridsat/2009/gridsat_2009.12.13.00.nc,801212,48e5649fd7e38ba82513de33bf0ff441f085ef2575e5f8d8aeef1dd44cec0279,2026-09-23T16:39:43.103109+00:00
2010-05-16T15:00:00+00:00,2010,GRIDSAT-B1.2010.05.16.15.v02r01.nc,data/interim/gridsat/2010/gridsat_2010.05.16.15.npz,604227,d25e516471e90eb1b05bb9b40a785d75d473ca2e30e300b95a7c109b11e69bb1,2026-09-23T16:40:41.182615+00:00,data/interim/gridsat/2010/gridsat_2010.05.16.15.nc,881096,6cbe016eff0aecf4125112ebed91835f2bd207c3bd656bc03b01f9fdb737cead,2026-09-23T16:40:41.094038+00:00
2010-05-16T18:00:00+00:00,2010,GRIDSAT-B1.2010.05.16.18.v02r01.nc,data/interim/gridsat/2010/gridsat_2010.05.16.18.npz,597925,32d27d5fc29fe3130abc798360fcabf5a08875640ee63492abfdce24acbe339e,2026-09-23T16:40:16.908539+00:00,data/interim/gridsat/2010/gridsat_2010.05.16.18.nc,875143,db44112b70c2bcac659563855cbfc9ebddc67816c26aebd73096f3673c8b2902,2026-09-23T16:40:16.808146+00:00
2010-05-16T21:00:00+00:00,2010,GRIDSAT-B1.2010.05.16.21.v02r01.nc,data/interim/gridsat/2010/gridsat_2010.05.16.21.npz,592263,d546f16b999f05ac6992afb6b93b9d95f588e321ce9847e62f84d355d19c6285,2026-09-23T16:39:51.764916+00:00,data/interim/gridsat/2010/gridsat_2010.05.16.21.nc,869237,45517baaf45728de14b157f03464d4be3e51083b4318d3506cb21a148343f72c,2026-09-23T16:39:51.585567+00:00
2010-05-17T00:00:00+00:00,2010,GRIDSAT-B1.2010.05.17.00.v02r01.nc,data/interim/gridsat/2010/gridsat_2010.05.17.00.npz,575164,28ad975fecd308a08f832f02d0776151509156ce12077084b9c36a12354d55e1,2026-09-23T16:40:11.426940+00:00,data/interim/gridsat/2010/gridsat_2010.05.17.00.nc,849405,1e461f970a54baabc57e5799c06873cea68fc843dddae20f13b9d35e04267ef2,2026-09-23T16:40:11.329614+00:00
2010-05-17T03:00:00+00:00,2010,GRIDSAT-B1.2010.05.17.03.v02r01.nc,data/interim/gridsat/2010/gridsat_2010.05.17.03.npz,568217,34753359bf43a98f2e178cf642ddd071ac712950f0d18f3b62cd885b4ad0b847,2026-09-23T16:40:30.086167+00:00,data/interim/gridsat/2010/gridsat_2010.05.17.03.nc,838756,759fc774c3c414b597990f569638c6a531620a81c1ea3f284c1a5f30d6e70777,2026-09-23T16:40:29.938894+00:00
2010-05-17T06:00:00+00:00,2010,GRIDSAT-B1.2010.05.17.06.v02r01.nc,data/interim/gridsat/2010/gridsat_2010.05.17.06.npz,591006,27fac1b02fbfb626c3a0f04d793a8d575c3143f70ee6e74024140976a4241196,2026-09-23T16:40:38.045002+00:00,data/interim/gridsat/2010/gridsat_2010.05.17.06.nc,857633,3d0edb89f48ad8a4d5918e59d60af1f56366e43d77b57919174047654e16bdca,2026-09-23T16:40:37.954287+00:00
2010-05-18T18:00:00+00:00,2010,GRIDSAT-B1.2010.05.18.18.v02r01.nc,data/interim/gridsat/2010/gridsat_2010.05.18.18.npz,562961,5dfa7126da0056d056f78678892c227a7233e8acc76dfd8f67f393c5022b8e7a,2026-09-23T16:40:38.988968+00:00,data/interim/gridsat/2010/gridsat_2010.05.18.18.nc,830252,63192f31bfab3503257c4ea22c72f4d4c883f1ff286a43b23320ae18021fc480,2026-09-23T16:40:38.884915+00:00
2010-05-18T21:00:00+00:00,2010,GRIDSAT-B1.2010.05.18.21.v02r01.nc,data/interim/gridsat/2010/gridsat_2010.05.18.21.npz,562150,c5a3ad9e1fbb4f2414b512b46150fdc394e08dcaae66fc53382bdaf19af2a1aa,2026-09-23T16:40:35.893161+00:00,data/interim/gridsat/2010/gridsat_2010.05.18.21.nc,831392,21da3844d8e8ce5ff3282ce4646f2893102df793b2938895edc9d25f52a15506,2026-09-23T16:40:35.760243+00:00
2010-05-19T00:00:00+00:00,2010,GRIDSAT-B1.2010.05.19.00.v02r01.nc,data/interim/gridsat/2010/gridsat_2010.05.19.00.npz,562944,56f2d774ddf7f491cdc2b0f6376b63afd1f2eadd8c9d6bd9e811b78efb33661a,2026-09-23T16:40:42.905672+00:00,data/interim/gridsat/2010/gridsat_2010.05.19.00.nc,832021,86199df22e2e95e92deeab19a2cb3cbbe662dacf7592912ae05d3baba1a6b4aa,2026-09-23T16:40:42.778837+00:00
2010-05-19T03:00:00+00:00,2010,GRIDSAT-B1.2010.05.19.03.v02r01.nc,data/interim/gridsat/2010/gridsat_2010.05.19.03.npz,565163,1b5f239b281c57df54a8580dc5bb28548f15d7aa0ca9772485c217c83c71592d,2026-09-23T16:41:51.158445+00:00,data/interim/gridsat/2010/gridsat_2010.05.19.03.nc,830835,0e52f2e174698afd33cdab617769378f9c55ca7c2ad6573e97ef86e148f82a86,2026-09-23T16:41:51.029621+00:00
2010-05-19T06:00:00+00:00,2010,GRIDSAT-B1.2010.05.19.06.v02r01.nc,data/interim/gridsat/2010/gridsat_2010.05.19.06.npz,592973,c54f328868722530d8a05dd3cd4b8015fef61cfcf2dd8c0b2f9cdf59d12c2f1b,2026-09-23T16:41:40.915025+00:00,data/interim/gridsat/2010/gridsat_2010.05.19.06.nc,855238,ccbecca1951c28cc0126adee9f62685ffc080ff0e15d3ae8f81df7b1782af34f,2026-09-23T16:41:40.793613+00:00
2010-05-19T09:00:00+00:00,2010,GRIDSAT-B1.2010.05.19.09.v02r01.nc,data/interim/gridsat/2010/gridsat_2010.05.19.09.npz,610779,2f756f2da6cb9c6e6930e4f54fd4d2990f1750f3a26046b9f1e2e34c858ed8c9,2026-09-23T16:41:39.786743+00:00,data/interim/gridsat/2010/gridsat_2010.05.19.09.nc,875062,666dcfb1968e16ee1142584f158dca005fc4158777e8db44df03fb8350c72cc9,2026-09-23T16:41:39.664420+00:00
2010-05-19T12:00:00+00:00,2010,GRIDSAT-B1.2010.05.19.12.v02r01.nc,data/interim/gridsat/2010/gridsat_2010.05.19.12.npz,605812,3365ea6fcda3f2e09a3ce04f17e993ac3c80457e094e930d2d22cc8bc1802670,2026-09-23T16:42:15.897267+00:00,data/interim/gridsat/2010/gridsat_2010.05.19.12.nc,871769,ac06836418f58ccda3f8f56cba35896b33440c85b9534ff5fa0154beede05b88,2026-09-23T16:42:15.805674+00:00
2010-05-19T15:00:00+00:00,2010,GRIDSAT-B1.2010.05.19.15.v02r01.nc,data/interim/gridsat/2010/gridsat_2010.05.19.15.npz,582671,bf949cf48a302edf20178430898bbf0a1aed3516dcd80b2311550844d911e093,2026-09-23T16:41:21.260504+00:00,data/interim/gridsat/2010/gridsat_2010.05.19.15.nc,848496,18b4b90bcb3be851142a3af83ee8d03e2b2129e4d91f689b93b94cbb20619e0c,2026-09-23T16:41:21.127293+00:00
2010-05-19T18:00:00+00:00,2010,GRIDSAT-B1.2010.05.19.18.v02r01.nc,data/interim/gridsat/2010/gridsat_2010.05.19.18.npz,576694,83e8074a8babec30f42bf401a1c7067a23f35cac769add31a8a5a44adeb761df,2026-09-23T16:41:48.807353+00:00,data/interim/gridsat/2010/gridsat_2010.05.19.18.nc,846032,c8d6e4173ea39bdd319346e88b4552e4e3789542b82cb0c7ca42dacaf7fdc118,2026-09-23T16:41:48.710089+00:00
2010-05-19T21:00:00+00:00,2010,GRIDSAT-B1.2010.05.19.21.v02r01.nc,data/interim/gridsat/2010/gridsat_2010.05.19.21.npz,573931,2eb7999fad2902f26a3f77d2affe7f835cb28cab3e7a916cb32c8fb629c655b1,2026-09-23T16:42:11.118666+00:00,data/interim/gridsat/2010/gridsat_2010.05.19.21.nc,847482,12863271bae14a13bb3370996dd43123cab69b917777a2bb569085838ce5e54c,2026-09-23T16:42:11.029248+00:00
2010-05-20T00:00:00+00:00,2010,GRIDSAT-B1.2010.05.20.00.v02r01.nc,data/interim/gridsat/2010/gridsat_2010.05.20.00.npz,568508,528be88c64715c5da600a8f199659e26694cf6fffbb96e3df08fb6773d448391,2026-09-23T16:42:09.654319+00:00,data/interim/gridsat/2010/gridsat_2010.05.20.00.nc,843558,247520c230b7fbce75b5473a7fea450e3a713b813507e52efb419681319a5049,2026-09-23T16:42:09.564347+00:00
2010-05-20T03:00:00+00:00,2010,GRIDSAT-B1.2010.05.20.03.v02r01.nc,data/interim/gridsat/2010/gridsat_2010.05.20.03.npz,566297,09a4fcffd7b813d4cfd72f000cc357e505f936d6914eb7708e711d6be4e651a6,2026-09-23T16:42:49.344583+00:00,data/interim/gridsat/2010/gridsat_2010.05.20.03.nc,840507,db90263c9105d5fde2e6797f5a463c3a3954599d84cfdfa020e6b3947167e85d,2026-09-23T16:42:49.241316+00:00
2010-05-20T06:00:00+00:00,2010,GRIDSAT-B1.2010.05.20.06.v02r01.nc,data/interim/gridsat/2010/gridsat_2010.05.20.06.npz,588358,091695bdcea4f98f835fdbd538854dd54bd8cc06be8d0819343ae444597ebe9c,2026-09-23T16:42:56.545052+00:00,data/interim/gridsat/2010/gridsat_2010.05.20.06.nc,854888,711f91f6f4a87c0da6fe28fae50df31d2ccfbce24afb0bd96b1594d72eb9c9eb,2026-09-23T16:42:56.426445+00:00
2010-05-20T09:00:00+00:00,2010,GRIDSAT-B1.2010.05.20.09.v02r01.nc,data/interim/gridsat/2010/gridsat_2010.05.20.09.npz,612913,0ff055d0756a2573858478d5fd7cf9f41b30bd427584507b1b531781e0ad5946,2026-09-23T16:42:55.281312+00:00,data/interim/gridsat/2010/gridsat_2010.05.20.09.nc,881553,efc75a94d45e9cee143f70b76244fcdca84377f2c6fd980d79486e615c044f0f,2026-09-23T16:42:55.195268+00:00
2010-05-20T12:00:00+00:00,2010,GRIDSAT-B1.2010.05.20.12.v02r01.nc,data/interim/gridsat/2010/gridsat_2010.05.20.12.npz,603471,bc3396ed2773f5b9cb4200043ce4d7796f76a4b6425cecf25b597440c2cacb14,2026-09-23T16:42:55.339316+00:00,data/interim/gridsat/2010/gridsat_2010.05.20.12.nc,874437,dbc925e6f0add7f848ab5abdd818ac992317534d2e4f7fa1dca0d30be7c6cc44,2026-09-23T16:42:55.254955+00:00
2010-05-20T15:00:00+00:00,2010,GRIDSAT-B1.2010.05.20.15.v02r01.nc,data/interim/gridsat/2010/gridsat_2010.05.20.15.npz,571638,cf9654c47c0a67467a8be5daa27998ef545b0ae57acca3d32e1faedb75c7252f,2026-09-23T16:43:39.017005+00:00,data/interim/gridsat/2010/gridsat_2010.05.20.15.nc,844662,2e6dc6e6d56d170bff144f280eb57b696cebec1d1d10467359c85666510fd8f9,2026-09-23T16:43:38.917075+00:00
2010-05-20T18:00:00+00:00,2010,GRIDSAT-B1.2010.05.20.18.v02r01.nc,data/interim/gridsat/2010/gridsat_2010.05.20.18.npz,567421,c8d75c7fd9718a1bf9af6b5ea2ec66697013e02cad868bc7f7be90c26c2ab3a9,2026-09-23T16:42:54.246329+00:00,data/interim/gridsat/2010/gridsat_2010.05.20.18.nc,838993,e62a35fa7808c387d95db801261b3b0db1e479f7a39a6e3ba99707a7fa69a0da,2026-09-23T16:42:54.163419+00:00
2010-05-30T15:00:00+00:00,2010,GRIDSAT-B1.2010.05.30.15.v02r01.nc,data/interim/gridsat/2010/gridsat_2010.05.30.15.npz,569625,ebfadea4bf32619f298328eca298672f3e373d9a53515ec6a4e06507a0ac1a0b,2026-09-23T16:43:30.502464+00:00,data/interim/gridsat/2010/gridsat_2010.05.30.15.nc,832230,e22f3ac1725ca250e744b3d602608ef0d8b7df2ade5d49ab3301dc7e252609ba,2026-09-23T16:43:30.398678+00:00
2010-05-30T18:00:00+00:00,2010,GRIDSAT-B1.2010.05.30.18.v02r01.nc,data/interim/gridsat/2010/gridsat_2010.05.30.18.npz,560799,70f5195a0488c43ccbf192646eaae0711c4782bd41e8e4036205508d57872f90,2026-09-23T16:44:15.090955+00:00,data/interim/gridsat/2010/gridsat_2010.05.30.18.nc,823520,8b43de26807a6c2d702c637fe7604a34ff151945976772be1c6c0707224ebee1,2026-09-23T16:44:15.001960+00:00
2010-05-30T21:00:00+00:00,2010,GRIDSAT-B1.2010.05.30.21.v02r01.nc,data/interim/gridsat/2010/gridsat_2010.05.30.21.npz,554387,1ffe6136cfeeac0990972b3c1d919950a44be9c373d6888f842d6ebc89ae38ce,2026-09-23T16:44:02.770631+00:00,data/interim/gridsat/2010/gridsat_2010.05.30.21.nc,819272,e58a10319722341daf06f9b4c10f0ae6906ca1043bb4eb065b9a6ef98f05efa6,2026-09-23T16:44:02.662934+00:00
2010-05-31T00:00:00+00:00,2010,GRIDSAT-B1.2010.05.31.00.v02r01.nc,data/interim/gridsat/2010/gridsat_2010.05.31.00.npz,540409,87297ce9eb88efa5af3c47cd93825ca18f8ed3cfd700d4cddb19d14459051df7,2026-09-23T16:44:44.867242+00:00,data/interim/gridsat/2010/gridsat_2010.05.31.00.nc,807266,c0edee3df8fbd1869cdcd32b9bdf01352817bf814ed4322f6563c0ba8081c558,2026-09-23T16:44:44.783152+00:00
2010-05-31T03:00:00+00:00,2010,GRIDSAT-B1.2010.05.31.03.v02r01.nc,data/interim/gridsat/2010/gridsat_2010.05.31.03.npz,534436,fedd45b7ed45b3d785ba14060504750b9879bc32377ec33d72afadff4d0189de,2026-09-23T16:44:16.263408+00:00,data/interim/gridsat/2010/gridsat_2010.05.31.03.nc,796629,3d2ac2ef94cee6ca54698d5a9ba1f406a9cafcbeb749ae6de76a0e35adda69c7,2026-09-23T16:44:16.184794+00:00
2010-05-31T06:00:00+00:00,2010,GRIDSAT-B1.2010.05.31.06.v02r01.nc,data/interim/gridsat/2010/gridsat_2010.05.31.06.npz,559640,7a918a48194a837071012f76e68310596f6ffb76bc727ae2e01e5da638ec525a,2026-09-23T16:44:43.664826+00:00,data/interim/gridsat/2010/gridsat_2010.05.31.06.nc,815673,5491fa223b13a5fe051937777955b1f6350356b7b342fcf6b76f67927ccff051,2026-09-23T16:44:43.576778+00:00
2010-05-31T09:00:00+00:00,2010,GRIDSAT-B1.2010.05.31.09.v02r01.nc,data/interim/gridsat/2010/gridsat_2010.05.31.09.npz,584531,67bd405f88e6f66085fda8ba98c40c3fca2f84c05e7ddfb401fc5a5345767c85,2026-09-23T16:44:52.757708+00:00,data/interim/gridsat/2010/gridsat_2010.05.31.09.nc,840207,d7ea09930f4b582cff812297628cfad4845529b9c4b5cbed1965a5840938cb3c,2026-09-23T16:44:52.654006+00:00
2010-05-31T12:00:00+00:00,2010,GRIDSAT-B1.2010.05.31.12.v02r01.nc,data/interim/gridsat/2010/gridsat_2010.05.31.12.npz,571260,07f791de0cbaf4019eb498f8df380e6a35ea597e8e9c951051a2a166b25eb039,2026-09-23T16:45:52.703870+00:00,data/interim/gridsat/2010/gridsat_2010.05.31.12.nc,827867,84e25aeeeea4e43d02346a890d11a43206d1d077114fde7849ff5f0ca5e8be91,2026-09-23T16:45:52.604804+00:00
2010-05-31T15:00:00+00:00,2010,GRIDSAT-B1.2010.05.31.15.v02r01.nc,data/interim/gridsat/2010/gridsat_2010.05.31.15.npz,533317,e6f76e8f50eefa547df26cb05f0d1d1be361bb5173aab90b4b0891569d43dedd,2026-09-23T16:45:07.873854+00:00,data/interim/gridsat/2010/gridsat_2010.05.31.15.nc,792050,2664592ae34eca471bd252dd87a424d5fa7dcaa28e59146221c4fb41907926d8,2026-09-23T16:45:07.776196+00:00
2010-05-31T18:00:00+00:00,2010,GRIDSAT-B1.2010.05.31.18.v02r01.nc,data/interim/gridsat/2010/gridsat_2010.05.31.18.npz,527824,a873c52f6dfa9d0c8e02b14aacc37abe4529ebffc5f6f61a70adc95e754022e9,2026-09-23T16:45:38.469455+00:00,data/interim/gridsat/2010/gridsat_2010.05.31.18.nc,784207,1fdb8c850cccf6cccd422f1f613d1420e904fcf5ba7c42f7d9356b9ce551194e,2026-09-23T16:45:38.366416+00:00
2010-05-31T21:00:00+00:00,2010,GRIDSAT-B1.2010.05.31.21.v02r01.nc,data/interim/gridsat/2010/gridsat_2010.05.31.21.npz,527692,eb7fc91dfacd62593afb9b27d461e1643909910134bf0083af8d2a42b72790f0,2026-09-23T16:46:02.227190+00:00,data/interim/gridsat/2010/gridsat_2010.05.31.21.nc,785342,30a03651e94564214a529d5605a53c44849ff945442d883dc802212d5740b617,2026-09-23T16:46:02.132936+00:00
2010-06-01T00:00:00+00:00,2010,GRIDSAT-B1.2010.06.01.00.v02r01.nc,data/interim/gridsat/2010/gridsat_2010.06.01.00.npz,524313,500d2729b1375869520fb5c5cab9aa5677f0fc6f07061e0cb37ac827d2a4237c,2026-09-23T16:46:50.726449+00:00,data/interim/gridsat/2010/gridsat_2010.06.01.00.nc,780925,abd7a7a8faecbf5a12dbb28d06c1fbb93bc28df8923d07be060d38cddf99a159,2026-09-23T16:46:50.620809+00:00
2010-06-01T03:00:00+00:00,2010,GRIDSAT-B1.2010.06.01.03.v02r01.nc,data/interim/gridsat/2010/gridsat_2010.06.01.03.npz,518712,f1b90a91f72259b7cdfcfcb069286e5fcab7028a84b2a20b95c679a1e334fdfa,2026-09-23T16:46:19.206199+00:00,data/interim/gridsat/2010/gridsat_2010.06.01.03.nc,772900,583a5529a7d494e31e1490a6c8f6632f90da87d3a4022628c565c486f1e99ed2,2026-09-23T16:46:19.098164+00:00
2010-06-01T06:00:00+00:00,2010,GRIDSAT-B1.2010.06.01.06.v02r01.nc,data/interim/gridsat/2010/gridsat_2010.06.01.06.npz,541678,26fde130755a721b436d0de232a21d6ebf93a0ddd522930a180846637812de89,2026-09-23T16:45:57.406145+00:00,data/interim/gridsat/2010/gridsat_2010.06.01.06.nc,788945,1b29fde8c1156487599b567d995351d6a399e04ee9b562c25b5f1f2021b5ce47,2026-09-23T16:45:57.289515+00:00
2010-10-12T15:00:00+00:00,2010,GRIDSAT-B1.2010.10.12.15.v02r01.nc,data/interim/gridsat/2010/gridsat_2010.10.12.15.npz,505821,cf614dc943f9b152417e438e9fd7caa13efda7b285a5cf42ea8875d1959610c4,2026-09-23T16:47:57.317093+00:00,data/interim/gridsat/2010/gridsat_2010.10.12.15.nc,758498,51ce1669d507289b7f88dc85390ce7ee8e4eee100c71cfa6d53d5a5db2006f94,2026-09-23T16:47:57.192211+00:00
2010-10-12T18:00:00+00:00,2010,GRIDSAT-B1.2010.10.12.18.v02r01.nc,data/interim/gridsat/2010/gridsat_2010.10.12.18.npz,495931,36651225fe501aaa4c786123d99f118d6e4bd36eab5189f9b811a5cfec0570fb,2026-09-23T16:46:18.959706+00:00,data/interim/gridsat/2010/gridsat_2010.10.12.18.nc,749714,855dbf90568dad920f0f0a8cd890452263f213a837a5e2d24de6fdccc0493948,2026-09-23T16:46:18.875149+00:00
2010-10-12T21:00:00+00:00,2010,GRIDSAT-B1.2010.10.12.21.v02r01.nc,data/interim/gridsat/2010/gridsat_2010.10.12.21.npz,495172,c27916fabc95d7778e361447cf1b295799d1f184e4501237718ea10f9065d9cd,2026-09-23T16:47:06.566358+00:00,data/interim/gridsat/2010/gridsat_2010.10.12.21.nc,749040,5b519a289a77b8d0f14fcdace28c0f65d4faa0ab7a1e50e6827bd3b63b604237,2026-09-23T16:47:06.484419+00:00
2010-10-13T00:00:00+00:00,2010,GRIDSAT-B1.2010.10.13.00.v02r01.nc,data/interim/gridsat/2010/gridsat_2010.10.13.00.npz,494240,43fa2f0a789ddb6c96aa2717cce19e5e0127ac3772f47cf861027b1570a0e432,2026-09-23T16:48:12.721500+00:00,data/interim/gridsat/2010/gridsat_2010.10.13.00.nc,744605,ffe66d8e4e4aeca65de75788a54f05794013b959c91f5bfbb44b9100e1412926,2026-09-23T16:48:12.627481+00:00
2010-10-13T03:00:00+00:00,2010,GRIDSAT-B1.2010.10.13.03.v02r01.nc,data/interim/gridsat/2010/gridsat_2010.10.13.03.npz,492006,8817186aa8f07548a09a8821ec15ecd03c560d8ded28b676970d1da1cab302a9,2026-09-23T16:47:11.806862+00:00,data/interim/gridsat/2010/gridsat_2010.10.13.03.nc,742455,2072883ffe66049ab917946496f7a5d4bac7a2e521b166949db4299635c23dd8,2026-09-23T16:47:11.717071+00:00
2010-10-13T06:00:00+00:00,2010,GRIDSAT-B1.2010.10.13.06.v02r01.nc,data/interim/gridsat/2010/gridsat_2010.10.13.06.npz,515542,d66deeb1b0fea46d944ebbf97535a1db344da529d7815dbe1ce4eb4853d2c8ef,2026-09-23T16:46:48.205871+00:00,data/interim/gridsat/2010/gridsat_2010.10.13.06.nc,765898,69221d3934bb85345605ebef2ca8eee82cf3520e54d64e28b5cb69288876f460,2026-09-23T16:46:48.109969+00:00
2010-10-13T09:00:00+00:00,2010,GRIDSAT-B1.2010.10.13.09.v02r01.nc,data/interim/gridsat/2010/gridsat_2010.10.13.09.npz,539927,79897c05dce4a4f3301aae4e9daf08b07faa9ca91376c0606f142d3f55c0b112,2026-09-23T16:48:10.418650+00:00,data/interim/gridsat/2010/gridsat_2010.10.13.09.nc,795964,a45fb3018c2672e8b38d3c14456f205f0a5936e9913481e4a413797755bd3ca3,2026-09-23T16:48:10.290728+00:00
2010-10-13T12:00:00+00:00,2010,GRIDSAT-B1.2010.10.13.12.v02r01.nc,data/interim/gridsat/2010/gridsat_2010.10.13.12.npz,519079,00cf9b7c5486713d5b7433cb1d00f4dc0914d94f41f72f90337bd19881f3f12f,2026-09-23T16:48:00.850439+00:00,data/interim/gridsat/2010/gridsat_2010.10.13.12.nc,774188,2469a2a2866073926694cf2353a0ea53fdca79460d86948ec4b7b5d901fd020b,2026-09-23T16:48:00.740597+00:00
2010-10-13T15:00:00+00:00,2010,GRIDSAT-B1.2010.10.13.15.v02r01.nc,data/interim/gridsat/2010/gridsat_2010.10.13.15.npz,492339,d866a2334d28687bedb9c413aea3b7427d45385dc115664ca01eb61b7b9b195e,2026-09-23T16:49:17.013039+00:00,data/interim/gridsat/2010/gridsat_2010.10.13.15.nc,738952,5387470ec567717b86d7bad175e79f3d81af72a01e447b8c0aa2a72e3785a6e3,2026-09-23T16:49:16.904707+00:00
2010-10-13T18:00:00+00:00,2010,GRIDSAT-B1.2010.10.13.18.v02r01.nc,data/interim/gridsat/2010/gridsat_2010.10.13.18.npz,482012,f300dd5d7076536d11e8d87017307698f885a1e5b9dea6bafd267db02afc82e8,2026-09-23T16:48:18.236650+00:00,data/interim/gridsat/2010/gridsat_2010.10.13.18.nc,728919,785e54baec6da3519754db59e9dec71b56423b62e15c777c0e1fcc2d9029a73c,2026-09-23T16:48:18.148748+00:00
2010-10-13T21:00:00+00:00,2010,GRIDSAT-B1.2010.10.13.21.v02r01.nc,data/interim/gridsat/2010/gridsat_2010.10.13.21.npz,481531,aa54906d5ba7faeee1d20c040bb76d65e9f2ba73c9efdf0efd556ea52d51bc6f,2026-09-23T16:48:29.371822+00:00,data/interim/gridsat/2010/gridsat_2010.10.13.21.nc,731251,c04bbb744b072913f7b20ad33468de8fe0df3a5eb54813ad8559712e50dbfbae,2026-09-23T16:48:29.278119+00:00
2010-10-14T00:00:00+00:00,2010,GRIDSAT-B1.2010.10.14.00.v02r01.nc,data/interim/gridsat/2010/gridsat_2010.10.14.00.npz,479876,2e34cc0757eeff33e11260131b409c48a675d9d630f9cb71464c27a04a0f07e2,2026-09-23T16:49:13.000987+00:00,data/interim/gridsat/2010/gridsat_2010.10.14.00.nc,728975,8f65d268e5f27bd2995d751fc6fa1e5a13ef37b48ade106d48df1b4c8ea9c8f6,2026-09-23T16:49:12.852949+00:00
2010-10-19T21:00:00+00:00,2010,GRIDSAT-B1.2010.10.19.21.v02r01.nc,data/interim/gridsat/2010/gridsat_2010.10.19.21.npz,488267,7029eeba373695daa959b29a21a506be3b052bf0f8470b5846c4fe551db6b3a0,2026-09-23T16:49:36.637797+00:00,data/interim/gridsat/2010/gridsat_2010.10.19.21.nc,734901,218296ae0663b17fe8145c6c10ef4aa149bd26c9577a379c201ebe393c1eec0f,2026-09-23T16:49:36.533235+00:00
2010-10-20T00:00:00+00:00,2010,GRIDSAT-B1.2010.10.20.00.v02r01.nc,data/interim/gridsat/2010/gridsat_2010.10.20.00.npz,484359,cd642ee566a5cc332a776f4d152b7a5a13d3cb5e961efd9e6033f9ef4271c774,2026-09-23T16:49:35.960824+00:00,data/interim/gridsat/2010/gridsat_2010.10.20.00.nc,732229,c47c4a6a7d29e36e36cc58ef1c024fce45b3f322bed970a816d6660587d6eacb,2026-09-23T16:49:35.858191+00:00
2010-10-20T03:00:00+00:00,2010,GRIDSAT-B1.2010.10.20.03.v02r01.nc,data/interim/gridsat/2010/gridsat_2010.10.20.03.npz,477552,dfd5b5fc496d8985d2e6ef0d203b8699bbe9e6f0a7e0d4d78589a3815a7ae19b,2026-09-23T16:49:43.418833+00:00,data/interim/gridsat/2010/gridsat_2010.10.20.03.nc,722558,3bbddbcb9708948aba20b5dd1d66bce840903d872f36d5d1835c05dcee81d613,2026-09-23T16:49:43.307449+00:00
2010-10-20T06:00:00+00:00,2010,GRIDSAT-B1.2010.10.20.06.v02r01.nc,data/interim/gridsat/2010/gridsat_2010.10.20.06.npz,495826,937f3c6eb270d0a857854f9a7359eacdde1c6d2deeb4f776ad65c302e2dddaa7,2026-09-23T16:49:39.477901+00:00,data/interim/gridsat/2010/gridsat_2010.10.20.06.nc,737734,1e4728d5d546b5bee3d94e5b0b98145cbf6af2fdf01624299101ba973ad493a1,2026-09-23T16:49:39.389004+00:00
2010-10-20T09:00:00+00:00,2010,GRIDSAT-B1.2010.10.20.09.v02r01.nc,data/interim/gridsat/2010/gridsat_2010.10.20.09.npz,519355,4b6440db87e1e49c396722996dce8b10e2ac84187e503d85d274aba9fae90022,2026-09-23T16:50:51.643801+00:00,data/interim/gridsat/2010/gridsat_2010.10.20.09.nc,767219,5017c7e653d329ddb3e909892349f545ae2352e533f0084f721999d0d1b1ed48,2026-09-23T16:50:51.546821+00:00
2010-10-20T12:00:00+00:00,2010,GRIDSAT-B1.2010.10.20.12.v02r01.nc,data/interim/gridsat/2010/gridsat_2010.10.20.12.npz,500608,e5aa528a9ccc82b7ba6a088461557086fe82584afe73438a543ef0755e8f88a5,2026-09-23T16:51:01.571510+00:00,data/interim/gridsat/2010/gridsat_2010.10.20.12.nc,746825,d081288eca2a59b9952689c3bfe35ee452ecb0b4b2ecd8bc46f723357dbb8f80,2026-09-23T16:51:01.483185+00:00
2010-10-20T15:00:00+00:00,2010,GRIDSAT-B1.2010.10.20.15.v02r01.nc,data/interim/gridsat/2010/gridsat_2010.10.20.15.npz,479802,58be628c436a0d4941060e41154ebff9af1fe10eda9e41e76fb8eefc67ed6296,2026-09-23T16:51:22.916041+00:00,data/interim/gridsat/2010/gridsat_2010.10.20.15.nc,725699,15b95a0f363488bd0367a6d291af2fe8aade0252a803980e663852335b545d4c,2026-09-23T16:51:22.784851+00:00
2010-10-20T18:00:00+00:00,2010,GRIDSAT-B1.2010.10.20.18.v02r01.nc,data/interim/gridsat/2010/gridsat_2010.10.20.18.npz,485891,f91e958bc07b4a3b7791a07231c6050580fcf14ab7969409f2b43c196ad41e13,2026-09-23T16:50:43.077373+00:00,data/interim/gridsat/2010/gridsat_2010.10.20.18.nc,735519,17bbc8e8fd66850a98b31db040aba43d9a009b425ac8529624d4b1f76c725a2a,2026-09-23T16:50:42.974237+00:00
2010-10-20T21:00:00+00:00,2010,GRIDSAT-B1.2010.10.20.21.v02r01.nc,data/interim/gridsat/2010/gridsat_2010.10.20.21.npz,493608,ddd54b5a28284097860b293fff76413f1ded08147962482e7e782118739d6c1c,2026-09-23T16:50:51.570743+00:00,data/interim/gridsat/2010/gridsat_2010.10.20.21.nc,746621,85fe501c72e7b691175a6ba0fede0c57ef07283d5bde587f75e42d1ae4d35333,2026-09-23T16:50:51.482190+00:00
2010-10-21T00:00:00+00:00,2010,GRIDSAT-B1.2010.10.21.00.v02r01.nc,data/interim/gridsat/2010/gridsat_2010.10.21.00.npz,494191,ba19ec9f3d6cf44e83cda8f159cfc89bcb0a65d1a70e9fdc1c9ddcc42e9f5e61,2026-09-23T16:50:10.780188+00:00,data/interim/gridsat/2010/gridsat_2010.10.21.00.nc,746435,23add697dd2609384884906c89e2df61fa7739056230f6075b25812c257ec006,2026-09-23T16:50:10.686278+00:00
2010-10-21T03:00:00+00:00,2010,GRIDSAT-B1.2010.10.21.03.v02r01.nc,data/interim/gridsat/2010/gridsat_2010.10.21.03.npz,487519,c56ef2515f421033041b4709be2c17eab95ad6795c5876d9cafbe8891cd71d8d,2026-09-23T16:50:43.507745+00:00,data/interim/gridsat/2010/gridsat_2010.10.21.03.nc,735840,0a7521779d00d164229c206f317c3a43940a9a0e2d997266176c971886632afd,2026-09-23T16:50:43.404560+00:00
2010-10-21T06:00:00+00:00,2010,GRIDSAT-B1.2010.10.21.06.v02r01.nc,data/interim/gridsat/2010/gridsat_2010.10.21.06.npz,507519,d323738a56836ac0fa34696fad55107b50d88c5d73000fc7c96443ed9e865953,2026-09-23T16:51:19.069674+00:00,data/interim/gridsat/2010/gridsat_2010.10.21.06.nc,754610,0d86398f2227a1fd4e7ee7ef6a1be4db8a1301acf7239fe8c28d1c2bd8c026ba,2026-09-23T16:51:18.981799+00:00
2010-11-03T09:00:00+00:00,2010,GRIDSAT-B1.2010.11.03.09.v02r01.nc,data/interim/gridsat/2010/gridsat_2010.11.03.09.npz,516134,c6da8d3ddabdc678ac9c8adb593eec547004a0b0fa0378143767d9e75bd51bc0,2026-09-23T16:51:46.625444+00:00,data/interim/gridsat/2010/gridsat_2010.11.03.09.nc,761784,7cecd24aa8ead3318c1b9edc43394b7292f9569fb69f2d98568e3004146e7966,2026-09-23T16:51:46.542957+00:00
2010-11-03T12:00:00+00:00,2010,GRIDSAT-B1.2010.11.03.12.v02r01.nc,data/interim/gridsat/2010/gridsat_2010.11.03.12.npz,487185,b1cd1f9add2d0f6a1461ab9130d892477eee8387fbfc0b306f25a8a6d5b8689c,2026-09-23T16:51:53.464246+00:00,data/interim/gridsat/2010/gridsat_2010.11.03.12.nc,730167,d2d271c84ca6cfd5b7e4c3a910729e7aede582a534946db308c3bbd13d1dba4f,2026-09-23T16:51:53.361085+00:00
2010-11-03T15:00:00+00:00,2010,GRIDSAT-B1.2010.11.03.15.v02r01.nc,data/interim/gridsat/2010/gridsat_2010.11.03.15.npz,471568,6fc355007a2acc3f5b589950fde8de1c2c428ce089c5a6f32b0503c9ead94a75,2026-09-23T16:51:50.504619+00:00,data/interim/gridsat/2010/gridsat_2010.11.03.15.nc,708298,e0a61621f4177260611b773605144ee8fc9d99f8f5cea3ee68d8ab986c6af85b,2026-09-23T16:51:50.430274+00:00
2010-11-03T18:00:00+00:00,2010,GRIDSAT-B1.2010.11.03.18.v02r01.nc,data/interim/gridsat/2010/gridsat_2010.11.03.18.npz,467558,476b6b45dc74e1d7463ee7275529d8b15238e66a19b2232d1b54b5260a4121dd,2026-09-23T16:52:05.337453+00:00,data/interim/gridsat/2010/gridsat_2010.11.03.18.nc,707104,664d09d881e22135fc936d7857fa9b974bf234d358ad336a9e05239c2079a240,2026-09-23T16:52:05.243004+00:00
2010-11-03T21:00:00+00:00,2010,GRIDSAT-B1.2010.11.03.21.v02r01.nc,data/interim/gridsat/2010/gridsat_2010.11.03.21.npz,469748,4c517aa27bf199dc1d4fb2c6007439b2d4398c5fec23f43851661999b5891927,2026-09-23T16:52:29.324209+00:00,data/interim/gridsat/2010/gridsat_2010.11.03.21.nc,713053,37b75eb9d509248ca0cb2435d97ee1e40dba1de0377cbaf2fa909a0d73d87f1e,2026-09-23T16:52:29.217894+00:00
2010-11-04T00:00:00+00:00,2010,GRIDSAT-B1.2010.11.04.00.v02r01.nc,data/interim/gridsat/2010/gridsat_2010.11.04.00.npz,466671,b97ed273012a8aaf8f05d0531ac9e1c3afffe8829dd692f8d37ce80a9777e383,2026-09-23T16:52:18.089616+00:00,data/interim/gridsat/2010/gridsat_2010.11.04.00.nc,709846,7551099ad7f7b187e9d43b56e0014d08ff1d196018ba1a3dd95430b9dc654859,2026-09-23T16:52:18.003321+00:00
2010-11-04T03:00:00+00:00,2010,GRIDSAT-B1.2010.11.04.03.v02r01.nc,data/interim/gridsat/2010/gridsat_2010.11.04.03.npz,463127,7bd638a8b6e1a58732a982387ebae318524090eda6b79d3f8e08b1ea28f3dd27,2026-09-23T16:52:22.475992+00:00,data/interim/gridsat/2010/gridsat_2010.11.04.03.nc,703416,69a8aa32d4197489504983653d1e77e82262abbaf8c2b297a3ebeb2265cb744f,2026-09-23T16:52:22.382660+00:00
2010-11-04T06:00:00+00:00,2010,GRIDSAT-B1.2010.11.04.06.v02r01.nc,data/interim/gridsat/2010/gridsat_2010.11.04.06.npz,494566,40349f3173a901b51ac87f6c6e4e6ba2ecfac1b544899a7d5de8f290df57195d,2026-09-23T16:52:42.483191+00:00,data/interim/gridsat/2010/gridsat_2010.11.04.06.nc,737448,c3daff6e96deb9e8393dcb56da62ac97bc5879ff6765a2851479b12ccbee6071,2026-09-23T16:52:42.339408+00:00
2010-11-04T09:00:00+00:00,2010,GRIDSAT-B1.2010.11.04.09.v02r01.nc,data/interim/gridsat/2010/gridsat_2010.11.04.09.npz,512771,3ee6c770b3ac475bfa4bd8809c361a2a77125d8668f524a8edc39613e4a0f7f1,2026-09-23T16:53:15.359991+00:00,data/interim/gridsat/2010/gridsat_2010.11.04.09.nc,763127,68633198781a0cd886674302daae3ccedf3665ca70b375d887a94d3d6d549554,2026-09-23T16:53:15.261673+00:00
2010-11-04T12:00:00+00:00,2010,GRIDSAT-B1.2010.11.04.12.v02r01.nc,data/interim/gridsat/2010/gridsat_2010.11.04.12.npz,485840,01bf8ee87b187743b7f76a29521dcea991a94b14938e4dc5d1066d0db83c5288,2026-09-23T16:53:16.103179+00:00,data/interim/gridsat/2010/gridsat_2010.11.04.12.nc,737369,48b69b64a33c449d4264bd194ee512608a7580be646bb34d9ee71a723e87e073,2026-09-23T16:53:16.017878+00:00
2010-11-04T15:00:00+00:00,2010,GRIDSAT-B1.2010.11.04.15.v02r01.nc,data/interim/gridsat/2010/gridsat_2010.11.04.15.npz,469519,8bfe850460f5e454751c8eb6cfda594f14e16c00c0fbcf000d31616dcc038ed4,2026-09-23T16:53:58.373978+00:00,data/interim/gridsat/2010/gridsat_2010.11.04.15.nc,720036,f8517ea9cf5e672988f2062b6b40cf6b74ab68cf92505cae94f7838c413264e3,2026-09-23T16:53:58.268729+00:00
2010-11-04T18:00:00+00:00,2010,GRIDSAT-B1.2010.11.04.18.v02r01.nc,data/interim/gridsat/2010/gridsat_2010.11.04.18.npz,474387,f78b9efbae792605796bac00d2d0e49bfb911c5d94974391d52c7a3a7ba3453d,2026-09-23T16:53:37.878399+00:00,data/interim/gridsat/2010/gridsat_2010.11.04.18.nc,728896,ebb07df9ea8df4a0cbb0a0711cc6ca6998bf03a568cd012bb2b8401566ad30f2,2026-09-23T16:53:37.789847+00:00
2010-11-04T21:00:00+00:00,2010,GRIDSAT-B1.2010.11.04.21.v02r01.nc,data/interim/gridsat/2010/gridsat_2010.11.04.21.npz,479528,9f74d8b2db5c92034d3ee13a367b891796fa653c0038fe2df8979899f11cee52,2026-09-23T16:53:24.762257+00:00,data/interim/gridsat/2010/gridsat_2010.11.04.21.nc,739610,f03f052a1879421d9d6fc1e6afc3d0dae3ccb359b366a7d1145d54c12a5ce801,2026-09-23T16:53:24.684341+00:00
2010-11-05T00:00:00+00:00,2010,GRIDSAT-B1.2010.11.05.00.v02r01.nc,data/interim/gridsat/2010/gridsat_2010.11.05.00.npz,481074,295084d07edc1f87a5615e63291e46153fbf0a275487bfaea593a3950ba50547,2026-09-23T16:53:07.180519+00:00,data/interim/gridsat/2010/gridsat_2010.11.05.00.nc,743898,86bdabd10355bdbddc594e28974c10accd224e92d3d642ec0059952aae46e485,2026-09-23T16:53:07.084816+00:00
2010-11-05T03:00:00+00:00,2010,GRIDSAT-B1.2010.11.05.03.v02r01.nc,data/interim/gridsat/2010/gridsat_2010.11.05.03.npz,479741,f2c4b6db643f667079d94d8af9edf653cd6e7298815336f0c7d330b750c55ff2,2026-09-23T16:53:52.991142+00:00,data/interim/gridsat/2010/gridsat_2010.11.05.03.nc,741250,cd817c2764c0f9a9a67c7ff55aa8ca9149bdadbfa889437d31df7d55a53e075e,2026-09-23T16:53:52.895013+00:00
2010-11-05T06:00:00+00:00,2010,GRIDSAT-B1.2010.11.05.06.v02r01.nc,data/interim/gridsat/2010/gridsat_2010.11.05.06.npz,505312,1fe23eed06291418e5977a2f840a93c777f0d48e7bae3e54e699487d6b59d04d,2026-09-23T16:54:19.441938+00:00,data/interim/gridsat/2010/gridsat_2010.11.05.06.nc,764715,61a510ec1fb1c8d7c3ca52d9ab31070160e1181ebb546f6367b3d175e5d26801,2026-09-23T16:54:19.336042+00:00
2010-11-05T09:00:00+00:00,2010,GRIDSAT-B1.2010.11.05.09.v02r01.nc,data/interim/gridsat/2010/gridsat_2010.11.05.09.npz,528508,054f5bbd710552d2ecad0c47585a4790a990e8acaf00c2e6d93092ee0ccca8ad,2026-09-23T16:54:36.150065+00:00,data/interim/gridsat/2010/gridsat_2010.11.05.09.nc,792962,ebbef8c60727b1df2eacd0651a438a504ee94c6643858fa790bbcb83a7518df7,2026-09-23T16:54:36.037191+00:00
2010-11-05T12:00:00+00:00,2010,GRIDSAT-B1.2010.11.05.12.v02r01.nc,data/interim/gridsat/2010/gridsat_2010.11.05.12.npz,504044,ceed746aa58aa6795e00ff96952f501eb4587b43a166100938bbb91318a370ea,2026-09-23T16:54:11.296264+00:00,data/interim/gridsat/2010/gridsat_2010.11.05.12.nc,769690,a1600a802b110996bec3e517c1f069dcccc792a20f64faf73f809dc03ab0535b,2026-09-23T16:54:11.209527+00:00
2010-11-05T15:00:00+00:00,2010,GRIDSAT-B1.2010.11.05.15.v02r01.nc,data/interim/gridsat/2010/gridsat_2010.11.05.15.npz,484422,979cfae89796006dd7e21c38ada3a4dc94dc77269446b672bfffa8282dbf072a,2026-09-23T16:54:42.184618+00:00,data/interim/gridsat/2010/gridsat_2010.11.05.15.nc,746389,e4e21cbcd73acf7dd79227755e7e1e900d898de9b757b00a0910bd8373022553,2026-09-23T16:54:42.066669+00:00
2010-11-05T18:00:00+00:00,2010,GRIDSAT-B1.2010.11.05.18.v02r01.nc,data/interim/gridsat/2010/gridsat_2010.11.05.18.npz,486781,201106197ce653daf1987202a03db5ae05098417f5a178dcd31cd414a6f8ce58,2026-09-23T16:54:20.584048+00:00,data/interim/gridsat/2010/gridsat_2010.11.05.18.nc,748501,2b1179d9f42f78e865dec770f8e3de73b92fba8bab73bb8c1012ac6450ce87f2,2026-09-23T16:54:20.471795+00:00
2010-11-05T21:00:00+00:00,2010,GRIDSAT-B1.2010.11.05.21.v02r01.nc,data/interim/gridsat/2010/gridsat_2010.11.05.21.npz,491227,936c4498f5d9ffbe06ce2d10c6030168c196bbff4a3adf59cec278c4a36ec539,2026-09-23T16:55:09.149529+00:00,data/interim/gridsat/2010/gridsat_2010.11.05.21.nc,754554,47b6bce240aa5781da84279968660e71c0df947781de09664697ce521c0fad01,2026-09-23T16:55:09.060134+00:00
2010-11-06T00:00:00+00:00,2010,GRIDSAT-B1.2010.11.06.00.v02r01.nc,data/interim/gridsat/2010/gridsat_2010.11.06.00.npz,491820,17c867a603088770b6e74196d973678128eea0ad8a872237bf8564a340beabf8,2026-09-23T16:54:44.501539+00:00,data/interim/gridsat/2010/gridsat_2010.11.06.00.nc,754763,12f4114946855d3c204a034efe6c997244861a4f6065a5082cf5aa060e5a603d,2026-09-23T16:54:44.373340+00:00
2010-11-06T03:00:00+00:00,2010,GRIDSAT-B1.2010.11.06.03.v02r01.nc,data/interim/gridsat/2010/gridsat_2010.11.06.03.npz,492772,111e8896b76c9335bc8b89f29226dd1769824eca91de59ba245a417ba75d0e20,2026-09-23T16:55:28.142260+00:00,data/interim/gridsat/2010/gridsat_2010.11.06.03.nc,752374,77643f341e1b6809cbed50399a9b820c458c7e51ca8f313a3e2978304656b87c,2026-09-23T16:55:28.043771+00:00
2011-06-15T15:00:00+00:00,2011,GRIDSAT-B1.2011.06.15.15.v02r01.nc,data/interim/gridsat/2011/gridsat_2011.06.15.15.npz,558524,e03cdefe94c6b5c95048ef46c02ff55e25a1a7d6a6ae54f4fb6795ce6c2cfd55,2026-09-23T16:55:31.621953+00:00,data/interim/gridsat/2011/gridsat_2011.06.15.15.nc,826640,b9da3070de85f51802d2a9b8199a12c77d1a77cdd90745a7dc68a73d3b964ae7,2026-09-23T16:55:31.481841+00:00
2011-06-15T18:00:00+00:00,2011,GRIDSAT-B1.2011.06.15.18.v02r01.nc,data/interim/gridsat/2011/gridsat_2011.06.15.18.npz,552107,38016982dc9c6b3593d4d3df80074f25ea768ec5fd4ecb88d70c5e65e1ce09ca,2026-09-23T16:55:35.184912+00:00,data/interim/gridsat/2011/gridsat_2011.06.15.18.nc,818259,27d127fd8be736609b429a9d2276a8065f1513fe135738d3353fe178a8bf6701,2026-09-23T16:55:35.064416+00:00
2011-06-15T21:00:00+00:00,2011,GRIDSAT-B1.2011.06.15.21.v02r01.nc,data/interim/gridsat/2011/gridsat_2011.06.15.21.npz,553145,175f719e963421426eaf5b8f3c16f1412d126ef7c2f9943d6097ab7a9de8085d,2026-09-23T16:55:26.220026+00:00,data/interim/gridsat/2011/gridsat_2011.06.15.21.nc,818261,e61b0bbe2ad6f694fb356c3f146d9f1ccd3123ae56f39a46bc7dd09ada950911,2026-09-23T16:55:26.128437+00:00
2011-06-16T00:00:00+00:00,2011,GRIDSAT-B1.2011.06.16.00.v02r01.nc,data/interim/gridsat/2011/gridsat_2011.06.16.00.npz,548366,c341a8f6dee639a5bfa64f9d849566d51fceaecad5222cf30484f48545e94649,2026-09-23T16:55:57.233244+00:00,data/interim/gridsat/2011/gridsat_2011.06.16.00.nc,808159,66e7430aa3e933afee10cac4d86adefec7d65e3839c7ed64b6160db76bcb2732,2026-09-23T16:55:57.116439+00:00
2011-06-16T03:00:00+00:00,2011,GRIDSAT-B1.2011.06.16.03.v02r01.nc,data/interim/gridsat/2011/gridsat_2011.06.16.03.npz,538151,6b7c8c85c5b2677f1bef1c054c0e1202e83b30e54c7aeae7cd33616c1764d32f,2026-09-23T16:55:58.266945+00:00,data/interim/gridsat/2011/gridsat_2011.06.16.03.nc,790763,9f620bd08f8d6e04d7a9884af21ca7ae70c9f8b1e619b4dbd3093ae2478f8f14,2026-09-23T16:55:58.127951+00:00
2011-06-16T06:00:00+00:00,2011,GRIDSAT-B1.2011.06.16.06.v02r01.nc,data/interim/gridsat/2011/gridsat_2011.06.16.06.npz,545371,e19e062366538276901e35bf496c32df255a3eb1d4eec8d2f349899d46e8cfaf,2026-09-23T16:56:17.098231+00:00,data/interim/gridsat/2011/gridsat_2011.06.16.06.nc,798992,068ea80d30a75cd1eecb976db76badee620fbd68648f43e0ecab3a69b6ab0c61,2026-09-23T16:56:17.009686+00:00
2011-06-16T09:00:00+00:00,2011,GRIDSAT-B1.2011.06.16.09.v02r01.nc,data/interim/gridsat/2011/gridsat_2011.06.16.09.npz,563196,b04602be8fd68ddf34090045342f368f2783e8dd96c52795022fb60ef085098a,2026-09-23T16:56:44.064794+00:00,data/interim/gridsat/2011/gridsat_2011.06.16.09.nc,817039,f470306b83e4fe53d9e3963111ec49124b01ad34a2159f27b19934ac719fc626,2026-09-23T16:56:43.980958+00:00
2011-06-16T12:00:00+00:00,2011,GRIDSAT-B1.2011.06.16.12.v02r01.nc,data/interim/gridsat/2011/gridsat_2011.06.16.12.npz,554124,7b4065fc8cfca62ef7974a4132fcbe5a3d8c089226e70e0832946c974566ada6,2026-09-23T16:56:48.382204+00:00,data/interim/gridsat/2011/gridsat_2011.06.16.12.nc,808261,5ca57c8b31a4d1bbfd6de36c93cc0a8de942683f76f9843adb203e4c1af76ee3,2026-09-23T16:56:48.280392+00:00
2011-06-16T15:00:00+00:00,2011,GRIDSAT-B1.2011.06.16.15.v02r01.nc,data/interim/gridsat/2011/gridsat_2011.06.16.15.npz,524715,cb2b99e34e0bcfdcb40a80a50f529ab3bef6196afa527b8b3dd8ca396d876689,2026-09-23T16:56:25.065056+00:00,data/interim/gridsat/2011/gridsat_2011.06.16.15.nc,772798,42d28190cf2eeb09800e3d9567459b2f5056f181c49204b3f6876e4d702bcb36,2026-09-23T16:56:24.979064+00:00
2011-06-16T18:00:00+00:00,2011,GRIDSAT-B1.2011.06.16.18.v02r01.nc,data/interim/gridsat/2011/gridsat_2011.06.16.18.npz,515903,d35f129fc99075698d2b43719908db285dc47eac2bf42513e96630c395cb55cc,2026-09-23T16:56:56.783186+00:00,data/interim/gridsat/2011/gridsat_2011.06.16.18.nc,761028,07638113570f2b151443c7cf194353441d37dc6ea1607ed9b13c8fe68a80132b,2026-09-23T16:56:56.689571+00:00
2011-06-16T21:00:00+00:00,2011,GRIDSAT-B1.2011.06.16.21.v02r01.nc,data/interim/gridsat/2011/gridsat_2011.06.16.21.npz,518890,c24b00ae1d4d1bcb1cb5d6d285052ac6d37cc01c3191abbe71c791b5ba7f6398,2026-09-23T16:57:19.199537+00:00,data/interim/gridsat/2011/gridsat_2011.06.16.21.nc,763978,2238b599ba80de1d01aa43715eb2b880b41fe59040609d58cf097747496ca943,2026-09-23T16:57:19.094263+00:00
2011-06-17T00:00:00+00:00,2011,GRIDSAT-B1.2011.06.17.00.v02r01.nc,data/interim/gridsat/2011/gridsat_2011.06.17.00.npz,511125,a71aa2b09d9624e9b47653e662b6083e0038fc798178aee5eb7cef317167d32c,2026-09-23T16:57:28.278666+00:00,data/interim/gridsat/2011/gridsat_2011.06.17.00.nc,753748,c2479493c4f8e1f51c58544141e1577480104120bee044025bbb5392fdedf67e,2026-09-23T16:57:28.154969+00:00
2011-06-17T03:00:00+00:00,2011,GRIDSAT-B1.2011.06.17.03.v02r01.nc,data/interim/gridsat/2011/gridsat_2011.06.17.03.npz,503727,39b6c2f6d051424047143d7773fd5c794b4ea60f4188d3202f9a65efaeeea235,2026-09-23T16:58:11.539149+00:00,data/interim/gridsat/2011/gridsat_2011.06.17.03.nc,745853,29a3720de4c3d12bbe44052d233019bb129abd1aeb06b09c2896db3e05ba7a2b,2026-09-23T16:58:11.432827+00:00
2011-06-17T06:00:00+00:00,2011,GRIDSAT-B1.2011.06.17.06.v02r01.nc,data/interim/gridsat/2011/gridsat_2011.06.17.06.npz,517158,e60b1ad7f30a21ba644c9d350045f71e8ffb6541da160acf2054e421fb343879,2026-09-23T16:57:09.468096+00:00,data/interim/gridsat/2011/gridsat_2011.06.17.06.nc,759880,a3802d2bce3ca560ac10cd40dd3139d0cc1a3ede257f482cff5a9a9d93a65212,2026-09-23T16:57:09.382127+00:00
2011-06-17T09:00:00+00:00,2011,GRIDSAT-B1.2011.06.17.09.v02r01.nc,data/interim/gridsat/2011/gridsat_2011.06.17.09.npz,542391,e000ddba2c15f6d68bce00f510d43a1af857df617eb8793241807efed7184c78,2026-09-23T16:57:36.939109+00:00,data/interim/gridsat/2011/gridsat_2011.06.17.09.nc,788190,ccb190a59ffab32436b026b26e55f3f535d00bf64301801ba4e1551350ea5c90,2026-09-23T16:57:36.845673+00:00
2011-06-17T12:00:00+00:00,2011,GRIDSAT-B1.2011.06.17.12.v02r01.nc,data/interim/gridsat/2011/gridsat_2011.06.17.12.npz,535246,290e3d23cf38f076fe2f1029fc54750eab2dd4cf889d2d406c1b2f9351a71052,2026-09-23T16:58:33.292440+00:00,data/interim/gridsat/2011/gridsat_2011.06.17.12.nc,783708,2b3968d7fafaf73e7c3aef4d9d3680d6cde7957056aa84fc33c9c91f61ce30ec,2026-09-23T16:58:33.188183+00:00
2011-06-17T15:00:00+00:00,2011,GRIDSAT-B1.2011.06.17.15.v02r01.nc,data/interim/gridsat/2011/gridsat_2011.06.17.15.npz,510661,d559640fd6a646845401722e8064f040b317641e94b6a7769f8b2781640c3b60,2026-09-23T16:58:58.656895+00:00,data/interim/gridsat/2011/gridsat_2011.06.17.15.nc,759147,bea59591719f3064e2f10c9a8586ca7ea2e07590da01477b8783324b110839cd,2026-09-23T16:58:58.539170+00:00
2011-06-17T18:00:00+00:00,2011,GRIDSAT-B1.2011.06.17.18.v02r01.nc,data/interim/gridsat/2011/gridsat_2011.06.17.18.npz,507679,f5d9e005c7642a9b4279ef4ec27a506f96c8fc3bbb67dca8ee6a86035bef65e9,2026-09-23T16:57:45.806890+00:00,data/interim/gridsat/2011/gridsat_2011.06.17.18.nc,756059,1445f26e7d3a3a3948e62e7115825bc740eccbde554d23084670f71fcf9ce9cc,2026-09-23T16:57:45.706322+00:00
2011-06-17T21:00:00+00:00,2011,GRIDSAT-B1.2011.06.17.21.v02r01.nc,data/interim/gridsat/2011/gridsat_2011.06.17.21.npz,509541,70ca4aadb010dc2bc3f08e66a6f31b013fe6fa36119bf26f43bebdc498730693,2026-09-23T16:58:26.786263+00:00,data/interim/gridsat/2011/gridsat_2011.06.17.21.nc,763271,7cd75cdc20b8a30747e1082a04a001ab27e8faa841eaef72747b1e17416dc98b,2026-09-23T16:58:26.646581+00:00
2011-06-18T00:00:00+00:00,2011,GRIDSAT-B1.2011.06.18.00.v02r01.nc,data/interim/gridsat/2011/gridsat_2011.06.18.00.npz,508192,98d0e603c0555229c49fc29f99fb2244dfd614d0fda236c5ffca179be0e402fe,2026-09-23T16:58:15.596820+00:00,data/interim/gridsat/2011/gridsat_2011.06.18.00.nc,758802,16a914f78e682c5e98c07851a08325c7eadeea4a6682bb60d641be5f644b4093,2026-09-23T16:58:15.470847+00:00
2011-06-18T03:00:00+00:00,2011,GRIDSAT-B1.2011.06.18.03.v02r01.nc,data/interim/gridsat/2011/gridsat_2011.06.18.03.npz,502571,be92ec55164d6865e3985aca7917da91a802c3ac9c1799283b5b2dc3b0855852,2026-09-23T16:59:06.561763+00:00,data/interim/gridsat/2011/gridsat_2011.06.18.03.nc,754030,d317f556d2e13e17f1ffaea82830d0540ca574844c0fc3bbc3848d0321d3e983,2026-09-23T16:59:06.419157+00:00
2011-06-18T06:00:00+00:00,2011,GRIDSAT-B1.2011.06.18.06.v02r01.nc,data/interim/gridsat/2011/gridsat_2011.06.18.06.npz,521219,d2b3cd224c6de7b4e6ea26842f60010dd8b480713d0fa03db4e5cbf4c8816de9,2026-09-23T16:58:50.717987+00:00,data/interim/gridsat/2011/gridsat_2011.06.18.06.nc,769382,775c775491d8ed6fddb5048a24f56de4abcca95f323cc17f5e7b8cecc1c49059,2026-09-23T16:58:50.625132+00:00
2011-06-18T09:00:00+00:00,2011,GRIDSAT-B1.2011.06.18.09.v02r01.nc,data/interim/gridsat/2011/gridsat_2011.06.18.09.npz,543206,28690ff39bce7613a31a6a8beb899e3d575557506f6e507a28e452f94a5f547e,2026-09-23T16:59:33.515781+00:00,data/interim/gridsat/2011/gridsat_2011.06.18.09.nc,792800,212ae9637b7591655c1e3dc640a52fe74d18bfa7b55174cbf09592e65a221efa,2026-09-23T16:59:33.376256+00:00
2011-06-18T12:00:00+00:00,2011,GRIDSAT-B1.2011.06.18.12.v02r01.nc,data/interim/gridsat/2011/gridsat_2011.06.18.12.npz,534609,14d14d2a47123525c554d3b9b5cf4072b380e39259ea471bc2dc9ca08ce9bb89,2026-09-23T16:59:20.867404+00:00,data/interim/gridsat/2011/gridsat_2011.06.18.12.nc,787042,0213c034d3e723900deb054d436f6e14b7d9562dc8d45cc3f10a2809754a7981,2026-09-23T16:59:20.782203+00:00
2011-06-18T15:00:00+00:00,2011,GRIDSAT-B1.2011.06.18.15.v02r01.nc,data/interim/gridsat/2011/gridsat_2011.06.18.15.npz,508217,1506caeab174577a703f81ef1ce427153026c9e88b7457165b3a2f9f5f3ddd90,2026-09-23T17:00:29.982917+00:00,data/interim/gridsat/2011/gridsat_2011.06.18.15.nc,759788,df00658428a614a9912f2a1ccb10a98cea0939118f4b8f8e6ed860b0b85f6e42,2026-09-23T17:00:29.867017+00:00
2011-06-18T18:00:00+00:00,2011,GRIDSAT-B1.2011.06.18.18.v02r01.nc,data/interim/gridsat/2011/gridsat_2011.06.18.18.npz,506279,4def40891047a6db6f955d6b4fbd70e76fef288117fe5e2bedc47d8bfcbccc15,2026-09-23T17:00:08.547905+00:00,data/interim/gridsat/2011/gridsat_2011.06.18.18.nc,757463,299d8b79d2a1f2b98b7081363b9906e73a8a29480239c307b11508e776cc6cdc,2026-09-23T17:00:08.416035+00:00
2011-06-18T21:00:00+00:00,2011,GRIDSAT-B1.2011.06.18.21.v02r01.nc,data/interim/gridsat/2011/gridsat_2011.06.18.21.npz,311180,133d943e9cad53f39989e46cddba2edec60677683f02320fd39a4d03f16e2970,2026-09-23T16:59:24.986048+00:00,data/interim/gridsat/2011/gridsat_2011.06.18.21.nc,419142,1d129bf4b8b3acfa456094ac9357d293f09b91f788558de8e412c08cee9eb6fe,2026-09-23T16:59:24.909641+00:00
2011-06-19T00:00:00+00:00,2011,GRIDSAT-B1.2011.06.19.00.v02r01.nc,data/interim/gridsat/2011/gridsat_2011.06.19.00.npz,310907,82a72276cdeee5c65e3ff5b0855732cb48254addd5fb4a633fc62f1ed84c46ee,2026-09-23T17:00:41.290469+00:00,data/interim/gridsat/2011/gridsat_2011.06.19.00.nc,419609,c33560b8c0c9433a51b05a5d89d4499b1715e35407e357d31b821cf1cdfaf8e8,2026-09-23T17:00:41.218254+00:00
2011-06-19T03:00:00+00:00,2011,GRIDSAT-B1.2011.06.19.03.v02r01.nc,data/interim/gridsat/2011/gridsat_2011.06.19.03.npz,307075,23dfb544440f76fca05837cb604e2adafa7f230ec22165625bab527e2312fb87,2026-09-23T16:59:34.377525+00:00,data/interim/gridsat/2011/gridsat_2011.06.19.03.nc,411985,2ed176d9522fb42840070866cb73ff9f3a2822eaf31f908be99a4d1a18a8318b,2026-09-23T16:59:34.320025+00:00
2011-06-19T06:00:00+00:00,2011,GRIDSAT-B1.2011.06.19.06.v02r01.nc,data/interim/gridsat/2011/gridsat_2011.06.19.06.npz,306444,1bd26573ad28a064befc8b541dcaa8825529921b52735c52141eb76c19c1dbba,2026-09-23T17:00:12.586878+00:00,data/interim/gridsat/2011/gridsat_2011.06.19.06.nc,413459,66d091982cebc54f03c6ffe1587e497963b6188de0041f521a9c269d513bcf86,2026-09-23T17:00:12.544218+00:00
2011-06-19T09:00:00+00:00,2011,GRIDSAT-B1.2011.06.19.09.v02r01.nc,data/interim/gridsat/2011/gridsat_2011.06.19.09.npz,311462,3724128d6713a36cfdf1e086e712380f22ec952999d9971d2db2e398be54ca92,2026-09-23T16:59:45.699337+00:00,data/interim/gridsat/2011/gridsat_2011.06.19.09.nc,421469,96e299b5041b4988181a867dc4f35f0516fddd9c0db19ae1aeaccff661bd3e85,2026-09-23T16:59:45.638896+00:00
2011-06-19T12:00:00+00:00,2011,GRIDSAT-B1.2011.06.19.12.v02r01.nc,data/interim/gridsat/2011/gridsat_2011.06.19.12.npz,484799,98f15abca4910b7d4a6eb767c3e7da5dc12ef209cc82f36a137d9491b759c14e,2026-09-23T17:00:36.165603+00:00,data/interim/gridsat/2011/gridsat_2011.06.19.12.nc,660424,6cf7a99c159b697faa80de24b50760b53110e5022fd7369e334164ec84060afa,2026-09-23T17:00:36.064729+00:00
2011-06-19T15:00:00+00:00,2011,GRIDSAT-B1.2011.06.19.15.v02r01.nc,data/interim/gridsat/2011/gridsat_2011.06.19.15.npz,521708,c87d1f26030c50ad20190ae202bb3ef88bf9816a368dab176182ef47dc4f9708,2026-09-23T17:00:25.172677+00:00,data/interim/gridsat/2011/gridsat_2011.06.19.15.nc,769447,45708d6d405c232a18e929bb4f9421385cfbc25db3a9475cfb8a10680e050c9b,2026-09-23T17:00:25.046570+00:00
2011-06-19T18:00:00+00:00,2011,GRIDSAT-B1.2011.06.19.18.v02r01.nc,data/interim/gridsat/2011/gridsat_2011.06.19.18.npz,522407,fc7861ff1515066205c6d6d18f468a3ee44592fadbc3be401f5f9578970dbdc7,2026-09-23T17:01:08.644176+00:00,data/interim/gridsat/2011/gridsat_2011.06.19.18.nc,774538,79814c6e96ce8421bed47eba28545ac474bb2748bd6df8b74aa6deb2b7676321,2026-09-23T17:01:08.512684+00:00
2011-06-19T21:00:00+00:00,2011,GRIDSAT-B1.2011.06.19.21.v02r01.nc,data/interim/gridsat/2011/gridsat_2011.06.19.21.npz,529595,998b1689794c182ba384879385870f629730a9d1c0af629005b6024a49a91d53,2026-09-23T17:00:34.229444+00:00,data/interim/gridsat/2011/gridsat_2011.06.19.21.nc,785851,885f5adba46ba2255ce642771c3ee736e47d11874e026e2e54d4a77e35163ee5,2026-09-23T17:00:34.109932+00:00
2011-06-20T00:00:00+00:00,2011,GRIDSAT-B1.2011.06.20.00.v02r01.nc,data/interim/gridsat/2011/gridsat_2011.06.20.00.npz,534076,b56485275198fe788f185475c2d8b4be3a9435b68b6cb82dcf7f922961189dfa,2026-09-23T17:01:33.955256+00:00,data/interim/gridsat/2011/gridsat_2011.06.20.00.nc,788776,c1a0acc22fc00b210860f2fd210a7182a963041e60c2670f30c5074ecb90d105,2026-09-23T17:01:33.864389+00:00
2011-06-20T03:00:00+00:00,2011,GRIDSAT-B1.2011.06.20.03.v02r01.nc,data/interim/gridsat/2011/gridsat_2011.06.20.03.npz,481815,155da8c10f1fc7c36338b9702e96bb43741a9251045d9c08a25281738f517a10,2026-09-23T17:01:06.790333+00:00,data/interim/gridsat/2011/gridsat_2011.06.20.03.nc,655859,af415d5d61db1210e9a756aac86a92ec3f6d5cce30f6239e4b0eb81b4bed3675,2026-09-23T17:01:06.665057+00:00
2011-06-20T06:00:00+00:00,2011,GRIDSAT-B1.2011.06.20.06.v02r01.nc,data/interim/gridsat/2011/gridsat_2011.06.20.06.npz,489225,ea4c969be2db2b576c0ba3dfa595716e5f1a4ae137e16e189680d3cdde01d23f,2026-09-23T17:01:54.947793+00:00,data/interim/gridsat/2011/gridsat_2011.06.20.06.nc,662884,d824e3e2a86ea26aa60eda8fd5e6f84c5d83cbd8008fcd8ccc6cd397dacd81ff,2026-09-23T17:01:54.877867+00:00
2011-06-20T09:00:00+00:00,2011,GRIDSAT-B1.2011.06.20.09.v02r01.nc,data/interim/gridsat/2011/gridsat_2011.06.20.09.npz,498373,f676dadadb183406306ee02b062cc4355440ed9cdaaf67482ed2a0b128e6cd03,2026-09-23T17:01:58.465301+00:00,data/interim/gridsat/2011/gridsat_2011.06.20.09.nc,675208,9095eb1425e18e089661025359f96353936bacff32e80a7392e839b58543236e,2026-09-23T17:01:58.395782+00:00
2011-06-20T12:00:00+00:00,2011,GRIDSAT-B1.2011.06.20.12.v02r01.nc,data/interim/gridsat/2011/gridsat_2011.06.20.12.npz,500268,9bdd45c339af96f35de819a1ac9802bf9ec2424aedfd9eb3a31c623176162f8d,2026-09-23T17:01:16.164943+00:00,data/interim/gridsat/2011/gridsat_2011.06.20.12.nc,678542,44ccfd513bd420b72375c3d9fa8eb9a42ab53cccfbc54102ff593ee798230557,2026-09-23T17:01:16.084126+00:00
2011-06-20T15:00:00+00:00,2011,GRIDSAT-B1.2011.06.20.15.v02r01.nc,data/interim/gridsat/2011/gridsat_2011.06.20.15.npz,489774,31cfb0ca5da926c6f08bbd005ab0f72cbfb792b97f1e1ab560ff4df3e19bf90b,2026-09-23T17:01:44.721812+00:00,data/interim/gridsat/2011/gridsat_2011.06.20.15.nc,664182,44b5b0e4dc4c15f5afc7b51c9fabcc1afd433ed5c4b0d2f74110a247de154d5d,2026-09-23T17:01:44.643660+00:00
2011-06-20T18:00:00+00:00,2011,GRIDSAT-B1.2011.06.20.18.v02r01.nc,data/interim/gridsat/2011/gridsat_2011.06.20.18.npz,486519,dd5a53498a6dd7c7eb318863427c630147ca8ba56f530ade609803adab1cf093,2026-09-23T17:02:26.146791+00:00,data/interim/gridsat/2011/gridsat_2011.06.20.18.nc,659668,c1570a884a4613eeb976820753c084921f208273c4355e06b57d58d6febf5f96,2026-09-23T17:02:26.066677+00:00
2011-10-28T15:00:00+00:00,2011,GRIDSAT-B1.2011.10.28.15.v02r01.nc,data/interim/gridsat/2011/gridsat_2011.10.28.15.npz,538287,90e6e177581bba79c579d26aedc9a0e3f9d330e3091e5cee4b410cf0a36e3e82,2026-09-23T17:03:00.340204+00:00,data/interim/gridsat/2011/gridsat_2011.10.28.15.nc,806409,ca76d70476618c4c47e794ee6bae04f5f1d94a8c47661d49ce770f3d48f00c14,2026-09-23T17:03:00.240604+00:00
2011-10-28T18:00:00+00:00,2011,GRIDSAT-B1.2011.10.28.18.v02r01.nc,data/interim/gridsat/2011/gridsat_2011.10.28.18.npz,541577,83ce4e98c804f775ec58359116c3eb140aeade7ab8c2309c09859947a9a960b8,2026-09-23T17:01:54.344922+00:00,data/interim/gridsat/2011/gridsat_2011.10.28.18.nc,815091,0e4e2454a03e62803f55b786bee73c904583f0a45431d6d6fdef3703a3b4d27d,2026-09-23T17:01:54.249882+00:00
2011-10-28T21:00:00+00:00,2011,GRIDSAT-B1.2011.10.28.21.v02r01.nc,data/interim/gridsat/2011/gridsat_2011.10.28.21.npz,545276,759b0d1a676bfae52ad13ef910351adad40070e7d460ffe5a5f09c7ccc4e0bba,2026-09-23T17:03:00.536443+00:00,data/interim/gridsat/2011/gridsat_2011.10.28.21.nc,824084,35220bce3c3b4f9d4e43b752b2cc7d944d97f674f81730c29b4f09e7194d855a,2026-09-23T17:03:00.437093+00:00
2011-10-29T00:00:00+00:00,2011,GRIDSAT-B1.2011.10.29.00.v02r01.nc,data/interim/gridsat/2011/gridsat_2011.10.29.00.npz,540719,938a95862d0a6c031b454360b296fab00b4be450ab095da4adec82df1b3b5a67,2026-09-23T17:02:50.061043+00:00,data/interim/gridsat/2011/gridsat_2011.10.29.00.nc,821849,c105fa2ca82c0b81fa7ea305ce2612e5a6d5813ad65c9adc29c1c1927b6cdf2c,2026-09-23T17:02:49.966460+00:00
2011-10-29T03:00:00+00:00,2011,GRIDSAT-B1.2011.10.29.03.v02r01.nc,data/interim/gridsat/2011/gridsat_2011.10.29.03.npz,539864,1042c4d7142dff2877d86e86ba5fb36fcd8839345b128b663085aa0e72e6e7a9,2026-09-23T17:02:34.159285+00:00,data/interim/gridsat/2011/gridsat_2011.10.29.03.nc,817976,c15e03408d9a6bcc927046a6bac4b6df1e1813fc9a2d93cb037666069741ea70,2026-09-23T17:02:34.069424+00:00
2011-10-29T06:00:00+00:00,2011,GRIDSAT-B1.2011.10.29.06.v02r01.nc,data/interim/gridsat/2011/gridsat_2011.10.29.06.npz,571822,ac6644ad4c0859f9420b04c46fb0dc37c1c5cd8793fdef2502282d458e0a0091,2026-09-23T17:02:24.629215+00:00,data/interim/gridsat/2011/gridsat_2011.10.29.06.nc,853718,0614476cdce1b0b897ac21989d4bc523c4721ac5e840e8b5abd5d08b1ba6013e,2026-09-23T17:02:24.541577+00:00
2011-10-29T09:00:00+00:00,2011,GRIDSAT-B1.2011.10.29.09.v02r01.nc,data/interim/gridsat/2011/gridsat_2011.10.29.09.npz,587624,3a83efa0831e2ad6bef976d09c341701f983ab0773281df4d023621d21a9c0ff,2026-09-23T17:02:41.790634+00:00,data/interim/gridsat/2011/gridsat_2011.10.29.09.nc,872009,9d04581de265321e7f8587cd323fce219be2bb55355b44d9b9506f426dc740b9,2026-09-23T17:02:41.696182+00:00
2011-10-29T12:00:00+00:00,2011,GRIDSAT-B1.2011.10.29.12.v02r01.nc,data/interim/gridsat/2011/gridsat_2011.10.29.12.npz,558790,905f7fecad58fba0a2ba34261b83924338f98b70007e67216cc4823a63d6a76b,2026-09-23T17:04:34.564635+00:00,data/interim/gridsat/2011/gridsat_2011.10.29.12.nc,841246,8aed8c86fab70c6f15581381e4a7540d64dc60a4320c977428f7eb4c4900adcf,2026-09-23T17:04:34.456857+00:00
2011-10-29T15:00:00+00:00,2011,GRIDSAT-B1.2011.10.29.15.v02r01.nc,data/interim/gridsat/2011/gridsat_2011.10.29.15.npz,538197,505b6d2fea6ade7be374fcb44c985498a31dfadbd6ec0bc3841f26c9bf5aa39a,2026-09-23T17:03:38.406941+00:00,data/interim/gridsat/2011/gridsat_2011.10.29.15.nc,816222,ad78f547ceabb57bfed86297fd1615d9c8028f7813a665e1f8861cc288c5f0ff,2026-09-23T17:03:38.295887+00:00
2011-10-29T18:00:00+00:00,2011,GRIDSAT-B1.2011.10.29.18.v02r01.nc,data/interim/gridsat/2011/gridsat_2011.10.29.18.npz,538724,e71c0af4e5aa8f401b587fb097f667fb817adf83eb4e37ae6dabde1b3504f201,2026-09-23T17:03:24.410322+00:00,data/interim/gridsat/2011/gridsat_2011.10.29.18.nc,818667,0715d349f5f072c77f7c909e6d339afc0a87be634be412c28a6afed47120c8a8,2026-09-23T17:03:24.283389+00:00
2011-10-29T21:00:00+00:00,2011,GRIDSAT-B1.2011.10.29.21.v02r01.nc,data/interim/gridsat/2011/gridsat_2011.10.29.21.npz,545586,1cf658720b432d1812b539a081fd2b2cb98383677f68efc6c39d6b7f4b91b3fc,2026-09-23T17:04:04.484309+00:00,data/interim/gridsat/2011/gridsat_2011.10.29.21.nc,828427,5c00b1b87eace092e925ae06e3cca813bd7afd6259dd1f4bb9e0ec4da9b90056,2026-09-23T17:04:04.371901+00:00
2011-10-30T00:00:00+00:00,2011,GRIDSAT-B1.2011.10.30.00.v02r01.nc,data/interim/gridsat/2011/gridsat_2011.10.30.00.npz,543892,c7bb40b2c2e116e4c74b178e67bbcafff4eea6750ecd39a6afd936cb337bf680,2026-09-23T17:04:03.277751+00:00,data/interim/gridsat/2011/gridsat_2011.10.30.00.nc,824950,f144c56c0734b2c547c9dd30453e112e20f027ee75ba8b597ec3bfc0050645a4,2026-09-23T17:04:03.145142+00:00
2011-10-30T03:00:00+00:00,2011,GRIDSAT-B1.2011.10.30.03.v02r01.nc,data/interim/gridsat/2011/gridsat_2011.10.30.03.npz,543835,f719137b9c8534b540510d360601786100929c7e40629e38da3e62ad69ff35e6,2026-09-23T17:04:07.755567+00:00,data/interim/gridsat/2011/gridsat_2011.10.30.03.nc,823045,6c0c138d62811a34b68e15ac9f9fdadbb7a9ad5c17535ec2ac14c74914cda89c,2026-09-23T17:04:07.648448+00:00
2011-10-30T06:00:00+00:00,2011,GRIDSAT-B1.2011.10.30.06.v02r01.nc,data/interim/gridsat/2011/gridsat_2011.10.30.06.npz,578220,fd0492810566718f68be07fe0c5d47558602abeeb44d9476234ada1c0727eab9,2026-09-23T17:03:43.919793+00:00,data/interim/gridsat/2011/gridsat_2011.10.30.06.nc,856705,0e6c4236fad18156a8801f481d4a5086eb887d95fbe6cdb70f005b40f51f3013,2026-09-23T17:03:43.827845+00:00
2011-10-30T09:00:00+00:00,2011,GRIDSAT-B1.2011.10.30.09.v02r01.nc,data/interim/gridsat/2011/gridsat_2011.10.30.09.npz,600619,6e3bc7dda50c5057f94917d8948917e66c453841c6e339335c10b676bd85bfc4,2026-09-23T17:04:37.640308+00:00,data/interim/gridsat/2011/gridsat_2011.10.30.09.nc,885841,ee4f250208a6245786b73a90b276cd39284397970d892eb794be82614b0b6cd7,2026-09-23T17:04:37.523587+00:00
2011-10-30T12:00:00+00:00,2011,GRIDSAT-B1.2011.10.30.12.v02r01.nc,data/interim/gridsat/2011/gridsat_2011.10.30.12.npz,574391,f3f850c1670e1cc248caf32a7db19a059e02bdda6b87c95750ec6ea4085df2fb,2026-09-23T17:04:19.417097+00:00,data/interim/gridsat/2011/gridsat_2011.10.30.12.nc,857303,599f4cf1b212845a5b0c36ef43ec3d1e8c960a32d2f42039c6c54d7414b87f07,2026-09-23T17:04:19.259427+00:00
2011-10-30T15:00:00+00:00,2011,GRIDSAT-B1.2011.10.30.15.v02r01.nc,data/interim/gridsat/2011/gridsat_2011.10.30.15.npz,552428,f2055ad28cc31d5f68b59d010596e32a802dd42bec817c176d3934fe06893442,2026-09-23T17:05:19.244606+00:00,data/interim/gridsat/2011/gridsat_2011.10.30.15.nc,828969,a31f2783186c325f990ea2377efa7da6825a51317f02c131f9cf336d7af9d62b,2026-09-23T17:05:19.137362+00:00
2011-10-30T18:00:00+00:00,2011,GRIDSAT-B1.2011.10.30.18.v02r01.nc,data/interim/gridsat/2011/gridsat_2011.10.30.18.npz,551571,c8a92af1ca87a851e3ec4058b6b263dac54d4f7c1e2e454b0eb72f0007c0ae36,2026-09-23T17:04:56.581181+00:00,data/interim/gridsat/2011/gridsat_2011.10.30.18.nc,833079,ec91cd8b18b4432373c3adadd6608744ea8d7feb95df1a41f8f65eb8857634a2,2026-09-23T17:04:56.475298+00:00
2011-10-30T21:00:00+00:00,2011,GRIDSAT-B1.2011.10.30.21.v02r01.nc,data/interim/gridsat/2011/gridsat_2011.10.30.21.npz,551134,1b6ae2a3e338044cfdd220391429c0ebb4887dbc4e5963aa61f0cdc0d418af64,2026-09-23T17:05:16.466883+00:00,data/interim/gridsat/2011/gridsat_2011.10.30.21.nc,837076,ca7b6c6c47c7433494d812323bf41f6589531190c7809340d23bbca545d3056a,2026-09-23T17:05:16.309884+00:00
2011-10-31T00:00:00+00:00,2011,GRIDSAT-B1.2011.10.31.00.v02r01.nc,data/interim/gridsat/2011/gridsat_2011.10.31.00.npz,549024,0c1f198981e2ac70b88b6e4fcc3c2ac56510509cc7c01cce29dbe89d5765cddb,2026-09-23T17:05:11.617300+00:00,data/interim/gridsat/2011/gridsat_2011.10.31.00.nc,836122,3535e6de310e937f9cdf92b666a686dd1774f3a1b93387f808e501519f952054,2026-09-23T17:05:11.484245+00:00
2011-10-31T03:00:00+00:00,2011,GRIDSAT-B1.2011.10.31.03.v02r01.nc,data/interim/gridsat/2011/gridsat_2011.10.31.03.npz,548540,69dace9e052dbf111a3addd68ed252f794011cfaf995522fc56639820a489a4a,2026-09-23T17:05:02.147638+00:00,data/interim/gridsat/2011/gridsat_2011.10.31.03.nc,828123,d228a2cc5189e14d4c6ccc37aebc0eb106387c80e54fb8c1dadb9b677cefa59d,2026-09-23T17:05:02.038694+00:00
2011-10-31T06:00:00+00:00,2011,GRIDSAT-B1.2011.10.31.06.v02r01.nc,data/interim/gridsat/2011/gridsat_2011.10.31.06.npz,576351,d7314cf45a1f785b5262eebc951eca746da3633039a934f319b822b219bb6ed2,2026-09-23T17:05:23.100786+00:00,data/interim/gridsat/2011/gridsat_2011.10.31.06.nc,852768,7a48488bcf56b1ff5d5c1195c45c0eb3abbad74ba882ab151a1cf8866de8b059,2026-09-23T17:05:23.008438+00:00
2011-10-31T09:00:00+00:00,2011,GRIDSAT-B1.2011.10.31.09.v02r01.nc,data/interim/gridsat/2011/gridsat_2011.10.31.09.npz,591530,317d938e058201929b56675b4bbdf9c74adc0d8c4c93d386add936cb52e5ef1f,2026-09-23T17:05:40.626378+00:00,data/interim/gridsat/2011/gridsat_2011.10.31.09.nc,871368,8d9c87154c310a3715155ecce6af98b0ad9d92f6b18f18b8b6b2a1c3f4cda0da,2026-09-23T17:05:40.533621+00:00
2011-10-31T12:00:00+00:00,2011,GRIDSAT-B1.2011.10.31.12.v02r01.nc,data/interim/gridsat/2011/gridsat_2011.10.31.12.npz,564282,2fc880c2fa05e83a6283a6f7ae1b1dbcf4b9d75431fde61f72ee23b7618b1aa4,2026-09-23T17:05:49.325315+00:00,data/interim/gridsat/2011/gridsat_2011.10.31.12.nc,843812,10bfef8286c7e7779ed8c18fcd86629ca6fdad68c28b27200b783c17b402b90d,2026-09-23T17:05:49.224595+00:00
2011-10-31T15:00:00+00:00,2011,GRIDSAT-B1.2011.10.31.15.v02r01.nc,data/interim/gridsat/2011/gridsat_2011.10.31.15.npz,542746,56d76908a4eca9f7589300dc397a8cfdb5d8b0066bd275f10d752d54a054e96f,2026-09-23T17:06:22.495801+00:00,data/interim/gridsat/2011/gridsat_2011.10.31.15.nc,819324,0f5283e1c73024e88d6ac30a9e165cf970cfc69ea882765e18135e9b66db3887,2026-09-23T17:06:22.401609+00:00
2011-10-31T18:00:00+00:00,2011,GRIDSAT-B1.2011.10.31.18.v02r01.nc,data/interim/gridsat/2011/gridsat_2011.10.31.18.npz,542441,7a2d0add9bf201e0a127170fcd4b5838713aac0deb3d349df12f59b33bc68036,2026-09-23T17:06:36.313104+00:00,data/interim/gridsat/2011/gridsat_2011.10.31.18.nc,820428,275a204b9f7ecb9df6a4b9f647890477c8ca90a74c6a91e1f7addb9f23faccf0,2026-09-23T17:06:36.203112+00:00
2011-11-05T15:00:00+00:00,2011,GRIDSAT-B1.2011.11.05.15.v02r01.nc,data/interim/gridsat/2011/gridsat_2011.11.05.15.npz,529807,c12a72251a2f436908adc57dc82062078cbd0c691ed3ec40a3d93454610cac86,2026-09-23T17:06:50.523686+00:00,data/interim/gridsat/2011/gridsat_2011.11.05.15.nc,791023,0db6ad459bebbcd517d53038195581fc36814a50e9d81f1aed270814cd14aee4,2026-09-23T17:06:50.389086+00:00
2011-11-05T18:00:00+00:00,2011,GRIDSAT-B1.2011.11.05.18.v02r01.nc,data/interim/gridsat/2011/gridsat_2011.11.05.18.npz,537326,3c3668d33f2d8315d657d79025c3d1dc79067e01517670cc840ed6b960702ca3,2026-09-23T17:07:01.895930+00:00,data/interim/gridsat/2011/gridsat_2011.11.05.18.nc,799289,46dc626a445c1f43b9c78cb1e77ef2b933daa61735deb1d4ce3ce3d4bef60ce2,2026-09-23T17:07:01.754956+00:00
2011-11-05T21:00:00+00:00,2011,GRIDSAT-B1.2011.11.05.21.v02r01.nc,data/interim/gridsat/2011/gridsat_2011.11.05.21.npz,543462,1c175e3bd0a7c0d9ebd3250e6e791384e171fc2e222dfcbb7bfed3b377d35fb9,2026-09-23T17:07:11.367623+00:00,data/interim/gridsat/2011/gridsat_2011.11.05.21.nc,808497,71528a56fa9ac6d75b161afb10867d03ffee34050fb73506796afb494c589cc1,2026-09-23T17:07:11.244185+00:00
2011-11-06T00:00:00+00:00,2011,GRIDSAT-B1.2011.11.06.00.v02r01.nc,data/interim/gridsat/2011/gridsat_2011.11.06.00.npz,542378,26002577e8cb72146359004b9a04e42a551f811545f9598f133a36fb0c847de7,2026-09-23T17:06:20.396576+00:00,data/interim/gridsat/2011/gridsat_2011.11.06.00.nc,805797,4e5a43cab3ee4b84681bd5fc3d33c38b6c098ae83cb3c74f8f50cd1209b4764f,2026-09-23T17:06:20.264864+00:00
2011-11-06T03:00:00+00:00,2011,GRIDSAT-B1.2011.11.06.03.v02r01.nc,data/interim/gridsat/2011/gridsat_2011.11.06.03.npz,538059,0a76a4079dfdb98d501c141759e71974c0d0c13495aa0802446da34c3c6fc731,2026-09-23T17:06:41.382307+00:00,data/interim/gridsat/2011/gridsat_2011.11.06.03.nc,794095,e95a14aed5a69d5f6d798bf4b75bbd999657f8f378a8a22af29d21d980a6637e,2026-09-23T17:06:41.294168+00:00
2011-11-06T06:00:00+00:00,2011,GRIDSAT-B1.2011.11.06.06.v02r01.nc,data/interim/gridsat/2011/gridsat_2011.11.06.06.npz,560743,b2e64f9585cacc4c981c4d533b1c7aba1ca3718ea4627444b584b0407b2a353f,2026-09-23T17:08:01.390829+00:00,data/interim/gridsat/2011/gridsat_2011.11.06.06.nc,817482,9e3364d9874bc0a32a8bc00cb27929f1ad99443e2b78e886e26361d6f15f98f0,2026-09-23T17:08:01.282125+00:00
2011-11-06T09:00:00+00:00,2011,GRIDSAT-B1.2011.11.06.09.v02r01.nc,data/interim/gridsat/2011/gridsat_2011.11.06.09.npz,581068,8dca00dcbf7338e8ade97c5d4dd97f467bf12e0e447174b6af6380f2b31fdb62,2026-09-23T17:07:27.342681+00:00,data/interim/gridsat/2011/gridsat_2011.11.06.09.nc,842269,a0813bf09b64b5e0a696e9184b14febd23ac1380e6e9555a69743302c2e649f8,2026-09-23T17:07:27.245009+00:00
2011-11-06T12:00:00+00:00,2011,GRIDSAT-B1.2011.11.06.12.v02r01.nc,data/interim/gridsat/2011/gridsat_2011.11.06.12.npz,560505,60f1948078dcaa69a84d74903fb0463f1bb90cce9ca127d3d253faddc556f50d,2026-09-23T17:07:13.541831+00:00,data/interim/gridsat/2011/gridsat_2011.11.06.12.nc,823853,9625100c1ba86fab7d575fc4400baa026561f751ebd13bf985c813d4ea308cd0,2026-09-23T17:07:13.454366+00:00
2011-11-06T15:00:00+00:00,2011,GRIDSAT-B1.2011.11.06.15.v02r01.nc,data/interim/gridsat/2011/gridsat_2011.11.06.15.npz,538773,eea15966bfb4cd8cb81d5b9c48e2f71edb77ce83bc81fcd7b2c939f4c5cbe987,2026-09-23T17:08:06.792616+00:00,data/interim/gridsat/2011/gridsat_2011.11.06.15.nc,796079,1bb83926160c8a493493824feb158c4caa7775ea23b75e27849f82b83f79e7d6,2026-09-23T17:08:06.666646+00:00
2011-11-06T18:00:00+00:00,2011,GRIDSAT-B1.2011.11.06.18.v02r01.nc,data/interim/gridsat/2011/gridsat_2011.11.06.18.npz,538449,9c8f9d7e319fa31c197aa86b1ddeaba32fe12a9af8613b05b99b9a7317151f31,2026-09-23T17:08:32.529176+00:00,data/interim/gridsat/2011/gridsat_2011.11.06.18.nc,794776,bad072a5d987ac73b0599bbfacc101b10b754ae1d6d3e19d5dbf42a7afcaab4f,2026-09-23T17:08:32.416709+00:00
2011-11-06T21:00:00+00:00,2011,GRIDSAT-B1.2011.11.06.21.v02r01.nc,data/interim/gridsat/2011/gridsat_2011.11.06.21.npz,537246,75c71d0d7298716de5e210422a1b24afa54cc71d8a532cd5f76075db7aa72ce8,2026-09-23T17:07:47.957659+00:00,data/interim/gridsat/2011/gridsat_2011.11.06.21.nc,793283,4c6f0b9b8c0db98efa94d53ef5ad92b1409a3b7f5c121572257c8b305cf4b5da,2026-09-23T17:07:47.863800+00:00
2011-11-07T00:00:00+00:00,2011,GRIDSAT-B1.2011.11.07.00.v02r01.nc,data/interim/gridsat/2011/gridsat_2011.11.07.00.npz,530190,61224fd3dc5642bd0190b84a9911fb986e5f0c39e7131360b3ad8fdb0eca78a2,2026-09-23T17:08:14.644769+00:00,data/interim/gridsat/2011/gridsat_2011.11.07.00.nc,781845,8b0475ba68b84c9db98e87171e6c9113442af68f38c8bac0dd77afa76daaa98e,2026-09-23T17:08:14.543868+00:00
2011-11-07T03:00:00+00:00,2011,GRIDSAT-B1.2011.11.07.03.v02r01.nc,data/interim/gridsat/2011/gridsat_2011.11.07.03.npz,519252,c053e44e70fbf2e20d416da3658336f2a37cc2f3bd2af825636a635add57be0a,2026-09-23T17:08:38.335215+00:00,data/interim/gridsat/2011/gridsat_2011.11.07.03.nc,765707,773b91236db1acf1ef7acfddc26c9708cbca0e3efcb84764f7d9726e3728cff0,2026-09-23T17:08:38.218125+00:00
2011-11-07T06:00:00+00:00,2011,GRIDSAT-B1.2011.11.07.06.v02r01.nc,data/interim/gridsat/2011/gridsat_2011.11.07.06.npz,547316,9b9f30d3ff88a886e02909e48f8a318767ee2f62a1d2bf09f10c88940aca8684,2026-09-23T17:08:47.291650+00:00,data/interim/gridsat/2011/gridsat_2011.11.07.06.nc,793305,e69e6301fca304af3765fd4e0482c2be5f4c998e4aec1605045e4fce24eb6447,2026-09-23T17:08:47.202149+00:00
2011-11-07T09:00:00+00:00,2011,GRIDSAT-B1.2011.11.07.09.v02r01.nc,data/interim/gridsat/2011/gridsat_2011.11.07.09.npz,564722,76959d8a586f671df640b3e43a9c66724161569d2020b34c3738ad60a49b6f1f,2026-09-23T17:08:31.637647+00:00,data/interim/gridsat/2011/gridsat_2011.11.07.09.nc,818116,9e5a41055ccd713394f3f59733685f113f696c56409d46eb39063643b920a5bd,2026-09-23T17:08:31.526456+00:00
2011-11-07T12:00:00+00:00,2011,GRIDSAT-B1.2011.11.07.12.v02r01.nc,data/interim/gridsat/2011/gridsat_2011.11.07.12.npz,537241,663fe11830e935710201d9a46592d931714d997b1e88cc8e3c960b4a96cc8ebc,2026-09-23T17:10:21.678448+00:00,data/interim/gridsat/2011/gridsat_2011.11.07.12.nc,790698,99a73c04406137816bb7d5367e5058d02c04a5033b9cff14c8caa8fe8c15ebeb,2026-09-23T17:10:21.562408+00:00
2011-11-07T15:00:00+00:00,2011,GRIDSAT-B1.2011.11.07.15.v02r01.nc,data/interim/gridsat/2011/gridsat_2011.11.07.15.npz,515588,994cf92fdf8d10dbed2405fc5632f0ec08f4be645b6ba5e09ca9d56a52b2e00c,2026-09-23T17:09:24.764324+00:00,data/interim/gridsat/2011/gridsat_2011.11.07.15.nc,760736,5e7f5b2612b675a3aa20809ce2446603be16bfe23604ac523952f08487eebfc7,2026-09-23T17:09:24.650660+00:00
2011-11-07T18:00:00+00:00,2011,GRIDSAT-B1.2011.11.07.18.v02r01.nc,data/interim/gridsat/2011/gridsat_2011.11.07.18.npz,509504,ee32e4e53fd098801c3170e4146e5f8cacb6d9cce46a25caa15b320c0d068f8d,2026-09-23T17:09:02.946016+00:00,data/interim/gridsat/2011/gridsat_2011.11.07.18.nc,757592,2731bdeaad64ccfef5ccdc5f150ca9e3223277325375c3cafeb300ac2f06fe02,2026-09-23T17:09:02.837748+00:00
2011-11-07T21:00:00+00:00,2011,GRIDSAT-B1.2011.11.07.21.v02r01.nc,data/interim/gridsat/2011/gridsat_2011.11.07.21.npz,508482,2cf44b636a0bf1c3b4314053580f2e8eda92e031b0e4e89447a8deed75323df3,2026-09-23T17:09:42.619390+00:00,data/interim/gridsat/2011/gridsat_2011.11.07.21.nc,759383,8d130349a5482a240e697fbc75372bf34ea6be1b04b50249bb298fa4e7f94b1f,2026-09-23T17:09:42.490702+00:00
2011-11-08T00:00:00+00:00,2011,GRIDSAT-B1.2011.11.08.00.v02r01.nc,data/interim/gridsat/2011/gridsat_2011.11.08.00.npz,506085,0c3eee554054ccdc348a801f825361b335ce103872b1608cb81f56327a0fe2e2,2026-09-23T17:09:07.543130+00:00,data/interim/gridsat/2011/gridsat_2011.11.08.00.nc,757176,4c9bac26cc92922661fdf285d6eba2e5ad0981bfb86e7acbe7dca373e1e745ad,2026-09-23T17:09:07.446911+00:00
2011-11-25T15:00:00+00:00,2011,GRIDSAT-B1.2011.11.25.15.v02r01.nc,data/interim/gridsat/2011/gridsat_2011.11.25.15.npz,527136,edc37aa25c95866014cfccfe00938647f74c3d04d4722f69d82e2bea54f4e1fa,2026-09-23T17:09:58.458812+00:00,data/interim/gridsat/2011/gridsat_2011.11.25.15.nc,797124,ed2abaa7b44d87194edf2d93a2dc5806fb21344e563c4f0deaee3570def8bf76,2026-09-23T17:09:58.342637+00:00
2011-11-25T18:00:00+00:00,2011,GRIDSAT-B1.2011.11.25.18.v02r01.nc,data/interim/gridsat/2011/gridsat_2011.11.25.18.npz,531797,1bc47b0dc6202a6732eef9d2f3635540b7070d36f019cf1c156d6b92d2852f0a,2026-09-23T17:10:33.934621+00:00,data/interim/gridsat/2011/gridsat_2011.11.25.18.nc,805867,f7fd1c6a4f38f41d2426b269d4bd70548a7e966d129b45608c3dfd0fc117a473,2026-09-23T17:10:33.824827+00:00
2011-11-25T21:00:00+00:00,2011,GRIDSAT-B1.2011.11.25.21.v02r01.nc,data/interim/gridsat/2011/gridsat_2011.11.25.21.npz,535175,ff39ebe2959f418b64cb87d70e2ac6914635b98ae56a6cf9f3bf8fc3256845d2,2026-09-23T17:09:40.444750+00:00,data/interim/gridsat/2011/gridsat_2011.11.25.21.nc,813956,89e137e7a28810b25cf9468c0d539c729b7a9234f0e32dd5bbb8ab4afcae2790,2026-09-23T17:09:40.309889+00:00
2011-11-26T00:00:00+00:00,2011,GRIDSAT-B1.2011.11.26.00.v02r01.nc,data/interim/gridsat/2011/gridsat_2011.11.26.00.npz,539334,793fe42a49aaa9540e91b87edf3eb82f36ec8f94c49e44e05c108787a59b7014,2026-09-23T17:09:54.778136+00:00,data/interim/gridsat/2011/gridsat_2011.11.26.00.nc,824550,881c259e87ea3fe5ab94b08d438cb6be6425dd5ffd8884bcdbf3468c8e535138,2026-09-23T17:09:54.652320+00:00
2011-11-26T03:00:00+00:00,2011,GRIDSAT-B1.2011.11.26.03.v02r01.nc,data/interim/gridsat/2011/gridsat_2011.11.26.03.npz,548122,10f61426da9c6622ecf2bbe466567384abec87cb781ecdf2d8c7fcca004f8b95,2026-09-23T17:09:53.119962+00:00,data/interim/gridsat/2011/gridsat_2011.11.26.03.nc,832828,a37bc9c731740ca2a4b3c31a7dc9a5776afe1aac010748ae9cf49c210f248fa5,2026-09-23T17:09:53.015893+00:00
2011-11-26T06:00:00+00:00,2011,GRIDSAT-B1.2011.11.26.06.v02r01.nc,data/interim/gridsat/2011/gridsat_2011.11.26.06.npz,576214,877c8d9389df128aa2c6d1bb68e1aeee33b81a03d6b5bba00c319d3536a8196b,2026-09-23T17:10:38.289022+00:00,data/interim/gridsat/2011/gridsat_2011.11.26.06.nc,856899,ce4e5ac882e23714bb7cbe1696fb46d0691483f206e236aeca4a38a556fbe59a,2026-09-23T17:10:38.162701+00:00
2011-11-26T09:00:00+00:00,2011,GRIDSAT-B1.2011.11.26.09.v02r01.nc,data/interim/gridsat/2011/gridsat_2011.11.26.09.npz,592912,767efc01d308db1277e1de48de1f2731770cdfb61fc4e2837a50b3503e3af7f0,2026-09-23T17:10:04.659337+00:00,data/interim/gridsat/2011/gridsat_2011.11.26.09.nc,878434,9660df4fd2ba5eb3ce1c8f92370b7c38096edd3ac70868dcd7fefcf88acee4cd,2026-09-23T17:10:04.547345+00:00
2011-11-26T12:00:00+00:00,2011,GRIDSAT-B1.2011.11.26.12.v02r01.nc,data/interim/gridsat/2011/gridsat_2011.11.26.12.npz,565906,733a4ccaa224a5c7ea00ad55c831b6470a7dfb632707965f357dffc81b57a37a,2026-09-23T17:11:13.793333+00:00,data/interim/gridsat/2011/gridsat_2011.11.26.12.nc,853068,9872235ffcf7a75ceddc4219d51c4b174eac5f1dea427e2e2486099a4a01e2dd,2026-09-23T17:11:13.659628+00:00
2011-11-26T15:00:00+00:00,2011,GRIDSAT-B1.2011.11.26.15.v02r01.nc,data/interim/gridsat/2011/gridsat_2011.11.26.15.npz,543058,d4960af7e181cd71136cf9164acaa3f7ce6edaa8c96ead25e6cb4a95cd1d90fe,2026-09-23T17:10:12.087661+00:00,data/interim/gridsat/2011/gridsat_2011.11.26.15.nc,829367,6f410f5975de23d1d5f9bba308f50f07445a1a28d5bc052dbff226152607b683,2026-09-23T17:10:11.944306+00:00
2011-11-26T18:00:00+00:00,2011,GRIDSAT-B1.2011.11.26.18.v02r01.nc,data/interim/gridsat/2011/gridsat_2011.11.26.18.npz,540255,7c01758234a51b2da9049d787699dabe61051c86665396c5d9e09bd40ecae425,2026-09-23T17:11:10.880124+00:00,data/interim/gridsat/2011/gridsat_2011.11.26.18.nc,826389,97e53d9b80e601f2624b86fd712ca98e7a6510619d8a47ebe0761f38cf9c09fe,2026-09-23T17:11:10.767105+00:00
2011-11-26T21:00:00+00:00,2011,GRIDSAT-B1.2011.11.26.21.v02r01.nc,data/interim/gridsat/2011/gridsat_2011.11.26.21.npz,542392,7f8e17218c4a659f2e2f82fa7fae7c51697952694e9ac5efd4aa2a5ac521b906,2026-09-23T17:10:21.242651+00:00,data/interim/gridsat/2011/gridsat_2011.11.26.21.nc,831407,09e87cb6109a6f63bcd827d8b2b68b64f54cb735828ca4d013dc8c6f3ef83d4b,2026-09-23T17:10:21.156905+00:00
2011-11-27T00:00:00+00:00,2011,GRIDSAT-B1.2011.11.27.00.v02r01.nc,data/interim/gridsat/2011/gridsat_2011.11.27.00.npz,543856,bf1d6a352ba67a90c73364aef9215b003025846f05f125085076878da3ec0785,2026-09-23T17:11:07.684847+00:00,data/interim/gridsat/2011/gridsat_2011.11.27.00.nc,831631,05e1919b92e04fc800077a157bf394d3e55ecef61fd6da89fdb2d09922d7832a,2026-09-23T17:11:07.521358+00:00
2011-11-27T03:00:00+00:00,2011,GRIDSAT-B1.2011.11.27.03.v02r01.nc,data/interim/gridsat/2011/gridsat_2011.11.27.03.npz,543128,1bc7eedac3a3681596c78d2c555609f585379215d4eaf5be5eb1c49e4cf752c2,2026-09-23T17:10:32.628975+00:00,data/interim/gridsat/2011/gridsat_2011.11.27.03.nc,828288,3cd4b3960870b67ac587d3f48598535eeb21b866698883f121c910cc854e0aef,2026-09-23T17:10:32.510749+00:00
2011-11-27T06:00:00+00:00,2011,GRIDSAT-B1.2011.11.27.06.v02r01.nc,data/interim/gridsat/2011/gridsat_2011.11.27.06.npz,561013,cc09c8316fbcfa14dba89cfa563b92c9ea1a2c417f023a7c854178443ee5db61,2026-09-23T17:10:42.268521+00:00,data/interim/gridsat/2011/gridsat_2011.11.27.06.nc,836215,db5747e6e2a3e6f70cf7462c610d1f538cc9e29a0bdcbc87dbe827f321b65412,2026-09-23T17:10:42.146870+00:00
2011-11-27T09:00:00+00:00,2011,GRIDSAT-B1.2011.11.27.09.v02r01.nc,data/interim/gridsat/2011/gridsat_2011.11.27.09.npz,575490,271e07c360b3a989bf8dd8741b99f3c3296793da33df08305a19bab9c78bbb3b,2026-09-23T17:11:02.288646+00:00,data/interim/gridsat/2011/gridsat_2011.11.27.09.nc,848624,dcc7c65a78e3dc88c2df586895cbaa6a7a9718150b6c5ec0444fc05b6e790e39,2026-09-23T17:11:02.142270+00:00
2011-11-27T12:00:00+00:00,2011,GRIDSAT-B1.2011.11.27.12.v02r01.nc,data/interim/gridsat/2011/gridsat_2011.11.27.12.npz,548643,96ac9bb57c992b66c0636284dd704c87d70bf29e380008451013de8a1cbb3ca5,2026-09-23T17:11:34.137102+00:00,data/interim/gridsat/2011/gridsat_2011.11.27.12.nc,821641,5313c1fdb603b9485176bba3fd9261457c0bd01e1137fd2b7f0d9c1e7b9391db,2026-09-23T17:11:34.044544+00:00
2011-11-27T15:00:00+00:00,2011,GRIDSAT-B1.2011.11.27.15.v02r01.nc,data/interim/gridsat/2011/gridsat_2011.11.27.15.npz,530979,bf3591a428ecdc720414d9b389bbd0a245e25ec99e30fab76633adf1cfd16be9,2026-09-23T17:11:06.018560+00:00,data/interim/gridsat/2011/gridsat_2011.11.27.15.nc,807204,63948852b684eba3eb4a54bd1d9479c5b360c1ee5826c6e6efdc7af7b3ee61f6,2026-09-23T17:11:05.903866+00:00
2011-11-27T18:00:00+00:00,2011,GRIDSAT-B1.2011.11.27.18.v02r01.nc,data/interim/gridsat/2011/gridsat_2011.11.27.18.npz,527234,44b5f027b0ad8ad2dae69a7c73988ff2e24f08774d1eca124323ba4c08a92663,2026-09-23T17:11:30.024706+00:00,data/interim/gridsat/2011/gridsat_2011.11.27.18.nc,805223,76f0e1c841aef1d02fb06a4a57b99afe33d2b31e420a78d759892272d5922af2,2026-09-23T17:11:29.900074+00:00
2011-11-27T21:00:00+00:00,2011,GRIDSAT-B1.2011.11.27.21.v02r01.nc,data/interim/gridsat/2011/gridsat_2011.11.27.21.npz,530989,d59f0aef59575cd360004711da3c8c362d6ff6b948904bc3fa114b51a08ed5c9,2026-09-23T17:11:18.024567+00:00,data/interim/gridsat/2011/gridsat_2011.11.27.21.nc,812023,51e879a38a973762068c3a17914970321971f3472da5ed79c8720a1b6056c0dc,2026-09-23T17:11:17.895251+00:00
2011-11-28T00:00:00+00:00,2011,GRIDSAT-B1.2011.11.28.00.v02r01.nc,data/interim/gridsat/2011/gridsat_2011.11.28.00.npz,534195,42cf3a75eb2772c4acac23137849d9cc71c151e06185a23ef226cf46109743c6,2026-09-23T17:11:45.062472+00:00,data/interim/gridsat/2011/gridsat_2011.11.28.00.nc,817108,56529017693031f534d6cdcb4b9afa9368d995ba6dd93a9c81760828bed99b92,2026-09-23T17:11:44.947200+00:00
2011-11-28T03:00:00+00:00,2011,GRIDSAT-B1.2011.11.28.03.v02r01.nc,data/interim/gridsat/2011/gridsat_2011.11.28.03.npz,541733,02af40ae5e21c891bce7cdcc0c6ccd49c02c844146a2b7cbb699b3e15a573385,2026-09-23T17:12:46.378273+00:00,data/interim/gridsat/2011/gridsat_2011.11.28.03.nc,817149,91d565a6ceb63abfc6ab73fc339117330632d9d3a9155181eda2941b3a621976,2026-09-23T17:12:46.278022+00:00
2011-11-28T06:00:00+00:00,2011,GRIDSAT-B1.2011.11.28.06.v02r01.nc,data/interim/gridsat/2011/gridsat_2011.11.28.06.npz,565354,098bf881e162af31fd6c361d5df5298e11e41696a5bc68aaa24c4d34b1d165c6,2026-09-23T17:12:30.161421+00:00,data/interim/gridsat/2011/gridsat_2011.11.28.06.nc,836309,0a1b11a1f026f08ddd67d740b3c6b4b4af56685b891e63cb7674c75d56de0f75,2026-09-23T17:12:30.041250+00:00
2011-11-28T09:00:00+00:00,2011,GRIDSAT-B1.2011.11.28.09.v02r01.nc,data/interim/gridsat/2011/gridsat_2011.11.28.09.npz,579144,e681e3d4656ac3e04fd2ac98f532666d799350d247c3e2a96d31aa927a5eddff,2026-09-23T17:11:44.237438+00:00,data/interim/gridsat/2011/gridsat_2011.11.28.09.nc,849058,d2a58f0fd18ca83578a3e91c9c8a2646a49843daab86be1eeff4cfcd379cc7df,2026-09-23T17:11:44.113916+00:00
2011-11-28T12:00:00+00:00,2011,GRIDSAT-B1.2011.11.28.12.v02r01.nc,data/interim/gridsat/2011/gridsat_2011.11.28.12.npz,556159,44060653a81636f4f51194f09bbd32e869c5d80ad362328ffaf88e18d9c97475,2026-09-23T17:12:40.121880+00:00,data/interim/gridsat/2011/gridsat_2011.11.28.12.nc,827489,bbbeeec0b890832242b78600c1eb6a91be733382ed4894e3693e825a8fee7fd0,2026-09-23T17:12:40.029728+00:00
2011-11-28T15:00:00+00:00,2011,GRIDSAT-B1.2011.11.28.15.v02r01.nc,data/interim/gridsat/2011/gridsat_2011.11.28.15.npz,546107,542b671127a2096102eed72b0e32757e3b2732fa1d64a3aa718548c886aca342,2026-09-23T17:13:01.046968+00:00,data/interim/gridsat/2011/gridsat_2011.11.28.15.nc,822197,b4ed2b61cb97555d9565d8ac6268738bdc02df829abf9e87bb63a39171dfc079,2026-09-23T17:13:00.904142+00:00
2011-11-28T18:00:00+00:00,2011,GRIDSAT-B1.2011.11.28.18.v02r01.nc,data/interim/gridsat/2011/gridsat_2011.11.28.18.npz,543047,59e37934b3ca2c9b9b279b4bd47a14ed4273ff2b4643dab3e2511b1ff134dd4b,2026-09-23T17:12:59.544767+00:00,data/interim/gridsat/2011/gridsat_2011.11.28.18.nc,820596,08f8396abd37292f86e0f1bcbbe952d32fb32fff294b026ac40ffaf29d2e977d,2026-09-23T17:12:59.414505+00:00
2011-11-28T21:00:00+00:00,2011,GRIDSAT-B1.2011.11.28.21.v02r01.nc,data/interim/gridsat/2011/gridsat_2011.11.28.21.npz,546324,59e6cde44c779248e9e869678631c4db1a76e9853943d079862c55a82c7fe968,2026-09-23T17:12:28.478119+00:00,data/interim/gridsat/2011/gridsat_2011.11.28.21.nc,825248,757106fef1aa0db83430a6eb1318920993bdb67c93e432b3b584ac106c7f4a71,2026-09-23T17:12:28.322955+00:00
2011-11-29T00:00:00+00:00,2011,GRIDSAT-B1.2011.11.29.00.v02r01.nc,data/interim/gridsat/2011/gridsat_2011.11.29.00.npz,544744,ba9b26330279b1959cf0663a0474f412b23fe1ac10eee4a91a266db67e204332,2026-09-23T17:13:24.460684+00:00,data/interim/gridsat/2011/gridsat_2011.11.29.00.nc,822632,b7911071f4351f152f356868b54bf92043de0041900116e04d8f6cac84b9fbb6,2026-09-23T17:13:24.337762+00:00
2011-11-29T03:00:00+00:00,2011,GRIDSAT-B1.2011.11.29.03.v02r01.nc,data/interim/gridsat/2011/gridsat_2011.11.29.03.npz,539236,d487ac32ec78d2247e3a96f10ac53635675173efd9c252e9e4328face2668c0b,2026-09-23T17:13:02.096041+00:00,data/interim/gridsat/2011/gridsat_2011.11.29.03.nc,814728,3905fc8b59650ecd65b00bfb32e240587816334d32d5b1f686aef60d8aa1f55f,2026-09-23T17:13:01.977713+00:00
2011-11-29T06:00:00+00:00,2011,GRIDSAT-B1.2011.11.29.06.v02r01.nc,data/interim/gridsat/2011/gridsat_2011.11.29.06.npz,559945,2b4980b894beca7c2bde444154f0312385b907bc49447a1fbf0f0361942465da,2026-09-23T17:14:25.305949+00:00,data/interim/gridsat/2011/gridsat_2011.11.29.06.nc,828703,3c34c8b59b666365bc0888b756a41fb107c49865ea904b689cc03e9edbee1b1c,2026-09-23T17:14:25.220743+00:00
2011-12-24T21:00:00+00:00,2011,GRIDSAT-B1.2011.12.24.21.v02r01.nc,data/interim/gridsat/2011/gridsat_2011.12.24.21.npz,519100,bfed95486e85a60d931fd34f40715267ec3cb5c12164541116febecdf03840db,2026-09-23T17:14:39.556405+00:00,data/interim/gridsat/2011/gridsat_2011.12.24.21.nc,785780,597171eaa684eb67621dfb6ee968cab4328c32d1a695b315e43e012301478ed7,2026-09-23T17:14:39.465423+00:00
2011-12-25T00:00:00+00:00,2011,GRIDSAT-B1.2011.12.25.00.v02r01.nc,data/interim/gridsat/2011/gridsat_2011.12.25.00.npz,515316,699d29014aeef62a8452a2fffb16dc7a27b0b7123f66640c0082ead55bad8b4b,2026-09-23T17:13:16.416932+00:00,data/interim/gridsat/2011/gridsat_2011.12.25.00.nc,781843,81a852806d60b895a709ebe96af7a81a3154e5adfe38c65d21ca45cff54559ed,2026-09-23T17:13:16.315546+00:00
2011-12-25T03:00:00+00:00,2011,GRIDSAT-B1.2011.12.25.03.v02r01.nc,data/interim/gridsat/2011/gridsat_2011.12.25.03.npz,513270,fbf8020b9b6a4877300e4f55dc3143fe2ef76675c43d0101d1f157bc597078e8,2026-09-23T17:14:30.402990+00:00,data/interim/gridsat/2011/gridsat_2011.12.25.03.nc,774766,02e5e502a17595a67a3581a1eec23da88af1cef4d068d6b008c26175a246615a,2026-09-23T17:14:30.314050+00:00
2011-12-25T06:00:00+00:00,2011,GRIDSAT-B1.2011.12.25.06.v02r01.nc,data/interim/gridsat/2011/gridsat_2011.12.25.06.npz,523400,b5bb405eb1d06ef08740f0bcc617e3546616169bf99bf13b76e66baba6ba6839,2026-09-23T17:14:19.701847+00:00,data/interim/gridsat/2011/gridsat_2011.12.25.06.nc,774887,e63cbcbad06865f43c32d2b19924dda3f7ea4b9a9b5b4676dff9316921a67dee,2026-09-23T17:14:19.605014+00:00
2011-12-25T09:00:00+00:00,2011,GRIDSAT-B1.2011.12.25.09.v02r01.nc,data/interim/gridsat/2011/gridsat_2011.12.25.09.npz,535562,3c0a63a8d6f7eb4d03d47c6bb21c764ccfc0507fb24c455617395dddec0b1a27,2026-09-23T17:13:31.785155+00:00,data/interim/gridsat/2011/gridsat_2011.12.25.09.nc,791351,d5fa2ec97008ebc03c447c2a5b1cbf862588d8f6395f88ac284e266a0eb78ef2,2026-09-23T17:13:31.667736+00:00
2011-12-25T12:00:00+00:00,2011,GRIDSAT-B1.2011.12.25.12.v02r01.nc,data/interim/gridsat/2011/gridsat_2011.12.25.12.npz,503663,af44458682f3c18b863c63e36c2aa7597314dacb5ea7912d623feb7fb1f420a0,2026-09-23T17:14:10.860375+00:00,data/interim/gridsat/2011/gridsat_2011.12.25.12.nc,754616,6efa823d064369dd7f526eb62d91b7f4b0495b4c4099ad8e701ff1d35d6732e9,2026-09-23T17:14:10.765067+00:00
2011-12-25T15:00:00+00:00,2011,GRIDSAT-B1.2011.12.25.15.v02r01.nc,data/interim/gridsat/2011/gridsat_2011.12.25.15.npz,494407,31d5ea5dd320b321d9b5d1c3bab0618e738438d1a65c28953336b7ede75bdd1b,2026-09-23T17:13:57.157360+00:00,data/interim/gridsat/2011/gridsat_2011.12.25.15.nc,746046,82f644bd849a167331194e8fff5e95bbdb47584995a7bc642faeb403c60c6e49,2026-09-23T17:13:57.072240+00:00
2011-12-25T18:00:00+00:00,2011,GRIDSAT-B1.2011.12.25.18.v02r01.nc,data/interim/gridsat/2011/gridsat_2011.12.25.18.npz,498982,f998eae617e999721783154b791eacbe20ba08c18ca63c178bd1135fb0a0d572,2026-09-23T17:14:47.191601+00:00,data/interim/gridsat/2011/gridsat_2011.12.25.18.nc,749023,015101ec00f880ce4d9ce6c30c2627e6f8e57bce406e8a27c75800dbc798eb28,2026-09-23T17:14:47.069322+00:00
2011-12-25T21:00:00+00:00,2011,GRIDSAT-B1.2011.12.25.21.v02r01.nc,data/interim/gridsat/2011/gridsat_2011.12.25.21.npz,499260,eae58ce352ec9e84b5b88f76c9f226d4257daf35243e0e3b76542c7b6a9a7ab6,2026-09-23T17:14:58.545853+00:00,data/interim/gridsat/2011/gridsat_2011.12.25.21.nc,754133,90d6daef0c99d3006adfc02d1f9506c8a4b88fc9de32022ec0fea23e6f71ab50,2026-09-23T17:14:58.453448+00:00
2011-12-26T00:00:00+00:00,2011,GRIDSAT-B1.2011.12.26.00.v02r01.nc,data/interim/gridsat/2011/gridsat_2011.12.26.00.npz,496880,201ba0a028c1cc4c2585bbc0b3f71882bd8a16a92409afddfba85d8ebfeedfd7,2026-09-23T17:14:42.049005+00:00,data/interim/gridsat/2011/gridsat_2011.12.26.00.nc,751461,1d5ff9adcab14c08ed400be9f738f05cd2752a9c220fbdfd62cd0bcb13912ec9,2026-09-23T17:14:41.945039+00:00
2011-12-26T03:00:00+00:00,2011,GRIDSAT-B1.2011.12.26.03.v02r01.nc,data/interim/gridsat/2011/gridsat_2011.12.26.03.npz,493107,ed0772a7496c30d2538e7b9081e4173be5045c195f9bbb90b7b6d11c0c7ad94f,2026-09-23T17:15:54.521455+00:00,data/interim/gridsat/2011/gridsat_2011.12.26.03.nc,746813,b26f4a0de774a31db1076aa15c11a4f4148e0219f618cbd468c46a76faf310eb,2026-09-23T17:15:54.384741+00:00
2011-12-26T06:00:00+00:00,2011,GRIDSAT-B1.2011.12.26.06.v02r01.nc,data/interim/gridsat/2011/gridsat_2011.12.26.06.npz,497716,40b4b7f52b2e9a6e4a9f895103003fee8863e5e1f3d111a854486716ccf26f77,2026-09-23T17:15:05.177511+00:00,data/interim/gridsat/2011/gridsat_2011.12.26.06.nc,745381,930af962c830f3913cc5b98eea7c866b26779b3fadabaf463927422dc81ce5b7,2026-09-23T17:15:05.048377+00:00
2011-12-26T09:00:00+00:00,2011,GRIDSAT-B1.2011.12.26.09.v02r01.nc,data/interim/gridsat/2011/gridsat_2011.12.26.09.npz,518529,511a8f429f9c238be4e87eb6a5bf7d2b31877c5dde77ed180c475f13ccaa3a93,2026-09-23T17:15:05.567241+00:00,data/interim/gridsat/2011/gridsat_2011.12.26.09.nc,769376,4fe2b8600f96a538e29e291743978419969200ec706548bf7a8d3854559a7741,2026-09-23T17:15:05.451169+00:00
2011-12-26T12:00:00+00:00,2011,GRIDSAT-B1.2011.12.26.12.v02r01.nc,data/interim/gridsat/2011/gridsat_2011.12.26.12.npz,493858,4e67dd23dbd7ec0f3570536d57608cdb88f88f0d084728b1c19be45610063293,2026-09-23T17:16:40.266353+00:00,data/interim/gridsat/2011/gridsat_2011.12.26.12.nc,741851,ce8f25cef432335fa47c06abdfc1b603145016339f54925b05e67c98a59556f9,2026-09-23T17:16:40.151242+00:00
2011-12-26T15:00:00+00:00,2011,GRIDSAT-B1.2011.12.26.15.v02r01.nc,data/interim/gridsat/2011/gridsat_2011.12.26.15.npz,481109,150e8cdce4dadd496dab83f8367633c174736ffd96ced327054f35dd68f4b705,2026-09-23T17:15:39.973937+00:00,data/interim/gridsat/2011/gridsat_2011.12.26.15.nc,733611,ff17562aa1fe6332eeb04304865649b8c5e665680afbeb6fe224d07d622f86c3,2026-09-23T17:15:39.835995+00:00
2011-12-26T18:00:00+00:00,2011,GRIDSAT-B1.2011.12.26.18.v02r01.nc,data/interim/gridsat/2011/gridsat_2011.12.26.18.npz,479669,f75bd67acd2ea65a186648a5bd2f361d1d6a5942a8d88a8351210c749e3726cc,2026-09-23T17:15:38.319030+00:00,data/interim/gridsat/2011/gridsat_2011.12.26.18.nc,736284,c6571d9fbdfe13c6920749cacc2a0f84454aa3d891a8d7152fffa9171bd5c4d5,2026-09-23T17:15:38.228452+00:00
2011-12-26T21:00:00+00:00,2011,GRIDSAT-B1.2011.12.26.21.v02r01.nc,data/interim/gridsat/2011/gridsat_2011.12.26.21.npz,477849,59a8855de8cd1c538d9b21f157826f1a70ec95329006cd9eab00f58920cd1ce9,2026-09-23T17:15:47.874161+00:00,data/interim/gridsat/2011/gridsat_2011.12.26.21.nc,736662,0f40c90a7844003c7202c5e197f6d52b591b9fb0083c5de0f09db40b4db0b3f2,2026-09-23T17:15:47.746726+00:00
2011-12-27T00:00:00+00:00,2011,GRIDSAT-B1.2011.12.27.00.v02r01.nc,data/interim/gridsat/2011/gridsat_2011.12.27.00.npz,473839,83ce9cb82a4b6ba042d8c93bf640021e29ec7ce2ae2ed646578a1de278c3a8fe,2026-09-23T17:15:43.020470+00:00,data/interim/gridsat/2011/gridsat_2011.12.27.00.nc,732930,5f55968efd8e091fade9a6660d85979a768f41c246ea165df8d9b3008d86f4bb,2026-09-23T17:15:42.924114+00:00
2011-12-27T03:00:00+00:00,2011,GRIDSAT-B1.2011.12.27.03.v02r01.nc,data/interim/gridsat/2011/gridsat_2011.12.27.03.npz,479505,34787db9af56071b033ab70941bf55de75cf23d150c9d62bc5abc050dee5c502,2026-09-23T17:17:06.919427+00:00,data/interim/gridsat/2011/gridsat_2011.12.27.03.nc,732287,fb3b2482b4c4b26ededd77f38092bdcd8b28c1981dfbadc031a695e73f6df0cf,2026-09-23T17:17:06.803463+00:00
2011-12-27T06:00:00+00:00,2011,GRIDSAT-B1.2011.12.27.06.v02r01.nc,data/interim/gridsat/2011/gridsat_2011.12.27.06.npz,497189,5e92a7844319f99926a0ac8f9ed47c49f858389dd8a0b2f570ffbad49177e7e2,2026-09-23T17:16:26.526289+00:00,data/interim/gridsat/2011/gridsat_2011.12.27.06.nc,742371,1942c45bfc61ca1819f920439193e635c9f3bee355025478ee74f84a988a85dd,2026-09-23T17:16:26.401698+00:00
2011-12-27T09:00:00+00:00,2011,GRIDSAT-B1.2011.12.27.09.v02r01.nc,data/interim/gridsat/2011/gridsat_2011.12.27.09.npz,513507,0267cafaaa4980ce1feeff9585c6cec17a0c655e2e478d0c69fc57cada6204ac,2026-09-23T17:16:41.261007+00:00,data/interim/gridsat/2011/gridsat_2011.12.27.09.nc,760808,bee73abcf2d35da3cae02895d50b0ae200f0b0a1ad31f8d3f9763a18a21c9c20,2026-09-23T17:16:41.130355+00:00
2011-12-27T12:00:00+00:00,2011,GRIDSAT-B1.2011.12.27.12.v02r01.nc,data/interim/gridsat/2011/gridsat_2011.12.27.12.npz,487640,96c79acd1cbc6561a8ac7376b2b9d749b705307cb965bbe840297a0f6326e5ee,2026-09-23T17:17:11.984362+00:00,data/interim/gridsat/2011/gridsat_2011.12.27.12.nc,730927,137042ae4fdf39a1598aba8b201807fa03cc69f98bb0e986bcce9fb074841833,2026-09-23T17:17:11.862381+00:00
2011-12-27T15:00:00+00:00,2011,GRIDSAT-B1.2011.12.27.15.v02r01.nc,data/interim/gridsat/2011/gridsat_2011.12.27.15.npz,477047,8e6d0a8e0e8880a0ed3de646807853ee5101e2bfd03d73594ba75bf81d20e740,2026-09-23T17:16:29.312194+00:00,data/interim/gridsat/2011/gridsat_2011.12.27.15.nc,728941,c1c0f1bcde9bd8c9c48e531f718afe6d8ac685666f892bcf0cb8639eb8172e95,2026-09-23T17:16:29.223157+00:00
2011-12-27T18:00:00+00:00,2011,GRIDSAT-B1.2011.12.27.18.v02r01.nc,data/interim/gridsat/2011/gridsat_2011.12.27.18.npz,479059,272cb9ad789557ae418d8bb6ec0035c963a458cf77928b0b9a323930fb123279,2026-09-23T17:18:23.361978+00:00,data/interim/gridsat/2011/gridsat_2011.12.27.18.nc,734899,8db137aaea2cdc92d7e89663caf3c02b9bc5b9f2b315e2e7df790bf2fb14b2df,2026-09-23T17:18:23.245190+00:00
2011-12-27T21:00:00+00:00,2011,GRIDSAT-B1.2011.12.27.21.v02r01.nc,data/interim/gridsat/2011/gridsat_2011.12.27.21.npz,483240,cd3547449e896e24c49386b1c411321732098804879665fd3a199accc81e32cf,2026-09-23T17:17:13.676992+00:00,data/interim/gridsat/2011/gridsat_2011.12.27.21.nc,741577,056eecfdcc582f864582c6f631e6d86d5d67f524546f29d69f883560dfc4b6f8,2026-09-23T17:17:13.555213+00:00
2011-12-28T00:00:00+00:00,2011,GRIDSAT-B1.2011.12.28.00.v02r01.nc,data/interim/gridsat/2011/gridsat_2011.12.28.00.npz,483837,2630046cce779893530502d1ef64d7f33d739038c43a176630a85c2596c016c5,2026-09-23T17:16:54.963365+00:00,data/interim/gridsat/2011/gridsat_2011.12.28.00.nc,743667,1a31da148a2c64501f4a0baeda408da6b1f19f93860d6f4b24a28ac0bf4a1fd7,2026-09-23T17:16:54.820781+00:00
2011-12-28T03:00:00+00:00,2011,GRIDSAT-B1.2011.12.28.03.v02r01.nc,data/interim/gridsat/2011/gridsat_2011.12.28.03.npz,482421,53fa96c73137eeaed5ee1c95ca372466d5a6f1183aa1206b7be86f21b636ca21,2026-09-23T17:18:48.670189+00:00,data/interim/gridsat/2011/gridsat_2011.12.28.03.nc,737078,8c1e50d6d84c69059cf20d0b277813468be7c7834d64ee6a2cb0c53290303005,2026-09-23T17:18:48.578293+00:00
2011-12-28T06:00:00+00:00,2011,GRIDSAT-B1.2011.12.28.06.v02r01.nc,data/interim/gridsat/2011/gridsat_2011.12.28.06.npz,492218,cb1a5ad262c91be9ef8849a4f2f26b9e69851706d2901c63da6b9143baf53bc1,2026-09-23T17:18:08.914897+00:00,data/interim/gridsat/2011/gridsat_2011.12.28.06.nc,735325,a78044d70f143111f56a7ca237dde357eb60eb7927aca00d9827facc2f0ec82e,2026-09-23T17:18:08.827679+00:00
2011-12-28T09:00:00+00:00,2011,GRIDSAT-B1.2011.12.28.09.v02r01.nc,data/interim/gridsat/2011/gridsat_2011.12.28.09.npz,505146,3982013838f2b9493a30f6d1e0a7cdcba4f3a6c4a099e85131421d93cbf0f74b,2026-09-23T17:17:25.726764+00:00,data/interim/gridsat/2011/gridsat_2011.12.28.09.nc,749228,b3f9de7389bcff2a258f9f92288f653f94696a832e6af4f046fe9a0bdd1f6afe,2026-09-23T17:17:25.629622+00:00
2011-12-28T12:00:00+00:00,2011,GRIDSAT-B1.2011.12.28.12.v02r01.nc,data/interim/gridsat/2011/gridsat_2011.12.28.12.npz,479061,73a3fafc4258daa7fac85c94fb43854fb9e33425b0a7cfad0d09c101cabab267,2026-09-23T17:18:50.222679+00:00,data/interim/gridsat/2011/gridsat_2011.12.28.12.nc,725127,7d9a475039964ed8c92cea076cce6febb676574548c46294757e121c2f905eac,2026-09-23T17:18:50.097354+00:00
2012-10-27T15:00:00+00:00,2012,GRIDSAT-B1.2012.10.27.15.v02r01.nc,data/interim/gridsat/2012/gridsat_2012.10.27.15.npz,532367,49765c417b0b346bb0e4ee390d07604b83b7fc48a9f5f5d4c4fa3d72fc33e3e7,2026-09-23T17:18:15.999135+00:00,data/interim/gridsat/2012/gridsat_2012.10.27.15.nc,793655,7b96614cca4a04c08a78930a224b8d4b9e6db150f39cc74e8351d57701470e88,2026-09-23T17:18:15.877085+00:00
2012-10-27T18:00:00+00:00,2012,GRIDSAT-B1.2012.10.27.18.v02r01.nc,data/interim/gridsat/2012/gridsat_2012.10.27.18.npz,529434,aae48bb5a3b91b8967ee60b05260408b63e0c41670488ed2f1be1659058cac5f,2026-09-23T17:17:51.290205+00:00,data/interim/gridsat/2012/gridsat_2012.10.27.18.nc,791209,9ea2cece395901792046ad701a3b6cde1b1613260966e70ebbe08dd5e4d2f9d1,2026-09-23T17:17:51.193315+00:00
2012-10-27T21:00:00+00:00,2012,GRIDSAT-B1.2012.10.27.21.v02r01.nc,data/interim/gridsat/2012/gridsat_2012.10.27.21.npz,527483,f30802ea1d90e9a4e258bd882a4cb37cab30b00ba9cb042b8546e570798852bb,2026-09-23T17:18:16.267855+00:00,data/interim/gridsat/2012/gridsat_2012.10.27.21.nc,792180,40eb1d031c4a0a4b74aaf875b3a9f57af30554c224089dfde99af98eae2b610e,2026-09-23T17:18:16.166031+00:00
2012-10-28T00:00:00+00:00,2012,GRIDSAT-B1.2012.10.28.00.v02r01.nc,data/interim/gridsat/2012/gridsat_2012.10.28.00.npz,526811,7609e0f6d9a18912592c30b14e018908bfdd43479bc783cda4a1341268cadb3a,2026-09-23T17:18:34.101548+00:00,data/interim/gridsat/2012/gridsat_2012.10.28.00.nc,792125,0c132d39ef918dfdfd984950cc3b018a41350473ed55a7a7c4f60d0a12641b6d,2026-09-23T17:18:33.968902+00:00
2012-10-28T03:00:00+00:00,2012,GRIDSAT-B1.2012.10.28.03.v02r01.nc,data/interim/gridsat/2012/gridsat_2012.10.28.03.npz,526538,89994a5c8c6ae03bc03ccbabdcd989951c260fd766a0512f8fb4e6f1fa7ba91e,2026-09-23T17:18:44.791057+00:00,data/interim/gridsat/2012/gridsat_2012.10.28.03.nc,790509,fd238c3677e7cf7e36c4cc4647085b7b3997dc1fc9d59139ca683314bb3d513d,2026-09-23T17:18:44.657524+00:00
2012-10-28T06:00:00+00:00,2012,GRIDSAT-B1.2012.10.28.06.v02r01.nc,data/interim/gridsat/2012/gridsat_2012.10.28.06.npz,560060,57fba312033e2b2edad92150ccc50a8937e0410af2d84962264dbac3f8313260,2026-09-23T17:19:25.874912+00:00,data/interim/gridsat/2012/gridsat_2012.10.28.06.nc,821258,6c7a426a1e0cc9dd17cfa44b5f8a1c40550b0449971c65c502585f5c7fdd7d76,2026-09-23T17:19:25.743792+00:00
2012-10-28T09:00:00+00:00,2012,GRIDSAT-B1.2012.10.28.09.v02r01.nc,data/interim/gridsat/2012/gridsat_2012.10.28.09.npz,580269,75658006cf0d626c7c9f204afe1179e347034b9b79e5f303ab4d6fad49750aa0,2026-09-23T17:19:34.822139+00:00,data/interim/gridsat/2012/gridsat_2012.10.28.09.nc,847562,480ceee36b78ac84b5d0ad4c7b2e8586e44928ce18a7d15a591615af30417674,2026-09-23T17:19:34.738024+00:00
2012-10-28T12:00:00+00:00,2012,GRIDSAT-B1.2012.10.28.12.v02r01.nc,data/interim/gridsat/2012/gridsat_2012.10.28.12.npz,556768,c9cd963330ff87eccb1641ecfbc66fee1a48d1bc6efe6e5b67fd7538667b39c2,2026-09-23T17:19:41.585884+00:00,data/interim/gridsat/2012/gridsat_2012.10.28.12.nc,822851,7907726c05f871685d67fcc1a3d3327ccee3604a0e755461fa306277a0e08582,2026-09-23T17:19:41.467868+00:00
2012-10-28T15:00:00+00:00,2012,GRIDSAT-B1.2012.10.28.15.v02r01.nc,data/interim/gridsat/2012/gridsat_2012.10.28.15.npz,534424,08895f27afb51a019e15a84d1fc90e9cdce3fb227b971a6b32723a8a1c161b36,2026-09-23T17:20:29.501910+00:00,data/interim/gridsat/2012/gridsat_2012.10.28.15.nc,800898,d7d86411e350b9ee5fb117c3ac00a14c063ef670f25a5ca05940db11e0ee0f19,2026-09-23T17:20:29.376959+00:00
2012-10-28T18:00:00+00:00,2012,GRIDSAT-B1.2012.10.28.18.v02r01.nc,data/interim/gridsat/2012/gridsat_2012.10.28.18.npz,533637,6c36d66ab000fa545b46ccfacc7933f5ad3d626780a450dced7a8543169e24ea,2026-09-23T17:19:15.801574+00:00,data/interim/gridsat/2012/gridsat_2012.10.28.18.nc,803283,7b00438d46c75e3187ca56e786564845d56184501382977c2c0dc9741eb90fe7,2026-09-23T17:19:15.704816+00:00
2012-10-28T21:00:00+00:00,2012,GRIDSAT-B1.2012.10.28.21.v02r01.nc,data/interim/gridsat/2012/gridsat_2012.10.28.21.npz,535815,0754797f141ca5f72d762d7ec7a6b93efa6c0fd606aeef3b4b2571f141d2e9b7,2026-09-23T17:19:42.306851+00:00,data/interim/gridsat/2012/gridsat_2012.10.28.21.nc,809150,1263cd2942023db201a5c70b151a99722c08b36461674253137e586b8fe18e01,2026-09-23T17:19:42.204424+00:00
2012-10-29T00:00:00+00:00,2012,GRIDSAT-B1.2012.10.29.00.v02r01.nc,data/interim/gridsat/2012/gridsat_2012.10.29.00.npz,534131,0edf63a7491e4fe0d568fc743c051055b2b5c337ca9738bc65fed20051f23bdd,2026-09-23T17:19:56.889056+00:00,data/interim/gridsat/2012/gridsat_2012.10.29.00.nc,811132,0559c468bd7d59599cc7cc402998147d9ee9752af847286ed02e9e3f871c59de,2026-09-23T17:19:56.804405+00:00
2012-10-29T03:00:00+00:00,2012,GRIDSAT-B1.2012.10.29.03.v02r01.nc,data/interim/gridsat/2012/gridsat_2012.10.29.03.npz,535162,ad8a47d632d77ff972c0e40adc217d8dc36e002cd223afbdecf70e68d13e8db0,2026-09-23T17:20:25.699918+00:00,data/interim/gridsat/2012/gridsat_2012.10.29.03.nc,810067,afbfabf5856780e0951e1f1190e5af0e8b8d102e131e3fdd4e47d3b7b28fc89d,2026-09-23T17:20:25.559727+00:00
2012-10-29T06:00:00+00:00,2012,GRIDSAT-B1.2012.10.29.06.v02r01.nc,data/interim/gridsat/2012/gridsat_2012.10.29.06.npz,573875,21c8fc95c074a6858cbb281e319540dda076677a27fc94c9433110117be337ad,2026-09-23T17:20:18.642452+00:00,data/interim/gridsat/2012/gridsat_2012.10.29.06.nc,843409,09f183f53e4d9565ebc4637c8f693bdd7e16e9b0e50255a3db21578d165bd040,2026-09-23T17:20:18.487940+00:00
2012-11-16T15:00:00+00:00,2012,GRIDSAT-B1.2012.11.16.15.v02r01.nc,data/interim/gridsat/2012/gridsat_2012.11.16.15.npz,503643,d81f8cb3999fba14a3e99504cd191f6a913c99f717c261ecd06970f65d94caf5,2026-09-23T17:20:43.241219+00:00,data/interim/gridsat/2012/gridsat_2012.11.16.15.nc,748839,32a6923537f05f0f286a71d0c3dc28d3d62f6ef7bd1772072bc54da855a04db9,2026-09-23T17:20:43.145219+00:00
2012-11-16T18:00:00+00:00,2012,GRIDSAT-B1.2012.11.16.18.v02r01.nc,data/interim/gridsat/2012/gridsat_2012.11.16.18.npz,508754,fd836f2e96d9f5a12e4c244643599dd7cda2760b94d5e21e145d861fbae161ca,2026-09-23T17:20:32.869912+00:00,data/interim/gridsat/2012/gridsat_2012.11.16.18.nc,755270,5a5ee1988a586a5191503fb59ce738fbd455b4ccb888b7cb2ea5079d40b9f9a8,2026-09-23T17:20:32.744990+00:00
2012-11-16T21:00:00+00:00,2012,GRIDSAT-B1.2012.11.16.21.v02r01.nc,data/interim/gridsat/2012/gridsat_2012.11.16.21.npz,511900,25ee1932368661efa6cd27ce00ef4604f076484d08414e7c435c0e6f4396be04,2026-09-23T17:20:42.084536+00:00,data/interim/gridsat/2012/gridsat_2012.11.16.21.nc,761527,6dfab6d61b22fae1af89a613d33345917b7282685486ccbcf511b36142bf5508,2026-09-23T17:20:41.987850+00:00
2012-11-17T00:00:00+00:00,2012,GRIDSAT-B1.2012.11.17.00.v02r01.nc,data/interim/gridsat/2012/gridsat_2012.11.17.00.npz,504516,96c26915ecc2769b139b4e12f02ee0582100a06b6c86def1b6f6c28b7ca82227,2026-09-23T17:21:15.308218+00:00,data/interim/gridsat/2012/gridsat_2012.11.17.00.nc,751949,c32b95d2efb0b83c4bf42aebef69ca246262f3926df62d0c0825730b6044a17d,2026-09-23T17:21:15.191601+00:00
2012-11-17T03:00:00+00:00,2012,GRIDSAT-B1.2012.11.17.03.v02r01.nc,data/interim/gridsat/2012/gridsat_2012.11.17.03.npz,495692,6a874c62d930dd850c94f1ef50b868560d1c725c6e9757aae3a1d49ee4903e8c,2026-09-23T17:21:29.877457+00:00,data/interim/gridsat/2012/gridsat_2012.11.17.03.nc,739507,05aae96c1cd680cef856160cbb271e1c7aa4cfc7492d6f3539d34fb7ec5252db,2026-09-23T17:21:29.782987+00:00
2012-11-17T06:00:00+00:00,2012,GRIDSAT-B1.2012.11.17.06.v02r01.nc,data/interim/gridsat/2012/gridsat_2012.11.17.06.npz,515353,d7cea78d0fa0fe582be4b8df382881e20e1071b17e4b36a7e6e07de24f3fe194,2026-09-23T17:21:42.016873+00:00,data/interim/gridsat/2012/gridsat_2012.11.17.06.nc,748456,61e9fb88e05c91b76ef21ecdf34956efe15cfc8486f6cf666403a7144703bb80,2026-09-23T17:21:41.920675+00:00
2012-11-17T09:00:00+00:00,2012,GRIDSAT-B1.2012.11.17.09.v02r01.nc,data/interim/gridsat/2012/gridsat_2012.11.17.09.npz,528839,d4ecf87807befd813c43497d045dbc596b576eb1cd0f141900a6b7e0d6b215c7,2026-09-23T17:21:45.557635+00:00,data/interim/gridsat/2012/gridsat_2012.11.17.09.nc,767055,c52f670827a5de8fa21dbc2a2a9df385ac395296fe7eca5c0fa8368fc2b77f80,2026-09-23T17:21:45.465610+00:00
2012-11-17T12:00:00+00:00,2012,GRIDSAT-B1.2012.11.17.12.v02r01.nc,data/interim/gridsat/2012/gridsat_2012.11.17.12.npz,503679,5957cc6aaa9cd9bfb4087ad7b01cf7f67e54c70d6adc4de7ffc55f614b24566b,2026-09-23T17:21:13.803476+00:00,data/interim/gridsat/2012/gridsat_2012.11.17.12.nc,742516,5138cabe52c0579e8c620f03e2c7d363629cfd5f463f16b7a7bbd08db197bf9b,2026-09-23T17:21:13.709512+00:00
2012-12-21T21:00:00+00:00,2012,GRIDSAT-B1.2012.12.21.21.v02r01.nc,data/interim/gridsat/2012/gridsat_2012.12.21.21.npz,544815,65efed4cba3009aae47f1984a082b6e7c84f04e7203bc369677823d4c03a4f22,2026-09-23T17:21:41.952253+00:00,data/interim/gridsat/2012/gridsat_2012.12.21.21.nc,808022,95b30d760c0eac5a75bb506a3cb84e0ed2e01a6ed59b3d4db44b0fb4a8cfcb1a,2026-09-23T17:21:41.862280+00:00
2012-12-22T00:00:00+00:00,2012,GRIDSAT-B1.2012.12.22.00.v02r01.nc,data/interim/gridsat/2012/gridsat_2012.12.22.00.npz,545347,f1d7aaa89717ae66ad110baad35123538bb445fe565c88d48df9988081732013,2026-09-23T17:21:27.146828+00:00,data/interim/gridsat/2012/gridsat_2012.12.22.00.nc,809812,32c8bf4381f1dcc83c7ae8f884d880dcf32618dd04e223bad3b14e3e373c62cc,2026-09-23T17:21:27.047060+00:00
2012-12-22T03:00:00+00:00,2012,GRIDSAT-B1.2012.12.22.03.v02r01.nc,data/interim/gridsat/2012/gridsat_2012.12.22.03.npz,547188,5b7207bf2c8117037232d3472509a7b5e592c0e8a71e3ebaa7ac50e5a8872634,2026-09-23T17:22:01.358526+00:00,data/interim/gridsat/2012/gridsat_2012.12.22.03.nc,810410,1239692d5ccb5f72294ba1ff75522f607861a07b688844eb8714138d04916ff0,2026-09-23T17:22:01.272727+00:00
2012-12-22T06:00:00+00:00,2012,GRIDSAT-B1.2012.12.22.06.v02r01.nc,data/interim/gridsat/2012/gridsat_2012.12.22.06.npz,565516,c1b238f92169a3370a0ebd871a8af621043ddaf5be53b0fa1284552fae8f1c47,2026-09-23T17:22:24.410021+00:00,data/interim/gridsat/2012/gridsat_2012.12.22.06.nc,828111,e0749039133ec18ee83c5af40b9abb3e9ec4bfe8ed2de40c96c1fd58d502822c,2026-09-23T17:22:24.264024+00:00
2012-12-22T09:00:00+00:00,2012,GRIDSAT-B1.2012.12.22.09.v02r01.nc,data/interim/gridsat/2012/gridsat_2012.12.22.09.npz,584541,39df42f21ef824fff2beddea0d5024cb93f72c2d2c00bbedd9b5c41b893afba7,2026-09-23T17:22:48.624705+00:00,data/interim/gridsat/2012/gridsat_2012.12.22.09.nc,853512,6b81e9d769b6f0e881c774f6af6a9fcc2bb3fb95cc9a2017523469f695499706,2026-09-23T17:22:48.540574+00:00
2012-12-22T12:00:00+00:00,2012,GRIDSAT-B1.2012.12.22.12.v02r01.nc,data/interim/gridsat/2012/gridsat_2012.12.22.12.npz,565329,5a78d5fb5b6341512d2758ec44fb7b1f4320bc7f2c87f30410689fedf0e31317,2026-09-23T17:22:31.406847+00:00,data/interim/gridsat/2012/gridsat_2012.12.22.12.nc,835142,e248b9ba944cd10f4f6a226fc9e450e5ca0cf8fb494d7d0c115e348958058a06,2026-09-23T17:22:31.285383+00:00
2013-05-09T21:00:00+00:00,2013,GRIDSAT-B1.2013.05.09.21.v02r01.nc,data/interim/gridsat/2013/gridsat_2013.05.09.21.npz,558594,29f0a2045991c0610dfb94ba97948381bdf817175b3b34cba5b34918b5e96549,2026-09-23T17:22:33.066953+00:00,data/interim/gridsat/2013/gridsat_2013.05.09.21.nc,820535,e13738b88fef14cc5a25f72458fb611150f804d96945da031e31c58c4d66b8bb,2026-09-23T17:22:32.972295+00:00
2013-05-10T00:00:00+00:00,2013,GRIDSAT-B1.2013.05.10.00.v02r01.nc,data/interim/gridsat/2013/gridsat_2013.05.10.00.npz,552634,c9b1f0828b6bb23bc4e0c3dea35f959b7ba58f7ca8e2c284decd70b40233c95e,2026-09-23T17:23:03.622480+00:00,data/interim/gridsat/2013/gridsat_2013.05.10.00.nc,815843,4e04cdd577c21f6852f93d83e42e5f8ba8bb7915beaeea47fd134259d53100ad,2026-09-23T17:23:03.502566+00:00
2013-05-10T03:00:00+00:00,2013,GRIDSAT-B1.2013.05.10.03.v02r01.nc,data/interim/gridsat/2013/gridsat_2013.05.10.03.npz,548584,93c6463fd4e4312a83a75d2496dc8d318ca6bc9aebef8155049b412c411730c0,2026-09-23T17:23:04.931563+00:00,data/interim/gridsat/2013/gridsat_2013.05.10.03.nc,802795,7a2fcf7111a7b805b9a8015d7357989636a2a3f664ba2f48c125a07e17833bbc,2026-09-23T17:23:04.819370+00:00
2013-05-10T06:00:00+00:00,2013,GRIDSAT-B1.2013.05.10.06.v02r01.nc,data/interim/gridsat/2013/gridsat_2013.05.10.06.npz,576610,8c586b83efaf693fc1ce5e13b20efe1371297d59df6f2f13e215efd8d7ce5033,2026-09-23T17:23:16.659439+00:00,data/interim/gridsat/2013/gridsat_2013.05.10.06.nc,830620,6dfbe1566f29a10a84f424f29dfba7c711543a81a2fe23ebd5930a94326a38bf,2026-09-23T17:23:16.532232+00:00
2013-05-10T09:00:00+00:00,2013,GRIDSAT-B1.2013.05.10.09.v02r01.nc,data/interim/gridsat/2013/gridsat_2013.05.10.09.npz,602313,233c0d0f1e42b402dadaa7491654a5b430fda4905438cd9eac6aca45b546329f,2026-09-23T17:23:21.865697+00:00,data/interim/gridsat/2013/gridsat_2013.05.10.09.nc,854361,2902fed90785b7bebf13d7e0f15aa4e83c16af2d68d5d9c5df7c1e3ed74cb8eb,2026-09-23T17:23:21.778384+00:00
2013-05-10T12:00:00+00:00,2013,GRIDSAT-B1.2013.05.10.12.v02r01.nc,data/interim/gridsat/2013/gridsat_2013.05.10.12.npz,600606,1dfafd42b4c7750399a8de0af4507190e939f798ecaf29ed06ebd971c3eeef4b,2026-09-23T17:23:55.408495+00:00,data/interim/gridsat/2013/gridsat_2013.05.10.12.nc,852908,c627f30fde67916fba2586e93cce0a8052126511e71242dd84d40e86a81909a1,2026-09-23T17:23:55.281796+00:00
2013-05-10T15:00:00+00:00,2013,GRIDSAT-B1.2013.05.10.15.v02r01.nc,data/interim/gridsat/2013/gridsat_2013.05.10.15.npz,573008,403cc63aa9d5ab8537af11184d87ba4eff09893e00bf9346d3fbb7593d0dc7ca,2026-09-23T17:24:08.818502+00:00,data/interim/gridsat/2013/gridsat_2013.05.10.15.nc,825739,2cfe104ebf4d60c49c599cb436ddb0678e9ad38c5ef625c64f48db86b039fd5f,2026-09-23T17:24:08.727849+00:00
2013-05-10T18:00:00+00:00,2013,GRIDSAT-B1.2013.05.10.18.v02r01.nc,data/interim/gridsat/2013/gridsat_2013.05.10.18.npz,564407,e06939068b54d9e5985e97a0f489ac24d1dd20e797800f09b8ec6e93cf874fec,2026-09-23T17:24:06.043870+00:00,data/interim/gridsat/2013/gridsat_2013.05.10.18.nc,822175,f34b98e47063ab4a7db75d96e8a6caeda5d5940ef518ce230d46675cadc34f41,2026-09-23T17:24:05.949957+00:00
2013-05-10T21:00:00+00:00,2013,GRIDSAT-B1.2013.05.10.21.v02r01.nc,data/interim/gridsat/2013/gridsat_2013.05.10.21.npz,563060,8c6c1a4a0222c82a17181f9b0486a09bf72dd0f5bc4c5a23f559756bf78f5b41,2026-09-23T17:24:02.826082+00:00,data/interim/gridsat/2013/gridsat_2013.05.10.21.nc,820203,567ea3e243fe03ed1f9415da18dc0647d7e46e6bc52c19bad4dfe074a671298e,2026-09-23T17:24:02.694743+00:00
2013-05-11T00:00:00+00:00,2013,GRIDSAT-B1.2013.05.11.00.v02r01.nc,data/interim/gridsat/2013/gridsat_2013.05.11.00.npz,557601,5677d6c558172df15ec6503e11f96c1f493dba8013b9bfba56d356ab856b04e2,2026-09-23T17:24:11.748686+00:00,data/interim/gridsat/2013/gridsat_2013.05.11.00.nc,813670,bc2e9cd0b1b6f32a88d0b4963c02ecb25ac84f7c18bebc795fe4c756b2a29611,2026-09-23T17:24:11.634589+00:00
2013-05-11T03:00:00+00:00,2013,GRIDSAT-B1.2013.05.11.03.v02r01.nc,data/interim/gridsat/2013/gridsat_2013.05.11.03.npz,556676,bd85030a1503359ed5b656bd23f947a66767ec76efbaac57b85a1e0b0a1f1134,2026-09-23T17:24:14.278212+00:00,data/interim/gridsat/2013/gridsat_2013.05.11.03.nc,809943,1dbd2d4db354215378eea17614a109777a9f9f5686e51fa1764d1512167d6691,2026-09-23T17:24:14.164812+00:00
2013-05-11T06:00:00+00:00,2013,GRIDSAT-B1.2013.05.11.06.v02r01.nc,data/interim/gridsat/2013/gridsat_2013.05.11.06.npz,589375,d69a232ee9973d337120b3b078b846b63ebef3f0f762f6d0c6942be00cb6ef2b,2026-09-23T17:24:32.076194+00:00,data/interim/gridsat/2013/gridsat_2013.05.11.06.nc,841226,eb87e86e3cb63e22227cbfc4d325edd7ac396057ebc73db27eb10e7184921e3b,2026-09-23T17:24:31.970509+00:00
2013-05-11T09:00:00+00:00,2013,GRIDSAT-B1.2013.05.11.09.v02r01.nc,data/interim/gridsat/2013/gridsat_2013.05.11.09.npz,616769,915136e2011bbce481ed22da6dab54ed80d01fcbb2888f0f496a2a335da6e540,2026-09-23T17:25:05.306755+00:00,data/interim/gridsat/2013/gridsat_2013.05.11.09.nc,866737,6d05bc07b5c5576a3002aea6115384fd17d2438468d8efa5bc1deae9cf7b48ca,2026-09-23T17:25:05.185254+00:00
2013-05-11T12:00:00+00:00,2013,GRIDSAT-B1.2013.05.11.12.v02r01.nc,data/interim/gridsat/2013/gridsat_2013.05.11.12.npz,607792,f6af69a1e8582c60d73f635b4bfeef81e9f4a566b7efe6166c0e107786b99f8d,2026-09-23T17:25:33.650112+00:00,data/interim/gridsat/2013/gridsat_2013.05.11.12.nc,861660,7a9390c60708a14ea8451a7b3ea6c8150e10353d68a9d67b16a9419f1b795a06,2026-09-23T17:25:33.556263+00:00
2013-05-11T15:00:00+00:00,2013,GRIDSAT-B1.2013.05.11.15.v02r01.nc,data/interim/gridsat/2013/gridsat_2013.05.11.15.npz,582028,64c5577c27832e8e53b1e39f65639af8869f4bf0093beddea6bb6ec94e920ac3,2026-09-23T17:25:02.833393+00:00,data/interim/gridsat/2013/gridsat_2013.05.11.15.nc,839090,a907044a809339e711579256b759ea8b8400728d6df8f97e78a9a75c839728d5,2026-09-23T17:25:02.739817+00:00
2013-05-11T18:00:00+00:00,2013,GRIDSAT-B1.2013.05.11.18.v02r01.nc,data/interim/gridsat/2013/gridsat_2013.05.11.18.npz,574189,2deddafb6a58c4cc4d989d7b3a2833d8f33261b18bb6bc98a540d1b64d435e02,2026-09-23T17:25:26.266560+00:00,data/interim/gridsat/2013/gridsat_2013.05.11.18.nc,831724,a4173bcab4e785207b940e1dc88b1d023c43c39e2d376325766569ebec777bd9,2026-09-23T17:25:26.182418+00:00
2013-05-11T21:00:00+00:00,2013,GRIDSAT-B1.2013.05.11.21.v02r01.nc,data/interim/gridsat/2013/gridsat_2013.05.11.21.npz,573048,d2aa585754690946942de4a11b7e19af92483fac72b672d91930228f1a090531,2026-09-23T17:25:03.838429+00:00,data/interim/gridsat/2013/gridsat_2013.05.11.21.nc,836571,976f29f91a4615df6508dcc79edb1c2cb2d069de06b969c3ca8b72c9be44a21e,2026-09-23T17:25:03.745134+00:00
2013-05-12T00:00:00+00:00,2013,GRIDSAT-B1.2013.05.12.00.v02r01.nc,data/interim/gridsat/2013/gridsat_2013.05.12.00.npz,573535,72242a1410f531e6076e727305fd819b827b8df6910edfb6d8f4bfb031725ff5,2026-09-23T17:25:33.825252+00:00,data/interim/gridsat/2013/gridsat_2013.05.12.00.nc,836159,90c027dc928d4c8f9de62ea4121841b7673e9c3045ee9907b895202c6ea624ce,2026-09-23T17:25:33.738560+00:00
2013-05-12T03:00:00+00:00,2013,GRIDSAT-B1.2013.05.12.03.v02r01.nc,data/interim/gridsat/2013/gridsat_2013.05.12.03.npz,572680,a40a5679cb66ff2a0f6da5f159e17a5ca2e8726c422c918e04d46640a6ff11d4,2026-09-23T17:25:46.469374+00:00,data/interim/gridsat/2013/gridsat_2013.05.12.03.nc,832990,704cfac9cfce01aeb154ecf96d981c0bbf984f5e2daadaa929e737d4a1590ff4,2026-09-23T17:25:46.365144+00:00
2013-05-12T06:00:00+00:00,2013,GRIDSAT-B1.2013.05.12.06.v02r01.nc,data/interim/gridsat/2013/gridsat_2013.05.12.06.npz,602338,896c70b67d527205f65bbc14aa0f75debb9baf589418ae2ddd56e78ba368ddb1,2026-09-23T17:25:59.917256+00:00,data/interim/gridsat/2013/gridsat_2013.05.12.06.nc,857882,4dd4f5de0196cf0b1eca1995ac6e01ed8c4cf14700d160b60e3e22f0121f3dad,2026-09-23T17:25:59.818758+00:00
2013-05-12T09:00:00+00:00,2013,GRIDSAT-B1.2013.05.12.09.v02r01.nc,data/interim/gridsat/2013/gridsat_2013.05.12.09.npz,620717,f493758f3663af29651e3fe5d77c59f7734c5c26a3dc259c3b2ce7a11a117e4c,2026-09-23T17:26:40.767134+00:00,data/interim/gridsat/2013/gridsat_2013.05.12.09.nc,876708,e3edda2f7fd7f0926326ce3aa1eb494e191bcf7d2a12b41433270d54a1981850,2026-09-23T17:26:40.669670+00:00
2013-05-12T12:00:00+00:00,2013,GRIDSAT-B1.2013.05.12.12.v02r01.nc,data/interim/gridsat/2013/gridsat_2013.05.12.12.npz,616960,d364b7f1fc5604510e4f2b10e47d531b8a27103f13efa7cf6703791876d503a7,2026-09-23T17:26:23.478848+00:00,data/interim/gridsat/2013/gridsat_2013.05.12.12.nc,874877,3411f7bbc8a847abca8cb7de63e43b54bbfb2769f69e8c10fcbd2cd4bdb8398d,2026-09-23T17:26:23.341423+00:00
2013-05-12T15:00:00+00:00,2013,GRIDSAT-B1.2013.05.12.15.v02r01.nc,data/interim/gridsat/2013/gridsat_2013.05.12.15.npz,592048,f4f5cdb3118f7a3064bb8e236b4f1f03e99fc84148d79d2fe3b7b0b0c9904742,2026-09-23T17:27:26.712485+00:00,data/interim/gridsat/2013/gridsat_2013.05.12.15.nc,852567,8ce2356de08e3b994acaff20f2f6ee4aab21ea7fec1143d90341c77f7b17bd95,2026-09-23T17:27:26.585958+00:00
2013-05-12T18:00:00+00:00,2013,GRIDSAT-B1.2013.05.12.18.v02r01.nc,data/interim/gridsat/2013/gridsat_2013.05.12.18.npz,578431,f0ca5c15f9fe7192531a1a404e3fb83c575e44ca8731f4beb0f7ad334004ec7d,2026-09-23T17:26:27.631185+00:00,data/interim/gridsat/2013/gridsat_2013.05.12.18.nc,840952,19d74dd0917b9488d0da7b7af45fc7e8ad43cf73a83c5738a5a1250301634d25,2026-09-23T17:26:27.496601+00:00
2013-05-12T21:00:00+00:00,2013,GRIDSAT-B1.2013.05.12.21.v02r01.nc,data/interim/gridsat/2013/gridsat_2013.05.12.21.npz,568145,308f2164d09139048bf7fa2c8e5fd3de39d7c2f34c15f073c57115d061d6b503,2026-09-23T17:26:38.518656+00:00,data/interim/gridsat/2013/gridsat_2013.05.12.21.nc,831927,b011450585e849f7024fbdda39d59c45e7045d348c7ad5adde329f75d3b1caff,2026-09-23T17:26:38.419973+00:00
2013-05-13T00:00:00+00:00,2013,GRIDSAT-B1.2013.05.13.00.v02r01.nc,data/interim/gridsat/2013/gridsat_2013.05.13.00.npz,557183,3e6a63d59a49057a64ef5c060cfa14e32803b776e9e9308d5ee4555fdad88ec7,2026-09-23T17:26:55.275863+00:00,data/interim/gridsat/2013/gridsat_2013.05.13.00.nc,822284,2a56ee1b4449a9b223702e7b1619fcb31830a484d18ee249392efe74b5ffa0a7,2026-09-23T17:26:55.176763+00:00
2013-05-13T03:00:00+00:00,2013,GRIDSAT-B1.2013.05.13.03.v02r01.nc,data/interim/gridsat/2013/gridsat_2013.05.13.03.npz,556331,a4bfe07a9b28c30b7b6e32f83d04bee2214ca8e3c695fa8f2ce36bcca9f9c107,2026-09-23T17:26:49.385045+00:00,data/interim/gridsat/2013/gridsat_2013.05.13.03.nc,822384,1c19a0c6d734f44b110248a8fbe76b8645fb8f406795ef28f7fed06a580f9609,2026-09-23T17:26:49.305004+00:00
2013-05-13T06:00:00+00:00,2013,GRIDSAT-B1.2013.05.13.06.v02r01.nc,data/interim/gridsat/2013/gridsat_2013.05.13.06.npz,587935,7ad070966f6fdfd975d8fddab6402435c05bdfdb5c8b75d849681f5254de88d8,2026-09-23T17:27:31.753757+00:00,data/interim/gridsat/2013/gridsat_2013.05.13.06.nc,849777,a4563a2833592a66f0e8250f7c8b55ddc3c677e4cdfe0c9e211df22b001a45c9,2026-09-23T17:27:31.635738+00:00
2013-05-28T12:00:00+00:00,2013,GRIDSAT-B1.2013.05.28.12.v02r01.nc,data/interim/gridsat/2013/gridsat_2013.05.28.12.npz,571287,663294b61a240e404b57c4db3e9d6d22db5ae7c5dc137081f8019d01c4e48129,2026-09-23T17:27:58.624547+00:00,data/interim/gridsat/2013/gridsat_2013.05.28.12.nc,835288,1dcc8467ed1f80f1e83a783377f1f3b8fd51354345e78a8790499250bb4f4ae8,2026-09-23T17:27:58.519177+00:00
2013-05-28T15:00:00+00:00,2013,GRIDSAT-B1.2013.05.28.15.v02r01.nc,data/interim/gridsat/2013/gridsat_2013.05.28.15.npz,537812,15e570cfc5ff1a435895cd9c00c44dbd8ab13f873fdce6d1895cd0349ceaba28,2026-09-23T17:27:15.106184+00:00,data/interim/gridsat/2013/gridsat_2013.05.28.15.nc,796398,cd7d14eec08978908d3f4dd5e5c76bd8a8711528f04ae5b5fab306a645d7d394,2026-09-23T17:27:15.009794+00:00
2013-05-28T18:00:00+00:00,2013,GRIDSAT-B1.2013.05.28.18.v02r01.nc,data/interim/gridsat/2013/gridsat_2013.05.28.18.npz,528919,524087b30d1d0ed983e713c066ee22b460850f79eafb1f6d920e48aa0f26e196,2026-09-23T17:28:08.062345+00:00,data/interim/gridsat/2013/gridsat_2013.05.28.18.nc,787122,2c73eba13ca2a0aba8417c0e0b3950e39a716c4699aa6fde848cc0edcccc811e,2026-09-23T17:28:07.967764+00:00
2013-05-28T21:00:00+00:00,2013,GRIDSAT-B1.2013.05.28.21.v02r01.nc,data/interim/gridsat/2013/gridsat_2013.05.28.21.npz,524568,375d76a128a68ab5b1b7f69adc0dd80c7a9e9ca0d08ddb62f3cbbad10ad2a84f,2026-09-23T17:27:55.606277+00:00,data/interim/gridsat/2013/gridsat_2013.05.28.21.nc,783380,f3b725a79cd9635e0f1d620ff6c42382b02a0120ba1965c180dc5666dfbec2c9,2026-09-23T17:27:55.517168+00:00
2013-05-29T00:00:00+00:00,2013,GRIDSAT-B1.2013.05.29.00.v02r01.nc,data/interim/gridsat/2013/gridsat_2013.05.29.00.npz,520559,98278a26bb31a5743daa14d28b857b655b812c42b8d025ae842f897e2e66802c,2026-09-23T17:27:50.742826+00:00,data/interim/gridsat/2013/gridsat_2013.05.29.00.nc,781599,df98cd971f4684e0282d934ba3c9024f9ec7f64223591c29b25ad3074cdecdb2,2026-09-23T17:27:50.586324+00:00
2013-05-29T03:00:00+00:00,2013,GRIDSAT-B1.2013.05.29.03.v02r01.nc,data/interim/gridsat/2013/gridsat_2013.05.29.03.npz,513686,64e79070dd19e54b26f7c6636802652a7415a9a1c5b86bda8926812e2a875e05,2026-09-23T17:29:23.029796+00:00,data/interim/gridsat/2013/gridsat_2013.05.29.03.nc,766714,070be2babed7a281ed52ad4fa086df502d3824539332acfe59bf08cab5e128dd,2026-09-23T17:29:22.934691+00:00
2013-05-29T06:00:00+00:00,2013,GRIDSAT-B1.2013.05.29.06.v02r01.nc,data/interim/gridsat/2013/gridsat_2013.05.29.06.npz,536709,e6b65842dec8fa58ab7bae2d9b51d59f5025cbec877b340a2d8ca256d7b25a28,2026-09-23T17:29:29.763308+00:00,data/interim/gridsat/2013/gridsat_2013.05.29.06.nc,785562,b5a90bcbe350a70abdfdfc4e25985c7868e5b561ab9b42cfc7bec961e99e4282,2026-09-23T17:29:29.637460+00:00
2013-10-07T15:00:00+00:00,2013,GRIDSAT-B1.2013.10.07.15.v02r01.nc,data/interim/gridsat/2013/gridsat_2013.10.07.15.npz,516279,0c283fc32dcd729f83c916d8abecff3391c1856b389b325d5f3041d7e81655d0,2026-09-23T17:29:26.973016+00:00,data/interim/gridsat/2013/gridsat_2013.10.07.15.nc,773479,d3fe3ce50f0829a319d974b9c4abd858db8f16fe3c1c09b402e2f62b73efb520,2026-09-23T17:29:26.861280+00:00
2013-10-07T18:00:00+00:00,2013,GRIDSAT-B1.2013.10.07.18.v02r01.nc,data/interim/gridsat/2013/gridsat_2013.10.07.18.npz,514967,f110f1b34c911432f8b934d0d1aec75a5c95d7012d60adbc6ca36e27d5873dae,2026-09-23T17:28:07.736583+00:00,data/interim/gridsat/2013/gridsat_2013.10.07.18.nc,777214,c4d10108e25fb3f1b8400379de5ab07e4d3f0774f38221bfbca384d4503f85f8,2026-09-23T17:28:07.639434+00:00
2013-10-07T21:00:00+00:00,2013,GRIDSAT-B1.2013.10.07.21.v02r01.nc,data/interim/gridsat/2013/gridsat_2013.10.07.21.npz,518738,5bfdfcd964aeefdc04cf2268f2ff215fa522f3666cf3e6514afab193e2d0bec6,2026-09-23T17:28:45.869705+00:00,data/interim/gridsat/2013/gridsat_2013.10.07.21.nc,788148,df62e603e43172d2036de3b3c42281396c1d36f6cf1ab80bed671b07eb598d4a,2026-09-23T17:28:45.756720+00:00
2013-10-08T00:00:00+00:00,2013,GRIDSAT-B1.2013.10.08.00.v02r01.nc,data/interim/gridsat/2013/gridsat_2013.10.08.00.npz,517525,fc4f1df2d5300d6a59714c303ecc020935e898670e3fdb9c457a564e1abdef6e,2026-09-23T17:29:18.945397+00:00,data/interim/gridsat/2013/gridsat_2013.10.08.00.nc,786688,ee772e5db61c3533e749d01ff110aedcd7eef7b7e37aa80a7970c44644d3f8d5,2026-09-23T17:29:18.823709+00:00
2013-10-08T03:00:00+00:00,2013,GRIDSAT-B1.2013.10.08.03.v02r01.nc,data/interim/gridsat/2013/gridsat_2013.10.08.03.npz,512504,f580b00d1234d71d732fbceb8b3ec8688bf69c3d437d0232bc111f0ad23073fd,2026-09-23T17:28:30.081451+00:00,data/interim/gridsat/2013/gridsat_2013.10.08.03.nc,775132,f815b3562b50adf19317da5d5bc220507fb06821a99fd3b5477b4518557f8422,2026-09-23T17:28:29.987852+00:00
2013-10-08T06:00:00+00:00,2013,GRIDSAT-B1.2013.10.08.06.v02r01.nc,data/interim/gridsat/2013/gridsat_2013.10.08.06.npz,528818,d4c1550b878bd29d36a4e50f950803e390f8cf7faebf4aa32a78e99d9ca7e995,2026-09-23T17:29:44.685866+00:00,data/interim/gridsat/2013/gridsat_2013.10.08.06.nc,782806,b39a52293de080e125e4d8e9ed9d11f5ce3b9db837951d21f5db9ce4cf1582ea,2026-09-23T17:29:44.559961+00:00
2013-10-08T09:00:00+00:00,2013,GRIDSAT-B1.2013.10.08.09.v02r01.nc,data/interim/gridsat/2013/gridsat_2013.10.08.09.npz,547323,30f95d46ea4e022dae918dfff7f691cf273ea38f525b1172f90019bff33ad83f,2026-09-23T17:28:54.975015+00:00,data/interim/gridsat/2013/gridsat_2013.10.08.09.nc,807977,1a4203f24ccb7179eb7b6e3d79f4ff5ec321432158fa5fad637bd2889bca8c79,2026-09-23T17:28:54.882480+00:00
2013-10-08T12:00:00+00:00,2013,GRIDSAT-B1.2013.10.08.12.v02r01.nc,data/interim/gridsat/2013/gridsat_2013.10.08.12.npz,525682,94ff3df1a5cf5067d74af8a6d725049f95885efe7e21d3ead17f5120c9847e2e,2026-09-23T17:29:07.840210+00:00,data/interim/gridsat/2013/gridsat_2013.10.08.12.nc,783108,7ddc5df1dc01e44169a828c4abcd37825aa7f229848b4105fb156f72e3e0f283,2026-09-23T17:29:07.709241+00:00
2013-10-08T15:00:00+00:00,2013,GRIDSAT-B1.2013.10.08.15.v02r01.nc,data/interim/gridsat/2013/gridsat_2013.10.08.15.npz,505794,71b2aebd13d72ba8190c9837a261a62f68638778d558a50b2755acf5cd47ce0d,2026-09-23T17:29:23.081644+00:00,data/interim/gridsat/2013/gridsat_2013.10.08.15.nc,760692,9e1122a1e2f8b1c633b0edddfcd60d98a9964a2709fe95efe84a233dfddd4495,2026-09-23T17:29:22.995198+00:00
2013-10-08T18:00:00+00:00,2013,GRIDSAT-B1.2013.10.08.18.v02r01.nc,data/interim/gridsat/2013/gridsat_2013.10.08.18.npz,498448,1debf78d50cfd41ccc0e5580357528419f3a5429a9abe5bfc5a39314b4ca8411,2026-09-23T17:29:49.547733+00:00,data/interim/gridsat/2013/gridsat_2013.10.08.18.nc,757002,2e599b2546e193d4f3c5630a12020282a62e84670dac5be831138209d721166e,2026-09-23T17:29:49.424742+00:00
2013-10-08T21:00:00+00:00,2013,GRIDSAT-B1.2013.10.08.21.v02r01.nc,data/interim/gridsat/2013/gridsat_2013.10.08.21.npz,500020,7cf5801cbf77e08e89eb2eea47a4f353affe89ef4d2c9d46036671ec71072acb,2026-09-23T17:29:43.986704+00:00,data/interim/gridsat/2013/gridsat_2013.10.08.21.nc,760941,399b6f268d091a1fedfff2ce28846db90c85f9181552bc8848f362c110559bc0,2026-09-23T17:29:43.879734+00:00
2013-10-09T00:00:00+00:00,2013,GRIDSAT-B1.2013.10.09.00.v02r01.nc,data/interim/gridsat/2013/gridsat_2013.10.09.00.npz,498722,da81515811621912e0e7da8faa925d3b2ffd46e1168f12bc1d3ee79d629ef3ae,2026-09-23T17:30:03.444670+00:00,data/interim/gridsat/2013/gridsat_2013.10.09.00.nc,759875,f753caa03ed0f609d0a1e33518c12d4d127cc6b05456c8d3e9c87e370df6f2af,2026-09-23T17:30:03.305836+00:00
2013-10-09T03:00:00+00:00,2013,GRIDSAT-B1.2013.10.09.03.v02r01.nc,data/interim/gridsat/2013/gridsat_2013.10.09.03.npz,494232,6bdeb84e0dbc67d354859cb77791e5c27fda1f6a743b935d68f500e946b56a08,2026-09-23T17:30:24.354149+00:00,data/interim/gridsat/2013/gridsat_2013.10.09.03.nc,751182,5bc65b9d8a681f1fd02aa30a96ede9e0ccca050480d75201b192b784b7456002,2026-09-23T17:30:24.230579+00:00
2013-10-09T06:00:00+00:00,2013,GRIDSAT-B1.2013.10.09.06.v02r01.nc,data/interim/gridsat/2013/gridsat_2013.10.09.06.npz,513445,8066d0f19f9840ab1e8e6ce4a21b9b54df5592ad07f3215e0748ea748ba9fd71,2026-09-23T17:30:18.453482+00:00,data/interim/gridsat/2013/gridsat_2013.10.09.06.nc,763598,7eeb0f830a3960ddd3f84b0de1b70f08cdd29fe07294e18c33d0e62ed3fc5fb7,2026-09-23T17:30:18.352931+00:00
2013-10-09T09:00:00+00:00,2013,GRIDSAT-B1.2013.10.09.09.v02r01.nc,data/interim/gridsat/2013/gridsat_2013.10.09.09.npz,536994,67448c9b43cb752fec53ee40795fab0228d121d0ca461103312849c162fb8e6e,2026-09-23T17:30:11.841877+00:00,data/interim/gridsat/2013/gridsat_2013.10.09.09.nc,797571,a91b85bb1afbe8bd491c989e08b27fb083c37b250516e70fab4b29f0a2eb3106,2026-09-23T17:30:11.729354+00:00
2013-10-09T12:00:00+00:00,2013,GRIDSAT-B1.2013.10.09.12.v02r01.nc,data/interim/gridsat/2013/gridsat_2013.10.09.12.npz,524044,761feafaafa953b79213e0c105386989fe8ee59ab95390dcdec0801fe1c15a66,2026-09-23T17:30:49.861218+00:00,data/interim/gridsat/2013/gridsat_2013.10.09.12.nc,784006,6a360ffddca2e39dd25ed9a1edf3f8fa94baef315c9ba9992f9d3cbbadacb5fb,2026-09-23T17:30:49.749612+00:00
2013-10-09T15:00:00+00:00,2013,GRIDSAT-B1.2013.10.09.15.v02r01.nc,data/interim/gridsat/2013/gridsat_2013.10.09.15.npz,502509,6f1226b250819886988306ae0d1d55765d116d15f08b7ec116c92f9b6049651f,2026-09-23T17:30:35.204314+00:00,data/interim/gridsat/2013/gridsat_2013.10.09.15.nc,758803,bef63e8878ff4691c258136d2344e7a328623f54dc196fbce1313bd11f24468f,2026-09-23T17:30:35.104706+00:00
2013-10-09T18:00:00+00:00,2013,GRIDSAT-B1.2013.10.09.18.v02r01.nc,data/interim/gridsat/2013/gridsat_2013.10.09.18.npz,499149,0468216f8405a211db73ad8ae6a83d9fe4e8208fa5eb34546784839f19a8113f,2026-09-23T17:30:27.926627+00:00,data/interim/gridsat/2013/gridsat_2013.10.09.18.nc,758777,0c0623266c609a9d9b2795fc3bc2f938399321eed187b95760a851013eb55be3,2026-09-23T17:30:27.838534+00:00
2013-10-09T21:00:00+00:00,2013,GRIDSAT-B1.2013.10.09.21.v02r01.nc,data/interim/gridsat/2013/gridsat_2013.10.09.21.npz,494862,13a75058fb1b2ff55beb2463f360c790e79294150595f72227141c1b69c78478,2026-09-23T17:30:39.785120+00:00,data/interim/gridsat/2013/gridsat_2013.10.09.21.nc,757607,49c49bf55509de1f518f14dd67efd1a40b7949175c2c2c8a6df4c02d9d92cd28,2026-09-23T17:30:39.674577+00:00
2013-10-10T00:00:00+00:00,2013,GRIDSAT-B1.2013.10.10.00.v02r01.nc,data/interim/gridsat/2013/gridsat_2013.10.10.00.npz,491798,d88029ccd1f4e74411c36a468b21958631ad2db0f6c399081588f9b227e88340,2026-09-23T17:30:47.164868+00:00,data/interim/gridsat/2013/gridsat_2013.10.10.00.nc,754738,2f2ba146d388ac6bf9a519dbfb81e7be6eee053272466689fe5eadf280d6d993,2026-09-23T17:30:47.071202+00:00
2013-10-10T03:00:00+00:00,2013,GRIDSAT-B1.2013.10.10.03.v02r01.nc,data/interim/gridsat/2013/gridsat_2013.10.10.03.npz,488888,e0095c1ad78fe296ac82db068264fddca373ececee7fefb65db23f50596a70ee,2026-09-23T17:31:13.198753+00:00,data/interim/gridsat/2013/gridsat_2013.10.10.03.nc,749498,a630e9ddb92cb4ecd12f1769fc6dd5077bc166c0912441d2a5783c2d434387eb,2026-09-23T17:31:13.098687+00:00
2013-10-10T06:00:00+00:00,2013,GRIDSAT-B1.2013.10.10.06.v02r01.nc,data/interim/gridsat/2013/gridsat_2013.10.10.06.npz,512427,e398e2155328eabbfd529bdbefe9facc7acb8b18ff9b1af240f032fbe8cf1f86,2026-09-23T17:31:28.664131+00:00,data/interim/gridsat/2013/gridsat_2013.10.10.06.nc,762864,5d3758f7ca92d0656428a0ef524f8e8c5e5f90b05a4b0d7a35043ffd30e527d1,2026-09-23T17:31:28.552723+00:00
2013-10-10T09:00:00+00:00,2013,GRIDSAT-B1.2013.10.10.09.v02r01.nc,data/interim/gridsat/2013/gridsat_2013.10.10.09.npz,539814,53aaac33b9604cabf658b154c36bb90953d1657926fe8a3b4af419120274ef9e,2026-09-23T17:31:09.136192+00:00,data/interim/gridsat/2013/gridsat_2013.10.10.09.nc,802346,b2dee2ac32399afe7f8e497506929a9288b586da4c64cacec1db1a408ba7a21f,2026-09-23T17:31:09.006238+00:00
2013-10-10T12:00:00+00:00,2013,GRIDSAT-B1.2013.10.10.12.v02r01.nc,data/interim/gridsat/2013/gridsat_2013.10.10.12.npz,526771,81a52a56539ba6a5bfb2c8b39e2edb98d27b9e9ff14f5b67804346cd18eef4b1,2026-09-23T17:31:44.496044+00:00,data/interim/gridsat/2013/gridsat_2013.10.10.12.nc,790403,7a390661ff295fb28184a0fbe244a70fb32c2a691e09a83d384b0f7f7c889414,2026-09-23T17:31:44.404884+00:00
2013-10-10T15:00:00+00:00,2013,GRIDSAT-B1.2013.10.10.15.v02r01.nc,data/interim/gridsat/2013/gridsat_2013.10.10.15.npz,507629,b9c687483d70c2a529ef36268f971bb2033947d78c4607eed9f0d9b6728428b5,2026-09-23T17:31:27.361394+00:00,data/interim/gridsat/2013/gridsat_2013.10.10.15.nc,767745,2f7aa4987175048f0fa2fabb42857622f922ca7a37da71533519636bf0cc9f2a,2026-09-23T17:31:27.269523+00:00
2013-10-10T18:00:00+00:00,2013,GRIDSAT-B1.2013.10.10.18.v02r01.nc,data/interim/gridsat/2013/gridsat_2013.10.10.18.npz,502825,a207858f739c977ad68dcbe8c2b4dcbe9566e30549fe9ae5de0c5b957adfc043,2026-09-23T17:31:28.721061+00:00,data/interim/gridsat/2013/gridsat_2013.10.10.18.nc,765887,63300f848838258af8ff47025aa39aa10cc6da2bd0007c3244afc67d808a7252,2026-09-23T17:31:28.627476+00:00
2013-10-10T21:00:00+00:00,2013,GRIDSAT-B1.2013.10.10.21.v02r01.nc,data/interim/gridsat/2013/gridsat_2013.10.10.21.npz,506142,54ae72d627600ce0c0d00cee04ae4cf38e78c00dde96515b145d0bfbc3a4795f,2026-09-23T17:31:24.784662+00:00,data/interim/gridsat/2013/gridsat_2013.10.10.21.nc,771092,d9c4a5d440903623dd009da495260793931839c32fd827ba7c32876be78e7783,2026-09-23T17:31:24.658822+00:00
2013-10-11T00:00:00+00:00,2013,GRIDSAT-B1.2013.10.11.00.v02r01.nc,data/interim/gridsat/2013/gridsat_2013.10.11.00.npz,499672,cd3da941517be4c0f02dd8df96cdb16d297a65bc087322286e36d4591483bdf5,2026-09-23T17:32:05.139225+00:00,data/interim/gridsat/2013/gridsat_2013.10.11.00.nc,764467,6b6d8c9741adf9c2399a79da192d56e8b94bc031779c215a56d1b4e8dd9bb8bd,2026-09-23T17:32:05.046379+00:00
2013-11-07T15:00:00+00:00,2013,GRIDSAT-B1.2013.11.07.15.v02r01.nc,data/interim/gridsat/2013/gridsat_2013.11.07.15.npz,526659,1b87bb9a578ba80f3eac3bf0f50609554358fc4182f1e442ccca4214383ba2a6,2026-09-23T17:32:08.428969+00:00,data/interim/gridsat/2013/gridsat_2013.11.07.15.nc,803355,b78f1b8bfafabeac2c00f57339ec39f2054aa9adfe7b3b9e994078ed7c7db21b,2026-09-23T17:32:08.334149+00:00
2013-11-07T18:00:00+00:00,2013,GRIDSAT-B1.2013.11.07.18.v02r01.nc,data/interim/gridsat/2013/gridsat_2013.11.07.18.npz,526683,125d213d9ba6b324781c31460b0ab9d1f851bf628ce2a95c22800bad662cf208,2026-09-23T17:31:46.846436+00:00,data/interim/gridsat/2013/gridsat_2013.11.07.18.nc,802187,d3ddc2eccde4853f1157443f89ac87365959dc8545bd0599b10d2aa8a6a5ef0b,2026-09-23T17:31:46.747401+00:00
2013-11-07T21:00:00+00:00,2013,GRIDSAT-B1.2013.11.07.21.v02r01.nc,data/interim/gridsat/2013/gridsat_2013.11.07.21.npz,529963,ce716832f09339b3fdb7597f6a0342d41a10e30256f810bd8aba87d8aadfbeef,2026-09-23T17:31:59.173423+00:00,data/interim/gridsat/2013/gridsat_2013.11.07.21.nc,805717,4b03f00fdfbd0ebab57849d56dbc5dfc51f202fea7ab8966eda296c09e345b5a,2026-09-23T17:31:59.073842+00:00
2013-11-08T00:00:00+00:00,2013,GRIDSAT-B1.2013.11.08.00.v02r01.nc,data/interim/gridsat/2013/gridsat_2013.11.08.00.npz,533065,b567ea3a5dc729765fb0ebd0ba5afd71c606b2c4a49fcb3ca2585bfb7cd56506,2026-09-23T17:32:19.126471+00:00,data/interim/gridsat/2013/gridsat_2013.11.08.00.nc,807220,0ac7f1225565861f5fcbc4ab91878ed8937d18ac9fdd85db4a23cbdbdcc66189,2026-09-23T17:32:19.039847+00:00
2013-11-08T03:00:00+00:00,2013,GRIDSAT-B1.2013.11.08.03.v02r01.nc,data/interim/gridsat/2013/gridsat_2013.11.08.03.npz,534149,58da391e2a219d249bc6d8f350b31a243c97bf2fcc40fb65753fd32b5c6a16b3,2026-09-23T17:32:19.068248+00:00,data/interim/gridsat/2013/gridsat_2013.11.08.03.nc,807447,c90152e21e1cd5c2ae483191d7c851b2589cd4c5ded0ffe587a7b31280f57997,2026-09-23T17:32:18.980754+00:00
2013-11-08T06:00:00+00:00,2013,GRIDSAT-B1.2013.11.08.06.v02r01.nc,data/interim/gridsat/2013/gridsat_2013.11.08.06.npz,557896,c8cdf89880198467204fd0300e7dccdc33d5ace88b6827b51996647fbdf55e51,2026-09-23T17:32:41.414643+00:00,data/interim/gridsat/2013/gridsat_2013.11.08.06.nc,826898,cddcbae5c5522b956c9686c092dfa8b2782972dfecd478b4d5b08e4bf2e7f189,2026-09-23T17:32:41.319920+00:00
2013-11-08T09:00:00+00:00,2013,GRIDSAT-B1.2013.11.08.09.v02r01.nc,data/interim/gridsat/2013/gridsat_2013.11.08.09.npz,579241,e5e67c91b081fe0c79b607e37f0792d58f7d9333b7b8653fe595c60b70eb660b,2026-09-23T17:32:28.325029+00:00,data/interim/gridsat/2013/gridsat_2013.11.08.09.nc,855860,2ab8f49a31d611ccf4494f6697bade52f5c5a957e054c84d64739f7025e883c6,2026-09-23T17:32:28.227296+00:00
2013-11-08T12:00:00+00:00,2013,GRIDSAT-B1.2013.11.08.12.v02r01.nc,data/interim/gridsat/2013/gridsat_2013.11.08.12.npz,554409,f669b40336aa664ff52f51e40aa586908c0993fb0b5fa0a9f7fee8b810da5a7c,2026-09-23T17:32:59.775478+00:00,data/interim/gridsat/2013/gridsat_2013.11.08.12.nc,834224,20cde80ebee1117a4f5f7d99546e51263bb2b4cdf71f859a2d5818e0166bbe02,2026-09-23T17:32:59.686004+00:00
2013-11-08T15:00:00+00:00,2013,GRIDSAT-B1.2013.11.08.15.v02r01.nc,data/interim/gridsat/2013/gridsat_2013.11.08.15.npz,536912,dec774bbd6a6811398ddb7f9f8e6d71188aa5018a0985fdc6fbfaeaf7902b67f,2026-09-23T17:33:25.275558+00:00,data/interim/gridsat/2013/gridsat_2013.11.08.15.nc,819394,cc6d729dcab8f9bf0932278789c9b9515ec619e48bf5d6740d29ef89865c6bc8,2026-09-23T17:33:25.147547+00:00
2013-11-08T18:00:00+00:00,2013,GRIDSAT-B1.2013.11.08.18.v02r01.nc,data/interim/gridsat/2013/gridsat_2013.11.08.18.npz,537417,cc233a6f65c47f874663399fc9d3303b91c155ef231cec0213557a6001197066,2026-09-23T17:32:46.226764+00:00,data/interim/gridsat/2013/gridsat_2013.11.08.18.nc,820359,dc393ee5498f9b8dc945066161e43dcb17ad87fbb82aa8998ec1135cfba7dd29,2026-09-23T17:32:46.123535+00:00
2013-11-08T21:00:00+00:00,2013,GRIDSAT-B1.2013.11.08.21.v02r01.nc,data/interim/gridsat/2013/gridsat_2013.11.08.21.npz,538952,672c556611b2c448b475b5e157ae32386b0e4859e5d3f352cd2c929fe971a905,2026-09-23T17:32:38.017419+00:00,data/interim/gridsat/2013/gridsat_2013.11.08.21.nc,824795,98a0756113337402a8ee38fe0921c88fb6274b9b908b4307bdf022207a7e2365,2026-09-23T17:32:37.908741+00:00
2013-11-09T00:00:00+00:00,2013,GRIDSAT-B1.2013.11.09.00.v02r01.nc,data/interim/gridsat/2013/gridsat_2013.11.09.00.npz,535638,fb07bcb826cae12485a61083132060cabc057cbf76b4347ba126b2ea1cc6c91e,2026-09-23T17:32:59.849741+00:00,data/interim/gridsat/2013/gridsat_2013.11.09.00.nc,820254,2fd9dc2b6e647a560cfd00c296d8cff0e3042ad46a1984761f778b3599385546,2026-09-23T17:32:59.747533+00:00
2013-11-09T03:00:00+00:00,2013,GRIDSAT-B1.2013.11.09.03.v02r01.nc,data/interim/gridsat/2013/gridsat_2013.11.09.03.npz,532578,bbfc285d1a7dc08b7b39854c4f518ce5b71bb96a3e2efd92280c44013276ba08,2026-09-23T17:33:36.227321+00:00,data/interim/gridsat/2013/gridsat_2013.11.09.03.nc,813403,15be0b9d4811c8440cae8c9fa00ac3a227cd9275a89e2bea1f182fe6659b47c3,2026-09-23T17:33:36.139448+00:00
2013-11-09T06:00:00+00:00,2013,GRIDSAT-B1.2013.11.09.06.v02r01.nc,data/interim/gridsat/2013/gridsat_2013.11.09.06.npz,558736,dd9455786a726f544f924b01000f6875bbd911a5674b2fb36e05329434a8652c,2026-09-23T17:33:22.243731+00:00,data/interim/gridsat/2013/gridsat_2013.11.09.06.nc,833624,ad400a77161af1c5f0912f8d4fa2e36906f2f2712284635ec0c473fa35eaef13,2026-09-23T17:33:22.120816+00:00
2013-11-18T09:00:00+00:00,2013,GRIDSAT-B1.2013.11.18.09.v02r01.nc,data/interim/gridsat/2013/gridsat_2013.11.18.09.npz,554429,7b9037c9ce0e330cbb36022299b804bc0aee81ef99e296b2b11e5e5f01dfcf10,2026-09-23T17:33:43.379355+00:00,data/interim/gridsat/2013/gridsat_2013.11.18.09.nc,812889,f2ec300a17711a51643dd7d703afc54fd17d3196b0185ad734e316d37c0ae771,2026-09-23T17:33:43.288599+00:00
2013-11-18T12:00:00+00:00,2013,GRIDSAT-B1.2013.11.18.12.v02r01.nc,data/interim/gridsat/2013/gridsat_2013.11.18.12.npz,530640,ff60e27eebf7e464d66cc964ea788885ecffb740839ec56d40936e28f0324f09,2026-09-23T17:33:31.296336+00:00,data/interim/gridsat/2013/gridsat_2013.11.18.12.nc,790184,bccbcc9647fe7116bb1cf068101a999dd1487ee12e815a48c2fb12fb72571cce,2026-09-23T17:33:31.173934+00:00
2013-11-18T15:00:00+00:00,2013,GRIDSAT-B1.2013.11.18.15.v02r01.nc,data/interim/gridsat/2013/gridsat_2013.11.18.15.npz,513732,7304c64b20598139ad4a7756068353d432c44d9f9b8bad25d4fde651fceb3be0,2026-09-23T17:33:57.811866+00:00,data/interim/gridsat/2013/gridsat_2013.11.18.15.nc,770999,513d4bb4a3079da1ee1230f0c243165e27d7f9abc5f2a9f36ccb5aa539cded53,2026-09-23T17:33:57.716274+00:00
2013-11-18T18:00:00+00:00,2013,GRIDSAT-B1.2013.11.18.18.v02r01.nc,data/interim/gridsat/2013/gridsat_2013.11.18.18.npz,509233,769a942ff27acfe487c595bcca07c47e1df9e9c516267817e03d01c362f676f8,2026-09-23T17:33:46.513294+00:00,data/interim/gridsat/2013/gridsat_2013.11.18.18.nc,766432,15181e673a71f9a1f4e7a78af9eb4a84103d28168ef474752177a70035b425d3,2026-09-23T17:33:46.418750+00:00
2013-11-18T21:00:00+00:00,2013,GRIDSAT-B1.2013.11.18.21.v02r01.nc,data/interim/gridsat/2013/gridsat_2013.11.18.21.npz,510773,ffcad3b214b30d69a336c70a37b248f6cbe8ba2f2c795a9369f4fda10c42ea45,2026-09-23T17:33:56.927316+00:00,data/interim/gridsat/2013/gridsat_2013.11.18.21.nc,771549,fc855b3090a739f938baab261fba788a0c0b29091e089df2521f26e899d9ee0b,2026-09-23T17:33:56.844717+00:00
2013-11-19T00:00:00+00:00,2013,GRIDSAT-B1.2013.11.19.00.v02r01.nc,data/interim/gridsat/2013/gridsat_2013.11.19.00.npz,505183,a814614a6e18b436bafcaaaee1bb60bc34d4bf48562a34da060f792684b63cf1,2026-09-23T17:34:14.494536+00:00,data/interim/gridsat/2013/gridsat_2013.11.19.00.nc,764132,19d863daec69f079c0c0a453f46b9d93b61d3610b5063094ce1aabec47903f67,2026-09-23T17:34:14.340028+00:00
2013-11-19T03:00:00+00:00,2013,GRIDSAT-B1.2013.11.19.03.v02r01.nc,data/interim/gridsat/2013/gridsat_2013.11.19.03.npz,500628,b636240fd852ad80a9861770a39c56e34d385ce753229dd68de14ae9d1bf2c40,2026-09-23T17:34:23.903537+00:00,data/interim/gridsat/2013/gridsat_2013.11.19.03.nc,758278,4ed5c6ead9d907de59c387f3cb5f9a157ec138068450472a664410c859ed4e88,2026-09-23T17:34:23.808891+00:00
2013-11-19T06:00:00+00:00,2013,GRIDSAT-B1.2013.11.19.06.v02r01.nc,data/interim/gridsat/2013/gridsat_2013.11.19.06.npz,528161,6feed230ca00757e99950952869cb508c65d0beac72e7bb1e155ea607bb26c8a,2026-09-23T17:34:27.489225+00:00,data/interim/gridsat/2013/gridsat_2013.11.19.06.nc,787140,2153fafb33a035dccc4b8c95216b8830746900f4b50c37e3f39a68210028b171,2026-09-23T17:34:27.359332+00:00
2013-11-19T09:00:00+00:00,2013,GRIDSAT-B1.2013.11.19.09.v02r01.nc,data/interim/gridsat/2013/gridsat_2013.11.19.09.npz,547371,9b11e159e017f51749a0c2b2f4ca14c5aa72ecbc2947af8534469d71dce29205,2026-09-23T17:34:20.607582+00:00,data/interim/gridsat/2013/gridsat_2013.11.19.09.nc,814022,423efdb74a19868107fefa000e378d703441a28b4d9f79845b137671b799d47e,2026-09-23T17:34:20.510338+00:00
2013-11-19T12:00:00+00:00,2013,GRIDSAT-B1.2013.11.19.12.v02r01.nc,data/interim/gridsat/2013/gridsat_2013.11.19.12.npz,527033,ad2168460639beaf77bb822ff13e30608fcefee071c0f84c1fcb79b1911ce770,2026-09-23T17:34:21.862099+00:00,data/interim/gridsat/2013/gridsat_2013.11.19.12.nc,797783,ccb7f8d15c5afd8640bfa40231980aa979dd2aae5a0ce3b685c5872c6c727aa4,2026-09-23T17:34:21.742778+00:00
2013-11-19T15:00:00+00:00,2013,GRIDSAT-B1.2013.11.19.15.v02r01.nc,data/interim/gridsat/2013/gridsat_2013.11.19.15.npz,511242,067d68afa77c2c69331f4959dc10b5b8859408d2482f4fc80ddcdc54f549638f,2026-09-23T17:34:51.216636+00:00,data/interim/gridsat/2013/gridsat_2013.11.19.15.nc,776532,c62a71b27aa69be82a972f97ac3f78756a46ec222d01fb4ae6450645c744fa4c,2026-09-23T17:34:51.062073+00:00
2013-11-19T18:00:00+00:00,2013,GRIDSAT-B1.2013.11.19.18.v02r01.nc,data/interim/gridsat/2013/gridsat_2013.11.19.18.npz,506488,39964d29965d5cf3e2f3d188820c463189565da7026f09d9803b007ea1859c05,2026-09-23T17:35:16.563355+00:00,data/interim/gridsat/2013/gridsat_2013.11.19.18.nc,765716,eb2e929500ae5b00cbc2f186b94e01141d9d91d9f7943299d136a24f024920ce,2026-09-23T17:35:16.419544+00:00
2013-11-19T21:00:00+00:00,2013,GRIDSAT-B1.2013.11.19.21.v02r01.nc,data/interim/gridsat/2013/gridsat_2013.11.19.21.npz,505863,f65401e158b1fe8ab5897c6e559575cb0cc5d464bbe2915bf15c0b7302974110,2026-09-23T17:35:21.393706+00:00,data/interim/gridsat/2013/gridsat_2013.11.19.21.nc,765987,196c7db943d5c7960f941e4cdd1ddcf00d05d275e29764000beee33ede6662ec,2026-09-23T17:35:21.253786+00:00
2013-11-20T00:00:00+00:00,2013,GRIDSAT-B1.2013.11.20.00.v02r01.nc,data/interim/gridsat/2013/gridsat_2013.11.20.00.npz,498724,d135910674b4ea1dd24915addb64af7d11dd3b5230fbdc3d528d750c52716092,2026-09-23T17:34:42.896471+00:00,data/interim/gridsat/2013/gridsat_2013.11.20.00.nc,758470,47f737d47440ff93063ca4af3bae1d1c86f98701f7fea7089d208f188691870d,2026-09-23T17:34:42.787817+00:00
2013-11-20T03:00:00+00:00,2013,GRIDSAT-B1.2013.11.20.03.v02r01.nc,data/interim/gridsat/2013/gridsat_2013.11.20.03.npz,491928,7471297c7f5f27ecd22ae6e0ad969d2ec48900698785f72eff9a4a3eec1759c7,2026-09-23T17:35:34.204428+00:00,data/interim/gridsat/2013/gridsat_2013.11.20.03.nc,746866,6b972a0ad55cba743a8d8d98ae1a45179ddc9b9f2acdd25b17d975a821995002,2026-09-23T17:35:34.108051+00:00
2013-11-20T06:00:00+00:00,2013,GRIDSAT-B1.2013.11.20.06.v02r01.nc,data/interim/gridsat/2013/gridsat_2013.11.20.06.npz,513358,980dfd34dbd9412e072eac172f0c2f3c992eb6101636e3948408e71d46edac41,2026-09-23T17:34:58.461471+00:00,data/interim/gridsat/2013/gridsat_2013.11.20.06.nc,761654,8f94d2b0c8b7bba866185d21c43f163142f4568a59dbc7b716877725a4fb4dd2,2026-09-23T17:34:58.372049+00:00
2013-11-20T09:00:00+00:00,2013,GRIDSAT-B1.2013.11.20.09.v02r01.nc,data/interim/gridsat/2013/gridsat_2013.11.20.09.npz,533922,06a72f8e9fce16e01183c6edb3e915f14e0283f0fe11c93eea9c86222d10d64e,2026-09-23T17:34:58.405607+00:00,data/interim/gridsat/2013/gridsat_2013.11.20.09.nc,789995,5760e35ca8e6a0ad743d34b8b0bfc80d55036a9ef53327ff67050f096b50e948,2026-09-23T17:34:58.320662+00:00
2013-11-20T12:00:00+00:00,2013,GRIDSAT-B1.2013.11.20.12.v02r01.nc,data/interim/gridsat/2013/gridsat_2013.11.20.12.npz,513848,e567135437ec93bbb7347d5ef27a64a8651a093c52bd040b5139abd2f2b141b1,2026-09-23T17:35:28.641689+00:00,data/interim/gridsat/2013/gridsat_2013.11.20.12.nc,770237,62475a9e4871dc7841d4efeb147a3c74aadb81ae6bf56c7bac30968822ee3db5,2026-09-23T17:35:28.558181+00:00
2013-11-20T15:00:00+00:00,2013,GRIDSAT-B1.2013.11.20.15.v02r01.nc,data/interim/gridsat/2013/gridsat_2013.11.20.15.npz,497789,c4c7c7b59b628519e47ef9a1ecc1f1bcceee53a15030fff162ace26fc6d164a9,2026-09-23T17:35:27.988676+00:00,data/interim/gridsat/2013/gridsat_2013.11.20.15.nc,754277,9dc73cd58af0366b3ad18b9f98ef17fa0bff9fd9e081178944fb7cce91196d0a,2026-09-23T17:35:27.849411+00:00
2013-11-20T18:00:00+00:00,2013,GRIDSAT-B1.2013.11.20.18.v02r01.nc,data/interim/gridsat/2013/gridsat_2013.11.20.18.npz,496079,92313e8110935abbfa6a683f0901e85ed6acdbd9c03c92d5a4ba91087c6ea5ca,2026-09-23T17:35:36.445821+00:00,data/interim/gridsat/2013/gridsat_2013.11.20.18.nc,752417,479b02072787848b1f7861db3f75fc539479175ec786e66453b88abdc61da625,2026-09-23T17:35:36.343814+00:00
2013-11-22T21:00:00+00:00,2013,GRIDSAT-B1.2013.11.22.21.v02r01.nc,data/interim/gridsat/2013/gridsat_2013.11.22.21.npz,516235,3777d97dbf98d289a1b727c13be3a23700342b71e80a521ec3782367df7539d2,2026-09-23T17:35:58.577264+00:00,data/interim/gridsat/2013/gridsat_2013.11.22.21.nc,776846,e0d1492d16262d1169f03d4071522a57f80260e624dd1ddf980ba1416aa7be55,2026-09-23T17:35:58.446235+00:00
2013-11-23T00:00:00+00:00,2013,GRIDSAT-B1.2013.11.23.00.v02r01.nc,data/interim/gridsat/2013/gridsat_2013.11.23.00.npz,517869,b6520a2ef9aebdbf4bb9196c5f5f00c53e3728e331c87d8198a43d7283b04570,2026-09-23T17:36:03.647501+00:00,data/interim/gridsat/2013/gridsat_2013.11.23.00.nc,781715,dab7879fb8b2bb2160de26421098b1160360eb1d1b2bca621d5431a44caa3100,2026-09-23T17:36:03.508794+00:00
2013-11-23T03:00:00+00:00,2013,GRIDSAT-B1.2013.11.23.03.v02r01.nc,data/interim/gridsat/2013/gridsat_2013.11.23.03.npz,510829,6a6b8d94cd6f4f9f55b220c1ac84b38fbd85d7fbd56b40931e18d90c9b87b2cb,2026-09-23T17:35:53.234180+00:00,data/interim/gridsat/2013/gridsat_2013.11.23.03.nc,770633,604ad609288c82449fb2cfaff8769e89280c27055c021a465c169d52816abe76,2026-09-23T17:35:53.094579+00:00
2013-11-23T06:00:00+00:00,2013,GRIDSAT-B1.2013.11.23.06.v02r01.nc,data/interim/gridsat/2013/gridsat_2013.11.23.06.npz,529908,25a81b6a193d0701ed08ef22368c434cdfa5ceef3992d74177ea41775a240ad6,2026-09-23T17:36:17.720186+00:00,data/interim/gridsat/2013/gridsat_2013.11.23.06.nc,782838,85a2fe3c630d5cef0033c34704d576bfe2a5034f18b4de727c5bb73885b7355c,2026-09-23T17:36:17.604088+00:00
2013-11-23T09:00:00+00:00,2013,GRIDSAT-B1.2013.11.23.09.v02r01.nc,data/interim/gridsat/2013/gridsat_2013.11.23.09.npz,548250,9dd17f99ebb6eae28d4b586f47cb65bc400b7a8f0f462255ee917c29433dd211,2026-09-23T17:36:02.253416+00:00,data/interim/gridsat/2013/gridsat_2013.11.23.09.nc,804462,c47279f41069805d09af1e75e13a26839d4617c23230344c0bb5b91c2d76af75,2026-09-23T17:36:02.100594+00:00
2013-11-23T12:00:00+00:00,2013,GRIDSAT-B1.2013.11.23.12.v02r01.nc,data/interim/gridsat/2013/gridsat_2013.11.23.12.npz,528747,351d13c02d61c96fcc204a4f6499530193ab29af1333c6543a26861765d2ee16,2026-09-23T17:37:19.096493+00:00,data/interim/gridsat/2013/gridsat_2013.11.23.12.nc,786000,48ba9798ffd7a9f509f12b27be3caae35b193ca92a7d20b717660dce155a45a6,2026-09-23T17:37:19.007272+00:00
2013-11-23T15:00:00+00:00,2013,GRIDSAT-B1.2013.11.23.15.v02r01.nc,data/interim/gridsat/2013/gridsat_2013.11.23.15.npz,509359,e5688afeb01c240774a8c4560f92d6ba864a19d6b603ada0da430ffdfdb27689,2026-09-23T17:36:51.897022+00:00,data/interim/gridsat/2013/gridsat_2013.11.23.15.nc,766287,27eafabb483a569285f5ff0590cf5322be602b9c760191971abed6c2163be16d,2026-09-23T17:36:51.813656+00:00
2013-11-23T18:00:00+00:00,2013,GRIDSAT-B1.2013.11.23.18.v02r01.nc,data/interim/gridsat/2013/gridsat_2013.11.23.18.npz,505651,539b76b7ec5ca8fc3b040c2e85a8a39dd3d9351eb1b460b6a569d8291dff7ae4,2026-09-23T17:37:03.263290+00:00,data/interim/gridsat/2013/gridsat_2013.11.23.18.nc,763133,860c2bfc45ce29612b34c20f27d86dce14d2a8803e65bf687531a0c322fa0a9e,2026-09-23T17:37:02.779282+00:00
2013-11-23T21:00:00+00:00,2013,GRIDSAT-B1.2013.11.23.21.v02r01.nc,data/interim/gridsat/2013/gridsat_2013.11.23.21.npz,511369,f0622263d8896a39a79c2983deef5b081b3b5d9790ff49d507f13009e9915c44,2026-09-23T17:36:16.842037+00:00,data/interim/gridsat/2013/gridsat_2013.11.23.21.nc,771474,f7c291c0f3f5d830f22dbf68848c326bc80d7740455fcc846ca03842cb330b4e,2026-09-23T17:36:16.709961+00:00
2013-11-24T00:00:00+00:00,2013,GRIDSAT-B1.2013.11.24.00.v02r01.nc,data/interim/gridsat/2013/gridsat_2013.11.24.00.npz,509012,4ec6798e647ec6f64cfeb4ef7e4362f824c912d6f8ebe69b16d11cf88e82b429,2026-09-23T17:37:01.859206+00:00,data/interim/gridsat/2013/gridsat_2013.11.24.00.nc,771294,049406201bf1aaedce55373471562c6763ffdffed02d7e6e145cee7b15cc1fbf,2026-09-23T17:37:01.742231+00:00
2013-11-24T03:00:00+00:00,2013,GRIDSAT-B1.2013.11.24.03.v02r01.nc,data/interim/gridsat/2013/gridsat_2013.11.24.03.npz,509115,d994c4facaf89e8c6e832f7162c652fb1a116ae712d98fce7d4afae025b8bc6e,2026-09-23T17:36:32.836900+00:00,data/interim/gridsat/2013/gridsat_2013.11.24.03.nc,767885,1a4c83c0a8a9d3678c8c9f7cddf062a86d8150fafc752461a0315d90ed0c4282,2026-09-23T17:36:32.735803+00:00
2013-11-24T06:00:00+00:00,2013,GRIDSAT-B1.2013.11.24.06.v02r01.nc,data/interim/gridsat/2013/gridsat_2013.11.24.06.npz,531185,c6db738337dc81e3741ae69fc8ce80d813944dde03737e4d8b462ad30da5d875,2026-09-23T17:37:19.344641+00:00,data/interim/gridsat/2013/gridsat_2013.11.24.06.nc,787106,a4d603d38f68b3bde617fcd23d0c508167447d29b7ea86931a1a2d5a6127cd4c,2026-09-23T17:37:19.239946+00:00
2013-11-24T09:00:00+00:00,2013,GRIDSAT-B1.2013.11.24.09.v02r01.nc,data/interim/gridsat/2013/gridsat_2013.11.24.09.npz,554016,48cf10a0a17b58954b84ec6b19c461cb0206b88a1944a900cc73ead9dc496259,2026-09-23T17:36:44.644805+00:00,data/interim/gridsat/2013/gridsat_2013.11.24.09.nc,813392,a9fe88166905aa9cd560cfec35c628a75c4d746549203700caac4b99442b38a0,2026-09-23T17:36:44.482794+00:00
2013-11-24T12:00:00+00:00,2013,GRIDSAT-B1.2013.11.24.12.v02r01.nc,data/interim/gridsat/2013/gridsat_2013.11.24.12.npz,536206,e97d474f4bf9f89289e318c7851d6243c6db60f811fae784de33639ad4a1a9ee,2026-09-23T17:37:12.444992+00:00,data/interim/gridsat/2013/gridsat_2013.11.24.12.nc,798152,0cc5a0806e39e96d54b03a5e045d205edcecc1778c9ccf0c3a33450b90161bce,2026-09-23T17:37:12.327220+00:00
2013-11-24T15:00:00+00:00,2013,GRIDSAT-B1.2013.11.24.15.v02r01.nc,data/interim/gridsat/2013/gridsat_2013.11.24.15.npz,520057,a4c7b2c0c3c64fd80314bea460b0a211b1445645223fd01daa729848faa3eb8b,2026-09-23T17:37:38.556073+00:00,data/interim/gridsat/2013/gridsat_2013.11.24.15.nc,781063,844ce3bef68b7046738a2eaafc4fa27f764d269a5bdfdf043eae9047ccd2c89f,2026-09-23T17:37:38.436219+00:00
2013-11-24T18:00:00+00:00,2013,GRIDSAT-B1.2013.11.24.18.v02r01.nc,data/interim/gridsat/2013/gridsat_2013.11.24.18.npz,517664,5dce9daa567994d699be2b48fe809f3b1c3bc5098ba9977f855b414d5bf68170,2026-09-23T17:37:42.646236+00:00,data/interim/gridsat/2013/gridsat_2013.11.24.18.nc,781882,687b2f69939fb4918a07899472c6a9dbb50da160cfdfb1b19cb4af093a455e22,2026-09-23T17:37:42.564205+00:00
2013-11-24T21:00:00+00:00,2013,GRIDSAT-B1.2013.11.24.21.v02r01.nc,data/interim/gridsat/2013/gridsat_2013.11.24.21.npz,512260,3361b2acff21807b5b48a7ec89afdf45fd34cb77f0ae41e1c30e1bb857b3c2cd,2026-09-23T17:37:41.040529+00:00,data/interim/gridsat/2013/gridsat_2013.11.24.21.nc,774894,0b66bec2ab82a46ca1720169ea73c61546134e35aa54f1b64fb83e0c847180cf,2026-09-23T17:37:40.939376+00:00
2013-11-25T00:00:00+00:00,2013,GRIDSAT-B1.2013.11.25.00.v02r01.nc,data/interim/gridsat/2013/gridsat_2013.11.25.00.npz,501859,9225015a68d710ed1b32402d9a2c9dcd9c9b7b6abe6199365fd78309763d34da,2026-09-23T17:37:44.048971+00:00,data/interim/gridsat/2013/gridsat_2013.11.25.00.nc,764153,875288294e92ff1141cd950ac0c0f34a0a69bd0dfbb253909d03ddae0f810470,2026-09-23T17:37:43.957217+00:00
2013-11-25T03:00:00+00:00,2013,GRIDSAT-B1.2013.11.25.03.v02r01.nc,data/interim/gridsat/2013/gridsat_2013.11.25.03.npz,490630,4c8e32f24e7bdd25f59711e2f5b0ea14a6fd6103420ac0f8fc66416a9935e6a2,2026-09-23T17:38:25.614377+00:00,data/interim/gridsat/2013/gridsat_2013.11.25.03.nc,749235,85428dd3d3421aba4645f13c5be4b2eb388d3c2d7a91e5f9e8c897f4e05408e2,2026-09-23T17:38:25.520511+00:00
2013-11-25T06:00:00+00:00,2013,GRIDSAT-B1.2013.11.25.06.v02r01.nc,data/interim/gridsat/2013/gridsat_2013.11.25.06.npz,513972,40ab09888301a9c6b997a8b8a50fb691fcdfe23a4824372221169b6fdb82b042,2026-09-23T17:37:54.030268+00:00,data/interim/gridsat/2013/gridsat_2013.11.25.06.nc,768726,be6fe11728f4744e513dff20bafd2f32aa3ba092280176a35937931e17bbedc6,2026-09-23T17:37:53.924476+00:00
2013-11-25T09:00:00+00:00,2013,GRIDSAT-B1.2013.11.25.09.v02r01.nc,data/interim/gridsat/2013/gridsat_2013.11.25.09.npz,536852,4a9a1b90ea74e74a2254413ba0fbadb2e883913dd23d07c0fb606a2bc0531761,2026-09-23T17:38:07.454768+00:00,data/interim/gridsat/2013/gridsat_2013.11.25.09.nc,798789,ef38149de46e05916d2d5b3565ae6f4eb4eeb2e68ed47b837ad79d794d65c143,2026-09-23T17:38:07.355676+00:00
2013-11-25T12:00:00+00:00,2013,GRIDSAT-B1.2013.11.25.12.v02r01.nc,data/interim/gridsat/2013/gridsat_2013.11.25.12.npz,512160,839521b3b2800b75d3ed0ac3b8336507fd8ac4bdb9fcbc1b971b573a5a8f1bd5,2026-09-23T17:38:06.284742+00:00,data/interim/gridsat/2013/gridsat_2013.11.25.12.nc,774526,4d10b6cf2bf0b0a2afd326213a908a53015144700a20f9c0d31fe6bbec2ad3a8,2026-09-23T17:38:06.181049+00:00
2013-11-25T15:00:00+00:00,2013,GRIDSAT-B1.2013.11.25.15.v02r01.nc,data/interim/gridsat/2013/gridsat_2013.11.25.15.npz,490495,7927886a2d1595c7936947ce039411b29f295772e66e3a2a5cc36dd9e39c2b36,2026-09-23T17:38:49.908895+00:00,data/interim/gridsat/2013/gridsat_2013.11.25.15.nc,752232,b4b983440cacc79c1a42c0d8a5276684ed0449cd2e7741e7c0cf1caadf3e5714,2026-09-23T17:38:49.800446+00:00
2013-11-25T18:00:00+00:00,2013,GRIDSAT-B1.2013.11.25.18.v02r01.nc,data/interim/gridsat/2013/gridsat_2013.11.25.18.npz,488735,095cad44bf382a46279201b5fe902990ab22ecda1c795c00985561e861ca1708,2026-09-23T17:38:35.451597+00:00,data/interim/gridsat/2013/gridsat_2013.11.25.18.nc,750081,520e49624355e919596b93f2bb19317337865f559d2b30097bc46a3e69eb9696,2026-09-23T17:38:35.297417+00:00
2013-11-25T21:00:00+00:00,2013,GRIDSAT-B1.2013.11.25.21.v02r01.nc,data/interim/gridsat/2013/gridsat_2013.11.25.21.npz,491203,46b113b51bbf3ad73f5eb91fd9958ee9e7d8fafe340f06d9c7ac4d7921d3a75b,2026-09-23T17:38:42.780522+00:00,data/interim/gridsat/2013/gridsat_2013.11.25.21.nc,753638,469e51b70b44f1b9068e055115078af2f099eb1170052b65f552eacf2ab640f8,2026-09-23T17:38:42.697093+00:00
2013-11-26T00:00:00+00:00,2013,GRIDSAT-B1.2013.11.26.00.v02r01.nc,data/interim/gridsat/2013/gridsat_2013.11.26.00.npz,492092,ebcb618790c63b52d7a37a6fcde187ce185cdb860a8dbab53219168a43708e6f,2026-09-23T17:38:20.481700+00:00,data/interim/gridsat/2013/gridsat_2013.11.26.00.nc,757238,fcc01496139cdde968758ac6fe8d0eab879523372b1fede0f56a53371e88a0a9,2026-09-23T17:38:20.382230+00:00
2013-11-26T03:00:00+00:00,2013,GRIDSAT-B1.2013.11.26.03.v02r01.nc,data/interim/gridsat/2013/gridsat_2013.11.26.03.npz,492621,837448a7f6a34e7147aa8fdb6c07fd191c5fb28804638d272f22aa841da0f9ad,2026-09-23T17:38:50.263017+00:00,data/interim/gridsat/2013/gridsat_2013.11.26.03.nc,757396,8413337783d80f60d23260025c2af8151299bfa7398584061e48bfeab1538d5e,2026-09-23T17:38:50.181169+00:00
2013-12-05T15:00:00+00:00,2013,GRIDSAT-B1.2013.12.05.15.v02r01.nc,data/interim/gridsat/2013/gridsat_2013.12.05.15.npz,547816,91eaeffb6d7137757ea764a1cf20d444b9a1df8324c6b5bc4e50283f698c1f72,2026-09-23T17:39:02.475343+00:00,data/interim/gridsat/2013/gridsat_2013.12.05.15.nc,815924,30a7823c9203689e28da98578e6d1f874853411c9539c5e38f76f6b4c11941b1,2026-09-23T17:39:02.367012+00:00
2013-12-05T18:00:00+00:00,2013,GRIDSAT-B1.2013.12.05.18.v02r01.nc,data/interim/gridsat/2013/gridsat_2013.12.05.18.npz,548041,5dcfd81fdd369b91cf45c1b0a92affb8e703743fed85132095dea34ece5858cb,2026-09-23T17:39:00.325680+00:00,data/interim/gridsat/2013/gridsat_2013.12.05.18.nc,814744,2f1af5a2e45f2e4605bcf7da282f22f1b170a292adacaa2e70fe6b2f23853fc2,2026-09-23T17:39:00.226780+00:00
2013-12-05T21:00:00+00:00,2013,GRIDSAT-B1.2013.12.05.21.v02r01.nc,data/interim/gridsat/2013/gridsat_2013.12.05.21.npz,549251,8ff570eaa0126269204e535b30e0a0ec3f118c0a0348fd3160ff463372ae8f1d,2026-09-23T17:39:06.280761+00:00,data/interim/gridsat/2013/gridsat_2013.12.05.21.nc,821232,a65223256c84ed26344795534c3acab32da6cbe0b737a99a73657fa8d0284ab6,2026-09-23T17:39:06.195790+00:00
2013-12-06T00:00:00+00:00,2013,GRIDSAT-B1.2013.12.06.00.v02r01.nc,data/interim/gridsat/2013/gridsat_2013.12.06.00.npz,554362,9eef93a9eebacd0c3e466f0ed5874b7aa5f0d62aff8a8639d8cdbd9565c626bb,2026-09-23T17:39:48.581381+00:00,data/interim/gridsat/2013/gridsat_2013.12.06.00.nc,824486,d1c8ae3d77d8d03208c67896ebd4e56f37e835b9cc6f977885aaa7d1960f0327,2026-09-23T17:39:48.429088+00:00
2013-12-06T03:00:00+00:00,2013,GRIDSAT-B1.2013.12.06.03.v02r01.nc,data/interim/gridsat/2013/gridsat_2013.12.06.03.npz,555698,55eb88cf600407ffedc1be93e7c21a0182b8ba44e830cbd0471f8b7ddeb3b303,2026-09-23T17:39:30.491930+00:00,data/interim/gridsat/2013/gridsat_2013.12.06.03.nc,825923,e87aa202b77158f3ae4a3f3fc71b6d2c4730625472ab27b01ae785778baf8108,2026-09-23T17:39:30.364217+00:00
2013-12-06T06:00:00+00:00,2013,GRIDSAT-B1.2013.12.06.06.v02r01.nc,data/interim/gridsat/2013/gridsat_2013.12.06.06.npz,575465,5bd793c2c3a62ba8c5ebc7584075e373c6c8c454c99a0a473c34aa44de3b3824,2026-09-23T17:39:45.180392+00:00,data/interim/gridsat/2013/gridsat_2013.12.06.06.nc,843027,6fcfaeef6bce05901c146dac201b4dfb70fb89f76217807a8068f75a9bfa5727,2026-09-23T17:39:45.088756+00:00
2013-12-06T09:00:00+00:00,2013,GRIDSAT-B1.2013.12.06.09.v02r01.nc,data/interim/gridsat/2013/gridsat_2013.12.06.09.npz,590821,b25a469e5307b1ee7fedb2429c63e36453943bad3671e15716425ef87950162c,2026-09-23T17:39:17.247297+00:00,data/interim/gridsat/2013/gridsat_2013.12.06.09.nc,859005,dcf418e92717ffbb3e5703e1f1ff612265bf7bbf917b5b4cc899aac45c618602,2026-09-23T17:39:17.157888+00:00
2013-12-06T12:00:00+00:00,2013,GRIDSAT-B1.2013.12.06.12.v02r01.nc,data/interim/gridsat/2013/gridsat_2013.12.06.12.npz,560784,b46333d886c389f54a977fc0d7b12cac03c1c0f119a33551d4e9f02ddeffc8dd,2026-09-23T17:39:55.001813+00:00,data/interim/gridsat/2013/gridsat_2013.12.06.12.nc,829425,fe26394bda0986f12bb7258c881b7bf3913992231f3dd62f70ccbbbb60fad47a,2026-09-23T17:39:54.908077+00:00
2013-12-06T15:00:00+00:00,2013,GRIDSAT-B1.2013.12.06.15.v02r01.nc,data/interim/gridsat/2013/gridsat_2013.12.06.15.npz,539931,f06417aaa701b4fb392059ae3cad52b4c76aa66f8bbfe917153f9299ffa1d6f5,2026-09-23T17:40:16.865652+00:00,data/interim/gridsat/2013/gridsat_2013.12.06.15.nc,802021,fc158a4a979b606385ae03814819f0a177bfa0d2c1ee9b939851ee33f46e298f,2026-09-23T17:40:16.727280+00:00
2013-12-06T18:00:00+00:00,2013,GRIDSAT-B1.2013.12.06.18.v02r01.nc,data/interim/gridsat/2013/gridsat_2013.12.06.18.npz,532108,d1650075124db7338c703f71cd8b7c6bfa7af756d6ac4889e887d2d33c16484d,2026-09-23T17:39:40.237295+00:00,data/interim/gridsat/2013/gridsat_2013.12.06.18.nc,791599,38b8d80900124c63fcde5179936653b645044bfc4d2166c88c5c7bcb8fcc5b06,2026-09-23T17:39:40.146774+00:00
2013-12-06T21:00:00+00:00,2013,GRIDSAT-B1.2013.12.06.21.v02r01.nc,data/interim/gridsat/2013/gridsat_2013.12.06.21.npz,530960,4633e8feabdb4ad461fb21e36bfceb432fc5b6bd019465e2d389352748d15ad5,2026-09-23T17:39:51.921426+00:00,data/interim/gridsat/2013/gridsat_2013.12.06.21.nc,788205,6cf31df545b4330c55759efe9cb25dbba7bc4554b4b0fd83f83eb1fb7f958ea8,2026-09-23T17:39:51.833066+00:00
2013-12-07T00:00:00+00:00,2013,GRIDSAT-B1.2013.12.07.00.v02r01.nc,data/interim/gridsat/2013/gridsat_2013.12.07.00.npz,525690,5adbb55ef25a6b55802dd494d715c0094ce54b3906f98c9c5ad5c08d65993eec,2026-09-23T17:40:25.768738+00:00,data/interim/gridsat/2013/gridsat_2013.12.07.00.nc,782955,5f489355255ab641da6e9e00c7826c9b84ce35faea2ea4b9185fffd5fe5851c5,2026-09-23T17:40:25.685407+00:00
2013-12-07T03:00:00+00:00,2013,GRIDSAT-B1.2013.12.07.03.v02r01.nc,data/interim/gridsat/2013/gridsat_2013.12.07.03.npz,527155,d865eecf3f2e57c37f1506ae6dada40e412db895d8fde7975262eedd541e38af,2026-09-23T17:40:55.491379+00:00,data/interim/gridsat/2013/gridsat_2013.12.07.03.nc,782450,fe239e8864dc8e961153eb48d4d6c3ecc3ce6e0753cac7d05449b54edda601ad,2026-09-23T17:40:55.365575+00:00
2013-12-07T06:00:00+00:00,2013,GRIDSAT-B1.2013.12.07.06.v02r01.nc,data/interim/gridsat/2013/gridsat_2013.12.07.06.npz,546697,15432ade78311e51894676487e990e00f96d0cd44ed038babc834017b9bc0c89,2026-09-23T17:41:18.202315+00:00,data/interim/gridsat/2013/gridsat_2013.12.07.06.nc,804677,ec80569ce2a2f7c8bd3aead70568d9721b8fcd9f915289c7f72f90bab3d8cb8b,2026-09-23T17:41:18.056896+00:00
2013-12-07T09:00:00+00:00,2013,GRIDSAT-B1.2013.12.07.09.v02r01.nc,data/interim/gridsat/2013/gridsat_2013.12.07.09.npz,567099,ba166e66a8222279e1ada18eb3d697b8dfb2e33def2fa97c10d63d42ac9222c6,2026-09-23T17:40:06.387222+00:00,data/interim/gridsat/2013/gridsat_2013.12.07.09.nc,827653,df4ad89d221bb0a760070b3e6c863c71dbcdf286c15704758b3ca57b6f1cd3db,2026-09-23T17:40:06.284466+00:00
2013-12-07T12:00:00+00:00,2013,GRIDSAT-B1.2013.12.07.12.v02r01.nc,data/interim/gridsat/2013/gridsat_2013.12.07.12.npz,545353,3ae9077e8e16ce50b340a491efce424b9396718d59b28d43ee96e4a1be4958e5,2026-09-23T17:41:19.246047+00:00,data/interim/gridsat/2013/gridsat_2013.12.07.12.nc,808502,2f3ddc572d95e26559c71aa0369a6435d09c9bb9c876f1edbfdc4e59d25c9c9c,2026-09-23T17:41:19.149861+00:00
2013-12-07T15:00:00+00:00,2013,GRIDSAT-B1.2013.12.07.15.v02r01.nc,data/interim/gridsat/2013/gridsat_2013.12.07.15.npz,540747,d91d62d223eab21bf242cdfa236f9cea994f0924a85ced1987007c2841b13d8a,2026-09-23T17:40:28.185332+00:00,data/interim/gridsat/2013/gridsat_2013.12.07.15.nc,803319,583178b800bfa632aa574cfc6852ca2ccbc462dcf4f83ef0509810408ae5bb66,2026-09-23T17:40:28.096414+00:00
2013-12-07T18:00:00+00:00,2013,GRIDSAT-B1.2013.12.07.18.v02r01.nc,data/interim/gridsat/2013/gridsat_2013.12.07.18.npz,542773,ffd6a415fce3860997168e51bf08754423a98c74d4f4d48ece82f84390c251e6,2026-09-23T17:41:00.968803+00:00,data/interim/gridsat/2013/gridsat_2013.12.07.18.nc,808451,52918020a0fe05ab717c159380bf218e1cbc1d8751b1c30c4640254799886a3c,2026-09-23T17:41:00.856801+00:00
2013-12-07T21:00:00+00:00,2013,GRIDSAT-B1.2013.12.07.21.v02r01.nc,data/interim/gridsat/2013/gridsat_2013.12.07.21.npz,546961,26247b1c5ffa5adffe903385e121a113c3047655cdfbb0206d364110721f21b9,2026-09-23T17:40:48.700218+00:00,data/interim/gridsat/2013/gridsat_2013.12.07.21.nc,815035,b5e8f4fe7ca8579adc69495d9fcb9a5aaf3605a103d22fc26c893477d40448c1,2026-09-23T17:40:48.604113+00:00
2013-12-08T00:00:00+00:00,2013,GRIDSAT-B1.2013.12.08.00.v02r01.nc,data/interim/gridsat/2013/gridsat_2013.12.08.00.npz,546807,30940b0ab4717920739295ff0d1b3ecf240b38c111472cc47226abb626710b51,2026-09-23T17:40:44.891845+00:00,data/interim/gridsat/2013/gridsat_2013.12.08.00.nc,814314,a98a0b2f03db9b299aa1878e46e3f4ce739b7fc865beeca828f14260ac5cef61,2026-09-23T17:40:44.809098+00:00
2013-12-08T03:00:00+00:00,2013,GRIDSAT-B1.2013.12.08.03.v02r01.nc,data/interim/gridsat/2013/gridsat_2013.12.08.03.npz,548765,5068ecfbf2d329570dff8192e4b0bcc51c5c9bb14748d64eb834aa2b437ae0cd,2026-09-23T17:41:05.824045+00:00,data/interim/gridsat/2013/gridsat_2013.12.08.03.nc,810752,f76148a67d2eb6e168f7ba1fd50341c1f5d5b94e4390c8a8e757759f0623b20d,2026-09-23T17:41:05.699097+00:00
2013-12-08T06:00:00+00:00,2013,GRIDSAT-B1.2013.12.08.06.v02r01.nc,data/interim/gridsat/2013/gridsat_2013.12.08.06.npz,568653,6acb2c8f61208167737e9745de3dd9d749b15c96c53094f379826123bd0402b8,2026-09-23T17:41:54.065351+00:00,data/interim/gridsat/2013/gridsat_2013.12.08.06.nc,828141,965ca089c061ed0ecfd403e964dc311591a96431d9dfdbbf44a6d195df51611e,2026-09-23T17:41:53.948070+00:00
2013-12-08T09:00:00+00:00,2013,GRIDSAT-B1.2013.12.08.09.v02r01.nc,data/interim/gridsat/2013/gridsat_2013.12.08.09.npz,587035,c49ce409ba70f0b35fa71b7d8758a47352316ccce01e9879eea4427d0e57c96a,2026-09-23T17:41:20.525922+00:00,data/interim/gridsat/2013/gridsat_2013.12.08.09.nc,849417,ccd4e6b87dd8a92869bfefdc56c9fabec16e311ee3fd4499f2bc8e591bf4769f,2026-09-23T17:41:20.386074+00:00
2013-12-08T12:00:00+00:00,2013,GRIDSAT-B1.2013.12.08.12.v02r01.nc,data/interim/gridsat/2013/gridsat_2013.12.08.12.npz,559359,34ac882fb9c125577cc2e99177344b14a57f3e3f60bfd0ac5ad339eb649ac695,2026-09-23T17:42:12.808930+00:00,data/interim/gridsat/2013/gridsat_2013.12.08.12.nc,820286,de29019082a3eae958b1c86bf360409c14b9b3b8b1b85059d58dd2909c22e1cb,2026-09-23T17:42:12.662541+00:00
2014-06-09T21:00:00+00:00,2014,GRIDSAT-B1.2014.06.09.21.v02r01.nc,data/interim/gridsat/2014/gridsat_2014.06.09.21.npz,583287,d46ff77ff57fcace70e56fc4295ed606d309a777633a8a2677a522a8a8c339ef,2026-09-23T17:41:45.565092+00:00,data/interim/gridsat/2014/gridsat_2014.06.09.21.nc,861372,516228067c90890784fcd554fe9ca2778e652d842091107d535945ec39912203,2026-09-23T17:41:45.425739+00:00
2014-06-10T00:00:00+00:00,2014,GRIDSAT-B1.2014.06.10.00.v02r01.nc,data/interim/gridsat/2014/gridsat_2014.06.10.00.npz,574629,e977b76267f67aef2709bc595ee44aa87b1d7ffcb0175a752c4f0f87c4b07cc6,2026-09-23T17:41:36.783920+00:00,data/interim/gridsat/2014/gridsat_2014.06.10.00.nc,854298,fab6b0ca3e997effea3145f58a6b2071b58182b05963b1e608e8a6ba6ef9e8c1,2026-09-23T17:41:36.682727+00:00
2014-06-10T03:00:00+00:00,2014,GRIDSAT-B1.2014.06.10.03.v02r01.nc,data/interim/gridsat/2014/gridsat_2014.06.10.03.npz,573899,509baa921e9c0f7366da16ceb5b67f2d545900810ac36ff9f543c8862ba5b06d,2026-09-23T17:41:42.085508+00:00,data/interim/gridsat/2014/gridsat_2014.06.10.03.nc,849781,3d07b89d47b4dacf5ae6b74772e30e893f1dc6d7fbe0f44291f1294fcb95fc37,2026-09-23T17:41:41.969138+00:00
2014-06-10T06:00:00+00:00,2014,GRIDSAT-B1.2014.06.10.06.v02r01.nc,data/interim/gridsat/2014/gridsat_2014.06.10.06.npz,603753,6477a0e84e559a4920c93861997f3dbb819e31cf3c63aa5c2db65678d4939b6d,2026-09-23T17:42:17.104953+00:00,data/interim/gridsat/2014/gridsat_2014.06.10.06.nc,875757,c4af11ca353f7bae72739c30ff80f0c21ceaf8b2bc11e7c705bb356d03225ee6,2026-09-23T17:42:16.968530+00:00
2014-06-10T09:00:00+00:00,2014,GRIDSAT-B1.2014.06.10.09.v02r01.nc,data/interim/gridsat/2014/gridsat_2014.06.10.09.npz,623655,77478fdbdee0f77a749b3ee49d4e38a5412c802b710303e585c8606eb643bdc5,2026-09-23T17:42:48.741364+00:00,data/interim/gridsat/2014/gridsat_2014.06.10.09.nc,894058,d0cd08bd1ccbf7f28e64355a089b72aef4cb9f353b785d48ddb79e5eead11372,2026-09-23T17:42:48.626540+00:00
2014-06-10T12:00:00+00:00,2014,GRIDSAT-B1.2014.06.10.12.v02r01.nc,data/interim/gridsat/2014/gridsat_2014.06.10.12.npz,615634,ec64da16dce1d69d88ee1b509cc2718500892518cfc087af1ea68d390590af13,2026-09-23T17:42:13.350573+00:00,data/interim/gridsat/2014/gridsat_2014.06.10.12.nc,887139,9c8e989fa657ab53fa3402754b92bf9bd561fd2107247c27ec9577b54d06c868,2026-09-23T17:42:13.239720+00:00
2014-06-10T15:00:00+00:00,2014,GRIDSAT-B1.2014.06.10.15.v02r01.nc,data/interim/gridsat/2014/gridsat_2014.06.10.15.npz,584643,f2f35107bf6534d411dc4446c4ff01c2ef16a03f01372b8858677a777e1c07ce,2026-09-23T17:42:22.255210+00:00,data/interim/gridsat/2014/gridsat_2014.06.10.15.nc,856122,98e36c3f3ea6530fa82c19becbccc344fa9a7caad2a8ec5921895df73cfbb786,2026-09-23T17:42:22.128226+00:00
2014-06-10T18:00:00+00:00,2014,GRIDSAT-B1.2014.06.10.18.v02r01.nc,data/interim/gridsat/2014/gridsat_2014.06.10.18.npz,573838,4a5856df36103702713e1acf94448da95f495db679c3a5a7b1c37b34226c205a,2026-09-23T17:42:21.923487+00:00,data/interim/gridsat/2014/gridsat_2014.06.10.18.nc,845930,941b4e24a1ed811b62a7c12a3b6b8795dd5242b0dd3276dc9aec7078fea7b104,2026-09-23T17:42:21.827856+00:00
2014-06-10T21:00:00+00:00,2014,GRIDSAT-B1.2014.06.10.21.v02r01.nc,data/interim/gridsat/2014/gridsat_2014.06.10.21.npz,572213,6630b2033f38bc38bea62295b3e482325e1f86ffa5e40b019ff99a974a063dce,2026-09-23T17:43:19.585621+00:00,data/interim/gridsat/2014/gridsat_2014.06.10.21.nc,846441,d9fd56ebbf45d9d77fd1e18b70b148d5ad1748ad9cf8d59b7db131e5ed8f8e7f,2026-09-23T17:43:19.498148+00:00
2014-06-11T00:00:00+00:00,2014,GRIDSAT-B1.2014.06.11.00.v02r01.nc,data/interim/gridsat/2014/gridsat_2014.06.11.00.npz,565578,a3d3fa2011b051e2a88691cb576f51f3cab16d4844f5dbce0db80339bd9b0060,2026-09-23T17:43:25.623585+00:00,data/interim/gridsat/2014/gridsat_2014.06.11.00.nc,837392,12d1d59c4e3d3ec15cdfcb84497b6e825dbc16973468c47ebb8ff3b330108876,2026-09-23T17:43:25.488290+00:00
2014-06-11T03:00:00+00:00,2014,GRIDSAT-B1.2014.06.11.03.v02r01.nc,data/interim/gridsat/2014/gridsat_2014.06.11.03.npz,564955,b9e77399fd04c8fbd87999e8353cb0c564a22fb8cdb49c8cd1c3e482545977af,2026-09-23T17:43:08.912893+00:00,data/interim/gridsat/2014/gridsat_2014.06.11.03.nc,832332,061f061f1bbbb7ac916417932d969967577e06eafc27a71ed9b5798f0db9906b,2026-09-23T17:43:08.808134+00:00
2014-06-11T06:00:00+00:00,2014,GRIDSAT-B1.2014.06.11.06.v02r01.nc,data/interim/gridsat/2014/gridsat_2014.06.11.06.npz,597234,1f7f2435a1071f8c674f7a98d36416ed7290cf84919f060211c320522a662060,2026-09-23T17:42:40.024627+00:00,data/interim/gridsat/2014/gridsat_2014.06.11.06.nc,860372,32744c9b0187f2c46be964d4aed925a6ddbb6b433f6824c9d80d7431d6dbe394,2026-09-23T17:42:39.897020+00:00
2014-06-11T09:00:00+00:00,2014,GRIDSAT-B1.2014.06.11.09.v02r01.nc,data/interim/gridsat/2014/gridsat_2014.06.11.09.npz,623972,ba03b1898aafd27f72fa9330be7cc6c1489f13c10dc71b93da5f2724379f5a7b,2026-09-23T17:42:46.766512+00:00,data/interim/gridsat/2014/gridsat_2014.06.11.09.nc,886809,4a0b947d8a8c0e992885086826d2fbee1de4c8013b4e6a03ea710e0bd372eff3,2026-09-23T17:42:46.627797+00:00
2014-06-11T12:00:00+00:00,2014,GRIDSAT-B1.2014.06.11.12.v02r01.nc,data/interim/gridsat/2014/gridsat_2014.06.11.12.npz,610089,c254b116481e934bf85ec333803423a09c5c08d1314de8f5e71e47d7d1ead3d5,2026-09-23T17:43:51.981611+00:00,data/interim/gridsat/2014/gridsat_2014.06.11.12.nc,871223,09236a81eff421aabe54e02b23424ec43b42d35e97fa9823be79b63cebccdeb3,2026-09-23T17:43:51.869811+00:00
2014-06-11T15:00:00+00:00,2014,GRIDSAT-B1.2014.06.11.15.v02r01.nc,data/interim/gridsat/2014/gridsat_2014.06.11.15.npz,576397,8cca7f0ec4f322089d1e0ea3d037ad43ec66fd22b9237a1cc1182e0ea2431c03,2026-09-23T17:43:08.076471+00:00,data/interim/gridsat/2014/gridsat_2014.06.11.15.nc,839935,20df67b1a15118a4e169cd8b6d1036401e845a1917fae865f7d2018ea2677d2d,2026-09-23T17:43:07.976930+00:00
2014-06-11T18:00:00+00:00,2014,GRIDSAT-B1.2014.06.11.18.v02r01.nc,data/interim/gridsat/2014/gridsat_2014.06.11.18.npz,567306,18f84180a162f7aee23ad9dc99c598c0dd164f99cf9de14e1bdba804204adecd,2026-09-23T17:44:12.562228+00:00,data/interim/gridsat/2014/gridsat_2014.06.11.18.nc,832597,b72494425778ae96fff465222ae39e9ea54bb70608c6d3e9a7f5a48558cd717d,2026-09-23T17:44:12.468000+00:00
2014-06-11T21:00:00+00:00,2014,GRIDSAT-B1.2014.06.11.21.v02r01.nc,data/interim/gridsat/2014/gridsat_2014.06.11.21.npz,570283,250ed7e0e53adb1107f2756f7e9ee4c6774d02d1a627a5ee2306784e08190e5e,2026-09-23T17:43:18.712794+00:00,data/interim/gridsat/2014/gridsat_2014.06.11.21.nc,837346,c81cefe3165874c9737d6003ee023ba0e81dd171f37a9fe77af604265e176c61,2026-09-23T17:43:18.621920+00:00
2014-06-12T00:00:00+00:00,2014,GRIDSAT-B1.2014.06.12.00.v02r01.nc,data/interim/gridsat/2014/gridsat_2014.06.12.00.npz,563401,550c28f39f8dbb67f67d6fd9d35bf8d51883667d4177af459746b1d04058c3d0,2026-09-23T17:43:48.287622+00:00,data/interim/gridsat/2014/gridsat_2014.06.12.00.nc,830789,786aa775422c04e196f82f3961cd0bfa050ffe196ed1b834097e45a4f87194f0,2026-09-23T17:43:48.161649+00:00
2014-08-02T21:00:00+00:00,2014,GRIDSAT-B1.2014.08.02.21.v02r01.nc,data/interim/gridsat/2014/gridsat_2014.08.02.21.npz,570001,1124385bfccbb4d70c5d36910b9d94c7df149d5f96f24ca96880f45e636e2a18,2026-09-23T17:43:28.530037+00:00,data/interim/gridsat/2014/gridsat_2014.08.02.21.nc,855648,3de0b1ac3c08c4c9045da45f138c280a1549778ded94ec2184421206aad86d36,2026-09-23T17:43:28.425445+00:00
2014-08-03T00:00:00+00:00,2014,GRIDSAT-B1.2014.08.03.00.v02r01.nc,data/interim/gridsat/2014/gridsat_2014.08.03.00.npz,562070,75d0302ff5e9742a28911b2f2a6493fe267f58148c5445af3c2a02f3b335ebff,2026-09-23T17:44:12.083359+00:00,data/interim/gridsat/2014/gridsat_2014.08.03.00.nc,845688,8b62cfd840a66ebd8f5152a085118e34e0a36088b2b3beefbf4a6c5ed67ee6f0,2026-09-23T17:44:11.980084+00:00
2014-08-03T03:00:00+00:00,2014,GRIDSAT-B1.2014.08.03.03.v02r01.nc,data/interim/gridsat/2014/gridsat_2014.08.03.03.npz,560514,1db8cac75f653c044045a2a9e45a16d55b0dede07bc2436759fe4d84234a7ec4,2026-09-23T17:44:13.739528+00:00,data/interim/gridsat/2014/gridsat_2014.08.03.03.nc,840797,75d4edeb69ee4ad383a829d55232ba8acf60be43cccce99fcf5d90ee50ec4c08,2026-09-23T17:44:13.642382+00:00
2014-08-03T06:00:00+00:00,2014,GRIDSAT-B1.2014.08.03.06.v02r01.nc,data/interim/gridsat/2014/gridsat_2014.08.03.06.npz,586672,562d2733fe9f5bd49eaab2698770d8a58c119315c76b577bc588ade899e49cb5,2026-09-23T17:44:48.153715+00:00,data/interim/gridsat/2014/gridsat_2014.08.03.06.nc,862333,4f29b6fdb3fd40510575ba2b2d75e4e4a49bf95df1357f21e76dc0dd3e00c207,2026-09-23T17:44:48.050689+00:00
2014-08-03T09:00:00+00:00,2014,GRIDSAT-B1.2014.08.03.09.v02r01.nc,data/interim/gridsat/2014/gridsat_2014.08.03.09.npz,611881,2a5e609db5431a2a64ebc9bd415fe2942a4d3a5e325866fbb13640dcd05b14f0,2026-09-23T17:44:11.797508+00:00,data/interim/gridsat/2014/gridsat_2014.08.03.09.nc,891508,2724c61519d77a13228d2e38ee1fded1aa784bcb35d3bc6c5fb2fda6abe6ebc3,2026-09-23T17:44:11.668219+00:00
2014-08-03T12:00:00+00:00,2014,GRIDSAT-B1.2014.08.03.12.v02r01.nc,data/interim/gridsat/2014/gridsat_2014.08.03.12.npz,602506,0d90d6ab5d222afd9b1c335e3f03a37c23b21159caa295ed3ecf63d4abc81f42,2026-09-23T17:44:15.987552+00:00,data/interim/gridsat/2014/gridsat_2014.08.03.12.nc,889186,ed6444ee120bfdb936876974f2e127975dbedf9d195795ae378eec9332095b46,2026-09-23T17:44:15.848687+00:00
2014-08-03T15:00:00+00:00,2014,GRIDSAT-B1.2014.08.03.15.v02r01.nc,data/interim/gridsat/2014/gridsat_2014.08.03.15.npz,576221,4431c64458da77e40f5f2594fc0e7dcff6b9d4832c8c6bbf091d984fc9384a2a,2026-09-23T17:44:33.678520+00:00,data/interim/gridsat/2014/gridsat_2014.08.03.15.nc,861649,4fab26a60bedbb0fbd4a960426ecfe0fae953a510983971cf201f994133b1e41,2026-09-23T17:44:33.584871+00:00
2014-08-03T18:00:00+00:00,2014,GRIDSAT-B1.2014.08.03.18.v02r01.nc,data/interim/gridsat/2014/gridsat_2014.08.03.18.npz,566601,67b50f7a2aede9b0c88a801209fea6d1d13cfdd632624aae48ce0707e74e9f3a,2026-09-23T17:44:43.101835+00:00,data/interim/gridsat/2014/gridsat_2014.08.03.18.nc,851192,6fee343efdecd70e73b43a87529d2d45c33bf63175af1f4b446dfa68f7dd27f8,2026-09-23T17:44:43.002683+00:00
2014-08-03T21:00:00+00:00,2014,GRIDSAT-B1.2014.08.03.21.v02r01.nc,data/interim/gridsat/2014/gridsat_2014.08.03.21.npz,516929,b3847fbd2223e0abd73f2a98d7f54e2c5f8b8d0197558f696f18eb62df3b0990,2026-09-23T17:44:40.022328+00:00,data/interim/gridsat/2014/gridsat_2014.08.03.21.nc,699779,b30cbd128910dcb8844f2214e7e743f899cc196bf7736c46793fa1853e0791fa,2026-09-23T17:44:39.924776+00:00
2014-08-04T00:00:00+00:00,2014,GRIDSAT-B1.2014.08.04.00.v02r01.nc,data/interim/gridsat/2014/gridsat_2014.08.04.00.npz,560773,8466764ea77f0ec50aaa1e4ef50b6f4380903b2fd9e4210e21a76bf6de007f47,2026-09-23T17:44:49.040600+00:00,data/interim/gridsat/2014/gridsat_2014.08.04.00.nc,846731,02fd653c8b6b4f2c7b58ce489665af6756780c2145a5a0720af58cd848482245,2026-09-23T17:44:48.940022+00:00
2014-08-04T03:00:00+00:00,2014,GRIDSAT-B1.2014.08.04.03.v02r01.nc,data/interim/gridsat/2014/gridsat_2014.08.04.03.npz,555499,99fedf1769871fc676a652916a9cc0f0ca0db4aff210fb0774f90633da0619e6,2026-09-23T17:44:58.847977+00:00,data/interim/gridsat/2014/gridsat_2014.08.04.03.nc,838822,b495410356452904d4a407cece72fda47956f82c86ae30cd319c13d2edbdadc5,2026-09-23T17:44:58.738132+00:00
2014-08-04T06:00:00+00:00,2014,GRIDSAT-B1.2014.08.04.06.v02r01.nc,data/interim/gridsat/2014/gridsat_2014.08.04.06.npz,576311,c7ed586eeb6e4cb9a029fc40ade542341699c1dd914c0a6513609d372c20fdb0,2026-09-23T17:45:03.403771+00:00,data/interim/gridsat/2014/gridsat_2014.08.04.06.nc,856581,930bc82acd5f6b168eced4d3d952756990cf2a85554ecb0b819902ba69f4751b,2026-09-23T17:45:03.306302+00:00
2014-08-04T09:00:00+00:00,2014,GRIDSAT-B1.2014.08.04.09.v02r01.nc,data/interim/gridsat/2014/gridsat_2014.08.04.09.npz,595088,9ca74e3e8adddc9de4725eba9f47882c74c38d6750b12cde85b2056aabf07a62,2026-09-23T17:45:20.125461+00:00,data/interim/gridsat/2014/gridsat_2014.08.04.09.nc,879326,e3680bf18f69935e82895310c6c24423c9eb6b5e12381588ca2212f7ce6c71c6,2026-09-23T17:45:20.025146+00:00
2014-08-04T12:00:00+00:00,2014,GRIDSAT-B1.2014.08.04.12.v02r01.nc,data/interim/gridsat/2014/gridsat_2014.08.04.12.npz,587260,34322e8011d3e44ef71ece16a7d37d46378bb3e5f367601a63fe372d7b243d55,2026-09-23T17:45:52.805617+00:00,data/interim/gridsat/2014/gridsat_2014.08.04.12.nc,875627,b8577522fdef36dba7c0d27a9f2fc1b4c7fad995256ce52f50e54e417503469a,2026-09-23T17:45:52.694602+00:00
2014-08-04T15:00:00+00:00,2014,GRIDSAT-B1.2014.08.04.15.v02r01.nc,data/interim/gridsat/2014/gridsat_2014.08.04.15.npz,570473,b045c41ef456d1897ab513cc0674aa86c78d2c74596aa11592a8545f44ecd533,2026-09-23T17:45:56.916812+00:00,data/interim/gridsat/2014/gridsat_2014.08.04.15.nc,859495,9a6b8f82f7946c824b1a792178040081d03e658205fa3d64594928be127b26c8,2026-09-23T17:45:56.797016+00:00
2014-08-04T18:00:00+00:00,2014,GRIDSAT-B1.2014.08.04.18.v02r01.nc,data/interim/gridsat/2014/gridsat_2014.08.04.18.npz,568521,d27b38fcffdf95342b2c3401340696dedd44b61c3c9654fe680e7b58fca3d78a,2026-09-23T17:45:58.270705+00:00,data/interim/gridsat/2014/gridsat_2014.08.04.18.nc,858728,a498c5f9fa1432d2c6d050b5eab39d1e10ba8bd488466a1d1275ebd3cc688ef4,2026-09-23T17:45:58.166416+00:00
2014-08-04T21:00:00+00:00,2014,GRIDSAT-B1.2014.08.04.21.v02r01.nc,data/interim/gridsat/2014/gridsat_2014.08.04.21.npz,567988,533c99eaba35594ea9c6ce4ae2506a551fa91b655d715e850a7fa2473a6fd025,2026-09-23T17:45:21.820296+00:00,data/interim/gridsat/2014/gridsat_2014.08.04.21.nc,861617,4568b91bd9531ca7b695d4b8b59a51060beac5d0735eb0332a6eccf18997b7bd,2026-09-23T17:45:21.700368+00:00
2014-08-05T00:00:00+00:00,2014,GRIDSAT-B1.2014.08.05.00.v02r01.nc,data/interim/gridsat/2014/gridsat_2014.08.05.00.npz,561547,0cd97c6f72c0838a2972ea18d5377498d0fdccd8489920a65cd3b2b54cb263b1,2026-09-23T17:45:57.951361+00:00,data/interim/gridsat/2014/gridsat_2014.08.05.00.nc,855628,8c4ef232c5a40dea406d796d1d21f7b97ea393396af07b89490c3dbd76a6a7ab,2026-09-23T17:45:57.825978+00:00
2014-10-24T09:00:00+00:00,2014,GRIDSAT-B1.2014.10.24.09.v02r01.nc,data/interim/gridsat/2014/gridsat_2014.10.24.09.npz,549649,6320d9e984008074e1d0b4506ce9e449678549543ac9678a6827c2748b5b3308,2026-09-23T17:45:31.822098+00:00,data/interim/gridsat/2014/gridsat_2014.10.24.09.nc,829737,e933e4acc44d4ee496c79c5252bef7b37337ead7094afdb89d61897438891ddd,2026-09-23T17:45:31.729340+00:00
2014-10-24T12:00:00+00:00,2014,GRIDSAT-B1.2014.10.24.12.v02r01.nc,data/interim/gridsat/2014/gridsat_2014.10.24.12.npz,523560,66072755c616a826ae193f66208dd3af629689c0cf5b3c07e9fbc5474f553d9d,2026-09-23T17:46:11.437273+00:00,data/interim/gridsat/2014/gridsat_2014.10.24.12.nc,804253,b561aec66a97420699bc8242daffd2f35f1960701f2709aaaf417b6121689372,2026-09-23T17:46:11.285668+00:00
2014-10-24T15:00:00+00:00,2014,GRIDSAT-B1.2014.10.24.15.v02r01.nc,data/interim/gridsat/2014/gridsat_2014.10.24.15.npz,498963,7c652f71f0de74f47b03a4491cff30ed3978e9626838612293e26a89c8772b2d,2026-09-23T17:45:49.303437+00:00,data/interim/gridsat/2014/gridsat_2014.10.24.15.nc,774905,07a3f95ae880b5f0d9afcc980eef06831674a1d74c5ae664324deb2c8d36359a,2026-09-23T17:45:49.182150+00:00
2014-10-24T18:00:00+00:00,2014,GRIDSAT-B1.2014.10.24.18.v02r01.nc,data/interim/gridsat/2014/gridsat_2014.10.24.18.npz,496802,85b148f3c74d65490a87e677d052f447cb9e0a35c0386435e544a52ef309dc35,2026-09-23T17:46:22.888460+00:00,data/interim/gridsat/2014/gridsat_2014.10.24.18.nc,772973,0a0bd19a5cda6a46f8c437a93bab1c046599d44c6a3039abbc235aa7060a559d,2026-09-23T17:46:22.757577+00:00
2014-10-24T21:00:00+00:00,2014,GRIDSAT-B1.2014.10.24.21.v02r01.nc,data/interim/gridsat/2014/gridsat_2014.10.24.21.npz,499143,555bacdbb7476c027aa6e593a72c1280b367e7700a8bd301311afec188c5aa17,2026-09-23T17:46:14.836335+00:00,data/interim/gridsat/2014/gridsat_2014.10.24.21.nc,778834,88e790b197929d5c27daee81e8a1c6802bbe8a6c9af61d4a03ca96265646d366,2026-09-23T17:46:14.741008+00:00
2014-10-25T00:00:00+00:00,2014,GRIDSAT-B1.2014.10.25.00.v02r01.nc,data/interim/gridsat/2014/gridsat_2014.10.25.00.npz,498317,6509c8e062e117a40d7c85ecd3d89c3be9740f252460ff2dac4f378917fff27e,2026-09-23T17:46:29.408942+00:00,data/interim/gridsat/2014/gridsat_2014.10.25.00.nc,778177,bab391036aa70b5c5b7b37cbdcc300765c0dd9bd5fefc7c6123d788dbb4cad22,2026-09-23T17:46:29.292480+00:00
2014-10-25T03:00:00+00:00,2014,GRIDSAT-B1.2014.10.25.03.v02r01.nc,data/interim/gridsat/2014/gridsat_2014.10.25.03.npz,493845,2153b1d0bc43b9171e2ab759ee0a8691a857278f8ebf7728f919f08994fb2164,2026-09-23T17:46:41.312249+00:00,data/interim/gridsat/2014/gridsat_2014.10.25.03.nc,768772,4c4bf476758375ff52b765e5549069d4dfe233dc5e897f30e31aeda4287a3699,2026-09-23T17:46:41.201313+00:00
2014-10-25T06:00:00+00:00,2014,GRIDSAT-B1.2014.10.25.06.v02r01.nc,data/interim/gridsat/2014/gridsat_2014.10.25.06.npz,518017,b08b86a9d4b48377b0c520c1e9e270e0cacd6759ed8bc253d9109bdd7f5dcd95,2026-09-23T17:46:43.056201+00:00,data/interim/gridsat/2014/gridsat_2014.10.25.06.nc,785182,560050b14fe569a7e995387c0fc0625c228f3fae80ce6ca05196d8cb23ddf4de,2026-09-23T17:46:42.909011+00:00
2014-10-25T09:00:00+00:00,2014,GRIDSAT-B1.2014.10.25.09.v02r01.nc,data/interim/gridsat/2014/gridsat_2014.10.25.09.npz,540459,5cc31726f08f155b2a8cf2c56c076d6008edc9a38346816cd2af642c84f56438,2026-09-23T17:47:12.269432+00:00,data/interim/gridsat/2014/gridsat_2014.10.25.09.nc,818783,e1fdb479a8b3abac6eb37e8af02f55693407ac2507f198408ac9d335f2c37a3f,2026-09-23T17:47:12.184703+00:00
2014-10-25T12:00:00+00:00,2014,GRIDSAT-B1.2014.10.25.12.v02r01.nc,data/interim/gridsat/2014/gridsat_2014.10.25.12.npz,514889,7511c4c0912e6d68a84598f46e75ce08a6b9d7207198412f408e8040434af1a9,2026-09-23T17:47:29.165195+00:00,data/interim/gridsat/2014/gridsat_2014.10.25.12.nc,793115,25c2871871ae4197dd65856c58714ba37d3728c220cb04086b400e47cd2ae72b,2026-09-23T17:47:29.053182+00:00
2014-10-25T15:00:00+00:00,2014,GRIDSAT-B1.2014.10.25.15.v02r01.nc,data/interim/gridsat/2014/gridsat_2014.10.25.15.npz,489980,64f411e8776b46e0ee691bea01e33e5671ab1d6b572b45156874d6a45da5bba2,2026-09-23T17:47:02.269077+00:00,data/interim/gridsat/2014/gridsat_2014.10.25.15.nc,760833,5b4d1c394ebf7b21801f032735d6866e390b3a6986bd4bd8ee9cb15e14327e3b,2026-09-23T17:47:02.144735+00:00
2014-10-25T18:00:00+00:00,2014,GRIDSAT-B1.2014.10.25.18.v02r01.nc,data/interim/gridsat/2014/gridsat_2014.10.25.18.npz,488198,7c2ae748fc4175c936681a97eb057fdefb1629baabc61620dfdbd2823fb3c784,2026-09-23T17:47:12.484998+00:00,data/interim/gridsat/2014/gridsat_2014.10.25.18.nc,758233,77c271945f8b5c7cad10f54c60ffed168ddc77a0abadc62261cf589df4daa821,2026-09-23T17:47:12.394672+00:00
2014-10-25T21:00:00+00:00,2014,GRIDSAT-B1.2014.10.25.21.v02r01.nc,data/interim/gridsat/2014/gridsat_2014.10.25.21.npz,493342,1cf27b11aff3af2569a5007c01aaa2d74596cfc4143c2f0c1f0fb426d1056da4,2026-09-23T17:46:52.703747+00:00,data/interim/gridsat/2014/gridsat_2014.10.25.21.nc,764898,f9d0e462008086e4e975dcf7bba2021832b6dd9378022f5683e69b83cad7a942,2026-09-23T17:46:52.610171+00:00
2014-10-26T00:00:00+00:00,2014,GRIDSAT-B1.2014.10.26.00.v02r01.nc,data/interim/gridsat/2014/gridsat_2014.10.26.00.npz,493793,b94515c2fc31cc95db1b58afb04e6162c8014fa901924356e11f14201f5d83f2,2026-09-23T17:47:47.226989+00:00,data/interim/gridsat/2014/gridsat_2014.10.26.00.nc,768204,0ba1fb9ccb26af95506ea365e20519b707991f488697bc5b78d77ddf428d84dd,2026-09-23T17:47:47.130246+00:00
2014-11-04T21:00:00+00:00,2014,GRIDSAT-B1.2014.11.04.21.v02r01.nc,data/interim/gridsat/2014/gridsat_2014.11.04.21.npz,494951,a9a9bc02d84b5846bb9b2f54837cb5cd151b6d60ea108af48de8d444f678fb8e,2026-09-23T17:47:13.865962+00:00,data/interim/gridsat/2014/gridsat_2014.11.04.21.nc,756765,f623277e6a664035c3fb0bb05ba5ff3f9cbf5eca55c085fa7bbfdb2dd05c7285,2026-09-23T17:47:13.739137+00:00
2014-11-05T00:00:00+00:00,2014,GRIDSAT-B1.2014.11.05.00.v02r01.nc,data/interim/gridsat/2014/gridsat_2014.11.05.00.npz,491858,92416dc0b093f3f65378c9ef737729a5a2043d4b928457745015bbeeedb0fa40,2026-09-23T17:48:13.019179+00:00,data/interim/gridsat/2014/gridsat_2014.11.05.00.nc,753910,aa2767ebed39df3dd7cc41cd000ea7ae632a9869ef3baef12cc77d5339ec8700,2026-09-23T17:48:12.919992+00:00
2014-11-05T03:00:00+00:00,2014,GRIDSAT-B1.2014.11.05.03.v02r01.nc,data/interim/gridsat/2014/gridsat_2014.11.05.03.npz,493758,9fcb6f7d2d4b4c778f2b27af14c4f46b2008d61d6da511823d4d8790825a59f3,2026-09-23T17:47:35.406988+00:00,data/interim/gridsat/2014/gridsat_2014.11.05.03.nc,751671,a223d6931873bcfaa9b47e0efa5ac5fd71a2e0686e4c34f35359bef29459ba37,2026-09-23T17:47:35.290124+00:00
2014-11-05T06:00:00+00:00,2014,GRIDSAT-B1.2014.11.05.06.v02r01.nc,data/interim/gridsat/2014/gridsat_2014.11.05.06.npz,518959,6e8b76e063a69078118dbffca7135b3e307a358a40357d17efd242d7fdb707af,2026-09-23T17:47:45.812979+00:00,data/interim/gridsat/2014/gridsat_2014.11.05.06.nc,775004,4f0e3a626f5bbaa1ca14753bb922574fc634fe684c867daaeb0321556ecfd6e1,2026-09-23T17:47:45.703534+00:00
2014-11-05T09:00:00+00:00,2014,GRIDSAT-B1.2014.11.05.09.v02r01.nc,data/interim/gridsat/2014/gridsat_2014.11.05.09.npz,539172,90c35af2573d7f95dde04e463e81b2060eb5dd9305d8aeb453d8f3d942cd0082,2026-09-23T17:48:11.772487+00:00,data/interim/gridsat/2014/gridsat_2014.11.05.09.nc,801137,8c9b127cd3c043733c28916b7a8dfed6584f6e37328faafebcfa8c21aceaf70d,2026-09-23T17:48:11.661177+00:00
2014-11-05T12:00:00+00:00,2014,GRIDSAT-B1.2014.11.05.12.v02r01.nc,data/interim/gridsat/2014/gridsat_2014.11.05.12.npz,518764,5f83c29a7b8004590298b4963c39105dc54349fc8e71e76c75bfc450c8047f25,2026-09-23T17:48:35.264898+00:00,data/interim/gridsat/2014/gridsat_2014.11.05.12.nc,782131,3c5e2485b2a0cc64c40a2725258553aad85753a0063fe4cf3f6703d2306dd808,2026-09-23T17:48:35.141908+00:00
2014-11-05T15:00:00+00:00,2014,GRIDSAT-B1.2014.11.05.15.v02r01.nc,data/interim/gridsat/2014/gridsat_2014.11.05.15.npz,497567,1eaa5d46369068acf9fb8ba6dbef83d86faab45e155533cd501e05b8d89655ad,2026-09-23T17:49:37.649427+00:00,data/interim/gridsat/2014/gridsat_2014.11.05.15.nc,755714,e11fe5a5f1c0783b914a51b5153e034e5c6b52ba3aff3f35a303e002436bf456,2026-09-23T17:49:37.565865+00:00
2014-11-05T18:00:00+00:00,2014,GRIDSAT-B1.2014.11.05.18.v02r01.nc,data/interim/gridsat/2014/gridsat_2014.11.05.18.npz,494713,62dc3953928d6fdc91307ad6642e2ccfe24a87d3e3ff1ada1bc3f94517fdd511,2026-09-23T17:48:17.995008+00:00,data/interim/gridsat/2014/gridsat_2014.11.05.18.nc,752992,67511b7d142eadde88bcd801793290ec2341368fe111c5ff260367058d2f5deb,2026-09-23T17:48:17.873299+00:00
2014-11-05T21:00:00+00:00,2014,GRIDSAT-B1.2014.11.05.21.v02r01.nc,data/interim/gridsat/2014/gridsat_2014.11.05.21.npz,492168,606a47da54767c139cc72dbcc7de352d7f5fa8665cb68477e9ffff327f5a74dd,2026-09-23T17:48:26.284686+00:00,data/interim/gridsat/2014/gridsat_2014.11.05.21.nc,751392,7c78c10cabe54fc1e14c521b2921bd7becb65cdd4e4f9354937065274fce1e3d,2026-09-23T17:48:26.184975+00:00
2014-11-06T00:00:00+00:00,2014,GRIDSAT-B1.2014.11.06.00.v02r01.nc,data/interim/gridsat/2014/gridsat_2014.11.06.00.npz,485905,36e7593818839360be17f199bb5ee8411f06e96753e1ade40fc88f4f8c0f232d,2026-09-23T17:48:25.444841+00:00,data/interim/gridsat/2014/gridsat_2014.11.06.00.nc,743511,226531de5a73ab2dbe83cfbd00e557fd249039aafe1c1ab4eeb823edaaa3bafd,2026-09-23T17:48:25.324964+00:00
2015-06-21T15:00:00+00:00,2015,GRIDSAT-B1.2015.06.21.15.v02r01.nc,data/interim/gridsat/2015/gridsat_2015.06.21.15.npz,542638,8ad62a89205382ac212cd789f67ea750b67f3bf8e155d59b95df08e3dc13d3f7,2026-09-23T17:49:53.886017+00:00,data/interim/gridsat/2015/gridsat_2015.06.21.15.nc,818588,82f3c5c5bce2ebd83fbc5809331bb8dfc4d0d15fbeea77027c127c32589db194,2026-09-23T17:49:53.776310+00:00
2015-06-21T18:00:00+00:00,2015,GRIDSAT-B1.2015.06.21.18.v02r01.nc,data/interim/gridsat/2015/gridsat_2015.06.21.18.npz,541308,2884806ee3a0dfcc8890592ea07dff4ca687c97b279a66c44d0f1642bb139e7c,2026-09-23T17:49:24.981761+00:00,data/interim/gridsat/2015/gridsat_2015.06.21.18.nc,819095,64a128cb71eb9cb85daf5c04f1f46e6a7a6a8acfe12c5ec405ee1a8eb6d79f48,2026-09-23T17:49:24.880347+00:00
2015-06-21T21:00:00+00:00,2015,GRIDSAT-B1.2015.06.21.21.v02r01.nc,data/interim/gridsat/2015/gridsat_2015.06.21.21.npz,540902,9e44d4f10f3ab6a31c9f31c1e1930dec7b874df2d5346bb8da1933b324bedbbc,2026-09-23T17:48:35.696836+00:00,data/interim/gridsat/2015/gridsat_2015.06.21.21.nc,819694,a62d950f1f4037741bd5fa35958433bcf8d04abe0f979fec378821222e3c5227,2026-09-23T17:48:35.560366+00:00
2015-06-22T00:00:00+00:00,2015,GRIDSAT-B1.2015.06.22.00.v02r01.nc,data/interim/gridsat/2015/gridsat_2015.06.22.00.npz,541553,4ee5d9c359f6b7b016d2cb2662ffcd51e131e8a759b9d534617c6ef8afc58e64,2026-09-23T17:49:29.381449+00:00,data/interim/gridsat/2015/gridsat_2015.06.22.00.nc,818263,df5fc621b8cedc9bed3895f48ab26aa4a81b4900be0f2337255828202e3f15e6,2026-09-23T17:49:29.295396+00:00
2015-06-22T03:00:00+00:00,2015,GRIDSAT-B1.2015.06.22.03.v02r01.nc,data/interim/gridsat/2015/gridsat_2015.06.22.03.npz,537294,6c8d8273c8727e1903f2742dffb564a6d0833a256ab0d83f188359f41eaec9ce,2026-09-23T17:48:49.386215+00:00,data/interim/gridsat/2015/gridsat_2015.06.22.03.nc,806628,b2fb94f48c2b0e67427b59be1fafb4a2cb283153740d3c599bcf5813a2df4f18,2026-09-23T17:48:49.283612+00:00
2015-06-22T06:00:00+00:00,2015,GRIDSAT-B1.2015.06.22.06.v02r01.nc,data/interim/gridsat/2015/gridsat_2015.06.22.06.npz,552267,3b8ab2b325c44ae4ddd4d920c85a4729e06745f08afcf0d31794d9eed5f479bc,2026-09-23T17:49:34.404081+00:00,data/interim/gridsat/2015/gridsat_2015.06.22.06.nc,814948,01e91fe70ef555e753c9e93dc97933f580d5fa9243ef3186dcf71d6b327a14c5,2026-09-23T17:49:34.309193+00:00
2015-06-22T09:00:00+00:00,2015,GRIDSAT-B1.2015.06.22.09.v02r01.nc,data/interim/gridsat/2015/gridsat_2015.06.22.09.npz,565476,4ff2e87f7ad59f6c8f0f39f63bada25dcacb7db3029e6747d3405155136eb7aa,2026-09-23T17:48:59.885113+00:00,data/interim/gridsat/2015/gridsat_2015.06.22.09.nc,830679,0040d072d96995cd317a1446e04e218e1e6829db3b38e51a23ed1aaa25c74984,2026-09-23T17:48:59.784305+00:00
2015-06-22T12:00:00+00:00,2015,GRIDSAT-B1.2015.06.22.12.v02r01.nc,data/interim/gridsat/2015/gridsat_2015.06.22.12.npz,554475,513e71ae65acbeaf18cb00d74e2aee88c314411158ea40edc61c5337654ac1bf,2026-09-23T17:49:14.226131+00:00,data/interim/gridsat/2015/gridsat_2015.06.22.12.nc,822673,1705546bbacd861a57e0854a1e8ad3d190d2a5ee0d23cba7b457f153ef3bc81c,2026-09-23T17:49:14.101145+00:00
2015-06-22T15:00:00+00:00,2015,GRIDSAT-B1.2015.06.22.15.v02r01.nc,data/interim/gridsat/2015/gridsat_2015.06.22.15.npz,529169,def26cd86881c60a37339597b299dd3ee777baabe483719e1c3c70534726dae1,2026-09-23T17:50:24.325312+00:00,data/interim/gridsat/2015/gridsat_2015.06.22.15.nc,794169,f72e0f7f7ae8eb1cd1443c257201c720b37dbeba19eaeeff49aba45bfe8907a8,2026-09-23T17:50:24.233481+00:00
2015-06-22T18:00:00+00:00,2015,GRIDSAT-B1.2015.06.22.18.v02r01.nc,data/interim/gridsat/2015/gridsat_2015.06.22.18.npz,525648,bf0b57875ccfdaab04efff79662dfc394b7e93c029eeaf8cf663fc82d2d49fde,2026-09-23T17:49:41.573502+00:00,data/interim/gridsat/2015/gridsat_2015.06.22.18.nc,792836,03d9cbbcf71bc9ce08858e33809aac3df06d83f95a61a3fb60ad30ce3d2a3fff,2026-09-23T17:49:41.466235+00:00
2015-07-09T12:00:00+00:00,2015,GRIDSAT-B1.2015.07.09.12.v02r01.nc,data/interim/gridsat/2015/gridsat_2015.07.09.12.npz,553300,feea1f63a57caa405306f099b204bfbe325ab2d6040a5b0a41555fd0a41250fd,2026-09-23T17:50:20.329374+00:00,data/interim/gridsat/2015/gridsat_2015.07.09.12.nc,815328,765b15afbc2d61d2a59dad88678a26b73e4485ecbf86c7cc880e95c9c3e55690,2026-09-23T17:50:20.240378+00:00
2015-07-09T15:00:00+00:00,2015,GRIDSAT-B1.2015.07.09.15.v02r01.nc,data/interim/gridsat/2015/gridsat_2015.07.09.15.npz,532154,535d030fcf1ef5cfb88107dd14050144788fafbbab3baa9d0bed6a700b1f1fec,2026-09-23T17:51:13.207405+00:00,data/interim/gridsat/2015/gridsat_2015.07.09.15.nc,793060,2dae1a31b1ac13e6ff1c92f885b4cdcd33d5868712acb8c9e85430dc205106c5,2026-09-23T17:51:13.100698+00:00
2015-07-09T18:00:00+00:00,2015,GRIDSAT-B1.2015.07.09.18.v02r01.nc,data/interim/gridsat/2015/gridsat_2015.07.09.18.npz,529334,3fc2dd064dd650312175389aeb151f8fae00a63439ca9906e18d6df54fc36bcf,2026-09-23T17:50:15.342625+00:00,data/interim/gridsat/2015/gridsat_2015.07.09.18.nc,795838,3cc3f837f85491db7b510d9f01c0849024b0f140886c52de4ce5ef477a018201,2026-09-23T17:50:15.221188+00:00
2015-07-09T21:00:00+00:00,2015,GRIDSAT-B1.2015.07.09.21.v02r01.nc,data/interim/gridsat/2015/gridsat_2015.07.09.21.npz,536755,56e6b971973586e3a74554298d86b6aee7f0a451b78830ef92e9132aa7db4ac3,2026-09-23T17:50:16.938102+00:00,data/interim/gridsat/2015/gridsat_2015.07.09.21.nc,807030,d019a074360333a7ac617ff6d82dba9bb15eca0187159b9986bcff9d6e8dc923,2026-09-23T17:50:16.837542+00:00
2015-07-10T00:00:00+00:00,2015,GRIDSAT-B1.2015.07.10.00.v02r01.nc,data/interim/gridsat/2015/gridsat_2015.07.10.00.npz,539362,0471eb5e009ab1e0d02be43f7ccb6da59cdb0f920b27dffbf8c4d724e5d5a269,2026-09-23T17:50:11.254875+00:00,data/interim/gridsat/2015/gridsat_2015.07.10.00.nc,810972,1f0e11bb12674cd9294932d90890ac9ba9876a673ce574b6a74581708b12b30c,2026-09-23T17:50:11.167601+00:00
2015-07-10T03:00:00+00:00,2015,GRIDSAT-B1.2015.07.10.03.v02r01.nc,data/interim/gridsat/2015/gridsat_2015.07.10.03.npz,541593,50e28e5c3036dbe0de551d5bda1e26974d713d43df9b104d1e8db09e0c547503,2026-09-23T17:51:04.476669+00:00,data/interim/gridsat/2015/gridsat_2015.07.10.03.nc,809886,472c4b7b21b949d8ca1135826512d3de2ac30d8818c5d46cdce16db79c1f3bb7,2026-09-23T17:51:04.356663+00:00
2015-07-10T06:00:00+00:00,2015,GRIDSAT-B1.2015.07.10.06.v02r01.nc,data/interim/gridsat/2015/gridsat_2015.07.10.06.npz,560673,c092e2daac13d6875c3210a603af7188ab81c5794f630ab9fea241db23361830,2026-09-23T17:50:30.901512+00:00,data/interim/gridsat/2015/gridsat_2015.07.10.06.nc,822104,8ed11565f684b499579eee24470a764dfc54d882f253e884fed5103315f08aed,2026-09-23T17:50:30.778957+00:00
2015-07-10T09:00:00+00:00,2015,GRIDSAT-B1.2015.07.10.09.v02r01.nc,data/interim/gridsat/2015/gridsat_2015.07.10.09.npz,575166,4728973929fa1e930a59ddc10ad1098568ee08bdfabe6bd386f56e583dc9f38f,2026-09-23T17:51:01.485860+00:00,data/interim/gridsat/2015/gridsat_2015.07.10.09.nc,843199,8dd9977331b6f527cb8ab4abc21072f531e5090f3ca8ca821bfb93e73eec0ef0,2026-09-23T17:51:01.399393+00:00
2015-07-25T09:00:00+00:00,2015,GRIDSAT-B1.2015.07.25.09.v02r01.nc,data/interim/gridsat/2015/gridsat_2015.07.25.09.npz,608818,f69a44e415b3b322e0f04e389498b12516900883ed45b2e20554b0ba1bedadd5,2026-09-23T17:50:58.923150+00:00,data/interim/gridsat/2015/gridsat_2015.07.25.09.nc,892048,176c03331defa2ac8fd91cdcebd39f4110f55f6dba805ec6a2039311405ec629,2026-09-23T17:50:58.825154+00:00
2015-07-25T12:00:00+00:00,2015,GRIDSAT-B1.2015.07.25.12.v02r01.nc,data/interim/gridsat/2015/gridsat_2015.07.25.12.npz,605172,c01ce3d15ef3b2751b63c9d088035ca2c01903d4132a7b4f191afd6354640770,2026-09-23T17:51:22.668713+00:00,data/interim/gridsat/2015/gridsat_2015.07.25.12.nc,894381,42b046aca7be958e55a8862d2c34047bcffe910d31203920347e69b58b426f02,2026-09-23T17:51:22.564755+00:00
2015-07-25T15:00:00+00:00,2015,GRIDSAT-B1.2015.07.25.15.v02r01.nc,data/interim/gridsat/2015/gridsat_2015.07.25.15.npz,574679,a61e4f74b58299ecb264bf7bcd10c2b4c775b2286e911208046e724e92f665ff,2026-09-23T17:51:01.544562+00:00,data/interim/gridsat/2015/gridsat_2015.07.25.15.nc,862068,d3ae3f4386d6a2110b2c8e166043f6fbf80e5894864f00627698341358023e04,2026-09-23T17:51:01.457838+00:00
2015-07-25T18:00:00+00:00,2015,GRIDSAT-B1.2015.07.25.18.v02r01.nc,data/interim/gridsat/2015/gridsat_2015.07.25.18.npz,563622,1e9da671faf69e77c7605ad1f6398502f084d5e121a00ba96a83110715245026,2026-09-23T17:51:25.225650+00:00,data/interim/gridsat/2015/gridsat_2015.07.25.18.nc,852814,31b5bae4c18c23eb0243275f79ed8061d3ec849d1f1367d635da1000e19ecf2c,2026-09-23T17:51:25.103093+00:00
2015-07-25T21:00:00+00:00,2015,GRIDSAT-B1.2015.07.25.21.v02r01.nc,data/interim/gridsat/2015/gridsat_2015.07.25.21.npz,560628,03ca44f13e101a077ec302466c7f90df1e92d7930a6332c8002cddb90892d8e5,2026-09-23T17:52:02.301390+00:00,data/interim/gridsat/2015/gridsat_2015.07.25.21.nc,853171,91fd5c76b5b3a9d7de9f7e20d613dc3913ca3dae72ab9bea513f8af8719020b8,2026-09-23T17:52:02.173130+00:00
2015-07-26T00:00:00+00:00,2015,GRIDSAT-B1.2015.07.26.00.v02r01.nc,data/interim/gridsat/2015/gridsat_2015.07.26.00.npz,556151,8380807c7d9e1fb05aedde7324d311086e6a82bdf3bfd67d92b45cd39c64058b,2026-09-23T17:51:30.488087+00:00,data/interim/gridsat/2015/gridsat_2015.07.26.00.nc,845502,3fac1e1783dcc3d2e8211703dfa8025c716f4223fa187c786ed639d2dc429e65,2026-09-23T17:51:30.364665+00:00
2015-07-26T03:00:00+00:00,2015,GRIDSAT-B1.2015.07.26.03.v02r01.nc,data/interim/gridsat/2015/gridsat_2015.07.26.03.npz,553389,547819791dfa64dfa2de247823b17237cb367404c94b998409ca5b2fd2f3279a,2026-09-23T17:51:39.981571+00:00,data/interim/gridsat/2015/gridsat_2015.07.26.03.nc,837830,c72cf137ae76c908a32b9f8e5d476fc130c1ae076deb8acd49f36087f35719b1,2026-09-23T17:51:39.828102+00:00
2015-07-26T06:00:00+00:00,2015,GRIDSAT-B1.2015.07.26.06.v02r01.nc,data/interim/gridsat/2015/gridsat_2015.07.26.06.npz,570058,1b025960b0953ac4304aa47660136dcc937c251968f6577bfb47bd524c744125,2026-09-23T17:51:43.912801+00:00,data/interim/gridsat/2015/gridsat_2015.07.26.06.nc,846925,57320f7e96ce22cb6a0b23eda2ef460b8abb891007b6e92b9880a255944a2bcd,2026-09-23T17:51:43.817413+00:00
2015-07-26T09:00:00+00:00,2015,GRIDSAT-B1.2015.07.26.09.v02r01.nc,data/interim/gridsat/2015/gridsat_2015.07.26.09.npz,585619,54f3147de8d6feaa6192cbcb705948bd3fc91cdddd294334cb41fb482e9f31cd,2026-09-23T17:52:04.485964+00:00,data/interim/gridsat/2015/gridsat_2015.07.26.09.nc,867048,732392208d0c535b38074ef63522c3d4f90fbeb8e59678c74aff790680ed4cd7,2026-09-23T17:52:04.389060+00:00
2015-07-26T12:00:00+00:00,2015,GRIDSAT-B1.2015.07.26.12.v02r01.nc,data/interim/gridsat/2015/gridsat_2015.07.26.12.npz,574644,d031a3b38ef8f1ca68ef0903447988de7ab419b4f7676e60954bb0617cec408e,2026-09-23T17:52:07.779035+00:00,data/interim/gridsat/2015/gridsat_2015.07.26.12.nc,857825,f0625d28ca0a3b25f6f7ae66c0e8ecafc3181a9cb8e4abb0df0a28b989399b30,2026-09-23T17:52:07.633855+00:00
2015-07-26T15:00:00+00:00,2015,GRIDSAT-B1.2015.07.26.15.v02r01.nc,data/interim/gridsat/2015/gridsat_2015.07.26.15.npz,552596,2dc22a61df54089fad9c29f879ce81bed36478824aeefae3fdde51a5a61ef969,2026-09-23T17:53:07.482178+00:00,data/interim/gridsat/2015/gridsat_2015.07.26.15.nc,832758,24d6014a5244be5a3f15094d90d6d464e18c101ea16a0427c8c3a37ee42cffea,2026-09-23T17:53:07.368610+00:00
2015-07-26T18:00:00+00:00,2015,GRIDSAT-B1.2015.07.26.18.v02r01.nc,data/interim/gridsat/2015/gridsat_2015.07.26.18.npz,549764,5bb89a37c1c2a9f05049b7fe5f5fc6d7b5f204f86e38fd3a4a98869d4a29a9e3,2026-09-23T17:52:05.293186+00:00,data/interim/gridsat/2015/gridsat_2015.07.26.18.nc,833279,b24e4701ca36782f1eae57dc64410a3c99685a4295c99e328d478d6a2f04d28e,2026-09-23T17:52:05.200741+00:00
2015-07-26T21:00:00+00:00,2015,GRIDSAT-B1.2015.07.26.21.v02r01.nc,data/interim/gridsat/2015/gridsat_2015.07.26.21.npz,554749,ee91add3457b87f8f3097539b9c7b44d7336055140372a0899ba5f1e16efcbdf,2026-09-23T17:52:26.637539+00:00,data/interim/gridsat/2015/gridsat_2015.07.26.21.nc,842582,7a9de83791358e4745dc29902c1a5ef16a11253a5cd3adf3a0734ebb57b0d7a3,2026-09-23T17:52:26.529576+00:00
2015-07-27T00:00:00+00:00,2015,GRIDSAT-B1.2015.07.27.00.v02r01.nc,data/interim/gridsat/2015/gridsat_2015.07.27.00.npz,556444,3b5d3227a397b4210b851dd8448179f7baa4274e2de2e0a2688b1bcca6bb92e6,2026-09-23T17:53:04.345002+00:00,data/interim/gridsat/2015/gridsat_2015.07.27.00.nc,843499,588c01d7644b2ccda6a682edf25a3d18d65086a79da0a59b114424e134540d69,2026-09-23T17:53:04.229701+00:00
2015-07-27T03:00:00+00:00,2015,GRIDSAT-B1.2015.07.27.03.v02r01.nc,data/interim/gridsat/2015/gridsat_2015.07.27.03.npz,562048,7bce4c193d2957b5adeddc6cdfaf2c1f16047334ea8637f8aff9f3607f380641,2026-09-23T17:52:25.133222+00:00,data/interim/gridsat/2015/gridsat_2015.07.27.03.nc,844038,7ce9445def803cb9dc74106f77beb9e29e11b0d01c8d5f17fcb623397ea5ef7b,2026-09-23T17:52:25.008048+00:00
2015-07-27T06:00:00+00:00,2015,GRIDSAT-B1.2015.07.27.06.v02r01.nc,data/interim/gridsat/2015/gridsat_2015.07.27.06.npz,578420,63a8b9ac07278463e8ae87f056953a819f3c8a3e7f9d863b283c76ac31a3e4d8,2026-09-23T17:52:56.044583+00:00,data/interim/gridsat/2015/gridsat_2015.07.27.06.nc,856327,5a4ac0a9cf2c1f75cc6d9f568d4fe6dad17329fc2a004e7666cc2fedfecdf744,2026-09-23T17:52:55.940551+00:00
2015-07-27T09:00:00+00:00,2015,GRIDSAT-B1.2015.07.27.09.v02r01.nc,data/interim/gridsat/2015/gridsat_2015.07.27.09.npz,597741,d0b2d9b1d1a6e1d7a5d1473910f2f02185c763d1cbcfa0e5e6c5d79bf76a96ac,2026-09-23T17:53:12.792092+00:00,data/interim/gridsat/2015/gridsat_2015.07.27.09.nc,882152,0940f8542dcd9d76a8554c88200151d4340a872c137bff6e99765dde6811da21,2026-09-23T17:53:12.666893+00:00
2015-07-27T12:00:00+00:00,2015,GRIDSAT-B1.2015.07.27.12.v02r01.nc,data/interim/gridsat/2015/gridsat_2015.07.27.12.npz,593494,f92130c10103edd385cd6e603809b379ec12fa4422cc00cae938db6996b0e6f3,2026-09-23T17:52:39.340334+00:00,data/interim/gridsat/2015/gridsat_2015.07.27.12.nc,876995,ee117f3e57f17729c24d143d196008f6ada05e93cd009b83bfde623530915f2e,2026-09-23T17:52:39.209426+00:00
2015-07-27T15:00:00+00:00,2015,GRIDSAT-B1.2015.07.27.15.v02r01.nc,data/interim/gridsat/2015/gridsat_2015.07.27.15.npz,565058,6142913107f5bac8aee99327900b016c16ef30f8da2a8f33d1ebb04a6808f304,2026-09-23T17:53:11.528243+00:00,data/interim/gridsat/2015/gridsat_2015.07.27.15.nc,847127,2a5b8012dd1b77f77e9c64d775337874274e5712aa47970ec60c90a610446dde,2026-09-23T17:53:11.380522+00:00
2015-07-27T18:00:00+00:00,2015,GRIDSAT-B1.2015.07.27.18.v02r01.nc,data/interim/gridsat/2015/gridsat_2015.07.27.18.npz,559921,27b47056303bff9562c1b3eaf758fcf6c002edfe8e5b5659c2eba7287f4cc3a5,2026-09-23T17:53:05.168004+00:00,data/interim/gridsat/2015/gridsat_2015.07.27.18.nc,845014,4b48bab436fd5c62973da4120c2c7a7f6cbb56e81115bd176c93c7bd16520b64,2026-09-23T17:53:05.060370+00:00
2015-07-27T21:00:00+00:00,2015,GRIDSAT-B1.2015.07.27.21.v02r01.nc,data/interim/gridsat/2015/gridsat_2015.07.27.21.npz,560226,dfde31c4f8d6bd5e611e3d06bf0ee42be2b0c43d69baaf221af20e5ed8fefd8c,2026-09-23T17:54:06.421672+00:00,data/interim/gridsat/2015/gridsat_2015.07.27.21.nc,845666,0bd5e0936c910409871095d1d91fd282eb7e423e0682417aef30b94436042571,2026-09-23T17:54:06.305210+00:00
2015-07-28T00:00:00+00:00,2015,GRIDSAT-B1.2015.07.28.00.v02r01.nc,data/interim/gridsat/2015/gridsat_2015.07.28.00.npz,547972,0d00f32ac90949375f3a8e79c784f3495ab33731847204562522c8870b63e101,2026-09-23T17:53:18.805956+00:00,data/interim/gridsat/2015/gridsat_2015.07.28.00.nc,831024,09d17bd8f73043d7195ac38eb888c8faf01a41a6f1d8a5c0dee0d230667312c4,2026-09-23T17:53:18.667024+00:00
2015-07-28T03:00:00+00:00,2015,GRIDSAT-B1.2015.07.28.03.v02r01.nc,data/interim/gridsat/2015/gridsat_2015.07.28.03.npz,542538,f912c2d37d7dd5a826a6bd0df0e3ac47f388ac763c3018a71cf076b16e9633c6,2026-09-23T17:54:05.216605+00:00,data/interim/gridsat/2015/gridsat_2015.07.28.03.nc,823526,8da7a6fb202f3563a33448a4b6196da8122d75974eae17c26fec8d7407b03184,2026-09-23T17:54:05.114166+00:00
2015-07-28T06:00:00+00:00,2015,GRIDSAT-B1.2015.07.28.06.v02r01.nc,data/interim/gridsat/2015/gridsat_2015.07.28.06.npz,561105,39066e71cabb06b2cdf031a4e6f0c3afe8b5d619a30a1991c8bd08a73f6c5976,2026-09-23T17:54:13.728707+00:00,data/interim/gridsat/2015/gridsat_2015.07.28.06.nc,836138,c6b0e3b8ed047b5e42a59b2a0bc7d3e46d4648776f5e7d04ffc9931b6149107b,2026-09-23T17:54:13.610021+00:00
2015-07-28T09:00:00+00:00,2015,GRIDSAT-B1.2015.07.28.09.v02r01.nc,data/interim/gridsat/2015/gridsat_2015.07.28.09.npz,577419,0c31558ca60c3c2679e53c6d0b9d237757c8adb44440400e85c73e0b370e5405,2026-09-23T17:54:07.346807+00:00,data/interim/gridsat/2015/gridsat_2015.07.28.09.nc,854327,d45b9a54ee319ea4e0e0ee27f26b4c0862a692032a141e3ea229f51f92be9860,2026-09-23T17:54:07.264662+00:00
2015-07-28T12:00:00+00:00,2015,GRIDSAT-B1.2015.07.28.12.v02r01.nc,data/interim/gridsat/2015/gridsat_2015.07.28.12.npz,574704,3d654c4aa8a577d1ae8ee99cf36927f0172030cfdc272d9ec50c19e55e81826f,2026-09-23T17:54:29.298653+00:00,data/interim/gridsat/2015/gridsat_2015.07.28.12.nc,854391,a0490780843c93d54542debba1b8f385adafd386a5f14130f4fde7c74135f4f3,2026-09-23T17:54:29.154343+00:00
2015-07-28T15:00:00+00:00,2015,GRIDSAT-B1.2015.07.28.15.v02r01.nc,data/interim/gridsat/2015/gridsat_2015.07.28.15.npz,554833,3ab7661040db72fc7c22b63900db6487ea97e42a5926ae5186129bace2ec3ec6,2026-09-23T17:53:38.945235+00:00,data/interim/gridsat/2015/gridsat_2015.07.28.15.nc,834052,0cfdba5b8e80635a8f094c5e4b17af4be9b685c037ed618bec99be717e45d523,2026-09-23T17:53:38.864095+00:00
2015-07-28T18:00:00+00:00,2015,GRIDSAT-B1.2015.07.28.18.v02r01.nc,data/interim/gridsat/2015/gridsat_2015.07.28.18.npz,553430,efc1e1440aad17455f3a4444cf5e6966febacc1fea7ae3edd3833fc87a6f8bf0,2026-09-23T17:53:50.314579+00:00,data/interim/gridsat/2015/gridsat_2015.07.28.18.nc,837817,8bf6a8ac7a82553df768369c370a7703da50583539910e8a5c12194797229b72,2026-09-23T17:53:50.215647+00:00
2015-07-28T21:00:00+00:00,2015,GRIDSAT-B1.2015.07.28.21.v02r01.nc,data/interim/gridsat/2015/gridsat_2015.07.28.21.npz,552303,81ef521a1c36240953024ebe2ea48a5c5acba6b09a63094ef483ae26ee45a8d5,2026-09-23T17:54:22.440345+00:00,data/interim/gridsat/2015/gridsat_2015.07.28.21.nc,837320,db354f8d4577a72f272fb77b00c2431128a927a37cab05ed22c7c90f42ee3228,2026-09-23T17:54:22.284958+00:00
2015-07-29T00:00:00+00:00,2015,GRIDSAT-B1.2015.07.29.00.v02r01.nc,data/interim/gridsat/2015/gridsat_2015.07.29.00.npz,543971,0e96c18b1af0abc3a622e23a7291c7a16b48611bc09b8aa0e81900eb47dda1ed,2026-09-23T17:54:26.607366+00:00,data/interim/gridsat/2015/gridsat_2015.07.29.00.nc,825191,a167568ccb18bd12e64d9575239ed87b6141ab2e4fe6985da1856c7eb7a899e3,2026-09-23T17:54:26.506260+00:00
2015-09-15T12:00:00+00:00,2015,GRIDSAT-B1.2015.09.15.12.v02r01.nc,data/interim/gridsat/2015/gridsat_2015.09.15.12.npz,577432,1f8f900d3939acda06f0079f9484649ce03038eea96fcab7ee09dc08c52f12d0,2026-09-23T17:55:17.206853+00:00,data/interim/gridsat/2015/gridsat_2015.09.15.12.nc,857295,06b6089dbe12072d1c6a91de3282a72766262e5fc6847531c7f1927042c5742b,2026-09-23T17:55:17.104978+00:00
2015-09-15T15:00:00+00:00,2015,GRIDSAT-B1.2015.09.15.15.v02r01.nc,data/interim/gridsat/2015/gridsat_2015.09.15.15.npz,546323,1654ff91f0fb4cff94ca7eedb1a7875ccb84175664c6025bf341270a4588768f,2026-09-23T17:54:57.102407+00:00,data/interim/gridsat/2015/gridsat_2015.09.15.15.nc,829594,d987767f13bf5e712e2a2a162c7623db6d26700e102d31af744784544f426b67,2026-09-23T17:54:56.981507+00:00
2015-09-15T18:00:00+00:00,2015,GRIDSAT-B1.2015.09.15.18.v02r01.nc,data/interim/gridsat/2015/gridsat_2015.09.15.18.npz,540037,f23b7a5305f0362e5229f26857b4946a9634d9037f77d501159dde20c94e7090,2026-09-23T17:54:54.839898+00:00,data/interim/gridsat/2015/gridsat_2015.09.15.18.nc,817877,5038da18daca11e462c9f62b23814c9863da27252aa61f1cdef8a4dc88d1077c,2026-09-23T17:54:54.685156+00:00
2015-09-15T21:00:00+00:00,2015,GRIDSAT-B1.2015.09.15.21.v02r01.nc,data/interim/gridsat/2015/gridsat_2015.09.15.21.npz,538919,7fa274a2ee9d56a4d76a852dd13b4abb1ec0442f2d593b113052cb564fea16a1,2026-09-23T17:55:15.116651+00:00,data/interim/gridsat/2015/gridsat_2015.09.15.21.nc,816651,c3ab798782bbb21c77018ef26b49a2113f573f989620316d9f9477316a90d360,2026-09-23T17:55:15.026385+00:00
2015-09-16T00:00:00+00:00,2015,GRIDSAT-B1.2015.09.16.00.v02r01.nc,data/interim/gridsat/2015/gridsat_2015.09.16.00.npz,536303,1ead8cffba8b5b8eb722520a2b096ad54275336e2f5b85d3f212ca66dafa34fb,2026-09-23T17:54:41.483953+00:00,data/interim/gridsat/2015/gridsat_2015.09.16.00.nc,813558,48eb58d000b8392ea5297821481ecbf86af94de244498aa453b40c1046bd0098,2026-09-23T17:54:41.396044+00:00
2015-09-16T03:00:00+00:00,2015,GRIDSAT-B1.2015.09.16.03.v02r01.nc,data/interim/gridsat/2015/gridsat_2015.09.16.03.npz,533045,88f6edd9ab8dceb9cf589fc3c34ded763e346b004f7f6a1b9d287ef5b0eda2f0,2026-09-23T17:56:30.171171+00:00,data/interim/gridsat/2015/gridsat_2015.09.16.03.nc,805211,ec3b08b2ddcfefac53c28d71e0d9388e5f11b6f2bc452c8fcfb68854c734f416,2026-09-23T17:56:30.075318+00:00
2015-09-16T06:00:00+00:00,2015,GRIDSAT-B1.2015.09.16.06.v02r01.nc,data/interim/gridsat/2015/gridsat_2015.09.16.06.npz,552848,e976e5cf082db546ccf67e148e2ed1511e2fc3bdcb537f5185318e09a8f4b6ad,2026-09-23T17:55:35.843472+00:00,data/interim/gridsat/2015/gridsat_2015.09.16.06.nc,817656,ac2f231fa99c91b223de3141ab209355323c14985d8cbc8f038cc2801c1a1c61,2026-09-23T17:55:35.755481+00:00
2015-09-16T09:00:00+00:00,2015,GRIDSAT-B1.2015.09.16.09.v02r01.nc,data/interim/gridsat/2015/gridsat_2015.09.16.09.npz,578145,e5380a3f0518614b093d0fdffd6f11e2697223eb797322108eb73017ad3a415e,2026-09-23T17:55:35.387167+00:00,data/interim/gridsat/2015/gridsat_2015.09.16.09.nc,847265,b266f3f3059d4940d37b74aeffe2f266ef0d5016029c44b8baced44ddddf5354,2026-09-23T17:55:35.304231+00:00
2015-09-16T12:00:00+00:00,2015,GRIDSAT-B1.2015.09.16.12.v02r01.nc,data/interim/gridsat/2015/gridsat_2015.09.16.12.npz,572259,6c80e11bbec0bc2d1f5945832ea3510fa5ee64a52396ae68aa64d21730a78c76,2026-09-23T17:55:18.561574+00:00,data/interim/gridsat/2015/gridsat_2015.09.16.12.nc,846044,9c889b5a92266c4e5cd0148d6d1be811ed5a98416810a1d7463d215af51fc798,2026-09-23T17:55:18.461250+00:00
2015-09-16T15:00:00+00:00,2015,GRIDSAT-B1.2015.09.16.15.v02r01.nc,data/interim/gridsat/2015/gridsat_2015.09.16.15.npz,535503,9d5c6c0b525d4fd542be7cff662ab8ffdaf569d3f586d529395e8fb767196d82,2026-09-23T17:55:35.905437+00:00,data/interim/gridsat/2015/gridsat_2015.09.16.15.nc,814074,40a06c4f5698b4089172547c1a37a20c120fd72f4b221d87da67f5325ef5c392,2026-09-23T17:55:35.816067+00:00
2015-09-16T18:00:00+00:00,2015,GRIDSAT-B1.2015.09.16.18.v02r01.nc,data/interim/gridsat/2015/gridsat_2015.09.16.18.npz,524447,9b3235ed1f9070ad4a1b495002bd8591bc29fdf93a6e6a7caab4e3982460b2f9,2026-09-23T17:55:54.639013+00:00,data/interim/gridsat/2015/gridsat_2015.09.16.18.nc,800636,3e1cfbddf5dd5b731469f1b3ac682904587139994124ee86aa3c103d23e2350b,2026-09-23T17:55:54.546646+00:00
2015-09-16T21:00:00+00:00,2015,GRIDSAT-B1.2015.09.16.21.v02r01.nc,data/interim/gridsat/2015/gridsat_2015.09.16.21.npz,530392,8130d33500fb9e6752c38b201e19970f7bb76baeb5e537b9f5ecb809e1112f99,2026-09-23T17:55:56.264092+00:00,data/interim/gridsat/2015/gridsat_2015.09.16.21.nc,812107,275840d28deec08b34be04ecc6025a82898f320a4bbd20cb14cb12586a44ad0d,2026-09-23T17:55:56.156120+00:00
2015-09-17T00:00:00+00:00,2015,GRIDSAT-B1.2015.09.17.00.v02r01.nc,data/interim/gridsat/2015/gridsat_2015.09.17.00.npz,536242,6d9686fe085519aafe4008c65f981668178e9d06a822d06edc770721f7dda4d6,2026-09-23T17:56:17.161103+00:00,data/interim/gridsat/2015/gridsat_2015.09.17.00.nc,814172,b43f4bf7e2fa7ddf9268b4fceda123f5e503a1d0f1c970d0c6660bfe4310057f,2026-09-23T17:56:17.076234+00:00
2015-10-08T09:00:00+00:00,2015,GRIDSAT-B1.2015.10.08.09.v02r01.nc,data/interim/gridsat/2015/gridsat_2015.10.08.09.npz,559277,6dbf50a0c0ce5d546681faffee52f171c9e2e70a4a448a5789ce00958055ba46,2026-09-23T17:56:06.511945+00:00,data/interim/gridsat/2015/gridsat_2015.10.08.09.nc,830937,548927877a4ea9d7e7f3d1a35eac434c37d20ab609b0216ba51c16b1df3081ff,2026-09-23T17:56:06.365816+00:00
2015-10-08T12:00:00+00:00,2015,GRIDSAT-B1.2015.10.08.12.v02r01.nc,data/interim/gridsat/2015/gridsat_2015.10.08.12.npz,546422,5309a972aac0891ce62756d2b42dbf1b88c00e1652886eff15c3323e150e5e01,2026-09-23T17:56:21.582165+00:00,data/interim/gridsat/2015/gridsat_2015.10.08.12.nc,821301,90368581869a65d9a08c1cbe6889c7bfb5336c01acc33e44aa4fed43fab3158b,2026-09-23T17:56:21.464402+00:00
2015-10-08T15:00:00+00:00,2015,GRIDSAT-B1.2015.10.08.15.v02r01.nc,data/interim/gridsat/2015/gridsat_2015.10.08.15.npz,526976,c98dd862cbc93dfedc3738760007ed8eb0ed0ca2bffc90ffe110711172df9dee,2026-09-23T17:56:16.963257+00:00,data/interim/gridsat/2015/gridsat_2015.10.08.15.nc,802138,cca7b458aa1c5f91c35da40a954033273cd31711cafa308345fd01a1fe0971b9,2026-09-23T17:56:16.877298+00:00
2015-10-08T18:00:00+00:00,2015,GRIDSAT-B1.2015.10.08.18.v02r01.nc,data/interim/gridsat/2015/gridsat_2015.10.08.18.npz,524453,d4e6cba4cbe7b24ef80b157d2c0d1196fd6a80fd7b3bb6101a66e3fb46995014,2026-09-23T17:57:29.927053+00:00,data/interim/gridsat/2015/gridsat_2015.10.08.18.nc,799990,15c4cf9f3da963cf420e6f815bb2421f211f34d3ea6c1f275b156ccf6c9f0268,2026-09-23T17:57:29.812304+00:00
2015-10-08T21:00:00+00:00,2015,GRIDSAT-B1.2015.10.08.21.v02r01.nc,data/interim/gridsat/2015/gridsat_2015.10.08.21.npz,524194,49fba2c30163e95d7f641fcd37b733c5220d83ea320efb448106a3cc9cf439b4,2026-09-23T17:56:20.658813+00:00,data/interim/gridsat/2015/gridsat_2015.10.08.21.nc,799386,e0255103772b2ff5c2ddb5e6352fc953c4feb2355f7262dd5cf6ff2193309355,2026-09-23T17:56:20.538585+00:00
2015-10-09T00:00:00+00:00,2015,GRIDSAT-B1.2015.10.09.00.v02r01.nc,data/interim/gridsat/2015/gridsat_2015.10.09.00.npz,516783,b9453df5d6d561a28f79e1c089d790856766f423689b9f3dccbd7739c1e2d5a1,2026-09-23T17:57:25.228937+00:00,data/interim/gridsat/2015/gridsat_2015.10.09.00.nc,788406,18c1367b33482b91d853c35e6149dd59dc1561680014fbc347b8bfa5d3166a25,2026-09-23T17:57:25.090461+00:00
2015-10-09T03:00:00+00:00,2015,GRIDSAT-B1.2015.10.09.03.v02r01.nc,data/interim/gridsat/2015/gridsat_2015.10.09.03.npz,504023,d05dbb3c80cea7c72559643ec92ab30b1aa4f79dde107fa9e066855b78a45a2e,2026-09-23T17:56:47.302867+00:00,data/interim/gridsat/2015/gridsat_2015.10.09.03.nc,767442,db2665806d3852f02c15297537562fb03ba98ceb746af6d334b06714a3a97c67,2026-09-23T17:56:47.202944+00:00
2015-10-09T06:00:00+00:00,2015,GRIDSAT-B1.2015.10.09.06.v02r01.nc,data/interim/gridsat/2015/gridsat_2015.10.09.06.npz,527260,4034143d59303c651454a0eff0273f58b0e5deca93a7f1d7c1f74cdb7cf43d99,2026-09-23T17:56:32.094703+00:00,data/interim/gridsat/2015/gridsat_2015.10.09.06.nc,790894,6e900667feec81db1edbcbd5d2d57f6353dc9263a54e1fdabde0a37e560d6cac,2026-09-23T17:56:32.004377+00:00
2015-10-09T09:00:00+00:00,2015,GRIDSAT-B1.2015.10.09.09.v02r01.nc,data/interim/gridsat/2015/gridsat_2015.10.09.09.npz,549599,da2b3996fd3b489ef8576807c4b6dffef44db3ee9de486b20321620e4ee61359,2026-09-23T17:57:23.353000+00:00,data/interim/gridsat/2015/gridsat_2015.10.09.09.nc,822078,4366b810146d1c94cd7bcd5a6b06dd884f125794f5cd3e2b6676c441313a3f73,2026-09-23T17:57:23.267148+00:00
2015-10-09T12:00:00+00:00,2015,GRIDSAT-B1.2015.10.09.12.v02r01.nc,data/interim/gridsat/2015/gridsat_2015.10.09.12.npz,534279,6e49e40bdcbc8c2a941622dee5ad643e7b89edc27110dcac5963aa168678a01c,2026-09-23T17:56:51.636780+00:00,data/interim/gridsat/2015/gridsat_2015.10.09.12.nc,807664,f86941ff89f0546dc62e041a2246a1d893b9c91bb7c29e9bc584335e5171304f,2026-09-23T17:56:51.505152+00:00
2015-10-09T15:00:00+00:00,2015,GRIDSAT-B1.2015.10.09.15.v02r01.nc,data/interim/gridsat/2015/gridsat_2015.10.09.15.npz,513144,76e21132a3aa743e410e289113dfdc1b824f16e79248a21d2fd22c8a01a883fd,2026-09-23T17:58:00.746271+00:00,data/interim/gridsat/2015/gridsat_2015.10.09.15.nc,783129,ee37776f0e470249528230a5c339464dfff4c5719a9865ef7aad02bea58e572c,2026-09-23T17:58:00.662264+00:00
2015-10-09T18:00:00+00:00,2015,GRIDSAT-B1.2015.10.09.18.v02r01.nc,data/interim/gridsat/2015/gridsat_2015.10.09.18.npz,514585,34222bf355d2dbd554d69bcb12c6169ae97c33f66e0cfa5c3f1e35625fa311f8,2026-09-23T17:57:21.996866+00:00,data/interim/gridsat/2015/gridsat_2015.10.09.18.nc,784183,d367ac50083fca97145614b5184405b7cc05b2cc1627b5d3d57a57a72e2ce081,2026-09-23T17:57:21.882094+00:00
2015-10-09T21:00:00+00:00,2015,GRIDSAT-B1.2015.10.09.21.v02r01.nc,data/interim/gridsat/2015/gridsat_2015.10.09.21.npz,516905,1d9f576a644177752e0f84a9d1010d7d0cfad56cc0568284949978ffda580fc3,2026-09-23T17:57:05.373187+00:00,data/interim/gridsat/2015/gridsat_2015.10.09.21.nc,787281,b34f7f9079cac8029feb7039a8910cfc3e002a9f204300324daf4a3b7eebb1e7,2026-09-23T17:57:05.289263+00:00
2015-10-10T00:00:00+00:00,2015,GRIDSAT-B1.2015.10.10.00.v02r01.nc,data/interim/gridsat/2015/gridsat_2015.10.10.00.npz,511135,91758c342a7e941409ab6e3f4e027eb7696f1a25cb235a0645f50e4c4b4dae9a,2026-09-23T17:57:23.289017+00:00,data/interim/gridsat/2015/gridsat_2015.10.10.00.nc,781596,b590ddc2c9bb8aba28b9a9707c168b6d978dcb1225935d3a4d31670f2eb280d8,2026-09-23T17:57:23.196802+00:00
2015-10-27T15:00:00+00:00,2015,GRIDSAT-B1.2015.10.27.15.v02r01.nc,data/interim/gridsat/2015/gridsat_2015.10.27.15.npz,543686,712d7a2b6077046d61ab116c3174fda9da1af850e3842a42b463bd2ed39f3fac,2026-09-23T17:58:01.179786+00:00,data/interim/gridsat/2015/gridsat_2015.10.27.15.nc,830297,4d78f42c0e2dd303cc7dfec7b80894ab49696b8fa1e8ee749d1f6d754c9bbaf2,2026-09-23T17:58:01.078805+00:00
2015-10-27T18:00:00+00:00,2015,GRIDSAT-B1.2015.10.27.18.v02r01.nc,data/interim/gridsat/2015/gridsat_2015.10.27.18.npz,541189,b1efe2fd3bcc46dcc08f5146cc2063e5f1a7635c0bebc802cb71e0c855720258,2026-09-23T17:57:42.765126+00:00,data/interim/gridsat/2015/gridsat_2015.10.27.18.nc,829095,2db2a11080619d3d2e1aeb9c0bf9594e3d04d4269fadde743bdec336779944d6,2026-09-23T17:57:42.665633+00:00
2015-10-27T21:00:00+00:00,2015,GRIDSAT-B1.2015.10.27.21.v02r01.nc,data/interim/gridsat/2015/gridsat_2015.10.27.21.npz,545485,76511108d3fbf8d007cc2cbe85a26f99592dadce327a94a431e2a299a73d5440,2026-09-23T17:57:52.626151+00:00,data/interim/gridsat/2015/gridsat_2015.10.27.21.nc,834800,a9ba915bb8d84b13457860efd54d4a7debddd200c2e599868a82af8ced243ac4,2026-09-23T17:57:52.510093+00:00
2015-10-28T00:00:00+00:00,2015,GRIDSAT-B1.2015.10.28.00.v02r01.nc,data/interim/gridsat/2015/gridsat_2015.10.28.00.npz,540768,bf6d6d9ba92b42b9e86a1d12139c6169ff77df253c348fa82afdd1428ac3ea61,2026-09-23T17:58:11.643073+00:00,data/interim/gridsat/2015/gridsat_2015.10.28.00.nc,831740,675b5f423c4de3ea8beff6555a4555d49b8fcde18cf1903b4d2d842bc5bb2137,2026-09-23T17:58:11.517946+00:00
2015-10-28T03:00:00+00:00,2015,GRIDSAT-B1.2015.10.28.03.v02r01.nc,data/interim/gridsat/2015/gridsat_2015.10.28.03.npz,535684,6d298488193cc4b2715af1f1d00a1debc75975e863f132ce70d57e88bce49f58,2026-09-23T17:58:35.460881+00:00,data/interim/gridsat/2015/gridsat_2015.10.28.03.nc,822104,fb8d5a0f4e2bddb64c8affe502c60cfb232270e0782f926f0f2e69cf8cf30d0a,2026-09-23T17:58:35.370650+00:00
2015-10-28T06:00:00+00:00,2015,GRIDSAT-B1.2015.10.28.06.v02r01.nc,data/interim/gridsat/2015/gridsat_2015.10.28.06.npz,558938,54ae1acb0c31e88987e80b88ec5eb77859d7acc15340edc1c19608773a7cbae8,2026-09-23T17:58:49.646065+00:00,data/interim/gridsat/2015/gridsat_2015.10.28.06.nc,839468,2d75329867e96b53e684d05786deb41f9c5493cde8c3bb64a8b1b25f11d0cc6e,2026-09-23T17:58:49.496757+00:00
2015-10-28T09:00:00+00:00,2015,GRIDSAT-B1.2015.10.28.09.v02r01.nc,data/interim/gridsat/2015/gridsat_2015.10.28.09.npz,584111,1a56754c0bd8a267c018786167b0925853448993797d905651038aa7bbde65e0,2026-09-23T17:58:33.718202+00:00,data/interim/gridsat/2015/gridsat_2015.10.28.09.nc,868778,ac6b132d2f2620fd69a21ea5c164eae6c48b830b38b9fd1734fa20f1f74ff317,2026-09-23T17:58:33.627599+00:00
2015-10-28T12:00:00+00:00,2015,GRIDSAT-B1.2015.10.28.12.v02r01.nc,data/interim/gridsat/2015/gridsat_2015.10.28.12.npz,571138,a1de121be7840d3f6b299f5cc89fc81f1ecd95be3d2bed72e52d1588eb9793c5,2026-09-23T17:58:28.922822+00:00,data/interim/gridsat/2015/gridsat_2015.10.28.12.nc,860257,4cfe1dac64bd6c563b0c07efd350e6e5bef19bc477235ceb105217efde06086c,2026-09-23T17:58:28.798457+00:00
2015-10-28T15:00:00+00:00,2015,GRIDSAT-B1.2015.10.28.15.v02r01.nc,data/interim/gridsat/2015/gridsat_2015.10.28.15.npz,549356,441290eeb47480caf1c2987b371ef10dc4aff8c57e5556c6cf2b478c94b0d25d,2026-09-23T17:58:33.926225+00:00,data/interim/gridsat/2015/gridsat_2015.10.28.15.nc,838586,0273feacf747adc3dd41533dd8ccd66cf29aac6bcf4acbba82b9618cc80142df,2026-09-23T17:58:33.838179+00:00
2015-10-28T18:00:00+00:00,2015,GRIDSAT-B1.2015.10.28.18.v02r01.nc,data/interim/gridsat/2015/gridsat_2015.10.28.18.npz,545762,693563eb8e9887f19ac2b53aa8da8c0898b2304fe6defafd979c30cb32c286db,2026-09-23T17:58:55.655097+00:00,data/interim/gridsat/2015/gridsat_2015.10.28.18.nc,835159,0e5c2f5aa060c92fcb856be2658760436ded6acf029b580feca640a4365ca59e,2026-09-23T17:58:55.564714+00:00
2015-10-28T21:00:00+00:00,2015,GRIDSAT-B1.2015.10.28.21.v02r01.nc,data/interim/gridsat/2015/gridsat_2015.10.28.21.npz,542699,7cf0cef0df9297215208c8046964e6dcfd35339ae4d09369607ee7f6545e5b2d,2026-09-23T17:59:05.564662+00:00,data/interim/gridsat/2015/gridsat_2015.10.28.21.nc,830195,4e76163ea8709b5c5979e0078d0a365f34f4103f14f1635d1fab2df1a12d90f7,2026-09-23T17:59:05.454770+00:00
2015-10-29T00:00:00+00:00,2015,GRIDSAT-B1.2015.10.29.00.v02r01.nc,data/interim/gridsat/2015/gridsat_2015.10.29.00.npz,537277,5ee918fa5a824e2f29907a71cd2adb69c2cf3f82211af5acd141a1bca0b0ea98,2026-09-23T17:59:00.483903+00:00,data/interim/gridsat/2015/gridsat_2015.10.29.00.nc,820864,a8ef70510384c9b81a095f764f09cbc9dddaba148ddb82fb8689c982a4c8cbe3,2026-09-23T17:59:00.392381+00:00
2015-10-29T03:00:00+00:00,2015,GRIDSAT-B1.2015.10.29.03.v02r01.nc,data/interim/gridsat/2015/gridsat_2015.10.29.03.npz,534383,07d588fa499b885648ec574ed9c76dc3abbec58605220b743412a5488068c212,2026-09-23T17:59:37.176803+00:00,data/interim/gridsat/2015/gridsat_2015.10.29.03.nc,812229,872e3e57feba52a475c9e0a3e498838938859463d0b75344ca72a467ccc74136,2026-09-23T17:59:37.073588+00:00
2015-10-29T06:00:00+00:00,2015,GRIDSAT-B1.2015.10.29.06.v02r01.nc,data/interim/gridsat/2015/gridsat_2015.10.29.06.npz,559029,7073aeb4765752950c0dfee6f416f688b8cfb22113f2901657ec5b8a00346c90,2026-09-23T17:59:18.183123+00:00,data/interim/gridsat/2015/gridsat_2015.10.29.06.nc,833966,ab68248013ada813f7a7e17cd4ee520ad0c56e099fbca693e81a95d242099311,2026-09-23T17:59:18.039023+00:00
2015-10-29T09:00:00+00:00,2015,GRIDSAT-B1.2015.10.29.09.v02r01.nc,data/interim/gridsat/2015/gridsat_2015.10.29.09.npz,578382,a092d20fc906de374bae0fb7d67f8e45612721ea9b73ab64fb58c1f47c1cd591,2026-09-23T17:59:35.916477+00:00,data/interim/gridsat/2015/gridsat_2015.10.29.09.nc,857977,324b3b5fc0c192c6969f0770e9987c9b81b4c61fb5baae265b4daca5f91f3c1c,2026-09-23T17:59:35.786501+00:00
2015-10-29T12:00:00+00:00,2015,GRIDSAT-B1.2015.10.29.12.v02r01.nc,data/interim/gridsat/2015/gridsat_2015.10.29.12.npz,560711,dec41aea1852435a094539b4dc9e41146c1ed64251c30cad3e2ce8bd81d188db,2026-09-23T17:59:56.445764+00:00,data/interim/gridsat/2015/gridsat_2015.10.29.12.nc,845965,9bc98d8fe9aa70a8af9adc32fd938334d2fdc4a3e7aeb565f3aa302303c22177,2026-09-23T17:59:56.348609+00:00
2015-10-29T15:00:00+00:00,2015,GRIDSAT-B1.2015.10.29.15.v02r01.nc,data/interim/gridsat/2015/gridsat_2015.10.29.15.npz,534040,ed384faa2f678dcce2698cdb7dd1751748c2f8ebdbd7d0d75654b26e36f67ba8,2026-09-23T17:59:16.393366+00:00,data/interim/gridsat/2015/gridsat_2015.10.29.15.nc,816539,f130360a90d80dd7325583f45213622610ec17055dd9cd125883c02e321d3b49,2026-09-23T17:59:16.304531+00:00
2015-10-29T18:00:00+00:00,2015,GRIDSAT-B1.2015.10.29.18.v02r01.nc,data/interim/gridsat/2015/gridsat_2015.10.29.18.npz,529646,d168fdd6deb20eeaa9b20ebfba21668109113b5feba3d74bcbc0b926a03ab04b,2026-09-23T18:00:02.462826+00:00,data/interim/gridsat/2015/gridsat_2015.10.29.18.nc,812359,57e153c55c39ba27d3e81faf07fb8c3ee16e0211221fb1e6c126ff1fcfef3edc,2026-09-23T18:00:02.380060+00:00
2015-10-29T21:00:00+00:00,2015,GRIDSAT-B1.2015.10.29.21.v02r01.nc,data/interim/gridsat/2015/gridsat_2015.10.29.21.npz,523198,4c4b4becd7cadf0aa349a9bb2cbc4fd35253b5cc42c2ba7ad94074460536dff7,2026-09-23T17:59:54.516604+00:00,data/interim/gridsat/2015/gridsat_2015.10.29.21.nc,805489,f8ed87f8cd77e87420628ac96bebead52bbe063c9b878fd1e8cbe685a4d2caa8,2026-09-23T17:59:54.384854+00:00
2015-10-30T00:00:00+00:00,2015,GRIDSAT-B1.2015.10.30.00.v02r01.nc,data/interim/gridsat/2015/gridsat_2015.10.30.00.npz,512375,86e99dde7d6469059f37452a031cfa54e1979f0dd10c06a3b65ba3ed0b4587b5,2026-09-23T18:00:15.184980+00:00,data/interim/gridsat/2015/gridsat_2015.10.30.00.nc,795179,4ea24ae549311961891637c9b388026dbd1f944a13f4e7ad873294910b0d8459,2026-09-23T18:00:15.085353+00:00
2015-10-30T03:00:00+00:00,2015,GRIDSAT-B1.2015.10.30.03.v02r01.nc,data/interim/gridsat/2015/gridsat_2015.10.30.03.npz,507049,494e868fe03fb11469f68b7f765cebab0e47dd5361afc179fbb0d7591d81bf02,2026-09-23T18:00:31.530589+00:00,data/interim/gridsat/2015/gridsat_2015.10.30.03.nc,780739,e7749ab81f9b4bf07d04cbdc28367b28bc002ca99c1d7bf2308b6fddaa6310a4,2026-09-23T18:00:31.445066+00:00
2015-10-30T06:00:00+00:00,2015,GRIDSAT-B1.2015.10.30.06.v02r01.nc,data/interim/gridsat/2015/gridsat_2015.10.30.06.npz,526297,568cb2e6a280bcaf48a3ffc37ba534aee2175f4cefaa3f4527062d5312b1d89f,2026-09-23T17:59:52.541761+00:00,data/interim/gridsat/2015/gridsat_2015.10.30.06.nc,798697,a245486fe8b1f699a490df668f585d0c0230993d64ad3f76ccf8a855afc13fb5,2026-09-23T17:59:52.416353+00:00
2015-11-04T09:00:00+00:00,2015,GRIDSAT-B1.2015.11.04.09.v02r01.nc,data/interim/gridsat/2015/gridsat_2015.11.04.09.npz,549113,2d3ea631f8ae3300e80b76f8fa7a281fab8fe6000f4b81e1ee2d87c352dd65dd,2026-09-23T18:00:34.622805+00:00,data/interim/gridsat/2015/gridsat_2015.11.04.09.nc,826226,9b0378940ecf2a2e0b6848a81eada735fac66a57227e214fa8a237894fe0018a,2026-09-23T18:00:34.483193+00:00
2015-11-04T12:00:00+00:00,2015,GRIDSAT-B1.2015.11.04.12.v02r01.nc,data/interim/gridsat/2015/gridsat_2015.11.04.12.npz,518653,09bd66024b7d099deb581e1d354addb653632ebc5fdb5a26179efa0b15787a7c,2026-09-23T18:00:52.910261+00:00,data/interim/gridsat/2015/gridsat_2015.11.04.12.nc,798894,76d61b092cf87362fba1cfae862eacfaedf811fc1daa78f6a57be4b6ac29711e,2026-09-23T18:00:52.805995+00:00
2015-11-04T15:00:00+00:00,2015,GRIDSAT-B1.2015.11.04.15.v02r01.nc,data/interim/gridsat/2015/gridsat_2015.11.04.15.npz,497956,056dbd0e6ce2b0ced4cd34f0656a32d7d0bcf6d8b0f964da0e69a5914fdaa959,2026-09-23T18:00:57.239888+00:00,data/interim/gridsat/2015/gridsat_2015.11.04.15.nc,773327,c57f1fd5e05d0cf020308b9cd92527cadce1c04077a8b58e70fc1f296c6960d1,2026-09-23T18:00:57.156726+00:00
2015-11-04T18:00:00+00:00,2015,GRIDSAT-B1.2015.11.04.18.v02r01.nc,data/interim/gridsat/2015/gridsat_2015.11.04.18.npz,493957,a3520e74707a7bd03ebc57e3d7f213261fa9276cedc60c80e521a137004838bb,2026-09-23T18:00:15.244598+00:00,data/interim/gridsat/2015/gridsat_2015.11.04.18.nc,765876,32433e1debab2886ff74443f922fcbdbd0ea3fe3dbc9595b253941d99cdc80a6,2026-09-23T18:00:15.157236+00:00
2015-11-04T21:00:00+00:00,2015,GRIDSAT-B1.2015.11.04.21.v02r01.nc,data/interim/gridsat/2015/gridsat_2015.11.04.21.npz,500289,2254cb5064329dbba80962be580befa69c3772e69130bca9e11a729d86fd72e7,2026-09-23T18:00:29.620539+00:00,data/interim/gridsat/2015/gridsat_2015.11.04.21.nc,773972,1a2f925599daa7354eb5d113320d119c250542bcf7d81972a750def3b3daeb12,2026-09-23T18:00:29.517054+00:00
2015-11-05T00:00:00+00:00,2015,GRIDSAT-B1.2015.11.05.00.v02r01.nc,data/interim/gridsat/2015/gridsat_2015.11.05.00.npz,499542,a802aad838fe6420e53120c8d7fa8be06e0495fc5ad6e49d8acc56d47b7a2ed0,2026-09-23T18:00:55.305878+00:00,data/interim/gridsat/2015/gridsat_2015.11.05.00.nc,772374,33f317112e92a0df35263c74766dee7570936690622e521be2f33bdfab88d937,2026-09-23T18:00:55.208605+00:00
2015-11-05T03:00:00+00:00,2015,GRIDSAT-B1.2015.11.05.03.v02r01.nc,data/interim/gridsat/2015/gridsat_2015.11.05.03.npz,494762,315333c958fd470c1858397d2ebac4f80540c44198321a8d21f0be49afd07905,2026-09-23T18:01:39.812343+00:00,data/interim/gridsat/2015/gridsat_2015.11.05.03.nc,759929,0bc16044c0449abd79ef497d9ae156327296b35a71df001ea182d14ce4c10f6f,2026-09-23T18:01:39.715118+00:00
2015-11-05T06:00:00+00:00,2015,GRIDSAT-B1.2015.11.05.06.v02r01.nc,data/interim/gridsat/2015/gridsat_2015.11.05.06.npz,519255,484929e483dd7e37ff023a7c3b6818c035567a870e9b5c78c48d69a6b5cad6e9,2026-09-23T18:01:06.460242+00:00,data/interim/gridsat/2015/gridsat_2015.11.05.06.nc,785082,e3776a3b27a14e8261962473dca55e7bc2d0ed0d14e96b1196862859b6d205e5,2026-09-23T18:01:06.318185+00:00
2015-11-05T09:00:00+00:00,2015,GRIDSAT-B1.2015.11.05.09.v02r01.nc,data/interim/gridsat/2015/gridsat_2015.11.05.09.npz,545124,7a710cce6f81a957dadf1063e3c2bc4214470931ef7f15c786d1da276a3e496c,2026-09-23T18:01:03.090688+00:00,data/interim/gridsat/2015/gridsat_2015.11.05.09.nc,818018,2f867da20465c488bd1a9cbd1c61a9552dbf685b4214d2a535d9ee765f037d9e,2026-09-23T18:01:02.933786+00:00
2015-11-05T12:00:00+00:00,2015,GRIDSAT-B1.2015.11.05.12.v02r01.nc,data/interim/gridsat/2015/gridsat_2015.11.05.12.npz,525797,b79cfdc6bda027938cae0184813b54a42b4c6f2067ff4093370c530fa450dd2f,2026-09-23T18:01:51.305155+00:00,data/interim/gridsat/2015/gridsat_2015.11.05.12.nc,800099,28850ba8738f3b6416cc13e05bb9025d6e387c420864df2fe2067d4193f58cb5,2026-09-23T18:01:51.219156+00:00
2015-11-05T15:00:00+00:00,2015,GRIDSAT-B1.2015.11.05.15.v02r01.nc,data/interim/gridsat/2015/gridsat_2015.11.05.15.npz,509188,cfdc304eafe42a3ae7c907a755b1b146f4fcda8b727c472f03159c6c2aa77da2,2026-09-23T18:01:45.951213+00:00,data/interim/gridsat/2015/gridsat_2015.11.05.15.nc,778512,c8538923d38f8c01a319dcc478008b790bd7e0a1622c4af14bf9e51bc254d86b,2026-09-23T18:01:45.867845+00:00
2015-11-05T18:00:00+00:00,2015,GRIDSAT-B1.2015.11.05.18.v02r01.nc,data/interim/gridsat/2015/gridsat_2015.11.05.18.npz,510136,160e2212b24f2a6a33bcbed15c92a358447d65165841df6f0efc3330006a3f2f,2026-09-23T18:01:41.078802+00:00,data/interim/gridsat/2015/gridsat_2015.11.05.18.nc,779680,3eda23381593247f90e806132414af6902a61ea610dcdb33fd76628f37df812b,2026-09-23T18:01:40.995924+00:00
2015-11-05T21:00:00+00:00,2015,GRIDSAT-B1.2015.11.05.21.v02r01.nc,data/interim/gridsat/2015/gridsat_2015.11.05.21.npz,513262,96fd5774becd73c8c5f6ca57d1c9cd22875b116eeaf47feaeeda67b2a74fbb30,2026-09-23T18:01:46.138589+00:00,data/interim/gridsat/2015/gridsat_2015.11.05.21.nc,788008,2e2cdbe3b3a0966cea947b663a6b24a804923a3af0f823f9931ba63ec159077d,2026-09-23T18:01:46.045781+00:00
2015-11-06T00:00:00+00:00,2015,GRIDSAT-B1.2015.11.06.00.v02r01.nc,data/interim/gridsat/2015/gridsat_2015.11.06.00.npz,507244,c943c486f4a1a1f1cd9a9807fedec10949fcdfcf58c13e9f6df6678979772d4a,2026-09-23T18:01:31.615180+00:00,data/interim/gridsat/2015/gridsat_2015.11.06.00.nc,780334,5970c2231689115f8374e5480dafb9ab59e032a5022f95dc0dbb009c4444a83d,2026-09-23T18:01:31.527792+00:00
2015-11-06T03:00:00+00:00,2015,GRIDSAT-B1.2015.11.06.03.v02r01.nc,data/interim/gridsat/2015/gridsat_2015.11.06.03.npz,506886,2d7a87546942b421d9270b6902151948dd86f0f82077bd45d18199836ba33e62,2026-09-23T18:02:19.284216+00:00,data/interim/gridsat/2015/gridsat_2015.11.06.03.nc,775281,d1dd2328f56b7988caa6d5720db5028cedcbd660afa166d04e31d3c05a69174d,2026-09-23T18:02:19.152188+00:00
2015-11-06T06:00:00+00:00,2015,GRIDSAT-B1.2015.11.06.06.v02r01.nc,data/interim/gridsat/2015/gridsat_2015.11.06.06.npz,533304,f4aa6d3c11f2cb3d0b4490caad3531c51aa1498fbe0852a673f6f7f802bb873e,2026-09-23T18:02:07.199010+00:00,data/interim/gridsat/2015/gridsat_2015.11.06.06.nc,803090,a731b697a05bb530cdd50f9b3fb72f03282918e3df54405bf9cab24f67a7f1ce,2026-09-23T18:02:07.111041+00:00
2015-11-06T09:00:00+00:00,2015,GRIDSAT-B1.2015.11.06.09.v02r01.nc,data/interim/gridsat/2015/gridsat_2015.11.06.09.npz,557698,fa5a8edab54d931fc3c1192f3b1328033a0f3f085f908a2673498e539fb4cceb,2026-09-23T18:02:21.984868+00:00,data/interim/gridsat/2015/gridsat_2015.11.06.09.nc,830084,ff8c6ad69603b2582cc130f046f7ac2eb55f356ef4bbd2c271ee3a51a42789f3,2026-09-23T18:02:21.888050+00:00
2015-11-06T12:00:00+00:00,2015,GRIDSAT-B1.2015.11.06.12.v02r01.nc,data/interim/gridsat/2015/gridsat_2015.11.06.12.npz,535270,dc07ff1413a54f76a2720693ca6d964d7131b3c6228f64efa5f1da6801ea002c,2026-09-23T18:02:27.882719+00:00,data/interim/gridsat/2015/gridsat_2015.11.06.12.nc,809401,001a13eb9bf453e3adb08e5a5c438a964d69a5b4de4037aef87cc1ed21db2b91,2026-09-23T18:02:27.784262+00:00
2015-11-06T15:00:00+00:00,2015,GRIDSAT-B1.2015.11.06.15.v02r01.nc,data/interim/gridsat/2015/gridsat_2015.11.06.15.npz,518698,b8d900c239889b028a852c892c6001e10528116a2f0b589721116955b7cae615,2026-09-23T18:02:53.499220+00:00,data/interim/gridsat/2015/gridsat_2015.11.06.15.nc,791775,29418fe6c956f69376ff1e1eb79660bebb11c637c0da11d28268932a94f345f4,2026-09-23T18:02:53.408492+00:00
2015-11-06T18:00:00+00:00,2015,GRIDSAT-B1.2015.11.06.18.v02r01.nc,data/interim/gridsat/2015/gridsat_2015.11.06.18.npz,517936,754c8ca98cd0df6ed2b365a353bb574ccda4f065a0b0a53ea871db0f3ed0180d,2026-09-23T18:02:30.888019+00:00,data/interim/gridsat/2015/gridsat_2015.11.06.18.nc,789630,099b476761810f30f97d103c8f389fb5a9c20f626514bc9af8dcf879df8a94aa,2026-09-23T18:02:30.784759+00:00
2016-08-08T21:00:00+00:00,2016,GRIDSAT-B1.2016.08.08.21.v02r01.nc,data/interim/gridsat/2016/gridsat_2016.08.08.21.npz,556035,e2c6a1e6eac428302b4bf2089f7594b00bf1111c220e41f9aa6b47ae726cf41e,2026-09-23T18:02:35.643110+00:00,data/interim/gridsat/2016/gridsat_2016.08.08.21.nc,830948,9ad6bc7328a2865f8ce2a56a9a849c212b7501837ba916b3561893f7bee5dda8,2026-09-23T18:02:35.553069+00:00
2016-08-09T00:00:00+00:00,2016,GRIDSAT-B1.2016.08.09.00.v02r01.nc,data/interim/gridsat/2016/gridsat_2016.08.09.00.npz,548880,09f7552dc8ca102589191e54e90f364dd842e003199b4ae8327010106d27ce4a,2026-09-23T18:02:40.248111+00:00,data/interim/gridsat/2016/gridsat_2016.08.09.00.nc,821127,650e932b86cd1c5a19b496de53c78e9b6286d1781be5ffda000b38d7a3de790c,2026-09-23T18:02:40.153834+00:00
2016-08-09T03:00:00+00:00,2016,GRIDSAT-B1.2016.08.09.03.v02r01.nc,data/interim/gridsat/2016/gridsat_2016.08.09.03.npz,542792,6fd3f465bf1b908bd3498f98f068ef0a3241cddb0b502753fe59e1866ec1bf96,2026-09-23T18:03:07.706780+00:00,data/interim/gridsat/2016/gridsat_2016.08.09.03.nc,809910,d7acad0c39963a4e7694c2aed0b79c615013bd161edcebb2c3456ac7e5212b9e,2026-09-23T18:03:07.593409+00:00
2016-08-09T06:00:00+00:00,2016,GRIDSAT-B1.2016.08.09.06.v02r01.nc,data/interim/gridsat/2016/gridsat_2016.08.09.06.npz,568295,6b3b73c96b2f0277d91384d7cc13ab18936a02c8e970d08e15dac42760656f44,2026-09-23T18:03:18.840101+00:00,data/interim/gridsat/2016/gridsat_2016.08.09.06.nc,834173,e399694bd5e4e322a284fe346522783530ce8f794b85d6937b60c61b28a4330e,2026-09-23T18:03:18.748351+00:00
2016-08-09T09:00:00+00:00,2016,GRIDSAT-B1.2016.08.09.09.v02r01.nc,data/interim/gridsat/2016/gridsat_2016.08.09.09.npz,592977,4cc9c7bd9623404242e490f4fc881b2e1b94be9e33c7accfb29e17eac071112d,2026-09-23T18:03:01.568046+00:00,data/interim/gridsat/2016/gridsat_2016.08.09.09.nc,866099,fc074fd5a5ec281ea61c60f7b929f06efa5e30603894cd782505bf69c0f201a3,2026-09-23T18:03:01.483501+00:00
2016-08-09T12:00:00+00:00,2016,GRIDSAT-B1.2016.08.09.12.v02r01.nc,data/interim/gridsat/2016/gridsat_2016.08.09.12.npz,594637,eea4126511ed8805ca62e75185d7d4126e44a7d9faab42c4f42f4d295bd6aaf8,2026-09-23T18:03:19.459088+00:00,data/interim/gridsat/2016/gridsat_2016.08.09.12.nc,870957,737cecd0db10f8ee4174853356758380f8fa6d55643d9781c0c028404119353b,2026-09-23T18:03:19.341120+00:00
2016-08-09T15:00:00+00:00,2016,GRIDSAT-B1.2016.08.09.15.v02r01.nc,data/interim/gridsat/2016/gridsat_2016.08.09.15.npz,570005,c9b60c09d46e16ee700c100f4b3700ee0fe98d920659ccff6614533acfb4ee67,2026-09-23T18:03:43.421144+00:00,data/interim/gridsat/2016/gridsat_2016.08.09.15.nc,846912,53cdf1fde3b9928e2dc7fd0736f073b4936888b55eb4db016a900e75105f3a80,2026-09-23T18:03:43.275834+00:00
2016-08-09T18:00:00+00:00,2016,GRIDSAT-B1.2016.08.09.18.v02r01.nc,data/interim/gridsat/2016/gridsat_2016.08.09.18.npz,564411,8483ebf3bb480bb56456b4319db4df822296b4cca9cda71a3b3e5ea2b7f96e3c,2026-09-23T18:03:17.644673+00:00,data/interim/gridsat/2016/gridsat_2016.08.09.18.nc,841882,caf8709cc99c2f816fa5aa43439aa06450ec5833daf27028d9743407339be6bd,2026-09-23T18:03:17.559605+00:00
2016-08-09T21:00:00+00:00,2016,GRIDSAT-B1.2016.08.09.21.v02r01.nc,data/interim/gridsat/2016/gridsat_2016.08.09.21.npz,565645,39a6013b2601aff8e91590aa18491beb2a596d2c58bcf376932a1a3b3c0b86b8,2026-09-23T18:03:49.095150+00:00,data/interim/gridsat/2016/gridsat_2016.08.09.21.nc,848643,c7325f49267bc5838d62ed620cc1c3164f42e2c1950a7f51f885b779a2d71757,2026-09-23T18:03:48.970100+00:00
2016-08-10T00:00:00+00:00,2016,GRIDSAT-B1.2016.08.10.00.v02r01.nc,data/interim/gridsat/2016/gridsat_2016.08.10.00.npz,561843,32ab97a17e622638d5e245bba86ef257cd904d31ce7ae4abfffc9af07a055de5,2026-09-23T18:04:14.292402+00:00,data/interim/gridsat/2016/gridsat_2016.08.10.00.nc,841937,aba6d91f8270590c82e1e57e32259bd67a2c411018dfc6f34987001bf62bc570,2026-09-23T18:04:14.150392+00:00
2016-08-10T03:00:00+00:00,2016,GRIDSAT-B1.2016.08.10.03.v02r01.nc,data/interim/gridsat/2016/gridsat_2016.08.10.03.npz,552763,e9f72188fee50b98f34cbab44f79bd9cb1c243de171efbe91a9e21686476d953,2026-09-23T18:03:33.012923+00:00,data/interim/gridsat/2016/gridsat_2016.08.10.03.nc,831414,ceb4688f811f7cc5864c532ab0e40cb0372622b4452defaf4ffdf1106291eb26,2026-09-23T18:03:32.917325+00:00
2016-08-10T06:00:00+00:00,2016,GRIDSAT-B1.2016.08.10.06.v02r01.nc,data/interim/gridsat/2016/gridsat_2016.08.10.06.npz,570686,840e1057d9811d164238c0ba4825d55da9d7cbfea857dc4f3e4d381aaa5baa48,2026-09-23T18:04:18.025393+00:00,data/interim/gridsat/2016/gridsat_2016.08.10.06.nc,846563,782f2f4be503ac1ae77c4b999fb64b235ab12706183db9ba35a612c20c24d74d,2026-09-23T18:04:17.894559+00:00
2016-08-10T09:00:00+00:00,2016,GRIDSAT-B1.2016.08.10.09.v02r01.nc,data/interim/gridsat/2016/gridsat_2016.08.10.09.npz,587942,67d329683f8a8fcc48607005b56fda412a38ee7255e47cb02f6322cbd4a9075b,2026-09-23T18:04:23.865518+00:00,data/interim/gridsat/2016/gridsat_2016.08.10.09.nc,866864,04bfe6ab2a88ce3497042526a1390f89eb975a9e1d3a025530521aa94e368414,2026-09-23T18:04:23.768228+00:00
2016-08-10T12:00:00+00:00,2016,GRIDSAT-B1.2016.08.10.12.v02r01.nc,data/interim/gridsat/2016/gridsat_2016.08.10.12.npz,580736,75216cb6acb08e1fb058a1d6db0d9531797df3721a1962ea91b7613e10398848,2026-09-23T18:03:57.609775+00:00,data/interim/gridsat/2016/gridsat_2016.08.10.12.nc,862385,c2c191c2b10e256e3725221e7a4c2e29c027280c674ce57c2c08dd8742ca4085,2026-09-23T18:03:57.484361+00:00
2016-08-10T15:00:00+00:00,2016,GRIDSAT-B1.2016.08.10.15.v02r01.nc,data/interim/gridsat/2016/gridsat_2016.08.10.15.npz,562208,30beb543f56cd41f00a66d7dc7a131cc02b345aa0ba33ecde7165af78b71e8ef,2026-09-23T18:04:30.886146+00:00,data/interim/gridsat/2016/gridsat_2016.08.10.15.nc,843854,99a77f8e16406fcacd94491e7e7b61ca64f0c48e96be51c7b1a23ec42e7b068e,2026-09-23T18:04:30.760641+00:00
2016-08-10T18:00:00+00:00,2016,GRIDSAT-B1.2016.08.10.18.v02r01.nc,data/interim/gridsat/2016/gridsat_2016.08.10.18.npz,557511,a898cab2d0e940e10fe27386f85d68a6288385e718e8b5d62b6c7b6ed2ce7a47,2026-09-23T18:04:34.786443+00:00,data/interim/gridsat/2016/gridsat_2016.08.10.18.nc,845395,4dc6f94983a1e98aff5e873e26e999df7bfba381c4d842a9b85e820bc4ad75cc,2026-09-23T18:04:34.682533+00:00
2016-08-15T21:00:00+00:00,2016,GRIDSAT-B1.2016.08.15.21.v02r01.nc,data/interim/gridsat/2016/gridsat_2016.08.15.21.npz,548637,c16ef650c5a2b36117112cf7d3b5516b6b2ad86b212e9780b363c63475aa73c4,2026-09-23T18:04:09.705863+00:00,data/interim/gridsat/2016/gridsat_2016.08.15.21.nc,826673,e9629dc26ce7d3ee11cf7da1ad1ab61db47e67911c4e86b2a0fff3d0809053eb,2026-09-23T18:04:09.582411+00:00
2016-08-16T00:00:00+00:00,2016,GRIDSAT-B1.2016.08.16.00.v02r01.nc,data/interim/gridsat/2016/gridsat_2016.08.16.00.npz,546815,f4128b59cf6756616ade14aab262b103723f1fc19dddc1c8e26ecda3c47ad64d,2026-09-23T18:05:04.955209+00:00,data/interim/gridsat/2016/gridsat_2016.08.16.00.nc,824000,818aa34fc74eecb273ae92183403121840790944ce8784543dd9fc88a043a250,2026-09-23T18:05:04.860781+00:00
2016-08-16T03:00:00+00:00,2016,GRIDSAT-B1.2016.08.16.03.v02r01.nc,data/interim/gridsat/2016/gridsat_2016.08.16.03.npz,544456,895556d274ab285f7f9de23e8fa41cd8e0a9954474e5954c131edce5e7fa3ef7,2026-09-23T18:05:14.099751+00:00,data/interim/gridsat/2016/gridsat_2016.08.16.03.nc,816697,187d37fa3a940be430208adc0a8ad65889a5fc16354570771707e5548fd7b339,2026-09-23T18:05:13.963475+00:00
2016-08-16T06:00:00+00:00,2016,GRIDSAT-B1.2016.08.16.06.v02r01.nc,data/interim/gridsat/2016/gridsat_2016.08.16.06.npz,562994,09f7a11a7612ee879216f4a2989acae5c8d7a96b954c1f2ddf4d35ee79f0640e,2026-09-23T18:04:37.604622+00:00,data/interim/gridsat/2016/gridsat_2016.08.16.06.nc,830830,308444ccf03c7150002ea6ea0e2ff90fb5105832d64d3e3a25bd50bfd43564b6,2026-09-23T18:04:37.516268+00:00
2016-08-16T09:00:00+00:00,2016,GRIDSAT-B1.2016.08.16.09.v02r01.nc,data/interim/gridsat/2016/gridsat_2016.08.16.09.npz,582268,760f6a6be9876a6164958e548cbd3b5ae9b4aeb408669b93330d9c888a8d00fc,2026-09-23T18:04:53.378835+00:00,data/interim/gridsat/2016/gridsat_2016.08.16.09.nc,856257,9a38fce4867c3cbe2987c1f4ae78d76c21cdf54e993cf9be3724d66bd12240ec,2026-09-23T18:04:53.267535+00:00
2016-08-16T12:00:00+00:00,2016,GRIDSAT-B1.2016.08.16.12.v02r01.nc,data/interim/gridsat/2016/gridsat_2016.08.16.12.npz,578114,44619cf3611921e014a348daf94998e967c863ff4cb614b5aafcebf2884f5aec,2026-09-23T18:05:28.607609+00:00,data/interim/gridsat/2016/gridsat_2016.08.16.12.nc,860058,b0ce7ea83785179f9324df38f7da93c68305afbdad57b7e3b5e9854650b5ca34,2026-09-23T18:05:28.524183+00:00
2016-08-16T15:00:00+00:00,2016,GRIDSAT-B1.2016.08.16.15.v02r01.nc,data/interim/gridsat/2016/gridsat_2016.08.16.15.npz,548166,1780ff0bf953baa886ae58f8eb46db773080d1a4e39806d0210c51dfb7eabf44,2026-09-23T18:05:47.266824+00:00,data/interim/gridsat/2016/gridsat_2016.08.16.15.nc,832328,8860283ba9702c2966162a597afeca10bbba9608f426e71cab0124b582ca8ea1,2026-09-23T18:05:47.146261+00:00
2016-08-16T18:00:00+00:00,2016,GRIDSAT-B1.2016.08.16.18.v02r01.nc,data/interim/gridsat/2016/gridsat_2016.08.16.18.npz,542136,777c2819fd3b6e1610112f75d1822f7002813403783173e737cf3c4c2fdf0f4f,2026-09-23T18:05:26.413144+00:00,data/interim/gridsat/2016/gridsat_2016.08.16.18.nc,826476,32e0d38ce68d48e769dced8c47c7aaabd383ee65bfe63427110c4cefe214e988,2026-09-23T18:05:26.288585+00:00
2016-08-16T21:00:00+00:00,2016,GRIDSAT-B1.2016.08.16.21.v02r01.nc,data/interim/gridsat/2016/gridsat_2016.08.16.21.npz,546398,44197d4c805c0ab5660fb7f6ce3c7afcd6669fe9265d9c913d2d5aec843c8d21,2026-09-23T18:05:04.316355+00:00,data/interim/gridsat/2016/gridsat_2016.08.16.21.nc,829900,6fc6c410d361b0d295542fcb0a6d756b8bdb18277684cd359f05230b8e3a3e11,2026-09-23T18:05:04.222425+00:00
2016-08-17T00:00:00+00:00,2016,GRIDSAT-B1.2016.08.17.00.v02r01.nc,data/interim/gridsat/2016/gridsat_2016.08.17.00.npz,547020,10fd68f9efcabb862afef0b60645524b67e59325d7ca573363687cdb593f386a,2026-09-23T18:05:18.365103+00:00,data/interim/gridsat/2016/gridsat_2016.08.17.00.nc,827547,31817b7f81b04cdd3c620b32a2246bf464d7cb44f7b13176b3abb834429e5870,2026-09-23T18:05:18.281277+00:00
2016-08-17T03:00:00+00:00,2016,GRIDSAT-B1.2016.08.17.03.v02r01.nc,data/interim/gridsat/2016/gridsat_2016.08.17.03.npz,545355,edff635043333086e02cb0201bb1c4c9bc81e1041f227ad98bbf469bbc1400db,2026-09-23T18:06:06.447272+00:00,data/interim/gridsat/2016/gridsat_2016.08.17.03.nc,821057,1fd7ebbabba933dd13372149d107323902515224011acfd1b5709c0b0f51966b,2026-09-23T18:06:06.339293+00:00
2016-08-17T06:00:00+00:00,2016,GRIDSAT-B1.2016.08.17.06.v02r01.nc,data/interim/gridsat/2016/gridsat_2016.08.17.06.npz,566591,28ae677f09f92d29a3022919066e77e0e715953a6f0c1169f2781da8b55d3d0f,2026-09-23T18:05:48.885004+00:00,data/interim/gridsat/2016/gridsat_2016.08.17.06.nc,836132,1f52281a376884c7563753c0dc22f66d17f6a88fb253a5ce11c4c7a2cfc45c73,2026-09-23T18:05:48.758515+00:00
2016-08-17T09:00:00+00:00,2016,GRIDSAT-B1.2016.08.17.09.v02r01.nc,data/interim/gridsat/2016/gridsat_2016.08.17.09.npz,587289,6b6cc497a54be44e1554a1d1fb9b4fa1b1da986837f2fab2b39680868378fe7f,2026-09-23T18:05:50.086326+00:00,data/interim/gridsat/2016/gridsat_2016.08.17.09.nc,860194,9cd4161acc28607f378e6db50de81f9e7a7b405ce6b4db2111ce3a8d458ecd02,2026-09-23T18:05:49.988815+00:00
2016-08-17T12:00:00+00:00,2016,GRIDSAT-B1.2016.08.17.12.v02r01.nc,data/interim/gridsat/2016/gridsat_2016.08.17.12.npz,583522,43bb6ec3f356b4e5ae9f85dc7c091132ede1e329a7fe683ff5cd7d1c47cdb171,2026-09-23T18:06:00.190346+00:00,data/interim/gridsat/2016/gridsat_2016.08.17.12.nc,863075,6ebfbe82821dc89edd35bf3c209f15e8ae58515ccc4e6ab47760cf6ad48139e5,2026-09-23T18:06:00.106550+00:00
2016-08-17T15:00:00+00:00,2016,GRIDSAT-B1.2016.08.17.15.v02r01.nc,data/interim/gridsat/2016/gridsat_2016.08.17.15.npz,557059,f838915fcfd9dc8f74a2cc1e8738cdc71f9e354976ba78bffdf43ed8fc699d0f,2026-09-23T18:06:57.637511+00:00,data/interim/gridsat/2016/gridsat_2016.08.17.15.nc,837907,f0ed56038943edac02f57408b5b74e53ae04c67c0060e7d071feaa33be8da6bc,2026-09-23T18:06:57.531833+00:00
2016-08-17T18:00:00+00:00,2016,GRIDSAT-B1.2016.08.17.18.v02r01.nc,data/interim/gridsat/2016/gridsat_2016.08.17.18.npz,552531,5e4116879f215a884a5e0bb3686767f386dd07a0dd2f1375edd01cec0f849bee,2026-09-23T18:06:11.463393+00:00,data/interim/gridsat/2016/gridsat_2016.08.17.18.nc,832724,81dbd1a0a3e2aaf28a313273a6dcba742fda4a9cc98ce84055b9af96852bddf6,2026-09-23T18:06:11.326301+00:00
2016-08-17T21:00:00+00:00,2016,GRIDSAT-B1.2016.08.17.21.v02r01.nc,data/interim/gridsat/2016/gridsat_2016.08.17.21.npz,555947,aa575d24c783266b746e190073a6747ed8c028c62225a69be3b06659c3e4df2d,2026-09-23T18:06:42.971408+00:00,data/interim/gridsat/2016/gridsat_2016.08.17.21.nc,836620,068a8011047b1d3ed602fc33a2ad3cd2a5d502bdb5f1bf0e9daaf94d070950de,2026-09-23T18:06:42.861543+00:00
2016-08-18T00:00:00+00:00,2016,GRIDSAT-B1.2016.08.18.00.v02r01.nc,data/interim/gridsat/2016/gridsat_2016.08.18.00.npz,553134,ef37a7b7f0c2de36286e897570f9ec10b25c1b603d1281e37065263ff1e3cfa2,2026-09-23T18:07:08.731291+00:00,data/interim/gridsat/2016/gridsat_2016.08.18.00.nc,832106,0dda75da33cdc7d0c249e7e9037881de0100131d1b2145fbb591a294382c43d1,2026-09-23T18:07:08.634433+00:00
2016-08-18T03:00:00+00:00,2016,GRIDSAT-B1.2016.08.18.03.v02r01.nc,data/interim/gridsat/2016/gridsat_2016.08.18.03.npz,547067,ad968797b66aab4d385f67b6ed3a336b9771c81850603004de29486a19b20596,2026-09-23T18:06:17.669346+00:00,data/interim/gridsat/2016/gridsat_2016.08.18.03.nc,822403,4e84fa184a027378be267e632487a1fc75a828f1478e1ae2af1739b2a54bdceb,2026-09-23T18:06:17.545119+00:00
2016-08-18T06:00:00+00:00,2016,GRIDSAT-B1.2016.08.18.06.v02r01.nc,data/interim/gridsat/2016/gridsat_2016.08.18.06.npz,572832,3d718174f1d129e2d80599322d47ea8dc79063c7266c2ff861a157dfd49185ba,2026-09-23T18:06:53.601121+00:00,data/interim/gridsat/2016/gridsat_2016.08.18.06.nc,842793,5b14db18cdf57dc9c9d51a2dc3f90bdc1dddf520262ec09f21384e86720d8204,2026-09-23T18:06:53.509049+00:00
2016-08-18T09:00:00+00:00,2016,GRIDSAT-B1.2016.08.18.09.v02r01.nc,data/interim/gridsat/2016/gridsat_2016.08.18.09.npz,591622,b1640c5abc044a7f03a59149412cbe78dd8cdf98d0555dc93f3ad3a134227edd,2026-09-23T18:06:37.562877+00:00,data/interim/gridsat/2016/gridsat_2016.08.18.09.nc,867160,77275b5688054102a023e724cc14c9ce1895b910969c4855abf9f03a9ba85f35,2026-09-23T18:06:37.438077+00:00
2016-08-18T12:00:00+00:00,2016,GRIDSAT-B1.2016.08.18.12.v02r01.nc,data/interim/gridsat/2016/gridsat_2016.08.18.12.npz,580001,a8a8eba434f1abf5658f441ddf52a386e563faa9a03ccd5fae0a881817486aef,2026-09-23T18:06:41.663054+00:00,data/interim/gridsat/2016/gridsat_2016.08.18.12.nc,859403,40cf51198acf6df5a99951dafc86bb195bcdd64a80d6d24c4788a67e822b3800,2026-09-23T18:06:41.558002+00:00
2016-08-18T15:00:00+00:00,2016,GRIDSAT-B1.2016.08.18.15.v02r01.nc,data/interim/gridsat/2016/gridsat_2016.08.18.15.npz,549045,3896b2cf2b6726910f1e24e99c3514b7e5c0c2393bdf158e0c98a3d0ff4be282,2026-09-23T18:07:09.661610+00:00,data/interim/gridsat/2016/gridsat_2016.08.18.15.nc,829051,dbb21cd79bebc6c28bedf236a69fc9f549c33af319335e41560a41207891dab2,2026-09-23T18:07:09.542290+00:00
2016-08-18T18:00:00+00:00,2016,GRIDSAT-B1.2016.08.18.18.v02r01.nc,data/interim/gridsat/2016/gridsat_2016.08.18.18.npz,545010,dfeaa5f1f4a912c63fbff9a40191140f835563e0cd2c06c006a1b00435c92dcf,2026-09-23T18:07:16.848944+00:00,data/interim/gridsat/2016/gridsat_2016.08.18.18.nc,823209,b68253cbf242a124a3c0173f61705905d86fd290ea8127bc4808a49624fed11b,2026-09-23T18:07:16.739178+00:00
2016-10-20T09:00:00+00:00,2016,GRIDSAT-B1.2016.10.20.09.v02r01.nc,data/interim/gridsat/2016/gridsat_2016.10.20.09.npz,529013,8e59ee4025fcad2be60b3c7bdb6544c80e4d15d4c0098d0319e9d34c41759cb3,2026-09-23T18:07:07.789709+00:00,data/interim/gridsat/2016/gridsat_2016.10.20.09.nc,787198,69ed13af3d7a16bbd7bba46412bc3f2a1a8ac035230387cb8d872cdd59ff5155,2026-09-23T18:07:07.666693+00:00
2016-10-20T12:00:00+00:00,2016,GRIDSAT-B1.2016.10.20.12.v02r01.nc,data/interim/gridsat/2016/gridsat_2016.10.20.12.npz,498864,907fb4ed006c17f5d8b6e1551bdb4da6386eb9eaee4ddcb44997f26949a0264e,2026-09-23T18:07:57.417194+00:00,data/interim/gridsat/2016/gridsat_2016.10.20.12.nc,759361,19dffeee621e9dae73b0c94e97bd89e118b58b14733fd8e2560a5fa3a1bd4b0d,2026-09-23T18:07:57.320641+00:00
2016-10-20T15:00:00+00:00,2016,GRIDSAT-B1.2016.10.20.15.v02r01.nc,data/interim/gridsat/2016/gridsat_2016.10.20.15.npz,475938,f12517f624f7506bc76e4d3e8762f2ce3f3ad5e897f0fd22e78263be1af400af,2026-09-23T18:07:53.550562+00:00,data/interim/gridsat/2016/gridsat_2016.10.20.15.nc,735883,15f5f746b8c23c012a8ac72ba76dba406de5bdb1b9d617b0fb73830a7347dab8,2026-09-23T18:07:53.466495+00:00
2016-10-20T18:00:00+00:00,2016,GRIDSAT-B1.2016.10.20.18.v02r01.nc,data/interim/gridsat/2016/gridsat_2016.10.20.18.npz,474468,3ca649983fe20b2b8bdb7426c08b3190861fd8de6d24a897d175d80ed172f692,2026-09-23T18:07:37.899000+00:00,data/interim/gridsat/2016/gridsat_2016.10.20.18.nc,738274,fff933c047c04a1e7a1eff6dc48d846cd5dd7965aec40a9edd8d59b15febdd57,2026-09-23T18:07:37.786240+00:00
2016-10-20T21:00:00+00:00,2016,GRIDSAT-B1.2016.10.20.21.v02r01.nc,data/interim/gridsat/2016/gridsat_2016.10.20.21.npz,476766,34664e21a0a6519c7bf2dd5276f8ce9c362a461517b6a74782a48f69b3335546,2026-09-23T18:07:26.196112+00:00,data/interim/gridsat/2016/gridsat_2016.10.20.21.nc,743033,ba0ac75a3400e4d3b6a011d8625cf56133c22fe9dd9ee2e89d133395bcea4ca6,2026-09-23T18:07:26.112701+00:00
2016-10-21T00:00:00+00:00,2016,GRIDSAT-B1.2016.10.21.00.v02r01.nc,data/interim/gridsat/2016/gridsat_2016.10.21.00.npz,475387,feaeb186482f037aa788a9ce4875d54e5019b16d01d3087e3795f10457ae4993,2026-09-23T18:08:04.188574+00:00,data/interim/gridsat/2016/gridsat_2016.10.21.00.nc,740705,24ab21c37fb2fc364c88a160609f1db8848319d0bb9b2602903b21fc870aed3b,2026-09-23T18:08:04.094500+00:00
2016-10-21T09:00:00+00:00,2016,GRIDSAT-B1.2016.10.21.09.v02r01.nc,data/interim/gridsat/2016/gridsat_2016.10.21.09.npz,520616,05af54bbd79295688902b950553e09f585f1cc10b08305f0fba8b6cb7acf365d,2026-09-23T18:07:53.498211+00:00,data/interim/gridsat/2016/gridsat_2016.10.21.09.nc,779495,726dd792034262469df8f072b6cf53725fcf9891f37adb227f32f73b1d5357e4,2026-09-23T18:07:53.412150+00:00
2016-10-21T12:00:00+00:00,2016,GRIDSAT-B1.2016.10.21.12.v02r01.nc,data/interim/gridsat/2016/gridsat_2016.10.21.12.npz,488633,83a0855ecad39b8ba5c9dda1717aed0099c41db2a0a12a989adaf7ec1616338c,2026-09-23T18:09:11.307074+00:00,data/interim/gridsat/2016/gridsat_2016.10.21.12.nc,749459,78a7a50d44ad96a92c2927a6d0694bf011182164d8be3ac920c59afd6ee0ac10,2026-09-23T18:09:11.222706+00:00
2016-10-21T15:00:00+00:00,2016,GRIDSAT-B1.2016.10.21.15.v02r01.nc,data/interim/gridsat/2016/gridsat_2016.10.21.15.npz,472739,26346bc335d32f7007f619d6e695a2f511fbad472f445b6a5828c266e4d16603,2026-09-23T18:08:59.187717+00:00,data/interim/gridsat/2016/gridsat_2016.10.21.15.nc,733063,e31e4f2d6154e29ac5ceab312e53244b2ce631b7bd59db3aa7e58ccfdc381268,2026-09-23T18:08:59.077906+00:00
2016-10-21T18:00:00+00:00,2016,GRIDSAT-B1.2016.10.21.18.v02r01.nc,data/interim/gridsat/2016/gridsat_2016.10.21.18.npz,475779,ea3aba32ad0a1ee8eb870ae967a1dfd4bd0252d7d013087bfa490f1a94f01a84,2026-09-23T18:08:28.445148+00:00,data/interim/gridsat/2016/gridsat_2016.10.21.18.nc,739368,164ab109306c849a4aee5a2ed5763b2f01d151a187e8b5a35f367b12090a56cf,2026-09-23T18:08:28.327073+00:00
2016-10-21T21:00:00+00:00,2016,GRIDSAT-B1.2016.10.21.21.v02r01.nc,data/interim/gridsat/2016/gridsat_2016.10.21.21.npz,481644,3b0ddc921c7aa400607d891e46dac7f6cd6ab790def91a290ccdaad32d662aa3,2026-09-23T18:08:06.680479+00:00,data/interim/gridsat/2016/gridsat_2016.10.21.21.nc,746269,20c3b0562fc01a73e2ea17eef07dee2d3068ffe98b58bc1f81a38aefa47bcf70,2026-09-23T18:08:06.570400+00:00
2016-10-22T00:00:00+00:00,2016,GRIDSAT-B1.2016.10.22.00.v02r01.nc,data/interim/gridsat/2016/gridsat_2016.10.22.00.npz,481905,c4d2d74822d6d9cead8bd0ac520e750bd5f754807180986e6a7264b799399da1,2026-09-23T18:09:03.749298+00:00,data/interim/gridsat/2016/gridsat_2016.10.22.00.nc,748119,34d53cef4294b64942330cab95fb8062c08314fe20dd4abad5e4767bdd70cd1d,2026-09-23T18:09:03.614587+00:00
2016-10-23T03:00:00+00:00,2016,GRIDSAT-B1.2016.10.23.03.v02r01.nc,data/interim/gridsat/2016/gridsat_2016.10.23.03.npz,484863,9e528c312aaf17c56aab9ebc792ce91f3b57ad0d6c2afc24bda034f52af9783b,2026-09-23T18:08:22.765976+00:00,data/interim/gridsat/2016/gridsat_2016.10.23.03.nc,745035,32a0b48aab8a7a7b11a5b622ef069c462159223554d23209ad958eb1034a6f01,2026-09-23T18:08:22.651545+00:00
2016-10-23T06:00:00+00:00,2016,GRIDSAT-B1.2016.10.23.06.v02r01.nc,data/interim/gridsat/2016/gridsat_2016.10.23.06.npz,511141,339316c41786f4f9c970ace35b3e05c9b34604c0204aa3847709ca51fde7c211,2026-09-23T18:09:10.715586+00:00,data/interim/gridsat/2016/gridsat_2016.10.23.06.nc,770442,3b05b86bc4974ea4938d1ce0b58be24e47f1b7aa01825927a6e57ce9692187f4,2026-09-23T18:09:10.603743+00:00
2016-10-23T09:00:00+00:00,2016,GRIDSAT-B1.2016.10.23.09.v02r01.nc,data/interim/gridsat/2016/gridsat_2016.10.23.09.npz,533650,2c0601665c82733228e980ee69c924f50b56feffe79bdf730a1b3821fa70a96f,2026-09-23T18:08:33.264640+00:00,data/interim/gridsat/2016/gridsat_2016.10.23.09.nc,794367,d7ca486737a9140ba4e867001313109fc55163d088778b4590530ee3af24b047,2026-09-23T18:08:33.158694+00:00
2016-10-23T12:00:00+00:00,2016,GRIDSAT-B1.2016.10.23.12.v02r01.nc,data/interim/gridsat/2016/gridsat_2016.10.23.12.npz,510517,f4e30e883e554bc1981aa4907478cabbe5da642a7ff0d696deb172de2ff4c84e,2026-09-23T18:10:11.543926+00:00,data/interim/gridsat/2016/gridsat_2016.10.23.12.nc,772777,0571b748e4997a9ccb735a0b0a39180c0bc68bb2e1d34efbe27902462343f877,2026-09-23T18:10:11.424623+00:00
2016-10-23T15:00:00+00:00,2016,GRIDSAT-B1.2016.10.23.15.v02r01.nc,data/interim/gridsat/2016/gridsat_2016.10.23.15.npz,495287,ea570c6723a06c6bb5603ea12fa5408dad2e59c2499ce97cf147fe932a9f6ccf,2026-09-23T18:08:48.861459+00:00,data/interim/gridsat/2016/gridsat_2016.10.23.15.nc,757147,a24781cc4ea24081eadb3899d3cbebd0325b461232af7493cf7108d4684bf587,2026-09-23T18:08:48.750406+00:00
2016-10-23T18:00:00+00:00,2016,GRIDSAT-B1.2016.10.23.18.v02r01.nc,data/interim/gridsat/2016/gridsat_2016.10.23.18.npz,488888,666c992dcbbdceb12f50be24c77f999388ea4acfde3e6b9ab7323ed6d423bf99,2026-09-23T18:09:00.422244+00:00,data/interim/gridsat/2016/gridsat_2016.10.23.18.nc,752629,e14a66a5fce226e219e5daa8cf645c20705a1540eee36aaeb26d4e567053a2d2,2026-09-23T18:09:00.337673+00:00
2016-10-23T21:00:00+00:00,2016,GRIDSAT-B1.2016.10.23.21.v02r01.nc,data/interim/gridsat/2016/gridsat_2016.10.23.21.npz,491527,d581ec565452afe28b7c260d43c64eaa9eab0aa5b3dc6a287db56540aafbf606,2026-09-23T18:09:11.362637+00:00,data/interim/gridsat/2016/gridsat_2016.10.23.21.nc,756816,26c0611189b6f05ca7dfe851306fc9f89beae88782f106c4688f3e78d998d836,2026-09-23T18:09:11.278272+00:00
2016-10-24T00:00:00+00:00,2016,GRIDSAT-B1.2016.10.24.00.v02r01.nc,data/interim/gridsat/2016/gridsat_2016.10.24.00.npz,495222,810fcca4a0aa4da56dccb4daf2716ed9698c8df476039b59ba1b11e5842e2410,2026-09-23T18:09:44.461132+00:00,data/interim/gridsat/2016/gridsat_2016.10.24.00.nc,758786,a67d9cede0f81d2e8de6e9dd9357e3569c5ba16dd0a4cd7c38f5cbc732331128,2026-09-23T18:09:44.316375+00:00
2016-10-24T03:00:00+00:00,2016,GRIDSAT-B1.2016.10.24.03.v02r01.nc,data/interim/gridsat/2016/gridsat_2016.10.24.03.npz,497717,b0da57db39833088938458dd23e912674089d6c93b041d993bbe7fc01d51c494,2026-09-23T18:10:08.290914+00:00,data/interim/gridsat/2016/gridsat_2016.10.24.03.nc,755114,9de9c27c3dcdb28ba78baf5f5c3bcd32222abdc857b993c2ab28e85ea2d5e1ea,2026-09-23T18:10:08.181323+00:00
2016-10-24T06:00:00+00:00,2016,GRIDSAT-B1.2016.10.24.06.v02r01.nc,data/interim/gridsat/2016/gridsat_2016.10.24.06.npz,519912,d88d650e81aff252e65e57d3758d999bd5d20da9dc78a203ca1902acb1b2778e,2026-09-23T18:09:22.195827+00:00,data/interim/gridsat/2016/gridsat_2016.10.24.06.nc,780077,634cb84e8518ba459446280021858ca917fcf09142b499d14734c71e0f6ac09a,2026-09-23T18:09:22.060785+00:00
2016-10-24T12:00:00+00:00,2016,GRIDSAT-B1.2016.10.24.12.v02r01.nc,data/interim/gridsat/2016/gridsat_2016.10.24.12.npz,516413,c6f3dcbb67ed714f20f4d3d4dc289ae26af8faabfe180efc64bbddbc421d7bef,2026-09-23T18:10:19.853150+00:00,data/interim/gridsat/2016/gridsat_2016.10.24.12.nc,779835,3cd3d2a8cd3ba76475526697fd8130eaec5abf4571e27e2c9d53083a996f1172,2026-09-23T18:10:19.728079+00:00
2016-10-24T15:00:00+00:00,2016,GRIDSAT-B1.2016.10.24.15.v02r01.nc,data/interim/gridsat/2016/gridsat_2016.10.24.15.npz,493526,516ca91a83138d83bdbb6e7428b643c4b7c238803e293582bcf98d7538a0255d,2026-09-23T18:10:18.151798+00:00,data/interim/gridsat/2016/gridsat_2016.10.24.15.nc,755096,656da4aafb6e3499845ffeceb6e3321a589fd3af91e4a74cd7ed497cac590f32,2026-09-23T18:10:18.043040+00:00
2016-10-24T18:00:00+00:00,2016,GRIDSAT-B1.2016.10.24.18.v02r01.nc,data/interim/gridsat/2016/gridsat_2016.10.24.18.npz,492072,bf4bb7fd2367e6c78d0cb7f9cad48ff9449a2216dd9adec0e37630ce1149ee6c,2026-09-23T18:09:40.325887+00:00,data/interim/gridsat/2016/gridsat_2016.10.24.18.nc,751916,af1f5626070002b40a9319730f8a03638949378a6e5804e1e3e7af10d4ae36af,2026-09-23T18:09:40.178470+00:00
2016-10-24T21:00:00+00:00,2016,GRIDSAT-B1.2016.10.24.21.v02r01.nc,data/interim/gridsat/2016/gridsat_2016.10.24.21.npz,492242,837a4b08dbae2be7be9b3cc9ed76d8a3433f921f3e4781a932dccb41db2c6983,2026-09-23T18:09:56.027152+00:00,data/interim/gridsat/2016/gridsat_2016.10.24.21.nc,753012,b180cd712bbe7f0d6f22ff0974c1d83c8692b7f42354604bdd43cb0d9057afcf,2026-09-23T18:09:55.929960+00:00
2016-10-25T00:00:00+00:00,2016,GRIDSAT-B1.2016.10.25.00.v02r01.nc,data/interim/gridsat/2016/gridsat_2016.10.25.00.npz,492302,b0ea1cf91595c5fbc7d4e9323ba427ad2dc7591c3fbb578b4bed5c2ed0e26d0f,2026-09-23T18:10:12.200638+00:00,data/interim/gridsat/2016/gridsat_2016.10.25.00.nc,753925,42dfe51e76afd74dbcd965b51bb0cbbe43b9ac3cf70b8ecbdf31948242c5cbac,2026-09-23T18:10:12.063339+00:00
2016-10-25T03:00:00+00:00,2016,GRIDSAT-B1.2016.10.25.03.v02r01.nc,data/interim/gridsat/2016/gridsat_2016.10.25.03.npz,485009,d3f046a5013a486e0b706145920c7e6ca89e8c37ab878d1a24a892fd0055e2ae,2026-09-23T18:10:41.450140+00:00,data/interim/gridsat/2016/gridsat_2016.10.25.03.nc,740318,6718ec53968d844c3eff3afa5204fbf6cf029a6b48efd458987251cb557ecfb8,2026-09-23T18:10:41.339270+00:00
2016-11-02T21:00:00+00:00,2016,GRIDSAT-B1.2016.11.02.21.v02r01.nc,data/interim/gridsat/2016/gridsat_2016.11.02.21.npz,491177,9bba42ebc214ac2e6d96a3a6c7936b3b6130d77816a26070d585919bc3d72c5f,2026-09-23T18:10:45.183976+00:00,data/interim/gridsat/2016/gridsat_2016.11.02.21.nc,752712,2981f7d55d7a0a27ecfc3b5cc1bc4d5ff3816c123854205753bb6e5a92632694,2026-09-23T18:10:45.055613+00:00
2016-11-03T00:00:00+00:00,2016,GRIDSAT-B1.2016.11.03.00.v02r01.nc,data/interim/gridsat/2016/gridsat_2016.11.03.00.npz,492301,d2cfc40096c5d092c506c90df9f2d96fdbaae5cfee098f95cf446ba1e61b0800,2026-09-23T18:11:10.422427+00:00,data/interim/gridsat/2016/gridsat_2016.11.03.00.nc,755758,2e81cdfbd3ca01ab1fec623f13e173db7cda95415daea7bc80bf26461cde2138,2026-09-23T18:11:10.300995+00:00
2016-11-03T03:00:00+00:00,2016,GRIDSAT-B1.2016.11.03.03.v02r01.nc,data/interim/gridsat/2016/gridsat_2016.11.03.03.npz,491136,6086a97eaefe3daa3c713e1591a0d0637fa55d5b46001780679f94c2dc4cdef2,2026-09-23T18:11:12.201260+00:00,data/interim/gridsat/2016/gridsat_2016.11.03.03.nc,752840,4384dc3bf85927adb3cc51fcf505ea1b5c1899f08baebf0f91f52c7335e7a9cb,2026-09-23T18:11:12.080797+00:00
2016-11-03T06:00:00+00:00,2016,GRIDSAT-B1.2016.11.03.06.v02r01.nc,data/interim/gridsat/2016/gridsat_2016.11.03.06.npz,515996,13a71365042799a9e71a30f17edaeba1d3aa5a9f1807ef997d9770a2d515dd55,2026-09-23T18:10:32.303607+00:00,data/interim/gridsat/2016/gridsat_2016.11.03.06.nc,780191,28897f6f48bc93cb38e148dcd1f5bfa9e434bbe620db398ae350777621dbeb10,2026-09-23T18:10:32.204610+00:00
2016-11-03T09:00:00+00:00,2016,GRIDSAT-B1.2016.11.03.09.v02r01.nc,data/interim/gridsat/2016/gridsat_2016.11.03.09.npz,539284,61bf3716c3677277c6c210be69d92909c3608c1860032848af1bb9e8c91fe803,2026-09-23T18:11:03.857806+00:00,data/interim/gridsat/2016/gridsat_2016.11.03.09.nc,803554,212f5c791de61a5c6c37d6ab48aea6c248b7f463141545330c528d7d91acc2d1,2026-09-23T18:11:03.738991+00:00
2016-11-03T12:00:00+00:00,2016,GRIDSAT-B1.2016.11.03.12.v02r01.nc,data/interim/gridsat/2016/gridsat_2016.11.03.12.npz,508236,59e21e27d6e468c1048799d0c4d133a0f31bf830bcf474b523f9b97ddb837a8f,2026-09-23T18:11:19.841517+00:00,data/interim/gridsat/2016/gridsat_2016.11.03.12.nc,776841,402f4468f24d02abfffea48cbf3424e7c8ab3168b56971edb6cafe4586c2c615,2026-09-23T18:11:19.723905+00:00
2016-11-28T21:00:00+00:00,2016,GRIDSAT-B1.2016.11.28.21.v02r01.nc,data/interim/gridsat/2016/gridsat_2016.11.28.21.npz,482216,caf92e4e3430166f15b13bd21295837cc80a2bbe4edc95d7eaa7e7f1e6aba8be,2026-09-23T18:11:14.998856+00:00,data/interim/gridsat/2016/gridsat_2016.11.28.21.nc,742554,722b8218d20d0b0f0517a19046b2c33b3139b90ddabefae1355bc36e618d36d2,2026-09-23T18:11:14.853652+00:00
2016-11-29T00:00:00+00:00,2016,GRIDSAT-B1.2016.11.29.00.v02r01.nc,data/interim/gridsat/2016/gridsat_2016.11.29.00.npz,475305,35140f3e6bcee4af5fbe0508238d7546d801406bd676306c6f15f0066043f7b9,2026-09-23T18:11:41.861556+00:00,data/interim/gridsat/2016/gridsat_2016.11.29.00.nc,734357,54815b279568be84100615a1b8ccc6d4c16b460579f888f8f0355625451f0847,2026-09-23T18:11:41.747818+00:00
2016-11-29T03:00:00+00:00,2016,GRIDSAT-B1.2016.11.29.03.v02r01.nc,data/interim/gridsat/2016/gridsat_2016.11.29.03.npz,470427,ac40907403013a9e7502b118b017a96230a511fb572094e9b13c62e62f181fd9,2026-09-23T18:11:40.448285+00:00,data/interim/gridsat/2016/gridsat_2016.11.29.03.nc,726632,1bfdb05b645630aa06bd465240d6dcafece5a1c931b0368703a62b7a0c5cac16,2026-09-23T18:11:40.337789+00:00
2016-11-29T06:00:00+00:00,2016,GRIDSAT-B1.2016.11.29.06.v02r01.nc,data/interim/gridsat/2016/gridsat_2016.11.29.06.npz,489462,b374a07d7d5af6217c1f895b90bfdef3dbef956899ede92e889b900754a11219,2026-09-23T18:11:43.206055+00:00,data/interim/gridsat/2016/gridsat_2016.11.29.06.nc,742404,0c5457ff677b12248ec11342e80d2b74b9048d4edd995bf7b47606b1730b7e7c,2026-09-23T18:11:43.106492+00:00
2016-11-29T09:00:00+00:00,2016,GRIDSAT-B1.2016.11.29.09.v02r01.nc,data/interim/gridsat/2016/gridsat_2016.11.29.09.npz,508630,be7fcdd31bfb8c19dc2bbe1dc724e7e3cae67fde372b4046a578d16826c6e36b,2026-09-23T18:11:47.317166+00:00,data/interim/gridsat/2016/gridsat_2016.11.29.09.nc,764191,0e887e9dcfa213da529863ea94a0f9e6f7b4dc583a4dc88c686d2dde62b158cb,2026-09-23T18:11:47.195318+00:00
2016-11-29T12:00:00+00:00,2016,GRIDSAT-B1.2016.11.29.12.v02r01.nc,data/interim/gridsat/2016/gridsat_2016.11.29.12.npz,484971,bea8386d848cc390e13018458814166f2515a9e507dd6ff90f1f16266be47003,2026-09-23T18:12:24.605190+00:00,data/interim/gridsat/2016/gridsat_2016.11.29.12.nc,744649,f4112cb20df01e74b85f72be0431736899e3d1ceff3494c29e97263db8161bf5,2026-09-23T18:12:24.488797+00:00
2016-11-29T15:00:00+00:00,2016,GRIDSAT-B1.2016.11.29.15.v02r01.nc,data/interim/gridsat/2016/gridsat_2016.11.29.15.npz,465930,329892e112b2e02efdfba3efd2971f9e92f0be83f3da819ba544fec0079c4dd3,2026-09-23T18:12:02.705574+00:00,data/interim/gridsat/2016/gridsat_2016.11.29.15.nc,719914,8d7ea9429103fabb1b00a784e6fbacecb0a4d1c27e7cb1388f902eea1363dcc9,2026-09-23T18:12:02.605347+00:00
2017-05-27T09:00:00+00:00,2017,GRIDSAT-B1.2017.05.27.09.v02r01.nc,data/interim/gridsat/2017/gridsat_2017.05.27.09.npz,589384,aeca50f162b075c60f10b3a82a37694fa1282a16ce9f4e2b66c3c0645f88ad06,2026-09-23T18:12:35.041560+00:00,data/interim/gridsat/2017/gridsat_2017.05.27.09.nc,837786,80e3c90e05a5a97ef3ab8d5b66426ee5680b191507a8a98dda39ebade5fcc552,2026-09-23T18:12:34.939667+00:00
2017-05-27T12:00:00+00:00,2017,GRIDSAT-B1.2017.05.27.12.v02r01.nc,data/interim/gridsat/2017/gridsat_2017.05.27.12.npz,584049,1d634e40ac3b3649b583e3931fa23e1b48c371f980c63b6f190ea322195dac2b,2026-09-23T18:12:15.118656+00:00,data/interim/gridsat/2017/gridsat_2017.05.27.12.nc,833892,4f7386c07b1e1302172fc3116a4799963dba9b5eb2d13f9c34ad1015e75d7eb7,2026-09-23T18:12:15.004888+00:00
2017-05-27T15:00:00+00:00,2017,GRIDSAT-B1.2017.05.27.15.v02r01.nc,data/interim/gridsat/2017/gridsat_2017.05.27.15.npz,562758,deb2055e16df27e2a2eba7366c11b6e95f442e05de56baa589d79f53480c67c8,2026-09-23T18:13:19.065746+00:00,data/interim/gridsat/2017/gridsat_2017.05.27.15.nc,807360,41b3cd64ccdb50fee6e91546e5742862eaba5bc52388337507561b58854cd4aa,2026-09-23T18:13:18.968527+00:00
2017-05-27T18:00:00+00:00,2017,GRIDSAT-B1.2017.05.27.18.v02r01.nc,data/interim/gridsat/2017/gridsat_2017.05.27.18.npz,558572,e18f3ae196d65ccb4bb8d65b0512061d1450b9286fe2d990c69f4f9887f332d1,2026-09-23T18:12:40.763537+00:00,data/interim/gridsat/2017/gridsat_2017.05.27.18.nc,803698,01f9aa26ae6b2664bfdbd5a2b6257a32e4994c78e3eaf85f9c7397b44004c394,2026-09-23T18:12:40.599414+00:00
2017-05-27T21:00:00+00:00,2017,GRIDSAT-B1.2017.05.27.21.v02r01.nc,data/interim/gridsat/2017/gridsat_2017.05.27.21.npz,561772,fb12ba0a26924b97a83674af4afb12024d805902397b5e451a01f6cba91323df,2026-09-23T18:13:10.523041+00:00,data/interim/gridsat/2017/gridsat_2017.05.27.21.nc,811893,87c484b48d5c7cdd21f9f669743c9dcf1db03accf65c08109c12575ec425a59c,2026-09-23T18:13:10.437099+00:00
2017-05-28T00:00:00+00:00,2017,GRIDSAT-B1.2017.05.28.00.v02r01.nc,data/interim/gridsat/2017/gridsat_2017.05.28.00.npz,556438,52eb63b359fab3413810369fd722e6008892713abbb9a2383aba2e11c80b44f7,2026-09-23T18:13:10.576909+00:00,data/interim/gridsat/2017/gridsat_2017.05.28.00.nc,809627,e51f822cb1b2c0590b25c2617a80046b21071f560c0a00ab2dfb6a7d849bac36,2026-09-23T18:13:10.489607+00:00
2017-05-28T03:00:00+00:00,2017,GRIDSAT-B1.2017.05.28.03.v02r01.nc,data/interim/gridsat/2017/gridsat_2017.05.28.03.npz,552211,a09263173a660d5bb8b357f1a68c4a87b17903c1866fd7060345afe845f6f234,2026-09-23T18:12:41.914934+00:00,data/interim/gridsat/2017/gridsat_2017.05.28.03.nc,800456,edb5d337db7d885bd02f1765f6bee6ff739c95d5c9a95016788533d2cf2a1d8d,2026-09-23T18:12:41.775989+00:00
2017-05-28T06:00:00+00:00,2017,GRIDSAT-B1.2017.05.28.06.v02r01.nc,data/interim/gridsat/2017/gridsat_2017.05.28.06.npz,573766,29c4610a801dc61a5b61207aa27f5cde1ec6424a2daab8b77e1f93dca710093c,2026-09-23T18:13:55.637340+00:00,data/interim/gridsat/2017/gridsat_2017.05.28.06.nc,817934,ecae970513e739a567499156d68e8f609dd68eecf20da7cfefc6c6105c99d01a,2026-09-23T18:13:55.520148+00:00
2017-05-28T09:00:00+00:00,2017,GRIDSAT-B1.2017.05.28.09.v02r01.nc,data/interim/gridsat/2017/gridsat_2017.05.28.09.npz,596476,e590d5fd16bcab236cd261f63c3187fbcd050ed6fcd72f1eaae812790c95ec98,2026-09-23T18:12:52.948062+00:00,data/interim/gridsat/2017/gridsat_2017.05.28.09.nc,842663,f9293ccbf400ca7e4b414a8b69e6def625e3eae8051f8d69af957115e941383f,2026-09-23T18:12:52.848386+00:00
2017-05-28T12:00:00+00:00,2017,GRIDSAT-B1.2017.05.28.12.v02r01.nc,data/interim/gridsat/2017/gridsat_2017.05.28.12.npz,588231,8616430dcbe6d44312809228a6816250ece409a2bd169b07d2aa6876be1f06e7,2026-09-23T18:14:25.169500+00:00,data/interim/gridsat/2017/gridsat_2017.05.28.12.nc,839993,1acc05604b04fca91fb4dd4b5a27ab43af331956375968612be95dec2a12b4af,2026-09-23T18:14:25.027717+00:00
2017-05-28T15:00:00+00:00,2017,GRIDSAT-B1.2017.05.28.15.v02r01.nc,data/interim/gridsat/2017/gridsat_2017.05.28.15.npz,566323,5948c9ed9a8585d490e92a98e9b6b4003a0b0ecd9bce726b3adb56cf122d0b1b,2026-09-23T18:13:14.119594+00:00,data/interim/gridsat/2017/gridsat_2017.05.28.15.nc,816298,9133ccbf36b2cd4c3d192065792874f80f3501357c90d51ab576a89a43fb1a77,2026-09-23T18:13:13.981837+00:00
2017-05-28T18:00:00+00:00,2017,GRIDSAT-B1.2017.05.28.18.v02r01.nc,data/interim/gridsat/2017/gridsat_2017.05.28.18.npz,564242,1361303dc27ba47dd57a9e4aa6cbd7a02cc0bb43f5a6c7e71f7df5a6cf936e67,2026-09-23T18:13:45.200800+00:00,data/interim/gridsat/2017/gridsat_2017.05.28.18.nc,814891,469b3ee0bdeca189bd69aaa9927682d17d6a10aaeab9c1b76bb8129c2cf3e4fe,2026-09-23T18:13:45.044518+00:00
2017-11-28T15:00:00+00:00,2017,GRIDSAT-B1.2017.11.28.15.v02r01.nc,data/interim/gridsat/2017/gridsat_2017.11.28.15.npz,525443,cf4755233602f50166dfaa0725a9a95b6bbd029c1ffb1f63638f34dcc9582699,2026-09-23T18:14:56.168503+00:00,data/interim/gridsat/2017/gridsat_2017.11.28.15.nc,760335,7127bafba27fa755b34beaa57be98878b3dd448ae77493ca82dfe297cf444cc8,2026-09-23T18:14:56.085180+00:00
2017-11-28T18:00:00+00:00,2017,GRIDSAT-B1.2017.11.28.18.v02r01.nc,data/interim/gridsat/2017/gridsat_2017.11.28.18.npz,526951,3916d506a2053a9421b742c2d514929369cbb4f607cafc7655736f11ec4bda65,2026-09-23T18:13:28.156078+00:00,data/interim/gridsat/2017/gridsat_2017.11.28.18.nc,764437,e811f4029ad0da403dc09b10ebad8845b00af12cca820632338b7e909190e4f8,2026-09-23T18:13:28.057057+00:00
2017-11-28T21:00:00+00:00,2017,GRIDSAT-B1.2017.11.28.21.v02r01.nc,data/interim/gridsat/2017/gridsat_2017.11.28.21.npz,529063,65b68e4c102456523bd4e9443e420bf8017022766e4dc304f2fb19705c98e70b,2026-09-23T18:14:03.340324+00:00,data/interim/gridsat/2017/gridsat_2017.11.28.21.nc,769933,b236281a6c7012fca81fda76f76cb9e88dbfa250fa0d97b459395235bfc25e5b,2026-09-23T18:14:03.234886+00:00
2017-11-29T00:00:00+00:00,2017,GRIDSAT-B1.2017.11.29.00.v02r01.nc,data/interim/gridsat/2017/gridsat_2017.11.29.00.npz,528797,f6378f14e5853d40fd03f6c3dd1f813d070f181e3b3ec927e2c2f255b7e11ede,2026-09-23T18:13:45.726455+00:00,data/interim/gridsat/2017/gridsat_2017.11.29.00.nc,765033,4e7959b7d9efe5f0e51f8ab0ed2256ce3098ca5cf65de316874f5193465b5b94,2026-09-23T18:13:45.627842+00:00
2017-11-29T03:00:00+00:00,2017,GRIDSAT-B1.2017.11.29.03.v02r01.nc,data/interim/gridsat/2017/gridsat_2017.11.29.03.npz,528225,9b517d62449cf966ea7804c2cffa80b6bb50574b2507a116f1dd080a49ef87a6,2026-09-23T18:14:08.380698+00:00,data/interim/gridsat/2017/gridsat_2017.11.29.03.nc,759904,7d49ddcf09d5422d8bbed7d0c96ef1f7e9dbc223dc8fe241cbf9dba25e4abc7e,2026-09-23T18:14:08.283529+00:00
2017-11-29T06:00:00+00:00,2017,GRIDSAT-B1.2017.11.29.06.v02r01.nc,data/interim/gridsat/2017/gridsat_2017.11.29.06.npz,552092,3b24f261725e5a817d1be38098522844372b95be261939311a239906836c4f37,2026-09-23T18:14:28.446696+00:00,data/interim/gridsat/2017/gridsat_2017.11.29.06.nc,774836,fc2400f87165696a4506f6c168f865f6ebcb62cc43ae9cad2cb5366ebf307fb1,2026-09-23T18:14:28.349991+00:00
2017-11-29T09:00:00+00:00,2017,GRIDSAT-B1.2017.11.29.09.v02r01.nc,data/interim/gridsat/2017/gridsat_2017.11.29.09.npz,559385,693f25d966aabd6cc1833be99b035c244a6c74f465f31cd9b2570399a7746b6b,2026-09-23T18:14:42.059954+00:00,data/interim/gridsat/2017/gridsat_2017.11.29.09.nc,786175,cc01cb590b6c9dfa52cd893e15444b40ac7c8ac2b259dff3b506844018138b30,2026-09-23T18:14:41.967297+00:00
2017-11-29T12:00:00+00:00,2017,GRIDSAT-B1.2017.11.29.12.v02r01.nc,data/interim/gridsat/2017/gridsat_2017.11.29.12.npz,527183,b78d541afa326b26ef34304196c436ee8c0c31527fa828056822cad6144b8202,2026-09-23T18:14:51.690308+00:00,data/interim/gridsat/2017/gridsat_2017.11.29.12.nc,755805,12086f87fe6c267b026697ad2571aa4a31ccb7bc62694adbedf732525fbcbe74,2026-09-23T18:14:51.606050+00:00
2017-11-29T15:00:00+00:00,2017,GRIDSAT-B1.2017.11.29.15.v02r01.nc,data/interim/gridsat/2017/gridsat_2017.11.29.15.npz,518595,3738e152621688a748fdb3c65edcdaba1d5a7e9b17b920baeeaf09df444877b1,2026-09-23T18:14:47.575587+00:00,data/interim/gridsat/2017/gridsat_2017.11.29.15.nc,743042,82654cd7ff2511fe0ea572379e00c8ef3d55995d8a8cc9207c01914929c4302e,2026-09-23T18:14:47.485232+00:00
2017-11-29T18:00:00+00:00,2017,GRIDSAT-B1.2017.11.29.18.v02r01.nc,data/interim/gridsat/2017/gridsat_2017.11.29.18.npz,521843,61f09f314b800a46169cdbc05707a26a76e3bd4ca5458908b386075b4d40e1cc,2026-09-23T18:15:07.848778+00:00,data/interim/gridsat/2017/gridsat_2017.11.29.18.nc,750220,ecfca650847bc346de196b37b4858d58be4a7531cd6f13cdce05ff253a2e390d,2026-09-23T18:15:07.772446+00:00
2017-12-05T15:00:00+00:00,2017,GRIDSAT-B1.2017.12.05.15.v02r01.nc,data/interim/gridsat/2017/gridsat_2017.12.05.15.npz,529373,44b2e98565c564c9bf63ad2bfec070b93cf415b2d98dd849c455495ebc13a9c8,2026-09-23T18:16:01.839624+00:00,data/interim/gridsat/2017/gridsat_2017.12.05.15.nc,772391,22da8611028e3975180f90987f40df1b37402f9ce75c26cb4032ba341371086c,2026-09-23T18:16:01.740201+00:00
2017-12-05T18:00:00+00:00,2017,GRIDSAT-B1.2017.12.05.18.v02r01.nc,data/interim/gridsat/2017/gridsat_2017.12.05.18.npz,531435,184d9992a8a9f68d77d376e6421b004a807360cd8307e98d8eac3348d0e5f403,2026-09-23T18:15:14.481050+00:00,data/interim/gridsat/2017/gridsat_2017.12.05.18.nc,777747,729dcf32413906cdf36c37c31e93ba022fae859c410738aff7f34d67392e3eba,2026-09-23T18:15:14.398614+00:00
2017-12-05T21:00:00+00:00,2017,GRIDSAT-B1.2017.12.05.21.v02r01.nc,data/interim/gridsat/2017/gridsat_2017.12.05.21.npz,535750,b5f00e53a00f3bd14b9aa5b797226762ff44bc606c2a48a54fa8570b585cff0c,2026-09-23T18:15:03.403828+00:00,data/interim/gridsat/2017/gridsat_2017.12.05.21.nc,785921,89776cebc10210a5424d385c5a09ec5e983ac20040c652d379f37a60426c627d,2026-09-23T18:15:03.273056+00:00
2017-12-06T00:00:00+00:00,2017,GRIDSAT-B1.2017.12.06.00.v02r01.nc,data/interim/gridsat/2017/gridsat_2017.12.06.00.npz,537202,bd5babc3d40d0ee7a5af25a26dd5cf27cee34680dc047d6a5f6027c54b368438,2026-09-23T18:15:55.641155+00:00,data/interim/gridsat/2017/gridsat_2017.12.06.00.nc,787501,a8066ce337d30d923f12348c0f54d57905c651543facb8487d0ac474511fba0b,2026-09-23T18:15:55.520670+00:00
2017-12-06T03:00:00+00:00,2017,GRIDSAT-B1.2017.12.06.03.v02r01.nc,data/interim/gridsat/2017/gridsat_2017.12.06.03.npz,540694,751999289b5ee090a65ae50e2ef456e0b6912d3a6892bb49a5b86f649a40b7e7,2026-09-23T18:15:46.335976+00:00,data/interim/gridsat/2017/gridsat_2017.12.06.03.nc,787648,b05455db10c8f8273fe787349cbde2d294636f2704b5993bf7fce73f71152bd0,2026-09-23T18:15:46.223663+00:00
2017-12-06T06:00:00+00:00,2017,GRIDSAT-B1.2017.12.06.06.v02r01.nc,data/interim/gridsat/2017/gridsat_2017.12.06.06.npz,551063,b589eec93f172c7b12bca5a803e09f38849ae5e627b6e7af6ad19cbdaac7e1da,2026-09-23T18:15:17.506210+00:00,data/interim/gridsat/2017/gridsat_2017.12.06.06.nc,787890,dc35180686292e84543a375908fb9d3eb898cd023be810d20ba52df76b619faa,2026-09-23T18:15:17.388658+00:00
2017-12-06T09:00:00+00:00,2017,GRIDSAT-B1.2017.12.06.09.v02r01.nc,data/interim/gridsat/2017/gridsat_2017.12.06.09.npz,559201,e10b3aadf97c21bfb0d1a1890c64a7566f15de8213411ab19e2ca5d9eb9b27d7,2026-09-23T18:15:43.370956+00:00,data/interim/gridsat/2017/gridsat_2017.12.06.09.nc,800728,0d4a38d97a5a1e3c1e99f6446632f2dad5a91d5b83e46bd8baf016c058cd17a4,2026-09-23T18:15:43.256802+00:00
2017-12-06T12:00:00+00:00,2017,GRIDSAT-B1.2017.12.06.12.v02r01.nc,data/interim/gridsat/2017/gridsat_2017.12.06.12.npz,532601,ebf6f45e079145c017a88d3cf4b02c9631b54f6383230364c4520c603b9e606a,2026-09-23T18:16:21.910278+00:00,data/interim/gridsat/2017/gridsat_2017.12.06.12.nc,776350,70918d825949d0eae87aa3bb0a01e144003e0de32c7018e1ccd56b3c280f9d20,2026-09-23T18:16:21.806133+00:00
2017-12-06T15:00:00+00:00,2017,GRIDSAT-B1.2017.12.06.15.v02r01.nc,data/interim/gridsat/2017/gridsat_2017.12.06.15.npz,526202,76ef3a8a1e0a513eb18088154d52f2a5748b6d903daa1fc6bdebd05a05cd3bbc,2026-09-23T18:16:39.122918+00:00,data/interim/gridsat/2017/gridsat_2017.12.06.15.nc,765002,e8f33f5ce92e2d40b03393fe154e5a03619b45e993b97061ff11f2c378322680,2026-09-23T18:16:39.007943+00:00
2017-12-06T18:00:00+00:00,2017,GRIDSAT-B1.2017.12.06.18.v02r01.nc,data/interim/gridsat/2017/gridsat_2017.12.06.18.npz,530882,de0e62dcce7549d9191335ade1bbfcb7e0f542c5c5948db94a7d51d24c7991a0,2026-09-23T18:16:30.278781+00:00,data/interim/gridsat/2017/gridsat_2017.12.06.18.nc,770943,c30b8b92efe9f8bf653348fdc47912523de5ff25293f9666568741feb99203fd,2026-09-23T18:16:30.125403+00:00
2017-12-06T21:00:00+00:00,2017,GRIDSAT-B1.2017.12.06.21.v02r01.nc,data/interim/gridsat/2017/gridsat_2017.12.06.21.npz,531014,7ce07e941d1f820291f59ea04850f0089a88245beb7fb68969af44528b43d66d,2026-09-23T18:16:36.812891+00:00,data/interim/gridsat/2017/gridsat_2017.12.06.21.nc,774594,9581e775b48bc66c4f9af9c22f7ad68db345c54f8f40c5a5715f2289bd238c57,2026-09-23T18:16:36.698061+00:00
2017-12-07T00:00:00+00:00,2017,GRIDSAT-B1.2017.12.07.00.v02r01.nc,data/interim/gridsat/2017/gridsat_2017.12.07.00.npz,530269,00e86c064219c3edf10fddc951e17847e7887bb432cce072e418bc919a6579d4,2026-09-23T18:16:24.633818+00:00,data/interim/gridsat/2017/gridsat_2017.12.07.00.nc,772929,b16ad1348962251ccf0e5d3e049b2bc19d5857aba0356ca25339be53ea8c58be,2026-09-23T18:16:24.474112+00:00
2017-12-07T03:00:00+00:00,2017,GRIDSAT-B1.2017.12.07.03.v02r01.nc,data/interim/gridsat/2017/gridsat_2017.12.07.03.npz,525090,de929a8a04f1a8b850fe6b4373e3e7e1cb31c5dd7bf21468de883b153487c58e,2026-09-23T18:17:02.718410+00:00,data/interim/gridsat/2017/gridsat_2017.12.07.03.nc,765286,7744b8ce72106d5e56bf1043171e7856ed62dde39896ab1c3383abb26a376981,2026-09-23T18:17:02.624924+00:00
2017-12-07T06:00:00+00:00,2017,GRIDSAT-B1.2017.12.07.06.v02r01.nc,data/interim/gridsat/2017/gridsat_2017.12.07.06.npz,536323,9245962bd7f6d3ee942441dc761a3e6a71d490bf98d6e2aa0c2d9d9491293025,2026-09-23T18:17:02.658853+00:00,data/interim/gridsat/2017/gridsat_2017.12.07.06.nc,757268,75e844d0a96531a2c7b20bd0127aeda7b04ce84e270f49ff6b1b30b3b19c2a8a,2026-09-23T18:17:02.569385+00:00
2018-05-20T21:00:00+00:00,2018,GRIDSAT-B1.2018.05.20.21.v02r01.nc,data/interim/gridsat/2018/gridsat_2018.05.20.21.npz,584894,40c5aa901bbb668dec90fe4aa2d0e4777c386211731bb9d70bfa91126697e0fd,2026-09-23T18:17:03.388002+00:00,data/interim/gridsat/2018/gridsat_2018.05.20.21.nc,850333,1a75ead91c565003a3773b92b6f501d8c0a43ff7758503c65de143c2b8daf50c,2026-09-23T18:17:03.284416+00:00
2018-05-21T00:00:00+00:00,2018,GRIDSAT-B1.2018.05.21.00.v02r01.nc,data/interim/gridsat/2018/gridsat_2018.05.21.00.npz,581549,a7a6eb9c96fe6b5b09a14fb3cc86658550332502ec41ea7d2c8afba7faa5fcaa,2026-09-23T18:17:41.976411+00:00,data/interim/gridsat/2018/gridsat_2018.05.21.00.nc,849969,f3b17878ee48984cd0d248d59e482cc387a6a8149e7c272b18ff7e887ec5c0c5,2026-09-23T18:17:41.862712+00:00
2018-05-21T03:00:00+00:00,2018,GRIDSAT-B1.2018.05.21.03.v02r01.nc,data/interim/gridsat/2018/gridsat_2018.05.21.03.npz,582081,f9bdeb1cee9c21df63c3e304e231b65cc91c3b1537419a1f6cf0bb6c1270a6b6,2026-09-23T18:17:11.376480+00:00,data/interim/gridsat/2018/gridsat_2018.05.21.03.nc,843471,8243f6dd252b390857fd4c2d040bf1bcdd715bde998c8b95acedf605b2387071,2026-09-23T18:17:11.284896+00:00
2018-05-21T06:00:00+00:00,2018,GRIDSAT-B1.2018.05.21.06.v02r01.nc,data/interim/gridsat/2018/gridsat_2018.05.21.06.npz,614045,da6157b3ec0722ac9f2034308512a2c3f1fcd80d18b6e602589ea05750d347b7,2026-09-23T18:17:29.567111+00:00,data/interim/gridsat/2018/gridsat_2018.05.21.06.nc,872337,e925d38028aa9622347a1cc601f2bddad642d54107091899f351eef4d325cf76,2026-09-23T18:17:29.458268+00:00
2018-05-21T09:00:00+00:00,2018,GRIDSAT-B1.2018.05.21.09.v02r01.nc,data/interim/gridsat/2018/gridsat_2018.05.21.09.npz,635130,f65a316396cff1fd921eb2c33cb9d69778c96d316e987b782da95089e1639043,2026-09-23T18:17:36.859205+00:00,data/interim/gridsat/2018/gridsat_2018.05.21.09.nc,899866,c250636d9fad376b397939e83fd89ddfecfbb252736dd45e8b1f3d8775e7ef83,2026-09-23T18:17:36.764574+00:00
2018-05-21T12:00:00+00:00,2018,GRIDSAT-B1.2018.05.21.12.v02r01.nc,data/interim/gridsat/2018/gridsat_2018.05.21.12.npz,621658,9c1f7e02c37a75276be1d8ab14a4b9a6c0d38cfc3425302ad5a3de6698e7b48b,2026-09-23T18:17:35.600984+00:00,data/interim/gridsat/2018/gridsat_2018.05.21.12.nc,889522,99e18713640a831950f39ad1cb7539d328b302311591acc7ea8d92e54aa73987,2026-09-23T18:17:35.495996+00:00
2018-05-21T15:00:00+00:00,2018,GRIDSAT-B1.2018.05.21.15.v02r01.nc,data/interim/gridsat/2018/gridsat_2018.05.21.15.npz,589832,4242ef460ff01dbac7138ae5dc7f862e553761dad6a091e77245f41250824dc8,2026-09-23T18:18:08.706061+00:00,data/interim/gridsat/2018/gridsat_2018.05.21.15.nc,854396,7e199167dec172f4eb17983b73c9bbc84a1902cff80b57002e42887f2de1e82d,2026-09-23T18:18:08.580724+00:00
2018-05-21T18:00:00+00:00,2018,GRIDSAT-B1.2018.05.21.18.v02r01.nc,data/interim/gridsat/2018/gridsat_2018.05.21.18.npz,582077,c4ee6becf8bb6c28daaa69faee7f7e758d7031972c913d536a7a2cbef6501035,2026-09-23T18:17:53.846478+00:00,data/interim/gridsat/2018/gridsat_2018.05.21.18.nc,846794,5ba96e55d30573904a643b54b8bc5a0fc215e4cfa13342c6ca0e21519fb11130,2026-09-23T18:17:53.707547+00:00
2018-05-21T21:00:00+00:00,2018,GRIDSAT-B1.2018.05.21.21.v02r01.nc,data/interim/gridsat/2018/gridsat_2018.05.21.21.npz,582423,957b1e89923112f77268542208213d4aedf1dcce114fbb54ff6e45047e5415e5,2026-09-23T18:18:01.742969+00:00,data/interim/gridsat/2018/gridsat_2018.05.21.21.nc,849167,a4c634e753d3d8d013546ead6e4267d8c516ed05e65411e1f79fe1759e0efa99,2026-09-23T18:18:01.640386+00:00
2018-05-22T00:00:00+00:00,2018,GRIDSAT-B1.2018.05.22.00.v02r01.nc,data/interim/gridsat/2018/gridsat_2018.05.22.00.npz,584375,d65f97be225847ff6ea91432d31a3138ae99ec85129f016b0178d9df26a0ded6,2026-09-23T18:18:26.303057+00:00,data/interim/gridsat/2018/gridsat_2018.05.22.00.nc,852825,09106e25dc0ecf29212436312d4609ff8e43502a0b68ef603360267b286f18eb,2026-09-23T18:18:26.161472+00:00
2018-05-22T03:00:00+00:00,2018,GRIDSAT-B1.2018.05.22.03.v02r01.nc,data/interim/gridsat/2018/gridsat_2018.05.22.03.npz,588648,d84dca64f1941040e16a58c93083f4b5639a6230ab7c0f7f18bd273a4e9cb1e1,2026-09-23T18:18:49.480751+00:00,data/interim/gridsat/2018/gridsat_2018.05.22.03.nc,846796,e0520c521abb148a42e167c4f513f19abfd2cff9089100a97ee2062113bd5d26,2026-09-23T18:18:49.378784+00:00
2018-05-22T06:00:00+00:00,2018,GRIDSAT-B1.2018.05.22.06.v02r01.nc,data/interim/gridsat/2018/gridsat_2018.05.22.06.npz,626036,1bddfce9a2d48953fb9edaad8d01fe03da17b7a4c84bb0de6c34b49ac9c6e218,2026-09-23T18:18:44.185824+00:00,data/interim/gridsat/2018/gridsat_2018.05.22.06.nc,887232,b70c778d69302a69b8a46cb7118aa6e1081265c2fe0b51f03e26ea632374939b,2026-09-23T18:18:44.059196+00:00
2018-05-22T09:00:00+00:00,2018,GRIDSAT-B1.2018.05.22.09.v02r01.nc,data/interim/gridsat/2018/gridsat_2018.05.22.09.npz,648144,6e74cb8608d0833bd4bffaafcd6ab2cf8679fc3e9f30e0e5c570c264fa93913b,2026-09-23T18:19:09.289462+00:00,data/interim/gridsat/2018/gridsat_2018.05.22.09.nc,915223,475111748b2f242d086d1192b502ae0d576cb1bb4f9abb06806337a4c8a6450a,2026-09-23T18:19:09.185374+00:00
2018-05-22T12:00:00+00:00,2018,GRIDSAT-B1.2018.05.22.12.v02r01.nc,data/interim/gridsat/2018/gridsat_2018.05.22.12.npz,630263,e817276c3b3c3e97eb124dbfa23deb9ea77c119e6987c34513108496e0372be2,2026-09-23T18:18:57.044196+00:00,data/interim/gridsat/2018/gridsat_2018.05.22.12.nc,903089,b726fa258ea535760c857f8b83e99c3ae2991b422bdbd7efcd48af2c2910d75d,2026-09-23T18:18:56.949605+00:00
2018-05-22T15:00:00+00:00,2018,GRIDSAT-B1.2018.05.22.15.v02r01.nc,data/interim/gridsat/2018/gridsat_2018.05.22.15.npz,599584,14e13f8e92560d1b4ecfb7a3876f34d1e247c59a1a049ffec074f711ef93833d,2026-09-23T18:18:54.799532+00:00,data/interim/gridsat/2018/gridsat_2018.05.22.15.nc,868125,e57e538a16c19052cb8f93190ef89f32949577fee7d20ec7e9e17dd1b0f5ac15,2026-09-23T18:18:54.664810+00:00
2018-05-22T18:00:00+00:00,2018,GRIDSAT-B1.2018.05.22.18.v02r01.nc,data/interim/gridsat/2018/gridsat_2018.05.22.18.npz,598728,18ea829e2bbeb6f166f1060b916ea7095978d05ea7865932751d59dc0a1ecf78,2026-09-23T18:18:47.679462+00:00,data/interim/gridsat/2018/gridsat_2018.05.22.18.nc,870088,def314c05b95ab6231722a5f9bf96da80af0b29d25cf7fa3e4358f44002fab00,2026-09-23T18:18:47.558993+00:00
2018-05-22T21:00:00+00:00,2018,GRIDSAT-B1.2018.05.22.21.v02r01.nc,data/interim/gridsat/2018/gridsat_2018.05.22.21.npz,608664,e6e296bf2b475c2b8043579ce97168ba975502b86ea9fad8fbb9d6849422ea58,2026-09-23T18:19:13.393843+00:00,data/interim/gridsat/2018/gridsat_2018.05.22.21.nc,881460,4a495d78c42cae009cc7a2f82531b322ba20f6f7d62dd7aaf87ece47d543f01e,2026-09-23T18:19:13.308568+00:00
2018-05-23T00:00:00+00:00,2018,GRIDSAT-B1.2018.05.23.00.v02r01.nc,data/interim/gridsat/2018/gridsat_2018.05.23.00.npz,599103,96b081421ffc7e3abd935733f3eb58fd11e44f3eb533865788a321484e8cd9f2,2026-09-23T18:19:56.466805+00:00,data/interim/gridsat/2018/gridsat_2018.05.23.00.nc,867797,d41ebfd65278495d6619c5e412c23c11f90bfcbbdca3e0f454493f9472288dd2,2026-09-23T18:19:56.365347+00:00
2018-05-23T03:00:00+00:00,2018,GRIDSAT-B1.2018.05.23.03.v02r01.nc,data/interim/gridsat/2018/gridsat_2018.05.23.03.npz,592423,1a14e7ddfb820351b6c708d24374a30acf445dea477e7cfcd1eba78f83034fd1,2026-09-23T18:20:10.693987+00:00,data/interim/gridsat/2018/gridsat_2018.05.23.03.nc,854417,3c851508dd0f7207c588280065a85cc5141dbc0cee4a907b587fad7a57b43c53,2026-09-23T18:20:10.608980+00:00
2018-05-23T06:00:00+00:00,2018,GRIDSAT-B1.2018.05.23.06.v02r01.nc,data/interim/gridsat/2018/gridsat_2018.05.23.06.npz,621778,a46ed21f9ef73c79254806595c183a7c978ce5df43766514042baaa378eca648,2026-09-23T18:19:22.409626+00:00,data/interim/gridsat/2018/gridsat_2018.05.23.06.nc,885940,6d802facc0ee94e2b590462ab84d7f76c3200b0ba313eda3c5d3aa64e2d71003,2026-09-23T18:19:22.307902+00:00
2018-05-23T09:00:00+00:00,2018,GRIDSAT-B1.2018.05.23.09.v02r01.nc,data/interim/gridsat/2018/gridsat_2018.05.23.09.npz,640258,aa092c6de7fd4303e5cf7b0180fd7b4189a1e688e6be860a7ccde23b3d46ac62,2026-09-23T18:19:30.936406+00:00,data/interim/gridsat/2018/gridsat_2018.05.23.09.nc,911121,67ae48d06cbab83875b10ab18e12d77a8c40ffb172099829f339d1f5804fb9ad,2026-09-23T18:19:30.844853+00:00
2018-05-23T12:00:00+00:00,2018,GRIDSAT-B1.2018.05.23.12.v02r01.nc,data/interim/gridsat/2018/gridsat_2018.05.23.12.npz,621670,bf11d6ee3ccac87e943d18741f5ba1a4d005087fce5601b10f72eba09d3d1235,2026-09-23T18:20:06.004547+00:00,data/interim/gridsat/2018/gridsat_2018.05.23.12.nc,895241,11776e72fb335882f78ab17e117952953a4687c16c699cd3fb11d1e2677feccb,2026-09-23T18:20:05.906899+00:00
2018-05-23T15:00:00+00:00,2018,GRIDSAT-B1.2018.05.23.15.v02r01.nc,data/interim/gridsat/2018/gridsat_2018.05.23.15.npz,598684,0dc1faf437e214c559653433b94a667f5bde62b4ba73795a0fe563f663a557c2,2026-09-23T18:20:11.927636+00:00,data/interim/gridsat/2018/gridsat_2018.05.23.15.nc,869400,5812704d26f0bafcd4f552a7206ddb309862b13fe2930ab90f26c836a5ca8609,2026-09-23T18:20:11.837413+00:00
2018-05-23T18:00:00+00:00,2018,GRIDSAT-B1.2018.05.23.18.v02r01.nc,data/interim/gridsat/2018/gridsat_2018.05.23.18.npz,599771,e0c8eb5e8adcc5052e9460d148c126b8410bf9ac1e936fb251b0609b25b54b2f,2026-09-23T18:20:27.264411+00:00,data/interim/gridsat/2018/gridsat_2018.05.23.18.nc,867807,adcec6e61910a6ca1e8385142f06d3fc125ebe20c2a006e9bcc23c537d9d4ccc,2026-09-23T18:20:27.171386+00:00
2018-05-23T21:00:00+00:00,2018,GRIDSAT-B1.2018.05.23.21.v02r01.nc,data/interim/gridsat/2018/gridsat_2018.05.23.21.npz,600679,877ae412c0f4cd124b27c372c3d3ab29f8e2cce7d45e98da797b5a0a9ce8c09b,2026-09-23T18:20:25.560574+00:00,data/interim/gridsat/2018/gridsat_2018.05.23.21.nc,872568,e7caa6ef5f4afbf4d604c9953dd0a414a332cf12ca64c2bdcd073aaabe28a963,2026-09-23T18:20:25.450308+00:00
2018-05-24T00:00:00+00:00,2018,GRIDSAT-B1.2018.05.24.00.v02r01.nc,data/interim/gridsat/2018/gridsat_2018.05.24.00.npz,596312,1111d7115c14854fdc80d3c1a9cff65c82d6ff2618926950f32beeb0257f255e,2026-09-23T18:20:55.420395+00:00,data/interim/gridsat/2018/gridsat_2018.05.24.00.nc,866863,35aeb9bc1949335731e9455c5482394546c51962546f7eccd7f881043499467d,2026-09-23T18:20:55.303713+00:00
2018-05-24T03:00:00+00:00,2018,GRIDSAT-B1.2018.05.24.03.v02r01.nc,data/interim/gridsat/2018/gridsat_2018.05.24.03.npz,591935,f4528f4814eaa20191405a6f21b25769502b10faae89863a86e3400e4f9f45ea,2026-09-23T18:21:10.724314+00:00,data/interim/gridsat/2018/gridsat_2018.05.24.03.nc,854478,4be38424c665798d7aea119e6f8f5669c49d6da0b189a64544583218c642d2f3,2026-09-23T18:21:10.626454+00:00
2018-05-24T06:00:00+00:00,2018,GRIDSAT-B1.2018.05.24.06.v02r01.nc,data/interim/gridsat/2018/gridsat_2018.05.24.06.npz,622618,85651fc799292ad8a8f0c8024b9517e9d795b5bdf9a32064623926032f4bf274,2026-09-23T18:20:52.681196+00:00,data/interim/gridsat/2018/gridsat_2018.05.24.06.nc,883987,6b4d09c7c835ab6db24b624e688bdeadfa3813e31d58084955f212baeee5dcb1,2026-09-23T18:20:52.581522+00:00
2018-05-24T09:00:00+00:00,2018,GRIDSAT-B1.2018.05.24.09.v02r01.nc,data/interim/gridsat/2018/gridsat_2018.05.24.09.npz,633828,0bd63c3849b2070d58df74c11cc859e8d0a8d442adf4031961dd619aa1737885,2026-09-23T18:20:46.598233+00:00,data/interim/gridsat/2018/gridsat_2018.05.24.09.nc,901461,553b6708c9bff9262f5ee019aff5bbbdaae627e5e2c738153d075ca2fdd91942,2026-09-23T18:20:46.480313+00:00
2018-05-24T12:00:00+00:00,2018,GRIDSAT-B1.2018.05.24.12.v02r01.nc,data/interim/gridsat/2018/gridsat_2018.05.24.12.npz,615049,67b87c422b5555099fbe9e31c1bfd60a25562f20037efa4e8248901f9cbe320d,2026-09-23T18:21:10.510040+00:00,data/interim/gridsat/2018/gridsat_2018.05.24.12.nc,885273,ae3e5a12c8aec57ded8e2d81edc1ab8e7d5800113eb974f2d906747cae9eaaf0,2026-09-23T18:21:10.412934+00:00
2018-05-24T15:00:00+00:00,2018,GRIDSAT-B1.2018.05.24.15.v02r01.nc,data/interim/gridsat/2018/gridsat_2018.05.24.15.npz,590100,c0be7cfdb729bd1bdb341d951764ad4056f9f5ca166f79edb727846ae298d717,2026-09-23T18:21:32.884450+00:00,data/interim/gridsat/2018/gridsat_2018.05.24.15.nc,856972,1090977baafa0da5c3fc8f64128e8233453f473c75c1961bf5d532b4953edc9f,2026-09-23T18:21:32.790414+00:00
2018-05-24T18:00:00+00:00,2018,GRIDSAT-B1.2018.05.24.18.v02r01.nc,data/interim/gridsat/2018/gridsat_2018.05.24.18.npz,588410,627bfe392d5a280576e95af4903646e2b4c588260d5a898c63487420fbad4f9b,2026-09-23T18:22:01.915794+00:00,data/interim/gridsat/2018/gridsat_2018.05.24.18.nc,852992,4b65b534829f9bcedf7a904e67054d6760c083a5a5cd1c82ece1827232e276ac,2026-09-23T18:22:01.808964+00:00
2018-05-24T21:00:00+00:00,2018,GRIDSAT-B1.2018.05.24.21.v02r01.nc,data/interim/gridsat/2018/gridsat_2018.05.24.21.npz,582873,ffe2fe0bb15d69b327d362add617fe89d638af6eaa19620269888f40a495c661,2026-09-23T18:21:59.196877+00:00,data/interim/gridsat/2018/gridsat_2018.05.24.21.nc,849387,f5d6c2b5d494e38a94746c36e8ae4d290f68ad9a3cb3bba0ab6d5785f58234fc,2026-09-23T18:21:59.064949+00:00
2018-05-25T00:00:00+00:00,2018,GRIDSAT-B1.2018.05.25.00.v02r01.nc,data/interim/gridsat/2018/gridsat_2018.05.25.00.npz,572732,e00179976dbfe262b00feb200d46bb80614725d3feafb87042345f9cefc5a86e,2026-09-23T18:21:49.579230+00:00,data/interim/gridsat/2018/gridsat_2018.05.25.00.nc,838478,ec02447e014889d80e9081372034378a0ce7dd96b3281c611c997444638fb294,2026-09-23T18:21:49.467833+00:00
2018-09-19T03:00:00+00:00,2018,GRIDSAT-B1.2018.09.19.03.v02r01.nc,data/interim/gridsat/2018/gridsat_2018.09.19.03.npz,532050,cb4f7adf25dc6406162bb0993d39a81be175942dbb7d0939365bec9c006adb39,2026-09-23T18:22:02.127419+00:00,data/interim/gridsat/2018/gridsat_2018.09.19.03.nc,774949,de69ebfd825b9b3e5eecee2b0d60f38b33d5aac3d925a150c84c908f86c726a0,2026-09-23T18:22:02.030143+00:00
2018-09-19T06:00:00+00:00,2018,GRIDSAT-B1.2018.09.19.06.v02r01.nc,data/interim/gridsat/2018/gridsat_2018.09.19.06.npz,557805,4acb76f0cdd320320370d85701fb4c363556f393fcbcbf512832ee5eb402c9ec,2026-09-23T18:21:35.988911+00:00,data/interim/gridsat/2018/gridsat_2018.09.19.06.nc,803654,05ec03e9e9098685ed21161cbc6692b87c2b89938d4a3a43eb4f68dc8fc6759b,2026-09-23T18:21:35.863333+00:00
2018-09-19T09:00:00+00:00,2018,GRIDSAT-B1.2018.09.19.09.v02r01.nc,data/interim/gridsat/2018/gridsat_2018.09.19.09.npz,582509,4913a8272643d0a1bcb2c80d6b90f5c16502cbcab75556d6c0c6388d6f410b50,2026-09-23T18:21:51.117587+00:00,data/interim/gridsat/2018/gridsat_2018.09.19.09.nc,833356,1b06a65c0a693c2e354915ba8559b1435b1306d23980a0b6f5eb093f5f800b3b,2026-09-23T18:21:50.976115+00:00
2018-09-19T12:00:00+00:00,2018,GRIDSAT-B1.2018.09.19.12.v02r01.nc,data/interim/gridsat/2018/gridsat_2018.09.19.12.npz,567242,940bdddf0ddb5729bebe64299d997498fe37dd4abcf8a5d6019d62eb1cf38594,2026-09-23T18:22:22.159536+00:00,data/interim/gridsat/2018/gridsat_2018.09.19.12.nc,820862,fb4c273a605e59af380c22a47291208352ce909d7e9440091bbe8de8f56679e1,2026-09-23T18:22:22.038973+00:00
2018-09-19T15:00:00+00:00,2018,GRIDSAT-B1.2018.09.19.15.v02r01.nc,data/interim/gridsat/2018/gridsat_2018.09.19.15.npz,540464,150b15a1e86779c1f8c6b4f96d11d5382bbe3764ee7e2402474ab8b8c0f977c0,2026-09-23T18:22:28.509011+00:00,data/interim/gridsat/2018/gridsat_2018.09.19.15.nc,785994,58715ae8d02cd666603bd8cd59b550af20c7068372e82fce1e9230b0b7b2267a,2026-09-23T18:22:28.369294+00:00
2018-09-19T18:00:00+00:00,2018,GRIDSAT-B1.2018.09.19.18.v02r01.nc,data/interim/gridsat/2018/gridsat_2018.09.19.18.npz,541149,cf548ca4cede1a78663335cf43e969cb8e5acebbae79976ecf459445085c5720,2026-09-23T18:22:42.392904+00:00,data/interim/gridsat/2018/gridsat_2018.09.19.18.nc,788439,9a598a8468094a3f149807b8fb80633e08ceb60fa3ea3f3217ef464fa251426b,2026-09-23T18:22:42.298790+00:00
2018-09-19T21:00:00+00:00,2018,GRIDSAT-B1.2018.09.19.21.v02r01.nc,data/interim/gridsat/2018/gridsat_2018.09.19.21.npz,540045,08ab381a03760a5ccc3c53db21c77cfc18eb6ce04cd699f8c4716f8a207be567,2026-09-23T18:22:58.417466+00:00,data/interim/gridsat/2018/gridsat_2018.09.19.21.nc,791840,e9fc235af603350ee4ea371e7b0de01d1f190d0ecbfdcf6eaf0dfd9416de9e4c,2026-09-23T18:22:58.334889+00:00
2018-09-20T00:00:00+00:00,2018,GRIDSAT-B1.2018.09.20.00.v02r01.nc,data/interim/gridsat/2018/gridsat_2018.09.20.00.npz,537737,794e75a8330beb78eb64af81ef88f5fc4f9d674be1ff4bff58a7f00bfe1f5986,2026-09-23T18:22:40.885334+00:00,data/interim/gridsat/2018/gridsat_2018.09.20.00.nc,791507,c7d77f7d7b4f1352ff04909f22cc57bb0dc6756228329b6b3097bbe0b6967ca8,2026-09-23T18:22:40.784777+00:00
2018-09-20T03:00:00+00:00,2018,GRIDSAT-B1.2018.09.20.03.v02r01.nc,data/interim/gridsat/2018/gridsat_2018.09.20.03.npz,535155,30992667bf94dc14322ad58b64836682f3cc96bc89548250806c736793949683,2026-09-23T18:23:02.199145+00:00,data/interim/gridsat/2018/gridsat_2018.09.20.03.nc,784209,4570433a3373019536b5652dbd5130257218a5464533f764f2a90280ff509e12,2026-09-23T18:23:02.080311+00:00
2018-09-20T06:00:00+00:00,2018,GRIDSAT-B1.2018.09.20.06.v02r01.nc,data/interim/gridsat/2018/gridsat_2018.09.20.06.npz,561407,5d89412cba2cf35bbd0ae23b7375f4731d3d78a63c73b160134ee095e33bd5cd,2026-09-23T18:23:11.404783+00:00,data/interim/gridsat/2018/gridsat_2018.09.20.06.nc,816232,0a1748c368ece838aec1c989e1060ec80c9bad0d9e869ab3186c13966d8a2410,2026-09-23T18:23:11.265356+00:00
2018-10-05T21:00:00+00:00,2018,GRIDSAT-B1.2018.10.05.21.v02r01.nc,data/interim/gridsat/2018/gridsat_2018.10.05.21.npz,551418,58ab695f3032ae0d27472f958c608cb1a1b106f33ac50ea3d45bdf92cecc1b31,2026-09-23T18:23:44.719396+00:00,data/interim/gridsat/2018/gridsat_2018.10.05.21.nc,799874,47dda5256b950288bb56118dd4dab09a520e208ae004d3ea5bf21cff757eebe9,2026-09-23T18:23:44.584700+00:00
2018-10-06T00:00:00+00:00,2018,GRIDSAT-B1.2018.10.06.00.v02r01.nc,data/interim/gridsat/2018/gridsat_2018.10.06.00.npz,545876,4aa1f1db70052f3716c644fd948bab99473cb031c9fb67b39688d73c7e5cfc96,2026-09-23T18:23:16.439273+00:00,data/interim/gridsat/2018/gridsat_2018.10.06.00.nc,793134,c174211c9d485c3f6b24ead4750c13752bf6cca9ad52875170de503262d65e06,2026-09-23T18:23:16.325000+00:00
2018-10-06T03:00:00+00:00,2018,GRIDSAT-B1.2018.10.06.03.v02r01.nc,data/interim/gridsat/2018/gridsat_2018.10.06.03.npz,544712,000bbc683a6750cdb8ac7909b9ec6ce97244de2f95b74971ff85a3990e013947,2026-09-23T18:24:31.657623+00:00,data/interim/gridsat/2018/gridsat_2018.10.06.03.nc,785551,b38202de15926c8d416947c18caf08533ca66a1904be981799f56e48ca09234f,2026-09-23T18:24:31.409699+00:00
2018-10-06T06:00:00+00:00,2018,GRIDSAT-B1.2018.10.06.06.v02r01.nc,data/interim/gridsat/2018/gridsat_2018.10.06.06.npz,580939,b9e62de7b0f56696abb89549693699bb074a43df7c334c1c29c69c379c6fa705,2026-09-23T18:23:18.260281+00:00,data/interim/gridsat/2018/gridsat_2018.10.06.06.nc,825088,55fcf94d2e0a93d2f6d42c7dee7324f579d5a2dc11339886114993a817af9947,2026-09-23T18:23:18.167924+00:00
2018-10-06T09:00:00+00:00,2018,GRIDSAT-B1.2018.10.06.09.v02r01.nc,data/interim/gridsat/2018/gridsat_2018.10.06.09.npz,605222,f2fe628583f4916e31421e8301a5262cbb42e85eb8deb691b1ce13195e99d331,2026-09-23T18:24:05.661144+00:00,data/interim/gridsat/2018/gridsat_2018.10.06.09.nc,853381,4834acbcf047e3a6fa4e8e1f8bbf2b03916bb0907ac8d0d6521d1db7a5fe53c3,2026-09-23T18:24:05.441739+00:00
2018-10-06T12:00:00+00:00,2018,GRIDSAT-B1.2018.10.06.12.v02r01.nc,data/interim/gridsat/2018/gridsat_2018.10.06.12.npz,583186,79105798ab6c358de6aa18a0a31a5abfe1cc73fee5611fdff10597a862d25aac,2026-09-23T18:23:43.800810+00:00,data/interim/gridsat/2018/gridsat_2018.10.06.12.nc,835427,a295045a1d9a852d6a8c583c33afe8bb10dcbac0da3978868fac99dde280bc1d,2026-09-23T18:23:43.681413+00:00
2018-10-06T15:00:00+00:00,2018,GRIDSAT-B1.2018.10.06.15.v02r01.nc,data/interim/gridsat/2018/gridsat_2018.10.06.15.npz,559964,1e8c24ac0bb1b4cc91a4c18549b90d5f0de09e46479fe7aece1f1df8bed9c361,2026-09-23T18:23:35.305649+00:00,data/interim/gridsat/2018/gridsat_2018.10.06.15.nc,802372,5b737ae946c11e6d7d6672784633ee128ec4818b0e0146d834f8a9d21758cfb6,2026-09-23T18:23:35.158016+00:00
2018-10-06T18:00:00+00:00,2018,GRIDSAT-B1.2018.10.06.18.v02r01.nc,data/interim/gridsat/2018/gridsat_2018.10.06.18.npz,555174,5656c44d7e896765b867459e14a73b23b107f4e3def614fd144ff0f75df1e3bf,2026-09-23T18:24:38.961738+00:00,data/interim/gridsat/2018/gridsat_2018.10.06.18.nc,801198,4670cb44113ccb2d8be1af4db2390f1102bdf5e7e927ed452d8539db604b41b7,2026-09-23T18:24:38.786430+00:00
2018-10-06T21:00:00+00:00,2018,GRIDSAT-B1.2018.10.06.21.v02r01.nc,data/interim/gridsat/2018/gridsat_2018.10.06.21.npz,561402,05283d217e4573ba289fab57edd924838f7cb96932daefe11cf49fee2dc0d40f,2026-09-23T18:24:04.422992+00:00,data/interim/gridsat/2018/gridsat_2018.10.06.21.nc,809860,619f8f1696dad10c6533e9132b9023290f19fd4003a97ce9442de3456203cae6,2026-09-23T18:24:04.204019+00:00
2018-10-07T00:00:00+00:00,2018,GRIDSAT-B1.2018.10.07.00.v02r01.nc,data/interim/gridsat/2018/gridsat_2018.10.07.00.npz,561288,6a1b9d87059de232d4401285b9f259a76049392601ecbb5cc4156c49ed1ece5c,2026-09-23T18:24:46.368052+00:00,data/interim/gridsat/2018/gridsat_2018.10.07.00.nc,809013,5cdf56de8782517f5986d5819f0f0be091106d29b61c8daabab1ff82f4e78f95,2026-09-23T18:24:46.124869+00:00
2018-10-07T03:00:00+00:00,2018,GRIDSAT-B1.2018.10.07.03.v02r01.nc,data/interim/gridsat/2018/gridsat_2018.10.07.03.npz,560625,7abb0d57974cb5543b18f3d4280bac9f032b4eacdb92018b9968f58028afab49,2026-09-23T18:25:12.418524+00:00,data/interim/gridsat/2018/gridsat_2018.10.07.03.nc,806581,fe177bb5ddb1632695a70b1a2c4278c8de5e096be5c88c0192f09d73ff5475d1,2026-09-23T18:25:12.228920+00:00
2018-10-07T06:00:00+00:00,2018,GRIDSAT-B1.2018.10.07.06.v02r01.nc,data/interim/gridsat/2018/gridsat_2018.10.07.06.npz,595577,91402af839a0353d5083c87bbeabd39aaedc0fb2c5fca85445a23a2b7682d0e0,2026-09-23T18:25:06.326412+00:00,data/interim/gridsat/2018/gridsat_2018.10.07.06.nc,844849,5f6b1d6f845000f27385060f370734b9519f3a7e328615a33a2d69c77e9b7770,2026-09-23T18:25:06.090017+00:00
2018-10-07T09:00:00+00:00,2018,GRIDSAT-B1.2018.10.07.09.v02r01.nc,data/interim/gridsat/2018/gridsat_2018.10.07.09.npz,616931,a0d2ab04c913c07beba38301b1879fb82c8a6a9e0ad20373a4512a0eaf651f5e,2026-09-23T18:24:20.100105+00:00,data/interim/gridsat/2018/gridsat_2018.10.07.09.nc,874342,224885c60b15f495259cd8852c8d090942e24f33c762a955a4b148f185a286b2,2026-09-23T18:24:19.877719+00:00
2018-10-07T12:00:00+00:00,2018,GRIDSAT-B1.2018.10.07.12.v02r01.nc,data/interim/gridsat/2018/gridsat_2018.10.07.12.npz,593689,73ae110caf8080c10f6ae1a174a822198c222a8afcd798722022e1fbe55632f8,2026-09-23T18:24:35.684946+00:00,data/interim/gridsat/2018/gridsat_2018.10.07.12.nc,854353,cff31697d0da73add2c1282fa5e10031f516a038e3503686885d7a1ce0de3dd9,2026-09-23T18:24:35.454512+00:00
2018-10-07T15:00:00+00:00,2018,GRIDSAT-B1.2018.10.07.15.v02r01.nc,data/interim/gridsat/2018/gridsat_2018.10.07.15.npz,570480,4114c244b340fdd029f00c3313f53071b597fe142d08d9bf6d2b5dbe923d3b9c,2026-09-23T18:25:50.872228+00:00,data/interim/gridsat/2018/gridsat_2018.10.07.15.nc,823537,612e042c7c404297bf3a5d6c5eb68a6d2b348976963540253ce32f62abab4438,2026-09-23T18:25:50.682364+00:00
2018-10-07T18:00:00+00:00,2018,GRIDSAT-B1.2018.10.07.18.v02r01.nc,data/interim/gridsat/2018/gridsat_2018.10.07.18.npz,573588,f470775ef3320a892211366666f2ba6be021c632772b2179f623235d4e871954,2026-09-23T18:24:51.586814+00:00,data/interim/gridsat/2018/gridsat_2018.10.07.18.nc,828303,2997f8cac433c22604ad6e00bd79345a3514b3d8c19430235d2208cedc3fe06c,2026-09-23T18:24:51.358189+00:00
2018-10-07T21:00:00+00:00,2018,GRIDSAT-B1.2018.10.07.21.v02r01.nc,data/interim/gridsat/2018/gridsat_2018.10.07.21.npz,575293,0b793828d5318eb538a4ae744487d448b018157129cfbf1123a1ab0d083a1bf2,2026-09-23T18:25:41.125329+00:00,data/interim/gridsat/2018/gridsat_2018.10.07.21.nc,835167,4822009c00635be68557d0d21fb690791c9f4f6bda690ee844b5501da78d7206,2026-09-23T18:25:40.947598+00:00
2018-10-08T00:00:00+00:00,2018,GRIDSAT-B1.2018.10.08.00.v02r01.nc,data/interim/gridsat/2018/gridsat_2018.10.08.00.npz,577111,faf6e4e147cf033780fa7b3fb68c980a86583a672eecad6046b0dbb7fe4abb18,2026-09-23T18:25:14.429964+00:00,data/interim/gridsat/2018/gridsat_2018.10.08.00.nc,836822,9203c3a9451e094e9ffe89b91d78b60b4876bf887affe75a8c0bde7d47d4f5e3,2026-09-23T18:25:14.202803+00:00
2018-10-08T03:00:00+00:00,2018,GRIDSAT-B1.2018.10.08.03.v02r01.nc,data/interim/gridsat/2018/gridsat_2018.10.08.03.npz,579775,5f8a14bb7e6d02cd40c23c30fa736a58f411002d40037654c05f8bbc653921ec,2026-09-23T18:25:37.520743+00:00,data/interim/gridsat/2018/gridsat_2018.10.08.03.nc,834621,a12162a963ce715d22bdfaed825126a5cd9cb3717de7c79b1ff61f82dd8b480d,2026-09-23T18:25:37.314425+00:00
2018-10-08T06:00:00+00:00,2018,GRIDSAT-B1.2018.10.08.06.v02r01.nc,data/interim/gridsat/2018/gridsat_2018.10.08.06.npz,609373,87db86173c914550330f3674f39a9fa1fbe99df7acb334d228a7bd4004a37eb5,2026-09-23T18:25:41.555619+00:00,data/interim/gridsat/2018/gridsat_2018.10.08.06.nc,861697,7f500a7c2da3d17e12c16fbbd8f71691d0417d11eca2c18175ba39f1b6307bf0,2026-09-23T18:25:41.312162+00:00
2018-10-08T09:00:00+00:00,2018,GRIDSAT-B1.2018.10.08.09.v02r01.nc,data/interim/gridsat/2018/gridsat_2018.10.08.09.npz,619682,4c4a4908a2c6cccce3ec65e111256c4bb647f92913449a494709806c99cac5a5,2026-09-23T18:26:15.708937+00:00,data/interim/gridsat/2018/gridsat_2018.10.08.09.nc,876395,468d02c77ff9fabefe474912b399196924783d3b4c9f7060483ac35a5a871bc8,2026-09-23T18:26:15.290067+00:00
2018-10-08T12:00:00+00:00,2018,GRIDSAT-B1.2018.10.08.12.v02r01.nc,data/interim/gridsat/2018/gridsat_2018.10.08.12.npz,594830,47296f911a4aee2fe6bb557dd3010245fc701489db1563f21c32e1d086b0f875,2026-09-23T18:26:46.582422+00:00,data/interim/gridsat/2018/gridsat_2018.10.08.12.nc,852055,2f9c3d899d4cac5132074c03b23957a08ef7cdcb24baf26e4e5bb17407020510,2026-09-23T18:26:46.357095+00:00
2018-10-08T15:00:00+00:00,2018,GRIDSAT-B1.2018.10.08.15.v02r01.nc,data/interim/gridsat/2018/gridsat_2018.10.08.15.npz,570641,75c9aad31cb1fa57ff28fce9a1c5b5970a72acd5184638c93a8faff1c451b374,2026-09-23T18:27:05.541682+00:00,data/interim/gridsat/2018/gridsat_2018.10.08.15.nc,818843,e5ee18e044d82d043bbb38e70e29fdd4df171173e95984027266c6e77b6560bf,2026-09-23T18:27:05.310225+00:00
2018-10-08T18:00:00+00:00,2018,GRIDSAT-B1.2018.10.08.18.v02r01.nc,data/interim/gridsat/2018/gridsat_2018.10.08.18.npz,570885,c6712874c775ca0c9e1fdb2c8cc6b459f3af09a58cbc478d8a83eb983c3705a7,2026-09-23T18:27:35.015436+00:00,data/interim/gridsat/2018/gridsat_2018.10.08.18.nc,824883,149f784c074d0028bd6725e1a15b379757e2786d668bca048d68f02b664c9d41,2026-09-23T18:27:34.807589+00:00
2018-10-08T21:00:00+00:00,2018,GRIDSAT-B1.2018.10.08.21.v02r01.nc,data/interim/gridsat/2018/gridsat_2018.10.08.21.npz,578860,717a52bdceecd4b64074a0b75af6ec09edad162b6aca705b896361131669afa6,2026-09-23T18:26:51.947126+00:00,data/interim/gridsat/2018/gridsat_2018.10.08.21.nc,838449,ac95789ac845013b8b6752897b0ce3737f5d532e941895e7399d5d3c255983ba,2026-09-23T18:26:51.748030+00:00
2018-12-12T09:00:00+00:00,2018,GRIDSAT-B1.2018.12.12.09.v02r01.nc,data/interim/gridsat/2018/gridsat_2018.12.12.09.npz,571569,058344554c360763895afd3e9c6e6c1c6d09fcd2c3baaeb2e436d25c5145aa21,2026-09-23T18:26:09.578266+00:00,data/interim/gridsat/2018/gridsat_2018.12.12.09.nc,814351,55b9d1ca39ace91f10d3c6c89ef5d02f1ee3b54382b5f0951551ba58e0eb2026,2026-09-23T18:26:09.345914+00:00
2018-12-12T12:00:00+00:00,2018,GRIDSAT-B1.2018.12.12.12.v02r01.nc,data/interim/gridsat/2018/gridsat_2018.12.12.12.npz,544991,e48df107c46952b989efbad845880b7c618e68a4df3483f0a36fbdfa5325b8e4,2026-09-23T18:27:56.919196+00:00,data/interim/gridsat/2018/gridsat_2018.12.12.12.nc,787254,53c62e6446e3bd0ea5e2cb98e9c5df80e3121c9d99bca48e6a037a3258c56898,2026-09-23T18:27:56.705461+00:00
2018-12-12T15:00:00+00:00,2018,GRIDSAT-B1.2018.12.12.15.v02r01.nc,data/interim/gridsat/2018/gridsat_2018.12.12.15.npz,534928,ea883671add528aa23d9f83c001853f0d8d15dffc4d83e3bcd72e0b11102cdc8,2026-09-23T18:27:43.836439+00:00,data/interim/gridsat/2018/gridsat_2018.12.12.15.nc,774524,158891dcd231d1fc3d4adfec9a2b89898bacb174c25bf1505b9afd77874d9bba,2026-09-23T18:27:43.608214+00:00
2018-12-12T18:00:00+00:00,2018,GRIDSAT-B1.2018.12.12.18.v02r01.nc,data/interim/gridsat/2018/gridsat_2018.12.12.18.npz,536953,bb7f4a4c8698740e8a3ab0372abea7bbc25813ca4943447d5c598fa3994e36ca,2026-09-23T18:29:35.606772+00:00,data/interim/gridsat/2018/gridsat_2018.12.12.18.nc,780242,0f056a76dd7675a3d5bd9e7ab60bab147d18e45d613c7f91436730e939e0d483,2026-09-23T18:29:35.380109+00:00
2018-12-12T21:00:00+00:00,2018,GRIDSAT-B1.2018.12.12.21.v02r01.nc,data/interim/gridsat/2018/gridsat_2018.12.12.21.npz,536751,3ae527d89438b95cb4d81e3ea2f0548428db87e158a06d518952f8e336ebc382,2026-09-23T18:28:52.565866+00:00,data/interim/gridsat/2018/gridsat_2018.12.12.21.nc,781140,21013b40e5bb3717a402230de065a70d58becb752caa559efcad4a3fc3d4f401,2026-09-23T18:28:52.371457+00:00
2018-12-13T00:00:00+00:00,2018,GRIDSAT-B1.2018.12.13.00.v02r01.nc,data/interim/gridsat/2018/gridsat_2018.12.13.00.npz,538111,1fa0cdcbc8dff4c064555ae4b2a57500d2424dbb5adaa75b72ee91f4463734fd,2026-09-23T18:29:17.926547+00:00,data/interim/gridsat/2018/gridsat_2018.12.13.00.nc,782208,14a5e4e07afd759162bf4135ca3ebc83e7c885e4b5af0fdb2594b2e3506c65ea,2026-09-23T18:29:17.741816+00:00
2018-12-13T03:00:00+00:00,2018,GRIDSAT-B1.2018.12.13.03.v02r01.nc,data/interim/gridsat/2018/gridsat_2018.12.13.03.npz,536124,d63bdd1ed0fc09557515df59bb5897b117d95332d4e6b68fa3e216cd89e9b89a,2026-09-23T18:29:00.052245+00:00,data/interim/gridsat/2018/gridsat_2018.12.13.03.nc,779152,4ba3a5c69a953c8d9b401ded54b3c3b9ba88067e1a04886583fa3b289f15ae52,2026-09-23T18:28:59.841002+00:00
2018-12-13T06:00:00+00:00,2018,GRIDSAT-B1.2018.12.13.06.v02r01.nc,data/interim/gridsat/2018/gridsat_2018.12.13.06.npz,559606,a381cbfc97b4c9fa377fb45733dade1d72ae09ced56c2ae3ca7660993acfe254,2026-09-23T18:29:08.915781+00:00,data/interim/gridsat/2018/gridsat_2018.12.13.06.nc,796698,26bb3b08dd45d78162af2b4ee396f855fc3a6a11710d9a30e5d989e199cb2ea2,2026-09-23T18:29:08.721981+00:00
2018-12-13T09:00:00+00:00,2018,GRIDSAT-B1.2018.12.13.09.v02r01.nc,data/interim/gridsat/2018/gridsat_2018.12.13.09.npz,576162,59c50a7f93560004639da6af349221eb645276d56c174102bebcb0377e71fda1,2026-09-23T18:29:46.359191+00:00,data/interim/gridsat/2018/gridsat_2018.12.13.09.nc,819143,ed439eb95b72374b815d519329233b49dcc2dfddb0e76c7eb85b2cf0f50cb65e,2026-09-23T18:29:46.180103+00:00
2018-12-13T12:00:00+00:00,2018,GRIDSAT-B1.2018.12.13.12.v02r01.nc,data/interim/gridsat/2018/gridsat_2018.12.13.12.npz,551518,88dab764d38c2b3dbaf142462a4d7dd5af8f3eb1fbefd105c5b129b124bb752f,2026-09-23T18:31:35.522416+00:00,data/interim/gridsat/2018/gridsat_2018.12.13.12.nc,792801,834a706ac42b30d38b84727c38bf9e2498b9b6c32c6eb2733a05fb0251e6ea39,2026-09-23T18:31:35.322967+00:00
2018-12-13T15:00:00+00:00,2018,GRIDSAT-B1.2018.12.13.15.v02r01.nc,data/interim/gridsat/2018/gridsat_2018.12.13.15.npz,543429,93a500d75f28e48122bdd80b27d99723f7fd052f10b5163e2e23f60b3df1b5b4,2026-09-23T18:32:14.069676+00:00,data/interim/gridsat/2018/gridsat_2018.12.13.15.nc,782867,d0e62a76ee380c8454ff061a6691a9872743c23a14411229ef801a04abefa1e9,2026-09-23T18:32:13.726611+00:00
2018-12-13T18:00:00+00:00,2018,GRIDSAT-B1.2018.12.13.18.v02r01.nc,data/interim/gridsat/2018/gridsat_2018.12.13.18.npz,545341,7ba43ed3cabf0e67f3c24cbce95df37145a75a4fe09b2384fe24b575a49cb8a7,2026-09-23T18:29:32.873344+00:00,data/interim/gridsat/2018/gridsat_2018.12.13.18.nc,784092,88ae9fcb6ff618849fc175e2b98ef93e8b3dd4a13ce0765b00a8be8bc3d2c10d,2026-09-23T18:29:32.662963+00:00
2018-12-13T21:00:00+00:00,2018,GRIDSAT-B1.2018.12.13.21.v02r01.nc,data/interim/gridsat/2018/gridsat_2018.12.13.21.npz,547568,ea0c07c9f2c4b55ee7ddc8cfafcda9299ac2294c716cf27af597eb614cfa8167,2026-09-23T18:31:29.197330+00:00,data/interim/gridsat/2018/gridsat_2018.12.13.21.nc,787227,b17e0cb256044afeb1e54169741f06ad3d5a45da08f8701f50a588623c9e710a,2026-09-23T18:31:28.975876+00:00
2018-12-14T00:00:00+00:00,2018,GRIDSAT-B1.2018.12.14.00.v02r01.nc,data/interim/gridsat/2018/gridsat_2018.12.14.00.npz,546628,13d70f5f8dd108a13f64088efe46720fe97a22f394c5857afcfa8806592f60c4,2026-09-23T18:31:07.176314+00:00,data/interim/gridsat/2018/gridsat_2018.12.14.00.nc,791364,27d9918cc12b1a537004cf925fef6961c67cc158703a62c2bf9cf23c6cd2c6a7,2026-09-23T18:31:06.960187+00:00
2018-12-14T03:00:00+00:00,2018,GRIDSAT-B1.2018.12.14.03.v02r01.nc,data/interim/gridsat/2018/gridsat_2018.12.14.03.npz,546969,1161f74e704c2ce3747419d6c9661c104df7d60d01caace198b93e7664296b21,2026-09-23T18:31:07.763070+00:00,data/interim/gridsat/2018/gridsat_2018.12.14.03.nc,788797,9cc41e9c15fd4d959594672ae34b8d8b593b23b03f11adcff4845e7f58b069c9,2026-09-23T18:31:07.529043+00:00
2018-12-14T06:00:00+00:00,2018,GRIDSAT-B1.2018.12.14.06.v02r01.nc,data/interim/gridsat/2018/gridsat_2018.12.14.06.npz,564919,cdb0adad3cdfc66a5ca7584864bb1fbc094c3c6cf97a3a7a5995bf2b6edfdf48,2026-09-23T18:31:09.709668+00:00,data/interim/gridsat/2018/gridsat_2018.12.14.06.nc,801810,660b7317b001c020e04f826d7fb90c324feec5dd92d385f99423b68bc6e54704,2026-09-23T18:31:09.483965+00:00
2019-01-03T21:00:00+00:00,2019,GRIDSAT-B1.2019.01.03.21.v02r01.nc,data/interim/gridsat/2019/gridsat_2019.01.03.21.npz,511323,537dda9d470038c4acb30e93a4c0eeb65a8338926906029c570d2ec78778d8cd,2026-09-23T18:31:22.547539+00:00,data/interim/gridsat/2019/gridsat_2019.01.03.21.nc,742863,4470468c49f98ae091af9e91f696a863799a07dfdd704f7b9c5f5dea717be9ef,2026-09-23T18:31:22.353486+00:00
2019-01-04T00:00:00+00:00,2019,GRIDSAT-B1.2019.01.04.00.v02r01.nc,data/interim/gridsat/2019/gridsat_2019.01.04.00.npz,512939,4bc135c2429f3d2cd8e7ab65a3b9df3196802327afeeafd17c9f510d9f76e2fc,2026-09-23T18:31:34.184467+00:00,data/interim/gridsat/2019/gridsat_2019.01.04.00.nc,747519,b26fe9f333c2aa9a3672be5b7b83ba086e7f138ef6e88b935922835b7f63162f,2026-09-23T18:31:33.961931+00:00
2019-01-04T03:00:00+00:00,2019,GRIDSAT-B1.2019.01.04.03.v02r01.nc,data/interim/gridsat/2019/gridsat_2019.01.04.03.npz,513207,862112ecf6323b052f122b58b6a4eec715471f479ae9f68da8dbc8cc7b9b8dcd,2026-09-23T18:32:06.889744+00:00,data/interim/gridsat/2019/gridsat_2019.01.04.03.nc,746792,fa83b2260eb88402faae0150852f26656914d90aa135a811b3af6c787d23c77e,2026-09-23T18:32:06.677707+00:00
2019-01-04T06:00:00+00:00,2019,GRIDSAT-B1.2019.01.04.06.v02r01.nc,data/interim/gridsat/2019/gridsat_2019.01.04.06.npz,528427,6212f7d385cb80c24be756bd28b95e7e82b9d9e440165df7726bfa5280c32e18,2026-09-23T18:32:29.516543+00:00,data/interim/gridsat/2019/gridsat_2019.01.04.06.nc,754894,686095f9d0b882b19d85650e310370e3a268ab4ef1d1e222831bb89c9692ecda,2026-09-23T18:32:29.282158+00:00
2019-01-04T09:00:00+00:00,2019,GRIDSAT-B1.2019.01.04.09.v02r01.nc,data/interim/gridsat/2019/gridsat_2019.01.04.09.npz,538171,9df7dede8d4175d9e5f285b96312afd9f3a812935e03dfc4e9cc842597b10eb4,2026-09-23T18:33:00.270422+00:00,data/interim/gridsat/2019/gridsat_2019.01.04.09.nc,769423,ffd398d04d3236cdd602a118c7d017b05e4ddf96eee6e64716cf6914d9e6ffde,2026-09-23T18:33:00.102194+00:00
2019-01-04T12:00:00+00:00,2019,GRIDSAT-B1.2019.01.04.12.v02r01.nc,data/interim/gridsat/2019/gridsat_2019.01.04.12.npz,506914,51ee101b4a11eea4d0898f7725618440a5fb56fc833cbcf6dd534fc728fc8de5,2026-09-23T18:31:59.425335+00:00,data/interim/gridsat/2019/gridsat_2019.01.04.12.nc,734623,3a91d992a58842f3f121996246c80fcbf266d8d90b37f7b254edd67992647892,2026-09-23T18:31:59.261043+00:00
2019-01-04T15:00:00+00:00,2019,GRIDSAT-B1.2019.01.04.15.v02r01.nc,data/interim/gridsat/2019/gridsat_2019.01.04.15.npz,493633,3b7d20f496dbef61944d82ff87593c1ec5ac6424863bc89186e6edf4ddb20562,2026-09-23T18:32:36.805187+00:00,data/interim/gridsat/2019/gridsat_2019.01.04.15.nc,719777,4fc9bf1ffd1b6acf671994b114bdddd2f20d35464db7b584ec8a4a658cffc454,2026-09-23T18:32:36.599676+00:00
2019-01-04T18:00:00+00:00,2019,GRIDSAT-B1.2019.01.04.18.v02r01.nc,data/interim/gridsat/2019/gridsat_2019.01.04.18.npz,499128,12e37017fa3d0a4fe5eb3035e570bcc8bbaae6cc3f97e47c11c6bec04e68c3f8,2026-09-23T18:32:16.081140+00:00,data/interim/gridsat/2019/gridsat_2019.01.04.18.nc,729820,cf5b2c41adf3d5b7deaf48d766bee9f96e8c020a24713efcd182eeccc7fae486,2026-09-23T18:32:15.868266+00:00
2019-01-04T21:00:00+00:00,2019,GRIDSAT-B1.2019.01.04.21.v02r01.nc,data/interim/gridsat/2019/gridsat_2019.01.04.21.npz,510716,77936aef18232cbceaad549f609502e891c6d0cbef992843b4c64aac31b34476,2026-09-23T18:33:00.153895+00:00,data/interim/gridsat/2019/gridsat_2019.01.04.21.nc,749177,8896901af0cda26a47192510e956b970e2fcf5df99d69e3b2a95d66604169526,2026-09-23T18:32:59.965109+00:00
2019-01-05T00:00:00+00:00,2019,GRIDSAT-B1.2019.01.05.00.v02r01.nc,data/interim/gridsat/2019/gridsat_2019.01.05.00.npz,512675,7c4f370051f132bc09eb1766395f1a20a7aa60551fcdf285e27f129f93337915,2026-09-23T18:32:45.226315+00:00,data/interim/gridsat/2019/gridsat_2019.01.05.00.nc,752778,9c5f1ecf22fd1bed9aeb3df38608b1c52521641cfe5bede6323a06b9b4d28f27,2026-09-23T18:32:45.006066+00:00
2019-01-05T03:00:00+00:00,2019,GRIDSAT-B1.2019.01.05.03.v02r01.nc,data/interim/gridsat/2019/gridsat_2019.01.05.03.npz,507686,3b0b44a6d7442b99e6f4eace8e1e4e32b150334b24c3b2185bba01907749242e,2026-09-23T18:33:21.048334+00:00,data/interim/gridsat/2019/gridsat_2019.01.05.03.nc,744973,6c3cd63556d65d1a9630aea0e97b574d3c81de63a6cdb13c64310cf5096bebd8,2026-09-23T18:33:20.825594+00:00
2019-01-05T06:00:00+00:00,2019,GRIDSAT-B1.2019.01.05.06.v02r01.nc,data/interim/gridsat/2019/gridsat_2019.01.05.06.npz,519513,778942c645a88fcf8c51600a769ecaedf2ff37e73726bcfb6738d7e311f44581,2026-09-23T18:33:25.503528+00:00,data/interim/gridsat/2019/gridsat_2019.01.05.06.nc,743139,d9e3db425b5ca3e6f3953a9b6874c4af793ff914d2b18a2b0beaad65ca35d1af,2026-09-23T18:33:25.270030+00:00
2019-01-05T09:00:00+00:00,2019,GRIDSAT-B1.2019.01.05.09.v02r01.nc,data/interim/gridsat/2019/gridsat_2019.01.05.09.npz,534137,99800a35f2a513aaee261f12ae2fe5cb31ed157c6e662235c629531727816623,2026-09-23T18:33:59.780440+00:00,data/interim/gridsat/2019/gridsat_2019.01.05.09.nc,763945,65f037df47d8fbd4de3616fcc3aa0fb7bb80a35d8a57796b8fedd3e2463f873e,2026-09-23T18:33:59.561171+00:00
2019-01-05T12:00:00+00:00,2019,GRIDSAT-B1.2019.01.05.12.v02r01.nc,data/interim/gridsat/2019/gridsat_2019.01.05.12.npz,508909,17584e7cd1430e570545878d003dd1ac5acad5dd58feeac3462f3f6e82da48a4,2026-09-23T18:33:01.004386+00:00,data/interim/gridsat/2019/gridsat_2019.01.05.12.nc,736327,e4f574b0d0fea106a0be367dfe8577660d256758f36c9ad75d5348c95d396b25,2026-09-23T18:33:00.795891+00:00
2019-01-05T15:00:00+00:00,2019,GRIDSAT-B1.2019.01.05.15.v02r01.nc,data/interim/gridsat/2019/gridsat_2019.01.05.15.npz,500157,bb283832a0123374660e8b62c750011ed0b2906fa569a2c10e2f1b7276f7adb7,2026-09-23T18:33:48.207232+00:00,data/interim/gridsat/2019/gridsat_2019.01.05.15.nc,725763,7ae65277dcb0634888d13db50697cdbb719b8002604a57c0c84713b70b3600ca,2026-09-23T18:33:48.004710+00:00
2019-01-05T18:00:00+00:00,2019,GRIDSAT-B1.2019.01.05.18.v02r01.nc,data/interim/gridsat/2019/gridsat_2019.01.05.18.npz,503850,ca9b84a07bf9741d432b26ffd2c2ed50dae0b5af31c54af9e98ec4302537e894,2026-09-23T18:33:23.285735+00:00,data/interim/gridsat/2019/gridsat_2019.01.05.18.nc,738282,dfe1ddd3ba9afe06bec9723ef87be84c3578d7c9f40087a5cbde3f4581b08196,2026-09-23T18:33:23.062918+00:00
2019-04-25T15:00:00+00:00,2019,GRIDSAT-B1.2019.04.25.15.v02r01.nc,data/interim/gridsat/2019/gridsat_2019.04.25.15.npz,519165,03332f0e54cf8d380c3f88dfb5dde8b833a414c9d1e65b532b792b98d3571c4e,2026-09-23T15:16:59.974974+00:00,data/interim/gridsat/2019/gridsat_2019.04.25.15.nc,738790,945e743360442206913ef54ea44a93f84a3979ad1fcda9dd38f90c256a78ed4c,2026-09-23T15:16:59.878396+00:00
2019-04-25T18:00:00+00:00,2019,GRIDSAT-B1.2019.04.25.18.v02r01.nc,data/interim/gridsat/2019/gridsat_2019.04.25.18.npz,516710,29915b731eb86ab0ea9972db3bccc01c1065afecfb8225fb6aff919ab3f832e4,2026-09-23T15:17:00.374498+00:00,data/interim/gridsat/2019/gridsat_2019.04.25.18.nc,736784,54713bd6fdcf6a53cc7fac9e5bb13781eaa6fdcbfe4dec5e3ff2ae859d957f61,2026-09-23T15:17:00.222354+00:00
2019-04-25T21:00:00+00:00,2019,GRIDSAT-B1.2019.04.25.21.v02r01.nc,data/interim/gridsat/2019/gridsat_2019.04.25.21.npz,514910,6d54b43c30b325f31e747be7fcce6812cc5fe7227de3d7b18fe0868b4166fa46,2026-09-23T15:17:00.755869+00:00,data/interim/gridsat/2019/gridsat_2019.04.25.21.nc,737879,163a413be7d80b9b530bbba652688ab82784dfd2e92c94189b1844ca0e9941d2,2026-09-23T15:17:00.644875+00:00
2019-04-26T00:00:00+00:00,2019,GRIDSAT-B1.2019.04.26.00.v02r01.nc,data/interim/gridsat/2019/gridsat_2019.04.26.00.npz,509589,f736ff038db23e1be5b759543b417191e3ad97e59bcd7a00701cc701d8ede553,2026-09-23T15:17:01.159784+00:00,data/interim/gridsat/2019/gridsat_2019.04.26.00.nc,734673,4fd92b3e6a0e131f73b47531d0ddc758fd9a71ee9e1a47dc75bbaaf1b342c004,2026-09-23T15:17:01.030081+00:00
2019-04-26T03:00:00+00:00,2019,GRIDSAT-B1.2019.04.26.03.v02r01.nc,data/interim/gridsat/2019/gridsat_2019.04.26.03.npz,514115,616289c981808f44ebc33cbd1cfc534c3a38274a3484b7dcf9905179460e83a7,2026-09-23T15:17:01.509154+00:00,data/interim/gridsat/2019/gridsat_2019.04.26.03.nc,734045,a9a363651ebc19b7f95833fb055035f30332b3f7eaa2a22aba3c57d4a071ffe1,2026-09-23T15:17:01.394130+00:00
2019-04-26T06:00:00+00:00,2019,GRIDSAT-B1.2019.04.26.06.v02r01.nc,data/interim/gridsat/2019/gridsat_2019.04.26.06.npz,548243,2068c3d5d21df818d57f0f4822502bef8043ea68f59ad2f11b8584d0981e097e,2026-09-23T15:17:01.887769+00:00,data/interim/gridsat/2019/gridsat_2019.04.26.06.nc,765237,34e0c8c400c3851e8108f4478d8b790f0e8acc818bb79c7599f08f02f2c7b55a,2026-09-23T15:17:01.781948+00:00
2019-04-26T09:00:00+00:00,2019,GRIDSAT-B1.2019.04.26.09.v02r01.nc,data/interim/gridsat/2019/gridsat_2019.04.26.09.npz,574642,e1fc48a18ab51f5edf604afbb23c3daa0a936d43dd4525d3a4ed5da602b6af0a,2026-09-23T18:33:51.028769+00:00,data/interim/gridsat/2019/gridsat_2019.04.26.09.nc,802622,602808bbf0f02bca846c167ca472f4b2eac2fca27bec4f11c2e83763bc2e3b7d,2026-09-23T18:33:50.812059+00:00
2019-04-26T12:00:00+00:00,2019,GRIDSAT-B1.2019.04.26.12.v02r01.nc,data/interim/gridsat/2019/gridsat_2019.04.26.12.npz,553786,439230e17a9742410e9b75a6fe590192b470b8144f701b8f2752aeb6db02f2e5,2026-09-23T18:33:39.620981+00:00,data/interim/gridsat/2019/gridsat_2019.04.26.12.nc,784201,1eadb5e91cee847fd634fa7d8e2aebf78f98357e6805b55b4d99ad6487d8d534,2026-09-23T18:33:39.403381+00:00
2019-04-26T15:00:00+00:00,2019,GRIDSAT-B1.2019.04.26.15.v02r01.nc,data/interim/gridsat/2019/gridsat_2019.04.26.15.npz,528689,6b67905c74b5a4c501bdf6a3875efe0195228b996b364c2c79a3cca8ac1faa67,2026-09-23T18:33:56.825158+00:00,data/interim/gridsat/2019/gridsat_2019.04.26.15.nc,751287,9e874693210c376e191a762eb9cfbda68473a3e77730ade297ec481f12b518e6,2026-09-23T18:33:56.655011+00:00
2019-04-26T18:00:00+00:00,2019,GRIDSAT-B1.2019.04.26.18.v02r01.nc,data/interim/gridsat/2019/gridsat_2019.04.26.18.npz,525760,e39ad2d38fc9adf079ea8cb48921097b0678d4888002ae4987d01e6a7ef894be,2026-09-23T15:17:02.225287+00:00,data/interim/gridsat/2019/gridsat_2019.04.26.18.nc,749433,30cc040d3cb139ebaa20cea4dc9cdc960713b8b6061c85e92329541b6c9ea3ac,2026-09-23T15:17:02.132032+00:00
2019-04-26T21:00:00+00:00,2019,GRIDSAT-B1.2019.04.26.21.v02r01.nc,data/interim/gridsat/2019/gridsat_2019.04.26.21.npz,526137,845630602f0174f046508e048e5932808ff0ba2794c24285a4464229b510f0a6,2026-09-23T18:34:26.243093+00:00,data/interim/gridsat/2019/gridsat_2019.04.26.21.nc,750214,b1027c49ace74b9953864affd796a34232d21a091b13bd98fe275dc83878cb46,2026-09-23T18:34:26.067729+00:00
2019-04-27T00:00:00+00:00,2019,GRIDSAT-B1.2019.04.27.00.v02r01.nc,data/interim/gridsat/2019/gridsat_2019.04.27.00.npz,524349,20003b204bf4c8de1bde54ff8d40015de320c5b6d09ff262b5e31be7e097a64c,2026-09-23T18:35:17.866916+00:00,data/interim/gridsat/2019/gridsat_2019.04.27.00.nc,749743,ee77d1aedbe7e8a2bcc39777a22855ff986d68bfed9bacb89bc756c36e8e2b5a,2026-09-23T18:35:17.664996+00:00
2019-04-27T03:00:00+00:00,2019,GRIDSAT-B1.2019.04.27.03.v02r01.nc,data/interim/gridsat/2019/gridsat_2019.04.27.03.npz,526843,7c9ed759de7a1155ea9706c51143ea1e6b63284ce87e1c750806994aa4b91079,2026-09-23T18:34:31.962025+00:00,data/interim/gridsat/2019/gridsat_2019.04.27.03.nc,746673,df34d5ded4152a9efc76addcdf9821b8b2e78a13202f570ee54755a176ed2683,2026-09-23T18:34:31.768868+00:00
2019-04-27T06:00:00+00:00,2019,GRIDSAT-B1.2019.04.27.06.v02r01.nc,data/interim/gridsat/2019/gridsat_2019.04.27.06.npz,557343,116ebc115945ad48066bd79e64ba2f10769b4ede8f8b4279a75241881f32f7ac,2026-09-23T15:17:02.565935+00:00,data/interim/gridsat/2019/gridsat_2019.04.27.06.nc,779286,a63815590bd5478c9da0a85ec9e6d23260cda89a82f94818d43ea2d1238773f6,2026-09-23T15:17:02.458381+00:00
2019-04-27T09:00:00+00:00,2019,GRIDSAT-B1.2019.04.27.09.v02r01.nc,data/interim/gridsat/2019/gridsat_2019.04.27.09.npz,579370,39380d97272fc638d05fdb1c8a507c472924b201bc521235f2a5a4106a328667,2026-09-23T18:34:32.559380+00:00,data/interim/gridsat/2019/gridsat_2019.04.27.09.nc,808881,f9b4517595efe553e1477f055f5d6f2ecc989dcd28cc7d10cbef4fd19b15b565,2026-09-23T18:34:32.202914+00:00
2019-04-27T12:00:00+00:00,2019,GRIDSAT-B1.2019.04.27.12.v02r01.nc,data/interim/gridsat/2019/gridsat_2019.04.27.12.npz,560879,4e0cb73d610c63894089cf19de895dd627502168495d3b481222a307dd396a01,2026-09-23T18:34:32.987673+00:00,data/interim/gridsat/2019/gridsat_2019.04.27.12.nc,795129,4d34a23f924328ac724cbbc140d456d5909b00f125fb2b4812ec074a74190889,2026-09-23T18:34:32.763658+00:00
2019-04-27T15:00:00+00:00,2019,GRIDSAT-B1.2019.04.27.15.v02r01.nc,data/interim/gridsat/2019/gridsat_2019.04.27.15.npz,541093,5ddb61a65a761b080e580bd5c011c1117b4fec62fc825942a9d760bba3139cdb,2026-09-23T18:35:17.407385+00:00,data/interim/gridsat/2019/gridsat_2019.04.27.15.nc,771150,748ff0f6ad925aa6eb85a6dd0414cf6b982d34b598cb6829565b9b86e326be06,2026-09-23T18:35:17.219521+00:00
2019-04-27T18:00:00+00:00,2019,GRIDSAT-B1.2019.04.27.18.v02r01.nc,data/interim/gridsat/2019/gridsat_2019.04.27.18.npz,540872,cb3b9267d1e7b4c02338954a4072ae86e2be4f4da26d46bdb6f22a20e192436f,2026-09-23T18:36:26.402246+00:00,data/interim/gridsat/2019/gridsat_2019.04.27.18.nc,773976,5609ca0facccfb9725927185345ce99e77ec99ed3937dff50c0012ff4087c3a9,2026-09-23T18:36:26.194151+00:00
2019-04-27T21:00:00+00:00,2019,GRIDSAT-B1.2019.04.27.21.v02r01.nc,data/interim/gridsat/2019/gridsat_2019.04.27.21.npz,540260,4fc5b5dccd1d228dda6219d37f500d05045cc29bcbf402810a06ca296b84f872,2026-09-23T18:35:12.427995+00:00,data/interim/gridsat/2019/gridsat_2019.04.27.21.nc,776595,64c71942b81d38595825b68403273cacc573b25990a5695eba73c281adf01b9b,2026-09-23T18:35:12.192738+00:00
2019-04-28T00:00:00+00:00,2019,GRIDSAT-B1.2019.04.28.00.v02r01.nc,data/interim/gridsat/2019/gridsat_2019.04.28.00.npz,536064,3ffca2b4f434b1a5d408fd0f8f4f9487736a699709413f0dd61592bf6f34502a,2026-09-23T18:35:25.459497+00:00,data/interim/gridsat/2019/gridsat_2019.04.28.00.nc,771331,2decfb4ca6cc6f6888d41becd0cf13562d8c3e36c34386442ab6227576254de4,2026-09-23T18:35:25.242953+00:00
2019-04-28T03:00:00+00:00,2019,GRIDSAT-B1.2019.04.28.03.v02r01.nc,data/interim/gridsat/2019/gridsat_2019.04.28.03.npz,542076,d4d150e607da33c8c0edc58121ba9431d749d7c3891f5b3e17e34360d119e4d2,2026-09-23T18:35:55.020734+00:00,data/interim/gridsat/2019/gridsat_2019.04.28.03.nc,769716,a3e77d61e06cabec71c3860af58f1de08d4ed7274891471263ec494051515717,2026-09-23T18:35:54.818173+00:00
2019-04-28T06:00:00+00:00,2019,GRIDSAT-B1.2019.04.28.06.v02r01.nc,data/interim/gridsat/2019/gridsat_2019.04.28.06.npz,570496,263450fa40df3db455f628afe5934fa8e90197427f09928a75d38c82b9444013,2026-09-23T15:17:02.958866+00:00,data/interim/gridsat/2019/gridsat_2019.04.28.06.nc,794170,41d2b029b2a99c5c48484035927f0932399e35c8eb8176196c4fed31a18d2faf,2026-09-23T15:17:02.861868+00:00
2019-04-28T09:00:00+00:00,2019,GRIDSAT-B1.2019.04.28.09.v02r01.nc,data/interim/gridsat/2019/gridsat_2019.04.28.09.npz,586548,e4f0a38cc852f8cab3b5134fa364e14b3fbb33cec43dc5a9f409b849a4ec5e99,2026-09-23T18:36:31.850612+00:00,data/interim/gridsat/2019/gridsat_2019.04.28.09.nc,812390,5afc96ca5822ef2579ed6adcd8080ba7354a50bae254fc45a754e29e37b84e4d,2026-09-23T18:36:31.622396+00:00
2019-04-28T12:00:00+00:00,2019,GRIDSAT-B1.2019.04.28.12.v02r01.nc,data/interim/gridsat/2019/gridsat_2019.04.28.12.npz,570384,8a8608b7517819fc8768ec2494ca4c473e64c53600da0092a8e80386a132390a,2026-09-23T18:36:13.343825+00:00,data/interim/gridsat/2019/gridsat_2019.04.28.12.nc,800105,ac06abf6778c9a90fc615abe8eca064583e341bd8a1ea412f5e24acb55457d27,2026-09-23T18:36:13.137714+00:00
2019-04-28T15:00:00+00:00,2019,GRIDSAT-B1.2019.04.28.15.v02r01.nc,data/interim/gridsat/2019/gridsat_2019.04.28.15.npz,543413,62141fb9001fc0831821835e1837660c8639ed3f4a3458a6a4514557d07eb507,2026-09-23T18:36:37.496158+00:00,data/interim/gridsat/2019/gridsat_2019.04.28.15.nc,768969,ce349c654f16bdde4bac0a57e5688412799841c619095e5af856cf50d5509fca,2026-09-23T18:36:37.309955+00:00
2019-04-28T18:00:00+00:00,2019,GRIDSAT-B1.2019.04.28.18.v02r01.nc,data/interim/gridsat/2019/gridsat_2019.04.28.18.npz,537881,d9d40f2d07a35c6e59898a58545406deb882f5ac65c5a7636c59b981c0b0cb29,2026-09-23T18:37:37.805060+00:00,data/interim/gridsat/2019/gridsat_2019.04.28.18.nc,762686,e0f787d5469d110e45fbb6ca80f710c21dd87200ba44ddd3fb3c9b8fe71de4fc,2026-09-23T18:37:37.560563+00:00
2019-04-28T21:00:00+00:00,2019,GRIDSAT-B1.2019.04.28.21.v02r01.nc,data/interim/gridsat/2019/gridsat_2019.04.28.21.npz,534214,59e66ac039230996a4b828ec065239fdfdd6e62d739901fb4da7296dd8c1bcff,2026-09-23T18:37:28.933773+00:00,data/interim/gridsat/2019/gridsat_2019.04.28.21.nc,762998,4df3b4e91fb433782c1c75cd507e5c9449eaf3747c511031d3a3c4e0d9b04ecc,2026-09-23T18:37:28.849181+00:00
2019-04-29T00:00:00+00:00,2019,GRIDSAT-B1.2019.04.29.00.v02r01.nc,data/interim/gridsat/2019/gridsat_2019.04.29.00.npz,523428,c770da0b50bae8c0bbb6aa37587b7addce9d115f78fc2c13a734b846b23df196,2026-09-23T18:37:55.408239+00:00,data/interim/gridsat/2019/gridsat_2019.04.29.00.nc,754751,76877ccf67fe31d6a928ae547f7e36468e4bfd4f9cb0e0da9859a6ea4cbffe42,2026-09-23T18:37:55.305951+00:00
2019-04-29T03:00:00+00:00,2019,GRIDSAT-B1.2019.04.29.03.v02r01.nc,data/interim/gridsat/2019/gridsat_2019.04.29.03.npz,520756,349066cdd33d1362f69a3ee1110b91de4a334c9eb83fb51bfabe79259f729dd4,2026-09-23T18:36:43.308745+00:00,data/interim/gridsat/2019/gridsat_2019.04.29.03.nc,744672,4bd8f37edd21e2f60fe1e917fd227a8856d2059fa7a61579ccfaafaba1c786e4,2026-09-23T18:36:43.119674+00:00
2019-04-29T06:00:00+00:00,2019,GRIDSAT-B1.2019.04.29.06.v02r01.nc,data/interim/gridsat/2019/gridsat_2019.04.29.06.npz,554978,2d90ec8607205c256b365095fb66025f132892acc982be9269a5dc25e89de7ab,2026-09-23T18:37:48.546982+00:00,data/interim/gridsat/2019/gridsat_2019.04.29.06.nc,777202,958245157e2bfa76fb622895c1724c10834d58cd6b7ba864398de02d51128120,2026-09-23T18:37:48.457088+00:00
2019-04-29T09:00:00+00:00,2019,GRIDSAT-B1.2019.04.29.09.v02r01.nc,data/interim/gridsat/2019/gridsat_2019.04.29.09.npz,572596,7b201729025890868cee2bc6f7d00e4cabceeef50c0965280b49d3da3332bf1b,2026-09-23T18:38:57.752537+00:00,data/interim/gridsat/2019/gridsat_2019.04.29.09.nc,802403,f0a475a098837a6dae557830c9b592287f557ae00e85876b349a2a31ca0765b7,2026-09-23T18:38:57.653935+00:00
2019-04-29T12:00:00+00:00,2019,GRIDSAT-B1.2019.04.29.12.v02r01.nc,data/interim/gridsat/2019/gridsat_2019.04.29.12.npz,559446,b7e5a91885bc314436995abe01a5443270f789b868b66df439fecd5057eb578f,2026-09-23T18:37:04.424237+00:00,data/interim/gridsat/2019/gridsat_2019.04.29.12.nc,794484,69f83f217faacc0781b7ee548f744bb269cce4a9dc955f6f1a05c4a9eb724733,2026-09-23T18:37:04.335318+00:00
2019-04-29T15:00:00+00:00,2019,GRIDSAT-B1.2019.04.29.15.v02r01.nc,data/interim/gridsat/2019/gridsat_2019.04.29.15.npz,528370,ee7be2d4a8d299387f40d07dcb090e70137709210d94322b529bbea78cfd7359,2026-09-23T18:37:17.842987+00:00,data/interim/gridsat/2019/gridsat_2019.04.29.15.nc,752848,f2b46d008aa35bbe639431948f88032a175fe9297b6fb93e251ec385f92be083,2026-09-23T18:37:17.760195+00:00
2019-04-29T18:00:00+00:00,2019,GRIDSAT-B1.2019.04.29.18.v02r01.nc,data/interim/gridsat/2019/gridsat_2019.04.29.18.npz,525696,df21bbecc42642e99ba0f377190f18263902250d1d4dce556c9dd158694e03da,2026-09-23T18:39:47.379190+00:00,data/interim/gridsat/2019/gridsat_2019.04.29.18.nc,747788,b8ea99ac61b2dd3f17e842ebc06b2b7679bae03e6571ddd555571130b501ab0a,2026-09-23T18:39:47.292799+00:00
2019-04-29T21:00:00+00:00,2019,GRIDSAT-B1.2019.04.29.21.v02r01.nc,data/interim/gridsat/2019/gridsat_2019.04.29.21.npz,529346,28e27dffe4516bb0e83ba35ae284fa3894e8699ab23c154abeddf4a2531b500c,2026-09-23T18:37:55.471321+00:00,data/interim/gridsat/2019/gridsat_2019.04.29.21.nc,759038,e190b628d4ec046991b92cb7feabbd234778b934f6f0e1e1947df8c9b3ce5c40,2026-09-23T18:37:55.385215+00:00
2019-04-30T00:00:00+00:00,2019,GRIDSAT-B1.2019.04.30.00.v02r01.nc,data/interim/gridsat/2019/gridsat_2019.04.30.00.npz,527966,02d549bd0a8d867100205a318cda3b0dd036ab52e4b44d1b042bc609ad3f69e3,2026-09-23T18:38:56.293043+00:00,data/interim/gridsat/2019/gridsat_2019.04.30.00.nc,763302,fe88d3fcfcc33e678c123f1331a7bdcbfc4f6743c6d9d8dc7180a2ac02ee7a8c,2026-09-23T18:38:56.213695+00:00
2019-04-30T03:00:00+00:00,2019,GRIDSAT-B1.2019.04.30.03.v02r01.nc,data/interim/gridsat/2019/gridsat_2019.04.30.03.npz,536022,40293b01b49febfe0768f3effeceebfa995263d5bb37947cff045218a437f691,2026-09-23T18:38:58.182946+00:00,data/interim/gridsat/2019/gridsat_2019.04.30.03.nc,767318,135cf6d3f25ff95ec66a9b0926afcb597b52733a3825ff679770f3012b527852,2026-09-23T18:38:58.098441+00:00
2019-04-30T06:00:00+00:00,2019,GRIDSAT-B1.2019.04.30.06.v02r01.nc,data/interim/gridsat/2019/gridsat_2019.04.30.06.npz,570339,213ae3f8edf493493ea6fe86611415617a919b5d15fdd4f882d23a9a96d15045,2026-09-23T18:38:13.536598+00:00,data/interim/gridsat/2019/gridsat_2019.04.30.06.nc,802251,a7cb4d33aec0d5b16494be343b25a2226a6bf2f5e7faea3151777fb64007ddfa,2026-09-23T18:38:13.347260+00:00
2019-04-30T09:00:00+00:00,2019,GRIDSAT-B1.2019.04.30.09.v02r01.nc,data/interim/gridsat/2019/gridsat_2019.04.30.09.npz,585166,6e39acf2a23afcf2ab0c02db44980849e746821ddb554ea378afdf34249f65d4,2026-09-23T18:38:30.968192+00:00,data/interim/gridsat/2019/gridsat_2019.04.30.09.nc,820449,11e8c5ed302ff8b167d14cc7aa258977245010a4d3d47a427581cf216f9faa1a,2026-09-23T18:38:30.737607+00:00
2019-04-30T12:00:00+00:00,2019,GRIDSAT-B1.2019.04.30.12.v02r01.nc,data/interim/gridsat/2019/gridsat_2019.04.30.12.npz,570527,f743969e171adf3ca6e8dfbee775dd5b6cfa0f4c522caa57fddf5d07e6ce50a1,2026-09-23T18:39:47.451046+00:00,data/interim/gridsat/2019/gridsat_2019.04.30.12.nc,808569,88fb325d1c8be7f1527fa5c62c1f136e0ccc76fabb93a1aa403b252e4cc96306,2026-09-23T18:39:47.354626+00:00
2019-04-30T15:00:00+00:00,2019,GRIDSAT-B1.2019.04.30.15.v02r01.nc,data/interim/gridsat/2019/gridsat_2019.04.30.15.npz,544845,d386d87c22955022b6244c2bd7644ea3c43e68bb328900ffca06ebf54d349427,2026-09-23T18:38:47.313744+00:00,data/interim/gridsat/2019/gridsat_2019.04.30.15.nc,775367,5d30e5cbe2bdf9ac3a6ac2dca10f819409e46a8803808231e2772c5e8eb0c243,2026-09-23T18:38:47.224027+00:00
2019-04-30T18:00:00+00:00,2019,GRIDSAT-B1.2019.04.30.18.v02r01.nc,data/interim/gridsat/2019/gridsat_2019.04.30.18.npz,538850,a1556460efdb912b4baedcc297a457233f052d0f37d3e50252aac2aedc2bacaa,2026-09-23T18:40:03.034584+00:00,data/interim/gridsat/2019/gridsat_2019.04.30.18.nc,766224,e53d8e5009bfacfdc30376616d164e99b3b54a250a10feda3b06562bc115cdfe,2026-09-23T18:40:02.928775+00:00
2019-04-30T21:00:00+00:00,2019,GRIDSAT-B1.2019.04.30.21.v02r01.nc,data/interim/gridsat/2019/gridsat_2019.04.30.21.npz,538205,6d462b28249978dd59de626d6bc48af86d0e1aae3d1e2c746ff2688161560e04,2026-09-23T18:39:13.094661+00:00,data/interim/gridsat/2019/gridsat_2019.04.30.21.nc,768909,22c9d964240cc9b19cb0f6ed81c97b4b3101ecdf000ca7f2ed1aff8defb13d8d,2026-09-23T18:39:12.994147+00:00
2019-05-01T00:00:00+00:00,2019,GRIDSAT-B1.2019.05.01.00.v02r01.nc,data/interim/gridsat/2019/gridsat_2019.05.01.00.npz,531562,8d87ec40cbf8bf28299d53f49c987a3e8b1678448464fdae9a8523434443db70,2026-09-23T18:41:28.087571+00:00,data/interim/gridsat/2019/gridsat_2019.05.01.00.nc,757834,c7696d76727c31ccb7659c0f81b15d6ee643be5f9c3412c8130f59cf4b933fb9,2026-09-23T18:41:27.936385+00:00
2019-05-01T03:00:00+00:00,2019,GRIDSAT-B1.2019.05.01.03.v02r01.nc,data/interim/gridsat/2019/gridsat_2019.05.01.03.npz,528324,489a6b0675c0e9706071cfa57fbdd6151178497ac15840e2542c87b6c5453b87,2026-09-23T18:40:04.556210+00:00,data/interim/gridsat/2019/gridsat_2019.05.01.03.nc,749470,8a29ef6ba0614baecbab9f7b7cdd415a2b42ff40a1f30fd4b0ab1f5ecf0d7037,2026-09-23T18:40:04.469915+00:00
2019-05-01T06:00:00+00:00,2019,GRIDSAT-B1.2019.05.01.06.v02r01.nc,data/interim/gridsat/2019/gridsat_2019.05.01.06.npz,556199,e663ff1f9d92fbae2dca7fc72b5ed8f4b2a79884acb48c638a3a507628e787ec,2026-09-23T18:39:27.308663+00:00,data/interim/gridsat/2019/gridsat_2019.05.01.06.nc,778940,ea3d85aa50ee281ece5ef6b455754fb86d474af3f2527096ed1f556f3466e733,2026-09-23T18:39:27.215836+00:00
2019-05-01T09:00:00+00:00,2019,GRIDSAT-B1.2019.05.01.09.v02r01.nc,data/interim/gridsat/2019/gridsat_2019.05.01.09.npz,572754,096da0291c4bd15dc527631a944af1d0ff2cb1ebf0e5b7548f81eb857922a4f9,2026-09-23T18:39:42.481159+00:00,data/interim/gridsat/2019/gridsat_2019.05.01.09.nc,804102,009ed5ebdcb9726c7b960f928d002089b4999ea22272e217671a92a6b74aec5b,2026-09-23T18:39:42.389340+00:00
2019-05-01T12:00:00+00:00,2019,GRIDSAT-B1.2019.05.01.12.v02r01.nc,data/interim/gridsat/2019/gridsat_2019.05.01.12.npz,557806,ae2307354d2fe07d50661352a31f23c40b0337a866c61d308d5e48abc75370f3,2026-09-23T18:40:02.411334+00:00,data/interim/gridsat/2019/gridsat_2019.05.01.12.nc,791839,bd690deb5b46758351e53d0ea01057c7b8508366920eddc7af4002bb56541daa,2026-09-23T18:40:02.287040+00:00
2019-05-01T15:00:00+00:00,2019,GRIDSAT-B1.2019.05.01.15.v02r01.nc,data/interim/gridsat/2019/gridsat_2019.05.01.15.npz,527205,3116868a12d6f32c7ff00efed1f7428c799d06bd1137030eb23165db6b7c3e29,2026-09-23T18:40:27.608927+00:00,data/interim/gridsat/2019/gridsat_2019.05.01.15.nc,749797,f90cf0bcf77be33cc7a52023fabc240093e7c87682aeabd9ac1a8dd4779b39e2,2026-09-23T18:40:27.510032+00:00
2019-05-01T18:00:00+00:00,2019,GRIDSAT-B1.2019.05.01.18.v02r01.nc,data/interim/gridsat/2019/gridsat_2019.05.01.18.npz,519971,9c13900d9c212f29ceeee762ddfbd6851f1e97e32a2282f69f7be6b6995786e3,2026-09-23T18:40:28.951169+00:00,data/interim/gridsat/2019/gridsat_2019.05.01.18.nc,741219,2031bfb9d28c6c3456fd69b3ca21d7d21a2af4fed7902467156df7ef8fa6bdaa,2026-09-23T18:40:28.834207+00:00
2019-05-01T21:00:00+00:00,2019,GRIDSAT-B1.2019.05.01.21.v02r01.nc,data/interim/gridsat/2019/gridsat_2019.05.01.21.npz,520806,0cd6f9110eeb56337bbb8c34c58cbec0b366695f8d8e16473072a7aad02e6ccf,2026-09-23T18:40:25.067472+00:00,data/interim/gridsat/2019/gridsat_2019.05.01.21.nc,745384,f3c4942a3a39987f6a5d2442ed2083eb285372458489322a91fe3ff7556f51c0,2026-09-23T18:40:24.924562+00:00
2019-05-02T00:00:00+00:00,2019,GRIDSAT-B1.2019.05.02.00.v02r01.nc,data/interim/gridsat/2019/gridsat_2019.05.02.00.npz,514684,9490ea02539483530fe0bb8748e2796d69424c49bf6405b67fa9c1b3fe4d1953,2026-09-23T18:41:26.631189+00:00,data/interim/gridsat/2019/gridsat_2019.05.02.00.nc,742074,ce845fe17f3dc08cc1fc2211807ec5b533eaaaa37e7b9f8e105123a52b9bdf19,2026-09-23T18:41:26.512849+00:00
2019-05-02T03:00:00+00:00,2019,GRIDSAT-B1.2019.05.02.03.v02r01.nc,data/interim/gridsat/2019/gridsat_2019.05.02.03.npz,508332,1a56065483f360f4096ac5b27e2c45bf60b676b1f87fd2619ecfe67dee8b5eed,2026-09-23T18:41:08.193631+00:00,data/interim/gridsat/2019/gridsat_2019.05.02.03.nc,731022,6baa2a2b753da205ca2457fdceb50b60ef1de10013ab474507bf44f79b88c366,2026-09-23T18:41:08.107232+00:00
2019-05-02T06:00:00+00:00,2019,GRIDSAT-B1.2019.05.02.06.v02r01.nc,data/interim/gridsat/2019/gridsat_2019.05.02.06.npz,540300,b6ad1111a5561803e96e9eb7156835a23084381ed4dbd9609a8532850499a13b,2026-09-23T18:40:47.172966+00:00,data/interim/gridsat/2019/gridsat_2019.05.02.06.nc,766453,ab8478bdaede2d221203a675672379b45b8c7ae10100bfe73016b7bdf2845418,2026-09-23T18:40:47.026894+00:00
2019-05-02T09:00:00+00:00,2019,GRIDSAT-B1.2019.05.02.09.v02r01.nc,data/interim/gridsat/2019/gridsat_2019.05.02.09.npz,562706,1e5ddf0573071e4fef2224bef07c55dd0b55090206209b3e6630aff792e0ca95,2026-09-23T18:41:18.033733+00:00,data/interim/gridsat/2019/gridsat_2019.05.02.09.nc,793260,2e97ba062afea4427b9af52423f68d3907f457bf76277c2899be8aef20108e8c,2026-09-23T18:41:17.894833+00:00
2019-05-02T12:00:00+00:00,2019,GRIDSAT-B1.2019.05.02.12.v02r01.nc,data/interim/gridsat/2019/gridsat_2019.05.02.12.npz,553698,a0aaf8a9a4a4313b72aa129cba6f84c98e0a464542a4d617157872b2a98c7d17,2026-09-23T18:41:08.594846+00:00,data/interim/gridsat/2019/gridsat_2019.05.02.12.nc,785842,90b21cdcc5f6e55470e738a781a3b9b954a618bf675305b727ff4d4026146420,2026-09-23T18:41:08.467738+00:00
2019-06-09T09:00:00+00:00,2019,GRIDSAT-B1.2019.06.09.09.v02r01.nc,data/interim/gridsat/2019/gridsat_2019.06.09.09.npz,637252,447d61d65e948e9e535e3cf4e9e15f74d73ad3f7e0372156e6e87ae26dd7434f,2026-09-23T18:42:09.750856+00:00,data/interim/gridsat/2019/gridsat_2019.06.09.09.nc,893588,6f8666d20d73b303b13bfdc50cd8bcb73ef7776187d80910aa2cd33ac82b773c,2026-09-23T18:42:09.592471+00:00
2019-06-09T12:00:00+00:00,2019,GRIDSAT-B1.2019.06.09.12.v02r01.nc,data/interim/gridsat/2019/gridsat_2019.06.09.12.npz,630101,4ab8268c38764953f78bd1febc37a01117c731b7cf8ea310413c8ea9efb3c9ee,2026-09-23T18:41:34.030619+00:00,data/interim/gridsat/2019/gridsat_2019.06.09.12.nc,889523,8912a449a40e3d81409ef93cddb3633a081099a2469c9933363655d05474e502,2026-09-23T18:41:33.894696+00:00
2019-06-09T15:00:00+00:00,2019,GRIDSAT-B1.2019.06.09.15.v02r01.nc,data/interim/gridsat/2019/gridsat_2019.06.09.15.npz,605639,b55421d8909d29ed2b20f9996d858268187721a84bb184e927aa0ad97f119e28,2026-09-23T18:41:45.090819+00:00,data/interim/gridsat/2019/gridsat_2019.06.09.15.nc,862035,e3aa2957e8e85f3a7762a8aec5ae883bc2b0a7ac221d242bba97dff2978c3f8c,2026-09-23T18:41:44.927554+00:00
2019-06-09T18:00:00+00:00,2019,GRIDSAT-B1.2019.06.09.18.v02r01.nc,data/interim/gridsat/2019/gridsat_2019.06.09.18.npz,602973,3d945ae9658cca98ade1a6cbd79b544acf78d15a4236545af337077b19060b13,2026-09-23T18:42:49.202433+00:00,data/interim/gridsat/2019/gridsat_2019.06.09.18.nc,858022,c532feba1f4bb806c28e2ae3ffe446dd87a58dc9beef39a5f8e4923a33b032a3,2026-09-23T18:42:49.031443+00:00
2019-06-09T21:00:00+00:00,2019,GRIDSAT-B1.2019.06.09.21.v02r01.nc,data/interim/gridsat/2019/gridsat_2019.06.09.21.npz,598411,fe5c262ac55d021c273d535ef8b7b978fff9fe88d3353975562d53328b6d48ab,2026-09-23T18:41:59.212989+00:00,data/interim/gridsat/2019/gridsat_2019.06.09.21.nc,856302,81602d0bdd8ccfe260f89ffabac88ab89412195948f69678f3c05cf09fd0840d,2026-09-23T18:41:59.116573+00:00
2019-06-10T00:00:00+00:00,2019,GRIDSAT-B1.2019.06.10.00.v02r01.nc,data/interim/gridsat/2019/gridsat_2019.06.10.00.npz,578638,9c8b68029d9ffdc100aaf5f0e1f7c40b36e58f0a4e73383de3aaaac8a218e259,2026-09-23T18:42:03.068383+00:00,data/interim/gridsat/2019/gridsat_2019.06.10.00.nc,836069,2575d19164b41de4072fe8acd15463ef99bc52f59e2b6e16f9786944eea926c7,2026-09-23T18:42:02.935963+00:00
2019-06-10T03:00:00+00:00,2019,GRIDSAT-B1.2019.06.10.03.v02r01.nc,data/interim/gridsat/2019/gridsat_2019.06.10.03.npz,576782,b4a73784a46eab3a7a4fd06331d15b20a88381db4ffac7d2172cef7285114340,2026-09-23T18:42:19.347950+00:00,data/interim/gridsat/2019/gridsat_2019.06.10.03.nc,824030,8e0eef0eaa88a464bde12477f48d8501f115c8dae186ff7af835b83f4c04a95d,2026-09-23T18:42:19.149059+00:00
2019-06-10T06:00:00+00:00,2019,GRIDSAT-B1.2019.06.10.06.v02r01.nc,data/interim/gridsat/2019/gridsat_2019.06.10.06.npz,603208,0a8126cac2ea7daaade1e3a63a292831fa7cd1e745a1fd494ad03cfbcbf576ec,2026-09-23T18:42:18.232069+00:00,data/interim/gridsat/2019/gridsat_2019.06.10.06.nc,857012,f509e5bcb6d03c7677e9b71d4de615d09fda0ba87101336365e059fdd57e9c42,2026-09-23T18:42:18.116246+00:00
2019-06-10T09:00:00+00:00,2019,GRIDSAT-B1.2019.06.10.09.v02r01.nc,data/interim/gridsat/2019/gridsat_2019.06.10.09.npz,628298,abe69b11d4cc94838b473e9883248266d4cab333c6040d695ba0ddc4dcf384e8,2026-09-23T18:42:54.289282+00:00,data/interim/gridsat/2019/gridsat_2019.06.10.09.nc,887102,bbfefd65f7106782aefdecaddbb3eb6bc301707b1a398920c0ecdc0cbdbd6733,2026-09-23T18:42:54.134961+00:00
2019-06-10T12:00:00+00:00,2019,GRIDSAT-B1.2019.06.10.12.v02r01.nc,data/interim/gridsat/2019/gridsat_2019.06.10.12.npz,629568,38fb1504c2653bdbf36ce76b5945a8aadd7d2180e2c0a287aeb1ce4e9f9eb2a0,2026-09-23T18:42:52.998343+00:00,data/interim/gridsat/2019/gridsat_2019.06.10.12.nc,890806,cf4ea68662d07820fe90c399a5d12af5ca3f7b456cecd50578d9ac5730809a91,2026-09-23T18:42:52.785382+00:00
2019-06-10T15:00:00+00:00,2019,GRIDSAT-B1.2019.06.10.15.v02r01.nc,data/interim/gridsat/2019/gridsat_2019.06.10.15.npz,608409,ba028c3f4cb32b48834dd37809ff2116bd0daf9da1b5cc6bd3729579eff31c7d,2026-09-23T18:43:02.142409+00:00,data/interim/gridsat/2019/gridsat_2019.06.10.15.nc,871423,496e17c5ac21fc3a321e3c343160045b86eef5a93b7b97856c98cde4a2154b5f,2026-09-23T18:43:01.903682+00:00
2019-06-10T18:00:00+00:00,2019,GRIDSAT-B1.2019.06.10.18.v02r01.nc,data/interim/gridsat/2019/gridsat_2019.06.10.18.npz,607935,85099a8a32d14abd4fa846e3ab475986b7cc8776d3b6752484325419db09fc10,2026-09-23T18:42:53.485334+00:00,data/interim/gridsat/2019/gridsat_2019.06.10.18.nc,870820,8dfb79e8058294670cbc0a7278095b38034570ccb37e19093c076679307abc77,2026-09-23T18:42:53.233808+00:00
2019-06-10T21:00:00+00:00,2019,GRIDSAT-B1.2019.06.10.21.v02r01.nc,data/interim/gridsat/2019/gridsat_2019.06.10.21.npz,609334,b54e33b5faf057766d9ef5b9f618f01ced71ac4e33346f3cfbd5485f32b186fd,2026-09-23T18:43:18.541571+00:00,data/interim/gridsat/2019/gridsat_2019.06.10.21.nc,874138,dcea9ebe6301719a0626738ace040b22fd012fe85dadcac3fc43e23fad9122c6,2026-09-23T18:43:18.354708+00:00
2019-06-11T00:00:00+00:00,2019,GRIDSAT-B1.2019.06.11.00.v02r01.nc,data/interim/gridsat/2019/gridsat_2019.06.11.00.npz,601106,4f1b486a7e7e32fe99bbbe9717c6cb3fab067edbac56c21d05526b934e190281,2026-09-23T18:43:24.202376+00:00,data/interim/gridsat/2019/gridsat_2019.06.11.00.nc,865326,5e53b972b99289f48f6e158f66429585bffe67d40d22384785420a1b670c7a4d,2026-09-23T18:43:23.982548+00:00
2019-06-11T03:00:00+00:00,2019,GRIDSAT-B1.2019.06.11.03.v02r01.nc,data/interim/gridsat/2019/gridsat_2019.06.11.03.npz,601750,78f8192126ed6e4733d54f1e113412ccf4a4c0a1c8271e65cb9750f1dedb2a5e,2026-09-23T18:43:57.478664+00:00,data/interim/gridsat/2019/gridsat_2019.06.11.03.nc,857066,f5cda66fc815ccb4ac147b1c221ddf16103e7aa1d8b4ed789e46eb0d2126fe76,2026-09-23T18:43:57.261308+00:00
2019-06-11T06:00:00+00:00,2019,GRIDSAT-B1.2019.06.11.06.v02r01.nc,data/interim/gridsat/2019/gridsat_2019.06.11.06.npz,622093,cd00275bfcbfcb585cc2511e1b9540ade6b398f15a75e23aab69635f60b0cbfc,2026-09-23T18:43:26.221611+00:00,data/interim/gridsat/2019/gridsat_2019.06.11.06.nc,880656,c5c1a6df05b0a3337a49438c17d77ea24333bd61dc4bb6fec8e947ca6e8973cc,2026-09-23T18:43:26.032383+00:00
2019-06-11T09:00:00+00:00,2019,GRIDSAT-B1.2019.06.11.09.v02r01.nc,data/interim/gridsat/2019/gridsat_2019.06.11.09.npz,634390,59213c3852aa6c49c4be5d132f239a1a7368b6fab47fc90b0f55a91a8a1ad294,2026-09-23T18:43:54.944940+00:00,data/interim/gridsat/2019/gridsat_2019.06.11.09.nc,893978,d7dfc2d9748e7f5d7e0a236fcfa0faf89d94d91bb81320950cf063c70984490e,2026-09-23T18:43:54.720400+00:00
2019-06-11T12:00:00+00:00,2019,GRIDSAT-B1.2019.06.11.12.v02r01.nc,data/interim/gridsat/2019/gridsat_2019.06.11.12.npz,624513,5d8e0b98dcbdeb135caaebc54e3aa7671e67bb202c69c97ea99b13be8380f7de,2026-09-23T18:43:56.014687+00:00,data/interim/gridsat/2019/gridsat_2019.06.11.12.nc,885248,5eace14c93534e8887ae875e9f9bfad5be5e437f68c28745679b081d9edaca7b,2026-09-23T18:43:55.724152+00:00
2019-06-11T15:00:00+00:00,2019,GRIDSAT-B1.2019.06.11.15.v02r01.nc,data/interim/gridsat/2019/gridsat_2019.06.11.15.npz,594166,bfc0c68564bc12d505cb19d3853528c18e18206f6485019282fdd6e8a0ee45fe,2026-09-23T18:44:06.680925+00:00,data/interim/gridsat/2019/gridsat_2019.06.11.15.nc,850030,45de8cba3112d24d92cf6454c1806d12e15cf5a0721d6709fc30136da2095293,2026-09-23T18:44:06.508128+00:00
2019-06-11T18:00:00+00:00,2019,GRIDSAT-B1.2019.06.11.18.v02r01.nc,data/interim/gridsat/2019/gridsat_2019.06.11.18.npz,589299,9fca9290479e59ae0ac08a3b266a485d0204177e443c0e1b4a43baf3210dcebd,2026-09-23T18:44:20.748738+00:00,data/interim/gridsat/2019/gridsat_2019.06.11.18.nc,840887,76b3e86e52ec2e3e7ec03f026ede183e93a0dd6136e336d3b3ea35f5a6bf5d99,2026-09-23T18:44:20.503713+00:00
2019-06-11T21:00:00+00:00,2019,GRIDSAT-B1.2019.06.11.21.v02r01.nc,data/interim/gridsat/2019/gridsat_2019.06.11.21.npz,584034,67b568a3ed7d008882ec80ce8c0dd0932b919bc396315bc5dc9f8557ea7c5f10,2026-09-23T18:44:15.545453+00:00,data/interim/gridsat/2019/gridsat_2019.06.11.21.nc,834109,a06a73193ac18d7d57409f69b1e5c7bc1443ac88e599f15a9a977b06dd14f252,2026-09-23T18:44:15.314977+00:00
2019-06-12T00:00:00+00:00,2019,GRIDSAT-B1.2019.06.12.00.v02r01.nc,data/interim/gridsat/2019/gridsat_2019.06.12.00.npz,570519,5292dd7bb4d45a93c1fa243a76fe6a1cd82532a7bccd3411c594c14386260a68,2026-09-23T18:45:35.588120+00:00,data/interim/gridsat/2019/gridsat_2019.06.12.00.nc,820254,96a2b9eeb1e6de31be3a6bfad75c8bb8a70b020110781350a4335a66e899f0db,2026-09-23T18:45:35.444874+00:00
2019-06-12T03:00:00+00:00,2019,GRIDSAT-B1.2019.06.12.03.v02r01.nc,data/interim/gridsat/2019/gridsat_2019.06.12.03.npz,563887,ad9eac14b8502614e6c476f28389f6cc1368529decea2eba931f1435ab7c58bc,2026-09-23T18:44:45.924426+00:00,data/interim/gridsat/2019/gridsat_2019.06.12.03.nc,806029,38623aaba6d13bf5864d5c253bf33acc108a1fd93afd20e34b6778a50fa84d66,2026-09-23T18:44:45.736852+00:00
2019-06-12T06:00:00+00:00,2019,GRIDSAT-B1.2019.06.12.06.v02r01.nc,data/interim/gridsat/2019/gridsat_2019.06.12.06.npz,586947,e7fd3b905f9b2fcfe7b7a322f8d08f88a8b111e1c6859d9258107182c5cbc304,2026-09-23T18:44:59.572940+00:00,data/interim/gridsat/2019/gridsat_2019.06.12.06.nc,831937,75fb094b0d7b6305abf0c6d883defa4fe8907aa3ee8a2d58934b5cf88a985447,2026-09-23T18:44:59.356658+00:00
2019-06-12T09:00:00+00:00,2019,GRIDSAT-B1.2019.06.12.09.v02r01.nc,data/interim/gridsat/2019/gridsat_2019.06.12.09.npz,608687,28975e25321bea7336129bbb3bb932c72cffd728910ba9541e70d3a0574f46a8,2026-09-23T18:44:54.111850+00:00,data/interim/gridsat/2019/gridsat_2019.06.12.09.nc,858780,4686cfdc9d8928264c45a02b640eb88133a3b0d8124ccfc3b651d7c3501971c0,2026-09-23T18:44:53.877927+00:00
2019-06-12T12:00:00+00:00,2019,GRIDSAT-B1.2019.06.12.12.v02r01.nc,data/interim/gridsat/2019/gridsat_2019.06.12.12.npz,606113,394b55de85e7bd6c6eda5c74e23cea9b4457b05373ca4689e7d09a2be585473e,2026-09-23T18:45:32.942413+00:00,data/interim/gridsat/2019/gridsat_2019.06.12.12.nc,858001,c0b150fcb137dd7fc22be8b6c3b99938612dde4921585adcf46d726ff9187f1f,2026-09-23T18:45:32.821642+00:00
2019-06-12T15:00:00+00:00,2019,GRIDSAT-B1.2019.06.12.15.v02r01.nc,data/interim/gridsat/2019/gridsat_2019.06.12.15.npz,587262,e55d2b85cd514f5452b338aac3699356f7fc2471fb2615e4afda20b5136db795,2026-09-23T18:45:22.975666+00:00,data/interim/gridsat/2019/gridsat_2019.06.12.15.nc,831649,736eebaa16b0e6f8a8ca8afc3940e2da637552fb2a844e9ea0fa53ac4f2b3dbf,2026-09-23T18:45:22.770035+00:00
2019-06-12T18:00:00+00:00,2019,GRIDSAT-B1.2019.06.12.18.v02r01.nc,data/interim/gridsat/2019/gridsat_2019.06.12.18.npz,588110,a707334178791e13962a6e797ad51f8bfb88148dbbf247728c195dd9d5550f2b,2026-09-23T18:46:00.550728+00:00,data/interim/gridsat/2019/gridsat_2019.06.12.18.nc,836538,a6483aab0a279522753fba8cb408b82b721a68074fff0f63fd055ac1e0bec709,2026-09-23T18:46:00.464427+00:00
2019-06-12T21:00:00+00:00,2019,GRIDSAT-B1.2019.06.12.21.v02r01.nc,data/interim/gridsat/2019/gridsat_2019.06.12.21.npz,595265,ef529269719e2a5d9db1a9cb388204b1b768e623207269e2d004a1fad9b46aeb,2026-09-23T18:45:19.822245+00:00,data/interim/gridsat/2019/gridsat_2019.06.12.21.nc,850578,f3c65fa6d729807fe859f1daa26bfce7b14e2c4729fa685f3d932b77776aba9f,2026-09-23T18:45:19.598544+00:00
2019-06-13T00:00:00+00:00,2019,GRIDSAT-B1.2019.06.13.00.v02r01.nc,data/interim/gridsat/2019/gridsat_2019.06.13.00.npz,591446,df0c3bb22376f1521365e85a6fa5e6d3b36e1cd5c51db4dc830c31c530d33bf4,2026-09-23T18:46:04.761795+00:00,data/interim/gridsat/2019/gridsat_2019.06.13.00.nc,845112,c1b3957a440a46271e4c24cb6e421d85770a6b5f9f340e92abc0cfdf504587e3,2026-09-23T18:46:04.666635+00:00
2019-06-13T03:00:00+00:00,2019,GRIDSAT-B1.2019.06.13.03.v02r01.nc,data/interim/gridsat/2019/gridsat_2019.06.13.03.npz,587457,6e139796621dd1979865bbc5fe3c3caa00e0b3d8cb6afdb5c317fd9a71288575,2026-09-23T18:45:36.356275+00:00,data/interim/gridsat/2019/gridsat_2019.06.13.03.nc,828328,5ff6119a1e5df6bfeb59822c8f6b25af967d0a1ad6abf2a02ff154efb4112ffd,2026-09-23T18:45:36.227564+00:00
2019-06-13T06:00:00+00:00,2019,GRIDSAT-B1.2019.06.13.06.v02r01.nc,data/interim/gridsat/2019/gridsat_2019.06.13.06.npz,611830,c622689fb713b20bd4eeab9826c4faf65d35d877f6e44fb57d6ad5125e063df4,2026-09-23T18:45:58.575387+00:00,data/interim/gridsat/2019/gridsat_2019.06.13.06.nc,856504,8d75efeb6b3abe41acf014e3833b8cb599c7c08a988f551be6840cc6f8e8598f,2026-09-23T18:45:58.469467+00:00
2019-06-13T09:00:00+00:00,2019,GRIDSAT-B1.2019.06.13.09.v02r01.nc,data/interim/gridsat/2019/gridsat_2019.06.13.09.npz,635247,64af4578442cec1362f743a805e29c93550322cbdae5ee2cb4084b8262444909,2026-09-23T18:46:11.758573+00:00,data/interim/gridsat/2019/gridsat_2019.06.13.09.nc,884327,988a9224b8e72ba75eea7caa1b145eed2a9ec4c1f54187a8eceec7efa0ef89c2,2026-09-23T18:46:11.654381+00:00
2019-06-13T12:00:00+00:00,2019,GRIDSAT-B1.2019.06.13.12.v02r01.nc,data/interim/gridsat/2019/gridsat_2019.06.13.12.npz,635262,1339e9a0d87330fa1a2f6c4cd7913498b9d229d5575ff4521659d3090c7914a6,2026-09-23T18:46:25.889370+00:00,data/interim/gridsat/2019/gridsat_2019.06.13.12.nc,887787,c25b362f7d524cc05fc410ad54aaf5eaa6a323718ae8319c6d4b3c3a81ddd7d9,2026-09-23T18:46:25.783330+00:00
2019-06-13T15:00:00+00:00,2019,GRIDSAT-B1.2019.06.13.15.v02r01.nc,data/interim/gridsat/2019/gridsat_2019.06.13.15.npz,604833,8f3da42b5bdd156320a1ff165ec564aaf00cfb8ec31e1ea97443a8d743601ec1,2026-09-23T18:46:12.412061+00:00,data/interim/gridsat/2019/gridsat_2019.06.13.15.nc,852078,cc0800505f90e3f58825743b7d68b442e5bf28e9f952fd2f782122163d35285f,2026-09-23T18:46:12.322173+00:00
2019-06-13T18:00:00+00:00,2019,GRIDSAT-B1.2019.06.13.18.v02r01.nc,data/interim/gridsat/2019/gridsat_2019.06.13.18.npz,595186,cf7dcc69f4e9a2d7adfa09160e72f5042f1007e9b418b2a3e3a514c982bf1cfe,2026-09-23T18:46:10.086423+00:00,data/interim/gridsat/2019/gridsat_2019.06.13.18.nc,843463,8119d83b7a7b6e6fc82df0984c0ea7f79e0d2ff2d8ba6ff5e0c9dd29ac151713,2026-09-23T18:46:09.952987+00:00
2019-06-13T21:00:00+00:00,2019,GRIDSAT-B1.2019.06.13.21.v02r01.nc,data/interim/gridsat/2019/gridsat_2019.06.13.21.npz,593790,c021d98fe0ea42a09e7678d1955eae9c50314fbc9e3bd49d8f0ff8b093ed913a,2026-09-23T18:46:36.234533+00:00,data/interim/gridsat/2019/gridsat_2019.06.13.21.nc,846609,da74d80e168bc3160357d8c14b3c9eb0267938105f5473f6fcb507642c32a461,2026-09-23T18:46:36.147054+00:00
2019-06-14T00:00:00+00:00,2019,GRIDSAT-B1.2019.06.14.00.v02r01.nc,data/interim/gridsat/2019/gridsat_2019.06.14.00.npz,586104,a19a17e7c28926cd89c5d64b15dc14e68bc0a06c9d8f2d21cd300f1cefce9b6c,2026-09-23T18:46:24.897296+00:00,data/interim/gridsat/2019/gridsat_2019.06.14.00.nc,837963,af84bec890fd4220810d325bb6d5e58ad9f8272447540cdf971cc966f67af186,2026-09-23T18:46:24.813854+00:00
2019-06-14T03:00:00+00:00,2019,GRIDSAT-B1.2019.06.14.03.v02r01.nc,data/interim/gridsat/2019/gridsat_2019.06.14.03.npz,581145,34651ba18ce861e2bf6d3c1abdbef24e56b0eeef008a0d0c013f91875acac227,2026-09-23T18:46:23.069213+00:00,data/interim/gridsat/2019/gridsat_2019.06.14.03.nc,822053,6ef91217259930d3b0c0db4b68f36340ea4d1371be94ecca46c6d8362b043b33,2026-09-23T18:46:22.965410+00:00
2019-06-14T06:00:00+00:00,2019,GRIDSAT-B1.2019.06.14.06.v02r01.nc,data/interim/gridsat/2019/gridsat_2019.06.14.06.npz,608603,d010cceaf19a8f30b06fed81d1adf988ee3ed088d3d1918c3f274a4e883ced47,2026-09-23T18:46:25.808296+00:00,data/interim/gridsat/2019/gridsat_2019.06.14.06.nc,851082,7b1f5bc3d64699639776d9aa95e3843e0373b703c459b2a323c12cb10a78cf7c,2026-09-23T18:46:25.723619+00:00
2019-06-14T09:00:00+00:00,2019,GRIDSAT-B1.2019.06.14.09.v02r01.nc,data/interim/gridsat/2019/gridsat_2019.06.14.09.npz,631431,301b2b1ad168cabd95a94c2c456b6f7ca2c6db77c3f1fff42d7f57a7ef24338f,2026-09-23T18:46:36.445186+00:00,data/interim/gridsat/2019/gridsat_2019.06.14.09.nc,880139,e7ef7a2aa3cdac9c263539f1e82ba0c5ff1e0db218d6141ff6e0626b698ab165,2026-09-23T18:46:36.327529+00:00
2019-06-14T12:00:00+00:00,2019,GRIDSAT-B1.2019.06.14.12.v02r01.nc,data/interim/gridsat/2019/gridsat_2019.06.14.12.npz,627577,9f0ba742a106b40203bf5542f26690902a8b5bdc2ae716ee44cf6a23519ce845,2026-09-23T18:46:32.544503+00:00,data/interim/gridsat/2019/gridsat_2019.06.14.12.nc,878548,f5b6cbfc28d05122c42e70c8fdac99f1e0e3a3e7cc154ca80fca235bb0652440,2026-09-23T18:46:32.452592+00:00
2019-06-14T15:00:00+00:00,2019,GRIDSAT-B1.2019.06.14.15.v02r01.nc,data/interim/gridsat/2019/gridsat_2019.06.14.15.npz,603068,e0dec00543759b6bf53ebe31ab071abbe5a71e41cdf36bad95b355cbe53b895d,2026-09-23T18:46:42.299803+00:00,data/interim/gridsat/2019/gridsat_2019.06.14.15.nc,849754,1e950602f265690e4f51dfc5a4591dd956e8e8c864f7330a45044e927bd566d8,2026-09-23T18:46:42.184211+00:00
2019-06-14T18:00:00+00:00,2019,GRIDSAT-B1.2019.06.14.18.v02r01.nc,data/interim/gridsat/2019/gridsat_2019.06.14.18.npz,595459,c032879074597d8678d6e312cb2959eda854fcfbeb07dc10459da2f5a59ff51d,2026-09-23T18:46:39.674783+00:00,data/interim/gridsat/2019/gridsat_2019.06.14.18.nc,842521,328b0474145b1303e97e2958942879af301437f3eea795e700308ab9e50d266a,2026-09-23T18:46:39.557254+00:00
2019-06-14T21:00:00+00:00,2019,GRIDSAT-B1.2019.06.14.21.v02r01.nc,data/interim/gridsat/2019/gridsat_2019.06.14.21.npz,597161,f2835483cebcf7148ffd4aade874733efaf983f1422f7a93017afb0b20228eeb,2026-09-23T18:46:44.050082+00:00,data/interim/gridsat/2019/gridsat_2019.06.14.21.nc,849364,7af9f4d281c7e16d5c58f22cbe4e8a334efc441d346bdc3c4969f66149e24432,2026-09-23T18:46:43.931979+00:00
2019-06-15T00:00:00+00:00,2019,GRIDSAT-B1.2019.06.15.00.v02r01.nc,data/interim/gridsat/2019/gridsat_2019.06.15.00.npz,591587,0f2a3aa2a597e3b89f9a9320624453814261509950857ae318f09a486d0faaa9,2026-09-23T18:46:43.557409+00:00,data/interim/gridsat/2019/gridsat_2019.06.15.00.nc,846229,f675a2cd4015a0cf3ec72a7b1e0d0f844951185169ab9f63968694a3f3641579,2026-09-23T18:46:43.469947+00:00
2019-06-15T03:00:00+00:00,2019,GRIDSAT-B1.2019.06.15.03.v02r01.nc,data/interim/gridsat/2019/gridsat_2019.06.15.03.npz,582181,c3fcc3cad77ab9a3e04e864a4d8b20af46d049195a55a4533a0f02e8ee6ef3fa,2026-09-23T18:46:45.165923+00:00,data/interim/gridsat/2019/gridsat_2019.06.15.03.nc,829496,80937e061fb62096fdfc46811e39a6ed254779cd823500453d767b663543e802,2026-09-23T18:46:45.052230+00:00
2019-06-15T06:00:00+00:00,2019,GRIDSAT-B1.2019.06.15.06.v02r01.nc,data/interim/gridsat/2019/gridsat_2019.06.15.06.npz,606070,5aa8abcdd500abaec41f2656e85e1f47c74ed9a568d1a8233ea55cd590d7dcd2,2026-09-23T18:46:59.605037+00:00,data/interim/gridsat/2019/gridsat_2019.06.15.06.nc,858589,fc0c3f8b944eaaccb67865f17596e14790348deb06e9ae00d81c45a7bc53136b,2026-09-23T18:46:59.508983+00:00
2019-06-15T09:00:00+00:00,2019,GRIDSAT-B1.2019.06.15.09.v02r01.nc,data/interim/gridsat/2019/gridsat_2019.06.15.09.npz,633381,0114a9524cfd40d7610e04a3cc7a95f98f2d65e0edda25888400358d66fc3f36,2026-09-23T18:46:57.709684+00:00,data/interim/gridsat/2019/gridsat_2019.06.15.09.nc,890581,079b446ca36470acb1e3a2ef03ba022f114f7db9b755cc235cccb76770da5064,2026-09-23T18:46:57.593639+00:00
2019-06-15T12:00:00+00:00,2019,GRIDSAT-B1.2019.06.15.12.v02r01.nc,data/interim/gridsat/2019/gridsat_2019.06.15.12.npz,632518,9e54858adeedf4608524de75b27b1d34b4083248a1eae26a849d8a828f56a054,2026-09-23T18:46:50.026409+00:00,data/interim/gridsat/2019/gridsat_2019.06.15.12.nc,891072,9bd551489fc0c58e926a3e068d3c6873a15445a393698640dd26aea159e6d79f,2026-09-23T18:46:49.917686+00:00
2019-08-05T15:00:00+00:00,2019,GRIDSAT-B1.2019.08.05.15.v02r01.nc,data/interim/gridsat/2019/gridsat_2019.08.05.15.npz,600792,b9893b00514f2a6a1514c5001ac4f8cbda804c0c8f22e923fd81f6a0e9e0ffbc,2026-09-23T18:46:56.729467+00:00,data/interim/gridsat/2019/gridsat_2019.08.05.15.nc,855615,0a1c15e3b5a575f20f77fc5e602bca6edc8298d8c7d6a9813ddc600185c7afa7,2026-09-23T18:46:56.602140+00:00
2019-08-05T18:00:00+00:00,2019,GRIDSAT-B1.2019.08.05.18.v02r01.nc,data/interim/gridsat/2019/gridsat_2019.08.05.18.npz,603199,f1f2d9971953be1db55eb372eb41ebdc4d29371c65b40cb90f5e9b93e136ecfc,2026-09-23T18:47:02.695240+00:00,data/interim/gridsat/2019/gridsat_2019.08.05.18.nc,859881,9862c118d7f55a7a3730b92d353fc19aaaa95ff8b980b17e35ccd45f49ec0cf6,2026-09-23T18:47:02.597944+00:00
2019-08-05T21:00:00+00:00,2019,GRIDSAT-B1.2019.08.05.21.v02r01.nc,data/interim/gridsat/2019/gridsat_2019.08.05.21.npz,609925,ea2cb2c0385aa1bcb27b7b572bb2028ddd1d31cb62c0af6b1eff3d336c716ead,2026-09-23T18:47:13.849344+00:00,data/interim/gridsat/2019/gridsat_2019.08.05.21.nc,865934,70b362c7766923acf6a37662c2f3d50b6dda273601da182e5a3d4baf473c3c1c,2026-09-23T18:47:13.757561+00:00
2019-08-06T00:00:00+00:00,2019,GRIDSAT-B1.2019.08.06.00.v02r01.nc,data/interim/gridsat/2019/gridsat_2019.08.06.00.npz,610170,7f5d599ebbd7b4399ad9333fec22b2612fcce1a9516e7785b0427119904b5b11,2026-09-23T18:47:00.429118+00:00,data/interim/gridsat/2019/gridsat_2019.08.06.00.nc,871331,0ef4061bac12d532dfb054eb6af6eba4bf3c6cbe6cac60c9d9e8447b2f4e8bce,2026-09-23T18:47:00.323831+00:00
2019-08-06T03:00:00+00:00,2019,GRIDSAT-B1.2019.08.06.03.v02r01.nc,data/interim/gridsat/2019/gridsat_2019.08.06.03.npz,605862,f378e0cb7dec275d893e87afc64eb9bce9b6672ec353e6cdedb35b893f44d9ba,2026-09-23T18:47:09.321733+00:00,data/interim/gridsat/2019/gridsat_2019.08.06.03.nc,863713,9c23a17492fea530635e16fd520aa8a7c76d567e686c4a121a409714c6f2666e,2026-09-23T18:47:09.195137+00:00
2019-08-06T06:00:00+00:00,2019,GRIDSAT-B1.2019.08.06.06.v02r01.nc,data/interim/gridsat/2019/gridsat_2019.08.06.06.npz,618644,61111bd5fbd7b8a6e77037bcb5d85e258a1e1e33b7653503d123d4edfceb1c2d,2026-09-23T18:47:11.112350+00:00,data/interim/gridsat/2019/gridsat_2019.08.06.06.nc,880601,269b46cb15eea079cbe7209566b1fd89067bba607187c2914b7d83e0d4f4a6f9,2026-09-23T18:47:11.013856+00:00
2019-08-06T09:00:00+00:00,2019,GRIDSAT-B1.2019.08.06.09.v02r01.nc,data/interim/gridsat/2019/gridsat_2019.08.06.09.npz,625230,8e1068dd0bbe000973f07ba8d9669055d686a02415d68490a141ecbafd165295,2026-09-23T18:47:15.160373+00:00,data/interim/gridsat/2019/gridsat_2019.08.06.09.nc,888436,096198cfd3910f6b92892a0b56253d89ff1accffa9684edcc9778001d34ee5bc,2026-09-23T18:47:15.047475+00:00
2019-08-06T12:00:00+00:00,2019,GRIDSAT-B1.2019.08.06.12.v02r01.nc,data/interim/gridsat/2019/gridsat_2019.08.06.12.npz,613135,6c6cfa2b7559b628b8bf3c452b5fdcdfa6f0abff30a9fda86892a882a197fd28,2026-09-23T18:47:21.150695+00:00,data/interim/gridsat/2019/gridsat_2019.08.06.12.nc,875144,2b794857266efb5463e770b6790be262fdd8f60833cc76099e0862c2abec4e2e,2026-09-23T18:47:21.069949+00:00
2019-08-06T15:00:00+00:00,2019,GRIDSAT-B1.2019.08.06.15.v02r01.nc,data/interim/gridsat/2019/gridsat_2019.08.06.15.npz,589705,4fde92c83e9a6fa1df65f43b7c1bb3c964dc99963bc602207389cdd17c91ab36,2026-09-23T18:47:18.778312+00:00,data/interim/gridsat/2019/gridsat_2019.08.06.15.nc,849485,b6b28763abd162e8fd4561bba74454d17d06d45b8fe02e55d9f20fd72c8f0b53,2026-09-23T18:47:18.662727+00:00
2019-08-06T18:00:00+00:00,2019,GRIDSAT-B1.2019.08.06.18.v02r01.nc,data/interim/gridsat/2019/gridsat_2019.08.06.18.npz,590689,2b081fd07fa9b15f3c9468536cb4897c813ed965ee6fecb4b195e60e3dc1dd88,2026-09-23T18:47:34.417017+00:00,data/interim/gridsat/2019/gridsat_2019.08.06.18.nc,850178,e3e23e91213b68753bb1696b96ab7cf290c3665a1d05aefc5a477fbb2192de42,2026-09-23T18:47:34.287299+00:00
2019-08-06T21:00:00+00:00,2019,GRIDSAT-B1.2019.08.06.21.v02r01.nc,data/interim/gridsat/2019/gridsat_2019.08.06.21.npz,596170,674b2b5e625346c51454ce2b0c4b301a9172bb1d58e5e80762fe8659a1632d95,2026-09-23T18:47:59.752517+00:00,data/interim/gridsat/2019/gridsat_2019.08.06.21.nc,859628,746aa9eaac9688a1949589c77d20fcfc54f49101cb74a8b69b38a441a41de8ba,2026-09-23T18:47:59.597139+00:00
2019-08-07T00:00:00+00:00,2019,GRIDSAT-B1.2019.08.07.00.v02r01.nc,data/interim/gridsat/2019/gridsat_2019.08.07.00.npz,600598,1db28215d3ff7b6b0d1ad027ba7297fc68ce6e2e458c47bdb62cace3b0d68bf9,2026-09-23T18:47:40.812713+00:00,data/interim/gridsat/2019/gridsat_2019.08.07.00.nc,866888,06df216cf281019cc949e96df72874941b7097b7568db94c71ffe0788289a382,2026-09-23T18:47:40.700351+00:00
2019-08-07T03:00:00+00:00,2019,GRIDSAT-B1.2019.08.07.03.v02r01.nc,data/interim/gridsat/2019/gridsat_2019.08.07.03.npz,604150,bfebfa45a972399b729eebc81c670a58dc03396c9c27974080aa41c7bcf26e94,2026-09-23T18:47:36.210807+00:00,data/interim/gridsat/2019/gridsat_2019.08.07.03.nc,868398,ca0003534974694acf1e32c2542c1d7a954e184f9d8c7fc1661db2c4ae4678e2,2026-09-23T18:47:36.117039+00:00
2019-08-07T06:00:00+00:00,2019,GRIDSAT-B1.2019.08.07.06.v02r01.nc,data/interim/gridsat/2019/gridsat_2019.08.07.06.npz,619777,31187ed1908ecc26bebad97ec58083ad3ea0ddff511e3e960b5d3034c1bd5e01,2026-09-23T18:47:41.628399+00:00,data/interim/gridsat/2019/gridsat_2019.08.07.06.nc,887207,b75ba788439e1e98b4839b6254f83d5b46f038f860f5d0d338d4e09d8525589d,2026-09-23T18:47:41.508112+00:00
2019-09-21T15:00:00+00:00,2019,GRIDSAT-B1.2019.09.21.15.v02r01.nc,data/interim/gridsat/2019/gridsat_2019.09.21.15.npz,556238,0469ca936e3278ae4b2638de76e3f0c4d7b491aa10bbfe95486567ea73128573,2026-09-23T18:47:33.531926+00:00,data/interim/gridsat/2019/gridsat_2019.09.21.15.nc,804547,5e7d5c43aab45928bef0a15b53cb4ed672b8c3a853b4e35620ef8b071212b54c,2026-09-23T18:47:33.390160+00:00
2019-09-21T18:00:00+00:00,2019,GRIDSAT-B1.2019.09.21.18.v02r01.nc,data/interim/gridsat/2019/gridsat_2019.09.21.18.npz,551726,7ae8b7a63ddfe79a353f9a7e1bf9d40155651aa6a005d820fb040853f3a937f7,2026-09-23T18:48:03.312454+00:00,data/interim/gridsat/2019/gridsat_2019.09.21.18.nc,802387,2f50c360c466b86e94ce7672d863cbe17d2686da37894f3df48fdf297a7c29c3,2026-09-23T18:48:03.229090+00:00
2019-09-21T21:00:00+00:00,2019,GRIDSAT-B1.2019.09.21.21.v02r01.nc,data/interim/gridsat/2019/gridsat_2019.09.21.21.npz,554423,19e68efe0fed1527efc0bf2d334612a9292228df3dd004baa00ffff46b0db2fb,2026-09-23T18:47:54.050548+00:00,data/interim/gridsat/2019/gridsat_2019.09.21.21.nc,807268,ab7a42969848ff5cd00d8edb275739cfcd8d22d0578877800780cef695070bfd,2026-09-23T18:47:53.956239+00:00
2019-09-22T00:00:00+00:00,2019,GRIDSAT-B1.2019.09.22.00.v02r01.nc,data/interim/gridsat/2019/gridsat_2019.09.22.00.npz,555443,dc774c01be8f93e170b94736d9f78e7412f162111bcc3b72be14a72b9599fba0,2026-09-23T18:48:06.298419+00:00,data/interim/gridsat/2019/gridsat_2019.09.22.00.nc,809091,f1e5423f7f88a494eee0658277d96f61c735908d13c53551d80454c989f2d304,2026-09-23T18:48:06.211649+00:00
2019-09-22T03:00:00+00:00,2019,GRIDSAT-B1.2019.09.22.03.v02r01.nc,data/interim/gridsat/2019/gridsat_2019.09.22.03.npz,557306,7e3528afa5422a7ff455b633ab02dd3ffbe8986dd42244ee1bb8db105eda9d14,2026-09-23T18:48:28.777267+00:00,data/interim/gridsat/2019/gridsat_2019.09.22.03.nc,809615,115da56744ddd09f9e634f3d578ba0cf83fa2ecf26f72c3f55ee97dd0e0b39f5,2026-09-23T18:48:28.693925+00:00
2019-09-22T06:00:00+00:00,2019,GRIDSAT-B1.2019.09.22.06.v02r01.nc,data/interim/gridsat/2019/gridsat_2019.09.22.06.npz,587105,1cf3e96fe11e382c696876eaca47eaaf3555230e5948963f7ce4a48b0de33bd2,2026-09-23T18:48:06.235970+00:00,data/interim/gridsat/2019/gridsat_2019.09.22.06.nc,842595,772fe4b3e19f202643f6d9c17f618be739e1dac7e28db8db1803a111da3b5ce0,2026-09-23T18:48:06.144754+00:00
2019-09-22T09:00:00+00:00,2019,GRIDSAT-B1.2019.09.22.09.v02r01.nc,data/interim/gridsat/2019/gridsat_2019.09.22.09.npz,607980,0f43338bec2759fb217474f27feab24e169ed446e951ac07dbff4376ff3410ec,2026-09-23T18:48:03.369404+00:00,data/interim/gridsat/2019/gridsat_2019.09.22.09.nc,870931,c753651e864161c4b0de94f9b0c16779b7c2238ce51f6227aa3b4a4ac77360b6,2026-09-23T18:48:03.284674+00:00
2019-09-22T12:00:00+00:00,2019,GRIDSAT-B1.2019.09.22.12.v02r01.nc,data/interim/gridsat/2019/gridsat_2019.09.22.12.npz,594490,5aaedfc7808a928bc2c5df66044d2272e7d398745f9af0fe0baa1da65dc8039d,2026-09-23T18:48:06.791569+00:00,data/interim/gridsat/2019/gridsat_2019.09.22.12.nc,859629,08700a40cd5eb072b45f1320d9926947ff082ca4f02a9904ee094abdca25002f,2026-09-23T18:48:06.710953+00:00
2019-09-22T15:00:00+00:00,2019,GRIDSAT-B1.2019.09.22.15.v02r01.nc,data/interim/gridsat/2019/gridsat_2019.09.22.15.npz,576062,c05bd40031e181c2ca54ee4e73ebab544335543ed3db721824241b7b8786b891,2026-09-23T18:48:17.617307+00:00,data/interim/gridsat/2019/gridsat_2019.09.22.15.nc,833009,a684bd45d5c408916b0883cb47ef50b69ddf310c3cfba6baffed796642fa4f13,2026-09-23T18:48:17.529797+00:00
2019-09-22T18:00:00+00:00,2019,GRIDSAT-B1.2019.09.22.18.v02r01.nc,data/interim/gridsat/2019/gridsat_2019.09.22.18.npz,577218,e54b95b2e789057b29a865c0d304b9da8d20ae3bc98564bb9589ac338cdc3a1a,2026-09-23T18:48:17.553703+00:00,data/interim/gridsat/2019/gridsat_2019.09.22.18.nc,834125,65f489c3828e71178d31fed20d0e9c08ff74664c56ae9e57ea070dc549bcea88,2026-09-23T18:48:17.472294+00:00
2019-09-22T21:00:00+00:00,2019,GRIDSAT-B1.2019.09.22.21.v02r01.nc,data/interim/gridsat/2019/gridsat_2019.09.22.21.npz,575489,d0b50ed13f515cc39813471abc74c4e2cb7c7d184efa7cc75b4b751a0644f8db,2026-09-23T18:48:45.321640+00:00,data/interim/gridsat/2019/gridsat_2019.09.22.21.nc,837316,cc5ecfef4321a0c3182f8c36f173e8ed9675a33a98e060aac8e4ec3d0de528dd,2026-09-23T18:48:45.235299+00:00
2019-09-23T00:00:00+00:00,2019,GRIDSAT-B1.2019.09.23.00.v02r01.nc,data/interim/gridsat/2019/gridsat_2019.09.23.00.npz,570081,457d96e2438c6aed9e9882ea847be33aa24da601c5395fbf0c46dec6755527f5,2026-09-23T18:48:39.700747+00:00,data/interim/gridsat/2019/gridsat_2019.09.23.00.nc,831459,742ae00702519460e4a57b9a07b6057a9b080e1cdae7da7cd58b9c2bfd5de5ce,2026-09-23T18:48:39.615808+00:00
2019-09-23T03:00:00+00:00,2019,GRIDSAT-B1.2019.09.23.03.v02r01.nc,data/interim/gridsat/2019/gridsat_2019.09.23.03.npz,563956,3e1119c97faf49725aab21d9ba4a67b82dd3e316a66ec81e3437e10864d93613,2026-09-23T18:48:29.277442+00:00,data/interim/gridsat/2019/gridsat_2019.09.23.03.nc,820036,7453894afcd7436aff45595b14c027375caccb2176bb238896132b80df51bc49,2026-09-23T18:48:29.165361+00:00
2019-09-23T06:00:00+00:00,2019,GRIDSAT-B1.2019.09.23.06.v02r01.nc,data/interim/gridsat/2019/gridsat_2019.09.23.06.npz,588812,2ec378f141439e47889f2a78b60fb7ee6125c6204ed44056e4666f60bfa25ddd,2026-09-23T18:48:26.812930+00:00,data/interim/gridsat/2019/gridsat_2019.09.23.06.nc,847022,52cf664fed42a18746f50dfb926f16e3cebe6fb196192da7d65ba7e34b2e3023,2026-09-23T18:48:26.710488+00:00
2019-10-23T15:00:00+00:00,2019,GRIDSAT-B1.2019.10.23.15.v02r01.nc,data/interim/gridsat/2019/gridsat_2019.10.23.15.npz,578641,f2896d9339f002f68f194e0a62d7a4c0d49842113d7c28bae4c687aeaab4a44a,2026-09-23T18:48:29.494531+00:00,data/interim/gridsat/2019/gridsat_2019.10.23.15.nc,830507,d86031a74f46ed2743a923624c9240f016e98123488169a26b61bf86e07e2f69,2026-09-23T18:48:29.412480+00:00
2019-10-23T18:00:00+00:00,2019,GRIDSAT-B1.2019.10.23.18.v02r01.nc,data/interim/gridsat/2019/gridsat_2019.10.23.18.npz,586365,e6a4fa3b2def1c2c7549b0b2b2a3085815b1e846528e815156def83a3a0e8c33,2026-09-23T18:48:39.389929+00:00,data/interim/gridsat/2019/gridsat_2019.10.23.18.nc,839853,5979d7e873215e6c5f507078beb68081792b8e4362cd5a78199c5226e7063f77,2026-09-23T18:48:39.297662+00:00
2019-10-23T21:00:00+00:00,2019,GRIDSAT-B1.2019.10.23.21.v02r01.nc,data/interim/gridsat/2019/gridsat_2019.10.23.21.npz,593292,d9562e55887465f7ecd7f9fc996f98a2c763fad3ac70b3c0ecb8ff820e225984,2026-09-23T18:48:41.506391+00:00,data/interim/gridsat/2019/gridsat_2019.10.23.21.nc,854742,52025d4aee29c1b1710a19e1d097a69c9130dc2099b25635d66e0308f445f91d,2026-09-23T18:48:41.410462+00:00
2019-10-24T00:00:00+00:00,2019,GRIDSAT-B1.2019.10.24.00.v02r01.nc,data/interim/gridsat/2019/gridsat_2019.10.24.00.npz,589645,b8d3ef9193c0dd431cfc29123d0afeea9c6404a33449e1268d9ac9a667d61e97,2026-09-23T18:48:49.429828+00:00,data/interim/gridsat/2019/gridsat_2019.10.24.00.nc,852103,8e67c499dba53099d88409531608ea2446e3a12a68ffc230458f2550f5ccbe0f,2026-09-23T18:48:49.332434+00:00
2019-10-24T03:00:00+00:00,2019,GRIDSAT-B1.2019.10.24.03.v02r01.nc,data/interim/gridsat/2019/gridsat_2019.10.24.03.npz,585070,29f76e42fe2b2f0576ad4395f57356c96391ffe720e19669d69d336d7509ffd8,2026-09-23T18:48:42.196712+00:00,data/interim/gridsat/2019/gridsat_2019.10.24.03.nc,840432,7b3d681a5c2c2f17f5894344186d59eb5bde2b31345fdf5eb21d1318cfd47de8,2026-09-23T18:48:42.096557+00:00
2019-10-24T06:00:00+00:00,2019,GRIDSAT-B1.2019.10.24.06.v02r01.nc,data/interim/gridsat/2019/gridsat_2019.10.24.06.npz,616278,c6fbcadc86616b349a7f47635114012cd4a18d6e1c025dd95a2047e45bbeab9b,2026-09-23T18:48:51.214374+00:00,data/interim/gridsat/2019/gridsat_2019.10.24.06.nc,867358,11e6cb16306ae1c24238ced34b71eb3d7c7c499a949dea19725980750e42f29b,2026-09-23T18:48:51.117226+00:00
2019-10-24T09:00:00+00:00,2019,GRIDSAT-B1.2019.10.24.09.v02r01.nc,data/interim/gridsat/2019/gridsat_2019.10.24.09.npz,634966,1a231bf5c228ef36b233445f5b24cce30518b3a2233d9fe33990afad152caf92,2026-09-23T18:48:48.652975+00:00,data/interim/gridsat/2019/gridsat_2019.10.24.09.nc,892045,2fc1c58a433cda404bd186ed9e278c7878fe310aa852218654230c5c5b104ca7,2026-09-23T18:48:48.569205+00:00
2019-10-24T12:00:00+00:00,2019,GRIDSAT-B1.2019.10.24.12.v02r01.nc,data/interim/gridsat/2019/gridsat_2019.10.24.12.npz,617725,2909da7d207311e66b992a591f3e5d614a23e8e51b7991c687b90c6e78000300,2026-09-23T18:48:52.860473+00:00,data/interim/gridsat/2019/gridsat_2019.10.24.12.nc,878055,24a43e787aeafb618f6d18f3d8aa5ad87d76eedb0dcb3c634d616cbf53d212b2,2026-09-23T18:48:52.751509+00:00
2019-10-24T15:00:00+00:00,2019,GRIDSAT-B1.2019.10.24.15.v02r01.nc,data/interim/gridsat/2019/gridsat_2019.10.24.15.npz,595328,ae832d1a673e82b2975f4fd5fc82a5e637e26d871554f20715477ee804b5c1ff,2026-09-23T18:48:53.054628+00:00,data/interim/gridsat/2019/gridsat_2019.10.24.15.nc,848827,4dea1dadf47f7fc373c6fb7c1c9b7c1b9446942ba63bc6ac1f6fcedd64ee44aa,2026-09-23T18:48:52.957631+00:00
2019-10-24T18:00:00+00:00,2019,GRIDSAT-B1.2019.10.24.18.v02r01.nc,data/interim/gridsat/2019/gridsat_2019.10.24.18.npz,590160,e632d381c77e824113c8682a45659315567a7d1376283148e072a2b86f4356e1,2026-09-23T18:49:01.002590+00:00,data/interim/gridsat/2019/gridsat_2019.10.24.18.nc,849833,63d53ef032bb5be915f6ab6ab2021b21f7f9cc08055ba22efb2e3e979962727a,2026-09-23T18:49:00.915505+00:00
2019-10-24T21:00:00+00:00,2019,GRIDSAT-B1.2019.10.24.21.v02r01.nc,data/interim/gridsat/2019/gridsat_2019.10.24.21.npz,593694,f890d0563e8abe1fdfb63ee634511b1ee16993ccaeeceb7b2ae86c21e04d167d,2026-09-23T18:48:59.314569+00:00,data/interim/gridsat/2019/gridsat_2019.10.24.21.nc,855098,3d3ca7f8325afc94c6e1044ce717b0b657c5554337178afafe5c224e87ae3e41,2026-09-23T18:48:59.228285+00:00
2019-10-25T00:00:00+00:00,2019,GRIDSAT-B1.2019.10.25.00.v02r01.nc,data/interim/gridsat/2019/gridsat_2019.10.25.00.npz,585618,1a7590ec67157710b9ec5b59881d05f919b8e61d67e08a082e7352f3c78fe116,2026-09-23T18:48:58.202677+00:00,data/interim/gridsat/2019/gridsat_2019.10.25.00.nc,843278,7a4e6ee843beb88fb85f6c19c0791464f9f3ac229ab51b21f4755470aed1e3bb,2026-09-23T18:48:58.117059+00:00
2019-10-25T03:00:00+00:00,2019,GRIDSAT-B1.2019.10.25.03.v02r01.nc,data/interim/gridsat/2019/gridsat_2019.10.25.03.npz,576983,7adfcf77c9e0a1afd7028920a4089f55d4396d0d0ead92a804b79c7849c58af3,2026-09-23T18:49:01.478190+00:00,data/interim/gridsat/2019/gridsat_2019.10.25.03.nc,824857,e6db5d6cc5707029cce6cafa53e7058e55eceae07b966bfb881d6fc70fa8a790,2026-09-23T18:49:01.392086+00:00
2019-10-25T06:00:00+00:00,2019,GRIDSAT-B1.2019.10.25.06.v02r01.nc,data/interim/gridsat/2019/gridsat_2019.10.25.06.npz,602490,a92fd262b8d1f51108e3f235a2b53f8c26c0f0f0693b14b8fbd0fc680ad0261a,2026-09-23T18:49:07.448844+00:00,data/interim/gridsat/2019/gridsat_2019.10.25.06.nc,851306,c77ce232ca504f0821470a87056e6226f7a64dbb4c310b0ba1e1e9451b143514,2026-09-23T18:49:07.360428+00:00
2019-10-25T09:00:00+00:00,2019,GRIDSAT-B1.2019.10.25.09.v02r01.nc,data/interim/gridsat/2019/gridsat_2019.10.25.09.npz,615430,5ac6fc013e1ef50563b2fe92c5ea71b4f454bfe9193e4431f2fc228b74a8395f,2026-09-23T18:49:02.575331+00:00,data/interim/gridsat/2019/gridsat_2019.10.25.09.nc,868192,19d36fadd34a48fb3f0c3026285e508b0df68c1308a1527b63bf2c020e564a8b,2026-09-23T18:49:02.490162+00:00
2019-10-25T12:00:00+00:00,2019,GRIDSAT-B1.2019.10.25.12.v02r01.nc,data/interim/gridsat/2019/gridsat_2019.10.25.12.npz,599030,1cc6b7d1b308b00a3f7aed7c32d7e9e89ef32e10d739e71824edd8680e8d7910,2026-09-23T18:49:11.706459+00:00,data/interim/gridsat/2019/gridsat_2019.10.25.12.nc,852401,47a72046701f1e7b4b2e60b9b264771a555e4f987e2f0c3124669ba8c80d1ef9,2026-09-23T18:49:11.616882+00:00
2019-10-25T15:00:00+00:00,2019,GRIDSAT-B1.2019.10.25.15.v02r01.nc,data/interim/gridsat/2019/gridsat_2019.10.25.15.npz,580774,f8365c3a824f954ac3756ec590da9b5ed704edd1e898aa45d9df9485e573ee6e,2026-09-23T18:49:10.054371+00:00,data/interim/gridsat/2019/gridsat_2019.10.25.15.nc,825946,a8d11418163e50793b3f27d065db7144fedd1d7905ede39ffea804c27722aca3,2026-09-23T18:49:09.967318+00:00
2019-10-25T18:00:00+00:00,2019,GRIDSAT-B1.2019.10.25.18.v02r01.nc,data/interim/gridsat/2019/gridsat_2019.10.25.18.npz,572610,b9ada086b7c091cfce6893a80b3bdfecb2682eea51478dfcca40001fb907faf6,2026-09-23T18:49:58.033967+00:00,data/interim/gridsat/2019/gridsat_2019.10.25.18.nc,818068,3cb736dc1b5ea765f1ab083e9769bd0a17a29aa60538b1a9b338981e78b2fc96,2026-09-23T18:49:57.951048+00:00
2019-10-25T21:00:00+00:00,2019,GRIDSAT-B1.2019.10.25.21.v02r01.nc,data/interim/gridsat/2019/gridsat_2019.10.25.21.npz,571162,c736cd823b9f02d435b9aeb79c08d1b5cc7307bfeaa742d8a1200a2d0d3ae023,2026-09-23T18:49:16.033443+00:00,data/interim/gridsat/2019/gridsat_2019.10.25.21.nc,817508,005cedc543df234454e221203decfd86057aa22343e7987bab32c74544139982,2026-09-23T18:49:15.936050+00:00
2019-10-26T00:00:00+00:00,2019,GRIDSAT-B1.2019.10.26.00.v02r01.nc,data/interim/gridsat/2019/gridsat_2019.10.26.00.npz,560010,7a5fbfa1a3a5f796e2e332597a9a0f91a8b2f26fbcda274f8e782f3ccde291ee,2026-09-23T18:49:16.568917+00:00,data/interim/gridsat/2019/gridsat_2019.10.26.00.nc,805771,08d864963fca3cf6b954cdadf08364dde0de6142ee44faa6d1ee215caffefd67,2026-09-23T18:49:16.486037+00:00
2019-10-26T03:00:00+00:00,2019,GRIDSAT-B1.2019.10.26.03.v02r01.nc,data/interim/gridsat/2019/gridsat_2019.10.26.03.npz,558424,4289290fb71dbb452b3a884a7bc17eaf77df8f0729ce1f21153ca366c054875b,2026-09-23T18:49:24.936094+00:00,data/interim/gridsat/2019/gridsat_2019.10.26.03.nc,802774,770675ccd88c546bc2fa470a2bb8d9d25656778cd6bab46c05696f2448ddabd6,2026-09-23T18:49:24.830304+00:00
2019-10-26T06:00:00+00:00,2019,GRIDSAT-B1.2019.10.26.06.v02r01.nc,data/interim/gridsat/2019/gridsat_2019.10.26.06.npz,586501,c7d9a8d988aca728d035ca16cd54cad527495888dbb0e060bbb58f2073ab13ee,2026-09-23T18:49:22.654710+00:00,data/interim/gridsat/2019/gridsat_2019.10.26.06.nc,828517,28b755f04ee5d0a51d602eb77f070006646dd8e204b57370e44f865dfb2d3454,2026-09-23T18:49:22.563001+00:00
2019-10-26T09:00:00+00:00,2019,GRIDSAT-B1.2019.10.26.09.v02r01.nc,data/interim/gridsat/2019/gridsat_2019.10.26.09.npz,607411,d5709a0df74fd228a7ef0609080d23fae59a305fda2b60267e6dfc006e02a1c2,2026-09-23T18:49:23.832360+00:00,data/interim/gridsat/2019/gridsat_2019.10.26.09.nc,850281,0f7c759c2a64d06843d410ea349c9d632e87ad9da57dd1b1f3074bc55f1f2c04,2026-09-23T18:49:23.752022+00:00
2019-10-26T12:00:00+00:00,2019,GRIDSAT-B1.2019.10.26.12.v02r01.nc,data/interim/gridsat/2019/gridsat_2019.10.26.12.npz,589911,52aabc4329f996e682f4d8fb1c662138b3fab322801429980990739cd4448883,2026-09-23T18:53:01.196953+00:00,data/interim/gridsat/2019/gridsat_2019.10.26.12.nc,832254,ebdd76fa888744d5bdff4ac64a3fc15c8a1becf01ebd8237eee6485576768213,2026-09-23T18:53:01.109710+00:00
2019-10-26T15:00:00+00:00,2019,GRIDSAT-B1.2019.10.26.15.v02r01.nc,data/interim/gridsat/2019/gridsat_2019.10.26.15.npz,571548,773ddec6ece86f2f92b792d73578f4364f59547dd563229d4518190e3ffc070b,2026-09-23T18:52:16.753994+00:00,data/interim/gridsat/2019/gridsat_2019.10.26.15.nc,810314,9ebb3b9501290aa7ec20c9652c92c207d40de8b9f8377b49b4aabb8f48fa8d03,2026-09-23T18:52:16.655807+00:00
2019-10-26T18:00:00+00:00,2019,GRIDSAT-B1.2019.10.26.18.v02r01.nc,data/interim/gridsat/2019/gridsat_2019.10.26.18.npz,564405,e7e6899a0f5ce3943e2f6bce7958ad99e7de9e66dc257e39e9faa314a2c5f6a5,2026-09-23T18:53:06.091451+00:00,data/interim/gridsat/2019/gridsat_2019.10.26.18.nc,804403,89e6d05fd248d4df28f09c770ba70ad92edc1e2c5452caad2f3dfdbbc0c7dbdb,2026-09-23T18:53:05.988041+00:00
2019-10-26T21:00:00+00:00,2019,GRIDSAT-B1.2019.10.26.21.v02r01.nc,data/interim/gridsat/2019/gridsat_2019.10.26.21.npz,567220,158644aa93b8a40f3478090654098a4b605ec419afeb89acd0364c864348ff5a,2026-09-23T18:53:53.535904+00:00,data/interim/gridsat/2019/gridsat_2019.10.26.21.nc,810895,e7e6ee434c8a90258cb67467c9b5871134d5bd3db637ade5484b25d701854f0f,2026-09-23T18:53:53.432885+00:00
2019-10-27T00:00:00+00:00,2019,GRIDSAT-B1.2019.10.27.00.v02r01.nc,data/interim/gridsat/2019/gridsat_2019.10.27.00.npz,564018,1c29cc2d402626581d1fb80ae1e9394016d86b2ce43065f072c2b9619683637d,2026-09-23T18:54:59.914351+00:00,data/interim/gridsat/2019/gridsat_2019.10.27.00.nc,809685,7f70870e7b20cafb1e175e088cb25c33c6a6d2c8cf5e65fd748c9024756938fe,2026-09-23T18:54:59.820388+00:00
2019-10-27T03:00:00+00:00,2019,GRIDSAT-B1.2019.10.27.03.v02r01.nc,data/interim/gridsat/2019/gridsat_2019.10.27.03.npz,563409,337b64809a532148878da09c4c77f6410537da1e811f31ed9914f3a6a9456759,2026-09-23T18:53:15.856390+00:00,data/interim/gridsat/2019/gridsat_2019.10.27.03.nc,804716,b55e5df7b766e17b14d8767d090844f2e94b8a6d82aabde7df80b50e11ed4f32,2026-09-23T18:53:15.773113+00:00
2019-10-27T06:00:00+00:00,2019,GRIDSAT-B1.2019.10.27.06.v02r01.nc,data/interim/gridsat/2019/gridsat_2019.10.27.06.npz,590059,41a172b200cec90faab32586d5fec609300797d1e013f39a81a39ab6f3240f51,2026-09-23T18:55:05.936612+00:00,data/interim/gridsat/2019/gridsat_2019.10.27.06.nc,831761,3d098ea2fd0ef4371376436dcdc5349bf3b7c1187ee9fa8adc22c72077aec6f1,2026-09-23T18:55:05.802776+00:00
2019-10-27T09:00:00+00:00,2019,GRIDSAT-B1.2019.10.27.09.v02r01.nc,data/interim/gridsat/2019/gridsat_2019.10.27.09.npz,610755,902cdc5f66c9db5da0d0074e0b2e5d0211250f7c7ac44502bfadd1a5f4af9594,2026-09-23T18:55:10.241058+00:00,data/interim/gridsat/2019/gridsat_2019.10.27.09.nc,851606,745f5a65fe17c98e327f81e1f1c8ba3cf9352506697a7e8b9b42b5d154f2239b,2026-09-23T18:55:10.141021+00:00
2019-10-27T12:00:00+00:00,2019,GRIDSAT-B1.2019.10.27.12.v02r01.nc,data/interim/gridsat/2019/gridsat_2019.10.27.12.npz,588199,32ed19730f824cb928bbfdc5b85a7297f95ae5a01264c8fa8aa9ff6fa7865b64,2026-09-23T18:55:12.738990+00:00,data/interim/gridsat/2019/gridsat_2019.10.27.12.nc,833106,9485d5b4e4e6926cb8ad6d83d448a5705ee8cb0b6221e59766fbe7ac8ddaf780,2026-09-23T18:55:12.601300+00:00
2019-10-27T15:00:00+00:00,2019,GRIDSAT-B1.2019.10.27.15.v02r01.nc,data/interim/gridsat/2019/gridsat_2019.10.27.15.npz,564981,3a05f385a644aa6611f96e3d382699fa58fa0896952d3c5c56e70480ed5c180e,2026-09-23T18:55:03.975137+00:00,data/interim/gridsat/2019/gridsat_2019.10.27.15.nc,803403,d2bd817b48331ac7a03a49e2b9a0919b518d09d6fb952193cad59111c94d3e0a,2026-09-23T18:55:03.874503+00:00
2019-10-27T18:00:00+00:00,2019,GRIDSAT-B1.2019.10.27.18.v02r01.nc,data/interim/gridsat/2019/gridsat_2019.10.27.18.npz,559498,a831cf8d9f62847f17fbd9e23500c97468333ae5bc7bac099fb05949eb282a05,2026-09-23T18:57:01.103400+00:00,data/interim/gridsat/2019/gridsat_2019.10.27.18.nc,801634,af7612c2791690e50532bce50ee4a88abe7d604217d867f35ca6c12649ef07ff,2026-09-23T18:57:01.013017+00:00
2019-10-27T21:00:00+00:00,2019,GRIDSAT-B1.2019.10.27.21.v02r01.nc,data/interim/gridsat/2019/gridsat_2019.10.27.21.npz,562646,96392ceeef0a3d4b71dc80a904ee8421d5cd98d9db5d30395f895aba17975c5b,2026-09-23T18:56:29.437879+00:00,data/interim/gridsat/2019/gridsat_2019.10.27.21.nc,808289,1faa5d92e8aeebc2dd6258b0d301dfb16c80c2c4a80588f64c6f01130c06a1f5,2026-09-23T18:56:29.346726+00:00
2019-10-28T00:00:00+00:00,2019,GRIDSAT-B1.2019.10.28.00.v02r01.nc,data/interim/gridsat/2019/gridsat_2019.10.28.00.npz,561709,7a3a9f0fec3ffcfcdc7c81ec6efd68a90e2c75c9ba7117f7990207cdae5f6c78,2026-09-23T18:57:50.789451+00:00,data/interim/gridsat/2019/gridsat_2019.10.28.00.nc,805831,245bec08e4ecf6b0f84dfea47d029f125fa3f1cb4b6b7d3c473567acda15e44a,2026-09-23T18:57:50.703155+00:00
2019-10-28T03:00:00+00:00,2019,GRIDSAT-B1.2019.10.28.03.v02r01.nc,data/interim/gridsat/2019/gridsat_2019.10.28.03.npz,564323,e506e77482274dccac2dca4b1b68065e3d5691e7acc7f4debd6ba8a6c5028a99,2026-09-23T18:56:56.749293+00:00,data/interim/gridsat/2019/gridsat_2019.10.28.03.nc,803215,9c3b9d53f8c379a830a504f92069fc7f4ca0406023f8001f56b5b356b98826bb,2026-09-23T18:56:56.648439+00:00
2019-10-28T06:00:00+00:00,2019,GRIDSAT-B1.2019.10.28.06.v02r01.nc,data/interim/gridsat/2019/gridsat_2019.10.28.06.npz,593769,3d16980202c6ca17236a274cb9f9b7d13dce212ae40562724994c64f069e2729,2026-09-23T18:56:30.903709+00:00,data/interim/gridsat/2019/gridsat_2019.10.28.06.nc,827251,f4c93666bf32c71066ff35aa271e25f270242de9824b926f3f817930058b68ed,2026-09-23T18:56:30.812516+00:00
2019-10-28T09:00:00+00:00,2019,GRIDSAT-B1.2019.10.28.09.v02r01.nc,data/interim/gridsat/2019/gridsat_2019.10.28.09.npz,613035,3d73cc93d249be0151df679963a159cde383e5a93b1fec83f80cc3139482ff90,2026-09-23T18:56:19.628590+00:00,data/interim/gridsat/2019/gridsat_2019.10.28.09.nc,850772,2fa7316bc68f41def17c5be12377835a814b87e1548400ea1f85c2601ac5bc60,2026-09-23T18:56:19.534405+00:00
2019-10-28T12:00:00+00:00,2019,GRIDSAT-B1.2019.10.28.12.v02r01.nc,data/interim/gridsat/2019/gridsat_2019.10.28.12.npz,591046,90216bd38853238961a22a071a2dc5cf9c840dd4c0f2f9ee7b0e27a159d88113,2026-09-23T18:57:47.909730+00:00,data/interim/gridsat/2019/gridsat_2019.10.28.12.nc,832616,c249753390abd698d005157d2e31bc3a693f0f5f81a5573cfbfb106c0e958f93,2026-09-23T18:57:47.812368+00:00
2019-10-28T15:00:00+00:00,2019,GRIDSAT-B1.2019.10.28.15.v02r01.nc,data/interim/gridsat/2019/gridsat_2019.10.28.15.npz,566832,493c6dbaf6ee3ae2ef6ff348141fd3fd234ae8809eb25d2b645ea3abcb9f2720,2026-09-23T18:57:55.056027+00:00,data/interim/gridsat/2019/gridsat_2019.10.28.15.nc,800504,929593dd53ec4cc39397985cf773e0db1985b7041db2297f0f7fa1a9a109740a,2026-09-23T18:57:54.949084+00:00
2019-10-28T18:00:00+00:00,2019,GRIDSAT-B1.2019.10.28.18.v02r01.nc,data/interim/gridsat/2019/gridsat_2019.10.28.18.npz,559322,7289d5100abd6222f47d383b59f0a0c745a3e5342447783ca23c5056d85501c1,2026-09-23T18:58:01.831938+00:00,data/interim/gridsat/2019/gridsat_2019.10.28.18.nc,798290,d049ffa626acaea792e6091ab5f4b9d3d6268619a1637dfe887b67fb2b0eab1a,2026-09-23T18:58:01.747524+00:00
2019-10-28T21:00:00+00:00,2019,GRIDSAT-B1.2019.10.28.21.v02r01.nc,data/interim/gridsat/2019/gridsat_2019.10.28.21.npz,561759,39855c83f2b0929a608f2e294ba2a1d79a92f3f4a8a8c2c04ed9ae8d070e7cbd,2026-09-23T18:57:58.019216+00:00,data/interim/gridsat/2019/gridsat_2019.10.28.21.nc,804017,96044c3126cb9a69fe49a8ebaf364c3de65fc45ff37adfd2387cf008fb4caddd,2026-09-23T18:57:57.929735+00:00
2019-10-29T00:00:00+00:00,2019,GRIDSAT-B1.2019.10.29.00.v02r01.nc,data/interim/gridsat/2019/gridsat_2019.10.29.00.npz,556802,b9808351da1a894955672937233ac37a10ae6c235f6c9bfe98723a91fb403105,2026-09-23T18:57:56.550905+00:00,data/interim/gridsat/2019/gridsat_2019.10.29.00.nc,801821,b6d9e072189d761cadc7d2b1a72d5cb35bc9cd8e91723e5abe004ce297a3f023,2026-09-23T18:57:56.452447+00:00
2019-10-29T03:00:00+00:00,2019,GRIDSAT-B1.2019.10.29.03.v02r01.nc,data/interim/gridsat/2019/gridsat_2019.10.29.03.npz,553387,c75a19be77dde286d96aa9df28bc2d6195820ab8b0516cf282eb9556eb1054ce,2026-09-23T18:57:55.616411+00:00,data/interim/gridsat/2019/gridsat_2019.10.29.03.nc,789842,541ca19bbff2440f01db7c71d2636497720ffb041eb69a4db1f64ccf1b9ae34d,2026-09-23T18:57:55.532942+00:00
2019-10-29T06:00:00+00:00,2019,GRIDSAT-B1.2019.10.29.06.v02r01.nc,data/interim/gridsat/2019/gridsat_2019.10.29.06.npz,576932,517f021b3c2cd7c42c5e53175986978006a910a8386f28107aff79bebe0b791f,2026-09-23T18:58:02.756164+00:00,data/interim/gridsat/2019/gridsat_2019.10.29.06.nc,808978,588a4a31ae72db36c1e1370b8ac8327481ae4b7250e1e95f346ec6ad0080175f,2026-09-23T18:58:02.672112+00:00
2019-10-29T09:00:00+00:00,2019,GRIDSAT-B1.2019.10.29.09.v02r01.nc,data/interim/gridsat/2019/gridsat_2019.10.29.09.npz,597183,8f690bce4f602c897bef463252432c829c5ed8caaa37cd50490f895a81f0e835,2026-09-23T18:58:17.755606+00:00,data/interim/gridsat/2019/gridsat_2019.10.29.09.nc,835376,8db9e9984f9f833fbc3fb4fc298c4a5627cbfa5abafecbeadb2f4cf35d8f48ed,2026-09-23T18:58:17.669047+00:00
2019-10-29T12:00:00+00:00,2019,GRIDSAT-B1.2019.10.29.12.v02r01.nc,data/interim/gridsat/2019/gridsat_2019.10.29.12.npz,578918,8c941087ecb2e938003165de783ad20812f679ebbe000bcaaf112c99683d7999,2026-09-23T18:58:09.213420+00:00,data/interim/gridsat/2019/gridsat_2019.10.29.12.nc,821389,58de7a032cad2d8e226766b36678c842f14107ef06a06d67d1db8df93236b679,2026-09-23T18:58:09.125582+00:00
2019-10-29T15:00:00+00:00,2019,GRIDSAT-B1.2019.10.29.15.v02r01.nc,data/interim/gridsat/2019/gridsat_2019.10.29.15.npz,555474,546f58de9d0f93bd3499921f81b2e7f80f7b3cd9db6433365f07c16efe3e927b,2026-09-23T18:58:42.756191+00:00,data/interim/gridsat/2019/gridsat_2019.10.29.15.nc,789617,29ba69e66dda3be4dfa6c38706989d797bc668772ce8a38985426fe416b15ac5,2026-09-23T18:58:42.666695+00:00
2019-10-29T18:00:00+00:00,2019,GRIDSAT-B1.2019.10.29.18.v02r01.nc,data/interim/gridsat/2019/gridsat_2019.10.29.18.npz,553226,bc8943ac0251bc7482b46f1ddda860f39a96cade570c09ff5078485cd10af8d1,2026-09-23T18:58:24.914685+00:00,data/interim/gridsat/2019/gridsat_2019.10.29.18.nc,792486,80a07357be935994314f4c5b89fc6bd64d010e39f442b4503640c637e0e6734e,2026-09-23T18:58:24.824435+00:00
2019-10-29T21:00:00+00:00,2019,GRIDSAT-B1.2019.10.29.21.v02r01.nc,data/interim/gridsat/2019/gridsat_2019.10.29.21.npz,556922,f80896cdef385d05c900673b42540b2b4a1ffceaf90c7dfb6efd73aa57a02c66,2026-09-23T18:58:09.609346+00:00,data/interim/gridsat/2019/gridsat_2019.10.29.21.nc,801978,6bd474c60f3a7c918cbb02896fe3ff561f3285bca1d58848853ce2af7b52c6c7,2026-09-23T18:58:09.521558+00:00
2019-10-30T00:00:00+00:00,2019,GRIDSAT-B1.2019.10.30.00.v02r01.nc,data/interim/gridsat/2019/gridsat_2019.10.30.00.npz,555560,2e03cdddb339216dca6d3fafd98266ec9f15c6d58480917aeb7e7a043674a20e,2026-09-23T18:58:15.221757+00:00,data/interim/gridsat/2019/gridsat_2019.10.30.00.nc,801239,b09995fa2dd12397f65da691d1f9e73d488fd9db9082079afc14d99a34d84e50,2026-09-23T18:58:15.136978+00:00
2019-10-30T03:00:00+00:00,2019,GRIDSAT-B1.2019.10.30.03.v02r01.nc,data/interim/gridsat/2019/gridsat_2019.10.30.03.npz,554482,da559de699442513f03dd504abf203a9fe783418ef49b1232ce3add0c293a9a1,2026-09-23T18:58:25.332738+00:00,data/interim/gridsat/2019/gridsat_2019.10.30.03.nc,795958,8eb74ac63035971f208746fd4d621128c8256a3a732f5676350870238e5d88bb,2026-09-23T18:58:25.192408+00:00
2019-10-30T06:00:00+00:00,2019,GRIDSAT-B1.2019.10.30.06.v02r01.nc,data/interim/gridsat/2019/gridsat_2019.10.30.06.npz,582983,8232f04d8eacb5ee4d89fb825d7a58e820d0074cd4fea736ad8badb4018016b7,2026-09-23T18:58:16.512538+00:00,data/interim/gridsat/2019/gridsat_2019.10.30.06.nc,818233,82415dceedeae037f1c81c622051d2223ff7e34dfd207499901364b1d1ced054,2026-09-23T18:58:16.407919+00:00
2019-10-30T09:00:00+00:00,2019,GRIDSAT-B1.2019.10.30.09.v02r01.nc,data/interim/gridsat/2019/gridsat_2019.10.30.09.npz,606868,9c17f6573d755a66c8b80ec1e5f26b3041b1bacedfe4cf1671bbe8d244740995,2026-09-23T18:58:22.824553+00:00,data/interim/gridsat/2019/gridsat_2019.10.30.09.nc,849947,17f5aa2fd2087fdb79c9a26827429505d8dd1bdad172680ba29e0a37d11a29a9,2026-09-23T18:58:22.734127+00:00
2019-10-30T12:00:00+00:00,2019,GRIDSAT-B1.2019.10.30.12.v02r01.nc,data/interim/gridsat/2019/gridsat_2019.10.30.12.npz,587317,88ba4b029dbee1dbdcf81093bfc4a011fc254d10d75b8de8b4b44b649d86f45b,2026-09-23T18:58:25.775720+00:00,data/interim/gridsat/2019/gridsat_2019.10.30.12.nc,833111,ddce237f958ca5f0c5e523f33f8ba6949cfa92b44c4c46dd91c838d332a3a5ea,2026-09-23T18:58:25.675070+00:00
2019-10-30T15:00:00+00:00,2019,GRIDSAT-B1.2019.10.30.15.v02r01.nc,data/interim/gridsat/2019/gridsat_2019.10.30.15.npz,574287,b28595e46041901c3115cb24b71c70d19da95b1ff5196533632bcb3ed58ce64c,2026-09-23T18:59:02.148501+00:00,data/interim/gridsat/2019/gridsat_2019.10.30.15.nc,815324,0283c7cf117ebfd673178de70bf5557200c6151aae8e4c5b719091d9315cb012,2026-09-23T18:59:02.023367+00:00
2019-10-30T18:00:00+00:00,2019,GRIDSAT-B1.2019.10.30.18.v02r01.nc,data/interim/gridsat/2019/gridsat_2019.10.30.18.npz,575379,348f780a3ce2f6100a0a93dbd6d1227ee8de05b50ee90cdebb614d52ea81f73d,2026-09-23T18:58:34.220525+00:00,data/interim/gridsat/2019/gridsat_2019.10.30.18.nc,819298,2ea0af837ec612df738947be30e59ad9facd734745bd3830608016f038c3c2f4,2026-09-23T18:58:34.136187+00:00
2019-10-30T21:00:00+00:00,2019,GRIDSAT-B1.2019.10.30.21.v02r01.nc,data/interim/gridsat/2019/gridsat_2019.10.30.21.npz,573786,a7faaa6e6b262df1baa50a2af9db2b9bca8073659b5e508fa6407d0de36f0108,2026-09-23T18:59:02.837662+00:00,data/interim/gridsat/2019/gridsat_2019.10.30.21.nc,818517,419ba77ddb7b5f1ee471d4802baac8025a65822e6c592b40e941e711e393e83a,2026-09-23T18:59:02.750781+00:00
2019-10-31T00:00:00+00:00,2019,GRIDSAT-B1.2019.10.31.00.v02r01.nc,data/interim/gridsat/2019/gridsat_2019.10.31.00.npz,561052,90fb63988e35e0d75c49839357ed8a78e6a8420e5e56d56afd751f7d5ef0752a,2026-09-23T18:58:47.722034+00:00,data/interim/gridsat/2019/gridsat_2019.10.31.00.nc,807773,11501e0ba0e1611b9899f7cb68468a672e31470201e651342bd4c20ff6fa09cc,2026-09-23T18:58:47.634155+00:00
2019-10-31T03:00:00+00:00,2019,GRIDSAT-B1.2019.10.31.03.v02r01.nc,data/interim/gridsat/2019/gridsat_2019.10.31.03.npz,549158,b810f6baff1edd511850d65bf377585a702795a212d49a9700598f8a15a8a3ca,2026-09-23T18:58:45.334450+00:00,data/interim/gridsat/2019/gridsat_2019.10.31.03.nc,792871,374afd3e3cb3a29b35f58484ce6d3faf52509fbff3bea3b44c3d94f447827495,2026-09-23T18:58:45.233986+00:00
2019-10-31T06:00:00+00:00,2019,GRIDSAT-B1.2019.10.31.06.v02r01.nc,data/interim/gridsat/2019/gridsat_2019.10.31.06.npz,579220,d6f7182bdc5b10bb679b50a928044cce03ff395eca9543ef89bd45d175b62522,2026-09-23T18:58:52.178248+00:00,data/interim/gridsat/2019/gridsat_2019.10.31.06.nc,817875,830772a4b5c57502b478357845f0897b4000f043bff7efcdfdf7d1c2cc8ab0ad,2026-09-23T18:58:52.077978+00:00
2019-10-31T09:00:00+00:00,2019,GRIDSAT-B1.2019.10.31.09.v02r01.nc,data/interim/gridsat/2019/gridsat_2019.10.31.09.npz,605755,1af19c1c00dc3bc004d7b58e406d21895b28eafd4404e663c568eec7ba2f1447,2026-09-23T18:58:57.415732+00:00,data/interim/gridsat/2019/gridsat_2019.10.31.09.nc,850607,8712462bb7c8139564d1a08e1b1d812dda2d0a136d7767885dbff8d44af88f1a,2026-09-23T18:58:57.317087+00:00
2019-10-31T12:00:00+00:00,2019,GRIDSAT-B1.2019.10.31.12.v02r01.nc,data/interim/gridsat/2019/gridsat_2019.10.31.12.npz,584838,8ca1400b2f0f9b0cc7adf8aef1cc7d231f0f6dbb1a10abb636502a5b4e9ad48f,2026-09-23T18:59:10.932237+00:00,data/interim/gridsat/2019/gridsat_2019.10.31.12.nc,831100,93f8f4e0039dd06fde9753094a88fe934f614ba6db50574b2d69a4e7c0f4b660,2026-09-23T18:59:10.837602+00:00
2019-10-31T15:00:00+00:00,2019,GRIDSAT-B1.2019.10.31.15.v02r01.nc,data/interim/gridsat/2019/gridsat_2019.10.31.15.npz,567466,ef89abf0e01c186c254b4c6996a50fad2ae90d654ad0cd9052b18221677065a3,2026-09-23T18:58:59.175693+00:00,data/interim/gridsat/2019/gridsat_2019.10.31.15.nc,807452,44191f2bf38ebb0d64b0f190a57d3604b4929a97669b7add0deab3592fbf7248,2026-09-23T18:58:59.055130+00:00
2019-11-04T09:00:00+00:00,2019,GRIDSAT-B1.2019.11.04.09.v02r01.nc,data/interim/gridsat/2019/gridsat_2019.11.04.09.npz,579648,d16aca2bd29894cf2607180ab76063c78a0be4034eb3ede618854784fce7191e,2026-09-23T18:59:00.146170+00:00,data/interim/gridsat/2019/gridsat_2019.11.04.09.nc,811971,0d3d8c02fe2fea8117200f47afad4dbe64a3aee5ded35d394c6651d241e6a0d7,2026-09-23T18:59:00.062428+00:00
2019-11-04T12:00:00+00:00,2019,GRIDSAT-B1.2019.11.04.12.v02r01.nc,data/interim/gridsat/2019/gridsat_2019.11.04.12.npz,550227,66a11354bbeefb49228b33127979e90657b85a13ad9a7b7a109689edd701e5b3,2026-09-23T18:59:16.490227+00:00,data/interim/gridsat/2019/gridsat_2019.11.04.12.nc,781865,fa18b35f933e5d0723f11c6e5f939614dcc44e55495bb41f3f136966ba2b1a76,2026-09-23T18:59:16.368553+00:00
2019-11-04T15:00:00+00:00,2019,GRIDSAT-B1.2019.11.04.15.v02r01.nc,data/interim/gridsat/2019/gridsat_2019.11.04.15.npz,532820,432d538ee062737117dcd1716b61ec7eea5989273531839109d49e16cb1a1da5,2026-09-23T18:59:09.692076+00:00,data/interim/gridsat/2019/gridsat_2019.11.04.15.nc,762080,4002566651699e787c9f99440b44e3d341956f760e4af23e056b17f2d8e098ba,2026-09-23T18:59:09.615429+00:00
2019-11-04T18:00:00+00:00,2019,GRIDSAT-B1.2019.11.04.18.v02r01.nc,data/interim/gridsat/2019/gridsat_2019.11.04.18.npz,532451,c7f96d7be277e228b79257ece79aabcf32d3f7ceabf126ba736a7ab91bacea13,2026-09-23T18:59:07.108635+00:00,data/interim/gridsat/2019/gridsat_2019.11.04.18.nc,768297,e22fca0fd9a85f9977eacdb330f3f31fdd48776b6bc19eb2f2279b4d01950e99,2026-09-23T18:59:07.029272+00:00
2019-11-04T21:00:00+00:00,2019,GRIDSAT-B1.2019.11.04.21.v02r01.nc,data/interim/gridsat/2019/gridsat_2019.11.04.21.npz,534058,6add5b5f787487ccfdba71787548df9ad8f3905e93ea2b2623d3dbc6d8477ce5,2026-09-23T18:59:17.604334+00:00,data/interim/gridsat/2019/gridsat_2019.11.04.21.nc,772665,fcb10b432837fa62c12db33b3681e7fa517c5821e51dc6940842a34eb4326c96,2026-09-23T18:59:17.519300+00:00
2019-11-05T00:00:00+00:00,2019,GRIDSAT-B1.2019.11.05.00.v02r01.nc,data/interim/gridsat/2019/gridsat_2019.11.05.00.npz,525513,f851e78c9e62720a13bf692e717a7d09b26d94c8135c8cf50209dd701622c2fe,2026-09-23T18:59:13.316856+00:00,data/interim/gridsat/2019/gridsat_2019.11.05.00.nc,761204,050cf649bfc15fcc0fd98edf502ba0b745f2b03382e6dd50cdd265c5a4ea045c,2026-09-23T18:59:13.233432+00:00
2019-11-05T03:00:00+00:00,2019,GRIDSAT-B1.2019.11.05.03.v02r01.nc,data/interim/gridsat/2019/gridsat_2019.11.05.03.npz,520455,37a12bb526eeef3c2b2e8ba3777c8a1eaaf2f75697c36fe9b14fb4f13ed71c2c,2026-09-23T18:59:15.770040+00:00,data/interim/gridsat/2019/gridsat_2019.11.05.03.nc,748518,2040d06e15e99efba037b57459ad35746f5519a90aa0e9594f4ddd498a7f232d,2026-09-23T18:59:15.689900+00:00
2019-11-05T06:00:00+00:00,2019,GRIDSAT-B1.2019.11.05.06.v02r01.nc,data/interim/gridsat/2019/gridsat_2019.11.05.06.npz,550108,f0511294a7d4ea0a3492f9a4d7f47a8ac06dc5033688280711810f98974becca,2026-09-23T18:59:17.549116+00:00,data/interim/gridsat/2019/gridsat_2019.11.05.06.nc,773993,844e9106c5e15e2da0e4b2f37e35c851352ce96833e42094ae28e4c359e23493,2026-09-23T18:59:17.455511+00:00
2019-11-05T09:00:00+00:00,2019,GRIDSAT-B1.2019.11.05.09.v02r01.nc,data/interim/gridsat/2019/gridsat_2019.11.05.09.npz,571723,6ad5275c87a1cd678e61dff6aaf45b985dc653e813b365dc6a91b52a815b4ac1,2026-09-23T18:59:21.357260+00:00,data/interim/gridsat/2019/gridsat_2019.11.05.09.nc,800212,c1474c86ec20dca255d8620a3c55118c2e1f9bcd7080f334b7fd05ef96ed649a,2026-09-23T18:59:21.262365+00:00
2019-11-05T12:00:00+00:00,2019,GRIDSAT-B1.2019.11.05.12.v02r01.nc,data/interim/gridsat/2019/gridsat_2019.11.05.12.npz,543602,57d31a210404f25c043516b9b724763b1d2485c7a41dfa94df3341bb641d72fc,2026-09-23T18:59:37.568475+00:00,data/interim/gridsat/2019/gridsat_2019.11.05.12.nc,773733,e5362fa0ad7fb40c3836224f218948cef6fb74f583b74f12c405dd288a630355,2026-09-23T18:59:37.476111+00:00
2019-11-05T15:00:00+00:00,2019,GRIDSAT-B1.2019.11.05.15.v02r01.nc,data/interim/gridsat/2019/gridsat_2019.11.05.15.npz,533898,6bb606cd8d380da81a922efa68206257597bd4ddd803dfd693113971b3f11463,2026-09-23T18:59:26.370455+00:00,data/interim/gridsat/2019/gridsat_2019.11.05.15.nc,760281,8951bfa5f04d1a34d6c0eae5f8185a896bf106ddfde70628ccde73a2940f0b11,2026-09-23T18:59:26.254102+00:00
2019-11-05T18:00:00+00:00,2019,GRIDSAT-B1.2019.11.05.18.v02r01.nc,data/interim/gridsat/2019/gridsat_2019.11.05.18.npz,532945,5d066989b64d7e65a8e8020a71a6c5387c7fa7a0e137a445aba8caec01adc345,2026-09-23T18:59:24.794594+00:00,data/interim/gridsat/2019/gridsat_2019.11.05.18.nc,765209,2b01775801de1833b34ff54220402526a88a24e197dd9fbfa01769bc175a5680,2026-09-23T18:59:24.705527+00:00
2019-11-05T21:00:00+00:00,2019,GRIDSAT-B1.2019.11.05.21.v02r01.nc,data/interim/gridsat/2019/gridsat_2019.11.05.21.npz,534813,900d65dcee58fab174b1e64a9ca916b31670a4c37bba164eab28a873fe62eb93,2026-09-23T18:59:28.656782+00:00,data/interim/gridsat/2019/gridsat_2019.11.05.21.nc,770475,8babfb68e6a41401a14a5fe29c6416d2cf485c0db9ae54b2bcea35a93a1cf7d0,2026-09-23T18:59:28.552869+00:00
2019-11-06T00:00:00+00:00,2019,GRIDSAT-B1.2019.11.06.00.v02r01.nc,data/interim/gridsat/2019/gridsat_2019.11.06.00.npz,536750,d4ae6ccb717bd390002f438ceb60d7997594b24f142a4d9f2f7002706bb4e58f,2026-09-23T18:59:31.815547+00:00,data/interim/gridsat/2019/gridsat_2019.11.06.00.nc,772780,ada5e2eef4b1cc64d6b53cb06b2173631ef7582a2c2bca8f3fb92b55b04cd648,2026-09-23T18:59:31.712437+00:00
2019-11-06T03:00:00+00:00,2019,GRIDSAT-B1.2019.11.06.03.v02r01.nc,data/interim/gridsat/2019/gridsat_2019.11.06.03.npz,539134,8cebfe26ec7ea86a2a0232cc67734a7066aa37c4eeab2fe4420203eb3c1dc6e5,2026-09-23T18:59:30.907641+00:00,data/interim/gridsat/2019/gridsat_2019.11.06.03.nc,772311,0135859437958c9e767cc1211e8d3fa1bcd5841d7ea4e733d39284b384a572b9,2026-09-23T18:59:30.826613+00:00
2019-11-06T06:00:00+00:00,2019,GRIDSAT-B1.2019.11.06.06.v02r01.nc,data/interim/gridsat/2019/gridsat_2019.11.06.06.npz,564374,c87f6ea209af8cffc4eb8034baafda3603b804a8abb52b74cdb3f5c13043fffe,2026-09-23T18:59:44.325434+00:00,data/interim/gridsat/2019/gridsat_2019.11.06.06.nc,790447,d05d55340170e66cc8e498a12c0c6be5a14b5cf95706e5909b7b1f4a13fc2eda,2026-09-23T18:59:44.241141+00:00
2019-11-06T09:00:00+00:00,2019,GRIDSAT-B1.2019.11.06.09.v02r01.nc,data/interim/gridsat/2019/gridsat_2019.11.06.09.npz,585516,72c9d66d7e6f77a28a343a6297b753f6ac38de72a911c6726b511b979d329113,2026-09-23T18:59:35.517924+00:00,data/interim/gridsat/2019/gridsat_2019.11.06.09.nc,817214,e1a8f8e4a55eeb0fa0c6400b50d616ea5a36db801c7ffb4ac328df871cf8b014,2026-09-23T18:59:35.401017+00:00
2019-11-06T12:00:00+00:00,2019,GRIDSAT-B1.2019.11.06.12.v02r01.nc,data/interim/gridsat/2019/gridsat_2019.11.06.12.npz,556408,6bbd75f72c9fcaf9e85e2df2bd2f78f0bcd8fe3f5ca80d98a813f60768d3e798,2026-09-23T18:59:37.198028+00:00,data/interim/gridsat/2019/gridsat_2019.11.06.12.nc,791284,455ff072539518031e68f5b022bf17e8322a4cbb4c036610cbb43a7d446c880f,2026-09-23T18:59:37.094291+00:00
2019-11-06T15:00:00+00:00,2019,GRIDSAT-B1.2019.11.06.15.v02r01.nc,data/interim/gridsat/2019/gridsat_2019.11.06.15.npz,531850,69d7fe756ffc1b6311d320932ec266eb55789a78af8a3b4e6babc00d9b1f782d,2026-09-23T18:59:57.045305+00:00,data/interim/gridsat/2019/gridsat_2019.11.06.15.nc,761866,d45ad3f4f18e434629eed08be3de96e847ed928c5429894b0e4f5a47f8bfc1d7,2026-09-23T18:59:56.954942+00:00
2019-11-06T18:00:00+00:00,2019,GRIDSAT-B1.2019.11.06.18.v02r01.nc,data/interim/gridsat/2019/gridsat_2019.11.06.18.npz,533256,5a2f1818216e3d6149d5ca62cd78d0b4761d2d66044c69dec5f2894b9c82c243,2026-09-23T18:59:59.066507+00:00,data/interim/gridsat/2019/gridsat_2019.11.06.18.nc,768303,de0620eaa28223be247753b1af45eeef6be3deff4533ddb0489737a77f6db48f,2026-09-23T18:59:58.970459+00:00
2019-11-06T21:00:00+00:00,2019,GRIDSAT-B1.2019.11.06.21.v02r01.nc,data/interim/gridsat/2019/gridsat_2019.11.06.21.npz,538707,3d8539549b8dc095fc7d5fe4dcc99aa882e6d4262bf0461c72550791816279fa,2026-09-23T19:00:03.975787+00:00,data/interim/gridsat/2019/gridsat_2019.11.06.21.nc,778340,e00059867d659689ae3cc325e379ab9bddeeee4eaf9dbf6d8ab66b37de6ae5a9,2026-09-23T19:00:03.885460+00:00
2019-11-07T00:00:00+00:00,2019,GRIDSAT-B1.2019.11.07.00.v02r01.nc,data/interim/gridsat/2019/gridsat_2019.11.07.00.npz,537687,e1774337c69d6822d8b229333716b25c8ebbaad55299ca48fe5f2041dbeca7d9,2026-09-23T18:59:47.872768+00:00,data/interim/gridsat/2019/gridsat_2019.11.07.00.nc,777223,b1e35cc98c45ca0affaeccc97e82e3a4c72ffbd96e58759df521e6cfbff0c474,2026-09-23T18:59:47.791938+00:00
2019-11-07T03:00:00+00:00,2019,GRIDSAT-B1.2019.11.07.03.v02r01.nc,data/interim/gridsat/2019/gridsat_2019.11.07.03.npz,532024,de80bfed4e7babe89d85af1d46a5eba61c611fd88b7e60cce5ce36a03f822a79,2026-09-23T18:59:49.017635+00:00,data/interim/gridsat/2019/gridsat_2019.11.07.03.nc,763724,8c6f7f717d93b9aa9faff752a566acc19b798a8cb84fc13014b101ead7f3f6a4,2026-09-23T18:59:48.906942+00:00
2019-11-07T06:00:00+00:00,2019,GRIDSAT-B1.2019.11.07.06.v02r01.nc,data/interim/gridsat/2019/gridsat_2019.11.07.06.npz,551855,1da1a766510bb047470a02557e06ca2918b9f07c9d9a589aaf62dfbcc63745e0,2026-09-23T18:59:57.109312+00:00,data/interim/gridsat/2019/gridsat_2019.11.07.06.nc,773397,75ee8146067583ba5dc10b4dc42f477b543f6c974a86dcdeaa338e861b24b1ce,2026-09-23T18:59:57.017619+00:00
2019-11-07T09:00:00+00:00,2019,GRIDSAT-B1.2019.11.07.09.v02r01.nc,data/interim/gridsat/2019/gridsat_2019.11.07.09.npz,571485,adc97bd7f2ecf67a6eed49af55246d3eb18a383f9a44dffa3e79dcb3ef53f266,2026-09-23T18:59:58.365173+00:00,data/interim/gridsat/2019/gridsat_2019.11.07.09.nc,799070,5a115fbd220f6a9ce5b89775f76f0150b8a264ba91067b56bb70d1b615646263,2026-09-23T18:59:58.253743+00:00
2019-11-07T12:00:00+00:00,2019,GRIDSAT-B1.2019.11.07.12.v02r01.nc,data/interim/gridsat/2019/gridsat_2019.11.07.12.npz,544343,fe955d1050e7ce90c44d11911f7fe9e7c641b60c6c26d676987e32509289ecd1,2026-09-23T19:00:00.947968+00:00,data/interim/gridsat/2019/gridsat_2019.11.07.12.nc,773120,78791179c36b6274cb5654261ffcb539376c19e811e973c940170cd1579c47eb,2026-09-23T19:00:00.853227+00:00
2019-11-07T15:00:00+00:00,2019,GRIDSAT-B1.2019.11.07.15.v02r01.nc,data/interim/gridsat/2019/gridsat_2019.11.07.15.npz,533556,61c7425cb0ed4b87cf0ac2baf8efa890cfb201482edfb1f4639f2d9199490d3b,2026-09-23T19:00:08.693564+00:00,data/interim/gridsat/2019/gridsat_2019.11.07.15.nc,762420,11a81b335e0eba9a8214858379c0125b70c4f2dd2b2e1aff2bcd7030cb0ddf82,2026-09-23T19:00:08.579825+00:00
2019-11-07T18:00:00+00:00,2019,GRIDSAT-B1.2019.11.07.18.v02r01.nc,data/interim/gridsat/2019/gridsat_2019.11.07.18.npz,534426,21ce24714b2cc479a3ffbed3123fd6a177f7bd21597e31afc5e24afb637813f2,2026-09-23T19:00:03.795151+00:00,data/interim/gridsat/2019/gridsat_2019.11.07.18.nc,771052,05cee17fe840a7b5755018e04499c4b11ab5804ead41a2f563ce9c8a7f7e0c45,2026-09-23T19:00:03.712659+00:00
2019-11-07T21:00:00+00:00,2019,GRIDSAT-B1.2019.11.07.21.v02r01.nc,data/interim/gridsat/2019/gridsat_2019.11.07.21.npz,540571,d99cc48dae7d0dc28f14795e8c1da0a73b9e2be1f3e3bd283751210ab153b5c3,2026-09-23T19:00:07.038158+00:00,data/interim/gridsat/2019/gridsat_2019.11.07.21.nc,779879,1e7e60bdac02a628e5e68cd5fabf01ec12e7abdcf07ec9ba0b6e756a47870974,2026-09-23T19:00:06.955264+00:00
2019-11-08T00:00:00+00:00,2019,GRIDSAT-B1.2019.11.08.00.v02r01.nc,data/interim/gridsat/2019/gridsat_2019.11.08.00.npz,537525,972718fc7f5cbb7a4bbfe18cf89ca9d51f6fe825e9b580ec23dfbdc808215a93,2026-09-23T19:00:06.038292+00:00,data/interim/gridsat/2019/gridsat_2019.11.08.00.nc,776702,3bf9dcc25c19874e574880c7db2b17d2d36590d017ccbcbc07338ced0689373d,2026-09-23T19:00:05.931791+00:00
2019-11-08T03:00:00+00:00,2019,GRIDSAT-B1.2019.11.08.03.v02r01.nc,data/interim/gridsat/2019/gridsat_2019.11.08.03.npz,534873,e6fb5c17df8b1d828e6f3ed78d0e3e12e019a4db252a41088e1fd5bcafb163e4,2026-09-23T19:00:12.196434+00:00,data/interim/gridsat/2019/gridsat_2019.11.08.03.nc,768741,00cc20d1f1dadc03d79471429c605ba49dac4cb2bade19927ba307a319efe08e,2026-09-23T19:00:12.108934+00:00
2019-11-08T06:00:00+00:00,2019,GRIDSAT-B1.2019.11.08.06.v02r01.nc,data/interim/gridsat/2019/gridsat_2019.11.08.06.npz,554175,fb89871c6980aaa0d052f59fa988870484e30a1ba8b1af0e859174da93761b9e,2026-09-23T19:00:15.646609+00:00,data/interim/gridsat/2019/gridsat_2019.11.08.06.nc,781615,359cd17ad936ec109879f1b6279d4ddaba418f9bccb84cd924f6355cff200781,2026-09-23T19:00:15.532364+00:00
2019-11-08T09:00:00+00:00,2019,GRIDSAT-B1.2019.11.08.09.v02r01.nc,data/interim/gridsat/2019/gridsat_2019.11.08.09.npz,573860,1985416f2bc8d6eab2fbeabac82b4e0e1225adbdde564af5f2417a0f0db6cec1,2026-09-23T19:00:10.763905+00:00,data/interim/gridsat/2019/gridsat_2019.11.08.09.nc,804145,dc8908cd8959b7ed33929a4a451565c9aa78d0e2fac6e5249666864a4239f031,2026-09-23T19:00:10.677130+00:00
2019-12-01T21:00:00+00:00,2019,GRIDSAT-B1.2019.12.01.21.v02r01.nc,data/interim/gridsat/2019/gridsat_2019.12.01.21.npz,571719,d0a642756feefb17edb22a2203139490d8c28b7130b6d330269b2fafcddc119e,2026-09-23T19:00:18.635226+00:00,data/interim/gridsat/2019/gridsat_2019.12.01.21.nc,828491,31d8655aa3529ccd10982d9d952aff37b7fdae9be2c9902d0f4cc234e0ebc916,2026-09-23T19:00:18.551380+00:00
2019-12-02T00:00:00+00:00,2019,GRIDSAT-B1.2019.12.02.00.v02r01.nc,data/interim/gridsat/2019/gridsat_2019.12.02.00.npz,569378,86b2419c32e3777f00ca65b41a0a056e7728ea54dae8d6711b4c9f600f2f74c3,2026-09-23T19:00:20.037709+00:00,data/interim/gridsat/2019/gridsat_2019.12.02.00.nc,827103,e904332a81bd769bc6eb9b16a2cc8102c3f3b65a3686a55b120e7b1ae8a026b7,2026-09-23T19:00:19.931324+00:00
2019-12-02T03:00:00+00:00,2019,GRIDSAT-B1.2019.12.02.03.v02r01.nc,data/interim/gridsat/2019/gridsat_2019.12.02.03.npz,566241,ebca44790c1c1b509008df4b201be4203fd2ef7e7b180b0b85a7ec230ed751a7,2026-09-23T19:00:16.621527+00:00,data/interim/gridsat/2019/gridsat_2019.12.02.03.nc,823298,aa3207a9271c17e071ba23fb6faea18f2e6e79f4994c577f3cba43872b427275,2026-09-23T19:00:16.528481+00:00
2019-12-02T06:00:00+00:00,2019,GRIDSAT-B1.2019.12.02.06.v02r01.nc,data/interim/gridsat/2019/gridsat_2019.12.02.06.npz,586753,37cfb8fa8414cfed0eb661d863db0c9f892a9928c76d3da1f65e6f0e28be5cc4,2026-09-23T19:00:23.651897+00:00,data/interim/gridsat/2019/gridsat_2019.12.02.06.nc,836839,33f01b77cac34a8fe7f9d6c96f4e3196a9789dfa0652a2f380c23e7cda0f11ed,2026-09-23T19:00:23.561154+00:00
2019-12-02T09:00:00+00:00,2019,GRIDSAT-B1.2019.12.02.09.v02r01.nc,data/interim/gridsat/2019/gridsat_2019.12.02.09.npz,604295,c8bfc5c1ce8e70539d93877b67f03adc83ac7fb72b3dcea843b7bc709b5ae2d0,2026-09-23T19:00:33.857338+00:00,data/interim/gridsat/2019/gridsat_2019.12.02.09.nc,862817,f6b3467226a91dc40665c727f8c6dd5cc67c633c013d1bd7a805d2f2c15b8702,2026-09-23T19:00:33.704945+00:00
2019-12-02T12:00:00+00:00,2019,GRIDSAT-B1.2019.12.02.12.v02r01.nc,data/interim/gridsat/2019/gridsat_2019.12.02.12.npz,575000,adea4c3b5cd19e68f045d9e5d67bc258a20d13b5fef7724353622b45dbc571c4,2026-09-23T19:00:25.856885+00:00,data/interim/gridsat/2019/gridsat_2019.12.02.12.nc,832743,bdc41880473224234393619eed18843e92e835ae85aabe376c69fb378c71d3f8,2026-09-23T19:00:25.768378+00:00
2019-12-02T15:00:00+00:00,2019,GRIDSAT-B1.2019.12.02.15.v02r01.nc,data/interim/gridsat/2019/gridsat_2019.12.02.15.npz,562584,664a7302decf0b2b2c665dc96e555d407c49c0e3690b2f7fd927ac465f749e56,2026-09-23T19:00:23.090966+00:00,data/interim/gridsat/2019/gridsat_2019.12.02.15.nc,816982,325c8d143c87d0f04381827b8b56e6c275074218ecd207077366f3ab966fafe6,2026-09-23T19:00:22.996431+00:00
2019-12-02T18:00:00+00:00,2019,GRIDSAT-B1.2019.12.02.18.v02r01.nc,data/interim/gridsat/2019/gridsat_2019.12.02.18.npz,568970,dab3216bc0b7cda5c539a9418600ae0f43470f634805a08b21cd1ec8a58437a8,2026-09-23T19:00:29.420285+00:00,data/interim/gridsat/2019/gridsat_2019.12.02.18.nc,828232,637e828d39474a5348a90e3aac0cfc3061b890a98a4361e8e1260e76bdc3ce21,2026-09-23T19:00:29.325714+00:00
2019-12-02T21:00:00+00:00,2019,GRIDSAT-B1.2019.12.02.21.v02r01.nc,data/interim/gridsat/2019/gridsat_2019.12.02.21.npz,573744,4b5456d7392afce0ef88dc7c9d97d2ee386f4574a5f700f1d57bc3206553b809,2026-09-23T19:00:34.813152+00:00,data/interim/gridsat/2019/gridsat_2019.12.02.21.nc,837875,992b34671ac641e0f73b6b9e0c2647be226665c5bd28bc5a7ae6380939b8b83d,2026-09-23T19:00:34.718447+00:00
2019-12-03T00:00:00+00:00,2019,GRIDSAT-B1.2019.12.03.00.v02r01.nc,data/interim/gridsat/2019/gridsat_2019.12.03.00.npz,565529,4b58acfd58a03d8a79eb12116fea4ea1d5f1b6a17f3bf03207874f93fa531ad7,2026-09-23T19:00:34.208905+00:00,data/interim/gridsat/2019/gridsat_2019.12.03.00.nc,829522,40682cedb0ed83e37dd4b18def5e0a30f3f30a404c764790c46395af79e2c107,2026-09-23T19:00:34.107581+00:00
2019-12-03T03:00:00+00:00,2019,GRIDSAT-B1.2019.12.03.03.v02r01.nc,data/interim/gridsat/2019/gridsat_2019.12.03.03.npz,556523,a619d12acb0f2c8f5a07734ed5c552291d56801d631542899ccd6da4439ce1f9,2026-09-23T19:00:35.090139+00:00,data/interim/gridsat/2019/gridsat_2019.12.03.03.nc,812658,1e5686e0350430b2accf3e32b0ed59c4fc01570cc51c6ec1486560a95796924a,2026-09-23T19:00:35.005358+00:00
2019-12-03T06:00:00+00:00,2019,GRIDSAT-B1.2019.12.03.06.v02r01.nc,data/interim/gridsat/2019/gridsat_2019.12.03.06.npz,576806,45287803d9a1e85c47d62c2a001eda8e79ca4976e8b5760f64608ee21e9ecd99,2026-09-23T19:00:33.944753+00:00,data/interim/gridsat/2019/gridsat_2019.12.03.06.nc,823410,608672cafb471d32dd0246b008cdbf0d76c2e79f8fe7f2149cdd944ff5787551,2026-09-23T19:00:33.828040+00:00
2019-12-03T09:00:00+00:00,2019,GRIDSAT-B1.2019.12.03.09.v02r01.nc,data/interim/gridsat/2019/gridsat_2019.12.03.09.npz,597908,0fd9e567be962e6a5e18c838dad38ddb7b181cb9b8630a06cbac4777455b86f5,2026-09-23T19:00:38.822602+00:00,data/interim/gridsat/2019/gridsat_2019.12.03.09.nc,854106,b3a574d1ab5df0326151f39562b8bb30705952fbca6e092acd0145acdfd2016e,2026-09-23T19:00:38.712732+00:00
2019-12-03T12:00:00+00:00,2019,GRIDSAT-B1.2019.12.03.12.v02r01.nc,data/interim/gridsat/2019/gridsat_2019.12.03.12.npz,573183,45fe7b81cf444010aed42231a68c5536ffa1171485037bbf208e38b0dfb46d20,2026-09-23T19:00:40.241101+00:00,data/interim/gridsat/2019/gridsat_2019.12.03.12.nc,829899,3e91ea77733de4c4606da9f84adf4067bab026a4cf6cd073fea5257377f8fc87,2026-09-23T19:00:40.155801+00:00
2019-12-03T15:00:00+00:00,2019,GRIDSAT-B1.2019.12.03.15.v02r01.nc,data/interim/gridsat/2019/gridsat_2019.12.03.15.npz,560267,fca7290f8623aa498ecd8cc957313fdd296b19b00476d71882aea6050c0c5bac,2026-09-23T19:00:41.908231+00:00,data/interim/gridsat/2019/gridsat_2019.12.03.15.nc,815882,84edf680f19749d09a84fb6394536546dbac67e7001a3791c47225ed268453a8,2026-09-23T19:00:41.823649+00:00
2019-12-03T18:00:00+00:00,2019,GRIDSAT-B1.2019.12.03.18.v02r01.nc,data/interim/gridsat/2019/gridsat_2019.12.03.18.npz,566584,02eaf39e1d60c7c2b62a72ec505d11dc3958b3de60b94f5522378482c228c1e3,2026-09-23T19:00:46.912720+00:00,data/interim/gridsat/2019/gridsat_2019.12.03.18.nc,825855,1ebebc5ecd18f3c72cab53227f02db28b59e1435d6ce4dda7f09b033365c694c,2026-09-23T19:00:46.816109+00:00
2019-12-03T21:00:00+00:00,2019,GRIDSAT-B1.2019.12.03.21.v02r01.nc,data/interim/gridsat/2019/gridsat_2019.12.03.21.npz,564896,06541932d3c1a996ead655f397e5ab0f09e005b719b08263c6051a3cd4d7da70,2026-09-23T19:00:48.121017+00:00,data/interim/gridsat/2019/gridsat_2019.12.03.21.nc,827429,84ace47765f59cf42d935e302c0c5e70389f9d58109584d39dd7211b9fc4afac,2026-09-23T19:00:48.037673+00:00
2019-12-04T00:00:00+00:00,2019,GRIDSAT-B1.2019.12.04.00.v02r01.nc,data/interim/gridsat/2019/gridsat_2019.12.04.00.npz,558418,c80487ce2a506a4fed9b3daa42b30495cbfe6d1bd6c1263fea968a6bff5e2e6a,2026-09-23T19:00:48.064414+00:00,data/interim/gridsat/2019/gridsat_2019.12.04.00.nc,822429,794b225cd0eca723eb966fc1e6731877d07f32234f93e54a26aaee4c1c4900a5,2026-09-23T19:00:47.975156+00:00
2019-12-04T03:00:00+00:00,2019,GRIDSAT-B1.2019.12.04.03.v02r01.nc,data/interim/gridsat/2019/gridsat_2019.12.04.03.npz,551141,ace51e1e3db93c749a882b68a3fdb13853ab7abb6f18d7eaba4753e148069115,2026-09-23T19:00:46.605443+00:00,data/interim/gridsat/2019/gridsat_2019.12.04.03.nc,807736,475cd05e9ba0a9605215c70a676ec2a77ee72016d049df4249739c6f50187900,2026-09-23T19:00:46.516804+00:00
2019-12-04T06:00:00+00:00,2019,GRIDSAT-B1.2019.12.04.06.v02r01.nc,data/interim/gridsat/2019/gridsat_2019.12.04.06.npz,569513,25cff367b0d8730e08008a6d2731c4755e518dcb6447a3ea1f29bb9b3aef6b5b,2026-09-23T19:00:56.461129+00:00,data/interim/gridsat/2019/gridsat_2019.12.04.06.nc,817588,fcbbb46f39be1f51dfaaffba0ceed0f794bdf924b5dbe206ce1c638cb3aec8c0,2026-09-23T19:00:56.370865+00:00
2019-12-04T09:00:00+00:00,2019,GRIDSAT-B1.2019.12.04.09.v02r01.nc,data/interim/gridsat/2019/gridsat_2019.12.04.09.npz,586107,266ff6531cc45eceb2b081673576110132bf4a6a9b06562045890562c8a65710,2026-09-23T19:00:59.197231+00:00,data/interim/gridsat/2019/gridsat_2019.12.04.09.nc,842742,51a8d693adb27a65b4db2750cd2c611bcfe231d471626c97cbda09d8f5c32975,2026-09-23T19:00:59.113751+00:00
2019-12-04T12:00:00+00:00,2019,GRIDSAT-B1.2019.12.04.12.v02r01.nc,data/interim/gridsat/2019/gridsat_2019.12.04.12.npz,556766,d3887a04ccb69acd46e72d126dace8b2639cbab62a3490deab5d4ae8960034fb,2026-09-23T19:00:53.113932+00:00,data/interim/gridsat/2019/gridsat_2019.12.04.12.nc,813009,ab4e835ba2d75323fd678263d8d51bfc0352e2bab24d442adfc55bbeb251f177,2026-09-23T19:00:52.995873+00:00
2019-12-04T15:00:00+00:00,2019,GRIDSAT-B1.2019.12.04.15.v02r01.nc,data/interim/gridsat/2019/gridsat_2019.12.04.15.npz,543811,723eae9e3fe1650e143bfd3a952d61aed4d7371db9cd856ba74fe89c5063dd21,2026-09-23T19:00:56.392256+00:00,data/interim/gridsat/2019/gridsat_2019.12.04.15.nc,796858,ebb8b93797d3004a37adda30e1cac7e101f11eecf6ee359e3d105b3ebbc2c9a9,2026-09-23T19:00:56.313435+00:00
2019-12-04T18:00:00+00:00,2019,GRIDSAT-B1.2019.12.04.18.v02r01.nc,data/interim/gridsat/2019/gridsat_2019.12.04.18.npz,547421,e8ab9ff46902e063840d9cce3924daa63d95d98cea5e4ed847fc0aafcfc6a789,2026-09-23T19:01:04.286635+00:00,data/interim/gridsat/2019/gridsat_2019.12.04.18.nc,801771,9dd2acf7e46e46bdf96c5d74a311f0d680eab327de3a8c32e13ab50d6df4db9f,2026-09-23T19:01:04.169480+00:00
2019-12-04T21:00:00+00:00,2019,GRIDSAT-B1.2019.12.04.21.v02r01.nc,data/interim/gridsat/2019/gridsat_2019.12.04.21.npz,555249,ca7cfa2f76e548e786cc99184ef167f8869fddeac4f433b090b0ab55304da0df,2026-09-23T19:00:59.547712+00:00,data/interim/gridsat/2019/gridsat_2019.12.04.21.nc,813448,1dfd5c2e3d4579586bcc941a88a694a871ffaddc5431bffdd9e33b356dbe7dcf,2026-09-23T19:00:59.463347+00:00
2019-12-05T00:00:00+00:00,2019,GRIDSAT-B1.2019.12.05.00.v02r01.nc,data/interim/gridsat/2019/gridsat_2019.12.05.00.npz,553745,647cc7458c0f853d754f8e8897a40262c3f41c92831e44d29d767486e5e3d46c,2026-09-23T19:01:09.124567+00:00,data/interim/gridsat/2019/gridsat_2019.12.05.00.nc,812529,baec51a96a3e4f9c924374168a55b91c4fa34c421b93888b6e0f258fbdcb33d3,2026-09-23T19:01:09.016490+00:00
2019-12-05T03:00:00+00:00,2019,GRIDSAT-B1.2019.12.05.03.v02r01.nc,data/interim/gridsat/2019/gridsat_2019.12.05.03.npz,552173,df3aadb4d5e543c386e27c2215bbe00db4862694745676f758b9de1b456ace66,2026-09-23T19:01:21.516367+00:00,data/interim/gridsat/2019/gridsat_2019.12.05.03.nc,807315,3c23c83c99549c75ee4776d89259f0243bff5ca6ad60e655d96cf39719216a59,2026-09-23T19:01:21.432490+00:00
2019-12-05T06:00:00+00:00,2019,GRIDSAT-B1.2019.12.05.06.v02r01.nc,data/interim/gridsat/2019/gridsat_2019.12.05.06.npz,574053,92139e6ac2d2fe1605b7770f389068e0296feee8c01a83fd263123600d50849d,2026-09-23T19:01:03.557812+00:00,data/interim/gridsat/2019/gridsat_2019.12.05.06.nc,823380,5969cf95e20755960995d549800e3b6431ca93651bee9bcde93fec73667cefaa,2026-09-23T19:01:03.467939+00:00
2019-12-05T09:00:00+00:00,2019,GRIDSAT-B1.2019.12.05.09.v02r01.nc,data/interim/gridsat/2019/gridsat_2019.12.05.09.npz,588412,a8eb76a4f9a8934abba950db4d1b88594713735b398cc4201b9c79c59762d2c3,2026-09-23T19:01:08.865065+00:00,data/interim/gridsat/2019/gridsat_2019.12.05.09.nc,846675,840e133d228e97ea9c2aec47763c86f7247564cc7fb4951dcffbba9113891ef4,2026-09-23T19:01:08.759580+00:00
2020-05-15T09:00:00+00:00,2020,GRIDSAT-B1.2020.05.15.09.v02r01.nc,data/interim/gridsat/2020/gridsat_2020.05.15.09.npz,616077,1c52edbf97abeeac29b2d1643ea63241175f33d0782866c5170f206a824837e7,2026-09-23T15:17:03.245083+00:00,data/interim/gridsat/2020/gridsat_2020.05.15.09.nc,866810,61dc2a223b7729b71814d43ac389900bd2648b08266338bb705cc4102e9b3af7,2026-09-23T15:17:03.152850+00:00
2020-05-15T12:00:00+00:00,2020,GRIDSAT-B1.2020.05.15.12.v02r01.nc,data/interim/gridsat/2020/gridsat_2020.05.15.12.npz,603376,dc5e466dfb1441bda1a9f9cd565a2f2c9da0fd6c6211349b2d662a0da1d69d87,2026-09-23T15:17:03.554732+00:00,data/interim/gridsat/2020/gridsat_2020.05.15.12.nc,854441,64990df0e8f710daf5cbee4ffd67bc346a89f2247e753b6de89630c2eed23a14,2026-09-23T15:17:03.472476+00:00
2020-05-15T15:00:00+00:00,2020,GRIDSAT-B1.2020.05.15.15.v02r01.nc,data/interim/gridsat/2020/gridsat_2020.05.15.15.npz,572022,b1e20d6e821310cd0db5aa138cb8df9e20d14c4d053b8f2a577786d813079f52,2026-09-23T15:17:03.853834+00:00,data/interim/gridsat/2020/gridsat_2020.05.15.15.nc,818632,60958d67d077aafcba126f1c185e3b7dbcac6f529ee0aef530b520e77f88ed5f,2026-09-23T15:17:03.767380+00:00
2020-05-15T18:00:00+00:00,2020,GRIDSAT-B1.2020.05.15.18.v02r01.nc,data/interim/gridsat/2020/gridsat_2020.05.15.18.npz,562276,f40fcf641e3aa8a269b59729bdef9e5ea59c50acee8fdf5b95a815db1927b230,2026-09-23T15:17:04.140029+00:00,data/interim/gridsat/2020/gridsat_2020.05.15.18.nc,802256,aacf53cd9d00f5ed549040c653ded3d5505741d8f81f3c8cdb165226f81d8af3,2026-09-23T15:17:04.048690+00:00
2020-05-15T21:00:00+00:00,2020,GRIDSAT-B1.2020.05.15.21.v02r01.nc,data/interim/gridsat/2020/gridsat_2020.05.15.21.npz,550876,34db08abf36c179136bda0a66f5d881c64194eb0574ced03c4f6ab5bcf3e89cf,2026-09-23T15:17:04.437614+00:00,data/interim/gridsat/2020/gridsat_2020.05.15.21.nc,793014,33f805d0d56a453a15ab762d2b943dfdb36aaad3ccd40b5a328590b9d33501d7,2026-09-23T15:17:04.340368+00:00
2020-05-16T00:00:00+00:00,2020,GRIDSAT-B1.2020.05.16.00.v02r01.nc,data/interim/gridsat/2020/gridsat_2020.05.16.00.npz,538654,551f93bccb35c86902c00fb729d5a43794e05cf8d6e5a40fa54924bffdf95add,2026-09-23T15:17:04.718546+00:00,data/interim/gridsat/2020/gridsat_2020.05.16.00.nc,781880,8532ab593eefae973c2d76c049a903cafa6a5cd11525da56314965c2c96b47e8,2026-09-23T15:17:04.631892+00:00
2020-05-16T03:00:00+00:00,2020,GRIDSAT-B1.2020.05.16.03.v02r01.nc,data/interim/gridsat/2020/gridsat_2020.05.16.03.npz,547872,5de14cb15839de21da8aeda32f51a8edd2ff1315e7d0f240e39861cd494e31b2,2026-09-23T19:01:11.803476+00:00,data/interim/gridsat/2020/gridsat_2020.05.16.03.nc,787718,1ce23b9b185940d9ba40ce0f756a9f28360d5bba19e1ad935d9d506ede7454b9,2026-09-23T19:01:11.715430+00:00
2020-05-16T06:00:00+00:00,2020,GRIDSAT-B1.2020.05.16.06.v02r01.nc,data/interim/gridsat/2020/gridsat_2020.05.16.06.npz,588542,8938201c9bb214c3dd4e44e65f00a92436a93577b815dc09e06ccc9193c49296,2026-09-23T19:01:10.570256+00:00,data/interim/gridsat/2020/gridsat_2020.05.16.06.nc,834217,1e9c1a03bd0c6b018ec0c61570d8ba87bce5fbbac1eaf7795257bacb39215737,2026-09-23T19:01:10.464311+00:00
2020-05-16T09:00:00+00:00,2020,GRIDSAT-B1.2020.05.16.09.v02r01.nc,data/interim/gridsat/2020/gridsat_2020.05.16.09.npz,619208,4e88086013c89a4f28d2b73bad8aca536d730e213e87339f7f28f0073ff1b04e,2026-09-23T19:01:16.250504+00:00,data/interim/gridsat/2020/gridsat_2020.05.16.09.nc,865243,cfd0d723de312f92e28a20d6b7ad4eaade8cd37227e9721c10bb725168b715e9,2026-09-23T19:01:16.163504+00:00
2020-05-16T12:00:00+00:00,2020,GRIDSAT-B1.2020.05.16.12.v02r01.nc,data/interim/gridsat/2020/gridsat_2020.05.16.12.npz,606196,309450516c23f225a12cd84f101611b6b00186519cb54e71471dd7518b8df9f8,2026-09-23T15:17:05.027845+00:00,data/interim/gridsat/2020/gridsat_2020.05.16.12.nc,857620,5319bae3c7958847ae0962e564f21c1219fe14655070592549d883c400b4e6f7,2026-09-23T15:17:04.944510+00:00
2020-05-16T15:00:00+00:00,2020,GRIDSAT-B1.2020.05.16.15.v02r01.nc,data/interim/gridsat/2020/gridsat_2020.05.16.15.npz,576713,9ea049a0611829a26b320af7d7e36248ed96ed92637916cfcf295d0279482add,2026-09-23T19:01:19.572255+00:00,data/interim/gridsat/2020/gridsat_2020.05.16.15.nc,822580,bb960f41e90ea69ab566e0e437864d7fea855aeae23e5e918f753141d6ded374,2026-09-23T19:01:19.484849+00:00
2020-05-16T18:00:00+00:00,2020,GRIDSAT-B1.2020.05.16.18.v02r01.nc,data/interim/gridsat/2020/gridsat_2020.05.16.18.npz,570449,038cf41dedf77677217a938e31e0c56c7b4fdee1752023fd055a52eec180d0fe,2026-09-23T19:01:22.324203+00:00,data/interim/gridsat/2020/gridsat_2020.05.16.18.nc,812392,c8366aefe54b1545b2b4d02070c9523aa12aa1cad1fcc22dad0427b3fdd77f18,2026-09-23T19:01:22.216926+00:00
2020-05-16T21:00:00+00:00,2020,GRIDSAT-B1.2020.05.16.21.v02r01.nc,data/interim/gridsat/2020/gridsat_2020.05.16.21.npz,563368,f3d7c409ba1a518fe7ab25cda0116a29997d9bc2a3e1fa375d8683ab969afc1f,2026-09-23T19:01:24.732895+00:00,data/interim/gridsat/2020/gridsat_2020.05.16.21.nc,807642,a982d5334e124b0d1e954253187f5d1b8fc0ec2be6b9a52d9e2c18a7c413b972,2026-09-23T19:01:24.650548+00:00
2020-05-17T00:00:00+00:00,2020,GRIDSAT-B1.2020.05.17.00.v02r01.nc,data/interim/gridsat/2020/gridsat_2020.05.17.00.npz,560718,0f315b5d096c0c98deee7a00f4fe4567163d185f8f93a4652bd9abb4ec5b5adc,2026-09-23T15:17:05.326363+00:00,data/interim/gridsat/2020/gridsat_2020.05.17.00.nc,808383,e13fa1261a283e96f3fb711cb300704cb0df64beda15e033bcf7c17fabad1db8,2026-09-23T15:17:05.234854+00:00
2020-05-17T03:00:00+00:00,2020,GRIDSAT-B1.2020.05.17.03.v02r01.nc,data/interim/gridsat/2020/gridsat_2020.05.17.03.npz,570471,94402e48b1ba201110cb5052d11fab750bcccc7b8c809cae50a22e570f263e74,2026-09-23T19:01:27.572116+00:00,data/interim/gridsat/2020/gridsat_2020.05.17.03.nc,809562,ae22a1ade34cbd78cdd9bbf7f27e97250e35e599af2cd484f869cb48a787d9dd,2026-09-23T19:01:27.492590+00:00
2020-05-17T06:00:00+00:00,2020,GRIDSAT-B1.2020.05.17.06.v02r01.nc,data/interim/gridsat/2020/gridsat_2020.05.17.06.npz,610586,63058fadcb19413c99fb387b700e4d8054884b1593d471f09b480ba5f9fc0a2b,2026-09-23T19:01:29.453788+00:00,data/interim/gridsat/2020/gridsat_2020.05.17.06.nc,853782,ed0f8b5133c8f9deaa8c8c939212c45a5813d689183963c0bc20e6ef651a0b7d,2026-09-23T19:01:29.368563+00:00
2020-05-17T09:00:00+00:00,2020,GRIDSAT-B1.2020.05.17.09.v02r01.nc,data/interim/gridsat/2020/gridsat_2020.05.17.09.npz,626350,d23ea76bb917f001f09fb064d93999ea9f63205d9deab9b90b0f239b4861bf47,2026-09-23T19:01:26.714898+00:00,data/interim/gridsat/2020/gridsat_2020.05.17.09.nc,879683,7ce363329bd80983e8f9085178e2fbcfcd248d8b533f18640dfc68081b10b455,2026-09-23T19:01:26.613496+00:00
2020-05-17T12:00:00+00:00,2020,GRIDSAT-B1.2020.05.17.12.v02r01.nc,data/interim/gridsat/2020/gridsat_2020.05.17.12.npz,612330,0b575031c784cf565266ec525712c5082c95bb60ec9685df36129d96f6e5a379,2026-09-23T19:01:28.963920+00:00,data/interim/gridsat/2020/gridsat_2020.05.17.12.nc,869251,27777510da9b3477cb43ae5649c0defe4d2566fba059d13f907d64d2dc5de2e4,2026-09-23T19:01:28.873703+00:00
2020-05-17T15:00:00+00:00,2020,GRIDSAT-B1.2020.05.17.15.v02r01.nc,data/interim/gridsat/2020/gridsat_2020.05.17.15.npz,587602,5250fd12e06981e74a441d81951b39ec3187d17325ac7a219a4ba3ec5b087bcd,2026-09-23T19:01:37.422703+00:00,data/interim/gridsat/2020/gridsat_2020.05.17.15.nc,839031,7b9918411217e110acfc31436d1c8db93b6a8266958cfe22270b9ff46b1664b2,2026-09-23T19:01:37.335489+00:00
2020-05-17T18:00:00+00:00,2020,GRIDSAT-B1.2020.05.17.18.v02r01.nc,data/interim/gridsat/2020/gridsat_2020.05.17.18.npz,578715,cd0bdae94612c78f129c8e69c515e309ac3f775ec3677584b355836a414a7309,2026-09-23T19:01:30.653406+00:00,data/interim/gridsat/2020/gridsat_2020.05.17.18.nc,824804,3b6a1f858db645d337e768ebdb5ac346b1cef7d397ba7cf3db826052fe953b19,2026-09-23T19:01:30.546250+00:00
2020-05-17T21:00:00+00:00,2020,GRIDSAT-B1.2020.05.17.21.v02r01.nc,data/interim/gridsat/2020/gridsat_2020.05.17.21.npz,571054,fcf44e4f7704f4410a27f986f4cbf2618d8898ef6522eb55a167b9d1cee4672a,2026-09-23T19:01:33.531472+00:00,data/interim/gridsat/2020/gridsat_2020.05.17.21.nc,819523,34c02616dd8e2ce8596ddada5fb493bd25485852816586055cd437dce71fe2e4,2026-09-23T19:01:33.446757+00:00
2020-05-18T00:00:00+00:00,2020,GRIDSAT-B1.2020.05.18.00.v02r01.nc,data/interim/gridsat/2020/gridsat_2020.05.18.00.npz,567142,035f20de398217facfe78b1a6cc0a2237be80723b9176528cba74f9f75603911,2026-09-23T15:17:05.621320+00:00,data/interim/gridsat/2020/gridsat_2020.05.18.00.nc,812565,6d7f0f5939aad5c5835a11034722a1432bd51ab298a658d13d75c49853788a4e,2026-09-23T15:17:05.528228+00:00
2020-05-18T03:00:00+00:00,2020,GRIDSAT-B1.2020.05.18.03.v02r01.nc,data/interim/gridsat/2020/gridsat_2020.05.18.03.npz,567173,22b3d636c17bd927e5618cd1903816a49094a258f7618e024b4a5e1da657786e,2026-09-23T19:01:36.763289+00:00,data/interim/gridsat/2020/gridsat_2020.05.18.03.nc,807159,bce1017dd43e153385dfedb4144c34be595bb306ed44ac659fb919f4e797703f,2026-09-23T19:01:36.676033+00:00
2020-05-18T06:00:00+00:00,2020,GRIDSAT-B1.2020.05.18.06.v02r01.nc,data/interim/gridsat/2020/gridsat_2020.05.18.06.npz,598496,3a638e6885e96280e8dadd47688452707d9d5697b6f486f20c313409b3c87760,2026-09-23T19:01:37.484772+00:00,data/interim/gridsat/2020/gridsat_2020.05.18.06.nc,843190,a7d5eff60e9869e6bb71e6a01367bd640ab3cb7330649d5bb55cf533c31a3ea0,2026-09-23T19:01:37.398431+00:00
2020-05-18T09:00:00+00:00,2020,GRIDSAT-B1.2020.05.18.09.v02r01.nc,data/interim/gridsat/2020/gridsat_2020.05.18.09.npz,618577,cc989350f023fc2b953f5153cadb0f0ea2b6533d89c20db65dc5e47196b65b19,2026-09-23T19:01:45.214145+00:00,data/interim/gridsat/2020/gridsat_2020.05.18.09.nc,870332,4105c9ef1dae36d7175909673686d1a2dab4f0faa5692c75d5164756b8ee7d52,2026-09-23T19:01:45.024215+00:00
2020-05-28T21:00:00+00:00,2020,GRIDSAT-B1.2020.05.28.21.v02r01.nc,data/interim/gridsat/2020/gridsat_2020.05.28.21.npz,553459,2bfd467ee2d8c0e23d32d2ec4900aa2b6c672260bf7ab529bcff2134fda998c9,2026-09-23T19:01:42.472697+00:00,data/interim/gridsat/2020/gridsat_2020.05.28.21.nc,799616,ffafacb6555e7ba2bd114b14de53fdbd22d70bde8bf4c1c3e60a36b2cda4c706,2026-09-23T19:01:42.368396+00:00
2020-05-29T00:00:00+00:00,2020,GRIDSAT-B1.2020.05.29.00.v02r01.nc,data/interim/gridsat/2020/gridsat_2020.05.29.00.npz,553663,4d86e55e4d8b9b048af42c374a9d0004dfb16c4e95ab56ea2f9297973aeed100,2026-09-23T19:01:47.105129+00:00,data/interim/gridsat/2020/gridsat_2020.05.29.00.nc,801761,7ab38c1e235326bd94423965eebeae68170331942c0e76addb0c1345ecc82f64,2026-09-23T19:01:46.892333+00:00
2020-05-29T03:00:00+00:00,2020,GRIDSAT-B1.2020.05.29.03.v02r01.nc,data/interim/gridsat/2020/gridsat_2020.05.29.03.npz,557856,4eb250725808a7cdee324826877be3b64e9c98dd886e9f33ba60957f13a4899d,2026-09-23T19:01:46.047697+00:00,data/interim/gridsat/2020/gridsat_2020.05.29.03.nc,797764,0a049400fd76e4910dc1d5b9e7e32cfed11f4a89960b36f2cb1d827a90e7f971,2026-09-23T19:01:45.852898+00:00
2020-05-29T06:00:00+00:00,2020,GRIDSAT-B1.2020.05.29.06.v02r01.nc,data/interim/gridsat/2020/gridsat_2020.05.29.06.npz,576817,b31a20d7099a12ba4055b0b3c58f10e98b01f0c5e45fd16a787eee458ec7b7bb,2026-09-23T19:01:45.906389+00:00,data/interim/gridsat/2020/gridsat_2020.05.29.06.nc,817657,88157229250e7361465d7518cb714d387874f3ff58061f65b8c93ff356feae0d,2026-09-23T19:01:45.708915+00:00
2020-05-29T09:00:00+00:00,2020,GRIDSAT-B1.2020.05.29.09.v02r01.nc,data/interim/gridsat/2020/gridsat_2020.05.29.09.npz,589433,86b1d9cf4342db4f8d30005ea7c963a3dc3ce438b4bc87fddf0ff692e91eaf45,2026-09-23T19:01:46.392339+00:00,data/interim/gridsat/2020/gridsat_2020.05.29.09.nc,836258,1ac0563e4e7f0d37996e3f073722d495ac27adc2241ec11e0f5dab7b20c9d9e4,2026-09-23T19:01:46.231818+00:00
2020-05-29T12:00:00+00:00,2020,GRIDSAT-B1.2020.05.29.12.v02r01.nc,data/interim/gridsat/2020/gridsat_2020.05.29.12.npz,587933,e93d47ca88070c4f321aef861f70a0a887b0e350b0fc2dedb1dbd6074a0aaefc,2026-09-23T19:01:55.350993+00:00,data/interim/gridsat/2020/gridsat_2020.05.29.12.nc,836077,17daf7e11b116e70e3899c763dcb955eb0ddee3709f886a836bb5cfde5042626,2026-09-23T19:01:55.190712+00:00
2020-05-29T15:00:00+00:00,2020,GRIDSAT-B1.2020.05.29.15.v02r01.nc,data/interim/gridsat/2020/gridsat_2020.05.29.15.npz,567387,b59bfc6e8279979c15224527c2cd80a1168c9db864dd723e90b01c4c08e8aba4,2026-09-23T19:01:52.213490+00:00,data/interim/gridsat/2020/gridsat_2020.05.29.15.nc,809019,c166747ff2abfbc0fecb33dfdb914e70bae0c3ffe9a7637054da5625922a71d9,2026-09-23T19:01:51.940955+00:00
2020-05-29T18:00:00+00:00,2020,GRIDSAT-B1.2020.05.29.18.v02r01.nc,data/interim/gridsat/2020/gridsat_2020.05.29.18.npz,561919,973157765faf9bc3a2ae15815a46ddba9a7433834463e9fe3999ed1be78e9555,2026-09-23T19:01:54.671694+00:00,data/interim/gridsat/2020/gridsat_2020.05.29.18.nc,805129,1cd2e859dc5310976c4b6e429fcb721ae81a4be3e6111236c380261614135900,2026-09-23T19:01:54.474603+00:00
2020-05-31T09:00:00+00:00,2020,GRIDSAT-B1.2020.05.31.09.v02r01.nc,data/interim/gridsat/2020/gridsat_2020.05.31.09.npz,601543,5e57fabbbef841e6dc15baee84a900b443e582cf24feca94f224b7adc4108ee2,2026-09-23T19:01:55.468442+00:00,data/interim/gridsat/2020/gridsat_2020.05.31.09.nc,851212,c33dffda1cbed94eb7dc30a81e1eac6660c64ba5076063f5c2ad2bdc3684e499,2026-09-23T19:01:55.303799+00:00
2020-05-31T12:00:00+00:00,2020,GRIDSAT-B1.2020.05.31.12.v02r01.nc,data/interim/gridsat/2020/gridsat_2020.05.31.12.npz,589955,eaca100b4bfa120af59971805c17b83791535fc8abb27ae697cf241f0f41b0e5,2026-09-23T19:02:01.982672+00:00,data/interim/gridsat/2020/gridsat_2020.05.31.12.nc,838290,4d73451ab51009e9827e45aa950224649cbec14c5b1ad1300ee308cc12167e0b,2026-09-23T19:02:01.815994+00:00
2020-05-31T15:00:00+00:00,2020,GRIDSAT-B1.2020.05.31.15.v02r01.nc,data/interim/gridsat/2020/gridsat_2020.05.31.15.npz,567684,9a32b9e5fc77acbe0414b192149d8804c82b16183a9147bba3132c7d27778c33,2026-09-23T19:01:57.972858+00:00,data/interim/gridsat/2020/gridsat_2020.05.31.15.nc,811642,459ba4077f7fcb535e2692f562748e3ce3224b92b8f92e11ccca2fce1f56fced,2026-09-23T19:01:57.726750+00:00
2020-05-31T18:00:00+00:00,2020,GRIDSAT-B1.2020.05.31.18.v02r01.nc,data/interim/gridsat/2020/gridsat_2020.05.31.18.npz,566679,b23b318df68009394762365b4e093d3415b4f4d4d69b5c6cb0bcfe010ca650b8,2026-09-23T19:02:03.731270+00:00,data/interim/gridsat/2020/gridsat_2020.05.31.18.nc,808657,39fc3dffc4546d585a1632b7a6a3cd2bda5bf8aebfc1cb1e5ae9698f03441070,2026-09-23T19:02:03.459274+00:00
2020-05-31T21:00:00+00:00,2020,GRIDSAT-B1.2020.05.31.21.v02r01.nc,data/interim/gridsat/2020/gridsat_2020.05.31.21.npz,563931,1ad358ad3516a48cf62adef574e0956b576ac88d317a1d3e716fb76da01346ca,2026-09-23T19:02:01.635055+00:00,data/interim/gridsat/2020/gridsat_2020.05.31.21.nc,810009,7bd388834658763026a380b2073b155aeb9145648aec7ae60673172194cef4a5,2026-09-23T19:02:01.441746+00:00
2020-06-01T00:00:00+00:00,2020,GRIDSAT-B1.2020.06.01.00.v02r01.nc,data/interim/gridsat/2020/gridsat_2020.06.01.00.npz,562268,2b63cda92bd0d7c64af4219530db72866251aeaac9b3dbf2c1c31a2f51e3ef5e,2026-09-23T19:02:08.865658+00:00,data/interim/gridsat/2020/gridsat_2020.06.01.00.nc,806362,46166ffdb4a10c68a74d1e50cd3527cb84e9e23d7b3e0b28cb1a684e4f9dd86b,2026-09-23T19:02:08.780743+00:00
2020-06-01T03:00:00+00:00,2020,GRIDSAT-B1.2020.06.01.03.v02r01.nc,data/interim/gridsat/2020/gridsat_2020.06.01.03.npz,560080,e42a8efc49145ac5be17895cbd9868e72fb3470ba749fde736ce6ba16f3a2f57,2026-09-23T19:02:10.210099+00:00,data/interim/gridsat/2020/gridsat_2020.06.01.03.nc,801446,ce86d1046ab6f54b8c592891ecd4bbe34d39f87ff0aeca9667c5fd432943f381,2026-09-23T19:02:10.103290+00:00
2020-06-01T06:00:00+00:00,2020,GRIDSAT-B1.2020.06.01.06.v02r01.nc,data/interim/gridsat/2020/gridsat_2020.06.01.06.npz,585994,1a938d14ff725f9007ffefc5e8beac237865a4facbfb5c33da83188dc93c8953,2026-09-23T19:02:07.337169+00:00,data/interim/gridsat/2020/gridsat_2020.06.01.06.nc,830755,5228a92051a4d83c7d5b2e710f52d3d3860312285596b8189147d73c004d5a5b,2026-09-23T19:02:07.240132+00:00
2020-11-21T03:00:00+00:00,2020,GRIDSAT-B1.2020.11.21.03.v02r01.nc,data/interim/gridsat/2020/gridsat_2020.11.21.03.npz,545477,9026ce7c2ed85186d972ccf8541e2a2dfe39541de0c6e8df1f65ed033663668f,2026-09-23T19:02:10.127279+00:00,data/interim/gridsat/2020/gridsat_2020.11.21.03.nc,782082,f5c0cd7561e01f263e2bdb3fca14374c40c94caf1d717a8df190735e9425dc88,2026-09-23T19:02:10.043596+00:00
2020-11-21T06:00:00+00:00,2020,GRIDSAT-B1.2020.11.21.06.v02r01.nc,data/interim/gridsat/2020/gridsat_2020.11.21.06.npz,570735,02c20a7192bccc4440727c47edf98af97d667aeba7ca2343a481bf78e88c9d49,2026-09-23T19:02:09.704979+00:00,data/interim/gridsat/2020/gridsat_2020.11.21.06.nc,797696,85ea6664e987adc927f7223cd8245ab9de0761fe3f1c7f678afbcbde277c9288,2026-09-23T19:02:09.612871+00:00
2020-11-21T09:00:00+00:00,2020,GRIDSAT-B1.2020.11.21.09.v02r01.nc,data/interim/gridsat/2020/gridsat_2020.11.21.09.npz,582400,769a7b3713f1aa24e4dec030d776066635e3f0f946df602ba5cd58efcea1917c,2026-09-23T19:02:13.376741+00:00,data/interim/gridsat/2020/gridsat_2020.11.21.09.nc,818754,5738578347a4e930d980d5853319a67ccbf0616a8dbe4da237b438d8f2b3aa24,2026-09-23T19:02:13.289213+00:00
2020-11-21T12:00:00+00:00,2020,GRIDSAT-B1.2020.11.21.12.v02r01.nc,data/interim/gridsat/2020/gridsat_2020.11.21.12.npz,557189,048aa5b7b36d18b2e95c85228a521741331781039ac6f90d66e7ab8adedd7fca,2026-09-23T19:02:14.066735+00:00,data/interim/gridsat/2020/gridsat_2020.11.21.12.nc,797321,73add5c2a05bdb5ab007db83388060b31e074b190e436e31a6af9880128fbdb5,2026-09-23T19:02:13.986162+00:00
2020-11-21T15:00:00+00:00,2020,GRIDSAT-B1.2020.11.21.15.v02r01.nc,data/interim/gridsat/2020/gridsat_2020.11.21.15.npz,546746,e7ddc98c62f81677a0b13a9b69be2d9c19b94a657b11fc6dd4dca8829836e270,2026-09-23T19:02:19.321074+00:00,data/interim/gridsat/2020/gridsat_2020.11.21.15.nc,781393,999da86da33a0e30450895d1d78358e6587a66025a3e194800595a0085394134,2026-09-23T19:02:19.237869+00:00
2020-11-21T18:00:00+00:00,2020,GRIDSAT-B1.2020.11.21.18.v02r01.nc,data/interim/gridsat/2020/gridsat_2020.11.21.18.npz,544874,69533fe93f2661af239e15328d9078453f5f3382924614a3fb522cad75069a0b,2026-09-23T19:02:16.050835+00:00,data/interim/gridsat/2020/gridsat_2020.11.21.18.nc,783440,697145ae1865d25d354caca9fd2f02d85ae73972846c9626d79115fa147d423a,2026-09-23T19:02:15.953012+00:00
2020-11-21T21:00:00+00:00,2020,GRIDSAT-B1.2020.11.21.21.v02r01.nc,data/interim/gridsat/2020/gridsat_2020.11.21.21.npz,545829,7d8a6b6769d0b0f662fd5756c5d20daa1de3d405b72b1b3cce566eb2ce7e6d3c,2026-09-23T19:02:18.057285+00:00,data/interim/gridsat/2020/gridsat_2020.11.21.21.nc,787463,83ae1e1a9627c4e83b6342a8d76ee7c620e08cd18afdc1cf88677b17d0e614ec,2026-09-23T19:02:17.973850+00:00
2020-11-22T00:00:00+00:00,2020,GRIDSAT-B1.2020.11.22.00.v02r01.nc,data/interim/gridsat/2020/gridsat_2020.11.22.00.npz,543297,fa3eb1386d30fa5035d3deff4b4ea0de486299f78beecd014329358541971673,2026-09-23T19:02:18.814105+00:00,data/interim/gridsat/2020/gridsat_2020.11.22.00.nc,785124,4e221b2b68e44c05a83eaaec48bb9a9879d5a64b63b0ed92985374a7225592e8,2026-09-23T19:02:18.727300+00:00
2020-11-22T03:00:00+00:00,2020,GRIDSAT-B1.2020.11.22.03.v02r01.nc,data/interim/gridsat/2020/gridsat_2020.11.22.03.npz,536937,2da7481bde7be44e56e08a3964b5a075e3d163777c28fce81b8095b1a0ecf67e,2026-09-23T19:02:20.970410+00:00,data/interim/gridsat/2020/gridsat_2020.11.22.03.nc,770232,c25c7b039269e42fdd431498923a4ef58f47f51787296d9088320d3d49f32103,2026-09-23T19:02:20.874296+00:00
2020-11-22T09:00:00+00:00,2020,GRIDSAT-B1.2020.11.22.09.v02r01.nc,data/interim/gridsat/2020/gridsat_2020.11.22.09.npz,560462,825ecd4c7f556652a04e8dc470a1288a7ec2660be36c29042bd95c184795c64f,2026-09-23T19:02:35.273040+00:00,data/interim/gridsat/2020/gridsat_2020.11.22.09.nc,794008,c47bbaacd7337494dc9144cb5dcf41fe3447db7cfc10423d222fdefc4d681162,2026-09-23T19:02:35.186085+00:00
2020-11-22T12:00:00+00:00,2020,GRIDSAT-B1.2020.11.22.12.v02r01.nc,data/interim/gridsat/2020/gridsat_2020.11.22.12.npz,529361,115e6790580999862df3071b3054775c308a4fe4e2b0d0f31a3baae5a98a2b62,2026-09-23T19:02:31.173532+00:00,data/interim/gridsat/2020/gridsat_2020.11.22.12.nc,761039,dfca0fa4f1731bb70811d68725691156f3fcbc2f0105585d22dc2e36249a1797,2026-09-23T19:02:31.086915+00:00
2020-11-22T15:00:00+00:00,2020,GRIDSAT-B1.2020.11.22.15.v02r01.nc,data/interim/gridsat/2020/gridsat_2020.11.22.15.npz,515598,f4b1dda87a6799af6f1fd98079b66a99b80ebd143039cc12d34e48cab5bff797,2026-09-23T19:02:25.645650+00:00,data/interim/gridsat/2020/gridsat_2020.11.22.15.nc,741124,eed14a2fc0e4c71d1e57c373d77284db3359fc6bd821e7d26149eb6ad8f47603,2026-09-23T19:02:25.556922+00:00
2020-11-22T18:00:00+00:00,2020,GRIDSAT-B1.2020.11.22.18.v02r01.nc,data/interim/gridsat/2020/gridsat_2020.11.22.18.npz,518883,8c66ee34b0be118a2b1c09133bb8832c2fbcd948feaec498b675da51703bd90b,2026-09-23T19:02:28.967005+00:00,data/interim/gridsat/2020/gridsat_2020.11.22.18.nc,742644,e58a8eff64c8d7ed3ca8818014b6eff761e9c5aa3f0edb91d13e3b5fbe17c226,2026-09-23T19:02:28.863796+00:00
2020-11-22T21:00:00+00:00,2020,GRIDSAT-B1.2020.11.22.21.v02r01.nc,data/interim/gridsat/2020/gridsat_2020.11.22.21.npz,524216,50ee06fa176d91cfd8d764b937c772a543324a675b550496b91e466eb87ac082,2026-09-23T19:02:26.125624+00:00,data/interim/gridsat/2020/gridsat_2020.11.22.21.nc,753887,caa315670cdbbe44ba378d7b72fae8e2538082a2edb822d17e0134d10b718c5c,2026-09-23T19:02:26.024577+00:00
2020-11-23T00:00:00+00:00,2020,GRIDSAT-B1.2020.11.23.00.v02r01.nc,data/interim/gridsat/2020/gridsat_2020.11.23.00.npz,519925,62617897fd93be6601eed1e4dc4fd31c26afe714b55096571cf31d5593e92412,2026-09-23T19:02:32.253919+00:00,data/interim/gridsat/2020/gridsat_2020.11.23.00.nc,752347,9bec5cc333ae3d2935d77ac7d02dc67b27faeca8a31b34d5a30e98da95431c7a,2026-09-23T19:02:32.170471+00:00
2020-11-23T03:00:00+00:00,2020,GRIDSAT-B1.2020.11.23.03.v02r01.nc,data/interim/gridsat/2020/gridsat_2020.11.23.03.npz,515663,b7022358db9b84f2c4dfe1fd6281b22e10d82ec1abb9dcfe36bd0dd623692f40,2026-09-23T19:02:36.855670+00:00,data/interim/gridsat/2020/gridsat_2020.11.23.03.nc,742956,2dd7f696e6e79e1df598ff2baa46b11f1a8d224becd38d5280aa3fcdfb3fe592,2026-09-23T19:02:36.781326+00:00
2020-11-23T06:00:00+00:00,2020,GRIDSAT-B1.2020.11.23.06.v02r01.nc,data/interim/gridsat/2020/gridsat_2020.11.23.06.npz,538627,22c308c1442317d363a4aefb8e5be4ae343ed58ddbcb37a610a3913ca92cefbe,2026-09-23T19:02:35.916869+00:00,data/interim/gridsat/2020/gridsat_2020.11.23.06.nc,760837,ad71e0bef9d57e1055a545c330c75669286815d8ad655001016cd6af23eeae6d,2026-09-23T19:02:35.834739+00:00
2020-11-23T09:00:00+00:00,2020,GRIDSAT-B1.2020.11.23.09.v02r01.nc,data/interim/gridsat/2020/gridsat_2020.11.23.09.npz,555272,7e8d09979308f691b4d6371388dc22201729e9391bb868a36ffdffed0093aee5,2026-09-23T19:02:36.389082+00:00,data/interim/gridsat/2020/gridsat_2020.11.23.09.nc,785944,caaeb3fa74f11681fcd18d8a67b2c1b86dde24fce97d79af2abccdb7ce57f8e0,2026-09-23T19:02:36.308431+00:00
2020-11-23T12:00:00+00:00,2020,GRIDSAT-B1.2020.11.23.12.v02r01.nc,data/interim/gridsat/2020/gridsat_2020.11.23.12.npz,534993,41444d8260a2941fc470497d89e9e60e70698a813076f439fd06f754755656cf,2026-09-23T19:02:39.769081+00:00,data/interim/gridsat/2020/gridsat_2020.11.23.12.nc,767351,ce017176d3deb77fbdd61f2c1df287263a642c9e07e83de588e25a4392d45efe,2026-09-23T19:02:39.688792+00:00
2020-11-23T15:00:00+00:00,2020,GRIDSAT-B1.2020.11.23.15.v02r01.nc,data/interim/gridsat/2020/gridsat_2020.11.23.15.npz,521131,a00b8edc19bfe9b5a135719dbf962706e545741e6ab6c5812a434321d57491ae,2026-09-23T19:02:41.670052+00:00,data/interim/gridsat/2020/gridsat_2020.11.23.15.nc,749755,bac6910e8b80c3f8b003b9a789b18c3f868d78be2f9c3b8ab96cc85bb181164f,2026-09-23T19:02:41.590002+00:00
2020-11-23T18:00:00+00:00,2020,GRIDSAT-B1.2020.11.23.18.v02r01.nc,data/interim/gridsat/2020/gridsat_2020.11.23.18.npz,524060,4ec4d429be4c26084497d3203164c203043180eae0851bee99c25fac8494e913,2026-09-23T19:02:41.980500+00:00,data/interim/gridsat/2020/gridsat_2020.11.23.18.nc,753531,d1f751d9e63a745ef500cd85f5a8fec418f12ff7b63d2445b62e6596e29ec04d,2026-09-23T19:02:41.897155+00:00
2020-11-23T21:00:00+00:00,2020,GRIDSAT-B1.2020.11.23.21.v02r01.nc,data/interim/gridsat/2020/gridsat_2020.11.23.21.npz,525328,af9718cf002419339ee811e6a724e642bae863bc2d6ed389ab3bc4620212a877,2026-09-23T19:02:43.015371+00:00,data/interim/gridsat/2020/gridsat_2020.11.23.21.nc,757724,614c8d65db54ab75862d1f1d617dff5795534e7e104c388da5c7f1ce7204983a,2026-09-23T19:02:42.927347+00:00
2020-11-24T00:00:00+00:00,2020,GRIDSAT-B1.2020.11.24.00.v02r01.nc,data/interim/gridsat/2020/gridsat_2020.11.24.00.npz,519384,483f848da4bae75136ec8b654a2c212759d86900d97c1c89ebde00523dc099a8,2026-09-23T19:02:44.258322+00:00,data/interim/gridsat/2020/gridsat_2020.11.24.00.nc,751545,624c6e90f7f65b39c49772b3abd4e0c0a76cc4df5a890793b874d33309b8859a,2026-09-23T19:02:44.174830+00:00
2020-11-24T03:00:00+00:00,2020,GRIDSAT-B1.2020.11.24.03.v02r01.nc,data/interim/gridsat/2020/gridsat_2020.11.24.03.npz,521185,517ffcdbf6f098a6d50219393da1a60f5bcf26b144787df5584fc78a1bf56fb8,2026-09-23T19:02:48.856029+00:00,data/interim/gridsat/2020/gridsat_2020.11.24.03.nc,749783,a4027d7e1832804cc5afa8306fcf6af54136fe6956d5aa958981df78b4977a38,2026-09-23T19:02:48.772738+00:00
2020-11-24T06:00:00+00:00,2020,GRIDSAT-B1.2020.11.24.06.v02r01.nc,data/interim/gridsat/2020/gridsat_2020.11.24.06.npz,546077,420b3224bf4544c6fdf4678c573b4e3265e7c51035f414729c6c691310bf76f1,2026-09-23T19:02:50.177382+00:00,data/interim/gridsat/2020/gridsat_2020.11.24.06.nc,768939,a1ba78778092a9df23e9159fa2122c1d793a1fc9ff5b6b171b3853dd4228fa92,2026-09-23T19:02:50.098493+00:00
2020-11-24T09:00:00+00:00,2020,GRIDSAT-B1.2020.11.24.09.v02r01.nc,data/interim/gridsat/2020/gridsat_2020.11.24.09.npz,561878,9295e9cdcfdf1e90bf2e786c8e1f940f14c9435a06fa9a4b8d7545961b2f9f29,2026-09-23T19:02:53.290179+00:00,data/interim/gridsat/2020/gridsat_2020.11.24.09.nc,792681,241f2953e6f582b3282f98d0c1860460ad754037f3a56dd51a3a98ccdd39d339,2026-09-23T19:02:53.195676+00:00
2020-11-24T12:00:00+00:00,2020,GRIDSAT-B1.2020.11.24.12.v02r01.nc,data/interim/gridsat/2020/gridsat_2020.11.24.12.npz,532968,ae4148d3bc79d8a6b876283aa6c7879bf111b5725c12f5efdd79f234ca20864e,2026-09-23T19:02:49.685829+00:00,data/interim/gridsat/2020/gridsat_2020.11.24.12.nc,763228,14e924839a76417ceda1af16676c130c80feacb701e1a3897990d1e3ac8e71f8,2026-09-23T19:02:49.602375+00:00
2020-11-24T15:00:00+00:00,2020,GRIDSAT-B1.2020.11.24.15.v02r01.nc,data/interim/gridsat/2020/gridsat_2020.11.24.15.npz,515391,335e9519d56242dffcc03cf7067ccf602629bcb65e095e9354d27c1f86f05197,2026-09-23T19:02:52.228694+00:00,data/interim/gridsat/2020/gridsat_2020.11.24.15.nc,742243,879a3846f4c068ea6b23676fee5730e931c0afa769e89ee1da37f894f5532301,2026-09-23T19:02:52.150112+00:00
2020-11-24T18:00:00+00:00,2020,GRIDSAT-B1.2020.11.24.18.v02r01.nc,data/interim/gridsat/2020/gridsat_2020.11.24.18.npz,515761,e4b10b0932a223fbf1abae0d7994c50d789819046c1bacd50e431a0c3011217d,2026-09-23T19:02:54.107752+00:00,data/interim/gridsat/2020/gridsat_2020.11.24.18.nc,745028,dc188fb5b047885f715953821dc3d748efeb0ad7a0ea3b98bf1ff3faceabcc6c,2026-09-23T19:02:54.027181+00:00
2020-11-29T09:00:00+00:00,2020,GRIDSAT-B1.2020.11.29.09.v02r01.nc,data/interim/gridsat/2020/gridsat_2020.11.29.09.npz,561385,26037e8c06382ad40685d8bce8cef5ddb0444e6a88a7322671d1698c0fa86797,2026-09-23T19:03:00.494158+00:00,data/interim/gridsat/2020/gridsat_2020.11.29.09.nc,781077,8600da9303ecbcb91615379aba8236d3eb11ca387dff0b81646e6f2e398ce2e2,2026-09-23T19:03:00.413555+00:00
2020-11-29T12:00:00+00:00,2020,GRIDSAT-B1.2020.11.29.12.v02r01.nc,data/interim/gridsat/2020/gridsat_2020.11.29.12.npz,527719,2094088142a7ccd48910063b3b0a8038a4e0eeb0b868cc1b2936c0073e48aeb8,2026-09-23T19:02:56.098592+00:00,data/interim/gridsat/2020/gridsat_2020.11.29.12.nc,749764,b0ddbd75c4e69500e6b71057b7ab7486f1c68b9759ebf058f8c4cc9612ae08c9,2026-09-23T19:02:56.012366+00:00
2020-11-29T15:00:00+00:00,2020,GRIDSAT-B1.2020.11.29.15.v02r01.nc,data/interim/gridsat/2020/gridsat_2020.11.29.15.npz,507645,b1f2e63c774019985fa861acabdd1dae1f1588e187944728022d99ad4c41d461,2026-09-23T19:02:56.485228+00:00,data/interim/gridsat/2020/gridsat_2020.11.29.15.nc,724539,a95e3bdb77cd3f21d9b3c1340f4721b882da1b33221ea8b1d53bd06024ec19f5,2026-09-23T19:02:56.398243+00:00
2020-11-29T18:00:00+00:00,2020,GRIDSAT-B1.2020.11.29.18.v02r01.nc,data/interim/gridsat/2020/gridsat_2020.11.29.18.npz,507796,16be3218174c5f7b21c3199533324e2d89232cd02be0a498af692b38d449f15b,2026-09-23T19:03:07.274584+00:00,data/interim/gridsat/2020/gridsat_2020.11.29.18.nc,727704,b2b2609e580526adaaf6954396c2517e4944616e3d5c148723e8e22add1f8426,2026-09-23T19:03:07.188823+00:00
2020-11-29T21:00:00+00:00,2020,GRIDSAT-B1.2020.11.29.21.v02r01.nc,data/interim/gridsat/2020/gridsat_2020.11.29.21.npz,511820,5687b47688377fb187ab1e862af12a52d0b5b5bb3e268b90611c21633fa94e07,2026-09-23T19:03:00.086730+00:00,data/interim/gridsat/2020/gridsat_2020.11.29.21.nc,737086,a4b7bb0c69b7d574d76693d2fbc970ab01294a30bf4df426dd7cfca93b5c744b,2026-09-23T19:02:59.994088+00:00
2020-11-30T00:00:00+00:00,2020,GRIDSAT-B1.2020.11.30.00.v02r01.nc,data/interim/gridsat/2020/gridsat_2020.11.30.00.npz,506181,e92a70b8050e6d49a2b1dd1a622d3a89d18c1bfdacc6c68822550c7696eddc96,2026-09-23T19:03:06.466180+00:00,data/interim/gridsat/2020/gridsat_2020.11.30.00.nc,730651,28f74dd731918d106ee31fca7109aaf16865e74e9aaadbf52a8b005f5683d7a2,2026-09-23T19:03:06.384162+00:00
2020-11-30T03:00:00+00:00,2020,GRIDSAT-B1.2020.11.30.03.v02r01.nc,data/interim/gridsat/2020/gridsat_2020.11.30.03.npz,494515,9e26807c0a94bdd945c664d855a4d3ebd4a4856b4b8f0db573543e43067ce6d2,2026-09-23T19:03:14.077264+00:00,data/interim/gridsat/2020/gridsat_2020.11.30.03.nc,712298,0179b08048968a11ec354ec3c59cc73650ae8d5b059d9907cf5f1246190fe113,2026-09-23T19:03:13.993828+00:00
2020-11-30T06:00:00+00:00,2020,GRIDSAT-B1.2020.11.30.06.v02r01.nc,data/interim/gridsat/2020/gridsat_2020.11.30.06.npz,515941,b8621bf845b6cb5313af24fa8c487358757c77666e698001fcb5df47b55887f7,2026-09-23T19:03:05.094710+00:00,data/interim/gridsat/2020/gridsat_2020.11.30.06.nc,726854,ef6215a1ffb12572ff12f7b023faeeecb5a64016e2dad58354b84315c4a70cd3,2026-09-23T19:03:05.011212+00:00
2020-11-30T09:00:00+00:00,2020,GRIDSAT-B1.2020.11.30.09.v02r01.nc,data/interim/gridsat/2020/gridsat_2020.11.30.09.npz,532731,7611fb2d480b9e3d4e2594527736a44af0ee29373584b0ec9206bf000a1682e9,2026-09-23T19:03:13.424570+00:00,data/interim/gridsat/2020/gridsat_2020.11.30.09.nc,753389,f58be20305e465c29e8797bf2636e63d47286a99e83c24fba010bf8e46cfd01a,2026-09-23T19:03:13.316200+00:00
2020-11-30T12:00:00+00:00,2020,GRIDSAT-B1.2020.11.30.12.v02r01.nc,data/interim/gridsat/2020/gridsat_2020.11.30.12.npz,502577,1ac1b422c804f345c1f7ce00dc1a2312679735c41c31f5dff42741a259acdebb,2026-09-23T19:03:10.510347+00:00,data/interim/gridsat/2020/gridsat_2020.11.30.12.nc,726171,9679c7f5174dcd3d54d797af04a75465f199a5cc3c70849d640e5cf20aba76a7,2026-09-23T19:03:10.429739+00:00
2020-11-30T15:00:00+00:00,2020,GRIDSAT-B1.2020.11.30.15.v02r01.nc,data/interim/gridsat/2020/gridsat_2020.11.30.15.npz,487993,729038a129ab9068edb41fac6bc5686d13fcb3158c1319f836e14e2303e8fc2e,2026-09-23T19:03:11.530323+00:00,data/interim/gridsat/2020/gridsat_2020.11.30.15.nc,706581,714aa473a331d6a33e83bc8d5ed11c9fe9d255a9686058a3941629a9673aa6c5,2026-09-23T19:03:11.449469+00:00
2020-11-30T18:00:00+00:00,2020,GRIDSAT-B1.2020.11.30.18.v02r01.nc,data/interim/gridsat/2020/gridsat_2020.11.30.18.npz,489894,914712e68b7720bf88c45e1a1c103253e6acafb41e950dc0d315784cde151ac7,2026-09-23T19:03:13.205480+00:00,data/interim/gridsat/2020/gridsat_2020.11.30.18.nc,708258,ca4ffaad5c1eb47a0de68f66e6ac929d017f39ecf62f7fde38d00856be904b41,2026-09-23T19:03:13.119055+00:00
2020-11-30T21:00:00+00:00,2020,GRIDSAT-B1.2020.11.30.21.v02r01.nc,data/interim/gridsat/2020/gridsat_2020.11.30.21.npz,494407,afac5fe6f94f15c04606d1234fe8c7cbeab209a18cc89616c9523cf5aff81657,2026-09-23T19:03:17.056410+00:00,data/interim/gridsat/2020/gridsat_2020.11.30.21.nc,717877,1ff565886f8aa7b86a0a76448e8029abbe6c7b4bac77f4b47ccac258d1f4ade7,2026-09-23T19:03:16.961388+00:00
2020-12-01T00:00:00+00:00,2020,GRIDSAT-B1.2020.12.01.00.v02r01.nc,data/interim/gridsat/2020/gridsat_2020.12.01.00.npz,494962,7b49293334acd423a659a2bb8a4bd77a8f70809b207e4a92fba32ae6118e5f46,2026-09-23T19:03:17.642286+00:00,data/interim/gridsat/2020/gridsat_2020.12.01.00.nc,719370,908f4e22ff031274f5343cdaa8268a099dbebb8ec380cfaba88fc69c18ec9758,2026-09-23T19:03:17.557091+00:00
2020-12-01T03:00:00+00:00,2020,GRIDSAT-B1.2020.12.01.03.v02r01.nc,data/interim/gridsat/2020/gridsat_2020.12.01.03.npz,488986,270c1cd9a6a0a18645b1ca8da494b3a58d592018fe2f21922b1acc280b3f51d2,2026-09-23T19:03:18.875853+00:00,data/interim/gridsat/2020/gridsat_2020.12.01.03.nc,708842,533a02d881b25bbf8b761892e5a07c94507d4ed5868f34d303e35079cbeff6ce,2026-09-23T19:03:18.769805+00:00
2020-12-01T06:00:00+00:00,2020,GRIDSAT-B1.2020.12.01.06.v02r01.nc,data/interim/gridsat/2020/gridsat_2020.12.01.06.npz,520454,f7bdc47dec43df12a9059bbf7be8ccbf3898f653953a6822eb1b33343d22d2e4,2026-09-23T19:03:22.424664+00:00,data/interim/gridsat/2020/gridsat_2020.12.01.06.nc,734824,fd914a5f58864612dd2ef7f977807685a15049aa0dd072600655ef85bc81abe9,2026-09-23T19:03:22.333832+00:00
2020-12-01T09:00:00+00:00,2020,GRIDSAT-B1.2020.12.01.09.v02r01.nc,data/interim/gridsat/2020/gridsat_2020.12.01.09.npz,537805,52bc2875b581be090a97f140d2e1f69f6c7505f09950eb89cf0891f9769730ba,2026-09-23T19:03:57.064823+00:00,data/interim/gridsat/2020/gridsat_2020.12.01.09.nc,761670,b94ce0aad9ed402d0909afbf862fb4e881139d5fa8bc9625b43c0a18479390a1,2026-09-23T19:03:56.982938+00:00
2020-12-01T12:00:00+00:00,2020,GRIDSAT-B1.2020.12.01.12.v02r01.nc,data/interim/gridsat/2020/gridsat_2020.12.01.12.npz,507078,f4ec6660b9a4bda22b0dd9fcf113dc89ebbe3718af88740a129e1922cec70e09,2026-09-23T19:03:42.830284+00:00,data/interim/gridsat/2020/gridsat_2020.12.01.12.nc,735785,ac7166604b7c9a578ca41944dfd9dbd93a949d52927083a576d124cd056e0fc0,2026-09-23T19:03:42.746716+00:00
2020-12-01T15:00:00+00:00,2020,GRIDSAT-B1.2020.12.01.15.v02r01.nc,data/interim/gridsat/2020/gridsat_2020.12.01.15.npz,496046,721b667ff87750cca97b3617cb7844ec7be40b97aef68b5c7fee5a74596986bb,2026-09-23T19:03:25.305083+00:00,data/interim/gridsat/2020/gridsat_2020.12.01.15.nc,719959,53c501ea92f797bf210a061a5a7a9744c9583a3e5517ebe462e917c14064dd34,2026-09-23T19:03:25.210573+00:00
2020-12-01T18:00:00+00:00,2020,GRIDSAT-B1.2020.12.01.18.v02r01.nc,data/interim/gridsat/2020/gridsat_2020.12.01.18.npz,499449,f4447a5507432e12f37bc00d920d30317824062fd7b0231e520070a385d25e9a,2026-09-23T19:03:27.185802+00:00,data/interim/gridsat/2020/gridsat_2020.12.01.18.nc,723691,ddd99a1e14e1acf23574f80f08f4b9f61514d45481e9cc7f95a53378408ea3f3,2026-09-23T19:03:27.097920+00:00
2020-12-01T21:00:00+00:00,2020,GRIDSAT-B1.2020.12.01.21.v02r01.nc,data/interim/gridsat/2020/gridsat_2020.12.01.21.npz,507639,00fcde30416d36c5b51e9345449b8742906b68d47c196743f03b90e69037145f,2026-09-23T19:03:28.629052+00:00,data/interim/gridsat/2020/gridsat_2020.12.01.21.nc,731667,c6ef0b618e2f9ff8ce48f4fa223d67281a7f4e2d54d898d73ed57e994734e50c,2026-09-23T19:03:28.549652+00:00
2020-12-02T00:00:00+00:00,2020,GRIDSAT-B1.2020.12.02.00.v02r01.nc,data/interim/gridsat/2020/gridsat_2020.12.02.00.npz,513488,44609c90f9e70da0a24ba0a60771a4009a8ae6933f7c125af61058a86c662fbe,2026-09-23T19:03:33.349184+00:00,data/interim/gridsat/2020/gridsat_2020.12.02.00.nc,743280,eff3b0d2ff5af641418f7b59257d1ad9a6addcc75532e36ff9b3e6becf104ea3,2026-09-23T19:03:33.257589+00:00
2020-12-02T03:00:00+00:00,2020,GRIDSAT-B1.2020.12.02.03.v02r01.nc,data/interim/gridsat/2020/gridsat_2020.12.02.03.npz,518271,6153af1a2f148b4fa0161cb358b1d70af5f837249a3e7cbe57c705b308830b38,2026-09-23T19:03:32.598463+00:00,data/interim/gridsat/2020/gridsat_2020.12.02.03.nc,745886,cc144044e4819c1852a95dbd97ce160e8f489455c236869b9fa004da0427073d,2026-09-23T19:03:32.514465+00:00
2020-12-02T06:00:00+00:00,2020,GRIDSAT-B1.2020.12.02.06.v02r01.nc,data/interim/gridsat/2020/gridsat_2020.12.02.06.npz,546034,cd95704e4395d2d517173c6ac015f16d285e74fbca5adc1b82e499c50ea5015d,2026-09-23T19:03:36.141635+00:00,data/interim/gridsat/2020/gridsat_2020.12.02.06.nc,773042,4cbdd662767e4334db21378d007db8f12944ca332d1c68df00dd3cbcbf9dac96,2026-09-23T19:03:36.055362+00:00
2020-12-02T09:00:00+00:00,2020,GRIDSAT-B1.2020.12.02.09.v02r01.nc,data/interim/gridsat/2020/gridsat_2020.12.02.09.npz,562420,e6061951127cc851f3c0d0a6bd71120a8b5e3dedde556894354b21bc238b0ff6,2026-09-23T19:03:36.199005+00:00,data/interim/gridsat/2020/gridsat_2020.12.02.09.nc,797451,63424f7abdbd668424fa616ab67662a546b9e237ba43c37ad0ca72a0ac981951,2026-09-23T19:03:36.112069+00:00
2020-12-02T12:00:00+00:00,2020,GRIDSAT-B1.2020.12.02.12.v02r01.nc,data/interim/gridsat/2020/gridsat_2020.12.02.12.npz,535668,1face01839bf2e052777257c1af06c38c9fefc4b0dfc10b38319d613ade58c8d,2026-09-23T19:03:46.583824+00:00,data/interim/gridsat/2020/gridsat_2020.12.02.12.nc,771047,8c341a6510eb25ca79642fbd5b159b0b52b4b8d54c6830293852a0fd2c83a8f1,2026-09-23T19:03:46.477512+00:00
2020-12-02T15:00:00+00:00,2020,GRIDSAT-B1.2020.12.02.15.v02r01.nc,data/interim/gridsat/2020/gridsat_2020.12.02.15.npz,519195,5928af8f0e8afaacb840d5d5981856f557f6487cda3d323bb98a76d1b01d713a,2026-09-23T19:03:42.224148+00:00,data/interim/gridsat/2020/gridsat_2020.12.02.15.nc,747272,302166a928192f87c515c25db2bda320bda0f2238f452a1aa0017cef12652cb3,2026-09-23T19:03:42.132455+00:00
2020-12-02T18:00:00+00:00,2020,GRIDSAT-B1.2020.12.02.18.v02r01.nc,data/interim/gridsat/2020/gridsat_2020.12.02.18.npz,522593,ff56752ceedd9f5f8b4c2a7cfc9d1d22c9fe753fef06c8920aade6bdc0208a04,2026-09-23T19:03:42.511822+00:00,data/interim/gridsat/2020/gridsat_2020.12.02.18.nc,754289,71aa57714d984e048cb15529d95080b0e07b02eeb9c8f8053909d8a9e2cdf152,2026-09-23T19:03:42.425207+00:00
2020-12-02T21:00:00+00:00,2020,GRIDSAT-B1.2020.12.02.21.v02r01.nc,data/interim/gridsat/2020/gridsat_2020.12.02.21.npz,525179,e12e4c9c4fdfa5bbd9e76288845de3e79c6dd08482b702724440404943bc5e9f,2026-09-23T19:03:45.065185+00:00,data/interim/gridsat/2020/gridsat_2020.12.02.21.nc,764396,64edc783ad2a581b9d09ece3ed8142f1012c89c2b316c6b3f04602fe81886ffd,2026-09-23T19:03:44.972853+00:00
2020-12-03T00:00:00+00:00,2020,GRIDSAT-B1.2020.12.03.00.v02r01.nc,data/interim/gridsat/2020/gridsat_2020.12.03.00.npz,520057,1423c820e75e59434de61f56800f4852eec6c8b362ea914f632787401e585685,2026-09-23T19:03:48.514291+00:00,data/interim/gridsat/2020/gridsat_2020.12.03.00.nc,755093,9c08f8bbe9d826cd843d458b61334e70e82945c2833c4b54ef0ed647b5fced2a,2026-09-23T19:03:48.430187+00:00
2020-12-03T03:00:00+00:00,2020,GRIDSAT-B1.2020.12.03.03.v02r01.nc,data/interim/gridsat/2020/gridsat_2020.12.03.03.npz,511244,591a253de835657cdbd648efb1a1fb26c2e8a62097d78360c67cf24125b409cd,2026-09-23T19:03:50.331393+00:00,data/interim/gridsat/2020/gridsat_2020.12.03.03.nc,739691,c48246cdf726b61447b08c7dde89061c9cfe1ca6e0c3714c0f9b01db5cbcd519,2026-09-23T19:03:50.250589+00:00
2021-05-13T15:00:00+00:00,2021,GRIDSAT-B1.2021.05.13.15.v02r01.nc,data/interim/gridsat/2021/gridsat_2021.05.13.15.npz,604540,be39aaa4d0d25c6cc97d40ef1c11c000d464114b5dd368a7c255b410cec5a1c3,2026-09-23T19:03:50.139378+00:00,data/interim/gridsat/2021/gridsat_2021.05.13.15.nc,874970,e6f83a28bdd326f13d5e5a482ee46da1b0cde5e61cb9c961fb9169fa1e6db301,2026-09-23T19:03:50.034780+00:00
2021-05-13T18:00:00+00:00,2021,GRIDSAT-B1.2021.05.13.18.v02r01.nc,data/interim/gridsat/2021/gridsat_2021.05.13.18.npz,600746,02db3ed1af4af8beaab8e16f84099a46e465abf1a996831e882d10c9a9c99fa8,2026-09-23T19:03:51.778095+00:00,data/interim/gridsat/2021/gridsat_2021.05.13.18.nc,869942,7b48218b524a782b9bf69e7d236637be646652d96735449f7b470865e000a4e0,2026-09-23T19:03:51.674070+00:00
2021-05-13T21:00:00+00:00,2021,GRIDSAT-B1.2021.05.13.21.v02r01.nc,data/interim/gridsat/2021/gridsat_2021.05.13.21.npz,599474,ef981711ccc9cebbfbdf60b2b7def1e84a94912abc838736817e3450b7a93746,2026-09-23T19:03:53.331342+00:00,data/interim/gridsat/2021/gridsat_2021.05.13.21.nc,867629,b4e85507d3f9acad42ab275d0bb7efd4de8d172ac94d9d3c7cdf81e1f08ba0d3,2026-09-23T19:03:53.243405+00:00
2021-05-14T00:00:00+00:00,2021,GRIDSAT-B1.2021.05.14.00.v02r01.nc,data/interim/gridsat/2021/gridsat_2021.05.14.00.npz,594050,fa59669f92c3b52d447dec0943a3456ade2cc046922c33ea1fe0627e8813697a,2026-09-23T19:04:04.947778+00:00,data/interim/gridsat/2021/gridsat_2021.05.14.00.nc,862022,38246e320fd34551dc0ed3f3010416b246a4508ec859e71727e8cc4515631e48,2026-09-23T19:04:04.854238+00:00
2021-05-14T03:00:00+00:00,2021,GRIDSAT-B1.2021.05.14.03.v02r01.nc,data/interim/gridsat/2021/gridsat_2021.05.14.03.npz,594680,3ce46d05489c53989511596becc347403a64a99949d168c43077eca97b3a0637,2026-09-23T19:03:56.396330+00:00,data/interim/gridsat/2021/gridsat_2021.05.14.03.nc,854843,eaaa2f24e6716db2a52e8161c08349baec12004d23c743321ef216c7a3ba867b,2026-09-23T19:03:56.316859+00:00
2021-05-14T06:00:00+00:00,2021,GRIDSAT-B1.2021.05.14.06.v02r01.nc,data/interim/gridsat/2021/gridsat_2021.05.14.06.npz,619956,667e8fa01b4e40f83a385fc683714a4d550367c445e3e04ce156e803288f7998,2026-09-23T19:03:56.153259+00:00,data/interim/gridsat/2021/gridsat_2021.05.14.06.nc,880521,82414b12b33ead0fb3df27e49a66b5cb2769c32e4f9172866a054ea599f6b4eb,2026-09-23T19:03:56.066488+00:00
2021-05-14T09:00:00+00:00,2021,GRIDSAT-B1.2021.05.14.09.v02r01.nc,data/interim/gridsat/2021/gridsat_2021.05.14.09.npz,635058,c228521985021744599362b7f21da9e5418a06f187c213f60d1668d393230913,2026-09-23T19:04:00.271283+00:00,data/interim/gridsat/2021/gridsat_2021.05.14.09.nc,893916,cb613987c4df980db0e11595d3f8b50ec36381369f5370d36aef4a669352fa1c,2026-09-23T19:04:00.170009+00:00
2021-05-14T12:00:00+00:00,2021,GRIDSAT-B1.2021.05.14.12.v02r01.nc,data/interim/gridsat/2021/gridsat_2021.05.14.12.npz,620537,884e395e225f362946856a79e04de58391540061fc9ae695409444eed267e147,2026-09-23T19:04:04.035986+00:00,data/interim/gridsat/2021/gridsat_2021.05.14.12.nc,881152,9e7a0ac2ec8f402f19a23843f76a6baa6279322a881f4c639dcf6d8df2c82890,2026-09-23T19:04:03.948747+00:00
2021-05-14T15:00:00+00:00,2021,GRIDSAT-B1.2021.05.14.15.v02r01.nc,data/interim/gridsat/2021/gridsat_2021.05.14.15.npz,592771,9366a94450ad161277783d12826a151b3e5a1c3d4ef22de451722690388b34d6,2026-09-23T19:04:01.883318+00:00,data/interim/gridsat/2021/gridsat_2021.05.14.15.nc,848676,71ae89c9b1132c09fabec339a4ff2c7fe43ee1e5f53443568a7b91890ace4b64,2026-09-23T19:04:01.792418+00:00
2021-05-14T18:00:00+00:00,2021,GRIDSAT-B1.2021.05.14.18.v02r01.nc,data/interim/gridsat/2021/gridsat_2021.05.14.18.npz,587386,ad3da181057b34987628571d08bd50c182ff4f3f830482972f3f191e31daa77a,2026-09-23T19:04:02.972443+00:00,data/interim/gridsat/2021/gridsat_2021.05.14.18.nc,838893,4584eef4d6d7275b5b35ac580039ac2f693987d6227743598dbaa159211a8be9,2026-09-23T19:04:02.882298+00:00
2021-05-14T21:00:00+00:00,2021,GRIDSAT-B1.2021.05.14.21.v02r01.nc,data/interim/gridsat/2021/gridsat_2021.05.14.21.npz,581376,90f6fe9cbc4235648791fe28a65e1113788fdcd6f9ab18d9abd8c599b5e80b8c,2026-09-23T19:04:06.465703+00:00,data/interim/gridsat/2021/gridsat_2021.05.14.21.nc,835069,6b1129e3031e92c017c223c96e51bd6e2bf4adfc994dc14d355da6ebcaf2607d,2026-09-23T19:04:06.311965+00:00
2021-05-15T00:00:00+00:00,2021,GRIDSAT-B1.2021.05.15.00.v02r01.nc,data/interim/gridsat/2021/gridsat_2021.05.15.00.npz,570978,8633cd29c2352ca3403aa6f743cd9fdd95f0e481b67fa67510be6657a4ba453d,2026-09-23T19:04:06.014101+00:00,data/interim/gridsat/2021/gridsat_2021.05.15.00.nc,825386,ad642f4732b01a6823453dc93ef8a59ce62c81704f15d7edf9dfed41b8eeebf3,2026-09-23T19:04:05.926089+00:00
2021-05-15T03:00:00+00:00,2021,GRIDSAT-B1.2021.05.15.03.v02r01.nc,data/interim/gridsat/2021/gridsat_2021.05.15.03.npz,568875,d713b83bec2563d302b0368991b5865d771dfa865d843ad24274130c5b81226c,2026-09-23T19:04:17.418931+00:00,data/interim/gridsat/2021/gridsat_2021.05.15.03.nc,820052,22633e1464296b5bd26a858606159b674253d7d8b7c21fc13b06a905c09d0f3a,2026-09-23T19:04:17.306125+00:00
2021-05-15T06:00:00+00:00,2021,GRIDSAT-B1.2021.05.15.06.v02r01.nc,data/interim/gridsat/2021/gridsat_2021.05.15.06.npz,599713,48d49f340599ce88bb4fcc4c326495d74dd89952f0c4382d5dac0c6698567d9c,2026-09-23T19:04:16.905355+00:00,data/interim/gridsat/2021/gridsat_2021.05.15.06.nc,848350,47024247fa2cb7e22457c93dc3a43ef10ec92192e60e0ee593756f82181bd765,2026-09-23T19:04:16.792278+00:00
2021-05-15T09:00:00+00:00,2021,GRIDSAT-B1.2021.05.15.09.v02r01.nc,data/interim/gridsat/2021/gridsat_2021.05.15.09.npz,617341,3f93a8bc94bb74a9d8d46852ac19065b1454938b7a7d834ffc5ca6346c0167f0,2026-09-23T19:04:09.920844+00:00,data/interim/gridsat/2021/gridsat_2021.05.15.09.nc,867463,cd624f0befb76f93537663ad6a41d1ecf53caf5a641815e430e3b8f7c2fb0862,2026-09-23T19:04:09.832829+00:00
2021-05-15T12:00:00+00:00,2021,GRIDSAT-B1.2021.05.15.12.v02r01.nc,data/interim/gridsat/2021/gridsat_2021.05.15.12.npz,605727,5a338a6257272cd4f4abbb7583a36cbdcefa934d7b0557314c45e3573f7717ea,2026-09-23T19:04:15.258885+00:00,data/interim/gridsat/2021/gridsat_2021.05.15.12.nc,856739,be5a3f79220739a1489969ef8d582a2616dd1467e7faf8ee4f1db4d31e22f358,2026-09-23T19:04:15.173777+00:00
2021-05-15T15:00:00+00:00,2021,GRIDSAT-B1.2021.05.15.15.v02r01.nc,data/interim/gridsat/2021/gridsat_2021.05.15.15.npz,576979,33c2530818f42796694278124a8597b6bcbaf8ae4aae86e61ff901cde31e086d,2026-09-23T19:04:18.044578+00:00,data/interim/gridsat/2021/gridsat_2021.05.15.15.nc,818802,1abec9b394c2136989f9e92285ff0c70d97dfc55b545b7161e50822339044df0,2026-09-23T19:04:17.952637+00:00
2021-05-15T18:00:00+00:00,2021,GRIDSAT-B1.2021.05.15.18.v02r01.nc,data/interim/gridsat/2021/gridsat_2021.05.15.18.npz,567674,068f5c703c23c5c1445218948c94b46d4899d6b3db929564c12c4f7ac2ddf29d,2026-09-23T19:04:16.437555+00:00,data/interim/gridsat/2021/gridsat_2021.05.15.18.nc,804940,625142a0edb12832fcb81907a10d279368f3bdb786c600217480ad107e2b4a14,2026-09-23T19:04:16.348584+00:00
2021-05-15T21:00:00+00:00,2021,GRIDSAT-B1.2021.05.15.21.v02r01.nc,data/interim/gridsat/2021/gridsat_2021.05.15.21.npz,564843,ccb0017143bbab56d5aeb7b2dadb9c9002633ab512928f247fd446d95812b67d,2026-09-23T19:04:19.041682+00:00,data/interim/gridsat/2021/gridsat_2021.05.15.21.nc,805880,6a135aa6cb735ecf41305653549fbf7c0e21d399f0cff4b23f2a8882d761257c,2026-09-23T19:04:18.948566+00:00
2021-05-16T00:00:00+00:00,2021,GRIDSAT-B1.2021.05.16.00.v02r01.nc,data/interim/gridsat/2021/gridsat_2021.05.16.00.npz,563162,471254a85888cf9c8b99808a7d08795b2581ffc6368773090563de7f3aaebe5b,2026-09-23T19:04:20.617990+00:00,data/interim/gridsat/2021/gridsat_2021.05.16.00.nc,809809,544824dcaf8ddd8c22108dafdd05df14e3d77781699065f7014f5deb93f51e6c,2026-09-23T19:04:20.534627+00:00
2021-05-16T03:00:00+00:00,2021,GRIDSAT-B1.2021.05.16.03.v02r01.nc,data/interim/gridsat/2021/gridsat_2021.05.16.03.npz,570393,38810e667e8bc35f94fc9f45b89e18ca7d7a3c072f6303f754ab7184162b6007,2026-09-23T19:04:26.127039+00:00,data/interim/gridsat/2021/gridsat_2021.05.16.03.nc,809727,3efc519b55fbd390be8f286c4c8da3a87ac6bd5c633fc2149c409e19971c9f7b,2026-09-23T19:04:26.039296+00:00
2021-05-16T06:00:00+00:00,2021,GRIDSAT-B1.2021.05.16.06.v02r01.nc,data/interim/gridsat/2021/gridsat_2021.05.16.06.npz,599778,b0f0c99343c1176954e0f244deeba288d8710c994c2ec8410a27d1402fd715a9,2026-09-23T19:04:22.712630+00:00,data/interim/gridsat/2021/gridsat_2021.05.16.06.nc,837551,79a10f30f852c63bce684273c953f8dc95197170bc727afe2b6d97e677c301b3,2026-09-23T19:04:22.599390+00:00
2021-05-16T09:00:00+00:00,2021,GRIDSAT-B1.2021.05.16.09.v02r01.nc,data/interim/gridsat/2021/gridsat_2021.05.16.09.npz,615897,89dd1c46ae83e9097658d84ccc81a7fabbbd1eb38e5aa5931ab02a88f064a18f,2026-09-23T19:04:24.906305+00:00,data/interim/gridsat/2021/gridsat_2021.05.16.09.nc,858672,1377aac8602b1b384e61767ccbde502816fb1137d8da278dffc5113ffe020b35,2026-09-23T19:04:24.813002+00:00
2021-05-16T12:00:00+00:00,2021,GRIDSAT-B1.2021.05.16.12.v02r01.nc,data/interim/gridsat/2021/gridsat_2021.05.16.12.npz,593578,c19720ce77a15e51f17a9bf2dc289011e39909a16e0c8898e69c490b9ab3d98a,2026-09-23T19:04:28.365696+00:00,data/interim/gridsat/2021/gridsat_2021.05.16.12.nc,835242,426b7a983f846a7c9d2ef91cd6cfe80c7e89360b058d63e04b2a6976f216ff8f,2026-09-23T19:04:28.235981+00:00
2021-05-16T15:00:00+00:00,2021,GRIDSAT-B1.2021.05.16.15.v02r01.nc,data/interim/gridsat/2021/gridsat_2021.05.16.15.npz,560602,a7a24c69d84d6d1a6c3c6fdf7b6569764e33fd1de23228de42f53343cad82a9c,2026-09-23T19:04:27.305771+00:00,data/interim/gridsat/2021/gridsat_2021.05.16.15.nc,797258,4df358bf0a4f4c5a5cc0316900a348aabf7d439f0460b445c92cd694f354e950,2026-09-23T19:04:27.211457+00:00
2021-05-16T18:00:00+00:00,2021,GRIDSAT-B1.2021.05.16.18.v02r01.nc,data/interim/gridsat/2021/gridsat_2021.05.16.18.npz,552811,4757e4d3dd1f2f30fed8b1dc589be99c1ce7070af720037c91d41785e11ec9b2,2026-09-23T19:04:29.027898+00:00,data/interim/gridsat/2021/gridsat_2021.05.16.18.nc,786394,435310b1f61f7d021a03fb7219dc40bc74cd4e126e28d849bd75e9b9a191fdcc,2026-09-23T19:04:28.891646+00:00
2021-05-16T21:00:00+00:00,2021,GRIDSAT-B1.2021.05.16.21.v02r01.nc,data/interim/gridsat/2021/gridsat_2021.05.16.21.npz,552864,365a8b6f74b99fd720434463c2d71bb8c2c15d70bb89e0f0724b644948b1c011,2026-09-23T19:04:31.753470+00:00,data/interim/gridsat/2021/gridsat_2021.05.16.21.nc,785957,ac08ba85cfceb814e44e18cc55b2cb61a56b2edaa09cb1cefbcef002a0fdbac0,2026-09-23T19:04:31.663735+00:00
2021-05-17T00:00:00+00:00,2021,GRIDSAT-B1.2021.05.17.00.v02r01.nc,data/interim/gridsat/2021/gridsat_2021.05.17.00.npz,543044,9b5ca799efbb3d6f901011c14853ff4e7ace0b52e2bf15d9cd62a2a91226e1b7,2026-09-23T19:04:35.587645+00:00,data/interim/gridsat/2021/gridsat_2021.05.17.00.nc,782097,53f3a60f8e20b41fbd002ccaf4d90a5109ee10b878837621c2e25fab420c51f4,2026-09-23T19:04:35.499832+00:00
2021-05-17T03:00:00+00:00,2021,GRIDSAT-B1.2021.05.17.03.v02r01.nc,data/interim/gridsat/2021/gridsat_2021.05.17.03.npz,540747,836fd2276d602cbbe89e2eabebb10896a938b329f717c9d4d8d44c461b118858,2026-09-23T19:04:38.703027+00:00,data/interim/gridsat/2021/gridsat_2021.05.17.03.nc,776647,8310e9eb93826b07f36f2a3c4409b9d6f38e916e63ab84e078a092087bffcd51,2026-09-23T19:04:38.583199+00:00
2021-05-17T06:00:00+00:00,2021,GRIDSAT-B1.2021.05.17.06.v02r01.nc,data/interim/gridsat/2021/gridsat_2021.05.17.06.npz,571080,40ab37320a06a6e6b0c41878e20b2deea5abb2731b1eb05f2d77920e95081b44,2026-09-23T19:04:33.715320+00:00,data/interim/gridsat/2021/gridsat_2021.05.17.06.nc,812353,18858eb8d2c121f51a92636e20c85459e42315d70f5be2c1fe8519243801db34,2026-09-23T19:04:33.631898+00:00
2021-05-22T15:00:00+00:00,2021,GRIDSAT-B1.2021.05.22.15.v02r01.nc,data/interim/gridsat/2021/gridsat_2021.05.22.15.npz,574077,210e989df3a0367056e1a7184b42f2ede901408ce10e38d6ebb7d0a6f96a4c65,2026-09-23T19:04:39.492782+00:00,data/interim/gridsat/2021/gridsat_2021.05.22.15.nc,816518,b4183b0055f939bc42e36ba450aabf905a5f063d518577eed9a862bbc643e782,2026-09-23T19:04:39.412908+00:00
2021-05-22T18:00:00+00:00,2021,GRIDSAT-B1.2021.05.22.18.v02r01.nc,data/interim/gridsat/2021/gridsat_2021.05.22.18.npz,566222,00743997f983004b531089894332f026dbe55020215ad490a190188c4749b480,2026-09-23T19:04:37.009277+00:00,data/interim/gridsat/2021/gridsat_2021.05.22.18.nc,805760,ec761a09876e1e59a32cc923c10145f77a092f72df56d08a5ec47b309f753a3a,2026-09-23T19:04:36.916372+00:00
2021-05-22T21:00:00+00:00,2021,GRIDSAT-B1.2021.05.22.21.v02r01.nc,data/interim/gridsat/2021/gridsat_2021.05.22.21.npz,568084,12bfd0e1d2c65680141f18e647e398ba56c0ae50a92234d2c1a47d17da4602a7,2026-09-23T19:04:47.251052+00:00,data/interim/gridsat/2021/gridsat_2021.05.22.21.nc,808174,8509ff275158668903029bd09ed260c6e35346f05564ee31276697acec979b30,2026-09-23T19:04:47.162650+00:00
2021-05-23T00:00:00+00:00,2021,GRIDSAT-B1.2021.05.23.00.v02r01.nc,data/interim/gridsat/2021/gridsat_2021.05.23.00.npz,564172,5c10838021274e8ac5a79f190dc77298bd8e241dd4c0659b3371ad8878dbdc27,2026-09-23T19:04:40.374583+00:00,data/interim/gridsat/2021/gridsat_2021.05.23.00.nc,806529,13e32f771a0a703cc1fda5ce149e904ee16ce13c47b370f9b7bf53d9cff16cc5,2026-09-23T19:04:40.295734+00:00
2021-05-23T03:00:00+00:00,2021,GRIDSAT-B1.2021.05.23.03.v02r01.nc,data/interim/gridsat/2021/gridsat_2021.05.23.03.npz,566130,dc36be4d228b51cc5d20480fce9793d450cb01cb21d0c7cf8485af45d3057a75,2026-09-23T19:04:47.185422+00:00,data/interim/gridsat/2021/gridsat_2021.05.23.03.nc,803162,43b73a0a6000f785b5bc1749c7bf5570f4d7512d20cba9f410758295167c2386,2026-09-23T19:04:47.096809+00:00
2021-05-23T06:00:00+00:00,2021,GRIDSAT-B1.2021.05.23.06.v02r01.nc,data/interim/gridsat/2021/gridsat_2021.05.23.06.npz,593616,a1e93634b332709966535ef667c13bb44fae48298eb9275dfc89c9b19d4713fa,2026-09-23T19:04:47.010919+00:00,data/interim/gridsat/2021/gridsat_2021.05.23.06.nc,827750,f5e74d683896dd9cf744244edcebd4fb6583118ab8b0616e95d7aea3ef3449cb,2026-09-23T19:04:46.923334+00:00
2021-05-23T09:00:00+00:00,2021,GRIDSAT-B1.2021.05.23.09.v02r01.nc,data/interim/gridsat/2021/gridsat_2021.05.23.09.npz,606890,4292d25503176a12a28c38040b768ddfa8d8297949a7132aacdb25a768f50509,2026-09-23T19:04:47.777597+00:00,data/interim/gridsat/2021/gridsat_2021.05.23.09.nc,847931,9d324c230103c000fd56c664d690f45d66e1107dc54acf0fbcc222bdb5ccc6dd,2026-09-23T19:04:47.691465+00:00
2021-05-23T12:00:00+00:00,2021,GRIDSAT-B1.2021.05.23.12.v02r01.nc,data/interim/gridsat/2021/gridsat_2021.05.23.12.npz,589536,d0c1030e8d4b051cf5984b3531c201efadbb3cb3483c6cee99b160bd989273cf,2026-09-23T19:04:52.660923+00:00,data/interim/gridsat/2021/gridsat_2021.05.23.12.nc,831209,8f7e54ea92f7cc8d593d4802060f23dfcd819bea8e0b5d9e7d0a6427ffed7b08,2026-09-23T19:04:52.555678+00:00
2021-05-23T15:00:00+00:00,2021,GRIDSAT-B1.2021.05.23.15.v02r01.nc,data/interim/gridsat/2021/gridsat_2021.05.23.15.npz,554634,f8a59687484e9d2027c05426929058d7fd03de3d93f83d5b0c2479dc3840986c,2026-09-23T19:04:51.936996+00:00,data/interim/gridsat/2021/gridsat_2021.05.23.15.nc,789700,370479332866ec07c46a7f6e354baa522f22f6ee23bbae0e6475cb12d1269995,2026-09-23T19:04:51.848235+00:00
2021-05-23T18:00:00+00:00,2021,GRIDSAT-B1.2021.05.23.18.v02r01.nc,data/interim/gridsat/2021/gridsat_2021.05.23.18.npz,543615,cd3ad253d7174d346192e11e1082857ce10b974490fca2f12c84cf4363b5e35a,2026-09-23T19:04:53.638006+00:00,data/interim/gridsat/2021/gridsat_2021.05.23.18.nc,776270,43c01bb15feb7318936eedcda45cc01a01de36e4cf70ed709107d0b9396da2c5,2026-09-23T19:04:53.542579+00:00
2021-05-23T21:00:00+00:00,2021,GRIDSAT-B1.2021.05.23.21.v02r01.nc,data/interim/gridsat/2021/gridsat_2021.05.23.21.npz,544710,0e854af707469acd73a2703faf55b07dad55516ddcc43fe1a697e152c909ae4c,2026-09-23T19:04:55.206221+00:00,data/interim/gridsat/2021/gridsat_2021.05.23.21.nc,778361,342ef08bf851c1feb8c45b3ec0a5b12b9b122263ab255ed88ed6f8fd958cc148,2026-09-23T19:04:55.110931+00:00
2021-05-24T00:00:00+00:00,2021,GRIDSAT-B1.2021.05.24.00.v02r01.nc,data/interim/gridsat/2021/gridsat_2021.05.24.00.npz,541360,057f5d78c550c1495159513ba16cf27a7b634f7b564d34e597421a6dbfa751e2,2026-09-23T19:04:57.277463+00:00,data/interim/gridsat/2021/gridsat_2021.05.24.00.nc,780840,7c59a11f6e3a9ef9a6098f7fb1b2e71e7c05760d0ed50e5651788adbd77c9816,2026-09-23T19:04:57.152672+00:00
2021-05-24T03:00:00+00:00,2021,GRIDSAT-B1.2021.05.24.03.v02r01.nc,data/interim/gridsat/2021/gridsat_2021.05.24.03.npz,544497,2ebb50cee0ece310d4043b12427edf665665cc1cbcae1db72975f84e19b2108a,2026-09-23T19:04:57.812458+00:00,data/interim/gridsat/2021/gridsat_2021.05.24.03.nc,780649,be412ae08d3182b5704d4a02c161846fa42e1571f8e0031ac8e1dc44af61a859,2026-09-23T19:04:57.729199+00:00
2021-05-24T06:00:00+00:00,2021,GRIDSAT-B1.2021.05.24.06.v02r01.nc,data/interim/gridsat/2021/gridsat_2021.05.24.06.npz,577365,30011704cb80561366072e1a14d9b69de59e782ee4466cb49f9cccdd72329ea6,2026-09-23T19:04:58.964789+00:00,data/interim/gridsat/2021/gridsat_2021.05.24.06.nc,817916,6c72e5a7fcd8dc56945f5867b4c66dbed665f2627d9e58cb94d8628f58fe35f3,2026-09-23T19:04:58.866098+00:00
2021-05-24T09:00:00+00:00,2021,GRIDSAT-B1.2021.05.24.09.v02r01.nc,data/interim/gridsat/2021/gridsat_2021.05.24.09.npz,602232,82e92326ebf68e30939d3da7e56fea3062b259cfbed9ea75c6172a8dc74949bd,2026-09-23T19:05:05.659127+00:00,data/interim/gridsat/2021/gridsat_2021.05.24.09.nc,848759,a3bce82283bfbc8cbcc5111a87ccce098ac25b4148b81889dc5033a1e14932f8,2026-09-23T19:05:05.565015+00:00
2021-05-24T12:00:00+00:00,2021,GRIDSAT-B1.2021.05.24.12.v02r01.nc,data/interim/gridsat/2021/gridsat_2021.05.24.12.npz,591138,70e319ed6d27bd972c53258d5c0b2aa1feca9deac3a73bf533ab63171d1b3be6,2026-09-23T19:05:03.075700+00:00,data/interim/gridsat/2021/gridsat_2021.05.24.12.nc,841028,ebc64b7c254130324aea53625b3163d0f9a25ab2d6493950efaa7248d5918489,2026-09-23T19:05:02.994780+00:00
2021-05-24T15:00:00+00:00,2021,GRIDSAT-B1.2021.05.24.15.v02r01.nc,data/interim/gridsat/2021/gridsat_2021.05.24.15.npz,563327,534b8f5794c32a561137f6f0e7e0e22cd88a73ceb52ac3137ae5b55bea29c647,2026-09-23T19:05:06.714621+00:00,data/interim/gridsat/2021/gridsat_2021.05.24.15.nc,805910,2b10683cf0b25eaa507bf50e012f103dcf9dbc28d686ed81ba6c4097b59e3ed5,2026-09-23T19:05:06.629749+00:00
2021-05-24T18:00:00+00:00,2021,GRIDSAT-B1.2021.05.24.18.v02r01.nc,data/interim/gridsat/2021/gridsat_2021.05.24.18.npz,557331,70714b2a1e4470ff6fdc479537caf98da19794ab6772458ea9e930964dfa7ac6,2026-09-23T19:05:04.138199+00:00,data/interim/gridsat/2021/gridsat_2021.05.24.18.nc,796822,e7555c79d34d12189a9c5195fc00d1d2ce92022f54cd96275936add8602050b7,2026-09-23T19:05:04.053255+00:00
2021-05-24T21:00:00+00:00,2021,GRIDSAT-B1.2021.05.24.21.v02r01.nc,data/interim/gridsat/2021/gridsat_2021.05.24.21.npz,556364,febdda94ca5825000f20621125a4a194ce095bb8da656a94a8420a37315eec6b,2026-09-23T19:05:04.211091+00:00,data/interim/gridsat/2021/gridsat_2021.05.24.21.nc,797766,bd307bd233e755cbcc023931a201abc07ceb91f9f1754f304c7a61a130bda7b0,2026-09-23T19:05:04.111826+00:00
2021-05-25T00:00:00+00:00,2021,GRIDSAT-B1.2021.05.25.00.v02r01.nc,data/interim/gridsat/2021/gridsat_2021.05.25.00.npz,557817,650b4ecd98e1d7afd9ad82bfe68c4f6f53e6001a541e78f2a4aca59f6aec687a,2026-09-23T19:05:15.134846+00:00,data/interim/gridsat/2021/gridsat_2021.05.25.00.nc,804786,43300e1e631687144eb54a694e3e2c99dfdd0cdd01e57f1a3d9824b3e4c37585,2026-09-23T19:05:15.035164+00:00
2021-05-25T03:00:00+00:00,2021,GRIDSAT-B1.2021.05.25.03.v02r01.nc,data/interim/gridsat/2021/gridsat_2021.05.25.03.npz,561974,0793979efbe4f5d416053cac9da5bdee279098c18c7d260f2d9920c5e57016f5,2026-09-23T19:05:09.902002+00:00,data/interim/gridsat/2021/gridsat_2021.05.25.03.nc,807733,073f7108b5ab1928981ab9fca92e1f5ab5778dedee56651792c4af2c94148d59,2026-09-23T19:05:09.812091+00:00
2021-05-25T06:00:00+00:00,2021,GRIDSAT-B1.2021.05.25.06.v02r01.nc,data/interim/gridsat/2021/gridsat_2021.05.25.06.npz,588871,6dd6f06100e6601610fc51f26e495cfd26fbf9b28a8f832bdc2be70638a7c3d7,2026-09-23T19:05:17.095248+00:00,data/interim/gridsat/2021/gridsat_2021.05.25.06.nc,834167,7167c6aca1b867dfffc8d238d099ebfba25d09a9503240be8ca579d841c0d5eb,2026-09-23T19:05:17.011453+00:00
2021-05-25T09:00:00+00:00,2021,GRIDSAT-B1.2021.05.25.09.v02r01.nc,data/interim/gridsat/2021/gridsat_2021.05.25.09.npz,608486,b34361e0b5ef5adcf59d3f497ffb991a96ebeb16409eff1f2d1124631b7674c2,2026-09-23T19:05:10.611476+00:00,data/interim/gridsat/2021/gridsat_2021.05.25.09.nc,857858,fb41bf1a9de032986b459ea42bb617508e288f3381132723e1834bfda34c816d,2026-09-23T19:05:10.520034+00:00
2021-05-25T12:00:00+00:00,2021,GRIDSAT-B1.2021.05.25.12.v02r01.nc,data/interim/gridsat/2021/gridsat_2021.05.25.12.npz,604306,8408cbca5b023370c15adbfd44c7832fe82380123c57ac57c875857db2c4af7c,2026-09-23T19:05:12.214567+00:00,data/interim/gridsat/2021/gridsat_2021.05.25.12.nc,854693,a3310010ee793dab35d9915e002b1effd0f28bfb8fda3a72a8751c14ef5b536b,2026-09-23T19:05:12.126542+00:00
2021-05-25T15:00:00+00:00,2021,GRIDSAT-B1.2021.05.25.15.v02r01.nc,data/interim/gridsat/2021/gridsat_2021.05.25.15.npz,578069,ea58ae223ec2a29016fd4d4a7a2ebcbe4defd69c3a447bf0040b13986c2a241a,2026-09-23T19:05:19.972632+00:00,data/interim/gridsat/2021/gridsat_2021.05.25.15.nc,821771,92acf8825896435da535b3c96f1818553c3fa9f97a136c63724f259dca503722,2026-09-23T19:05:19.883367+00:00
2021-05-25T18:00:00+00:00,2021,GRIDSAT-B1.2021.05.25.18.v02r01.nc,data/interim/gridsat/2021/gridsat_2021.05.25.18.npz,570747,8002a85dad3fb92ac6626cf636f4a85317fbee1a8d7ec88b456909d28c187039,2026-09-23T19:05:17.805124+00:00,data/interim/gridsat/2021/gridsat_2021.05.25.18.nc,815350,12bd31043ea753fe44aa8ababe99ddf9e0b6e8b12fbeada82c0f256d3698657a,2026-09-23T19:05:17.709924+00:00
2021-09-11T21:00:00+00:00,2021,GRIDSAT-B1.2021.09.11.21.v02r01.nc,data/interim/gridsat/2021/gridsat_2021.09.11.21.npz,603125,89eaaa8b1c872103a99bd893cb31f0d431fd9ce02f5b4fb77bca640e20b06ec8,2026-09-23T19:05:16.471226+00:00,data/interim/gridsat/2021/gridsat_2021.09.11.21.nc,859935,419960a424f9666a6018d38c42afeca7ac52ba9ec2cb0db015909af520303b0f,2026-09-23T19:05:16.370437+00:00
2021-09-12T00:00:00+00:00,2021,GRIDSAT-B1.2021.09.12.00.v02r01.nc,data/interim/gridsat/2021/gridsat_2021.09.12.00.npz,600581,e85f97b81c46838bb2157e07800d3a782a1c56a362f91a24f1a3a618c4d4607a,2026-09-23T19:05:24.273026+00:00,data/interim/gridsat/2021/gridsat_2021.09.12.00.nc,856880,66d655d7190db2b72b3695efd923edeee53afc494937ec32ad5fc48355e91e3d,2026-09-23T19:05:24.179593+00:00
2021-09-12T03:00:00+00:00,2021,GRIDSAT-B1.2021.09.12.03.v02r01.nc,data/interim/gridsat/2021/gridsat_2021.09.12.03.npz,596011,78e42ff322ab499787171b17ba7e566d0963768a56218bd5c9ab86b818c4d579,2026-09-23T19:05:27.986809+00:00,data/interim/gridsat/2021/gridsat_2021.09.12.03.nc,849766,188fe69a6a175e0640f98f29f21c7521c526f3967bc01b331ca7c23ce91829d2,2026-09-23T19:05:27.873988+00:00
2021-09-12T06:00:00+00:00,2021,GRIDSAT-B1.2021.09.12.06.v02r01.nc,data/interim/gridsat/2021/gridsat_2021.09.12.06.npz,607153,f7a157279c65daec2d9edf48b855d7a3f72ebc9f3773316835885661c17088a8,2026-09-23T19:05:25.533656+00:00,data/interim/gridsat/2021/gridsat_2021.09.12.06.nc,859598,8c6214d74ea582e3edf22d0237c25e0c087745d9938f46849aed79e3a70ccd64,2026-09-23T19:05:25.451278+00:00
2021-09-12T09:00:00+00:00,2021,GRIDSAT-B1.2021.09.12.09.v02r01.nc,data/interim/gridsat/2021/gridsat_2021.09.12.09.npz,623463,3b1cd4fcc56ef723d736b3ec6026785cf500d01ca8f562740a5e70e78fae3a17,2026-09-23T19:05:22.715723+00:00,data/interim/gridsat/2021/gridsat_2021.09.12.09.nc,880235,dc041949e21a52a2db30d9157a99202c5575245490f3358d47c92fe5ecd86b0c,2026-09-23T19:05:22.607854+00:00
2021-09-12T12:00:00+00:00,2021,GRIDSAT-B1.2021.09.12.12.v02r01.nc,data/interim/gridsat/2021/gridsat_2021.09.12.12.npz,611227,4548ea63aea628930ebb08e608b26fd9bb4d32b54bcd350a9211f1f9e822d6fe,2026-09-23T19:05:25.767659+00:00,data/interim/gridsat/2021/gridsat_2021.09.12.12.nc,866246,88c0c74146e9833ec2b2d6c14c91a043b09598c3f77093c504b388902737c106,2026-09-23T19:05:25.662355+00:00
2021-09-12T15:00:00+00:00,2021,GRIDSAT-B1.2021.09.12.15.v02r01.nc,data/interim/gridsat/2021/gridsat_2021.09.12.15.npz,594431,312a1c7de307b9849ced2e4eb2083c72ed27fa340bdf20b3133581082bb727c3,2026-09-23T19:05:28.373975+00:00,data/interim/gridsat/2021/gridsat_2021.09.12.15.nc,847099,bbe8513f38120bb8730d33fdd178e648f2cadd6413f6a998890f7b8c0b1a7741,2026-09-23T19:05:28.291891+00:00
2021-09-12T18:00:00+00:00,2021,GRIDSAT-B1.2021.09.12.18.v02r01.nc,data/interim/gridsat/2021/gridsat_2021.09.12.18.npz,595735,953634a33dad4e243b52b62e36c8fdc7446e4e552b9a16fd212e21f720c23fe4,2026-09-23T19:05:32.723367+00:00,data/interim/gridsat/2021/gridsat_2021.09.12.18.nc,848605,52d6120e46a3a952dabfb702e49f50c06003410881ff2de6e05141d9ba807c15,2026-09-23T19:05:32.636521+00:00
2021-09-23T21:00:00+00:00,2021,GRIDSAT-B1.2021.09.23.21.v02r01.nc,data/interim/gridsat/2021/gridsat_2021.09.23.21.npz,562160,1e3c3e175fb967b09566a21a6f56208559f9fe9221015dcdd4deaf96b5629980,2026-09-23T19:05:31.911177+00:00,data/interim/gridsat/2021/gridsat_2021.09.23.21.nc,812967,56de1d9a5e4cb0c91745c24c5739adbbccb19d74a5ed476f31a482dd08ed6b8d,2026-09-23T19:05:31.828460+00:00
2021-09-24T00:00:00+00:00,2021,GRIDSAT-B1.2021.09.24.00.v02r01.nc,data/interim/gridsat/2021/gridsat_2021.09.24.00.npz,555728,115a305fe6492911fcf6eca4a0a086fde1d73d12ec1e2e75aa97b5fa129bb435,2026-09-23T19:05:32.776653+00:00,data/interim/gridsat/2021/gridsat_2021.09.24.00.nc,805468,7b722ab893de3fa98417acd5aaf81f387406dcb3184e8f9a5a155a6a6d5318ea,2026-09-23T19:05:32.698044+00:00
2021-09-24T03:00:00+00:00,2021,GRIDSAT-B1.2021.09.24.03.v02r01.nc,data/interim/gridsat/2021/gridsat_2021.09.24.03.npz,551671,af5b15193a5948baa3fe5a2c428d63eb06449b670ff1ece1ec266814977cc80d,2026-09-23T19:05:37.573535+00:00,data/interim/gridsat/2021/gridsat_2021.09.24.03.nc,796651,aac7b40d56b5577ddead6e0a3fc600a00bb27dfa3fa8f4ba9d75f9948c0a123e,2026-09-23T19:05:37.486218+00:00
2021-09-24T06:00:00+00:00,2021,GRIDSAT-B1.2021.09.24.06.v02r01.nc,data/interim/gridsat/2021/gridsat_2021.09.24.06.npz,578888,1cec5616c97f2a669252d53121bc4898255c39b30a602e0522a30ac326eab3d5,2026-09-23T19:05:36.407163+00:00,data/interim/gridsat/2021/gridsat_2021.09.24.06.nc,823577,93286830b1ab6a105977eb254140b2d8a85617a3bacc0b72c6137af554f3a451,2026-09-23T19:05:36.325233+00:00
2021-09-24T09:00:00+00:00,2021,GRIDSAT-B1.2021.09.24.09.v02r01.nc,data/interim/gridsat/2021/gridsat_2021.09.24.09.npz,604105,63701c4bb1655be1ebafa8fcfd7186568744f9ebcc311c60ed8dd10bc52ba98b,2026-09-23T19:05:36.978083+00:00,data/interim/gridsat/2021/gridsat_2021.09.24.09.nc,855659,79f8267e4e421ee34ac33d70c34e06c2ae249b7c27fe6dc7cb5e50ff32dd4b4f,2026-09-23T19:05:36.892359+00:00
2021-09-24T12:00:00+00:00,2021,GRIDSAT-B1.2021.09.24.12.v02r01.nc,data/interim/gridsat/2021/gridsat_2021.09.24.12.npz,596372,2b5d7bdb5175866bfe7eb89f2124e7545306229499fdedd20572fd8f728712fc,2026-09-23T19:05:38.071625+00:00,data/interim/gridsat/2021/gridsat_2021.09.24.12.nc,849214,94bf34a8e2ee334df1ff0c6925b190c293863e9fcfd7b88f9e90d8b8d0ef0526,2026-09-23T19:05:37.971822+00:00
2021-09-24T15:00:00+00:00,2021,GRIDSAT-B1.2021.09.24.15.v02r01.nc,data/interim/gridsat/2021/gridsat_2021.09.24.15.npz,582795,b2812da3a2ece4e5976a784bee88f1acff4b15cb4802e1f65624a17ffa217767,2026-09-23T19:05:41.213147+00:00,data/interim/gridsat/2021/gridsat_2021.09.24.15.nc,835388,b229690d02bcc1b505c8c0a8d77d290e49c3376309a99e1ebc258bf56308b0c6,2026-09-23T19:05:41.090324+00:00
2021-09-24T18:00:00+00:00,2021,GRIDSAT-B1.2021.09.24.18.v02r01.nc,data/interim/gridsat/2021/gridsat_2021.09.24.18.npz,586342,9a5f070093a0765a76c938fe0ed1c74dfdcc280e6430c6e4ea95bf41136d8b05,2026-09-23T19:05:40.935692+00:00,data/interim/gridsat/2021/gridsat_2021.09.24.18.nc,840727,036526ed29eea6dedf74ef932a1b8bc7b8eacb80de05eea83006ccbb0cd8cc0b,2026-09-23T19:05:40.846419+00:00
2021-09-24T21:00:00+00:00,2021,GRIDSAT-B1.2021.09.24.21.v02r01.nc,data/interim/gridsat/2021/gridsat_2021.09.24.21.npz,586587,fd8f7d57d092426b48519acae3682f91445a28ff0bef264c54ad744f68c2d1bc,2026-09-23T19:05:43.252512+00:00,data/interim/gridsat/2021/gridsat_2021.09.24.21.nc,843436,12454136c291ba769e34a47f690e986a5b3ccffedd61da0de96ce9a0e916b2a7,2026-09-23T19:05:43.150938+00:00
2021-09-25T00:00:00+00:00,2021,GRIDSAT-B1.2021.09.25.00.v02r01.nc,data/interim/gridsat/2021/gridsat_2021.09.25.00.npz,582627,027189005edcb2d3285d20121598ae862f09e82b2ff337850141406fa0a9549e,2026-09-23T19:05:49.385404+00:00,data/interim/gridsat/2021/gridsat_2021.09.25.00.nc,839320,5d7df6895800a7d8fd2afd3aa34acdbf866f8c412d3ebda2539ecb8d7753436c,2026-09-23T19:05:49.276427+00:00
2021-09-25T03:00:00+00:00,2021,GRIDSAT-B1.2021.09.25.03.v02r01.nc,data/interim/gridsat/2021/gridsat_2021.09.25.03.npz,580106,aa6f2568a7f55bf76c169288daedc8d88ce9857e7e7afc725156a4f99b77f269,2026-09-23T19:05:48.770617+00:00,data/interim/gridsat/2021/gridsat_2021.09.25.03.nc,830933,5713c3e627b8a4704c7ac95b7b9f523ff49ab2bb1ef0cb21415be10cc43a2ba5,2026-09-23T19:05:48.638851+00:00
2021-09-25T06:00:00+00:00,2021,GRIDSAT-B1.2021.09.25.06.v02r01.nc,data/interim/gridsat/2021/gridsat_2021.09.25.06.npz,602275,eb1dd5afd46efcb28bb044bbe44e8f61872d85633fe0f798c7482b7271734cb7,2026-09-23T19:05:49.095847+00:00,data/interim/gridsat/2021/gridsat_2021.09.25.06.nc,854137,ae8d65d0632d15c6d1c1e02341443cf42de466533d7fc8853ddadd935518be60,2026-09-23T19:05:48.972382+00:00
2021-09-25T09:00:00+00:00,2021,GRIDSAT-B1.2021.09.25.09.v02r01.nc,data/interim/gridsat/2021/gridsat_2021.09.25.09.npz,619914,22e9adf1f0ea1327db37be311be1a1718ee9e9c993174dff9cbfa7ccdc55cae9,2026-09-23T19:05:47.112407+00:00,data/interim/gridsat/2021/gridsat_2021.09.25.09.nc,871755,9cbb115c47024ddd4ba09df505fae69323a4b22b3da77b0264851735304bd05e,2026-09-23T19:05:47.012673+00:00
2021-09-25T12:00:00+00:00,2021,GRIDSAT-B1.2021.09.25.12.v02r01.nc,data/interim/gridsat/2021/gridsat_2021.09.25.12.npz,607303,4142e760eb85aab8e485b60bc3bda19d0e1a33ae804c372c3fe8718d978213e5,2026-09-23T19:06:02.384798+00:00,data/interim/gridsat/2021/gridsat_2021.09.25.12.nc,863367,90e16afeab045ee780e39e6cc1083dee227fe0d4c8dbdfc6d30b34c2ee855888,2026-09-23T19:06:02.295930+00:00
2021-09-25T15:00:00+00:00,2021,GRIDSAT-B1.2021.09.25.15.v02r01.nc,data/interim/gridsat/2021/gridsat_2021.09.25.15.npz,590498,a6ef82ca9e49738241fc49243b000b04cf07855336e870e75416dcbdbdfdbefc,2026-09-23T19:06:06.346694+00:00,data/interim/gridsat/2021/gridsat_2021.09.25.15.nc,839154,2c6eb5457c9a6ed503db6c7e61aba16b50724a81a0915a9d7e85eacb4f7be44d,2026-09-23T19:06:06.263680+00:00
2021-09-25T18:00:00+00:00,2021,GRIDSAT-B1.2021.09.25.18.v02r01.nc,data/interim/gridsat/2021/gridsat_2021.09.25.18.npz,585007,3abe150d6d5f39a27aade847f17c9854ab229635e40724d5e95dec82d13408a8,2026-09-23T19:05:53.456930+00:00,data/interim/gridsat/2021/gridsat_2021.09.25.18.nc,834880,e8c7e40ae3d39b68752df7c77ba1684de98cdcb3530e69dd33d1f5ec00e0f1e3,2026-09-23T19:05:53.331265+00:00
2021-09-25T21:00:00+00:00,2021,GRIDSAT-B1.2021.09.25.21.v02r01.nc,data/interim/gridsat/2021/gridsat_2021.09.25.21.npz,575331,c82a5cfb9b9a23bbd26649855c2a6bed99b35bd31fe403f1b37bfecc14869f3c,2026-09-23T19:06:00.894358+00:00,data/interim/gridsat/2021/gridsat_2021.09.25.21.nc,825359,7dfc5c5fdc6c299c798cf19b58e1b3af2bf5ae86e54b286dd06560f1f5dd72ac,2026-09-23T19:06:00.797124+00:00
2021-09-26T00:00:00+00:00,2021,GRIDSAT-B1.2021.09.26.00.v02r01.nc,data/interim/gridsat/2021/gridsat_2021.09.26.00.npz,569922,b43a6fa6e2a1e2493d9551aca5cbf8c14f142e222c1b69a7a2b0720f4b81c5d5,2026-09-23T19:06:02.326307+00:00,data/interim/gridsat/2021/gridsat_2021.09.26.00.nc,819757,e8f604429c568c6fd2488d1b37ae347e313808df3f78ed8504628107cb681c1e,2026-09-23T19:06:02.234647+00:00
2021-09-26T03:00:00+00:00,2021,GRIDSAT-B1.2021.09.26.03.v02r01.nc,data/interim/gridsat/2021/gridsat_2021.09.26.03.npz,563730,f543eb42309e4c880b045ead13076db9d1e6d3ffe6ab230d6798a7a1ca30d910,2026-09-23T19:06:02.564746+00:00,data/interim/gridsat/2021/gridsat_2021.09.26.03.nc,809444,a96de8b6e65bfc6538f5e0901d5c836aae5a862cbf9fa1cfdec43bcc5b01166c,2026-09-23T19:06:02.477660+00:00
2021-09-29T09:00:00+00:00,2021,GRIDSAT-B1.2021.09.29.09.v02r01.nc,data/interim/gridsat/2021/gridsat_2021.09.29.09.npz,600377,3c4de0f0a2b7b9a6fe04e4736e0d49991c93500dacfcaea93b03a8051c3adbbd,2026-09-23T19:06:00.272124+00:00,data/interim/gridsat/2021/gridsat_2021.09.29.09.nc,844657,dc516eb86f68164121bdeba16f6bcde0666cf80022d0c9ec77797d66f3645d63,2026-09-23T19:06:00.179552+00:00
2021-09-29T12:00:00+00:00,2021,GRIDSAT-B1.2021.09.29.12.v02r01.nc,data/interim/gridsat/2021/gridsat_2021.09.29.12.npz,579977,a62c19dee2201c74bbe8111f0153aef2af816bbaba7ff08301746441d5e024e1,2026-09-23T19:06:06.137357+00:00,data/interim/gridsat/2021/gridsat_2021.09.29.12.nc,819439,cc903f119145c706a1db3a8156e52d1bfa79ff0864c556b1e1f948d798e5c5df,2026-09-23T19:06:06.049455+00:00
2021-09-29T15:00:00+00:00,2021,GRIDSAT-B1.2021.09.29.15.v02r01.nc,data/interim/gridsat/2021/gridsat_2021.09.29.15.npz,548372,b1cb6ceac21e8a23ac8340c130bdb2e97e5d7f58e5cfca22bfbb9f1e19b9c430,2026-09-23T19:06:07.283122+00:00,data/interim/gridsat/2021/gridsat_2021.09.29.15.nc,779797,c7805f05696bfb6f5ebd311663022535729d80b8996562562b9ff4aa3995120b,2026-09-23T19:06:07.199960+00:00
2021-09-29T18:00:00+00:00,2021,GRIDSAT-B1.2021.09.29.18.v02r01.nc,data/interim/gridsat/2021/gridsat_2021.09.29.18.npz,541300,8c863d5bc2e1ba5b632bbf97c4c4cf02c16d04ee5d64afc0ded7d1f625c90042,2026-09-23T19:06:16.207990+00:00,data/interim/gridsat/2021/gridsat_2021.09.29.18.nc,777579,c45b9dcdda5e3b2af42b71b1a436f5b40a9e051aafd4d632ac2230cc75c295e6,2026-09-23T19:06:16.123343+00:00
2021-09-29T21:00:00+00:00,2021,GRIDSAT-B1.2021.09.29.21.v02r01.nc,data/interim/gridsat/2021/gridsat_2021.09.29.21.npz,545709,66d5c3f5bcbe55938fe6dd37fe91621983a9b372d97b3be64d62251ada5879ed,2026-09-23T19:06:11.806134+00:00,data/interim/gridsat/2021/gridsat_2021.09.29.21.nc,788249,f1a8bb66ff7b96c0cbcb657bb06fa06827b6013b21e30acac61870d4e5eb5604,2026-09-23T19:06:11.713615+00:00
2021-09-30T00:00:00+00:00,2021,GRIDSAT-B1.2021.09.30.00.v02r01.nc,data/interim/gridsat/2021/gridsat_2021.09.30.00.npz,550335,b3b83313bab1efaa02a936bc4541b936e5b46ad4d554106be32e7c991377af03,2026-09-23T19:06:12.030914+00:00,data/interim/gridsat/2021/gridsat_2021.09.30.00.nc,792047,334a1522a4d5b5ab81c7c35cfc39da2147f3fc35115672c85a9692b787f4071f,2026-09-23T19:06:11.930306+00:00
2021-09-30T03:00:00+00:00,2021,GRIDSAT-B1.2021.09.30.03.v02r01.nc,data/interim/gridsat/2021/gridsat_2021.09.30.03.npz,551383,5e13a54c9130809f3094c241c765e8fa0dcdc6eb679ae29d0ab091b98b8289b2,2026-09-23T19:06:26.241298+00:00,data/interim/gridsat/2021/gridsat_2021.09.30.03.nc,788202,0c475438602e0decc1ac66c48849d98bfc26ca3e4c8fde3202ef38deaae47178,2026-09-23T19:06:26.148338+00:00
2021-09-30T06:00:00+00:00,2021,GRIDSAT-B1.2021.09.30.06.v02r01.nc,data/interim/gridsat/2021/gridsat_2021.09.30.06.npz,582522,5408cd028daecf25e931bed8a5ac44016eddb7926433235b8dbe6c786ed8ca05,2026-09-23T19:06:12.824934+00:00,data/interim/gridsat/2021/gridsat_2021.09.30.06.nc,817172,e00ad480ebb024976e3cf0bc68d7af6f3ec188cd84b34ab46f4acc5c0b66817a,2026-09-23T19:06:12.734626+00:00
2021-09-30T09:00:00+00:00,2021,GRIDSAT-B1.2021.09.30.09.v02r01.nc,data/interim/gridsat/2021/gridsat_2021.09.30.09.npz,608967,4d4fcfabdd0b109d345e53e793bcf82b307051a03371a4060a91a19516d02bdd,2026-09-23T19:06:20.364711+00:00,data/interim/gridsat/2021/gridsat_2021.09.30.09.nc,851539,cd481b9d62d8ffaff1153d73967e30112764d60e131928dbecb1c2766593265c,2026-09-23T19:06:20.264296+00:00
2021-09-30T12:00:00+00:00,2021,GRIDSAT-B1.2021.09.30.12.v02r01.nc,data/interim/gridsat/2021/gridsat_2021.09.30.12.npz,592016,4b5cecf786bc99d9c53f5dc3f608d0cb197e6d45a9de2c3eb2d76e85629a862b,2026-09-23T19:06:25.816005+00:00,data/interim/gridsat/2021/gridsat_2021.09.30.12.nc,835493,8a36dd164cd580e60941f0b989990d1d40238d72ec1911911c3e35aaab6ad82d,2026-09-23T19:06:25.723929+00:00
2021-09-30T15:00:00+00:00,2021,GRIDSAT-B1.2021.09.30.15.v02r01.nc,data/interim/gridsat/2021/gridsat_2021.09.30.15.npz,568902,ddf39197bc18560b913b1564bc785e2d5596f39343bbbedbfa295f6e8afdaffa,2026-09-23T19:06:24.811816+00:00,data/interim/gridsat/2021/gridsat_2021.09.30.15.nc,804506,fe938f2eaf74b99a1025d7ed53c84ff28adf5213b41c2b956e09dc7c250d508f,2026-09-23T19:06:24.727522+00:00
2021-09-30T18:00:00+00:00,2021,GRIDSAT-B1.2021.09.30.18.v02r01.nc,data/interim/gridsat/2021/gridsat_2021.09.30.18.npz,565289,7f45814766e273db0c501e7f37d29f9b5edf45c74b9b9c21184c29a0ff182764,2026-09-23T19:06:25.051284+00:00,data/interim/gridsat/2021/gridsat_2021.09.30.18.nc,805895,4ac9acaeb675e67640d8d9e5f45ad893837320856ee46ce8b2bc5ad2fdb9b7bb,2026-09-23T19:06:24.935021+00:00
2021-09-30T21:00:00+00:00,2021,GRIDSAT-B1.2021.09.30.21.v02r01.nc,data/interim/gridsat/2021/gridsat_2021.09.30.21.npz,563557,96959a752db4b87f2747e8b17a85dda4c0c331c746afa4ba147231d1d5e55ad0,2026-09-23T19:06:22.852788+00:00,data/interim/gridsat/2021/gridsat_2021.09.30.21.nc,813649,3af3d4e2a3ff793e67239519b7b5b1b4e4400570e8aef0e5a6e1c3d0bbed6c4f,2026-09-23T19:06:22.755954+00:00
2021-10-01T00:00:00+00:00,2021,GRIDSAT-B1.2021.10.01.00.v02r01.nc,data/interim/gridsat/2021/gridsat_2021.10.01.00.npz,548952,3115b5c92c6637fe13cf9a930c4a3a6c56db24758edc2edde90c4c648cb2d818,2026-09-23T19:06:26.588516+00:00,data/interim/gridsat/2021/gridsat_2021.10.01.00.nc,799172,d444832804e4ba18123f13a31fd491c2e8600aaaf49a4f71ff105bb1988420ee,2026-09-23T19:06:26.498200+00:00
2021-10-01T03:00:00+00:00,2021,GRIDSAT-B1.2021.10.01.03.v02r01.nc,data/interim/gridsat/2021/gridsat_2021.10.01.03.npz,538453,9612fa906d27b87eec2d0ae0d855ca9279e61c3d01de5e79570f3ab30fa4703f,2026-09-23T19:06:31.554503+00:00,data/interim/gridsat/2021/gridsat_2021.10.01.03.nc,780541,30a78de360289508ffb5cf2da9ffa8872a65858feea8680847c5125372606cde,2026-09-23T19:06:31.433230+00:00
2021-10-01T06:00:00+00:00,2021,GRIDSAT-B1.2021.10.01.06.v02r01.nc,data/interim/gridsat/2021/gridsat_2021.10.01.06.npz,569035,b09484719b8acc0173b989a118e5a62963f18c3d2c7341ca2ae722928df899d5,2026-09-23T19:06:34.846999+00:00,data/interim/gridsat/2021/gridsat_2021.10.01.06.nc,808312,b6da1ac771a4943c4ceb323ce243baa2b03ced59cf5566103ee16c5fabbd1797,2026-09-23T19:06:34.756107+00:00
2021-10-01T09:00:00+00:00,2021,GRIDSAT-B1.2021.10.01.09.v02r01.nc,data/interim/gridsat/2021/gridsat_2021.10.01.09.npz,594088,aecca8ffafd0608febdeadd036f7159300e043a1806b080a1159011e9ba1c19e,2026-09-23T19:06:32.253001+00:00,data/interim/gridsat/2021/gridsat_2021.10.01.09.nc,842354,3092bc62ff32e8485fa0842158f0ab440f6d56a188d41f4c3363a573726efdee,2026-09-23T19:06:32.164712+00:00
2021-10-01T12:00:00+00:00,2021,GRIDSAT-B1.2021.10.01.12.v02r01.nc,data/interim/gridsat/2021/gridsat_2021.10.01.12.npz,582518,ff4c01eef68deec4eb69d7bb0384e15cca0f4054029363bb96fe0e4da54498d5,2026-09-23T19:06:36.019863+00:00,data/interim/gridsat/2021/gridsat_2021.10.01.12.nc,832810,439b5adb0729f99cd9b632008fe69b57001efff972657ae6e7203fc4ca6506dc,2026-09-23T19:06:35.935577+00:00
2021-10-01T15:00:00+00:00,2021,GRIDSAT-B1.2021.10.01.15.v02r01.nc,data/interim/gridsat/2021/gridsat_2021.10.01.15.npz,560553,6ecc8c7b275c6efea57dc3c08b0af414920f2bffbb654c5d801a14c914ae552b,2026-09-23T19:06:57.223139+00:00,data/interim/gridsat/2021/gridsat_2021.10.01.15.nc,806150,01992de9903586c9eb51bcef3f105ef997e71b77d5de43f408d97e74b1527f04,2026-09-23T19:06:57.126885+00:00
2021-10-01T18:00:00+00:00,2021,GRIDSAT-B1.2021.10.01.18.v02r01.nc,data/interim/gridsat/2021/gridsat_2021.10.01.18.npz,563753,aa5f9d9ec16a1327b734fcf2eadeacc7933a27e8c6b884b8a54b51235607bbbd,2026-09-23T19:06:36.213175+00:00,data/interim/gridsat/2021/gridsat_2021.10.01.18.nc,812013,ce5954685d0c98c8af9ebeb238d69cf1744f29353bf8f75a91aaa0d074ee5b21,2026-09-23T19:06:36.112424+00:00
2021-10-01T21:00:00+00:00,2021,GRIDSAT-B1.2021.10.01.21.v02r01.nc,data/interim/gridsat/2021/gridsat_2021.10.01.21.npz,569516,23cd30a15d18515cc8139d1bf1dd86c32419e9c2b02ef90addabca52b4b84a28,2026-09-23T19:06:40.174920+00:00,data/interim/gridsat/2021/gridsat_2021.10.01.21.nc,823183,429d60967a197ecdcaa95ba817e578d57861a99c52b1674ca167fa881d599803,2026-09-23T19:06:40.073066+00:00
2021-10-02T00:00:00+00:00,2021,GRIDSAT-B1.2021.10.02.00.v02r01.nc,data/interim/gridsat/2021/gridsat_2021.10.02.00.npz,565122,b480dcec606d5a60b2f1f72394f7296f99cb05ad4a0b557666e52f34e4e265cf,2026-09-23T19:06:38.750597+00:00,data/interim/gridsat/2021/gridsat_2021.10.02.00.nc,817892,182dfb4882eca05803c5d4cbd183ffae4644befb07be562360e0297061b8ae5b,2026-09-23T19:06:38.638526+00:00
2021-10-02T03:00:00+00:00,2021,GRIDSAT-B1.2021.10.02.03.v02r01.nc,data/interim/gridsat/2021/gridsat_2021.10.02.03.npz,569565,ceb2c90d975dc9603840c55293d71c4b3dfc414e18e084b43f4205887e469d6a,2026-09-23T19:06:44.893798+00:00,data/interim/gridsat/2021/gridsat_2021.10.02.03.nc,815187,5f57a74c099f252c757802b627b2e588e04656bef38e41642531c5bb1885c45a,2026-09-23T19:06:44.811817+00:00
2021-10-02T06:00:00+00:00,2021,GRIDSAT-B1.2021.10.02.06.v02r01.nc,data/interim/gridsat/2021/gridsat_2021.10.02.06.npz,587363,4634b3696eb3470c67a2d33547221ee7d88cf3500e5784e53f1502b112149a4c,2026-09-23T19:06:44.971577+00:00,data/interim/gridsat/2021/gridsat_2021.10.02.06.nc,830147,51880b3cf75b47c28264f31ccd66ba40e8628762c5cb30cd208221f30b93af1c,2026-09-23T19:06:44.869879+00:00
2021-12-01T21:00:00+00:00,2021,GRIDSAT-B1.2021.12.01.21.v02r01.nc,data/interim/gridsat/2021/gridsat_2021.12.01.21.npz,542287,f71c6fc8f4ac7f7899f5c506561090f722c3d8c548a1277c4937bd73521ce89b,2026-09-23T19:06:46.648996+00:00,data/interim/gridsat/2021/gridsat_2021.12.01.21.nc,790785,91387b2b67438da01aea310ab9801355ef5ef4f96965cbeb80b0e512b7fd4f0e,2026-09-23T19:06:46.544911+00:00
2021-12-02T00:00:00+00:00,2021,GRIDSAT-B1.2021.12.02.00.v02r01.nc,data/interim/gridsat/2021/gridsat_2021.12.02.00.npz,535685,d8f6fa1d7ecf304d491a17594ed19f984001f1a0b6bc5ec2f07095ae7e806b9b,2026-09-23T19:06:45.566983+00:00,data/interim/gridsat/2021/gridsat_2021.12.02.00.nc,783789,6bc3162b2ff2d2175143a9a8059d9a5c9f2350b042fa8773f5eec189661ae9eb,2026-09-23T19:06:45.477154+00:00
2021-12-02T03:00:00+00:00,2021,GRIDSAT-B1.2021.12.02.03.v02r01.nc,data/interim/gridsat/2021/gridsat_2021.12.02.03.npz,522268,da911cf31e7af5cabc25e11762b2393efd53c3c71bab216e68fc3a70df474959,2026-09-23T19:06:52.141104+00:00,data/interim/gridsat/2021/gridsat_2021.12.02.03.nc,763385,60bd5c542ef95669de2ce93dd5f5c78a28f9b72d251627f1b620fbd3ca921c21,2026-09-23T19:06:52.021746+00:00
2021-12-02T06:00:00+00:00,2021,GRIDSAT-B1.2021.12.02.06.v02r01.nc,data/interim/gridsat/2021/gridsat_2021.12.02.06.npz,531330,307571980b72836555fb6e18b239a902aa1312cde09768c06e6cbc347322d54b,2026-09-23T19:06:54.811793+00:00,data/interim/gridsat/2021/gridsat_2021.12.02.06.nc,759341,d0fd86665f296664d0876e3c63fd4251de5d2206dd1e268efe7219ff576dcb85,2026-09-23T19:06:54.723419+00:00
2021-12-02T09:00:00+00:00,2021,GRIDSAT-B1.2021.12.02.09.v02r01.nc,data/interim/gridsat/2021/gridsat_2021.12.02.09.npz,545878,c8063fd9b0d238d0a6a25635faa5bfe49fbb5d99a302c1888b360f5a10634f07,2026-09-23T19:06:52.567612+00:00,data/interim/gridsat/2021/gridsat_2021.12.02.09.nc,781628,a8ad190a8fa373069556755cc7d9ccfee13bf73c8348c48e19794a6275f8a5ea,2026-09-23T19:06:52.456305+00:00
2021-12-02T12:00:00+00:00,2021,GRIDSAT-B1.2021.12.02.12.v02r01.nc,data/interim/gridsat/2021/gridsat_2021.12.02.12.npz,526835,ef7944221d20cd0136f5ee750bf0a7f47c0e6c3d3b6418a226abfc748711e3e2,2026-09-23T19:06:51.887846+00:00,data/interim/gridsat/2021/gridsat_2021.12.02.12.nc,763428,ea0be082216e5ac0be41bed2617a39910b921859f2169177127b0e568d215218,2026-09-23T19:06:51.789474+00:00
2021-12-02T15:00:00+00:00,2021,GRIDSAT-B1.2021.12.02.15.v02r01.nc,data/interim/gridsat/2021/gridsat_2021.12.02.15.npz,514876,65d8f34ec7e53a527104f5ab2ba8d8676e9fd7882262b3a8c94740fb16c0a198,2026-09-23T19:06:59.005057+00:00,data/interim/gridsat/2021/gridsat_2021.12.02.15.nc,749030,4946eaafc6be9efe799ad667a941102dad5ddda7759cc264ba2666e355ad5dcd,2026-09-23T19:06:58.910611+00:00
2021-12-02T18:00:00+00:00,2021,GRIDSAT-B1.2021.12.02.18.v02r01.nc,data/interim/gridsat/2021/gridsat_2021.12.02.18.npz,518162,792af3f10abc3750047b33aa94de1cce22717a8e7f8733a633611aff7a4d2c46,2026-09-23T19:07:05.092570+00:00,data/interim/gridsat/2021/gridsat_2021.12.02.18.nc,756379,df78163b6c549a9b2eb86802e8927defb667d283590be54640ea00477b0bad93,2026-09-23T19:07:04.976137+00:00
2021-12-02T21:00:00+00:00,2021,GRIDSAT-B1.2021.12.02.21.v02r01.nc,data/interim/gridsat/2021/gridsat_2021.12.02.21.npz,524822,8e7eadb50cc4e1c878e059060b808074a6a4001d7d3f9842b6fc08e6b4443bff,2026-09-23T19:07:01.332607+00:00,data/interim/gridsat/2021/gridsat_2021.12.02.21.nc,764336,47657da2627c2a696b98ead5334bb0f518acbdd1dded101cc07162143d5259fc,2026-09-23T19:07:01.252144+00:00
2021-12-03T00:00:00+00:00,2021,GRIDSAT-B1.2021.12.03.00.v02r01.nc,data/interim/gridsat/2021/gridsat_2021.12.03.00.npz,519663,d77d3ba18304276795d666b7562d8c28d8e4bec97037b996affead15de8619cb,2026-09-23T19:06:58.459772+00:00,data/interim/gridsat/2021/gridsat_2021.12.03.00.nc,757211,aaeda4e13ce64f6a4c80534b50d7d9aaee0b8ab5ec8e40bd46a575c5da046616,2026-09-23T19:06:58.338021+00:00
2021-12-03T03:00:00+00:00,2021,GRIDSAT-B1.2021.12.03.03.v02r01.nc,data/interim/gridsat/2021/gridsat_2021.12.03.03.npz,510357,d328ea92dd654d373475293efdf246fc3eb028c90f4d552b6330c8c190f50013,2026-09-23T19:07:04.411584+00:00,data/interim/gridsat/2021/gridsat_2021.12.03.03.nc,742866,3c099a2253ff90cbe15e424f469915e0e0523716fc1412f895020f96ce452c7f,2026-09-23T19:07:04.287671+00:00
2021-12-03T06:00:00+00:00,2021,GRIDSAT-B1.2021.12.03.06.v02r01.nc,data/interim/gridsat/2021/gridsat_2021.12.03.06.npz,514270,bae8e58a960a555a2e74a7c73c6969ddaf545fec658d6291176bc6d2b3e25d54,2026-09-23T19:07:03.250087+00:00,data/interim/gridsat/2021/gridsat_2021.12.03.06.nc,737303,010133c0d1e1cf942859c07255c08863d26b44b5a37d600c70cac6261fba7012,2026-09-23T19:07:03.150741+00:00
2021-12-03T09:00:00+00:00,2021,GRIDSAT-B1.2021.12.03.09.v02r01.nc,data/interim/gridsat/2021/gridsat_2021.12.03.09.npz,531137,7e51f82dc491507c486130008df52c2c72172d164c990ca689292984550650eb,2026-09-23T19:07:10.011727+00:00,data/interim/gridsat/2021/gridsat_2021.12.03.09.nc,759831,8fde796b7f68fd4d7d76c61f8b0759733c501dc8cc94e01e154491c95a812736,2026-09-23T19:07:09.925359+00:00
2021-12-03T12:00:00+00:00,2021,GRIDSAT-B1.2021.12.03.12.v02r01.nc,data/interim/gridsat/2021/gridsat_2021.12.03.12.npz,508232,a9fc5e4ea778083713b16b2cc4d528395db155805eb954dbd3dd19d245dc811d,2026-09-23T19:07:08.497319+00:00,data/interim/gridsat/2021/gridsat_2021.12.03.12.nc,739349,b7ae325098c9f9ef54527bf01a0fce0740a565f6632236e797f7b1bdee8c34ee,2026-09-23T19:07:08.392712+00:00
2021-12-03T15:00:00+00:00,2021,GRIDSAT-B1.2021.12.03.15.v02r01.nc,data/interim/gridsat/2021/gridsat_2021.12.03.15.npz,496764,ec286b5b7105256123e4febdc9df94b00bf1eac47a8898d9c362b58fc009d6c7,2026-09-23T19:07:08.289371+00:00,data/interim/gridsat/2021/gridsat_2021.12.03.15.nc,723911,30b89fb952a6205b02aa57c7a131da1432d41ef07c668d1e8f381af4a7a63d8d,2026-09-23T19:07:08.209475+00:00
2021-12-03T18:00:00+00:00,2021,GRIDSAT-B1.2021.12.03.18.v02r01.nc,data/interim/gridsat/2021/gridsat_2021.12.03.18.npz,505934,83a60fd8363296c3fc7bc4a13e11ac296b7572aba6adb635967392770233bb26,2026-09-23T19:07:09.560091+00:00,data/interim/gridsat/2021/gridsat_2021.12.03.18.nc,740652,7cc3dfc4ee0f51be68ba2161bf27d5972816b457ea3e7dfd461306eb9ea85fe3,2026-09-23T19:07:09.475373+00:00
2022-03-02T09:00:00+00:00,2022,GRIDSAT-B1.2022.03.02.09.v02r01.nc,data/interim/gridsat/2022/gridsat_2022.03.02.09.npz,552434,6bb6c949b76ce3a5e68fab0c5b81b0d710c18cac2f92a19d63d886d4923a3192,2026-09-23T19:07:12.061818+00:00,data/interim/gridsat/2022/gridsat_2022.03.02.09.nc,767051,c969cfd8638b8921d15d16376cb57b683ba38adb40974ab9688f10b236765700,2026-09-23T19:07:11.955911+00:00
2022-03-02T12:00:00+00:00,2022,GRIDSAT-B1.2022.03.02.12.v02r01.nc,data/interim/gridsat/2022/gridsat_2022.03.02.12.npz,532909,e83d6ec4d69f50811ace618f1179ca006f95c480d1d2077f0edf7964873cca16,2026-09-23T19:07:16.490926+00:00,data/interim/gridsat/2022/gridsat_2022.03.02.12.nc,747397,a737663f742d9ec01cc09bcd936b7b5f3b946e9da3b35999da6284025e845978,2026-09-23T19:07:16.393330+00:00
2022-03-02T15:00:00+00:00,2022,GRIDSAT-B1.2022.03.02.15.v02r01.nc,data/interim/gridsat/2022/gridsat_2022.03.02.15.npz,500387,059954dd4377c67c2755c75fab0cf6c464dc40457c2dc3abd4ab7db20376bff6,2026-09-23T19:07:14.284914+00:00,data/interim/gridsat/2022/gridsat_2022.03.02.15.nc,711685,d79ace115f9dd6eb52ab156204c15701f98e0f25988461b622db216888a6e5f2,2026-09-23T19:07:14.200357+00:00
2022-03-02T18:00:00+00:00,2022,GRIDSAT-B1.2022.03.02.18.v02r01.nc,data/interim/gridsat/2022/gridsat_2022.03.02.18.npz,492152,11d7edf2cd2772ebb9eefdc49c37a69f60c5959d9b2b197f9fb6a10f627b9f54,2026-09-23T19:07:23.913741+00:00,data/interim/gridsat/2022/gridsat_2022.03.02.18.nc,706025,a0b73b97a6fb33a788730ec871992c70471339b22de31c3ee21045d74883223a,2026-09-23T19:07:23.816964+00:00
2022-03-02T21:00:00+00:00,2022,GRIDSAT-B1.2022.03.02.21.v02r01.nc,data/interim/gridsat/2022/gridsat_2022.03.02.21.npz,491102,cbaf0b136b7a4746454b0054b81fb1d6834f0bbd001e7eca5ecb876dd0966759,2026-09-23T19:07:27.358390+00:00,data/interim/gridsat/2022/gridsat_2022.03.02.21.nc,706564,626d1cdb82c9b0a39ea27cef1e944f0c3741b9ce6069e0a2d0ef6b8f32a8fae4,2026-09-23T19:07:27.275026+00:00
2022-03-03T00:00:00+00:00,2022,GRIDSAT-B1.2022.03.03.00.v02r01.nc,data/interim/gridsat/2022/gridsat_2022.03.03.00.npz,491180,31891013ef04a26dbe60070d0a1fce01fc6b5aa6b7b47585daceb54fff3463cd,2026-09-23T19:07:41.594614+00:00,data/interim/gridsat/2022/gridsat_2022.03.03.00.nc,703137,9813e7b7a09748f7bbe7a0cf12380048967401edbf72cf0843c10b0233efb002,2026-09-23T19:07:41.497206+00:00
2022-03-03T03:00:00+00:00,2022,GRIDSAT-B1.2022.03.03.03.v02r01.nc,data/interim/gridsat/2022/gridsat_2022.03.03.03.npz,498542,0ca4912c7231bbfdc285d79bc9a3948c3140630908c96a2c51071e8e9851b9a0,2026-09-23T19:07:18.770654+00:00,data/interim/gridsat/2022/gridsat_2022.03.03.03.nc,705166,1a06bb3de31dbbd998a68759b931fd4105ee8ab3336947359f1ade2094b37227,2026-09-23T19:07:18.674529+00:00
2022-03-03T06:00:00+00:00,2022,GRIDSAT-B1.2022.03.03.06.v02r01.nc,data/interim/gridsat/2022/gridsat_2022.03.03.06.npz,524519,adfb4b5533a9e0a17c82f13928bf4ba93dc1a7cfaf31649c509d701ea59040ef,2026-09-23T19:07:21.245825+00:00,data/interim/gridsat/2022/gridsat_2022.03.03.06.nc,724324,9d1d8c1202080616def8af58deb69fb1c70b4d0437dfc04dd99a06305d5b29e1,2026-09-23T19:07:21.158065+00:00
2022-03-03T09:00:00+00:00,2022,GRIDSAT-B1.2022.03.03.09.v02r01.nc,data/interim/gridsat/2022/gridsat_2022.03.03.09.npz,542387,23aff1e10e2659baf68376932a49be462dab24cf9009ea2d799ebdf04de160d0,2026-09-23T19:07:26.966343+00:00,data/interim/gridsat/2022/gridsat_2022.03.03.09.nc,748798,dec5056130cf4d53877e6a0a79ec483d49fdf466b28000beb920c03ce4747bd9,2026-09-23T19:07:26.858454+00:00
2022-03-03T12:00:00+00:00,2022,GRIDSAT-B1.2022.03.03.12.v02r01.nc,data/interim/gridsat/2022/gridsat_2022.03.03.12.npz,515401,2a4b48b258521dffe19aa54b5936ed578f3af3d7cd0e2414913055d61ec465c0,2026-09-23T19:07:25.050581+00:00,data/interim/gridsat/2022/gridsat_2022.03.03.12.nc,722930,dc61e5bc0d3c396110aa102872845800346b48302420b124af55f6b1d914ce50,2026-09-23T19:07:24.955457+00:00
2022-03-03T15:00:00+00:00,2022,GRIDSAT-B1.2022.03.03.15.v02r01.nc,data/interim/gridsat/2022/gridsat_2022.03.03.15.npz,489811,a5b7b715258ba777b16565a1b7fc8fa20b4c08dd7a7a369c1d32726d3562c835,2026-09-23T19:07:30.284684+00:00,data/interim/gridsat/2022/gridsat_2022.03.03.15.nc,691788,c5d8ab58b5b9b0d82e64961607f966e2d67e584ed655c5b8bdd92ef42bba0784,2026-09-23T19:07:30.203938+00:00
2022-03-03T18:00:00+00:00,2022,GRIDSAT-B1.2022.03.03.18.v02r01.nc,data/interim/gridsat/2022/gridsat_2022.03.03.18.npz,492101,e43c3f066775b192549a2269bd35da140e2c71fa9cd4ae692c0518e51d8ee72f,2026-09-23T19:07:30.232686+00:00,data/interim/gridsat/2022/gridsat_2022.03.03.18.nc,700017,d588d29b6b8ed8e0d0875db835b523e5da7c24c60d834c557358873a47fcc0c1,2026-09-23T19:07:30.149402+00:00
2022-03-03T21:00:00+00:00,2022,GRIDSAT-B1.2022.03.03.21.v02r01.nc,data/interim/gridsat/2022/gridsat_2022.03.03.21.npz,503492,ae79aa50204ec33f7c908f1a836bb86174fa7d69f25f3467cd0acdc0ba4bab04,2026-09-23T19:07:39.953766+00:00,data/interim/gridsat/2022/gridsat_2022.03.03.21.nc,718178,e1fecf37aba6f1ef1265b018b1d1c319eccabf08947a4e4646db76623f91bc8f,2026-09-23T19:07:39.867488+00:00
2022-03-04T00:00:00+00:00,2022,GRIDSAT-B1.2022.03.04.00.v02r01.nc,data/interim/gridsat/2022/gridsat_2022.03.04.00.npz,501746,c04c2ea836c7d9d3a82bf3d5ab9e47d360af996caf134b8a18b95e778a40c39f,2026-09-23T19:07:39.892964+00:00,data/interim/gridsat/2022/gridsat_2022.03.04.00.nc,718756,f767ff5eeb8a3363434e743e37b1cf726286db085fc0e1deccaec5e8f45cc710,2026-09-23T19:07:39.808959+00:00
2022-03-19T15:00:00+00:00,2022,GRIDSAT-B1.2022.03.19.15.v02r01.nc,data/interim/gridsat/2022/gridsat_2022.03.19.15.npz,473281,ad8e20644cee458b2d5bda215a65d67e35e8bac45eb76c42ee2115ff6439ccb9,2026-09-23T19:07:39.573177+00:00,data/interim/gridsat/2022/gridsat_2022.03.19.15.nc,674773,874f5909d9c73553307dff039c79de0ef993c6d59e2c12c0d62ad734dd9dd228,2026-09-23T19:07:39.495526+00:00
2022-03-19T18:00:00+00:00,2022,GRIDSAT-B1.2022.03.19.18.v02r01.nc,data/interim/gridsat/2022/gridsat_2022.03.19.18.npz,478213,6dfbf4a3bf1a1de90922464eed51fb856268ba5369454e4cd4172fd2e01b2a71,2026-09-23T19:07:37.786242+00:00,data/interim/gridsat/2022/gridsat_2022.03.19.18.nc,683255,4c7235a29ea5a761c55704524a43170a7f89d9a5a51c5a2f769fb0267cb41a9b,2026-09-23T19:07:37.705483+00:00
2022-03-19T21:00:00+00:00,2022,GRIDSAT-B1.2022.03.19.21.v02r01.nc,data/interim/gridsat/2022/gridsat_2022.03.19.21.npz,489114,44c1f89b11de2a5726b632180bbac064a3e4915be932bad7c951be8218cf676b,2026-09-23T19:07:37.402273+00:00,data/interim/gridsat/2022/gridsat_2022.03.19.21.nc,699123,e14264ff98e1e303a5bc7ea863ddae553c0e60ea1cac9680354e1aa3500b7525,2026-09-23T19:07:37.299452+00:00
2022-03-20T00:00:00+00:00,2022,GRIDSAT-B1.2022.03.20.00.v02r01.nc,data/interim/gridsat/2022/gridsat_2022.03.20.00.npz,489464,6b9d65af14424c7fea02c3f71196bdca3c538b7ef3e9a372bc441bd22d8c70ca,2026-09-23T19:07:44.814348+00:00,data/interim/gridsat/2022/gridsat_2022.03.20.00.nc,698434,427d763e4bbd68c61f8a036b1d492074b06af194732d663980ae969d964354f9,2026-09-23T19:07:44.721582+00:00
2022-03-20T03:00:00+00:00,2022,GRIDSAT-B1.2022.03.20.03.v02r01.nc,data/interim/gridsat/2022/gridsat_2022.03.20.03.npz,489759,5987b73f2d57d4d7bc9ad0ac626389f5978e99d7a8a862f02360515b57cfaba8,2026-09-23T19:07:44.753977+00:00,data/interim/gridsat/2022/gridsat_2022.03.20.03.nc,692428,4d16a2ed22f539b45abb076a5c898fa6b298c1e6777fc8438927f06322f546af,2026-09-23T19:07:44.668207+00:00
2022-03-20T06:00:00+00:00,2022,GRIDSAT-B1.2022.03.20.06.v02r01.nc,data/interim/gridsat/2022/gridsat_2022.03.20.06.npz,518048,3e470b0c2a35a90c98806e24765a4bed30a23a4c6bd7d7c04030cc0c0d685503,2026-09-23T19:08:06.163523+00:00,data/interim/gridsat/2022/gridsat_2022.03.20.06.nc,721094,0647e49356b450a4b083082b6aecc8e5b6d02379cb1d145bb72c9dde903485fa,2026-09-23T19:08:06.070563+00:00
2022-03-20T09:00:00+00:00,2022,GRIDSAT-B1.2022.03.20.09.v02r01.nc,data/interim/gridsat/2022/gridsat_2022.03.20.09.npz,543192,d3611ef40d3cf85e34ced50a55825c26ffdb6947010982ff19d4a50ffdf4bb4b,2026-09-23T19:07:50.372725+00:00,data/interim/gridsat/2022/gridsat_2022.03.20.09.nc,755056,25145d5fb48052d98499b8342a435f098b30b001bd1807733494ad0cb8e9b60f,2026-09-23T19:07:50.274877+00:00
2022-03-20T12:00:00+00:00,2022,GRIDSAT-B1.2022.03.20.12.v02r01.nc,data/interim/gridsat/2022/gridsat_2022.03.20.12.npz,522129,77808d8b3782da69f7076ce991381aa689545b7ec9f3d84fb49783ff6f43fb3b,2026-09-23T19:07:56.476109+00:00,data/interim/gridsat/2022/gridsat_2022.03.20.12.nc,736427,2cc37fd620f3d57cf0fd3e0e5499a8092057c694cdb6a53d2e6f9e187b9a4d7c,2026-09-23T19:07:56.372476+00:00
2022-03-20T15:00:00+00:00,2022,GRIDSAT-B1.2022.03.20.15.v02r01.nc,data/interim/gridsat/2022/gridsat_2022.03.20.15.npz,507244,60bfab1f4a42abce0d057a6c0a043b0933329fbd3ddfcb559343bc84f63a7b8b,2026-09-23T19:07:48.166026+00:00,data/interim/gridsat/2022/gridsat_2022.03.20.15.nc,717098,adfaff6f696db68a40efe06d86b76860847ee1b6160f8740324a69ba9f3d91dd,2026-09-23T19:07:48.066973+00:00
2022-03-20T18:00:00+00:00,2022,GRIDSAT-B1.2022.03.20.18.v02r01.nc,data/interim/gridsat/2022/gridsat_2022.03.20.18.npz,512755,184a87925779876313d3822aa4d2e733dd39e46b36e3a726a5de9895c6e9923a,2026-09-23T19:07:52.774814+00:00,data/interim/gridsat/2022/gridsat_2022.03.20.18.nc,725585,4a7cfe2b9ccade4949a41e707bc651774e1c86309dc8f2d7b3c3a5b5f33bd3f4,2026-09-23T19:07:52.690130+00:00
2022-05-06T15:00:00+00:00,2022,GRIDSAT-B1.2022.05.06.15.v02r01.nc,data/interim/gridsat/2022/gridsat_2022.05.06.15.npz,577638,bd1df78fe78eada9e2b6635398ad6b8a7d1ec628639ec971552d3a3f8e485efa,2026-09-23T19:07:54.952299+00:00,data/interim/gridsat/2022/gridsat_2022.05.06.15.nc,818506,358ad9a10e5efaa09da21005dc9da2a8439bc7ad9772aadfc2bc4f824de65bc8,2026-09-23T19:07:54.857939+00:00
2022-05-06T18:00:00+00:00,2022,GRIDSAT-B1.2022.05.06.18.v02r01.nc,data/interim/gridsat/2022/gridsat_2022.05.06.18.npz,569733,409e5c09cb4389cd9136462ebf1865699c8942b06b1680efa0fa32a7b2f2592a,2026-09-23T19:07:54.187046+00:00,data/interim/gridsat/2022/gridsat_2022.05.06.18.nc,806817,f24f7d330477162d17bad463d15fcb05bcc38b17735a2a55a71053096770993d,2026-09-23T19:07:54.084554+00:00
2022-05-06T21:00:00+00:00,2022,GRIDSAT-B1.2022.05.06.21.v02r01.nc,data/interim/gridsat/2022/gridsat_2022.05.06.21.npz,560633,57502f67a4ed1c9c4e5cdba82bfc12f14f2cfdf445f9dac74cb510452f4e1066,2026-09-23T19:07:58.304996+00:00,data/interim/gridsat/2022/gridsat_2022.05.06.21.nc,794807,60e8d4cba7c7a9101a741396abd0f98d62c5dcb2753b9c73f31134803a563eca,2026-09-23T19:07:58.208400+00:00
2022-05-07T00:00:00+00:00,2022,GRIDSAT-B1.2022.05.07.00.v02r01.nc,data/interim/gridsat/2022/gridsat_2022.05.07.00.npz,548206,2e4e669e34db97c60fe2942a9e49256ee0550ab3afd4ba704f87d86b9317dfab,2026-09-23T19:08:04.073273+00:00,data/interim/gridsat/2022/gridsat_2022.05.07.00.nc,778666,9fb406d83900ea23324ef56583e1e4271ea099d5b4f57d49a788497c4999813a,2026-09-23T19:08:03.963351+00:00
2022-05-07T03:00:00+00:00,2022,GRIDSAT-B1.2022.05.07.03.v02r01.nc,data/interim/gridsat/2022/gridsat_2022.05.07.03.npz,548395,8e79554c95475e85396931edfacc8ca8aa67ca3d6469adfe2e52c2a692b4b7a6,2026-09-23T19:08:00.475188+00:00,data/interim/gridsat/2022/gridsat_2022.05.07.03.nc,769491,abe7e807108a450cddf33fb3e16e230321b1608c185743c7d2546d17ac611887,2026-09-23T19:08:00.357917+00:00
2022-05-07T06:00:00+00:00,2022,GRIDSAT-B1.2022.05.07.06.v02r01.nc,data/interim/gridsat/2022/gridsat_2022.05.07.06.npz,579457,4eabdb21435ac25280a833ae47f96a85c6188bc629f6e90e300261bb844f295d,2026-09-23T19:08:07.287609+00:00,data/interim/gridsat/2022/gridsat_2022.05.07.06.nc,812608,882d9548de24dd0baf21d628d1d6793f728b5594da21140ee906b3c354e84dc2,2026-09-23T19:08:07.198148+00:00
2022-05-07T09:00:00+00:00,2022,GRIDSAT-B1.2022.05.07.09.v02r01.nc,data/interim/gridsat/2022/gridsat_2022.05.07.09.npz,608670,975c59229cf8de53b0a31e3c50d8d714b59673de4e0fe3c5baa6942c144ba6af,2026-09-23T19:08:07.694438+00:00,data/interim/gridsat/2022/gridsat_2022.05.07.09.nc,848138,31857f261e91297396be7682ceed4d3a15f9a2fbf10b3028dd317354b2fbbc2b,2026-09-23T19:08:07.596317+00:00
2022-05-07T12:00:00+00:00,2022,GRIDSAT-B1.2022.05.07.12.v02r01.nc,data/interim/gridsat/2022/gridsat_2022.05.07.12.npz,588059,0b018782b261a36653ca6fc8d0b080150da114da141301068fbf7f297e1a3dce,2026-09-23T19:08:07.472055+00:00,data/interim/gridsat/2022/gridsat_2022.05.07.12.nc,828996,f6da9ab569cc8c02d917427d331d368bcd14c499f27fac95b798eeacf919c82e,2026-09-23T19:08:07.388673+00:00
2022-05-07T15:00:00+00:00,2022,GRIDSAT-B1.2022.05.07.15.v02r01.nc,data/interim/gridsat/2022/gridsat_2022.05.07.15.npz,557453,b33d13b1471e0b1ce1b9fdcefdfb66ffc6c9c812fd44c206c7c01d0e631549c3,2026-09-23T19:08:07.230421+00:00,data/interim/gridsat/2022/gridsat_2022.05.07.15.nc,787010,ef69d2ba7bfe114d297632c62f3cf31b83560b1d117f6a0659d1224995c291b8,2026-09-23T19:08:07.143762+00:00
2022-05-07T18:00:00+00:00,2022,GRIDSAT-B1.2022.05.07.18.v02r01.nc,data/interim/gridsat/2022/gridsat_2022.05.07.18.npz,548270,f07f66ee4dc1ed4119fba3b428f962d978b68ae163ba8ca115b4b19136fa235e,2026-09-23T19:08:14.517535+00:00,data/interim/gridsat/2022/gridsat_2022.05.07.18.nc,774532,13ed85c87cb4bd20a14cd6186a2263bbe075e2f6b4d62843bee3a61f500dee14,2026-09-23T19:08:14.428538+00:00
2022-05-07T21:00:00+00:00,2022,GRIDSAT-B1.2022.05.07.21.v02r01.nc,data/interim/gridsat/2022/gridsat_2022.05.07.21.npz,545628,0d97e02d6880421b4681fb217aa03e213f391ffd03f1352724d3546cb9098fbf,2026-09-23T19:08:11.815941+00:00,data/interim/gridsat/2022/gridsat_2022.05.07.21.nc,774586,63a256eb06d045e053dbc6b5f860e400c066c14429656e8be26096736d427efa,2026-09-23T19:08:11.712449+00:00
2022-05-08T00:00:00+00:00,2022,GRIDSAT-B1.2022.05.08.00.v02r01.nc,data/interim/gridsat/2022/gridsat_2022.05.08.00.npz,538612,9c96aaffdef5ba60c2964857ce87a5ad4f82b6bc26e0c66379b6dd3833d4db75,2026-09-23T19:08:18.016216+00:00,data/interim/gridsat/2022/gridsat_2022.05.08.00.nc,771886,20de034e434873d2077dea5990815b6cfe3f6f3f41c61016f7da217baa32fbfc,2026-09-23T19:08:17.931569+00:00
2022-05-08T03:00:00+00:00,2022,GRIDSAT-B1.2022.05.08.03.v02r01.nc,data/interim/gridsat/2022/gridsat_2022.05.08.03.npz,538513,d286a7232005deb6755339f6efcae33df4bd568a798386a059a1a63bebcf6ac2,2026-09-23T19:08:14.827179+00:00,data/interim/gridsat/2022/gridsat_2022.05.08.03.nc,763730,4f15999e2fd3fcc65ca3053666ac947fbe8acda9b13ad602a6740e8807f33037,2026-09-23T19:08:14.729479+00:00
2022-05-08T06:00:00+00:00,2022,GRIDSAT-B1.2022.05.08.06.v02r01.nc,data/interim/gridsat/2022/gridsat_2022.05.08.06.npz,568885,c89e6258ccf28364ed5963d554f77cb76d76a51b51887c3ec898a46c474573ec,2026-09-23T19:08:15.795386+00:00,data/interim/gridsat/2022/gridsat_2022.05.08.06.nc,800801,d99f1d582b6916bc10548c5fcbdb503792e86128be79fafcb10d46e0ef704dc7,2026-09-23T19:08:15.698067+00:00
2022-05-08T09:00:00+00:00,2022,GRIDSAT-B1.2022.05.08.09.v02r01.nc,data/interim/gridsat/2022/gridsat_2022.05.08.09.npz,593825,6acb478990b6b620224a8161a73815f201a30759e9ab1c17925089472ff72e2b,2026-09-23T19:08:25.097557+00:00,data/interim/gridsat/2022/gridsat_2022.05.08.09.nc,833080,e6872bfe6c54e8cfbd3fb221d56c1e1646a39160b64cec9694cd3a76b46ccfd5,2026-09-23T19:08:25.013775+00:00
2022-05-08T12:00:00+00:00,2022,GRIDSAT-B1.2022.05.08.12.v02r01.nc,data/interim/gridsat/2022/gridsat_2022.05.08.12.npz,578655,563a19fdc2316f7a11cc83a10bf0934de690e2efedcf4565d205310963ed6889,2026-09-23T19:08:21.517373+00:00,data/interim/gridsat/2022/gridsat_2022.05.08.12.nc,818927,d863b781efca497fd5d73fc655f0c0043e3b5875e98e09470e6cd210165e4355,2026-09-23T19:08:21.434980+00:00
2022-05-08T15:00:00+00:00,2022,GRIDSAT-B1.2022.05.08.15.v02r01.nc,data/interim/gridsat/2022/gridsat_2022.05.08.15.npz,550958,7665fbd38c65a7e3dd953e660f66709e33e98804d8ee4ca3172be8760d56465c,2026-09-23T19:08:33.343764+00:00,data/interim/gridsat/2022/gridsat_2022.05.08.15.nc,785509,6b924798d53e69acd1c47ae95b693a7ff063b7a3fb56270b06ecd4801857cf06,2026-09-23T19:08:33.257835+00:00
2022-05-08T18:00:00+00:00,2022,GRIDSAT-B1.2022.05.08.18.v02r01.nc,data/interim/gridsat/2022/gridsat_2022.05.08.18.npz,540991,3149538e8e07550d3e4ccc2c99b6d7133e34c91a18ed3eb99b8bd84480fc9da6,2026-09-23T19:08:30.643960+00:00,data/interim/gridsat/2022/gridsat_2022.05.08.18.nc,772336,cf9a5e41875091bd15b64db1f115a05864cb572a9aa1c3f892dc78c315733fa0,2026-09-23T19:08:30.494006+00:00
2022-05-08T21:00:00+00:00,2022,GRIDSAT-B1.2022.05.08.21.v02r01.nc,data/interim/gridsat/2022/gridsat_2022.05.08.21.npz,538921,f87e8c5431751b4f1f10d71df59c4777058494262adf104e2a7800befadb7693,2026-09-23T19:08:21.462019+00:00,data/interim/gridsat/2022/gridsat_2022.05.08.21.nc,770338,aac34cf60e09ea9be3aab8a2850e9b89896c5f1cb7ee29460e60e5daff240173,2026-09-23T19:08:21.372242+00:00
2022-05-09T00:00:00+00:00,2022,GRIDSAT-B1.2022.05.09.00.v02r01.nc,data/interim/gridsat/2022/gridsat_2022.05.09.00.npz,540221,c097e15ad10cb68955053583643275a87727a5574b00e1ddcc94f9f486e235c7,2026-09-23T19:08:30.151721+00:00,data/interim/gridsat/2022/gridsat_2022.05.09.00.nc,769103,74f7523c0227ce0959b7994033cf25ab06930c27ccf1dbf5eacb876959ab8fc2,2026-09-23T19:08:30.058993+00:00
2022-05-09T03:00:00+00:00,2022,GRIDSAT-B1.2022.05.09.03.v02r01.nc,data/interim/gridsat/2022/gridsat_2022.05.09.03.npz,542276,8b2dbfe8c26ae83b79a14df9ef2d11ca3b05ea8dc79ab8115f488c15f3b8a21e,2026-09-23T19:08:32.857491+00:00,data/interim/gridsat/2022/gridsat_2022.05.09.03.nc,767434,ea665f2b6ba6c5ae23531c8b2a385ff9ff8accab252464c74f582add56325f0b,2026-09-23T19:08:32.774180+00:00
2022-05-09T06:00:00+00:00,2022,GRIDSAT-B1.2022.05.09.06.v02r01.nc,data/interim/gridsat/2022/gridsat_2022.05.09.06.npz,580428,464633d50fcdcb7a77fd5f27a636eda44e6cd526593b5612b3ae5891e99bf49e,2026-09-23T19:08:33.137030+00:00,data/interim/gridsat/2022/gridsat_2022.05.09.06.nc,813823,3c817eaf790c23dc8fdd53268c40e5ba81ad2b4b9cde6ab21947a395190f064c,2026-09-23T19:08:33.052349+00:00
2022-05-09T09:00:00+00:00,2022,GRIDSAT-B1.2022.05.09.09.v02r01.nc,data/interim/gridsat/2022/gridsat_2022.05.09.09.npz,606097,be5fbff34dc23fa5ef7c02905a1e887def4303d9ddffbb5a45e74a8e481c5078,2026-09-23T19:08:40.487703+00:00,data/interim/gridsat/2022/gridsat_2022.05.09.09.nc,849268,0208ba3f27bb597914a905b2a1318da49ba311cf78295c96747d4e42943542e1,2026-09-23T19:08:40.401278+00:00
2022-05-09T12:00:00+00:00,2022,GRIDSAT-B1.2022.05.09.12.v02r01.nc,data/interim/gridsat/2022/gridsat_2022.05.09.12.npz,593516,bf9fa25a86eecdc67693771aa44f13ea41133ae700027ad1bf6fdfe029165ef2,2026-09-23T19:08:35.976397+00:00,data/interim/gridsat/2022/gridsat_2022.05.09.12.nc,838475,e95f72cbadf9f84d8cb6eb399e007c3e29013cb93be0d358c48a01eaff764ad0,2026-09-23T19:08:35.878357+00:00
2022-05-09T15:00:00+00:00,2022,GRIDSAT-B1.2022.05.09.15.v02r01.nc,data/interim/gridsat/2022/gridsat_2022.05.09.15.npz,566128,3c91fbf94934b9fb2f5ecb8523d77986b923fbeea98913dafd87a17a9f0a1079,2026-09-23T19:08:36.843595+00:00,data/interim/gridsat/2022/gridsat_2022.05.09.15.nc,803307,cba5283b4b53e5286ecd72efb73a4838ddf5787b8da72e35eba154d752e0aa14,2026-09-23T19:08:36.753308+00:00
2022-05-09T18:00:00+00:00,2022,GRIDSAT-B1.2022.05.09.18.v02r01.nc,data/interim/gridsat/2022/gridsat_2022.05.09.18.npz,565349,5dfbcd853cfd56fd1fcab21e03ee29ff48572f812f4805abba752cb96967ad8c,2026-09-23T19:08:47.093335+00:00,data/interim/gridsat/2022/gridsat_2022.05.09.18.nc,796929,fd74978fabd88fe90ef26fa1d0050c99584753250ad61acb21c6770606878557,2026-09-23T19:08:47.006418+00:00
2022-05-09T21:00:00+00:00,2022,GRIDSAT-B1.2022.05.09.21.v02r01.nc,data/interim/gridsat/2022/gridsat_2022.05.09.21.npz,561094,3f14926def344aa504fe3e7187c20808b30043a2316936e8bcd8655026206d14,2026-09-23T19:08:40.545586+00:00,data/interim/gridsat/2022/gridsat_2022.05.09.21.nc,796660,e936475b29479299a8eefd484e140f244b232b15f2321217cf600bfec544f7f7,2026-09-23T19:08:40.456743+00:00
2022-05-10T00:00:00+00:00,2022,GRIDSAT-B1.2022.05.10.00.v02r01.nc,data/interim/gridsat/2022/gridsat_2022.05.10.00.npz,552731,f895bba7b1ef8aa709ee8a7d066bc6228109addec9a03d9b4571ae8c084713b0,2026-09-23T19:08:46.218419+00:00,data/interim/gridsat/2022/gridsat_2022.05.10.00.nc,795518,8dbf342893ca203a1777c9b7d5aadc334952a3487f11ef85ceecd511ca700b8e,2026-09-23T19:08:46.122446+00:00
2022-08-13T15:00:00+00:00,2022,GRIDSAT-B1.2022.08.13.15.v02r01.nc,data/interim/gridsat/2022/gridsat_2022.08.13.15.npz,590211,54bae34508601cb09eead6473d6fdbd4532b18044b515aa5bc57da320fe77f78,2026-09-23T19:08:41.665454+00:00,data/interim/gridsat/2022/gridsat_2022.08.13.15.nc,858607,8e1c07d15fcf27ce7cc8985498c8dd96d561a227ca16cc63aca7cd838dcd0fae,2026-09-23T19:08:41.571882+00:00
2022-08-13T18:00:00+00:00,2022,GRIDSAT-B1.2022.08.13.18.v02r01.nc,data/interim/gridsat/2022/gridsat_2022.08.13.18.npz,592455,8604abb19daf618065a80a1601bb043445bd0d117dbd58e89ba4ab7f1586953b,2026-09-23T19:08:49.218962+00:00,data/interim/gridsat/2022/gridsat_2022.08.13.18.nc,862205,d02413578ab892f174f79e4793c60313d3e72edff2a96daf101131a94a2ce80c,2026-09-23T19:08:49.137604+00:00
2022-08-13T21:00:00+00:00,2022,GRIDSAT-B1.2022.08.13.21.v02r01.nc,data/interim/gridsat/2022/gridsat_2022.08.13.21.npz,593024,9cdc279ac823166edfdfb049b42be7c9125c0883c4e2ec7cd38e545af35aa5dd,2026-09-23T19:08:47.030192+00:00,data/interim/gridsat/2022/gridsat_2022.08.13.21.nc,865311,59c7bde3c5991829cc74d0c51df05d3d9ef51f8fa16d700bde697dbed93c926c,2026-09-23T19:08:46.945139+00:00
2022-08-14T00:00:00+00:00,2022,GRIDSAT-B1.2022.08.14.00.v02r01.nc,data/interim/gridsat/2022/gridsat_2022.08.14.00.npz,587941,252a638329f10247e98ad23124c7f2b1394270e8ac589927ca8d9c601e737e31,2026-09-23T19:08:49.454707+00:00,data/interim/gridsat/2022/gridsat_2022.08.14.00.nc,859779,7f70a29be9a9dd7527349dc403460bd370a678ab28b15c6b44da13e5de71993d,2026-09-23T19:08:49.364239+00:00
2022-08-14T03:00:00+00:00,2022,GRIDSAT-B1.2022.08.14.03.v02r01.nc,data/interim/gridsat/2022/gridsat_2022.08.14.03.npz,584899,bed818171cda000b7f1cb4565c71a609becb265948e8a70484da3e0ed11d0a64,2026-09-23T19:08:54.232691+00:00,data/interim/gridsat/2022/gridsat_2022.08.14.03.nc,853271,d57818521277bfb720f2787c95b1538685fc8618957c0e511c68651d7b160a8c,2026-09-23T19:08:54.145185+00:00
2022-08-14T06:00:00+00:00,2022,GRIDSAT-B1.2022.08.14.06.v02r01.nc,data/interim/gridsat/2022/gridsat_2022.08.14.06.npz,601659,67c0941f21f8f0fcbc3736ac6ddddd3408a7edb2a19b98b03f546969456b8168,2026-09-23T19:08:56.767259+00:00,data/interim/gridsat/2022/gridsat_2022.08.14.06.nc,871333,8516869b9c356173c82477e8d3ab3579e5d4d0249315807eabc1a1afcb432c3a,2026-09-23T19:08:56.666039+00:00
2022-08-18T09:00:00+00:00,2022,GRIDSAT-B1.2022.08.18.09.v02r01.nc,data/interim/gridsat/2022/gridsat_2022.08.18.09.npz,619095,027708c6b4f3c6b937c1bd9b61cd926defcfb93ed418f9aede497490b5c8191f,2026-09-23T19:09:01.174012+00:00,data/interim/gridsat/2022/gridsat_2022.08.18.09.nc,887581,c853327521ed2db80e3da6fe8d581fc24219f0836d38462e2edb8a3f0efd5cfc,2026-09-23T19:09:01.072805+00:00
2022-08-18T12:00:00+00:00,2022,GRIDSAT-B1.2022.08.18.12.v02r01.nc,data/interim/gridsat/2022/gridsat_2022.08.18.12.npz,615642,18af6e12d0152c8ba57f0ebe94d19d9dd57c58c2320ec1a63a2d161c7ae78a33,2026-09-23T19:09:00.426925+00:00,data/interim/gridsat/2022/gridsat_2022.08.18.12.nc,883754,952eb85459009dc756cf20ccaf2401c473e81a19fd41b86435e02e3c1ac5abe6,2026-09-23T19:09:00.340247+00:00
2022-08-18T15:00:00+00:00,2022,GRIDSAT-B1.2022.08.18.15.v02r01.nc,data/interim/gridsat/2022/gridsat_2022.08.18.15.npz,595178,198770ae6b40b4fc584094196358f3750013f97ae1779108533bd91ebf933ec0,2026-09-23T19:08:55.933192+00:00,data/interim/gridsat/2022/gridsat_2022.08.18.15.nc,859889,3616b68936351732fa8adc1022749008734fdb304664702104f1564e164ea3b5,2026-09-23T19:08:55.844659+00:00
2022-08-18T18:00:00+00:00,2022,GRIDSAT-B1.2022.08.18.18.v02r01.nc,data/interim/gridsat/2022/gridsat_2022.08.18.18.npz,593649,5fa6570d5da55ee7ef9bbd75a067746e42719aedccf6ea2733427a463f67adef,2026-09-23T19:08:55.866452+00:00,data/interim/gridsat/2022/gridsat_2022.08.18.18.nc,859259,628ace1d38b269c5ad9c41356938ad97ddfbb94ae0695ef5f4d64e9c4b7f727d,2026-09-23T19:08:55.782030+00:00
2022-08-18T21:00:00+00:00,2022,GRIDSAT-B1.2022.08.18.21.v02r01.nc,data/interim/gridsat/2022/gridsat_2022.08.18.21.npz,595186,8af95f6070cd67c4ff632077808334fc3812c6c196c153b344e892b94989b247,2026-09-23T19:09:00.491560+00:00,data/interim/gridsat/2022/gridsat_2022.08.18.21.nc,864063,2551aad15adb44375c0c9f8ff0e87d04cbe9cf1bcb0b3d24d71081cfb5adf9d4,2026-09-23T19:09:00.404210+00:00
2022-08-19T00:00:00+00:00,2022,GRIDSAT-B1.2022.08.19.00.v02r01.nc,data/interim/gridsat/2022/gridsat_2022.08.19.00.npz,588930,c2f8906c2e9a8f7475af471522f07ba909b5c54ed5732dfb8c8880391f8ed5ee,2026-09-23T19:09:06.975073+00:00,data/interim/gridsat/2022/gridsat_2022.08.19.00.nc,856742,eb3c0c7d2e2bac77b26ac5340d485541488849ab8d90f0abb1f6ea74a77440a6,2026-09-23T19:09:06.890025+00:00
2022-08-19T03:00:00+00:00,2022,GRIDSAT-B1.2022.08.19.03.v02r01.nc,data/interim/gridsat/2022/gridsat_2022.08.19.03.npz,580569,065348b20aba00683d5676bf11f28a68e7e4023f3388934c1e3f2b3265c497c9,2026-09-23T19:09:45.516198+00:00,data/interim/gridsat/2022/gridsat_2022.08.19.03.nc,844877,97409d7dbd657f3ab707eaa0f6d05365e7cc2ae3ae410c5d91d0aa5ee65b7702,2026-09-23T19:09:45.432411+00:00
2022-08-19T06:00:00+00:00,2022,GRIDSAT-B1.2022.08.19.06.v02r01.nc,data/interim/gridsat/2022/gridsat_2022.08.19.06.npz,600662,04d1ef6b34d4db616b26d7f6cdefabbf4480c8afe1e505cd5058b9cafa9fe723,2026-09-23T19:09:06.323827+00:00,data/interim/gridsat/2022/gridsat_2022.08.19.06.nc,865653,e3eff1f22fc63bb1b866aa1ab6a1b16d16683d6a7b360a4c1b242ef10954e957,2026-09-23T19:09:06.185408+00:00
2022-08-19T09:00:00+00:00,2022,GRIDSAT-B1.2022.08.19.09.v02r01.nc,data/interim/gridsat/2022/gridsat_2022.08.19.09.npz,615128,f3d8a86723734f7a56b0bb95c55ac3eb89ca6e8fe222e8416134007e004439ad,2026-09-23T19:09:14.995791+00:00,data/interim/gridsat/2022/gridsat_2022.08.19.09.nc,886238,b2612ca3559e737575ff36744983dabf17f7344958a0b9962d2a11d669d302fc,2026-09-23T19:09:14.912559+00:00
2022-08-19T12:00:00+00:00,2022,GRIDSAT-B1.2022.08.19.12.v02r01.nc,data/interim/gridsat/2022/gridsat_2022.08.19.12.npz,611209,1d872b572c33111c74c4d41d576c0116644b2ddcce25f93845f3c079afe0568b,2026-09-23T19:09:06.002943+00:00,data/interim/gridsat/2022/gridsat_2022.08.19.12.nc,885975,e62a32bc59650ab95107f0dc32eda33f9364468789ffccd64de82fbb7b9d95ce,2026-09-23T19:09:05.912680+00:00
2022-08-19T15:00:00+00:00,2022,GRIDSAT-B1.2022.08.19.15.v02r01.nc,data/interim/gridsat/2022/gridsat_2022.08.19.15.npz,594402,8d248b33db271058a650d8af89f0298881c41b7cf206eb581f48bcf17fb756e8,2026-09-23T19:09:06.912607+00:00,data/interim/gridsat/2022/gridsat_2022.08.19.15.nc,863684,128eecaf225a58b4158243c0ae2afac2b9ce7d47a5649d5133958d62f47d52b7,2026-09-23T19:09:06.828570+00:00
2022-08-19T18:00:00+00:00,2022,GRIDSAT-B1.2022.08.19.18.v02r01.nc,data/interim/gridsat/2022/gridsat_2022.08.19.18.npz,595748,522186478205a19de8888b6ae364fa05c412c576813372f071fd005f9c770105,2026-09-23T19:09:30.634219+00:00,data/interim/gridsat/2022/gridsat_2022.08.19.18.nc,863131,9af844b1126d8b683ab77268174b2e1179405b4a038d980a7c5b3b8eae34f818,2026-09-23T19:09:30.533883+00:00
2022-08-19T21:00:00+00:00,2022,GRIDSAT-B1.2022.08.19.21.v02r01.nc,data/interim/gridsat/2022/gridsat_2022.08.19.21.npz,598999,79e4060d2666c55ddfef2983a103ada1074dd3471027d4b5a1865fe717ce411d,2026-09-23T19:09:19.905576+00:00,data/interim/gridsat/2022/gridsat_2022.08.19.21.nc,868271,964f25c485126e521d5e55b74f1a2f62aabfaf7fbb06ee591addb5319e224ee7,2026-09-23T19:09:19.813564+00:00
2022-08-20T00:00:00+00:00,2022,GRIDSAT-B1.2022.08.20.00.v02r01.nc,data/interim/gridsat/2022/gridsat_2022.08.20.00.npz,600593,aca72d48fdf5c9d9e39dee770320fa841b085abcb9bfd26ecc7bb4d1967f201d,2026-09-23T19:09:14.230279+00:00,data/interim/gridsat/2022/gridsat_2022.08.20.00.nc,870970,bbb82fa711fd5c1bae6f0fd5c8433643de00e6bf56d3c734dc315b70ebfad822,2026-09-23T19:09:14.134782+00:00
2022-08-20T03:00:00+00:00,2022,GRIDSAT-B1.2022.08.20.03.v02r01.nc,data/interim/gridsat/2022/gridsat_2022.08.20.03.npz,599790,a9a8e305ee73222437083ac254fc0fd489cb1c07e8cbd20fedfc60a2577393aa,2026-09-23T19:09:13.987391+00:00,data/interim/gridsat/2022/gridsat_2022.08.20.03.nc,864154,0a29c1a2a15ffb62c24dc7829bce11ab17bc47961f7cd2791bd7a9476500bcb4,2026-09-23T19:09:13.898668+00:00
2022-08-20T06:00:00+00:00,2022,GRIDSAT-B1.2022.08.20.06.v02r01.nc,data/interim/gridsat/2022/gridsat_2022.08.20.06.npz,616038,2c378853c9b069c0bde9b0375eee1867b71409f20bbfe7098834ebf87ab01abc,2026-09-23T19:09:38.816926+00:00,data/interim/gridsat/2022/gridsat_2022.08.20.06.nc,882512,d6adffa7d4688dad23bfb710114cf438c909af7e674e82aeebd46b71dc38f9e6,2026-09-23T19:09:38.732948+00:00
2022-08-20T09:00:00+00:00,2022,GRIDSAT-B1.2022.08.20.09.v02r01.nc,data/interim/gridsat/2022/gridsat_2022.08.20.09.npz,631240,f484697cea36edaf6c0bf817ecffbf39330a6794d66b619f962b8103e448276d,2026-09-23T19:09:21.023571+00:00,data/interim/gridsat/2022/gridsat_2022.08.20.09.nc,902725,cdd5ff67713965b58ca97701013a07ff71f1aebe8df58a5c7ccb3a812ae7ce63,2026-09-23T19:09:20.933204+00:00
2022-08-20T12:00:00+00:00,2022,GRIDSAT-B1.2022.08.20.12.v02r01.nc,data/interim/gridsat/2022/gridsat_2022.08.20.12.npz,629024,2e1a58bb82b61d7c2b07efdd121ff30ec5d5dbda2caa1bf40f07121b0d99d61c,2026-09-23T19:09:20.835794+00:00,data/interim/gridsat/2022/gridsat_2022.08.20.12.nc,902378,5c59bc69e137e362ebeb6b01227e7aa457d6cfbc84e09696450ee6e0dddc2e9c,2026-09-23T19:09:20.752776+00:00
2022-08-20T15:00:00+00:00,2022,GRIDSAT-B1.2022.08.20.15.v02r01.nc,data/interim/gridsat/2022/gridsat_2022.08.20.15.npz,604511,32b5133673e617a02d1f47e5b58ddf734c433f1796846cbca02d9957d1085be4,2026-09-23T19:09:46.089015+00:00,data/interim/gridsat/2022/gridsat_2022.08.20.15.nc,873100,07d6cb793b282592c4edefa12a33ecfb62c8a345accec341ceb184335a6f118a,2026-09-23T19:09:46.004525+00:00
2022-08-20T18:00:00+00:00,2022,GRIDSAT-B1.2022.08.20.18.v02r01.nc,data/interim/gridsat/2022/gridsat_2022.08.20.18.npz,601080,812d0cfbad47a91ec7feca2a25194c31abe1caab1654735ba7eb6991e02d1ead,2026-09-23T19:09:26.329394+00:00,data/interim/gridsat/2022/gridsat_2022.08.20.18.nc,873183,d7fbbbdddc96622d88c666d5e22f232b592616908c0e38e64b7e6bbff107853c,2026-09-23T19:09:26.232256+00:00
2022-08-20T21:00:00+00:00,2022,GRIDSAT-B1.2022.08.20.21.v02r01.nc,data/interim/gridsat/2022/gridsat_2022.08.20.21.npz,602298,5e0eac64743411891204282fe11d366a04538859ab03d65afd06a38323721d82,2026-09-23T19:09:26.797404+00:00,data/interim/gridsat/2022/gridsat_2022.08.20.21.nc,876848,b2d4361abff52ebffe55a3437e1192f423caf1be0c4f5163e5845aab2172c245,2026-09-23T19:09:26.697128+00:00
2022-08-21T00:00:00+00:00,2022,GRIDSAT-B1.2022.08.21.00.v02r01.nc,data/interim/gridsat/2022/gridsat_2022.08.21.00.npz,599792,0c6c1eb9f2f24145a0b5a20e7f0a101a378d4c10ede82f451d55b219fc9ae056,2026-09-23T19:09:32.165200+00:00,data/interim/gridsat/2022/gridsat_2022.08.21.00.nc,870844,6da72d57192468421374e2d7a6e439750b420b46cfcc6c28f079bb6c563f0eaf,2026-09-23T19:09:32.072430+00:00
2022-10-21T15:00:00+00:00,2022,GRIDSAT-B1.2022.10.21.15.v02r01.nc,data/interim/gridsat/2022/gridsat_2022.10.21.15.npz,517029,3a8382335a553b78dbfe21d45d4bcc88bab4273224d02f29afc90dae7bcb282d,2026-09-23T19:09:34.485469+00:00,data/interim/gridsat/2022/gridsat_2022.10.21.15.nc,748762,de0c3a18dcc296b19733bfe749aa7d16d61aede5b417da670698a514e00ef6d2,2026-09-23T19:09:34.398407+00:00
2022-10-21T18:00:00+00:00,2022,GRIDSAT-B1.2022.10.21.18.v02r01.nc,data/interim/gridsat/2022/gridsat_2022.10.21.18.npz,515151,7ce516cfa1d5ebe687f4c76eefc2fa1b42fb0c0571e2be6d72df88a837ae8f38,2026-09-23T19:09:36.784571+00:00,data/interim/gridsat/2022/gridsat_2022.10.21.18.nc,753550,70cb4ce3a68c7ef7211f3f9d0e6ab42c0cee91a587b3be3d8e3c834a7c83da3e,2026-09-23T19:09:36.696996+00:00
2022-10-21T21:00:00+00:00,2022,GRIDSAT-B1.2022.10.21.21.v02r01.nc,data/interim/gridsat/2022/gridsat_2022.10.21.21.npz,520019,186a44d88dd1b35d557f3711a176a503a932c75ec6da43bbc543b7517580f9a7,2026-09-23T19:09:45.293691+00:00,data/interim/gridsat/2022/gridsat_2022.10.21.21.nc,761930,27d37c3498ede91e6b66300e0b31bc26a1b3e46b2446006c72b306c362cb5ee2,2026-09-23T19:09:45.166948+00:00
2022-10-22T00:00:00+00:00,2022,GRIDSAT-B1.2022.10.22.00.v02r01.nc,data/interim/gridsat/2022/gridsat_2022.10.22.00.npz,523134,1352859371341f33674633223ec723a903d756781220efe0abb258757c6a35a3,2026-09-23T19:09:44.444075+00:00,data/interim/gridsat/2022/gridsat_2022.10.22.00.nc,764494,16ebef59cd967137466a2d599cc4859c7e5039415e7e22b84b9478310449d651,2026-09-23T19:09:44.356578+00:00
2022-10-22T03:00:00+00:00,2022,GRIDSAT-B1.2022.10.22.03.v02r01.nc,data/interim/gridsat/2022/gridsat_2022.10.22.03.npz,519106,ae4d69390d44c24017554f676f8b86bacd5ac2a88de5d432df31816f9a8e3f65,2026-09-23T19:09:42.925266+00:00,data/interim/gridsat/2022/gridsat_2022.10.22.03.nc,755201,b09ce3552b7a4cbcc20b0cc87bb32e9608e130070f823c42b752a7b6b3b76b70,2026-09-23T19:09:42.835778+00:00
2022-10-22T06:00:00+00:00,2022,GRIDSAT-B1.2022.10.22.06.v02r01.nc,data/interim/gridsat/2022/gridsat_2022.10.22.06.npz,546584,db74862e0065003bb40503730ac0f04f2d04caec3455566cfc31742bdb5e69a2,2026-09-23T19:09:49.683419+00:00,data/interim/gridsat/2022/gridsat_2022.10.22.06.nc,780300,0150a8a3b235b4e4b8d10c167aeb3f052c7b888366dae1dab18e9f9b6904c378,2026-09-23T19:09:49.599508+00:00
2022-10-22T09:00:00+00:00,2022,GRIDSAT-B1.2022.10.22.09.v02r01.nc,data/interim/gridsat/2022/gridsat_2022.10.22.09.npz,562864,67a0bac3b6261136fa9e5121867febac3434b36f8acd133d2c009e6d39d32ea5,2026-09-23T19:09:49.008459+00:00,data/interim/gridsat/2022/gridsat_2022.10.22.09.nc,801985,7f25ad189e842c46b67e499629080939e06c05f1be48ea7eaabfe6d431bda3f8,2026-09-23T19:09:48.925167+00:00
2022-10-22T12:00:00+00:00,2022,GRIDSAT-B1.2022.10.22.12.v02r01.nc,data/interim/gridsat/2022/gridsat_2022.10.22.12.npz,533146,5d6ca379873b8f652d6492baebdf3a31677d1059cbcc8fe5eaedd437f7dcc659,2026-09-23T19:10:00.783012+00:00,data/interim/gridsat/2022/gridsat_2022.10.22.12.nc,772137,67999a76e4e903ada47b6f920c3534aeb17eee20c754b132191b0a1130c5f453,2026-09-23T19:10:00.696115+00:00
2022-10-22T15:00:00+00:00,2022,GRIDSAT-B1.2022.10.22.15.v02r01.nc,data/interim/gridsat/2022/gridsat_2022.10.22.15.npz,516472,24afd75356e1c7b7f88c6591e0a88d872f6fd6e42fa567facf228567364614b1,2026-09-23T19:09:55.747400+00:00,data/interim/gridsat/2022/gridsat_2022.10.22.15.nc,750264,b6803337f33b7c321aa38053dafc26ba73ec961e6f17423b5b1939318a85419f,2026-09-23T19:09:55.656929+00:00
2022-10-22T18:00:00+00:00,2022,GRIDSAT-B1.2022.10.22.18.v02r01.nc,data/interim/gridsat/2022/gridsat_2022.10.22.18.npz,516736,db16ba1b9aa4e575fe31fa63b5fb7868612bdb879470a564514948bc7f19e8d0,2026-09-23T19:09:54.025927+00:00,data/interim/gridsat/2022/gridsat_2022.10.22.18.nc,756752,4583112236f0de0b63866889e2a41b18046b37208c10ec3ac04b53da0d185953,2026-09-23T19:09:53.932865+00:00
2022-10-22T21:00:00+00:00,2022,GRIDSAT-B1.2022.10.22.21.v02r01.nc,data/interim/gridsat/2022/gridsat_2022.10.22.21.npz,527530,a4b995e3e9122c062da6b8004e20918ef4c4c99723134933400c47542206a9c7,2026-09-23T19:09:54.592783+00:00,data/interim/gridsat/2022/gridsat_2022.10.22.21.nc,771491,b9345650e1cac95bdf2d573c67d3bc1a5a998fed52eadf979dc55ec8393126e5,2026-09-23T19:09:54.507410+00:00
2022-10-23T00:00:00+00:00,2022,GRIDSAT-B1.2022.10.23.00.v02r01.nc,data/interim/gridsat/2022/gridsat_2022.10.23.00.npz,532737,ae9640d416a988297dccec21b85b05bdba6cfc401b6248e3ff6376a5660f4480,2026-09-23T19:09:57.016051+00:00,data/interim/gridsat/2022/gridsat_2022.10.23.00.nc,778300,76af384b18183cc312e9c14351fc19043ddeb8e91bbed8d798a821f552e3ac5f,2026-09-23T19:09:56.932711+00:00
2022-11-19T09:00:00+00:00,2022,GRIDSAT-B1.2022.11.19.09.v02r01.nc,data/interim/gridsat/2022/gridsat_2022.11.19.09.npz,585350,e67ef18b762d53ef7378049d4e52f719673edaed8a3e1eb8a40f219decd2c95e,2026-09-23T19:10:00.108837+00:00,data/interim/gridsat/2022/gridsat_2022.11.19.09.nc,820201,30908d2d5cc20946a250aab286726a2bf1defb91f2651140ef8e0615e01a7058,2026-09-23T19:10:00.015963+00:00
2022-11-19T12:00:00+00:00,2022,GRIDSAT-B1.2022.11.19.12.v02r01.nc,data/interim/gridsat/2022/gridsat_2022.11.19.12.npz,561553,6ef2c4bbc713f510603e2c1ebfe786cbb3ecb31182b659706956f4afb0e59114,2026-09-23T19:10:00.048142+00:00,data/interim/gridsat/2022/gridsat_2022.11.19.12.nc,801848,2f8b36a46c049c7feb6b74ac5e672c8b57622008e7498727c06aa28620444008,2026-09-23T19:09:59.960658+00:00
2022-11-19T15:00:00+00:00,2022,GRIDSAT-B1.2022.11.19.15.v02r01.nc,data/interim/gridsat/2022/gridsat_2022.11.19.15.npz,547459,6bb6aae8aa7b03e92ae29d69381505dfd8f38459af603ddb5b761f2266a09485,2026-09-23T19:10:00.965367+00:00,data/interim/gridsat/2022/gridsat_2022.11.19.15.nc,783596,ee3ecb6d0bd1b616ac9dca8ce35c23caab55af521814c2c617a911ba52576fe7,2026-09-23T19:10:00.877236+00:00
2022-11-19T18:00:00+00:00,2022,GRIDSAT-B1.2022.11.19.18.v02r01.nc,data/interim/gridsat/2022/gridsat_2022.11.19.18.npz,547932,27ef88436572f23d9b0cabee0b114181b83216fda9bb58d25e55bd4f9799e640,2026-09-23T19:10:15.842606+00:00,data/interim/gridsat/2022/gridsat_2022.11.19.18.nc,788014,b253232c1c5b08c8b9dfd65a498b6f3abc78ed0cf86f1f919c6c8a5a0017055b,2026-09-23T19:10:15.738192+00:00
2022-11-19T21:00:00+00:00,2022,GRIDSAT-B1.2022.11.19.21.v02r01.nc,data/interim/gridsat/2022/gridsat_2022.11.19.21.npz,544312,0022b9dbe98a75b1cbcc5a27bde75c3a6dca9890d4c653dd7b7135e76bf6b86a,2026-09-23T19:10:07.349233+00:00,data/interim/gridsat/2022/gridsat_2022.11.19.21.nc,783582,84114d7e656fcfbd0857ff94cf4325c2980daa578b8e5cb6240142966f285f84,2026-09-23T19:10:07.264208+00:00
2022-11-20T00:00:00+00:00,2022,GRIDSAT-B1.2022.11.20.00.v02r01.nc,data/interim/gridsat/2022/gridsat_2022.11.20.00.npz,535537,771785d0c59006b281eaa234feeb1a49d6ef905f80549beed31e5a8182aa06ef,2026-09-23T19:10:07.106479+00:00,data/interim/gridsat/2022/gridsat_2022.11.20.00.nc,771846,e163f3d208efd51b0b0421925def892673501ec18d182a0429853c49206666fa,2026-09-23T19:10:07.021616+00:00
2022-12-05T21:00:00+00:00,2022,GRIDSAT-B1.2022.12.05.21.v02r01.nc,data/interim/gridsat/2022/gridsat_2022.12.05.21.npz,526978,aad56f3f39f88b915f9fc3fd7ec68e338bce5a9b7ddb9da8d93d854ac91f2689,2026-09-23T19:10:22.133802+00:00,data/interim/gridsat/2022/gridsat_2022.12.05.21.nc,767151,34400e6e9dd0e46d85b2e44054f25c15e2ca24e4677a7b569145f3583c43fed9,2026-09-23T19:10:22.049709+00:00
2022-12-06T00:00:00+00:00,2022,GRIDSAT-B1.2022.12.06.00.v02r01.nc,data/interim/gridsat/2022/gridsat_2022.12.06.00.npz,527632,3ff25b8e098ce6ad65c8b1e461e6aae99e00cb5f0090d4f67d435fac76c766d7,2026-09-23T19:10:07.529826+00:00,data/interim/gridsat/2022/gridsat_2022.12.06.00.nc,771194,5ecb0eb74ccd493456a75610bd39763e02f1c36570c3902f8e078f285b7a1cff,2026-09-23T19:10:07.439581+00:00
2022-12-06T03:00:00+00:00,2022,GRIDSAT-B1.2022.12.06.03.v02r01.nc,data/interim/gridsat/2022/gridsat_2022.12.06.03.npz,525978,1da38b6ab3e3358526bb0ded20c5d1209de8c6fc4857191dac62fcbc662a95ff,2026-09-23T19:10:13.412168+00:00,data/interim/gridsat/2022/gridsat_2022.12.06.03.nc,764544,895c461bbb6268a708c055d9f64d3161fbb4ab0e06c449efda6a183cf295bc30,2026-09-23T19:10:13.328797+00:00
2022-12-06T06:00:00+00:00,2022,GRIDSAT-B1.2022.12.06.06.v02r01.nc,data/interim/gridsat/2022/gridsat_2022.12.06.06.npz,550120,66db30d15e92dae5a903131cdf5c6797fdefaaad86291d317cec79079cf8ffa6,2026-09-23T19:10:13.876919+00:00,data/interim/gridsat/2022/gridsat_2022.12.06.06.nc,779012,b771611c71df346b306930feb2a84ec5af0f55ff74453596b88a7360c244b6fe,2026-09-23T19:10:13.780960+00:00
2022-12-06T09:00:00+00:00,2022,GRIDSAT-B1.2022.12.06.09.v02r01.nc,data/interim/gridsat/2022/gridsat_2022.12.06.09.npz,562611,7d0ffc3dc2aa944579f7ac1f93aa9c91767451e2974c7af08ae1d32c67180734,2026-09-23T19:10:18.107116+00:00,data/interim/gridsat/2022/gridsat_2022.12.06.09.nc,798257,9b2042469a742f78c7391ffe6be193c42690cf528155bc856b978ccb91ea70a6,2026-09-23T19:10:17.991595+00:00
2022-12-06T12:00:00+00:00,2022,GRIDSAT-B1.2022.12.06.12.v02r01.nc,data/interim/gridsat/2022/gridsat_2022.12.06.12.npz,538026,57aa58515e13a3bb7b88da952777a35b8cc52d54e73778581267a993ce10d6b5,2026-09-23T19:10:16.613042+00:00,data/interim/gridsat/2022/gridsat_2022.12.06.12.nc,778206,73860aa8680c8ee8babcf48257d09921609a89380ecbe3f5c4167b1e1f36580e,2026-09-23T19:10:16.487651+00:00
2022-12-06T15:00:00+00:00,2022,GRIDSAT-B1.2022.12.06.15.v02r01.nc,data/interim/gridsat/2022/gridsat_2022.12.06.15.npz,533630,49bca9c66fd37f357cba8c148828f7fe11dc228402014d0f6db180b649eb6db4,2026-09-23T19:10:23.151417+00:00,data/interim/gridsat/2022/gridsat_2022.12.06.15.nc,773079,e472af378331d56bc60f1e7148b67866690b9990928bb393f685cd036063c849,2026-09-23T19:10:23.057432+00:00
2022-12-06T18:00:00+00:00,2022,GRIDSAT-B1.2022.12.06.18.v02r01.nc,data/interim/gridsat/2022/gridsat_2022.12.06.18.npz,540929,a215393d6b3e0eec2ea4f591bd2f1718555dc17b36c635a13236113b1e4ae510,2026-09-23T19:10:22.212603+00:00,data/interim/gridsat/2022/gridsat_2022.12.06.18.nc,784809,b28f90b4c381371cde93d37daa85760a54ab6d17fb836b29d9af802afdfafb2d,2026-09-23T19:10:22.109369+00:00
2022-12-06T21:00:00+00:00,2022,GRIDSAT-B1.2022.12.06.21.v02r01.nc,data/interim/gridsat/2022/gridsat_2022.12.06.21.npz,548406,ce47b11c4636cf2d00f2fd501be6221fd092db49fc071a398ecdc418294b8252,2026-09-23T19:10:22.461542+00:00,data/interim/gridsat/2022/gridsat_2022.12.06.21.nc,797948,83b3dfbc27ef2f2b71549e392e261ec94f6f1c6788a83bb12435d409c2d3519e,2026-09-23T19:10:22.344351+00:00
2022-12-07T00:00:00+00:00,2022,GRIDSAT-B1.2022.12.07.00.v02r01.nc,data/interim/gridsat/2022/gridsat_2022.12.07.00.npz,549169,28c3b316503929a822f986cbbc53d2119cd81037fec8f6900dca822fea110857,2026-09-23T19:10:24.908955+00:00,data/interim/gridsat/2022/gridsat_2022.12.07.00.nc,800852,56ce4b4e0649f6f3e3d4d93e41901fad0cadb947704626886a167ad6cbb2b63d,2026-09-23T19:10:24.814236+00:00
2022-12-07T03:00:00+00:00,2022,GRIDSAT-B1.2022.12.07.03.v02r01.nc,data/interim/gridsat/2022/gridsat_2022.12.07.03.npz,546250,b38e6cedae8f68311e756119efddab2578ac39574a25c3dd7b2a18493ffbe95d,2026-09-23T19:10:35.766055+00:00,data/interim/gridsat/2022/gridsat_2022.12.07.03.nc,792514,2786391e0bb3e6f09cf67be6adfb3fd7e0a5b5e784ec7b44c6a6dd45d895b63d,2026-09-23T19:10:35.679849+00:00
2022-12-07T06:00:00+00:00,2022,GRIDSAT-B1.2022.12.07.06.v02r01.nc,data/interim/gridsat/2022/gridsat_2022.12.07.06.npz,569907,175fb497fe647c14dd9ab077fd625e7ed4b43173a20f3818c86c9b7921136094,2026-09-23T19:10:27.536539+00:00,data/interim/gridsat/2022/gridsat_2022.12.07.06.nc,809045,1835e0bb1e731f7b72ccbc9f1d89b761b9ce23834fb63459a0651d2522d01e9f,2026-09-23T19:10:27.404677+00:00
2022-12-07T09:00:00+00:00,2022,GRIDSAT-B1.2022.12.07.09.v02r01.nc,data/interim/gridsat/2022/gridsat_2022.12.07.09.npz,583215,3e8d4e729ee2642adc7b6824b0c25220ea55105c6b971ec59ddb0e1ee6d98442,2026-09-23T19:10:28.010874+00:00,data/interim/gridsat/2022/gridsat_2022.12.07.09.nc,828612,aff89d78f96c75fab6754dc05629c1cd5388e5f3c1cfdf5c91d7549e8e399694,2026-09-23T19:10:27.927766+00:00
2022-12-07T12:00:00+00:00,2022,GRIDSAT-B1.2022.12.07.12.v02r01.nc,data/interim/gridsat/2022/gridsat_2022.12.07.12.npz,562941,337b2258c6154f8d199937efc7e0113c0253bacc92148df478f6f3ba77817916,2026-09-23T19:10:45.184322+00:00,data/interim/gridsat/2022/gridsat_2022.12.07.12.nc,813402,98887449a183ea1b0c0919fe709e82bcd966b4f2725e7e40c9d29e2ca275b144,2026-09-23T19:10:45.098711+00:00
2022-12-07T15:00:00+00:00,2022,GRIDSAT-B1.2022.12.07.15.v02r01.nc,data/interim/gridsat/2022/gridsat_2022.12.07.15.npz,558093,174b7b5c0968ec674ccd45fa888e345b9c5a66ae53f41628e9a06686615cbcd5,2026-09-23T19:10:30.034878+00:00,data/interim/gridsat/2022/gridsat_2022.12.07.15.nc,807376,13abd1fdfb77f452c955f0764b1c2c475e67f7bfa076ee6b1c4a99d30771f10b,2026-09-23T19:10:29.948821+00:00
2022-12-07T18:00:00+00:00,2022,GRIDSAT-B1.2022.12.07.18.v02r01.nc,data/interim/gridsat/2022/gridsat_2022.12.07.18.npz,561769,7729accb743aa9e150b0d3b702f9af8c78cddf71a2452adf0bde57312605371b,2026-09-23T19:10:45.621210+00:00,data/interim/gridsat/2022/gridsat_2022.12.07.18.nc,816297,21265c86b66f3856937017bc548baee2085d8ce8b2fcd0591e8edc8173520ef9,2026-09-23T19:10:45.530444+00:00
2022-12-07T21:00:00+00:00,2022,GRIDSAT-B1.2022.12.07.21.v02r01.nc,data/interim/gridsat/2022/gridsat_2022.12.07.21.npz,565092,9a7e5290746fe74588c83e00a46a3b55e07d60be01aa686ffbfe41fea45ee655,2026-09-23T19:10:34.415804+00:00,data/interim/gridsat/2022/gridsat_2022.12.07.21.nc,824120,2c687f64856f6671152e9ee7e6359c4f90cc10b85254dc2ebb781613448f86a6,2026-09-23T19:10:34.294276+00:00
2022-12-08T00:00:00+00:00,2022,GRIDSAT-B1.2022.12.08.00.v02r01.nc,data/interim/gridsat/2022/gridsat_2022.12.08.00.npz,566311,b6806db29922fc0e0f189543811ac7e44d1dce53249622b78a196ee92b99ddbc,2026-09-23T19:10:33.983987+00:00,data/interim/gridsat/2022/gridsat_2022.12.08.00.nc,824991,f8b40ed313f8126cd998c8e3a41f396eb2aa6e0afcafd767807edb1d5643ea96,2026-09-23T19:10:33.890809+00:00
2022-12-08T03:00:00+00:00,2022,GRIDSAT-B1.2022.12.08.03.v02r01.nc,data/interim/gridsat/2022/gridsat_2022.12.08.03.npz,565896,18d77387957ad0e035bf2d81b2b9ca565bb9270fa5dcc45434e4338a15a47443,2026-09-23T19:10:37.577388+00:00,data/interim/gridsat/2022/gridsat_2022.12.08.03.nc,817202,684f90c27d8c0af8ac7b0c22dbdc345bacf4c9a75f9cb38ee39b92a2e20d88d4,2026-09-23T19:10:37.466829+00:00
2022-12-08T06:00:00+00:00,2022,GRIDSAT-B1.2022.12.08.06.v02r01.nc,data/interim/gridsat/2022/gridsat_2022.12.08.06.npz,588306,723f43321c46b8e5a77a67739f3b117ac0de53619220844a975bbcf7abbbe5e5,2026-09-23T19:10:40.844425+00:00,data/interim/gridsat/2022/gridsat_2022.12.08.06.nc,829855,84225e8895e9a904f731b4da4305ed99f6d51e0911d1e686136aa70be6b920d3,2026-09-23T19:10:40.758485+00:00
2022-12-13T21:00:00+00:00,2022,GRIDSAT-B1.2022.12.13.21.v02r01.nc,data/interim/gridsat/2022/gridsat_2022.12.13.21.npz,523555,dd56fbd047a2905daa8c4036154d5c485ebf6a9e6962ff4c3a79cc22f41db3c2,2026-09-23T19:11:01.112859+00:00,data/interim/gridsat/2022/gridsat_2022.12.13.21.nc,762924,afc67e9b6d7af8cfc115cbc84ba16d53b32280339e793100ffbec921af1a3c9e,2026-09-23T19:11:01.019859+00:00
2022-12-14T00:00:00+00:00,2022,GRIDSAT-B1.2022.12.14.00.v02r01.nc,data/interim/gridsat/2022/gridsat_2022.12.14.00.npz,527231,613f2d6ab0fadd5281b8b566f304e6b634cb3aa230713ffe066cea742338a189,2026-09-23T19:10:42.258477+00:00,data/interim/gridsat/2022/gridsat_2022.12.14.00.nc,767240,9e7b8a53c67feaffa4c36a37604a5f1e1013404638119fc23d4209e15ab977f5,2026-09-23T19:10:42.168235+00:00
2022-12-14T03:00:00+00:00,2022,GRIDSAT-B1.2022.12.14.03.v02r01.nc,data/interim/gridsat/2022/gridsat_2022.12.14.03.npz,526512,12f710dbbe9ce9720b05457945323ecb82782b6df8800d3d387fe77d8af7c0d4,2026-09-23T19:10:44.355632+00:00,data/interim/gridsat/2022/gridsat_2022.12.14.03.nc,762383,a4d5170e0349629cf459b5fefb85b5bc65d21d44b4051abbe17a48dbf82c3e4e,2026-09-23T19:10:44.258370+00:00
2022-12-14T06:00:00+00:00,2022,GRIDSAT-B1.2022.12.14.06.v02r01.nc,data/interim/gridsat/2022/gridsat_2022.12.14.06.npz,553278,dc312ad24a76ec2e8dc502c553f4adbc0f8452fb79a95501d875f0682039ce49,2026-09-23T19:10:54.427773+00:00,data/interim/gridsat/2022/gridsat_2022.12.14.06.nc,780648,b1b265b0a1246b17d88412c90f8508ca5b19f815ddf1e9c8518b91f334f21ff2,2026-09-23T19:10:54.331702+00:00
2022-12-14T09:00:00+00:00,2022,GRIDSAT-B1.2022.12.14.09.v02r01.nc,data/interim/gridsat/2022/gridsat_2022.12.14.09.npz,569288,6ce57f53465b5b13b0a6d5dbb61f30d096db7ab8ea68781556c08d7967a3aead,2026-09-23T19:10:47.992575+00:00,data/interim/gridsat/2022/gridsat_2022.12.14.09.nc,806049,25f21db476165ad1968b29f849047be144c62a46aa8dc1d30ff7921d7eccffdd,2026-09-23T19:10:47.897254+00:00
2022-12-14T12:00:00+00:00,2022,GRIDSAT-B1.2022.12.14.12.v02r01.nc,data/interim/gridsat/2022/gridsat_2022.12.14.12.npz,549225,36cdace104b262d4b90d2093fab517de2b3085ad2c3cf406676be1a260dd8745,2026-09-23T19:10:50.001491+00:00,data/interim/gridsat/2022/gridsat_2022.12.14.12.nc,790324,c965b61737ceb795ee1e30f9a3a87ab673fe49bf53b5e97b0549e596ba2f0b16,2026-09-23T19:10:49.918782+00:00
2022-12-14T15:00:00+00:00,2022,GRIDSAT-B1.2022.12.14.15.v02r01.nc,data/interim/gridsat/2022/gridsat_2022.12.14.15.npz,541570,a4c73eb13b8d2da37d467bb27344f9a48b8e34c2b021b17a7e029f5f65f3fa00,2026-09-23T19:10:50.714313+00:00,data/interim/gridsat/2022/gridsat_2022.12.14.15.nc,780238,090b4ed3f71150924abcd42ff60930646fe10024bf7afc37efc241dc8426ab29,2026-09-23T19:10:50.592001+00:00
2022-12-14T18:00:00+00:00,2022,GRIDSAT-B1.2022.12.14.18.v02r01.nc,data/interim/gridsat/2022/gridsat_2022.12.14.18.npz,544415,61f873fa5d5522440ba8c7778bc68f17aa363376f00c58298679f564252733f3,2026-09-23T19:10:51.154926+00:00,data/interim/gridsat/2022/gridsat_2022.12.14.18.nc,783801,84699f48d26efa0af616031d25da6d835cb1e2b1dbb1041d8207c5b0da32ec26,2026-09-23T19:10:51.070245+00:00
2022-12-14T21:00:00+00:00,2022,GRIDSAT-B1.2022.12.14.21.v02r01.nc,data/interim/gridsat/2022/gridsat_2022.12.14.21.npz,548160,db83a50d20261197145b1c99aa65534acf3d326aef5f3ce0df65bb1b50f54b25,2026-09-23T19:10:54.136367+00:00,data/interim/gridsat/2022/gridsat_2022.12.14.21.nc,793325,d7c60852a59b4600c19b542eabd75725814a50858d9aaec9fe4a31de5620a8ef,2026-09-23T19:10:54.049966+00:00
2022-12-15T00:00:00+00:00,2022,GRIDSAT-B1.2022.12.15.00.v02r01.nc,data/interim/gridsat/2022/gridsat_2022.12.15.00.npz,543697,571fce823d8e5b1b86a8c5853c7e29277701b8774c6592a8e6c1a94037ad37ae,2026-09-23T19:11:46.614857+00:00,data/interim/gridsat/2022/gridsat_2022.12.15.00.nc,792651,af4bf598c5b665a1f8799f91f99154940e4c02a9afe8aa3c133ef6a473ebb45e,2026-09-23T19:11:46.515238+00:00
2022-12-15T03:00:00+00:00,2022,GRIDSAT-B1.2022.12.15.03.v02r01.nc,data/interim/gridsat/2022/gridsat_2022.12.15.03.npz,539816,d8b9e0eceaaa0bfccab43cd4b9d18949cb03966d2e658a8413c8267984f3def0,2026-09-23T19:11:04.004411+00:00,data/interim/gridsat/2022/gridsat_2022.12.15.03.nc,780564,8272ac4192a20969978b7191f3bb703b8f691b53cb44b289d286564d718d4113,2026-09-23T19:11:03.883161+00:00
2022-12-15T06:00:00+00:00,2022,GRIDSAT-B1.2022.12.15.06.v02r01.nc,data/interim/gridsat/2022/gridsat_2022.12.15.06.npz,554513,5c2fc57b5664a6fba6a835a565d8d8c04c40449ed0a353abf252ca96dfb88a39,2026-09-23T19:10:59.247526+00:00,data/interim/gridsat/2022/gridsat_2022.12.15.06.nc,783731,bb5710fb8586e915ec43983115b18430ad67b82fc51bf8075909f41270358ac0,2026-09-23T19:10:59.162308+00:00
2022-12-21T15:00:00+00:00,2022,GRIDSAT-B1.2022.12.21.15.v02r01.nc,data/interim/gridsat/2022/gridsat_2022.12.21.15.npz,496799,f9b8c15438bde350e03c712f1f47ad1e1196641d35e2ea3bcd844ca2c701096c,2026-09-23T19:10:59.452621+00:00,data/interim/gridsat/2022/gridsat_2022.12.21.15.nc,721209,f78b6c216bcd508aee42828b8c2ee98751484419986c14c3486132bca562bfd1,2026-09-23T19:10:59.343886+00:00
2022-12-21T18:00:00+00:00,2022,GRIDSAT-B1.2022.12.21.18.v02r01.nc,data/interim/gridsat/2022/gridsat_2022.12.21.18.npz,505253,2e06a5ff7e3d1c36a75deb3a942ba370d1d3c7c1dc9a0008308491b85298578f,2026-09-23T19:11:01.850693+00:00,data/interim/gridsat/2022/gridsat_2022.12.21.18.nc,736338,e0a6a1a3c66f9a5ce560cb1eecf118a0bfe1ea21b60fcea5dc4161b70fde6209,2026-09-23T19:11:01.762702+00:00
2022-12-21T21:00:00+00:00,2022,GRIDSAT-B1.2022.12.21.21.v02r01.nc,data/interim/gridsat/2022/gridsat_2022.12.21.21.npz,509764,1323b9d2a606b0f4e32bdc92b2edc892738d31285956727c5f5905d966733d69,2026-09-23T19:11:04.758142+00:00,data/interim/gridsat/2022/gridsat_2022.12.21.21.nc,744614,3db7606d84433751c675c9ef620022841b7d475db0ef9f1cd658620ad9c23c08,2026-09-23T19:11:04.674827+00:00
2022-12-22T00:00:00+00:00,2022,GRIDSAT-B1.2022.12.22.00.v02r01.nc,data/interim/gridsat/2022/gridsat_2022.12.22.00.npz,511840,e79edf7603779daf41de3e9272e5f89a09680c3037a3efbc0f4eb589e08bd7f9,2026-09-23T19:11:04.952563+00:00,data/interim/gridsat/2022/gridsat_2022.12.22.00.nc,750201,c11d9a39bdde61a44efd33dcdde0343f871ed40dfa101306c236131d7359e7d3,2026-09-23T19:11:04.845830+00:00
2022-12-22T03:00:00+00:00,2022,GRIDSAT-B1.2022.12.22.03.v02r01.nc,data/interim/gridsat/2022/gridsat_2022.12.22.03.npz,512797,e9db5c719f6a269c8e1460a86fc81a22e92a661c7fcbf90d9b32a66d86dd3050,2026-09-23T19:11:59.060320+00:00,data/interim/gridsat/2022/gridsat_2022.12.22.03.nc,747593,2293716e032d5b4c3e6bbd09235cd10dfe627facae334a04b813578f3b2d4a54,2026-09-23T19:11:58.973903+00:00
2022-12-22T06:00:00+00:00,2022,GRIDSAT-B1.2022.12.22.06.v02r01.nc,data/interim/gridsat/2022/gridsat_2022.12.22.06.npz,537600,2eeae54ff3cdb4d1a845ee0da25412d6d3d151eeaddc70ae4438ea471d212808,2026-09-23T19:11:07.727742+00:00,data/interim/gridsat/2022/gridsat_2022.12.22.06.nc,761727,7f75b06e6277570aa6fbbdb433ded4d00bf2308289a9c99fd8e620493d5c5b2c,2026-09-23T19:11:07.605917+00:00
2022-12-22T09:00:00+00:00,2022,GRIDSAT-B1.2022.12.22.09.v02r01.nc,data/interim/gridsat/2022/gridsat_2022.12.22.09.npz,552160,452ea6e7b8c86cbb1221817020d5b53eeb6ebe8f743095a25a5a4d39acb0c579,2026-09-23T19:11:11.872420+00:00,data/interim/gridsat/2022/gridsat_2022.12.22.09.nc,784398,b9cf11c2e1f283d42b69b5d9e2cfcf2630db38cbac3c04b826708f949487dc82,2026-09-23T19:11:11.772266+00:00
2022-12-22T12:00:00+00:00,2022,GRIDSAT-B1.2022.12.22.12.v02r01.nc,data/interim/gridsat/2022/gridsat_2022.12.22.12.npz,523713,8c84ba0c8387cdb12209391e3038ae81cf9268e1638883b381d0a6ec6d9d2718,2026-09-23T19:11:10.849186+00:00,data/interim/gridsat/2022/gridsat_2022.12.22.12.nc,758823,63376bb7f0f30f0334accee5a9a5eb9f67e7c7e26d664b855570990a38a03e92,2026-09-23T19:11:10.747839+00:00
2022-12-22T15:00:00+00:00,2022,GRIDSAT-B1.2022.12.22.15.v02r01.nc,data/interim/gridsat/2022/gridsat_2022.12.22.15.npz,508575,727fe0a995f14c7072d5cabfced9717bcf241a6b712d496408fdda182c146536,2026-09-23T19:11:11.430676+00:00,data/interim/gridsat/2022/gridsat_2022.12.22.15.nc,738294,0c0590e79dd657500acd56879c31163be5efda5da0277841e3e2a5fc0c640e34,2026-09-23T19:11:11.293118+00:00
2022-12-22T18:00:00+00:00,2022,GRIDSAT-B1.2022.12.22.18.v02r01.nc,data/interim/gridsat/2022/gridsat_2022.12.22.18.npz,504253,d88054ddcb10e68f8e7cec233370d0f4a9b796dd30b0a06d28ade02670941d00,2026-09-23T19:11:20.107351+00:00,data/interim/gridsat/2022/gridsat_2022.12.22.18.nc,734105,e536eb42b138d919d9bb09b4030062b3ffead82f2938cbb17f01020464e2a5bc,2026-09-23T19:11:19.994173+00:00
2022-12-22T21:00:00+00:00,2022,GRIDSAT-B1.2022.12.22.21.v02r01.nc,data/interim/gridsat/2022/gridsat_2022.12.22.21.npz,496337,7a380c43176464e8bb859b6463c3fcca429dc948252221a6c0415fb3f9e0a9a2,2026-09-23T19:11:16.757947+00:00,data/interim/gridsat/2022/gridsat_2022.12.22.21.nc,726838,695fb4936021b4748a46e68a212ebeb23c3ad43e03dddd0dfe72b5ffeeb5abb0,2026-09-23T19:11:16.651246+00:00
2022-12-23T00:00:00+00:00,2022,GRIDSAT-B1.2022.12.23.00.v02r01.nc,data/interim/gridsat/2022/gridsat_2022.12.23.00.npz,492023,87ea86b5bba8126e2a77c1e6b29621ace958ac562a623aa5c2f111f6e68ff484,2026-09-23T19:11:17.029384+00:00,data/interim/gridsat/2022/gridsat_2022.12.23.00.nc,724142,3d106779312e14f862442faf626cc84aeb6824af841ab0fc603212434e369d17,2026-09-23T19:11:16.917050+00:00
2022-12-23T03:00:00+00:00,2022,GRIDSAT-B1.2022.12.23.03.v02r01.nc,data/interim/gridsat/2022/gridsat_2022.12.23.03.npz,483097,b0f4cb661b22ee9eb4e153001d66d2b0f19c5210ebc50f66298459b6e4eac8e3,2026-09-23T19:11:21.209285+00:00,data/interim/gridsat/2022/gridsat_2022.12.23.03.nc,710302,2ac1055841bb5c6f734a35842cab3a06d316f5b88edaed4f2b1b484243486390,2026-09-23T19:11:21.112778+00:00
2022-12-23T06:00:00+00:00,2022,GRIDSAT-B1.2022.12.23.06.v02r01.nc,data/interim/gridsat/2022/gridsat_2022.12.23.06.npz,510014,6f1c761ae4061ce993eb8afdceccc0e07ac1710b0936103c0f7c680f4041ff3e,2026-09-23T19:11:33.896213+00:00,data/interim/gridsat/2022/gridsat_2022.12.23.06.nc,726442,3fc2e391a9bf74493e4b9fc20c3ecb3758428fce2b6c063d51758425ca7c54d3,2026-09-23T19:11:33.792429+00:00
2023-01-29T15:00:00+00:00,2023,GRIDSAT-B1.2023.01.29.15.v02r01.nc,data/interim/gridsat/2023/gridsat_2023.01.29.15.npz,527418,991e669fa38de321f86d66ed53d2c9f78ecec5fc03992062d8a1dd7db43c7567,2026-09-23T19:11:28.030446+00:00,data/interim/gridsat/2023/gridsat_2023.01.29.15.nc,769763,c301ab397b10d00d90d74cc5ca28382d5b37a0acbdd91227e77c4b1c2fc3e005,2026-09-23T19:11:27.926732+00:00
2023-01-29T18:00:00+00:00,2023,GRIDSAT-B1.2023.01.29.18.v02r01.nc,data/interim/gridsat/2023/gridsat_2023.01.29.18.npz,535387,9f4b147759da8cd0cf43446c27a71b95942467afcbf42df5c2cb377fc84bc9ea,2026-09-23T19:11:26.098086+00:00,data/interim/gridsat/2023/gridsat_2023.01.29.18.nc,779518,47b24c5147a744de20b89ce7014e2adbdcdc60e91ef3a53550aa4b137b11fb94,2026-09-23T19:11:25.973403+00:00
2023-01-29T21:00:00+00:00,2023,GRIDSAT-B1.2023.01.29.21.v02r01.nc,data/interim/gridsat/2023/gridsat_2023.01.29.21.npz,541953,a3a7c628ff065ed3082026c4667c59ea79e8e81297f621c2a97a4ed20f75899c,2026-09-23T19:11:27.292536+00:00,data/interim/gridsat/2023/gridsat_2023.01.29.21.nc,792171,44f89a2047c2cc8b2b5aeccfdfd2fdd263ea65ba8f50166257a7feb16b836858,2026-09-23T19:11:27.146873+00:00
2023-01-30T00:00:00+00:00,2023,GRIDSAT-B1.2023.01.30.00.v02r01.nc,data/interim/gridsat/2023/gridsat_2023.01.30.00.npz,540591,505c25ab53f74ef6f8d55d452432ef3cc8cf060bb88c850fe22da80035714824,2026-09-23T19:11:31.535523+00:00,data/interim/gridsat/2023/gridsat_2023.01.30.00.nc,793711,6df0741784aaca92615c8a4f24b16c14e1132310c7028d101e23f274001cf2aa,2026-09-23T19:11:31.438329+00:00
2023-01-30T03:00:00+00:00,2023,GRIDSAT-B1.2023.01.30.03.v02r01.nc,data/interim/gridsat/2023/gridsat_2023.01.30.03.npz,533487,ddbd71c5b7e86eb8e9677d13f4f873fc24d5ed231c961cf374bb5261871dbb50,2026-09-23T19:11:36.014679+00:00,data/interim/gridsat/2023/gridsat_2023.01.30.03.nc,780926,ec718321c73cd22112def2278051c1d0f942676e319dde442a87e36ef894a3e8,2026-09-23T19:11:35.911738+00:00
2023-01-30T06:00:00+00:00,2023,GRIDSAT-B1.2023.01.30.06.v02r01.nc,data/interim/gridsat/2023/gridsat_2023.01.30.06.npz,557208,ee1a4f505e9941a3b35f5da3011510ef69a186b924dd8b589a9054d66cb8d148,2026-09-23T19:11:35.552348+00:00,data/interim/gridsat/2023/gridsat_2023.01.30.06.nc,797406,dea0eeb2442f220b6f9b983c87edcb81f437de83e244dc31f95a05586a3d1cd8,2026-09-23T19:11:35.438269+00:00
2023-01-30T09:00:00+00:00,2023,GRIDSAT-B1.2023.01.30.09.v02r01.nc,data/interim/gridsat/2023/gridsat_2023.01.30.09.npz,568092,e989e5d5e69faed21b3f5cc2b6eb2e959ac8597d4a497897919a190e5145cc4f,2026-09-23T19:11:38.892557+00:00,data/interim/gridsat/2023/gridsat_2023.01.30.09.nc,813458,dc44b5d8ce18a4b54a7b4a4b6efcb69b66914f4c5b119656caeb90206076e00e,2026-09-23T19:11:38.802620+00:00
2023-01-30T12:00:00+00:00,2023,GRIDSAT-B1.2023.01.30.12.v02r01.nc,data/interim/gridsat/2023/gridsat_2023.01.30.12.npz,539728,537b226aa4d3d277d7d61edf6cc5d903f51a20af8e29b647db419ac25d7521af,2026-09-23T19:11:39.552569+00:00,data/interim/gridsat/2023/gridsat_2023.01.30.12.nc,785501,468710def24c7c34ab85d87327e2cda2b81b4caa3ff3080a7b422f2911a87287,2026-09-23T19:11:39.450658+00:00
2023-01-30T15:00:00+00:00,2023,GRIDSAT-B1.2023.01.30.15.v02r01.nc,data/interim/gridsat/2023/gridsat_2023.01.30.15.npz,519726,c8916ce7597bd1796f4ec686fca5c4de8e102bbb82f37aab67360e3def84fe5f,2026-09-23T19:11:45.556721+00:00,data/interim/gridsat/2023/gridsat_2023.01.30.15.nc,762181,f89c7619f0a67cc9d53346ee252c96063a0f913f8b77867f4526e3cd1501c3b9,2026-09-23T19:11:45.472823+00:00
2023-01-30T18:00:00+00:00,2023,GRIDSAT-B1.2023.01.30.18.v02r01.nc,data/interim/gridsat/2023/gridsat_2023.01.30.18.npz,518251,2dbd47c8d4e48616d7069700c56d243d0d5a331feb8ecb3450d452d3a9bcde74,2026-09-23T19:11:43.014711+00:00,data/interim/gridsat/2023/gridsat_2023.01.30.18.nc,764005,0558a399801d7ed1629ddd855b4e67290798b7cbbcc721cf8b48010c916a97ad,2026-09-23T19:11:42.928523+00:00
2023-01-30T21:00:00+00:00,2023,GRIDSAT-B1.2023.01.30.21.v02r01.nc,data/interim/gridsat/2023/gridsat_2023.01.30.21.npz,519653,a96bbb9823d107103bb9595190a7cfcd339127e351b151eae64313605e650955,2026-09-23T19:11:44.789646+00:00,data/interim/gridsat/2023/gridsat_2023.01.30.21.nc,769472,933ea404179ac8c44d0cfaa38e245cf537e778f224f58b15899dce6923deb0eb,2026-09-23T19:11:44.692333+00:00
2023-01-31T00:00:00+00:00,2023,GRIDSAT-B1.2023.01.31.00.v02r01.nc,data/interim/gridsat/2023/gridsat_2023.01.31.00.npz,516096,976d777d3dfc87f5d9681b2752e4b2d9468c81206f97b988e1edf6c6b2f16523,2026-09-23T19:11:47.952658+00:00,data/interim/gridsat/2023/gridsat_2023.01.31.00.nc,767492,9288ab5a319e0605849712527470ebbc79d8de1df21a88986a14889f4ccd0fa5,2026-09-23T19:11:47.854696+00:00
2023-01-31T03:00:00+00:00,2023,GRIDSAT-B1.2023.01.31.03.v02r01.nc,data/interim/gridsat/2023/gridsat_2023.01.31.03.npz,515891,7a6c08aa0ebf9ac780687a2d64d2e510d50d0c8da0467926c07d2d58d6725969,2026-09-23T19:11:52.682191+00:00,data/interim/gridsat/2023/gridsat_2023.01.31.03.nc,764941,bbe624bd2764c99a546799bd9c4738d1eff696389ce0d2b3378070ccef42815f,2026-09-23T19:11:52.576300+00:00
2023-01-31T06:00:00+00:00,2023,GRIDSAT-B1.2023.01.31.06.v02r01.nc,data/interim/gridsat/2023/gridsat_2023.01.31.06.npz,544202,b1fbc0d635128f61b56d69cbd635f38c6229c96c4c2c089b7ef7564957de1f9f,2026-09-23T19:11:50.101866+00:00,data/interim/gridsat/2023/gridsat_2023.01.31.06.nc,782006,4eb8eb61eaa704a2f4af07cf225e4c03a1747d569ab453d5541274288c2ecde5,2026-09-23T19:11:50.014436+00:00
2023-01-31T09:00:00+00:00,2023,GRIDSAT-B1.2023.01.31.09.v02r01.nc,data/interim/gridsat/2023/gridsat_2023.01.31.09.npz,564697,08cdd2630934cad3cb7d013ab3455bbd1ba36f342b7097f3add12d2bf6925bd4,2026-09-23T19:11:56.333787+00:00,data/interim/gridsat/2023/gridsat_2023.01.31.09.nc,806570,cb2077a38850346164a3754caf0f76ed4e1b3d767e3aae3de797029cb2bb708b,2026-09-23T19:11:56.252841+00:00
2023-01-31T12:00:00+00:00,2023,GRIDSAT-B1.2023.01.31.12.v02r01.nc,data/interim/gridsat/2023/gridsat_2023.01.31.12.npz,537286,bab458b24a12922eef4cb0fae62070de3a0237389569f7201ac4e597cec52c3c,2026-09-23T19:11:54.854937+00:00,data/interim/gridsat/2023/gridsat_2023.01.31.12.nc,780274,e940f8e0a3f420e4cdb3d53f7ecd438cf190bdd1a3845a727d6b81ec7e1bfad8,2026-09-23T19:11:54.757512+00:00
2023-05-08T21:00:00+00:00,2023,GRIDSAT-B1.2023.05.08.21.v02r01.nc,data/interim/gridsat/2023/gridsat_2023.05.08.21.npz,559810,d6dda4c0f23dcc844eee2ad2017a4a5ee90e24676483500e8906cbcef5db42fd,2026-09-23T19:11:54.074355+00:00,data/interim/gridsat/2023/gridsat_2023.05.08.21.nc,806312,461640f3540fa6abf032d27c4010bed2536b5133e3f362e9938c42fc9817e265,2026-09-23T19:11:53.972821+00:00
2023-05-09T00:00:00+00:00,2023,GRIDSAT-B1.2023.05.09.00.v02r01.nc,data/interim/gridsat/2023/gridsat_2023.05.09.00.npz,559750,32683e88fc3de2759aabe858b5d26dd1b5269ea41937043c69f1ddcbbcf9fc66,2026-09-23T19:11:58.812812+00:00,data/interim/gridsat/2023/gridsat_2023.05.09.00.nc,808755,0e5e6555c6b1fbad37f599eb825a2c4f193c40c63ecc23cf6bc0b400db1ac700,2026-09-23T19:11:58.722643+00:00
2023-05-09T03:00:00+00:00,2023,GRIDSAT-B1.2023.05.09.03.v02r01.nc,data/interim/gridsat/2023/gridsat_2023.05.09.03.npz,560093,54e6e7a82c864a9ef4b8142a8d2e91cda298460358a74b87fea753ca3f78aa4f,2026-09-23T19:11:59.270606+00:00,data/interim/gridsat/2023/gridsat_2023.05.09.03.nc,806261,917c3314b5c9986e6d7a98c15ef0790f27c8f01beb9d806f476651de861ec1d9,2026-09-23T19:11:59.153237+00:00
2023-05-09T06:00:00+00:00,2023,GRIDSAT-B1.2023.05.09.06.v02r01.nc,data/interim/gridsat/2023/gridsat_2023.05.09.06.npz,588072,0b544abe0e5b2bb69e00b4ef623e9aae64c6f9fcb4adc75a785776fc6036acf7,2026-09-23T19:12:02.576627+00:00,data/interim/gridsat/2023/gridsat_2023.05.09.06.nc,831559,7a8c7c166b7d549a8bd5516d73a1276ca60923afb284cba084a270973e798f90,2026-09-23T19:12:02.467142+00:00
2023-05-09T09:00:00+00:00,2023,GRIDSAT-B1.2023.05.09.09.v02r01.nc,data/interim/gridsat/2023/gridsat_2023.05.09.09.npz,602929,2c502d0a5ed132714869bfdde9e4af3faf81d1b1cadc813a89b0bdf048291866,2026-09-23T19:12:02.947108+00:00,data/interim/gridsat/2023/gridsat_2023.05.09.09.nc,848603,d5efd7d6058864f7d4eb9052b0c424c0ae8ec00f37744865e8f817607f9435f4,2026-09-23T19:12:02.854519+00:00
2023-05-09T12:00:00+00:00,2023,GRIDSAT-B1.2023.05.09.12.v02r01.nc,data/interim/gridsat/2023/gridsat_2023.05.09.12.npz,585167,67456919dd2e559b08378792da669cd2fc5ff9460467fec338d5058051c8b46c,2026-09-23T19:12:03.715654+00:00,data/interim/gridsat/2023/gridsat_2023.05.09.12.nc,834778,97cb2bf5858756317154f24288a0801b330d00fab6c533975f7ec511f1fc4583,2026-09-23T19:12:03.591119+00:00
2023-05-09T15:00:00+00:00,2023,GRIDSAT-B1.2023.05.09.15.v02r01.nc,data/interim/gridsat/2023/gridsat_2023.05.09.15.npz,559692,da22dfde0f7587eb9dafa3b5049e02259632e719b52c16df8aa5aaecdc732837,2026-09-23T19:12:09.236235+00:00,data/interim/gridsat/2023/gridsat_2023.05.09.15.nc,805089,8b5aee05f296c2e8b146c7870977dcdf9fe5abc13ddb411eac2122bea20ff5d3,2026-09-23T19:12:09.143576+00:00
2023-05-09T18:00:00+00:00,2023,GRIDSAT-B1.2023.05.09.18.v02r01.nc,data/interim/gridsat/2023/gridsat_2023.05.09.18.npz,555018,921fc0786f46b53c31ed8a2c8c0acfdb095d3009ae1fa66dd38934b9c74ec3cd,2026-09-23T19:12:10.132722+00:00,data/interim/gridsat/2023/gridsat_2023.05.09.18.nc,800397,4f1866ee50b6342ed3757f161f88e474af902eb663c05266cdd27729a85ac280,2026-09-23T19:12:10.022641+00:00
2023-05-09T21:00:00+00:00,2023,GRIDSAT-B1.2023.05.09.21.v02r01.nc,data/interim/gridsat/2023/gridsat_2023.05.09.21.npz,560614,d9227c10d35cb1436b3a847e68ed05d5005e30ed1d3555e3fb6f1b92f042ae66,2026-09-23T19:12:10.201800+00:00,data/interim/gridsat/2023/gridsat_2023.05.09.21.nc,809150,342f74f958fba74e60debfe9eaba5db46b03533502d15223fdb4ec1c77d17363,2026-09-23T19:12:10.111445+00:00
2023-05-10T00:00:00+00:00,2023,GRIDSAT-B1.2023.05.10.00.v02r01.nc,data/interim/gridsat/2023/gridsat_2023.05.10.00.npz,551991,14445e51398291f6e83233182213f0180068a2d1f5fd7b9266570280c51724b8,2026-09-23T19:12:08.543813+00:00,data/interim/gridsat/2023/gridsat_2023.05.10.00.nc,801965,2653c70dfde4606c1431d769cdb1efc9096cda9ff88d06ffb61cfb49be30faad,2026-09-23T19:12:08.433440+00:00
2023-05-10T03:00:00+00:00,2023,GRIDSAT-B1.2023.05.10.03.v02r01.nc,data/interim/gridsat/2023/gridsat_2023.05.10.03.npz,544359,068a24120e6688a9162102eb4a2d57d7b3b8c82aac1a2fb13205982db409ac3f,2026-09-23T19:12:09.928179+00:00,data/interim/gridsat/2023/gridsat_2023.05.10.03.nc,784575,94ec3f91016e53f026ae14383738f11ad099951008d1ba8df7e0d13f3c2a7a39,2026-09-23T19:12:09.845056+00:00
2023-05-10T06:00:00+00:00,2023,GRIDSAT-B1.2023.05.10.06.v02r01.nc,data/interim/gridsat/2023/gridsat_2023.05.10.06.npz,571206,660fd29b6ee8082fac70ae7c9c820bff1e16ce8aa29bdf0f22827b40b6af438a,2026-09-23T19:12:21.350847+00:00,data/interim/gridsat/2023/gridsat_2023.05.10.06.nc,812001,a6320926a9a4d9c273cfaebeb7d1284ba2488c0f7b6473bc6a7e69fea32309a4,2026-09-23T19:12:21.229233+00:00
2023-05-10T09:00:00+00:00,2023,GRIDSAT-B1.2023.05.10.09.v02r01.nc,data/interim/gridsat/2023/gridsat_2023.05.10.09.npz,593386,ba337e20eb623efc51d102ed90e3c34a5e8b1c93269b33400baacdc589e0d646,2026-09-23T19:12:14.278043+00:00,data/interim/gridsat/2023/gridsat_2023.05.10.09.nc,839441,a6d469b6f1696f4ad72e9f64819e7cbd7a8dd892d5d42af389c5014d845444a7,2026-09-23T19:12:14.168582+00:00
2023-05-10T12:00:00+00:00,2023,GRIDSAT-B1.2023.05.10.12.v02r01.nc,data/interim/gridsat/2023/gridsat_2023.05.10.12.npz,580367,3049dd07028c9bb880b473519f63046c2a88cb5acc3db1e6cd7f0622977db06f,2026-09-23T19:12:17.458491+00:00,data/interim/gridsat/2023/gridsat_2023.05.10.12.nc,828512,e392134098806bd2e0e7eb269bbe0663b1af601f1ea9b191af07c0388913df12,2026-09-23T19:12:17.379673+00:00
2023-05-10T15:00:00+00:00,2023,GRIDSAT-B1.2023.05.10.15.v02r01.nc,data/interim/gridsat/2023/gridsat_2023.05.10.15.npz,553278,eeb0c4cf5cc82007151d6df3d8a66b684c523546fcd6e12fc50f9a11df5ea679,2026-09-23T19:12:22.373230+00:00,data/interim/gridsat/2023/gridsat_2023.05.10.15.nc,793738,b13afaed7f9859d7a0bf0fc01719720feaa2e953fa679f8eb8b90092671068bd,2026-09-23T19:12:22.270155+00:00
2023-05-10T18:00:00+00:00,2023,GRIDSAT-B1.2023.05.10.18.v02r01.nc,data/interim/gridsat/2023/gridsat_2023.05.10.18.npz,546893,4549e587915fc3c132fd6f15583f227d2e68d5b9db456bfa6c990dd8d00573fd,2026-09-23T19:12:17.236296+00:00,data/interim/gridsat/2023/gridsat_2023.05.10.18.nc,786946,6a0728644a93f944afecc948f678be3181bedf84a9b2f13ff6afbe2efa48b7fa,2026-09-23T19:12:17.149456+00:00
2023-05-10T21:00:00+00:00,2023,GRIDSAT-B1.2023.05.10.21.v02r01.nc,data/interim/gridsat/2023/gridsat_2023.05.10.21.npz,548077,3e365422c7623d817e411631ee91175a86286c878c093c0176d3ef324e114a22,2026-09-23T19:12:18.416845+00:00,data/interim/gridsat/2023/gridsat_2023.05.10.21.nc,793563,be4004b4cf539133d15b2a8ee8397cabc9d43c0fee1931d43a4f1ed0f908f4ec,2026-09-23T19:12:18.294841+00:00
2023-05-11T00:00:00+00:00,2023,GRIDSAT-B1.2023.05.11.00.v02r01.nc,data/interim/gridsat/2023/gridsat_2023.05.11.00.npz,543589,10446b6673d429938ed832282cb870395f00fe3dabfaa39c1f838457d3a63546,2026-09-23T19:12:20.585695+00:00,data/interim/gridsat/2023/gridsat_2023.05.11.00.nc,788474,f7461d73e3a637c61b85ac6afe19fd296320b1829add8e7d5f9ee46bb43e4d72,2026-09-23T19:12:20.470743+00:00
2023-05-11T03:00:00+00:00,2023,GRIDSAT-B1.2023.05.11.03.v02r01.nc,data/interim/gridsat/2023/gridsat_2023.05.11.03.npz,544653,cc5b75ca451574b1fc75c6824f24ba4d2cb54b5e22c9ae7ad665a2c4166214fd,2026-09-23T19:12:25.032301+00:00,data/interim/gridsat/2023/gridsat_2023.05.11.03.nc,783405,7d336ad9811148a1c23e19dd47be070b40b55634e09220e936ebe9e2476f205a,2026-09-23T19:12:24.929783+00:00
2023-05-11T06:00:00+00:00,2023,GRIDSAT-B1.2023.05.11.06.v02r01.nc,data/interim/gridsat/2023/gridsat_2023.05.11.06.npz,577411,35481913cb517422a6929d252e700791a002824003876bf39ee8c2e4bebfb44e,2026-09-23T19:12:22.972961+00:00,data/interim/gridsat/2023/gridsat_2023.05.11.06.nc,815919,bfda7734246d70ed90fcc8207982a97e04620221e721a43abde938b4c7a0c7c8,2026-09-23T19:12:22.889440+00:00
2023-05-11T09:00:00+00:00,2023,GRIDSAT-B1.2023.05.11.09.v02r01.nc,data/interim/gridsat/2023/gridsat_2023.05.11.09.npz,599254,6a9ecc13d503dd239926905c41bce4c2fa8d71499236bbf54fded1603f800da8,2026-09-23T19:12:25.713925+00:00,data/interim/gridsat/2023/gridsat_2023.05.11.09.nc,846007,a728a25a1a39d9a7d51b3d4e71cef6a3e1f7992625fe5f5e28ebca2a121cb8bd,2026-09-23T19:12:25.627541+00:00
2023-05-11T12:00:00+00:00,2023,GRIDSAT-B1.2023.05.11.12.v02r01.nc,data/interim/gridsat/2023/gridsat_2023.05.11.12.npz,584948,56fc66dd0bec2b1ef99dd709db6b8b2fcbe0de840cb86f59726ddf5793cc04da,2026-09-23T19:12:25.935144+00:00,data/interim/gridsat/2023/gridsat_2023.05.11.12.nc,834850,971507afff2d9d6f28821f769dfda317d71f582ff949e03d4723d1f5a54ab0c5,2026-09-23T19:12:25.820917+00:00
2023-05-11T15:00:00+00:00,2023,GRIDSAT-B1.2023.05.11.15.v02r01.nc,data/interim/gridsat/2023/gridsat_2023.05.11.15.npz,555555,f93c657e233a927f838ad963a43246e0da1b09bfae69d348bc8aefd19784b33c,2026-09-23T19:12:34.650524+00:00,data/interim/gridsat/2023/gridsat_2023.05.11.15.nc,801557,0b266caa5d5f7ffeddd51b022585b1ead895928d8bbcc4c3e9f006561c6b0104,2026-09-23T19:12:34.527799+00:00
2023-05-11T18:00:00+00:00,2023,GRIDSAT-B1.2023.05.11.18.v02r01.nc,data/interim/gridsat/2023/gridsat_2023.05.11.18.npz,546927,981b54f47a1c252eb19735fbaf9aabcb3ada57b4a9738c7de61eda0a12e01b77,2026-09-23T19:12:32.416681+00:00,data/interim/gridsat/2023/gridsat_2023.05.11.18.nc,793665,8c4a39a7f753bcb83dbcda766cebd99184f576b567348fe3aab6cf81336c4312,2026-09-23T19:12:32.320705+00:00
2023-05-11T21:00:00+00:00,2023,GRIDSAT-B1.2023.05.11.21.v02r01.nc,data/interim/gridsat/2023/gridsat_2023.05.11.21.npz,543171,17b8e1e8a11772c17814ecec18caeb46056c67e1e9a961a3781038903f4cbe77,2026-09-23T19:12:36.353925+00:00,data/interim/gridsat/2023/gridsat_2023.05.11.21.nc,792855,e21b903a0a275f9a77e751801f1ea20b7c5e7e211317ee71c176a4ecca8095e4,2026-09-23T19:12:36.255547+00:00
2023-05-12T00:00:00+00:00,2023,GRIDSAT-B1.2023.05.12.00.v02r01.nc,data/interim/gridsat/2023/gridsat_2023.05.12.00.npz,538948,dcebfc7d20248ad5cad8850da38466b5cc16d4ceb5cdfa1d2a2438d2268304d7,2026-09-23T19:12:33.382149+00:00,data/interim/gridsat/2023/gridsat_2023.05.12.00.nc,788974,6535bfa9d83adfee85deeb75849eaadfe9f29f85086fa9e3a112ce3c0a3f432e,2026-09-23T19:12:33.279399+00:00
2023-05-12T03:00:00+00:00,2023,GRIDSAT-B1.2023.05.12.03.v02r01.nc,data/interim/gridsat/2023/gridsat_2023.05.12.03.npz,543398,00dd61292a1eb254bcea07ace28301736b02fcead393a25925a2aeef9abe99df,2026-09-23T19:12:32.895733+00:00,data/interim/gridsat/2023/gridsat_2023.05.12.03.nc,789301,c3ed7550423cb2232ce9c7c623eee9b8969b23fcfd3c66d1e902d4181fc2f88a,2026-09-23T19:12:32.798658+00:00
2023-05-12T06:00:00+00:00,2023,GRIDSAT-B1.2023.05.12.06.v02r01.nc,data/interim/gridsat/2023/gridsat_2023.05.12.06.npz,574067,a67decdd816a0e6881f7cf9bbd51a96723c65b5be2b8329e81c13f9c5bda3ab1,2026-09-23T19:12:35.013820+00:00,data/interim/gridsat/2023/gridsat_2023.05.12.06.nc,822347,f69870f2197124b1d92fb26d9c2391610b869fbd9b3f674523c74cc2654ffe8a,2026-09-23T19:12:34.923673+00:00
2023-05-12T09:00:00+00:00,2023,GRIDSAT-B1.2023.05.12.09.v02r01.nc,data/interim/gridsat/2023/gridsat_2023.05.12.09.npz,588544,cd7f1662934029287d99117979fa231b10bc331fc083ae7bab6382306032093d,2026-09-23T19:12:39.638806+00:00,data/interim/gridsat/2023/gridsat_2023.05.12.09.nc,837145,0c3e9c0f58ea980bd7986ff499ae45f3209324be100ba9eb1487833cfc62bed2,2026-09-23T19:12:39.546937+00:00
2023-05-12T12:00:00+00:00,2023,GRIDSAT-B1.2023.05.12.12.v02r01.nc,data/interim/gridsat/2023/gridsat_2023.05.12.12.npz,567178,871994aea28222c5c87e821036762ffe6e9aa84df1a182e6f01b681b4ffdc6b5,2026-09-23T19:12:40.064083+00:00,data/interim/gridsat/2023/gridsat_2023.05.12.12.nc,817321,78fdd04f5a6a4246546d906a310bec10a5be9498f74379f87ac99c30dc64f6c9,2026-09-23T19:12:39.933127+00:00
2023-05-12T15:00:00+00:00,2023,GRIDSAT-B1.2023.05.12.15.v02r01.nc,data/interim/gridsat/2023/gridsat_2023.05.12.15.npz,535684,b4c45bcbb37e633db603c8c6f7405534595e5473b044f1e9c3190441cae80744,2026-09-23T19:12:40.626516+00:00,data/interim/gridsat/2023/gridsat_2023.05.12.15.nc,778324,6a8dafef5cad2891ef8ca74261e4de0d34b6fa37c223487e90073d63bbe1752f,2026-09-23T19:12:40.534609+00:00
2023-05-12T18:00:00+00:00,2023,GRIDSAT-B1.2023.05.12.18.v02r01.nc,data/interim/gridsat/2023/gridsat_2023.05.12.18.npz,531016,873449d0f22ac23e51b2c9b78ee2959e58b46df1649d0c9621c8b65ca5bb3336,2026-09-23T19:12:55.277683+00:00,data/interim/gridsat/2023/gridsat_2023.05.12.18.nc,771810,33a1f289018f0d65239be1249b53594c8aa76e4793ce7af7128337a5ac313fbc,2026-09-23T19:12:55.192189+00:00
2023-05-12T21:00:00+00:00,2023,GRIDSAT-B1.2023.05.12.21.v02r01.nc,data/interim/gridsat/2023/gridsat_2023.05.12.21.npz,527545,39902b19cbdd06cb6c709c2b6db2dbe9539954f3f14f43d0b068f9fe78ef7772,2026-09-23T19:12:40.560678+00:00,data/interim/gridsat/2023/gridsat_2023.05.12.21.nc,772837,3b1100a7e74b8c654dcc31c9087359a6afbe72d1025d41b2e3fae373ff21c027,2026-09-23T19:12:40.472605+00:00
2023-05-13T00:00:00+00:00,2023,GRIDSAT-B1.2023.05.13.00.v02r01.nc,data/interim/gridsat/2023/gridsat_2023.05.13.00.npz,517418,4d2ddedaaf96f676727d03772dc545d6cb51ce83f39df1e9d588e03681958e3b,2026-09-23T19:12:47.869278+00:00,data/interim/gridsat/2023/gridsat_2023.05.13.00.nc,764742,8e50e2229a7c213d024222c8e69c2efa6c4c6a7effcf39fc7d458eceb4546058,2026-09-23T19:12:47.747298+00:00
2023-06-05T09:00:00+00:00,2023,GRIDSAT-B1.2023.06.05.09.v02r01.nc,data/interim/gridsat/2023/gridsat_2023.06.05.09.npz,624824,9d6afe701d1cb4dd335ddca3bc97ed0a75f91f0dc31b3fec326320dc5495da80,2026-09-23T19:12:45.117821+00:00,data/interim/gridsat/2023/gridsat_2023.06.05.09.nc,875096,c420bf140c5f6628959c22dc135fe65958d28e89a1c985e7cad0503da532d15b,2026-09-23T19:12:44.991182+00:00
2023-06-05T12:00:00+00:00,2023,GRIDSAT-B1.2023.06.05.12.v02r01.nc,data/interim/gridsat/2023/gridsat_2023.06.05.12.npz,614646,f019b2a52a9f72a95fdb19cdf43fef10810880a251c8951e9796c30c2c04df68,2026-09-23T19:12:46.777490+00:00,data/interim/gridsat/2023/gridsat_2023.06.05.12.nc,867093,bfabf0934acea5e528ef0de59da9bf859684e6cc29a30ad00bffa2297da9a48d,2026-09-23T19:12:46.691664+00:00
2023-06-05T15:00:00+00:00,2023,GRIDSAT-B1.2023.06.05.15.v02r01.nc,data/interim/gridsat/2023/gridsat_2023.06.05.15.npz,589416,2e5123ea8b629302b9014ed1e1d171b9e39d4a62d653a28f9eb93b8ec168d0cd,2026-09-23T19:12:54.141849+00:00,data/interim/gridsat/2023/gridsat_2023.06.05.15.nc,834965,9feb3700184dac5fc72cf6c29d227e8b33c2119f328d5e242878f5a4ff566853,2026-09-23T19:12:54.055258+00:00
2023-06-05T18:00:00+00:00,2023,GRIDSAT-B1.2023.06.05.18.v02r01.nc,data/interim/gridsat/2023/gridsat_2023.06.05.18.npz,580995,0e0ccfb4afd16f7e7760bd50765c07c24874043932c339820e47d690dbbb86f1,2026-09-23T19:12:54.223144+00:00,data/interim/gridsat/2023/gridsat_2023.06.05.18.nc,828819,98f58b09efb73be6017d04b5eb581bcbb1be8ae315ce5466bb902ae5fa121704,2026-09-23T19:12:54.117713+00:00
2023-06-05T21:00:00+00:00,2023,GRIDSAT-B1.2023.06.05.21.v02r01.nc,data/interim/gridsat/2023/gridsat_2023.06.05.21.npz,578301,ef05801ad42824cf86b8ca8f3b837a80fbf6dfcb1a76b1c2136c499e740eee66,2026-09-23T19:12:51.050713+00:00,data/interim/gridsat/2023/gridsat_2023.06.05.21.nc,826458,52a17fbd4e8a839fd6e0409840ab9bbd9e61b237bc39ecb4ac86e089bc66f074,2026-09-23T19:12:50.951185+00:00
2023-06-06T00:00:00+00:00,2023,GRIDSAT-B1.2023.06.06.00.v02r01.nc,data/interim/gridsat/2023/gridsat_2023.06.06.00.npz,566173,e9ffdb9c526038dd71eccffe03627051d349de21e3528de1e426dad196e3545a,2026-09-23T19:12:53.069275+00:00,data/interim/gridsat/2023/gridsat_2023.06.06.00.nc,815490,3c993453ba2670fe540ef0771f1d1d3c391fb260365422b488848ded6a93ccd7,2026-09-23T19:12:52.954390+00:00
2023-06-06T03:00:00+00:00,2023,GRIDSAT-B1.2023.06.06.03.v02r01.nc,data/interim/gridsat/2023/gridsat_2023.06.06.03.npz,566435,13b5132a0e7c9da987f049655abe560e4366425004a8ab07ca64aae0f24429cd,2026-09-23T19:13:09.214765+00:00,data/interim/gridsat/2023/gridsat_2023.06.06.03.nc,806890,45556e2da18bc72efb25242b32a5310a2d30b7900b843eb2900a8e546e704e45,2026-09-23T19:13:09.115083+00:00
2023-06-06T06:00:00+00:00,2023,GRIDSAT-B1.2023.06.06.06.v02r01.nc,data/interim/gridsat/2023/gridsat_2023.06.06.06.npz,594240,42d98fe5b14979d6a838280d57e57f633b254609b61524e4d5c0a9b574ec7735,2026-09-23T19:12:57.826541+00:00,data/interim/gridsat/2023/gridsat_2023.06.06.06.nc,836562,237c5f6d94353562d669cf5bb763358b527e589625adf47e133ea8b3cd648f69,2026-09-23T19:12:57.711318+00:00
2023-06-06T09:00:00+00:00,2023,GRIDSAT-B1.2023.06.06.09.v02r01.nc,data/interim/gridsat/2023/gridsat_2023.06.06.09.npz,617722,95625b5d91961a73c2027401adf22c25fde856058f7a5be2da80c446e419f49b,2026-09-23T19:13:09.673065+00:00,data/interim/gridsat/2023/gridsat_2023.06.06.09.nc,866539,cf33c12ddf70cf8f59a0fd8959bb54e956365524e78588307b70effa2b1e5622,2026-09-23T19:13:09.550468+00:00
2023-06-06T12:00:00+00:00,2023,GRIDSAT-B1.2023.06.06.12.v02r01.nc,data/interim/gridsat/2023/gridsat_2023.06.06.12.npz,613510,f9e17bc4a6d214408e59087a1ab6af85f4cc822d804cf2fbd42574f0b2ff2e5f,2026-09-23T19:13:04.059084+00:00,data/interim/gridsat/2023/gridsat_2023.06.06.12.nc,865362,43ed46408c864ecacd44c69996f524c57d82b8fc847babd0919f09749add11d4,2026-09-23T19:13:03.957868+00:00
2023-06-06T15:00:00+00:00,2023,GRIDSAT-B1.2023.06.06.15.v02r01.nc,data/interim/gridsat/2023/gridsat_2023.06.06.15.npz,585798,9031c3ac10d8bf2628f40c33552fbd8a7505d39c00b285177443ff1107867580,2026-09-23T19:13:01.652414+00:00,data/interim/gridsat/2023/gridsat_2023.06.06.15.nc,833036,14129ef932e1236678559f18d29c620d3510049c5be73794223e1bb3fbba7398,2026-09-23T19:13:01.562115+00:00
2023-06-06T18:00:00+00:00,2023,GRIDSAT-B1.2023.06.06.18.v02r01.nc,data/interim/gridsat/2023/gridsat_2023.06.06.18.npz,582689,82bf213ddf19ba54050397b9d40a0c9b3881e1feb66cdc666cf2e4c393184a3d,2026-09-23T19:13:03.617661+00:00,data/interim/gridsat/2023/gridsat_2023.06.06.18.nc,833850,b309205c0b78d8d6a8ef8a3eed32c20108ed5d937a68820a61afe22dca9eedb9,2026-09-23T19:13:03.529596+00:00
2023-06-06T21:00:00+00:00,2023,GRIDSAT-B1.2023.06.06.21.v02r01.nc,data/interim/gridsat/2023/gridsat_2023.06.06.21.npz,581303,310b499c5c347e1c2608b1896f31bcca33ee80b787f902dff82d9ea1920c285d,2026-09-23T19:13:03.552634+00:00,data/interim/gridsat/2023/gridsat_2023.06.06.21.nc,834851,b57733b5cd215ee0dfded17481409b7157068bd74c56fbbbf7b025da2efc1af2,2026-09-23T19:13:03.466279+00:00
2023-06-07T00:00:00+00:00,2023,GRIDSAT-B1.2023.06.07.00.v02r01.nc,data/interim/gridsat/2023/gridsat_2023.06.07.00.npz,568750,bd6ccf2d77769aa9139a40d54781101c8042d7d2ff3b33e9da61f0bfa5f265b0,2026-09-23T19:13:07.798087+00:00,data/interim/gridsat/2023/gridsat_2023.06.07.00.nc,818795,8cfd3bf87bde5588819b0ecb689c47e842253fcb9983d6fabad723578f0024d0,2026-09-23T19:13:07.712177+00:00
2023-06-07T03:00:00+00:00,2023,GRIDSAT-B1.2023.06.07.03.v02r01.nc,data/interim/gridsat/2023/gridsat_2023.06.07.03.npz,571688,ba4ba6dd4f2e195787daafce0cfe42e1a0ea9994e3c7eadec10a481034e5945d,2026-09-23T19:13:14.925657+00:00,data/interim/gridsat/2023/gridsat_2023.06.07.03.nc,818056,0732f343e398ac33657621efe7130d497e4832d0e440586d248a16dd69ae2258,2026-09-23T19:13:14.832687+00:00
2023-06-07T06:00:00+00:00,2023,GRIDSAT-B1.2023.06.07.06.v02r01.nc,data/interim/gridsat/2023/gridsat_2023.06.07.06.npz,601790,8adb7b9e4d622f8d37bdab87dd4eb38ca0765d148af445df4df1f79eaeab9d12,2026-09-23T19:13:10.635116+00:00,data/interim/gridsat/2023/gridsat_2023.06.07.06.nc,853409,8d675adad247dde79432a2c630a7e07341e0c7391aafe7d39e5bfc3efc906f14,2026-09-23T19:13:10.534116+00:00
2023-06-07T09:00:00+00:00,2023,GRIDSAT-B1.2023.06.07.09.v02r01.nc,data/interim/gridsat/2023/gridsat_2023.06.07.09.npz,627633,a4597bcb4cb0c469c7e29d109168fc9c74d351974119519b26c92b34b92b899e,2026-09-23T19:13:15.673021+00:00,data/interim/gridsat/2023/gridsat_2023.06.07.09.nc,886725,8bba82a2a5090780686cb1b3db20eec2f676e865a74e664b859fb75c774b1d91,2026-09-23T19:13:15.575732+00:00
2023-06-07T12:00:00+00:00,2023,GRIDSAT-B1.2023.06.07.12.v02r01.nc,data/interim/gridsat/2023/gridsat_2023.06.07.12.npz,625205,d6f670884c0dbb122bd2884f6d340ae8c980b80f8daacb4951f1185476775815,2026-09-23T19:13:15.429872+00:00,data/interim/gridsat/2023/gridsat_2023.06.07.12.nc,890509,f163bd63a10057a51c227e46bcbe8ec2340ce00d789b6bd4be93ebb554e00311,2026-09-23T19:13:15.343873+00:00
2023-06-07T15:00:00+00:00,2023,GRIDSAT-B1.2023.06.07.15.v02r01.nc,data/interim/gridsat/2023/gridsat_2023.06.07.15.npz,597450,6caf1718c39ece77e53e6b8a9ab107635626f44426011db9db62c61773f37c90,2026-09-23T19:13:14.867412+00:00,data/interim/gridsat/2023/gridsat_2023.06.07.15.nc,855535,b1036684fa45612b7e0257b03b5aef66156e0caddbfff30a2c159f757dcfd47b,2026-09-23T19:13:14.778119+00:00
2023-06-07T18:00:00+00:00,2023,GRIDSAT-B1.2023.06.07.18.v02r01.nc,data/interim/gridsat/2023/gridsat_2023.06.07.18.npz,591796,856a37a721a7ed7ef7fc13887a9aed7bb26a3a29f3a271291d9116365ac70de7,2026-09-23T19:13:18.688607+00:00,data/interim/gridsat/2023/gridsat_2023.06.07.18.nc,851991,0b5b49099a1264a2ac4ece16e516b251e9d4f92eaf41054af4861a864f6708ba,2026-09-23T19:13:18.587993+00:00
2023-06-07T21:00:00+00:00,2023,GRIDSAT-B1.2023.06.07.21.v02r01.nc,data/interim/gridsat/2023/gridsat_2023.06.07.21.npz,591210,b3ed0f19395b5c80f02368fbade9fdc755c0a71de6af64790b04e56b61080472,2026-09-23T19:13:21.776818+00:00,data/interim/gridsat/2023/gridsat_2023.06.07.21.nc,849267,3bd876b0b8bc8119273a7bb4a2de82c942faef31a0fca8f6b5bcd8f760dc26d6,2026-09-23T19:13:21.687333+00:00
2023-06-08T00:00:00+00:00,2023,GRIDSAT-B1.2023.06.08.00.v02r01.nc,data/interim/gridsat/2023/gridsat_2023.06.08.00.npz,577532,b62f6af42f24f3e295528c11e9f85344ff4c420b2fe690b041558c70e170d97e,2026-09-23T19:13:20.326617+00:00,data/interim/gridsat/2023/gridsat_2023.06.08.00.nc,832670,2fda393ab38fdb5c6562376650b009b415ff36465899eb3e785ca050614ff778,2026-09-23T19:13:20.246280+00:00
2023-06-08T03:00:00+00:00,2023,GRIDSAT-B1.2023.06.08.03.v02r01.nc,data/interim/gridsat/2023/gridsat_2023.06.08.03.npz,576139,a72a1c4ebbd614b59d55a8643ffc8af270a69997230f3e09e94832ceb1725079,2026-09-23T19:13:23.468709+00:00,data/interim/gridsat/2023/gridsat_2023.06.08.03.nc,825062,23532f41d862135b18bb20cf72d06fe4dc53a80940c7dfc319a4f66a2166f57c,2026-09-23T19:13:23.382551+00:00
2023-06-08T06:00:00+00:00,2023,GRIDSAT-B1.2023.06.08.06.v02r01.nc,data/interim/gridsat/2023/gridsat_2023.06.08.06.npz,606441,adb7a9bae0916e6366a9beae387ea1e3d5ff132a01756f6abb61cc918d041268,2026-09-23T19:13:22.555458+00:00,data/interim/gridsat/2023/gridsat_2023.06.08.06.nc,858283,ac4ac3aae2cc9460b5dbfb7b86cae537aab8c47a75263c7a246e95a038089049,2026-09-23T19:13:22.475038+00:00
2023-06-08T09:00:00+00:00,2023,GRIDSAT-B1.2023.06.08.09.v02r01.nc,data/interim/gridsat/2023/gridsat_2023.06.08.09.npz,633309,ade37cad62b358618eb63a006b0f8d536ce6592de673732433edebf7e9ee7fc0,2026-09-23T19:13:21.841046+00:00,data/interim/gridsat/2023/gridsat_2023.06.08.09.nc,891100,b4dcf5ca9221f753e339d0c5cd448042df6f4f61793f1da17932b538a9c119b4,2026-09-23T19:13:21.749645+00:00
2023-06-08T12:00:00+00:00,2023,GRIDSAT-B1.2023.06.08.12.v02r01.nc,data/interim/gridsat/2023/gridsat_2023.06.08.12.npz,623557,d05afabde8449a65bb89d93879c6dc987ed270447de73b43150b50249d0813e8,2026-09-23T19:13:26.490756+00:00,data/interim/gridsat/2023/gridsat_2023.06.08.12.nc,885965,ac9b5a04d27341544c2cac38f1201e7f0d6934d6dc90d0d12c4d8bc2dd5216fe,2026-09-23T19:13:26.390639+00:00
2023-06-08T15:00:00+00:00,2023,GRIDSAT-B1.2023.06.08.15.v02r01.nc,data/interim/gridsat/2023/gridsat_2023.06.08.15.npz,595638,6496ed288622ae7b731d49bf35df63ed6cfa0905ddd6acfdfa69335715d0c318,2026-09-23T19:13:25.207570+00:00,data/interim/gridsat/2023/gridsat_2023.06.08.15.nc,854047,edbe1e2beeac1d05d3bf561c45c5c1ea235cc116508d24575d39800a6097dfec,2026-09-23T19:13:25.103511+00:00
2023-06-08T18:00:00+00:00,2023,GRIDSAT-B1.2023.06.08.18.v02r01.nc,data/interim/gridsat/2023/gridsat_2023.06.08.18.npz,591620,f875d8785dd9fce0bacc59dcaee0a70cf7ba6fafc08e7c81d5d24c2bdcf02b60,2026-09-23T19:13:28.226637+00:00,data/interim/gridsat/2023/gridsat_2023.06.08.18.nc,850223,05706baadc2de9d4f3e3af1a4c578da5fce28f6ae89c0d68da71724bc8c36667,2026-09-23T19:13:28.138282+00:00
2023-06-08T21:00:00+00:00,2023,GRIDSAT-B1.2023.06.08.21.v02r01.nc,data/interim/gridsat/2023/gridsat_2023.06.08.21.npz,589363,17bb9493538c60363d18a45e05df805a84ef18dc43c29e70548eab01badc8216,2026-09-23T19:13:28.293166+00:00,data/interim/gridsat/2023/gridsat_2023.06.08.21.nc,851080,f2e94d3212aeba41113de8f6111fc647b98211bc7a56221a2665e601b1918893,2026-09-23T19:13:28.201866+00:00
2023-06-09T00:00:00+00:00,2023,GRIDSAT-B1.2023.06.09.00.v02r01.nc,data/interim/gridsat/2023/gridsat_2023.06.09.00.npz,578294,320afbdaf5d072255d900fc8eee13214340a18c85633a4cd4920ff062d0b7413,2026-09-23T19:13:35.840752+00:00,data/interim/gridsat/2023/gridsat_2023.06.09.00.nc,838580,bfd8753d3fd1c232954ecd39a3e0302749e1fe99b5c67ea3043b135608c453b9,2026-09-23T19:13:35.744938+00:00
2023-06-09T03:00:00+00:00,2023,GRIDSAT-B1.2023.06.09.03.v02r01.nc,data/interim/gridsat/2023/gridsat_2023.06.09.03.npz,576145,bfcb2aea5d1b8b7535e9743d04de674e467d542179eef932a537cf84aea60862,2026-09-23T19:13:46.906176+00:00,data/interim/gridsat/2023/gridsat_2023.06.09.03.nc,829149,5eb5c3af9295672e3c19be9ed612d851f18306e050eefbfccfa18407d3fb3a05,2026-09-23T19:13:46.817858+00:00
2023-06-09T06:00:00+00:00,2023,GRIDSAT-B1.2023.06.09.06.v02r01.nc,data/interim/gridsat/2023/gridsat_2023.06.09.06.npz,605556,5374fd62b428bc68d592f202f134405f417bac89ebc03d418a9567135642d3b2,2026-09-23T19:13:34.661201+00:00,data/interim/gridsat/2023/gridsat_2023.06.09.06.nc,863271,9dbb4dee8c05d8328bc4a06a06d21d2ada667c18c938b04179433e5d7a4ddc78,2026-09-23T19:13:34.573040+00:00
2023-06-09T09:00:00+00:00,2023,GRIDSAT-B1.2023.06.09.09.v02r01.nc,data/interim/gridsat/2023/gridsat_2023.06.09.09.npz,633623,b19b478efd31f52ec84bf4102ba4749882352435c2bd094642fb6cba878c5550,2026-09-23T19:13:31.554749+00:00,data/interim/gridsat/2023/gridsat_2023.06.09.09.nc,893394,5fc90f4967fe2cdc9d909be0a756cc6ef1c3d4ceba6eba48cf2778555e66e9e3,2026-09-23T19:13:31.466812+00:00
2023-06-09T12:00:00+00:00,2023,GRIDSAT-B1.2023.06.09.12.v02r01.nc,data/interim/gridsat/2023/gridsat_2023.06.09.12.npz,631433,11d7943e9cb412bb3ae49dde02ce413848cfe2f3c016f3d233ddc7d18fe13fa2,2026-09-23T19:13:33.431928+00:00,data/interim/gridsat/2023/gridsat_2023.06.09.12.nc,893432,6be995ddb01a2fb1a400c9ea4807e6d550d1dff710b0526ebe079bf8d608ba14,2026-09-23T19:13:33.332521+00:00
2023-06-09T15:00:00+00:00,2023,GRIDSAT-B1.2023.06.09.15.v02r01.nc,data/interim/gridsat/2023/gridsat_2023.06.09.15.npz,599820,93f2755dc30eae226f980da1172beefe319651fa595d645dca4cfdcc033ee732,2026-09-23T19:13:40.006537+00:00,data/interim/gridsat/2023/gridsat_2023.06.09.15.nc,859810,2e03c437da56336b820fa68ab50b736b1f36a624ee78f41bfb8077d83b7bb76b,2026-09-23T19:13:39.899733+00:00
2023-06-09T18:00:00+00:00,2023,GRIDSAT-B1.2023.06.09.18.v02r01.nc,data/interim/gridsat/2023/gridsat_2023.06.09.18.npz,587234,9eee93996d7e6f3bed500e9bcd1f17bdf97be70e09244338d01a6d9a039c6b6f,2026-09-23T19:13:39.329036+00:00,data/interim/gridsat/2023/gridsat_2023.06.09.18.nc,846820,da71ef923957a5d4374fe6fae5f5b4dfe73d5a0d7a0a0c3b0b0ec66ced9e6b8d,2026-09-23T19:13:39.242734+00:00
2023-06-09T21:00:00+00:00,2023,GRIDSAT-B1.2023.06.09.21.v02r01.nc,data/interim/gridsat/2023/gridsat_2023.06.09.21.npz,580284,eba3584482b4fd8cd2c9a185d9f3a8db27217d911f42a13325078174052a6751,2026-09-23T19:13:38.871050+00:00,data/interim/gridsat/2023/gridsat_2023.06.09.21.nc,839954,1c3f4ba2fd83e8a04e69c09caf01e80744c5db8339a0a2d9b7e46c7504c09e66,2026-09-23T19:13:38.771292+00:00
2023-06-10T00:00:00+00:00,2023,GRIDSAT-B1.2023.06.10.00.v02r01.nc,data/interim/gridsat/2023/gridsat_2023.06.10.00.npz,572135,652591a5f9966b87dafd74ea1e55e4a4f8956d4ea21c361718a1e5334e9cac17,2026-09-23T19:13:42.560249+00:00,data/interim/gridsat/2023/gridsat_2023.06.10.00.nc,832976,31855ac8053404f5fe79d92f08aaa4085f06fd3b2d66765170499e89ee9fd38b,2026-09-23T19:13:42.475846+00:00
2023-06-10T03:00:00+00:00,2023,GRIDSAT-B1.2023.06.10.03.v02r01.nc,data/interim/gridsat/2023/gridsat_2023.06.10.03.npz,572118,bf18d623c78f116766a3872f3ff298f03ded45da29f5fa233202b3ba7189b20f,2026-09-23T19:13:47.374088+00:00,data/interim/gridsat/2023/gridsat_2023.06.10.03.nc,827738,a38cff92d419bfa1a6e251cab1f9af806198c7d971abaa332e8099d7155a3bb4,2026-09-23T19:13:47.292408+00:00
2023-06-10T06:00:00+00:00,2023,GRIDSAT-B1.2023.06.10.06.v02r01.nc,data/interim/gridsat/2023/gridsat_2023.06.10.06.npz,604877,58273d9567ebfddfd82ecc2ab1864b63660443ae0940009bb8ebc29efe4dd031,2026-09-23T19:14:00.216599+00:00,data/interim/gridsat/2023/gridsat_2023.06.10.06.nc,862233,a1c13f285108885b4141973c8f2f2c38f24d7d4f5156b6e5a43129fd858b7c41,2026-09-23T19:14:00.112055+00:00
2023-06-10T09:00:00+00:00,2023,GRIDSAT-B1.2023.06.10.09.v02r01.nc,data/interim/gridsat/2023/gridsat_2023.06.10.09.npz,633457,1d89ae1fce203b69e3c510c7a47d67bf4baaf011d3062cdad01b7cf431bd98ad,2026-09-23T19:13:46.843569+00:00,data/interim/gridsat/2023/gridsat_2023.06.10.09.nc,894197,0f3c64e6ada23ac73ab2e7fb8ddb7a09d5601cc67520d9c65d857af56abbb36c,2026-09-23T19:13:46.754440+00:00
2023-06-10T12:00:00+00:00,2023,GRIDSAT-B1.2023.06.10.12.v02r01.nc,data/interim/gridsat/2023/gridsat_2023.06.10.12.npz,624875,a7bed4155c3d547497329911b74984a18c3786a4aa006032cb2ad7ec1000c037,2026-09-23T19:13:47.573313+00:00,data/interim/gridsat/2023/gridsat_2023.06.10.12.nc,885063,e62e43ecdaa2efae42a7c54901b37f1a37aff3717b4faec03c3fd575494d9d01,2026-09-23T19:13:47.487298+00:00
2023-06-10T15:00:00+00:00,2023,GRIDSAT-B1.2023.06.10.15.v02r01.nc,data/interim/gridsat/2023/gridsat_2023.06.10.15.npz,594184,61cd78d208ebb711f7475e71365e6b67637b1b27e98801a318aa668ec242c685,2026-09-23T19:13:50.588521+00:00,data/interim/gridsat/2023/gridsat_2023.06.10.15.nc,850926,2a85b0d776be26614597f9b52cb234c11d4bfc62a63058a45eaf52541d1f0cc3,2026-09-23T19:13:50.503203+00:00
2023-06-10T18:00:00+00:00,2023,GRIDSAT-B1.2023.06.10.18.v02r01.nc,data/interim/gridsat/2023/gridsat_2023.06.10.18.npz,591183,a5e4be29793abc93a1853da3d7bf32f167b7cd26d4563c846df1c75393a7f855,2026-09-23T19:13:52.353135+00:00,data/interim/gridsat/2023/gridsat_2023.06.10.18.nc,846555,923d136ff4499754c47448e5101714115969197a8139e13c7c69101e1907fb34,2026-09-23T19:13:52.264114+00:00
2023-06-10T21:00:00+00:00,2023,GRIDSAT-B1.2023.06.10.21.v02r01.nc,data/interim/gridsat/2023/gridsat_2023.06.10.21.npz,586669,7895602a8adea0c10072e56ca508fa1890e1125faae21790bb8c1a7312c622bc,2026-09-23T19:13:51.912005+00:00,data/interim/gridsat/2023/gridsat_2023.06.10.21.nc,844761,4f69a5bc8b8eb20704384288fc261c6be59f08f6ae6c62e1e6037f80d03b01fc,2026-09-23T19:13:51.818403+00:00
2023-06-11T00:00:00+00:00,2023,GRIDSAT-B1.2023.06.11.00.v02r01.nc,data/interim/gridsat/2023/gridsat_2023.06.11.00.npz,576390,d9f7a90242127cea30d554e09193f4bf4b912789bbc6f23666db9c974527c6d4,2026-09-23T19:13:54.716135+00:00,data/interim/gridsat/2023/gridsat_2023.06.11.00.nc,832099,efc308dfd461ad47660aed4a133dadeb3458e0fc412dc6134f753fee5fc5ed16,2026-09-23T19:13:54.612347+00:00
2023-06-11T03:00:00+00:00,2023,GRIDSAT-B1.2023.06.11.03.v02r01.nc,data/interim/gridsat/2023/gridsat_2023.06.11.03.npz,565379,7571ca76dcb1b7637980cda578e9c1ce6a77081e47ff93f774affdd3984adba0,2026-09-23T19:13:55.765991+00:00,data/interim/gridsat/2023/gridsat_2023.06.11.03.nc,810903,cf547408cb4871af34a1f30e491117ef4d956113b1b16a84de37032807656c37,2026-09-23T19:13:55.676403+00:00
2023-06-11T06:00:00+00:00,2023,GRIDSAT-B1.2023.06.11.06.v02r01.nc,data/interim/gridsat/2023/gridsat_2023.06.11.06.npz,591623,f59d9f6f4be40dee2a5fc232fe2524d299ede8a1d4445da91d258a0e8d45a679,2026-09-23T19:13:59.532115+00:00,data/interim/gridsat/2023/gridsat_2023.06.11.06.nc,837902,a103b6099ec03116e018a4b958bddc9850423b9e3224aa15737f9cfec9f2fa37,2026-09-23T19:13:59.427704+00:00
2023-06-11T09:00:00+00:00,2023,GRIDSAT-B1.2023.06.11.09.v02r01.nc,data/interim/gridsat/2023/gridsat_2023.06.11.09.npz,619694,99f0eeb619c1443ef6be97d5af77189a80a1eb47118d32f235e74b03390257fd,2026-09-23T19:13:57.300100+00:00,data/interim/gridsat/2023/gridsat_2023.06.11.09.nc,873341,55225dd1cca9c7be84f710b1b575e5a9f069def1bdc1cd00b40acdb3e66d9b7c,2026-09-23T19:13:57.215403+00:00
2023-06-11T12:00:00+00:00,2023,GRIDSAT-B1.2023.06.11.12.v02r01.nc,data/interim/gridsat/2023/gridsat_2023.06.11.12.npz,608280,f1bfdbb4d92939db88d279d05e92a3f7567b9f70a6f6d03ec8ff616f66453eb1,2026-09-23T19:13:58.688524+00:00,data/interim/gridsat/2023/gridsat_2023.06.11.12.nc,861365,0b455df02471ed443810390691fffa03b89841d3f45c0b9bb99ed3eefc527740,2026-09-23T19:13:58.596032+00:00
2023-06-11T15:00:00+00:00,2023,GRIDSAT-B1.2023.06.11.15.v02r01.nc,data/interim/gridsat/2023/gridsat_2023.06.11.15.npz,577407,ac17abe8ac446031b7f1836f3ea15750d322d7b0b9a913ed1f0efa3270fc7342,2026-09-23T19:14:05.977821+00:00,data/interim/gridsat/2023/gridsat_2023.06.11.15.nc,826888,0c3907f2a5d9025d08a413db55ca75dd4bfcc649eb67153a1c2c65192b941c06,2026-09-23T19:14:05.870084+00:00
2023-06-11T18:00:00+00:00,2023,GRIDSAT-B1.2023.06.11.18.v02r01.nc,data/interim/gridsat/2023/gridsat_2023.06.11.18.npz,571892,877e20f67631f7e7780be391504076963ee5c8e6f86eea783cbe95d915340a85,2026-09-23T19:14:00.680004+00:00,data/interim/gridsat/2023/gridsat_2023.06.11.18.nc,818762,ec5b907226dff763e0267404e4a1d42b2a83617b0abbf5db990deebe4beb3190,2026-09-23T19:14:00.550714+00:00
2023-06-11T21:00:00+00:00,2023,GRIDSAT-B1.2023.06.11.21.v02r01.nc,data/interim/gridsat/2023/gridsat_2023.06.11.21.npz,576834,34bcf9e58f6dc6281b216b7a218c4b8f4484047d1e9d669f4fbb475e96dca859,2026-09-23T19:14:05.160201+00:00,data/interim/gridsat/2023/gridsat_2023.06.11.21.nc,832172,0b1244844780b34015031e94a30c190a4d0513e614ba5f2b4a7304c3c92e04de,2026-09-23T19:14:05.042728+00:00
2023-06-12T00:00:00+00:00,2023,GRIDSAT-B1.2023.06.12.00.v02r01.nc,data/interim/gridsat/2023/gridsat_2023.06.12.00.npz,568648,d83717d283258b29c9bf3a93cb750bb745624bb0dfcf762f1c91fb23998435f3,2026-09-23T19:14:04.276179+00:00,data/interim/gridsat/2023/gridsat_2023.06.12.00.nc,822981,4dc6684e6c61622adb27e28f7a4851df96b43820cc7a519765ba08773f617c24,2026-09-23T19:14:04.172779+00:00
2023-06-12T03:00:00+00:00,2023,GRIDSAT-B1.2023.06.12.03.v02r01.nc,data/interim/gridsat/2023/gridsat_2023.06.12.03.npz,563293,6371e94ae6ff4b1966f71ac226466f973c8bc7bc67ec3810f27f707b334c68f3,2026-09-23T19:14:07.550768+00:00,data/interim/gridsat/2023/gridsat_2023.06.12.03.nc,812087,a408eb637f540ecd17c52d2e98160945fc9caa5e18e2e3072a56dd4187e63d8f,2026-09-23T19:14:07.453292+00:00
2023-06-12T06:00:00+00:00,2023,GRIDSAT-B1.2023.06.12.06.v02r01.nc,data/interim/gridsat/2023/gridsat_2023.06.12.06.npz,592834,9113181656e98dd8aed66f66ca0a92a879e249511f4cde8313e298e30300eaba,2026-09-23T19:14:08.936142+00:00,data/interim/gridsat/2023/gridsat_2023.06.12.06.nc,846481,d477388fcfccd17c743c4e865f1fab58c5ab06cbdd9e4fa1951d0570faa7a0e6,2026-09-23T19:14:08.843110+00:00
2023-06-12T09:00:00+00:00,2023,GRIDSAT-B1.2023.06.12.09.v02r01.nc,data/interim/gridsat/2023/gridsat_2023.06.12.09.npz,619301,5fb62ffae0bd9b4daed435dbce2c18ef22dcaa17bbe608568a33fce606ff6f0d,2026-09-23T19:14:10.566618+00:00,data/interim/gridsat/2023/gridsat_2023.06.12.09.nc,878769,e11dd0004a4b219315b14b69bab5f2ded383c230ea29d906705ffe34a6d6f92e,2026-09-23T19:14:10.476202+00:00
2023-06-12T12:00:00+00:00,2023,GRIDSAT-B1.2023.06.12.12.v02r01.nc,data/interim/gridsat/2023/gridsat_2023.06.12.12.npz,612254,c492ee6ef28f8277afdd50ed00c8af07b507ad85e20fd7d78799fc4c39f4bf46,2026-09-23T19:14:09.523031+00:00,data/interim/gridsat/2023/gridsat_2023.06.12.12.nc,873396,1eb95c1d0e47902db7c18ad96b21307837d01e9f2502bade4fba26422914d9f1,2026-09-23T19:14:09.415418+00:00
2023-06-12T15:00:00+00:00,2023,GRIDSAT-B1.2023.06.12.15.v02r01.nc,data/interim/gridsat/2023/gridsat_2023.06.12.15.npz,583418,886cb4ab4353a037f33205b24998db871041d95b849438b4a7afb32b897a7441,2026-09-23T19:14:14.595550+00:00,data/interim/gridsat/2023/gridsat_2023.06.12.15.nc,838344,1e52faa3ef0b5fa79cfa9fee3a78739cd52a5dd4e162b7b8ab7055cde6fa9b15,2026-09-23T19:14:14.501731+00:00
2023-06-12T18:00:00+00:00,2023,GRIDSAT-B1.2023.06.12.18.v02r01.nc,data/interim/gridsat/2023/gridsat_2023.06.12.18.npz,580041,dd2fd2addc8d98c1994e20cb6226bea59a03414cbc20e22e55cffe8ed384e713,2026-09-23T19:14:13.915317+00:00,data/interim/gridsat/2023/gridsat_2023.06.12.18.nc,834398,c82f75a5efd571edbc65aeba2391f9fffd65c42987e0bdc712282a5b7b2d652c,2026-09-23T19:14:13.815672+00:00
2023-06-12T21:00:00+00:00,2023,GRIDSAT-B1.2023.06.12.21.v02r01.nc,data/interim/gridsat/2023/gridsat_2023.06.12.21.npz,578179,b91ed0e11a11ffb661529c52a11a4b36dbdb19cbbab3a37185c106ea715ef9d1,2026-09-23T19:14:12.816096+00:00,data/interim/gridsat/2023/gridsat_2023.06.12.21.nc,835595,e77566a5a8277222e4c0aa55ea2dbd37830c4387eda9b737207c772049f10268,2026-09-23T19:14:12.729086+00:00
2023-06-13T00:00:00+00:00,2023,GRIDSAT-B1.2023.06.13.00.v02r01.nc,data/interim/gridsat/2023/gridsat_2023.06.13.00.npz,573410,585b26513be36153f04b8a0ad67705ede9d4cfc2cff7c45fbb5d4f6efb03b96d,2026-09-23T19:14:18.666635+00:00,data/interim/gridsat/2023/gridsat_2023.06.13.00.nc,830221,8c9c53ef7370867c0807d197261acb5ddaf440c8bdbccfcac7d506d87adc7b5e,2026-09-23T19:14:18.527654+00:00
2023-06-13T03:00:00+00:00,2023,GRIDSAT-B1.2023.06.13.03.v02r01.nc,data/interim/gridsat/2023/gridsat_2023.06.13.03.npz,569703,f1ba68c27e63cd9439cdb00c46d548e39272712f8ae76beeb23782ea0c4bc3bc,2026-09-23T19:14:17.682239+00:00,data/interim/gridsat/2023/gridsat_2023.06.13.03.nc,821786,dc593e52a0628f361a48fb0a677d0c94ff72132b909063c164686e5e599570ba,2026-09-23T19:14:17.584027+00:00
2023-06-13T06:00:00+00:00,2023,GRIDSAT-B1.2023.06.13.06.v02r01.nc,data/interim/gridsat/2023/gridsat_2023.06.13.06.npz,600296,5ba88f6149a34dbe3944144f4b6dd66df612ac9d56dcf028d6fa93f909a303c7,2026-09-23T19:14:16.606941+00:00,data/interim/gridsat/2023/gridsat_2023.06.13.06.nc,854150,f2102c55a3665cf20df545d5d2067286755c932cd297741883ba5c75f6b5a42a,2026-09-23T19:14:16.512523+00:00
2023-06-13T09:00:00+00:00,2023,GRIDSAT-B1.2023.06.13.09.v02r01.nc,data/interim/gridsat/2023/gridsat_2023.06.13.09.npz,632701,46b15d74454198c84f6b9a3010ad21e019dbf3eadc1d376489bbdae19dbe2d92,2026-09-23T19:14:18.873459+00:00,data/interim/gridsat/2023/gridsat_2023.06.13.09.nc,892135,8f252f96f4cf02a6437d113df4c208fab9435430aa7cc9625b934bd7ce18eb00,2026-09-23T19:14:18.776512+00:00
2023-06-13T12:00:00+00:00,2023,GRIDSAT-B1.2023.06.13.12.v02r01.nc,data/interim/gridsat/2023/gridsat_2023.06.13.12.npz,629601,30cdd38a294e0bd540a6e15abc5878ee31a1ff4729ce2f07f0968816c255c8e9,2026-09-23T19:14:35.394200+00:00,data/interim/gridsat/2023/gridsat_2023.06.13.12.nc,889674,ebeb7ac20b4d1016005e7a81c168435b7802e919593bd01bfabbf043921a1689,2026-09-23T19:14:35.292235+00:00
2023-06-13T15:00:00+00:00,2023,GRIDSAT-B1.2023.06.13.15.v02r01.nc,data/interim/gridsat/2023/gridsat_2023.06.13.15.npz,604186,4fabaec2d9f9f53695a168ad19cab5b8b4e3f48ef2f70cce6e2623246e1cd74d,2026-09-23T19:14:20.318029+00:00,data/interim/gridsat/2023/gridsat_2023.06.13.15.nc,859722,295bb97454efddb15023c3defbe0c1f9cb735e164b563547c46b826e29ad70ab,2026-09-23T19:14:20.224050+00:00
2023-06-13T18:00:00+00:00,2023,GRIDSAT-B1.2023.06.13.18.v02r01.nc,data/interim/gridsat/2023/gridsat_2023.06.13.18.npz,599283,f0a12d1fa3812d5025f059b627b8e64c5b75d47c69509a5fd571b5024c1485ed,2026-09-23T19:14:25.655017+00:00,data/interim/gridsat/2023/gridsat_2023.06.13.18.nc,856635,5bf963ff5fe7f38c63ee483bda941f7bf1d4da3504fb07fa619467b8e64df47e,2026-09-23T19:14:25.567245+00:00
2023-06-13T21:00:00+00:00,2023,GRIDSAT-B1.2023.06.13.21.v02r01.nc,data/interim/gridsat/2023/gridsat_2023.06.13.21.npz,598977,afd352cff9f09192f73a060a14dd5d4bc95abbef36283c3fb3417168404a9d63,2026-09-23T19:14:24.312670+00:00,data/interim/gridsat/2023/gridsat_2023.06.13.21.nc,856294,36aabbb7d71cefba3fdf58ba2b2e3f981392ce10527c39582c3fee99a9e4ea00,2026-09-23T19:14:24.217829+00:00
2023-06-14T00:00:00+00:00,2023,GRIDSAT-B1.2023.06.14.00.v02r01.nc,data/interim/gridsat/2023/gridsat_2023.06.14.00.npz,590698,aa97723070cc3cd2c97366f455888f3bb4b94666353cf345be095bfaf4da619d,2026-09-23T19:14:24.011650+00:00,data/interim/gridsat/2023/gridsat_2023.06.14.00.nc,849256,07e806b47c13c32d7bb27c86ec05d1668091a8501b950e3ad51169d7f39b7a21,2026-09-23T19:14:23.915099+00:00
2023-06-14T03:00:00+00:00,2023,GRIDSAT-B1.2023.06.14.03.v02r01.nc,data/interim/gridsat/2023/gridsat_2023.06.14.03.npz,589719,86a0dee26665d9d408dcae96a8c61cd6ca54a587b9b7b4dfbe8464219d416d7a,2026-09-23T19:14:28.171901+00:00,data/interim/gridsat/2023/gridsat_2023.06.14.03.nc,843003,e6b6b698ee835a974a7e3557409c74c7a1768786df378a1691a100782563c8fa,2026-09-23T19:14:28.086032+00:00
2023-06-14T06:00:00+00:00,2023,GRIDSAT-B1.2023.06.14.06.v02r01.nc,data/interim/gridsat/2023/gridsat_2023.06.14.06.npz,617060,f85f788b8aae53f212ba2754888258101f96e88aa14565487d08928dad28ab66,2026-09-23T19:14:29.806579+00:00,data/interim/gridsat/2023/gridsat_2023.06.14.06.nc,872236,8c92fa8c872284745c6995724dbe0bdf091847d619a17049c27a5b1e594b69b1,2026-09-23T19:14:29.720556+00:00
2023-06-14T09:00:00+00:00,2023,GRIDSAT-B1.2023.06.14.09.v02r01.nc,data/interim/gridsat/2023/gridsat_2023.06.14.09.npz,641715,b70338273ee63d4e1c156be7e67905f522fc1a41ad392071215a334127a2e044,2026-09-23T19:14:29.029609+00:00,data/interim/gridsat/2023/gridsat_2023.06.14.09.nc,898909,af1651b0694cbedaa8bb377be9857937adc5cc2c541783da715f7080a189ab04,2026-09-23T19:14:28.935957+00:00
2023-06-14T12:00:00+00:00,2023,GRIDSAT-B1.2023.06.14.12.v02r01.nc,data/interim/gridsat/2023/gridsat_2023.06.14.12.npz,641568,b2412aa35eb58453870d70d3c7994ef2b52ac78247aff79371ba919d62623e51,2026-09-23T19:14:33.727511+00:00,data/interim/gridsat/2023/gridsat_2023.06.14.12.nc,899758,40e34cc110684484a1d19493f839572a8823f1fa325dc97afd41c1c3628114ad,2026-09-23T19:14:33.644403+00:00
2023-06-14T15:00:00+00:00,2023,GRIDSAT-B1.2023.06.14.15.v02r01.nc,data/interim/gridsat/2023/gridsat_2023.06.14.15.npz,615383,74e617f68dedf5d2d50f2ab503ad062d82e512a4c8a6d6c8c542f8daabbd2706,2026-09-23T19:14:32.234453+00:00,data/interim/gridsat/2023/gridsat_2023.06.14.15.nc,871345,5c790e449b8b38584b2de86ab969ac2b9f77a9fa8839be8435cfa6c4cc32eef4,2026-09-23T19:14:32.137303+00:00
2023-06-14T18:00:00+00:00,2023,GRIDSAT-B1.2023.06.14.18.v02r01.nc,data/interim/gridsat/2023/gridsat_2023.06.14.18.npz,608234,9f3b4bc255fde75e507083b1e0bd32c1927a205d38c07d5d01504047b5c1e3cc,2026-09-23T19:14:33.797161+00:00,data/interim/gridsat/2023/gridsat_2023.06.14.18.nc,865612,bcacb185078424dcbde2783606095b857216b8e1237e9a535c2f1d6e9aa0ac25,2026-09-23T19:14:33.706778+00:00
2023-06-14T21:00:00+00:00,2023,GRIDSAT-B1.2023.06.14.21.v02r01.nc,data/interim/gridsat/2023/gridsat_2023.06.14.21.npz,601841,c035977b3efaa5898c63ceb0f43062e084ab963b3d3506b8b23e58d8ee20f433,2026-09-23T19:14:50.188057+00:00,data/interim/gridsat/2023/gridsat_2023.06.14.21.nc,866563,51303597c67418970f137c5958134e06edd3c22b4db18e2fafae2d2d44b5307a,2026-09-23T19:14:50.095285+00:00
2023-06-15T00:00:00+00:00,2023,GRIDSAT-B1.2023.06.15.00.v02r01.nc,data/interim/gridsat/2023/gridsat_2023.06.15.00.npz,590971,3bd38206d793aca6b51aaed4534e9cf8d32a998908eee9d904c26edd32c5483f,2026-09-23T19:14:50.373112+00:00,data/interim/gridsat/2023/gridsat_2023.06.15.00.nc,857150,a3ce1fef11eef9b044a437b52c13dcf671852a307e451b2f1912d6cad579d204,2026-09-23T19:14:50.283573+00:00
2023-06-15T03:00:00+00:00,2023,GRIDSAT-B1.2023.06.15.03.v02r01.nc,data/interim/gridsat/2023/gridsat_2023.06.15.03.npz,587858,3167e5b1683108b9405717909a9f4c5b815a1eb5f1af15f40fe46068414820a6,2026-09-23T19:14:38.406610+00:00,data/interim/gridsat/2023/gridsat_2023.06.15.03.nc,849153,9ab0b83f608dd64e6e3ae7aa717ca588201cb92f5195386676a71c01f8b5852b,2026-09-23T19:14:38.313051+00:00
2023-06-15T06:00:00+00:00,2023,GRIDSAT-B1.2023.06.15.06.v02r01.nc,data/interim/gridsat/2023/gridsat_2023.06.15.06.npz,622431,57038f4cb66bcde7452758df00c02babe35f1dbd6e20f3e7ba9a49a15c7ee9e0,2026-09-23T19:14:45.834749+00:00,data/interim/gridsat/2023/gridsat_2023.06.15.06.nc,878585,cc4fe9eb1b76ff68a62eb91256ddee40dcad6c899a9be51b49638cd3ba365a85,2026-09-23T19:14:45.747355+00:00
2023-06-15T09:00:00+00:00,2023,GRIDSAT-B1.2023.06.15.09.v02r01.nc,data/interim/gridsat/2023/gridsat_2023.06.15.09.npz,642541,ab8526c49cac120f8da8c9b78194093da34ddecf4c6c0469a4f38afa245e8d35,2026-09-23T19:14:40.114326+00:00,data/interim/gridsat/2023/gridsat_2023.06.15.09.nc,900550,41810e7c22a48035ca8063dbe24db47bf2e2301a6230ea85f0123168723c3847,2026-09-23T19:14:40.012393+00:00
2023-06-15T12:00:00+00:00,2023,GRIDSAT-B1.2023.06.15.12.v02r01.nc,data/interim/gridsat/2023/gridsat_2023.06.15.12.npz,633317,42edffda52632a89b1e7ca4b19fae50a05aadeeb5ba346062f3f708661941684,2026-09-23T19:14:41.049237+00:00,data/interim/gridsat/2023/gridsat_2023.06.15.12.nc,891810,89d02f8cd16d918c2409976cffe4edb7b99d52adbd0c469b9bd8147f94ec4e7b,2026-09-23T19:14:40.949614+00:00
2023-06-15T15:00:00+00:00,2023,GRIDSAT-B1.2023.06.15.15.v02r01.nc,data/interim/gridsat/2023/gridsat_2023.06.15.15.npz,595521,46a40a4984b5490408932a87f15eb82e060f39cd8e965f7ceb0c87608fff20f7,2026-09-23T19:14:43.796332+00:00,data/interim/gridsat/2023/gridsat_2023.06.15.15.nc,850497,ef17c48b7a7be66c814b07b7ce2242868ca2ed4ea673f059f5f7c27ee2fd25fe,2026-09-23T19:14:43.708892+00:00
2023-06-15T18:00:00+00:00,2023,GRIDSAT-B1.2023.06.15.18.v02r01.nc,data/interim/gridsat/2023/gridsat_2023.06.15.18.npz,584931,ee349a29f68dac435b98f0765fa4427ead35bce1409109b3b7d10f021f379be3,2026-09-23T19:14:48.187986+00:00,data/interim/gridsat/2023/gridsat_2023.06.15.18.nc,833541,50b28d26806f6411e0b8865a73fafd64595cd6f20df2954d95edc8f999904b8a,2026-09-23T19:14:48.093783+00:00
2023-06-15T21:00:00+00:00,2023,GRIDSAT-B1.2023.06.15.21.v02r01.nc,data/interim/gridsat/2023/gridsat_2023.06.15.21.npz,576229,6e3429e9577bfd3d9aef1e42120708ef96b3b965b2ae163952bc979cd35c349d,2026-09-23T19:14:48.242285+00:00,data/interim/gridsat/2023/gridsat_2023.06.15.21.nc,823185,b6f6de6236fbd4a2c01f84d84f90a65f59ab7fb724957a15e615805e6b12c756,2026-09-23T19:14:48.154774+00:00
2023-06-16T00:00:00+00:00,2023,GRIDSAT-B1.2023.06.16.00.v02r01.nc,data/interim/gridsat/2023/gridsat_2023.06.16.00.npz,570507,23e36b4e435b36507f08749519b2a204ed4082c2c0b68672ec8ec87c0dfd40ff,2026-09-23T19:14:49.493854+00:00,data/interim/gridsat/2023/gridsat_2023.06.16.00.nc,822355,c695e7eb8053b9c1fc0ddde1a4e36c237ba2cb9f9027be9ee5c716ef8787d690,2026-09-23T19:14:49.407202+00:00
2023-06-16T03:00:00+00:00,2023,GRIDSAT-B1.2023.06.16.03.v02r01.nc,data/interim/gridsat/2023/gridsat_2023.06.16.03.npz,566565,0863ced1121f1ee3806b3e19aed0d50db98c52bc3e72b1b62f1efd42f6631d37,2026-09-23T19:14:55.254859+00:00,data/interim/gridsat/2023/gridsat_2023.06.16.03.nc,812632,e4b07eb17ffe19b81e886ebeb2fb9929298062dc2974533cba5e19c3b5174f5a,2026-09-23T19:14:55.163487+00:00
2023-06-16T06:00:00+00:00,2023,GRIDSAT-B1.2023.06.16.06.v02r01.nc,data/interim/gridsat/2023/gridsat_2023.06.16.06.npz,587630,fabd68ba97fa0944328e6b1c7862c4663bc364b6f892401ef720c0b7ef178226,2026-09-23T19:14:53.384313+00:00,data/interim/gridsat/2023/gridsat_2023.06.16.06.nc,830101,973c447f29243f5d0003620ce6ea9bd42bb5bb6ddd509ac42947c90160c5049c,2026-09-23T19:14:53.296415+00:00
2023-06-16T09:00:00+00:00,2023,GRIDSAT-B1.2023.06.16.09.v02r01.nc,data/interim/gridsat/2023/gridsat_2023.06.16.09.npz,609799,a3c6b5267a0f860c4ae0cffd9a2d74fef98a9d25528037db2e5feb4e9c897ee7,2026-09-23T19:14:53.588988+00:00,data/interim/gridsat/2023/gridsat_2023.06.16.09.nc,859029,3504d5533dc6f4f98cf5079d1f7f2bc55ae9f760ae5d8e94b494e65d1d725837,2026-09-23T19:14:53.485356+00:00
2023-06-16T12:00:00+00:00,2023,GRIDSAT-B1.2023.06.16.12.v02r01.nc,data/interim/gridsat/2023/gridsat_2023.06.16.12.npz,605810,754977de7d6a3fd1742750ffe21054cc5a46c47608f57badbd09201239accf01,2026-09-23T19:14:55.967386+00:00,data/interim/gridsat/2023/gridsat_2023.06.16.12.nc,858363,dba852bfa18c19c6d2d9d79810f19550512430b2caf826f829b449f5280157f4,2026-09-23T19:14:55.879929+00:00
2023-06-16T15:00:00+00:00,2023,GRIDSAT-B1.2023.06.16.15.v02r01.nc,data/interim/gridsat/2023/gridsat_2023.06.16.15.npz,580460,b21b3ff884f5e6c3e4dff7a9d646d7e4821023519c0756ce6040f81a062fdf0b,2026-09-23T19:14:59.838248+00:00,data/interim/gridsat/2023/gridsat_2023.06.16.15.nc,827718,9acabe8a778579815b6579480a9379b97340efdf6a57402eb96e438e39950c0a,2026-09-23T19:14:59.751254+00:00
2023-06-16T18:00:00+00:00,2023,GRIDSAT-B1.2023.06.16.18.v02r01.nc,data/interim/gridsat/2023/gridsat_2023.06.16.18.npz,574238,de19c5c462c3da32e05dc881e98bb7a8a7a22f7b2dc7f87f8681723161fc50e8,2026-09-23T19:14:58.858699+00:00,data/interim/gridsat/2023/gridsat_2023.06.16.18.nc,817311,c4bfc07c8ed13cda49fed7f825e0d7524842563d15dffd8c88ca3b7971163ac5,2026-09-23T19:14:58.768728+00:00
2023-06-16T21:00:00+00:00,2023,GRIDSAT-B1.2023.06.16.21.v02r01.nc,data/interim/gridsat/2023/gridsat_2023.06.16.21.npz,566641,cf90453148da6d25a543120ea94a4d5654ad4806136f10ec87821a894ec0714b,2026-09-23T19:14:58.914691+00:00,data/interim/gridsat/2023/gridsat_2023.06.16.21.nc,810331,a7bc173c7e31a9dc38290adfec3ae279d2703b25214c8ca2b4c71e7afb648c16,2026-09-23T19:14:58.828784+00:00
2023-06-17T00:00:00+00:00,2023,GRIDSAT-B1.2023.06.17.00.v02r01.nc,data/interim/gridsat/2023/gridsat_2023.06.17.00.npz,557646,a9716085ac390b850f817b34d0bf92cd53c54b96c513fead032e12247c27d5b3,2026-09-23T19:14:59.123521+00:00,data/interim/gridsat/2023/gridsat_2023.06.17.00.nc,800540,49e2e3df6323024b6d1a0afb997d974b11fa565767a0f177d0bb9b45de115b17,2026-09-23T19:14:59.012569+00:00
2023-10-19T15:00:00+00:00,2023,GRIDSAT-B1.2023.10.19.15.v02r01.nc,data/interim/gridsat/2023/gridsat_2023.10.19.15.npz,522388,e556de10030a5fc2612b77ff9e034a3145a2de6dd96e238e7df4c220d2c727f5,2026-09-23T19:15:05.567233+00:00,data/interim/gridsat/2023/gridsat_2023.10.19.15.nc,748530,aedef345cc5f875d29cec6543e2ee7b934bddd02a9b3c5d9d3a514c3218f6884,2026-09-23T19:15:05.489341+00:00
2023-10-19T18:00:00+00:00,2023,GRIDSAT-B1.2023.10.19.18.v02r01.nc,data/interim/gridsat/2023/gridsat_2023.10.19.18.npz,514220,753c1cfb572bdfaabc9372fc50fafc0f6afd0a1ce44bbf470d15cf41e76f6ce4,2026-09-23T19:15:01.656574+00:00,data/interim/gridsat/2023/gridsat_2023.10.19.18.nc,741053,ddb427e7238637977fde46f82c7d135dabd9ca99c10b28ac9c72e86092cb8d29,2026-09-23T19:15:01.553495+00:00
2023-10-19T21:00:00+00:00,2023,GRIDSAT-B1.2023.10.19.21.v02r01.nc,data/interim/gridsat/2023/gridsat_2023.10.19.21.npz,515129,852b4fcefa93dfb6278d3e3068d5431cda1811b2e6fc3580e807d9b0f5890d35,2026-09-23T19:15:09.408179+00:00,data/interim/gridsat/2023/gridsat_2023.10.19.21.nc,749716,1a5c15f0f6f62528fbb049337f75fdc38a99a35b5be0fe5629b9bc2beb4a4234,2026-09-23T19:15:09.317325+00:00
2023-10-20T00:00:00+00:00,2023,GRIDSAT-B1.2023.10.20.00.v02r01.nc,data/interim/gridsat/2023/gridsat_2023.10.20.00.npz,513724,b3ca5a23dd44a7bcf12f20f2aec54b337557469b5386f9feb5be2517518db066,2026-09-23T19:15:05.632272+00:00,data/interim/gridsat/2023/gridsat_2023.10.20.00.nc,750052,3bfd75f77a8ef1a7b9b219fa977e6f496875f18f792e34417f870192ffe5c267,2026-09-23T19:15:05.548948+00:00
2023-10-20T03:00:00+00:00,2023,GRIDSAT-B1.2023.10.20.03.v02r01.nc,data/interim/gridsat/2023/gridsat_2023.10.20.03.npz,512140,0329cd00e114677d6613d7f6f38e4d9a7a84810f55f495447897d764c1e2bd23,2026-09-23T19:15:05.911100+00:00,data/interim/gridsat/2023/gridsat_2023.10.20.03.nc,745126,851968d044a9267482851be4cc6bcac35e282184e117d01a24b118b4095a2a1b,2026-09-23T19:15:05.817350+00:00
2023-10-20T06:00:00+00:00,2023,GRIDSAT-B1.2023.10.20.06.v02r01.nc,data/interim/gridsat/2023/gridsat_2023.10.20.06.npz,550001,c3e455652bd602021f2c5c94852a943eb3625324e8093837a879f7917c256fa8,2026-09-23T19:15:05.276013+00:00,data/interim/gridsat/2023/gridsat_2023.10.20.06.nc,785519,ff078d124c002bc214b9e6b0c25dfc731d49375f472ae529a2231b1e26043267,2026-09-23T19:15:05.191530+00:00
2023-10-20T09:00:00+00:00,2023,GRIDSAT-B1.2023.10.20.09.v02r01.nc,data/interim/gridsat/2023/gridsat_2023.10.20.09.npz,577537,287ceee49c5f6274d7d2f177c481368b7b9eaee5b2a9531bb5a373262884f244,2026-09-23T19:15:10.704789+00:00,data/interim/gridsat/2023/gridsat_2023.10.20.09.nc,819927,196a104580fc0bc758eada3bf9c604fa6b271761b8675168f21cddccf8fbdcc6,2026-09-23T19:15:10.608855+00:00
2023-10-20T12:00:00+00:00,2023,GRIDSAT-B1.2023.10.20.12.v02r01.nc,data/interim/gridsat/2023/gridsat_2023.10.20.12.npz,553946,5e7d6658db4687996a9f3251f12431028bd61b83c5c9c132d96f6a8b5f2f0192,2026-09-23T19:15:12.543463+00:00,data/interim/gridsat/2023/gridsat_2023.10.20.12.nc,794858,0ea256ef0c3dbe996edbe1f422fec3c23fcf7e2ce3d56c744e2e96c8a98132be,2026-09-23T19:15:12.433911+00:00
2023-10-20T15:00:00+00:00,2023,GRIDSAT-B1.2023.10.20.15.v02r01.nc,data/interim/gridsat/2023/gridsat_2023.10.20.15.npz,531932,2626ceffc01505c38b760e7e87dc5760064d75517bf240b8f75873eae83a0bc8,2026-09-23T19:15:11.122971+00:00,data/interim/gridsat/2023/gridsat_2023.10.20.15.nc,769717,b1282aaab9c1fcc70d24bd73da0f921b2750ddd7adcbb9812b8d5d51b219a10b,2026-09-23T19:15:11.030834+00:00
2023-10-20T18:00:00+00:00,2023,GRIDSAT-B1.2023.10.20.18.v02r01.nc,data/interim/gridsat/2023/gridsat_2023.10.20.18.npz,529277,9b3a8304d28f7cadad226a590b28e22d220c61fa820ed85c2e1f6d2c8df6dc33,2026-09-23T19:15:11.691469+00:00,data/interim/gridsat/2023/gridsat_2023.10.20.18.nc,772093,98da80ae8211e4565aac63acf57d87f8031b1c81fba06ae9d697d57540866386,2026-09-23T19:15:11.602041+00:00
2023-10-20T21:00:00+00:00,2023,GRIDSAT-B1.2023.10.20.21.v02r01.nc,data/interim/gridsat/2023/gridsat_2023.10.20.21.npz,532989,8c65ae7badfc54eef532cf20fc117d266754de94e3d834a405f81fbb93135040,2026-09-23T19:15:14.114379+00:00,data/interim/gridsat/2023/gridsat_2023.10.20.21.nc,781713,079f2450690665805a887dba9bc9b6d9a581ac2aa789b3a0b2c868608f4a372d,2026-09-23T19:15:14.028326+00:00
2023-10-21T00:00:00+00:00,2023,GRIDSAT-B1.2023.10.21.00.v02r01.nc,data/interim/gridsat/2023/gridsat_2023.10.21.00.npz,535760,c5298135873ad6fee825e2d97f0b2d3c6f4753aa3d69ab59fbf79d7a08db0ea7,2026-09-23T19:15:14.956054+00:00,data/interim/gridsat/2023/gridsat_2023.10.21.00.nc,787270,ed33ebabfdffc51f597235145def89f3b67f57244fa4d1da5f315d21fbc43f35,2026-09-23T19:15:14.869254+00:00
2023-10-21T03:00:00+00:00,2023,GRIDSAT-B1.2023.10.21.03.v02r01.nc,data/interim/gridsat/2023/gridsat_2023.10.21.03.npz,531971,88d7a4ec99d98f5a63702cff96e80c4b3b50291921c6cde76302002636fcdbd8,2026-09-23T19:15:19.024730+00:00,data/interim/gridsat/2023/gridsat_2023.10.21.03.nc,776698,af1de1a79ebfaf191073501f4b28db1bcc84c23a213a63a7500959e6010852b6,2026-09-23T19:15:18.914346+00:00
2023-10-21T06:00:00+00:00,2023,GRIDSAT-B1.2023.10.21.06.v02r01.nc,data/interim/gridsat/2023/gridsat_2023.10.21.06.npz,565783,b05ebe72ad527b5cb18a2ab9ed4d5456f316aa518bcaffb999cf0a6dda05cb81,2026-09-23T19:15:16.708827+00:00,data/interim/gridsat/2023/gridsat_2023.10.21.06.nc,811563,8234fcb36597e871f6a4fec671b932c70853fe7f7b40d167b51536165cecf853,2026-09-23T19:15:16.622757+00:00
2023-10-21T09:00:00+00:00,2023,GRIDSAT-B1.2023.10.21.09.v02r01.nc,data/interim/gridsat/2023/gridsat_2023.10.21.09.npz,590490,7793e777d4f9d7accf0ea57df36dde4669c1698ad4f361c9f570f763d362ecc9,2026-09-23T19:15:19.275484+00:00,data/interim/gridsat/2023/gridsat_2023.10.21.09.nc,841383,ee49a05b5a32dc361881574b7c53d2136cf7c04339ab5743767448659c9676dc,2026-09-23T19:15:19.177711+00:00
2023-10-21T12:00:00+00:00,2023,GRIDSAT-B1.2023.10.21.12.v02r01.nc,data/interim/gridsat/2023/gridsat_2023.10.21.12.npz,564625,3a254540254ebad75a101130325177411dec2e312ce8a35b83c5322de781f357,2026-09-23T19:15:18.372903+00:00,data/interim/gridsat/2023/gridsat_2023.10.21.12.nc,815311,5db27de6f8acfb2498328f47882117879bc6b5db3ce2d749cf592d141e18a949,2026-09-23T19:15:18.275504+00:00
2023-10-21T15:00:00+00:00,2023,GRIDSAT-B1.2023.10.21.15.v02r01.nc,data/interim/gridsat/2023/gridsat_2023.10.21.15.npz,548996,7583e36786422839c6efe89bf1f0cedc816b9193c9c4d5a387c66499eac4d1ef,2026-09-23T19:15:21.850796+00:00,data/interim/gridsat/2023/gridsat_2023.10.21.15.nc,798001,3b3026efde5859db238d7908549ba8195fec08fafbac0315ae2a4921f787e517,2026-09-23T19:15:21.762782+00:00
2023-10-21T18:00:00+00:00,2023,GRIDSAT-B1.2023.10.21.18.v02r01.nc,data/interim/gridsat/2023/gridsat_2023.10.21.18.npz,556163,570ba430760ef2aae295d51e6fbc521cba7bc6f5f3d8ffa46c3da966ecd3b505,2026-09-23T19:15:24.811461+00:00,data/interim/gridsat/2023/gridsat_2023.10.21.18.nc,808166,2e58545f10f6bcf1380afe1b1f79553dd0db226b1f97cb81b18376090a56d90e,2026-09-23T19:15:24.723077+00:00
2023-10-21T21:00:00+00:00,2023,GRIDSAT-B1.2023.10.21.21.v02r01.nc,data/interim/gridsat/2023/gridsat_2023.10.21.21.npz,564863,e139703356904d22c1b7725681281716e24b859be580b6e7d9e5cd7cf177e795,2026-09-23T19:15:22.372721+00:00,data/interim/gridsat/2023/gridsat_2023.10.21.21.nc,820856,1eb25c86e153924f23b625cfd05ae6d840302124250e842685a7293e2051de72,2026-09-23T19:15:22.283789+00:00
2023-10-22T00:00:00+00:00,2023,GRIDSAT-B1.2023.10.22.00.v02r01.nc,data/interim/gridsat/2023/gridsat_2023.10.22.00.npz,557317,62388eb2ff54132084e968d7d2adc2a640a2aa3680e656cf01b1a291da2cbf2b,2026-09-23T19:16:24.369168+00:00,data/interim/gridsat/2023/gridsat_2023.10.22.00.nc,812291,db5ac3b1426a52ace571222aaea779ffa551fe2f27a6b2ef86deb23b7a916de6,2026-09-23T19:16:24.274671+00:00
2023-10-22T03:00:00+00:00,2023,GRIDSAT-B1.2023.10.22.03.v02r01.nc,data/interim/gridsat/2023/gridsat_2023.10.22.03.npz,547722,64379638c6e0c33a652877c42afad3da125dd6fe327d19cef28f56bb75e3f1b7,2026-09-23T19:15:28.627555+00:00,data/interim/gridsat/2023/gridsat_2023.10.22.03.nc,795514,89e41f1cc2c7661a4760c46039155be175d9bc192e1612f93b8f199ca43d0c76,2026-09-23T19:15:28.533332+00:00
2023-10-22T06:00:00+00:00,2023,GRIDSAT-B1.2023.10.22.06.v02r01.nc,data/interim/gridsat/2023/gridsat_2023.10.22.06.npz,571747,392e592adbc557a6548a850195a7699e6e10c1e4aafce7710d1d3348be80ba26,2026-09-23T19:15:24.882768+00:00,data/interim/gridsat/2023/gridsat_2023.10.22.06.nc,813219,2b2d08a22f104f29f06279a6c13ee4285768ca1bf23cde80dc59cae4c882cc7a,2026-09-23T19:15:24.785551+00:00
2023-10-22T09:00:00+00:00,2023,GRIDSAT-B1.2023.10.22.09.v02r01.nc,data/interim/gridsat/2023/gridsat_2023.10.22.09.npz,593454,308431f34cecb922057e63305356abd9433c1dd242f81a7d4866afba769feceb,2026-09-23T19:15:29.675154+00:00,data/interim/gridsat/2023/gridsat_2023.10.22.09.nc,840537,cde0c63629308a5e9f6675bdcdafdf31dc3790bfc33c4e7443421871eec0bb07,2026-09-23T19:15:29.582999+00:00
2023-10-22T12:00:00+00:00,2023,GRIDSAT-B1.2023.10.22.12.v02r01.nc,data/interim/gridsat/2023/gridsat_2023.10.22.12.npz,571978,9dc6f04873b5601bf95b42b641dd86799c600d3239d702e8105de260f79491f4,2026-09-23T19:15:38.372870+00:00,data/interim/gridsat/2023/gridsat_2023.10.22.12.nc,820951,27faf92d2ebdd8808fb65a812331cb35db9fd3425a9fa35f8d7e3ee511312473,2026-09-23T19:15:38.286973+00:00
2023-10-22T15:00:00+00:00,2023,GRIDSAT-B1.2023.10.22.15.v02r01.nc,data/interim/gridsat/2023/gridsat_2023.10.22.15.npz,547802,9cd9f01c50512840ea2765b7f183ec2f2f0e8fb8731cf814c0bf0db17557734d,2026-09-23T19:15:32.157251+00:00,data/interim/gridsat/2023/gridsat_2023.10.22.15.nc,793840,6eb16986ba4715b4e80e971acfb8b130078ab803cf53e5dd483755258894d7ce,2026-09-23T19:15:32.067237+00:00
2023-10-22T18:00:00+00:00,2023,GRIDSAT-B1.2023.10.22.18.v02r01.nc,data/interim/gridsat/2023/gridsat_2023.10.22.18.npz,547944,f5611cec8f1bcbd71b381a237b4cfa63716ed8c990aa1e45080ba3bb84608339,2026-09-23T19:15:32.208098+00:00,data/interim/gridsat/2023/gridsat_2023.10.22.18.nc,795524,0b9336e03b3989232ed1b4f0af5d8e99ccf7d752e82559aa20e59ca911896aca,2026-09-23T19:15:32.123978+00:00
2023-10-22T21:00:00+00:00,2023,GRIDSAT-B1.2023.10.22.21.v02r01.nc,data/interim/gridsat/2023/gridsat_2023.10.22.21.npz,549281,618c83179f3fcff0c78a00c04e47853496284c2bd285b372bf34ffb61d330292,2026-09-23T19:15:34.085171+00:00,data/interim/gridsat/2023/gridsat_2023.10.22.21.nc,799507,c36c4ed471a9e6426a5fc0fe1ef136e3c400dd8f1bd57557050fe1180b2db2e4,2026-09-23T19:15:33.997445+00:00
2023-10-23T00:00:00+00:00,2023,GRIDSAT-B1.2023.10.23.00.v02r01.nc,data/interim/gridsat/2023/gridsat_2023.10.23.00.npz,541860,f8b915ae380871153f13594beeca7a1425bbfcdc4683800ce6e739a32c9eb794,2026-09-23T19:15:37.610848+00:00,data/interim/gridsat/2023/gridsat_2023.10.23.00.nc,789236,07709ac436190412c37fe1ccce3401b4acaeb04a1e87d3de18af4afb0a42e696,2026-09-23T19:15:37.527494+00:00
2023-10-23T03:00:00+00:00,2023,GRIDSAT-B1.2023.10.23.03.v02r01.nc,data/interim/gridsat/2023/gridsat_2023.10.23.03.npz,538892,236e7ba981acb7a819201543d560cd987f8395accc01745030dfa2b916aefb75,2026-09-23T19:15:39.017734+00:00,data/interim/gridsat/2023/gridsat_2023.10.23.03.nc,777815,9b1f05aacbb5eae48a7baab287ddba80372e70a6f19bf6071847ca00a8d35926,2026-09-23T19:15:38.930291+00:00
2023-10-23T06:00:00+00:00,2023,GRIDSAT-B1.2023.10.23.06.v02r01.nc,data/interim/gridsat/2023/gridsat_2023.10.23.06.npz,563922,9f6e57d47fc87f079965c2084df53ab682b5a2ddd3db9f178967dc34e61e124e,2026-09-23T19:15:39.512006+00:00,data/interim/gridsat/2023/gridsat_2023.10.23.06.nc,800571,cc704b5f8c03bae4daa0d16c85f922db7126aad1827e34671019003be0de519f,2026-09-23T19:15:39.426323+00:00
2023-11-14T15:00:00+00:00,2023,GRIDSAT-B1.2023.11.14.15.v02r01.nc,data/interim/gridsat/2023/gridsat_2023.11.14.15.npz,558515,88e9f1a66b9b044cbd1c57de340c373ec6caeed0b1d46894cb52d4de468be3cc,2026-09-23T19:15:47.064790+00:00,data/interim/gridsat/2023/gridsat_2023.11.14.15.nc,802506,e359a0ccd17c7d0a12e799e5cf3979691f299395fb2ec7ac1d073fa3c4a61824,2026-09-23T19:15:46.970894+00:00
2023-11-14T18:00:00+00:00,2023,GRIDSAT-B1.2023.11.14.18.v02r01.nc,data/interim/gridsat/2023/gridsat_2023.11.14.18.npz,555357,9c76e3541cfcbc5b28c7e1043659037b04007cc30410621a85daeee1040645e8,2026-09-23T19:15:54.613663+00:00,data/interim/gridsat/2023/gridsat_2023.11.14.18.nc,803305,ae713af2caf4324b2c8a8543cf7cf5373af1a4d21bbdae73c627882c71323f7c,2026-09-23T19:15:54.530215+00:00
2023-11-14T21:00:00+00:00,2023,GRIDSAT-B1.2023.11.14.21.v02r01.nc,data/interim/gridsat/2023/gridsat_2023.11.14.21.npz,554348,67a86f23962f6dd43864e6101c3912d979e07c05a33835d84d88c22357490896,2026-09-23T19:15:43.690965+00:00,data/interim/gridsat/2023/gridsat_2023.11.14.21.nc,803220,be241ce4ca4087c2dde282c7fdf2c1d14e36979e980f8d4540041ab968ce384a,2026-09-23T19:15:43.594683+00:00
2023-11-15T00:00:00+00:00,2023,GRIDSAT-B1.2023.11.15.00.v02r01.nc,data/interim/gridsat/2023/gridsat_2023.11.15.00.npz,547868,c185666926af8d51bb1ccc7fd5d21e632efc57a61ac4b64f3c10c8b5d4fdb159,2026-09-23T19:15:47.563751+00:00,data/interim/gridsat/2023/gridsat_2023.11.15.00.nc,796281,f816e35bfc6a8197fce8a8813d1b0ea43e1c3937acef7c23949667c9c1dcf04e,2026-09-23T19:15:47.473811+00:00
2023-11-15T03:00:00+00:00,2023,GRIDSAT-B1.2023.11.15.03.v02r01.nc,data/interim/gridsat/2023/gridsat_2023.11.15.03.npz,536088,40275633f10b27bdef751101e7cfae10816cc4a45fd27155a4955b4ddb04c840,2026-09-23T19:15:51.073589+00:00,data/interim/gridsat/2023/gridsat_2023.11.15.03.nc,781035,d56c969cfbf363196a849f1b6e78b87d1a639f9b2a4e1f0fd0c155cb825be252,2026-09-23T19:15:50.983424+00:00
2023-11-15T06:00:00+00:00,2023,GRIDSAT-B1.2023.11.15.06.v02r01.nc,data/interim/gridsat/2023/gridsat_2023.11.15.06.npz,555628,50cd7652b2bef357267bc7f5e195321d517f3445236009a046f135847c86ca5f,2026-09-23T19:15:48.847566+00:00,data/interim/gridsat/2023/gridsat_2023.11.15.06.nc,792242,5b3223c4323fabd9473a3fa2a42d9592a2ac6065ca7051a0eb5fb20722e05536,2026-09-23T19:15:48.747260+00:00
2023-11-15T09:00:00+00:00,2023,GRIDSAT-B1.2023.11.15.09.v02r01.nc,data/interim/gridsat/2023/gridsat_2023.11.15.09.npz,569478,1ffa8698ca9990243376ca9eb27b641816c6c7be57ac523f869281fc0fd2e3dc,2026-09-23T19:15:52.435307+00:00,data/interim/gridsat/2023/gridsat_2023.11.15.09.nc,808686,1634e38341c9843b241dddee83a6589fa7650a87694cc0bc0b7fc78c92b22435,2026-09-23T19:15:52.337590+00:00
2023-11-15T12:00:00+00:00,2023,GRIDSAT-B1.2023.11.15.12.v02r01.nc,data/interim/gridsat/2023/gridsat_2023.11.15.12.npz,545604,029e3bc04a06db825001ef084d4c01ccdb75f578442f057dc5a62a712a3954ff,2026-09-23T19:15:53.476358+00:00,data/interim/gridsat/2023/gridsat_2023.11.15.12.nc,787029,6b4450992d19c75009e017c5c859008b75f000e2fcc2fef6779981c559a45eab,2026-09-23T19:15:53.382524+00:00
2023-11-15T15:00:00+00:00,2023,GRIDSAT-B1.2023.11.15.15.v02r01.nc,data/interim/gridsat/2023/gridsat_2023.11.15.15.npz,530909,1e69d25d959898d92e2f0ba283bb2ea8869ac520ec0db80b4bdb3d1b4457e0e8,2026-09-23T19:15:56.856720+00:00,data/interim/gridsat/2023/gridsat_2023.11.15.15.nc,773739,cb80abaceff8318d3a1a3ad62d8d02051008d7ec006e83df5317d218e0479ceb,2026-09-23T19:15:56.751667+00:00
2023-11-15T18:00:00+00:00,2023,GRIDSAT-B1.2023.11.15.18.v02r01.nc,data/interim/gridsat/2023/gridsat_2023.11.15.18.npz,530190,53d2b04dfc47d7fc5214ebd78c0e4bf95bddd7cd8d4d660b863b74718ab552a4,2026-09-23T19:15:56.337538+00:00,data/interim/gridsat/2023/gridsat_2023.11.15.18.nc,777987,f96392207d942b81a37cae2fd20941b11632f6ade2322328cf124380ffddbd26,2026-09-23T19:15:56.245635+00:00
2023-11-15T21:00:00+00:00,2023,GRIDSAT-B1.2023.11.15.21.v02r01.nc,data/interim/gridsat/2023/gridsat_2023.11.15.21.npz,530547,3e3bec758afa0678232f8f0df2322858b8a5968e8444e554138f386219da2bf2,2026-09-23T19:15:59.444763+00:00,data/interim/gridsat/2023/gridsat_2023.11.15.21.nc,779816,1a539964e117109999b548f92da5e7d849945f2e5bb451221913aad1c2245ac3,2026-09-23T19:15:59.356626+00:00
2023-11-16T00:00:00+00:00,2023,GRIDSAT-B1.2023.11.16.00.v02r01.nc,data/interim/gridsat/2023/gridsat_2023.11.16.00.npz,528717,702ebcc2b52204acfdef0264e01279379d62354cf50c3c140fc2dd20e4674bbf,2026-09-23T19:16:01.698535+00:00,data/interim/gridsat/2023/gridsat_2023.11.16.00.nc,778816,fc35db62e09b48e46d4f4fabf5076bec4484eb7ca408aec907f04d054b6ee2cd,2026-09-23T19:16:01.615065+00:00
2023-11-30T09:00:00+00:00,2023,GRIDSAT-B1.2023.11.30.09.v02r01.nc,data/interim/gridsat/2023/gridsat_2023.11.30.09.npz,580579,d67fd16eb56838581a11cf7bbfe517f05c1666033230460f2d7c191343744b04,2026-09-23T19:15:59.953513+00:00,data/interim/gridsat/2023/gridsat_2023.11.30.09.nc,828522,0da1437e2b88650febde09eccf01438f9b44cd0568a71db4688fa1a27a59d82f,2026-09-23T19:15:59.866335+00:00
2023-11-30T12:00:00+00:00,2023,GRIDSAT-B1.2023.11.30.12.v02r01.nc,data/interim/gridsat/2023/gridsat_2023.11.30.12.npz,550759,c88a1bc035aa56261ae633ae607891fd71e7a3d2e6e9b7336a5af64aa30970b0,2026-09-23T19:16:04.115081+00:00,data/interim/gridsat/2023/gridsat_2023.11.30.12.nc,796359,8a56bd88b735374900644a8f8d6253da01638f88ead4fb10fd2c646fa54246da,2026-09-23T19:16:04.028171+00:00
2023-11-30T15:00:00+00:00,2023,GRIDSAT-B1.2023.11.30.15.v02r01.nc,data/interim/gridsat/2023/gridsat_2023.11.30.15.npz,538374,5ff2a042753506e33962ea6489f6a51635d9727815b924de42aa3b65fbd69f1f,2026-09-23T19:16:03.635974+00:00,data/interim/gridsat/2023/gridsat_2023.11.30.15.nc,783195,a3c6b55e45ba87508cf0a17ee6fd96f915da96142204bb15be224bf885bb7c85,2026-09-23T19:16:03.550064+00:00
2023-11-30T18:00:00+00:00,2023,GRIDSAT-B1.2023.11.30.18.v02r01.nc,data/interim/gridsat/2023/gridsat_2023.11.30.18.npz,541165,1b01d4c30dd10137ceb4a45241818ba25029f4db53f03b491cc7e005cdc062a1,2026-09-23T19:16:10.712178+00:00,data/interim/gridsat/2023/gridsat_2023.11.30.18.nc,789889,c3b01a7623d19e517a206afcb5606f6e4c72f3528dad6ddec7d3fe097d687407,2026-09-23T19:16:10.623390+00:00
2023-11-30T21:00:00+00:00,2023,GRIDSAT-B1.2023.11.30.21.v02r01.nc,data/interim/gridsat/2023/gridsat_2023.11.30.21.npz,543463,27f38b56c95b977c70f6032093539d7562000109521604578863968dcf8bed21,2026-09-23T19:16:05.923042+00:00,data/interim/gridsat/2023/gridsat_2023.11.30.21.nc,795127,0325ce686d195c91e5e4d715d3009625a735a03fb59cdbc96410fd08055cdb28,2026-09-23T19:16:05.834615+00:00
2023-12-01T00:00:00+00:00,2023,GRIDSAT-B1.2023.12.01.00.v02r01.nc,data/interim/gridsat/2023/gridsat_2023.12.01.00.npz,537727,265fc116f3563a320b79dfd7c771efae576a90a19e177cad3125f16d837cc4b3,2026-09-23T19:16:07.316364+00:00,data/interim/gridsat/2023/gridsat_2023.12.01.00.nc,791149,cbe31743c2f99acf028d428132ad94d2a7fb7c5b5cce158a147acded41075568,2026-09-23T19:16:07.231798+00:00
2023-12-01T03:00:00+00:00,2023,GRIDSAT-B1.2023.12.01.03.v02r01.nc,data/interim/gridsat/2023/gridsat_2023.12.01.03.npz,531529,eae28099a5b664078b1ec7f18dffc4644bf838460d61da2e2ffe414b3621f578,2026-09-23T19:16:35.712234+00:00,data/interim/gridsat/2023/gridsat_2023.12.01.03.nc,778265,291affa67afdb23ecfa9aea7d352066f55c8851df8c661af22f7543babe3d0ab,2026-09-23T19:16:35.628947+00:00
2023-12-01T06:00:00+00:00,2023,GRIDSAT-B1.2023.12.01.06.v02r01.nc,data/interim/gridsat/2023/gridsat_2023.12.01.06.npz,552916,f1a355f287732040e2ad6c76bcfb14e02b7bc2da1c439aa047d64f71b3ad437d,2026-09-23T19:16:10.027336+00:00,data/interim/gridsat/2023/gridsat_2023.12.01.06.nc,789680,1893454bd265de5f23e68d14c28a97a18d1e8268679654d56734d3029570de93,2026-09-23T19:16:09.928549+00:00
2023-12-01T09:00:00+00:00,2023,GRIDSAT-B1.2023.12.01.09.v02r01.nc,data/interim/gridsat/2023/gridsat_2023.12.01.09.npz,572733,d96e629082acc99f50e787eff7f3d825f6be922b359c813330fa5b98f2cfad23,2026-09-23T19:16:14.800311+00:00,data/interim/gridsat/2023/gridsat_2023.12.01.09.nc,818402,36270d87b1a40cd330f9de58b053443ecd7aa3813413a9c3fd4f55af932f2020,2026-09-23T19:16:14.712143+00:00
2023-12-01T12:00:00+00:00,2023,GRIDSAT-B1.2023.12.01.12.v02r01.nc,data/interim/gridsat/2023/gridsat_2023.12.01.12.npz,547183,8309968c88e1ee6ddef8c99a30e583d3f9991f9d779d72ece886c5972d09ce83,2026-09-23T19:16:12.656336+00:00,data/interim/gridsat/2023/gridsat_2023.12.01.12.nc,793191,778f41810dc0827f1357a6e6fe6d4dd08026bd3ead0000016a8d57ad5cb503b6,2026-09-23T19:16:12.573993+00:00
2023-12-01T15:00:00+00:00,2023,GRIDSAT-B1.2023.12.01.15.v02r01.nc,data/interim/gridsat/2023/gridsat_2023.12.01.15.npz,537131,a5f0a7b5b69016f60a054fba4f826c1bc3ae5cdc62cada372e1562fa763800ae,2026-09-23T19:16:16.589474+00:00,data/interim/gridsat/2023/gridsat_2023.12.01.15.nc,780957,78f888a9f25f01db116d0b8a7fcbda7aba2eedd82406289a73b774ba319bfd82,2026-09-23T19:16:16.474450+00:00
2023-12-01T18:00:00+00:00,2023,GRIDSAT-B1.2023.12.01.18.v02r01.nc,data/interim/gridsat/2023/gridsat_2023.12.01.18.npz,540993,7daa2ae2d13dd8d173339be4f3f3e2525d24ab9cd555851ae3f9e5f81a38b3f1,2026-09-23T19:16:18.347002+00:00,data/interim/gridsat/2023/gridsat_2023.12.01.18.nc,789602,5d9d9783d5d0cc080d2e1eee8ec5fc2637c5519479e0157a778745b957b3f971,2026-09-23T19:16:18.212559+00:00
2023-12-01T21:00:00+00:00,2023,GRIDSAT-B1.2023.12.01.21.v02r01.nc,data/interim/gridsat/2023/gridsat_2023.12.01.21.npz,551815,bdf00762817ae60884b6b911cf0cc9cc5c3dd684093329327ef325e3dfcc85b0,2026-09-23T19:16:20.948277+00:00,data/interim/gridsat/2023/gridsat_2023.12.01.21.nc,803489,58d15b771734ce54b0f833f8d55fadd80cb3f0a2e167aa705648667e4e33f909,2026-09-23T19:16:20.857732+00:00
2023-12-02T00:00:00+00:00,2023,GRIDSAT-B1.2023.12.02.00.v02r01.nc,data/interim/gridsat/2023/gridsat_2023.12.02.00.npz,551838,1fbd326c6d4edb26aa42020a85c1e8177ca739cd2443f4a77d1f66d7c13cb73d,2026-09-23T19:16:37.781321+00:00,data/interim/gridsat/2023/gridsat_2023.12.02.00.nc,805217,d187051c625667f45ff211475237c981de487d5abec58d0869ad6007e7be843d,2026-09-23T19:16:37.692320+00:00
2023-12-02T03:00:00+00:00,2023,GRIDSAT-B1.2023.12.02.03.v02r01.nc,data/interim/gridsat/2023/gridsat_2023.12.02.03.npz,548311,3b1d047642e9743db8e007f160ea1eb7bedee28ef45afd54106e94d1c9046a92,2026-09-23T19:16:22.685673+00:00,data/interim/gridsat/2023/gridsat_2023.12.02.03.nc,799017,dc1c92cee04d5ff627a8e5661621a96ccd158261bd8056ad637fa55da4d87fa7,2026-09-23T19:16:22.602177+00:00
2023-12-02T06:00:00+00:00,2023,GRIDSAT-B1.2023.12.02.06.v02r01.nc,data/interim/gridsat/2023/gridsat_2023.12.02.06.npz,561706,65ee363be625003a7be4558eb81e30834a6ded16bcbc0d3f3bd5aa200d2691bd,2026-09-23T19:16:24.180822+00:00,data/interim/gridsat/2023/gridsat_2023.12.02.06.nc,802705,314b064bb68f6ebb5909511e6335ebeb659ed78712de51ce63ea74571fdd7cdb,2026-09-23T19:16:24.093839+00:00
2023-12-02T09:00:00+00:00,2023,GRIDSAT-B1.2023.12.02.09.v02r01.nc,data/interim/gridsat/2023/gridsat_2023.12.02.09.npz,581536,6724090c9949479cc62ee6bd1e37b51f60fc508635cabd9f8811e53046422a94,2026-09-23T19:16:35.475783+00:00,data/interim/gridsat/2023/gridsat_2023.12.02.09.nc,829095,810c11c0b14104aebbe3c9b06826267a7bb588a7becfe4a7f31471b781043175,2026-09-23T19:16:35.390714+00:00
2023-12-02T12:00:00+00:00,2023,GRIDSAT-B1.2023.12.02.12.v02r01.nc,data/interim/gridsat/2023/gridsat_2023.12.02.12.npz,557669,cf6e3f66166828b061a48393e389c06e84d5bd5433139c291e9c3ce3e5e634dc,2026-09-23T19:16:29.132091+00:00,data/interim/gridsat/2023/gridsat_2023.12.02.12.nc,808998,781ac4ff362962e903ecd76c0403b14ce7e2622ef42af6b773d0e6666df04cd9,2026-09-23T19:16:29.038494+00:00
2023-12-02T15:00:00+00:00,2023,GRIDSAT-B1.2023.12.02.15.v02r01.nc,data/interim/gridsat/2023/gridsat_2023.12.02.15.npz,556497,45ca209597f803952a6db15c3cce32fc6a1307f4557674f00aec989a2f190d02,2026-09-23T19:16:32.573082+00:00,data/interim/gridsat/2023/gridsat_2023.12.02.15.nc,808830,5693a4245ca709ba4cdf1df2811847d865ae284f486f638e77be72d61532a1b1,2026-09-23T19:16:32.487988+00:00
2023-12-02T18:00:00+00:00,2023,GRIDSAT-B1.2023.12.02.18.v02r01.nc,data/interim/gridsat/2023/gridsat_2023.12.02.18.npz,564243,fc84930795ee36e54fa7fa6c4ec708bb20272b8c6fab6e96f9e344e3914739b2,2026-09-23T19:16:39.028224+00:00,data/interim/gridsat/2023/gridsat_2023.12.02.18.nc,822801,f6586328b3b8145dc653b528a499c760fb8a464e791d59667e86c58bd6544063,2026-09-23T19:16:38.941088+00:00
2023-12-02T21:00:00+00:00,2023,GRIDSAT-B1.2023.12.02.21.v02r01.nc,data/interim/gridsat/2023/gridsat_2023.12.02.21.npz,567280,2547a588df57f0e2ed2cab06cce5a6cbf3fb4c0243dfeabaff684c7bea6a7e68,2026-09-23T19:16:39.517366+00:00,data/interim/gridsat/2023/gridsat_2023.12.02.21.nc,831031,45c11010d2b4ed2ea463a8a9a86557af30c59181e2d76c7f2a247c10e7d86cbc,2026-09-23T19:16:39.427683+00:00
2023-12-03T00:00:00+00:00,2023,GRIDSAT-B1.2023.12.03.00.v02r01.nc,data/interim/gridsat/2023/gridsat_2023.12.03.00.npz,564861,b17eb8ac97c229d49452b458bd0e4c1fe15af2959dddc7786e40875fde82082a,2026-09-23T19:16:40.155957+00:00,data/interim/gridsat/2023/gridsat_2023.12.03.00.nc,830431,b4de23943c87533b1b7808753dd6b43e4c124f91b4b4a16d4bbc1cd190de9669,2026-09-23T19:16:40.052628+00:00
2023-12-03T03:00:00+00:00,2023,GRIDSAT-B1.2023.12.03.03.v02r01.nc,data/interim/gridsat/2023/gridsat_2023.12.03.03.npz,563545,c00cadd79dd17b44029f653e2237e11ef1268905cd148b6b0f10ec1beb6bbed9,2026-09-23T19:16:43.368826+00:00,data/interim/gridsat/2023/gridsat_2023.12.03.03.nc,826709,b0bd267ed26b31cf136d0075fbc65a3f3ed2d42af15ebe02fa0307b2d112e232,2026-09-23T19:16:43.274246+00:00
2023-12-03T06:00:00+00:00,2023,GRIDSAT-B1.2023.12.03.06.v02r01.nc,data/interim/gridsat/2023/gridsat_2023.12.03.06.npz,578487,f943abc53be621e6d8175919ca25687ce6e64fbd2f5955684ae9f30486a3271d,2026-09-23T19:16:43.185138+00:00,data/interim/gridsat/2023/gridsat_2023.12.03.06.nc,830773,a97e830ad51185085d6f676d624a897ad05d8ad8b63b7d3e668490ae76ac46a6,2026-09-23T19:16:43.093703+00:00
2023-12-03T09:00:00+00:00,2023,GRIDSAT-B1.2023.12.03.09.v02r01.nc,data/interim/gridsat/2023/gridsat_2023.12.03.09.npz,594609,07c27b45bf2900f1d06f46e6d0ff3f0d06e50739da531b6c275dfbd386798231,2026-09-23T19:16:45.114513+00:00,data/interim/gridsat/2023/gridsat_2023.12.03.09.nc,853137,2568defe6d8d4dd061cb5026b7b3d9db8ad22bf5559b43ff73ac37cb11a6aa70,2026-09-23T19:16:45.024335+00:00
2023-12-03T12:00:00+00:00,2023,GRIDSAT-B1.2023.12.03.12.v02r01.nc,data/interim/gridsat/2023/gridsat_2023.12.03.12.npz,569365,622e18496642277b1d143eab841aedf1a4ad938f5ce5afec17037adbf6e87b35,2026-09-23T19:16:51.124238+00:00,data/interim/gridsat/2023/gridsat_2023.12.03.12.nc,830032,a2e90c5c14454fe539c16dce3711c6f501a43f691c4aa13fe3fda2a393dbf581,2026-09-23T19:16:51.038060+00:00
2023-12-03T15:00:00+00:00,2023,GRIDSAT-B1.2023.12.03.15.v02r01.nc,data/interim/gridsat/2023/gridsat_2023.12.03.15.npz,557335,c886bf52d09c77e730c0c8519e6721b0c6550afbac9c25d3ffa43c516670cde4,2026-09-23T19:16:47.177904+00:00,data/interim/gridsat/2023/gridsat_2023.12.03.15.nc,816284,7a5368bce88683d4ed38e692e9d265d14429a78ebfc39286bd4157d37ccc5c84,2026-09-23T19:16:47.093597+00:00
2023-12-03T18:00:00+00:00,2023,GRIDSAT-B1.2023.12.03.18.v02r01.nc,data/interim/gridsat/2023/gridsat_2023.12.03.18.npz,560266,02b4c8a137bf1da15b382a4f4ea4c9c847eaf29e87caebea53cc8b4b0c13c48f,2026-09-23T19:17:02.732306+00:00,data/interim/gridsat/2023/gridsat_2023.12.03.18.nc,821869,81117ec8ab185346b734cbfced4d98f20b274c8911d5d5e00c6e4b5e58788fb2,2026-09-23T19:17:02.648239+00:00
2023-12-03T21:00:00+00:00,2023,GRIDSAT-B1.2023.12.03.21.v02r01.nc,data/interim/gridsat/2023/gridsat_2023.12.03.21.npz,561667,d6864b37ad3ea06002d72d001b325f503bdae0fb9e750384bf087eae76b02407,2026-09-23T19:16:52.815783+00:00,data/interim/gridsat/2023/gridsat_2023.12.03.21.nc,827402,05c3468b79689b47fb23502194c4e9748f856bf282fc5f3ab752aeb45d2b810d,2026-09-23T19:16:52.732526+00:00
2023-12-04T00:00:00+00:00,2023,GRIDSAT-B1.2023.12.04.00.v02r01.nc,data/interim/gridsat/2023/gridsat_2023.12.04.00.npz,563883,38053dc7da1070d63487b157431d8b0734ea68b1e48660122bdc5eee17bfe581,2026-09-23T19:16:52.337040+00:00,data/interim/gridsat/2023/gridsat_2023.12.04.00.nc,831036,5ef6fe43eadff33ffcb51bbdb5c9799adba9fd53687c1db14aa1b09d9966172c,2026-09-23T19:16:52.243697+00:00
2024-05-23T09:00:00+00:00,2024,GRIDSAT-B1.2024.05.23.09.v02r01.nc,data/interim/gridsat/2024/gridsat_2024.05.23.09.npz,615108,e5dc7621429076beddb8f79174cf4f46b8d7ec49567665ccd33df6a97b56631b,2026-09-23T19:16:51.795669+00:00,data/interim/gridsat/2024/gridsat_2024.05.23.09.nc,868215,53423de66962e3fe52d11836235415071fcc5ebbd62405f580744f61ae905bff,2026-09-23T19:16:51.673381+00:00
2024-05-23T12:00:00+00:00,2024,GRIDSAT-B1.2024.05.23.12.v02r01.nc,data/interim/gridsat/2024/gridsat_2024.05.23.12.npz,601235,960bcfb607a7afe07b809a91bd8a331099ddd8de2cab290752c040b3548cdc54,2026-09-23T19:17:03.093607+00:00,data/interim/gridsat/2024/gridsat_2024.05.23.12.nc,856604,8299c1ab7db0f63e11785b218584d6adf5ade00733b60f91457f777d8a730ad5,2026-09-23T19:17:03.016483+00:00
2024-05-23T15:00:00+00:00,2024,GRIDSAT-B1.2024.05.23.15.v02r01.nc,data/interim/gridsat/2024/gridsat_2024.05.23.15.npz,573280,fcff3fb00c624b7f62c6fcc0e8627152934de09f05276b2594280defa73ae013,2026-09-23T19:16:57.037912+00:00,data/interim/gridsat/2024/gridsat_2024.05.23.15.nc,823342,c9fc75a9aca03fad97d950893f5cb3626172044e82db3ae95131ab849557530a,2026-09-23T19:16:56.954796+00:00
2024-05-23T18:00:00+00:00,2024,GRIDSAT-B1.2024.05.23.18.v02r01.nc,data/interim/gridsat/2024/gridsat_2024.05.23.18.npz,566223,499fb1044831441646242c5bb738e0866bf8f92a6f4e861a9acd298928ef4925,2026-09-23T19:17:00.880297+00:00,data/interim/gridsat/2024/gridsat_2024.05.23.18.nc,814411,9bc0d01c29781b4cdc9d8b4abf06925b7b89ecec4c215608834718e2890d8a8f,2026-09-23T19:17:00.791332+00:00
2024-05-23T21:00:00+00:00,2024,GRIDSAT-B1.2024.05.23.21.v02r01.nc,data/interim/gridsat/2024/gridsat_2024.05.23.21.npz,564342,9aae448cdb5a941bb278fce8378d78f15040bc09cf7d01b1b99f8f84c0e8158f,2026-09-23T19:17:02.675228+00:00,data/interim/gridsat/2024/gridsat_2024.05.23.21.nc,814562,dc1cc44d2c6888e692010c800f697c79600d5b86588402ab127a7709409c3da2,2026-09-23T19:17:02.587848+00:00
2024-05-24T00:00:00+00:00,2024,GRIDSAT-B1.2024.05.24.00.v02r01.nc,data/interim/gridsat/2024/gridsat_2024.05.24.00.npz,555230,11c3bedbe4595b564f7ab620baa3dddea6776d8a804814d263907058653d6196,2026-09-23T19:17:01.357533+00:00,data/interim/gridsat/2024/gridsat_2024.05.24.00.nc,806308,0fa8eeb6c65b1cccc2ea0ad393c8d8a83a37e2b453e8b12ab201da81fffeb431,2026-09-23T19:17:01.232376+00:00
2024-05-24T03:00:00+00:00,2024,GRIDSAT-B1.2024.05.24.03.v02r01.nc,data/interim/gridsat/2024/gridsat_2024.05.24.03.npz,554227,2059be456e4baaeb787379c57ca927db993ea26c239696b6041fb0267e1323ed,2026-09-23T19:17:16.253062+00:00,data/interim/gridsat/2024/gridsat_2024.05.24.03.nc,799400,9f3910486ddf54ac343f84c46be5858f5ad811d5313e21a4fd259417bd1d0c8e,2026-09-23T19:17:16.170870+00:00
2024-05-24T06:00:00+00:00,2024,GRIDSAT-B1.2024.05.24.06.v02r01.nc,data/interim/gridsat/2024/gridsat_2024.05.24.06.npz,590519,4f03103645bd39c8b59ce75e6497143a0695c48f3ac32a3ef19b024a093a72d3,2026-09-23T19:17:07.392612+00:00,data/interim/gridsat/2024/gridsat_2024.05.24.06.nc,839183,27df6571c5fe78a2f9b3dc6a0dd2b8d45ce7761738fbcb5fafc430960f329193,2026-09-23T19:17:07.304979+00:00
2024-05-24T09:00:00+00:00,2024,GRIDSAT-B1.2024.05.24.09.v02r01.nc,data/interim/gridsat/2024/gridsat_2024.05.24.09.npz,612912,6cc2b753408ea4a0ef8893a0d0dd7def39e6b57bb6de916813bff87acd1d83bb,2026-09-23T19:17:09.486274+00:00,data/interim/gridsat/2024/gridsat_2024.05.24.09.nc,864319,b2d3d5e8a0c78016257729727c693f2d7711c3486303c4418e7c3dc0981a6121,2026-09-23T19:17:09.399044+00:00
2024-05-24T12:00:00+00:00,2024,GRIDSAT-B1.2024.05.24.12.v02r01.nc,data/interim/gridsat/2024/gridsat_2024.05.24.12.npz,597539,c0376f3febd18f687d2973e4ff3f5825febfdb32965328b5fc31c47bfe7f38b1,2026-09-23T19:17:16.996056+00:00,data/interim/gridsat/2024/gridsat_2024.05.24.12.nc,852253,effe6f8eec84d91f234d123fada9f954f8012c5029e208b626af87962bc04032,2026-09-23T19:17:16.871341+00:00
2024-05-24T15:00:00+00:00,2024,GRIDSAT-B1.2024.05.24.15.v02r01.nc,data/interim/gridsat/2024/gridsat_2024.05.24.15.npz,564708,61d2f209520fa214fc2b4566bddd14e54f21fa8719c0d03d9e0e36073bac45a2,2026-09-23T19:17:17.454382+00:00,data/interim/gridsat/2024/gridsat_2024.05.24.15.nc,816536,8acade7e2d00505240df52ac368e3a3ceeffdcf2398c00bb7f3f23cb5a32fc55,2026-09-23T19:17:17.336245+00:00
2024-05-24T18:00:00+00:00,2024,GRIDSAT-B1.2024.05.24.18.v02r01.nc,data/interim/gridsat/2024/gridsat_2024.05.24.18.npz,561071,861f13a73e360faf89d43df127bb6af2d924865c748c21913773c22e04597307,2026-09-23T19:17:20.568891+00:00,data/interim/gridsat/2024/gridsat_2024.05.24.18.nc,813449,e74bdb444cbb4e9ea5a56b62e539bd44d75b68921a1ccdde4f29598d23c8f711,2026-09-23T19:17:20.484399+00:00
2024-05-24T21:00:00+00:00,2024,GRIDSAT-B1.2024.05.24.21.v02r01.nc,data/interim/gridsat/2024/gridsat_2024.05.24.21.npz,562955,3aee5ede15d4873424db4b1b2f5f62e6e15450e853768c02c36e0185c590bed8,2026-09-23T19:17:19.201039+00:00,data/interim/gridsat/2024/gridsat_2024.05.24.21.nc,815803,cf8b5cb4f4cc8efea293fbe64bf8b808d8a75cc185a25a2f7d291d0916d26a77,2026-09-23T19:17:19.108549+00:00
2024-05-25T00:00:00+00:00,2024,GRIDSAT-B1.2024.05.25.00.v02r01.nc,data/interim/gridsat/2024/gridsat_2024.05.25.00.npz,558860,ba0cd38539c383d8042819f73a1bf16d0a261b3f35e57e706b2a9eb1c2ffab4e,2026-09-23T19:17:31.368928+00:00,data/interim/gridsat/2024/gridsat_2024.05.25.00.nc,812647,9d379786ee64f99249452c91ebb22997d0f3db269d11ab7446d2c49c48823801,2026-09-23T19:17:31.271224+00:00
2024-05-25T03:00:00+00:00,2024,GRIDSAT-B1.2024.05.25.03.v02r01.nc,data/interim/gridsat/2024/gridsat_2024.05.25.03.npz,564269,a48b4ee8d569beec693f7505334f1ebb0ff2633af70c4c86e7dada8f1423373c,2026-09-23T19:17:24.426963+00:00,data/interim/gridsat/2024/gridsat_2024.05.25.03.nc,810979,3839ebb4e9fdec98898ca43b53c24fcc19a65dec9ccdb17a70144ad88f9544f2,2026-09-23T19:17:24.333929+00:00
2024-05-25T06:00:00+00:00,2024,GRIDSAT-B1.2024.05.25.06.v02r01.nc,data/interim/gridsat/2024/gridsat_2024.05.25.06.npz,599378,016eb0866a5e64e037606cb92730d5fb0968fdd271aff0e6cf4b62344a9e5cdd,2026-09-23T19:17:28.155509+00:00,data/interim/gridsat/2024/gridsat_2024.05.25.06.nc,852939,b4b9463a3b8113f5eb21e42097e9f9982b0d6747cba65a7a7111ed5c42fcdd28,2026-09-23T19:17:28.072683+00:00
2024-05-25T09:00:00+00:00,2024,GRIDSAT-B1.2024.05.25.09.v02r01.nc,data/interim/gridsat/2024/gridsat_2024.05.25.09.npz,617880,93bc0a4b2b84e153502fd1add2e882a63ef1455755d228b8520025922283c9a7,2026-09-23T19:17:30.510429+00:00,data/interim/gridsat/2024/gridsat_2024.05.25.09.nc,879424,28fe7744041768be2f5bfbb0e6ee1a9f30b06e8cf8908454eca1729d89455ae6,2026-09-23T19:17:30.401913+00:00
2024-05-25T12:00:00+00:00,2024,GRIDSAT-B1.2024.05.25.12.v02r01.nc,data/interim/gridsat/2024/gridsat_2024.05.25.12.npz,604939,081e223aed81c009bbcf7c7006f83e8f6e243fc7126dea6a966e7f4e1b50e75b,2026-09-23T19:17:37.483987+00:00,data/interim/gridsat/2024/gridsat_2024.05.25.12.nc,870039,94810109425583cc0622474b1f662863b9f4df9939ddbc27d07b1035ab2960dd,2026-09-23T19:17:37.393894+00:00
2024-05-25T15:00:00+00:00,2024,GRIDSAT-B1.2024.05.25.15.v02r01.nc,data/interim/gridsat/2024/gridsat_2024.05.25.15.npz,574806,cf086bec3606ea5f0965ee15f0cf193e2d2fc94b0d057518bc45a5991e13696b,2026-09-23T19:17:30.294507+00:00,data/interim/gridsat/2024/gridsat_2024.05.25.15.nc,835000,b8d1c33e241262dd6045a0cbe619d544b63784c9786f4e7c8d77308c8709d9e8,2026-09-23T19:17:30.210291+00:00
2024-05-25T18:00:00+00:00,2024,GRIDSAT-B1.2024.05.25.18.v02r01.nc,data/interim/gridsat/2024/gridsat_2024.05.25.18.npz,569014,ad119efdc57099cae6d73e4612e4e0b7b26eb49f77a57806a85bef4d49b55dbd,2026-09-23T19:17:36.370727+00:00,data/interim/gridsat/2024/gridsat_2024.05.25.18.nc,828281,378bc896377637bf433944a0a15ff89cf453bd9afe96801e6451d22591003ea1,2026-09-23T19:17:36.283135+00:00
2024-05-25T21:00:00+00:00,2024,GRIDSAT-B1.2024.05.25.21.v02r01.nc,data/interim/gridsat/2024/gridsat_2024.05.25.21.npz,567162,61f1f511d7d3789e71b81534831e03f675c98173ec043cdc8066868f47359c05,2026-09-23T19:17:51.002634+00:00,data/interim/gridsat/2024/gridsat_2024.05.25.21.nc,828912,1fdce5e7b6afb5b5a307d30b592d37b7112f86d8d1947c4342c539a8c5bd1ae5,2026-09-23T19:17:50.898283+00:00
2024-05-26T00:00:00+00:00,2024,GRIDSAT-B1.2024.05.26.00.v02r01.nc,data/interim/gridsat/2024/gridsat_2024.05.26.00.npz,564809,a51f525549050584f65a6b7c3bcd32de1855da43bf927a98e9c347da6d2fa521,2026-09-23T19:17:38.913241+00:00,data/interim/gridsat/2024/gridsat_2024.05.26.00.nc,830105,951b0ab18d561e0bb2063d729c784d0ee3d28272c841b6a8def256594ab9d5e6,2026-09-23T19:17:38.794314+00:00
2024-05-26T03:00:00+00:00,2024,GRIDSAT-B1.2024.05.26.03.v02r01.nc,data/interim/gridsat/2024/gridsat_2024.05.26.03.npz,564206,44dcd34ab1ec7c793a009c4369e1c70dffb90b928a13f5a0699c94a6c55556d9,2026-09-23T19:17:40.232227+00:00,data/interim/gridsat/2024/gridsat_2024.05.26.03.nc,822892,7817a358e55af895ee9ede92b3e96bf9ba02c2a6864f368ca8492a65a1fbe7cb,2026-09-23T19:17:40.151992+00:00
2024-05-26T06:00:00+00:00,2024,GRIDSAT-B1.2024.05.26.06.v02r01.nc,data/interim/gridsat/2024/gridsat_2024.05.26.06.npz,595375,5856eefce4333d99004548809f1aa88238dc39a1a1d371f46cf7955c5f0fa4ab,2026-09-23T19:17:40.944726+00:00,data/interim/gridsat/2024/gridsat_2024.05.26.06.nc,856263,0c2c79895322693d175a1f13b73ebc63b502ae89b83bf65ed4d19be6c22d2609,2026-09-23T19:17:40.835970+00:00
2024-08-01T21:00:00+00:00,2024,GRIDSAT-B1.2024.08.01.21.v02r01.nc,data/interim/gridsat/2024/gridsat_2024.08.01.21.npz,620461,b5a55cf7cddc5b17f240c46ef180264dc4eec1479eda0473dddfff79b317ffff,2026-09-23T19:17:43.996653+00:00,data/interim/gridsat/2024/gridsat_2024.08.01.21.nc,897364,faf241ef9cf7a6de6134ddc313726e01cee09c9c1f3b306ade9faf78fa5e07f4,2026-09-23T19:17:43.898477+00:00
2024-08-02T00:00:00+00:00,2024,GRIDSAT-B1.2024.08.02.00.v02r01.nc,data/interim/gridsat/2024/gridsat_2024.08.02.00.npz,616424,4643d56287e92a075d65265eaac6b615ef0bf67bfa53ef21e58fbe7e42db2b40,2026-09-23T19:17:44.888660+00:00,data/interim/gridsat/2024/gridsat_2024.08.02.00.nc,894654,c1b278e2859fa1ac680c1d792643fccdd3d3d8867932a9205125eb9b5bfd88a4,2026-09-23T19:17:44.773592+00:00
2024-08-02T03:00:00+00:00,2024,GRIDSAT-B1.2024.08.02.03.v02r01.nc,data/interim/gridsat/2024/gridsat_2024.08.02.03.npz,616915,2581b1403bf8ad589e7a697031d01f34c9fc851b4bb3d2a311277040fafc32b8,2026-09-23T19:17:45.071929+00:00,data/interim/gridsat/2024/gridsat_2024.08.02.03.nc,891907,612c60c9ab1774c88146cec7873dc21f904f65d3cf09f4990cb25b44c65c8173,2026-09-23T19:17:44.981738+00:00
2024-08-02T06:00:00+00:00,2024,GRIDSAT-B1.2024.08.02.06.v02r01.nc,data/interim/gridsat/2024/gridsat_2024.08.02.06.npz,637632,b2502f3584e54bc5d74ece175023cab1d47cc9500e4335c8c7fe40a841a71b9b,2026-09-23T19:17:50.625936+00:00,data/interim/gridsat/2024/gridsat_2024.08.02.06.nc,914694,4ef42071c3683a06113deb35417c34b45ed24bdf560844dae2e53eb15e4ffdfd,2026-09-23T19:17:50.533536+00:00
2024-08-02T09:00:00+00:00,2024,GRIDSAT-B1.2024.08.02.09.v02r01.nc,data/interim/gridsat/2024/gridsat_2024.08.02.09.npz,659675,0177b59d0a3508c9afedd8a265111583a46cd5ad3cfee4e8035f2f0fc5a47523,2026-09-23T19:17:48.273312+00:00,data/interim/gridsat/2024/gridsat_2024.08.02.09.nc,939316,800f2b78b0b53558a3684bc1925424484273e5cb884e293e87f90418f1f32405,2026-09-23T19:17:48.155353+00:00
2024-08-02T12:00:00+00:00,2024,GRIDSAT-B1.2024.08.02.12.v02r01.nc,data/interim/gridsat/2024/gridsat_2024.08.02.12.npz,651573,2d4d6fbad122bf06f12182d609da15d95f7d78260f3ff76be5547e0e49b5ffda,2026-09-23T19:17:51.654064+00:00,data/interim/gridsat/2024/gridsat_2024.08.02.12.nc,936801,95e84d3b0587c02194733db68ad1620faf51fa651af85c48ef47194268dc8545,2026-09-23T19:17:51.558582+00:00
2024-08-02T15:00:00+00:00,2024,GRIDSAT-B1.2024.08.02.15.v02r01.nc,data/interim/gridsat/2024/gridsat_2024.08.02.15.npz,637859,17803646d901758b5d592c660dc94b2378518cd13747d40381a5c65be863caff,2026-09-23T19:17:55.922416+00:00,data/interim/gridsat/2024/gridsat_2024.08.02.15.nc,917973,bd99b4761a7e319a4d5b2a8d5869bc50291485aff59e320fd1f5b21348d75508,2026-09-23T19:17:55.829184+00:00
2024-08-02T18:00:00+00:00,2024,GRIDSAT-B1.2024.08.02.18.v02r01.nc,data/interim/gridsat/2024/gridsat_2024.08.02.18.npz,628553,497a88b43ae044585026fef23e86898f654a86a131d4ea0b368ed39f94d0f224,2026-09-23T19:17:55.984395+00:00,data/interim/gridsat/2024/gridsat_2024.08.02.18.nc,908958,1908f6ca79040027b6207cd77ceca025ce226bf264d122d68f69df2c340bcaa9,2026-09-23T19:17:55.896564+00:00
2024-08-02T21:00:00+00:00,2024,GRIDSAT-B1.2024.08.02.21.v02r01.nc,data/interim/gridsat/2024/gridsat_2024.08.02.21.npz,623507,740493e7512bc9d41642964eb02ac78c02a92bbe99859e285843517bfd9fb33f,2026-09-23T19:17:55.476866+00:00,data/interim/gridsat/2024/gridsat_2024.08.02.21.nc,903029,88fcb5eef0e525d51080536e5e99caf5021d0037dbd0c8272916fef6bece4f8b,2026-09-23T19:17:55.365907+00:00
2024-08-03T00:00:00+00:00,2024,GRIDSAT-B1.2024.08.03.00.v02r01.nc,data/interim/gridsat/2024/gridsat_2024.08.03.00.npz,618641,3a815f11597a0dd2d70749a7a065bb5ff3b96114c99753032a2eb1691419f35b,2026-09-23T19:17:59.587099+00:00,data/interim/gridsat/2024/gridsat_2024.08.03.00.nc,899069,cb22771c4ca558d0be295230b619209108d602f5d19262f88146af2695dc1af9,2026-09-23T19:17:59.485808+00:00
2024-08-03T03:00:00+00:00,2024,GRIDSAT-B1.2024.08.03.03.v02r01.nc,data/interim/gridsat/2024/gridsat_2024.08.03.03.npz,616885,40718b1c09b83025af2d72bf3aa6032b9f5f80cfbb50fafa6835ab795f77dee0,2026-09-23T19:18:00.453667+00:00,data/interim/gridsat/2024/gridsat_2024.08.03.03.nc,890631,f4e00da63009763f3caca1fb4a98224d5d5a0a0b5c031329c865d149019e05d1,2026-09-23T19:18:00.363449+00:00
2024-08-03T06:00:00+00:00,2024,GRIDSAT-B1.2024.08.03.06.v02r01.nc,data/interim/gridsat/2024/gridsat_2024.08.03.06.npz,638733,79fc01be3f482a890e1449e0cf8079a47be5293404c6099531e53ffe9f7d2bea,2026-09-23T19:18:05.204887+00:00,data/interim/gridsat/2024/gridsat_2024.08.03.06.nc,909321,27204c7a1849cfd087da939a57a071ee083ba68e3f2da4ac0bb8195954e15f37,2026-09-23T19:18:05.113374+00:00
2024-08-03T09:00:00+00:00,2024,GRIDSAT-B1.2024.08.03.09.v02r01.nc,data/interim/gridsat/2024/gridsat_2024.08.03.09.npz,657529,03c334d2a858024cd386f054d4285de1a89d7a6d8ed4cc765a9801d3a966238f,2026-09-23T19:18:02.696717+00:00,data/interim/gridsat/2024/gridsat_2024.08.03.09.nc,929560,073b964c5497aef145fe75d38afdf7c0ce47c8cc4ed37effedb33b0ffaaa7173,2026-09-23T19:18:02.603916+00:00
2024-08-03T12:00:00+00:00,2024,GRIDSAT-B1.2024.08.03.12.v02r01.nc,data/interim/gridsat/2024/gridsat_2024.08.03.12.npz,652167,f9d103fb1a28d7b7449c854a9be28be9887498dc86b1442725a5dce52e283db7,2026-09-23T19:18:05.262487+00:00,data/interim/gridsat/2024/gridsat_2024.08.03.12.nc,924680,342fee5456bcc6c87d3114a22d7a8aa920a47901ffa7f6dbe2ff00c4d9cd9467,2026-09-23T19:18:05.173483+00:00
2024-08-03T15:00:00+00:00,2024,GRIDSAT-B1.2024.08.03.15.v02r01.nc,data/interim/gridsat/2024/gridsat_2024.08.03.15.npz,630628,bca62eaf027f0caed9d8bd70996bb79440885928fbaaea8a761ad7192a91d7a2,2026-09-23T19:18:04.891818+00:00,data/interim/gridsat/2024/gridsat_2024.08.03.15.nc,901528,e7581625467fab488f25b471cb8b8339415e92b96cfa37a208264ab66ccbfd23,2026-09-23T19:18:04.793970+00:00
2024-08-03T18:00:00+00:00,2024,GRIDSAT-B1.2024.08.03.18.v02r01.nc,data/interim/gridsat/2024/gridsat_2024.08.03.18.npz,619550,467a7b15dcfb45fbfe427cdf2e020dab9e741a99f794c9e9eb55435516ecad57,2026-09-23T19:18:09.125624+00:00,data/interim/gridsat/2024/gridsat_2024.08.03.18.nc,888463,f4cf94e26a03efa8c3d0b61128b6ad986ce26b59097adca09d3aeb1b69b06ecd,2026-09-23T19:18:09.016165+00:00
2024-08-24T09:00:00+00:00,2024,GRIDSAT-B1.2024.08.24.09.v02r01.nc,data/interim/gridsat/2024/gridsat_2024.08.24.09.npz,622151,b21e5d9bd1c3261477552159dfe4cb42538266ab2e0ec020858425fe2b856f16,2026-09-23T19:18:14.817231+00:00,data/interim/gridsat/2024/gridsat_2024.08.24.09.nc,885155,51071b78f4968307dd3bdff0924dd819b1206041de7e287f158dc94a3cac2f25,2026-09-23T19:18:14.728527+00:00
2024-08-24T12:00:00+00:00,2024,GRIDSAT-B1.2024.08.24.12.v02r01.nc,data/interim/gridsat/2024/gridsat_2024.08.24.12.npz,614159,e7909bc9638f034b1e045bd984bce7eaba441fee1bb18aee22facd17964eeae7,2026-09-23T19:18:07.695436+00:00,data/interim/gridsat/2024/gridsat_2024.08.24.12.nc,884635,9f562458590f2f957a3103f52111ca0836203690abd1a25fdd4c38abe8e1a4c5,2026-09-23T19:18:07.587589+00:00
2024-08-24T15:00:00+00:00,2024,GRIDSAT-B1.2024.08.24.15.v02r01.nc,data/interim/gridsat/2024/gridsat_2024.08.24.15.npz,589853,5fe1fb80773e2128007ae4b4eeb82ad9e45a6df5ecb8532e9eef67435f4168ac,2026-09-23T19:18:15.057765+00:00,data/interim/gridsat/2024/gridsat_2024.08.24.15.nc,853773,c67b59d687dcd8ec8a2f311a8137692f9cf8fc9f99cfbd41076dd2d9b00c311f,2026-09-23T19:18:14.974517+00:00
2024-08-24T18:00:00+00:00,2024,GRIDSAT-B1.2024.08.24.18.v02r01.nc,data/interim/gridsat/2024/gridsat_2024.08.24.18.npz,592571,5e24e63442471c4138eb29af5aa4b9265cebdffc3eec38364fae9d8fcb17818e,2026-09-23T19:18:16.668815+00:00,data/interim/gridsat/2024/gridsat_2024.08.24.18.nc,856051,3b4de882314d0f26e06c133320ea6b4b6321d8bd1983e061ccb113b5b2a929ee,2026-09-23T19:18:16.533456+00:00
2024-08-24T21:00:00+00:00,2024,GRIDSAT-B1.2024.08.24.21.v02r01.nc,data/interim/gridsat/2024/gridsat_2024.08.24.21.npz,597139,2b05a56701ad1873016f5e199c849d065459d44672525f03b8db7af66eafe5af,2026-09-23T19:18:10.793814+00:00,data/interim/gridsat/2024/gridsat_2024.08.24.21.nc,865015,ca9723964acf8219022b2dd1bf2752bb8f6270b571afb9c3e6bafe710db2c901,2026-09-23T19:18:10.704784+00:00
2024-08-25T00:00:00+00:00,2024,GRIDSAT-B1.2024.08.25.00.v02r01.nc,data/interim/gridsat/2024/gridsat_2024.08.25.00.npz,597596,fafbd60d5e37d4957fa7977eabe11b5bc57e1caa41eb0b14555752bfa8e0a5e5,2026-09-23T19:18:13.912238+00:00,data/interim/gridsat/2024/gridsat_2024.08.25.00.nc,865305,588078de6885641d663d9064609412510fea21854fea23530285757ccc6a2981,2026-09-23T19:18:13.830565+00:00
2024-08-25T03:00:00+00:00,2024,GRIDSAT-B1.2024.08.25.03.v02r01.nc,data/interim/gridsat/2024/gridsat_2024.08.25.03.npz,593646,972c01669c32ba68bf1925759471b6c6f54434f5db1938200d1e5ce1d7f2acef,2026-09-23T19:18:21.342329+00:00,data/interim/gridsat/2024/gridsat_2024.08.25.03.nc,854730,d60501e4740d41065a68a49e06922fa07069404bd04cc590a38278fc9c00536c,2026-09-23T19:18:21.253812+00:00
2024-08-25T06:00:00+00:00,2024,GRIDSAT-B1.2024.08.25.06.v02r01.nc,data/interim/gridsat/2024/gridsat_2024.08.25.06.npz,615722,dccc1bfee59f9ddf9d6f1dde79f291d9464a323c1d438aa3dd43e2014781c298,2026-09-23T19:18:27.074469+00:00,data/interim/gridsat/2024/gridsat_2024.08.25.06.nc,879123,1c834f9478be3fcb9390834761ca1738c34c04e8458ea91df88002161c82d829,2026-09-23T19:18:26.990375+00:00
2024-08-25T09:00:00+00:00,2024,GRIDSAT-B1.2024.08.25.09.v02r01.nc,data/interim/gridsat/2024/gridsat_2024.08.25.09.npz,634256,64427387d14bfefb5451bf41115bbccefb022789df4bcd738281116895109b51,2026-09-23T19:18:21.397805+00:00,data/interim/gridsat/2024/gridsat_2024.08.25.09.nc,903257,0775aa30cef3125c97381c843892314abe22c26106f806559dc91a2e455f9f73,2026-09-23T19:18:21.314469+00:00
2024-08-25T12:00:00+00:00,2024,GRIDSAT-B1.2024.08.25.12.v02r01.nc,data/interim/gridsat/2024/gridsat_2024.08.25.12.npz,628448,2f5f1a83b20b28c7fff41eccce57009e0c25ff8b55f3658a4184abc4a715cb20,2026-09-23T19:18:28.995030+00:00,data/interim/gridsat/2024/gridsat_2024.08.25.12.nc,900257,80bca76204a376d2e2c465fed3ff10ea3c755df177a56868e789a5babf0ad867,2026-09-23T19:18:28.906011+00:00
2024-08-25T15:00:00+00:00,2024,GRIDSAT-B1.2024.08.25.15.v02r01.nc,data/interim/gridsat/2024/gridsat_2024.08.25.15.npz,603102,1edfd789a1a36f5d004a5864a076bbb8f28870cf0299f525e76e589f3e224077,2026-09-23T19:18:28.925506+00:00,data/interim/gridsat/2024/gridsat_2024.08.25.15.nc,867018,5e6a5bc3c445910ddd5fe48fb5de867c5a177621a08d6884bfc111ff08a9cfcd,2026-09-23T19:18:28.839909+00:00
2024-08-25T18:00:00+00:00,2024,GRIDSAT-B1.2024.08.25.18.v02r01.nc,data/interim/gridsat/2024/gridsat_2024.08.25.18.npz,597309,3064755f6050d0eda26bfb9768e7971e9d9fa5d7c4660a05cbc920a0b4413ad8,2026-09-23T19:18:22.363215+00:00,data/interim/gridsat/2024/gridsat_2024.08.25.18.nc,859210,2afc96f5ccd48690d8454dbf3b7ff432c0beb5b100c8cfff0edc8f939cab4c65,2026-09-23T19:18:22.208989+00:00
2024-08-25T21:00:00+00:00,2024,GRIDSAT-B1.2024.08.25.21.v02r01.nc,data/interim/gridsat/2024/gridsat_2024.08.25.21.npz,594459,d22e0534707b29831f56ec9cd0220025c26865f3144a6036f89b7cb92da737c1,2026-09-23T19:18:28.110623+00:00,data/interim/gridsat/2024/gridsat_2024.08.25.21.nc,857115,7d6cf57dcd9192dfca81b05a330fb88f8a9e33a715224d058a8688bd6d7551af,2026-09-23T19:18:28.027133+00:00
2024-08-26T00:00:00+00:00,2024,GRIDSAT-B1.2024.08.26.00.v02r01.nc,data/interim/gridsat/2024/gridsat_2024.08.26.00.npz,585885,319904604bdfcf37cd37270d8f3545f24ae53c2078aa391194eb7300b00994b2,2026-09-23T19:18:27.786105+00:00,data/interim/gridsat/2024/gridsat_2024.08.26.00.nc,845619,1463d75ba4136c433808c1d5c0bc34d01603b04bfefb06887a623a93b76ce537,2026-09-23T19:18:27.669513+00:00
2024-08-26T03:00:00+00:00,2024,GRIDSAT-B1.2024.08.26.03.v02r01.nc,data/interim/gridsat/2024/gridsat_2024.08.26.03.npz,579287,530b027e2209b3b570756dc96b863ee7a6c2eb6c86c1402540f462533b39b658,2026-09-23T19:18:34.051811+00:00,data/interim/gridsat/2024/gridsat_2024.08.26.03.nc,828732,2be92c606783e770b3e95e0d9e190fc3ac7e319cb5cefea728bba93648060e1b,2026-09-23T19:18:33.949515+00:00
2024-08-26T06:00:00+00:00,2024,GRIDSAT-B1.2024.08.26.06.v02r01.nc,data/interim/gridsat/2024/gridsat_2024.08.26.06.npz,599007,4934db6cefc61879d4cb2ab89bab289a0e40d800c1604676f921b3a85d3f4837,2026-09-23T19:18:32.396447+00:00,data/interim/gridsat/2024/gridsat_2024.08.26.06.nc,852448,ec2cfd1c340a68acdd43b5f6191f2fa02cd0f61ff02e3a73e9f5aba160a8110a,2026-09-23T19:18:32.272810+00:00
2024-08-26T09:00:00+00:00,2024,GRIDSAT-B1.2024.08.26.09.v02r01.nc,data/interim/gridsat/2024/gridsat_2024.08.26.09.npz,619828,bde1b125e3a3315220c6ca2db01663e7141a635d21f2f7e9dddd511c33dd22e3,2026-09-23T19:18:41.827413+00:00,data/interim/gridsat/2024/gridsat_2024.08.26.09.nc,878111,8eadf7e8b2f8084193a01ef3dd18918cd7a84eda64ff3d6ad59a11198c796d50,2026-09-23T19:18:41.730357+00:00
2024-08-26T12:00:00+00:00,2024,GRIDSAT-B1.2024.08.26.12.v02r01.nc,data/interim/gridsat/2024/gridsat_2024.08.26.12.npz,613830,a873769b83816687896074290cdf6b717c8c1535a15daa92c1dbc11270604954,2026-09-23T19:18:36.066524+00:00,data/interim/gridsat/2024/gridsat_2024.08.26.12.nc,873974,3f77da9c8fefa3a4a5d0f56108a51f048932dbe8e163e16d1aa3ca8abc5c99ba,2026-09-23T19:18:35.975127+00:00
2024-08-26T15:00:00+00:00,2024,GRIDSAT-B1.2024.08.26.15.v02r01.nc,data/interim/gridsat/2024/gridsat_2024.08.26.15.npz,592330,488999b81206f4433e270067bb82511e19144de1eba78a7181b44f9a3c66176d,2026-09-23T19:18:36.346991+00:00,data/interim/gridsat/2024/gridsat_2024.08.26.15.nc,847316,3627366498521f138a7005f76e7b667a3001ac045dafac857e1c9f4e8380c98a,2026-09-23T19:18:36.225293+00:00
2024-08-26T18:00:00+00:00,2024,GRIDSAT-B1.2024.08.26.18.v02r01.nc,data/interim/gridsat/2024/gridsat_2024.08.26.18.npz,589759,96c36be81cc9a70b0fd6131c7ef7ed260cf829d0200d35b3c051d2a15122090b,2026-09-23T19:18:38.875749+00:00,data/interim/gridsat/2024/gridsat_2024.08.26.18.nc,845837,18475a400ee33dc246321ae0823ce69d28ffbcd5e14c7dad0d9e608d69521c9a,2026-09-23T19:18:38.775944+00:00
2024-08-26T21:00:00+00:00,2024,GRIDSAT-B1.2024.08.26.21.v02r01.nc,data/interim/gridsat/2024/gridsat_2024.08.26.21.npz,589503,5c027a9a34df6cc68e234bcec8123900bfe6f98e93105f160b66a043d2526dce,2026-09-23T19:18:51.311629+00:00,data/interim/gridsat/2024/gridsat_2024.08.26.21.nc,848003,1c5a6d4616bcb4b7edeab2dd265e60266ad210156df407ac0977ce0276d4bcc1,2026-09-23T19:18:51.216940+00:00
2024-08-27T00:00:00+00:00,2024,GRIDSAT-B1.2024.08.27.00.v02r01.nc,data/interim/gridsat/2024/gridsat_2024.08.27.00.npz,586919,5dd2d0bc19d27c990b4d730a3d6ca1d5daef88f67b5d8c2751f4b0b103fa3fc8,2026-09-23T19:18:40.252566+00:00,data/interim/gridsat/2024/gridsat_2024.08.27.00.nc,841435,bd073d50599e5913ce704281ebb36abd640bbfef5440e114d7e4b53328ad1559,2026-09-23T19:18:40.147583+00:00
2024-08-27T03:00:00+00:00,2024,GRIDSAT-B1.2024.08.27.03.v02r01.nc,data/interim/gridsat/2024/gridsat_2024.08.27.03.npz,588539,55755d9775d26d340b97ed0660e3a3d40e41b0a9349da1d69e2ec189f7f24a79,2026-09-23T19:18:50.057181+00:00,data/interim/gridsat/2024/gridsat_2024.08.27.03.nc,839759,46362e5d533d45e67c3a367bb643689c0588122931c1d6a3be47d8d97382026d,2026-09-23T19:18:49.973962+00:00
2024-08-27T06:00:00+00:00,2024,GRIDSAT-B1.2024.08.27.06.v02r01.nc,data/interim/gridsat/2024/gridsat_2024.08.27.06.npz,609041,d21ed7fe4d5ff10a760f7d665a5643431dfe5dd2b8225237c1dd9d074efb7c6f,2026-09-23T19:18:47.307803+00:00,data/interim/gridsat/2024/gridsat_2024.08.27.06.nc,864037,5fb5c04aa36d498b946c156b1f4f7772b805300f872da545038374facd7f137a,2026-09-23T19:18:47.216960+00:00
2024-08-27T09:00:00+00:00,2024,GRIDSAT-B1.2024.08.27.09.v02r01.nc,data/interim/gridsat/2024/gridsat_2024.08.27.09.npz,630155,bbd27e448b69927ecfb86ce799316f6e661ed06418c6928db8332043ad3e8799,2026-09-23T19:18:45.557756+00:00,data/interim/gridsat/2024/gridsat_2024.08.27.09.nc,891066,c73d1a77f5d93f87c04385e75ea7741afca6673293c370d738aceebcc42050d1,2026-09-23T19:18:45.462245+00:00
2024-08-27T12:00:00+00:00,2024,GRIDSAT-B1.2024.08.27.12.v02r01.nc,data/interim/gridsat/2024/gridsat_2024.08.27.12.npz,615393,f714483d84877fcc529f5c3d840e59fb0a76e04604c7618f6f1cd4fadf5c3f7d,2026-09-23T19:18:55.116030+00:00,data/interim/gridsat/2024/gridsat_2024.08.27.12.nc,882789,5e2cf4bbe1e0784f93e499f225e0ba6e382ae65f04c74858413d66a15468a8eb,2026-09-23T19:18:54.994720+00:00
2024-08-27T15:00:00+00:00,2024,GRIDSAT-B1.2024.08.27.15.v02r01.nc,data/interim/gridsat/2024/gridsat_2024.08.27.15.npz,592058,6c89b327bc843bbf3c1ba60edeea5c456a137dd53fa283cca4fa7ccd60ac7c78,2026-09-23T19:18:49.488584+00:00,data/interim/gridsat/2024/gridsat_2024.08.27.15.nc,855385,0c49b48c9ba4bf77a3523ff8fa692ecb850b3d4d568ab763d6768c8ae614237e,2026-09-23T19:18:49.392397+00:00
2024-08-27T18:00:00+00:00,2024,GRIDSAT-B1.2024.08.27.18.v02r01.nc,data/interim/gridsat/2024/gridsat_2024.08.27.18.npz,588587,24b5c7619a689516fda27111055c20aed0b25848622685b581e395a4665989e3,2026-09-23T19:18:55.732665+00:00,data/interim/gridsat/2024/gridsat_2024.08.27.18.nc,856125,c34ba472870d4c8e518a8740407b0862b8c88ad42a59954388bc1c61c34a42a0,2026-09-23T19:18:55.626583+00:00
2024-08-27T21:00:00+00:00,2024,GRIDSAT-B1.2024.08.27.21.v02r01.nc,data/interim/gridsat/2024/gridsat_2024.08.27.21.npz,594402,af2b4744c3c1f774e8357be791109724a50aaee594ed3bd1d8ac508289655d57,2026-09-23T19:19:02.077955+00:00,data/interim/gridsat/2024/gridsat_2024.08.27.21.nc,864049,0cca798c3a99dcfa6f1e3978dd1ccdcff351886b955eecbe3bd7ee5b0048c36e,2026-09-23T19:19:01.973717+00:00
2024-08-28T00:00:00+00:00,2024,GRIDSAT-B1.2024.08.28.00.v02r01.nc,data/interim/gridsat/2024/gridsat_2024.08.28.00.npz,596862,5d56f562813ca25a9a324dd6f94144fec6bb1082413798dd195cba1f579d6fb3,2026-09-23T19:18:56.994520+00:00,data/interim/gridsat/2024/gridsat_2024.08.28.00.nc,863748,c2b51c39f3cc5d37733167d2aa7b522a52f5cb03ec40624060db5974760d2fe5,2026-09-23T19:18:56.905591+00:00
2024-08-28T03:00:00+00:00,2024,GRIDSAT-B1.2024.08.28.03.v02r01.nc,data/interim/gridsat/2024/gridsat_2024.08.28.03.npz,590098,ff8d4cf2ee8aa1b609dd60b2aff9d89ac9192dece20c87ccf6602ca26ae15581,2026-09-23T19:19:03.080139+00:00,data/interim/gridsat/2024/gridsat_2024.08.28.03.nc,851399,b5cf40e3b2884d294da09802b9f9f907d2330981c2f9479528f3a35c7d2d68c7,2026-09-23T19:19:02.993635+00:00
2024-08-28T06:00:00+00:00,2024,GRIDSAT-B1.2024.08.28.06.v02r01.nc,data/interim/gridsat/2024/gridsat_2024.08.28.06.npz,613552,fac6bdd7540d6af663306b9086ea4846715a224416cb51327a1b9e8188630574,2026-09-23T19:19:00.591940+00:00,data/interim/gridsat/2024/gridsat_2024.08.28.06.nc,876321,2dd9836473606bf5b789fa5185890b6b4eb18fea6262114a2e6383effcfc4514,2026-09-23T19:19:00.494583+00:00
2024-08-28T09:00:00+00:00,2024,GRIDSAT-B1.2024.08.28.09.v02r01.nc,data/interim/gridsat/2024/gridsat_2024.08.28.09.npz,632022,3b27429fa703e516a197781acdde0dd6b697a55579293f26a67e61582b571b32,2026-09-23T19:19:00.515440+00:00,data/interim/gridsat/2024/gridsat_2024.08.28.09.nc,901737,8d7ee9cf17d9d4dcbdafa5d87fe79c6c8ee6c622945ac3f42e4cec09bca1ea9a,2026-09-23T19:19:00.431294+00:00
2024-08-28T12:00:00+00:00,2024,GRIDSAT-B1.2024.08.28.12.v02r01.nc,data/interim/gridsat/2024/gridsat_2024.08.28.12.npz,622985,bac1d4724635f63b773b527c493e9b41affca1b5efacb0d5f2e5f0c291d5a040,2026-09-23T19:19:05.910738+00:00,data/interim/gridsat/2024/gridsat_2024.08.28.12.nc,894036,af865523df267e9580f60de8ca226d035bc9e772007d662996e4829d0dab426f,2026-09-23T19:19:05.813838+00:00
2024-08-28T15:00:00+00:00,2024,GRIDSAT-B1.2024.08.28.15.v02r01.nc,data/interim/gridsat/2024/gridsat_2024.08.28.15.npz,603410,c13cd246b72f90b8aefd74b5ba4fce11939f099fa00bc37901b6e445bc5bae78,2026-09-23T19:19:05.651868+00:00,data/interim/gridsat/2024/gridsat_2024.08.28.15.nc,867493,f1c1f5b1066753e74acc4f8c4331e587e10e7efb1a264c92b6d508b2c2234413,2026-09-23T19:19:05.558151+00:00
2024-08-28T18:00:00+00:00,2024,GRIDSAT-B1.2024.08.28.18.v02r01.nc,data/interim/gridsat/2024/gridsat_2024.08.28.18.npz,599789,455f6069f438b5769106f91c72e59cad82bb0c85f9bc5c3be9af9ff23e796371,2026-09-23T19:19:11.847739+00:00,data/interim/gridsat/2024/gridsat_2024.08.28.18.nc,869666,c358c4ac27f002c579950b7e064a00b07fde1ed75ace016b42006b0e969e6b04,2026-09-23T19:19:11.757047+00:00
2024-08-28T21:00:00+00:00,2024,GRIDSAT-B1.2024.08.28.21.v02r01.nc,data/interim/gridsat/2024/gridsat_2024.08.28.21.npz,599240,8e6ee4790c0a00b1bc702cd5db2084fd1cac75b55e7d88d5caf7bd3d1122c7b9,2026-09-23T19:19:11.779229+00:00,data/interim/gridsat/2024/gridsat_2024.08.28.21.nc,869396,97527e6139637e19ae1936e02979b18746407dfdda98548782bf880d65c6d774,2026-09-23T19:19:11.694255+00:00
2024-08-29T00:00:00+00:00,2024,GRIDSAT-B1.2024.08.29.00.v02r01.nc,data/interim/gridsat/2024/gridsat_2024.08.29.00.npz,596295,28f1f7fa62232507139e5ac2a10b361ce03f0a2ba3b9947ccb61b4e468b4d3f2,2026-09-23T19:19:07.474726+00:00,data/interim/gridsat/2024/gridsat_2024.08.29.00.nc,860944,8b8ce90e2354ca347152cf48aa21d92479fceddea21df15eaec603967937d97f,2026-09-23T19:19:07.349964+00:00
2024-08-29T03:00:00+00:00,2024,GRIDSAT-B1.2024.08.29.03.v02r01.nc,data/interim/gridsat/2024/gridsat_2024.08.29.03.npz,587840,bc1ba15a8365637449dd832ecc95a789deef94037099976d56e9b8993de1932c,2026-09-23T19:19:12.070819+00:00,data/interim/gridsat/2024/gridsat_2024.08.29.03.nc,845059,79cbdec769cce04a5da97d0704e3cac6a584e9adf9f861d7f8dbdfb4f8e90e48,2026-09-23T19:19:11.983608+00:00
2024-08-29T06:00:00+00:00,2024,GRIDSAT-B1.2024.08.29.06.v02r01.nc,data/interim/gridsat/2024/gridsat_2024.08.29.06.npz,601865,387ce6fb96aacf0232e77c83e88caf7e9297ddb5e719c0d2403df69bea270d93,2026-09-23T19:19:13.154128+00:00,data/interim/gridsat/2024/gridsat_2024.08.29.06.nc,859809,b44dbd5ae3cc14c092047a398b26c9b8ae9665ee40f633c9b014253ff181eb49,2026-09-23T19:19:13.040877+00:00
2024-08-29T09:00:00+00:00,2024,GRIDSAT-B1.2024.08.29.09.v02r01.nc,data/interim/gridsat/2024/gridsat_2024.08.29.09.npz,620903,a7dc910285347d5eb51a9a15903999f8087f787c3fc9ed71363b95c0e9e1dd2e,2026-09-23T19:19:11.334695+00:00,data/interim/gridsat/2024/gridsat_2024.08.29.09.nc,882785,aaab2d359ba9195d3a4d335ef475073b3771b56221d7ef6228b1accf0606da7f,2026-09-23T19:19:11.225000+00:00
2024-08-29T12:00:00+00:00,2024,GRIDSAT-B1.2024.08.29.12.v02r01.nc,data/interim/gridsat/2024/gridsat_2024.08.29.12.npz,619944,e78f48f7be8598ebf9ec888019ff969c3d02ef09a3104440b4145d0af46d1c9c,2026-09-23T19:19:15.098525+00:00,data/interim/gridsat/2024/gridsat_2024.08.29.12.nc,883571,763f64febe7c48c7d61c87ebd576be1bbe90974074cf22e281ba362fefe575d4,2026-09-23T19:19:15.015142+00:00
2024-08-29T15:00:00+00:00,2024,GRIDSAT-B1.2024.08.29.15.v02r01.nc,data/interim/gridsat/2024/gridsat_2024.08.29.15.npz,595160,5438d3f2401925c94cc499d345d8fcb338fae72a633ba042a3a92bf695604ede,2026-09-23T19:19:17.195700+00:00,data/interim/gridsat/2024/gridsat_2024.08.29.15.nc,849324,1214d12160030be794f8f817ce4a4556be96060b112d0e800c1eaca0fa32d78c,2026-09-23T19:19:17.098519+00:00
2024-08-29T18:00:00+00:00,2024,GRIDSAT-B1.2024.08.29.18.v02r01.nc,data/interim/gridsat/2024/gridsat_2024.08.29.18.npz,591353,526541eed394130891f0dad3e954d3adb425a995fe99daad29c4d34866207a68,2026-09-23T19:19:19.004537+00:00,data/interim/gridsat/2024/gridsat_2024.08.29.18.nc,841759,83e6249de999f22b2e022bb3c6facd7560658d3b63fddb6d0d322c0be89128f1,2026-09-23T19:19:18.920010+00:00
2024-08-29T21:00:00+00:00,2024,GRIDSAT-B1.2024.08.29.21.v02r01.nc,data/interim/gridsat/2024/gridsat_2024.08.29.21.npz,587463,abf2e19d83e954f2ad2b456d26877581e78a75714bb7ab6dc89540a327f258f9,2026-09-23T19:19:19.073582+00:00,data/interim/gridsat/2024/gridsat_2024.08.29.21.nc,842617,221a0a1e41fc8c391f153c9598b5e7bd1ac195d988601a7950abc33f2966c694,2026-09-23T19:19:18.983812+00:00
2024-08-30T00:00:00+00:00,2024,GRIDSAT-B1.2024.08.30.00.v02r01.nc,data/interim/gridsat/2024/gridsat_2024.08.30.00.npz,582055,e15dee518939797e7a8c5befa93641f938dec17a8157687f5dc962b3147322eb,2026-09-23T19:19:22.695714+00:00,data/interim/gridsat/2024/gridsat_2024.08.30.00.nc,838716,d960d79cf4d23c6099e95ddca84693eb7ae3fb21469b8b3269247264604a0388,2026-09-23T19:19:22.610351+00:00
2024-08-30T03:00:00+00:00,2024,GRIDSAT-B1.2024.08.30.03.v02r01.nc,data/interim/gridsat/2024/gridsat_2024.08.30.03.npz,575530,9d09f66c189a757900daece2b40a5b3fbd5b376e8ab99d63cffbffb67b41c6a9,2026-09-23T19:19:26.288357+00:00,data/interim/gridsat/2024/gridsat_2024.08.30.03.nc,826870,9f572fea81615c7491b287307026a242dc544b394bacf39565932d66ac607ebf,2026-09-23T19:19:26.203701+00:00
2024-08-30T06:00:00+00:00,2024,GRIDSAT-B1.2024.08.30.06.v02r01.nc,data/interim/gridsat/2024/gridsat_2024.08.30.06.npz,603049,db5af980d15c032881e999fcad33aa83b65640e92287911a8882bc5014cb03d7,2026-09-23T19:19:24.272619+00:00,data/interim/gridsat/2024/gridsat_2024.08.30.06.nc,860168,7faeaf0db1d44c19900865f9ddb5929762ad9ac9487c9a8e72d58ce4d3edad51,2026-09-23T19:19:24.190106+00:00
2024-08-30T09:00:00+00:00,2024,GRIDSAT-B1.2024.08.30.09.v02r01.nc,data/interim/gridsat/2024/gridsat_2024.08.30.09.npz,630083,51b15602b2500be30f2a0b9e4bfe1a51187a4f735633108c9d62a0901dc4fe83,2026-09-23T19:19:24.804814+00:00,data/interim/gridsat/2024/gridsat_2024.08.30.09.nc,895152,c987c35965847f5021ca0336f8fa790d9a07a8acf0639f15f3bd997926a8c4fb,2026-09-23T19:19:24.718127+00:00
2024-08-30T12:00:00+00:00,2024,GRIDSAT-B1.2024.08.30.12.v02r01.nc,data/interim/gridsat/2024/gridsat_2024.08.30.12.npz,627475,c6ce79d26b0a0012482816acfc96c9f720358f3bcd1ed4b53be8a6f05c2c3144,2026-09-23T19:19:27.283476+00:00,data/interim/gridsat/2024/gridsat_2024.08.30.12.nc,900801,a3f2f9311306b744dde0a6e9549782200753113232cf12331250da0cd03c543c,2026-09-23T19:19:27.195672+00:00
2024-08-30T15:00:00+00:00,2024,GRIDSAT-B1.2024.08.30.15.v02r01.nc,data/interim/gridsat/2024/gridsat_2024.08.30.15.npz,608991,28ed0147ac0bf53ec46d7b9558247e25be475349f4bb6e08bb914c190751e28b,2026-09-23T19:19:27.216450+00:00,data/interim/gridsat/2024/gridsat_2024.08.30.15.nc,878807,5ca7c29b59369ee2fe6f711b45629e4ab739597a56b3c94689ce01374da1b6e0,2026-09-23T19:19:27.130637+00:00
2024-08-30T18:00:00+00:00,2024,GRIDSAT-B1.2024.08.30.18.v02r01.nc,data/interim/gridsat/2024/gridsat_2024.08.30.18.npz,613790,6e2d56b12ea9a96dc0b286e1a0604dd92b500a94ca26b6fe8e159309981ef7ad,2026-09-23T19:19:31.563709+00:00,data/interim/gridsat/2024/gridsat_2024.08.30.18.nc,888739,c9d3bd19375bc4abc4b2a308e81e0eaac08d95e6271aa55c59221fb207960ab1,2026-09-23T19:19:31.444829+00:00
2024-08-30T21:00:00+00:00,2024,GRIDSAT-B1.2024.08.30.21.v02r01.nc,data/interim/gridsat/2024/gridsat_2024.08.30.21.npz,615934,1c51b1fc1d2702a5112acffaf2b7001b0d193599c2842fa334f4e60ae280ad8a,2026-09-23T19:19:29.843713+00:00,data/interim/gridsat/2024/gridsat_2024.08.30.21.nc,894969,7a7cc78142eef2d517b7b2dfce25dcedc48049cbcfb34dbb0344d76552d73f08,2026-09-23T19:19:29.716262+00:00
2024-08-31T00:00:00+00:00,2024,GRIDSAT-B1.2024.08.31.00.v02r01.nc,data/interim/gridsat/2024/gridsat_2024.08.31.00.npz,604706,f0b42f0b14ac8219497630f603c0abe103257c0cfbcdde38bfde37e2dd648cbc,2026-09-23T19:19:32.801781+00:00,data/interim/gridsat/2024/gridsat_2024.08.31.00.nc,883530,95049471a031bc3c8712d6427251a4f9da1f81633496131acf5243a1551300ee,2026-09-23T19:19:32.713795+00:00
2024-08-31T03:00:00+00:00,2024,GRIDSAT-B1.2024.08.31.03.v02r01.nc,data/interim/gridsat/2024/gridsat_2024.08.31.03.npz,596316,fec29369a8cdbed9934f40d4758ae8106e3da18095008d8475818bfc5efadf0c,2026-09-23T19:19:38.035743+00:00,data/interim/gridsat/2024/gridsat_2024.08.31.03.nc,866927,98d221a1cbd8add7130de729484b13e5d41b76bbe22985fc5f91c03fe37d2588,2026-09-23T19:19:37.952033+00:00
2024-08-31T06:00:00+00:00,2024,GRIDSAT-B1.2024.08.31.06.v02r01.nc,data/interim/gridsat/2024/gridsat_2024.08.31.06.npz,620514,e9067fc217cd588bf429d4505fb66378a3020923a03a9de91c8a57836758705c,2026-09-23T19:19:43.073520+00:00,data/interim/gridsat/2024/gridsat_2024.08.31.06.nc,889475,27feb0746f9bb58ebe6e95657c1b60f3b48b6684553d74ce0d2a6d21054eab93,2026-09-23T19:19:42.983382+00:00
2024-09-07T09:00:00+00:00,2024,GRIDSAT-B1.2024.09.07.09.v02r01.nc,data/interim/gridsat/2024/gridsat_2024.09.07.09.npz,603114,8477d9bf7025bcb889767d7e2d1436b152940f837982e4c6e9556174ae110419,2026-09-23T19:19:34.962192+00:00,data/interim/gridsat/2024/gridsat_2024.09.07.09.nc,863621,b02017653c10167d3de1f3fed681c27d358a56143ac2af5a1a216ccc932286f2,2026-09-23T19:19:34.855197+00:00
2024-09-07T12:00:00+00:00,2024,GRIDSAT-B1.2024.09.07.12.v02r01.nc,data/interim/gridsat/2024/gridsat_2024.09.07.12.npz,589118,83ab087b35b7ce838cface6aeceb4f2f00f20cc8c2a732c7f0afc3889cfa91ef,2026-09-23T19:19:37.770622+00:00,data/interim/gridsat/2024/gridsat_2024.09.07.12.nc,854090,ea1789e7dc2ee5889da9b43fcb8b1c51a5f7767d45050a86ec0d9017784c086b,2026-09-23T19:19:37.674675+00:00
2024-09-07T15:00:00+00:00,2024,GRIDSAT-B1.2024.09.07.15.v02r01.nc,data/interim/gridsat/2024/gridsat_2024.09.07.15.npz,570822,c2f79e865921c06d1b813608851b7f8a4ec793bec693586c60cf7f7edb58f4c3,2026-09-23T19:19:41.132699+00:00,data/interim/gridsat/2024/gridsat_2024.09.07.15.nc,830597,215503b2efed2a48f2043de2059ecb256a994d0ddd810bf33106e80a503c06e5,2026-09-23T19:19:41.014880+00:00
2024-09-07T18:00:00+00:00,2024,GRIDSAT-B1.2024.09.07.18.v02r01.nc,data/interim/gridsat/2024/gridsat_2024.09.07.18.npz,570233,c27b2190785006203ddaf95622469136de4fff38475c44b762535317d9ce5f48,2026-09-23T19:19:43.153722+00:00,data/interim/gridsat/2024/gridsat_2024.09.07.18.nc,833913,10ccee64457575c6d61dbeb0ad6f3d291fe6c6a1e13e6c02cbb21b8b36409f8d,2026-09-23T19:19:43.069761+00:00
2024-09-07T21:00:00+00:00,2024,GRIDSAT-B1.2024.09.07.21.v02r01.nc,data/interim/gridsat/2024/gridsat_2024.09.07.21.npz,571809,154fe450d5d473569dcf2d4addd7c20f9d44c0d7b96beb8a515cda30c8a954c8,2026-09-23T19:19:50.324905+00:00,data/interim/gridsat/2024/gridsat_2024.09.07.21.nc,835003,4193472097e120e8f55e4905f4389809196f4b9d80196227081798fe524c467c,2026-09-23T19:19:50.238375+00:00
2024-09-08T00:00:00+00:00,2024,GRIDSAT-B1.2024.09.08.00.v02r01.nc,data/interim/gridsat/2024/gridsat_2024.09.08.00.npz,570748,e64124a89987e1c5c2ca80c4f89de3fc06b60484ead3ba22829e187d816ccccc,2026-09-23T19:19:47.772355+00:00,data/interim/gridsat/2024/gridsat_2024.09.08.00.nc,832768,d646f527a6754f980a8a7888a694d51ed0482537e058264bae9223e700302af4,2026-09-23T19:19:47.686772+00:00
2024-09-08T03:00:00+00:00,2024,GRIDSAT-B1.2024.09.08.03.v02r01.nc,data/interim/gridsat/2024/gridsat_2024.09.08.03.npz,568082,b0650c40faa149859d3890a8bf84aef7b70fae5683a1bf0dc1767a84bbaa302e,2026-09-23T19:19:50.973018+00:00,data/interim/gridsat/2024/gridsat_2024.09.08.03.nc,821224,71925a5650f1a9427e37f774c9d124c2444b7aa0dd8f2e2fb14f0bff1d83ca2c,2026-09-23T19:19:50.875798+00:00
2024-09-08T06:00:00+00:00,2024,GRIDSAT-B1.2024.09.08.06.v02r01.nc,data/interim/gridsat/2024/gridsat_2024.09.08.06.npz,591390,bf6362654fbde4d99f2df8b3d3823c453133b208f029527c8903cd91e0b293f4,2026-09-23T19:19:50.389118+00:00,data/interim/gridsat/2024/gridsat_2024.09.08.06.nc,847629,568276ae57f93c490e68b6e6fcf0864d11413e5d37f2a7864b7a2ff2218840a3,2026-09-23T19:19:50.302638+00:00
2024-09-12T21:00:00+00:00,2024,GRIDSAT-B1.2024.09.12.21.v02r01.nc,data/interim/gridsat/2024/gridsat_2024.09.12.21.npz,557551,cf77b26b67ddca7e5d9f0164f52b0a7a96706af65ea86bcd6e6982683eaf9429,2026-09-23T19:19:50.669708+00:00,data/interim/gridsat/2024/gridsat_2024.09.12.21.nc,808369,3897aba5de42d0fbf32cf6f407c47de9290ba9c4d39a62cad3bc6f802dd45ed2,2026-09-23T19:19:50.584292+00:00
2024-09-13T00:00:00+00:00,2024,GRIDSAT-B1.2024.09.13.00.v02r01.nc,data/interim/gridsat/2024/gridsat_2024.09.13.00.npz,557598,1e72bbde9218d0a51c1ea30a4040a793c56ca805444e9fdddb3d585a48df4309,2026-09-23T19:19:50.727231+00:00,data/interim/gridsat/2024/gridsat_2024.09.13.00.nc,811183,5dad6e3305488160e0013b0c9ae9537df017c4493bf1c7309b000c5a7a164f70,2026-09-23T19:19:50.643092+00:00
2024-09-13T03:00:00+00:00,2024,GRIDSAT-B1.2024.09.13.03.v02r01.nc,data/interim/gridsat/2024/gridsat_2024.09.13.03.npz,551727,d56e5ebfee34449a02d1d3c6b573e304589cfd89aa3fc8563f5bec139b06e7c3,2026-09-23T19:19:54.463425+00:00,data/interim/gridsat/2024/gridsat_2024.09.13.03.nc,802396,c9dff9ea75c6df994c2c951dd0a349b63b84306b6b383b286a2046d3b47bc930,2026-09-23T19:19:54.375008+00:00
2024-09-13T06:00:00+00:00,2024,GRIDSAT-B1.2024.09.13.06.v02r01.nc,data/interim/gridsat/2024/gridsat_2024.09.13.06.npz,573574,6cb845b9067c4f91c09e619b1d8158de9e6e02b04c3315959e4747a5e9682d5e,2026-09-23T19:19:57.604899+00:00,data/interim/gridsat/2024/gridsat_2024.09.13.06.nc,822606,754745cad29a8fdebb3d2bf2634e028232ba6b2d50ae63b8b607b814a8f07b3c,2026-09-23T19:19:57.513030+00:00
2024-09-13T09:00:00+00:00,2024,GRIDSAT-B1.2024.09.13.09.v02r01.nc,data/interim/gridsat/2024/gridsat_2024.09.13.09.npz,590782,5a39757158b96633b7d327b5b273e28848e766bd886904898f1665fb0d6c55b2,2026-09-23T19:19:59.077091+00:00,data/interim/gridsat/2024/gridsat_2024.09.13.09.nc,844262,6786efed453a27ee5f2298b1c0b8e7121716e670e6d5304bdb196040996ec552,2026-09-23T19:19:58.972931+00:00
2024-09-13T12:00:00+00:00,2024,GRIDSAT-B1.2024.09.13.12.v02r01.nc,data/interim/gridsat/2024/gridsat_2024.09.13.12.npz,580187,064ee9d44aa7ed672cad5f5d791bdb5526fd3c1145d66f74551c0b0727428e6f,2026-09-23T19:19:57.546164+00:00,data/interim/gridsat/2024/gridsat_2024.09.13.12.nc,832481,e04d962d814d3a05af19372d71414bb94f0762d3c4a6c3fb118aa5938b3483ff,2026-09-23T19:19:57.455336+00:00
2024-09-13T15:00:00+00:00,2024,GRIDSAT-B1.2024.09.13.15.v02r01.nc,data/interim/gridsat/2024/gridsat_2024.09.13.15.npz,552708,57e5b3bcb3b9eb37e2934568aa4030877c17c5c8861753bd937ef29ff0e45fe2,2026-09-23T19:20:01.718726+00:00,data/interim/gridsat/2024/gridsat_2024.09.13.15.nc,797817,691a619bae97561efa1eaa721296287fa8c70965ac88cb8d96952863ebe4e3b0,2026-09-23T19:20:01.632578+00:00
2024-09-13T18:00:00+00:00,2024,GRIDSAT-B1.2024.09.13.18.v02r01.nc,data/interim/gridsat/2024/gridsat_2024.09.13.18.npz,545910,ed32d9a827fba9f3d5d4d0232ef1f28ab6601ef2474c3e915e367a893d02781d,2026-09-23T19:20:00.931543+00:00,data/interim/gridsat/2024/gridsat_2024.09.13.18.nc,792645,48e0c9450bb56b6f2062f256c4b9b93e5c85221d771a69880fc7237effbddd28,2026-09-23T19:20:00.846157+00:00
2024-09-13T21:00:00+00:00,2024,GRIDSAT-B1.2024.09.13.21.v02r01.nc,data/interim/gridsat/2024/gridsat_2024.09.13.21.npz,550321,bf8c2e6db3c473fb53117238a59dccac566e333d6e13b85b9377189b509a29ee,2026-09-23T19:19:59.706766+00:00,data/interim/gridsat/2024/gridsat_2024.09.13.21.nc,801338,74d5740f4edbbb372242b8cb2c4b9ce078b16ced8ca14275d2e8ebb4cd883bbf,2026-09-23T19:19:59.621057+00:00
2024-09-14T00:00:00+00:00,2024,GRIDSAT-B1.2024.09.14.00.v02r01.nc,data/interim/gridsat/2024/gridsat_2024.09.14.00.npz,542803,50f2e636dff366a30f54203386dadb2ebd59a30dfacadfea8879c1dfd2eceb0b,2026-09-23T19:20:05.311593+00:00,data/interim/gridsat/2024/gridsat_2024.09.14.00.nc,796557,8fb62bf3129530727de54dd0a5b82fa14b61e0c90ab95fcdf94d7f566f9dea55,2026-09-23T19:20:05.215824+00:00
2024-09-14T03:00:00+00:00,2024,GRIDSAT-B1.2024.09.14.03.v02r01.nc,data/interim/gridsat/2024/gridsat_2024.09.14.03.npz,535648,cbd9831f82061123f5e082b75835216e87282d53d587a23b164cbd0fc863a6f6,2026-09-23T19:20:03.563160+00:00,data/interim/gridsat/2024/gridsat_2024.09.14.03.nc,783182,0e44713b29d60043920943045b186f5010dc52ffe9e3b6fad728464a2e6831ab,2026-09-23T19:20:03.479897+00:00
2024-09-14T06:00:00+00:00,2024,GRIDSAT-B1.2024.09.14.06.v02r01.nc,data/interim/gridsat/2024/gridsat_2024.09.14.06.npz,559483,11cf6897204116f92c1a077b7b14f7715867eda8a6d025b349fb4119b775a0a3,2026-09-23T19:20:05.861955+00:00,data/interim/gridsat/2024/gridsat_2024.09.14.06.nc,803619,4ee9b1a18e9a3500d51cc74be01e97cf03e235d93b12cb39db3abebdd8a6dc6d,2026-09-23T19:20:05.771694+00:00
2024-09-14T09:00:00+00:00,2024,GRIDSAT-B1.2024.09.14.09.v02r01.nc,data/interim/gridsat/2024/gridsat_2024.09.14.09.npz,577934,af4ebfa7042f0680da1d3e22ef0793209cd2ca21e36f0e97da8ff71fca4ec79e,2026-09-23T19:20:08.417297+00:00,data/interim/gridsat/2024/gridsat_2024.09.14.09.nc,825662,7c1ad6a07064b0361f94025dc7ff22db5ab73a63f8c62175a15cb911f821664e,2026-09-23T19:20:08.308476+00:00
2024-09-14T12:00:00+00:00,2024,GRIDSAT-B1.2024.09.14.12.v02r01.nc,data/interim/gridsat/2024/gridsat_2024.09.14.12.npz,564485,ac84277270562a34cf41620c8050985a1b86d721670b6a01931fa9c7de9a1a51,2026-09-23T19:20:09.266862+00:00,data/interim/gridsat/2024/gridsat_2024.09.14.12.nc,812710,e82ff850b4bf6846aa3227f5ebfd518a82aafa6568d6c4aeab6bc142fc6f2fff,2026-09-23T19:20:09.155368+00:00
2024-09-14T15:00:00+00:00,2024,GRIDSAT-B1.2024.09.14.15.v02r01.nc,data/interim/gridsat/2024/gridsat_2024.09.14.15.npz,536813,8b699ad90cf929acf10e370fe0d44fd1a873303578e4e94c3f8c085028814882,2026-09-23T19:20:09.608353+00:00,data/interim/gridsat/2024/gridsat_2024.09.14.15.nc,777654,4c560d72b6239b581cf5e77ce11c3ce71b4a1683d7db0c8c6016a8b60d287dd1,2026-09-23T19:20:09.483986+00:00
2024-09-14T18:00:00+00:00,2024,GRIDSAT-B1.2024.09.14.18.v02r01.nc,data/interim/gridsat/2024/gridsat_2024.09.14.18.npz,532081,e12a236c2614c7bb618945f0dd0f064327ad643142e53546ace7e98952b42b5f,2026-09-23T19:20:10.417189+00:00,data/interim/gridsat/2024/gridsat_2024.09.14.18.nc,771998,f33dc76c9c34023ccd30dc242dddcbfe6cf76106050c20e1920f7f11532c03f4,2026-09-23T19:20:10.317586+00:00
2024-09-14T21:00:00+00:00,2024,GRIDSAT-B1.2024.09.14.21.v02r01.nc,data/interim/gridsat/2024/gridsat_2024.09.14.21.npz,540224,1f4ee812b0c43aee76ed154d625b4a16fba0e596c063f900242969b06160ca0e,2026-09-23T19:20:12.831351+00:00,data/interim/gridsat/2024/gridsat_2024.09.14.21.nc,786217,27d4ea38b312f35bd1d5bae079898f592533c5357baa2fdb593537e251d228ba,2026-09-23T19:20:12.746663+00:00
2024-09-15T00:00:00+00:00,2024,GRIDSAT-B1.2024.09.15.00.v02r01.nc,data/interim/gridsat/2024/gridsat_2024.09.15.00.npz,536372,909d19caecd222b7ca934fb3086f1ee619c39a67c20d5e0ec15ce5233437e493,2026-09-23T19:20:12.600582+00:00,data/interim/gridsat/2024/gridsat_2024.09.15.00.nc,784748,723e439ddf5d613cfe946bedb2666b6190139cd5986ea71dfdfcac718661a42a,2026-09-23T19:20:12.514420+00:00
2024-09-15T03:00:00+00:00,2024,GRIDSAT-B1.2024.09.15.03.v02r01.nc,data/interim/gridsat/2024/gridsat_2024.09.15.03.npz,537216,729c608af427f44086392a939e8f818c930c2979a379da9b2d41fc064a0e256f,2026-09-23T19:20:15.468387+00:00,data/interim/gridsat/2024/gridsat_2024.09.15.03.nc,780384,f114076851e9c9eabe72f0b54f61db2b5126023972d9329922bdbba8b6488d73,2026-09-23T19:20:15.375426+00:00
2024-09-15T06:00:00+00:00,2024,GRIDSAT-B1.2024.09.15.06.v02r01.nc,data/interim/gridsat/2024/gridsat_2024.09.15.06.npz,565954,1f54b83878852ba7e383d28b90c9d2901597ab536b3d4dc36a41da4751551243,2026-09-23T19:20:17.070125+00:00,data/interim/gridsat/2024/gridsat_2024.09.15.06.nc,810508,9ba0f8265d596bb6e873974b14d270800490be92e1ac6f7a65d33cbcf8e46562,2026-09-23T19:20:16.986937+00:00
2024-09-15T09:00:00+00:00,2024,GRIDSAT-B1.2024.09.15.09.v02r01.nc,data/interim/gridsat/2024/gridsat_2024.09.15.09.npz,590613,a6a02be30dce31b5c1288dfd27a1c1330e0faf75d3b41ac4c5676079cc48fb85,2026-09-23T19:20:22.632831+00:00,data/interim/gridsat/2024/gridsat_2024.09.15.09.nc,838110,1397d64aa462d39f2cb02681573ad67d24268a00ded51201a369d17d9d36d25f,2026-09-23T19:20:22.549004+00:00
2024-09-15T12:00:00+00:00,2024,GRIDSAT-B1.2024.09.15.12.v02r01.nc,data/interim/gridsat/2024/gridsat_2024.09.15.12.npz,579510,da428761d645f578288296ea9def51ffadb47b55a0c98f12070424129ed8fbaa,2026-09-23T19:20:17.619391+00:00,data/interim/gridsat/2024/gridsat_2024.09.15.12.nc,828350,8989fc2882e9e308e99cb0341c1e803bd0a0eb6350df376453694ef58b8ea584,2026-09-23T19:20:17.533636+00:00
2024-09-15T15:00:00+00:00,2024,GRIDSAT-B1.2024.09.15.15.v02r01.nc,data/interim/gridsat/2024/gridsat_2024.09.15.15.npz,552105,a11a8d687c030e91c8a276e558feb59bd5b427527f3fe45f37bd9cbe369aee78,2026-09-23T19:20:18.948677+00:00,data/interim/gridsat/2024/gridsat_2024.09.15.15.nc,795193,e6f3304fb0fdfe1b0c9695852621c6e1d8e76006613fae06b5741435c048e6ae,2026-09-23T19:20:18.862642+00:00
2024-09-15T18:00:00+00:00,2024,GRIDSAT-B1.2024.09.15.18.v02r01.nc,data/interim/gridsat/2024/gridsat_2024.09.15.18.npz,546263,e22a14690a36076fbe2bccd7e09a84d63b4f5055bbca40ab4241723ca524ac45,2026-09-23T19:20:19.736600+00:00,data/interim/gridsat/2024/gridsat_2024.09.15.18.nc,788115,8ff972f81febcbc28711670be97949a2993d797ebeb8412167c454d7f5c76179,2026-09-23T19:20:19.650690+00:00
2024-10-12T21:00:00+00:00,2024,GRIDSAT-B1.2024.10.12.21.v02r01.nc,data/interim/gridsat/2024/gridsat_2024.10.12.21.npz,564556,49845bcc5f0bb2b19b385e05870a7bab9521ea320a1fdb2df86c20032615b1d0,2026-09-23T19:20:24.510772+00:00,data/interim/gridsat/2024/gridsat_2024.10.12.21.nc,820832,00359b6c59a92caaf5ddafed0d8e2334f986937c7bfcba2b873749482fd66156,2026-09-23T19:20:24.425226+00:00
2024-10-13T00:00:00+00:00,2024,GRIDSAT-B1.2024.10.13.00.v02r01.nc,data/interim/gridsat/2024/gridsat_2024.10.13.00.npz,563816,984e03ab38d94af97aa49306e261af35b54c3ae746bf3f8c4ddb284f9b7d7b45,2026-09-23T19:20:26.533592+00:00,data/interim/gridsat/2024/gridsat_2024.10.13.00.nc,816398,525db2ee9e4d73e60f22dfdf93b620c72d1901f5d71c6a4060c05d745d9671ab,2026-09-23T19:20:26.437867+00:00
2024-10-13T03:00:00+00:00,2024,GRIDSAT-B1.2024.10.13.03.v02r01.nc,data/interim/gridsat/2024/gridsat_2024.10.13.03.npz,565142,d1386b2ad4513f91c4da5d07730d0bbec565ba064e4c6384cf5782e2aa901c9e,2026-09-23T19:20:23.938764+00:00,data/interim/gridsat/2024/gridsat_2024.10.13.03.nc,809392,57431c7f0520d4fe5e0f5f9401c58844753e2865b56d1bba4378c2a52582d0aa,2026-09-23T19:20:23.855273+00:00
2024-10-13T06:00:00+00:00,2024,GRIDSAT-B1.2024.10.13.06.v02r01.nc,data/interim/gridsat/2024/gridsat_2024.10.13.06.npz,590031,aad9f2ff8287bf5e31ca67a0c15667244bee4d01ab66e4d85710eec991c6fb91,2026-09-23T19:20:27.565134+00:00,data/interim/gridsat/2024/gridsat_2024.10.13.06.nc,829227,fe1fc0da17b97fce5e73a3298ae8df1dbe2b27bd5c219c072609850c1f5ccffd,2026-09-23T19:20:27.479644+00:00
2024-10-13T09:00:00+00:00,2024,GRIDSAT-B1.2024.10.13.09.v02r01.nc,data/interim/gridsat/2024/gridsat_2024.10.13.09.npz,609943,9e5c03db9c6da381596ad71a9889a70180785f6388f7ac2e7f54b4840cba23db,2026-09-23T19:20:30.952224+00:00,data/interim/gridsat/2024/gridsat_2024.10.13.09.nc,856805,2949e2f8dd4a572ef60f23a0c70513d71c764c86c062f94b5513c2b6256f9601,2026-09-23T19:20:30.868362+00:00
2024-10-13T12:00:00+00:00,2024,GRIDSAT-B1.2024.10.13.12.v02r01.nc,data/interim/gridsat/2024/gridsat_2024.10.13.12.npz,590017,62ade1866b9c59d2404750b098127a7462d82f6387a75a04c432243aebf73458,2026-09-23T19:20:27.625381+00:00,data/interim/gridsat/2024/gridsat_2024.10.13.12.nc,840371,b8c119e09960cf909e0f0eb63f2b48e692e246aa370fa4dac919d46bdd0505c9,2026-09-23T19:20:27.539558+00:00
2024-10-21T09:00:00+00:00,2024,GRIDSAT-B1.2024.10.21.09.v02r01.nc,data/interim/gridsat/2024/gridsat_2024.10.21.09.npz,551365,48700d0fef5ee4d4962e6869894c505f9da51e77a63aab73da35073515f2d3e3,2026-09-23T19:20:34.799227+00:00,data/interim/gridsat/2024/gridsat_2024.10.21.09.nc,785029,f7b788271bc905e535a00dd6636ab78294237af8518049e8d753e75c9f0a2cc6,2026-09-23T19:20:34.712750+00:00
2024-10-21T12:00:00+00:00,2024,GRIDSAT-B1.2024.10.21.12.v02r01.nc,data/interim/gridsat/2024/gridsat_2024.10.21.12.npz,526810,7085ca06a2e5e098f7c95c4160cf5664f105cfefd9a5f959b1a4539d089c849d,2026-09-23T19:20:33.110251+00:00,data/interim/gridsat/2024/gridsat_2024.10.21.12.nc,756885,81ee79db25f02b0c8e44dcac5758e79663b711572c95089ba219dc70b76c4f74,2026-09-23T19:20:33.029868+00:00
2024-10-21T15:00:00+00:00,2024,GRIDSAT-B1.2024.10.21.15.v02r01.nc,data/interim/gridsat/2024/gridsat_2024.10.21.15.npz,499722,6e972d2b8602d4170a213fa91025fb04b8935330ff7653cef35b7a6854330f26,2026-09-23T19:20:31.350315+00:00,data/interim/gridsat/2024/gridsat_2024.10.21.15.nc,725934,3b028fd4e489a4379233c05c27b0846a762513cce6a967fb9e75bf17f0a66ad1,2026-09-23T19:20:31.273492+00:00
2024-10-21T18:00:00+00:00,2024,GRIDSAT-B1.2024.10.21.18.v02r01.nc,data/interim/gridsat/2024/gridsat_2024.10.21.18.npz,500506,2d33c11353932a446c33b181eb6c29ff2739d5121e9637dfdbd51e3492694635,2026-09-23T19:20:39.597304+00:00,data/interim/gridsat/2024/gridsat_2024.10.21.18.nc,729131,516c2a77389f11884d67392b171f8045e516034840dc0617d30703d840df7b6d,2026-09-23T19:20:39.511493+00:00
2024-10-21T21:00:00+00:00,2024,GRIDSAT-B1.2024.10.21.21.v02r01.nc,data/interim/gridsat/2024/gridsat_2024.10.21.21.npz,509171,d458696430ea0959e9e928fd1604b6d7c93f6df947a581135371e85c995839f0,2026-09-23T19:20:38.043020+00:00,data/interim/gridsat/2024/gridsat_2024.10.21.21.nc,746709,f014fff23c2f907c14ce665a7762126a05af89508011fae11284593fa76e3f73,2026-09-23T19:20:37.958137+00:00
2024-10-22T00:00:00+00:00,2024,GRIDSAT-B1.2024.10.22.00.v02r01.nc,data/interim/gridsat/2024/gridsat_2024.10.22.00.npz,506023,a37ab90ced494f0091379ac07b7a33e7f75614e79555377c7f7af2d2d4e9ca4a,2026-09-23T19:20:37.191867+00:00,data/interim/gridsat/2024/gridsat_2024.10.22.00.nc,744757,2189a1023bb6825c2f35f10df121a83b2997961a4128ca94d32a738ce640f3e9,2026-09-23T19:20:37.076501+00:00
2024-10-22T03:00:00+00:00,2024,GRIDSAT-B1.2024.10.22.03.v02r01.nc,data/interim/gridsat/2024/gridsat_2024.10.22.03.npz,495715,77ce86619c4fe250c994c07fc5515e4fb38c6764c718148763886f600cb751c6,2026-09-23T19:20:37.987769+00:00,data/interim/gridsat/2024/gridsat_2024.10.22.03.nc,722882,7e0da8e0d82bd43495536bcdb503379f3e348a4687e8cb31861efe82626ef902,2026-09-23T19:20:37.907324+00:00
2024-10-22T06:00:00+00:00,2024,GRIDSAT-B1.2024.10.22.06.v02r01.nc,data/interim/gridsat/2024/gridsat_2024.10.22.06.npz,521705,3b8b6c5995797e08aef543a4acc0ece7a94009711e7f6409b67d9a6b3de0ecf4,2026-09-23T19:20:46.165064+00:00,data/interim/gridsat/2024/gridsat_2024.10.22.06.nc,746461,f13637fd8ae3bf2bbbcae60f6a9a11398b7947f2cdb7ccf97ddd800337630981,2026-09-23T19:20:46.072107+00:00
2024-10-22T09:00:00+00:00,2024,GRIDSAT-B1.2024.10.22.09.v02r01.nc,data/interim/gridsat/2024/gridsat_2024.10.22.09.npz,547985,812453c4c71dfe06b1af0f84ce5d72a3cb4a7cc3c8a8a7acf6aa8caf29ef31ad,2026-09-23T19:20:40.535133+00:00,data/interim/gridsat/2024/gridsat_2024.10.22.09.nc,780253,ad3b754b3137a552ae26c4ce246f422eb5269459dc7616428169839ee68f2c1e,2026-09-23T19:20:40.430167+00:00
2024-10-22T12:00:00+00:00,2024,GRIDSAT-B1.2024.10.22.12.v02r01.nc,data/interim/gridsat/2024/gridsat_2024.10.22.12.npz,526861,e6e8e405854501e99d8117136c732d5422daa39629badeb095fc95bdab85270f,2026-09-23T19:20:51.872897+00:00,data/interim/gridsat/2024/gridsat_2024.10.22.12.nc,760361,a720515b1e0f63c78302a7d9e1cee7f874f9d83e66f11d270de9c87cba0a5e26,2026-09-23T19:20:51.792127+00:00
2024-10-22T15:00:00+00:00,2024,GRIDSAT-B1.2024.10.22.15.v02r01.nc,data/interim/gridsat/2024/gridsat_2024.10.22.15.npz,508627,34b27712e1a261967e78e501ea575577b99f5a39b6384d72ce9b24bde0d29eb2,2026-09-23T19:20:43.410832+00:00,data/interim/gridsat/2024/gridsat_2024.10.22.15.nc,735450,1f4d56faae7e945eeef13397a3bde2563dee69d3a9507225668299a1d622dab0,2026-09-23T19:20:43.321763+00:00
2024-10-22T18:00:00+00:00,2024,GRIDSAT-B1.2024.10.22.18.v02r01.nc,data/interim/gridsat/2024/gridsat_2024.10.22.18.npz,504004,e98237cc70a5b6052856a471a5a9b55085919841f2d763f9640b8866b83dd235,2026-09-23T19:20:46.750470+00:00,data/interim/gridsat/2024/gridsat_2024.10.22.18.nc,731174,eb37e0b13f495e213a75f14f2da245bb0cb2d4987ba55ca8035eddff60d53641,2026-09-23T19:20:46.671493+00:00
2024-11-24T15:00:00+00:00,2024,GRIDSAT-B1.2024.11.24.15.v02r01.nc,data/interim/gridsat/2024/gridsat_2024.11.24.15.npz,540703,c9a55514990b8e1cf0f5f476c8c02ad6d790ee6d0142fa14d19a87d3ecc327d8,2026-09-23T19:20:46.807069+00:00,data/interim/gridsat/2024/gridsat_2024.11.24.15.nc,779177,3ee49665746b4478c48b82bcb957e4b849ff6a98ba552b00571061919c75bf6f,2026-09-23T19:20:46.727388+00:00
2024-11-24T18:00:00+00:00,2024,GRIDSAT-B1.2024.11.24.18.v02r01.nc,data/interim/gridsat/2024/gridsat_2024.11.24.18.npz,538090,178d56e98a666ee9b3e9c2a2c08016c5f36b80e5dbda46370b9715a8d725857c,2026-09-23T19:20:45.975062+00:00,data/interim/gridsat/2024/gridsat_2024.11.24.18.nc,778154,04e0d633b1c2acfe3f65865775055b9f411a233e2494e1d66431fa69610c7e84,2026-09-23T19:20:45.895967+00:00
2024-11-24T21:00:00+00:00,2024,GRIDSAT-B1.2024.11.24.21.v02r01.nc,data/interim/gridsat/2024/gridsat_2024.11.24.21.npz,537383,2a2deb6465571efbab80f43e52ae334c386e909885c4333c079e722f354c3acb,2026-09-23T19:20:48.472706+00:00,data/interim/gridsat/2024/gridsat_2024.11.24.21.nc,781016,771d19c16dc970911bd95b08c1235e2d1e8694b64a14a159f25e7fca514fd56b,2026-09-23T19:20:48.388145+00:00
2024-11-25T00:00:00+00:00,2024,GRIDSAT-B1.2024.11.25.00.v02r01.nc,data/interim/gridsat/2024/gridsat_2024.11.25.00.npz,536970,3bbca52eaa0f96cb49f124aacd4445318fb017ac66cb80feecfc2f2116f2834c,2026-09-23T19:20:52.045971+00:00,data/interim/gridsat/2024/gridsat_2024.11.25.00.nc,779964,f1446819e296eb1345bf411119f4c736600cff245dd1c67b8a676128ced12328,2026-09-23T19:20:51.958215+00:00
2024-11-25T03:00:00+00:00,2024,GRIDSAT-B1.2024.11.25.03.v02r01.nc,data/interim/gridsat/2024/gridsat_2024.11.25.03.npz,539358,91a16fc4615be66f54a2dfc7d728729f4771de40bfdd114ae87728cb3867dafe,2026-09-23T19:20:53.354134+00:00,data/interim/gridsat/2024/gridsat_2024.11.25.03.nc,778339,3063cf67dce0eda896ff6fecf69bfbd2251c3867d294fecff30582e788d41760,2026-09-23T19:20:53.277702+00:00
2024-11-25T06:00:00+00:00,2024,GRIDSAT-B1.2024.11.25.06.v02r01.nc,data/interim/gridsat/2024/gridsat_2024.11.25.06.npz,564163,48f7a7545c287453821e16fd46f0fe558bf4c46bdf30dc61224922221c48d6ab,2026-09-23T19:20:55.116075+00:00,data/interim/gridsat/2024/gridsat_2024.11.25.06.nc,787748,e7a4342f9b5da03497964541342002607fc5aa5b4b0508aa90353050cc681a8b,2026-09-23T19:20:55.032803+00:00
2024-11-25T09:00:00+00:00,2024,GRIDSAT-B1.2024.11.25.09.v02r01.nc,data/interim/gridsat/2024/gridsat_2024.11.25.09.npz,578764,7f0b92280316a04eec7cf2b14dc93db2c9ab9baa27cb1e6b8184e78908b51792,2026-09-23T19:20:54.944324+00:00,data/interim/gridsat/2024/gridsat_2024.11.25.09.nc,810613,14f275c4d090330eebc42afa12b9045561bc4577e282803b443c1a6db13df02b,2026-09-23T19:20:54.854153+00:00
2024-11-25T12:00:00+00:00,2024,GRIDSAT-B1.2024.11.25.12.v02r01.nc,data/interim/gridsat/2024/gridsat_2024.11.25.12.npz,548898,9411a4de72054b8e28a2b9f2ccb5406bf5c79a7a7305eb45e4369ab9b6344ac5,2026-09-23T19:21:00.416447+00:00,data/interim/gridsat/2024/gridsat_2024.11.25.12.nc,787966,d71d17631a71200fb37d178c73f55397434616929b816baa5f74c81b39033549,2026-09-23T19:21:00.322572+00:00
2024-11-25T15:00:00+00:00,2024,GRIDSAT-B1.2024.11.25.15.v02r01.nc,data/interim/gridsat/2024/gridsat_2024.11.25.15.npz,536975,42e5bed272d62fdee6beb59dd562712fd0f572f136d33a20d5d41bf615cf03a1,2026-09-23T19:21:01.354205+00:00,data/interim/gridsat/2024/gridsat_2024.11.25.15.nc,775208,10bdb2c87202189a617dd38a222800ff81634a89fd2b017ba2d707bdd0a5baea,2026-09-23T19:21:01.272661+00:00
2024-11-25T18:00:00+00:00,2024,GRIDSAT-B1.2024.11.25.18.v02r01.nc,data/interim/gridsat/2024/gridsat_2024.11.25.18.npz,541138,46c93df2d8b6d706af92b1345c7fe359429f87e77452435acacf2e5c04e0fc4c,2026-09-23T19:21:01.869183+00:00,data/interim/gridsat/2024/gridsat_2024.11.25.18.nc,783585,d8358caf00f00accec1297a2f41cddea17c4032804bb78bb15329845872a72a9,2026-09-23T19:21:01.788726+00:00
2024-11-25T21:00:00+00:00,2024,GRIDSAT-B1.2024.11.25.21.v02r01.nc,data/interim/gridsat/2024/gridsat_2024.11.25.21.npz,546413,f1079cc7541bedc77c709bcf50356f4c73d551649556fd3dc2f50cab0981f824,2026-09-23T19:20:58.735917+00:00,data/interim/gridsat/2024/gridsat_2024.11.25.21.nc,792472,beb456e1c500867b8ae76389a8088e22daf2a3c554bb3c3b3bc0fb04c436100d,2026-09-23T19:20:58.638717+00:00
2024-11-26T00:00:00+00:00,2024,GRIDSAT-B1.2024.11.26.00.v02r01.nc,data/interim/gridsat/2024/gridsat_2024.11.26.00.npz,547165,c8442a90d72b9dadcd606d8980d477cd811cb3e2eeef802df02c6640008b353d,2026-09-23T19:21:03.505944+00:00,data/interim/gridsat/2024/gridsat_2024.11.26.00.nc,792775,ff0b20c29cd09c2f2ec4152a52213da8bcc046385a5975bfac2b614a105d4746,2026-09-23T19:21:03.416289+00:00
2024-11-26T03:00:00+00:00,2024,GRIDSAT-B1.2024.11.26.03.v02r01.nc,data/interim/gridsat/2024/gridsat_2024.11.26.03.npz,541853,00080aa456d036251693809daab15ae2a568f6480e294a98ff9b40ddcbf3c53b,2026-09-23T19:21:06.825069+00:00,data/interim/gridsat/2024/gridsat_2024.11.26.03.nc,780430,0391151a6002a126897d08cda07b6b3a9867ba2f146aa83e0e418ef2377b7847,2026-09-23T19:21:06.729949+00:00
2024-11-26T06:00:00+00:00,2024,GRIDSAT-B1.2024.11.26.06.v02r01.nc,data/interim/gridsat/2024/gridsat_2024.11.26.06.npz,560391,70b67f361195c70c7832f480fcf00074b3c4dd37bde29cbfaa03cc7c6ae6d991,2026-09-23T19:21:05.244040+00:00,data/interim/gridsat/2024/gridsat_2024.11.26.06.nc,790059,dfbffaa76601a2bded86224239c023001929b27ddfff6f0bcfe689cccd8fea8a,2026-09-23T19:21:05.149964+00:00
2024-11-26T09:00:00+00:00,2024,GRIDSAT-B1.2024.11.26.09.v02r01.nc,data/interim/gridsat/2024/gridsat_2024.11.26.09.npz,568148,c80a9869460b36a81be2c5942766746d42ced70a63f24f7cd5068ddac068d72a,2026-09-23T19:21:07.911028+00:00,data/interim/gridsat/2024/gridsat_2024.11.26.09.nc,802653,0e68b76877943067785979533bddfede8c087ef990376f615e1824a539ef8e68,2026-09-23T19:21:07.826443+00:00
2024-11-26T12:00:00+00:00,2024,GRIDSAT-B1.2024.11.26.12.v02r01.nc,data/interim/gridsat/2024/gridsat_2024.11.26.12.npz,539772,88b3d5b4e459897e0bc57d34acbce978084338935263cf571fb7879ff6f15685,2026-09-23T19:21:05.960117+00:00,data/interim/gridsat/2024/gridsat_2024.11.26.12.nc,774933,2bc98da6ff039daa4c0d93f01122225e2efca64189a1e41951cbf51e1724909b,2026-09-23T19:21:05.874769+00:00
2024-11-26T15:00:00+00:00,2024,GRIDSAT-B1.2024.11.26.15.v02r01.nc,data/interim/gridsat/2024/gridsat_2024.11.26.15.npz,530748,6c7522997a8031c412b92a53d9d6bbc1dd0449967e3ba46b2e2fdcd4a590a262,2026-09-23T19:21:10.042549+00:00,data/interim/gridsat/2024/gridsat_2024.11.26.15.nc,761805,073fdd9dd7f38aaa19ad92ffeab789abade69a3da7ed65fb4e1e86d38ca6d393,2026-09-23T19:21:09.961652+00:00
2024-11-26T18:00:00+00:00,2024,GRIDSAT-B1.2024.11.26.18.v02r01.nc,data/interim/gridsat/2024/gridsat_2024.11.26.18.npz,535072,a897630f92975f3d34ae61483eb5411c1cef1342bf2e50d33be8905d02abfa8d,2026-09-23T19:21:08.319283+00:00,data/interim/gridsat/2024/gridsat_2024.11.26.18.nc,771942,1a79e8b410193a43f4e423f4c8e7576aeb730550785924107d2858f3f4a23dbb,2026-09-23T19:21:08.211740+00:00
2024-11-26T21:00:00+00:00,2024,GRIDSAT-B1.2024.11.26.21.v02r01.nc,data/interim/gridsat/2024/gridsat_2024.11.26.21.npz,544740,e4c0c8c4a5b0bf3fdf5a42609930de748f71440bb3ec3d989956240d8b8d3f1f,2026-09-23T19:21:12.985047+00:00,data/interim/gridsat/2024/gridsat_2024.11.26.21.nc,786661,0a3eae2556aa2ddbd00da0be43c5673366681586292153a40d2a21dfbaf8ea64,2026-09-23T19:21:12.895622+00:00
2024-11-27T00:00:00+00:00,2024,GRIDSAT-B1.2024.11.27.00.v02r01.nc,data/interim/gridsat/2024/gridsat_2024.11.27.00.npz,547724,5ad47bd20c86e82775ae6858f3798f7473f6411a06e868f172c82e2d820be68f,2026-09-23T19:21:11.701066+00:00,data/interim/gridsat/2024/gridsat_2024.11.27.00.nc,792701,bfc03eb67304470faa601fb0e10b261c2a5819bcc2282b7107314f8077ebd9ac,2026-09-23T19:21:11.603923+00:00
2024-11-27T03:00:00+00:00,2024,GRIDSAT-B1.2024.11.27.03.v02r01.nc,data/interim/gridsat/2024/gridsat_2024.11.27.03.npz,548379,93ae5bb14c33e71995bdad85e546e6d868f277ffe91863d60e7eb15ed4e33ddf,2026-09-23T19:21:16.842183+00:00,data/interim/gridsat/2024/gridsat_2024.11.27.03.nc,789887,55868ca136a7e24ceb0b589ca2f90e47477039a3650358ef4aa432f10415374d,2026-09-23T19:21:16.756560+00:00
2024-11-27T06:00:00+00:00,2024,GRIDSAT-B1.2024.11.27.06.v02r01.nc,data/interim/gridsat/2024/gridsat_2024.11.27.06.npz,570653,0f47156a7859eb60edd94882fca50e73724c989e05a6bac71a5501b3d8fd0cb0,2026-09-23T19:21:13.152407+00:00,data/interim/gridsat/2024/gridsat_2024.11.27.06.nc,808737,d260278eb7e5e0f644a5ce796c89bfc13e36d038595b26fd6f7d2f2d0c4a06f6,2026-09-23T19:21:13.073501+00:00
2024-11-27T09:00:00+00:00,2024,GRIDSAT-B1.2024.11.27.09.v02r01.nc,data/interim/gridsat/2024/gridsat_2024.11.27.09.npz,581360,0547e45a3c0593acff3aff7192921db3712f02b8bb976c055707404dc91f788a,2026-09-23T19:21:14.092400+00:00,data/interim/gridsat/2024/gridsat_2024.11.27.09.nc,822501,c6cc327046c55126aa444f37645fb9e519782b7994b53d2da2410bb48f4c1764,2026-09-23T19:21:14.009890+00:00
2024-11-27T12:00:00+00:00,2024,GRIDSAT-B1.2024.11.27.12.v02r01.nc,data/interim/gridsat/2024/gridsat_2024.11.27.12.npz,551862,171bbb1124236314299f40e615102be7ac91432e922cc9be9c581b94bad527bb,2026-09-23T19:21:15.395430+00:00,data/interim/gridsat/2024/gridsat_2024.11.27.12.nc,792018,4ba95450f1b5b6eb30c7029e630ae93ec6fb63f4072dcf717448fb74072023b8,2026-09-23T19:21:15.309531+00:00
2024-11-27T15:00:00+00:00,2024,GRIDSAT-B1.2024.11.27.15.v02r01.nc,data/interim/gridsat/2024/gridsat_2024.11.27.15.npz,539804,e6b43b0ec565f995d127f7d45061f801db4b83b84f53ff89ec90ba9ca44930c6,2026-09-23T19:21:23.023568+00:00,data/interim/gridsat/2024/gridsat_2024.11.27.15.nc,775340,4b94414a8eb6b922c9694238d7c21b3505fa840711a93752ca9e184b2a5ffa4a,2026-09-23T19:21:22.937091+00:00
2024-11-27T18:00:00+00:00,2024,GRIDSAT-B1.2024.11.27.18.v02r01.nc,data/interim/gridsat/2024/gridsat_2024.11.27.18.npz,543827,849684b7774aac179e1db0ba3f01bb666829f3946b9f4644c8aa2b04e2ca30a0,2026-09-23T19:21:19.617104+00:00,data/interim/gridsat/2024/gridsat_2024.11.27.18.nc,785085,f83c57cbd38f41ff914f61d2126bc3927ba9d3253fefe555728dcf5ab0e0e1ea,2026-09-23T19:21:19.530707+00:00
2024-11-27T21:00:00+00:00,2024,GRIDSAT-B1.2024.11.27.21.v02r01.nc,data/interim/gridsat/2024/gridsat_2024.11.27.21.npz,548677,0f61f2ca5e3c26381e5eb87e7242775772527b0da074dd63b3019acca42cc658,2026-09-23T19:21:21.872987+00:00,data/interim/gridsat/2024/gridsat_2024.11.27.21.nc,793255,a4fa066966cb8a2c714eee473295f2283586d5cd3d4c0f665bef69876c3c8029,2026-09-23T19:21:21.785371+00:00
2024-11-28T00:00:00+00:00,2024,GRIDSAT-B1.2024.11.28.00.v02r01.nc,data/interim/gridsat/2024/gridsat_2024.11.28.00.npz,544345,01f8c51ff7119aaa8164def0be818c31fbaecab01b11ad31b1ea2c103a75173e,2026-09-23T19:21:23.204213+00:00,data/interim/gridsat/2024/gridsat_2024.11.28.00.nc,793820,88371b2304b9072d07a0704e8238d24e18352cf1326659bc86ca14ab48eff947,2026-09-23T19:21:23.117767+00:00
2024-11-28T03:00:00+00:00,2024,GRIDSAT-B1.2024.11.28.03.v02r01.nc,data/interim/gridsat/2024/gridsat_2024.11.28.03.npz,544811,a64d8ef3f77a85eceda6bac8addb298e1100c96182bd92ca012104102de09572,2026-09-23T19:21:25.947059+00:00,data/interim/gridsat/2024/gridsat_2024.11.28.03.nc,791199,1de75053bb3e13e7c07dc7081af332eae2e6ce6cab3cd4d873ade43c4599f580,2026-09-23T19:21:25.853613+00:00
2024-11-28T06:00:00+00:00,2024,GRIDSAT-B1.2024.11.28.06.v02r01.nc,data/interim/gridsat/2024/gridsat_2024.11.28.06.npz,572447,2b25a64a88332bc5acec9c7c3ee9589a6593b807dede3f0e37d5fc4c19fb9b86,2026-09-23T19:21:22.106986+00:00,data/interim/gridsat/2024/gridsat_2024.11.28.06.nc,812082,c8770c6b4fb27259c718a02fff150feb608714abc4514b99b378d21c74ae2a28,2026-09-23T19:21:22.024860+00:00
2024-11-28T09:00:00+00:00,2024,GRIDSAT-B1.2024.11.28.09.v02r01.nc,data/interim/gridsat/2024/gridsat_2024.11.28.09.npz,588908,c924e44239ca15b56aa690d88761bfce97dc9ef4ae2941de64231b89dc0dd0d8,2026-09-23T19:21:26.578919+00:00,data/interim/gridsat/2024/gridsat_2024.11.28.09.nc,835001,9c375c71cfd6e83cd73dacf8aff7a6ef95203396aaed563e37777bb6fb7cfbf3,2026-09-23T19:21:26.492448+00:00
2024-11-28T12:00:00+00:00,2024,GRIDSAT-B1.2024.11.28.12.v02r01.nc,data/interim/gridsat/2024/gridsat_2024.11.28.12.npz,564702,f9606af088951458dfa553b1f0473acb7898b5e04db438badb5b8201ea87be11,2026-09-23T19:21:29.323104+00:00,data/interim/gridsat/2024/gridsat_2024.11.28.12.nc,813803,333d8611d677b94b8e68269db260b1e100cf7c08267540f81ea2e4085202ec40,2026-09-23T19:21:29.229995+00:00
2024-11-28T15:00:00+00:00,2024,GRIDSAT-B1.2024.11.28.15.v02r01.nc,data/interim/gridsat/2024/gridsat_2024.11.28.15.npz,550192,1dd072af249718251de858e1303d923d26d2f044404ec8f20093d5ab8e7c02f4,2026-09-23T19:21:29.025020+00:00,data/interim/gridsat/2024/gridsat_2024.11.28.15.nc,796944,4639aa064627503a0d4a660c820abcad8e1cced18cc3cde26e24980d70cab23f,2026-09-23T19:21:28.937009+00:00
2024-11-28T18:00:00+00:00,2024,GRIDSAT-B1.2024.11.28.18.v02r01.nc,data/interim/gridsat/2024/gridsat_2024.11.28.18.npz,550704,2b77beed767a5c01aefd57bbe9228ccf502ba68c0834be8f2a092a6bc8a89a7b,2026-09-23T19:21:32.110794+00:00,data/interim/gridsat/2024/gridsat_2024.11.28.18.nc,801382,433a2983a5f52a259ecbe8dd8c8b40404f8a49753cf099b43302c41d55f9e5b0,2026-09-23T19:21:32.028527+00:00
2024-11-28T21:00:00+00:00,2024,GRIDSAT-B1.2024.11.28.21.v02r01.nc,data/interim/gridsat/2024/gridsat_2024.11.28.21.npz,553313,964b9c14f492f4d766bf72d5a734622ecf65f04bf0faf1c54b705c7ebe76820a,2026-09-23T19:21:29.374456+00:00,data/interim/gridsat/2024/gridsat_2024.11.28.21.nc,809160,23e81f202035cf903ffee6d980959a3b6f45abe6858466ea4f14732c7cc10b5f,2026-09-23T19:21:29.291041+00:00
2024-11-29T00:00:00+00:00,2024,GRIDSAT-B1.2024.11.29.00.v02r01.nc,data/interim/gridsat/2024/gridsat_2024.11.29.00.npz,548481,1652596b2cd5eaec79f55ae7ab93c693e93db505509916e62884662e8ccf37df,2026-09-23T19:21:35.073174+00:00,data/interim/gridsat/2024/gridsat_2024.11.29.00.nc,802774,e6cc7dd4e81d9cae26b5d6c833cc3d1e69655c86f7a21c3f3f038efae0747827,2026-09-23T19:21:34.978655+00:00
2024-11-29T03:00:00+00:00,2024,GRIDSAT-B1.2024.11.29.03.v02r01.nc,data/interim/gridsat/2024/gridsat_2024.11.29.03.npz,536335,fe455e867dac6b481c6ff5be3d2cc17350863685a2ed643fe30133fa65916cd9,2026-09-23T19:21:48.434511+00:00,data/interim/gridsat/2024/gridsat_2024.11.29.03.nc,785566,25e9d093331d2ad53eea7960bbf26f0321d60048208b49ed486388d5bebc25f9,2026-09-23T19:21:48.343903+00:00
2024-11-29T06:00:00+00:00,2024,GRIDSAT-B1.2024.11.29.06.v02r01.nc,data/interim/gridsat/2024/gridsat_2024.11.29.06.npz,559630,e5e3b6ac76f8327644f25ff7f5d40d40f752b0aac66d64a2c85b9ccdbbe47a5a,2026-09-23T19:21:36.184065+00:00,data/interim/gridsat/2024/gridsat_2024.11.29.06.nc,800500,5b2154fbaf14047342e6e0e2d508ceeaa68e5fa9902c3d9cda662a31862cec04,2026-09-23T19:21:36.096544+00:00
2024-11-29T09:00:00+00:00,2024,GRIDSAT-B1.2024.11.29.09.v02r01.nc,data/interim/gridsat/2024/gridsat_2024.11.29.09.npz,573335,cec6a26ce680f48277a2a08e804ba7fbc5afd8a3f51f43807d87b5a81b79c0d7,2026-09-23T19:21:35.775009+00:00,data/interim/gridsat/2024/gridsat_2024.11.29.09.nc,819152,7be6c8199a9db00ae2fe49100b548696e5f21a2cf67d766a790b091be9684908,2026-09-23T19:21:35.686131+00:00
2024-11-29T12:00:00+00:00,2024,GRIDSAT-B1.2024.11.29.12.v02r01.nc,data/interim/gridsat/2024/gridsat_2024.11.29.12.npz,540367,53ffbe9aef3bcb7e64dca970d781b4ade4ab1e827445e616f82721dad228d939,2026-09-23T19:21:34.152555+00:00,data/interim/gridsat/2024/gridsat_2024.11.29.12.nc,789363,3cda905191e5692039c24cdcd937674abf87786e517c6725c9cccf69a7283d63,2026-09-23T19:21:34.068094+00:00
2024-11-29T15:00:00+00:00,2024,GRIDSAT-B1.2024.11.29.15.v02r01.nc,data/interim/gridsat/2024/gridsat_2024.11.29.15.npz,526532,e80f99a069fabd46d549403da1c164566eb4f4f531f8a7f969c72da6b6f7c995,2026-09-23T19:21:37.298050+00:00,data/interim/gridsat/2024/gridsat_2024.11.29.15.nc,773030,6da8d77a108c9fdd0e7265c2cd4ad12b5ba79540bd69372a29c5d09a996a60c8,2026-09-23T19:21:37.216648+00:00
2024-11-29T18:00:00+00:00,2024,GRIDSAT-B1.2024.11.29.18.v02r01.nc,data/interim/gridsat/2024/gridsat_2024.11.29.18.npz,531912,d6ee672e6d2a204631d35da0ca20fa9645eaf588e1b3d9a27f25ed00bad82213,2026-09-23T19:21:38.947364+00:00,data/interim/gridsat/2024/gridsat_2024.11.29.18.nc,778250,8169771e3b5015c0fa0611f9ed498f550f7c023999d70863c7647d201380d5e2,2026-09-23T19:21:38.863496+00:00
