storm_id,year,timestamp_utc,source_file,source_page,source_table,source_row,reason,raw_date,raw_time,latitude,longitude
NIO_1998_UNNAMED_10,1998,1998-05-18T00:00:00+00:00,27_01a386_35_872370_1998.pdf,10,OCR_PAGE_10,9.0,UNRESOLVED_DUPLICATE_TIMESTAMP_CONFLICT,18.5.98,0000,15.0,88.5
NIO_1998_UNNAMED_10,1998,1998-05-18T00:00:00+00:00,27_01a386_35_872370_1998.pdf,10,OCR_PAGE_10,20.0,UNRESOLVED_DUPLICATE_TIMESTAMP_CONFLICT,18.5.98,0000,21.5,91.5
NIO_1998_UNNAMED_16,1998,1998-06-05T06:00:00+00:00,27_01a386_35_872370_1998.pdf,16,OCR_PAGE_16,12.0,UNRESOLVED_DUPLICATE_TIMESTAMP_CONFLICT,5.6.98,0600,11.5,70.5
NIO_1998_UNNAMED_16,1998,1998-06-05T06:00:00+00:00,27_01a386_35_872370_1998.pdf,16,OCR_PAGE_16,18.0,UNRESOLVED_DUPLICATE_TIMESTAMP_CONFLICT,5.6.98,0600,12.5,69.0
NIO_1998_UNNAMED_16,1998,1998-06-05T18:00:00+00:00,27_01a386_35_872370_1998.pdf,16,OCR_PAGE_16,15.0,UNRESOLVED_DUPLICATE_TIMESTAMP_CONFLICT,5.6.98,1800,12.0,69.5
NIO_1998_UNNAMED_16,1998,1998-06-05T18:00:00+00:00,27_01a386_35_872370_1998.pdf,16,OCR_PAGE_16,20.0,UNRESOLVED_DUPLICATE_TIMESTAMP_CONFLICT,5.6.98,1800,13.5,68.5
NIO_1998_UNNAMED_16,1998,1998-06-07T15:00:00+00:00,27_01a386_35_872370_1998.pdf,16,OCR_PAGE_16,21.0,UNRESOLVED_DUPLICATE_TIMESTAMP_CONFLICT,7.6.98,15,7.6,14.0
NIO_1998_UNNAMED_16,1998,1998-06-07T15:00:00+00:00,27_01a386_35_872370_1998.pdf,16,OCR_PAGE_16,23.0,UNRESOLVED_DUPLICATE_TIMESTAMP_CONFLICT,7.6.98,15,15.0,68.0
NIO_1999_UNNAMED_40,1999,1999-02-03T12:00:00+00:00,27_510109_35_66a331_1999.pdf,40,OCR_PAGE_40,8.0,UNRESOLVED_DUPLICATE_TIMESTAMP_CONFLICT,3.2.99,12,21.0,88.5
NIO_1999_UNNAMED_40,1999,1999-02-03T12:00:00+00:00,27_510109_35_66a331_1999.pdf,40,OCR_PAGE_40,12.0,UNRESOLVED_DUPLICATE_TIMESTAMP_CONFLICT,3.2.99,12,22.5,86.0
NIO_2000_UNNAMED_49,2000,2000-12-27T03:00:00+00:00,27_5af63e_35_0c0afa_2000.pdf,49,OCR_PAGE_49,11.0,UNRESOLVED_DUPLICATE_TIMESTAMP_CONFLICT,27.12.2000,03,8.5,80.0
NIO_2000_UNNAMED_49,2000,2000-12-27T03:00:00+00:00,27_5af63e_35_0c0afa_2000.pdf,49,OCR_PAGE_49,21.0,UNRESOLVED_DUPLICATE_TIMESTAMP_CONFLICT,27.12.2000,03,8.5,77.5
NIO_2001_UNNAMED_34,2001,2001-09-26T15:00:00+00:00,27_fa9a04_35_168f8a_2001.pdf,34,OCR_PAGE_34,22.0,UNRESOLVED_DUPLICATE_TIMESTAMP_CONFLICT,26.9.2001,1500,,
NIO_2001_UNNAMED_34,2001,2001-09-26T15:00:00+00:00,27_fa9a04_35_168f8a_2001.pdf,34,OCR_PAGE_34,30.0,UNRESOLVED_DUPLICATE_TIMESTAMP_CONFLICT,26.9.2001,15,78.5,62.5
NIO_2001_UNNAMED_34,2001,2001-09-26T21:00:00+00:00,27_fa9a04_35_168f8a_2001.pdf,34,OCR_PAGE_34,24.0,UNRESOLVED_DUPLICATE_TIMESTAMP_CONFLICT,26.9.2001,2100,,
NIO_2001_UNNAMED_34,2001,2001-09-26T21:00:00+00:00,27_fa9a04_35_168f8a_2001.pdf,34,OCR_PAGE_34,17.0,UNRESOLVED_DUPLICATE_TIMESTAMP_CONFLICT,26.9.2001,2100,17.0,69.0
NIO_2004_UNNAMED_44,2004,2004-10-03T15:00:00+00:00,27_be26e0_35_2bd72b_2004.pdf,44,OCR_PAGE_44,21.0,UNRESOLVED_DUPLICATE_TIMESTAMP_CONFLICT,03-10-2004,1500,,
NIO_2004_UNNAMED_44,2004,2004-10-03T15:00:00+00:00,27_be26e0_35_2bd72b_2004.pdf,44,OCR_PAGE_44,17.0,UNRESOLVED_DUPLICATE_TIMESTAMP_CONFLICT,03-10-2004,15,13.5,85.0
NIO_2004_UNNAMED_44,2004,2004-10-03T15:00:00+00:00,27_be26e0_35_2bd72b_2004.pdf,44,OCR_PAGE_44,24.0,UNRESOLVED_DUPLICATE_TIMESTAMP_CONFLICT,03-10-2004,15,17.5,82.5
NIO_2022_UNNAMED_01,2022,2022-03-22T00:00:00+00:00,27_501da8_RSMC full report 2022 13 Jan.pdf,64,,11.0,UNRESOLVED_DUPLICATE_TIMESTAMP_CONFLICT,"22.03.
2022
23.03.
2022",0000,14.9,94.2
NIO_2022_UNNAMED_01,2022,2022-03-22T00:00:00+00:00,27_501da8_RSMC full report 2022 13 Jan.pdf,64,,19.0,UNRESOLVED_DUPLICATE_TIMESTAMP_CONFLICT,,0000,19.0,94.6
NIO_2003_01B,2003,2003-05-11T20:00:00+00:00,27_becfa7_35_7946c7_2003.pdf,17,Table 2.1.1,4.0,UNRESOLVED_DUPLICATE_TIMESTAMP_CONFLICT,2003-05-11,2000,15.0,55.0
NIO_2003_01B,2003,2003-05-11T20:00:00+00:00,27_becfa7_35_7946c7_2003.pdf,17,Table 2.1.1,5.0,UNRESOLVED_DUPLICATE_TIMESTAMP_CONFLICT,2003-05-11,2000,5.0,85.5
NIO_1998_UNNAMED_10,1998,,27_01a386_35_872370_1998.pdf,10,OCR_PAGE_10,15.0,MISSING_TIMESTAMP,18.5.98,,19.0,90.0
NIO_1998_UNNAMED_16,1998,,27_01a386_35_872370_1998.pdf,16,OCR_PAGE_16,26.0,MISSING_TIMESTAMP,7.6.98,,16.5,68.0
NIO_1998_UNNAMED_16,1998,,27_01a386_35_872370_1998.pdf,16,OCR_PAGE_16,27.0,MISSING_TIMESTAMP,8.6.98,,8.6,64.0
NIO_1998_UNNAMED_16,1998,,27_01a386_35_872370_1998.pdf,16,OCR_PAGE_16,29.0,MISSING_TIMESTAMP,18.5/68,,18.5,5.0
NIO_1998_UNNAMED_16,1998,,27_01a386_35_872370_1998.pdf,16,OCR_PAGE_16,30.0,MISSING_TIMESTAMP,18.5/68,1200,19.5,68.0
NIO_1998_UNNAMED_26,1998,,27_01a386_35_872370_1998.pdf,26,OCR_PAGE_26,11.0,MISSING_TIMESTAMP,14.6.98,,17.5,85.0
NIO_1998_UNNAMED_31,1998,,27_01a386_35_872370_1998.pdf,31,OCR_PAGE_31,13.0,MISSING_TIMESTAMP,7.10.98,4200,14.0,68.0
NIO_1998_UNNAMED_46,1998,1998-10-26T09:00:00+00:00,27_01a386_35_872370_1998.pdf,46,OCR_PAGE_46,7.0,INVALID_OR_MISSING_COORDINATES,26.10.98,0900,,
NIO_1998_UNNAMED_46,1998,1998-10-26T12:00:00+00:00,27_01a386_35_872370_1998.pdf,46,OCR_PAGE_46,8.0,INVALID_OR_MISSING_COORDINATES,26.10.98,1200,,
NIO_1998_UNNAMED_46,1998,1998-10-26T18:00:00+00:00,27_01a386_35_872370_1998.pdf,46,OCR_PAGE_46,9.0,INVALID_OR_MISSING_COORDINATES,26.10.98,1800,,
NIO_1998_UNNAMED_46,1998,1998-10-27T00:00:00+00:00,27_01a386_35_872370_1998.pdf,46,OCR_PAGE_46,10.0,INVALID_OR_MISSING_COORDINATES,27.10.98,0000,,
NIO_1998_UNNAMED_46,1998,1998-10-27T03:00:00+00:00,27_01a386_35_872370_1998.pdf,46,OCR_PAGE_46,11.0,INVALID_OR_MISSING_COORDINATES,27.10.98,0300,,
NIO_1998_UNNAMED_46,1998,1998-10-27T06:00:00+00:00,27_01a386_35_872370_1998.pdf,46,OCR_PAGE_46,12.0,INVALID_OR_MISSING_COORDINATES,27.10.98,0600,,
NIO_1998_UNNAMED_46,1998,1998-10-27T12:00:00+00:00,27_01a386_35_872370_1998.pdf,46,OCR_PAGE_46,13.0,INVALID_OR_MISSING_COORDINATES,27.10.98,1200,,
NIO_1998_UNNAMED_46,1998,1998-10-27T18:00:00+00:00,27_01a386_35_872370_1998.pdf,46,OCR_PAGE_46,14.0,INVALID_OR_MISSING_COORDINATES,27.10.98,1800,,
NIO_1998_UNNAMED_46,1998,1998-10-28T03:00:00+00:00,27_01a386_35_872370_1998.pdf,46,OCR_PAGE_46,16.0,INVALID_OR_MISSING_COORDINATES,28.10.98,0300,,
NIO_1998_UNNAMED_46,1998,1998-10-28T06:00:00+00:00,27_01a386_35_872370_1998.pdf,46,OCR_PAGE_46,17.0,INVALID_OR_MISSING_COORDINATES,28.10.98,0600,,
NIO_1998_UNNAMED_46,1998,1998-10-28T12:00:00+00:00,27_01a386_35_872370_1998.pdf,46,OCR_PAGE_46,18.0,INVALID_OR_MISSING_COORDINATES,28.10.98,1200,,
NIO_1998_UNNAMED_46,1998,1998-10-28T18:00:00+00:00,27_01a386_35_872370_1998.pdf,46,OCR_PAGE_46,19.0,INVALID_OR_MISSING_COORDINATES,28.10.98,1800,,
NIO_1998_UNNAMED_46,1998,1998-10-29T00:00:00+00:00,27_01a386_35_872370_1998.pdf,46,OCR_PAGE_46,20.0,INVALID_OR_MISSING_COORDINATES,29.10.98,0000,,
NIO_1998_UNNAMED_46,1998,1998-10-29T03:00:00+00:00,27_01a386_35_872370_1998.pdf,46,OCR_PAGE_46,21.0,INVALID_OR_MISSING_COORDINATES,29.10.98,0300,,
NIO_1998_UNNAMED_46,1998,1998-10-29T06:00:00+00:00,27_01a386_35_872370_1998.pdf,46,OCR_PAGE_46,22.0,INVALID_OR_MISSING_COORDINATES,29.10.98,0600,,
NIO_1998_UNNAMED_46,1998,1998-10-29T09:00:00+00:00,27_01a386_35_872370_1998.pdf,46,OCR_PAGE_46,23.0,INVALID_OR_MISSING_COORDINATES,29.10.98,0900,,
NIO_1998_UNNAMED_68,1998,1998-12-16T00:00:00+00:00,27_01a386_35_872370_1998.pdf,68,OCR_PAGE_68,5.0,INVALID_OR_MISSING_COORDINATES,16.12.98,0000,,
NIO_1998_UNNAMED_68,1998,1998-12-16T03:00:00+00:00,27_01a386_35_872370_1998.pdf,68,OCR_PAGE_68,6.0,INVALID_OR_MISSING_COORDINATES,16.12.98,0300,,
NIO_1998_UNNAMED_68,1998,1998-12-16T06:00:00+00:00,27_01a386_35_872370_1998.pdf,68,OCR_PAGE_68,7.0,INVALID_OR_MISSING_COORDINATES,16.12.98,0600,,
NIO_1998_UNNAMED_68,1998,1998-12-16T09:00:00+00:00,27_01a386_35_872370_1998.pdf,68,OCR_PAGE_68,8.0,INVALID_OR_MISSING_COORDINATES,16.12.98,0900,,
NIO_1998_UNNAMED_68,1998,1998-12-16T12:00:00+00:00,27_01a386_35_872370_1998.pdf,68,OCR_PAGE_68,9.0,INVALID_OR_MISSING_COORDINATES,16.12.98,1200,,
NIO_1998_UNNAMED_68,1998,1998-12-16T18:00:00+00:00,27_01a386_35_872370_1998.pdf,68,OCR_PAGE_68,10.0,INVALID_OR_MISSING_COORDINATES,16.12.98,1800,,1.5
NIO_1998_UNNAMED_68,1998,1998-12-17T03:00:00+00:00,27_01a386_35_872370_1998.pdf,68,OCR_PAGE_68,12.0,INVALID_OR_MISSING_COORDINATES,17.12.98,0300,,1.5
NIO_1998_UNNAMED_68,1998,,27_01a386_35_872370_1998.pdf,68,OCR_PAGE_68,11.0,MISSING_TIMESTAMP,17.12.98,,19.5,59.0
NIO_1999_UNNAMED_48,1999,,27_510109_35_66a331_1999.pdf,48,OCR_PAGE_48,19.0,MISSING_TIMESTAMP,19.10.99,,23.0,86.5
NIO_1999_UNNAMED_54,1999,,27_510109_35_66a331_1999.pdf,54,OCR_PAGE_54,24.0,MISSING_TIMESTAMP,19.10.99,,20.5,86.0
NIO_2000_UNNAMED_19,2000,,27_5af63e_35_0c0afa_2000.pdf,19,OCR_PAGE_19,8.0,MISSING_TIMESTAMP,,03,16.5,83.5
NIO_2000_UNNAMED_19,2000,,27_5af63e_35_0c0afa_2000.pdf,19,OCR_PAGE_19,9.0,MISSING_TIMESTAMP,,06,16.5,83.0
NIO_2000_UNNAMED_19,2000,,27_5af63e_35_0c0afa_2000.pdf,19,OCR_PAGE_19,10.0,MISSING_TIMESTAMP,,12,16.5,82.5
NIO_2000_UNNAMED_19,2000,,27_5af63e_35_0c0afa_2000.pdf,19,OCR_PAGE_19,11.0,MISSING_TIMESTAMP,,18,17.582,1.5
NIO_2000_UNNAMED_19,2000,,27_5af63e_35_0c0afa_2000.pdf,19,OCR_PAGE_19,12.0,MISSING_TIMESTAMP,,00,24.8,18.079
NIO_2000_UNNAMED_49,2000,,27_5af63e_35_0c0afa_2000.pdf,49,OCR_PAGE_49,9.0,MISSING_TIMESTAMP,,21,8.5,81.0
NIO_2000_UNNAMED_49,2000,,27_5af63e_35_0c0afa_2000.pdf,49,OCR_PAGE_49,10.0,MISSING_TIMESTAMP,27.12.2000,,8.5,81.0
NIO_2000_UNNAMED_49,2000,,27_5af63e_35_0c0afa_2000.pdf,49,OCR_PAGE_49,14.0,MISSING_TIMESTAMP,27.12.2000,,8.5,78.5
NIO_2001_UNNAMED_18,2001,,27_fa9a04_35_168f8a_2001.pdf,18,OCR_PAGE_18,7.0,MISSING_TIMESTAMP,17.0/68,15,25.5,17.0
NIO_2001_UNNAMED_18,2001,,27_fa9a04_35_168f8a_2001.pdf,18,OCR_PAGE_18,8.0,MISSING_TIMESTAMP,17.0/68,18,17.0,68.0
NIO_2001_UNNAMED_18,2001,,27_fa9a04_35_168f8a_2001.pdf,18,OCR_PAGE_18,9.0,MISSING_TIMESTAMP,17.0/68,21,17.0,67.5
NIO_2001_UNNAMED_18,2001,,27_fa9a04_35_168f8a_2001.pdf,18,OCR_PAGE_18,13.0,MISSING_TIMESTAMP,26.5.2001,,17.5,67.5
NIO_2001_UNNAMED_18,2001,,27_fa9a04_35_168f8a_2001.pdf,18,OCR_PAGE_18,16.0,MISSING_TIMESTAMP,17.5/67,18,3.5,17.5
NIO_2001_UNNAMED_18,2001,,27_fa9a04_35_168f8a_2001.pdf,18,OCR_PAGE_18,17.0,MISSING_TIMESTAMP,17.5/67,21,18.0,67.5
NIO_2001_UNNAMED_18,2001,,27_fa9a04_35_168f8a_2001.pdf,18,OCR_PAGE_18,21.0,MISSING_TIMESTAMP,18.0/67,03,3.0,18.0
NIO_2001_UNNAMED_18,2001,,27_fa9a04_35_168f8a_2001.pdf,18,OCR_PAGE_18,22.0,MISSING_TIMESTAMP,18.0/67,12,67.5,3.0
NIO_2001_UNNAMED_18,2001,,27_fa9a04_35_168f8a_2001.pdf,18,OCR_PAGE_18,23.0,MISSING_TIMESTAMP,18.0/67,15,19.0,68.0
NIO_2001_UNNAMED_18,2001,,27_fa9a04_35_168f8a_2001.pdf,18,OCR_PAGE_18,25.0,MISSING_TIMESTAMP,18.0/67,21,19.5,68.0
NIO_2001_UNNAMED_18,2001,,27_fa9a04_35_168f8a_2001.pdf,18,OCR_PAGE_18,26.0,MISSING_TIMESTAMP,20.0/63,03,19.5,68.0
NIO_2001_UNNAMED_18,2001,,27_fa9a04_35_168f8a_2001.pdf,18,OCR_PAGE_18,27.0,MISSING_TIMESTAMP,20.0/63,06,20.0,68.0
NIO_2001_UNNAMED_18,2001,,27_fa9a04_35_168f8a_2001.pdf,18,OCR_PAGE_18,28.0,MISSING_TIMESTAMP,20.0/63,,20.068,2.5
NIO_2001_UNNAMED_18,2001,,27_fa9a04_35_168f8a_2001.pdf,18,OCR_PAGE_18,29.0,MISSING_TIMESTAMP,20.0/63,12,21.0,68.5
NIO_2001_UNNAMED_18,2001,,27_fa9a04_35_168f8a_2001.pdf,18,OCR_PAGE_18,30.0,MISSING_TIMESTAMP,20.0/63,,21.0,2.0
NIO_2001_UNNAMED_18,2001,,27_fa9a04_35_168f8a_2001.pdf,18,OCR_PAGE_18,31.0,MISSING_TIMESTAMP,20.0/63,18,21.5,69.0
NIO_2001_UNNAMED_18,2001,,27_fa9a04_35_168f8a_2001.pdf,18,OCR_PAGE_18,33.0,MISSING_TIMESTAMP,21.5/69,2001,29.5,21.5
NIO_2001_UNNAMED_28,2001,,27_fa9a04_35_168f8a_2001.pdf,28,OCR_PAGE_28,7.0,MISSING_TIMESTAMP,21.5/69,03,19.5,87.0
NIO_2001_UNNAMED_28,2001,,27_fa9a04_35_168f8a_2001.pdf,28,OCR_PAGE_28,8.0,MISSING_TIMESTAMP,21.5/69,12,20.0,86.5
NIO_2001_UNNAMED_28,2001,,27_fa9a04_35_168f8a_2001.pdf,28,OCR_PAGE_28,9.0,MISSING_TIMESTAMP,21.5/69,03,21.0,85.5
NIO_2001_UNNAMED_28,2001,,27_fa9a04_35_168f8a_2001.pdf,28,OCR_PAGE_28,10.0,MISSING_TIMESTAMP,21.5/69,09,21.0,85.0
NIO_2001_UNNAMED_28,2001,,27_fa9a04_35_168f8a_2001.pdf,28,OCR_PAGE_28,11.0,MISSING_TIMESTAMP,21.5/69,12,21.5,84.5
NIO_2001_UNNAMED_34,2001,2001-09-26T03:00:00+00:00,27_fa9a04_35_168f8a_2001.pdf,34,OCR_PAGE_34,18.0,INVALID_OR_MISSING_COORDINATES,26.9.2001,0300,,
NIO_2001_UNNAMED_34,2001,2001-09-26T06:00:00+00:00,27_fa9a04_35_168f8a_2001.pdf,34,OCR_PAGE_34,19.0,INVALID_OR_MISSING_COORDINATES,26.9.2001,0600,,
NIO_2001_UNNAMED_34,2001,2001-09-26T09:00:00+00:00,27_fa9a04_35_168f8a_2001.pdf,34,OCR_PAGE_34,20.0,INVALID_OR_MISSING_COORDINATES,26.9.2001,0900,,
NIO_2001_UNNAMED_34,2001,2001-09-26T12:00:00+00:00,27_fa9a04_35_168f8a_2001.pdf,34,OCR_PAGE_34,21.0,INVALID_OR_MISSING_COORDINATES,26.9.2001,1200,,
NIO_2001_UNNAMED_34,2001,2001-09-26T18:00:00+00:00,27_fa9a04_35_168f8a_2001.pdf,34,OCR_PAGE_34,23.0,INVALID_OR_MISSING_COORDINATES,26.9.2001,1800,,
NIO_2001_UNNAMED_34,2001,,27_fa9a04_35_168f8a_2001.pdf,34,OCR_PAGE_34,8.0,MISSING_TIMESTAMP,,4200,,
NIO_2001_UNNAMED_34,2001,,27_fa9a04_35_168f8a_2001.pdf,34,OCR_PAGE_34,7.0,MISSING_TIMESTAMP,21.5/69,0900,17.0,69.5
NIO_2001_UNNAMED_34,2001,,27_fa9a04_35_168f8a_2001.pdf,34,OCR_PAGE_34,10.0,MISSING_TIMESTAMP,21.5/69,1004,17.0,69.0
NIO_2001_UNNAMED_34,2001,,27_fa9a04_35_168f8a_2001.pdf,34,OCR_PAGE_34,12.0,MISSING_TIMESTAMP,21.5/69,1000,17.0,68.0
NIO_2001_UNNAMED_34,2001,,27_fa9a04_35_168f8a_2001.pdf,34,OCR_PAGE_34,25.0,MISSING_TIMESTAMP,26.9.2001,,18.5,65.0
NIO_2002_UNNAMED_18,2002,,27_54cee6_35_6641c5_2002.pdf,18,OCR_PAGE_18,7.0,MISSING_TIMESTAMP,,0300,17.5,97.0
NIO_2002_UNNAMED_33,2002,,27_54cee6_35_6641c5_2002.pdf,33,OCR_PAGE_33,19.0,MISSING_TIMESTAMP,23-12.2002,00,12.2002,1.5
NIO_2002_UNNAMED_33,2002,,27_54cee6_35_6641c5_2002.pdf,33,OCR_PAGE_33,20.0,MISSING_TIMESTAMP,23-12.2002,03,4.5,80.5
NIO_2002_UNNAMED_33,2002,,27_54cee6_35_6641c5_2002.pdf,33,OCR_PAGE_33,21.0,MISSING_TIMESTAMP,23-12.2002,06,4.5,80.5
NIO_2002_UNNAMED_33,2002,,27_54cee6_35_6641c5_2002.pdf,33,OCR_PAGE_33,22.0,MISSING_TIMESTAMP,23-12.2002,12,5.0,81.0
NIO_2002_UNNAMED_33,2002,,27_54cee6_35_6641c5_2002.pdf,33,OCR_PAGE_33,23.0,MISSING_TIMESTAMP,23-12.2002,18,5.0781,2.0
NIO_2004_UNNAMED_16,2004,2004-05-05T03:00:00+00:00,27_be26e0_35_2bd72b_2004.pdf,16,OCR_PAGE_16,10.0,INVALID_OR_MISSING_COORDINATES,05-05-2004,0300,,
NIO_2004_UNNAMED_16,2004,2004-05-05T06:00:00+00:00,27_be26e0_35_2bd72b_2004.pdf,16,OCR_PAGE_16,11.0,INVALID_OR_MISSING_COORDINATES,05-05-2004,0600,,
NIO_2004_UNNAMED_16,2004,2004-05-05T09:00:00+00:00,27_be26e0_35_2bd72b_2004.pdf,16,OCR_PAGE_16,12.0,INVALID_OR_MISSING_COORDINATES,05-05-2004,0900,,
NIO_2004_UNNAMED_16,2004,2004-05-05T12:00:00+00:00,27_be26e0_35_2bd72b_2004.pdf,16,OCR_PAGE_16,13.0,INVALID_OR_MISSING_COORDINATES,05-05-2004,1200,,
NIO_2004_UNNAMED_16,2004,2004-05-05T15:00:00+00:00,27_be26e0_35_2bd72b_2004.pdf,16,OCR_PAGE_16,14.0,INVALID_OR_MISSING_COORDINATES,05-05-2004,1500,,
NIO_2004_UNNAMED_16,2004,2004-05-05T18:00:00+00:00,27_be26e0_35_2bd72b_2004.pdf,16,OCR_PAGE_16,15.0,INVALID_OR_MISSING_COORDINATES,05-05-2004,1800,,
NIO_2004_UNNAMED_16,2004,2004-05-05T21:00:00+00:00,27_be26e0_35_2bd72b_2004.pdf,16,OCR_PAGE_16,16.0,INVALID_OR_MISSING_COORDINATES,05-05-2004,2100,,
NIO_2004_UNNAMED_16,2004,2004-05-06T03:00:00+00:00,27_be26e0_35_2bd72b_2004.pdf,16,OCR_PAGE_16,18.0,INVALID_OR_MISSING_COORDINATES,06-05-2004,0300,,
NIO_2004_UNNAMED_16,2004,2004-05-06T06:00:00+00:00,27_be26e0_35_2bd72b_2004.pdf,16,OCR_PAGE_16,19.0,INVALID_OR_MISSING_COORDINATES,06-05-2004,0600,,
NIO_2004_UNNAMED_16,2004,2004-05-06T09:00:00+00:00,27_be26e0_35_2bd72b_2004.pdf,16,OCR_PAGE_16,20.0,INVALID_OR_MISSING_COORDINATES,06-05-2004,0900,,
NIO_2004_UNNAMED_16,2004,2004-05-06T12:00:00+00:00,27_be26e0_35_2bd72b_2004.pdf,16,OCR_PAGE_16,21.0,INVALID_OR_MISSING_COORDINATES,06-05-2004,1200,,
NIO_2004_UNNAMED_16,2004,2004-05-06T15:00:00+00:00,27_be26e0_35_2bd72b_2004.pdf,16,OCR_PAGE_16,22.0,INVALID_OR_MISSING_COORDINATES,06-05-2004,1500,,
NIO_2004_UNNAMED_16,2004,2004-05-06T18:00:00+00:00,27_be26e0_35_2bd72b_2004.pdf,16,OCR_PAGE_16,23.0,INVALID_OR_MISSING_COORDINATES,06-05-2004,1800,,
NIO_2004_UNNAMED_16,2004,2004-05-06T21:00:00+00:00,27_be26e0_35_2bd72b_2004.pdf,16,OCR_PAGE_16,24.0,INVALID_OR_MISSING_COORDINATES,06-05-2004,2100,,
NIO_2004_UNNAMED_16,2004,2004-05-07T03:00:00+00:00,27_be26e0_35_2bd72b_2004.pdf,16,OCR_PAGE_16,26.0,INVALID_OR_MISSING_COORDINATES,07-05-2004,0300,,
NIO_2004_UNNAMED_16,2004,2004-05-07T06:00:00+00:00,27_be26e0_35_2bd72b_2004.pdf,16,OCR_PAGE_16,27.0,INVALID_OR_MISSING_COORDINATES,07-05-2004,0600,,
NIO_2004_UNNAMED_16,2004,2004-05-07T09:00:00+00:00,27_be26e0_35_2bd72b_2004.pdf,16,OCR_PAGE_16,28.0,INVALID_OR_MISSING_COORDINATES,07-05-2004,0900,,
NIO_2004_UNNAMED_16,2004,2004-05-07T12:00:00+00:00,27_be26e0_35_2bd72b_2004.pdf,16,OCR_PAGE_16,29.0,INVALID_OR_MISSING_COORDINATES,07-05-2004,1200,,
NIO_2004_UNNAMED_16,2004,2004-05-07T15:00:00+00:00,27_be26e0_35_2bd72b_2004.pdf,16,OCR_PAGE_16,30.0,INVALID_OR_MISSING_COORDINATES,07-05-2004,1500,,
NIO_2004_UNNAMED_16,2004,2004-05-08T03:00:00+00:00,27_be26e0_35_2bd72b_2004.pdf,16,OCR_PAGE_16,33.0,INVALID_OR_MISSING_COORDINATES,08-05-2004,0300,,
NIO_2004_UNNAMED_16,2004,2004-05-08T06:00:00+00:00,27_be26e0_35_2bd72b_2004.pdf,16,OCR_PAGE_16,34.0,INVALID_OR_MISSING_COORDINATES,08-05-2004,0600,,
NIO_2004_UNNAMED_16,2004,2004-05-08T09:00:00+00:00,27_be26e0_35_2bd72b_2004.pdf,16,OCR_PAGE_16,35.0,INVALID_OR_MISSING_COORDINATES,08-05-2004,0900,,
NIO_2004_UNNAMED_16,2004,2004-05-08T12:00:00+00:00,27_be26e0_35_2bd72b_2004.pdf,16,OCR_PAGE_16,36.0,INVALID_OR_MISSING_COORDINATES,08-05-2004,1200,,
NIO_2004_UNNAMED_16,2004,2004-05-08T15:00:00+00:00,27_be26e0_35_2bd72b_2004.pdf,16,OCR_PAGE_16,37.0,INVALID_OR_MISSING_COORDINATES,08-05-2004,1500,,
NIO_2004_UNNAMED_16,2004,2004-05-08T18:00:00+00:00,27_be26e0_35_2bd72b_2004.pdf,16,OCR_PAGE_16,38.0,INVALID_OR_MISSING_COORDINATES,08-05-2004,1800,,
NIO_2004_UNNAMED_16,2004,2004-05-08T21:00:00+00:00,27_be26e0_35_2bd72b_2004.pdf,16,OCR_PAGE_16,39.0,INVALID_OR_MISSING_COORDINATES,08-05-2004,2100,,
NIO_2004_UNNAMED_16,2004,2004-05-09T03:00:00+00:00,27_be26e0_35_2bd72b_2004.pdf,16,OCR_PAGE_16,41.0,INVALID_OR_MISSING_COORDINATES,09-05-2004,0300,,
NIO_2004_UNNAMED_16,2004,2004-05-09T06:00:00+00:00,27_be26e0_35_2bd72b_2004.pdf,16,OCR_PAGE_16,42.0,INVALID_OR_MISSING_COORDINATES,09-05-2004,0600,,
NIO_2004_UNNAMED_16,2004,,27_be26e0_35_2bd72b_2004.pdf,16,OCR_PAGE_16,31.0,MISSING_TIMESTAMP,07-05-2004,2800,,
NIO_2004_UNNAMED_16,2004,,27_be26e0_35_2bd72b_2004.pdf,16,OCR_PAGE_16,32.0,MISSING_TIMESTAMP,08-05-2004,,13.5,3.5
NIO_2004_UNNAMED_16,2004,,27_be26e0_35_2bd72b_2004.pdf,16,OCR_PAGE_16,40.0,MISSING_TIMESTAMP,09-05-2004,,3.0,14.517
NIO_2004_UNNAMED_29,2004,,27_be26e0_35_2bd72b_2004.pdf,29,OCR_PAGE_29,7.0,MISSING_TIMESTAMP,09-05-2004,,15.5,89.0
NIO_2004_UNNAMED_29,2004,,27_be26e0_35_2bd72b_2004.pdf,29,OCR_PAGE_29,9.0,MISSING_TIMESTAMP,09-05-2004,,17.5,18.0
NIO_2004_UNNAMED_29,2004,,27_be26e0_35_2bd72b_2004.pdf,29,OCR_PAGE_29,13.0,MISSING_TIMESTAMP,09-05-2004,,19.5,85.5
NIO_2004_UNNAMED_29,2004,,27_be26e0_35_2bd72b_2004.pdf,29,OCR_PAGE_29,17.0,MISSING_TIMESTAMP,09-05-2004,,17.5,89.9
NIO_2004_UNNAMED_38,2004,,27_be26e0_35_2bd72b_2004.pdf,38,OCR_PAGE_38,5.0,MISSING_TIMESTAMP,09-05-2004,,16.0,69.0
NIO_2004_UNNAMED_38,2004,,27_be26e0_35_2bd72b_2004.pdf,38,OCR_PAGE_38,7.0,MISSING_TIMESTAMP,09-05-2004,,16.5,68.5
NIO_2004_UNNAMED_38,2004,,27_be26e0_35_2bd72b_2004.pdf,38,OCR_PAGE_38,11.0,MISSING_TIMESTAMP,09-05-2004,,19.5,66.5
NIO_2004_UNNAMED_38,2004,,27_be26e0_35_2bd72b_2004.pdf,38,OCR_PAGE_38,14.0,MISSING_TIMESTAMP,09-05-2004,,21.0,66.5
NIO_2004_UNNAMED_38,2004,,27_be26e0_35_2bd72b_2004.pdf,38,OCR_PAGE_38,16.0,MISSING_TIMESTAMP,09-05-2004,,21.58,67.0
NIO_2004_UNNAMED_44,2004,2004-10-02T03:00:00+00:00,27_be26e0_35_2bd72b_2004.pdf,44,OCR_PAGE_44,10.0,INVALID_OR_MISSING_COORDINATES,02-10-2004,0300,,
NIO_2004_UNNAMED_44,2004,2004-10-02T06:00:00+00:00,27_be26e0_35_2bd72b_2004.pdf,44,OCR_PAGE_44,11.0,INVALID_OR_MISSING_COORDINATES,02-10-2004,0600,,
NIO_2004_UNNAMED_44,2004,2004-10-02T09:00:00+00:00,27_be26e0_35_2bd72b_2004.pdf,44,OCR_PAGE_44,12.0,INVALID_OR_MISSING_COORDINATES,02-10-2004,0900,,
NIO_2004_UNNAMED_44,2004,2004-10-02T12:00:00+00:00,27_be26e0_35_2bd72b_2004.pdf,44,OCR_PAGE_44,13.0,INVALID_OR_MISSING_COORDINATES,02-10-2004,1200,,
NIO_2004_UNNAMED_44,2004,2004-10-02T15:00:00+00:00,27_be26e0_35_2bd72b_2004.pdf,44,OCR_PAGE_44,14.0,INVALID_OR_MISSING_COORDINATES,02-10-2004,1500,13.0855,
NIO_2004_UNNAMED_44,2004,2004-10-02T18:00:00+00:00,27_be26e0_35_2bd72b_2004.pdf,44,OCR_PAGE_44,15.0,INVALID_OR_MISSING_COORDINATES,02-10-2004,1800,,
NIO_2004_UNNAMED_44,2004,2004-10-02T21:00:00+00:00,27_be26e0_35_2bd72b_2004.pdf,44,OCR_PAGE_44,16.0,INVALID_OR_MISSING_COORDINATES,02-10-2004,2100,,
NIO_2004_UNNAMED_44,2004,2004-10-03T03:00:00+00:00,27_be26e0_35_2bd72b_2004.pdf,44,OCR_PAGE_44,25.0,INVALID_OR_MISSING_COORDINATES,03-10-2004,0300,,
NIO_2004_UNNAMED_44,2004,2004-10-03T09:00:00+00:00,27_be26e0_35_2bd72b_2004.pdf,44,OCR_PAGE_44,19.0,INVALID_OR_MISSING_COORDINATES,03-10-2004,0900,,
NIO_2004_UNNAMED_44,2004,2004-10-03T12:00:00+00:00,27_be26e0_35_2bd72b_2004.pdf,44,OCR_PAGE_44,20.0,INVALID_OR_MISSING_COORDINATES,03-10-2004,1200,,
NIO_2004_UNNAMED_44,2004,2004-10-03T21:00:00+00:00,27_be26e0_35_2bd72b_2004.pdf,44,OCR_PAGE_44,23.0,INVALID_OR_MISSING_COORDINATES,03-10-2004,2100,,
NIO_2004_UNNAMED_44,2004,,27_be26e0_35_2bd72b_2004.pdf,44,OCR_PAGE_44,18.0,MISSING_TIMESTAMP,03-10-2004,8800,,
NIO_2004_UNNAMED_52,2004,,27_be26e0_35_2bd72b_2004.pdf,52,OCR_PAGE_52,8.0,MISSING_TIMESTAMP,03-10-2004,,6.0,60.08
NIO_2004_UNNAMED_52,2004,,27_be26e0_35_2bd72b_2004.pdf,52,OCR_PAGE_52,9.0,MISSING_TIMESTAMP,03-10-2004,,55.08,7.59
NIO_2005_IN,2005,2005-01-15T06:00:00+00:00,27_684961_rsmc-2005 .pdf,18,Table 2.1.1,5.0,INVALID_OR_MISSING_COORDINATES,15-01-2005,0600,5.5,
NIO_2005_IN,2005,2005-01-15T09:00:00+00:00,27_684961_rsmc-2005 .pdf,18,Table 2.1.1,6.0,INVALID_OR_MISSING_COORDINATES,15-01-2005,0900,5.5,
NIO_2005_IN,2005,2005-01-15T12:00:00+00:00,27_684961_rsmc-2005 .pdf,18,Table 2.1.1,7.0,INVALID_OR_MISSING_COORDINATES,15-01-2005,1200,5.5,
NIO_2005_IN,2005,2005-01-17T00:00:00+00:00,27_684961_rsmc-2005 .pdf,18,Table 2.1.1,19.0,INVALID_OR_MISSING_COORDINATES,17-01-2005,0000,5.5,
NIO_2005_UNNAMED_2_7_1,2005,2005-09-19T03:00:00+00:00,27_684961_rsmc-2005 .pdf,38,Table 2.7.1,11.0,INVALID_OR_MISSING_COORDINATES,19.09.2005,0300,18.5,
NIO_2006_UNNAMED_2_4_1,2006,2006-08-03T00:00:00+00:00,27_b1dd60_rsmc-2006 .pdf,36,Table 2.4.1,8.0,INVALID_OR_MISSING_COORDINATES,03-08-006,0000,,2.0
NIO_2007_UNNAMED_2_11_1,2007,,27_82fddf_rsmc-2007.pdf,75,Table 2.11.1,10.0,MISSING_TIMESTAMP,29-10-007,0000,11.5,66.0
NIO_2007_UNNAMED_2_11_1,2007,,27_82fddf_rsmc-2007.pdf,75,Table 2.11.1,11.0,MISSING_TIMESTAMP,29-10-007,0300,11.5,65.5
NIO_2010_UNNAMED_2_8_1,2010,,27_7aaf4d_rsmc-2010.pdf,103,Table 2.8.1,1.0,MISSING_TIMESTAMP,"07-12-
2010",0300,14.0,82.0
NIO_2010_UNNAMED_2_8_1,2010,,27_7aaf4d_rsmc-2010.pdf,103,Table 2.8.1,2.0,MISSING_TIMESTAMP,,0600,14.5,82.0
NIO_2010_UNNAMED_2_8_1,2010,,27_7aaf4d_rsmc-2010.pdf,103,Table 2.8.1,3.0,MISSING_TIMESTAMP,,1200,15.0,81.5
NIO_2010_UNNAMED_2_8_1,2010,,27_7aaf4d_rsmc-2010.pdf,103,Table 2.8.1,4.0,MISSING_TIMESTAMP,,1800,15.5,81.0
NIO_2010_UNNAMED_2_8_1,2010,,27_7aaf4d_rsmc-2010.pdf,103,Table 2.8.1,6.0,MISSING_TIMESTAMP,"08-12-
2010",0000,16.0,80.0
NIO_2011_UNNAMED_2_9_1,2011,2011-11-27T18:00:00+00:00,27_2f6165_rsmc-2011.pdf,107,Table 2.9.1,9.0,INVALID_OR_MISSING_COORDINATES,27-11-2011,1800,,1.5
NIO_2012_NILAM,2012,2012-10-31T00:00:00+00:00,27_2138f3_rsmc-2012.pdf,93,Table 2.3.1,17.0,INVALID_OR_MISSING_COORDINATES,31-10-2012,0000,,3.0
NIO_2013_IS,2013,,27_14ab8f_rsmc-2013.pdf,99,Table 2.7.1,1.0,MISSING_TIMESTAMP,,0000,11.5,86.5
NIO_2013_IS,2013,,27_14ab8f_rsmc-2013.pdf,99,Table 2.7.1,2.0,MISSING_TIMESTAMP,,0300,11.5,86.0
NIO_2018_TITLI,2018,2018-10-11T00:00:00+00:00,27_60dae9_rsmc-2018.pdf,191,Table 2.12.1,22.0,INVALID_OR_MISSING_COORDINATES,11/10/2018,0000,18.8,
NIO_2018_VISAKHAPATNAM,2018,2018-12-16T09:00:00+00:00,27_60dae9_rsmc-2018.pdf,253,Table 2.14.1,21.0,INVALID_OR_MISSING_COORDINATES,16/12/2018,0900,,83.6
NIO_2018_VISAKHAPATNAM,2018,2018-12-17T09:00:00+00:00,27_60dae9_rsmc-2018.pdf,254,Table 2.14.1,8.0,INVALID_OR_MISSING_COORDINATES,17/12/2018,0900,16.7,
NIO_2018_VISAKHAPATNAM,2018,2018-12-17T12:00:00+00:00,27_60dae9_rsmc-2018.pdf,254,Table 2.14.1,9.0,INVALID_OR_MISSING_COORDINATES,17/12/2018,1200,16.9,
NIO_2018_VISAKHAPATNAM,2018,2018-12-17T15:00:00+00:00,27_60dae9_rsmc-2018.pdf,254,Table 2.14.1,11.0,INVALID_OR_MISSING_COORDINATES,17/12/2018,1500,17.3,
NIO_2018_VISAKHAPATNAM,2018,2018-12-17T18:00:00+00:00,27_60dae9_rsmc-2018.pdf,254,Table 2.14.1,12.0,INVALID_OR_MISSING_COORDINATES,17/12/2018,1800,17.5,
NIO_2021_JAWAD,2021,2021-12-05T09:00:00+00:00,27_81bdf0_RSMC Report 2021.pdf,208,,11.0,INVALID_OR_MISSING_COORDINATES,05.12.21,0900,,86.2
NIO_2021_UNNAMED_2_10_1,2021,,27_81bdf0_RSMC Report 2021.pdf,195,Table 2.10.1,1.0,MISSING_TIMESTAMP,18.112021,0300,11.0,82.3
NIO_2021_UNNAMED_2_10_1,2021,,27_81bdf0_RSMC Report 2021.pdf,195,Table 2.10.1,2.0,MISSING_TIMESTAMP,,0600,11.2,81.7
NIO_2021_UNNAMED_2_10_1,2021,,27_81bdf0_RSMC Report 2021.pdf,195,Table 2.10.1,3.0,MISSING_TIMESTAMP,,1200,11.8,80.9
NIO_2021_UNNAMED_2_10_1,2021,,27_81bdf0_RSMC Report 2021.pdf,195,Table 2.10.1,4.0,MISSING_TIMESTAMP,,1800,12.2,80.5
NIO_2022_NO,2022,2022-08-21T18:00:00+00:00,27_501da8_RSMC full report 2022 13 Jan.pdf,166,Table 2.10.1,17.0,INVALID_OR_MISSING_COORDINATES,21.08.22,1800,,79.8
NIO_2023_HAMOON,2023,,27_7d3be4_Final_upload RSMC Report 2024 (1).pdf,181,Table 2.8.1,1.0,MISSING_TIMESTAMP,21.10.23,(1U8T0C0 ),14.7,86.4
NIO_2023_MOCHA,2023,2023-05-12T15:00:00+00:00,27_7d3be4_Final_upload RSMC Report 2024 (1).pdf,66,Table 2.3.1,21.0,INVALID_OR_MISSING_COORDINATES,12.05.23,1500,,88.7
NIO_2023_UNNAMED_2_2_1,2023,,27_7d3be4_Final_upload RSMC Report 2024 (1).pdf,45,Table 2.2.1,16.0,MISSING_TIMESTAMP,01.02.23,,,
NIO_2024_LAT,2024,,27_a7fb96_27_ef4e32_RSMC-Report2024-for upload.pdf,136,Table 2.6.1,7.0,MISSING_TIMESTAMP,31.08.24,,,
,2005,,27_684961_rsmc-2005 .pdf,11,,,UNCERTAIN_TABLE_IDENTITY,,,,
,2005,,27_684961_rsmc-2005 .pdf,14,,,UNCERTAIN_TABLE_IDENTITY,,,,
,2005,,27_684961_rsmc-2005 .pdf,14,,,UNCERTAIN_TABLE_IDENTITY,,,,
,2005,,27_684961_rsmc-2005 .pdf,15,,,UNCERTAIN_TABLE_IDENTITY,,,,
,2005,,27_684961_rsmc-2005 .pdf,15,,,UNCERTAIN_TABLE_IDENTITY,,,,
,2006,,27_b1dd60_rsmc-2006 .pdf,15,,,UNCERTAIN_TABLE_IDENTITY,,,,
,2006,,27_b1dd60_rsmc-2006 .pdf,15,,,UNCERTAIN_TABLE_IDENTITY,,,,
,2006,,27_b1dd60_rsmc-2006 .pdf,16,,,UNCERTAIN_TABLE_IDENTITY,,,,
,2006,,27_b1dd60_rsmc-2006 .pdf,16,,,UNCERTAIN_TABLE_IDENTITY,,,,
,2007,,27_82fddf_rsmc-2007.pdf,18,,,UNCERTAIN_TABLE_IDENTITY,,,,
,2007,,27_82fddf_rsmc-2007.pdf,19,,,UNCERTAIN_TABLE_IDENTITY,,,,
,2007,,27_82fddf_rsmc-2007.pdf,19,,,UNCERTAIN_TABLE_IDENTITY,,,,
,2007,,27_82fddf_rsmc-2007.pdf,19,,,UNCERTAIN_TABLE_IDENTITY,,,,
,2007,,27_82fddf_rsmc-2007.pdf,81,,,UNCERTAIN_TABLE_IDENTITY,,,,
,2007,,27_82fddf_rsmc-2007.pdf,81,,,UNCERTAIN_TABLE_IDENTITY,,,,
,2007,,27_82fddf_rsmc-2007.pdf,96,,,UNCERTAIN_TABLE_IDENTITY,,,,
,2007,,27_82fddf_rsmc-2007.pdf,97,,,UNCERTAIN_TABLE_IDENTITY,,,,
,2007,,27_82fddf_rsmc-2007.pdf,97,,,UNCERTAIN_TABLE_IDENTITY,,,,
,2007,,27_82fddf_rsmc-2007.pdf,98,,,UNCERTAIN_TABLE_IDENTITY,,,,
,2008,,27_56679c_rsmc-2008.pdf,21,,,UNCERTAIN_TABLE_IDENTITY,,,,
,2008,,27_56679c_rsmc-2008.pdf,23,,,UNCERTAIN_TABLE_IDENTITY,,,,
,2008,,27_56679c_rsmc-2008.pdf,24,,,UNCERTAIN_TABLE_IDENTITY,,,,
,2008,,27_56679c_rsmc-2008.pdf,24,,,UNCERTAIN_TABLE_IDENTITY,,,,
,2008,,27_56679c_rsmc-2008.pdf,24,,,UNCERTAIN_TABLE_IDENTITY,,,,
,2008,,27_56679c_rsmc-2008.pdf,73,,,UNCERTAIN_TABLE_IDENTITY,,,,
,2008,,27_56679c_rsmc-2008.pdf,73,,,UNCERTAIN_TABLE_IDENTITY,,,,
,2008,,27_56679c_rsmc-2008.pdf,87,,,UNCERTAIN_TABLE_IDENTITY,,,,
,2008,,27_56679c_rsmc-2008.pdf,87,,,UNCERTAIN_TABLE_IDENTITY,,,,
,2008,,27_56679c_rsmc-2008.pdf,88,,,UNCERTAIN_TABLE_IDENTITY,,,,
,2008,,27_56679c_rsmc-2008.pdf,88,,,UNCERTAIN_TABLE_IDENTITY,,,,
,2008,,27_56679c_rsmc-2008.pdf,89,,,UNCERTAIN_TABLE_IDENTITY,,,,
,2008,,27_56679c_rsmc-2008.pdf,90,,,UNCERTAIN_TABLE_IDENTITY,,,,
,2008,,27_56679c_rsmc-2008.pdf,90,,,UNCERTAIN_TABLE_IDENTITY,,,,
,2008,,27_56679c_rsmc-2008.pdf,95,,,UNCERTAIN_TABLE_IDENTITY,,,,
,2008,,27_56679c_rsmc-2008.pdf,95,,,UNCERTAIN_TABLE_IDENTITY,,,,
,2008,,27_56679c_rsmc-2008.pdf,96,,,UNCERTAIN_TABLE_IDENTITY,,,,
,2008,,27_56679c_rsmc-2008.pdf,96,,,UNCERTAIN_TABLE_IDENTITY,,,,
,2008,,27_56679c_rsmc-2008.pdf,98,,,UNCERTAIN_TABLE_IDENTITY,,,,
,2008,,27_56679c_rsmc-2008.pdf,98,,,UNCERTAIN_TABLE_IDENTITY,,,,
,2008,,27_56679c_rsmc-2008.pdf,99,,,UNCERTAIN_TABLE_IDENTITY,,,,
,2008,,27_56679c_rsmc-2008.pdf,99,,,UNCERTAIN_TABLE_IDENTITY,,,,
,2008,,27_56679c_rsmc-2008.pdf,101,,,UNCERTAIN_TABLE_IDENTITY,,,,
,2009,,27_4e34f3_rsmc-2009.pdf,27,,,UNCERTAIN_TABLE_IDENTITY,,,,
,2009,,27_4e34f3_rsmc-2009.pdf,27,,,UNCERTAIN_TABLE_IDENTITY,,,,
,2009,,27_4e34f3_rsmc-2009.pdf,28,,,UNCERTAIN_TABLE_IDENTITY,,,,
,2009,,27_4e34f3_rsmc-2009.pdf,29,,,UNCERTAIN_TABLE_IDENTITY,,,,
,2009,,27_4e34f3_rsmc-2009.pdf,29,,,UNCERTAIN_TABLE_IDENTITY,,,,
,2009,,27_4e34f3_rsmc-2009.pdf,29,,,UNCERTAIN_TABLE_IDENTITY,,,,
,2009,,27_4e34f3_rsmc-2009.pdf,41,,,UNCERTAIN_TABLE_IDENTITY,,,,
,2009,,27_4e34f3_rsmc-2009.pdf,49,,,UNCERTAIN_TABLE_IDENTITY,,,,
,2009,,27_4e34f3_rsmc-2009.pdf,53,,,UNCERTAIN_TABLE_IDENTITY,,,,
,2009,,27_4e34f3_rsmc-2009.pdf,53,,,UNCERTAIN_TABLE_IDENTITY,,,,
,2009,,27_4e34f3_rsmc-2009.pdf,54,,,UNCERTAIN_TABLE_IDENTITY,,,,
,2009,,27_4e34f3_rsmc-2009.pdf,54,,,UNCERTAIN_TABLE_IDENTITY,,,,
,2009,,27_4e34f3_rsmc-2009.pdf,55,,,UNCERTAIN_TABLE_IDENTITY,,,,
,2009,,27_4e34f3_rsmc-2009.pdf,55,,,UNCERTAIN_TABLE_IDENTITY,,,,
,2009,,27_4e34f3_rsmc-2009.pdf,55,,,UNCERTAIN_TABLE_IDENTITY,,,,
,2009,,27_4e34f3_rsmc-2009.pdf,94,,,UNCERTAIN_TABLE_IDENTITY,,,,
,2009,,27_4e34f3_rsmc-2009.pdf,100,,,UNCERTAIN_TABLE_IDENTITY,,,,
,2009,,27_4e34f3_rsmc-2009.pdf,106,,,UNCERTAIN_TABLE_IDENTITY,,,,
,2009,,27_4e34f3_rsmc-2009.pdf,106,,,UNCERTAIN_TABLE_IDENTITY,,,,
,2009,,27_4e34f3_rsmc-2009.pdf,117,,,UNCERTAIN_TABLE_IDENTITY,,,,
,2009,,27_4e34f3_rsmc-2009.pdf,117,,,UNCERTAIN_TABLE_IDENTITY,,,,
,2009,,27_4e34f3_rsmc-2009.pdf,121,,,UNCERTAIN_TABLE_IDENTITY,,,,
,2010,,27_7aaf4d_rsmc-2010.pdf,28,,,UNCERTAIN_TABLE_IDENTITY,,,,
,2010,,27_7aaf4d_rsmc-2010.pdf,29,,,UNCERTAIN_TABLE_IDENTITY,,,,
,2010,,27_7aaf4d_rsmc-2010.pdf,30,,,UNCERTAIN_TABLE_IDENTITY,,,,
,2010,,27_7aaf4d_rsmc-2010.pdf,31,,,UNCERTAIN_TABLE_IDENTITY,,,,
,2010,,27_7aaf4d_rsmc-2010.pdf,31,,,UNCERTAIN_TABLE_IDENTITY,,,,
,2010,,27_7aaf4d_rsmc-2010.pdf,31,,,UNCERTAIN_TABLE_IDENTITY,,,,
,2010,,27_7aaf4d_rsmc-2010.pdf,46,,,UNCERTAIN_TABLE_IDENTITY,,,,
,2010,,27_7aaf4d_rsmc-2010.pdf,118,,,UNCERTAIN_TABLE_IDENTITY,,,,
,2010,,27_7aaf4d_rsmc-2010.pdf,118,,,UNCERTAIN_TABLE_IDENTITY,,,,
,2010,,27_7aaf4d_rsmc-2010.pdf,119,,,UNCERTAIN_TABLE_IDENTITY,,,,
,2010,,27_7aaf4d_rsmc-2010.pdf,129,,,UNCERTAIN_TABLE_IDENTITY,,,,
,2010,,27_7aaf4d_rsmc-2010.pdf,129,,,UNCERTAIN_TABLE_IDENTITY,,,,
,2010,,27_7aaf4d_rsmc-2010.pdf,129,,,UNCERTAIN_TABLE_IDENTITY,,,,
,2010,,27_7aaf4d_rsmc-2010.pdf,130,,,UNCERTAIN_TABLE_IDENTITY,,,,
,2010,,27_7aaf4d_rsmc-2010.pdf,130,,,UNCERTAIN_TABLE_IDENTITY,,,,
,2010,,27_7aaf4d_rsmc-2010.pdf,131,,,UNCERTAIN_TABLE_IDENTITY,,,,
,2010,,27_7aaf4d_rsmc-2010.pdf,131,,,UNCERTAIN_TABLE_IDENTITY,,,,
,2010,,27_7aaf4d_rsmc-2010.pdf,136,,,UNCERTAIN_TABLE_IDENTITY,,,,
,2010,,27_7aaf4d_rsmc-2010.pdf,136,,,UNCERTAIN_TABLE_IDENTITY,,,,
,2010,,27_7aaf4d_rsmc-2010.pdf,136,,,UNCERTAIN_TABLE_IDENTITY,,,,
,2010,,27_7aaf4d_rsmc-2010.pdf,137,,,UNCERTAIN_TABLE_IDENTITY,,,,
,2010,,27_7aaf4d_rsmc-2010.pdf,137,,,UNCERTAIN_TABLE_IDENTITY,,,,
,2010,,27_7aaf4d_rsmc-2010.pdf,143,,,UNCERTAIN_TABLE_IDENTITY,,,,
,2010,,27_7aaf4d_rsmc-2010.pdf,143,,,UNCERTAIN_TABLE_IDENTITY,,,,
,2010,,27_7aaf4d_rsmc-2010.pdf,143,,,UNCERTAIN_TABLE_IDENTITY,,,,
,2010,,27_7aaf4d_rsmc-2010.pdf,144,,,UNCERTAIN_TABLE_IDENTITY,,,,
,2010,,27_7aaf4d_rsmc-2010.pdf,144,,,UNCERTAIN_TABLE_IDENTITY,,,,
,2010,,27_7aaf4d_rsmc-2010.pdf,149,,,UNCERTAIN_TABLE_IDENTITY,,,,
,2010,,27_7aaf4d_rsmc-2010.pdf,149,,,UNCERTAIN_TABLE_IDENTITY,,,,
,2010,,27_7aaf4d_rsmc-2010.pdf,150,,,UNCERTAIN_TABLE_IDENTITY,,,,
,2010,,27_7aaf4d_rsmc-2010.pdf,151,,,UNCERTAIN_TABLE_IDENTITY,,,,
,2010,,27_7aaf4d_rsmc-2010.pdf,152,,,UNCERTAIN_TABLE_IDENTITY,,,,
,2010,,27_7aaf4d_rsmc-2010.pdf,152,,,UNCERTAIN_TABLE_IDENTITY,,,,
,2010,,27_7aaf4d_rsmc-2010.pdf,152,,,UNCERTAIN_TABLE_IDENTITY,,,,
,2010,,27_7aaf4d_rsmc-2010.pdf,153,,,UNCERTAIN_TABLE_IDENTITY,,,,
,2010,,27_7aaf4d_rsmc-2010.pdf,153,,,UNCERTAIN_TABLE_IDENTITY,,,,
,2010,,27_7aaf4d_rsmc-2010.pdf,153,,,UNCERTAIN_TABLE_IDENTITY,,,,
,2010,,27_7aaf4d_rsmc-2010.pdf,153,,,UNCERTAIN_TABLE_IDENTITY,,,,
,2010,,27_7aaf4d_rsmc-2010.pdf,157,,,UNCERTAIN_TABLE_IDENTITY,,,,
,2010,,27_7aaf4d_rsmc-2010.pdf,157,,,UNCERTAIN_TABLE_IDENTITY,,,,
,2010,,27_7aaf4d_rsmc-2010.pdf,160,,,UNCERTAIN_TABLE_IDENTITY,,,,
,2010,,27_7aaf4d_rsmc-2010.pdf,162,,,UNCERTAIN_TABLE_IDENTITY,,,,
,2011,,27_2f6165_rsmc-2011.pdf,26,,,UNCERTAIN_TABLE_IDENTITY,,,,
,2011,,27_2f6165_rsmc-2011.pdf,27,,,UNCERTAIN_TABLE_IDENTITY,,,,
,2011,,27_2f6165_rsmc-2011.pdf,28,,,UNCERTAIN_TABLE_IDENTITY,,,,
,2011,,27_2f6165_rsmc-2011.pdf,28,,,UNCERTAIN_TABLE_IDENTITY,,,,
,2011,,27_2f6165_rsmc-2011.pdf,28,,,UNCERTAIN_TABLE_IDENTITY,,,,
,2011,,27_2f6165_rsmc-2011.pdf,41,,,UNCERTAIN_TABLE_IDENTITY,,,,
,2011,,27_2f6165_rsmc-2011.pdf,83,,,UNCERTAIN_TABLE_IDENTITY,,,,
,2011,,27_2f6165_rsmc-2011.pdf,121,,,UNCERTAIN_TABLE_IDENTITY,,,,
,2011,,27_2f6165_rsmc-2011.pdf,150,,,UNCERTAIN_TABLE_IDENTITY,,,,
,2011,,27_2f6165_rsmc-2011.pdf,150,,,UNCERTAIN_TABLE_IDENTITY,,,,
,2011,,27_2f6165_rsmc-2011.pdf,156,,,UNCERTAIN_TABLE_IDENTITY,,,,
,2011,,27_2f6165_rsmc-2011.pdf,156,,,UNCERTAIN_TABLE_IDENTITY,,,,
,2011,,27_2f6165_rsmc-2011.pdf,163,,,UNCERTAIN_TABLE_IDENTITY,,,,
,2011,,27_2f6165_rsmc-2011.pdf,163,,,UNCERTAIN_TABLE_IDENTITY,,,,
,2011,,27_2f6165_rsmc-2011.pdf,177,,,UNCERTAIN_TABLE_IDENTITY,,,,
,2011,,27_2f6165_rsmc-2011.pdf,177,,,UNCERTAIN_TABLE_IDENTITY,,,,
,2011,,27_2f6165_rsmc-2011.pdf,177,,,UNCERTAIN_TABLE_IDENTITY,,,,
,2011,,27_2f6165_rsmc-2011.pdf,178,,,UNCERTAIN_TABLE_IDENTITY,,,,
,2011,,27_2f6165_rsmc-2011.pdf,178,,,UNCERTAIN_TABLE_IDENTITY,,,,
,2011,,27_2f6165_rsmc-2011.pdf,178,,,UNCERTAIN_TABLE_IDENTITY,,,,
,2011,,27_2f6165_rsmc-2011.pdf,179,,,UNCERTAIN_TABLE_IDENTITY,,,,
,2011,,27_2f6165_rsmc-2011.pdf,179,,,UNCERTAIN_TABLE_IDENTITY,,,,
,2011,,27_2f6165_rsmc-2011.pdf,179,,,UNCERTAIN_TABLE_IDENTITY,,,,
,2011,,27_2f6165_rsmc-2011.pdf,184,,,UNCERTAIN_TABLE_IDENTITY,,,,
,2011,,27_2f6165_rsmc-2011.pdf,186,,,UNCERTAIN_TABLE_IDENTITY,,,,
,2012,,27_2138f3_rsmc-2012.pdf,29,,,UNCERTAIN_TABLE_IDENTITY,,,,
,2012,,27_2138f3_rsmc-2012.pdf,30,,,UNCERTAIN_TABLE_IDENTITY,,,,
,2012,,27_2138f3_rsmc-2012.pdf,30,,,UNCERTAIN_TABLE_IDENTITY,,,,
,2012,,27_2138f3_rsmc-2012.pdf,31,,,UNCERTAIN_TABLE_IDENTITY,,,,
,2012,,27_2138f3_rsmc-2012.pdf,40,,,UNCERTAIN_TABLE_IDENTITY,,,,
,2012,,27_2138f3_rsmc-2012.pdf,76,,,UNCERTAIN_TABLE_IDENTITY,,,,
,2012,,27_2138f3_rsmc-2012.pdf,98,,,UNCERTAIN_TABLE_IDENTITY,,,,
,2012,,27_2138f3_rsmc-2012.pdf,136,,,UNCERTAIN_TABLE_IDENTITY,,,,
,2012,,27_2138f3_rsmc-2012.pdf,136,,,UNCERTAIN_TABLE_IDENTITY,,,,
,2012,,27_2138f3_rsmc-2012.pdf,151,,,UNCERTAIN_TABLE_IDENTITY,,,,
,2012,,27_2138f3_rsmc-2012.pdf,163,,,UNCERTAIN_TABLE_IDENTITY,,,,
,2012,,27_2138f3_rsmc-2012.pdf,169,,,UNCERTAIN_TABLE_IDENTITY,,,,
,2012,,27_2138f3_rsmc-2012.pdf,183,,,UNCERTAIN_TABLE_IDENTITY,,,,
,2012,,27_2138f3_rsmc-2012.pdf,187,,,UNCERTAIN_TABLE_IDENTITY,,,,
,2012,,27_2138f3_rsmc-2012.pdf,190,,,UNCERTAIN_TABLE_IDENTITY,,,,
,2012,,27_2138f3_rsmc-2012.pdf,197,,,UNCERTAIN_TABLE_IDENTITY,,,,
,2012,,27_2138f3_rsmc-2012.pdf,198,,,UNCERTAIN_TABLE_IDENTITY,,,,
,2012,,27_2138f3_rsmc-2012.pdf,198,,,UNCERTAIN_TABLE_IDENTITY,,,,
,2012,,27_2138f3_rsmc-2012.pdf,204,,,UNCERTAIN_TABLE_IDENTITY,,,,
,2012,,27_2138f3_rsmc-2012.pdf,207,,,UNCERTAIN_TABLE_IDENTITY,,,,
,2012,,27_2138f3_rsmc-2012.pdf,207,,,UNCERTAIN_TABLE_IDENTITY,,,,
,2012,,27_2138f3_rsmc-2012.pdf,209,,,UNCERTAIN_TABLE_IDENTITY,,,,
,2012,,27_2138f3_rsmc-2012.pdf,209,,,UNCERTAIN_TABLE_IDENTITY,,,,
,2012,,27_2138f3_rsmc-2012.pdf,210,,,UNCERTAIN_TABLE_IDENTITY,,,,
,2013,,27_14ab8f_rsmc-2013.pdf,26,,,UNCERTAIN_TABLE_IDENTITY,,,,
,2013,,27_14ab8f_rsmc-2013.pdf,26,,,UNCERTAIN_TABLE_IDENTITY,,,,
,2013,,27_14ab8f_rsmc-2013.pdf,29,,,UNCERTAIN_TABLE_IDENTITY,,,,
,2013,,27_14ab8f_rsmc-2013.pdf,29,,,UNCERTAIN_TABLE_IDENTITY,,,,
,2013,,27_14ab8f_rsmc-2013.pdf,29,,,UNCERTAIN_TABLE_IDENTITY,,,,
,2013,,27_14ab8f_rsmc-2013.pdf,72,,,UNCERTAIN_TABLE_IDENTITY,,,,
,2013,,27_14ab8f_rsmc-2013.pdf,73,,,UNCERTAIN_TABLE_IDENTITY,,,,
,2013,,27_14ab8f_rsmc-2013.pdf,78,,,UNCERTAIN_TABLE_IDENTITY,,,,
,2013,,27_14ab8f_rsmc-2013.pdf,78,,,UNCERTAIN_TABLE_IDENTITY,,,,
,2013,,27_14ab8f_rsmc-2013.pdf,121,,,UNCERTAIN_TABLE_IDENTITY,,,,
,2013,,27_14ab8f_rsmc-2013.pdf,126,,,UNCERTAIN_TABLE_IDENTITY,,,,
,2013,,27_14ab8f_rsmc-2013.pdf,218,,,UNCERTAIN_TABLE_IDENTITY,,,,
,2013,,27_14ab8f_rsmc-2013.pdf,242,,,UNCERTAIN_TABLE_IDENTITY,,,,
,2013,,27_14ab8f_rsmc-2013.pdf,243,,,UNCERTAIN_TABLE_IDENTITY,,,,
,2013,,27_14ab8f_rsmc-2013.pdf,250,,,UNCERTAIN_TABLE_IDENTITY,,,,
,2013,,27_14ab8f_rsmc-2013.pdf,253,,,UNCERTAIN_TABLE_IDENTITY,,,,
,2013,,27_14ab8f_rsmc-2013.pdf,254,,,UNCERTAIN_TABLE_IDENTITY,,,,
,2013,,27_14ab8f_rsmc-2013.pdf,254,,,UNCERTAIN_TABLE_IDENTITY,,,,
,2013,,27_14ab8f_rsmc-2013.pdf,255,,,UNCERTAIN_TABLE_IDENTITY,,,,
,2013,,27_14ab8f_rsmc-2013.pdf,255,,,UNCERTAIN_TABLE_IDENTITY,,,,
,2013,,27_14ab8f_rsmc-2013.pdf,257,,,UNCERTAIN_TABLE_IDENTITY,,,,
,2013,,27_14ab8f_rsmc-2013.pdf,257,,,UNCERTAIN_TABLE_IDENTITY,,,,
,2013,,27_14ab8f_rsmc-2013.pdf,258,,,UNCERTAIN_TABLE_IDENTITY,,,,
,2013,,27_14ab8f_rsmc-2013.pdf,262,,,UNCERTAIN_TABLE_IDENTITY,,,,
,2013,,27_14ab8f_rsmc-2013.pdf,262,,,UNCERTAIN_TABLE_IDENTITY,,,,
,2013,,27_14ab8f_rsmc-2013.pdf,262,,,UNCERTAIN_TABLE_IDENTITY,,,,
,2013,,27_14ab8f_rsmc-2013.pdf,268,,,UNCERTAIN_TABLE_IDENTITY,,,,
,2013,,27_14ab8f_rsmc-2013.pdf,271,,,UNCERTAIN_TABLE_IDENTITY,,,,
,2013,,27_14ab8f_rsmc-2013.pdf,271,,,UNCERTAIN_TABLE_IDENTITY,,,,
,2013,,27_14ab8f_rsmc-2013.pdf,275,,,UNCERTAIN_TABLE_IDENTITY,,,,
,2013,,27_14ab8f_rsmc-2013.pdf,276,,,UNCERTAIN_TABLE_IDENTITY,,,,
,2013,,27_14ab8f_rsmc-2013.pdf,276,,,UNCERTAIN_TABLE_IDENTITY,,,,
,2013,,27_14ab8f_rsmc-2013.pdf,277,,,UNCERTAIN_TABLE_IDENTITY,,,,
,2014,,27_4e1280_rsmc-2014.pdf,1,,,UNCERTAIN_TABLE_IDENTITY,,,,
,2014,,27_4e1280_rsmc-2014.pdf,26,,,UNCERTAIN_TABLE_IDENTITY,,,,
,2014,,27_4e1280_rsmc-2014.pdf,27,,,UNCERTAIN_TABLE_IDENTITY,,,,
,2014,,27_4e1280_rsmc-2014.pdf,28,,,UNCERTAIN_TABLE_IDENTITY,,,,
,2014,,27_4e1280_rsmc-2014.pdf,29,,,UNCERTAIN_TABLE_IDENTITY,,,,
,2014,,27_4e1280_rsmc-2014.pdf,80,,,UNCERTAIN_TABLE_IDENTITY,,,,
,2014,,27_4e1280_rsmc-2014.pdf,85,,,UNCERTAIN_TABLE_IDENTITY,,,,
,2014,,27_4e1280_rsmc-2014.pdf,92,,,UNCERTAIN_TABLE_IDENTITY,,,,
,2014,,27_4e1280_rsmc-2014.pdf,108,,,UNCERTAIN_TABLE_IDENTITY,,,,
,2014,,27_4e1280_rsmc-2014.pdf,117,,,UNCERTAIN_TABLE_IDENTITY,,,,
,2014,,27_4e1280_rsmc-2014.pdf,117,,,UNCERTAIN_TABLE_IDENTITY,,,,
,2014,,27_4e1280_rsmc-2014.pdf,160,,,UNCERTAIN_TABLE_IDENTITY,,,,
,2014,,27_4e1280_rsmc-2014.pdf,160,,,UNCERTAIN_TABLE_IDENTITY,,,,
,2014,,27_4e1280_rsmc-2014.pdf,205,,,UNCERTAIN_TABLE_IDENTITY,,,,
,2014,,27_4e1280_rsmc-2014.pdf,205,,,UNCERTAIN_TABLE_IDENTITY,,,,
,2014,,27_4e1280_rsmc-2014.pdf,206,,,UNCERTAIN_TABLE_IDENTITY,,,,
,2014,,27_4e1280_rsmc-2014.pdf,206,,,UNCERTAIN_TABLE_IDENTITY,,,,
,2014,,27_4e1280_rsmc-2014.pdf,206,,,UNCERTAIN_TABLE_IDENTITY,,,,
,2014,,27_4e1280_rsmc-2014.pdf,210,,,UNCERTAIN_TABLE_IDENTITY,,,,
,2014,,27_4e1280_rsmc-2014.pdf,210,,,UNCERTAIN_TABLE_IDENTITY,,,,
,2014,,27_4e1280_rsmc-2014.pdf,212,,,UNCERTAIN_TABLE_IDENTITY,,,,
,2014,,27_4e1280_rsmc-2014.pdf,212,,,UNCERTAIN_TABLE_IDENTITY,,,,
,2014,,27_4e1280_rsmc-2014.pdf,218,,,UNCERTAIN_TABLE_IDENTITY,,,,
,2014,,27_4e1280_rsmc-2014.pdf,219,,,UNCERTAIN_TABLE_IDENTITY,,,,
,2014,,27_4e1280_rsmc-2014.pdf,219,,,UNCERTAIN_TABLE_IDENTITY,,,,
,2014,,27_4e1280_rsmc-2014.pdf,221,,,UNCERTAIN_TABLE_IDENTITY,,,,
,2014,,27_4e1280_rsmc-2014.pdf,222,,,UNCERTAIN_TABLE_IDENTITY,,,,
,2014,,27_4e1280_rsmc-2014.pdf,222,,,UNCERTAIN_TABLE_IDENTITY,,,,
,2014,,27_4e1280_rsmc-2014.pdf,224,,,UNCERTAIN_TABLE_IDENTITY,,,,
,2014,,27_4e1280_rsmc-2014.pdf,230,,,UNCERTAIN_TABLE_IDENTITY,,,,
,2014,,27_4e1280_rsmc-2014.pdf,234,,,UNCERTAIN_TABLE_IDENTITY,,,,
,2014,,27_4e1280_rsmc-2014.pdf,239,,,UNCERTAIN_TABLE_IDENTITY,,,,
,2014,,27_4e1280_rsmc-2014.pdf,240,,,UNCERTAIN_TABLE_IDENTITY,,,,
,2015,,27_9bbd0d_RSMC-2015.pdf,27,,,UNCERTAIN_TABLE_IDENTITY,,,,
,2015,,27_9bbd0d_RSMC-2015.pdf,27,,,UNCERTAIN_TABLE_IDENTITY,,,,
,2015,,27_9bbd0d_RSMC-2015.pdf,29,,,UNCERTAIN_TABLE_IDENTITY,,,,
,2015,,27_9bbd0d_RSMC-2015.pdf,31,,,UNCERTAIN_TABLE_IDENTITY,,,,
,2015,,27_9bbd0d_RSMC-2015.pdf,31,,,UNCERTAIN_TABLE_IDENTITY,,,,
,2015,,27_9bbd0d_RSMC-2015.pdf,32,,,UNCERTAIN_TABLE_IDENTITY,,,,
,2015,,27_9bbd0d_RSMC-2015.pdf,137,,,UNCERTAIN_TABLE_IDENTITY,,,,
,2015,,27_9bbd0d_RSMC-2015.pdf,188,,,UNCERTAIN_TABLE_IDENTITY,,,,
,2015,,27_9bbd0d_RSMC-2015.pdf,220,,,UNCERTAIN_TABLE_IDENTITY,,,,
,2015,,27_9bbd0d_RSMC-2015.pdf,234,,,UNCERTAIN_TABLE_IDENTITY,,,,
,2015,,27_9bbd0d_RSMC-2015.pdf,234,,,UNCERTAIN_TABLE_IDENTITY,,,,
,2015,,27_9bbd0d_RSMC-2015.pdf,255,,,UNCERTAIN_TABLE_IDENTITY,,,,
,2015,,27_9bbd0d_RSMC-2015.pdf,257,,,UNCERTAIN_TABLE_IDENTITY,,,,
,2015,,27_9bbd0d_RSMC-2015.pdf,257,,,UNCERTAIN_TABLE_IDENTITY,,,,
,2015,,27_9bbd0d_RSMC-2015.pdf,274,,,UNCERTAIN_TABLE_IDENTITY,,,,
,2015,,27_9bbd0d_RSMC-2015.pdf,275,,,UNCERTAIN_TABLE_IDENTITY,,,,
,2015,,27_9bbd0d_RSMC-2015.pdf,275,,,UNCERTAIN_TABLE_IDENTITY,,,,
,2015,,27_9bbd0d_RSMC-2015.pdf,285,,,UNCERTAIN_TABLE_IDENTITY,,,,
,2015,,27_9bbd0d_RSMC-2015.pdf,287,,,UNCERTAIN_TABLE_IDENTITY,,,,
,2015,,27_9bbd0d_RSMC-2015.pdf,288,,,UNCERTAIN_TABLE_IDENTITY,,,,
,2015,,27_9bbd0d_RSMC-2015.pdf,295,,,UNCERTAIN_TABLE_IDENTITY,,,,
,2015,,27_9bbd0d_RSMC-2015.pdf,295,,,UNCERTAIN_TABLE_IDENTITY,,,,
,2015,,27_9bbd0d_RSMC-2015.pdf,296,,,UNCERTAIN_TABLE_IDENTITY,,,,
,2015,,27_9bbd0d_RSMC-2015.pdf,296,,,UNCERTAIN_TABLE_IDENTITY,,,,
,2015,,27_9bbd0d_RSMC-2015.pdf,297,,,UNCERTAIN_TABLE_IDENTITY,,,,
,2015,,27_9bbd0d_RSMC-2015.pdf,297,,,UNCERTAIN_TABLE_IDENTITY,,,,
,2015,,27_9bbd0d_RSMC-2015.pdf,300,,,UNCERTAIN_TABLE_IDENTITY,,,,
,2015,,27_9bbd0d_RSMC-2015.pdf,309,,,UNCERTAIN_TABLE_IDENTITY,,,,
,2015,,27_9bbd0d_RSMC-2015.pdf,309,,,UNCERTAIN_TABLE_IDENTITY,,,,
,2015,,27_9bbd0d_RSMC-2015.pdf,316,,,UNCERTAIN_TABLE_IDENTITY,,,,
,2015,,27_9bbd0d_RSMC-2015.pdf,316,,,UNCERTAIN_TABLE_IDENTITY,,,,
,2015,,27_9bbd0d_RSMC-2015.pdf,316,,,UNCERTAIN_TABLE_IDENTITY,,,,
,2015,,27_9bbd0d_RSMC-2015.pdf,326,,,UNCERTAIN_TABLE_IDENTITY,,,,
,2015,,27_9bbd0d_RSMC-2015.pdf,326,,,UNCERTAIN_TABLE_IDENTITY,,,,
,2016,,27_ad292c_rsmc-2016.pdf,23,,,UNCERTAIN_TABLE_IDENTITY,,,,
,2016,,27_ad292c_rsmc-2016.pdf,24,,,UNCERTAIN_TABLE_IDENTITY,,,,
,2016,,27_ad292c_rsmc-2016.pdf,25,,,UNCERTAIN_TABLE_IDENTITY,,,,
,2016,,27_ad292c_rsmc-2016.pdf,26,,,UNCERTAIN_TABLE_IDENTITY,,,,
,2016,,27_ad292c_rsmc-2016.pdf,26,,,UNCERTAIN_TABLE_IDENTITY,,,,
,2016,,27_ad292c_rsmc-2016.pdf,27,,,UNCERTAIN_TABLE_IDENTITY,,,,
,2016,,27_ad292c_rsmc-2016.pdf,27,,,UNCERTAIN_TABLE_IDENTITY,,,,
,2016,,27_ad292c_rsmc-2016.pdf,56,,,UNCERTAIN_TABLE_IDENTITY,,,,
,2016,,27_ad292c_rsmc-2016.pdf,70,,,UNCERTAIN_TABLE_IDENTITY,,,,
,2016,,27_ad292c_rsmc-2016.pdf,149,,,UNCERTAIN_TABLE_IDENTITY,,,,
,2016,,27_ad292c_rsmc-2016.pdf,150,,,UNCERTAIN_TABLE_IDENTITY,,,,
,2016,,27_ad292c_rsmc-2016.pdf,150,,,UNCERTAIN_TABLE_IDENTITY,,,,
,2016,,27_ad292c_rsmc-2016.pdf,151,,,UNCERTAIN_TABLE_IDENTITY,,,,
,2016,,27_ad292c_rsmc-2016.pdf,152,,,UNCERTAIN_TABLE_IDENTITY,,,,
,2016,,27_ad292c_rsmc-2016.pdf,170,,,UNCERTAIN_TABLE_IDENTITY,,,,
,2016,,27_ad292c_rsmc-2016.pdf,171,,,UNCERTAIN_TABLE_IDENTITY,,,,
,2016,,27_ad292c_rsmc-2016.pdf,171,,,UNCERTAIN_TABLE_IDENTITY,,,,
,2016,,27_ad292c_rsmc-2016.pdf,218,,,UNCERTAIN_TABLE_IDENTITY,,,,
,2016,,27_ad292c_rsmc-2016.pdf,218,,,UNCERTAIN_TABLE_IDENTITY,,,,
,2016,,27_ad292c_rsmc-2016.pdf,218,,,UNCERTAIN_TABLE_IDENTITY,,,,
,2016,,27_ad292c_rsmc-2016.pdf,239,,,UNCERTAIN_TABLE_IDENTITY,,,,
,2016,,27_ad292c_rsmc-2016.pdf,239,,,UNCERTAIN_TABLE_IDENTITY,,,,
,2016,,27_ad292c_rsmc-2016.pdf,239,,,UNCERTAIN_TABLE_IDENTITY,,,,
,2016,,27_ad292c_rsmc-2016.pdf,246,,,UNCERTAIN_TABLE_IDENTITY,,,,
,2016,,27_ad292c_rsmc-2016.pdf,247,,,UNCERTAIN_TABLE_IDENTITY,,,,
,2016,,27_ad292c_rsmc-2016.pdf,257,,,UNCERTAIN_TABLE_IDENTITY,,,,
,2016,,27_ad292c_rsmc-2016.pdf,258,,,UNCERTAIN_TABLE_IDENTITY,,,,
,2016,,27_ad292c_rsmc-2016.pdf,259,,,UNCERTAIN_TABLE_IDENTITY,,,,
,2016,,27_ad292c_rsmc-2016.pdf,259,,,UNCERTAIN_TABLE_IDENTITY,,,,
,2016,,27_ad292c_rsmc-2016.pdf,259,,,UNCERTAIN_TABLE_IDENTITY,,,,
,2017,,27_bbaf11_rsmc-2017.pdf,1,,,UNCERTAIN_TABLE_IDENTITY,,,,
,2017,,27_bbaf11_rsmc-2017.pdf,28,,,UNCERTAIN_TABLE_IDENTITY,,,,
,2017,,27_bbaf11_rsmc-2017.pdf,28,,,UNCERTAIN_TABLE_IDENTITY,,,,
,2017,,27_bbaf11_rsmc-2017.pdf,29,,,UNCERTAIN_TABLE_IDENTITY,,,,
,2017,,27_bbaf11_rsmc-2017.pdf,30,,,UNCERTAIN_TABLE_IDENTITY,,,,
,2017,,27_bbaf11_rsmc-2017.pdf,31,,,UNCERTAIN_TABLE_IDENTITY,,,,
,2017,,27_bbaf11_rsmc-2017.pdf,31,,,UNCERTAIN_TABLE_IDENTITY,,,,
,2017,,27_bbaf11_rsmc-2017.pdf,31,,,UNCERTAIN_TABLE_IDENTITY,,,,
,2017,,27_bbaf11_rsmc-2017.pdf,34,,,UNCERTAIN_TABLE_IDENTITY,,,,
,2017,,27_bbaf11_rsmc-2017.pdf,34,,,UNCERTAIN_TABLE_IDENTITY,,,,
,2017,,27_bbaf11_rsmc-2017.pdf,41,,,UNCERTAIN_TABLE_IDENTITY,,,,
,2017,,27_bbaf11_rsmc-2017.pdf,91,,,UNCERTAIN_TABLE_IDENTITY,,,,
,2017,,27_bbaf11_rsmc-2017.pdf,99,,,UNCERTAIN_TABLE_IDENTITY,,,,
,2017,,27_bbaf11_rsmc-2017.pdf,108,,,UNCERTAIN_TABLE_IDENTITY,,,,
,2017,,27_bbaf11_rsmc-2017.pdf,135,,,UNCERTAIN_TABLE_IDENTITY,,,,
,2017,,27_bbaf11_rsmc-2017.pdf,141,,,UNCERTAIN_TABLE_IDENTITY,,,,
,2017,,27_bbaf11_rsmc-2017.pdf,158,,,UNCERTAIN_TABLE_IDENTITY,,,,
,2017,,27_bbaf11_rsmc-2017.pdf,164,,,UNCERTAIN_TABLE_IDENTITY,,,,
,2017,,27_bbaf11_rsmc-2017.pdf,185,,,UNCERTAIN_TABLE_IDENTITY,,,,
,2017,,27_bbaf11_rsmc-2017.pdf,185,,,UNCERTAIN_TABLE_IDENTITY,,,,
,2017,,27_bbaf11_rsmc-2017.pdf,185,,,UNCERTAIN_TABLE_IDENTITY,,,,
,2017,,27_bbaf11_rsmc-2017.pdf,187,,,UNCERTAIN_TABLE_IDENTITY,,,,
,2017,,27_bbaf11_rsmc-2017.pdf,188,,,UNCERTAIN_TABLE_IDENTITY,,,,
,2017,,27_bbaf11_rsmc-2017.pdf,249,,,UNCERTAIN_TABLE_IDENTITY,,,,
,2017,,27_bbaf11_rsmc-2017.pdf,271,,,UNCERTAIN_TABLE_IDENTITY,,,,
,2017,,27_bbaf11_rsmc-2017.pdf,271,,,UNCERTAIN_TABLE_IDENTITY,,,,
,2017,,27_bbaf11_rsmc-2017.pdf,295,,,UNCERTAIN_TABLE_IDENTITY,,,,
,2017,,27_bbaf11_rsmc-2017.pdf,295,,,UNCERTAIN_TABLE_IDENTITY,,,,
,2017,,27_bbaf11_rsmc-2017.pdf,295,,,UNCERTAIN_TABLE_IDENTITY,,,,
,2017,,27_bbaf11_rsmc-2017.pdf,299,,,UNCERTAIN_TABLE_IDENTITY,,,,
,2017,,27_bbaf11_rsmc-2017.pdf,305,,,UNCERTAIN_TABLE_IDENTITY,,,,
,2017,,27_bbaf11_rsmc-2017.pdf,305,,,UNCERTAIN_TABLE_IDENTITY,,,,
,2017,,27_bbaf11_rsmc-2017.pdf,305,,,UNCERTAIN_TABLE_IDENTITY,,,,
,2017,,27_bbaf11_rsmc-2017.pdf,310,,,UNCERTAIN_TABLE_IDENTITY,,,,
,2017,,27_bbaf11_rsmc-2017.pdf,311,,,UNCERTAIN_TABLE_IDENTITY,,,,
,2017,,27_bbaf11_rsmc-2017.pdf,311,,,UNCERTAIN_TABLE_IDENTITY,,,,
,2017,,27_bbaf11_rsmc-2017.pdf,312,,,UNCERTAIN_TABLE_IDENTITY,,,,
,2017,,27_bbaf11_rsmc-2017.pdf,312,,,UNCERTAIN_TABLE_IDENTITY,,,,
,2017,,27_bbaf11_rsmc-2017.pdf,313,,,UNCERTAIN_TABLE_IDENTITY,,,,
,2018,,27_60dae9_rsmc-2018.pdf,1,,,UNCERTAIN_TABLE_IDENTITY,,,,
,2018,,27_60dae9_rsmc-2018.pdf,28,,,UNCERTAIN_TABLE_IDENTITY,,,,
,2018,,27_60dae9_rsmc-2018.pdf,29,,,UNCERTAIN_TABLE_IDENTITY,,,,
,2018,,27_60dae9_rsmc-2018.pdf,29,,,UNCERTAIN_TABLE_IDENTITY,,,,
,2018,,27_60dae9_rsmc-2018.pdf,29,,,UNCERTAIN_TABLE_IDENTITY,,,,
,2018,,27_60dae9_rsmc-2018.pdf,29,,,UNCERTAIN_TABLE_IDENTITY,,,,
,2018,,27_60dae9_rsmc-2018.pdf,30,,,UNCERTAIN_TABLE_IDENTITY,,,,
,2018,,27_60dae9_rsmc-2018.pdf,30,,,UNCERTAIN_TABLE_IDENTITY,,,,
,2018,,27_60dae9_rsmc-2018.pdf,31,,,UNCERTAIN_TABLE_IDENTITY,,,,
,2018,,27_60dae9_rsmc-2018.pdf,32,,,UNCERTAIN_TABLE_IDENTITY,,,,
,2018,,27_60dae9_rsmc-2018.pdf,32,,,UNCERTAIN_TABLE_IDENTITY,,,,
,2018,,27_60dae9_rsmc-2018.pdf,33,,,UNCERTAIN_TABLE_IDENTITY,,,,
,2018,,27_60dae9_rsmc-2018.pdf,35,,,UNCERTAIN_TABLE_IDENTITY,,,,
,2018,,27_60dae9_rsmc-2018.pdf,36,,,UNCERTAIN_TABLE_IDENTITY,,,,
,2018,,27_60dae9_rsmc-2018.pdf,36,,,UNCERTAIN_TABLE_IDENTITY,,,,
,2018,,27_60dae9_rsmc-2018.pdf,36,,,UNCERTAIN_TABLE_IDENTITY,,,,
,2018,,27_60dae9_rsmc-2018.pdf,39,,,UNCERTAIN_TABLE_IDENTITY,,,,
,2018,,27_60dae9_rsmc-2018.pdf,39,,,UNCERTAIN_TABLE_IDENTITY,,,,
,2018,,27_60dae9_rsmc-2018.pdf,48,,,UNCERTAIN_TABLE_IDENTITY,,,,
,2018,,27_60dae9_rsmc-2018.pdf,48,,,UNCERTAIN_TABLE_IDENTITY,,,,
,2018,,27_60dae9_rsmc-2018.pdf,48,,,UNCERTAIN_TABLE_IDENTITY,,,,
,2018,,27_60dae9_rsmc-2018.pdf,49,,,UNCERTAIN_TABLE_IDENTITY,,,,
,2018,,27_60dae9_rsmc-2018.pdf,50,,,UNCERTAIN_TABLE_IDENTITY,,,,
,2018,,27_60dae9_rsmc-2018.pdf,63,,,UNCERTAIN_TABLE_IDENTITY,,,,
,2018,,27_60dae9_rsmc-2018.pdf,65,,,UNCERTAIN_TABLE_IDENTITY,,,,
,2018,,27_60dae9_rsmc-2018.pdf,66,,,UNCERTAIN_TABLE_IDENTITY,,,,
,2018,,27_60dae9_rsmc-2018.pdf,109,,,UNCERTAIN_TABLE_IDENTITY,,,,
,2018,,27_60dae9_rsmc-2018.pdf,118,,,UNCERTAIN_TABLE_IDENTITY,,,,
,2018,,27_60dae9_rsmc-2018.pdf,118,,,UNCERTAIN_TABLE_IDENTITY,,,,
,2018,,27_60dae9_rsmc-2018.pdf,132,,,UNCERTAIN_TABLE_IDENTITY,,,,
,2018,,27_60dae9_rsmc-2018.pdf,136,,,UNCERTAIN_TABLE_IDENTITY,,,,
,2018,,27_60dae9_rsmc-2018.pdf,137,,,UNCERTAIN_TABLE_IDENTITY,,,,
,2018,,27_60dae9_rsmc-2018.pdf,139,,,UNCERTAIN_TABLE_IDENTITY,,,,
,2018,,27_60dae9_rsmc-2018.pdf,156,,,UNCERTAIN_TABLE_IDENTITY,,,,
,2018,,27_60dae9_rsmc-2018.pdf,156,,,UNCERTAIN_TABLE_IDENTITY,,,,
,2018,,27_60dae9_rsmc-2018.pdf,187,,,UNCERTAIN_TABLE_IDENTITY,,,,
,2018,,27_60dae9_rsmc-2018.pdf,218,,,UNCERTAIN_TABLE_IDENTITY,,,,
,2018,,27_60dae9_rsmc-2018.pdf,249,,,UNCERTAIN_TABLE_IDENTITY,,,,
,2018,,27_60dae9_rsmc-2018.pdf,251,,,UNCERTAIN_TABLE_IDENTITY,,,,
,2018,,27_60dae9_rsmc-2018.pdf,292,,,UNCERTAIN_TABLE_IDENTITY,,,,
,2018,,27_60dae9_rsmc-2018.pdf,292,,,UNCERTAIN_TABLE_IDENTITY,,,,
,2018,,27_60dae9_rsmc-2018.pdf,294,,,UNCERTAIN_TABLE_IDENTITY,,,,
,2018,,27_60dae9_rsmc-2018.pdf,304,,,UNCERTAIN_TABLE_IDENTITY,,,,
,2018,,27_60dae9_rsmc-2018.pdf,319,,,UNCERTAIN_TABLE_IDENTITY,,,,
,2018,,27_60dae9_rsmc-2018.pdf,359,,,UNCERTAIN_TABLE_IDENTITY,,,,
,2018,,27_60dae9_rsmc-2018.pdf,361,,,UNCERTAIN_TABLE_IDENTITY,,,,
,2018,,27_60dae9_rsmc-2018.pdf,362,,,UNCERTAIN_TABLE_IDENTITY,,,,
,2018,,27_60dae9_rsmc-2018.pdf,371,,,UNCERTAIN_TABLE_IDENTITY,,,,
,2018,,27_60dae9_rsmc-2018.pdf,376,,,UNCERTAIN_TABLE_IDENTITY,,,,
,2018,,27_60dae9_rsmc-2018.pdf,379,,,UNCERTAIN_TABLE_IDENTITY,,,,
,2018,,27_60dae9_rsmc-2018.pdf,381,,,UNCERTAIN_TABLE_IDENTITY,,,,
,2018,,27_60dae9_rsmc-2018.pdf,383,,,UNCERTAIN_TABLE_IDENTITY,,,,
,2018,,27_60dae9_rsmc-2018.pdf,384,,,UNCERTAIN_TABLE_IDENTITY,,,,
,2018,,27_60dae9_rsmc-2018.pdf,386,,,UNCERTAIN_TABLE_IDENTITY,,,,
,2018,,27_60dae9_rsmc-2018.pdf,387,,,UNCERTAIN_TABLE_IDENTITY,,,,
,2018,,27_60dae9_rsmc-2018.pdf,390,,,UNCERTAIN_TABLE_IDENTITY,,,,
,2018,,27_60dae9_rsmc-2018.pdf,392,,,UNCERTAIN_TABLE_IDENTITY,,,,
,2018,,27_60dae9_rsmc-2018.pdf,392,,,UNCERTAIN_TABLE_IDENTITY,,,,
,2018,,27_60dae9_rsmc-2018.pdf,394,,,UNCERTAIN_TABLE_IDENTITY,,,,
,2018,,27_60dae9_rsmc-2018.pdf,395,,,UNCERTAIN_TABLE_IDENTITY,,,,
,2018,,27_60dae9_rsmc-2018.pdf,396,,,UNCERTAIN_TABLE_IDENTITY,,,,
,2018,,27_60dae9_rsmc-2018.pdf,398,,,UNCERTAIN_TABLE_IDENTITY,,,,
,2018,,27_60dae9_rsmc-2018.pdf,399,,,UNCERTAIN_TABLE_IDENTITY,,,,
,2018,,27_60dae9_rsmc-2018.pdf,402,,,UNCERTAIN_TABLE_IDENTITY,,,,
,2018,,27_60dae9_rsmc-2018.pdf,403,,,UNCERTAIN_TABLE_IDENTITY,,,,
,2018,,27_60dae9_rsmc-2018.pdf,403,,,UNCERTAIN_TABLE_IDENTITY,,,,
,2018,,27_60dae9_rsmc-2018.pdf,406,,,UNCERTAIN_TABLE_IDENTITY,,,,
,2018,,27_60dae9_rsmc-2018.pdf,408,,,UNCERTAIN_TABLE_IDENTITY,,,,
,2019,,27_fddc6c_rsmc2020.pdf,27,,,UNCERTAIN_TABLE_IDENTITY,,,,
,2019,,27_fddc6c_rsmc2020.pdf,28,,,UNCERTAIN_TABLE_IDENTITY,,,,
,2019,,27_fddc6c_rsmc2020.pdf,29,,,UNCERTAIN_TABLE_IDENTITY,,,,
,2019,,27_fddc6c_rsmc2020.pdf,29,,,UNCERTAIN_TABLE_IDENTITY,,,,
,2019,,27_fddc6c_rsmc2020.pdf,31,,,UNCERTAIN_TABLE_IDENTITY,,,,
,2019,,27_fddc6c_rsmc2020.pdf,31,,,UNCERTAIN_TABLE_IDENTITY,,,,
,2019,,27_fddc6c_rsmc2020.pdf,32,,,UNCERTAIN_TABLE_IDENTITY,,,,
,2019,,27_fddc6c_rsmc2020.pdf,33,,,UNCERTAIN_TABLE_IDENTITY,,,,
,2019,,27_fddc6c_rsmc2020.pdf,34,,,UNCERTAIN_TABLE_IDENTITY,,,,
,2019,,27_fddc6c_rsmc2020.pdf,35,,,UNCERTAIN_TABLE_IDENTITY,,,,
,2019,,27_fddc6c_rsmc2020.pdf,35,,,UNCERTAIN_TABLE_IDENTITY,,,,
,2019,,27_fddc6c_rsmc2020.pdf,35,,,UNCERTAIN_TABLE_IDENTITY,,,,
,2019,,27_fddc6c_rsmc2020.pdf,35,,,UNCERTAIN_TABLE_IDENTITY,,,,
,2019,,27_fddc6c_rsmc2020.pdf,37,,,UNCERTAIN_TABLE_IDENTITY,,,,
,2019,,27_fddc6c_rsmc2020.pdf,38,,,UNCERTAIN_TABLE_IDENTITY,,,,
,2019,,27_fddc6c_rsmc2020.pdf,53,,,UNCERTAIN_TABLE_IDENTITY,,,,
,2019,,27_fddc6c_rsmc2020.pdf,91,,,UNCERTAIN_TABLE_IDENTITY,,,,
,2019,,27_fddc6c_rsmc2020.pdf,140,,,UNCERTAIN_TABLE_IDENTITY,,,,
,2019,,27_fddc6c_rsmc2020.pdf,163,,,UNCERTAIN_TABLE_IDENTITY,,,,
,2019,,27_fddc6c_rsmc2020.pdf,164,,,UNCERTAIN_TABLE_IDENTITY,,,,
,2019,,27_fddc6c_rsmc2020.pdf,200,,,UNCERTAIN_TABLE_IDENTITY,,,,
,2019,,27_fddc6c_rsmc2020.pdf,203,,,UNCERTAIN_TABLE_IDENTITY,,,,
,2019,,27_fddc6c_rsmc2020.pdf,257,,,UNCERTAIN_TABLE_IDENTITY,,,,
,2019,,27_fddc6c_rsmc2020.pdf,260,,,UNCERTAIN_TABLE_IDENTITY,,,,
,2019,,27_fddc6c_rsmc2020.pdf,260,,,UNCERTAIN_TABLE_IDENTITY,,,,
,2019,,27_fddc6c_rsmc2020.pdf,279,,,UNCERTAIN_TABLE_IDENTITY,,,,
,2019,,27_fddc6c_rsmc2020.pdf,309,,,UNCERTAIN_TABLE_IDENTITY,,,,
,2019,,27_fddc6c_rsmc2020.pdf,309,,,UNCERTAIN_TABLE_IDENTITY,,,,
,2019,,27_fddc6c_rsmc2020.pdf,309,,,UNCERTAIN_TABLE_IDENTITY,,,,
,2019,,27_fddc6c_rsmc2020.pdf,323,,,UNCERTAIN_TABLE_IDENTITY,,,,
,2019,,27_fddc6c_rsmc2020.pdf,328,,,UNCERTAIN_TABLE_IDENTITY,,,,
,2019,,27_fddc6c_rsmc2020.pdf,338,,,UNCERTAIN_TABLE_IDENTITY,,,,
,2019,,27_fddc6c_rsmc2020.pdf,349,,,UNCERTAIN_TABLE_IDENTITY,,,,
,2019,,27_fddc6c_rsmc2020.pdf,349,,,UNCERTAIN_TABLE_IDENTITY,,,,
,2019,,27_fddc6c_rsmc2020.pdf,362,,,UNCERTAIN_TABLE_IDENTITY,,,,
,2019,,27_fddc6c_rsmc2020.pdf,367,,,UNCERTAIN_TABLE_IDENTITY,,,,
,2019,,27_fddc6c_rsmc2020.pdf,369,,,UNCERTAIN_TABLE_IDENTITY,,,,
,2019,,27_fddc6c_rsmc2020.pdf,379,,,UNCERTAIN_TABLE_IDENTITY,,,,
,2019,,27_fddc6c_rsmc2020.pdf,379,,,UNCERTAIN_TABLE_IDENTITY,,,,
,2019,,27_fddc6c_rsmc2020.pdf,384,,,UNCERTAIN_TABLE_IDENTITY,,,,
,2019,,27_fddc6c_rsmc2020.pdf,385,,,UNCERTAIN_TABLE_IDENTITY,,,,
,2019,,27_fddc6c_rsmc2020.pdf,404,,,UNCERTAIN_TABLE_IDENTITY,,,,
,2019,,27_fddc6c_rsmc2020.pdf,405,,,UNCERTAIN_TABLE_IDENTITY,,,,
,2019,,27_fddc6c_rsmc2020.pdf,406,,,UNCERTAIN_TABLE_IDENTITY,,,,
,2019,,27_fddc6c_rsmc2020.pdf,406,,,UNCERTAIN_TABLE_IDENTITY,,,,
,2019,,27_fddc6c_rsmc2020.pdf,408,,,UNCERTAIN_TABLE_IDENTITY,,,,
,2019,,27_fddc6c_rsmc2020.pdf,408,,,UNCERTAIN_TABLE_IDENTITY,,,,
,2019,,27_fddc6c_rsmc2020.pdf,409,,,UNCERTAIN_TABLE_IDENTITY,,,,
,2019,,27_fddc6c_rsmc2020.pdf,425,,,UNCERTAIN_TABLE_IDENTITY,,,,
,2020,,27_26e77b_rsmc-2020 with damage.pdf,26,,,UNCERTAIN_TABLE_IDENTITY,,,,
,2020,,27_26e77b_rsmc-2020 with damage.pdf,28,,,UNCERTAIN_TABLE_IDENTITY,,,,
,2020,,27_26e77b_rsmc-2020 with damage.pdf,29,,,UNCERTAIN_TABLE_IDENTITY,,,,
,2020,,27_26e77b_rsmc-2020 with damage.pdf,30,,,UNCERTAIN_TABLE_IDENTITY,,,,
,2020,,27_26e77b_rsmc-2020 with damage.pdf,32,,,UNCERTAIN_TABLE_IDENTITY,,,,
,2020,,27_26e77b_rsmc-2020 with damage.pdf,33,,,UNCERTAIN_TABLE_IDENTITY,,,,
,2020,,27_26e77b_rsmc-2020 with damage.pdf,33,,,UNCERTAIN_TABLE_IDENTITY,,,,
,2020,,27_26e77b_rsmc-2020 with damage.pdf,33,,,UNCERTAIN_TABLE_IDENTITY,,,,
,2020,,27_26e77b_rsmc-2020 with damage.pdf,33,,,UNCERTAIN_TABLE_IDENTITY,,,,
,2020,,27_26e77b_rsmc-2020 with damage.pdf,36,,,UNCERTAIN_TABLE_IDENTITY,,,,
,2020,,27_26e77b_rsmc-2020 with damage.pdf,36,,,UNCERTAIN_TABLE_IDENTITY,,,,
,2020,,27_26e77b_rsmc-2020 with damage.pdf,37,,,UNCERTAIN_TABLE_IDENTITY,,,,
,2020,,27_26e77b_rsmc-2020 with damage.pdf,41,,,UNCERTAIN_TABLE_IDENTITY,,,,
,2020,,27_26e77b_rsmc-2020 with damage.pdf,45,,,UNCERTAIN_TABLE_IDENTITY,,,,
,2020,,27_26e77b_rsmc-2020 with damage.pdf,78,,,UNCERTAIN_TABLE_IDENTITY,,,,
,2020,,27_26e77b_rsmc-2020 with damage.pdf,82,,,UNCERTAIN_TABLE_IDENTITY,,,,
,2020,,27_26e77b_rsmc-2020 with damage.pdf,83,,,UNCERTAIN_TABLE_IDENTITY,,,,
,2020,,27_26e77b_rsmc-2020 with damage.pdf,84,,,UNCERTAIN_TABLE_IDENTITY,,,,
,2020,,27_26e77b_rsmc-2020 with damage.pdf,89,,,UNCERTAIN_TABLE_IDENTITY,,,,
,2020,,27_26e77b_rsmc-2020 with damage.pdf,92,,,UNCERTAIN_TABLE_IDENTITY,,,,
,2020,,27_26e77b_rsmc-2020 with damage.pdf,94,,,UNCERTAIN_TABLE_IDENTITY,,,,
,2020,,27_26e77b_rsmc-2020 with damage.pdf,105,,,UNCERTAIN_TABLE_IDENTITY,,,,
,2020,,27_26e77b_rsmc-2020 with damage.pdf,108,,,UNCERTAIN_TABLE_IDENTITY,,,,
,2020,,27_26e77b_rsmc-2020 with damage.pdf,108,,,UNCERTAIN_TABLE_IDENTITY,,,,
,2020,,27_26e77b_rsmc-2020 with damage.pdf,108,,,UNCERTAIN_TABLE_IDENTITY,,,,
,2020,,27_26e77b_rsmc-2020 with damage.pdf,146,,,UNCERTAIN_TABLE_IDENTITY,,,,
,2020,,27_26e77b_rsmc-2020 with damage.pdf,243,,,UNCERTAIN_TABLE_IDENTITY,,,,
,2020,,27_26e77b_rsmc-2020 with damage.pdf,245,,,UNCERTAIN_TABLE_IDENTITY,,,,
,2020,,27_26e77b_rsmc-2020 with damage.pdf,251,,,UNCERTAIN_TABLE_IDENTITY,,,,
,2020,,27_26e77b_rsmc-2020 with damage.pdf,259,,,UNCERTAIN_TABLE_IDENTITY,,,,
,2020,,27_26e77b_rsmc-2020 with damage.pdf,259,,,UNCERTAIN_TABLE_IDENTITY,,,,
,2020,,27_26e77b_rsmc-2020 with damage.pdf,261,,,UNCERTAIN_TABLE_IDENTITY,,,,
,2020,,27_26e77b_rsmc-2020 with damage.pdf,261,,,UNCERTAIN_TABLE_IDENTITY,,,,
,2020,,27_26e77b_rsmc-2020 with damage.pdf,271,,,UNCERTAIN_TABLE_IDENTITY,,,,
,2020,,27_26e77b_rsmc-2020 with damage.pdf,283,,,UNCERTAIN_TABLE_IDENTITY,,,,
,2020,,27_26e77b_rsmc-2020 with damage.pdf,285,,,UNCERTAIN_TABLE_IDENTITY,,,,
,2020,,27_26e77b_rsmc-2020 with damage.pdf,292,,,UNCERTAIN_TABLE_IDENTITY,,,,
,2020,,27_26e77b_rsmc-2020 with damage.pdf,301,,,UNCERTAIN_TABLE_IDENTITY,,,,
,2020,,27_26e77b_rsmc-2020 with damage.pdf,304,,,UNCERTAIN_TABLE_IDENTITY,,,,
,2020,,27_26e77b_rsmc-2020 with damage.pdf,305,,,UNCERTAIN_TABLE_IDENTITY,,,,
,2020,,27_26e77b_rsmc-2020 with damage.pdf,308,,,UNCERTAIN_TABLE_IDENTITY,,,,
,2020,,27_26e77b_rsmc-2020 with damage.pdf,312,,,UNCERTAIN_TABLE_IDENTITY,,,,
,2020,,27_26e77b_rsmc-2020 with damage.pdf,312,,,UNCERTAIN_TABLE_IDENTITY,,,,
,2020,,27_26e77b_rsmc-2020 with damage.pdf,316,,,UNCERTAIN_TABLE_IDENTITY,,,,
,2020,,27_26e77b_rsmc-2020 with damage.pdf,321,,,UNCERTAIN_TABLE_IDENTITY,,,,
,2020,,27_26e77b_rsmc-2020 with damage.pdf,322,,,UNCERTAIN_TABLE_IDENTITY,,,,
,2020,,27_26e77b_rsmc-2020 with damage.pdf,331,,,UNCERTAIN_TABLE_IDENTITY,,,,
,2020,,27_26e77b_rsmc-2020 with damage.pdf,335,,,UNCERTAIN_TABLE_IDENTITY,,,,
,2020,,27_26e77b_rsmc-2020 with damage.pdf,337,,,UNCERTAIN_TABLE_IDENTITY,,,,
,2020,,27_26e77b_rsmc-2020 with damage.pdf,340,,,UNCERTAIN_TABLE_IDENTITY,,,,
,2020,,27_26e77b_rsmc-2020 with damage.pdf,341,,,UNCERTAIN_TABLE_IDENTITY,,,,
,2020,,27_26e77b_rsmc-2020 with damage.pdf,343,,,UNCERTAIN_TABLE_IDENTITY,,,,
,2020,,27_26e77b_rsmc-2020 with damage.pdf,344,,,UNCERTAIN_TABLE_IDENTITY,,,,
,2021,,27_81bdf0_RSMC Report 2021.pdf,28,,,UNCERTAIN_TABLE_IDENTITY,,,,
,2021,,27_81bdf0_RSMC Report 2021.pdf,29,,,UNCERTAIN_TABLE_IDENTITY,,,,
,2021,,27_81bdf0_RSMC Report 2021.pdf,30,,,UNCERTAIN_TABLE_IDENTITY,,,,
,2021,,27_81bdf0_RSMC Report 2021.pdf,31,,,UNCERTAIN_TABLE_IDENTITY,,,,
,2021,,27_81bdf0_RSMC Report 2021.pdf,31,,,UNCERTAIN_TABLE_IDENTITY,,,,
,2021,,27_81bdf0_RSMC Report 2021.pdf,32,,,UNCERTAIN_TABLE_IDENTITY,,,,
,2021,,27_81bdf0_RSMC Report 2021.pdf,33,,,UNCERTAIN_TABLE_IDENTITY,,,,
,2021,,27_81bdf0_RSMC Report 2021.pdf,34,,,UNCERTAIN_TABLE_IDENTITY,,,,
,2021,,27_81bdf0_RSMC Report 2021.pdf,35,,,UNCERTAIN_TABLE_IDENTITY,,,,
,2021,,27_81bdf0_RSMC Report 2021.pdf,35,,,UNCERTAIN_TABLE_IDENTITY,,,,
,2021,,27_81bdf0_RSMC Report 2021.pdf,35,,,UNCERTAIN_TABLE_IDENTITY,,,,
,2021,,27_81bdf0_RSMC Report 2021.pdf,36,,,UNCERTAIN_TABLE_IDENTITY,,,,
,2021,,27_81bdf0_RSMC Report 2021.pdf,36,,,UNCERTAIN_TABLE_IDENTITY,,,,
,2021,,27_81bdf0_RSMC Report 2021.pdf,39,,,UNCERTAIN_TABLE_IDENTITY,,,,
,2021,,27_81bdf0_RSMC Report 2021.pdf,39,,,UNCERTAIN_TABLE_IDENTITY,,,,
,2021,,27_81bdf0_RSMC Report 2021.pdf,56,,,UNCERTAIN_TABLE_IDENTITY,,,,
,2021,,27_81bdf0_RSMC Report 2021.pdf,60,,,UNCERTAIN_TABLE_IDENTITY,,,,
,2021,,27_81bdf0_RSMC Report 2021.pdf,61,,,UNCERTAIN_TABLE_IDENTITY,,,,
,2021,,27_81bdf0_RSMC Report 2021.pdf,65,,,UNCERTAIN_TABLE_IDENTITY,,,,
,2021,,27_81bdf0_RSMC Report 2021.pdf,96,,,UNCERTAIN_TABLE_IDENTITY,,,,
,2021,,27_81bdf0_RSMC Report 2021.pdf,131,,,UNCERTAIN_TABLE_IDENTITY,,,,
,2021,,27_81bdf0_RSMC Report 2021.pdf,133,,,UNCERTAIN_TABLE_IDENTITY,,,,
,2021,,27_81bdf0_RSMC Report 2021.pdf,170,,,UNCERTAIN_TABLE_IDENTITY,,,,
,2021,,27_81bdf0_RSMC Report 2021.pdf,193,,,UNCERTAIN_TABLE_IDENTITY,,,,
,2021,,27_81bdf0_RSMC Report 2021.pdf,205,,,UNCERTAIN_TABLE_IDENTITY,,,,
,2021,,27_81bdf0_RSMC Report 2021.pdf,206,,,UNCERTAIN_TABLE_IDENTITY,,,,
,2021,,27_81bdf0_RSMC Report 2021.pdf,207,,,UNCERTAIN_TABLE_IDENTITY,,,,
,2021,,27_81bdf0_RSMC Report 2021.pdf,210,,,UNCERTAIN_TABLE_IDENTITY,,,,
,2021,,27_81bdf0_RSMC Report 2021.pdf,231,,,UNCERTAIN_TABLE_IDENTITY,,,,
,2021,,27_81bdf0_RSMC Report 2021.pdf,243,,,UNCERTAIN_TABLE_IDENTITY,,,,
,2021,,27_81bdf0_RSMC Report 2021.pdf,243,,,UNCERTAIN_TABLE_IDENTITY,,,,
,2021,,27_81bdf0_RSMC Report 2021.pdf,281,,,UNCERTAIN_TABLE_IDENTITY,,,,
,2021,,27_81bdf0_RSMC Report 2021.pdf,283,,,UNCERTAIN_TABLE_IDENTITY,,,,
,2021,,27_81bdf0_RSMC Report 2021.pdf,285,,,UNCERTAIN_TABLE_IDENTITY,,,,
,2021,,27_81bdf0_RSMC Report 2021.pdf,294,,,UNCERTAIN_TABLE_IDENTITY,,,,
,2021,,27_81bdf0_RSMC Report 2021.pdf,295,,,UNCERTAIN_TABLE_IDENTITY,,,,
,2021,,27_81bdf0_RSMC Report 2021.pdf,297,,,UNCERTAIN_TABLE_IDENTITY,,,,
,2021,,27_81bdf0_RSMC Report 2021.pdf,298,,,UNCERTAIN_TABLE_IDENTITY,,,,
,2021,,27_81bdf0_RSMC Report 2021.pdf,299,,,UNCERTAIN_TABLE_IDENTITY,,,,
,2021,,27_81bdf0_RSMC Report 2021.pdf,299,,,UNCERTAIN_TABLE_IDENTITY,,,,
,2021,,27_81bdf0_RSMC Report 2021.pdf,300,,,UNCERTAIN_TABLE_IDENTITY,,,,
,2021,,27_81bdf0_RSMC Report 2021.pdf,310,,,UNCERTAIN_TABLE_IDENTITY,,,,
,2021,,27_81bdf0_RSMC Report 2021.pdf,312,,,UNCERTAIN_TABLE_IDENTITY,,,,
,2021,,27_81bdf0_RSMC Report 2021.pdf,314,,,UNCERTAIN_TABLE_IDENTITY,,,,
,2021,,27_81bdf0_RSMC Report 2021.pdf,318,,,UNCERTAIN_TABLE_IDENTITY,,,,
,2021,,27_81bdf0_RSMC Report 2021.pdf,320,,,UNCERTAIN_TABLE_IDENTITY,,,,
,2021,,27_81bdf0_RSMC Report 2021.pdf,323,,,UNCERTAIN_TABLE_IDENTITY,,,,
,2021,,27_81bdf0_RSMC Report 2021.pdf,324,,,UNCERTAIN_TABLE_IDENTITY,,,,
,2022,,27_501da8_RSMC full report 2022 13 Jan.pdf,1,,,UNCERTAIN_TABLE_IDENTITY,,,,
,2022,,27_501da8_RSMC full report 2022 13 Jan.pdf,39,,,UNCERTAIN_TABLE_IDENTITY,,,,
,2022,,27_501da8_RSMC full report 2022 13 Jan.pdf,42,,,UNCERTAIN_TABLE_IDENTITY,,,,
,2022,,27_501da8_RSMC full report 2022 13 Jan.pdf,43,,,UNCERTAIN_TABLE_IDENTITY,,,,
,2022,,27_501da8_RSMC full report 2022 13 Jan.pdf,44,,,UNCERTAIN_TABLE_IDENTITY,,,,
,2022,,27_501da8_RSMC full report 2022 13 Jan.pdf,44,,,UNCERTAIN_TABLE_IDENTITY,,,,
,2022,,27_501da8_RSMC full report 2022 13 Jan.pdf,44,,,UNCERTAIN_TABLE_IDENTITY,,,,
,2022,,27_501da8_RSMC full report 2022 13 Jan.pdf,44,,,UNCERTAIN_TABLE_IDENTITY,,,,
,2022,,27_501da8_RSMC full report 2022 13 Jan.pdf,44,,,UNCERTAIN_TABLE_IDENTITY,,,,
,2022,,27_501da8_RSMC full report 2022 13 Jan.pdf,47,,,UNCERTAIN_TABLE_IDENTITY,,,,
,2022,,27_501da8_RSMC full report 2022 13 Jan.pdf,47,,,UNCERTAIN_TABLE_IDENTITY,,,,
,2022,,27_501da8_RSMC full report 2022 13 Jan.pdf,51,,,UNCERTAIN_TABLE_IDENTITY,,,,
,2022,,27_501da8_RSMC full report 2022 13 Jan.pdf,78,,,UNCERTAIN_TABLE_IDENTITY,,,,
,2022,,27_501da8_RSMC full report 2022 13 Jan.pdf,81,,,UNCERTAIN_TABLE_IDENTITY,,,,
,2022,,27_501da8_RSMC full report 2022 13 Jan.pdf,103,,,UNCERTAIN_TABLE_IDENTITY,,,,
,2022,,27_501da8_RSMC full report 2022 13 Jan.pdf,115,,,UNCERTAIN_TABLE_IDENTITY,,,,
,2022,,27_501da8_RSMC full report 2022 13 Jan.pdf,117,,,UNCERTAIN_TABLE_IDENTITY,,,,
,2022,,27_501da8_RSMC full report 2022 13 Jan.pdf,118,,,UNCERTAIN_TABLE_IDENTITY,,,,
,2022,,27_501da8_RSMC full report 2022 13 Jan.pdf,136,,,UNCERTAIN_TABLE_IDENTITY,,,,
,2022,,27_501da8_RSMC full report 2022 13 Jan.pdf,137,,,UNCERTAIN_TABLE_IDENTITY,,,,
,2022,,27_501da8_RSMC full report 2022 13 Jan.pdf,149,,,UNCERTAIN_TABLE_IDENTITY,,,,
,2022,,27_501da8_RSMC full report 2022 13 Jan.pdf,151,,,UNCERTAIN_TABLE_IDENTITY,,,,
,2022,,27_501da8_RSMC full report 2022 13 Jan.pdf,153,,,UNCERTAIN_TABLE_IDENTITY,,,,
,2022,,27_501da8_RSMC full report 2022 13 Jan.pdf,162,,,UNCERTAIN_TABLE_IDENTITY,,,,
,2022,,27_501da8_RSMC full report 2022 13 Jan.pdf,166,,,UNCERTAIN_TABLE_IDENTITY,,,,
,2022,,27_501da8_RSMC full report 2022 13 Jan.pdf,181,,,UNCERTAIN_TABLE_IDENTITY,,,,
,2022,,27_501da8_RSMC full report 2022 13 Jan.pdf,181,,,UNCERTAIN_TABLE_IDENTITY,,,,
,2022,,27_501da8_RSMC full report 2022 13 Jan.pdf,181,,,UNCERTAIN_TABLE_IDENTITY,,,,
,2022,,27_501da8_RSMC full report 2022 13 Jan.pdf,182,,,UNCERTAIN_TABLE_IDENTITY,,,,
,2022,,27_501da8_RSMC full report 2022 13 Jan.pdf,183,,,UNCERTAIN_TABLE_IDENTITY,,,,
,2022,,27_501da8_RSMC full report 2022 13 Jan.pdf,183,,,UNCERTAIN_TABLE_IDENTITY,,,,
,2022,,27_501da8_RSMC full report 2022 13 Jan.pdf,184,,,UNCERTAIN_TABLE_IDENTITY,,,,
,2022,,27_501da8_RSMC full report 2022 13 Jan.pdf,195,,,UNCERTAIN_TABLE_IDENTITY,,,,
,2022,,27_501da8_RSMC full report 2022 13 Jan.pdf,196,,,UNCERTAIN_TABLE_IDENTITY,,,,
,2022,,27_501da8_RSMC full report 2022 13 Jan.pdf,218,,,UNCERTAIN_TABLE_IDENTITY,,,,
,2022,,27_501da8_RSMC full report 2022 13 Jan.pdf,231,,,UNCERTAIN_TABLE_IDENTITY,,,,
,2022,,27_501da8_RSMC full report 2022 13 Jan.pdf,232,,,UNCERTAIN_TABLE_IDENTITY,,,,
,2022,,27_501da8_RSMC full report 2022 13 Jan.pdf,233,,,UNCERTAIN_TABLE_IDENTITY,,,,
,2022,,27_501da8_RSMC full report 2022 13 Jan.pdf,238,,,UNCERTAIN_TABLE_IDENTITY,,,,
,2022,,27_501da8_RSMC full report 2022 13 Jan.pdf,254,,,UNCERTAIN_TABLE_IDENTITY,,,,
,2022,,27_501da8_RSMC full report 2022 13 Jan.pdf,281,,,UNCERTAIN_TABLE_IDENTITY,,,,
,2022,,27_501da8_RSMC full report 2022 13 Jan.pdf,294,,,UNCERTAIN_TABLE_IDENTITY,,,,
,2022,,27_501da8_RSMC full report 2022 13 Jan.pdf,295,,,UNCERTAIN_TABLE_IDENTITY,,,,
,2022,,27_501da8_RSMC full report 2022 13 Jan.pdf,296,,,UNCERTAIN_TABLE_IDENTITY,,,,
,2022,,27_501da8_RSMC full report 2022 13 Jan.pdf,296,,,UNCERTAIN_TABLE_IDENTITY,,,,
,2022,,27_501da8_RSMC full report 2022 13 Jan.pdf,303,,,UNCERTAIN_TABLE_IDENTITY,,,,
,2022,,27_501da8_RSMC full report 2022 13 Jan.pdf,303,,,UNCERTAIN_TABLE_IDENTITY,,,,
,2022,,27_501da8_RSMC full report 2022 13 Jan.pdf,303,,,UNCERTAIN_TABLE_IDENTITY,,,,
,2022,,27_501da8_RSMC full report 2022 13 Jan.pdf,310,,,UNCERTAIN_TABLE_IDENTITY,,,,
,2022,,27_501da8_RSMC full report 2022 13 Jan.pdf,312,,,UNCERTAIN_TABLE_IDENTITY,,,,
,2022,,27_501da8_RSMC full report 2022 13 Jan.pdf,312,,,UNCERTAIN_TABLE_IDENTITY,,,,
,2022,,27_501da8_RSMC full report 2022 13 Jan.pdf,312,,,UNCERTAIN_TABLE_IDENTITY,,,,
,2022,,27_501da8_RSMC full report 2022 13 Jan.pdf,314,,,UNCERTAIN_TABLE_IDENTITY,,,,
,2022,,27_501da8_RSMC full report 2022 13 Jan.pdf,315,,,UNCERTAIN_TABLE_IDENTITY,,,,
,2022,,27_501da8_RSMC full report 2022 13 Jan.pdf,315,,,UNCERTAIN_TABLE_IDENTITY,,,,
,2022,,27_501da8_RSMC full report 2022 13 Jan.pdf,316,,,UNCERTAIN_TABLE_IDENTITY,,,,
,2022,,27_501da8_RSMC full report 2022 13 Jan.pdf,321,,,UNCERTAIN_TABLE_IDENTITY,,,,
,2022,,27_501da8_RSMC full report 2022 13 Jan.pdf,324,,,UNCERTAIN_TABLE_IDENTITY,,,,
,2022,,27_501da8_RSMC full report 2022 13 Jan.pdf,329,,,UNCERTAIN_TABLE_IDENTITY,,,,
,2022,,27_501da8_RSMC full report 2022 13 Jan.pdf,331,,,UNCERTAIN_TABLE_IDENTITY,,,,
,2022,,27_501da8_RSMC full report 2022 13 Jan.pdf,333,,,UNCERTAIN_TABLE_IDENTITY,,,,
,2022,,27_501da8_RSMC full report 2022 13 Jan.pdf,339,,,UNCERTAIN_TABLE_IDENTITY,,,,
,2022,,27_501da8_RSMC full report 2022 13 Jan.pdf,341,,,UNCERTAIN_TABLE_IDENTITY,,,,
,2022,,27_501da8_RSMC full report 2022 13 Jan.pdf,343,,,UNCERTAIN_TABLE_IDENTITY,,,,
,2022,,27_501da8_RSMC full report 2022 13 Jan.pdf,344,,,UNCERTAIN_TABLE_IDENTITY,,,,
,2022,,27_501da8_RSMC full report 2022 13 Jan.pdf,345,,,UNCERTAIN_TABLE_IDENTITY,,,,
,2022,,27_501da8_RSMC full report 2022 13 Jan.pdf,350,,,UNCERTAIN_TABLE_IDENTITY,,,,
,2022,,27_501da8_RSMC full report 2022 13 Jan.pdf,352,,,UNCERTAIN_TABLE_IDENTITY,,,,
,2022,,27_501da8_RSMC full report 2022 13 Jan.pdf,353,,,UNCERTAIN_TABLE_IDENTITY,,,,
,2022,,27_501da8_RSMC full report 2022 13 Jan.pdf,353,,,UNCERTAIN_TABLE_IDENTITY,,,,
,2022,,27_501da8_RSMC full report 2022 13 Jan.pdf,353,,,UNCERTAIN_TABLE_IDENTITY,,,,
,2022,,27_501da8_RSMC full report 2022 13 Jan.pdf,353,,,UNCERTAIN_TABLE_IDENTITY,,,,
,2022,,27_501da8_RSMC full report 2022 13 Jan.pdf,353,,,UNCERTAIN_TABLE_IDENTITY,,,,
,2022,,27_501da8_RSMC full report 2022 13 Jan.pdf,353,,,UNCERTAIN_TABLE_IDENTITY,,,,
,2022,,27_501da8_RSMC full report 2022 13 Jan.pdf,354,,,UNCERTAIN_TABLE_IDENTITY,,,,
,2022,,27_501da8_RSMC full report 2022 13 Jan.pdf,354,,,UNCERTAIN_TABLE_IDENTITY,,,,
,2022,,27_501da8_RSMC full report 2022 13 Jan.pdf,354,,,UNCERTAIN_TABLE_IDENTITY,,,,
,2022,,27_501da8_RSMC full report 2022 13 Jan.pdf,354,,,UNCERTAIN_TABLE_IDENTITY,,,,
,2022,,27_501da8_RSMC full report 2022 13 Jan.pdf,354,,,UNCERTAIN_TABLE_IDENTITY,,,,
,2022,,27_501da8_RSMC full report 2022 13 Jan.pdf,354,,,UNCERTAIN_TABLE_IDENTITY,,,,
,2022,,27_501da8_RSMC full report 2022 13 Jan.pdf,354,,,UNCERTAIN_TABLE_IDENTITY,,,,
,2022,,27_501da8_RSMC full report 2022 13 Jan.pdf,354,,,UNCERTAIN_TABLE_IDENTITY,,,,
,2022,,27_501da8_RSMC full report 2022 13 Jan.pdf,354,,,UNCERTAIN_TABLE_IDENTITY,,,,
,2022,,27_501da8_RSMC full report 2022 13 Jan.pdf,354,,,UNCERTAIN_TABLE_IDENTITY,,,,
,2022,,27_501da8_RSMC full report 2022 13 Jan.pdf,355,,,UNCERTAIN_TABLE_IDENTITY,,,,
,2022,,27_501da8_RSMC full report 2022 13 Jan.pdf,355,,,UNCERTAIN_TABLE_IDENTITY,,,,
,2022,,27_501da8_RSMC full report 2022 13 Jan.pdf,355,,,UNCERTAIN_TABLE_IDENTITY,,,,
,2022,,27_501da8_RSMC full report 2022 13 Jan.pdf,355,,,UNCERTAIN_TABLE_IDENTITY,,,,
,2022,,27_501da8_RSMC full report 2022 13 Jan.pdf,355,,,UNCERTAIN_TABLE_IDENTITY,,,,
,2022,,27_501da8_RSMC full report 2022 13 Jan.pdf,355,,,UNCERTAIN_TABLE_IDENTITY,,,,
,2022,,27_501da8_RSMC full report 2022 13 Jan.pdf,355,,,UNCERTAIN_TABLE_IDENTITY,,,,
,2022,,27_501da8_RSMC full report 2022 13 Jan.pdf,355,,,UNCERTAIN_TABLE_IDENTITY,,,,
,2022,,27_501da8_RSMC full report 2022 13 Jan.pdf,355,,,UNCERTAIN_TABLE_IDENTITY,,,,
,2022,,27_501da8_RSMC full report 2022 13 Jan.pdf,362,,,UNCERTAIN_TABLE_IDENTITY,,,,
,2022,,27_501da8_RSMC full report 2022 13 Jan.pdf,392,,,UNCERTAIN_TABLE_IDENTITY,,,,
,2023,,27_7d3be4_Final_upload RSMC Report 2024 (1).pdf,1,,,UNCERTAIN_TABLE_IDENTITY,,,,
,2023,,27_7d3be4_Final_upload RSMC Report 2024 (1).pdf,34,,,UNCERTAIN_TABLE_IDENTITY,,,,
,2023,,27_7d3be4_Final_upload RSMC Report 2024 (1).pdf,34,,,UNCERTAIN_TABLE_IDENTITY,,,,
,2023,,27_7d3be4_Final_upload RSMC Report 2024 (1).pdf,37,,,UNCERTAIN_TABLE_IDENTITY,,,,
,2023,,27_7d3be4_Final_upload RSMC Report 2024 (1).pdf,38,,,UNCERTAIN_TABLE_IDENTITY,,,,
,2023,,27_7d3be4_Final_upload RSMC Report 2024 (1).pdf,39,,,UNCERTAIN_TABLE_IDENTITY,,,,
,2023,,27_7d3be4_Final_upload RSMC Report 2024 (1).pdf,39,,,UNCERTAIN_TABLE_IDENTITY,,,,
,2023,,27_7d3be4_Final_upload RSMC Report 2024 (1).pdf,40,,,UNCERTAIN_TABLE_IDENTITY,,,,
,2023,,27_7d3be4_Final_upload RSMC Report 2024 (1).pdf,40,,,UNCERTAIN_TABLE_IDENTITY,,,,
,2023,,27_7d3be4_Final_upload RSMC Report 2024 (1).pdf,40,,,UNCERTAIN_TABLE_IDENTITY,,,,
,2023,,27_7d3be4_Final_upload RSMC Report 2024 (1).pdf,43,,,UNCERTAIN_TABLE_IDENTITY,,,,
,2023,,27_7d3be4_Final_upload RSMC Report 2024 (1).pdf,43,,,UNCERTAIN_TABLE_IDENTITY,,,,
,2023,,27_7d3be4_Final_upload RSMC Report 2024 (1).pdf,46,,,UNCERTAIN_TABLE_IDENTITY,,,,
,2023,,27_7d3be4_Final_upload RSMC Report 2024 (1).pdf,64,,,UNCERTAIN_TABLE_IDENTITY,,,,
,2023,,27_7d3be4_Final_upload RSMC Report 2024 (1).pdf,67,,,UNCERTAIN_TABLE_IDENTITY,,,,
,2023,,27_7d3be4_Final_upload RSMC Report 2024 (1).pdf,71,,,UNCERTAIN_TABLE_IDENTITY,,,,
,2023,,27_7d3be4_Final_upload RSMC Report 2024 (1).pdf,74,,,UNCERTAIN_TABLE_IDENTITY,,,,
,2023,,27_7d3be4_Final_upload RSMC Report 2024 (1).pdf,76,,,UNCERTAIN_TABLE_IDENTITY,,,,
,2023,,27_7d3be4_Final_upload RSMC Report 2024 (1).pdf,91,,,UNCERTAIN_TABLE_IDENTITY,,,,
,2023,,27_7d3be4_Final_upload RSMC Report 2024 (1).pdf,94,,,UNCERTAIN_TABLE_IDENTITY,,,,
,2023,,27_7d3be4_Final_upload RSMC Report 2024 (1).pdf,103,,,UNCERTAIN_TABLE_IDENTITY,,,,
,2023,,27_7d3be4_Final_upload RSMC Report 2024 (1).pdf,110,,,UNCERTAIN_TABLE_IDENTITY,,,,
,2023,,27_7d3be4_Final_upload RSMC Report 2024 (1).pdf,116,,,UNCERTAIN_TABLE_IDENTITY,,,,
,2023,,27_7d3be4_Final_upload RSMC Report 2024 (1).pdf,131,,,UNCERTAIN_TABLE_IDENTITY,,,,
,2023,,27_7d3be4_Final_upload RSMC Report 2024 (1).pdf,132,,,UNCERTAIN_TABLE_IDENTITY,,,,
,2023,,27_7d3be4_Final_upload RSMC Report 2024 (1).pdf,142,,,UNCERTAIN_TABLE_IDENTITY,,,,
,2023,,27_7d3be4_Final_upload RSMC Report 2024 (1).pdf,157,,,UNCERTAIN_TABLE_IDENTITY,,,,
,2023,,27_7d3be4_Final_upload RSMC Report 2024 (1).pdf,183,,,UNCERTAIN_TABLE_IDENTITY,,,,
,2023,,27_7d3be4_Final_upload RSMC Report 2024 (1).pdf,196,,,UNCERTAIN_TABLE_IDENTITY,,,,
,2023,,27_7d3be4_Final_upload RSMC Report 2024 (1).pdf,202,,,UNCERTAIN_TABLE_IDENTITY,,,,
,2023,,27_7d3be4_Final_upload RSMC Report 2024 (1).pdf,204,,,UNCERTAIN_TABLE_IDENTITY,,,,
,2023,,27_7d3be4_Final_upload RSMC Report 2024 (1).pdf,209,,,UNCERTAIN_TABLE_IDENTITY,,,,
,2023,,27_7d3be4_Final_upload RSMC Report 2024 (1).pdf,209,,,UNCERTAIN_TABLE_IDENTITY,,,,
,2023,,27_7d3be4_Final_upload RSMC Report 2024 (1).pdf,212,,,UNCERTAIN_TABLE_IDENTITY,,,,
,2023,,27_7d3be4_Final_upload RSMC Report 2024 (1).pdf,224,,,UNCERTAIN_TABLE_IDENTITY,,,,
,2023,,27_7d3be4_Final_upload RSMC Report 2024 (1).pdf,249,,,UNCERTAIN_TABLE_IDENTITY,,,,
,2023,,27_7d3be4_Final_upload RSMC Report 2024 (1).pdf,262,,,UNCERTAIN_TABLE_IDENTITY,,,,
,2023,,27_7d3be4_Final_upload RSMC Report 2024 (1).pdf,264,,,UNCERTAIN_TABLE_IDENTITY,,,,
,2023,,27_7d3be4_Final_upload RSMC Report 2024 (1).pdf,265,,,UNCERTAIN_TABLE_IDENTITY,,,,
,2023,,27_7d3be4_Final_upload RSMC Report 2024 (1).pdf,266,,,UNCERTAIN_TABLE_IDENTITY,,,,
,2023,,27_7d3be4_Final_upload RSMC Report 2024 (1).pdf,266,,,UNCERTAIN_TABLE_IDENTITY,,,,
,2023,,27_7d3be4_Final_upload RSMC Report 2024 (1).pdf,266,,,UNCERTAIN_TABLE_IDENTITY,,,,
,2023,,27_7d3be4_Final_upload RSMC Report 2024 (1).pdf,281,,,UNCERTAIN_TABLE_IDENTITY,,,,
,2023,,27_7d3be4_Final_upload RSMC Report 2024 (1).pdf,282,,,UNCERTAIN_TABLE_IDENTITY,,,,
,2023,,27_7d3be4_Final_upload RSMC Report 2024 (1).pdf,284,,,UNCERTAIN_TABLE_IDENTITY,,,,
,2023,,27_7d3be4_Final_upload RSMC Report 2024 (1).pdf,284,,,UNCERTAIN_TABLE_IDENTITY,,,,
,2023,,27_7d3be4_Final_upload RSMC Report 2024 (1).pdf,284,,,UNCERTAIN_TABLE_IDENTITY,,,,
,2023,,27_7d3be4_Final_upload RSMC Report 2024 (1).pdf,294,,,UNCERTAIN_TABLE_IDENTITY,,,,
,2023,,27_7d3be4_Final_upload RSMC Report 2024 (1).pdf,295,,,UNCERTAIN_TABLE_IDENTITY,,,,
,2023,,27_7d3be4_Final_upload RSMC Report 2024 (1).pdf,295,,,UNCERTAIN_TABLE_IDENTITY,,,,
,2023,,27_7d3be4_Final_upload RSMC Report 2024 (1).pdf,295,,,UNCERTAIN_TABLE_IDENTITY,,,,
,2023,,27_7d3be4_Final_upload RSMC Report 2024 (1).pdf,301,,,UNCERTAIN_TABLE_IDENTITY,,,,
,2023,,27_7d3be4_Final_upload RSMC Report 2024 (1).pdf,302,,,UNCERTAIN_TABLE_IDENTITY,,,,
,2023,,27_7d3be4_Final_upload RSMC Report 2024 (1).pdf,302,,,UNCERTAIN_TABLE_IDENTITY,,,,
,2023,,27_7d3be4_Final_upload RSMC Report 2024 (1).pdf,303,,,UNCERTAIN_TABLE_IDENTITY,,,,
,2023,,27_7d3be4_Final_upload RSMC Report 2024 (1).pdf,303,,,UNCERTAIN_TABLE_IDENTITY,,,,
,2023,,27_7d3be4_Final_upload RSMC Report 2024 (1).pdf,307,,,UNCERTAIN_TABLE_IDENTITY,,,,
,2023,,27_7d3be4_Final_upload RSMC Report 2024 (1).pdf,308,,,UNCERTAIN_TABLE_IDENTITY,,,,
,2023,,27_7d3be4_Final_upload RSMC Report 2024 (1).pdf,309,,,UNCERTAIN_TABLE_IDENTITY,,,,
,2023,,27_7d3be4_Final_upload RSMC Report 2024 (1).pdf,309,,,UNCERTAIN_TABLE_IDENTITY,,,,
,2023,,27_7d3be4_Final_upload RSMC Report 2024 (1).pdf,309,,,UNCERTAIN_TABLE_IDENTITY,,,,
,2023,,27_7d3be4_Final_upload RSMC Report 2024 (1).pdf,318,,,UNCERTAIN_TABLE_IDENTITY,,,,
,2023,,27_7d3be4_Final_upload RSMC Report 2024 (1).pdf,319,,,UNCERTAIN_TABLE_IDENTITY,,,,
,2023,,27_7d3be4_Final_upload RSMC Report 2024 (1).pdf,319,,,UNCERTAIN_TABLE_IDENTITY,,,,
,2023,,27_7d3be4_Final_upload RSMC Report 2024 (1).pdf,319,,,UNCERTAIN_TABLE_IDENTITY,,,,
,2023,,27_7d3be4_Final_upload RSMC Report 2024 (1).pdf,322,,,UNCERTAIN_TABLE_IDENTITY,,,,
,2023,,27_7d3be4_Final_upload RSMC Report 2024 (1).pdf,323,,,UNCERTAIN_TABLE_IDENTITY,,,,
,2023,,27_7d3be4_Final_upload RSMC Report 2024 (1).pdf,324,,,UNCERTAIN_TABLE_IDENTITY,,,,
,2023,,27_7d3be4_Final_upload RSMC Report 2024 (1).pdf,332,,,UNCERTAIN_TABLE_IDENTITY,,,,
,2023,,27_7d3be4_Final_upload RSMC Report 2024 (1).pdf,334,,,UNCERTAIN_TABLE_IDENTITY,,,,
,2023,,27_7d3be4_Final_upload RSMC Report 2024 (1).pdf,336,,,UNCERTAIN_TABLE_IDENTITY,,,,
,2023,,27_7d3be4_Final_upload RSMC Report 2024 (1).pdf,337,,,UNCERTAIN_TABLE_IDENTITY,,,,
,2023,,27_7d3be4_Final_upload RSMC Report 2024 (1).pdf,338,,,UNCERTAIN_TABLE_IDENTITY,,,,
,2023,,27_7d3be4_Final_upload RSMC Report 2024 (1).pdf,339,,,UNCERTAIN_TABLE_IDENTITY,,,,
,2023,,27_7d3be4_Final_upload RSMC Report 2024 (1).pdf,341,,,UNCERTAIN_TABLE_IDENTITY,,,,
,2023,,27_7d3be4_Final_upload RSMC Report 2024 (1).pdf,344,,,UNCERTAIN_TABLE_IDENTITY,,,,
,2023,,27_7d3be4_Final_upload RSMC Report 2024 (1).pdf,346,,,UNCERTAIN_TABLE_IDENTITY,,,,
,2023,,27_7d3be4_Final_upload RSMC Report 2024 (1).pdf,347,,,UNCERTAIN_TABLE_IDENTITY,,,,
,2023,,27_7d3be4_Final_upload RSMC Report 2024 (1).pdf,350,,,UNCERTAIN_TABLE_IDENTITY,,,,
,2023,,27_7d3be4_Final_upload RSMC Report 2024 (1).pdf,352,,,UNCERTAIN_TABLE_IDENTITY,,,,
,2023,,27_7d3be4_Final_upload RSMC Report 2024 (1).pdf,353,,,UNCERTAIN_TABLE_IDENTITY,,,,
,2023,,27_7d3be4_Final_upload RSMC Report 2024 (1).pdf,354,,,UNCERTAIN_TABLE_IDENTITY,,,,
,2023,,27_7d3be4_Final_upload RSMC Report 2024 (1).pdf,355,,,UNCERTAIN_TABLE_IDENTITY,,,,
,2023,,27_7d3be4_Final_upload RSMC Report 2024 (1).pdf,356,,,UNCERTAIN_TABLE_IDENTITY,,,,
,2023,,27_7d3be4_Final_upload RSMC Report 2024 (1).pdf,357,,,UNCERTAIN_TABLE_IDENTITY,,,,
,2023,,27_7d3be4_Final_upload RSMC Report 2024 (1).pdf,358,,,UNCERTAIN_TABLE_IDENTITY,,,,
,2023,,27_7d3be4_Final_upload RSMC Report 2024 (1).pdf,359,,,UNCERTAIN_TABLE_IDENTITY,,,,
,2023,,27_7d3be4_Final_upload RSMC Report 2024 (1).pdf,360,,,UNCERTAIN_TABLE_IDENTITY,,,,
,2023,,27_7d3be4_Final_upload RSMC Report 2024 (1).pdf,361,,,UNCERTAIN_TABLE_IDENTITY,,,,
,2023,,27_7d3be4_Final_upload RSMC Report 2024 (1).pdf,364,,,UNCERTAIN_TABLE_IDENTITY,,,,
,2023,,27_7d3be4_Final_upload RSMC Report 2024 (1).pdf,365,,,UNCERTAIN_TABLE_IDENTITY,,,,
,2023,,27_7d3be4_Final_upload RSMC Report 2024 (1).pdf,369,,,UNCERTAIN_TABLE_IDENTITY,,,,
,2023,,27_7d3be4_Final_upload RSMC Report 2024 (1).pdf,371,,,UNCERTAIN_TABLE_IDENTITY,,,,
,2023,,27_7d3be4_Final_upload RSMC Report 2024 (1).pdf,372,,,UNCERTAIN_TABLE_IDENTITY,,,,
,2023,,27_7d3be4_Final_upload RSMC Report 2024 (1).pdf,377,,,UNCERTAIN_TABLE_IDENTITY,,,,
,2023,,27_7d3be4_Final_upload RSMC Report 2024 (1).pdf,378,,,UNCERTAIN_TABLE_IDENTITY,,,,
,2023,,27_7d3be4_Final_upload RSMC Report 2024 (1).pdf,380,,,UNCERTAIN_TABLE_IDENTITY,,,,
,2023,,27_7d3be4_Final_upload RSMC Report 2024 (1).pdf,381,,,UNCERTAIN_TABLE_IDENTITY,,,,
,2023,,27_7d3be4_Final_upload RSMC Report 2024 (1).pdf,386,,,UNCERTAIN_TABLE_IDENTITY,,,,
,2023,,27_7d3be4_Final_upload RSMC Report 2024 (1).pdf,388,,,UNCERTAIN_TABLE_IDENTITY,,,,
,2023,,27_7d3be4_Final_upload RSMC Report 2024 (1).pdf,389,,,UNCERTAIN_TABLE_IDENTITY,,,,
,2023,,27_7d3be4_Final_upload RSMC Report 2024 (1).pdf,390,,,UNCERTAIN_TABLE_IDENTITY,,,,
,2023,,27_7d3be4_Final_upload RSMC Report 2024 (1).pdf,396,,,UNCERTAIN_TABLE_IDENTITY,,,,
,2023,,27_7d3be4_Final_upload RSMC Report 2024 (1).pdf,399,,,UNCERTAIN_TABLE_IDENTITY,,,,
,2023,,27_7d3be4_Final_upload RSMC Report 2024 (1).pdf,400,,,UNCERTAIN_TABLE_IDENTITY,,,,
,2023,,27_7d3be4_Final_upload RSMC Report 2024 (1).pdf,401,,,UNCERTAIN_TABLE_IDENTITY,,,,
,2023,,27_7d3be4_Final_upload RSMC Report 2024 (1).pdf,403,,,UNCERTAIN_TABLE_IDENTITY,,,,
,2023,,27_7d3be4_Final_upload RSMC Report 2024 (1).pdf,404,,,UNCERTAIN_TABLE_IDENTITY,,,,
,2023,,27_7d3be4_Final_upload RSMC Report 2024 (1).pdf,406,,,UNCERTAIN_TABLE_IDENTITY,,,,
,2023,,27_7d3be4_Final_upload RSMC Report 2024 (1).pdf,406,,,UNCERTAIN_TABLE_IDENTITY,,,,
,2023,,27_7d3be4_Final_upload RSMC Report 2024 (1).pdf,427,,,UNCERTAIN_TABLE_IDENTITY,,,,
,2023,,27_7d3be4_Final_upload RSMC Report 2024 (1).pdf,428,,,UNCERTAIN_TABLE_IDENTITY,,,,
,2024,,27_a7fb96_27_ef4e32_RSMC-Report2024-for upload.pdf,1,,,UNCERTAIN_TABLE_IDENTITY,,,,
,2024,,27_a7fb96_27_ef4e32_RSMC-Report2024-for upload.pdf,24,,,UNCERTAIN_TABLE_IDENTITY,,,,
,2024,,27_a7fb96_27_ef4e32_RSMC-Report2024-for upload.pdf,34,,,UNCERTAIN_TABLE_IDENTITY,,,,
,2024,,27_a7fb96_27_ef4e32_RSMC-Report2024-for upload.pdf,34,,,UNCERTAIN_TABLE_IDENTITY,,,,
,2024,,27_a7fb96_27_ef4e32_RSMC-Report2024-for upload.pdf,35,,,UNCERTAIN_TABLE_IDENTITY,,,,
,2024,,27_a7fb96_27_ef4e32_RSMC-Report2024-for upload.pdf,36,,,UNCERTAIN_TABLE_IDENTITY,,,,
,2024,,27_a7fb96_27_ef4e32_RSMC-Report2024-for upload.pdf,37,,,UNCERTAIN_TABLE_IDENTITY,,,,
,2024,,27_a7fb96_27_ef4e32_RSMC-Report2024-for upload.pdf,37,,,UNCERTAIN_TABLE_IDENTITY,,,,
,2024,,27_a7fb96_27_ef4e32_RSMC-Report2024-for upload.pdf,38,,,UNCERTAIN_TABLE_IDENTITY,,,,
,2024,,27_a7fb96_27_ef4e32_RSMC-Report2024-for upload.pdf,38,,,UNCERTAIN_TABLE_IDENTITY,,,,
,2024,,27_a7fb96_27_ef4e32_RSMC-Report2024-for upload.pdf,38,,,UNCERTAIN_TABLE_IDENTITY,,,,
,2024,,27_a7fb96_27_ef4e32_RSMC-Report2024-for upload.pdf,38,,,UNCERTAIN_TABLE_IDENTITY,,,,
,2024,,27_a7fb96_27_ef4e32_RSMC-Report2024-for upload.pdf,39,,,UNCERTAIN_TABLE_IDENTITY,,,,
,2024,,27_a7fb96_27_ef4e32_RSMC-Report2024-for upload.pdf,39,,,UNCERTAIN_TABLE_IDENTITY,,,,
,2024,,27_a7fb96_27_ef4e32_RSMC-Report2024-for upload.pdf,39,,,UNCERTAIN_TABLE_IDENTITY,,,,
,2024,,27_a7fb96_27_ef4e32_RSMC-Report2024-for upload.pdf,39,,,UNCERTAIN_TABLE_IDENTITY,,,,
,2024,,27_a7fb96_27_ef4e32_RSMC-Report2024-for upload.pdf,39,,,UNCERTAIN_TABLE_IDENTITY,,,,
,2024,,27_a7fb96_27_ef4e32_RSMC-Report2024-for upload.pdf,39,,,UNCERTAIN_TABLE_IDENTITY,,,,
,2024,,27_a7fb96_27_ef4e32_RSMC-Report2024-for upload.pdf,42,,,UNCERTAIN_TABLE_IDENTITY,,,,
,2024,,27_a7fb96_27_ef4e32_RSMC-Report2024-for upload.pdf,42,,,UNCERTAIN_TABLE_IDENTITY,,,,
,2024,,27_a7fb96_27_ef4e32_RSMC-Report2024-for upload.pdf,71,,,UNCERTAIN_TABLE_IDENTITY,,,,
,2024,,27_a7fb96_27_ef4e32_RSMC-Report2024-for upload.pdf,71,,,UNCERTAIN_TABLE_IDENTITY,,,,
,2024,,27_a7fb96_27_ef4e32_RSMC-Report2024-for upload.pdf,74,,,UNCERTAIN_TABLE_IDENTITY,,,,
,2024,,27_a7fb96_27_ef4e32_RSMC-Report2024-for upload.pdf,75,,,UNCERTAIN_TABLE_IDENTITY,,,,
,2024,,27_a7fb96_27_ef4e32_RSMC-Report2024-for upload.pdf,75,,,UNCERTAIN_TABLE_IDENTITY,,,,
,2024,,27_a7fb96_27_ef4e32_RSMC-Report2024-for upload.pdf,83,,,UNCERTAIN_TABLE_IDENTITY,,,,
,2024,,27_a7fb96_27_ef4e32_RSMC-Report2024-for upload.pdf,96,,,UNCERTAIN_TABLE_IDENTITY,,,,
,2024,,27_a7fb96_27_ef4e32_RSMC-Report2024-for upload.pdf,99,,,UNCERTAIN_TABLE_IDENTITY,,,,
,2024,,27_a7fb96_27_ef4e32_RSMC-Report2024-for upload.pdf,102,,,UNCERTAIN_TABLE_IDENTITY,,,,
,2024,,27_a7fb96_27_ef4e32_RSMC-Report2024-for upload.pdf,112,,,UNCERTAIN_TABLE_IDENTITY,,,,
,2024,,27_a7fb96_27_ef4e32_RSMC-Report2024-for upload.pdf,116,,,UNCERTAIN_TABLE_IDENTITY,,,,
,2024,,27_a7fb96_27_ef4e32_RSMC-Report2024-for upload.pdf,135,,,UNCERTAIN_TABLE_IDENTITY,,,,
,2024,,27_a7fb96_27_ef4e32_RSMC-Report2024-for upload.pdf,148,,,UNCERTAIN_TABLE_IDENTITY,,,,
,2024,,27_a7fb96_27_ef4e32_RSMC-Report2024-for upload.pdf,149,,,UNCERTAIN_TABLE_IDENTITY,,,,
,2024,,27_a7fb96_27_ef4e32_RSMC-Report2024-for upload.pdf,163,,,UNCERTAIN_TABLE_IDENTITY,,,,
,2024,,27_a7fb96_27_ef4e32_RSMC-Report2024-for upload.pdf,164,,,UNCERTAIN_TABLE_IDENTITY,,,,
,2024,,27_a7fb96_27_ef4e32_RSMC-Report2024-for upload.pdf,166,,,UNCERTAIN_TABLE_IDENTITY,,,,
,2024,,27_a7fb96_27_ef4e32_RSMC-Report2024-for upload.pdf,166,,,UNCERTAIN_TABLE_IDENTITY,,,,
,2024,,27_a7fb96_27_ef4e32_RSMC-Report2024-for upload.pdf,175,,,UNCERTAIN_TABLE_IDENTITY,,,,
,2024,,27_a7fb96_27_ef4e32_RSMC-Report2024-for upload.pdf,175,,,UNCERTAIN_TABLE_IDENTITY,,,,
,2024,,27_a7fb96_27_ef4e32_RSMC-Report2024-for upload.pdf,179,,,UNCERTAIN_TABLE_IDENTITY,,,,
,2024,,27_a7fb96_27_ef4e32_RSMC-Report2024-for upload.pdf,181,,,UNCERTAIN_TABLE_IDENTITY,,,,
,2024,,27_a7fb96_27_ef4e32_RSMC-Report2024-for upload.pdf,197,,,UNCERTAIN_TABLE_IDENTITY,,,,
,2024,,27_a7fb96_27_ef4e32_RSMC-Report2024-for upload.pdf,199,,,UNCERTAIN_TABLE_IDENTITY,,,,
,2024,,27_a7fb96_27_ef4e32_RSMC-Report2024-for upload.pdf,200,,,UNCERTAIN_TABLE_IDENTITY,,,,
,2024,,27_a7fb96_27_ef4e32_RSMC-Report2024-for upload.pdf,202,,,UNCERTAIN_TABLE_IDENTITY,,,,
,2024,,27_a7fb96_27_ef4e32_RSMC-Report2024-for upload.pdf,212,,,UNCERTAIN_TABLE_IDENTITY,,,,
,2024,,27_a7fb96_27_ef4e32_RSMC-Report2024-for upload.pdf,213,,,UNCERTAIN_TABLE_IDENTITY,,,,
,2024,,27_a7fb96_27_ef4e32_RSMC-Report2024-for upload.pdf,213,,,UNCERTAIN_TABLE_IDENTITY,,,,
,2024,,27_a7fb96_27_ef4e32_RSMC-Report2024-for upload.pdf,213,,,UNCERTAIN_TABLE_IDENTITY,,,,
,2024,,27_a7fb96_27_ef4e32_RSMC-Report2024-for upload.pdf,213,,,UNCERTAIN_TABLE_IDENTITY,,,,
,2024,,27_a7fb96_27_ef4e32_RSMC-Report2024-for upload.pdf,214,,,UNCERTAIN_TABLE_IDENTITY,,,,
,2024,,27_a7fb96_27_ef4e32_RSMC-Report2024-for upload.pdf,214,,,UNCERTAIN_TABLE_IDENTITY,,,,
,2024,,27_a7fb96_27_ef4e32_RSMC-Report2024-for upload.pdf,214,,,UNCERTAIN_TABLE_IDENTITY,,,,
,2024,,27_a7fb96_27_ef4e32_RSMC-Report2024-for upload.pdf,223,,,UNCERTAIN_TABLE_IDENTITY,,,,
,2024,,27_a7fb96_27_ef4e32_RSMC-Report2024-for upload.pdf,227,,,UNCERTAIN_TABLE_IDENTITY,,,,
,2024,,27_a7fb96_27_ef4e32_RSMC-Report2024-for upload.pdf,233,,,UNCERTAIN_TABLE_IDENTITY,,,,
,2024,,27_a7fb96_27_ef4e32_RSMC-Report2024-for upload.pdf,246,,,UNCERTAIN_TABLE_IDENTITY,,,,
,2024,,27_a7fb96_27_ef4e32_RSMC-Report2024-for upload.pdf,247,,,UNCERTAIN_TABLE_IDENTITY,,,,
,2024,,27_a7fb96_27_ef4e32_RSMC-Report2024-for upload.pdf,281,,,UNCERTAIN_TABLE_IDENTITY,,,,
,2024,,27_a7fb96_27_ef4e32_RSMC-Report2024-for upload.pdf,282,,,UNCERTAIN_TABLE_IDENTITY,,,,
,2024,,27_a7fb96_27_ef4e32_RSMC-Report2024-for upload.pdf,283,,,UNCERTAIN_TABLE_IDENTITY,,,,
,2024,,27_a7fb96_27_ef4e32_RSMC-Report2024-for upload.pdf,283,,,UNCERTAIN_TABLE_IDENTITY,,,,
,2024,,27_a7fb96_27_ef4e32_RSMC-Report2024-for upload.pdf,283,,,UNCERTAIN_TABLE_IDENTITY,,,,
,2024,,27_a7fb96_27_ef4e32_RSMC-Report2024-for upload.pdf,284,,,UNCERTAIN_TABLE_IDENTITY,,,,
,2024,,27_a7fb96_27_ef4e32_RSMC-Report2024-for upload.pdf,303,,,UNCERTAIN_TABLE_IDENTITY,,,,
,2024,,27_a7fb96_27_ef4e32_RSMC-Report2024-for upload.pdf,304,,,UNCERTAIN_TABLE_IDENTITY,,,,
,2024,,27_a7fb96_27_ef4e32_RSMC-Report2024-for upload.pdf,304,,,UNCERTAIN_TABLE_IDENTITY,,,,
,2024,,27_a7fb96_27_ef4e32_RSMC-Report2024-for upload.pdf,304,,,UNCERTAIN_TABLE_IDENTITY,,,,
,2024,,27_a7fb96_27_ef4e32_RSMC-Report2024-for upload.pdf,314,,,UNCERTAIN_TABLE_IDENTITY,,,,
,2024,,27_a7fb96_27_ef4e32_RSMC-Report2024-for upload.pdf,319,,,UNCERTAIN_TABLE_IDENTITY,,,,
,2024,,27_a7fb96_27_ef4e32_RSMC-Report2024-for upload.pdf,320,,,UNCERTAIN_TABLE_IDENTITY,,,,
,2024,,27_a7fb96_27_ef4e32_RSMC-Report2024-for upload.pdf,320,,,UNCERTAIN_TABLE_IDENTITY,,,,
,2024,,27_a7fb96_27_ef4e32_RSMC-Report2024-for upload.pdf,321,,,UNCERTAIN_TABLE_IDENTITY,,,,
,2024,,27_a7fb96_27_ef4e32_RSMC-Report2024-for upload.pdf,321,,,UNCERTAIN_TABLE_IDENTITY,,,,
,2024,,27_a7fb96_27_ef4e32_RSMC-Report2024-for upload.pdf,330,,,UNCERTAIN_TABLE_IDENTITY,,,,
,2024,,27_a7fb96_27_ef4e32_RSMC-Report2024-for upload.pdf,330,,,UNCERTAIN_TABLE_IDENTITY,,,,
,2024,,27_a7fb96_27_ef4e32_RSMC-Report2024-for upload.pdf,335,,,UNCERTAIN_TABLE_IDENTITY,,,,
,2024,,27_a7fb96_27_ef4e32_RSMC-Report2024-for upload.pdf,336,,,UNCERTAIN_TABLE_IDENTITY,,,,
,2024,,27_a7fb96_27_ef4e32_RSMC-Report2024-for upload.pdf,336,,,UNCERTAIN_TABLE_IDENTITY,,,,
,2024,,27_a7fb96_27_ef4e32_RSMC-Report2024-for upload.pdf,337,,,UNCERTAIN_TABLE_IDENTITY,,,,
,2024,,27_a7fb96_27_ef4e32_RSMC-Report2024-for upload.pdf,338,,,UNCERTAIN_TABLE_IDENTITY,,,,
,2024,,27_a7fb96_27_ef4e32_RSMC-Report2024-for upload.pdf,339,,,UNCERTAIN_TABLE_IDENTITY,,,,
,2024,,27_a7fb96_27_ef4e32_RSMC-Report2024-for upload.pdf,344,,,UNCERTAIN_TABLE_IDENTITY,,,,
,2024,,27_a7fb96_27_ef4e32_RSMC-Report2024-for upload.pdf,344,,,UNCERTAIN_TABLE_IDENTITY,,,,
,2024,,27_a7fb96_27_ef4e32_RSMC-Report2024-for upload.pdf,345,,,UNCERTAIN_TABLE_IDENTITY,,,,
,2024,,27_a7fb96_27_ef4e32_RSMC-Report2024-for upload.pdf,347,,,UNCERTAIN_TABLE_IDENTITY,,,,
,2024,,27_a7fb96_27_ef4e32_RSMC-Report2024-for upload.pdf,348,,,UNCERTAIN_TABLE_IDENTITY,,,,
,2024,,27_a7fb96_27_ef4e32_RSMC-Report2024-for upload.pdf,349,,,UNCERTAIN_TABLE_IDENTITY,,,,
,2024,,27_a7fb96_27_ef4e32_RSMC-Report2024-for upload.pdf,350,,,UNCERTAIN_TABLE_IDENTITY,,,,
,2024,,27_a7fb96_27_ef4e32_RSMC-Report2024-for upload.pdf,352,,,UNCERTAIN_TABLE_IDENTITY,,,,
,2024,,27_a7fb96_27_ef4e32_RSMC-Report2024-for upload.pdf,361,,,UNCERTAIN_TABLE_IDENTITY,,,,
,2024,,27_a7fb96_27_ef4e32_RSMC-Report2024-for upload.pdf,363,,,UNCERTAIN_TABLE_IDENTITY,,,,
,2024,,27_a7fb96_27_ef4e32_RSMC-Report2024-for upload.pdf,369,,,UNCERTAIN_TABLE_IDENTITY,,,,
,2024,,27_a7fb96_27_ef4e32_RSMC-Report2024-for upload.pdf,369,,,UNCERTAIN_TABLE_IDENTITY,,,,
,2024,,27_a7fb96_27_ef4e32_RSMC-Report2024-for upload.pdf,371,,,UNCERTAIN_TABLE_IDENTITY,,,,
,2024,,27_a7fb96_27_ef4e32_RSMC-Report2024-for upload.pdf,372,,,UNCERTAIN_TABLE_IDENTITY,,,,
,2024,,27_a7fb96_27_ef4e32_RSMC-Report2024-for upload.pdf,373,,,UNCERTAIN_TABLE_IDENTITY,,,,
,2024,,27_a7fb96_27_ef4e32_RSMC-Report2024-for upload.pdf,374,,,UNCERTAIN_TABLE_IDENTITY,,,,
,2024,,27_a7fb96_27_ef4e32_RSMC-Report2024-for upload.pdf,375,,,UNCERTAIN_TABLE_IDENTITY,,,,
,2024,,27_a7fb96_27_ef4e32_RSMC-Report2024-for upload.pdf,382,,,UNCERTAIN_TABLE_IDENTITY,,,,
,2024,,27_a7fb96_27_ef4e32_RSMC-Report2024-for upload.pdf,410,,,UNCERTAIN_TABLE_IDENTITY,,,,
,2024,,27_a7fb96_27_ef4e32_RSMC-Report2024-for upload.pdf,411,,,UNCERTAIN_TABLE_IDENTITY,,,,
NIO_2018_LUBAN,2018,2018-10-11T00:00:00+00:00,27_60dae9_rsmc-2018.pdf,162,Table 2.11.1,1.0,"UNRESOLVED_EXTRACTION_AMBIGUITY: WIND_PLAUSIBILITY: value=978.0 kt is outside [10,250]",11/10/2018,0,14.7,58.1
NIO_2018_LUBAN,2018,2018-10-11T03:00:00+00:00,27_60dae9_rsmc-2018.pdf,162,Table 2.11.1,2.0,"UNRESOLVED_EXTRACTION_AMBIGUITY: WIND_PLAUSIBILITY: value=980.0 kt is outside [10,250]",11/10/2018,300,14.5,58.0
NIO_2018_TITLI,2018,2018-10-11T03:00:00+00:00,27_60dae9_rsmc-2018.pdf,192,Table 2.12.1,1.0,"UNRESOLVED_EXTRACTION_AMBIGUITY: WIND: Non-numeric wind_kt: 'VSCS'; PRESSURE_PLAUSIBILITY: value=21.0 hPa outside [850,1030]",11/10/2018,300,19.0,84.1
NIO_2018_LUBAN,2018,2018-10-11T06:00:00+00:00,27_60dae9_rsmc-2018.pdf,162,Table 2.11.1,3.0,"UNRESOLVED_EXTRACTION_AMBIGUITY: WIND_PLAUSIBILITY: value=980.0 kt is outside [10,250]",11/10/2018,600,14.5,57.8
NIO_2018_TITLI,2018,2018-10-11T06:00:00+00:00,27_60dae9_rsmc-2018.pdf,192,Table 2.12.1,2.0,"UNRESOLVED_EXTRACTION_AMBIGUITY: WIND: Non-numeric wind_kt: 'SCS'; PRESSURE_PLAUSIBILITY: value=18.0 hPa outside [850,1030]",11/10/2018,600,19.3,83.8
NIO_2018_LUBAN,2018,2018-10-11T09:00:00+00:00,27_60dae9_rsmc-2018.pdf,162,Table 2.11.1,4.0,"UNRESOLVED_EXTRACTION_AMBIGUITY: WIND_PLAUSIBILITY: value=980.0 kt is outside [10,250]",11/10/2018,900,14.5,57.8
NIO_2018_TITLI,2018,2018-10-11T09:00:00+00:00,27_60dae9_rsmc-2018.pdf,192,Table 2.12.1,3.0,"UNRESOLVED_EXTRACTION_AMBIGUITY: WIND: Non-numeric wind_kt: 'SCS'; PRESSURE_PLAUSIBILITY: value=12.0 hPa outside [850,1030]",11/10/2018,900,19.6,83.8
NIO_2018_LUBAN,2018,2018-10-11T12:00:00+00:00,27_60dae9_rsmc-2018.pdf,162,Table 2.11.1,5.0,"UNRESOLVED_EXTRACTION_AMBIGUITY: WIND_PLAUSIBILITY: value=980.0 kt is outside [10,250]",11/10/2018,1200,14.5,57.7
NIO_2018_TITLI,2018,2018-10-11T12:00:00+00:00,27_60dae9_rsmc-2018.pdf,192,Table 2.12.1,4.0,"UNRESOLVED_EXTRACTION_AMBIGUITY: WIND: Non-numeric wind_kt: 'CS'; PRESSURE_PLAUSIBILITY: value=10.0 hPa outside [850,1030]",11/10/2018,1200,19.9,83.7
NIO_2018_LUBAN,2018,2018-10-11T15:00:00+00:00,27_60dae9_rsmc-2018.pdf,162,Table 2.11.1,6.0,"UNRESOLVED_EXTRACTION_AMBIGUITY: WIND_PLAUSIBILITY: value=980.0 kt is outside [10,250]",11/10/2018,1500,14.5,57.7
NIO_2018_TITLI,2018,2018-10-11T15:00:00+00:00,27_60dae9_rsmc-2018.pdf,192,Table 2.12.1,5.0,"UNRESOLVED_EXTRACTION_AMBIGUITY: WIND: Non-numeric wind_kt: 'CS'; PRESSURE_PLAUSIBILITY: value=8.0 hPa outside [850,1030]",11/10/2018,1500,20.1,84.0
NIO_2018_LUBAN,2018,2018-10-11T18:00:00+00:00,27_60dae9_rsmc-2018.pdf,162,Table 2.11.1,7.0,"UNRESOLVED_EXTRACTION_AMBIGUITY: WIND_PLAUSIBILITY: value=980.0 kt is outside [10,250]",11/10/2018,1800,14.6,57.6
NIO_2018_TITLI,2018,2018-10-11T18:00:00+00:00,27_60dae9_rsmc-2018.pdf,192,Table 2.12.1,6.0,"UNRESOLVED_EXTRACTION_AMBIGUITY: WIND: Non-numeric wind_kt: 'DD'; PRESSURE_PLAUSIBILITY: value=6.0 hPa outside [850,1030]",11/10/2018,1800,20.3,84.3
NIO_2018_LUBAN,2018,2018-10-11T21:00:00+00:00,27_60dae9_rsmc-2018.pdf,162,Table 2.11.1,8.0,"UNRESOLVED_EXTRACTION_AMBIGUITY: WIND_PLAUSIBILITY: value=980.0 kt is outside [10,250]",11/10/2018,2100,14.7,57.6
NIO_2018_LUBAN,2018,2018-10-12T00:00:00+00:00,27_60dae9_rsmc-2018.pdf,162,Table 2.11.1,9.0,"UNRESOLVED_EXTRACTION_AMBIGUITY: WIND_PLAUSIBILITY: value=984.0 kt is outside [10,250]",12/10/2018,0,14.7,57.6
NIO_2018_TITLI,2018,2018-10-12T00:00:00+00:00,27_60dae9_rsmc-2018.pdf,192,Table 2.12.1,7.0,"UNRESOLVED_EXTRACTION_AMBIGUITY: WIND: Non-numeric wind_kt: 'DD'; PRESSURE_PLAUSIBILITY: value=6.0 hPa outside [850,1030]",12/10/2018,0,20.5,84.7
NIO_2018_LUBAN,2018,2018-10-12T03:00:00+00:00,27_60dae9_rsmc-2018.pdf,162,Table 2.11.1,10.0,"UNRESOLVED_EXTRACTION_AMBIGUITY: WIND_PLAUSIBILITY: value=987.0 kt is outside [10,250]",12/10/2018,300,14.7,57.4
NIO_2018_TITLI,2018,2018-10-12T03:00:00+00:00,27_60dae9_rsmc-2018.pdf,192,Table 2.12.1,8.0,"UNRESOLVED_EXTRACTION_AMBIGUITY: WIND: Non-numeric wind_kt: 'DD'; PRESSURE_PLAUSIBILITY: value=5.0 hPa outside [850,1030]",12/10/2018,300,20.6,84.9
NIO_2018_LUBAN,2018,2018-10-12T06:00:00+00:00,27_60dae9_rsmc-2018.pdf,162,Table 2.11.1,11.0,"UNRESOLVED_EXTRACTION_AMBIGUITY: WIND_PLAUSIBILITY: value=990.0 kt is outside [10,250]",12/10/2018,600,14.7,57.3
NIO_2018_TITLI,2018,2018-10-12T06:00:00+00:00,27_60dae9_rsmc-2018.pdf,192,Table 2.12.1,9.0,"UNRESOLVED_EXTRACTION_AMBIGUITY: WIND: Non-numeric wind_kt: 'DD'; PRESSURE_PLAUSIBILITY: value=5.0 hPa outside [850,1030]",12/10/2018,600,20.8,85.2
NIO_2018_LUBAN,2018,2018-10-12T09:00:00+00:00,27_60dae9_rsmc-2018.pdf,162,Table 2.11.1,12.0,"UNRESOLVED_EXTRACTION_AMBIGUITY: WIND_PLAUSIBILITY: value=990.0 kt is outside [10,250]",12/10/2018,900,14.7,57.2
NIO_2018_TITLI,2018,2018-10-12T09:00:00+00:00,27_60dae9_rsmc-2018.pdf,192,Table 2.12.1,10.0,"UNRESOLVED_EXTRACTION_AMBIGUITY: WIND: Non-numeric wind_kt: 'D'; PRESSURE_PLAUSIBILITY: value=4.0 hPa outside [850,1030]",12/10/2018,900,20.9,85.5
NIO_2018_LUBAN,2018,2018-10-12T12:00:00+00:00,27_60dae9_rsmc-2018.pdf,162,Table 2.11.1,13.0,"UNRESOLVED_EXTRACTION_AMBIGUITY: WIND_PLAUSIBILITY: value=991.0 kt is outside [10,250]",12/10/2018,1200,14.7,57.1
NIO_2018_TITLI,2018,2018-10-12T12:00:00+00:00,27_60dae9_rsmc-2018.pdf,192,Table 2.12.1,11.0,"UNRESOLVED_EXTRACTION_AMBIGUITY: WIND: Non-numeric wind_kt: 'D'; PRESSURE_PLAUSIBILITY: value=4.0 hPa outside [850,1030]",12/10/2018,1200,21.2,86.1
NIO_2018_LUBAN,2018,2018-10-12T15:00:00+00:00,27_60dae9_rsmc-2018.pdf,162,Table 2.11.1,14.0,"UNRESOLVED_EXTRACTION_AMBIGUITY: WIND_PLAUSIBILITY: value=992.0 kt is outside [10,250]",12/10/2018,1500,14.7,56.9
NIO_2018_LUBAN,2018,2018-10-12T18:00:00+00:00,27_60dae9_rsmc-2018.pdf,162,Table 2.11.1,15.0,"UNRESOLVED_EXTRACTION_AMBIGUITY: WIND_PLAUSIBILITY: value=994.0 kt is outside [10,250]",12/10/2018,1800,14.8,56.6
NIO_2018_TITLI,2018,2018-10-12T18:00:00+00:00,27_60dae9_rsmc-2018.pdf,192,Table 2.12.1,12.0,"UNRESOLVED_EXTRACTION_AMBIGUITY: WIND: Non-numeric wind_kt: 'D'; PRESSURE_PLAUSIBILITY: value=4.0 hPa outside [850,1030]",12/10/2018,1800,21.9,87.2
NIO_2018_LUBAN,2018,2018-10-12T21:00:00+00:00,27_60dae9_rsmc-2018.pdf,162,Table 2.11.1,16.0,"UNRESOLVED_EXTRACTION_AMBIGUITY: WIND_PLAUSIBILITY: value=994.0 kt is outside [10,250]",12/10/2018,2100,14.8,56.3
NIO_2018_TITLI,2018,2018-10-12T21:00:00+00:00,27_60dae9_rsmc-2018.pdf,192,Table 2.12.1,13.0,"UNRESOLVED_EXTRACTION_AMBIGUITY: WIND: Non-numeric wind_kt: 'D'; PRESSURE_PLAUSIBILITY: value=3.0 hPa outside [850,1030]",12/10/2018,2100,22.1,87.5
NIO_2018_LUBAN,2018,2018-10-13T00:00:00+00:00,27_60dae9_rsmc-2018.pdf,162,Table 2.11.1,17.0,"UNRESOLVED_EXTRACTION_AMBIGUITY: WIND_PLAUSIBILITY: value=994.0 kt is outside [10,250]",13/10/2018,0,14.8,56.0
NIO_2018_LUBAN,2018,2018-10-13T03:00:00+00:00,27_60dae9_rsmc-2018.pdf,162,Table 2.11.1,18.0,"UNRESOLVED_EXTRACTION_AMBIGUITY: WIND_PLAUSIBILITY: value=994.0 kt is outside [10,250]",13/10/2018,300,14.8,55.6
NIO_2018_LUBAN,2018,2018-10-13T06:00:00+00:00,27_60dae9_rsmc-2018.pdf,162,Table 2.11.1,19.0,"UNRESOLVED_EXTRACTION_AMBIGUITY: WIND_PLAUSIBILITY: value=994.0 kt is outside [10,250]",13/10/2018,600,14.9,55.2
NIO_2018_LUBAN,2018,2018-10-13T09:00:00+00:00,27_60dae9_rsmc-2018.pdf,162,Table 2.11.1,20.0,"UNRESOLVED_EXTRACTION_AMBIGUITY: WIND_PLAUSIBILITY: value=994.0 kt is outside [10,250]",13/10/2018,900,14.9,54.8
NIO_2018_LUBAN,2018,2018-10-13T12:00:00+00:00,27_60dae9_rsmc-2018.pdf,162,Table 2.11.1,21.0,"UNRESOLVED_EXTRACTION_AMBIGUITY: WIND_PLAUSIBILITY: value=994.0 kt is outside [10,250]",13/10/2018,1200,14.9,54.4
NIO_2018_LUBAN,2018,2018-10-13T15:00:00+00:00,27_60dae9_rsmc-2018.pdf,162,Table 2.11.1,22.0,"UNRESOLVED_EXTRACTION_AMBIGUITY: WIND_PLAUSIBILITY: value=994.0 kt is outside [10,250]",13/10/2018,1500,14.9,54.0
NIO_2018_LUBAN,2018,2018-10-13T18:00:00+00:00,27_60dae9_rsmc-2018.pdf,162,Table 2.11.1,23.0,"UNRESOLVED_EXTRACTION_AMBIGUITY: WIND_PLAUSIBILITY: value=996.0 kt is outside [10,250]",13/10/2018,1800,15.0,53.7
NIO_2018_LUBAN,2018,2018-10-13T21:00:00+00:00,27_60dae9_rsmc-2018.pdf,162,Table 2.11.1,24.0,"UNRESOLVED_EXTRACTION_AMBIGUITY: WIND_PLAUSIBILITY: value=996.0 kt is outside [10,250]",13/10/2018,2100,15.1,53.3
NIO_2018_LUBAN,2018,2018-10-14T00:00:00+00:00,27_60dae9_rsmc-2018.pdf,162,Table 2.11.1,25.0,"UNRESOLVED_EXTRACTION_AMBIGUITY: WIND_PLAUSIBILITY: value=998.0 kt is outside [10,250]",14/10/2018,0,15.3,52.8
NIO_2018_LUBAN,2018,2018-10-14T03:00:00+00:00,27_60dae9_rsmc-2018.pdf,162,Table 2.11.1,26.0,"UNRESOLVED_EXTRACTION_AMBIGUITY: WIND_PLAUSIBILITY: value=998.0 kt is outside [10,250]",14/10/2018,300,15.6,52.5
NIO_2018_LUBAN,2018,2018-10-14T06:00:00+00:00,27_60dae9_rsmc-2018.pdf,162,Table 2.11.1,28.0,"UNRESOLVED_EXTRACTION_AMBIGUITY: WIND_PLAUSIBILITY: value=999.0 kt is outside [10,250]",14/10/2018,600,15.9,52.1
NIO_2018_LUBAN,2018,2018-10-14T09:00:00+00:00,27_60dae9_rsmc-2018.pdf,162,Table 2.11.1,29.0,"UNRESOLVED_EXTRACTION_AMBIGUITY: WIND_PLAUSIBILITY: value=1000.0 kt is outside [10,250]",14/10/2018,900,15.9,51.7
NIO_2018_LUBAN,2018,2018-10-14T12:00:00+00:00,27_60dae9_rsmc-2018.pdf,162,Table 2.11.1,30.0,"UNRESOLVED_EXTRACTION_AMBIGUITY: WIND_PLAUSIBILITY: value=1001.0 kt is outside [10,250]",14/10/2018,1200,15.9,51.2
NIO_2018_LUBAN,2018,2018-10-14T18:00:00+00:00,27_60dae9_rsmc-2018.pdf,162,Table 2.11.1,31.0,"UNRESOLVED_EXTRACTION_AMBIGUITY: WIND_PLAUSIBILITY: value=1002.0 kt is outside [10,250]",14/10/2018,1800,16.2,50.7
NIO_2018_LUBAN,2018,2018-10-15T00:00:00+00:00,27_60dae9_rsmc-2018.pdf,162,Table 2.11.1,32.0,"UNRESOLVED_EXTRACTION_AMBIGUITY: WIND_PLAUSIBILITY: value=1003.0 kt is outside [10,250]",15/10/2018,0,16.2,49.0
NIO_2018_VISAKHAPATNAM,2018,2018-12-16T15:00:00+00:00,27_60dae9_rsmc-2018.pdf,254,Table 2.14.1,1.0,"UNRESOLVED_EXTRACTION_AMBIGUITY: WIND_PLAUSIBILITY: value=992.0 kt is outside [10,250]; PRESSURE_PLAUSIBILITY: value=3.5 hPa outside [850,1030]",16/12/2018,1500,13.8,82.7
NIO_2018_VISAKHAPATNAM,2018,2018-12-16T18:00:00+00:00,27_60dae9_rsmc-2018.pdf,254,Table 2.14.1,2.0,"UNRESOLVED_EXTRACTION_AMBIGUITY: WIND_PLAUSIBILITY: value=992.0 kt is outside [10,250]; PRESSURE_PLAUSIBILITY: value=3.5 hPa outside [850,1030]",16/12/2018,1800,14.0,82.5
NIO_2018_VISAKHAPATNAM,2018,2018-12-16T21:00:00+00:00,27_60dae9_rsmc-2018.pdf,254,Table 2.14.1,3.0,"UNRESOLVED_EXTRACTION_AMBIGUITY: WIND_PLAUSIBILITY: value=992.0 kt is outside [10,250]; PRESSURE_PLAUSIBILITY: value=3.5 hPa outside [850,1030]",16/12/2018,2100,14.5,82.2
NIO_2018_VISAKHAPATNAM,2018,2018-12-17T00:00:00+00:00,27_60dae9_rsmc-2018.pdf,254,Table 2.14.1,4.0,"UNRESOLVED_EXTRACTION_AMBIGUITY: WIND_PLAUSIBILITY: value=994.0 kt is outside [10,250]; PRESSURE_PLAUSIBILITY: value=3.0 hPa outside [850,1030]",17/12/2018,0,15.2,82.2
NIO_2018_VISAKHAPATNAM,2018,2018-12-17T03:00:00+00:00,27_60dae9_rsmc-2018.pdf,254,Table 2.14.1,5.0,"UNRESOLVED_EXTRACTION_AMBIGUITY: WIND_PLAUSIBILITY: value=997.0 kt is outside [10,250]; PRESSURE_PLAUSIBILITY: value=3.0 hPa outside [850,1030]",17/12/2018,300,15.8,82.2
NIO_2018_VISAKHAPATNAM,2018,2018-12-17T06:00:00+00:00,27_60dae9_rsmc-2018.pdf,254,Table 2.14.1,6.0,"UNRESOLVED_EXTRACTION_AMBIGUITY: WIND_PLAUSIBILITY: value=997.0 kt is outside [10,250]; PRESSURE_PLAUSIBILITY: value=3.0 hPa outside [850,1030]",17/12/2018,600,16.2,82.2
