filename,canonical_filename,is_canonical,is_redundant_duplicate,file_size_bytes,sha256,status,notes
20190429-S120000-E122959.0720.V07B.HDF5,3B-HHR.MS.MRG.3IMERG.20190429-S120000-E122959.0720.V07B.HDF5,False,True,8213594,49ebb825dd1b8790ed8332eda2144d97a9fb9e96768ba641a51fd23cd1b26d47,REDUNDANT_PILOT_ALIAS,Byte-identical duplicate of 3B-HHR.MS.MRG.3IMERG.20190429-S120000-E122959.0720.V07B.HDF5; preserved for backward compatibility with pilot tests
20200517-S060000-E062959.0360.V07B.HDF5,3B-HHR.MS.MRG.3IMERG.20200517-S060000-E062959.0360.V07B.HDF5,False,True,8098612,50fee96caab48362110593824e1b406955fc0f2ffe1e3236510a2326835beacf,REDUNDANT_PILOT_ALIAS,Byte-identical duplicate of 3B-HHR.MS.MRG.3IMERG.20200517-S060000-E062959.0360.V07B.HDF5; preserved for backward compatibility with pilot tests
20240525-S060000-E062959.0360.V07B.HDF5,3B-HHR.MS.MRG.3IMERG.20240525-S060000-E062959.0360.V07B.HDF5,False,True,8068764,a9a70cef7ace8922dc175e4656b70807d9311b4711f9b5809cd6a35a9604d0e6,REDUNDANT_PILOT_ALIAS,Byte-identical duplicate of 3B-HHR.MS.MRG.3IMERG.20240525-S060000-E062959.0360.V07B.HDF5; preserved for backward compatibility with pilot tests
3B-HHR.MS.MRG.3IMERG.19981006-S120000-E122959.0720.V07B.HDF5,3B-HHR.MS.MRG.3IMERG.19981006-S120000-E122959.0720.V07B.HDF5,True,False,7216301,27923e93842f18ab72b6e8d547cdaf5afbec1018d3eb4727ba6cde6027ae8e74,CANONICAL_PRIMARY,Official NASA GES DISC canonical granule file
3B-HHR.MS.MRG.3IMERG.19981006-S150000-E152959.0900.V07B.HDF5,3B-HHR.MS.MRG.3IMERG.19981006-S150000-E152959.0900.V07B.HDF5,True,False,7282443,166cc9bdc6863771b2aca03d32c5e0f78c03d821a003bc27d949d48c23ef153d,CANONICAL_PRIMARY,Official NASA GES DISC canonical granule file
3B-HHR.MS.MRG.3IMERG.19981006-S180000-E182959.1080.V07B.HDF5,3B-HHR.MS.MRG.3IMERG.19981006-S180000-E182959.1080.V07B.HDF5,True,False,7260302,fb153723a7b73af59466d8528f895a2c6196fd5a5ccc6ff42754332f4ca68c4c,CANONICAL_PRIMARY,Official NASA GES DISC canonical granule file
3B-HHR.MS.MRG.3IMERG.19981006-S210000-E212959.1260.V07B.HDF5,3B-HHR.MS.MRG.3IMERG.19981006-S210000-E212959.1260.V07B.HDF5,True,False,7642132,b53b509f6dae8e1570b60c349081b3643bd9b93a55b7cdf1cb37d32a38c5aadf,CANONICAL_PRIMARY,Official NASA GES DISC canonical granule file
3B-HHR.MS.MRG.3IMERG.19981007-S000000-E002959.0000.V07B.HDF5,3B-HHR.MS.MRG.3IMERG.19981007-S000000-E002959.0000.V07B.HDF5,True,False,7494774,dfb2944495de786ae66e0b0943dbd86a8082c9a3bc5aae6da4e119aba37fe85c,CANONICAL_PRIMARY,Official NASA GES DISC canonical granule file
3B-HHR.MS.MRG.3IMERG.19981007-S030000-E032959.0180.V07B.HDF5,3B-HHR.MS.MRG.3IMERG.19981007-S030000-E032959.0180.V07B.HDF5,True,False,7314102,491544651a5b88667dc8cd8f7e7fa0284be0ecc4031de0c6f91aa25384317211,CANONICAL_PRIMARY,Official NASA GES DISC canonical granule file
3B-HHR.MS.MRG.3IMERG.19990131-S120000-E122959.0720.V07B.HDF5,3B-HHR.MS.MRG.3IMERG.19990131-S120000-E122959.0720.V07B.HDF5,True,False,7476348,54ad41352b6cc60734a391930f53fc26e4dd5aff69185bc00cd73bc0d5da7c44,CANONICAL_PRIMARY,Official NASA GES DISC canonical granule file
3B-HHR.MS.MRG.3IMERG.19990131-S150000-E152959.0900.V07B.HDF5,3B-HHR.MS.MRG.3IMERG.19990131-S150000-E152959.0900.V07B.HDF5,True,False,7505400,05dfe6880831c3c5171ce73fce61ee2f18653ffcce7d4770fe5eb672212ebc4c,CANONICAL_PRIMARY,Official NASA GES DISC canonical granule file
3B-HHR.MS.MRG.3IMERG.19990131-S180000-E182959.1080.V07B.HDF5,3B-HHR.MS.MRG.3IMERG.19990131-S180000-E182959.1080.V07B.HDF5,True,False,7468127,7a76e6a83abe4aba0adc41fb11d4f2051d0da2a29d1e9485e2903d5ed19794b3,CANONICAL_PRIMARY,Official NASA GES DISC canonical granule file
3B-HHR.MS.MRG.3IMERG.19990131-S210000-E212959.1260.V07B.HDF5,3B-HHR.MS.MRG.3IMERG.19990131-S210000-E212959.1260.V07B.HDF5,True,False,7619059,dff52a9986f0f6de687af03e9e5c83e5b97a8d06a4c4229b7c054ff58467c589,CANONICAL_PRIMARY,Official NASA GES DISC canonical granule file
3B-HHR.MS.MRG.3IMERG.19990201-S000000-E002959.0000.V07B.HDF5,3B-HHR.MS.MRG.3IMERG.19990201-S000000-E002959.0000.V07B.HDF5,True,False,7566991,7fb6c942a6b2ce407b7729e2cfb450e99911c6a25781fd39e93ca2aba4ea53c8,CANONICAL_PRIMARY,Official NASA GES DISC canonical granule file
3B-HHR.MS.MRG.3IMERG.19990201-S030000-E032959.0180.V07B.HDF5,3B-HHR.MS.MRG.3IMERG.19990201-S030000-E032959.0180.V07B.HDF5,True,False,7547445,98521219bfcf862468ed37afc880dc0532e3071508910f65d1dc77988bdd0f14,CANONICAL_PRIMARY,Official NASA GES DISC canonical granule file
3B-HHR.MS.MRG.3IMERG.20021109-S210000-E212959.1260.V07B.HDF5,3B-HHR.MS.MRG.3IMERG.20021109-S210000-E212959.1260.V07B.HDF5,True,False,7958513,1056f2d0c69ea5e5321a3d37d878c9d734ba31faa99b7e5591db01213d1a04d1,CANONICAL_PRIMARY,Official NASA GES DISC canonical granule file
3B-HHR.MS.MRG.3IMERG.20021110-S000000-E002959.0000.V07B.HDF5,3B-HHR.MS.MRG.3IMERG.20021110-S000000-E002959.0000.V07B.HDF5,True,False,7778343,4a41f355300106adc40665bfa03bba3b39c66732f7c6c01744a5f341c077221e,CANONICAL_PRIMARY,Official NASA GES DISC canonical granule file
3B-HHR.MS.MRG.3IMERG.20021110-S030000-E032959.0180.V07B.HDF5,3B-HHR.MS.MRG.3IMERG.20021110-S030000-E032959.0180.V07B.HDF5,True,False,7874440,294c9c3d24833a94bce990b400202c0be082a51de8999640500436cb505a8e40,CANONICAL_PRIMARY,Official NASA GES DISC canonical granule file
3B-HHR.MS.MRG.3IMERG.20021110-S060000-E062959.0360.V07B.HDF5,3B-HHR.MS.MRG.3IMERG.20021110-S060000-E062959.0360.V07B.HDF5,True,False,7863439,8538d9f78abf2ac4f596373f27530745791a638511fe183696a28579ac77f819,CANONICAL_PRIMARY,Official NASA GES DISC canonical granule file
3B-HHR.MS.MRG.3IMERG.20021110-S090000-E092959.0540.V07B.HDF5,3B-HHR.MS.MRG.3IMERG.20021110-S090000-E092959.0540.V07B.HDF5,True,False,7961666,421f99d3b717283882b428707702c10c41a8ce966549f5308e982ca2e5b7cd98,CANONICAL_PRIMARY,Official NASA GES DISC canonical granule file
3B-HHR.MS.MRG.3IMERG.20021110-S120000-E122959.0720.V07B.HDF5,3B-HHR.MS.MRG.3IMERG.20021110-S120000-E122959.0720.V07B.HDF5,True,False,7854452,7c6d2f7e7ef2b704241bb5cede16bf9a648f72c9c8a0cd0fef7408d5fa87a116,CANONICAL_PRIMARY,Official NASA GES DISC canonical granule file
3B-HHR.MS.MRG.3IMERG.20021122-S150000-E152959.0900.V07B.HDF5,3B-HHR.MS.MRG.3IMERG.20021122-S150000-E152959.0900.V07B.HDF5,True,False,7807922,6dad05dabc7bdfda483449fa966e315030c2561c13254155dfdef298ada0478c,CANONICAL_PRIMARY,Official NASA GES DISC canonical granule file
3B-HHR.MS.MRG.3IMERG.20021122-S180000-E182959.1080.V07B.HDF5,3B-HHR.MS.MRG.3IMERG.20021122-S180000-E182959.1080.V07B.HDF5,True,False,7881304,396cf927697f8799094b0a301ef1bbba60c3044b6ca8511214a109bc8aab4bd5,CANONICAL_PRIMARY,Official NASA GES DISC canonical granule file
3B-HHR.MS.MRG.3IMERG.20021122-S210000-E212959.1260.V07B.HDF5,3B-HHR.MS.MRG.3IMERG.20021122-S210000-E212959.1260.V07B.HDF5,True,False,7950453,1a3e4cbf197e57dcae9a234406766a0e9667315905b0458ccf83f950f4de14c1,CANONICAL_PRIMARY,Official NASA GES DISC canonical granule file
3B-HHR.MS.MRG.3IMERG.20021123-S000000-E002959.0000.V07B.HDF5,3B-HHR.MS.MRG.3IMERG.20021123-S000000-E002959.0000.V07B.HDF5,True,False,7779696,9ada5966c32e8e85033238ebc22853fdd512ee93d80e184ff9391d47cb41ce3a,CANONICAL_PRIMARY,Official NASA GES DISC canonical granule file
3B-HHR.MS.MRG.3IMERG.20021123-S030000-E032959.0180.V07B.HDF5,3B-HHR.MS.MRG.3IMERG.20021123-S030000-E032959.0180.V07B.HDF5,True,False,7850982,cfa7f855e7f4abb47de367e1589f7573bdb1d88a5128f3f5e72f079c961fb7bf,CANONICAL_PRIMARY,Official NASA GES DISC canonical granule file
3B-HHR.MS.MRG.3IMERG.20021123-S060000-E062959.0360.V07B.HDF5,3B-HHR.MS.MRG.3IMERG.20021123-S060000-E062959.0360.V07B.HDF5,True,False,7761295,b60c8f85b830793a052066a74d4f2272af4936a60292071fc0937dd73613e3b6,CANONICAL_PRIMARY,Official NASA GES DISC canonical granule file
3B-HHR.MS.MRG.3IMERG.20021123-S090000-E092959.0540.V07B.HDF5,3B-HHR.MS.MRG.3IMERG.20021123-S090000-E092959.0540.V07B.HDF5,True,False,7759334,89fdf5539a834a244b6940b6367117873cd0b5713f7b154de9efcd1367b119b2,CANONICAL_PRIMARY,Official NASA GES DISC canonical granule file
3B-HHR.MS.MRG.3IMERG.20021123-S120000-E122959.0720.V07B.HDF5,3B-HHR.MS.MRG.3IMERG.20021123-S120000-E122959.0720.V07B.HDF5,True,False,7653779,7897b2d523ef3a705a35164b2bcb32171af2e6cd29581423c73873fb7af534ae,CANONICAL_PRIMARY,Official NASA GES DISC canonical granule file
3B-HHR.MS.MRG.3IMERG.20021123-S150000-E152959.0900.V07B.HDF5,3B-HHR.MS.MRG.3IMERG.20021123-S150000-E152959.0900.V07B.HDF5,True,False,7811236,7a3f71a255a944e27b8e64e63255fd6fc6f1f1e4c0e961d62a281a95e7141d75,CANONICAL_PRIMARY,Official NASA GES DISC canonical granule file
3B-HHR.MS.MRG.3IMERG.20021123-S180000-E182959.1080.V07B.HDF5,3B-HHR.MS.MRG.3IMERG.20021123-S180000-E182959.1080.V07B.HDF5,True,False,7646033,6d035ad6c14c51cab7a1ebf05d49dd630ffeb6109e803e52070a867a9157ba6b,CANONICAL_PRIMARY,Official NASA GES DISC canonical granule file
3B-HHR.MS.MRG.3IMERG.20021123-S210000-E212959.1260.V07B.HDF5,3B-HHR.MS.MRG.3IMERG.20021123-S210000-E212959.1260.V07B.HDF5,True,False,7703078,9330bf5d3d1b8f687124c555fa862c43a1a29096557a76b82359bb238c734dd7,CANONICAL_PRIMARY,Official NASA GES DISC canonical granule file
3B-HHR.MS.MRG.3IMERG.20021124-S000000-E002959.0000.V07B.HDF5,3B-HHR.MS.MRG.3IMERG.20021124-S000000-E002959.0000.V07B.HDF5,True,False,7644181,ea4bc0564c2053d48e443a3608565cdf7d20e2194578a4a1a3bf3ee2ac8e41d3,CANONICAL_PRIMARY,Official NASA GES DISC canonical granule file
3B-HHR.MS.MRG.3IMERG.20021124-S030000-E032959.0180.V07B.HDF5,3B-HHR.MS.MRG.3IMERG.20021124-S030000-E032959.0180.V07B.HDF5,True,False,7706876,38d143d386a692945cf41721315c8bffea88b2946409e21b58c35c709f048c94,CANONICAL_PRIMARY,Official NASA GES DISC canonical granule file
3B-HHR.MS.MRG.3IMERG.20021124-S060000-E062959.0360.V07B.HDF5,3B-HHR.MS.MRG.3IMERG.20021124-S060000-E062959.0360.V07B.HDF5,True,False,7768072,bff2912371ce3212421ef00780b111d47349e554f9623365b293fbbc4a6f502c,CANONICAL_PRIMARY,Official NASA GES DISC canonical granule file
3B-HHR.MS.MRG.3IMERG.20021124-S090000-E092959.0540.V07B.HDF5,3B-HHR.MS.MRG.3IMERG.20021124-S090000-E092959.0540.V07B.HDF5,True,False,7675134,89e14791d9d6925fabda1485ceea1fce1278d7b1657ab51ea5350911561d1040,CANONICAL_PRIMARY,Official NASA GES DISC canonical granule file
3B-HHR.MS.MRG.3IMERG.20021124-S120000-E122959.0720.V07B.HDF5,3B-HHR.MS.MRG.3IMERG.20021124-S120000-E122959.0720.V07B.HDF5,True,False,7544852,25e291bf4a95f8d5f62e261540ce42decf6263c0cd7baa54b1f951eef0095990,CANONICAL_PRIMARY,Official NASA GES DISC canonical granule file
3B-HHR.MS.MRG.3IMERG.20050114-S120000-E122959.0720.V07B.HDF5,3B-HHR.MS.MRG.3IMERG.20050114-S120000-E122959.0720.V07B.HDF5,True,False,8197076,33ae3b258371ea80ad56f3344bc38a4e4f04d10de746ee7274f74364dca13106,CANONICAL_PRIMARY,Official NASA GES DISC canonical granule file
3B-HHR.MS.MRG.3IMERG.20050114-S150000-E152959.0900.V07B.HDF5,3B-HHR.MS.MRG.3IMERG.20050114-S150000-E152959.0900.V07B.HDF5,True,False,8086888,fb0e9b78e4c6a785dabf6f946febffd52e889e669e93e2a87bfcc7b27aae7d94,CANONICAL_PRIMARY,Official NASA GES DISC canonical granule file
3B-HHR.MS.MRG.3IMERG.20050114-S180000-E182959.1080.V07B.HDF5,3B-HHR.MS.MRG.3IMERG.20050114-S180000-E182959.1080.V07B.HDF5,True,False,8207728,adc137672c2f03d0fa43ee97f08e764a5b19d62d9fc4e528213b06e1e3e316c4,CANONICAL_PRIMARY,Official NASA GES DISC canonical granule file
3B-HHR.MS.MRG.3IMERG.20050114-S210000-E212959.1260.V07B.HDF5,3B-HHR.MS.MRG.3IMERG.20050114-S210000-E212959.1260.V07B.HDF5,True,False,8289024,fb5a1f84f1b77d53ff5d0d847635cf80b0d55d2fec216e0d0fc54ed02f8339a0,CANONICAL_PRIMARY,Official NASA GES DISC canonical granule file
3B-HHR.MS.MRG.3IMERG.20050115-S000000-E002959.0000.V07B.HDF5,3B-HHR.MS.MRG.3IMERG.20050115-S000000-E002959.0000.V07B.HDF5,True,False,8265981,4cc71cb9ef392500330f962df9e86b80b783ac6218e2bc29abea4556e4a5e6b2,CANONICAL_PRIMARY,Official NASA GES DISC canonical granule file
3B-HHR.MS.MRG.3IMERG.20050115-S030000-E032959.0180.V07B.HDF5,3B-HHR.MS.MRG.3IMERG.20050115-S030000-E032959.0180.V07B.HDF5,True,False,8149027,cc4e630bd30b06ac5ceae9a89dd930fe608efe47121128ec164d0ad2be9ce18a,CANONICAL_PRIMARY,Official NASA GES DISC canonical granule file
3B-HHR.MS.MRG.3IMERG.20050917-S150000-E152959.0900.V07B.HDF5,3B-HHR.MS.MRG.3IMERG.20050917-S150000-E152959.0900.V07B.HDF5,True,False,7769706,272ae0589d5fc48b6281821e0792fdf4fb102bc532f4b2633412a824dcb5f4ba,CANONICAL_PRIMARY,Official NASA GES DISC canonical granule file
3B-HHR.MS.MRG.3IMERG.20050917-S180000-E182959.1080.V07B.HDF5,3B-HHR.MS.MRG.3IMERG.20050917-S180000-E182959.1080.V07B.HDF5,True,False,7877170,a4edb3b7dc8cfa518ce7e7d070dc4726ef92784321b025ee4ff8a45b4d34e3c8,CANONICAL_PRIMARY,Official NASA GES DISC canonical granule file
3B-HHR.MS.MRG.3IMERG.20050917-S210000-E212959.1260.V07B.HDF5,3B-HHR.MS.MRG.3IMERG.20050917-S210000-E212959.1260.V07B.HDF5,True,False,7766411,c57a3eb093e13009073aee07966c8c32124ace2482d4958396bce1daa79addee,CANONICAL_PRIMARY,Official NASA GES DISC canonical granule file
3B-HHR.MS.MRG.3IMERG.20050918-S000000-E002959.0000.V07B.HDF5,3B-HHR.MS.MRG.3IMERG.20050918-S000000-E002959.0000.V07B.HDF5,True,False,7638169,0a6197eaaceec671f1ffaa0bd5747f8d7f76f9658f9a5290dec592b2e763f8ed,CANONICAL_PRIMARY,Official NASA GES DISC canonical granule file
3B-HHR.MS.MRG.3IMERG.20050918-S030000-E032959.0180.V07B.HDF5,3B-HHR.MS.MRG.3IMERG.20050918-S030000-E032959.0180.V07B.HDF5,True,False,7633446,9e806ee87048e91c6d4e51b0f64b11fe6908e301b9acedc779f0e7e9852348e9,CANONICAL_PRIMARY,Official NASA GES DISC canonical granule file
3B-HHR.MS.MRG.3IMERG.20050918-S060000-E062959.0360.V07B.HDF5,3B-HHR.MS.MRG.3IMERG.20050918-S060000-E062959.0360.V07B.HDF5,True,False,7458797,1c88aeb360f2cd3a392ac0dc2ae9449e649bf5a3a81ca304e21e930c8ea73edb,CANONICAL_PRIMARY,Official NASA GES DISC canonical granule file
3B-HHR.MS.MRG.3IMERG.20050918-S090000-E092959.0540.V07B.HDF5,3B-HHR.MS.MRG.3IMERG.20050918-S090000-E092959.0540.V07B.HDF5,True,False,7381903,616bbe4b789a28b83979bbddc408f5818472c08d68cf172f6aba92578c35886d,CANONICAL_PRIMARY,Official NASA GES DISC canonical granule file
3B-HHR.MS.MRG.3IMERG.20050918-S120000-E122959.0720.V07B.HDF5,3B-HHR.MS.MRG.3IMERG.20050918-S120000-E122959.0720.V07B.HDF5,True,False,7613680,a2cb2737aac919581ab7b6b9370f7a4a4696b62a54ab4f74ee24f6a8dbbfe8d6,CANONICAL_PRIMARY,Official NASA GES DISC canonical granule file
3B-HHR.MS.MRG.3IMERG.20050918-S210000-E212959.1260.V07B.HDF5,3B-HHR.MS.MRG.3IMERG.20050918-S210000-E212959.1260.V07B.HDF5,True,False,7680383,a056b548d5a35c404e87dda0e9a86a9672f5a2c06c218949e79438934c702050,CANONICAL_PRIMARY,Official NASA GES DISC canonical granule file
3B-HHR.MS.MRG.3IMERG.20050919-S000000-E002959.0000.V07B.HDF5,3B-HHR.MS.MRG.3IMERG.20050919-S000000-E002959.0000.V07B.HDF5,True,False,7606895,d85093a2133f0e1eb241512dbaca4f4d8a1a396e80bdbde4281f65648a147305,CANONICAL_PRIMARY,Official NASA GES DISC canonical granule file
3B-HHR.MS.MRG.3IMERG.20050919-S030000-E032959.0180.V07B.HDF5,3B-HHR.MS.MRG.3IMERG.20050919-S030000-E032959.0180.V07B.HDF5,True,False,7567835,b5a3864e0e2358d4eb4cb210b64ca967d50bb7a6d413dae63de535bc11e2b017,CANONICAL_PRIMARY,Official NASA GES DISC canonical granule file
3B-HHR.MS.MRG.3IMERG.20050919-S060000-E062959.0360.V07B.HDF5,3B-HHR.MS.MRG.3IMERG.20050919-S060000-E062959.0360.V07B.HDF5,True,False,7346164,a85f14857b8885aae9133b2f3a7ac1e2d6198b0664543683d15f4d56d41ea272,CANONICAL_PRIMARY,Official NASA GES DISC canonical granule file
3B-HHR.MS.MRG.3IMERG.20050919-S090000-E092959.0540.V07B.HDF5,3B-HHR.MS.MRG.3IMERG.20050919-S090000-E092959.0540.V07B.HDF5,True,False,7447168,682f3fa5821a906c3757e0c5aa3d977ada3cfd546e1221c7b1857641c1c6675d,CANONICAL_PRIMARY,Official NASA GES DISC canonical granule file
3B-HHR.MS.MRG.3IMERG.20050919-S120000-E122959.0720.V07B.HDF5,3B-HHR.MS.MRG.3IMERG.20050919-S120000-E122959.0720.V07B.HDF5,True,False,7591396,66aa115592fe7d3181323bde652d8cdeb6e620cc1f78c47517fc2c798b27e6ec,CANONICAL_PRIMARY,Official NASA GES DISC canonical granule file
3B-HHR.MS.MRG.3IMERG.20051025-S120000-E122959.0720.V07B.HDF5,3B-HHR.MS.MRG.3IMERG.20051025-S120000-E122959.0720.V07B.HDF5,True,False,7701446,4a96743afc9072d090d5ae456744dcfcba4d80559fbca49ebd1e7ab650107747,CANONICAL_PRIMARY,Official NASA GES DISC canonical granule file
3B-HHR.MS.MRG.3IMERG.20051025-S150000-E152959.0900.V07B.HDF5,3B-HHR.MS.MRG.3IMERG.20051025-S150000-E152959.0900.V07B.HDF5,True,False,7780461,64c1d16c043f8156c563e81903d3dd72e572748b26a2e4e15cc33eae709be531,CANONICAL_PRIMARY,Official NASA GES DISC canonical granule file
3B-HHR.MS.MRG.3IMERG.20051025-S180000-E182959.1080.V07B.HDF5,3B-HHR.MS.MRG.3IMERG.20051025-S180000-E182959.1080.V07B.HDF5,True,False,7847155,f2b98f4612bdf58a359d2521f31ccca382c15291b7514db5c51b4e3d67d54059,CANONICAL_PRIMARY,Official NASA GES DISC canonical granule file
3B-HHR.MS.MRG.3IMERG.20051025-S210000-E212959.1260.V07B.HDF5,3B-HHR.MS.MRG.3IMERG.20051025-S210000-E212959.1260.V07B.HDF5,True,False,7886423,f843f1455734b4c7e99fd388723fbd68ea04263e3e9df758bd1a0c977346f3d2,CANONICAL_PRIMARY,Official NASA GES DISC canonical granule file
3B-HHR.MS.MRG.3IMERG.20051026-S000000-E002959.0000.V07B.HDF5,3B-HHR.MS.MRG.3IMERG.20051026-S000000-E002959.0000.V07B.HDF5,True,False,7645828,8a362b7e12d0fa7fc256a9f64aadbfaee248ee2c071b7b8e927efa4e87f5813c,CANONICAL_PRIMARY,Official NASA GES DISC canonical granule file
3B-HHR.MS.MRG.3IMERG.20051026-S030000-E032959.0180.V07B.HDF5,3B-HHR.MS.MRG.3IMERG.20051026-S030000-E032959.0180.V07B.HDF5,True,False,7652918,2197c73ba5f64408c68a063b47ae7e99d29008a308700bdbd60f22be4cee8042,CANONICAL_PRIMARY,Official NASA GES DISC canonical granule file
3B-HHR.MS.MRG.3IMERG.20051026-S060000-E062959.0360.V07B.HDF5,3B-HHR.MS.MRG.3IMERG.20051026-S060000-E062959.0360.V07B.HDF5,True,False,7468826,06f04ba0492e9d2a6b8283b2f06a106ec476fd599eb6eed47e4ed98d9468955f,CANONICAL_PRIMARY,Official NASA GES DISC canonical granule file
3B-HHR.MS.MRG.3IMERG.20051026-S090000-E092959.0540.V07B.HDF5,3B-HHR.MS.MRG.3IMERG.20051026-S090000-E092959.0540.V07B.HDF5,True,False,7661373,7a74c5f938808f391b480c188a6e383c81229c78c7d58f742b40de4d01f6e7bd,CANONICAL_PRIMARY,Official NASA GES DISC canonical granule file
3B-HHR.MS.MRG.3IMERG.20051026-S120000-E122959.0720.V07B.HDF5,3B-HHR.MS.MRG.3IMERG.20051026-S120000-E122959.0720.V07B.HDF5,True,False,7793630,5f5e00b615222ea91a6a9b6fab60dba940a590530154e368e7d3dbb79f0fc1c8,CANONICAL_PRIMARY,Official NASA GES DISC canonical granule file
3B-HHR.MS.MRG.3IMERG.20051026-S150000-E152959.0900.V07B.HDF5,3B-HHR.MS.MRG.3IMERG.20051026-S150000-E152959.0900.V07B.HDF5,True,False,7700338,55b63039bb36b32dcfba5e6a1559adb3646fde8979bb43fb53965acc650eedec,CANONICAL_PRIMARY,Official NASA GES DISC canonical granule file
3B-HHR.MS.MRG.3IMERG.20051026-S180000-E182959.1080.V07B.HDF5,3B-HHR.MS.MRG.3IMERG.20051026-S180000-E182959.1080.V07B.HDF5,True,False,7722171,9ad79b23c59674b611607844b22805ed1ecc11a2d2b824fb303c27080d7da0e1,CANONICAL_PRIMARY,Official NASA GES DISC canonical granule file
3B-HHR.MS.MRG.3IMERG.20051026-S210000-E212959.1260.V07B.HDF5,3B-HHR.MS.MRG.3IMERG.20051026-S210000-E212959.1260.V07B.HDF5,True,False,7816868,9e23f71c341b29ff2e95fd54cb60ce6d0528d4736baa80ecd9b9ca7d4bde4bba,CANONICAL_PRIMARY,Official NASA GES DISC canonical granule file
3B-HHR.MS.MRG.3IMERG.20051027-S000000-E002959.0000.V07B.HDF5,3B-HHR.MS.MRG.3IMERG.20051027-S000000-E002959.0000.V07B.HDF5,True,False,7843472,c85a91e558a73241d58091cadded69203afde2af68e51e27a43477d286e29607,CANONICAL_PRIMARY,Official NASA GES DISC canonical granule file
3B-HHR.MS.MRG.3IMERG.20051027-S030000-E032959.0180.V07B.HDF5,3B-HHR.MS.MRG.3IMERG.20051027-S030000-E032959.0180.V07B.HDF5,True,False,7758779,8c76ba77c5f7f5428112a9ec75ff20bd9f16521b4343c1dbe08937e371f623ac,CANONICAL_PRIMARY,Official NASA GES DISC canonical granule file
3B-HHR.MS.MRG.3IMERG.20051119-S120000-E122959.0720.V07B.HDF5,3B-HHR.MS.MRG.3IMERG.20051119-S120000-E122959.0720.V07B.HDF5,True,False,7327788,167e15af4dddbc41e37e5f9ffe3b4594bc01b171071f0b98a121031c1d8a718e,CANONICAL_PRIMARY,Official NASA GES DISC canonical granule file
3B-HHR.MS.MRG.3IMERG.20051119-S150000-E152959.0900.V07B.HDF5,3B-HHR.MS.MRG.3IMERG.20051119-S150000-E152959.0900.V07B.HDF5,True,False,7407642,201920ad6220936a4f02a2db5400dbe77aa8d704f1977cd315f6434e96dde3ee,CANONICAL_PRIMARY,Official NASA GES DISC canonical granule file
3B-HHR.MS.MRG.3IMERG.20051119-S180000-E182959.1080.V07B.HDF5,3B-HHR.MS.MRG.3IMERG.20051119-S180000-E182959.1080.V07B.HDF5,True,False,7493023,8c65bdd70b5afee7cf7a4e96239d1389294968663cd79ff00b14a6b499a4c61b,CANONICAL_PRIMARY,Official NASA GES DISC canonical granule file
3B-HHR.MS.MRG.3IMERG.20051119-S210000-E212959.1260.V07B.HDF5,3B-HHR.MS.MRG.3IMERG.20051119-S210000-E212959.1260.V07B.HDF5,True,False,7557824,13aa52a5dced160731170d843dc40735a35c34c04dbf853872765b54a595a40f,CANONICAL_PRIMARY,Official NASA GES DISC canonical granule file
3B-HHR.MS.MRG.3IMERG.20051120-S000000-E002959.0000.V07B.HDF5,3B-HHR.MS.MRG.3IMERG.20051120-S000000-E002959.0000.V07B.HDF5,True,False,7446142,d319ae5a73e97221dfea28d0114c6f478ee634769d2df152098050ee5b0dc557,CANONICAL_PRIMARY,Official NASA GES DISC canonical granule file
3B-HHR.MS.MRG.3IMERG.20051120-S030000-E032959.0180.V07B.HDF5,3B-HHR.MS.MRG.3IMERG.20051120-S030000-E032959.0180.V07B.HDF5,True,False,7234271,b16e4255b33f2647d9eb4a883530d95c3076eba8e18b1f3da57d06b452fd9c34,CANONICAL_PRIMARY,Official NASA GES DISC canonical granule file
3B-HHR.MS.MRG.3IMERG.20051120-S060000-E062959.0360.V07B.HDF5,3B-HHR.MS.MRG.3IMERG.20051120-S060000-E062959.0360.V07B.HDF5,True,False,7260120,8c84119effa8dae6cd9f8f8d81035cbcf684bfc98a2784deb43e0da020df8a15,CANONICAL_PRIMARY,Official NASA GES DISC canonical granule file
3B-HHR.MS.MRG.3IMERG.20051120-S090000-E092959.0540.V07B.HDF5,3B-HHR.MS.MRG.3IMERG.20051120-S090000-E092959.0540.V07B.HDF5,True,False,7315313,ba74bf13637fdf22ee725b53a465996eb540d5220a918b6b84ed1323b8d14035,CANONICAL_PRIMARY,Official NASA GES DISC canonical granule file
3B-HHR.MS.MRG.3IMERG.20051127-S120000-E122959.0720.V07B.HDF5,3B-HHR.MS.MRG.3IMERG.20051127-S120000-E122959.0720.V07B.HDF5,True,False,7220419,c96ee808c863d7802bb0382b18b6c6d667acea2ce65646d6db9a923c19007a87,CANONICAL_PRIMARY,Official NASA GES DISC canonical granule file
3B-HHR.MS.MRG.3IMERG.20051127-S150000-E152959.0900.V07B.HDF5,3B-HHR.MS.MRG.3IMERG.20051127-S150000-E152959.0900.V07B.HDF5,True,False,7118544,5c8252da2b397746d6275063dd37636e01ada0fd1e803b79d15b547016f3fa30,CANONICAL_PRIMARY,Official NASA GES DISC canonical granule file
3B-HHR.MS.MRG.3IMERG.20051127-S180000-E182959.1080.V07B.HDF5,3B-HHR.MS.MRG.3IMERG.20051127-S180000-E182959.1080.V07B.HDF5,True,False,7379900,19983b2ef29363c1cf0a49e01137c57f5a18c5c4899b34ab30d3abe2b901dfba,CANONICAL_PRIMARY,Official NASA GES DISC canonical granule file
3B-HHR.MS.MRG.3IMERG.20051127-S210000-E212959.1260.V07B.HDF5,3B-HHR.MS.MRG.3IMERG.20051127-S210000-E212959.1260.V07B.HDF5,True,False,7419846,9554bf4cc08f1920b93e7aa1e7d55b67dd1e2c8443f1d02408bf0d707c70c047,CANONICAL_PRIMARY,Official NASA GES DISC canonical granule file
3B-HHR.MS.MRG.3IMERG.20051128-S000000-E002959.0000.V07B.HDF5,3B-HHR.MS.MRG.3IMERG.20051128-S000000-E002959.0000.V07B.HDF5,True,False,7375758,dccc0f244760cbf2ff6be052a2ab7541ae1c346e6f93c4192a6decfbb20fa340,CANONICAL_PRIMARY,Official NASA GES DISC canonical granule file
3B-HHR.MS.MRG.3IMERG.20051128-S030000-E032959.0180.V07B.HDF5,3B-HHR.MS.MRG.3IMERG.20051128-S030000-E032959.0180.V07B.HDF5,True,False,7197725,1e4a99d9394a37c7c0b52ca99fc5816bd1659a7eaf84bf565f8541277954292f,CANONICAL_PRIMARY,Official NASA GES DISC canonical granule file
3B-HHR.MS.MRG.3IMERG.20051128-S060000-E062959.0360.V07B.HDF5,3B-HHR.MS.MRG.3IMERG.20051128-S060000-E062959.0360.V07B.HDF5,True,False,7155884,55128d859c31b4607a7e13a2602fe0d969fad223fa42c88cf8863827de1300a2,CANONICAL_PRIMARY,Official NASA GES DISC canonical granule file
3B-HHR.MS.MRG.3IMERG.20051128-S090000-E092959.0540.V07B.HDF5,3B-HHR.MS.MRG.3IMERG.20051128-S090000-E092959.0540.V07B.HDF5,True,False,7294060,28143fe3f2d50fc467f39564c65b641c890329520c69c9830b6daa7b43d77b28,CANONICAL_PRIMARY,Official NASA GES DISC canonical granule file
3B-HHR.MS.MRG.3IMERG.20051128-S120000-E122959.0720.V07B.HDF5,3B-HHR.MS.MRG.3IMERG.20051128-S120000-E122959.0720.V07B.HDF5,True,False,7227045,01f0b83937d3148cf70c308993328e7c54f739e9af65ea13c4762f9344dc38fd,CANONICAL_PRIMARY,Official NASA GES DISC canonical granule file
3B-HHR.MS.MRG.3IMERG.20051128-S150000-E152959.0900.V07B.HDF5,3B-HHR.MS.MRG.3IMERG.20051128-S150000-E152959.0900.V07B.HDF5,True,False,7310079,1178c0d527aaa79e455e04b3244a0065b9191d1a8d35e100293b944dbd213b2d,CANONICAL_PRIMARY,Official NASA GES DISC canonical granule file
3B-HHR.MS.MRG.3IMERG.20051128-S180000-E182959.1080.V07B.HDF5,3B-HHR.MS.MRG.3IMERG.20051128-S180000-E182959.1080.V07B.HDF5,True,False,7489251,7eb0fa8e2736d93fcb2b0b8394d6ea61e1a762d51dd86accfba0ee67929e507c,CANONICAL_PRIMARY,Official NASA GES DISC canonical granule file
3B-HHR.MS.MRG.3IMERG.20051128-S210000-E212959.1260.V07B.HDF5,3B-HHR.MS.MRG.3IMERG.20051128-S210000-E212959.1260.V07B.HDF5,True,False,7514236,8b238ec23217169c2227f04f18036e81ad96f70c38808fe215d768408c7504b9,CANONICAL_PRIMARY,Official NASA GES DISC canonical granule file
3B-HHR.MS.MRG.3IMERG.20051129-S000000-E002959.0000.V07B.HDF5,3B-HHR.MS.MRG.3IMERG.20051129-S000000-E002959.0000.V07B.HDF5,True,False,7410175,6c6430ff7916506e9493bdaf25245eec532e9e76d1308fef13fe662e286c5c18,CANONICAL_PRIMARY,Official NASA GES DISC canonical granule file
3B-HHR.MS.MRG.3IMERG.20051129-S030000-E032959.0180.V07B.HDF5,3B-HHR.MS.MRG.3IMERG.20051129-S030000-E032959.0180.V07B.HDF5,True,False,7371612,5a4d7bb1de871b76c13b2416f60884bd4abea8da306ec67b944b247d60c1d9ad,CANONICAL_PRIMARY,Official NASA GES DISC canonical granule file
3B-HHR.MS.MRG.3IMERG.20051129-S060000-E062959.0360.V07B.HDF5,3B-HHR.MS.MRG.3IMERG.20051129-S060000-E062959.0360.V07B.HDF5,True,False,7357660,c13c81bd52ef7b7d845f3e2b7def3b8eb0e9cfe78e2ca3e527eaa3362b7c5601,CANONICAL_PRIMARY,Official NASA GES DISC canonical granule file
3B-HHR.MS.MRG.3IMERG.20051129-S090000-E092959.0540.V07B.HDF5,3B-HHR.MS.MRG.3IMERG.20051129-S090000-E092959.0540.V07B.HDF5,True,False,7561881,78a95677ba9b62525d1ad21d22d341d97a5e279d23eba7399708cdfeabcca6a3,CANONICAL_PRIMARY,Official NASA GES DISC canonical granule file
3B-HHR.MS.MRG.3IMERG.20051129-S120000-E122959.0720.V07B.HDF5,3B-HHR.MS.MRG.3IMERG.20051129-S120000-E122959.0720.V07B.HDF5,True,False,7311546,eb7ca99506f8e147802f57aeb26b64ed5ca0b468cb223f572b6e2484e9dd0b37,CANONICAL_PRIMARY,Official NASA GES DISC canonical granule file
3B-HHR.MS.MRG.3IMERG.20051129-S150000-E152959.0900.V07B.HDF5,3B-HHR.MS.MRG.3IMERG.20051129-S150000-E152959.0900.V07B.HDF5,True,False,7530696,9baa5d9a7bf2bb857249ebddf4bd659692018090fb3c85e1ea3318dbc03b87a0,CANONICAL_PRIMARY,Official NASA GES DISC canonical granule file
3B-HHR.MS.MRG.3IMERG.20051129-S180000-E182959.1080.V07B.HDF5,3B-HHR.MS.MRG.3IMERG.20051129-S180000-E182959.1080.V07B.HDF5,True,False,7634425,a5fdac1376b45d82e37c44515f2af0a2ff44c376bbceb3642c99e38767100297,CANONICAL_PRIMARY,Official NASA GES DISC canonical granule file
3B-HHR.MS.MRG.3IMERG.20051129-S210000-E212959.1260.V07B.HDF5,3B-HHR.MS.MRG.3IMERG.20051129-S210000-E212959.1260.V07B.HDF5,True,False,7726070,a554c26fbbaad2777e6666d223561f0e91624e1560cd57b59377f3ee3f65cdfa,CANONICAL_PRIMARY,Official NASA GES DISC canonical granule file
3B-HHR.MS.MRG.3IMERG.20051130-S000000-E002959.0000.V07B.HDF5,3B-HHR.MS.MRG.3IMERG.20051130-S000000-E002959.0000.V07B.HDF5,True,False,7649866,f4e56596157329bdcc09ab928267221c77044fd904cdadff7728e4adf8ba66a9,CANONICAL_PRIMARY,Official NASA GES DISC canonical granule file
3B-HHR.MS.MRG.3IMERG.20051130-S030000-E032959.0180.V07B.HDF5,3B-HHR.MS.MRG.3IMERG.20051130-S030000-E032959.0180.V07B.HDF5,True,False,7667900,1704ef6fa7e470083ea5cb3e7beb3cd6f9ca72c284f4ad57b926252302e343e3,CANONICAL_PRIMARY,Official NASA GES DISC canonical granule file
3B-HHR.MS.MRG.3IMERG.20051205-S120000-E122959.0720.V07B.HDF5,3B-HHR.MS.MRG.3IMERG.20051205-S120000-E122959.0720.V07B.HDF5,True,False,7299752,cf73f9f2310fd4cf49cdf0857a49db4c09a48f033a6f48fb1be4d710ba0b638e,CANONICAL_PRIMARY,Official NASA GES DISC canonical granule file
3B-HHR.MS.MRG.3IMERG.20051205-S150000-E152959.0900.V07B.HDF5,3B-HHR.MS.MRG.3IMERG.20051205-S150000-E152959.0900.V07B.HDF5,True,False,7474675,46b98924035c6615343f0767b747d66ddf5b0ae54e494aed6d04016ef495162a,CANONICAL_PRIMARY,Official NASA GES DISC canonical granule file
3B-HHR.MS.MRG.3IMERG.20051205-S180000-E182959.1080.V07B.HDF5,3B-HHR.MS.MRG.3IMERG.20051205-S180000-E182959.1080.V07B.HDF5,True,False,7481651,dd6a63c51b5b323748990c6c00fb30bed8ffe4b60c4b257a98d9822ee01438a8,CANONICAL_PRIMARY,Official NASA GES DISC canonical granule file
3B-HHR.MS.MRG.3IMERG.20051205-S210000-E212959.1260.V07B.HDF5,3B-HHR.MS.MRG.3IMERG.20051205-S210000-E212959.1260.V07B.HDF5,True,False,7542948,fa9ce3d2d5a14ef9c971c96f8f5fd2fd3450dd32ad8ee0e9e3cb5b705b44cd6f,CANONICAL_PRIMARY,Official NASA GES DISC canonical granule file
3B-HHR.MS.MRG.3IMERG.20051206-S000000-E002959.0000.V07B.HDF5,3B-HHR.MS.MRG.3IMERG.20051206-S000000-E002959.0000.V07B.HDF5,True,False,7503214,c76083feb88f45700c50f40da0ece77a98a8f8b3a2aeb902cdb65b65b2ba3df1,CANONICAL_PRIMARY,Official NASA GES DISC canonical granule file
3B-HHR.MS.MRG.3IMERG.20051206-S030000-E032959.0180.V07B.HDF5,3B-HHR.MS.MRG.3IMERG.20051206-S030000-E032959.0180.V07B.HDF5,True,False,7397242,7757eb73cc6be08fd942a1b3526adf9e7ece196d321baad0033a66d390aacfa5,CANONICAL_PRIMARY,Official NASA GES DISC canonical granule file
3B-HHR.MS.MRG.3IMERG.20051206-S060000-E062959.0360.V07B.HDF5,3B-HHR.MS.MRG.3IMERG.20051206-S060000-E062959.0360.V07B.HDF5,True,False,7425228,87c1e67808e7c375f0fc1bfa1e3ac75661b9ea89db30b22d8be399806c4a6fcf,CANONICAL_PRIMARY,Official NASA GES DISC canonical granule file
3B-HHR.MS.MRG.3IMERG.20051206-S090000-E092959.0540.V07B.HDF5,3B-HHR.MS.MRG.3IMERG.20051206-S090000-E092959.0540.V07B.HDF5,True,False,7613930,d6873acd9b8c32f20cd42afe5819f77362ad38a6cb775eef4602ec2460594b85,CANONICAL_PRIMARY,Official NASA GES DISC canonical granule file
3B-HHR.MS.MRG.3IMERG.20051206-S120000-E122959.0720.V07B.HDF5,3B-HHR.MS.MRG.3IMERG.20051206-S120000-E122959.0720.V07B.HDF5,True,False,7512740,ad69d4e85a4f6b06e200132203c93539d05eb59aec1faffbc89797252b3a7125,CANONICAL_PRIMARY,Official NASA GES DISC canonical granule file
3B-HHR.MS.MRG.3IMERG.20051206-S150000-E152959.0900.V07B.HDF5,3B-HHR.MS.MRG.3IMERG.20051206-S150000-E152959.0900.V07B.HDF5,True,False,7422248,ce082b006199758ee2af003aa5e40c86dabff20c349cb424156735511588f559,CANONICAL_PRIMARY,Official NASA GES DISC canonical granule file
3B-HHR.MS.MRG.3IMERG.20051206-S180000-E182959.1080.V07B.HDF5,3B-HHR.MS.MRG.3IMERG.20051206-S180000-E182959.1080.V07B.HDF5,True,False,7532725,b06dffa9c4c399b3ef3a407f74d6ac36f8e2f24c69d99738b272049b20eff08c,CANONICAL_PRIMARY,Official NASA GES DISC canonical granule file
3B-HHR.MS.MRG.3IMERG.20051206-S210000-E212959.1260.V07B.HDF5,3B-HHR.MS.MRG.3IMERG.20051206-S210000-E212959.1260.V07B.HDF5,True,False,7620615,f7c074df883004b2b57d3decbdb35066be0e7e35f3b159d760a4a67035122dcc,CANONICAL_PRIMARY,Official NASA GES DISC canonical granule file
3B-HHR.MS.MRG.3IMERG.20051207-S000000-E002959.0000.V07B.HDF5,3B-HHR.MS.MRG.3IMERG.20051207-S000000-E002959.0000.V07B.HDF5,True,False,7581211,06a971f6ba9fcb955e65f08ba4f9768e26ab00a79e884d00e7dd587d612858d4,CANONICAL_PRIMARY,Official NASA GES DISC canonical granule file
3B-HHR.MS.MRG.3IMERG.20051207-S030000-E032959.0180.V07B.HDF5,3B-HHR.MS.MRG.3IMERG.20051207-S030000-E032959.0180.V07B.HDF5,True,False,7561815,8b10198648d80f834a8913526dca6d53c65e12b31d630dbe99379ccc9ace92d2,CANONICAL_PRIMARY,Official NASA GES DISC canonical granule file
3B-HHR.MS.MRG.3IMERG.20051207-S060000-E062959.0360.V07B.HDF5,3B-HHR.MS.MRG.3IMERG.20051207-S060000-E062959.0360.V07B.HDF5,True,False,7736860,86efd99312e5555e709f3ad62ccfb947840a1f5de91c06903aa265c7c3b3c41c,CANONICAL_PRIMARY,Official NASA GES DISC canonical granule file
3B-HHR.MS.MRG.3IMERG.20051207-S090000-E092959.0540.V07B.HDF5,3B-HHR.MS.MRG.3IMERG.20051207-S090000-E092959.0540.V07B.HDF5,True,False,7757270,0211ac716e0888f14e4c0a8925baaa5f65817133e7d1e199644468b427c0b786,CANONICAL_PRIMARY,Official NASA GES DISC canonical granule file
3B-HHR.MS.MRG.3IMERG.20051207-S120000-E122959.0720.V07B.HDF5,3B-HHR.MS.MRG.3IMERG.20051207-S120000-E122959.0720.V07B.HDF5,True,False,7496167,7cf8edcf14df0c54a336c3f7429cd40cd9a9e310ac451faed13ac493f4590645,CANONICAL_PRIMARY,Official NASA GES DISC canonical granule file
3B-HHR.MS.MRG.3IMERG.20051207-S150000-E152959.0900.V07B.HDF5,3B-HHR.MS.MRG.3IMERG.20051207-S150000-E152959.0900.V07B.HDF5,True,False,7416565,5a87bd03f54eb1c991680e42b5ab874a540b9643c80377da490556749584942d,CANONICAL_PRIMARY,Official NASA GES DISC canonical granule file
3B-HHR.MS.MRG.3IMERG.20051207-S180000-E182959.1080.V07B.HDF5,3B-HHR.MS.MRG.3IMERG.20051207-S180000-E182959.1080.V07B.HDF5,True,False,7640491,7a645ccb2e9433e4f8b004509f60d67b12a1d33b25d9354e67904091ba36392d,CANONICAL_PRIMARY,Official NASA GES DISC canonical granule file
3B-HHR.MS.MRG.3IMERG.20051207-S210000-E212959.1260.V07B.HDF5,3B-HHR.MS.MRG.3IMERG.20051207-S210000-E212959.1260.V07B.HDF5,True,False,7750826,92795ce4e61e6d10a726ae6871651a37e695be59061f427e3c7234e0b8058479,CANONICAL_PRIMARY,Official NASA GES DISC canonical granule file
3B-HHR.MS.MRG.3IMERG.20051214-S210000-E212959.1260.V07B.HDF5,3B-HHR.MS.MRG.3IMERG.20051214-S210000-E212959.1260.V07B.HDF5,True,False,7524684,4b05c39dbd4a7c2383e5de6023a3fb7b2cc9fbf8e94bd615eecc368ea3c552dc,CANONICAL_PRIMARY,Official NASA GES DISC canonical granule file
3B-HHR.MS.MRG.3IMERG.20051215-S000000-E002959.0000.V07B.HDF5,3B-HHR.MS.MRG.3IMERG.20051215-S000000-E002959.0000.V07B.HDF5,True,False,7395424,55b753017fb6629f5b6709d6ef4374cbbc26d12f3bf9b85d5b8a9989753b4585,CANONICAL_PRIMARY,Official NASA GES DISC canonical granule file
3B-HHR.MS.MRG.3IMERG.20051215-S030000-E032959.0180.V07B.HDF5,3B-HHR.MS.MRG.3IMERG.20051215-S030000-E032959.0180.V07B.HDF5,True,False,7160619,904e704c4bd72d86e841e3f135e1017998a8c4ceefe19bbfdf47d2512f702994,CANONICAL_PRIMARY,Official NASA GES DISC canonical granule file
3B-HHR.MS.MRG.3IMERG.20051215-S060000-E062959.0360.V07B.HDF5,3B-HHR.MS.MRG.3IMERG.20051215-S060000-E062959.0360.V07B.HDF5,True,False,7317816,7f182cdac02cf432070e9ce964019d6a004a3925a118b065b478fa4237b0c45e,CANONICAL_PRIMARY,Official NASA GES DISC canonical granule file
3B-HHR.MS.MRG.3IMERG.20051215-S090000-E092959.0540.V07B.HDF5,3B-HHR.MS.MRG.3IMERG.20051215-S090000-E092959.0540.V07B.HDF5,True,False,7269841,1b1f26646e2ab11ac2943c5336eb11c77f8544e02132ae9d407648d1947aeeb9,CANONICAL_PRIMARY,Official NASA GES DISC canonical granule file
3B-HHR.MS.MRG.3IMERG.20051215-S120000-E122959.0720.V07B.HDF5,3B-HHR.MS.MRG.3IMERG.20051215-S120000-E122959.0720.V07B.HDF5,True,False,7294573,8f095af4b671778ed5a45b27a195d3f4a8445db01b26b9ad07195d41cb701b7e,CANONICAL_PRIMARY,Official NASA GES DISC canonical granule file
3B-HHR.MS.MRG.3IMERG.20051215-S150000-E152959.0900.V07B.HDF5,3B-HHR.MS.MRG.3IMERG.20051215-S150000-E152959.0900.V07B.HDF5,True,False,7238012,738ed822392f0f80dd572bc35980e7a503a77f6ffade467cab4013af28c2c386,CANONICAL_PRIMARY,Official NASA GES DISC canonical granule file
3B-HHR.MS.MRG.3IMERG.20051215-S180000-E182959.1080.V07B.HDF5,3B-HHR.MS.MRG.3IMERG.20051215-S180000-E182959.1080.V07B.HDF5,True,False,7381869,dc10c4b55b5e06ea60c044dea7f183f7062725a21e8aefde27f7b16a7d6237f8,CANONICAL_PRIMARY,Official NASA GES DISC canonical granule file
3B-HHR.MS.MRG.3IMERG.20051215-S210000-E212959.1260.V07B.HDF5,3B-HHR.MS.MRG.3IMERG.20051215-S210000-E212959.1260.V07B.HDF5,True,False,7467121,557946729e19e9117ab2b98c61c9e1024dfe98bccf62dac2a1137965d3a0b41d,CANONICAL_PRIMARY,Official NASA GES DISC canonical granule file
3B-HHR.MS.MRG.3IMERG.20051216-S000000-E002959.0000.V07B.HDF5,3B-HHR.MS.MRG.3IMERG.20051216-S000000-E002959.0000.V07B.HDF5,True,False,7419592,b068bcc0314671c330de22a08377795ef862dbdf2d0352a25f56694aff88613f,CANONICAL_PRIMARY,Official NASA GES DISC canonical granule file
3B-HHR.MS.MRG.3IMERG.20051216-S030000-E032959.0180.V07B.HDF5,3B-HHR.MS.MRG.3IMERG.20051216-S030000-E032959.0180.V07B.HDF5,True,False,7344220,5959e54a5dadfa1c40fcd3ae5aa25587b1f41af6a849ca0aefd19a4635c70151,CANONICAL_PRIMARY,Official NASA GES DISC canonical granule file
3B-HHR.MS.MRG.3IMERG.20051216-S060000-E062959.0360.V07B.HDF5,3B-HHR.MS.MRG.3IMERG.20051216-S060000-E062959.0360.V07B.HDF5,True,False,7442446,6adf7e89c30ec075c878ad7b14422b5c9aa325fdda7f58446a798358b409fa32,CANONICAL_PRIMARY,Official NASA GES DISC canonical granule file
3B-HHR.MS.MRG.3IMERG.20051216-S090000-E092959.0540.V07B.HDF5,3B-HHR.MS.MRG.3IMERG.20051216-S090000-E092959.0540.V07B.HDF5,True,False,7406218,6f63e2847284d051ead82e63c6e83c606c97be3dfa59f7b19d20eee0bf2d343d,CANONICAL_PRIMARY,Official NASA GES DISC canonical granule file
3B-HHR.MS.MRG.3IMERG.20051216-S120000-E122959.0720.V07B.HDF5,3B-HHR.MS.MRG.3IMERG.20051216-S120000-E122959.0720.V07B.HDF5,True,False,7326203,5368b409cd69fc35b44ee10add40431b5296de82d57066c85ffc099fcad0dcf7,CANONICAL_PRIMARY,Official NASA GES DISC canonical granule file
3B-HHR.MS.MRG.3IMERG.20051216-S150000-E152959.0900.V07B.HDF5,3B-HHR.MS.MRG.3IMERG.20051216-S150000-E152959.0900.V07B.HDF5,True,False,7309568,26f8cd9dd73eda88bcab15276a7d51f7ba7bb900fe4a2a630c75f20592e3b39b,CANONICAL_PRIMARY,Official NASA GES DISC canonical granule file
3B-HHR.MS.MRG.3IMERG.20051216-S180000-E182959.1080.V07B.HDF5,3B-HHR.MS.MRG.3IMERG.20051216-S180000-E182959.1080.V07B.HDF5,True,False,7500831,410c265d0314e01ffeab7f828858aa39658b99008a17806a9e78a5915547f499,CANONICAL_PRIMARY,Official NASA GES DISC canonical granule file
3B-HHR.MS.MRG.3IMERG.20051216-S210000-E212959.1260.V07B.HDF5,3B-HHR.MS.MRG.3IMERG.20051216-S210000-E212959.1260.V07B.HDF5,True,False,7535105,86f6dce712fdd6defd0af2c102a38bb454c4d930aa67840d61636c074047a301,CANONICAL_PRIMARY,Official NASA GES DISC canonical granule file
3B-HHR.MS.MRG.3IMERG.20051217-S000000-E002959.0000.V07B.HDF5,3B-HHR.MS.MRG.3IMERG.20051217-S000000-E002959.0000.V07B.HDF5,True,False,7532850,e0b92b8eb9780d7975e74573813829830f64b2affc53765c0f14360aeaaf9db3,CANONICAL_PRIMARY,Official NASA GES DISC canonical granule file
3B-HHR.MS.MRG.3IMERG.20051217-S030000-E032959.0180.V07B.HDF5,3B-HHR.MS.MRG.3IMERG.20051217-S030000-E032959.0180.V07B.HDF5,True,False,7381373,8305e3e0ae79c6e9605fad000fdead7e2d596125aaed067b218225425f560ab0,CANONICAL_PRIMARY,Official NASA GES DISC canonical granule file
3B-HHR.MS.MRG.3IMERG.20051217-S060000-E062959.0360.V07B.HDF5,3B-HHR.MS.MRG.3IMERG.20051217-S060000-E062959.0360.V07B.HDF5,True,False,7638574,e41c1ffaf721f03ab7b2727106efb0e0d61559ebc57564b4b184d75aba12483e,CANONICAL_PRIMARY,Official NASA GES DISC canonical granule file
3B-HHR.MS.MRG.3IMERG.20051217-S090000-E092959.0540.V07B.HDF5,3B-HHR.MS.MRG.3IMERG.20051217-S090000-E092959.0540.V07B.HDF5,True,False,7705444,313690fc72b6d3ed412b4680c426047b4a054f1f851b39fa22f66ebd58317052,CANONICAL_PRIMARY,Official NASA GES DISC canonical granule file
3B-HHR.MS.MRG.3IMERG.20051217-S120000-E122959.0720.V07B.HDF5,3B-HHR.MS.MRG.3IMERG.20051217-S120000-E122959.0720.V07B.HDF5,True,False,7391827,0932aee2ed6eec3ca1d3097cae0e4cccd4b907de5e62d5b11dfd503b4e0b7afc,CANONICAL_PRIMARY,Official NASA GES DISC canonical granule file
3B-HHR.MS.MRG.3IMERG.20051217-S150000-E152959.0900.V07B.HDF5,3B-HHR.MS.MRG.3IMERG.20051217-S150000-E152959.0900.V07B.HDF5,True,False,7333512,af52341b3f4e0c0b7de0de09a91beda6321a5a6014a08d7a9e1a68665d87789c,CANONICAL_PRIMARY,Official NASA GES DISC canonical granule file
3B-HHR.MS.MRG.3IMERG.20051217-S180000-E182959.1080.V07B.HDF5,3B-HHR.MS.MRG.3IMERG.20051217-S180000-E182959.1080.V07B.HDF5,True,False,7524989,bc129e738cb6ee39c8d2f1097906845d4105ba648894f6537ac32be2a7e36b1d,CANONICAL_PRIMARY,Official NASA GES DISC canonical granule file
3B-HHR.MS.MRG.3IMERG.20051217-S210000-E212959.1260.V07B.HDF5,3B-HHR.MS.MRG.3IMERG.20051217-S210000-E212959.1260.V07B.HDF5,True,False,7798493,24d75bb04ea43ecd42530b4d28843c0e415c74a20fd9b051c0fd2a4e1fdc269c,CANONICAL_PRIMARY,Official NASA GES DISC canonical granule file
3B-HHR.MS.MRG.3IMERG.20051218-S000000-E002959.0000.V07B.HDF5,3B-HHR.MS.MRG.3IMERG.20051218-S000000-E002959.0000.V07B.HDF5,True,False,7555304,d3b5ed91604afe7dfa22c01e3cb8c36ead3373b91260034754057c8b0e6e9527,CANONICAL_PRIMARY,Official NASA GES DISC canonical granule file
3B-HHR.MS.MRG.3IMERG.20051218-S030000-E032959.0180.V07B.HDF5,3B-HHR.MS.MRG.3IMERG.20051218-S030000-E032959.0180.V07B.HDF5,True,False,7505966,9c44d270d20b2e170bdb31cb0e17eea96e0a66ff4549e1acd5a230c305d05157,CANONICAL_PRIMARY,Official NASA GES DISC canonical granule file
3B-HHR.MS.MRG.3IMERG.20051218-S060000-E062959.0360.V07B.HDF5,3B-HHR.MS.MRG.3IMERG.20051218-S060000-E062959.0360.V07B.HDF5,True,False,7533202,2fb7a0a4551d56fbc614053d7db3e4232fb275017f5173eeddc3ad39b59a7f2f,CANONICAL_PRIMARY,Official NASA GES DISC canonical granule file
3B-HHR.MS.MRG.3IMERG.20051218-S090000-E092959.0540.V07B.HDF5,3B-HHR.MS.MRG.3IMERG.20051218-S090000-E092959.0540.V07B.HDF5,True,False,7719969,f37ab1002ee138d6bf11160f24252259930c051ab93927dfb783a6282a30db46,CANONICAL_PRIMARY,Official NASA GES DISC canonical granule file
3B-HHR.MS.MRG.3IMERG.20051218-S120000-E122959.0720.V07B.HDF5,3B-HHR.MS.MRG.3IMERG.20051218-S120000-E122959.0720.V07B.HDF5,True,False,7646774,d5c2f61bcca5f39b018575563f9366a9e00493eb0dfdec1a54df53920ec5df1c,CANONICAL_PRIMARY,Official NASA GES DISC canonical granule file
3B-HHR.MS.MRG.3IMERG.20051218-S150000-E152959.0900.V07B.HDF5,3B-HHR.MS.MRG.3IMERG.20051218-S150000-E152959.0900.V07B.HDF5,True,False,7389167,5b963a2efe4fe2849da8e1e1f5e9940b00a8224ffb061d79d6f5fef107bf925a,CANONICAL_PRIMARY,Official NASA GES DISC canonical granule file
3B-HHR.MS.MRG.3IMERG.20051218-S180000-E182959.1080.V07B.HDF5,3B-HHR.MS.MRG.3IMERG.20051218-S180000-E182959.1080.V07B.HDF5,True,False,7730223,2169ac3742ba1b8777b4328cbdce745aba9c634ab5c2d6982224264149ac5d20,CANONICAL_PRIMARY,Official NASA GES DISC canonical granule file
3B-HHR.MS.MRG.3IMERG.20051218-S210000-E212959.1260.V07B.HDF5,3B-HHR.MS.MRG.3IMERG.20051218-S210000-E212959.1260.V07B.HDF5,True,False,7656851,e94bc3d0f1ffe6b009f1e1296d7e538f8c8e50219eea654db95a7cf6c6fc68ab,CANONICAL_PRIMARY,Official NASA GES DISC canonical granule file
3B-HHR.MS.MRG.3IMERG.20051219-S000000-E002959.0000.V07B.HDF5,3B-HHR.MS.MRG.3IMERG.20051219-S000000-E002959.0000.V07B.HDF5,True,False,7501059,b782775875889884d5b20c5bcd777cd9dd3e715126d4802816ed4e269a95fa44,CANONICAL_PRIMARY,Official NASA GES DISC canonical granule file
3B-HHR.MS.MRG.3IMERG.20051219-S030000-E032959.0180.V07B.HDF5,3B-HHR.MS.MRG.3IMERG.20051219-S030000-E032959.0180.V07B.HDF5,True,False,7396759,17b96b86bdf148af5e9a1a3582476ce272ea999abc53c33df8adf70d6c988088,CANONICAL_PRIMARY,Official NASA GES DISC canonical granule file
3B-HHR.MS.MRG.3IMERG.20051219-S060000-E062959.0360.V07B.HDF5,3B-HHR.MS.MRG.3IMERG.20051219-S060000-E062959.0360.V07B.HDF5,True,False,7278116,9afc7ffc8053268a7549a65cdd87c454cdcd970cd51ab1f1d85b79a62bcef359,CANONICAL_PRIMARY,Official NASA GES DISC canonical granule file
3B-HHR.MS.MRG.3IMERG.20051219-S090000-E092959.0540.V07B.HDF5,3B-HHR.MS.MRG.3IMERG.20051219-S090000-E092959.0540.V07B.HDF5,True,False,7555576,7574368feb090eb270a6471e4a0bc84a129534bd15a85b6c558d2facd444d7b7,CANONICAL_PRIMARY,Official NASA GES DISC canonical granule file
3B-HHR.MS.MRG.3IMERG.20051219-S120000-E122959.0720.V07B.HDF5,3B-HHR.MS.MRG.3IMERG.20051219-S120000-E122959.0720.V07B.HDF5,True,False,7437505,af37f8ab5ea32e1d1fd0fbe5e6cc6dd81d84526dfec6f6fdf079827b5d93d6e1,CANONICAL_PRIMARY,Official NASA GES DISC canonical granule file
3B-HHR.MS.MRG.3IMERG.20051219-S150000-E152959.0900.V07B.HDF5,3B-HHR.MS.MRG.3IMERG.20051219-S150000-E152959.0900.V07B.HDF5,True,False,7384799,38d43949cfdaa9588be2d50f7b969f8c85bb9b25a466790b7d0193d234fe6b11,CANONICAL_PRIMARY,Official NASA GES DISC canonical granule file
3B-HHR.MS.MRG.3IMERG.20051219-S180000-E182959.1080.V07B.HDF5,3B-HHR.MS.MRG.3IMERG.20051219-S180000-E182959.1080.V07B.HDF5,True,False,7629813,feb80c7171c77fb941bb4602bef5193da26fdf235afece0370bae34bd1595f23,CANONICAL_PRIMARY,Official NASA GES DISC canonical granule file
3B-HHR.MS.MRG.3IMERG.20051219-S210000-E212959.1260.V07B.HDF5,3B-HHR.MS.MRG.3IMERG.20051219-S210000-E212959.1260.V07B.HDF5,True,False,7753417,67bd80850662a04db923cedc05c8ad0aa0a0fe48344d13d5c9027ad2f40f0a6b,CANONICAL_PRIMARY,Official NASA GES DISC canonical granule file
3B-HHR.MS.MRG.3IMERG.20051220-S000000-E002959.0000.V07B.HDF5,3B-HHR.MS.MRG.3IMERG.20051220-S000000-E002959.0000.V07B.HDF5,True,False,7458332,50ec542f4c852a9c565230ccd9aa6e05562c7548326e40d400148adc43fbd314,CANONICAL_PRIMARY,Official NASA GES DISC canonical granule file
3B-HHR.MS.MRG.3IMERG.20060424-S120000-E122959.0720.V07B.HDF5,3B-HHR.MS.MRG.3IMERG.20060424-S120000-E122959.0720.V07B.HDF5,True,False,7885834,ea072964998c4d98ccfd7b33e1941adbd3e5ddecbac4fde585d89ab46406ed8b,CANONICAL_PRIMARY,Official NASA GES DISC canonical granule file
3B-HHR.MS.MRG.3IMERG.20060424-S150000-E152959.0900.V07B.HDF5,3B-HHR.MS.MRG.3IMERG.20060424-S150000-E152959.0900.V07B.HDF5,True,False,7841775,8cb15e84a2a219cb86ef074eba863c3390b78b6614dd0a90990b747b9c1f579c,CANONICAL_PRIMARY,Official NASA GES DISC canonical granule file
3B-HHR.MS.MRG.3IMERG.20060424-S180000-E182959.1080.V07B.HDF5,3B-HHR.MS.MRG.3IMERG.20060424-S180000-E182959.1080.V07B.HDF5,True,False,7937270,c8ad4aaa312c1a781c43b749310c83e957c7be6ef8185075c6c6a6a30c7f3c99,CANONICAL_PRIMARY,Official NASA GES DISC canonical granule file
3B-HHR.MS.MRG.3IMERG.20060424-S210000-E212959.1260.V07B.HDF5,3B-HHR.MS.MRG.3IMERG.20060424-S210000-E212959.1260.V07B.HDF5,True,False,7964821,fe6061c710392506807f1b8fdeed48d81f94378569b5b3a5bf2049a0a5d687df,CANONICAL_PRIMARY,Official NASA GES DISC canonical granule file
3B-HHR.MS.MRG.3IMERG.20060425-S000000-E002959.0000.V07B.HDF5,3B-HHR.MS.MRG.3IMERG.20060425-S000000-E002959.0000.V07B.HDF5,True,False,7949927,b3fd60b275f964e60395b4a95a5890a3305d5a2fce0c449405c42652ef87f38e,CANONICAL_PRIMARY,Official NASA GES DISC canonical granule file
3B-HHR.MS.MRG.3IMERG.20060425-S030000-E032959.0180.V07B.HDF5,3B-HHR.MS.MRG.3IMERG.20060425-S030000-E032959.0180.V07B.HDF5,True,False,7955528,6a2ad4ccf27f6f3c016d96164649380c2d3b9e28f8b690ee44375a0bebc56133,CANONICAL_PRIMARY,Official NASA GES DISC canonical granule file
3B-HHR.MS.MRG.3IMERG.20060425-S060000-E062959.0360.V07B.HDF5,3B-HHR.MS.MRG.3IMERG.20060425-S060000-E062959.0360.V07B.HDF5,True,False,7821211,f0c495701df8ae6aebc2ae16d96de568feb4fdec9bf9085266e1468a5b66c490,CANONICAL_PRIMARY,Official NASA GES DISC canonical granule file
3B-HHR.MS.MRG.3IMERG.20060425-S090000-E092959.0540.V07B.HDF5,3B-HHR.MS.MRG.3IMERG.20060425-S090000-E092959.0540.V07B.HDF5,True,False,7785705,f2b8ebf3672c9e80e867178cbe1f466c87eb26743f35ea617077cbf5779f5f4d,CANONICAL_PRIMARY,Official NASA GES DISC canonical granule file
3B-HHR.MS.MRG.3IMERG.20060425-S120000-E122959.0720.V07B.HDF5,3B-HHR.MS.MRG.3IMERG.20060425-S120000-E122959.0720.V07B.HDF5,True,False,8046777,783e030b10c81ffe61f78748521929d3bef28cf783f7fe64645a45bb6145bbfe,CANONICAL_PRIMARY,Official NASA GES DISC canonical granule file
3B-HHR.MS.MRG.3IMERG.20060425-S150000-E152959.0900.V07B.HDF5,3B-HHR.MS.MRG.3IMERG.20060425-S150000-E152959.0900.V07B.HDF5,True,False,7889821,3c751ade3c211ef9e5f3859d544a149d5b94570fa87ba7cc560482e1a35153c3,CANONICAL_PRIMARY,Official NASA GES DISC canonical granule file
3B-HHR.MS.MRG.3IMERG.20060425-S180000-E182959.1080.V07B.HDF5,3B-HHR.MS.MRG.3IMERG.20060425-S180000-E182959.1080.V07B.HDF5,True,False,8155897,c626372487cad4677581d38485f069f74e33ad4d89330a53c658c62292984552,CANONICAL_PRIMARY,Official NASA GES DISC canonical granule file
3B-HHR.MS.MRG.3IMERG.20060425-S210000-E212959.1260.V07B.HDF5,3B-HHR.MS.MRG.3IMERG.20060425-S210000-E212959.1260.V07B.HDF5,True,False,8009983,84b49d243ce667bc8f9e73941a8000223c0b99e5cef3536ae51719dc9814d1ad,CANONICAL_PRIMARY,Official NASA GES DISC canonical granule file
3B-HHR.MS.MRG.3IMERG.20060426-S000000-E002959.0000.V07B.HDF5,3B-HHR.MS.MRG.3IMERG.20060426-S000000-E002959.0000.V07B.HDF5,True,False,7901120,9a7a023a470cc5bf2b630b8825d8e6570eed74bf63fa8768ec41141e1d670792,CANONICAL_PRIMARY,Official NASA GES DISC canonical granule file
3B-HHR.MS.MRG.3IMERG.20060426-S030000-E032959.0180.V07B.HDF5,3B-HHR.MS.MRG.3IMERG.20060426-S030000-E032959.0180.V07B.HDF5,True,False,8049359,75b9e96364f07e3641aa33ac7b92f3d6f67737681add147b043d7a13f62f93ab,CANONICAL_PRIMARY,Official NASA GES DISC canonical granule file
3B-HHR.MS.MRG.3IMERG.20060426-S060000-E062959.0360.V07B.HDF5,3B-HHR.MS.MRG.3IMERG.20060426-S060000-E062959.0360.V07B.HDF5,True,False,7812031,3de6b270cdaff4f560390c6ee53f5a75ec11233d7475fa193eae4dc947d04dd1,CANONICAL_PRIMARY,Official NASA GES DISC canonical granule file
3B-HHR.MS.MRG.3IMERG.20060426-S090000-E092959.0540.V07B.HDF5,3B-HHR.MS.MRG.3IMERG.20060426-S090000-E092959.0540.V07B.HDF5,True,False,7971841,17759d05ff90016ab87cafeec97d35d7fff1d489ba8c261969cefdab8af12693,CANONICAL_PRIMARY,Official NASA GES DISC canonical granule file
3B-HHR.MS.MRG.3IMERG.20060426-S120000-E122959.0720.V07B.HDF5,3B-HHR.MS.MRG.3IMERG.20060426-S120000-E122959.0720.V07B.HDF5,True,False,8046680,78f40c782bb224b465d8b2beef5aa084c5fecedbc2dd66dc33272088180830e5,CANONICAL_PRIMARY,Official NASA GES DISC canonical granule file
3B-HHR.MS.MRG.3IMERG.20060426-S150000-E152959.0900.V07B.HDF5,3B-HHR.MS.MRG.3IMERG.20060426-S150000-E152959.0900.V07B.HDF5,True,False,8020507,0b96b6f3205f225c936a138181c310f24d8b78c9dcb609daad8446b83968adc8,CANONICAL_PRIMARY,Official NASA GES DISC canonical granule file
3B-HHR.MS.MRG.3IMERG.20060426-S180000-E182959.1080.V07B.HDF5,3B-HHR.MS.MRG.3IMERG.20060426-S180000-E182959.1080.V07B.HDF5,True,False,8053700,510524c9573117ad4c8671685112bd0d6eaf0ac360ecead62f3ebad45a81f02e,CANONICAL_PRIMARY,Official NASA GES DISC canonical granule file
3B-HHR.MS.MRG.3IMERG.20060426-S210000-E212959.1260.V07B.HDF5,3B-HHR.MS.MRG.3IMERG.20060426-S210000-E212959.1260.V07B.HDF5,True,False,8336523,9ba66333c4df712809f0dbbab49f9c191f7721767fc53c7047605cb478d12a2e,CANONICAL_PRIMARY,Official NASA GES DISC canonical granule file
3B-HHR.MS.MRG.3IMERG.20060427-S000000-E002959.0000.V07B.HDF5,3B-HHR.MS.MRG.3IMERG.20060427-S000000-E002959.0000.V07B.HDF5,True,False,8105783,fdc71771573d63a4d534a849bae34f9c4cfd6e0ad0dfe1447e73ba9796dc2bd2,CANONICAL_PRIMARY,Official NASA GES DISC canonical granule file
3B-HHR.MS.MRG.3IMERG.20060427-S030000-E032959.0180.V07B.HDF5,3B-HHR.MS.MRG.3IMERG.20060427-S030000-E032959.0180.V07B.HDF5,True,False,8132873,5ae5d6d4e3dcab4d9f4c3b0784346c8c2078ed9b5e831091159db52f19b78f83,CANONICAL_PRIMARY,Official NASA GES DISC canonical granule file
3B-HHR.MS.MRG.3IMERG.20060427-S060000-E062959.0360.V07B.HDF5,3B-HHR.MS.MRG.3IMERG.20060427-S060000-E062959.0360.V07B.HDF5,True,False,8020812,4a45f53e63928eccd769d5de57d08c9f0ebeb48fbf7186f7ed0f8f584694ada5,CANONICAL_PRIMARY,Official NASA GES DISC canonical granule file
3B-HHR.MS.MRG.3IMERG.20060427-S090000-E092959.0540.V07B.HDF5,3B-HHR.MS.MRG.3IMERG.20060427-S090000-E092959.0540.V07B.HDF5,True,False,7699078,7b301c964b4dc3b8246e88fed0f49428ba2b3a7128d6d6e5965617c82ef9c0d0,CANONICAL_PRIMARY,Official NASA GES DISC canonical granule file
3B-HHR.MS.MRG.3IMERG.20060427-S120000-E122959.0720.V07B.HDF5,3B-HHR.MS.MRG.3IMERG.20060427-S120000-E122959.0720.V07B.HDF5,True,False,8086974,1cec282897ae3aa51b04e272a3386eb7a4a293a2622b6574ecd1b7d19093a442,CANONICAL_PRIMARY,Official NASA GES DISC canonical granule file
3B-HHR.MS.MRG.3IMERG.20060427-S150000-E152959.0900.V07B.HDF5,3B-HHR.MS.MRG.3IMERG.20060427-S150000-E152959.0900.V07B.HDF5,True,False,8068129,2d9d140f143e628834a1c37ee834855d30f10a355d144a80bfc27155f01712e0,CANONICAL_PRIMARY,Official NASA GES DISC canonical granule file
3B-HHR.MS.MRG.3IMERG.20060427-S180000-E182959.1080.V07B.HDF5,3B-HHR.MS.MRG.3IMERG.20060427-S180000-E182959.1080.V07B.HDF5,True,False,7992158,f6a449d48e7e6c4570f4bf48e8a79d1ae049cba8b48ad911caf716dc5f4fc39d,CANONICAL_PRIMARY,Official NASA GES DISC canonical granule file
3B-HHR.MS.MRG.3IMERG.20060701-S090000-E092959.0540.V07B.HDF5,3B-HHR.MS.MRG.3IMERG.20060701-S090000-E092959.0540.V07B.HDF5,True,False,8064836,46e48adbdec47cdbc5bf756470c7c37bf1ccaa52620b085b665976d135005525,CANONICAL_PRIMARY,Official NASA GES DISC canonical granule file
3B-HHR.MS.MRG.3IMERG.20060701-S120000-E122959.0720.V07B.HDF5,3B-HHR.MS.MRG.3IMERG.20060701-S120000-E122959.0720.V07B.HDF5,True,False,7977787,198704d8116d6adf853c796fb56a9db244ff322e2239ef546abecd2e73334242,CANONICAL_PRIMARY,Official NASA GES DISC canonical granule file
3B-HHR.MS.MRG.3IMERG.20060701-S150000-E152959.0900.V07B.HDF5,3B-HHR.MS.MRG.3IMERG.20060701-S150000-E152959.0900.V07B.HDF5,True,False,8047608,0934e1b1316384d29549fdbe3077f871a5e3ba92dd44ba2c9a97831e6feacca6,CANONICAL_PRIMARY,Official NASA GES DISC canonical granule file
3B-HHR.MS.MRG.3IMERG.20060701-S180000-E182959.1080.V07B.HDF5,3B-HHR.MS.MRG.3IMERG.20060701-S180000-E182959.1080.V07B.HDF5,True,False,7959471,a25a2f0e94f721ee21a8e95ccaf4ed075a223863f1e69d2451c873007ad914e9,CANONICAL_PRIMARY,Official NASA GES DISC canonical granule file
3B-HHR.MS.MRG.3IMERG.20060701-S210000-E212959.1260.V07B.HDF5,3B-HHR.MS.MRG.3IMERG.20060701-S210000-E212959.1260.V07B.HDF5,True,False,7882962,37da6ce5042e390f0897af5539e777c43db0eff3497383c1ff5501d2d733c5e5,CANONICAL_PRIMARY,Official NASA GES DISC canonical granule file
3B-HHR.MS.MRG.3IMERG.20060702-S000000-E002959.0000.V07B.HDF5,3B-HHR.MS.MRG.3IMERG.20060702-S000000-E002959.0000.V07B.HDF5,True,False,7835664,d89be387e251b490e483763dc4d8f3ac79fdf0ae807db6edf8f990c141b2027f,CANONICAL_PRIMARY,Official NASA GES DISC canonical granule file
3B-HHR.MS.MRG.3IMERG.20060702-S030000-E032959.0180.V07B.HDF5,3B-HHR.MS.MRG.3IMERG.20060702-S030000-E032959.0180.V07B.HDF5,True,False,7618756,00f13195b92f58430552ed5d5499531266dae57e439050101b8fbf11eaefcb4a,CANONICAL_PRIMARY,Official NASA GES DISC canonical granule file
3B-HHR.MS.MRG.3IMERG.20060702-S060000-E062959.0360.V07B.HDF5,3B-HHR.MS.MRG.3IMERG.20060702-S060000-E062959.0360.V07B.HDF5,True,False,7685652,85d1e34f4b514c15cba772f27a8362210e678a1c366c2a819ba6e7b812c8d0cc,CANONICAL_PRIMARY,Official NASA GES DISC canonical granule file
3B-HHR.MS.MRG.3IMERG.20060702-S090000-E092959.0540.V07B.HDF5,3B-HHR.MS.MRG.3IMERG.20060702-S090000-E092959.0540.V07B.HDF5,True,False,7773513,0c35f3634ebb2f9780e3de7e07d4c63e33b7fcc27c3d6e05bd583cf59c8ccc78,CANONICAL_PRIMARY,Official NASA GES DISC canonical granule file
3B-HHR.MS.MRG.3IMERG.20060702-S120000-E122959.0720.V07B.HDF5,3B-HHR.MS.MRG.3IMERG.20060702-S120000-E122959.0720.V07B.HDF5,True,False,7809022,712ad84037d4441beb118c847ea466423d2e70977b8cfea8f3c190257709fb13,CANONICAL_PRIMARY,Official NASA GES DISC canonical granule file
3B-HHR.MS.MRG.3IMERG.20060702-S150000-E152959.0900.V07B.HDF5,3B-HHR.MS.MRG.3IMERG.20060702-S150000-E152959.0900.V07B.HDF5,True,False,7967233,eb9600c330f7c78084777a140eb179797e4b48d69ceed44fcdea2e7ee5b50f98,CANONICAL_PRIMARY,Official NASA GES DISC canonical granule file
3B-HHR.MS.MRG.3IMERG.20060702-S180000-E182959.1080.V07B.HDF5,3B-HHR.MS.MRG.3IMERG.20060702-S180000-E182959.1080.V07B.HDF5,True,False,7936591,9b7d3b41c250516e34b7b1861a4de091deaa29feb84b5503b3f07eb01e6050fe,CANONICAL_PRIMARY,Official NASA GES DISC canonical granule file
3B-HHR.MS.MRG.3IMERG.20060702-S210000-E212959.1260.V07B.HDF5,3B-HHR.MS.MRG.3IMERG.20060702-S210000-E212959.1260.V07B.HDF5,True,False,7929258,16dc85b96a1e297ae2f01a41e8481ea6db448dc3fea07e4837c4f2b8637dfbff,CANONICAL_PRIMARY,Official NASA GES DISC canonical granule file
3B-HHR.MS.MRG.3IMERG.20060703-S000000-E002959.0000.V07B.HDF5,3B-HHR.MS.MRG.3IMERG.20060703-S000000-E002959.0000.V07B.HDF5,True,False,7936296,f24d1ae3b7781e987e5dfe1ae7b186809f8e7fcd67df7d531830c5c94e748f0c,CANONICAL_PRIMARY,Official NASA GES DISC canonical granule file
3B-HHR.MS.MRG.3IMERG.20060703-S030000-E032959.0180.V07B.HDF5,3B-HHR.MS.MRG.3IMERG.20060703-S030000-E032959.0180.V07B.HDF5,True,False,7934719,aff8a9ef0801b85e2f4d27deb3591fcfa4cc17ead4f8afc45fb41e6e675d4133,CANONICAL_PRIMARY,Official NASA GES DISC canonical granule file
3B-HHR.MS.MRG.3IMERG.20060703-S060000-E062959.0360.V07B.HDF5,3B-HHR.MS.MRG.3IMERG.20060703-S060000-E062959.0360.V07B.HDF5,True,False,7806533,24d8723aa5b1b2605739d470edcccc277adbd5e434ba09581cca50a3b95ced4f,CANONICAL_PRIMARY,Official NASA GES DISC canonical granule file
3B-HHR.MS.MRG.3IMERG.20060801-S180000-E182959.1080.V07B.HDF5,3B-HHR.MS.MRG.3IMERG.20060801-S180000-E182959.1080.V07B.HDF5,True,False,7733442,ff18fbd314006d1d57247fb9ee5d53a801b48e608b965488ab705f73a02d6d0c,CANONICAL_PRIMARY,Official NASA GES DISC canonical granule file
3B-HHR.MS.MRG.3IMERG.20060801-S210000-E212959.1260.V07B.HDF5,3B-HHR.MS.MRG.3IMERG.20060801-S210000-E212959.1260.V07B.HDF5,True,False,7862575,9e5e5d63781d550d5954824ff2054b9b3b778e2330650bb896f2ed571cb01e7a,CANONICAL_PRIMARY,Official NASA GES DISC canonical granule file
3B-HHR.MS.MRG.3IMERG.20060802-S000000-E002959.0000.V07B.HDF5,3B-HHR.MS.MRG.3IMERG.20060802-S000000-E002959.0000.V07B.HDF5,True,False,7684000,f55f7093f705148ecea482b8022715752196e8451d6741b3cd739c6a24357a87,CANONICAL_PRIMARY,Official NASA GES DISC canonical granule file
3B-HHR.MS.MRG.3IMERG.20060802-S030000-E032959.0180.V07B.HDF5,3B-HHR.MS.MRG.3IMERG.20060802-S030000-E032959.0180.V07B.HDF5,True,False,7579656,0658df45fef5acae66f9ec5d08bfca6c03b4902cbd3e71e14db2d22a87d7956d,CANONICAL_PRIMARY,Official NASA GES DISC canonical granule file
3B-HHR.MS.MRG.3IMERG.20060802-S060000-E062959.0360.V07B.HDF5,3B-HHR.MS.MRG.3IMERG.20060802-S060000-E062959.0360.V07B.HDF5,True,False,7533808,3c189140c1e6e9c923b154bf3202a82d815517d9111f40c2818823159a16054c,CANONICAL_PRIMARY,Official NASA GES DISC canonical granule file
3B-HHR.MS.MRG.3IMERG.20060802-S090000-E092959.0540.V07B.HDF5,3B-HHR.MS.MRG.3IMERG.20060802-S090000-E092959.0540.V07B.HDF5,True,False,7724461,a7eadf853b0d022a45a0458ca1c8bcac3ac09924b6e88488cf4312e6e8de7cdb,CANONICAL_PRIMARY,Official NASA GES DISC canonical granule file
3B-HHR.MS.MRG.3IMERG.20060815-S120000-E122959.0720.V07B.HDF5,3B-HHR.MS.MRG.3IMERG.20060815-S120000-E122959.0720.V07B.HDF5,True,False,8210769,d7faca902ecc3c844b7d167d4341011e8926624e22624b962747a34ad5d37ef2,CANONICAL_PRIMARY,Official NASA GES DISC canonical granule file
3B-HHR.MS.MRG.3IMERG.20060815-S150000-E152959.0900.V07B.HDF5,3B-HHR.MS.MRG.3IMERG.20060815-S150000-E152959.0900.V07B.HDF5,True,False,8091753,59ac2186165b9acb4fc3c43c94bb6f4dedb950e714e31a40822e55f9bb180e47,CANONICAL_PRIMARY,Official NASA GES DISC canonical granule file
3B-HHR.MS.MRG.3IMERG.20060815-S180000-E182959.1080.V07B.HDF5,3B-HHR.MS.MRG.3IMERG.20060815-S180000-E182959.1080.V07B.HDF5,True,False,8168363,dbbf6e37a99cd7b57329d7062cdadd308f60d758094efb829dabedccdd3f5c5c,CANONICAL_PRIMARY,Official NASA GES DISC canonical granule file
3B-HHR.MS.MRG.3IMERG.20060815-S210000-E212959.1260.V07B.HDF5,3B-HHR.MS.MRG.3IMERG.20060815-S210000-E212959.1260.V07B.HDF5,True,False,8348070,2d1f201b097028ea616e0bf3e6835928e115cd00f1643c6ed6357348175e2a29,CANONICAL_PRIMARY,Official NASA GES DISC canonical granule file
3B-HHR.MS.MRG.3IMERG.20060816-S000000-E002959.0000.V07B.HDF5,3B-HHR.MS.MRG.3IMERG.20060816-S000000-E002959.0000.V07B.HDF5,True,False,7929196,8668fe3c6a0a32c15845fc9d531ee5507dd53c4fdabb05577b3b2b076d0a6b5a,CANONICAL_PRIMARY,Official NASA GES DISC canonical granule file
3B-HHR.MS.MRG.3IMERG.20060816-S030000-E032959.0180.V07B.HDF5,3B-HHR.MS.MRG.3IMERG.20060816-S030000-E032959.0180.V07B.HDF5,True,False,7872140,84a1a434fd9e26e9e60e0edb86bb9efe602efbfab8b54fa452d04ffa34aece8f,CANONICAL_PRIMARY,Official NASA GES DISC canonical granule file
3B-HHR.MS.MRG.3IMERG.20060816-S060000-E062959.0360.V07B.HDF5,3B-HHR.MS.MRG.3IMERG.20060816-S060000-E062959.0360.V07B.HDF5,True,False,7776058,01fbc951b68c02a9fe7e75151a380509cef1fcc05f086c701f1530ccc3d66dc7,CANONICAL_PRIMARY,Official NASA GES DISC canonical granule file
3B-HHR.MS.MRG.3IMERG.20060816-S090000-E092959.0540.V07B.HDF5,3B-HHR.MS.MRG.3IMERG.20060816-S090000-E092959.0540.V07B.HDF5,True,False,7736750,65821900ee0a63514bcf71677946fae0bf8edb8f1624eec9e3cd5bdec47b1fd9,CANONICAL_PRIMARY,Official NASA GES DISC canonical granule file
3B-HHR.MS.MRG.3IMERG.20060828-S120000-E122959.0720.V07B.HDF5,3B-HHR.MS.MRG.3IMERG.20060828-S120000-E122959.0720.V07B.HDF5,True,False,7979046,a4e856272c1f41bc23811217b405788d2b678cfe68681744e7ad8d338d40c06a,CANONICAL_PRIMARY,Official NASA GES DISC canonical granule file
3B-HHR.MS.MRG.3IMERG.20060828-S150000-E152959.0900.V07B.HDF5,3B-HHR.MS.MRG.3IMERG.20060828-S150000-E152959.0900.V07B.HDF5,True,False,7877743,ee8bd36c3d52828ab76d75ac4785f848be37b76554e0c64104396fbae4a0d5e7,CANONICAL_PRIMARY,Official NASA GES DISC canonical granule file
3B-HHR.MS.MRG.3IMERG.20060828-S180000-E182959.1080.V07B.HDF5,3B-HHR.MS.MRG.3IMERG.20060828-S180000-E182959.1080.V07B.HDF5,True,False,8088024,feef5b6a2f7df6d120baa0e99b487abc20d97ea87b9bed9435c3e3562c25d084,CANONICAL_PRIMARY,Official NASA GES DISC canonical granule file
3B-HHR.MS.MRG.3IMERG.20060828-S210000-E212959.1260.V07B.HDF5,3B-HHR.MS.MRG.3IMERG.20060828-S210000-E212959.1260.V07B.HDF5,True,False,8051338,6c9d9ddba9f9417d368a0ff20bc6f8552751e9dbc574f0cdddac8fe294a8cab1,CANONICAL_PRIMARY,Official NASA GES DISC canonical granule file
3B-HHR.MS.MRG.3IMERG.20060829-S000000-E002959.0000.V07B.HDF5,3B-HHR.MS.MRG.3IMERG.20060829-S000000-E002959.0000.V07B.HDF5,True,False,7916554,bb7511fec151107ece6ef29fc4f9916b7d8f918d23ca04229d7de17266af8147,CANONICAL_PRIMARY,Official NASA GES DISC canonical granule file
3B-HHR.MS.MRG.3IMERG.20060829-S030000-E032959.0180.V07B.HDF5,3B-HHR.MS.MRG.3IMERG.20060829-S030000-E032959.0180.V07B.HDF5,True,False,7820924,f4d106470b5fbd60adf476b95daec501e5fbb2b2f1b1fa9a1747c192d10c8af5,CANONICAL_PRIMARY,Official NASA GES DISC canonical granule file
3B-HHR.MS.MRG.3IMERG.20060829-S060000-E062959.0360.V07B.HDF5,3B-HHR.MS.MRG.3IMERG.20060829-S060000-E062959.0360.V07B.HDF5,True,False,7740241,4f1815e0ebe3e8eb019193f52bcb4d9bb70f8a2d230e95cd1ace4beb795200b5,CANONICAL_PRIMARY,Official NASA GES DISC canonical granule file
3B-HHR.MS.MRG.3IMERG.20060829-S090000-E092959.0540.V07B.HDF5,3B-HHR.MS.MRG.3IMERG.20060829-S090000-E092959.0540.V07B.HDF5,True,False,7864762,de1f89b252f755d7483d47f34d776a7c124bf4573d7fde5ca2b08a110b863ee4,CANONICAL_PRIMARY,Official NASA GES DISC canonical granule file
3B-HHR.MS.MRG.3IMERG.20060829-S120000-E122959.0720.V07B.HDF5,3B-HHR.MS.MRG.3IMERG.20060829-S120000-E122959.0720.V07B.HDF5,True,False,8031583,98c88c76b2c88a071b9bf8327c2194f3a0bcfcf57b5a61dd5419904fc27be333,CANONICAL_PRIMARY,Official NASA GES DISC canonical granule file
3B-HHR.MS.MRG.3IMERG.20060829-S150000-E152959.0900.V07B.HDF5,3B-HHR.MS.MRG.3IMERG.20060829-S150000-E152959.0900.V07B.HDF5,True,False,7578770,0133d2eabd1daa05d98f561847bcfda04d0abc44b464519d3ec8b3ecfe4a59b6,CANONICAL_PRIMARY,Official NASA GES DISC canonical granule file
3B-HHR.MS.MRG.3IMERG.20060829-S180000-E182959.1080.V07B.HDF5,3B-HHR.MS.MRG.3IMERG.20060829-S180000-E182959.1080.V07B.HDF5,True,False,8102914,19c81ebdf00470adbbe60a858e804642df820fc5d7e3340e815c3660d572fbc1,CANONICAL_PRIMARY,Official NASA GES DISC canonical granule file
3B-HHR.MS.MRG.3IMERG.20060829-S210000-E212959.1260.V07B.HDF5,3B-HHR.MS.MRG.3IMERG.20060829-S210000-E212959.1260.V07B.HDF5,True,False,7991626,ab246e2fdc947811bc7b49d146b36d162123cc8f9bd5cb9a405652fd7e7e9578,CANONICAL_PRIMARY,Official NASA GES DISC canonical granule file
3B-HHR.MS.MRG.3IMERG.20060830-S000000-E002959.0000.V07B.HDF5,3B-HHR.MS.MRG.3IMERG.20060830-S000000-E002959.0000.V07B.HDF5,True,False,7875062,dc654db2a696e9c90d7d5a167a8dd96ee5fab2bad503890e3f856ff61986d18a,CANONICAL_PRIMARY,Official NASA GES DISC canonical granule file
3B-HHR.MS.MRG.3IMERG.20060830-S030000-E032959.0180.V07B.HDF5,3B-HHR.MS.MRG.3IMERG.20060830-S030000-E032959.0180.V07B.HDF5,True,False,7832520,dec78af928414dce50f38e5931f88623d101f15ed5d7fddb1de743e443dc4cc8,CANONICAL_PRIMARY,Official NASA GES DISC canonical granule file
3B-HHR.MS.MRG.3IMERG.20060830-S060000-E062959.0360.V07B.HDF5,3B-HHR.MS.MRG.3IMERG.20060830-S060000-E062959.0360.V07B.HDF5,True,False,7809155,cf592a751435206cba9ca4fe87bb5f566a06f0a5610c2c2f29615a8135b7915d,CANONICAL_PRIMARY,Official NASA GES DISC canonical granule file
3B-HHR.MS.MRG.3IMERG.20060920-S120000-E122959.0720.V07B.HDF5,3B-HHR.MS.MRG.3IMERG.20060920-S120000-E122959.0720.V07B.HDF5,True,False,8148442,56393f06c66b6b4da9aa4ea63213dd7b52dc72b7ad687a2ae922209fc4da377a,CANONICAL_PRIMARY,Official NASA GES DISC canonical granule file
3B-HHR.MS.MRG.3IMERG.20060920-S150000-E152959.0900.V07B.HDF5,3B-HHR.MS.MRG.3IMERG.20060920-S150000-E152959.0900.V07B.HDF5,True,False,8350645,92da8f1c29602d2198c389880d2aa4a025d135eeafff7efde3a4808ef0f9c2a2,CANONICAL_PRIMARY,Official NASA GES DISC canonical granule file
3B-HHR.MS.MRG.3IMERG.20060920-S180000-E182959.1080.V07B.HDF5,3B-HHR.MS.MRG.3IMERG.20060920-S180000-E182959.1080.V07B.HDF5,True,False,8332764,03007ff3acdf231ba1cd70c9d920444c9466cb6731d9f874e7bb0e0b89b7e831,CANONICAL_PRIMARY,Official NASA GES DISC canonical granule file
3B-HHR.MS.MRG.3IMERG.20060920-S210000-E212959.1260.V07B.HDF5,3B-HHR.MS.MRG.3IMERG.20060920-S210000-E212959.1260.V07B.HDF5,True,False,8438004,8274c972bfcf404159be58a170d41dd46982cb00f403b503dba9c4e301cb147d,CANONICAL_PRIMARY,Official NASA GES DISC canonical granule file
3B-HHR.MS.MRG.3IMERG.20060921-S000000-E002959.0000.V07B.HDF5,3B-HHR.MS.MRG.3IMERG.20060921-S000000-E002959.0000.V07B.HDF5,True,False,8037787,d2695c6f2fe47ba499f9e55d22627c60e47c77650eaa155e8781a603051404bc,CANONICAL_PRIMARY,Official NASA GES DISC canonical granule file
3B-HHR.MS.MRG.3IMERG.20060921-S030000-E032959.0180.V07B.HDF5,3B-HHR.MS.MRG.3IMERG.20060921-S030000-E032959.0180.V07B.HDF5,True,False,8017242,bd8ecf87693380117646c0dabb0eb281c8b524b7585fbd4e5f52a080afb91d52,CANONICAL_PRIMARY,Official NASA GES DISC canonical granule file
3B-HHR.MS.MRG.3IMERG.20060921-S060000-E062959.0360.V07B.HDF5,3B-HHR.MS.MRG.3IMERG.20060921-S060000-E062959.0360.V07B.HDF5,True,False,8197928,c49f5ab1020fc6243861a3f607917b6ecaaa531fd3849516d55069eb8dcce32d,CANONICAL_PRIMARY,Official NASA GES DISC canonical granule file
3B-HHR.MS.MRG.3IMERG.20060921-S090000-E092959.0540.V07B.HDF5,3B-HHR.MS.MRG.3IMERG.20060921-S090000-E092959.0540.V07B.HDF5,True,False,8012199,096691ffd67d514a2b47a0042d51f0652524d3121bf79dac55bf27b3c5792848,CANONICAL_PRIMARY,Official NASA GES DISC canonical granule file
3B-HHR.MS.MRG.3IMERG.20060921-S120000-E122959.0720.V07B.HDF5,3B-HHR.MS.MRG.3IMERG.20060921-S120000-E122959.0720.V07B.HDF5,True,False,8156735,efcd3868acd1b6c55e9dae13048e090bbc583d45947335ebd58c70ec77f47796,CANONICAL_PRIMARY,Official NASA GES DISC canonical granule file
3B-HHR.MS.MRG.3IMERG.20060921-S150000-E152959.0900.V07B.HDF5,3B-HHR.MS.MRG.3IMERG.20060921-S150000-E152959.0900.V07B.HDF5,True,False,8188924,5d87933c5a0f7f6534b0ea427f2ee40dfc8760d9b0a1cdcd4ffffc816f020118,CANONICAL_PRIMARY,Official NASA GES DISC canonical granule file
3B-HHR.MS.MRG.3IMERG.20060921-S180000-E182959.1080.V07B.HDF5,3B-HHR.MS.MRG.3IMERG.20060921-S180000-E182959.1080.V07B.HDF5,True,False,8296852,0fd69bcc35b0a80b21ad8525faa638ecc4e89e0093930027dd9d209564863d72,CANONICAL_PRIMARY,Official NASA GES DISC canonical granule file
3B-HHR.MS.MRG.3IMERG.20060921-S210000-E212959.1260.V07B.HDF5,3B-HHR.MS.MRG.3IMERG.20060921-S210000-E212959.1260.V07B.HDF5,True,False,8486867,d8ae94ebe62a5fb6ebc42af5e9ef02d4f24cddb8161ad6f1ef690281c5cb6176,CANONICAL_PRIMARY,Official NASA GES DISC canonical granule file
3B-HHR.MS.MRG.3IMERG.20060922-S000000-E002959.0000.V07B.HDF5,3B-HHR.MS.MRG.3IMERG.20060922-S000000-E002959.0000.V07B.HDF5,True,False,8066462,08c74726bed4695e84d112f6f45885b796fd60855dcaf24108988bf2cf2b4677,CANONICAL_PRIMARY,Official NASA GES DISC canonical granule file
3B-HHR.MS.MRG.3IMERG.20060922-S030000-E032959.0180.V07B.HDF5,3B-HHR.MS.MRG.3IMERG.20060922-S030000-E032959.0180.V07B.HDF5,True,False,8076678,84d4d00cb00e3b4b12e3e3b8565ce32e1d42c23322e1fbd8d9869b8f661577c7,CANONICAL_PRIMARY,Official NASA GES DISC canonical granule file
3B-HHR.MS.MRG.3IMERG.20060922-S060000-E062959.0360.V07B.HDF5,3B-HHR.MS.MRG.3IMERG.20060922-S060000-E062959.0360.V07B.HDF5,True,False,7708319,aa2addc744b09c8a0f62cfbb8b10faa3affe6a8aa059a04ba81f9bb03dfdf13f,CANONICAL_PRIMARY,Official NASA GES DISC canonical granule file
3B-HHR.MS.MRG.3IMERG.20060922-S090000-E092959.0540.V07B.HDF5,3B-HHR.MS.MRG.3IMERG.20060922-S090000-E092959.0540.V07B.HDF5,True,False,7899791,f104920171a91d19ab93938b1c04360fd3c71fa66e4b147a746271dd6a5b8239,CANONICAL_PRIMARY,Official NASA GES DISC canonical granule file
3B-HHR.MS.MRG.3IMERG.20060922-S120000-E122959.0720.V07B.HDF5,3B-HHR.MS.MRG.3IMERG.20060922-S120000-E122959.0720.V07B.HDF5,True,False,8076112,c066c74c29815e0020411403806ea255f5e33ba7947bf1bbf3c4062c4dc5e102,CANONICAL_PRIMARY,Official NASA GES DISC canonical granule file
3B-HHR.MS.MRG.3IMERG.20070601-S060000-E062959.0360.V07B.HDF5,3B-HHR.MS.MRG.3IMERG.20070601-S060000-E062959.0360.V07B.HDF5,True,False,8112088,af4f4adc4a9d8783f2e9b92b570f27dc2f2f51a2a1311e97ee01071b9a6c7458,CANONICAL_PRIMARY,Official NASA GES DISC canonical granule file
3B-HHR.MS.MRG.3IMERG.20070601-S090000-E092959.0540.V07B.HDF5,3B-HHR.MS.MRG.3IMERG.20070601-S090000-E092959.0540.V07B.HDF5,True,False,8309994,cb3711d88452f90bc025e6d74212c2cb077451e1e10836575436068dd425be61,CANONICAL_PRIMARY,Official NASA GES DISC canonical granule file
3B-HHR.MS.MRG.3IMERG.20070601-S120000-E122959.0720.V07B.HDF5,3B-HHR.MS.MRG.3IMERG.20070601-S120000-E122959.0720.V07B.HDF5,True,False,8314440,09be9ea1a8f3dd56f6d05ccc49544fc9bc3492bacb1b4dc47e84fba30ad8be9d,CANONICAL_PRIMARY,Official NASA GES DISC canonical granule file
3B-HHR.MS.MRG.3IMERG.20070601-S150000-E152959.0900.V07B.HDF5,3B-HHR.MS.MRG.3IMERG.20070601-S150000-E152959.0900.V07B.HDF5,True,False,8418558,56e58782bfe3629dd7149108766273f5cadf82d90ca6930ac3492fecb48974a7,CANONICAL_PRIMARY,Official NASA GES DISC canonical granule file
3B-HHR.MS.MRG.3IMERG.20070601-S180000-E182959.1080.V07B.HDF5,3B-HHR.MS.MRG.3IMERG.20070601-S180000-E182959.1080.V07B.HDF5,True,False,8283577,6f0dd6777dbe4c424427f182a8c98e5b3bba5d68d8b1939fd949c41f93715ff6,CANONICAL_PRIMARY,Official NASA GES DISC canonical granule file
3B-HHR.MS.MRG.3IMERG.20070601-S210000-E212959.1260.V07B.HDF5,3B-HHR.MS.MRG.3IMERG.20070601-S210000-E212959.1260.V07B.HDF5,True,False,8326522,7fb533bc87dd2c24d2938b45699d528482a1365baa9a958720df0350888fb7af,CANONICAL_PRIMARY,Official NASA GES DISC canonical granule file
3B-HHR.MS.MRG.3IMERG.20070602-S000000-E002959.0000.V07B.HDF5,3B-HHR.MS.MRG.3IMERG.20070602-S000000-E002959.0000.V07B.HDF5,True,False,8007221,34f638d4b56297cda737e92accf18c752ebb380f85c94b4113af6f4af36cc849,CANONICAL_PRIMARY,Official NASA GES DISC canonical granule file
3B-HHR.MS.MRG.3IMERG.20070602-S030000-E032959.0180.V07B.HDF5,3B-HHR.MS.MRG.3IMERG.20070602-S030000-E032959.0180.V07B.HDF5,True,False,7969870,36cf79274df26bcb5f18a3dd2ab8d8c9954913c0bde9223d6f8c4e1d4d7c7096,CANONICAL_PRIMARY,Official NASA GES DISC canonical granule file
3B-HHR.MS.MRG.3IMERG.20070602-S060000-E062959.0360.V07B.HDF5,3B-HHR.MS.MRG.3IMERG.20070602-S060000-E062959.0360.V07B.HDF5,True,False,7976890,edbbe093772dd1699a12ed370943a734ed87a89476b6097da799d9fe3817d4c8,CANONICAL_PRIMARY,Official NASA GES DISC canonical granule file
3B-HHR.MS.MRG.3IMERG.20070602-S090000-E092959.0540.V07B.HDF5,3B-HHR.MS.MRG.3IMERG.20070602-S090000-E092959.0540.V07B.HDF5,True,False,8288955,0982656105fd1d2aabdbc7a1d84deae2c6c93c352b6226b3004035efe5e6a039,CANONICAL_PRIMARY,Official NASA GES DISC canonical granule file
3B-HHR.MS.MRG.3IMERG.20070602-S120000-E122959.0720.V07B.HDF5,3B-HHR.MS.MRG.3IMERG.20070602-S120000-E122959.0720.V07B.HDF5,True,False,8231704,e1654ba9ac49f7c2117493eed1361e5e0e0d85943cc67019b5f655f152633fb0,CANONICAL_PRIMARY,Official NASA GES DISC canonical granule file
3B-HHR.MS.MRG.3IMERG.20070602-S150000-E152959.0900.V07B.HDF5,3B-HHR.MS.MRG.3IMERG.20070602-S150000-E152959.0900.V07B.HDF5,True,False,8288982,8778b6340d67a1e08666cd94576c07f6a5a9474039b6579be70fa81a08cdea54,CANONICAL_PRIMARY,Official NASA GES DISC canonical granule file
3B-HHR.MS.MRG.3IMERG.20070602-S180000-E182959.1080.V07B.HDF5,3B-HHR.MS.MRG.3IMERG.20070602-S180000-E182959.1080.V07B.HDF5,True,False,8344201,b45cfece35014a7902b75734f3af6067190a0f23cf9597c00573c0183e3007da,CANONICAL_PRIMARY,Official NASA GES DISC canonical granule file
3B-HHR.MS.MRG.3IMERG.20070602-S210000-E212959.1260.V07B.HDF5,3B-HHR.MS.MRG.3IMERG.20070602-S210000-E212959.1260.V07B.HDF5,True,False,8208452,624fcd41ab81169aaf8a2065afef9a3465fd6d0dab51cbf090d6fad92257392c,CANONICAL_PRIMARY,Official NASA GES DISC canonical granule file
3B-HHR.MS.MRG.3IMERG.20070603-S000000-E002959.0000.V07B.HDF5,3B-HHR.MS.MRG.3IMERG.20070603-S000000-E002959.0000.V07B.HDF5,True,False,8191269,3ab35936e3909cdbaab456382cc2724aa0123de25cf7d374284d68ae2d227242,CANONICAL_PRIMARY,Official NASA GES DISC canonical granule file
3B-HHR.MS.MRG.3IMERG.20070603-S030000-E032959.0180.V07B.HDF5,3B-HHR.MS.MRG.3IMERG.20070603-S030000-E032959.0180.V07B.HDF5,True,False,8029268,db9c356cb39bc71c7e293c508cd55dc5eae5eba34bed8352400ede6fd743386d,CANONICAL_PRIMARY,Official NASA GES DISC canonical granule file
3B-HHR.MS.MRG.3IMERG.20070603-S060000-E062959.0360.V07B.HDF5,3B-HHR.MS.MRG.3IMERG.20070603-S060000-E062959.0360.V07B.HDF5,True,False,8095606,08f1919a4f476c270411132af7760134f0a1774abfd47ad554e4e2872d977278,CANONICAL_PRIMARY,Official NASA GES DISC canonical granule file
3B-HHR.MS.MRG.3IMERG.20070603-S090000-E092959.0540.V07B.HDF5,3B-HHR.MS.MRG.3IMERG.20070603-S090000-E092959.0540.V07B.HDF5,True,False,8285067,87bcb378cdc87c260545f6ac0c579118e503a6200a6892c83fead8e09d5a6d6f,CANONICAL_PRIMARY,Official NASA GES DISC canonical granule file
3B-HHR.MS.MRG.3IMERG.20070603-S120000-E122959.0720.V07B.HDF5,3B-HHR.MS.MRG.3IMERG.20070603-S120000-E122959.0720.V07B.HDF5,True,False,8386835,ef03dbec2b7fa2b36065ec25b85b1cfa5d497cf0e672d9999e4156c87d92fc17,CANONICAL_PRIMARY,Official NASA GES DISC canonical granule file
3B-HHR.MS.MRG.3IMERG.20070603-S150000-E152959.0900.V07B.HDF5,3B-HHR.MS.MRG.3IMERG.20070603-S150000-E152959.0900.V07B.HDF5,True,False,8284074,b612fdf47fb234cdc64a18d9d38ee31a49cb4e4b756cb70a1e0dc1a593597460,CANONICAL_PRIMARY,Official NASA GES DISC canonical granule file
3B-HHR.MS.MRG.3IMERG.20070603-S180000-E182959.1080.V07B.HDF5,3B-HHR.MS.MRG.3IMERG.20070603-S180000-E182959.1080.V07B.HDF5,True,False,8344566,be258c2aa51840de6c5a7531f4a24bfde7493b21b464f2c5fed55849b306984d,CANONICAL_PRIMARY,Official NASA GES DISC canonical granule file
3B-HHR.MS.MRG.3IMERG.20070603-S210000-E212959.1260.V07B.HDF5,3B-HHR.MS.MRG.3IMERG.20070603-S210000-E212959.1260.V07B.HDF5,True,False,8362008,9f20505ac5d062a65314c36138931ed1d06ac2c725164ab327913e52ba4586c3,CANONICAL_PRIMARY,Official NASA GES DISC canonical granule file
3B-HHR.MS.MRG.3IMERG.20070604-S000000-E002959.0000.V07B.HDF5,3B-HHR.MS.MRG.3IMERG.20070604-S000000-E002959.0000.V07B.HDF5,True,False,8437372,dab5b022f972a4851b892f4891d8713a8a222bc3a5f1bf5cec262f57f96fd4fc,CANONICAL_PRIMARY,Official NASA GES DISC canonical granule file
3B-HHR.MS.MRG.3IMERG.20070604-S030000-E032959.0180.V07B.HDF5,3B-HHR.MS.MRG.3IMERG.20070604-S030000-E032959.0180.V07B.HDF5,True,False,8134082,664c01bb6b8ef74467286793f4f56a4c09790d6a72d750ed9122e13f21897f8e,CANONICAL_PRIMARY,Official NASA GES DISC canonical granule file
3B-HHR.MS.MRG.3IMERG.20070604-S060000-E062959.0360.V07B.HDF5,3B-HHR.MS.MRG.3IMERG.20070604-S060000-E062959.0360.V07B.HDF5,True,False,8116416,2bc42fe598945560ab352cbfb28ff98144119fd5a77dbff936c02ee273124f7f,CANONICAL_PRIMARY,Official NASA GES DISC canonical granule file
3B-HHR.MS.MRG.3IMERG.20070604-S090000-E092959.0540.V07B.HDF5,3B-HHR.MS.MRG.3IMERG.20070604-S090000-E092959.0540.V07B.HDF5,True,False,8347881,44dff9e696c1f32ad57aca130fa6d5e0bf7b9a4fd7b4b84b9f1976fdb78294fe,CANONICAL_PRIMARY,Official NASA GES DISC canonical granule file
3B-HHR.MS.MRG.3IMERG.20070604-S120000-E122959.0720.V07B.HDF5,3B-HHR.MS.MRG.3IMERG.20070604-S120000-E122959.0720.V07B.HDF5,True,False,8180725,a8ca1b02dbaf4a147056bc2eecfbd49ab9afaa5087259734fb9a24c07dfd6ad6,CANONICAL_PRIMARY,Official NASA GES DISC canonical granule file
3B-HHR.MS.MRG.3IMERG.20070604-S150000-E152959.0900.V07B.HDF5,3B-HHR.MS.MRG.3IMERG.20070604-S150000-E152959.0900.V07B.HDF5,True,False,8309397,6b68d438cbfde2ea8e048af68ae2ef0eeafe792bc9728b598b760006f4eb17ca,CANONICAL_PRIMARY,Official NASA GES DISC canonical granule file
3B-HHR.MS.MRG.3IMERG.20070604-S180000-E182959.1080.V07B.HDF5,3B-HHR.MS.MRG.3IMERG.20070604-S180000-E182959.1080.V07B.HDF5,True,False,8356549,45605d2cf9776cc91367256b6488f08dfe015a2bb5c87b2f954bbd0eaa836834,CANONICAL_PRIMARY,Official NASA GES DISC canonical granule file
3B-HHR.MS.MRG.3IMERG.20070604-S210000-E212959.1260.V07B.HDF5,3B-HHR.MS.MRG.3IMERG.20070604-S210000-E212959.1260.V07B.HDF5,True,False,8234241,6b3577c064e5762f65ac1c18150e80fc36d50e81823b5a818e46cc966a2afae6,CANONICAL_PRIMARY,Official NASA GES DISC canonical granule file
3B-HHR.MS.MRG.3IMERG.20070605-S000000-E002959.0000.V07B.HDF5,3B-HHR.MS.MRG.3IMERG.20070605-S000000-E002959.0000.V07B.HDF5,True,False,8174872,e9f387ecac0f38f295ca55e7968d2b344cd00562ad254b646e2ded2a6f06a651,CANONICAL_PRIMARY,Official NASA GES DISC canonical granule file
3B-HHR.MS.MRG.3IMERG.20070605-S030000-E032959.0180.V07B.HDF5,3B-HHR.MS.MRG.3IMERG.20070605-S030000-E032959.0180.V07B.HDF5,True,False,7991530,f8538f2f94afe581b9b1b6c879e96318c7639007fc5073c698a38abd52652e92,CANONICAL_PRIMARY,Official NASA GES DISC canonical granule file
3B-HHR.MS.MRG.3IMERG.20070620-S120000-E122959.0720.V07B.HDF5,3B-HHR.MS.MRG.3IMERG.20070620-S120000-E122959.0720.V07B.HDF5,True,False,8566401,93f4537cac7fa671f157046b8187e72bcba7ca5aa6a28fc6c971d724c04529b8,CANONICAL_PRIMARY,Official NASA GES DISC canonical granule file
3B-HHR.MS.MRG.3IMERG.20070620-S150000-E152959.0900.V07B.HDF5,3B-HHR.MS.MRG.3IMERG.20070620-S150000-E152959.0900.V07B.HDF5,True,False,8401932,1a8d58da03675a934a9fd730ef31051d407efcd6ce001ef72faf94fd0c77981d,CANONICAL_PRIMARY,Official NASA GES DISC canonical granule file
3B-HHR.MS.MRG.3IMERG.20070620-S180000-E182959.1080.V07B.HDF5,3B-HHR.MS.MRG.3IMERG.20070620-S180000-E182959.1080.V07B.HDF5,True,False,8511454,6113fb7ccd7d558ba96cebfad47d326456ede30673fcfb5d6a1b52e1801298b0,CANONICAL_PRIMARY,Official NASA GES DISC canonical granule file
3B-HHR.MS.MRG.3IMERG.20070620-S210000-E212959.1260.V07B.HDF5,3B-HHR.MS.MRG.3IMERG.20070620-S210000-E212959.1260.V07B.HDF5,True,False,8410316,10db365cfa124974753504f44a04eeebd7a13a4392978477f5521eaf3c435831,CANONICAL_PRIMARY,Official NASA GES DISC canonical granule file
3B-HHR.MS.MRG.3IMERG.20070621-S000000-E002959.0000.V07B.HDF5,3B-HHR.MS.MRG.3IMERG.20070621-S000000-E002959.0000.V07B.HDF5,True,False,8345360,d183924ed533a44e71bbb1875566abce15d4ff396724f962f038ddad8af1d011,CANONICAL_PRIMARY,Official NASA GES DISC canonical granule file
3B-HHR.MS.MRG.3IMERG.20070621-S030000-E032959.0180.V07B.HDF5,3B-HHR.MS.MRG.3IMERG.20070621-S030000-E032959.0180.V07B.HDF5,True,False,7952521,bea1c3ef7acee0187c442f6db22c85750c1dfa704190f18b78f94415136a6746,CANONICAL_PRIMARY,Official NASA GES DISC canonical granule file
3B-HHR.MS.MRG.3IMERG.20070621-S060000-E062959.0360.V07B.HDF5,3B-HHR.MS.MRG.3IMERG.20070621-S060000-E062959.0360.V07B.HDF5,True,False,8245174,5c042e049c18d03ddcb39a86ccc93e03498ab547171411d4e89ab33618bbf3ed,CANONICAL_PRIMARY,Official NASA GES DISC canonical granule file
3B-HHR.MS.MRG.3IMERG.20070621-S090000-E092959.0540.V07B.HDF5,3B-HHR.MS.MRG.3IMERG.20070621-S090000-E092959.0540.V07B.HDF5,True,False,8321248,5b654c9bff22cf945d4e583fc1f61b8116e46409dad11887f321803e46668ef9,CANONICAL_PRIMARY,Official NASA GES DISC canonical granule file
3B-HHR.MS.MRG.3IMERG.20070627-S090000-E092959.0540.V07B.HDF5,3B-HHR.MS.MRG.3IMERG.20070627-S090000-E092959.0540.V07B.HDF5,True,False,8350809,6babd50b2eb4cf7cdbcd01e1f821057f5e162868d05bf2c977c7b811772fc323,CANONICAL_PRIMARY,Official NASA GES DISC canonical granule file
3B-HHR.MS.MRG.3IMERG.20070627-S120000-E122959.0720.V07B.HDF5,3B-HHR.MS.MRG.3IMERG.20070627-S120000-E122959.0720.V07B.HDF5,True,False,8459993,2c1dfde9166aade400c04826ebb6a851d2443b603de1fa736d1aa8b980de361f,CANONICAL_PRIMARY,Official NASA GES DISC canonical granule file
3B-HHR.MS.MRG.3IMERG.20070627-S150000-E152959.0900.V07B.HDF5,3B-HHR.MS.MRG.3IMERG.20070627-S150000-E152959.0900.V07B.HDF5,True,False,8333602,1beaaceda89d6c058a1310fd31a532965d691cd0fd1c0d35e8b58dcf2915d63f,CANONICAL_PRIMARY,Official NASA GES DISC canonical granule file
3B-HHR.MS.MRG.3IMERG.20070627-S180000-E182959.1080.V07B.HDF5,3B-HHR.MS.MRG.3IMERG.20070627-S180000-E182959.1080.V07B.HDF5,True,False,8340639,9a9107c6419ad7ea2ea756f1170b15134c6834b2848679b4554785addd0e0c5c,CANONICAL_PRIMARY,Official NASA GES DISC canonical granule file
3B-HHR.MS.MRG.3IMERG.20070627-S210000-E212959.1260.V07B.HDF5,3B-HHR.MS.MRG.3IMERG.20070627-S210000-E212959.1260.V07B.HDF5,True,False,8329295,6c41d386ea94fb03141634c8d7ec8a85153ac4a51655021c9837bf2c6ed13bc2,CANONICAL_PRIMARY,Official NASA GES DISC canonical granule file
3B-HHR.MS.MRG.3IMERG.20070628-S000000-E002959.0000.V07B.HDF5,3B-HHR.MS.MRG.3IMERG.20070628-S000000-E002959.0000.V07B.HDF5,True,False,8538967,bc4553ccf5277ca3123f3d02395743d4fd0474d01bd36a6f0b6b58740c16583e,CANONICAL_PRIMARY,Official NASA GES DISC canonical granule file
3B-HHR.MS.MRG.3IMERG.20070628-S030000-E032959.0180.V07B.HDF5,3B-HHR.MS.MRG.3IMERG.20070628-S030000-E032959.0180.V07B.HDF5,True,False,8129561,cd7048802527e04fc6777aa9c7f980bfb8f82b73bd4da7c16d827a4d1d8350c7,CANONICAL_PRIMARY,Official NASA GES DISC canonical granule file
3B-HHR.MS.MRG.3IMERG.20070628-S060000-E062959.0360.V07B.HDF5,3B-HHR.MS.MRG.3IMERG.20070628-S060000-E062959.0360.V07B.HDF5,True,False,8368105,5bd24bd65eee30f56160a41cc112ea11f657e86333a2de973989c5005c8a66ae,CANONICAL_PRIMARY,Official NASA GES DISC canonical granule file
3B-HHR.MS.MRG.3IMERG.20070628-S090000-E092959.0540.V07B.HDF5,3B-HHR.MS.MRG.3IMERG.20070628-S090000-E092959.0540.V07B.HDF5,True,False,8381841,c7386d504fe2def340670093231462a124972d924ae428b5775a80aa9cd85b24,CANONICAL_PRIMARY,Official NASA GES DISC canonical granule file
3B-HHR.MS.MRG.3IMERG.20070628-S120000-E122959.0720.V07B.HDF5,3B-HHR.MS.MRG.3IMERG.20070628-S120000-E122959.0720.V07B.HDF5,True,False,8614177,f953d8109791b347d5579efabcea5bff9b5ac57bceaf63ea872aaafb53039712,CANONICAL_PRIMARY,Official NASA GES DISC canonical granule file
3B-HHR.MS.MRG.3IMERG.20070703-S120000-E122959.0720.V07B.HDF5,3B-HHR.MS.MRG.3IMERG.20070703-S120000-E122959.0720.V07B.HDF5,True,False,8122867,1957fe340a1d5ccca13733859cdb5c81fa96f70cb00cee96d847da4e677ac0d6,CANONICAL_PRIMARY,Official NASA GES DISC canonical granule file
3B-HHR.MS.MRG.3IMERG.20070703-S150000-E152959.0900.V07B.HDF5,3B-HHR.MS.MRG.3IMERG.20070703-S150000-E152959.0900.V07B.HDF5,True,False,8061249,cb86d1c3e43c2868554e8b7b4f3f347fc34a7185d4b8123327a9a0d10ce34aff,CANONICAL_PRIMARY,Official NASA GES DISC canonical granule file
3B-HHR.MS.MRG.3IMERG.20070703-S180000-E182959.1080.V07B.HDF5,3B-HHR.MS.MRG.3IMERG.20070703-S180000-E182959.1080.V07B.HDF5,True,False,7843066,c7b64c00083f78eacba96d40bfdb05fb11fb59650df8fcbc37252b27991a6ee4,CANONICAL_PRIMARY,Official NASA GES DISC canonical granule file
3B-HHR.MS.MRG.3IMERG.20070703-S210000-E212959.1260.V07B.HDF5,3B-HHR.MS.MRG.3IMERG.20070703-S210000-E212959.1260.V07B.HDF5,True,False,7818371,1b7c49cddf1bd3e55441c638dcbb292fb281a3e5808f0b42c5f3b943f96aa20f,CANONICAL_PRIMARY,Official NASA GES DISC canonical granule file
3B-HHR.MS.MRG.3IMERG.20070704-S000000-E002959.0000.V07B.HDF5,3B-HHR.MS.MRG.3IMERG.20070704-S000000-E002959.0000.V07B.HDF5,True,False,7672097,586ab3da1a7063efba2a19edc02b1b80854cfcfa8cb8b09b081115d267c10fa5,CANONICAL_PRIMARY,Official NASA GES DISC canonical granule file
3B-HHR.MS.MRG.3IMERG.20070704-S030000-E032959.0180.V07B.HDF5,3B-HHR.MS.MRG.3IMERG.20070704-S030000-E032959.0180.V07B.HDF5,True,False,7599329,6dccca68f4359b61d87bfb2eec2f28ff56c03877f80266d7fbf7e82637bd40f4,CANONICAL_PRIMARY,Official NASA GES DISC canonical granule file
3B-HHR.MS.MRG.3IMERG.20070704-S060000-E062959.0360.V07B.HDF5,3B-HHR.MS.MRG.3IMERG.20070704-S060000-E062959.0360.V07B.HDF5,True,False,7574380,69f6bab235f2e453f7247849d7174b20b43c3d7d6d30ab552630d1535b3b6a6c,CANONICAL_PRIMARY,Official NASA GES DISC canonical granule file
3B-HHR.MS.MRG.3IMERG.20070704-S090000-E092959.0540.V07B.HDF5,3B-HHR.MS.MRG.3IMERG.20070704-S090000-E092959.0540.V07B.HDF5,True,False,7716298,f25486487f5a5caad9f6de49f6abbf5ed3500e7c34105036b0d461b0fc4a9159,CANONICAL_PRIMARY,Official NASA GES DISC canonical granule file
3B-HHR.MS.MRG.3IMERG.20070704-S120000-E122959.0720.V07B.HDF5,3B-HHR.MS.MRG.3IMERG.20070704-S120000-E122959.0720.V07B.HDF5,True,False,7632149,edaa8f2a8582c6e1a3d3b07e5fc229734fd47622985188e7d28790c88c8e4a68,CANONICAL_PRIMARY,Official NASA GES DISC canonical granule file
3B-HHR.MS.MRG.3IMERG.20070704-S150000-E152959.0900.V07B.HDF5,3B-HHR.MS.MRG.3IMERG.20070704-S150000-E152959.0900.V07B.HDF5,True,False,7584183,00982437b914b13be97f208879968870a5a6684eb03c7175d858891225b4e7aa,CANONICAL_PRIMARY,Official NASA GES DISC canonical granule file
3B-HHR.MS.MRG.3IMERG.20070704-S180000-E182959.1080.V07B.HDF5,3B-HHR.MS.MRG.3IMERG.20070704-S180000-E182959.1080.V07B.HDF5,True,False,7656128,dbcc501598486483fa1d5fcf4865d6bd20d6a53632a038b2aeed4aecc5ed4830,CANONICAL_PRIMARY,Official NASA GES DISC canonical granule file
3B-HHR.MS.MRG.3IMERG.20070704-S210000-E212959.1260.V07B.HDF5,3B-HHR.MS.MRG.3IMERG.20070704-S210000-E212959.1260.V07B.HDF5,True,False,7637629,7fab1c89b927cd23c5499f43a46344a95ad349f5ea86601fcd07062a64aabe60,CANONICAL_PRIMARY,Official NASA GES DISC canonical granule file
3B-HHR.MS.MRG.3IMERG.20070705-S000000-E002959.0000.V07B.HDF5,3B-HHR.MS.MRG.3IMERG.20070705-S000000-E002959.0000.V07B.HDF5,True,False,7165510,3d3dc4cfd7d6ee4da05c365245bc6d3a1374d723d09079bfccfb1f16c1144781,CANONICAL_PRIMARY,Official NASA GES DISC canonical granule file
3B-HHR.MS.MRG.3IMERG.20070705-S030000-E032959.0180.V07B.HDF5,3B-HHR.MS.MRG.3IMERG.20070705-S030000-E032959.0180.V07B.HDF5,True,False,7318266,3c510a38f20f4e63c009eecf13fa9a9bc1a7798d4d424ef83cb8a04cd42fe44b,CANONICAL_PRIMARY,Official NASA GES DISC canonical granule file
3B-HHR.MS.MRG.3IMERG.20070705-S060000-E062959.0360.V07B.HDF5,3B-HHR.MS.MRG.3IMERG.20070705-S060000-E062959.0360.V07B.HDF5,True,False,7540955,57d9b27f92f5518816ceaa5264bfdec58fd2bb36609551c71de70bbb1ad41856,CANONICAL_PRIMARY,Official NASA GES DISC canonical granule file
3B-HHR.MS.MRG.3IMERG.20070705-S090000-E092959.0540.V07B.HDF5,3B-HHR.MS.MRG.3IMERG.20070705-S090000-E092959.0540.V07B.HDF5,True,False,7765020,75c0fb70094efc3dbe8ffbe7a8929281c8be88b8b9c52cd5585a96ea75a479dd,CANONICAL_PRIMARY,Official NASA GES DISC canonical granule file
3B-HHR.MS.MRG.3IMERG.20070705-S120000-E122959.0720.V07B.HDF5,3B-HHR.MS.MRG.3IMERG.20070705-S120000-E122959.0720.V07B.HDF5,True,False,7808675,95f5297cf064ee5c89b47d61c777239eefda7d7006c69e8056f3c4449f03a627,CANONICAL_PRIMARY,Official NASA GES DISC canonical granule file
3B-HHR.MS.MRG.3IMERG.20070705-S150000-E152959.0900.V07B.HDF5,3B-HHR.MS.MRG.3IMERG.20070705-S150000-E152959.0900.V07B.HDF5,True,False,7929843,4798e1697e58e735d1dd3d535a5eb53074f89baa8a185faced47ef64c8a9e109,CANONICAL_PRIMARY,Official NASA GES DISC canonical granule file
3B-HHR.MS.MRG.3IMERG.20070705-S180000-E182959.1080.V07B.HDF5,3B-HHR.MS.MRG.3IMERG.20070705-S180000-E182959.1080.V07B.HDF5,True,False,7822755,a344bbd3695d1f86bebed208b3abbe6de4f28d94dff426f9895d94da631deaea,CANONICAL_PRIMARY,Official NASA GES DISC canonical granule file
3B-HHR.MS.MRG.3IMERG.20070705-S210000-E212959.1260.V07B.HDF5,3B-HHR.MS.MRG.3IMERG.20070705-S210000-E212959.1260.V07B.HDF5,True,False,7719483,6a54b4ab747f9af5d3aa23032f3ebd4d551cac5339ced9bcea4f037e3145dd85,CANONICAL_PRIMARY,Official NASA GES DISC canonical granule file
3B-HHR.MS.MRG.3IMERG.20070706-S000000-E002959.0000.V07B.HDF5,3B-HHR.MS.MRG.3IMERG.20070706-S000000-E002959.0000.V07B.HDF5,True,False,7605954,1e0f6f3ae080170034c3704d1b8e7acaf850e1925a3295655aad15ce969e90c8,CANONICAL_PRIMARY,Official NASA GES DISC canonical granule file
3B-HHR.MS.MRG.3IMERG.20070706-S030000-E032959.0180.V07B.HDF5,3B-HHR.MS.MRG.3IMERG.20070706-S030000-E032959.0180.V07B.HDF5,True,False,7381700,c4dd808c825b63ed0245ba97ebdb1cd40effa6bd33f7ce8f5ce58614e2389b53,CANONICAL_PRIMARY,Official NASA GES DISC canonical granule file
3B-HHR.MS.MRG.3IMERG.20070706-S060000-E062959.0360.V07B.HDF5,3B-HHR.MS.MRG.3IMERG.20070706-S060000-E062959.0360.V07B.HDF5,True,False,7537695,b1e2d0115478977531efb6d3b6029da79f096e5f3fc3827dbb57985b1abd39a6,CANONICAL_PRIMARY,Official NASA GES DISC canonical granule file
3B-HHR.MS.MRG.3IMERG.20070706-S090000-E092959.0540.V07B.HDF5,3B-HHR.MS.MRG.3IMERG.20070706-S090000-E092959.0540.V07B.HDF5,True,False,7780180,6ce29d479a31dd0e1abd6c082843ee89d102eaecfdb69912f48cc64a90422a94,CANONICAL_PRIMARY,Official NASA GES DISC canonical granule file
3B-HHR.MS.MRG.3IMERG.20070706-S120000-E122959.0720.V07B.HDF5,3B-HHR.MS.MRG.3IMERG.20070706-S120000-E122959.0720.V07B.HDF5,True,False,7796502,d4ce62435bbe4971e7acfcad2f2e5a0dd7c146271f7fda5793532164cd32bd73,CANONICAL_PRIMARY,Official NASA GES DISC canonical granule file
3B-HHR.MS.MRG.3IMERG.20070706-S150000-E152959.0900.V07B.HDF5,3B-HHR.MS.MRG.3IMERG.20070706-S150000-E152959.0900.V07B.HDF5,True,False,7914407,e279059aa5779575e44734c69b1494cde1bd3263af68061df4a7011e397918da,CANONICAL_PRIMARY,Official NASA GES DISC canonical granule file
3B-HHR.MS.MRG.3IMERG.20070706-S180000-E182959.1080.V07B.HDF5,3B-HHR.MS.MRG.3IMERG.20070706-S180000-E182959.1080.V07B.HDF5,True,False,7754459,ece344f935bca4e2e38750c691e3f6f6684142049291936b488b19ffce5b53b5,CANONICAL_PRIMARY,Official NASA GES DISC canonical granule file
3B-HHR.MS.MRG.3IMERG.20070706-S210000-E212959.1260.V07B.HDF5,3B-HHR.MS.MRG.3IMERG.20070706-S210000-E212959.1260.V07B.HDF5,True,False,7767840,bcf96e029de20ce87681d00ae3d7bf3e1717ff645aab4040d31f283d8ad81d2f,CANONICAL_PRIMARY,Official NASA GES DISC canonical granule file
3B-HHR.MS.MRG.3IMERG.20070707-S000000-E002959.0000.V07B.HDF5,3B-HHR.MS.MRG.3IMERG.20070707-S000000-E002959.0000.V07B.HDF5,True,False,7587738,360ef7df2125198329ae23fbf643359437d36c735e352fd417920c4f71edc239,CANONICAL_PRIMARY,Official NASA GES DISC canonical granule file
3B-HHR.MS.MRG.3IMERG.20070707-S030000-E032959.0180.V07B.HDF5,3B-HHR.MS.MRG.3IMERG.20070707-S030000-E032959.0180.V07B.HDF5,True,False,7607623,6b1851c9ece37479dd3ac51ac6f88f5cc0b2ff140791335bb2d3f52320166775,CANONICAL_PRIMARY,Official NASA GES DISC canonical granule file
3B-HHR.MS.MRG.3IMERG.20070707-S060000-E062959.0360.V07B.HDF5,3B-HHR.MS.MRG.3IMERG.20070707-S060000-E062959.0360.V07B.HDF5,True,False,7794843,8be59683f2f359f08be1230796948223921566b949833dae91ceadb86c524292,CANONICAL_PRIMARY,Official NASA GES DISC canonical granule file
3B-HHR.MS.MRG.3IMERG.20070707-S090000-E092959.0540.V07B.HDF5,3B-HHR.MS.MRG.3IMERG.20070707-S090000-E092959.0540.V07B.HDF5,True,False,7908687,34a4981919cffb10e1783735266817aa394ada122d967fc7832fcee8330ab13d,CANONICAL_PRIMARY,Official NASA GES DISC canonical granule file
3B-HHR.MS.MRG.3IMERG.20070804-S090000-E092959.0540.V07B.HDF5,3B-HHR.MS.MRG.3IMERG.20070804-S090000-E092959.0540.V07B.HDF5,True,False,8252587,8863ab18b030f3fee41ce79a8f10dcbf21a80dc2dc6267df3ca8672251a19c40,CANONICAL_PRIMARY,Official NASA GES DISC canonical granule file
3B-HHR.MS.MRG.3IMERG.20070804-S120000-E122959.0720.V07B.HDF5,3B-HHR.MS.MRG.3IMERG.20070804-S120000-E122959.0720.V07B.HDF5,True,False,8256695,699e52b05b0843386a0b486bdb201e806b17b0e36314399826ca523b873eb9da,CANONICAL_PRIMARY,Official NASA GES DISC canonical granule file
3B-HHR.MS.MRG.3IMERG.20070804-S150000-E152959.0900.V07B.HDF5,3B-HHR.MS.MRG.3IMERG.20070804-S150000-E152959.0900.V07B.HDF5,True,False,8128450,6edd6c066882e6ba3700ec50d9d1c4874e4d01f41260f062b1946f98f1866537,CANONICAL_PRIMARY,Official NASA GES DISC canonical granule file
3B-HHR.MS.MRG.3IMERG.20070804-S180000-E182959.1080.V07B.HDF5,3B-HHR.MS.MRG.3IMERG.20070804-S180000-E182959.1080.V07B.HDF5,True,False,8152065,2829561db34e5266a1d43e06f7822f8fe85ac35e789ac46d0feae651cb330e7d,CANONICAL_PRIMARY,Official NASA GES DISC canonical granule file
3B-HHR.MS.MRG.3IMERG.20070804-S210000-E212959.1260.V07B.HDF5,3B-HHR.MS.MRG.3IMERG.20070804-S210000-E212959.1260.V07B.HDF5,True,False,8248375,45a5384c99cc70e9451aa5217f4e4bfc9a9831b869698b7c976292246ec05b8c,CANONICAL_PRIMARY,Official NASA GES DISC canonical granule file
3B-HHR.MS.MRG.3IMERG.20070805-S000000-E002959.0000.V07B.HDF5,3B-HHR.MS.MRG.3IMERG.20070805-S000000-E002959.0000.V07B.HDF5,True,False,8050818,d0d176c446dfa6fdfbcedf4bc51a457b8ca92e9857f6cd18e9ad05d1bc45a6a7,CANONICAL_PRIMARY,Official NASA GES DISC canonical granule file
3B-HHR.MS.MRG.3IMERG.20070805-S030000-E032959.0180.V07B.HDF5,3B-HHR.MS.MRG.3IMERG.20070805-S030000-E032959.0180.V07B.HDF5,True,False,8173643,4e72e7c2285e914a1f0a97ffc3dea3a0cc074e3e71a3f6393269bb37dab5d92e,CANONICAL_PRIMARY,Official NASA GES DISC canonical granule file
3B-HHR.MS.MRG.3IMERG.20070805-S060000-E062959.0360.V07B.HDF5,3B-HHR.MS.MRG.3IMERG.20070805-S060000-E062959.0360.V07B.HDF5,True,False,8238591,63535465231636ad20de81cf93eead2bd245804a7ab0bc214a987bbf72f35517,CANONICAL_PRIMARY,Official NASA GES DISC canonical granule file
3B-HHR.MS.MRG.3IMERG.20070805-S090000-E092959.0540.V07B.HDF5,3B-HHR.MS.MRG.3IMERG.20070805-S090000-E092959.0540.V07B.HDF5,True,False,8351803,2a3e560b07582b18d0773783edd6b89ccd24166a9cbda30b234904be88a8cb79,CANONICAL_PRIMARY,Official NASA GES DISC canonical granule file
3B-HHR.MS.MRG.3IMERG.20070920-S210000-E212959.1260.V07B.HDF5,3B-HHR.MS.MRG.3IMERG.20070920-S210000-E212959.1260.V07B.HDF5,True,False,8023098,4a923abde29c51ebd7730c96615f3ef981e2569887abab9ed4132d1822b1fa7a,CANONICAL_PRIMARY,Official NASA GES DISC canonical granule file
3B-HHR.MS.MRG.3IMERG.20070921-S000000-E002959.0000.V07B.HDF5,3B-HHR.MS.MRG.3IMERG.20070921-S000000-E002959.0000.V07B.HDF5,True,False,7926663,6f84069f9487a6eb92fa0dfd1a07efe0dc63f92d9e5776d2b72d0a43f4519543,CANONICAL_PRIMARY,Official NASA GES DISC canonical granule file
3B-HHR.MS.MRG.3IMERG.20070921-S030000-E032959.0180.V07B.HDF5,3B-HHR.MS.MRG.3IMERG.20070921-S030000-E032959.0180.V07B.HDF5,True,False,8017104,69bea2075f5ae64b3db8a3b4fcd92ccd888d8e1886628dc9a63879b497d6af1f,CANONICAL_PRIMARY,Official NASA GES DISC canonical granule file
3B-HHR.MS.MRG.3IMERG.20070921-S060000-E062959.0360.V07B.HDF5,3B-HHR.MS.MRG.3IMERG.20070921-S060000-E062959.0360.V07B.HDF5,True,False,7790309,977f087359ff20e6a82471cc8259ce932f7c5f47ae1238af96d25bd70c70bc12,CANONICAL_PRIMARY,Official NASA GES DISC canonical granule file
3B-HHR.MS.MRG.3IMERG.20070921-S090000-E092959.0540.V07B.HDF5,3B-HHR.MS.MRG.3IMERG.20070921-S090000-E092959.0540.V07B.HDF5,True,False,7789982,1dd5d4adfa42490da4e37e2b3bda1fc53467b7e7659bda56335c1e13f7437f70,CANONICAL_PRIMARY,Official NASA GES DISC canonical granule file
3B-HHR.MS.MRG.3IMERG.20070921-S120000-E122959.0720.V07B.HDF5,3B-HHR.MS.MRG.3IMERG.20070921-S120000-E122959.0720.V07B.HDF5,True,False,7956944,d592be8c0de1e5f9d25ce1707698a47619179a677b9658b1df2a0746bd136a77,CANONICAL_PRIMARY,Official NASA GES DISC canonical granule file
3B-HHR.MS.MRG.3IMERG.20070921-S150000-E152959.0900.V07B.HDF5,3B-HHR.MS.MRG.3IMERG.20070921-S150000-E152959.0900.V07B.HDF5,True,False,7988752,ba14acbacf96a1e51dc0d8c6bcf2a41f95261c2e769a078bca60ff043ea5d2b5,CANONICAL_PRIMARY,Official NASA GES DISC canonical granule file
3B-HHR.MS.MRG.3IMERG.20070921-S180000-E182959.1080.V07B.HDF5,3B-HHR.MS.MRG.3IMERG.20070921-S180000-E182959.1080.V07B.HDF5,True,False,7707492,8fb4f4a0fe3b87529ae14a0951522a86df3a9a21072576d0ef40cef902fde527,CANONICAL_PRIMARY,Official NASA GES DISC canonical granule file
3B-HHR.MS.MRG.3IMERG.20070921-S210000-E212959.1260.V07B.HDF5,3B-HHR.MS.MRG.3IMERG.20070921-S210000-E212959.1260.V07B.HDF5,True,False,7772673,d3510cb8dc9d20ceabc9035610b94e961809f943abf077a8faac96f61348beb8,CANONICAL_PRIMARY,Official NASA GES DISC canonical granule file
3B-HHR.MS.MRG.3IMERG.20070922-S000000-E002959.0000.V07B.HDF5,3B-HHR.MS.MRG.3IMERG.20070922-S000000-E002959.0000.V07B.HDF5,True,False,7547024,43f949b248f90285f146b38baa40c27f8afbe9b447deaaf97205edc690fe91e7,CANONICAL_PRIMARY,Official NASA GES DISC canonical granule file
3B-HHR.MS.MRG.3IMERG.20070922-S030000-E032959.0180.V07B.HDF5,3B-HHR.MS.MRG.3IMERG.20070922-S030000-E032959.0180.V07B.HDF5,True,False,7575683,2f30515cdf08b1a869165c9ad30233d7dd879be7c92414da59128210699564a3,CANONICAL_PRIMARY,Official NASA GES DISC canonical granule file
3B-HHR.MS.MRG.3IMERG.20070922-S060000-E062959.0360.V07B.HDF5,3B-HHR.MS.MRG.3IMERG.20070922-S060000-E062959.0360.V07B.HDF5,True,False,7535970,1ad0e8e382743f4fa3335a981d1a779dd50cdf397cac2f86b9337c1bca67dfba,CANONICAL_PRIMARY,Official NASA GES DISC canonical granule file
3B-HHR.MS.MRG.3IMERG.20070922-S090000-E092959.0540.V07B.HDF5,3B-HHR.MS.MRG.3IMERG.20070922-S090000-E092959.0540.V07B.HDF5,True,False,7526784,65c4061c557daa227cc6f042bb2362fc9e30a50ea29bf35ce01769de11250b66,CANONICAL_PRIMARY,Official NASA GES DISC canonical granule file
3B-HHR.MS.MRG.3IMERG.20071029-S090000-E092959.0540.V07B.HDF5,3B-HHR.MS.MRG.3IMERG.20071029-S090000-E092959.0540.V07B.HDF5,True,False,7782549,df4a259a9a747a4680f1fb469e7984ea5dc5f8795f8deac14595683ea13b30da,CANONICAL_PRIMARY,Official NASA GES DISC canonical granule file
3B-HHR.MS.MRG.3IMERG.20071029-S120000-E122959.0720.V07B.HDF5,3B-HHR.MS.MRG.3IMERG.20071029-S120000-E122959.0720.V07B.HDF5,True,False,7722768,e12e61c0357af91bd4695800803343f33fd80774c3fd94bacc4480d0598963ae,CANONICAL_PRIMARY,Official NASA GES DISC canonical granule file
3B-HHR.MS.MRG.3IMERG.20071029-S150000-E152959.0900.V07B.HDF5,3B-HHR.MS.MRG.3IMERG.20071029-S150000-E152959.0900.V07B.HDF5,True,False,7675199,2d814faa7a04603f3a14d0f8cd14fa019851036c3d779dd0670c18fc52e774e0,CANONICAL_PRIMARY,Official NASA GES DISC canonical granule file
3B-HHR.MS.MRG.3IMERG.20071029-S180000-E182959.1080.V07B.HDF5,3B-HHR.MS.MRG.3IMERG.20071029-S180000-E182959.1080.V07B.HDF5,True,False,7873025,7a5f780d993b702985fbcf1d7f409680b9e594d379d009aac62a519a7a6c5a49,CANONICAL_PRIMARY,Official NASA GES DISC canonical granule file
3B-HHR.MS.MRG.3IMERG.20071029-S210000-E212959.1260.V07B.HDF5,3B-HHR.MS.MRG.3IMERG.20071029-S210000-E212959.1260.V07B.HDF5,True,False,7828320,87019b9d9ba6a1976f1a216205f4540f88f74ccf0225109b7dde5bb02e3f3db5,CANONICAL_PRIMARY,Official NASA GES DISC canonical granule file
3B-HHR.MS.MRG.3IMERG.20071030-S000000-E002959.0000.V07B.HDF5,3B-HHR.MS.MRG.3IMERG.20071030-S000000-E002959.0000.V07B.HDF5,True,False,7679160,0010b3bc27cd35ab32a4f48834005cf70bb94c44088c8ae97e28c6263237403e,CANONICAL_PRIMARY,Official NASA GES DISC canonical granule file
3B-HHR.MS.MRG.3IMERG.20071030-S030000-E032959.0180.V07B.HDF5,3B-HHR.MS.MRG.3IMERG.20071030-S030000-E032959.0180.V07B.HDF5,True,False,7791969,c0de6cb057eacc5e71be03fd77baa7fdaeb9ccb858445f14e6a478b65be6db93,CANONICAL_PRIMARY,Official NASA GES DISC canonical granule file
3B-HHR.MS.MRG.3IMERG.20071030-S060000-E062959.0360.V07B.HDF5,3B-HHR.MS.MRG.3IMERG.20071030-S060000-E062959.0360.V07B.HDF5,True,False,7617597,e6337710930a88202554491494cfe0355f917d4fb7a1be329b05186a32911873,CANONICAL_PRIMARY,Official NASA GES DISC canonical granule file
3B-HHR.MS.MRG.3IMERG.20071030-S090000-E092959.0540.V07B.HDF5,3B-HHR.MS.MRG.3IMERG.20071030-S090000-E092959.0540.V07B.HDF5,True,False,7542522,142022f67275d507411529b89f739db6e972a5a916f4579713eee8c7e2238ff3,CANONICAL_PRIMARY,Official NASA GES DISC canonical granule file
3B-HHR.MS.MRG.3IMERG.20071030-S120000-E122959.0720.V07B.HDF5,3B-HHR.MS.MRG.3IMERG.20071030-S120000-E122959.0720.V07B.HDF5,True,False,7634742,9f8a7978186d593ee609ea36de602c9993c1bbea1a3210a861452c9dd8490ec8,CANONICAL_PRIMARY,Official NASA GES DISC canonical granule file
3B-HHR.MS.MRG.3IMERG.20071030-S150000-E152959.0900.V07B.HDF5,3B-HHR.MS.MRG.3IMERG.20071030-S150000-E152959.0900.V07B.HDF5,True,False,7630705,a455f6ea54d9182755c9a26e64e544b3ebe59c34ebdc7c9f84290541c471e399,CANONICAL_PRIMARY,Official NASA GES DISC canonical granule file
3B-HHR.MS.MRG.3IMERG.20071030-S180000-E182959.1080.V07B.HDF5,3B-HHR.MS.MRG.3IMERG.20071030-S180000-E182959.1080.V07B.HDF5,True,False,7629988,5d73bf3e7b1fcd6a1af9d6265b93dcc804839d5862df13304aa7d6a2c22cb6c3,CANONICAL_PRIMARY,Official NASA GES DISC canonical granule file
3B-HHR.MS.MRG.3IMERG.20071030-S210000-E212959.1260.V07B.HDF5,3B-HHR.MS.MRG.3IMERG.20071030-S210000-E212959.1260.V07B.HDF5,True,False,7577815,38f26d6f9568b5e8864efe4decef439c06cd7436c5d674ae43eaebed13c9bc0c,CANONICAL_PRIMARY,Official NASA GES DISC canonical granule file
3B-HHR.MS.MRG.3IMERG.20071031-S000000-E002959.0000.V07B.HDF5,3B-HHR.MS.MRG.3IMERG.20071031-S000000-E002959.0000.V07B.HDF5,True,False,7485482,e31dff2f7b1df561aef9cec058d668323e90d302748eb69c5239cb15fc084344,CANONICAL_PRIMARY,Official NASA GES DISC canonical granule file
3B-HHR.MS.MRG.3IMERG.20071031-S030000-E032959.0180.V07B.HDF5,3B-HHR.MS.MRG.3IMERG.20071031-S030000-E032959.0180.V07B.HDF5,True,False,7598943,b82faaf85ca096407d5f6d1d4b97d9390b04ca40f2bf11c875bd706811ef0561,CANONICAL_PRIMARY,Official NASA GES DISC canonical granule file
3B-HHR.MS.MRG.3IMERG.20071031-S060000-E062959.0360.V07B.HDF5,3B-HHR.MS.MRG.3IMERG.20071031-S060000-E062959.0360.V07B.HDF5,True,False,7477558,eac23b09d844e4e9956e7b33e9fca8aa9479a8682bb8469e230553500b9fef4f,CANONICAL_PRIMARY,Official NASA GES DISC canonical granule file
3B-HHR.MS.MRG.3IMERG.20071031-S090000-E092959.0540.V07B.HDF5,3B-HHR.MS.MRG.3IMERG.20071031-S090000-E092959.0540.V07B.HDF5,True,False,7208490,8806550f269b7894ca76281e63f8b22e595baa814b04acfcf570dcc01d5d2b2f,CANONICAL_PRIMARY,Official NASA GES DISC canonical granule file
3B-HHR.MS.MRG.3IMERG.20071110-S180000-E182959.1080.V07B.HDF5,3B-HHR.MS.MRG.3IMERG.20071110-S180000-E182959.1080.V07B.HDF5,True,False,7496286,3b1ecc11c170e88bdeb2243b3156e7a408cde05cbb533227f719f5dcd48643be,CANONICAL_PRIMARY,Official NASA GES DISC canonical granule file
3B-HHR.MS.MRG.3IMERG.20071110-S210000-E212959.1260.V07B.HDF5,3B-HHR.MS.MRG.3IMERG.20071110-S210000-E212959.1260.V07B.HDF5,True,False,7533089,8d9c0a846cc45ab07ce5ffd3c2b2e8fe283b9977e3cc1f29c2cd41b873bc2611,CANONICAL_PRIMARY,Official NASA GES DISC canonical granule file
3B-HHR.MS.MRG.3IMERG.20071111-S000000-E002959.0000.V07B.HDF5,3B-HHR.MS.MRG.3IMERG.20071111-S000000-E002959.0000.V07B.HDF5,True,False,7427437,35280f48287adba7850c0df992fec595f2ee1898c9f5a9565c686cfe461c899b,CANONICAL_PRIMARY,Official NASA GES DISC canonical granule file
3B-HHR.MS.MRG.3IMERG.20071111-S030000-E032959.0180.V07B.HDF5,3B-HHR.MS.MRG.3IMERG.20071111-S030000-E032959.0180.V07B.HDF5,True,False,7484460,ae197cbc6dbea425dcbbd7aba1603ad5ed32e1a10a84397f7282e22862009012,CANONICAL_PRIMARY,Official NASA GES DISC canonical granule file
3B-HHR.MS.MRG.3IMERG.20071111-S060000-E062959.0360.V07B.HDF5,3B-HHR.MS.MRG.3IMERG.20071111-S060000-E062959.0360.V07B.HDF5,True,False,7670143,cbf960f7d22ea344f79f85857ac568fabd255d24cddf8f6a6295abefa3e39d61,CANONICAL_PRIMARY,Official NASA GES DISC canonical granule file
3B-HHR.MS.MRG.3IMERG.20071111-S090000-E092959.0540.V07B.HDF5,3B-HHR.MS.MRG.3IMERG.20071111-S090000-E092959.0540.V07B.HDF5,True,False,7666934,c9e6a6748103dfe98122fd457dc4bed524ae3b8908ed5ab8ba2a30d6a296575e,CANONICAL_PRIMARY,Official NASA GES DISC canonical granule file
3B-HHR.MS.MRG.3IMERG.20071111-S120000-E122959.0720.V07B.HDF5,3B-HHR.MS.MRG.3IMERG.20071111-S120000-E122959.0720.V07B.HDF5,True,False,7466842,e7b65232f9ac622e60bd6fc6a980c8055af37db3d90445c8bee556bd8b5cf0ea,CANONICAL_PRIMARY,Official NASA GES DISC canonical granule file
3B-HHR.MS.MRG.3IMERG.20071111-S150000-E152959.0900.V07B.HDF5,3B-HHR.MS.MRG.3IMERG.20071111-S150000-E152959.0900.V07B.HDF5,True,False,7622208,1ac8fe3a0f0aab64ed2c4776688de60d5ef56ebcbdbe6c43ede43d19c00b8de7,CANONICAL_PRIMARY,Official NASA GES DISC canonical granule file
3B-HHR.MS.MRG.3IMERG.20071111-S180000-E182959.1080.V07B.HDF5,3B-HHR.MS.MRG.3IMERG.20071111-S180000-E182959.1080.V07B.HDF5,True,False,7601769,f9c2ec0ea220774f04bf456b06d34c7d0da873e3a3aa69b0d921eed8b8078a51,CANONICAL_PRIMARY,Official NASA GES DISC canonical granule file
3B-HHR.MS.MRG.3IMERG.20071111-S210000-E212959.1260.V07B.HDF5,3B-HHR.MS.MRG.3IMERG.20071111-S210000-E212959.1260.V07B.HDF5,True,False,7689283,37210351d6c39c33184c06e9de300010b084d22dd089c0ab3a6b1b212174bf43,CANONICAL_PRIMARY,Official NASA GES DISC canonical granule file
3B-HHR.MS.MRG.3IMERG.20071112-S000000-E002959.0000.V07B.HDF5,3B-HHR.MS.MRG.3IMERG.20071112-S000000-E002959.0000.V07B.HDF5,True,False,7388388,30fa885d1ced2a3a1f0df0a9a0ef545ffe7b8fdd3c0cb5b1302127d5a2248b18,CANONICAL_PRIMARY,Official NASA GES DISC canonical granule file
3B-HHR.MS.MRG.3IMERG.20071112-S030000-E032959.0180.V07B.HDF5,3B-HHR.MS.MRG.3IMERG.20071112-S030000-E032959.0180.V07B.HDF5,True,False,7580612,a6176c6096b18a49818879497577ff9d4ed519ab2ae7aca18ee529b81cf918fa,CANONICAL_PRIMARY,Official NASA GES DISC canonical granule file
3B-HHR.MS.MRG.3IMERG.20071112-S060000-E062959.0360.V07B.HDF5,3B-HHR.MS.MRG.3IMERG.20071112-S060000-E062959.0360.V07B.HDF5,True,False,7511358,49af9964b993dcbf7061cd364bdd9b3f270b388d667c422f54c9c3d6bc5a06ad,CANONICAL_PRIMARY,Official NASA GES DISC canonical granule file
3B-HHR.MS.MRG.3IMERG.20071112-S090000-E092959.0540.V07B.HDF5,3B-HHR.MS.MRG.3IMERG.20071112-S090000-E092959.0540.V07B.HDF5,True,False,7492614,081b66669af348dc950f7acf6ac8b76ebd8ce14d5c67a464c1e1ac849f4ac182,CANONICAL_PRIMARY,Official NASA GES DISC canonical granule file
3B-HHR.MS.MRG.3IMERG.20071112-S120000-E122959.0720.V07B.HDF5,3B-HHR.MS.MRG.3IMERG.20071112-S120000-E122959.0720.V07B.HDF5,True,False,7601969,2dcd07e17d520b551ad532444ed75c8d5b2f6c6e1670b300a3f4f0dd869bdc86,CANONICAL_PRIMARY,Official NASA GES DISC canonical granule file
3B-HHR.MS.MRG.3IMERG.20071112-S150000-E152959.0900.V07B.HDF5,3B-HHR.MS.MRG.3IMERG.20071112-S150000-E152959.0900.V07B.HDF5,True,False,7589952,acd8bb93af6d412c55342b35e88a0d3f661cacb3c1ab6d0988152e537b3348cd,CANONICAL_PRIMARY,Official NASA GES DISC canonical granule file
3B-HHR.MS.MRG.3IMERG.20071112-S180000-E182959.1080.V07B.HDF5,3B-HHR.MS.MRG.3IMERG.20071112-S180000-E182959.1080.V07B.HDF5,True,False,7603963,23ad6e097a7ae43aa1aa067a3c260ea10a147996c76212b4b7090be58d0844cb,CANONICAL_PRIMARY,Official NASA GES DISC canonical granule file
3B-HHR.MS.MRG.3IMERG.20071112-S210000-E212959.1260.V07B.HDF5,3B-HHR.MS.MRG.3IMERG.20071112-S210000-E212959.1260.V07B.HDF5,True,False,7635387,9ca79ffc4186e58037b12bcf991c110fafbe13e010e26085d10e9d4746596eab,CANONICAL_PRIMARY,Official NASA GES DISC canonical granule file
3B-HHR.MS.MRG.3IMERG.20071113-S000000-E002959.0000.V07B.HDF5,3B-HHR.MS.MRG.3IMERG.20071113-S000000-E002959.0000.V07B.HDF5,True,False,7443296,06d9e1edac25e45a9c62728777aec1c1447b8bb869229cf9b28edc2a8ecd58a5,CANONICAL_PRIMARY,Official NASA GES DISC canonical granule file
3B-HHR.MS.MRG.3IMERG.20071113-S030000-E032959.0180.V07B.HDF5,3B-HHR.MS.MRG.3IMERG.20071113-S030000-E032959.0180.V07B.HDF5,True,False,7467418,cf76e70610d330842d0e76d13913176928aa8a81a1ed17e27b18b36d9774afd3,CANONICAL_PRIMARY,Official NASA GES DISC canonical granule file
3B-HHR.MS.MRG.3IMERG.20071113-S060000-E062959.0360.V07B.HDF5,3B-HHR.MS.MRG.3IMERG.20071113-S060000-E062959.0360.V07B.HDF5,True,False,7614462,03063451d57132a4f3a7ce6cedbfd2cf01d60dbfec6b8220a0fcd5a26e682d0e,CANONICAL_PRIMARY,Official NASA GES DISC canonical granule file
3B-HHR.MS.MRG.3IMERG.20071113-S090000-E092959.0540.V07B.HDF5,3B-HHR.MS.MRG.3IMERG.20071113-S090000-E092959.0540.V07B.HDF5,True,False,7586743,5ae5f66a936fc5e8a64a5fbf2dd0a418dbdb4768a362db035a90dd93f115d139,CANONICAL_PRIMARY,Official NASA GES DISC canonical granule file
3B-HHR.MS.MRG.3IMERG.20071113-S120000-E122959.0720.V07B.HDF5,3B-HHR.MS.MRG.3IMERG.20071113-S120000-E122959.0720.V07B.HDF5,True,False,7380686,8f0c2dff87027c49459e2df264b3f1ba81dddf509cc2269bbe013ce424c254fd,CANONICAL_PRIMARY,Official NASA GES DISC canonical granule file
3B-HHR.MS.MRG.3IMERG.20071113-S150000-E152959.0900.V07B.HDF5,3B-HHR.MS.MRG.3IMERG.20071113-S150000-E152959.0900.V07B.HDF5,True,False,7411348,3669319a930b878c84811a3bbf990603e36d3f7e1e5a066356da284930a06b3e,CANONICAL_PRIMARY,Official NASA GES DISC canonical granule file
3B-HHR.MS.MRG.3IMERG.20071113-S180000-E182959.1080.V07B.HDF5,3B-HHR.MS.MRG.3IMERG.20071113-S180000-E182959.1080.V07B.HDF5,True,False,7494117,da4816d837cbe87757fb0c70d5d0a14e5015718e7d4fcf1fa15924415124be16,CANONICAL_PRIMARY,Official NASA GES DISC canonical granule file
3B-HHR.MS.MRG.3IMERG.20071113-S210000-E212959.1260.V07B.HDF5,3B-HHR.MS.MRG.3IMERG.20071113-S210000-E212959.1260.V07B.HDF5,True,False,7476261,93262ee674a95bba0cb853a58c4b264d23c83d3ee2132d0495b51435fa91e455,CANONICAL_PRIMARY,Official NASA GES DISC canonical granule file
3B-HHR.MS.MRG.3IMERG.20071114-S000000-E002959.0000.V07B.HDF5,3B-HHR.MS.MRG.3IMERG.20071114-S000000-E002959.0000.V07B.HDF5,True,False,7403541,33f36907831be26e7d68d3d5582894cb6873ce68428df697148c82c734265f7e,CANONICAL_PRIMARY,Official NASA GES DISC canonical granule file
3B-HHR.MS.MRG.3IMERG.20071114-S030000-E032959.0180.V07B.HDF5,3B-HHR.MS.MRG.3IMERG.20071114-S030000-E032959.0180.V07B.HDF5,True,False,7318727,7f7ee6c844d667cf5ba8d10c1acccaba23e58bc5a3ee342c6b5edc089edb8d44,CANONICAL_PRIMARY,Official NASA GES DISC canonical granule file
3B-HHR.MS.MRG.3IMERG.20080426-S120000-E122959.0720.V07B.HDF5,3B-HHR.MS.MRG.3IMERG.20080426-S120000-E122959.0720.V07B.HDF5,True,False,7678108,8cc4b5c3b502d385c83976858f3f2aef02773bd1478e3bd55a7ce1aa285b34a8,CANONICAL_PRIMARY,Official NASA GES DISC canonical granule file
3B-HHR.MS.MRG.3IMERG.20080426-S150000-E152959.0900.V07B.HDF5,3B-HHR.MS.MRG.3IMERG.20080426-S150000-E152959.0900.V07B.HDF5,True,False,7859650,69f21e7e0c19718a4b6a8f03687448003753771c54e3b74a5cb4a83dd5688659,CANONICAL_PRIMARY,Official NASA GES DISC canonical granule file
3B-HHR.MS.MRG.3IMERG.20080426-S180000-E182959.1080.V07B.HDF5,3B-HHR.MS.MRG.3IMERG.20080426-S180000-E182959.1080.V07B.HDF5,True,False,7840689,6831b5148d8a8388985874649e0352168ecebb662103a936e0ae14c125af5b0b,CANONICAL_PRIMARY,Official NASA GES DISC canonical granule file
3B-HHR.MS.MRG.3IMERG.20080426-S210000-E212959.1260.V07B.HDF5,3B-HHR.MS.MRG.3IMERG.20080426-S210000-E212959.1260.V07B.HDF5,True,False,7911291,7404219b1541a3a6de4eb0a0ad5fc9ce9acce4db42d09003f90edc0c0eef4b86,CANONICAL_PRIMARY,Official NASA GES DISC canonical granule file
3B-HHR.MS.MRG.3IMERG.20080427-S000000-E002959.0000.V07B.HDF5,3B-HHR.MS.MRG.3IMERG.20080427-S000000-E002959.0000.V07B.HDF5,True,False,7942699,443c60bc585c813b4bd83868e8adade05ea4a96e8d6fb6ff1f931f5755136daa,CANONICAL_PRIMARY,Official NASA GES DISC canonical granule file
3B-HHR.MS.MRG.3IMERG.20080427-S030000-E032959.0180.V07B.HDF5,3B-HHR.MS.MRG.3IMERG.20080427-S030000-E032959.0180.V07B.HDF5,True,False,7758034,cf9c9b379c32dbb21e6ea344cfbf58854c31fffb6b29e4c1431ab90627f98c10,CANONICAL_PRIMARY,Official NASA GES DISC canonical granule file
3B-HHR.MS.MRG.3IMERG.20080427-S060000-E062959.0360.V07B.HDF5,3B-HHR.MS.MRG.3IMERG.20080427-S060000-E062959.0360.V07B.HDF5,True,False,7834189,40a8aeea6521107f790a98049a7d79703050dccb79c846b148c18bb304710616,CANONICAL_PRIMARY,Official NASA GES DISC canonical granule file
3B-HHR.MS.MRG.3IMERG.20080427-S090000-E092959.0540.V07B.HDF5,3B-HHR.MS.MRG.3IMERG.20080427-S090000-E092959.0540.V07B.HDF5,True,False,7737596,409c5a73d57ced827fd2bac49e7676e1a44561ff76f22035b2c955a492465973,CANONICAL_PRIMARY,Official NASA GES DISC canonical granule file
3B-HHR.MS.MRG.3IMERG.20080427-S120000-E122959.0720.V07B.HDF5,3B-HHR.MS.MRG.3IMERG.20080427-S120000-E122959.0720.V07B.HDF5,True,False,7819991,a952015343727a0cf620fce1f41d8e77f9947821ecac3dc55001a484dbc8f7f4,CANONICAL_PRIMARY,Official NASA GES DISC canonical granule file
3B-HHR.MS.MRG.3IMERG.20080427-S150000-E152959.0900.V07B.HDF5,3B-HHR.MS.MRG.3IMERG.20080427-S150000-E152959.0900.V07B.HDF5,True,False,8016859,f9c18b9e60029c68be476f1ba0bfa3a81a1ccc5c0ef10a3ec9dfbdc1f73ec538,CANONICAL_PRIMARY,Official NASA GES DISC canonical granule file
3B-HHR.MS.MRG.3IMERG.20080427-S180000-E182959.1080.V07B.HDF5,3B-HHR.MS.MRG.3IMERG.20080427-S180000-E182959.1080.V07B.HDF5,True,False,8095992,2c09e2ecd53271d7e665f4c4196d5001381c128e2a1458d8843e6b6d7aa24fc8,CANONICAL_PRIMARY,Official NASA GES DISC canonical granule file
3B-HHR.MS.MRG.3IMERG.20080427-S210000-E212959.1260.V07B.HDF5,3B-HHR.MS.MRG.3IMERG.20080427-S210000-E212959.1260.V07B.HDF5,True,False,8043991,021294c65cda08af7d70dde1ef0d8170fdda9312e66a3390884d094d6a28b73c,CANONICAL_PRIMARY,Official NASA GES DISC canonical granule file
3B-HHR.MS.MRG.3IMERG.20080428-S000000-E002959.0000.V07B.HDF5,3B-HHR.MS.MRG.3IMERG.20080428-S000000-E002959.0000.V07B.HDF5,True,False,7963922,b5137062618e9b551f38a71d2c63723c86c11ad7c9492aac8a608d0dd427ef0f,CANONICAL_PRIMARY,Official NASA GES DISC canonical granule file
3B-HHR.MS.MRG.3IMERG.20080428-S030000-E032959.0180.V07B.HDF5,3B-HHR.MS.MRG.3IMERG.20080428-S030000-E032959.0180.V07B.HDF5,True,False,8198054,5477fc19f3e90781fecdeeca190aad0ac410faae8cbea518d5285b21269477d0,CANONICAL_PRIMARY,Official NASA GES DISC canonical granule file
3B-HHR.MS.MRG.3IMERG.20080428-S060000-E062959.0360.V07B.HDF5,3B-HHR.MS.MRG.3IMERG.20080428-S060000-E062959.0360.V07B.HDF5,True,False,8120939,1eeac22e686c255ec037dbf0aa16e43f462938f5cd10ad35b04fd10045402b3c,CANONICAL_PRIMARY,Official NASA GES DISC canonical granule file
3B-HHR.MS.MRG.3IMERG.20080428-S090000-E092959.0540.V07B.HDF5,3B-HHR.MS.MRG.3IMERG.20080428-S090000-E092959.0540.V07B.HDF5,True,False,8058663,33363df4c412e8344dd52aca616f963b9df40c2063da091fdd28482554168eb6,CANONICAL_PRIMARY,Official NASA GES DISC canonical granule file
3B-HHR.MS.MRG.3IMERG.20080428-S120000-E122959.0720.V07B.HDF5,3B-HHR.MS.MRG.3IMERG.20080428-S120000-E122959.0720.V07B.HDF5,True,False,8110071,52253ffc2d0d832b988d9c7db002dd8aa5979846b18c41061e7c8bb00eb43285,CANONICAL_PRIMARY,Official NASA GES DISC canonical granule file
3B-HHR.MS.MRG.3IMERG.20080428-S150000-E152959.0900.V07B.HDF5,3B-HHR.MS.MRG.3IMERG.20080428-S150000-E152959.0900.V07B.HDF5,True,False,8090526,8442b6c181e54b6d0f44538bc00c6f9f4d497ce08fccb988e0bae587cefb6447,CANONICAL_PRIMARY,Official NASA GES DISC canonical granule file
3B-HHR.MS.MRG.3IMERG.20080428-S180000-E182959.1080.V07B.HDF5,3B-HHR.MS.MRG.3IMERG.20080428-S180000-E182959.1080.V07B.HDF5,True,False,8057548,6635140fb497e75d871562a9fb4cc612572fe3e2bae51002913bd7ffda6a4655,CANONICAL_PRIMARY,Official NASA GES DISC canonical granule file
3B-HHR.MS.MRG.3IMERG.20080428-S210000-E212959.1260.V07B.HDF5,3B-HHR.MS.MRG.3IMERG.20080428-S210000-E212959.1260.V07B.HDF5,True,False,8050050,25d650fe78e159dc470d91134131497840fa4de366d59175502076ca5ed52bf6,CANONICAL_PRIMARY,Official NASA GES DISC canonical granule file
3B-HHR.MS.MRG.3IMERG.20080429-S000000-E002959.0000.V07B.HDF5,3B-HHR.MS.MRG.3IMERG.20080429-S000000-E002959.0000.V07B.HDF5,True,False,7833614,0a5378fe3d720f8aa85ced1a8405c00d0463b9568b46ab130f33dfb2aa19b7a3,CANONICAL_PRIMARY,Official NASA GES DISC canonical granule file
3B-HHR.MS.MRG.3IMERG.20080429-S030000-E032959.0180.V07B.HDF5,3B-HHR.MS.MRG.3IMERG.20080429-S030000-E032959.0180.V07B.HDF5,True,False,7956197,5b6c07b5f2e003d3563beff9f94c6a9f8a9732d54b1ccef93cf464b92c1f353c,CANONICAL_PRIMARY,Official NASA GES DISC canonical granule file
3B-HHR.MS.MRG.3IMERG.20080429-S060000-E062959.0360.V07B.HDF5,3B-HHR.MS.MRG.3IMERG.20080429-S060000-E062959.0360.V07B.HDF5,True,False,7989346,a60279d7387b30a11a35809b163a71dc4d4d95278a5836f3a0c4e6fda59b0d91,CANONICAL_PRIMARY,Official NASA GES DISC canonical granule file
3B-HHR.MS.MRG.3IMERG.20080429-S090000-E092959.0540.V07B.HDF5,3B-HHR.MS.MRG.3IMERG.20080429-S090000-E092959.0540.V07B.HDF5,True,False,7847391,55f4536aaee11237539f8eae1372d5febaf0f02a0c8c4f05fabb889aaa1df6b8,CANONICAL_PRIMARY,Official NASA GES DISC canonical granule file
3B-HHR.MS.MRG.3IMERG.20080429-S120000-E122959.0720.V07B.HDF5,3B-HHR.MS.MRG.3IMERG.20080429-S120000-E122959.0720.V07B.HDF5,True,False,7882577,bdeb0a3683722f2285f810550d06c202db11664fba80200c09b5c51a50b83321,CANONICAL_PRIMARY,Official NASA GES DISC canonical granule file
3B-HHR.MS.MRG.3IMERG.20080429-S150000-E152959.0900.V07B.HDF5,3B-HHR.MS.MRG.3IMERG.20080429-S150000-E152959.0900.V07B.HDF5,True,False,7896090,7760ca3ba7d075f7f5955655a8bd60552483e4d140c36433dbe2f73e25719de1,CANONICAL_PRIMARY,Official NASA GES DISC canonical granule file
3B-HHR.MS.MRG.3IMERG.20080429-S180000-E182959.1080.V07B.HDF5,3B-HHR.MS.MRG.3IMERG.20080429-S180000-E182959.1080.V07B.HDF5,True,False,7845770,87ae6e25fdb04da86dc759da1c29cc322f7ddb579bd98ad7c0b994d7c0fb4207,CANONICAL_PRIMARY,Official NASA GES DISC canonical granule file
3B-HHR.MS.MRG.3IMERG.20080429-S210000-E212959.1260.V07B.HDF5,3B-HHR.MS.MRG.3IMERG.20080429-S210000-E212959.1260.V07B.HDF5,True,False,7998080,05ea82539eefe5d9c7009d1397f6dab16f0e5b95a91110fa128b6966309386ae,CANONICAL_PRIMARY,Official NASA GES DISC canonical granule file
3B-HHR.MS.MRG.3IMERG.20080430-S000000-E002959.0000.V07B.HDF5,3B-HHR.MS.MRG.3IMERG.20080430-S000000-E002959.0000.V07B.HDF5,True,False,7809944,2113d273c0146251a861017f025ecf5135d1dd88eb6232cc6c9bb96a209b72df,CANONICAL_PRIMARY,Official NASA GES DISC canonical granule file
3B-HHR.MS.MRG.3IMERG.20080430-S030000-E032959.0180.V07B.HDF5,3B-HHR.MS.MRG.3IMERG.20080430-S030000-E032959.0180.V07B.HDF5,True,False,7744444,0c64cf3283f5e138e9e74e1c485e3eb00cdeef0b44129d7fb7fd9624ab77a3e4,CANONICAL_PRIMARY,Official NASA GES DISC canonical granule file
3B-HHR.MS.MRG.3IMERG.20080914-S210000-E212959.1260.V07B.HDF5,3B-HHR.MS.MRG.3IMERG.20080914-S210000-E212959.1260.V07B.HDF5,True,False,8302897,8d2e033e2572980894a8985297305d6ab61472c7d627e5d80268a008de00f4e6,CANONICAL_PRIMARY,Official NASA GES DISC canonical granule file
3B-HHR.MS.MRG.3IMERG.20080915-S000000-E002959.0000.V07B.HDF5,3B-HHR.MS.MRG.3IMERG.20080915-S000000-E002959.0000.V07B.HDF5,True,False,8114558,f8e8ebd09df3cf871db08ec3571b51371a5c5def92a83341bae743a1a4867643,CANONICAL_PRIMARY,Official NASA GES DISC canonical granule file
3B-HHR.MS.MRG.3IMERG.20080915-S030000-E032959.0180.V07B.HDF5,3B-HHR.MS.MRG.3IMERG.20080915-S030000-E032959.0180.V07B.HDF5,True,False,8113837,d0b4e0a3a913b8cc081fa23496ac7d497283abb01f1e607cfc71d23200a62d27,CANONICAL_PRIMARY,Official NASA GES DISC canonical granule file
3B-HHR.MS.MRG.3IMERG.20080915-S060000-E062959.0360.V07B.HDF5,3B-HHR.MS.MRG.3IMERG.20080915-S060000-E062959.0360.V07B.HDF5,True,False,8093297,79810d913986a2f3d6345b321d1949aca6295e20dca9cbc00f9fb04b7397dd06,CANONICAL_PRIMARY,Official NASA GES DISC canonical granule file
3B-HHR.MS.MRG.3IMERG.20080915-S090000-E092959.0540.V07B.HDF5,3B-HHR.MS.MRG.3IMERG.20080915-S090000-E092959.0540.V07B.HDF5,True,False,7972824,35eaeca531b5a4a4a7adab1f0e7e59107b0df1376b62b5ba8105a79af6e80b9f,CANONICAL_PRIMARY,Official NASA GES DISC canonical granule file
3B-HHR.MS.MRG.3IMERG.20080915-S120000-E122959.0720.V07B.HDF5,3B-HHR.MS.MRG.3IMERG.20080915-S120000-E122959.0720.V07B.HDF5,True,False,8015546,33b6568935ca45391901399c81d724f19f599316e181155aa63d387f914cf23a,CANONICAL_PRIMARY,Official NASA GES DISC canonical granule file
3B-HHR.MS.MRG.3IMERG.20080915-S150000-E152959.0900.V07B.HDF5,3B-HHR.MS.MRG.3IMERG.20080915-S150000-E152959.0900.V07B.HDF5,True,False,8185457,2d6c5b3e8e6a84bdf49127dcaf83bdabd0e9491f44ba4c30e8b6ee21e6c43728,CANONICAL_PRIMARY,Official NASA GES DISC canonical granule file
3B-HHR.MS.MRG.3IMERG.20080915-S180000-E182959.1080.V07B.HDF5,3B-HHR.MS.MRG.3IMERG.20080915-S180000-E182959.1080.V07B.HDF5,True,False,8203336,4aa3ac25962f4a5a474b50111ce9256f4b0b27f0c5736fbf6819f9117813e85f,CANONICAL_PRIMARY,Official NASA GES DISC canonical granule file
3B-HHR.MS.MRG.3IMERG.20080915-S210000-E212959.1260.V07B.HDF5,3B-HHR.MS.MRG.3IMERG.20080915-S210000-E212959.1260.V07B.HDF5,True,False,8107709,e75b63b486c975f0e876c5f410d42d2d5c12dbf9315b5f5312e02cad65d70358,CANONICAL_PRIMARY,Official NASA GES DISC canonical granule file
3B-HHR.MS.MRG.3IMERG.20080916-S000000-E002959.0000.V07B.HDF5,3B-HHR.MS.MRG.3IMERG.20080916-S000000-E002959.0000.V07B.HDF5,True,False,7981888,7eb4ffcd018fa925d33170cc727c34a0383b3b0010b72857b7a85ff00c28d23a,CANONICAL_PRIMARY,Official NASA GES DISC canonical granule file
3B-HHR.MS.MRG.3IMERG.20080916-S030000-E032959.0180.V07B.HDF5,3B-HHR.MS.MRG.3IMERG.20080916-S030000-E032959.0180.V07B.HDF5,True,False,8110244,d141657d73c773c6e1dca7a3fca5c0d01c7c0d4487f1ae31ace735c0683db617,CANONICAL_PRIMARY,Official NASA GES DISC canonical granule file
3B-HHR.MS.MRG.3IMERG.20080916-S060000-E062959.0360.V07B.HDF5,3B-HHR.MS.MRG.3IMERG.20080916-S060000-E062959.0360.V07B.HDF5,True,False,8048450,511e1a87cfc62056edb5917d6075b5a2268e28e533879dcf8b238d21f5cef68b,CANONICAL_PRIMARY,Official NASA GES DISC canonical granule file
3B-HHR.MS.MRG.3IMERG.20080916-S090000-E092959.0540.V07B.HDF5,3B-HHR.MS.MRG.3IMERG.20080916-S090000-E092959.0540.V07B.HDF5,True,False,7863620,47b86fd4f48e09b7b1c42ededfcd6784690ed06a02cf2590c83fe81f4470adbb,CANONICAL_PRIMARY,Official NASA GES DISC canonical granule file
3B-HHR.MS.MRG.3IMERG.20080916-S120000-E122959.0720.V07B.HDF5,3B-HHR.MS.MRG.3IMERG.20080916-S120000-E122959.0720.V07B.HDF5,True,False,8048155,dd10f676a1d9a6382948316ca17067dd05147ac54fb1e15544ed4f19c5a71639,CANONICAL_PRIMARY,Official NASA GES DISC canonical granule file
3B-HHR.MS.MRG.3IMERG.20081112-S210000-E212959.1260.V07B.HDF5,3B-HHR.MS.MRG.3IMERG.20081112-S210000-E212959.1260.V07B.HDF5,True,False,7447920,2b8c8c666cbd3a0020be7ee8a58780216ca6a35c6ef0967250e42f3185d94383,CANONICAL_PRIMARY,Official NASA GES DISC canonical granule file
3B-HHR.MS.MRG.3IMERG.20081113-S000000-E002959.0000.V07B.HDF5,3B-HHR.MS.MRG.3IMERG.20081113-S000000-E002959.0000.V07B.HDF5,True,False,7173910,a05886eae23b4d2ac156afd45c76c9705c7acc6cbb61b2a9bbecae2183ee2768,CANONICAL_PRIMARY,Official NASA GES DISC canonical granule file
3B-HHR.MS.MRG.3IMERG.20081113-S030000-E032959.0180.V07B.HDF5,3B-HHR.MS.MRG.3IMERG.20081113-S030000-E032959.0180.V07B.HDF5,True,False,7187971,546956d61f505952b234a757eb836c9d77bd7567c27bd0c0e976deac26bcb0ea,CANONICAL_PRIMARY,Official NASA GES DISC canonical granule file
3B-HHR.MS.MRG.3IMERG.20081113-S060000-E062959.0360.V07B.HDF5,3B-HHR.MS.MRG.3IMERG.20081113-S060000-E062959.0360.V07B.HDF5,True,False,7462620,93850c096be2281dcc0daac922174041b75cdfc75422d0265842d1f68b473b61,CANONICAL_PRIMARY,Official NASA GES DISC canonical granule file
3B-HHR.MS.MRG.3IMERG.20081113-S090000-E092959.0540.V07B.HDF5,3B-HHR.MS.MRG.3IMERG.20081113-S090000-E092959.0540.V07B.HDF5,True,False,7327842,cb725a00ce1c03dd3d16cbf274881a9a298003cb5e9de8cc731fdd205b464c83,CANONICAL_PRIMARY,Official NASA GES DISC canonical granule file
3B-HHR.MS.MRG.3IMERG.20081113-S120000-E122959.0720.V07B.HDF5,3B-HHR.MS.MRG.3IMERG.20081113-S120000-E122959.0720.V07B.HDF5,True,False,7354523,935239e30407244f9ebc6d0b6bd65bab9f48faa0857f7b673f85afd30694544e,CANONICAL_PRIMARY,Official NASA GES DISC canonical granule file
3B-HHR.MS.MRG.3IMERG.20081113-S150000-E152959.0900.V07B.HDF5,3B-HHR.MS.MRG.3IMERG.20081113-S150000-E152959.0900.V07B.HDF5,True,False,7397630,9645b58086e88ed66c5fc71c2acba326cdf20f27e70109a058f84427dfbad202,CANONICAL_PRIMARY,Official NASA GES DISC canonical granule file
3B-HHR.MS.MRG.3IMERG.20081113-S180000-E182959.1080.V07B.HDF5,3B-HHR.MS.MRG.3IMERG.20081113-S180000-E182959.1080.V07B.HDF5,True,False,7494853,7908e2ac9b46c382a6fcadf75a35756ea6e6520f7efcc6cce9e87e9d87389a27,CANONICAL_PRIMARY,Official NASA GES DISC canonical granule file
3B-HHR.MS.MRG.3IMERG.20081113-S210000-E212959.1260.V07B.HDF5,3B-HHR.MS.MRG.3IMERG.20081113-S210000-E212959.1260.V07B.HDF5,True,False,7573209,bb0a313364bf13a14ace6a7bcbf47deb5b2fae1b3c86b2fc659f1070f69d6c4e,CANONICAL_PRIMARY,Official NASA GES DISC canonical granule file
3B-HHR.MS.MRG.3IMERG.20081114-S000000-E002959.0000.V07B.HDF5,3B-HHR.MS.MRG.3IMERG.20081114-S000000-E002959.0000.V07B.HDF5,True,False,7440110,5465690f60688227259f45bd2736db4cd9c64e9045352ee9742b2d2ddae22d8e,CANONICAL_PRIMARY,Official NASA GES DISC canonical granule file
3B-HHR.MS.MRG.3IMERG.20081114-S030000-E032959.0180.V07B.HDF5,3B-HHR.MS.MRG.3IMERG.20081114-S030000-E032959.0180.V07B.HDF5,True,False,7338615,1057fe5bc780af69b57b8c644e774de17928228f4abb23587264d4ad471b55a9,CANONICAL_PRIMARY,Official NASA GES DISC canonical granule file
3B-HHR.MS.MRG.3IMERG.20081124-S180000-E182959.1080.V07B.HDF5,3B-HHR.MS.MRG.3IMERG.20081124-S180000-E182959.1080.V07B.HDF5,True,False,7893394,abae5ee9d4f9ad96ea2ea89cac4a9564879222c1fefde392c11b29c7be60a99f,CANONICAL_PRIMARY,Official NASA GES DISC canonical granule file
3B-HHR.MS.MRG.3IMERG.20081124-S210000-E212959.1260.V07B.HDF5,3B-HHR.MS.MRG.3IMERG.20081124-S210000-E212959.1260.V07B.HDF5,True,False,7839863,706a40ce8faffd8159d08a713f64473e104dc2593f364c22ab68e3679b308331,CANONICAL_PRIMARY,Official NASA GES DISC canonical granule file
3B-HHR.MS.MRG.3IMERG.20081125-S000000-E002959.0000.V07B.HDF5,3B-HHR.MS.MRG.3IMERG.20081125-S000000-E002959.0000.V07B.HDF5,True,False,7458877,943906792b3dcf32932da943f3c182436a7881552fd61f9f942ddc480ec118dc,CANONICAL_PRIMARY,Official NASA GES DISC canonical granule file
3B-HHR.MS.MRG.3IMERG.20081125-S030000-E032959.0180.V07B.HDF5,3B-HHR.MS.MRG.3IMERG.20081125-S030000-E032959.0180.V07B.HDF5,True,False,7719285,52db62ee57b61ec3fd42f728a50d98df0669a242ff48495903497f31e0e505e5,CANONICAL_PRIMARY,Official NASA GES DISC canonical granule file
3B-HHR.MS.MRG.3IMERG.20081125-S060000-E062959.0360.V07B.HDF5,3B-HHR.MS.MRG.3IMERG.20081125-S060000-E062959.0360.V07B.HDF5,True,False,7483188,1895aa5fdd877c60050959d7fd1637d88db0918f4243ad74cec7b24f39b7866d,CANONICAL_PRIMARY,Official NASA GES DISC canonical granule file
3B-HHR.MS.MRG.3IMERG.20081125-S090000-E092959.0540.V07B.HDF5,3B-HHR.MS.MRG.3IMERG.20081125-S090000-E092959.0540.V07B.HDF5,True,False,7564107,d8c42edaef49d9440a32ed8e4e219e7520e22c6e81aeab88287039d952c239c4,CANONICAL_PRIMARY,Official NASA GES DISC canonical granule file
3B-HHR.MS.MRG.3IMERG.20081125-S120000-E122959.0720.V07B.HDF5,3B-HHR.MS.MRG.3IMERG.20081125-S120000-E122959.0720.V07B.HDF5,True,False,7464037,b0ad712c1e618ef2c1b5fd327e0afc2927b8027beffcd60678bf9fcdcbbec7e1,CANONICAL_PRIMARY,Official NASA GES DISC canonical granule file
3B-HHR.MS.MRG.3IMERG.20081203-S210000-E212959.1260.V07B.HDF5,3B-HHR.MS.MRG.3IMERG.20081203-S210000-E212959.1260.V07B.HDF5,True,False,7723220,7c57a39389c414a9624b1cf4c8c6ecb0aecb7edca9a95db28a2882f2ff55318f,CANONICAL_PRIMARY,Official NASA GES DISC canonical granule file
3B-HHR.MS.MRG.3IMERG.20081204-S000000-E002959.0000.V07B.HDF5,3B-HHR.MS.MRG.3IMERG.20081204-S000000-E002959.0000.V07B.HDF5,True,False,7672738,8bec720e7825f83c23957069ed5e452c1aa7646e54b699ee410a81605ff912b8,CANONICAL_PRIMARY,Official NASA GES DISC canonical granule file
3B-HHR.MS.MRG.3IMERG.20081204-S030000-E032959.0180.V07B.HDF5,3B-HHR.MS.MRG.3IMERG.20081204-S030000-E032959.0180.V07B.HDF5,True,False,7511098,c7af11f58eb7d51010b7280a99285b1166e078d79ad1ad58ff42dfb761ce38bb,CANONICAL_PRIMARY,Official NASA GES DISC canonical granule file
3B-HHR.MS.MRG.3IMERG.20081204-S060000-E062959.0360.V07B.HDF5,3B-HHR.MS.MRG.3IMERG.20081204-S060000-E062959.0360.V07B.HDF5,True,False,7527046,809e393ef12880b7f1dd66c27650f0d8f616ff5fa7cb207d432913b59db17ac9,CANONICAL_PRIMARY,Official NASA GES DISC canonical granule file
3B-HHR.MS.MRG.3IMERG.20081204-S090000-E092959.0540.V07B.HDF5,3B-HHR.MS.MRG.3IMERG.20081204-S090000-E092959.0540.V07B.HDF5,True,False,7622456,5c76815b1c442dc557317c9c626d435af4c74794632875079ace837866a2f3e6,CANONICAL_PRIMARY,Official NASA GES DISC canonical granule file
3B-HHR.MS.MRG.3IMERG.20081204-S120000-E122959.0720.V07B.HDF5,3B-HHR.MS.MRG.3IMERG.20081204-S120000-E122959.0720.V07B.HDF5,True,False,7450304,01962a67ab6da4ce1d2808ad35bd75e018d5b86ab31d8291a93bcd0628e077c6,CANONICAL_PRIMARY,Official NASA GES DISC canonical granule file
3B-HHR.MS.MRG.3IMERG.20090413-S210000-E212959.1260.V07B.HDF5,3B-HHR.MS.MRG.3IMERG.20090413-S210000-E212959.1260.V07B.HDF5,True,False,8146562,1d324ab6bd57f30aaaa5c3d883ec99021b1dc9cdf11b94095dfade7e650ef68a,CANONICAL_PRIMARY,Official NASA GES DISC canonical granule file
3B-HHR.MS.MRG.3IMERG.20090414-S000000-E002959.0000.V07B.HDF5,3B-HHR.MS.MRG.3IMERG.20090414-S000000-E002959.0000.V07B.HDF5,True,False,7792173,5f4aef09ea2df8f404268401ad82e20576580d9d6cda74e663bbee45cbfa4f51,CANONICAL_PRIMARY,Official NASA GES DISC canonical granule file
3B-HHR.MS.MRG.3IMERG.20090414-S030000-E032959.0180.V07B.HDF5,3B-HHR.MS.MRG.3IMERG.20090414-S030000-E032959.0180.V07B.HDF5,True,False,7818028,47294cca10f615af45de118b5f9e222c7a721e529f1130150e08b197d7d7a8a7,CANONICAL_PRIMARY,Official NASA GES DISC canonical granule file
3B-HHR.MS.MRG.3IMERG.20090414-S060000-E062959.0360.V07B.HDF5,3B-HHR.MS.MRG.3IMERG.20090414-S060000-E062959.0360.V07B.HDF5,True,False,7676525,c058952fbc561f65866b32149b10915cd7306e78b2652d54516fa4715925eb0e,CANONICAL_PRIMARY,Official NASA GES DISC canonical granule file
3B-HHR.MS.MRG.3IMERG.20090414-S090000-E092959.0540.V07B.HDF5,3B-HHR.MS.MRG.3IMERG.20090414-S090000-E092959.0540.V07B.HDF5,True,False,7569096,e64882e4cc2eedde3b303f783a7e8c9b86f87bcb41ccece6a0b784eeb2591324,CANONICAL_PRIMARY,Official NASA GES DISC canonical granule file
3B-HHR.MS.MRG.3IMERG.20090414-S120000-E122959.0720.V07B.HDF5,3B-HHR.MS.MRG.3IMERG.20090414-S120000-E122959.0720.V07B.HDF5,True,False,7793016,6141452def6b5f176627e5ae04fd56d79b43c98ebe89b695d13101252e135221,CANONICAL_PRIMARY,Official NASA GES DISC canonical granule file
3B-HHR.MS.MRG.3IMERG.20090414-S150000-E152959.0900.V07B.HDF5,3B-HHR.MS.MRG.3IMERG.20090414-S150000-E152959.0900.V07B.HDF5,True,False,7842883,2591beb4da6b0657d317318d4ce41b14ca812cfa54fa7017f72eb935a35c81fa,CANONICAL_PRIMARY,Official NASA GES DISC canonical granule file
3B-HHR.MS.MRG.3IMERG.20090414-S180000-E182959.1080.V07B.HDF5,3B-HHR.MS.MRG.3IMERG.20090414-S180000-E182959.1080.V07B.HDF5,True,False,8011510,36b958e4bd9d7b81f393b012bdf07e2cf933906f187111957a22ff4eac28c014,CANONICAL_PRIMARY,Official NASA GES DISC canonical granule file
3B-HHR.MS.MRG.3IMERG.20090414-S210000-E212959.1260.V07B.HDF5,3B-HHR.MS.MRG.3IMERG.20090414-S210000-E212959.1260.V07B.HDF5,True,False,8001099,eecde6edeedd8e2f42f9b968ad4ad0dbc6ee0d1b8c500fc4d5f84d3b515feea6,CANONICAL_PRIMARY,Official NASA GES DISC canonical granule file
3B-HHR.MS.MRG.3IMERG.20090415-S000000-E002959.0000.V07B.HDF5,3B-HHR.MS.MRG.3IMERG.20090415-S000000-E002959.0000.V07B.HDF5,True,False,7747428,e1dc60071fc8c1a9acbc674224dce8ef95275e3acc0b38c1be69a4bd5d4f8b94,CANONICAL_PRIMARY,Official NASA GES DISC canonical granule file
3B-HHR.MS.MRG.3IMERG.20090415-S030000-E032959.0180.V07B.HDF5,3B-HHR.MS.MRG.3IMERG.20090415-S030000-E032959.0180.V07B.HDF5,True,False,7802821,e9a7e21f9cc6b6efdc068f996d19098d362a2b361889e880cc724e2b2e8e01c3,CANONICAL_PRIMARY,Official NASA GES DISC canonical granule file
3B-HHR.MS.MRG.3IMERG.20090415-S060000-E062959.0360.V07B.HDF5,3B-HHR.MS.MRG.3IMERG.20090415-S060000-E062959.0360.V07B.HDF5,True,False,7799387,0d5330fa7b904a21316c09de75a7124ce7092951f8997f9accfb13955d9e4802,CANONICAL_PRIMARY,Official NASA GES DISC canonical granule file
3B-HHR.MS.MRG.3IMERG.20090415-S090000-E092959.0540.V07B.HDF5,3B-HHR.MS.MRG.3IMERG.20090415-S090000-E092959.0540.V07B.HDF5,True,False,7639284,e04438590e0556d0765ca4d4297c8a972dc36fc9412d5735a9da13604d507d30,CANONICAL_PRIMARY,Official NASA GES DISC canonical granule file
3B-HHR.MS.MRG.3IMERG.20090415-S120000-E122959.0720.V07B.HDF5,3B-HHR.MS.MRG.3IMERG.20090415-S120000-E122959.0720.V07B.HDF5,True,False,7781761,5d22f3283098fb0839a83eaa1623be3b8f460a9e2aa3e8fcee3f65d5558cb520,CANONICAL_PRIMARY,Official NASA GES DISC canonical granule file
3B-HHR.MS.MRG.3IMERG.20090415-S150000-E152959.0900.V07B.HDF5,3B-HHR.MS.MRG.3IMERG.20090415-S150000-E152959.0900.V07B.HDF5,True,False,7877802,58d37fd9b5c4973e87b91f89dda9f99a405348dd8597613d0825e65d8e271d9f,CANONICAL_PRIMARY,Official NASA GES DISC canonical granule file
3B-HHR.MS.MRG.3IMERG.20090522-S150000-E152959.0900.V07B.HDF5,3B-HHR.MS.MRG.3IMERG.20090522-S150000-E152959.0900.V07B.HDF5,True,False,8131847,ef836f09869fb3aea09f30d4aeceab78abcab23350c649e57cb2056596e3051f,CANONICAL_PRIMARY,Official NASA GES DISC canonical granule file
3B-HHR.MS.MRG.3IMERG.20090522-S180000-E182959.1080.V07B.HDF5,3B-HHR.MS.MRG.3IMERG.20090522-S180000-E182959.1080.V07B.HDF5,True,False,8256332,0df175dad3e74bfc722ad9c23523a83ce78e523083e649be696386f1bdd0c05b,CANONICAL_PRIMARY,Official NASA GES DISC canonical granule file
3B-HHR.MS.MRG.3IMERG.20090522-S210000-E212959.1260.V07B.HDF5,3B-HHR.MS.MRG.3IMERG.20090522-S210000-E212959.1260.V07B.HDF5,True,False,8409700,0c02527141bc04e32d0bdcc954f91d18d3d7628778326fc8947d41bb5351b98d,CANONICAL_PRIMARY,Official NASA GES DISC canonical granule file
3B-HHR.MS.MRG.3IMERG.20090523-S000000-E002959.0000.V07B.HDF5,3B-HHR.MS.MRG.3IMERG.20090523-S000000-E002959.0000.V07B.HDF5,True,False,8256624,6e38ee5e26bb4a4046659a8fd27696d3f010582b63fb9e360bc02305de33fd7e,CANONICAL_PRIMARY,Official NASA GES DISC canonical granule file
3B-HHR.MS.MRG.3IMERG.20090523-S030000-E032959.0180.V07B.HDF5,3B-HHR.MS.MRG.3IMERG.20090523-S030000-E032959.0180.V07B.HDF5,True,False,8020711,06120259fda0e79a14ed66c8a2d6194f9ca72179bd18af8d8795293ec9f87521,CANONICAL_PRIMARY,Official NASA GES DISC canonical granule file
3B-HHR.MS.MRG.3IMERG.20090523-S060000-E062959.0360.V07B.HDF5,3B-HHR.MS.MRG.3IMERG.20090523-S060000-E062959.0360.V07B.HDF5,True,False,8082277,6c1fc81fbaf4434a46b3cdb6c74cdd576ac951f1ad023989de3aaf4756353464,CANONICAL_PRIMARY,Official NASA GES DISC canonical granule file
3B-HHR.MS.MRG.3IMERG.20090523-S090000-E092959.0540.V07B.HDF5,3B-HHR.MS.MRG.3IMERG.20090523-S090000-E092959.0540.V07B.HDF5,True,False,8184255,abd6d3b2ad721397ce721ef3c167d2cd52bda4ea15a004cdd3091d60c5d7966d,CANONICAL_PRIMARY,Official NASA GES DISC canonical granule file
3B-HHR.MS.MRG.3IMERG.20090523-S120000-E122959.0720.V07B.HDF5,3B-HHR.MS.MRG.3IMERG.20090523-S120000-E122959.0720.V07B.HDF5,True,False,8164593,a910e2a07b725b5b2301965f29c71e9100238cf4a2246cd38d643b71b1b762f1,CANONICAL_PRIMARY,Official NASA GES DISC canonical granule file
3B-HHR.MS.MRG.3IMERG.20090904-S090000-E092959.0540.V07B.HDF5,3B-HHR.MS.MRG.3IMERG.20090904-S090000-E092959.0540.V07B.HDF5,True,False,8464263,ae541179eb24cc084fbf3819369d97305b28d38fe2575927230662930c194efb,CANONICAL_PRIMARY,Official NASA GES DISC canonical granule file
3B-HHR.MS.MRG.3IMERG.20090904-S120000-E122959.0720.V07B.HDF5,3B-HHR.MS.MRG.3IMERG.20090904-S120000-E122959.0720.V07B.HDF5,True,False,8415488,053b39730fa5196951ae13019e8da1992bc753fecbc36143eadb0db08a9c2eda,CANONICAL_PRIMARY,Official NASA GES DISC canonical granule file
3B-HHR.MS.MRG.3IMERG.20090904-S150000-E152959.0900.V07B.HDF5,3B-HHR.MS.MRG.3IMERG.20090904-S150000-E152959.0900.V07B.HDF5,True,False,8546912,910c13cc3fe638b16591e87a2ccd6c25139948b70d7501ab4939fd17652f9669,CANONICAL_PRIMARY,Official NASA GES DISC canonical granule file
3B-HHR.MS.MRG.3IMERG.20090904-S180000-E182959.1080.V07B.HDF5,3B-HHR.MS.MRG.3IMERG.20090904-S180000-E182959.1080.V07B.HDF5,True,False,8539681,4e067d999d0156ec0c4dbbecf0096aebce3ad94e66aa7e41a296609abba0c9b8,CANONICAL_PRIMARY,Official NASA GES DISC canonical granule file
3B-HHR.MS.MRG.3IMERG.20090904-S210000-E212959.1260.V07B.HDF5,3B-HHR.MS.MRG.3IMERG.20090904-S210000-E212959.1260.V07B.HDF5,True,False,8590737,2a5d0bd0fddb5131eaf86e0e5984b38ce07504186165b43690bc4b824a4b3a1e,CANONICAL_PRIMARY,Official NASA GES DISC canonical granule file
3B-HHR.MS.MRG.3IMERG.20090905-S000000-E002959.0000.V07B.HDF5,3B-HHR.MS.MRG.3IMERG.20090905-S000000-E002959.0000.V07B.HDF5,True,False,8358075,1c8b24086c9c59f28e1c3ba659207904827223b0d4f66a521b0db1d19b92898b,CANONICAL_PRIMARY,Official NASA GES DISC canonical granule file
3B-HHR.MS.MRG.3IMERG.20091108-S210000-E212959.1260.V07B.HDF5,3B-HHR.MS.MRG.3IMERG.20091108-S210000-E212959.1260.V07B.HDF5,True,False,7947517,155da1d43893858c44cff4eea628206901b35d5b38f9a891dc229bc040dc5e80,CANONICAL_PRIMARY,Official NASA GES DISC canonical granule file
3B-HHR.MS.MRG.3IMERG.20091109-S000000-E002959.0000.V07B.HDF5,3B-HHR.MS.MRG.3IMERG.20091109-S000000-E002959.0000.V07B.HDF5,True,False,7843948,508e01f4bc5a91d1a06e5b37d5864f0d63b86299bf91410d0a0eb0b5af6e62b6,CANONICAL_PRIMARY,Official NASA GES DISC canonical granule file
3B-HHR.MS.MRG.3IMERG.20091109-S030000-E032959.0180.V07B.HDF5,3B-HHR.MS.MRG.3IMERG.20091109-S030000-E032959.0180.V07B.HDF5,True,False,7796574,f22285dc42c30f3905ffaea0796e2a70f52ed97892762b3f1c5ca8cc4070884d,CANONICAL_PRIMARY,Official NASA GES DISC canonical granule file
3B-HHR.MS.MRG.3IMERG.20091109-S060000-E062959.0360.V07B.HDF5,3B-HHR.MS.MRG.3IMERG.20091109-S060000-E062959.0360.V07B.HDF5,True,False,7860013,96745b9d2a923e6e2126ef27e0cd8b25160fd173dc535877dbe40661d65da411,CANONICAL_PRIMARY,Official NASA GES DISC canonical granule file
3B-HHR.MS.MRG.3IMERG.20091109-S090000-E092959.0540.V07B.HDF5,3B-HHR.MS.MRG.3IMERG.20091109-S090000-E092959.0540.V07B.HDF5,True,False,8035772,a719fe81403af40caa34adad1400e1f8aafe47c8c82f6712d6f8073f04ac0cf3,CANONICAL_PRIMARY,Official NASA GES DISC canonical granule file
3B-HHR.MS.MRG.3IMERG.20091109-S120000-E122959.0720.V07B.HDF5,3B-HHR.MS.MRG.3IMERG.20091109-S120000-E122959.0720.V07B.HDF5,True,False,7851846,cdda3a28edeeac6dce138ebbde52e69e51bd5f557428fe302c446d59bf93e954,CANONICAL_PRIMARY,Official NASA GES DISC canonical granule file
3B-HHR.MS.MRG.3IMERG.20091109-S150000-E152959.0900.V07B.HDF5,3B-HHR.MS.MRG.3IMERG.20091109-S150000-E152959.0900.V07B.HDF5,True,False,7825592,8bc6d21dde7aa6d96d49e6de00c15a48caa23330fba845cc14eeb6aed0cdd0f0,CANONICAL_PRIMARY,Official NASA GES DISC canonical granule file
3B-HHR.MS.MRG.3IMERG.20091109-S180000-E182959.1080.V07B.HDF5,3B-HHR.MS.MRG.3IMERG.20091109-S180000-E182959.1080.V07B.HDF5,True,False,7795155,64f30fafd0a61076baf75e2de1ca2e77558af1d62f8ac6fa17ff5dd8d3acfade,CANONICAL_PRIMARY,Official NASA GES DISC canonical granule file
3B-HHR.MS.MRG.3IMERG.20091211-S090000-E092959.0540.V07B.HDF5,3B-HHR.MS.MRG.3IMERG.20091211-S090000-E092959.0540.V07B.HDF5,True,False,7607312,bd87be80629e117cc95c6fb5199af762425ec7489cfb56f82a6f70d5b83344c0,CANONICAL_PRIMARY,Official NASA GES DISC canonical granule file
3B-HHR.MS.MRG.3IMERG.20091211-S120000-E122959.0720.V07B.HDF5,3B-HHR.MS.MRG.3IMERG.20091211-S120000-E122959.0720.V07B.HDF5,True,False,7545897,b180e422cb647628afcaef18b1e51eaf88de8bb5296de6cf24391250bfeee459,CANONICAL_PRIMARY,Official NASA GES DISC canonical granule file
3B-HHR.MS.MRG.3IMERG.20091211-S150000-E152959.0900.V07B.HDF5,3B-HHR.MS.MRG.3IMERG.20091211-S150000-E152959.0900.V07B.HDF5,True,False,7495556,b5832c781a8cb68eaa99ba7452a49ac49e8d26c07dc5de0bc0cdf2a420a4f8ec,CANONICAL_PRIMARY,Official NASA GES DISC canonical granule file
3B-HHR.MS.MRG.3IMERG.20091211-S180000-E182959.1080.V07B.HDF5,3B-HHR.MS.MRG.3IMERG.20091211-S180000-E182959.1080.V07B.HDF5,True,False,7676121,211e15a097d9801e9938e008b0c0e3f36e3848db308e2834ec8004a85dbfbb0e,CANONICAL_PRIMARY,Official NASA GES DISC canonical granule file
3B-HHR.MS.MRG.3IMERG.20091211-S210000-E212959.1260.V07B.HDF5,3B-HHR.MS.MRG.3IMERG.20091211-S210000-E212959.1260.V07B.HDF5,True,False,7675973,d7e9807a8527a3793c62524c88f4f2f5d7417f59353a4c4113831449934d4d45,CANONICAL_PRIMARY,Official NASA GES DISC canonical granule file
3B-HHR.MS.MRG.3IMERG.20091212-S000000-E002959.0000.V07B.HDF5,3B-HHR.MS.MRG.3IMERG.20091212-S000000-E002959.0000.V07B.HDF5,True,False,7563412,a6b7d3ca4a3e93ae0bc1a8763424256c096faa4190a3416ac9ff8074d8d1dce9,CANONICAL_PRIMARY,Official NASA GES DISC canonical granule file
3B-HHR.MS.MRG.3IMERG.20091212-S030000-E032959.0180.V07B.HDF5,3B-HHR.MS.MRG.3IMERG.20091212-S030000-E032959.0180.V07B.HDF5,True,False,7626823,0392255caedac544379db588a8327edb05471237e179b1ab8219446c7db5e03b,CANONICAL_PRIMARY,Official NASA GES DISC canonical granule file
3B-HHR.MS.MRG.3IMERG.20091212-S060000-E062959.0360.V07B.HDF5,3B-HHR.MS.MRG.3IMERG.20091212-S060000-E062959.0360.V07B.HDF5,True,False,7611078,23a350d1a92211e6a0cf84692d9fc6d30c27035da540c833bbf972fafa7f0f6a,CANONICAL_PRIMARY,Official NASA GES DISC canonical granule file
3B-HHR.MS.MRG.3IMERG.20091212-S090000-E092959.0540.V07B.HDF5,3B-HHR.MS.MRG.3IMERG.20091212-S090000-E092959.0540.V07B.HDF5,True,False,7798404,03482b0785138b3e03fc6924d8b709795627df54d44a064c5ae5d07e8ac05f4c,CANONICAL_PRIMARY,Official NASA GES DISC canonical granule file
3B-HHR.MS.MRG.3IMERG.20091212-S120000-E122959.0720.V07B.HDF5,3B-HHR.MS.MRG.3IMERG.20091212-S120000-E122959.0720.V07B.HDF5,True,False,7642538,d85175ca7089e8ca45cd4097ebb07426e95344cf461eb3354ec08cb3587b64a7,CANONICAL_PRIMARY,Official NASA GES DISC canonical granule file
3B-HHR.MS.MRG.3IMERG.20091212-S150000-E152959.0900.V07B.HDF5,3B-HHR.MS.MRG.3IMERG.20091212-S150000-E152959.0900.V07B.HDF5,True,False,7608396,064513994b4f94d4c0e782e63db44af5f127868f750c19a113fb43f902aeccf2,CANONICAL_PRIMARY,Official NASA GES DISC canonical granule file
3B-HHR.MS.MRG.3IMERG.20091212-S180000-E182959.1080.V07B.HDF5,3B-HHR.MS.MRG.3IMERG.20091212-S180000-E182959.1080.V07B.HDF5,True,False,7689824,561889e620282d2faa31f6f6bf9c890324d7c212041458ae1757dc01bd3da4b8,CANONICAL_PRIMARY,Official NASA GES DISC canonical granule file
3B-HHR.MS.MRG.3IMERG.20091212-S210000-E212959.1260.V07B.HDF5,3B-HHR.MS.MRG.3IMERG.20091212-S210000-E212959.1260.V07B.HDF5,True,False,7688757,4dc03c68e69df67eff3f121b3f11c02f97f8531febe29f50fae66b1ed3dc02a8,CANONICAL_PRIMARY,Official NASA GES DISC canonical granule file
3B-HHR.MS.MRG.3IMERG.20091213-S000000-E002959.0000.V07B.HDF5,3B-HHR.MS.MRG.3IMERG.20091213-S000000-E002959.0000.V07B.HDF5,True,False,7718141,98491aaabc1d717981352664b6deb2467e2df74cb525a2f489a4e8655f0a4964,CANONICAL_PRIMARY,Official NASA GES DISC canonical granule file
3B-HHR.MS.MRG.3IMERG.20100516-S150000-E152959.0900.V07B.HDF5,3B-HHR.MS.MRG.3IMERG.20100516-S150000-E152959.0900.V07B.HDF5,True,False,8536339,640263291ed4bbbae6e3bb7fed644eb54fbe68bd024bd2ac0ae718f3e35b98ee,CANONICAL_PRIMARY,Official NASA GES DISC canonical granule file
3B-HHR.MS.MRG.3IMERG.20100516-S180000-E182959.1080.V07B.HDF5,3B-HHR.MS.MRG.3IMERG.20100516-S180000-E182959.1080.V07B.HDF5,True,False,8484184,2ba153bab726745ce796c2c88264d5db755962cf79e6d3d269207d4eadb98bed,CANONICAL_PRIMARY,Official NASA GES DISC canonical granule file
3B-HHR.MS.MRG.3IMERG.20100516-S210000-E212959.1260.V07B.HDF5,3B-HHR.MS.MRG.3IMERG.20100516-S210000-E212959.1260.V07B.HDF5,True,False,8485310,a50514e9926ab9897a672a4e479c3a545f7b3d407d6097a5b1d504b5b5fa7ae3,CANONICAL_PRIMARY,Official NASA GES DISC canonical granule file
3B-HHR.MS.MRG.3IMERG.20100517-S000000-E002959.0000.V07B.HDF5,3B-HHR.MS.MRG.3IMERG.20100517-S000000-E002959.0000.V07B.HDF5,True,False,8225077,928f1ef2e84a560dc031168d2162ae0f5b8fb925c72f617c5cf2440ece498f40,CANONICAL_PRIMARY,Official NASA GES DISC canonical granule file
3B-HHR.MS.MRG.3IMERG.20100517-S030000-E032959.0180.V07B.HDF5,3B-HHR.MS.MRG.3IMERG.20100517-S030000-E032959.0180.V07B.HDF5,True,False,8083347,56deecf7b2a8be7e45080362e2c550df7dd0a49f8538f2f9ef44bc85bd61d268,CANONICAL_PRIMARY,Official NASA GES DISC canonical granule file
3B-HHR.MS.MRG.3IMERG.20100517-S060000-E062959.0360.V07B.HDF5,3B-HHR.MS.MRG.3IMERG.20100517-S060000-E062959.0360.V07B.HDF5,True,False,8143651,97321cf5b5e6fa0618257e4fd9fd8f9d5ee53be564ebab68b6d320e0629893d3,CANONICAL_PRIMARY,Official NASA GES DISC canonical granule file
3B-HHR.MS.MRG.3IMERG.20100518-S180000-E182959.1080.V07B.HDF5,3B-HHR.MS.MRG.3IMERG.20100518-S180000-E182959.1080.V07B.HDF5,True,False,8182582,1f5a18f615423b8a33479bb5e07b97e962f10afbdfecb2247bcb2159006d501b,CANONICAL_PRIMARY,Official NASA GES DISC canonical granule file
3B-HHR.MS.MRG.3IMERG.20100518-S210000-E212959.1260.V07B.HDF5,3B-HHR.MS.MRG.3IMERG.20100518-S210000-E212959.1260.V07B.HDF5,True,False,8226996,a38f5fb856a1652f2a895d5bcc10a970f6791ef628bc820d01113ed4f2f094f5,CANONICAL_PRIMARY,Official NASA GES DISC canonical granule file
3B-HHR.MS.MRG.3IMERG.20100519-S000000-E002959.0000.V07B.HDF5,3B-HHR.MS.MRG.3IMERG.20100519-S000000-E002959.0000.V07B.HDF5,True,False,8208431,4edb62fe69347df7ac33a0d1f5cae871783b58e1e6ab815651dfdb849b34845c,CANONICAL_PRIMARY,Official NASA GES DISC canonical granule file
3B-HHR.MS.MRG.3IMERG.20100519-S030000-E032959.0180.V07B.HDF5,3B-HHR.MS.MRG.3IMERG.20100519-S030000-E032959.0180.V07B.HDF5,True,False,7993467,1bd5f745f928c81ad9c5780c23a0bbeca330a266fa2f3c2e5744071ab94febfa,CANONICAL_PRIMARY,Official NASA GES DISC canonical granule file
3B-HHR.MS.MRG.3IMERG.20100519-S060000-E062959.0360.V07B.HDF5,3B-HHR.MS.MRG.3IMERG.20100519-S060000-E062959.0360.V07B.HDF5,True,False,8023997,350fb6dd8e3d21ee460d0b7fb1cbe153aab050e3d4e09844030bb0217d57d71f,CANONICAL_PRIMARY,Official NASA GES DISC canonical granule file
3B-HHR.MS.MRG.3IMERG.20100519-S090000-E092959.0540.V07B.HDF5,3B-HHR.MS.MRG.3IMERG.20100519-S090000-E092959.0540.V07B.HDF5,True,False,8201404,4fa96b32336663dd24b80029d36de34668b2d1cd015e1a2ce67a9fd6a62ef955,CANONICAL_PRIMARY,Official NASA GES DISC canonical granule file
3B-HHR.MS.MRG.3IMERG.20100519-S120000-E122959.0720.V07B.HDF5,3B-HHR.MS.MRG.3IMERG.20100519-S120000-E122959.0720.V07B.HDF5,True,False,8410958,774cfbdaa8c47a77aeeaa6ac2d4d4b6ca491dce1014fc0e775bf196369b65ce4,CANONICAL_PRIMARY,Official NASA GES DISC canonical granule file
3B-HHR.MS.MRG.3IMERG.20100519-S150000-E152959.0900.V07B.HDF5,3B-HHR.MS.MRG.3IMERG.20100519-S150000-E152959.0900.V07B.HDF5,True,False,8491098,e784ab581f0c9a24b34690d94a51e40463e0cbd07e42551b8e31cc06f0d9a32e,CANONICAL_PRIMARY,Official NASA GES DISC canonical granule file
3B-HHR.MS.MRG.3IMERG.20100519-S180000-E182959.1080.V07B.HDF5,3B-HHR.MS.MRG.3IMERG.20100519-S180000-E182959.1080.V07B.HDF5,True,False,8404401,c70032b2ef9744d7f71b04971f084946fd6c08a4a6a3b9a25a279d5957680d49,CANONICAL_PRIMARY,Official NASA GES DISC canonical granule file
3B-HHR.MS.MRG.3IMERG.20100519-S210000-E212959.1260.V07B.HDF5,3B-HHR.MS.MRG.3IMERG.20100519-S210000-E212959.1260.V07B.HDF5,True,False,8320425,c4eb8d944fc9fda8d6137c05852ba5de6241feeb4e90150bd41fef214aa60f32,CANONICAL_PRIMARY,Official NASA GES DISC canonical granule file
3B-HHR.MS.MRG.3IMERG.20100520-S000000-E002959.0000.V07B.HDF5,3B-HHR.MS.MRG.3IMERG.20100520-S000000-E002959.0000.V07B.HDF5,True,False,8252211,8918ed247e85f95701bc1adca59f2e05cffacdab01df757993d9cc15131edd1b,CANONICAL_PRIMARY,Official NASA GES DISC canonical granule file
3B-HHR.MS.MRG.3IMERG.20100520-S030000-E032959.0180.V07B.HDF5,3B-HHR.MS.MRG.3IMERG.20100520-S030000-E032959.0180.V07B.HDF5,True,False,8043135,89823488ad0b84509b05f829f24de1d049049dc4c91afa44089106e197e99079,CANONICAL_PRIMARY,Official NASA GES DISC canonical granule file
3B-HHR.MS.MRG.3IMERG.20100520-S060000-E062959.0360.V07B.HDF5,3B-HHR.MS.MRG.3IMERG.20100520-S060000-E062959.0360.V07B.HDF5,True,False,7869062,195d2535d6d80a6743f5892bcb29a6066ba640497b0aa0f3904480d05ed75bf9,CANONICAL_PRIMARY,Official NASA GES DISC canonical granule file
3B-HHR.MS.MRG.3IMERG.20100520-S090000-E092959.0540.V07B.HDF5,3B-HHR.MS.MRG.3IMERG.20100520-S090000-E092959.0540.V07B.HDF5,True,False,8117378,38bf06d32ae6409fb9d40ef34670b790eff0519c44cfdfa15b1c1701b7efdbed,CANONICAL_PRIMARY,Official NASA GES DISC canonical granule file
3B-HHR.MS.MRG.3IMERG.20100520-S120000-E122959.0720.V07B.HDF5,3B-HHR.MS.MRG.3IMERG.20100520-S120000-E122959.0720.V07B.HDF5,True,False,8254565,043881eb6d49a5688ef9793f92c3660cb26cf8ab27708ece833cf9ac0e267922,CANONICAL_PRIMARY,Official NASA GES DISC canonical granule file
3B-HHR.MS.MRG.3IMERG.20100520-S150000-E152959.0900.V07B.HDF5,3B-HHR.MS.MRG.3IMERG.20100520-S150000-E152959.0900.V07B.HDF5,True,False,8234279,eeaf85ff6e5804899181deb8827ca39c76b4933123e9e163370d92e27bf22bbb,CANONICAL_PRIMARY,Official NASA GES DISC canonical granule file
3B-HHR.MS.MRG.3IMERG.20100520-S180000-E182959.1080.V07B.HDF5,3B-HHR.MS.MRG.3IMERG.20100520-S180000-E182959.1080.V07B.HDF5,True,False,8130328,87a1b2c26c8dffe694232eec86d12be78863166480c04462f1a69d119f555c65,CANONICAL_PRIMARY,Official NASA GES DISC canonical granule file
3B-HHR.MS.MRG.3IMERG.20100530-S150000-E152959.0900.V07B.HDF5,3B-HHR.MS.MRG.3IMERG.20100530-S150000-E152959.0900.V07B.HDF5,True,False,8664436,e173b32bf2346d41b9c678e70a32575102ff40e2a60cad453fbd32b8cd029b82,CANONICAL_PRIMARY,Official NASA GES DISC canonical granule file
3B-HHR.MS.MRG.3IMERG.20100530-S180000-E182959.1080.V07B.HDF5,3B-HHR.MS.MRG.3IMERG.20100530-S180000-E182959.1080.V07B.HDF5,True,False,8560547,df36916e611e32197988302adf85aee5bfcf3b25ee5f51d8dfe570e0bc937841,CANONICAL_PRIMARY,Official NASA GES DISC canonical granule file
3B-HHR.MS.MRG.3IMERG.20100530-S210000-E212959.1260.V07B.HDF5,3B-HHR.MS.MRG.3IMERG.20100530-S210000-E212959.1260.V07B.HDF5,True,False,8620504,bc658ac0894cb0755c87025e88de6c0514ce114270ed591f5cb34c1b21323aaa,CANONICAL_PRIMARY,Official NASA GES DISC canonical granule file
3B-HHR.MS.MRG.3IMERG.20100531-S000000-E002959.0000.V07B.HDF5,3B-HHR.MS.MRG.3IMERG.20100531-S000000-E002959.0000.V07B.HDF5,True,False,8313806,359aaea5c6a30b7ce6381b11b6f3f8187c568986e407c6dc5e50cdf4f1043e4b,CANONICAL_PRIMARY,Official NASA GES DISC canonical granule file
3B-HHR.MS.MRG.3IMERG.20100531-S030000-E032959.0180.V07B.HDF5,3B-HHR.MS.MRG.3IMERG.20100531-S030000-E032959.0180.V07B.HDF5,True,False,8199096,c0a5486a2f76515b4feaa3988310e30449c7585741ff569441a578820fea1b2d,CANONICAL_PRIMARY,Official NASA GES DISC canonical granule file
3B-HHR.MS.MRG.3IMERG.20100531-S060000-E062959.0360.V07B.HDF5,3B-HHR.MS.MRG.3IMERG.20100531-S060000-E062959.0360.V07B.HDF5,True,False,8311739,7639c0b3cc46403f67b45e8f365dd102b41b45c815d407289019829070b5ed53,CANONICAL_PRIMARY,Official NASA GES DISC canonical granule file
3B-HHR.MS.MRG.3IMERG.20100531-S090000-E092959.0540.V07B.HDF5,3B-HHR.MS.MRG.3IMERG.20100531-S090000-E092959.0540.V07B.HDF5,True,False,8410789,bed3c43804574e0cf7aabcd03772aaed677a2f6724ac073e6fc4ec3e462fef55,CANONICAL_PRIMARY,Official NASA GES DISC canonical granule file
3B-HHR.MS.MRG.3IMERG.20100531-S120000-E122959.0720.V07B.HDF5,3B-HHR.MS.MRG.3IMERG.20100531-S120000-E122959.0720.V07B.HDF5,True,False,8621691,20c69ed3869f3406e3a4d0f74c7ce9ca26fcf58c8f473b537b5b73dc7a6c23cb,CANONICAL_PRIMARY,Official NASA GES DISC canonical granule file
3B-HHR.MS.MRG.3IMERG.20100531-S150000-E152959.0900.V07B.HDF5,3B-HHR.MS.MRG.3IMERG.20100531-S150000-E152959.0900.V07B.HDF5,True,False,8493148,4dbcb943a26a12e5e02fc91dddc57bc1b5398b8f9d2b65ddfc0247d4c966a494,CANONICAL_PRIMARY,Official NASA GES DISC canonical granule file
3B-HHR.MS.MRG.3IMERG.20100531-S180000-E182959.1080.V07B.HDF5,3B-HHR.MS.MRG.3IMERG.20100531-S180000-E182959.1080.V07B.HDF5,True,False,8465085,a50875686cd446efc865900322edc409aa57bf9b9fa129d215b503855459747b,CANONICAL_PRIMARY,Official NASA GES DISC canonical granule file
3B-HHR.MS.MRG.3IMERG.20100531-S210000-E212959.1260.V07B.HDF5,3B-HHR.MS.MRG.3IMERG.20100531-S210000-E212959.1260.V07B.HDF5,True,False,8384114,5533cf8809a93856e8044bb58c421316c48ffbe38ee9e9acdc6da4fdcb60df73,CANONICAL_PRIMARY,Official NASA GES DISC canonical granule file
3B-HHR.MS.MRG.3IMERG.20100601-S000000-E002959.0000.V07B.HDF5,3B-HHR.MS.MRG.3IMERG.20100601-S000000-E002959.0000.V07B.HDF5,True,False,8132483,23bba03400c5480d06635c3c1a018244ce5720e6308569f84c8562d959194f64,CANONICAL_PRIMARY,Official NASA GES DISC canonical granule file
3B-HHR.MS.MRG.3IMERG.20100601-S030000-E032959.0180.V07B.HDF5,3B-HHR.MS.MRG.3IMERG.20100601-S030000-E032959.0180.V07B.HDF5,True,False,8115515,deabbae6f2b7e56b08d0f8e2db7f28b9a51f6648a8aec76c8dc53897b309f324,CANONICAL_PRIMARY,Official NASA GES DISC canonical granule file
3B-HHR.MS.MRG.3IMERG.20100601-S060000-E062959.0360.V07B.HDF5,3B-HHR.MS.MRG.3IMERG.20100601-S060000-E062959.0360.V07B.HDF5,True,False,7971763,40d1cde3cfdf23c80a435f15e243e9c181610cc27313e276546fcf3a403453ec,CANONICAL_PRIMARY,Official NASA GES DISC canonical granule file
3B-HHR.MS.MRG.3IMERG.20101012-S150000-E152959.0900.V07B.HDF5,3B-HHR.MS.MRG.3IMERG.20101012-S150000-E152959.0900.V07B.HDF5,True,False,7622833,c4f2f3000e88772f58b4098924d8c62aa7014bcd158a12bcbdbb29f874faf4fa,CANONICAL_PRIMARY,Official NASA GES DISC canonical granule file
3B-HHR.MS.MRG.3IMERG.20101012-S180000-E182959.1080.V07B.HDF5,3B-HHR.MS.MRG.3IMERG.20101012-S180000-E182959.1080.V07B.HDF5,True,False,7704807,72e4e97a63b3af053b196bc45b1e8759bee7eaafa7e8b8cf512ea3fc538d4fb9,CANONICAL_PRIMARY,Official NASA GES DISC canonical granule file
3B-HHR.MS.MRG.3IMERG.20101012-S210000-E212959.1260.V07B.HDF5,3B-HHR.MS.MRG.3IMERG.20101012-S210000-E212959.1260.V07B.HDF5,True,False,7700600,2fc9ec4835e2122d667bd7babfffaae38b3d058ed70047cb4ff1d0c94a8b7eb8,CANONICAL_PRIMARY,Official NASA GES DISC canonical granule file
3B-HHR.MS.MRG.3IMERG.20101013-S000000-E002959.0000.V07B.HDF5,3B-HHR.MS.MRG.3IMERG.20101013-S000000-E002959.0000.V07B.HDF5,True,False,7578808,d4c7dbde5af94f920049dc38063ee5f783aa8c50111285a73e7ce63f1efb2fca,CANONICAL_PRIMARY,Official NASA GES DISC canonical granule file
3B-HHR.MS.MRG.3IMERG.20101013-S030000-E032959.0180.V07B.HDF5,3B-HHR.MS.MRG.3IMERG.20101013-S030000-E032959.0180.V07B.HDF5,True,False,7348048,c8b0f213bf0b038d5111cb304a41687a91e854dc43faac35f622012d89c45c75,CANONICAL_PRIMARY,Official NASA GES DISC canonical granule file
3B-HHR.MS.MRG.3IMERG.20101013-S060000-E062959.0360.V07B.HDF5,3B-HHR.MS.MRG.3IMERG.20101013-S060000-E062959.0360.V07B.HDF5,True,False,7343177,52ea9e39c8ae0532b67d0751f225e15bb0f955e5d3c795b701e62682393905ab,CANONICAL_PRIMARY,Official NASA GES DISC canonical granule file
3B-HHR.MS.MRG.3IMERG.20101013-S090000-E092959.0540.V07B.HDF5,3B-HHR.MS.MRG.3IMERG.20101013-S090000-E092959.0540.V07B.HDF5,True,False,7248433,4563a8e9cbc39d5ae7d243439070bb19ec52a4a72b9d3f54dbb23e35c0250e3c,CANONICAL_PRIMARY,Official NASA GES DISC canonical granule file
3B-HHR.MS.MRG.3IMERG.20101013-S120000-E122959.0720.V07B.HDF5,3B-HHR.MS.MRG.3IMERG.20101013-S120000-E122959.0720.V07B.HDF5,True,False,7347280,75a1ed6b00598a1161c0233e6e7ecaac1d728911c3f29e8bc13399f19e60b719,CANONICAL_PRIMARY,Official NASA GES DISC canonical granule file
3B-HHR.MS.MRG.3IMERG.20101013-S150000-E152959.0900.V07B.HDF5,3B-HHR.MS.MRG.3IMERG.20101013-S150000-E152959.0900.V07B.HDF5,True,False,7382033,99224e8b830b8a78f72b78dc5ef7681b97219ad7b1e8936f6595a7608fbfd7a5,CANONICAL_PRIMARY,Official NASA GES DISC canonical granule file
3B-HHR.MS.MRG.3IMERG.20101013-S180000-E182959.1080.V07B.HDF5,3B-HHR.MS.MRG.3IMERG.20101013-S180000-E182959.1080.V07B.HDF5,True,False,7568106,d4fd9e2e98823a7b34c44a00278c59e175213bdd59f75d9ce59a47d9372694e8,CANONICAL_PRIMARY,Official NASA GES DISC canonical granule file
3B-HHR.MS.MRG.3IMERG.20101013-S210000-E212959.1260.V07B.HDF5,3B-HHR.MS.MRG.3IMERG.20101013-S210000-E212959.1260.V07B.HDF5,True,False,7524042,93fa878d346caeb180f790ca771ae7bfed45e66696225edcbe5331e72593dcdb,CANONICAL_PRIMARY,Official NASA GES DISC canonical granule file
3B-HHR.MS.MRG.3IMERG.20101014-S000000-E002959.0000.V07B.HDF5,3B-HHR.MS.MRG.3IMERG.20101014-S000000-E002959.0000.V07B.HDF5,True,False,7456566,c48b20eded2e15ca293a0526f4a4c0c60fb6525270528c1be56d73e90a320d26,CANONICAL_PRIMARY,Official NASA GES DISC canonical granule file
3B-HHR.MS.MRG.3IMERG.20101019-S210000-E212959.1260.V07B.HDF5,3B-HHR.MS.MRG.3IMERG.20101019-S210000-E212959.1260.V07B.HDF5,True,False,7939155,83c3a3850cc3c85030ee65fd8a213a0faa2bfdd7a0d7a0bf27ca38a2494e9690,CANONICAL_PRIMARY,Official NASA GES DISC canonical granule file
3B-HHR.MS.MRG.3IMERG.20101020-S000000-E002959.0000.V07B.HDF5,3B-HHR.MS.MRG.3IMERG.20101020-S000000-E002959.0000.V07B.HDF5,True,False,7642058,28f5c420fc45810f0329d5b1714331c6070be036c1bc27c18d9ed90d76f2bdea,CANONICAL_PRIMARY,Official NASA GES DISC canonical granule file
3B-HHR.MS.MRG.3IMERG.20101020-S030000-E032959.0180.V07B.HDF5,3B-HHR.MS.MRG.3IMERG.20101020-S030000-E032959.0180.V07B.HDF5,True,False,7691508,575f7742a6252f0b10eb6c788c460015d271eb21c2ca6470e02454646ea7afc8,CANONICAL_PRIMARY,Official NASA GES DISC canonical granule file
3B-HHR.MS.MRG.3IMERG.20101020-S060000-E062959.0360.V07B.HDF5,3B-HHR.MS.MRG.3IMERG.20101020-S060000-E062959.0360.V07B.HDF5,True,False,7711366,3f40c62b2b24a80b525877b51607d4b6f89de9a0a1f1b7e7e4e5e4b234c5c250,CANONICAL_PRIMARY,Official NASA GES DISC canonical granule file
3B-HHR.MS.MRG.3IMERG.20101020-S090000-E092959.0540.V07B.HDF5,3B-HHR.MS.MRG.3IMERG.20101020-S090000-E092959.0540.V07B.HDF5,True,False,7663040,6910b31d22413bae9037079f25132a285423d9c01bae15f9c2e173198416de4b,CANONICAL_PRIMARY,Official NASA GES DISC canonical granule file
3B-HHR.MS.MRG.3IMERG.20101020-S120000-E122959.0720.V07B.HDF5,3B-HHR.MS.MRG.3IMERG.20101020-S120000-E122959.0720.V07B.HDF5,True,False,7793955,8ecfb7f95f85c98bf3a28280bc015b628437b6acfdb90e8dfd17780cf36bbca2,CANONICAL_PRIMARY,Official NASA GES DISC canonical granule file
3B-HHR.MS.MRG.3IMERG.20101020-S150000-E152959.0900.V07B.HDF5,3B-HHR.MS.MRG.3IMERG.20101020-S150000-E152959.0900.V07B.HDF5,True,False,7881391,29d2f0407e2e934a2f72e41f9c91bfc3d805fea859252daf354f6c6547158dcc,CANONICAL_PRIMARY,Official NASA GES DISC canonical granule file
3B-HHR.MS.MRG.3IMERG.20101020-S180000-E182959.1080.V07B.HDF5,3B-HHR.MS.MRG.3IMERG.20101020-S180000-E182959.1080.V07B.HDF5,True,False,7856186,5bf6ea8affb1d55aa7856172cf0535e81205541beb454130b6e6beb8a074057d,CANONICAL_PRIMARY,Official NASA GES DISC canonical granule file
3B-HHR.MS.MRG.3IMERG.20101020-S210000-E212959.1260.V07B.HDF5,3B-HHR.MS.MRG.3IMERG.20101020-S210000-E212959.1260.V07B.HDF5,True,False,7910418,e4b21899ba8385ca7488b1cb31233e73dd04372fbc0a8e7bfc7ae697dda2e748,CANONICAL_PRIMARY,Official NASA GES DISC canonical granule file
3B-HHR.MS.MRG.3IMERG.20101021-S000000-E002959.0000.V07B.HDF5,3B-HHR.MS.MRG.3IMERG.20101021-S000000-E002959.0000.V07B.HDF5,True,False,7809730,2e2031bc59de378f6b23f1a187ce1ae247ebe4222342e6589e9ceaa4d79ab19f,CANONICAL_PRIMARY,Official NASA GES DISC canonical granule file
3B-HHR.MS.MRG.3IMERG.20101021-S030000-E032959.0180.V07B.HDF5,3B-HHR.MS.MRG.3IMERG.20101021-S030000-E032959.0180.V07B.HDF5,True,False,7763606,a261de5d2c7e26901a2c04209fd50463ab20e2e4f2d76752607401e66d0fdb44,CANONICAL_PRIMARY,Official NASA GES DISC canonical granule file
3B-HHR.MS.MRG.3IMERG.20101021-S060000-E062959.0360.V07B.HDF5,3B-HHR.MS.MRG.3IMERG.20101021-S060000-E062959.0360.V07B.HDF5,True,False,7586384,18f8888fc41a7c5b04ad9a35d36b71604902aa1322f4f550ffddcebf4fd174a2,CANONICAL_PRIMARY,Official NASA GES DISC canonical granule file
3B-HHR.MS.MRG.3IMERG.20101103-S090000-E092959.0540.V07B.HDF5,3B-HHR.MS.MRG.3IMERG.20101103-S090000-E092959.0540.V07B.HDF5,True,False,7776438,a4da558a81db126d2f202f2038ad399d464dc89f6e6f4d59e34579528a8b49bb,CANONICAL_PRIMARY,Official NASA GES DISC canonical granule file
3B-HHR.MS.MRG.3IMERG.20101103-S120000-E122959.0720.V07B.HDF5,3B-HHR.MS.MRG.3IMERG.20101103-S120000-E122959.0720.V07B.HDF5,True,False,7766023,2bbdd340a01489ba0a27c3694bf546dc18fde40a05ab803c7dde54f80e8600d9,CANONICAL_PRIMARY,Official NASA GES DISC canonical granule file
3B-HHR.MS.MRG.3IMERG.20101103-S150000-E152959.0900.V07B.HDF5,3B-HHR.MS.MRG.3IMERG.20101103-S150000-E152959.0900.V07B.HDF5,True,False,7742839,566316ea67f00b5c67eca32779ba606dace1653147ffc5ff0a1fce95e1d067f5,CANONICAL_PRIMARY,Official NASA GES DISC canonical granule file
3B-HHR.MS.MRG.3IMERG.20101103-S180000-E182959.1080.V07B.HDF5,3B-HHR.MS.MRG.3IMERG.20101103-S180000-E182959.1080.V07B.HDF5,True,False,7756712,f5ce1bdd4d521534434f79cc0bccea927ceb20f8422d57dff9e362bec2d68a4d,CANONICAL_PRIMARY,Official NASA GES DISC canonical granule file
3B-HHR.MS.MRG.3IMERG.20101103-S210000-E212959.1260.V07B.HDF5,3B-HHR.MS.MRG.3IMERG.20101103-S210000-E212959.1260.V07B.HDF5,True,False,7656316,465be9e1c73224ddabd3d261ec0a5b935d9b248c88b6301a93fc1e8bdba36a7a,CANONICAL_PRIMARY,Official NASA GES DISC canonical granule file
3B-HHR.MS.MRG.3IMERG.20101104-S000000-E002959.0000.V07B.HDF5,3B-HHR.MS.MRG.3IMERG.20101104-S000000-E002959.0000.V07B.HDF5,True,False,7547264,675770318f8555e02e90168a96387c76e1efe23ba896e047e783a263fb8ffe2f,CANONICAL_PRIMARY,Official NASA GES DISC canonical granule file
3B-HHR.MS.MRG.3IMERG.20101104-S030000-E032959.0180.V07B.HDF5,3B-HHR.MS.MRG.3IMERG.20101104-S030000-E032959.0180.V07B.HDF5,True,False,7768180,d0ab1c42bf749a645fa26916f269a1cfbd99657f3e17d4dac3383742106b23e8,CANONICAL_PRIMARY,Official NASA GES DISC canonical granule file
3B-HHR.MS.MRG.3IMERG.20101104-S060000-E062959.0360.V07B.HDF5,3B-HHR.MS.MRG.3IMERG.20101104-S060000-E062959.0360.V07B.HDF5,True,False,7701035,b862f052f18e3db0cf343a820b48a186db42418fc9214e5550e81c11ac29fe6f,CANONICAL_PRIMARY,Official NASA GES DISC canonical granule file
3B-HHR.MS.MRG.3IMERG.20101104-S090000-E092959.0540.V07B.HDF5,3B-HHR.MS.MRG.3IMERG.20101104-S090000-E092959.0540.V07B.HDF5,True,False,7761049,c1a8f11e39c67b449f70834312d09cf64d20a21fe094937543d17d680753616a,CANONICAL_PRIMARY,Official NASA GES DISC canonical granule file
3B-HHR.MS.MRG.3IMERG.20101104-S120000-E122959.0720.V07B.HDF5,3B-HHR.MS.MRG.3IMERG.20101104-S120000-E122959.0720.V07B.HDF5,True,False,7743134,511502ed534c08687b9306d5038c680c6bd3e636b8adabfb0de28912e45fbb0b,CANONICAL_PRIMARY,Official NASA GES DISC canonical granule file
3B-HHR.MS.MRG.3IMERG.20101104-S150000-E152959.0900.V07B.HDF5,3B-HHR.MS.MRG.3IMERG.20101104-S150000-E152959.0900.V07B.HDF5,True,False,7945638,36e4fe5322bb317188d96cd94897388980fecf7625bb196d6409e6fc018bde8e,CANONICAL_PRIMARY,Official NASA GES DISC canonical granule file
3B-HHR.MS.MRG.3IMERG.20101104-S180000-E182959.1080.V07B.HDF5,3B-HHR.MS.MRG.3IMERG.20101104-S180000-E182959.1080.V07B.HDF5,True,False,7960152,791793af0b34277edd6c03dd3616c80898b83744e1d7f800f41d75a60b1933f4,CANONICAL_PRIMARY,Official NASA GES DISC canonical granule file
3B-HHR.MS.MRG.3IMERG.20101104-S210000-E212959.1260.V07B.HDF5,3B-HHR.MS.MRG.3IMERG.20101104-S210000-E212959.1260.V07B.HDF5,True,False,8014579,09c4a2ec44b7d0d3614731f6ac85c85c78e4163ed24291e24db0ee22b7242d7d,CANONICAL_PRIMARY,Official NASA GES DISC canonical granule file
3B-HHR.MS.MRG.3IMERG.20101105-S000000-E002959.0000.V07B.HDF5,3B-HHR.MS.MRG.3IMERG.20101105-S000000-E002959.0000.V07B.HDF5,True,False,7822242,1b88f6ca598a720d23fedfdf9191de15d5c458dba50bc343fff5dc2d41956e17,CANONICAL_PRIMARY,Official NASA GES DISC canonical granule file
3B-HHR.MS.MRG.3IMERG.20101105-S030000-E032959.0180.V07B.HDF5,3B-HHR.MS.MRG.3IMERG.20101105-S030000-E032959.0180.V07B.HDF5,True,False,7973363,993d2b515887f95273619af0f9afd13001692687e0db2d618115d744248f55b1,CANONICAL_PRIMARY,Official NASA GES DISC canonical granule file
3B-HHR.MS.MRG.3IMERG.20101105-S060000-E062959.0360.V07B.HDF5,3B-HHR.MS.MRG.3IMERG.20101105-S060000-E062959.0360.V07B.HDF5,True,False,7973436,64ecf4a5a770703fd7ed32f42653538a5015b966b26a6fcf56d84da4dd50be68,CANONICAL_PRIMARY,Official NASA GES DISC canonical granule file
3B-HHR.MS.MRG.3IMERG.20101105-S090000-E092959.0540.V07B.HDF5,3B-HHR.MS.MRG.3IMERG.20101105-S090000-E092959.0540.V07B.HDF5,True,False,8031177,40bee5dbac62c16b3922b7f4871f92626842550361e3566c48b16e85bc379634,CANONICAL_PRIMARY,Official NASA GES DISC canonical granule file
3B-HHR.MS.MRG.3IMERG.20101105-S120000-E122959.0720.V07B.HDF5,3B-HHR.MS.MRG.3IMERG.20101105-S120000-E122959.0720.V07B.HDF5,True,False,7939650,2905e3930855422a751f530819db6ef3136948e0a59d899b2dc457216e2fee8c,CANONICAL_PRIMARY,Official NASA GES DISC canonical granule file
3B-HHR.MS.MRG.3IMERG.20101105-S150000-E152959.0900.V07B.HDF5,3B-HHR.MS.MRG.3IMERG.20101105-S150000-E152959.0900.V07B.HDF5,True,False,8088637,40f9201c6bb9a44d6ae2c3f9728604e13c1c82b3006cfd28540110bfeff73faf,CANONICAL_PRIMARY,Official NASA GES DISC canonical granule file
3B-HHR.MS.MRG.3IMERG.20101105-S180000-E182959.1080.V07B.HDF5,3B-HHR.MS.MRG.3IMERG.20101105-S180000-E182959.1080.V07B.HDF5,True,False,8102663,f596adccaf7e37b27cdfd05b09c89d6ebee47e38223dfccdd3c6ad4b37de9f4a,CANONICAL_PRIMARY,Official NASA GES DISC canonical granule file
3B-HHR.MS.MRG.3IMERG.20101105-S210000-E212959.1260.V07B.HDF5,3B-HHR.MS.MRG.3IMERG.20101105-S210000-E212959.1260.V07B.HDF5,True,False,8078102,6d0ce625447ffe682d44368f029f5ae82a5290e89ab44ee422d07362d808e3f0,CANONICAL_PRIMARY,Official NASA GES DISC canonical granule file
3B-HHR.MS.MRG.3IMERG.20101106-S000000-E002959.0000.V07B.HDF5,3B-HHR.MS.MRG.3IMERG.20101106-S000000-E002959.0000.V07B.HDF5,True,False,7870358,eb0c50745d49cd84207987021d1d0a94ac6dba5606640c753caed2018ff01d7b,CANONICAL_PRIMARY,Official NASA GES DISC canonical granule file
3B-HHR.MS.MRG.3IMERG.20101106-S030000-E032959.0180.V07B.HDF5,3B-HHR.MS.MRG.3IMERG.20101106-S030000-E032959.0180.V07B.HDF5,True,False,8026908,28fda207c7794b6cd3392108a08e3c1f0e1b1c410ad3bbb88f1b27c12893801d,CANONICAL_PRIMARY,Official NASA GES DISC canonical granule file
3B-HHR.MS.MRG.3IMERG.20110615-S150000-E152959.0900.V07B.HDF5,3B-HHR.MS.MRG.3IMERG.20110615-S150000-E152959.0900.V07B.HDF5,True,False,8250875,b7b7da7e2dd53560480761f439731e3a6b3a378e37d0a915f17136717efb2b09,CANONICAL_PRIMARY,Official NASA GES DISC canonical granule file
3B-HHR.MS.MRG.3IMERG.20110615-S180000-E182959.1080.V07B.HDF5,3B-HHR.MS.MRG.3IMERG.20110615-S180000-E182959.1080.V07B.HDF5,True,False,7983434,2069f160a37bc92092a80d57157b3a84262038c024e672f2d5411ce7a7f99de2,CANONICAL_PRIMARY,Official NASA GES DISC canonical granule file
3B-HHR.MS.MRG.3IMERG.20110615-S210000-E212959.1260.V07B.HDF5,3B-HHR.MS.MRG.3IMERG.20110615-S210000-E212959.1260.V07B.HDF5,True,False,8015331,7f3273346da76e7ccdd0042032cabfc2288cd58adfdef8682fca457d1f5126d9,CANONICAL_PRIMARY,Official NASA GES DISC canonical granule file
3B-HHR.MS.MRG.3IMERG.20110616-S000000-E002959.0000.V07B.HDF5,3B-HHR.MS.MRG.3IMERG.20110616-S000000-E002959.0000.V07B.HDF5,True,False,7956855,305ec64e0952a53d105cacd51d257b838a75a336d86fa76347af4ee0b44142a0,CANONICAL_PRIMARY,Official NASA GES DISC canonical granule file
3B-HHR.MS.MRG.3IMERG.20110616-S030000-E032959.0180.V07B.HDF5,3B-HHR.MS.MRG.3IMERG.20110616-S030000-E032959.0180.V07B.HDF5,True,False,7934884,a3cf885cac315bf77fb1ae4f3689fadbc06478916dfe6584f3e7c4ba8389a655,CANONICAL_PRIMARY,Official NASA GES DISC canonical granule file
3B-HHR.MS.MRG.3IMERG.20110616-S060000-E062959.0360.V07B.HDF5,3B-HHR.MS.MRG.3IMERG.20110616-S060000-E062959.0360.V07B.HDF5,True,False,8048636,d45dd93b60d33752be0754067a39c601863d45f482c228a2dd2600b05b75cbf1,CANONICAL_PRIMARY,Official NASA GES DISC canonical granule file
3B-HHR.MS.MRG.3IMERG.20110616-S090000-E092959.0540.V07B.HDF5,3B-HHR.MS.MRG.3IMERG.20110616-S090000-E092959.0540.V07B.HDF5,True,False,8091837,364d57eba8cd1532d8cf94867127e3f746cdef2b5721b5fbb095678dfecc2cf0,CANONICAL_PRIMARY,Official NASA GES DISC canonical granule file
3B-HHR.MS.MRG.3IMERG.20110616-S120000-E122959.0720.V07B.HDF5,3B-HHR.MS.MRG.3IMERG.20110616-S120000-E122959.0720.V07B.HDF5,True,False,8050958,2a083e335fe6551d1740aefde239ba9fb025061cf94a8d4cca9027795e838c27,CANONICAL_PRIMARY,Official NASA GES DISC canonical granule file
3B-HHR.MS.MRG.3IMERG.20110616-S150000-E152959.0900.V07B.HDF5,3B-HHR.MS.MRG.3IMERG.20110616-S150000-E152959.0900.V07B.HDF5,True,False,8126205,8f391622e1cb1caa77647d87d015a7db2caeb28ffd6ca766c470b3911e0213f2,CANONICAL_PRIMARY,Official NASA GES DISC canonical granule file
3B-HHR.MS.MRG.3IMERG.20110616-S180000-E182959.1080.V07B.HDF5,3B-HHR.MS.MRG.3IMERG.20110616-S180000-E182959.1080.V07B.HDF5,True,False,7858815,15ca00ae9aff8d2a93afcf62a659710947370240f7d9c6903cdf577624e69da3,CANONICAL_PRIMARY,Official NASA GES DISC canonical granule file
3B-HHR.MS.MRG.3IMERG.20110616-S210000-E212959.1260.V07B.HDF5,3B-HHR.MS.MRG.3IMERG.20110616-S210000-E212959.1260.V07B.HDF5,True,False,7707708,3f13e3292f7efb2a19e7954bc0b334a8bdc44dd8fabbae44d781cb334b2ec94d,CANONICAL_PRIMARY,Official NASA GES DISC canonical granule file
3B-HHR.MS.MRG.3IMERG.20110617-S000000-E002959.0000.V07B.HDF5,3B-HHR.MS.MRG.3IMERG.20110617-S000000-E002959.0000.V07B.HDF5,True,False,7781530,32b7567866253693d0bb8310eea7835895fd2f2aea7d274f0b1d82b68ba5b1bb,CANONICAL_PRIMARY,Official NASA GES DISC canonical granule file
3B-HHR.MS.MRG.3IMERG.20110617-S030000-E032959.0180.V07B.HDF5,3B-HHR.MS.MRG.3IMERG.20110617-S030000-E032959.0180.V07B.HDF5,True,False,7781110,0bd1f030e5a33db08aa57d8d63c05338f3d888fbb2a938d603a5aaf064efb4a4,CANONICAL_PRIMARY,Official NASA GES DISC canonical granule file
3B-HHR.MS.MRG.3IMERG.20110617-S060000-E062959.0360.V07B.HDF5,3B-HHR.MS.MRG.3IMERG.20110617-S060000-E062959.0360.V07B.HDF5,True,False,7942676,e8791eaa7fa1dd59226024db1a1a5424ef89d57a64af9ac0fb4249ea18ded2c1,CANONICAL_PRIMARY,Official NASA GES DISC canonical granule file
3B-HHR.MS.MRG.3IMERG.20110617-S090000-E092959.0540.V07B.HDF5,3B-HHR.MS.MRG.3IMERG.20110617-S090000-E092959.0540.V07B.HDF5,True,False,8216583,47b51dcc3f51c9b6a78e44068d9ebfa295048d2bbd1671c259c3f4c78a17d333,CANONICAL_PRIMARY,Official NASA GES DISC canonical granule file
3B-HHR.MS.MRG.3IMERG.20110617-S120000-E122959.0720.V07B.HDF5,3B-HHR.MS.MRG.3IMERG.20110617-S120000-E122959.0720.V07B.HDF5,True,False,8013510,ad78e75c7f1be972174ac95901d958ec01b10ce2ea5a841f08604d3d6ac73c45,CANONICAL_PRIMARY,Official NASA GES DISC canonical granule file
3B-HHR.MS.MRG.3IMERG.20110617-S150000-E152959.0900.V07B.HDF5,3B-HHR.MS.MRG.3IMERG.20110617-S150000-E152959.0900.V07B.HDF5,True,False,8206049,340f4b1d84c268e7ac1ae1b34f973c82d3a94758c5493ffdb6def8dbd0d5870d,CANONICAL_PRIMARY,Official NASA GES DISC canonical granule file
3B-HHR.MS.MRG.3IMERG.20110617-S180000-E182959.1080.V07B.HDF5,3B-HHR.MS.MRG.3IMERG.20110617-S180000-E182959.1080.V07B.HDF5,True,False,7940220,f08616b454d7555ac9c671bf8860efe26e0d8959a0e0f5807be2741d81480223,CANONICAL_PRIMARY,Official NASA GES DISC canonical granule file
3B-HHR.MS.MRG.3IMERG.20110617-S210000-E212959.1260.V07B.HDF5,3B-HHR.MS.MRG.3IMERG.20110617-S210000-E212959.1260.V07B.HDF5,True,False,8038956,06934f902018e80ff1c11e5cf0f84c5a90f10d0a3799768bed882e87d7317eb1,CANONICAL_PRIMARY,Official NASA GES DISC canonical granule file
3B-HHR.MS.MRG.3IMERG.20110618-S000000-E002959.0000.V07B.HDF5,3B-HHR.MS.MRG.3IMERG.20110618-S000000-E002959.0000.V07B.HDF5,True,False,7791376,c9952f18dcba270c90c64e8cc43bd62040c177146f142453d4feb51e923e62d7,CANONICAL_PRIMARY,Official NASA GES DISC canonical granule file
3B-HHR.MS.MRG.3IMERG.20110618-S030000-E032959.0180.V07B.HDF5,3B-HHR.MS.MRG.3IMERG.20110618-S030000-E032959.0180.V07B.HDF5,True,False,7967449,de613b658bf9b5340da674fb1a6a6f0e09127b8a3c18ca4bc3c2c0678bfa3447,CANONICAL_PRIMARY,Official NASA GES DISC canonical granule file
3B-HHR.MS.MRG.3IMERG.20110618-S060000-E062959.0360.V07B.HDF5,3B-HHR.MS.MRG.3IMERG.20110618-S060000-E062959.0360.V07B.HDF5,True,False,7850075,90cfac37652f567f9030f1c4b0814ec3a99407e6e8a44c92425befe1e61ff321,CANONICAL_PRIMARY,Official NASA GES DISC canonical granule file
3B-HHR.MS.MRG.3IMERG.20110618-S090000-E092959.0540.V07B.HDF5,3B-HHR.MS.MRG.3IMERG.20110618-S090000-E092959.0540.V07B.HDF5,True,False,8209338,b2f2394ba407e0fd8543d3a91d481c41a9ffaada49afe93c87461b44312d6b42,CANONICAL_PRIMARY,Official NASA GES DISC canonical granule file
3B-HHR.MS.MRG.3IMERG.20110618-S120000-E122959.0720.V07B.HDF5,3B-HHR.MS.MRG.3IMERG.20110618-S120000-E122959.0720.V07B.HDF5,True,False,7939430,da384468b534a18099c67c3e087d1c62f92e11ec440afb0db39467ee49e61a11,CANONICAL_PRIMARY,Official NASA GES DISC canonical granule file
3B-HHR.MS.MRG.3IMERG.20110618-S150000-E152959.0900.V07B.HDF5,3B-HHR.MS.MRG.3IMERG.20110618-S150000-E152959.0900.V07B.HDF5,True,False,8097417,efa8a969a04946c01cc5d3ca652a309d5b2a0b4e439c4604c3320729d790f33f,CANONICAL_PRIMARY,Official NASA GES DISC canonical granule file
3B-HHR.MS.MRG.3IMERG.20110618-S180000-E182959.1080.V07B.HDF5,3B-HHR.MS.MRG.3IMERG.20110618-S180000-E182959.1080.V07B.HDF5,True,False,8024363,b2fd7f2127a19320576dc11ead441ca444f441f10501dd6f253df4a88dbcd8fb,CANONICAL_PRIMARY,Official NASA GES DISC canonical granule file
3B-HHR.MS.MRG.3IMERG.20110618-S210000-E212959.1260.V07B.HDF5,3B-HHR.MS.MRG.3IMERG.20110618-S210000-E212959.1260.V07B.HDF5,True,False,8155911,650e32ed1ffaa0863eb8ca3ff8f4f470ce4bcac8aaab1dbef481c0255c6f91db,CANONICAL_PRIMARY,Official NASA GES DISC canonical granule file
3B-HHR.MS.MRG.3IMERG.20110619-S000000-E002959.0000.V07B.HDF5,3B-HHR.MS.MRG.3IMERG.20110619-S000000-E002959.0000.V07B.HDF5,True,False,7933329,3d026e4346c6e4387d221138f54807b3be87e64108d595b398ae571a20cfa9a2,CANONICAL_PRIMARY,Official NASA GES DISC canonical granule file
3B-HHR.MS.MRG.3IMERG.20110619-S030000-E032959.0180.V07B.HDF5,3B-HHR.MS.MRG.3IMERG.20110619-S030000-E032959.0180.V07B.HDF5,True,False,7929457,457e9b0deae6d91d2752864fa3fab56964ee83ecca79884e1334f1f79df65394,CANONICAL_PRIMARY,Official NASA GES DISC canonical granule file
3B-HHR.MS.MRG.3IMERG.20110619-S060000-E062959.0360.V07B.HDF5,3B-HHR.MS.MRG.3IMERG.20110619-S060000-E062959.0360.V07B.HDF5,True,False,8054151,d7457b2a2d46e8426530aefbbdfcdc62f2a4d4d463e3253371b226cc40eff4d0,CANONICAL_PRIMARY,Official NASA GES DISC canonical granule file
3B-HHR.MS.MRG.3IMERG.20110619-S090000-E092959.0540.V07B.HDF5,3B-HHR.MS.MRG.3IMERG.20110619-S090000-E092959.0540.V07B.HDF5,True,False,8274721,35be5d78f5c68a64dad9f0785b044c70f5bf0547f5076ab0752588ff3f285d7d,CANONICAL_PRIMARY,Official NASA GES DISC canonical granule file
3B-HHR.MS.MRG.3IMERG.20110619-S120000-E122959.0720.V07B.HDF5,3B-HHR.MS.MRG.3IMERG.20110619-S120000-E122959.0720.V07B.HDF5,True,False,8283611,392d10e67f8eddf8ed8d660fe0d53403c901f9323f3c9669e0693c720d009333,CANONICAL_PRIMARY,Official NASA GES DISC canonical granule file
3B-HHR.MS.MRG.3IMERG.20110619-S150000-E152959.0900.V07B.HDF5,3B-HHR.MS.MRG.3IMERG.20110619-S150000-E152959.0900.V07B.HDF5,True,False,8234069,a2a1d4dce820436c883451856e9cc78b84b01f979501623c151b41ad743da315,CANONICAL_PRIMARY,Official NASA GES DISC canonical granule file
3B-HHR.MS.MRG.3IMERG.20110619-S180000-E182959.1080.V07B.HDF5,3B-HHR.MS.MRG.3IMERG.20110619-S180000-E182959.1080.V07B.HDF5,True,False,8314289,8a2fad69e6bd40a4e001ec2ce08f5e47fab6ac7c4794bf986166a1a8981106fe,CANONICAL_PRIMARY,Official NASA GES DISC canonical granule file
3B-HHR.MS.MRG.3IMERG.20110619-S210000-E212959.1260.V07B.HDF5,3B-HHR.MS.MRG.3IMERG.20110619-S210000-E212959.1260.V07B.HDF5,True,False,8138045,a06e0510ac48f1faef85d1c22c1c9e72c9e9898a3d8d870d2c852384f1b2b006,CANONICAL_PRIMARY,Official NASA GES DISC canonical granule file
3B-HHR.MS.MRG.3IMERG.20110620-S000000-E002959.0000.V07B.HDF5,3B-HHR.MS.MRG.3IMERG.20110620-S000000-E002959.0000.V07B.HDF5,True,False,7884769,28d780a0aab0e2180b8759081bf4fa1c033f3345221bcd36be261d373291973e,CANONICAL_PRIMARY,Official NASA GES DISC canonical granule file
3B-HHR.MS.MRG.3IMERG.20110620-S030000-E032959.0180.V07B.HDF5,3B-HHR.MS.MRG.3IMERG.20110620-S030000-E032959.0180.V07B.HDF5,True,False,7870360,246da7a21df054e9cd45d61dd7c0acd30ca10bbd1756350e29854b9c8d46f00f,CANONICAL_PRIMARY,Official NASA GES DISC canonical granule file
3B-HHR.MS.MRG.3IMERG.20110620-S060000-E062959.0360.V07B.HDF5,3B-HHR.MS.MRG.3IMERG.20110620-S060000-E062959.0360.V07B.HDF5,True,False,7955526,ef80d13bce55dba0b7d3feb3df6b6898743e1a01eab28bfd3691c0a2641f18e7,CANONICAL_PRIMARY,Official NASA GES DISC canonical granule file
3B-HHR.MS.MRG.3IMERG.20110620-S090000-E092959.0540.V07B.HDF5,3B-HHR.MS.MRG.3IMERG.20110620-S090000-E092959.0540.V07B.HDF5,True,False,7992019,2c3996fcefd29b1a2850a886a23bab63dd33b594f6e8b295bc64e4b17363e367,CANONICAL_PRIMARY,Official NASA GES DISC canonical granule file
3B-HHR.MS.MRG.3IMERG.20110620-S120000-E122959.0720.V07B.HDF5,3B-HHR.MS.MRG.3IMERG.20110620-S120000-E122959.0720.V07B.HDF5,True,False,7972991,2d3dc1f4f2cf8d4237ce6d20c3247ed7888ca66e71a8ece45638a97fc24bc843,CANONICAL_PRIMARY,Official NASA GES DISC canonical granule file
3B-HHR.MS.MRG.3IMERG.20110620-S150000-E152959.0900.V07B.HDF5,3B-HHR.MS.MRG.3IMERG.20110620-S150000-E152959.0900.V07B.HDF5,True,False,7968657,fb48f70c137a705d93d9c15db38d1a7f8e84f3d5b5910361f3013b2b5ca23808,CANONICAL_PRIMARY,Official NASA GES DISC canonical granule file
3B-HHR.MS.MRG.3IMERG.20110620-S180000-E182959.1080.V07B.HDF5,3B-HHR.MS.MRG.3IMERG.20110620-S180000-E182959.1080.V07B.HDF5,True,False,7853296,904b54a786198f1a008cfd551b786ecb1f97cd5567010bef5c266cc45dd93086,CANONICAL_PRIMARY,Official NASA GES DISC canonical granule file
3B-HHR.MS.MRG.3IMERG.20111028-S150000-E152959.0900.V07B.HDF5,3B-HHR.MS.MRG.3IMERG.20111028-S150000-E152959.0900.V07B.HDF5,True,False,7339923,008fe1618d36764dbcaf87044936b93b2f8a2f81fab009e96461621494cbaa88,CANONICAL_PRIMARY,Official NASA GES DISC canonical granule file
3B-HHR.MS.MRG.3IMERG.20111028-S180000-E182959.1080.V07B.HDF5,3B-HHR.MS.MRG.3IMERG.20111028-S180000-E182959.1080.V07B.HDF5,True,False,7499161,7cb05d10876cbb8a4e50951afe033536a9c42291d49445844b3a84e015f4d995,CANONICAL_PRIMARY,Official NASA GES DISC canonical granule file
3B-HHR.MS.MRG.3IMERG.20111028-S210000-E212959.1260.V07B.HDF5,3B-HHR.MS.MRG.3IMERG.20111028-S210000-E212959.1260.V07B.HDF5,True,False,7559167,ec9fe53c9b5c6f54c36e9d7b0eda491a354d04ee4085526373dc659b3df3338e,CANONICAL_PRIMARY,Official NASA GES DISC canonical granule file
3B-HHR.MS.MRG.3IMERG.20111029-S000000-E002959.0000.V07B.HDF5,3B-HHR.MS.MRG.3IMERG.20111029-S000000-E002959.0000.V07B.HDF5,True,False,7357293,b20fb121f990911a5624f85fe20241cd7ca5ba4534a8653aeb961293031814a4,CANONICAL_PRIMARY,Official NASA GES DISC canonical granule file
3B-HHR.MS.MRG.3IMERG.20111029-S030000-E032959.0180.V07B.HDF5,3B-HHR.MS.MRG.3IMERG.20111029-S030000-E032959.0180.V07B.HDF5,True,False,7438513,53fa50ce53472667d1b068a971f7f4f1ecda04c40f5c5efe33df79e61f013f42,CANONICAL_PRIMARY,Official NASA GES DISC canonical granule file
3B-HHR.MS.MRG.3IMERG.20111029-S060000-E062959.0360.V07B.HDF5,3B-HHR.MS.MRG.3IMERG.20111029-S060000-E062959.0360.V07B.HDF5,True,False,7634863,3554c1d85f4d93eb85af48ae5c97fe74d03c02211943349a87e352a0f3a44f0c,CANONICAL_PRIMARY,Official NASA GES DISC canonical granule file
3B-HHR.MS.MRG.3IMERG.20111029-S090000-E092959.0540.V07B.HDF5,3B-HHR.MS.MRG.3IMERG.20111029-S090000-E092959.0540.V07B.HDF5,True,False,7507799,c20084d4e88b18a1b3ef2fffb8e345a82e8b8464c0a618f5f44517fdcc582bf6,CANONICAL_PRIMARY,Official NASA GES DISC canonical granule file
3B-HHR.MS.MRG.3IMERG.20111029-S120000-E122959.0720.V07B.HDF5,3B-HHR.MS.MRG.3IMERG.20111029-S120000-E122959.0720.V07B.HDF5,True,False,7529498,9b0c9017f1c5541363dcf6361776fac91cf109ab7c20094b0a9e33df7fa8dec7,CANONICAL_PRIMARY,Official NASA GES DISC canonical granule file
3B-HHR.MS.MRG.3IMERG.20111029-S150000-E152959.0900.V07B.HDF5,3B-HHR.MS.MRG.3IMERG.20111029-S150000-E152959.0900.V07B.HDF5,True,False,7536391,82258523309693186a7a88b917516bc6cdf9f7b2c506313af6a59b6f3da107a7,CANONICAL_PRIMARY,Official NASA GES DISC canonical granule file
3B-HHR.MS.MRG.3IMERG.20111029-S180000-E182959.1080.V07B.HDF5,3B-HHR.MS.MRG.3IMERG.20111029-S180000-E182959.1080.V07B.HDF5,True,False,7830551,e36cdfdce74f9c94514c0d0e54a28407b8196f7477b8e47e7b55762e56cc019b,CANONICAL_PRIMARY,Official NASA GES DISC canonical granule file
3B-HHR.MS.MRG.3IMERG.20111029-S210000-E212959.1260.V07B.HDF5,3B-HHR.MS.MRG.3IMERG.20111029-S210000-E212959.1260.V07B.HDF5,True,False,7748420,1d24c07dc375ce23918d761ad979516bd73964c7db3cf9990a4c31c94e67f0fe,CANONICAL_PRIMARY,Official NASA GES DISC canonical granule file
3B-HHR.MS.MRG.3IMERG.20111030-S000000-E002959.0000.V07B.HDF5,3B-HHR.MS.MRG.3IMERG.20111030-S000000-E002959.0000.V07B.HDF5,True,False,7582856,3f75082fad76eef470a226d2b6bb85a05077557c011c16b67270b1569c000525,CANONICAL_PRIMARY,Official NASA GES DISC canonical granule file
3B-HHR.MS.MRG.3IMERG.20111030-S030000-E032959.0180.V07B.HDF5,3B-HHR.MS.MRG.3IMERG.20111030-S030000-E032959.0180.V07B.HDF5,True,False,7521962,aa1dc396be864a1b8ea85db175b0368326f975d69b733d9d9bcdd70b965034c0,CANONICAL_PRIMARY,Official NASA GES DISC canonical granule file
3B-HHR.MS.MRG.3IMERG.20111030-S060000-E062959.0360.V07B.HDF5,3B-HHR.MS.MRG.3IMERG.20111030-S060000-E062959.0360.V07B.HDF5,True,False,7703836,756991f14f7094c84daf52af966d5467da93023e3ed5dc8144dd91390cc4543e,CANONICAL_PRIMARY,Official NASA GES DISC canonical granule file
3B-HHR.MS.MRG.3IMERG.20111030-S090000-E092959.0540.V07B.HDF5,3B-HHR.MS.MRG.3IMERG.20111030-S090000-E092959.0540.V07B.HDF5,True,False,7607767,897493a51b65b3bcce7deebf55eae9913cb8c41a780728deb34a53e2b0c952a7,CANONICAL_PRIMARY,Official NASA GES DISC canonical granule file
3B-HHR.MS.MRG.3IMERG.20111030-S120000-E122959.0720.V07B.HDF5,3B-HHR.MS.MRG.3IMERG.20111030-S120000-E122959.0720.V07B.HDF5,True,False,7437686,c48e1bf432f0953eceb513609d8fa6975bc757b299cecbb95ccc7425850a1c2c,CANONICAL_PRIMARY,Official NASA GES DISC canonical granule file
3B-HHR.MS.MRG.3IMERG.20111030-S150000-E152959.0900.V07B.HDF5,3B-HHR.MS.MRG.3IMERG.20111030-S150000-E152959.0900.V07B.HDF5,True,False,7675492,1a70c75eef6983fa1d91c833702336ec63fd3bb26dc0a8d39d1c166a287d38f8,CANONICAL_PRIMARY,Official NASA GES DISC canonical granule file
3B-HHR.MS.MRG.3IMERG.20111030-S180000-E182959.1080.V07B.HDF5,3B-HHR.MS.MRG.3IMERG.20111030-S180000-E182959.1080.V07B.HDF5,True,False,7789160,af80a4f60567c1fa49274e9d3748eced2f8fab82fe42dd04c4e59fa8c1daa538,CANONICAL_PRIMARY,Official NASA GES DISC canonical granule file
3B-HHR.MS.MRG.3IMERG.20111030-S210000-E212959.1260.V07B.HDF5,3B-HHR.MS.MRG.3IMERG.20111030-S210000-E212959.1260.V07B.HDF5,True,False,7802054,76f717c6d7bb2265fc3b171cb9d7dbc88318034ffc31fb3846af2bca394058a9,CANONICAL_PRIMARY,Official NASA GES DISC canonical granule file
3B-HHR.MS.MRG.3IMERG.20111031-S000000-E002959.0000.V07B.HDF5,3B-HHR.MS.MRG.3IMERG.20111031-S000000-E002959.0000.V07B.HDF5,True,False,7743853,3e726e03a4b8cd59eda8b3c9e90fe73e6c2dae295d4adddef196412e47e71a4c,CANONICAL_PRIMARY,Official NASA GES DISC canonical granule file
3B-HHR.MS.MRG.3IMERG.20111031-S030000-E032959.0180.V07B.HDF5,3B-HHR.MS.MRG.3IMERG.20111031-S030000-E032959.0180.V07B.HDF5,True,False,7754210,9057baac1fa32fe2f200ebbf7cf43ca3fa07825dabbc00f0d4837f33a05283eb,CANONICAL_PRIMARY,Official NASA GES DISC canonical granule file
3B-HHR.MS.MRG.3IMERG.20111031-S060000-E062959.0360.V07B.HDF5,3B-HHR.MS.MRG.3IMERG.20111031-S060000-E062959.0360.V07B.HDF5,True,False,7820577,3b490359c807a231a5b73c4535a308f94d0c4ff5d3bc6b2f3b7de2c49e2aa893,CANONICAL_PRIMARY,Official NASA GES DISC canonical granule file
3B-HHR.MS.MRG.3IMERG.20111031-S090000-E092959.0540.V07B.HDF5,3B-HHR.MS.MRG.3IMERG.20111031-S090000-E092959.0540.V07B.HDF5,True,False,7705835,136dd4f262215d7e512a0bcf33f448636a0f6e82b56607a8b379ca1337877d63,CANONICAL_PRIMARY,Official NASA GES DISC canonical granule file
3B-HHR.MS.MRG.3IMERG.20111031-S120000-E122959.0720.V07B.HDF5,3B-HHR.MS.MRG.3IMERG.20111031-S120000-E122959.0720.V07B.HDF5,True,False,7564748,be9bc49a9fe9be7a225d7f1d97af260de15dd3b7fb9dda11e5d40842f9b36ff3,CANONICAL_PRIMARY,Official NASA GES DISC canonical granule file
3B-HHR.MS.MRG.3IMERG.20111031-S150000-E152959.0900.V07B.HDF5,3B-HHR.MS.MRG.3IMERG.20111031-S150000-E152959.0900.V07B.HDF5,True,False,7513477,e7737d671d6967245e77edda58b3bc206872649c38007790c8a743392c0c7f41,CANONICAL_PRIMARY,Official NASA GES DISC canonical granule file
3B-HHR.MS.MRG.3IMERG.20111031-S180000-E182959.1080.V07B.HDF5,3B-HHR.MS.MRG.3IMERG.20111031-S180000-E182959.1080.V07B.HDF5,True,False,7658177,f87641aeeb2442779b3cabd8b4527a2d02ee152fa451ed40983cde8aba9a69fd,CANONICAL_PRIMARY,Official NASA GES DISC canonical granule file
3B-HHR.MS.MRG.3IMERG.20111105-S150000-E152959.0900.V07B.HDF5,3B-HHR.MS.MRG.3IMERG.20111105-S150000-E152959.0900.V07B.HDF5,True,False,7803074,ce20deb6bf8ed4d7145c1914864222bda60b3346c66573cad2c036df01c71de9,CANONICAL_PRIMARY,Official NASA GES DISC canonical granule file
3B-HHR.MS.MRG.3IMERG.20111105-S180000-E182959.1080.V07B.HDF5,3B-HHR.MS.MRG.3IMERG.20111105-S180000-E182959.1080.V07B.HDF5,True,False,8149104,930b69e88f65f407bf455c5194d645f9dbe30b50bab0de5da0c0d35c00fc9b70,CANONICAL_PRIMARY,Official NASA GES DISC canonical granule file
3B-HHR.MS.MRG.3IMERG.20111105-S210000-E212959.1260.V07B.HDF5,3B-HHR.MS.MRG.3IMERG.20111105-S210000-E212959.1260.V07B.HDF5,True,False,8129939,79b0bc00e53df852dac899b9797ebb81b7543b3968df8e65d5c5b50d9659efce,CANONICAL_PRIMARY,Official NASA GES DISC canonical granule file
3B-HHR.MS.MRG.3IMERG.20111106-S000000-E002959.0000.V07B.HDF5,3B-HHR.MS.MRG.3IMERG.20111106-S000000-E002959.0000.V07B.HDF5,True,False,7769807,134918825f8d3a04c85b5f324f1aa50a48e892829efb794a6fa47fdffff2fecd,CANONICAL_PRIMARY,Official NASA GES DISC canonical granule file
3B-HHR.MS.MRG.3IMERG.20111106-S030000-E032959.0180.V07B.HDF5,3B-HHR.MS.MRG.3IMERG.20111106-S030000-E032959.0180.V07B.HDF5,True,False,7921615,755fb203c3e9d9e231bdbaecd8ea0557e227ed687ca7b87e48cfce53aa62304c,CANONICAL_PRIMARY,Official NASA GES DISC canonical granule file
3B-HHR.MS.MRG.3IMERG.20111106-S060000-E062959.0360.V07B.HDF5,3B-HHR.MS.MRG.3IMERG.20111106-S060000-E062959.0360.V07B.HDF5,True,False,8150692,4b55ef0cfaffa766f856c3c7616ab8350c2d5259a272bba011d2415cac45e349,CANONICAL_PRIMARY,Official NASA GES DISC canonical granule file
3B-HHR.MS.MRG.3IMERG.20111106-S090000-E092959.0540.V07B.HDF5,3B-HHR.MS.MRG.3IMERG.20111106-S090000-E092959.0540.V07B.HDF5,True,False,8006960,5a7ce14cf097b59659651b6a460023c982e27e6d6bc23baa3f150894dc12a9a0,CANONICAL_PRIMARY,Official NASA GES DISC canonical granule file
3B-HHR.MS.MRG.3IMERG.20111106-S120000-E122959.0720.V07B.HDF5,3B-HHR.MS.MRG.3IMERG.20111106-S120000-E122959.0720.V07B.HDF5,True,False,7791860,f0c18da3b64ef34446a7afb2d4c00f85077c759727104af7a048f9adc045a637,CANONICAL_PRIMARY,Official NASA GES DISC canonical granule file
3B-HHR.MS.MRG.3IMERG.20111106-S150000-E152959.0900.V07B.HDF5,3B-HHR.MS.MRG.3IMERG.20111106-S150000-E152959.0900.V07B.HDF5,True,False,7900036,942e7442e9a1317da2b1064b09a5b45b4c3b62b53ae1616c03e986c0e0de31bf,CANONICAL_PRIMARY,Official NASA GES DISC canonical granule file
3B-HHR.MS.MRG.3IMERG.20111106-S180000-E182959.1080.V07B.HDF5,3B-HHR.MS.MRG.3IMERG.20111106-S180000-E182959.1080.V07B.HDF5,True,False,7975368,e43aa96c30b67cc77016cd7c0b786f87e8d708b6ae83912f1b10b1fc56f1a083,CANONICAL_PRIMARY,Official NASA GES DISC canonical granule file
3B-HHR.MS.MRG.3IMERG.20111106-S210000-E212959.1260.V07B.HDF5,3B-HHR.MS.MRG.3IMERG.20111106-S210000-E212959.1260.V07B.HDF5,True,False,7828597,0d75ffebdcdee25c366f5616391e571b06a9e96b7c9986119b1bd0f34b6693f0,CANONICAL_PRIMARY,Official NASA GES DISC canonical granule file
3B-HHR.MS.MRG.3IMERG.20111107-S000000-E002959.0000.V07B.HDF5,3B-HHR.MS.MRG.3IMERG.20111107-S000000-E002959.0000.V07B.HDF5,True,False,7636935,c6763e1a725804789e44dd1b33b9f828ddae8d34f8ae87fab410168f4b4ffd9a,CANONICAL_PRIMARY,Official NASA GES DISC canonical granule file
3B-HHR.MS.MRG.3IMERG.20111107-S030000-E032959.0180.V07B.HDF5,3B-HHR.MS.MRG.3IMERG.20111107-S030000-E032959.0180.V07B.HDF5,True,False,7727397,065a0c1bace3f6ada69355b6c70f3393d519460e44768ecefd24426fb634acb8,CANONICAL_PRIMARY,Official NASA GES DISC canonical granule file
3B-HHR.MS.MRG.3IMERG.20111107-S060000-E062959.0360.V07B.HDF5,3B-HHR.MS.MRG.3IMERG.20111107-S060000-E062959.0360.V07B.HDF5,True,False,7834784,e8253d4e8128f464c1cf1af6ff653e9a78f498040ee7627cb8d89f50c1d26d68,CANONICAL_PRIMARY,Official NASA GES DISC canonical granule file
3B-HHR.MS.MRG.3IMERG.20111107-S090000-E092959.0540.V07B.HDF5,3B-HHR.MS.MRG.3IMERG.20111107-S090000-E092959.0540.V07B.HDF5,True,False,7773358,99920df86a0d3c977b38429d105348e97c21147fbc488842af24aaaf3d23e517,CANONICAL_PRIMARY,Official NASA GES DISC canonical granule file
3B-HHR.MS.MRG.3IMERG.20111107-S120000-E122959.0720.V07B.HDF5,3B-HHR.MS.MRG.3IMERG.20111107-S120000-E122959.0720.V07B.HDF5,True,False,7624908,588928930ca8663911907745bba2fadc3d7d0a4a32fb76d6a6f63f906cd92743,CANONICAL_PRIMARY,Official NASA GES DISC canonical granule file
3B-HHR.MS.MRG.3IMERG.20111107-S150000-E152959.0900.V07B.HDF5,3B-HHR.MS.MRG.3IMERG.20111107-S150000-E152959.0900.V07B.HDF5,True,False,7789379,930862a0d36deef0db2a77251ae9ec7efee6b56da8597efe5b492195977e62be,CANONICAL_PRIMARY,Official NASA GES DISC canonical granule file
3B-HHR.MS.MRG.3IMERG.20111107-S180000-E182959.1080.V07B.HDF5,3B-HHR.MS.MRG.3IMERG.20111107-S180000-E182959.1080.V07B.HDF5,True,False,7975168,a3b8abcd2eadabd378d31ee4320ea4a8d6b7d23083f05336ff08fc32f4e413f7,CANONICAL_PRIMARY,Official NASA GES DISC canonical granule file
3B-HHR.MS.MRG.3IMERG.20111107-S210000-E212959.1260.V07B.HDF5,3B-HHR.MS.MRG.3IMERG.20111107-S210000-E212959.1260.V07B.HDF5,True,False,8052832,809c8876cc4262bbe86965a3c2764bd35d591c3b4b6a0d7e5e7ee903bf046411,CANONICAL_PRIMARY,Official NASA GES DISC canonical granule file
3B-HHR.MS.MRG.3IMERG.20111108-S000000-E002959.0000.V07B.HDF5,3B-HHR.MS.MRG.3IMERG.20111108-S000000-E002959.0000.V07B.HDF5,True,False,7845543,c7b04f71d0a55c97a46e8279bddc3753d6c3067f1880873c6ed95553aa5aaed5,CANONICAL_PRIMARY,Official NASA GES DISC canonical granule file
3B-HHR.MS.MRG.3IMERG.20111125-S150000-E152959.0900.V07B.HDF5,3B-HHR.MS.MRG.3IMERG.20111125-S150000-E152959.0900.V07B.HDF5,True,False,7696189,eef1e8dc6d496899bbf178b3bce884f2073d80a88f6a4689da33e876d7514d53,CANONICAL_PRIMARY,Official NASA GES DISC canonical granule file
3B-HHR.MS.MRG.3IMERG.20111125-S180000-E182959.1080.V07B.HDF5,3B-HHR.MS.MRG.3IMERG.20111125-S180000-E182959.1080.V07B.HDF5,True,False,8072844,282aac8970e934a71c98e666b6e66ff214713d360ba6473ed77914cbd07787e7,CANONICAL_PRIMARY,Official NASA GES DISC canonical granule file
3B-HHR.MS.MRG.3IMERG.20111125-S210000-E212959.1260.V07B.HDF5,3B-HHR.MS.MRG.3IMERG.20111125-S210000-E212959.1260.V07B.HDF5,True,False,7849267,ff04d35511b603fe709cceadf9aed57ede736b06239251396bfd173709ef2879,CANONICAL_PRIMARY,Official NASA GES DISC canonical granule file
3B-HHR.MS.MRG.3IMERG.20111126-S000000-E002959.0000.V07B.HDF5,3B-HHR.MS.MRG.3IMERG.20111126-S000000-E002959.0000.V07B.HDF5,True,False,7587775,43d817f906decf8abdc83a348465c8a2047181609b185e11ac34029d1cb1a719,CANONICAL_PRIMARY,Official NASA GES DISC canonical granule file
3B-HHR.MS.MRG.3IMERG.20111126-S030000-E032959.0180.V07B.HDF5,3B-HHR.MS.MRG.3IMERG.20111126-S030000-E032959.0180.V07B.HDF5,True,False,7684015,7ac6ec3aafef7831014e09493bdfee19390bd91892c1c6f270de049b0554ed9f,CANONICAL_PRIMARY,Official NASA GES DISC canonical granule file
3B-HHR.MS.MRG.3IMERG.20111126-S060000-E062959.0360.V07B.HDF5,3B-HHR.MS.MRG.3IMERG.20111126-S060000-E062959.0360.V07B.HDF5,True,False,7782575,976cbc7b3a0166af3da75b71f60c4a416c3d2807e94ba2a60f69d524fde82d38,CANONICAL_PRIMARY,Official NASA GES DISC canonical granule file
3B-HHR.MS.MRG.3IMERG.20111126-S090000-E092959.0540.V07B.HDF5,3B-HHR.MS.MRG.3IMERG.20111126-S090000-E092959.0540.V07B.HDF5,True,False,7732956,e3c16f02c27df3c0574645f6abae06d300aa7c076719758b52482c479c85f8ac,CANONICAL_PRIMARY,Official NASA GES DISC canonical granule file
3B-HHR.MS.MRG.3IMERG.20111126-S120000-E122959.0720.V07B.HDF5,3B-HHR.MS.MRG.3IMERG.20111126-S120000-E122959.0720.V07B.HDF5,True,False,7628800,801af7077b9b9ae6175645010a2c43b1b18563bee00bad1cbc13e0bef0e54407,CANONICAL_PRIMARY,Official NASA GES DISC canonical granule file
3B-HHR.MS.MRG.3IMERG.20111126-S150000-E152959.0900.V07B.HDF5,3B-HHR.MS.MRG.3IMERG.20111126-S150000-E152959.0900.V07B.HDF5,True,False,7618448,41dd7ce3904ffe2cc2aafd3d8db1cb8f4c99f54768a85a9186cd9af823dc29d3,CANONICAL_PRIMARY,Official NASA GES DISC canonical granule file
3B-HHR.MS.MRG.3IMERG.20111126-S180000-E182959.1080.V07B.HDF5,3B-HHR.MS.MRG.3IMERG.20111126-S180000-E182959.1080.V07B.HDF5,True,False,7953746,a6b611b3801382c4110185ef50c834c58db6760da36d0b8c2be538eff9248f2a,CANONICAL_PRIMARY,Official NASA GES DISC canonical granule file
3B-HHR.MS.MRG.3IMERG.20111126-S210000-E212959.1260.V07B.HDF5,3B-HHR.MS.MRG.3IMERG.20111126-S210000-E212959.1260.V07B.HDF5,True,False,7799002,fd0a14f785e89306d7e2c121f0174ff675d3ee52c94693e82b004ee4ed4f6137,CANONICAL_PRIMARY,Official NASA GES DISC canonical granule file
3B-HHR.MS.MRG.3IMERG.20111127-S000000-E002959.0000.V07B.HDF5,3B-HHR.MS.MRG.3IMERG.20111127-S000000-E002959.0000.V07B.HDF5,True,False,7529348,97c6af3d69009c9715d387fcb31888bd0a66b644ffc4fc6dc35e0751ced7b4bb,CANONICAL_PRIMARY,Official NASA GES DISC canonical granule file
3B-HHR.MS.MRG.3IMERG.20111127-S030000-E032959.0180.V07B.HDF5,3B-HHR.MS.MRG.3IMERG.20111127-S030000-E032959.0180.V07B.HDF5,True,False,7552267,8c49cb180009adb36d208e8cef13b41334505d3b160335deb1be892b3559f96e,CANONICAL_PRIMARY,Official NASA GES DISC canonical granule file
3B-HHR.MS.MRG.3IMERG.20111127-S060000-E062959.0360.V07B.HDF5,3B-HHR.MS.MRG.3IMERG.20111127-S060000-E062959.0360.V07B.HDF5,True,False,7674632,6d4a73bee7e4bdd2a09e48539ebdc868891fe2733111d8d0d43ee5b641615ce8,CANONICAL_PRIMARY,Official NASA GES DISC canonical granule file
3B-HHR.MS.MRG.3IMERG.20111127-S090000-E092959.0540.V07B.HDF5,3B-HHR.MS.MRG.3IMERG.20111127-S090000-E092959.0540.V07B.HDF5,True,False,7905478,cf749f9473620c01172c29a63366c9b96e69ad948333fd15f929704100d33b96,CANONICAL_PRIMARY,Official NASA GES DISC canonical granule file
3B-HHR.MS.MRG.3IMERG.20111127-S120000-E122959.0720.V07B.HDF5,3B-HHR.MS.MRG.3IMERG.20111127-S120000-E122959.0720.V07B.HDF5,True,False,7606235,edef29e39bea8073667e67827c2dfb70aea3ceb63c9dd98decbc33e52cbd4bd4,CANONICAL_PRIMARY,Official NASA GES DISC canonical granule file
3B-HHR.MS.MRG.3IMERG.20111127-S150000-E152959.0900.V07B.HDF5,3B-HHR.MS.MRG.3IMERG.20111127-S150000-E152959.0900.V07B.HDF5,True,False,7837438,5284a02cad170ac3a38f21c86822877ad69efde5f9f11d7e3c91fac762542558,CANONICAL_PRIMARY,Official NASA GES DISC canonical granule file
3B-HHR.MS.MRG.3IMERG.20111127-S180000-E182959.1080.V07B.HDF5,3B-HHR.MS.MRG.3IMERG.20111127-S180000-E182959.1080.V07B.HDF5,True,False,7904818,19c14536235c816e1f327919bc9638ba6fba2bc9a10d36ed1df0b49e01c3299a,CANONICAL_PRIMARY,Official NASA GES DISC canonical granule file
3B-HHR.MS.MRG.3IMERG.20111127-S210000-E212959.1260.V07B.HDF5,3B-HHR.MS.MRG.3IMERG.20111127-S210000-E212959.1260.V07B.HDF5,True,False,7910897,35f5ebf4912828637e2cd20f30feb8cc7aa22cb882fce0247426ae0072fd9a36,CANONICAL_PRIMARY,Official NASA GES DISC canonical granule file
3B-HHR.MS.MRG.3IMERG.20111128-S000000-E002959.0000.V07B.HDF5,3B-HHR.MS.MRG.3IMERG.20111128-S000000-E002959.0000.V07B.HDF5,True,False,7632284,22ca0165cf58b4c94a3ab19d0991ad0a2f5df41eba29c96f87895c4ae42bf5ef,CANONICAL_PRIMARY,Official NASA GES DISC canonical granule file
3B-HHR.MS.MRG.3IMERG.20111128-S030000-E032959.0180.V07B.HDF5,3B-HHR.MS.MRG.3IMERG.20111128-S030000-E032959.0180.V07B.HDF5,True,False,7801361,9defe87e4f104e47f97830c7a3d31adcb0e89f52208ee4419301e0cd7857effe,CANONICAL_PRIMARY,Official NASA GES DISC canonical granule file
3B-HHR.MS.MRG.3IMERG.20111128-S060000-E062959.0360.V07B.HDF5,3B-HHR.MS.MRG.3IMERG.20111128-S060000-E062959.0360.V07B.HDF5,True,False,7879257,23fabc874db7c63add4406d00e70485748ce591f764f8bae0575e57521771728,CANONICAL_PRIMARY,Official NASA GES DISC canonical granule file
3B-HHR.MS.MRG.3IMERG.20111128-S090000-E092959.0540.V07B.HDF5,3B-HHR.MS.MRG.3IMERG.20111128-S090000-E092959.0540.V07B.HDF5,True,False,7858702,b2c56d40c68dfd2086c4e9800baff8b8f34d134172e9b4b1f2faf4b3d34b0e0f,CANONICAL_PRIMARY,Official NASA GES DISC canonical granule file
3B-HHR.MS.MRG.3IMERG.20111128-S120000-E122959.0720.V07B.HDF5,3B-HHR.MS.MRG.3IMERG.20111128-S120000-E122959.0720.V07B.HDF5,True,False,7592696,87fd0d2c728cf87864a5a3191038c5bdac7ca8493149ab7d176933cc0d7329ea,CANONICAL_PRIMARY,Official NASA GES DISC canonical granule file
3B-HHR.MS.MRG.3IMERG.20111128-S150000-E152959.0900.V07B.HDF5,3B-HHR.MS.MRG.3IMERG.20111128-S150000-E152959.0900.V07B.HDF5,True,False,7786024,7b9a8818708f3af3d7229118823c8558cca4b0db5187f1289f20c9e20476904c,CANONICAL_PRIMARY,Official NASA GES DISC canonical granule file
3B-HHR.MS.MRG.3IMERG.20111128-S180000-E182959.1080.V07B.HDF5,3B-HHR.MS.MRG.3IMERG.20111128-S180000-E182959.1080.V07B.HDF5,True,False,7992251,2509ef9cfb9eaf6f930d118d2409ea63ef5acf3de49640da0f67aefdffa5d8cb,CANONICAL_PRIMARY,Official NASA GES DISC canonical granule file
3B-HHR.MS.MRG.3IMERG.20111128-S210000-E212959.1260.V07B.HDF5,3B-HHR.MS.MRG.3IMERG.20111128-S210000-E212959.1260.V07B.HDF5,True,False,7957839,25cea51af26eaf78b0bcb1639e4a79f495532afd3288d51251023c0e96e8a33e,CANONICAL_PRIMARY,Official NASA GES DISC canonical granule file
3B-HHR.MS.MRG.3IMERG.20111129-S000000-E002959.0000.V07B.HDF5,3B-HHR.MS.MRG.3IMERG.20111129-S000000-E002959.0000.V07B.HDF5,True,False,7675321,e94b67d662554d32ac9eb690b5bf2748ca7376cd3c8fe1e3d9082016bfdf4af4,CANONICAL_PRIMARY,Official NASA GES DISC canonical granule file
3B-HHR.MS.MRG.3IMERG.20111129-S030000-E032959.0180.V07B.HDF5,3B-HHR.MS.MRG.3IMERG.20111129-S030000-E032959.0180.V07B.HDF5,True,False,7824118,1971b4b0607a85b3204dd933e085d4a8e8e080dfd9b5de9f47dd19fc919a1883,CANONICAL_PRIMARY,Official NASA GES DISC canonical granule file
3B-HHR.MS.MRG.3IMERG.20111129-S060000-E062959.0360.V07B.HDF5,3B-HHR.MS.MRG.3IMERG.20111129-S060000-E062959.0360.V07B.HDF5,True,False,8003899,2cc9793b601dccf38ef15068b7ef40cc072ed9f6546e4f6d096fc2515ead8765,CANONICAL_PRIMARY,Official NASA GES DISC canonical granule file
3B-HHR.MS.MRG.3IMERG.20111224-S210000-E212959.1260.V07B.HDF5,3B-HHR.MS.MRG.3IMERG.20111224-S210000-E212959.1260.V07B.HDF5,True,False,7791655,5822e17382ce995e3e412c3e29c35afff9d79a56a8a741f8199929b9051c1984,CANONICAL_PRIMARY,Official NASA GES DISC canonical granule file
3B-HHR.MS.MRG.3IMERG.20111225-S000000-E002959.0000.V07B.HDF5,3B-HHR.MS.MRG.3IMERG.20111225-S000000-E002959.0000.V07B.HDF5,True,False,7841863,a49789ad082b5aecaa1a7f4b498f5cc369c53ad7bc254c3a70363b00900018c1,CANONICAL_PRIMARY,Official NASA GES DISC canonical granule file
3B-HHR.MS.MRG.3IMERG.20111225-S030000-E032959.0180.V07B.HDF5,3B-HHR.MS.MRG.3IMERG.20111225-S030000-E032959.0180.V07B.HDF5,True,False,7660535,e2975adda9d0a86a992e74dfe0937198118c1c16c4c935ad394f030980903f4f,CANONICAL_PRIMARY,Official NASA GES DISC canonical granule file
3B-HHR.MS.MRG.3IMERG.20111225-S060000-E062959.0360.V07B.HDF5,3B-HHR.MS.MRG.3IMERG.20111225-S060000-E062959.0360.V07B.HDF5,True,False,7779554,f5b64c44bb54026c51e1686a08e1f7e7db97258f75de0df9ec20e54c3b4f0d58,CANONICAL_PRIMARY,Official NASA GES DISC canonical granule file
3B-HHR.MS.MRG.3IMERG.20111225-S090000-E092959.0540.V07B.HDF5,3B-HHR.MS.MRG.3IMERG.20111225-S090000-E092959.0540.V07B.HDF5,True,False,7649205,6256f3bde797a89a7611c5cb23be9f0e5c9ccc230494728e0824ead3b135a320,CANONICAL_PRIMARY,Official NASA GES DISC canonical granule file
3B-HHR.MS.MRG.3IMERG.20111225-S120000-E122959.0720.V07B.HDF5,3B-HHR.MS.MRG.3IMERG.20111225-S120000-E122959.0720.V07B.HDF5,True,False,7491325,5bb1caade61900f02f9728ba3d73a178d935c6d75164de218d4b54b28623edbe,CANONICAL_PRIMARY,Official NASA GES DISC canonical granule file
3B-HHR.MS.MRG.3IMERG.20111225-S150000-E152959.0900.V07B.HDF5,3B-HHR.MS.MRG.3IMERG.20111225-S150000-E152959.0900.V07B.HDF5,True,False,7545647,622f810567ae501c266f07a346d035bc678bd49d4144ba696a5cc4c596bfeed0,CANONICAL_PRIMARY,Official NASA GES DISC canonical granule file
3B-HHR.MS.MRG.3IMERG.20111225-S180000-E182959.1080.V07B.HDF5,3B-HHR.MS.MRG.3IMERG.20111225-S180000-E182959.1080.V07B.HDF5,True,False,7614744,597b15e693a2c9b29f7879689735dda5d1344a1f14bd764ed180c8e0f45a047d,CANONICAL_PRIMARY,Official NASA GES DISC canonical granule file
3B-HHR.MS.MRG.3IMERG.20111225-S210000-E212959.1260.V07B.HDF5,3B-HHR.MS.MRG.3IMERG.20111225-S210000-E212959.1260.V07B.HDF5,True,False,7564881,4115fbbe46865344a65b6ce4b244f4148636415a36ec4f0e561339ce68fb6d3d,CANONICAL_PRIMARY,Official NASA GES DISC canonical granule file
3B-HHR.MS.MRG.3IMERG.20111226-S000000-E002959.0000.V07B.HDF5,3B-HHR.MS.MRG.3IMERG.20111226-S000000-E002959.0000.V07B.HDF5,True,False,7476934,bff185283e241594d3bf37b90bc504d05b99685e64a6add632e562cd8f8fa792,CANONICAL_PRIMARY,Official NASA GES DISC canonical granule file
3B-HHR.MS.MRG.3IMERG.20111226-S030000-E032959.0180.V07B.HDF5,3B-HHR.MS.MRG.3IMERG.20111226-S030000-E032959.0180.V07B.HDF5,True,False,7520603,e762cb5dca2259ad1371169f60f660ef0f5e6e540c8e99e6d4aaf13ab111f9f4,CANONICAL_PRIMARY,Official NASA GES DISC canonical granule file
3B-HHR.MS.MRG.3IMERG.20111226-S060000-E062959.0360.V07B.HDF5,3B-HHR.MS.MRG.3IMERG.20111226-S060000-E062959.0360.V07B.HDF5,True,False,7593776,f7dfc3210e4df31b1d75e73e889c46bd7a4ef4a4d98d648f1774b12b3faaccf3,CANONICAL_PRIMARY,Official NASA GES DISC canonical granule file
3B-HHR.MS.MRG.3IMERG.20111226-S090000-E092959.0540.V07B.HDF5,3B-HHR.MS.MRG.3IMERG.20111226-S090000-E092959.0540.V07B.HDF5,True,False,7638913,b975add797839da750eb634447e7f73f8dc76edb59749a15963ef8dcdc1a89f2,CANONICAL_PRIMARY,Official NASA GES DISC canonical granule file
3B-HHR.MS.MRG.3IMERG.20111226-S120000-E122959.0720.V07B.HDF5,3B-HHR.MS.MRG.3IMERG.20111226-S120000-E122959.0720.V07B.HDF5,True,False,7422470,e2bb22a4c8b9989e185a81720e59d0b80ca22853a5c4fe2a6db3cc3a2706179f,CANONICAL_PRIMARY,Official NASA GES DISC canonical granule file
3B-HHR.MS.MRG.3IMERG.20111226-S150000-E152959.0900.V07B.HDF5,3B-HHR.MS.MRG.3IMERG.20111226-S150000-E152959.0900.V07B.HDF5,True,False,7495994,050f4f1803bd20c3545eb0039a761eb1535b2cab5bbbb8892dad0819db70bb0d,CANONICAL_PRIMARY,Official NASA GES DISC canonical granule file
3B-HHR.MS.MRG.3IMERG.20111226-S180000-E182959.1080.V07B.HDF5,3B-HHR.MS.MRG.3IMERG.20111226-S180000-E182959.1080.V07B.HDF5,True,False,7724484,23e782865e9fccb199f7d1c27a55451aea332ae58ef8adb8bdfea644975ba048,CANONICAL_PRIMARY,Official NASA GES DISC canonical granule file
3B-HHR.MS.MRG.3IMERG.20111226-S210000-E212959.1260.V07B.HDF5,3B-HHR.MS.MRG.3IMERG.20111226-S210000-E212959.1260.V07B.HDF5,True,False,7584043,b874664de576b6e0ca00c60481121f0036663eecf41d4fefce1f5124609aefd1,CANONICAL_PRIMARY,Official NASA GES DISC canonical granule file
3B-HHR.MS.MRG.3IMERG.20111227-S000000-E002959.0000.V07B.HDF5,3B-HHR.MS.MRG.3IMERG.20111227-S000000-E002959.0000.V07B.HDF5,True,False,7324162,eeff2178adb940d74f7fa2a1dbc7aeaa46fa9ed7129e4482e54d958a72cb1f12,CANONICAL_PRIMARY,Official NASA GES DISC canonical granule file
3B-HHR.MS.MRG.3IMERG.20111227-S030000-E032959.0180.V07B.HDF5,3B-HHR.MS.MRG.3IMERG.20111227-S030000-E032959.0180.V07B.HDF5,True,False,7312737,c71a3ecc60f9e0c9e44f4eb45992bd2b3901872dc019fe19a5d7329b848ce7e3,CANONICAL_PRIMARY,Official NASA GES DISC canonical granule file
3B-HHR.MS.MRG.3IMERG.20111227-S060000-E062959.0360.V07B.HDF5,3B-HHR.MS.MRG.3IMERG.20111227-S060000-E062959.0360.V07B.HDF5,True,False,7419625,b35de8eec58eef49e6921f203916a23f8be94a20cc680d4a1ffc5ea8454469ab,CANONICAL_PRIMARY,Official NASA GES DISC canonical granule file
3B-HHR.MS.MRG.3IMERG.20111227-S090000-E092959.0540.V07B.HDF5,3B-HHR.MS.MRG.3IMERG.20111227-S090000-E092959.0540.V07B.HDF5,True,False,7383678,4234d067a09a86c20f5916f35896b91f53f28a406de7521904ce7c7106fc09d4,CANONICAL_PRIMARY,Official NASA GES DISC canonical granule file
3B-HHR.MS.MRG.3IMERG.20111227-S120000-E122959.0720.V07B.HDF5,3B-HHR.MS.MRG.3IMERG.20111227-S120000-E122959.0720.V07B.HDF5,True,False,7227336,5807cd3b366c60ac4579f1aa7181f87388087a22713e6180d763823f1136e112,CANONICAL_PRIMARY,Official NASA GES DISC canonical granule file
3B-HHR.MS.MRG.3IMERG.20111227-S150000-E152959.0900.V07B.HDF5,3B-HHR.MS.MRG.3IMERG.20111227-S150000-E152959.0900.V07B.HDF5,True,False,7257366,dce5d6510ac3dfdd334e058dcfb7ad8fb1d8bd2c8b62d50704917efe104f7667,CANONICAL_PRIMARY,Official NASA GES DISC canonical granule file
3B-HHR.MS.MRG.3IMERG.20111227-S180000-E182959.1080.V07B.HDF5,3B-HHR.MS.MRG.3IMERG.20111227-S180000-E182959.1080.V07B.HDF5,True,False,7547748,9912f1b92ab49ff3ca21a402ba3f2d97a89bf8ffd55eed76dbf366ea98192bf9,CANONICAL_PRIMARY,Official NASA GES DISC canonical granule file
3B-HHR.MS.MRG.3IMERG.20111227-S210000-E212959.1260.V07B.HDF5,3B-HHR.MS.MRG.3IMERG.20111227-S210000-E212959.1260.V07B.HDF5,True,False,7350788,dd7a008cc588f71722262b64783250f561668de726ef3c467f9749a0ca06b4c7,CANONICAL_PRIMARY,Official NASA GES DISC canonical granule file
3B-HHR.MS.MRG.3IMERG.20111228-S000000-E002959.0000.V07B.HDF5,3B-HHR.MS.MRG.3IMERG.20111228-S000000-E002959.0000.V07B.HDF5,True,False,7308747,06bb53a065a5c0e3eaab5024ba6cd7cf4f4f251c2d08760d6fecc1ee172542bb,CANONICAL_PRIMARY,Official NASA GES DISC canonical granule file
3B-HHR.MS.MRG.3IMERG.20111228-S030000-E032959.0180.V07B.HDF5,3B-HHR.MS.MRG.3IMERG.20111228-S030000-E032959.0180.V07B.HDF5,True,False,7071222,981a45e421004c52913953b2386ac219f4d05e67784f39197e34b04f892e45ae,CANONICAL_PRIMARY,Official NASA GES DISC canonical granule file
3B-HHR.MS.MRG.3IMERG.20111228-S060000-E062959.0360.V07B.HDF5,3B-HHR.MS.MRG.3IMERG.20111228-S060000-E062959.0360.V07B.HDF5,True,False,7070845,665a3528f4f70584ddcfda5c9c0b29c6858ae7883247f59f57b92ad411be22e5,CANONICAL_PRIMARY,Official NASA GES DISC canonical granule file
3B-HHR.MS.MRG.3IMERG.20111228-S090000-E092959.0540.V07B.HDF5,3B-HHR.MS.MRG.3IMERG.20111228-S090000-E092959.0540.V07B.HDF5,True,False,7169624,b6719440e31e5eccb5d566ea7daf6a06be5eca1042896e5d56ef276d24103321,CANONICAL_PRIMARY,Official NASA GES DISC canonical granule file
3B-HHR.MS.MRG.3IMERG.20111228-S120000-E122959.0720.V07B.HDF5,3B-HHR.MS.MRG.3IMERG.20111228-S120000-E122959.0720.V07B.HDF5,True,False,7095575,ae178789ebaf5bbf8d23ac3aa172502fb61e4a8bbfee63e5ae6d0beba1fe796f,CANONICAL_PRIMARY,Official NASA GES DISC canonical granule file
3B-HHR.MS.MRG.3IMERG.20121027-S150000-E152959.0900.V07B.HDF5,3B-HHR.MS.MRG.3IMERG.20121027-S150000-E152959.0900.V07B.HDF5,True,False,7694665,cfcd5b999f21690e51b26071811f1bd3e5c22d1184d65ba2f6fd85f6d7840b9d,CANONICAL_PRIMARY,Official NASA GES DISC canonical granule file
3B-HHR.MS.MRG.3IMERG.20121027-S180000-E182959.1080.V07B.HDF5,3B-HHR.MS.MRG.3IMERG.20121027-S180000-E182959.1080.V07B.HDF5,True,False,7667251,a9c9002c59067881589e69e3f65bc3142102e4d086173200d450a565642e1f64,CANONICAL_PRIMARY,Official NASA GES DISC canonical granule file
3B-HHR.MS.MRG.3IMERG.20121027-S210000-E212959.1260.V07B.HDF5,3B-HHR.MS.MRG.3IMERG.20121027-S210000-E212959.1260.V07B.HDF5,True,False,7723346,4af04b4cf2006bfda6ef56e264b6b6ddb150d4d6385482e406c16a71fb77f46e,CANONICAL_PRIMARY,Official NASA GES DISC canonical granule file
3B-HHR.MS.MRG.3IMERG.20121028-S000000-E002959.0000.V07B.HDF5,3B-HHR.MS.MRG.3IMERG.20121028-S000000-E002959.0000.V07B.HDF5,True,False,7482535,1af00f30268083fcaffa4ea62646b7a62027fca23d977e12d25ce9e8a48ab4b7,CANONICAL_PRIMARY,Official NASA GES DISC canonical granule file
3B-HHR.MS.MRG.3IMERG.20121028-S030000-E032959.0180.V07B.HDF5,3B-HHR.MS.MRG.3IMERG.20121028-S030000-E032959.0180.V07B.HDF5,True,False,7469776,3dd17e6e7ecfd5f2c359ff5215211ec704ce853768ba09175090b87f43eff9e9,CANONICAL_PRIMARY,Official NASA GES DISC canonical granule file
3B-HHR.MS.MRG.3IMERG.20121028-S060000-E062959.0360.V07B.HDF5,3B-HHR.MS.MRG.3IMERG.20121028-S060000-E062959.0360.V07B.HDF5,True,False,7346776,20db84ba1734f2069396251f9a2b339c18fcceca6a20625a7538699631d5fdba,CANONICAL_PRIMARY,Official NASA GES DISC canonical granule file
3B-HHR.MS.MRG.3IMERG.20121028-S090000-E092959.0540.V07B.HDF5,3B-HHR.MS.MRG.3IMERG.20121028-S090000-E092959.0540.V07B.HDF5,True,False,7393670,2f9bd8a5944bf074c18ab038e0b81951251d4a148e07edcb07e975c8b89951da,CANONICAL_PRIMARY,Official NASA GES DISC canonical granule file
3B-HHR.MS.MRG.3IMERG.20121028-S120000-E122959.0720.V07B.HDF5,3B-HHR.MS.MRG.3IMERG.20121028-S120000-E122959.0720.V07B.HDF5,True,False,7384695,1a94b260aba51f63e7149d9a4be03bd0018c8f26aec8ce2dd108a5e3ce847dbe,CANONICAL_PRIMARY,Official NASA GES DISC canonical granule file
3B-HHR.MS.MRG.3IMERG.20121028-S150000-E152959.0900.V07B.HDF5,3B-HHR.MS.MRG.3IMERG.20121028-S150000-E152959.0900.V07B.HDF5,True,False,7461088,0952786a7bb1c087a98ed0b052a23ad9cb9e3e14fc5df6b71a949e57b5400ab3,CANONICAL_PRIMARY,Official NASA GES DISC canonical granule file
3B-HHR.MS.MRG.3IMERG.20121028-S180000-E182959.1080.V07B.HDF5,3B-HHR.MS.MRG.3IMERG.20121028-S180000-E182959.1080.V07B.HDF5,True,False,7741581,49d3766a12000427d9faeda67be189b2358d59529c3949b83c77e202fb8007a3,CANONICAL_PRIMARY,Official NASA GES DISC canonical granule file
3B-HHR.MS.MRG.3IMERG.20121028-S210000-E212959.1260.V07B.HDF5,3B-HHR.MS.MRG.3IMERG.20121028-S210000-E212959.1260.V07B.HDF5,True,False,7502734,ff668f2f3931984667d42781afb6e5c469e6cbe42f2d04f27f7c6971348aed50,CANONICAL_PRIMARY,Official NASA GES DISC canonical granule file
3B-HHR.MS.MRG.3IMERG.20121029-S000000-E002959.0000.V07B.HDF5,3B-HHR.MS.MRG.3IMERG.20121029-S000000-E002959.0000.V07B.HDF5,True,False,7393185,fd43051524521a09ce32828178ad32e9a3c3056c1143498df5fcb7a326d514ec,CANONICAL_PRIMARY,Official NASA GES DISC canonical granule file
3B-HHR.MS.MRG.3IMERG.20121029-S030000-E032959.0180.V07B.HDF5,3B-HHR.MS.MRG.3IMERG.20121029-S030000-E032959.0180.V07B.HDF5,True,False,7301233,463edece6943d847ac38d7ab28f43e549a5e1b3ff55409717aa06a6d3906ad58,CANONICAL_PRIMARY,Official NASA GES DISC canonical granule file
3B-HHR.MS.MRG.3IMERG.20121029-S060000-E062959.0360.V07B.HDF5,3B-HHR.MS.MRG.3IMERG.20121029-S060000-E062959.0360.V07B.HDF5,True,False,7417551,fdf27a8167bae9c7581fd646874e185cae2f63f9c13daf1b22099f7ede33b2bf,CANONICAL_PRIMARY,Official NASA GES DISC canonical granule file
3B-HHR.MS.MRG.3IMERG.20121116-S150000-E152959.0900.V07B.HDF5,3B-HHR.MS.MRG.3IMERG.20121116-S150000-E152959.0900.V07B.HDF5,True,False,7660226,f1b4bdc045b68898b318d089824ddae91718c5e3597ee723838a360a31ebfa47,CANONICAL_PRIMARY,Official NASA GES DISC canonical granule file
3B-HHR.MS.MRG.3IMERG.20121116-S180000-E182959.1080.V07B.HDF5,3B-HHR.MS.MRG.3IMERG.20121116-S180000-E182959.1080.V07B.HDF5,True,False,7799573,b85fb27b937b356e19e39c580a3a7f3daef08e21d843fc1f45deefa1f31e2019,CANONICAL_PRIMARY,Official NASA GES DISC canonical granule file
3B-HHR.MS.MRG.3IMERG.20121116-S210000-E212959.1260.V07B.HDF5,3B-HHR.MS.MRG.3IMERG.20121116-S210000-E212959.1260.V07B.HDF5,True,False,7676924,f626fe73195caa2c1bac05dcb30ce287501ac6f083003375f10aa689d750d7ae,CANONICAL_PRIMARY,Official NASA GES DISC canonical granule file
3B-HHR.MS.MRG.3IMERG.20121117-S000000-E002959.0000.V07B.HDF5,3B-HHR.MS.MRG.3IMERG.20121117-S000000-E002959.0000.V07B.HDF5,True,False,7350777,16193bbdeb1cc74404fc8d757d88dd3f9d046ec9a9039e645b33f07e6cc04daf,CANONICAL_PRIMARY,Official NASA GES DISC canonical granule file
3B-HHR.MS.MRG.3IMERG.20121117-S030000-E032959.0180.V07B.HDF5,3B-HHR.MS.MRG.3IMERG.20121117-S030000-E032959.0180.V07B.HDF5,True,False,7263602,0b7c2377e22617914d092412d43b106abde003b7138f2fcdb378a3bff09e9089,CANONICAL_PRIMARY,Official NASA GES DISC canonical granule file
3B-HHR.MS.MRG.3IMERG.20121117-S060000-E062959.0360.V07B.HDF5,3B-HHR.MS.MRG.3IMERG.20121117-S060000-E062959.0360.V07B.HDF5,True,False,7388077,bbf54d31c2b6d903a5223c8b51fbead2e76c98455c3dff459041bb16666cfea3,CANONICAL_PRIMARY,Official NASA GES DISC canonical granule file
3B-HHR.MS.MRG.3IMERG.20121117-S090000-E092959.0540.V07B.HDF5,3B-HHR.MS.MRG.3IMERG.20121117-S090000-E092959.0540.V07B.HDF5,True,False,7482931,ed4a0bd415ffb194f1666b59aa8742f980cfa6ab6abc6f9f8ad699a96c8005e5,CANONICAL_PRIMARY,Official NASA GES DISC canonical granule file
3B-HHR.MS.MRG.3IMERG.20121117-S120000-E122959.0720.V07B.HDF5,3B-HHR.MS.MRG.3IMERG.20121117-S120000-E122959.0720.V07B.HDF5,True,False,7236068,8a148f11cf1c8bbddfb5f3e5393bab757912a427e90a7a2d6cc3f14fc2169910,CANONICAL_PRIMARY,Official NASA GES DISC canonical granule file
3B-HHR.MS.MRG.3IMERG.20121221-S210000-E212959.1260.V07B.HDF5,3B-HHR.MS.MRG.3IMERG.20121221-S210000-E212959.1260.V07B.HDF5,True,False,7854252,d7c7526181c2b90acf1259b2700363838a75d738a78128d4da942ce680e6b6ad,CANONICAL_PRIMARY,Official NASA GES DISC canonical granule file
3B-HHR.MS.MRG.3IMERG.20121222-S000000-E002959.0000.V07B.HDF5,3B-HHR.MS.MRG.3IMERG.20121222-S000000-E002959.0000.V07B.HDF5,True,False,7631403,8be73588c6b6372f2387fcde698d63a5390ea0d6f60466a13c87767fd14035a8,CANONICAL_PRIMARY,Official NASA GES DISC canonical granule file
3B-HHR.MS.MRG.3IMERG.20121222-S030000-E032959.0180.V07B.HDF5,3B-HHR.MS.MRG.3IMERG.20121222-S030000-E032959.0180.V07B.HDF5,True,False,7701513,5802ae86f2d45acaa10160cecd9dd3179ec3d64bb75ab88df4844a1cc018cc67,CANONICAL_PRIMARY,Official NASA GES DISC canonical granule file
3B-HHR.MS.MRG.3IMERG.20121222-S060000-E062959.0360.V07B.HDF5,3B-HHR.MS.MRG.3IMERG.20121222-S060000-E062959.0360.V07B.HDF5,True,False,7613641,b5f44291e44f7b1df6731015499fa35a8cc87d43afeb9f44652bd862021e6947,CANONICAL_PRIMARY,Official NASA GES DISC canonical granule file
3B-HHR.MS.MRG.3IMERG.20121222-S090000-E092959.0540.V07B.HDF5,3B-HHR.MS.MRG.3IMERG.20121222-S090000-E092959.0540.V07B.HDF5,True,False,7637611,d9ea31e7cfdf8b1a4dbe87b8abdfe6d56f1079fcbb84cab253aeecf261445e75,CANONICAL_PRIMARY,Official NASA GES DISC canonical granule file
3B-HHR.MS.MRG.3IMERG.20121222-S120000-E122959.0720.V07B.HDF5,3B-HHR.MS.MRG.3IMERG.20121222-S120000-E122959.0720.V07B.HDF5,True,False,7456316,12b4dd543f6f259b9abf7b976065ce32ebdf66944aa2bbfb694fad17cab6767c,CANONICAL_PRIMARY,Official NASA GES DISC canonical granule file
3B-HHR.MS.MRG.3IMERG.20130509-S210000-E212959.1260.V07B.HDF5,3B-HHR.MS.MRG.3IMERG.20130509-S210000-E212959.1260.V07B.HDF5,True,False,8417277,aad5011c2f2617f4428d14afbf118d8402168e58e817852557d8a1f9d51e1d08,CANONICAL_PRIMARY,Official NASA GES DISC canonical granule file
3B-HHR.MS.MRG.3IMERG.20130510-S000000-E002959.0000.V07B.HDF5,3B-HHR.MS.MRG.3IMERG.20130510-S000000-E002959.0000.V07B.HDF5,True,False,8068435,05afbc24bf023caa199e209d1f3fe3f535331e06632a3333258814896b1f8158,CANONICAL_PRIMARY,Official NASA GES DISC canonical granule file
3B-HHR.MS.MRG.3IMERG.20130510-S030000-E032959.0180.V07B.HDF5,3B-HHR.MS.MRG.3IMERG.20130510-S030000-E032959.0180.V07B.HDF5,True,False,8055385,6da50d9c6eaa0d4bb267d6ad1f9879a2f9c290617969829276f32e824bed1c54,CANONICAL_PRIMARY,Official NASA GES DISC canonical granule file
3B-HHR.MS.MRG.3IMERG.20130510-S060000-E062959.0360.V07B.HDF5,3B-HHR.MS.MRG.3IMERG.20130510-S060000-E062959.0360.V07B.HDF5,True,False,8084947,0e6addbb443b99a1a3270ea4ee1a46d58c1d70d5f024443c101308855889a607,CANONICAL_PRIMARY,Official NASA GES DISC canonical granule file
3B-HHR.MS.MRG.3IMERG.20130510-S090000-E092959.0540.V07B.HDF5,3B-HHR.MS.MRG.3IMERG.20130510-S090000-E092959.0540.V07B.HDF5,True,False,8160673,f78a3dd33bdd3ed3d89aa512c1f124dedd689cd8080286bb6fade614dad553f3,CANONICAL_PRIMARY,Official NASA GES DISC canonical granule file
3B-HHR.MS.MRG.3IMERG.20130510-S120000-E122959.0720.V07B.HDF5,3B-HHR.MS.MRG.3IMERG.20130510-S120000-E122959.0720.V07B.HDF5,True,False,8274357,2a2239738481eacc083efba797619e6e150c37447342abfa7603de8b3e1883ab,CANONICAL_PRIMARY,Official NASA GES DISC canonical granule file
3B-HHR.MS.MRG.3IMERG.20130510-S150000-E152959.0900.V07B.HDF5,3B-HHR.MS.MRG.3IMERG.20130510-S150000-E152959.0900.V07B.HDF5,True,False,8307570,85a2af4163dac32874a3d569c94fb023a1989f1d745e90677b5cee480454913a,CANONICAL_PRIMARY,Official NASA GES DISC canonical granule file
3B-HHR.MS.MRG.3IMERG.20130510-S180000-E182959.1080.V07B.HDF5,3B-HHR.MS.MRG.3IMERG.20130510-S180000-E182959.1080.V07B.HDF5,True,False,8469280,c984d1c6b62c7383fc65fe2c62c8cb09541bcd8b7513d737bbae7d8ef8d15e74,CANONICAL_PRIMARY,Official NASA GES DISC canonical granule file
3B-HHR.MS.MRG.3IMERG.20130510-S210000-E212959.1260.V07B.HDF5,3B-HHR.MS.MRG.3IMERG.20130510-S210000-E212959.1260.V07B.HDF5,True,False,8356720,194c13615357edb52a4c1ca85a2f24b3c915ea0fc31b4a5aef4af91b50d397a9,CANONICAL_PRIMARY,Official NASA GES DISC canonical granule file
3B-HHR.MS.MRG.3IMERG.20130511-S000000-E002959.0000.V07B.HDF5,3B-HHR.MS.MRG.3IMERG.20130511-S000000-E002959.0000.V07B.HDF5,True,False,8165814,ff2e10704347308e2545427e7d428315d8d42954e1e7befb5b52a8e0d7f488b6,CANONICAL_PRIMARY,Official NASA GES DISC canonical granule file
3B-HHR.MS.MRG.3IMERG.20130511-S030000-E032959.0180.V07B.HDF5,3B-HHR.MS.MRG.3IMERG.20130511-S030000-E032959.0180.V07B.HDF5,True,False,8279002,b616fcec6b69a03199b1f494d2286852fb3da9b52dfc7275fff841d7a343eae1,CANONICAL_PRIMARY,Official NASA GES DISC canonical granule file
3B-HHR.MS.MRG.3IMERG.20130511-S060000-E062959.0360.V07B.HDF5,3B-HHR.MS.MRG.3IMERG.20130511-S060000-E062959.0360.V07B.HDF5,True,False,8128283,494bf9e3a4c0d4d0f61b618bbb81bc99e972bc010bf8f9a6e7a2cdb24888eeb9,CANONICAL_PRIMARY,Official NASA GES DISC canonical granule file
3B-HHR.MS.MRG.3IMERG.20130511-S090000-E092959.0540.V07B.HDF5,3B-HHR.MS.MRG.3IMERG.20130511-S090000-E092959.0540.V07B.HDF5,True,False,8271645,a4564c580f5ae44bf75c562aa7b569902ea63960d45731638fdc3ff71f7baf7f,CANONICAL_PRIMARY,Official NASA GES DISC canonical granule file
3B-HHR.MS.MRG.3IMERG.20130511-S120000-E122959.0720.V07B.HDF5,3B-HHR.MS.MRG.3IMERG.20130511-S120000-E122959.0720.V07B.HDF5,True,False,8304951,6cdf8dcee4e7d8497dc015af25b83f3ff1039c3495daff580f4148de9a608bea,CANONICAL_PRIMARY,Official NASA GES DISC canonical granule file
3B-HHR.MS.MRG.3IMERG.20130511-S150000-E152959.0900.V07B.HDF5,3B-HHR.MS.MRG.3IMERG.20130511-S150000-E152959.0900.V07B.HDF5,True,False,8406138,2930b670fe4c4a0b4179c9f515786288ee0ccd07e8217e35e7417ee8a8b3522b,CANONICAL_PRIMARY,Official NASA GES DISC canonical granule file
3B-HHR.MS.MRG.3IMERG.20130511-S180000-E182959.1080.V07B.HDF5,3B-HHR.MS.MRG.3IMERG.20130511-S180000-E182959.1080.V07B.HDF5,True,False,8425809,0e62707a10cf9bad0328aa2ab2edb68eab6f014e0c343e105b8e48965a9bc52a,CANONICAL_PRIMARY,Official NASA GES DISC canonical granule file
3B-HHR.MS.MRG.3IMERG.20130511-S210000-E212959.1260.V07B.HDF5,3B-HHR.MS.MRG.3IMERG.20130511-S210000-E212959.1260.V07B.HDF5,True,False,8414759,b6cd9183b5ec00dceb2802e044e620fa7814b6c6f39081acebe7cf4df446e341,CANONICAL_PRIMARY,Official NASA GES DISC canonical granule file
3B-HHR.MS.MRG.3IMERG.20130512-S000000-E002959.0000.V07B.HDF5,3B-HHR.MS.MRG.3IMERG.20130512-S000000-E002959.0000.V07B.HDF5,True,False,8404799,defc82e9532ebc0b2774446121d8c2fdc0e1dd98295de1ea3fbdec6d488068c4,CANONICAL_PRIMARY,Official NASA GES DISC canonical granule file
3B-HHR.MS.MRG.3IMERG.20130512-S030000-E032959.0180.V07B.HDF5,3B-HHR.MS.MRG.3IMERG.20130512-S030000-E032959.0180.V07B.HDF5,True,False,8409535,b294b4668ddd4915c683bc040adc07fe8fac3a970bf854faeb2e45ae95ae602e,CANONICAL_PRIMARY,Official NASA GES DISC canonical granule file
3B-HHR.MS.MRG.3IMERG.20130512-S060000-E062959.0360.V07B.HDF5,3B-HHR.MS.MRG.3IMERG.20130512-S060000-E062959.0360.V07B.HDF5,True,False,8483827,d1f08c5c4f3b0a690ad1a4764200d0164e9d4335167e947f927deb8bb0dbf534,CANONICAL_PRIMARY,Official NASA GES DISC canonical granule file
3B-HHR.MS.MRG.3IMERG.20130512-S090000-E092959.0540.V07B.HDF5,3B-HHR.MS.MRG.3IMERG.20130512-S090000-E092959.0540.V07B.HDF5,True,False,8540862,998573dd288aa8b772eae4277b0465ad112709f475a062668c11addbbe7e4bc9,CANONICAL_PRIMARY,Official NASA GES DISC canonical granule file
3B-HHR.MS.MRG.3IMERG.20130512-S120000-E122959.0720.V07B.HDF5,3B-HHR.MS.MRG.3IMERG.20130512-S120000-E122959.0720.V07B.HDF5,True,False,8525472,b71520556f0f8e6c0bca5dffad0c1fc76c91f32e93e5bb4ad22bb525256d14e3,CANONICAL_PRIMARY,Official NASA GES DISC canonical granule file
3B-HHR.MS.MRG.3IMERG.20130512-S150000-E152959.0900.V07B.HDF5,3B-HHR.MS.MRG.3IMERG.20130512-S150000-E152959.0900.V07B.HDF5,True,False,8696991,d2985f9c17fc64d0c45f97486df57631a0770b8cc43bf07f4937104fcfe329ff,CANONICAL_PRIMARY,Official NASA GES DISC canonical granule file
3B-HHR.MS.MRG.3IMERG.20130512-S180000-E182959.1080.V07B.HDF5,3B-HHR.MS.MRG.3IMERG.20130512-S180000-E182959.1080.V07B.HDF5,True,False,8507034,9d724f11b140bb8fb2ff27b14c99bd023e3bb072d9627b4137911bc123f55f7f,CANONICAL_PRIMARY,Official NASA GES DISC canonical granule file
3B-HHR.MS.MRG.3IMERG.20130512-S210000-E212959.1260.V07B.HDF5,3B-HHR.MS.MRG.3IMERG.20130512-S210000-E212959.1260.V07B.HDF5,True,False,8480256,69f2a5b3fb9baf24254213c4fb6d9a1f35b6be6c423457e85cd1fe61cc00ef0d,CANONICAL_PRIMARY,Official NASA GES DISC canonical granule file
3B-HHR.MS.MRG.3IMERG.20130513-S000000-E002959.0000.V07B.HDF5,3B-HHR.MS.MRG.3IMERG.20130513-S000000-E002959.0000.V07B.HDF5,True,False,8310698,d0d142bee763e520575a31fda364b6fa9a908615afec52167714db6cbbed698c,CANONICAL_PRIMARY,Official NASA GES DISC canonical granule file
3B-HHR.MS.MRG.3IMERG.20130513-S030000-E032959.0180.V07B.HDF5,3B-HHR.MS.MRG.3IMERG.20130513-S030000-E032959.0180.V07B.HDF5,True,False,8321442,acf2a5d57fef03e3fee49cd1bf9eca2e830ab254bf71255eeec5d5a726dc5bcc,CANONICAL_PRIMARY,Official NASA GES DISC canonical granule file
3B-HHR.MS.MRG.3IMERG.20130513-S060000-E062959.0360.V07B.HDF5,3B-HHR.MS.MRG.3IMERG.20130513-S060000-E062959.0360.V07B.HDF5,True,False,8332894,818bd9ce95191b92e9477711346aee8323dd409c18bc426c401ab440b83a1f1d,CANONICAL_PRIMARY,Official NASA GES DISC canonical granule file
3B-HHR.MS.MRG.3IMERG.20130528-S120000-E122959.0720.V07B.HDF5,3B-HHR.MS.MRG.3IMERG.20130528-S120000-E122959.0720.V07B.HDF5,True,False,8479054,715bac8f1d8db254358721510fb683240c7604150631742325d304025651d5a2,CANONICAL_PRIMARY,Official NASA GES DISC canonical granule file
3B-HHR.MS.MRG.3IMERG.20130528-S150000-E152959.0900.V07B.HDF5,3B-HHR.MS.MRG.3IMERG.20130528-S150000-E152959.0900.V07B.HDF5,True,False,8554848,8fca0b223226ddbbfd2b9c478a0930bac4b195871e5b309ac97701159cf2f857,CANONICAL_PRIMARY,Official NASA GES DISC canonical granule file
3B-HHR.MS.MRG.3IMERG.20130528-S180000-E182959.1080.V07B.HDF5,3B-HHR.MS.MRG.3IMERG.20130528-S180000-E182959.1080.V07B.HDF5,True,False,8412001,3892ecdb5626463cb711e39a9eb51d8f2790ce9553e949f4d5b3d634f1694dd0,CANONICAL_PRIMARY,Official NASA GES DISC canonical granule file
3B-HHR.MS.MRG.3IMERG.20130528-S210000-E212959.1260.V07B.HDF5,3B-HHR.MS.MRG.3IMERG.20130528-S210000-E212959.1260.V07B.HDF5,True,False,8564355,da57687d88968f5fb2912eda935d31000b00544161049ded01e0c90ac231f7b4,CANONICAL_PRIMARY,Official NASA GES DISC canonical granule file
3B-HHR.MS.MRG.3IMERG.20130529-S000000-E002959.0000.V07B.HDF5,3B-HHR.MS.MRG.3IMERG.20130529-S000000-E002959.0000.V07B.HDF5,True,False,8282880,b94d0f9c313415c4de1651134ffdd58191c8870ea14a4ad44d0fbd2084b5d268,CANONICAL_PRIMARY,Official NASA GES DISC canonical granule file
3B-HHR.MS.MRG.3IMERG.20130529-S030000-E032959.0180.V07B.HDF5,3B-HHR.MS.MRG.3IMERG.20130529-S030000-E032959.0180.V07B.HDF5,True,False,8246482,4ace964eff43ac42434d7e0ed2e97e01a412ec04f8558ec8b140c96e0358f5cd,CANONICAL_PRIMARY,Official NASA GES DISC canonical granule file
3B-HHR.MS.MRG.3IMERG.20130529-S060000-E062959.0360.V07B.HDF5,3B-HHR.MS.MRG.3IMERG.20130529-S060000-E062959.0360.V07B.HDF5,True,False,8345983,59ce9ab85819e00b0d691a46efa9d1f711c339fb3c0ee3709214c62b85af6f3a,CANONICAL_PRIMARY,Official NASA GES DISC canonical granule file
3B-HHR.MS.MRG.3IMERG.20131007-S150000-E152959.0900.V07B.HDF5,3B-HHR.MS.MRG.3IMERG.20131007-S150000-E152959.0900.V07B.HDF5,True,False,7827576,f6ef19fc524eee619ae5626949de5eaac81c2c911f1ae26599350f924d2ceba8,CANONICAL_PRIMARY,Official NASA GES DISC canonical granule file
3B-HHR.MS.MRG.3IMERG.20131007-S180000-E182959.1080.V07B.HDF5,3B-HHR.MS.MRG.3IMERG.20131007-S180000-E182959.1080.V07B.HDF5,True,False,7836087,8be5d728f9e06ec23ab65497aebb6b9734e9742f6b23511002e8d8888a6ec379,CANONICAL_PRIMARY,Official NASA GES DISC canonical granule file
3B-HHR.MS.MRG.3IMERG.20131007-S210000-E212959.1260.V07B.HDF5,3B-HHR.MS.MRG.3IMERG.20131007-S210000-E212959.1260.V07B.HDF5,True,False,7777734,248a0629653442037e807327f04add5e62c2dced78be6bc6e461b2a0b07197ab,CANONICAL_PRIMARY,Official NASA GES DISC canonical granule file
3B-HHR.MS.MRG.3IMERG.20131008-S000000-E002959.0000.V07B.HDF5,3B-HHR.MS.MRG.3IMERG.20131008-S000000-E002959.0000.V07B.HDF5,True,False,7615269,4677863befe9f3f3b4130a1cb598ac657fcb0a5e8a310286fa8f6a2285880165,CANONICAL_PRIMARY,Official NASA GES DISC canonical granule file
3B-HHR.MS.MRG.3IMERG.20131008-S030000-E032959.0180.V07B.HDF5,3B-HHR.MS.MRG.3IMERG.20131008-S030000-E032959.0180.V07B.HDF5,True,False,7577025,c7666b87ebe1b9fd8b79fe3b172a7c9c897bf63d672b7d8eb1dad0e5f8001f20,CANONICAL_PRIMARY,Official NASA GES DISC canonical granule file
3B-HHR.MS.MRG.3IMERG.20131008-S060000-E062959.0360.V07B.HDF5,3B-HHR.MS.MRG.3IMERG.20131008-S060000-E062959.0360.V07B.HDF5,True,False,7601429,be0259d239f367dda7d8e264161ebe2ce38461a192df90144d418316f5517bc7,CANONICAL_PRIMARY,Official NASA GES DISC canonical granule file
3B-HHR.MS.MRG.3IMERG.20131008-S090000-E092959.0540.V07B.HDF5,3B-HHR.MS.MRG.3IMERG.20131008-S090000-E092959.0540.V07B.HDF5,True,False,7536342,7c9316d877fafabdd30f16c9073eb34decfd643d0edbd9a475d2ef265800ec2c,CANONICAL_PRIMARY,Official NASA GES DISC canonical granule file
3B-HHR.MS.MRG.3IMERG.20131008-S120000-E122959.0720.V07B.HDF5,3B-HHR.MS.MRG.3IMERG.20131008-S120000-E122959.0720.V07B.HDF5,True,False,7615599,bbab839c8f1f4d04766392e3f79ab83543d262f63a5f232bde1ce6a76a5d1218,CANONICAL_PRIMARY,Official NASA GES DISC canonical granule file
3B-HHR.MS.MRG.3IMERG.20131008-S150000-E152959.0900.V07B.HDF5,3B-HHR.MS.MRG.3IMERG.20131008-S150000-E152959.0900.V07B.HDF5,True,False,7713848,10d7828135812d45b5e640c7928cc9313fc473f57aab770337ea0b05765c5926,CANONICAL_PRIMARY,Official NASA GES DISC canonical granule file
3B-HHR.MS.MRG.3IMERG.20131008-S180000-E182959.1080.V07B.HDF5,3B-HHR.MS.MRG.3IMERG.20131008-S180000-E182959.1080.V07B.HDF5,True,False,7738623,b9ed087d267bcb0703fa23965239b35818757ac4eb2b02c58d1a59681b696c09,CANONICAL_PRIMARY,Official NASA GES DISC canonical granule file
3B-HHR.MS.MRG.3IMERG.20131008-S210000-E212959.1260.V07B.HDF5,3B-HHR.MS.MRG.3IMERG.20131008-S210000-E212959.1260.V07B.HDF5,True,False,7787918,f5ff2988eb191c52c91af03757558d63c9ccb80165423a1c3f27f943be6e9427,CANONICAL_PRIMARY,Official NASA GES DISC canonical granule file
3B-HHR.MS.MRG.3IMERG.20131009-S000000-E002959.0000.V07B.HDF5,3B-HHR.MS.MRG.3IMERG.20131009-S000000-E002959.0000.V07B.HDF5,True,False,7530091,8281a21c5a4b17ab8e1acac66c2cd915a4aac3638e97b78ef7e239a56e59bbdf,CANONICAL_PRIMARY,Official NASA GES DISC canonical granule file
3B-HHR.MS.MRG.3IMERG.20131009-S030000-E032959.0180.V07B.HDF5,3B-HHR.MS.MRG.3IMERG.20131009-S030000-E032959.0180.V07B.HDF5,True,False,7559949,63759741e287daa7b8bd1e7f0132ce1bbb04f77e6b42b33f6c346ab6e5c30c5c,CANONICAL_PRIMARY,Official NASA GES DISC canonical granule file
3B-HHR.MS.MRG.3IMERG.20131009-S060000-E062959.0360.V07B.HDF5,3B-HHR.MS.MRG.3IMERG.20131009-S060000-E062959.0360.V07B.HDF5,True,False,7545260,cdfd67017ac0425fa17c3b0f5b7de43f1d1eaadcd61f4117387a11fdd7874e46,CANONICAL_PRIMARY,Official NASA GES DISC canonical granule file
3B-HHR.MS.MRG.3IMERG.20131009-S090000-E092959.0540.V07B.HDF5,3B-HHR.MS.MRG.3IMERG.20131009-S090000-E092959.0540.V07B.HDF5,True,False,7520851,44c38f32e8266f0b4ce32bf46d62af778051e97ba3d735e34898cdf4b9ce3291,CANONICAL_PRIMARY,Official NASA GES DISC canonical granule file
3B-HHR.MS.MRG.3IMERG.20131009-S120000-E122959.0720.V07B.HDF5,3B-HHR.MS.MRG.3IMERG.20131009-S120000-E122959.0720.V07B.HDF5,True,False,7642510,3ae692ea8c2f4db5b14bad33a6f1d1cdd92724c261b77d716b490b5e49d18358,CANONICAL_PRIMARY,Official NASA GES DISC canonical granule file
3B-HHR.MS.MRG.3IMERG.20131009-S150000-E152959.0900.V07B.HDF5,3B-HHR.MS.MRG.3IMERG.20131009-S150000-E152959.0900.V07B.HDF5,True,False,7753552,6aaa8092d29c751fbc416c06bfc803560687c247069b7408224b0024c2d26527,CANONICAL_PRIMARY,Official NASA GES DISC canonical granule file
3B-HHR.MS.MRG.3IMERG.20131009-S180000-E182959.1080.V07B.HDF5,3B-HHR.MS.MRG.3IMERG.20131009-S180000-E182959.1080.V07B.HDF5,True,False,7770394,c439c84d3e2711df45e6123e7fd4ac3b84a78ed8dbc88f5feded63b703576392,CANONICAL_PRIMARY,Official NASA GES DISC canonical granule file
3B-HHR.MS.MRG.3IMERG.20131009-S210000-E212959.1260.V07B.HDF5,3B-HHR.MS.MRG.3IMERG.20131009-S210000-E212959.1260.V07B.HDF5,True,False,7620842,2153e82f1a5f0ae863a57314fb8d3835716a852587d5a748c4016a9e9680896d,CANONICAL_PRIMARY,Official NASA GES DISC canonical granule file
3B-HHR.MS.MRG.3IMERG.20131010-S000000-E002959.0000.V07B.HDF5,3B-HHR.MS.MRG.3IMERG.20131010-S000000-E002959.0000.V07B.HDF5,True,False,7392189,c311a621d42efcb4cbbb0e6f5dab788181b94fd520cb88eef22238f03134a65f,CANONICAL_PRIMARY,Official NASA GES DISC canonical granule file
3B-HHR.MS.MRG.3IMERG.20131010-S030000-E032959.0180.V07B.HDF5,3B-HHR.MS.MRG.3IMERG.20131010-S030000-E032959.0180.V07B.HDF5,True,False,7439677,d0beea03bb905bb598fe074e6570398938931327dc2bc8a0fc5ef7fe04108549,CANONICAL_PRIMARY,Official NASA GES DISC canonical granule file
3B-HHR.MS.MRG.3IMERG.20131010-S060000-E062959.0360.V07B.HDF5,3B-HHR.MS.MRG.3IMERG.20131010-S060000-E062959.0360.V07B.HDF5,True,False,7649298,9a83e88fbae4a68ad00003d51ae8772d94feadaed4f98c258c5a1fb0e49a0dbd,CANONICAL_PRIMARY,Official NASA GES DISC canonical granule file
3B-HHR.MS.MRG.3IMERG.20131010-S090000-E092959.0540.V07B.HDF5,3B-HHR.MS.MRG.3IMERG.20131010-S090000-E092959.0540.V07B.HDF5,True,False,7718879,d6e20fffcbf94d2e54a73112d7c164f8a6fa12030d0a9cf0bf187d026745af3a,CANONICAL_PRIMARY,Official NASA GES DISC canonical granule file
3B-HHR.MS.MRG.3IMERG.20131010-S120000-E122959.0720.V07B.HDF5,3B-HHR.MS.MRG.3IMERG.20131010-S120000-E122959.0720.V07B.HDF5,True,False,7676946,e8b77ee1a4f28fe3ecdb2eb8c36aae473cc65f39a3b48926b90be6352db72b84,CANONICAL_PRIMARY,Official NASA GES DISC canonical granule file
3B-HHR.MS.MRG.3IMERG.20131010-S150000-E152959.0900.V07B.HDF5,3B-HHR.MS.MRG.3IMERG.20131010-S150000-E152959.0900.V07B.HDF5,True,False,7744153,3305510cd5397d4b6164ff58dd70bae7aa47a4ebac5b10c63b3b608e1cb726e2,CANONICAL_PRIMARY,Official NASA GES DISC canonical granule file
3B-HHR.MS.MRG.3IMERG.20131010-S180000-E182959.1080.V07B.HDF5,3B-HHR.MS.MRG.3IMERG.20131010-S180000-E182959.1080.V07B.HDF5,True,False,7749231,a1c8480ae347e325a542c1a0c962256957ed7d07b784c25119098b3e717d9fc0,CANONICAL_PRIMARY,Official NASA GES DISC canonical granule file
3B-HHR.MS.MRG.3IMERG.20131010-S210000-E212959.1260.V07B.HDF5,3B-HHR.MS.MRG.3IMERG.20131010-S210000-E212959.1260.V07B.HDF5,True,False,7697519,c628ea58ef55ae3c6eb8ad4bec5ea14febed5ffd2888bf0c1ef7db8050743955,CANONICAL_PRIMARY,Official NASA GES DISC canonical granule file
3B-HHR.MS.MRG.3IMERG.20131011-S000000-E002959.0000.V07B.HDF5,3B-HHR.MS.MRG.3IMERG.20131011-S000000-E002959.0000.V07B.HDF5,True,False,7629363,24046cfe79801b345da0182c27032e638944d855c847c673001d2c5e4ac7d28d,CANONICAL_PRIMARY,Official NASA GES DISC canonical granule file
3B-HHR.MS.MRG.3IMERG.20131107-S150000-E152959.0900.V07B.HDF5,3B-HHR.MS.MRG.3IMERG.20131107-S150000-E152959.0900.V07B.HDF5,True,False,8158385,cddd466d4340a79c86e584721f9f7cdcaabbf655b2c09cccf15f76733920e969,CANONICAL_PRIMARY,Official NASA GES DISC canonical granule file
3B-HHR.MS.MRG.3IMERG.20131107-S180000-E182959.1080.V07B.HDF5,3B-HHR.MS.MRG.3IMERG.20131107-S180000-E182959.1080.V07B.HDF5,True,False,8106503,067c510bb3d9208f958ad8b0bc10322efe767cc5f48f425fb9bcf0af8db5ef03,CANONICAL_PRIMARY,Official NASA GES DISC canonical granule file
3B-HHR.MS.MRG.3IMERG.20131107-S210000-E212959.1260.V07B.HDF5,3B-HHR.MS.MRG.3IMERG.20131107-S210000-E212959.1260.V07B.HDF5,True,False,8070395,763a516898650982d22497601603f376c74ad59176912d8b9529d4e99ba84744,CANONICAL_PRIMARY,Official NASA GES DISC canonical granule file
3B-HHR.MS.MRG.3IMERG.20131108-S000000-E002959.0000.V07B.HDF5,3B-HHR.MS.MRG.3IMERG.20131108-S000000-E002959.0000.V07B.HDF5,True,False,7863925,1e7e2a5738a6cf7d31c5f20d4078094c6e62c78964d6f99efabc1cd500b7ad07,CANONICAL_PRIMARY,Official NASA GES DISC canonical granule file
3B-HHR.MS.MRG.3IMERG.20131108-S030000-E032959.0180.V07B.HDF5,3B-HHR.MS.MRG.3IMERG.20131108-S030000-E032959.0180.V07B.HDF5,True,False,8039092,2cd7a1ce85dd5390f51a45d59750abb4c3d85c0b9fdb8d954590a5f87e89d3a4,CANONICAL_PRIMARY,Official NASA GES DISC canonical granule file
3B-HHR.MS.MRG.3IMERG.20131108-S060000-E062959.0360.V07B.HDF5,3B-HHR.MS.MRG.3IMERG.20131108-S060000-E062959.0360.V07B.HDF5,True,False,7815516,b74e2bd42c90a2a03139b6687675d034d1b7c8d9f02cf007820d8945f939feaf,CANONICAL_PRIMARY,Official NASA GES DISC canonical granule file
3B-HHR.MS.MRG.3IMERG.20131108-S090000-E092959.0540.V07B.HDF5,3B-HHR.MS.MRG.3IMERG.20131108-S090000-E092959.0540.V07B.HDF5,True,False,7950095,70447764ab05191dc0cf5d21ca1ebef6bfc455800278d5b1292f19d03635a3ef,CANONICAL_PRIMARY,Official NASA GES DISC canonical granule file
3B-HHR.MS.MRG.3IMERG.20131108-S120000-E122959.0720.V07B.HDF5,3B-HHR.MS.MRG.3IMERG.20131108-S120000-E122959.0720.V07B.HDF5,True,False,7859684,4c5b8b585501a43fb5bd2755990e9df598e1a7779057cac3463a0d92b6d8f67a,CANONICAL_PRIMARY,Official NASA GES DISC canonical granule file
3B-HHR.MS.MRG.3IMERG.20131108-S150000-E152959.0900.V07B.HDF5,3B-HHR.MS.MRG.3IMERG.20131108-S150000-E152959.0900.V07B.HDF5,True,False,8041012,ba0de43e9539f8283c4e5f4f17dbd76e544caca9f0dbe9f44f6c391fdf50eb84,CANONICAL_PRIMARY,Official NASA GES DISC canonical granule file
3B-HHR.MS.MRG.3IMERG.20131108-S180000-E182959.1080.V07B.HDF5,3B-HHR.MS.MRG.3IMERG.20131108-S180000-E182959.1080.V07B.HDF5,True,False,7970027,9e310ad5978b2a243f1dae8f896c48d00f7c10fa53fa2e3436811eb03c88a6f3,CANONICAL_PRIMARY,Official NASA GES DISC canonical granule file
3B-HHR.MS.MRG.3IMERG.20131108-S210000-E212959.1260.V07B.HDF5,3B-HHR.MS.MRG.3IMERG.20131108-S210000-E212959.1260.V07B.HDF5,True,False,7954445,cf78bf4bafeb9f5ec2c10d16561c8c68e12703a5605eaaf78608f713b50d59df,CANONICAL_PRIMARY,Official NASA GES DISC canonical granule file
3B-HHR.MS.MRG.3IMERG.20131109-S000000-E002959.0000.V07B.HDF5,3B-HHR.MS.MRG.3IMERG.20131109-S000000-E002959.0000.V07B.HDF5,True,False,7702718,2297f1539ec72a7025f8a9130aad535ac167072d4bce0b442a3ec38762b9d04e,CANONICAL_PRIMARY,Official NASA GES DISC canonical granule file
3B-HHR.MS.MRG.3IMERG.20131109-S030000-E032959.0180.V07B.HDF5,3B-HHR.MS.MRG.3IMERG.20131109-S030000-E032959.0180.V07B.HDF5,True,False,7958310,f60491715f59fddbb308de55fe422dc69805e87955e24fae5b1cc45f528f0549,CANONICAL_PRIMARY,Official NASA GES DISC canonical granule file
3B-HHR.MS.MRG.3IMERG.20131109-S060000-E062959.0360.V07B.HDF5,3B-HHR.MS.MRG.3IMERG.20131109-S060000-E062959.0360.V07B.HDF5,True,False,7904394,30cfbbfc89ca8703a4babf6d0b80451ffb623df9ff8ab4843e027db33a160a5b,CANONICAL_PRIMARY,Official NASA GES DISC canonical granule file
3B-HHR.MS.MRG.3IMERG.20131118-S090000-E092959.0540.V07B.HDF5,3B-HHR.MS.MRG.3IMERG.20131118-S090000-E092959.0540.V07B.HDF5,True,False,7388629,e8efaf50b57d327beb0a277e0eae8067d45a3af1c5cbaf74848cbe73991eec20,CANONICAL_PRIMARY,Official NASA GES DISC canonical granule file
3B-HHR.MS.MRG.3IMERG.20131118-S120000-E122959.0720.V07B.HDF5,3B-HHR.MS.MRG.3IMERG.20131118-S120000-E122959.0720.V07B.HDF5,True,False,7299041,3c8eff421a5d9a102022ca5bc97deecedc64d0a815600f040791328fd8c97747,CANONICAL_PRIMARY,Official NASA GES DISC canonical granule file
3B-HHR.MS.MRG.3IMERG.20131118-S150000-E152959.0900.V07B.HDF5,3B-HHR.MS.MRG.3IMERG.20131118-S150000-E152959.0900.V07B.HDF5,True,False,7566184,19d336c803d37b4ae3bbe7991028f0cb500d4d9e0a0799cae673473df2e06d79,CANONICAL_PRIMARY,Official NASA GES DISC canonical granule file
3B-HHR.MS.MRG.3IMERG.20131118-S180000-E182959.1080.V07B.HDF5,3B-HHR.MS.MRG.3IMERG.20131118-S180000-E182959.1080.V07B.HDF5,True,False,7592663,cab8ccb93df53bd06e4ad74272b685a754c874d4ac106dacd9ca3dd7e0991b14,CANONICAL_PRIMARY,Official NASA GES DISC canonical granule file
3B-HHR.MS.MRG.3IMERG.20131118-S210000-E212959.1260.V07B.HDF5,3B-HHR.MS.MRG.3IMERG.20131118-S210000-E212959.1260.V07B.HDF5,True,False,7724388,8ee60801cbe8e56635cb9142a5d4dc41a35f48b07be081e097cf06af9c3b3026,CANONICAL_PRIMARY,Official NASA GES DISC canonical granule file
3B-HHR.MS.MRG.3IMERG.20131119-S000000-E002959.0000.V07B.HDF5,3B-HHR.MS.MRG.3IMERG.20131119-S000000-E002959.0000.V07B.HDF5,True,False,7624968,90a8a10c81a80e5c4d14c92c42c7c1fcf2821e71ba4e78e545eaf890b5becd68,CANONICAL_PRIMARY,Official NASA GES DISC canonical granule file
3B-HHR.MS.MRG.3IMERG.20131119-S030000-E032959.0180.V07B.HDF5,3B-HHR.MS.MRG.3IMERG.20131119-S030000-E032959.0180.V07B.HDF5,True,False,7568994,0e26442da88467f8025976b7564bd5cc0531360ac2cce9e4818470cc04006bad,CANONICAL_PRIMARY,Official NASA GES DISC canonical granule file
3B-HHR.MS.MRG.3IMERG.20131119-S060000-E062959.0360.V07B.HDF5,3B-HHR.MS.MRG.3IMERG.20131119-S060000-E062959.0360.V07B.HDF5,True,False,7549275,3d4b9012945426e4e5c53237d41f4eae98244452a17dfddf3aefeb69cba079c4,CANONICAL_PRIMARY,Official NASA GES DISC canonical granule file
3B-HHR.MS.MRG.3IMERG.20131119-S090000-E092959.0540.V07B.HDF5,3B-HHR.MS.MRG.3IMERG.20131119-S090000-E092959.0540.V07B.HDF5,True,False,7560307,cd18c0ebc25760d4cab89432ca6816f75ecc3a173005b3643207c85e3b3e1fb3,CANONICAL_PRIMARY,Official NASA GES DISC canonical granule file
3B-HHR.MS.MRG.3IMERG.20131119-S120000-E122959.0720.V07B.HDF5,3B-HHR.MS.MRG.3IMERG.20131119-S120000-E122959.0720.V07B.HDF5,True,False,7411634,f6afb1212444763dcf4a6d964c4666c6e96d91cdcd8fe90e797bacc1dd41691c,CANONICAL_PRIMARY,Official NASA GES DISC canonical granule file
3B-HHR.MS.MRG.3IMERG.20131119-S150000-E152959.0900.V07B.HDF5,3B-HHR.MS.MRG.3IMERG.20131119-S150000-E152959.0900.V07B.HDF5,True,False,7709915,6aea89b6f89e1ace20f522df7a9b4a943ee6fa6fcdf4b0104321f6a682251f99,CANONICAL_PRIMARY,Official NASA GES DISC canonical granule file
3B-HHR.MS.MRG.3IMERG.20131119-S180000-E182959.1080.V07B.HDF5,3B-HHR.MS.MRG.3IMERG.20131119-S180000-E182959.1080.V07B.HDF5,True,False,7846961,06705b4973f38a6450a73bddf205d9138226ba45425244ad0e6d65bc3e15ad6a,CANONICAL_PRIMARY,Official NASA GES DISC canonical granule file
3B-HHR.MS.MRG.3IMERG.20131119-S210000-E212959.1260.V07B.HDF5,3B-HHR.MS.MRG.3IMERG.20131119-S210000-E212959.1260.V07B.HDF5,True,False,7688136,f81d85f71bb953967615024e678fb6fca90019e7e6f81697111db5e31427b187,CANONICAL_PRIMARY,Official NASA GES DISC canonical granule file
3B-HHR.MS.MRG.3IMERG.20131120-S000000-E002959.0000.V07B.HDF5,3B-HHR.MS.MRG.3IMERG.20131120-S000000-E002959.0000.V07B.HDF5,True,False,7459329,9863ee8af4ffaa582ff32760562f71e6914c1ca5590daa7517a1bb237a578ea0,CANONICAL_PRIMARY,Official NASA GES DISC canonical granule file
3B-HHR.MS.MRG.3IMERG.20131120-S030000-E032959.0180.V07B.HDF5,3B-HHR.MS.MRG.3IMERG.20131120-S030000-E032959.0180.V07B.HDF5,True,False,7468538,d9b54ecdbf8020d68e2169183b9ab5c8f6a1d81c2fd87f9e2579a73ff7dd34c2,CANONICAL_PRIMARY,Official NASA GES DISC canonical granule file
3B-HHR.MS.MRG.3IMERG.20131120-S060000-E062959.0360.V07B.HDF5,3B-HHR.MS.MRG.3IMERG.20131120-S060000-E062959.0360.V07B.HDF5,True,False,7621074,e40560b4cec07c9111f0d39251478cfcafc540f96b58ed9911f932f57f41a14c,CANONICAL_PRIMARY,Official NASA GES DISC canonical granule file
3B-HHR.MS.MRG.3IMERG.20131120-S090000-E092959.0540.V07B.HDF5,3B-HHR.MS.MRG.3IMERG.20131120-S090000-E092959.0540.V07B.HDF5,True,False,7766242,998af85d194c2a59973a5e85a0a40f526b418ec486de3a17841f331d83a11735,CANONICAL_PRIMARY,Official NASA GES DISC canonical granule file
3B-HHR.MS.MRG.3IMERG.20131120-S120000-E122959.0720.V07B.HDF5,3B-HHR.MS.MRG.3IMERG.20131120-S120000-E122959.0720.V07B.HDF5,True,False,7489568,aa3720c32ce0334893a799594f845a3f2909194af7a72f2a1226851d1175333c,CANONICAL_PRIMARY,Official NASA GES DISC canonical granule file
3B-HHR.MS.MRG.3IMERG.20131120-S150000-E152959.0900.V07B.HDF5,3B-HHR.MS.MRG.3IMERG.20131120-S150000-E152959.0900.V07B.HDF5,True,False,7793154,de0445daa47719db18db43f13aed406189337c862bd23aa1b8bb8b503f37b227,CANONICAL_PRIMARY,Official NASA GES DISC canonical granule file
3B-HHR.MS.MRG.3IMERG.20131120-S180000-E182959.1080.V07B.HDF5,3B-HHR.MS.MRG.3IMERG.20131120-S180000-E182959.1080.V07B.HDF5,True,False,7748050,d2a959756c87c2298f184b86bf074a8eac5fed9097c3c65548e53b64d361e884,CANONICAL_PRIMARY,Official NASA GES DISC canonical granule file
3B-HHR.MS.MRG.3IMERG.20131122-S210000-E212959.1260.V07B.HDF5,3B-HHR.MS.MRG.3IMERG.20131122-S210000-E212959.1260.V07B.HDF5,True,False,7599701,9d5f71601d0d42dc07e2c49f2854df5cf76a9cbb5f6596f7dbc05391fd25a3d6,CANONICAL_PRIMARY,Official NASA GES DISC canonical granule file
3B-HHR.MS.MRG.3IMERG.20131123-S000000-E002959.0000.V07B.HDF5,3B-HHR.MS.MRG.3IMERG.20131123-S000000-E002959.0000.V07B.HDF5,True,False,7349983,5727af120fea522887dda979754e5c6da5ee92887846f87fff51242465999d06,CANONICAL_PRIMARY,Official NASA GES DISC canonical granule file
3B-HHR.MS.MRG.3IMERG.20131123-S030000-E032959.0180.V07B.HDF5,3B-HHR.MS.MRG.3IMERG.20131123-S030000-E032959.0180.V07B.HDF5,True,False,7446953,027e011bb57a060ea06de231ca7211e30aebdcc39d24528e4d0bd2c3c560f833,CANONICAL_PRIMARY,Official NASA GES DISC canonical granule file
3B-HHR.MS.MRG.3IMERG.20131123-S060000-E062959.0360.V07B.HDF5,3B-HHR.MS.MRG.3IMERG.20131123-S060000-E062959.0360.V07B.HDF5,True,False,7684230,c072c023eb54a3640b7baf03aad9729b62d165fb1ad59e6649de769e102528d4,CANONICAL_PRIMARY,Official NASA GES DISC canonical granule file
3B-HHR.MS.MRG.3IMERG.20131123-S090000-E092959.0540.V07B.HDF5,3B-HHR.MS.MRG.3IMERG.20131123-S090000-E092959.0540.V07B.HDF5,True,False,7556838,fd472d577f009387dc611de8e983b7385c68defc4c99b23733d5f94c1875d9f8,CANONICAL_PRIMARY,Official NASA GES DISC canonical granule file
3B-HHR.MS.MRG.3IMERG.20131123-S120000-E122959.0720.V07B.HDF5,3B-HHR.MS.MRG.3IMERG.20131123-S120000-E122959.0720.V07B.HDF5,True,False,7343938,2ccfb8c09f113f80dc806cb531a59fc707bb6de6da78e62e9fd06538d9ff49f9,CANONICAL_PRIMARY,Official NASA GES DISC canonical granule file
3B-HHR.MS.MRG.3IMERG.20131123-S150000-E152959.0900.V07B.HDF5,3B-HHR.MS.MRG.3IMERG.20131123-S150000-E152959.0900.V07B.HDF5,True,False,7690786,c2e1a3e18c89b1fe2b851a7c65ade985467638cc20fe86391af89f79a5cfc691,CANONICAL_PRIMARY,Official NASA GES DISC canonical granule file
3B-HHR.MS.MRG.3IMERG.20131123-S180000-E182959.1080.V07B.HDF5,3B-HHR.MS.MRG.3IMERG.20131123-S180000-E182959.1080.V07B.HDF5,True,False,7784128,4d583b71c3f751684aa7b51bb0877f401403e9df0208871e7f201ac600abfb5c,CANONICAL_PRIMARY,Official NASA GES DISC canonical granule file
3B-HHR.MS.MRG.3IMERG.20131123-S210000-E212959.1260.V07B.HDF5,3B-HHR.MS.MRG.3IMERG.20131123-S210000-E212959.1260.V07B.HDF5,True,False,7747081,a5fe1321c7f40853352fcf3e42d65972ff886b4295e56b0a2c1da1c24c0aa21f,CANONICAL_PRIMARY,Official NASA GES DISC canonical granule file
3B-HHR.MS.MRG.3IMERG.20131124-S000000-E002959.0000.V07B.HDF5,3B-HHR.MS.MRG.3IMERG.20131124-S000000-E002959.0000.V07B.HDF5,True,False,7590909,3e4854684f9ea4c7e105015dc3f24ebd5f589bba2bdfc2901cdd58e284f662fa,CANONICAL_PRIMARY,Official NASA GES DISC canonical granule file
3B-HHR.MS.MRG.3IMERG.20131124-S030000-E032959.0180.V07B.HDF5,3B-HHR.MS.MRG.3IMERG.20131124-S030000-E032959.0180.V07B.HDF5,True,False,7534979,f9db2ab9684a926ee87d8fc645227bb86fa2694f257a0f167a25c711939f059d,CANONICAL_PRIMARY,Official NASA GES DISC canonical granule file
3B-HHR.MS.MRG.3IMERG.20131124-S060000-E062959.0360.V07B.HDF5,3B-HHR.MS.MRG.3IMERG.20131124-S060000-E062959.0360.V07B.HDF5,True,False,7749366,98e2f299bea1711a4097df5e618a7118729cdd2086f80681df82116e098b9dba,CANONICAL_PRIMARY,Official NASA GES DISC canonical granule file
3B-HHR.MS.MRG.3IMERG.20131124-S090000-E092959.0540.V07B.HDF5,3B-HHR.MS.MRG.3IMERG.20131124-S090000-E092959.0540.V07B.HDF5,True,False,7745626,69582a7956b4ce090ae3869f4dcc5dcee32f5373dc39bc848d3bf22671f1a615,CANONICAL_PRIMARY,Official NASA GES DISC canonical granule file
3B-HHR.MS.MRG.3IMERG.20131124-S120000-E122959.0720.V07B.HDF5,3B-HHR.MS.MRG.3IMERG.20131124-S120000-E122959.0720.V07B.HDF5,True,False,7641321,d2d01a78c4b87f5f09c1b95bd442d27424e1eb85b8de23960a3318b0f21d82e3,CANONICAL_PRIMARY,Official NASA GES DISC canonical granule file
3B-HHR.MS.MRG.3IMERG.20131124-S150000-E152959.0900.V07B.HDF5,3B-HHR.MS.MRG.3IMERG.20131124-S150000-E152959.0900.V07B.HDF5,True,False,7910082,b4fa0798f136a9067ce111d5659965a3979b77776fe12e936f2a738443874c7e,CANONICAL_PRIMARY,Official NASA GES DISC canonical granule file
3B-HHR.MS.MRG.3IMERG.20131124-S180000-E182959.1080.V07B.HDF5,3B-HHR.MS.MRG.3IMERG.20131124-S180000-E182959.1080.V07B.HDF5,True,False,7958614,6868ef8bb3ea1efdb650edfc41c786564370eb4d420007f49e4dc2bbb407806e,CANONICAL_PRIMARY,Official NASA GES DISC canonical granule file
3B-HHR.MS.MRG.3IMERG.20131124-S210000-E212959.1260.V07B.HDF5,3B-HHR.MS.MRG.3IMERG.20131124-S210000-E212959.1260.V07B.HDF5,True,False,7767512,4ff95d3352545e3bb0d3b953b61f0dde89a21efa16c5eb8e150e694b44af18d9,CANONICAL_PRIMARY,Official NASA GES DISC canonical granule file
3B-HHR.MS.MRG.3IMERG.20131125-S000000-E002959.0000.V07B.HDF5,3B-HHR.MS.MRG.3IMERG.20131125-S000000-E002959.0000.V07B.HDF5,True,False,7709248,bff20f223781ecdb32a700a1dfb966b210726e0e3ddf4f36c2fec8a86e884c03,CANONICAL_PRIMARY,Official NASA GES DISC canonical granule file
3B-HHR.MS.MRG.3IMERG.20131125-S030000-E032959.0180.V07B.HDF5,3B-HHR.MS.MRG.3IMERG.20131125-S030000-E032959.0180.V07B.HDF5,True,False,7647964,e416e770c1d4583eb2a7a6324d13522d771c340817b111f00edcd21753391e76,CANONICAL_PRIMARY,Official NASA GES DISC canonical granule file
3B-HHR.MS.MRG.3IMERG.20131125-S060000-E062959.0360.V07B.HDF5,3B-HHR.MS.MRG.3IMERG.20131125-S060000-E062959.0360.V07B.HDF5,True,False,7885361,5c9bcc644b2b139116c74e9d4cae7d01f45b9e646b1391baa272e7f61cc7d5f3,CANONICAL_PRIMARY,Official NASA GES DISC canonical granule file
3B-HHR.MS.MRG.3IMERG.20131125-S090000-E092959.0540.V07B.HDF5,3B-HHR.MS.MRG.3IMERG.20131125-S090000-E092959.0540.V07B.HDF5,True,False,7812552,5f9a354bdbf585d8499c45a13fe54d92532b76b5a2e4f7d8e13234f490e7ceb7,CANONICAL_PRIMARY,Official NASA GES DISC canonical granule file
3B-HHR.MS.MRG.3IMERG.20131125-S120000-E122959.0720.V07B.HDF5,3B-HHR.MS.MRG.3IMERG.20131125-S120000-E122959.0720.V07B.HDF5,True,False,7646482,9f6065d707c698d4c7c55c497d5674fe2ffa17e4f71191ad186524afbf4aff48,CANONICAL_PRIMARY,Official NASA GES DISC canonical granule file
3B-HHR.MS.MRG.3IMERG.20131125-S150000-E152959.0900.V07B.HDF5,3B-HHR.MS.MRG.3IMERG.20131125-S150000-E152959.0900.V07B.HDF5,True,False,7858355,a3fb3f01be8888b6faad375005bc6ff7311ac0ba4552140c43ae57aa23d4eed4,CANONICAL_PRIMARY,Official NASA GES DISC canonical granule file
3B-HHR.MS.MRG.3IMERG.20131125-S180000-E182959.1080.V07B.HDF5,3B-HHR.MS.MRG.3IMERG.20131125-S180000-E182959.1080.V07B.HDF5,True,False,8051290,590ec32292b425a659bfbd1dcc06d92188ba585b2e68f5401f451742936868e6,CANONICAL_PRIMARY,Official NASA GES DISC canonical granule file
3B-HHR.MS.MRG.3IMERG.20131125-S210000-E212959.1260.V07B.HDF5,3B-HHR.MS.MRG.3IMERG.20131125-S210000-E212959.1260.V07B.HDF5,True,False,8040863,5ad21ec6a2e6d0edf5a420584dc7fc7362b9d39e7c491f96159f5bf1dadd6e9e,CANONICAL_PRIMARY,Official NASA GES DISC canonical granule file
3B-HHR.MS.MRG.3IMERG.20131126-S000000-E002959.0000.V07B.HDF5,3B-HHR.MS.MRG.3IMERG.20131126-S000000-E002959.0000.V07B.HDF5,True,False,7834927,402e96eb9b49f58ed06863fec7904c239a211afbdacbcba1634658c338303036,CANONICAL_PRIMARY,Official NASA GES DISC canonical granule file
3B-HHR.MS.MRG.3IMERG.20131126-S030000-E032959.0180.V07B.HDF5,3B-HHR.MS.MRG.3IMERG.20131126-S030000-E032959.0180.V07B.HDF5,True,False,8023625,e3f76fb59de8b33fc2d17fde04ccbe21a24ab1aa85cfdeaf70d21512d714885f,CANONICAL_PRIMARY,Official NASA GES DISC canonical granule file
3B-HHR.MS.MRG.3IMERG.20131205-S150000-E152959.0900.V07B.HDF5,3B-HHR.MS.MRG.3IMERG.20131205-S150000-E152959.0900.V07B.HDF5,True,False,7727061,765429f0c3a8c6cf708ba26e95b4fefafd1546c094849137470739fe7ee58410,CANONICAL_PRIMARY,Official NASA GES DISC canonical granule file
3B-HHR.MS.MRG.3IMERG.20131205-S180000-E182959.1080.V07B.HDF5,3B-HHR.MS.MRG.3IMERG.20131205-S180000-E182959.1080.V07B.HDF5,True,False,7818531,d059b933d8613ec9c42fc5f9e23c74711e23c6256c43fed25749524f2fc98c12,CANONICAL_PRIMARY,Official NASA GES DISC canonical granule file
3B-HHR.MS.MRG.3IMERG.20131205-S210000-E212959.1260.V07B.HDF5,3B-HHR.MS.MRG.3IMERG.20131205-S210000-E212959.1260.V07B.HDF5,True,False,7988861,c2e957fed23ffdbb46c461161f5b366022aea84dd194a128b5b8c47feefb3e94,CANONICAL_PRIMARY,Official NASA GES DISC canonical granule file
3B-HHR.MS.MRG.3IMERG.20131206-S000000-E002959.0000.V07B.HDF5,3B-HHR.MS.MRG.3IMERG.20131206-S000000-E002959.0000.V07B.HDF5,True,False,7591825,5cec714e657a1f03265f5d033219fe8b5c3ffb4f31ba4e3a5a9d01e0c5d741d3,CANONICAL_PRIMARY,Official NASA GES DISC canonical granule file
3B-HHR.MS.MRG.3IMERG.20131206-S030000-E032959.0180.V07B.HDF5,3B-HHR.MS.MRG.3IMERG.20131206-S030000-E032959.0180.V07B.HDF5,True,False,7807140,f1adbd81328e4612275c307b697f941a7729752166082dbdd3b49f05e75bf704,CANONICAL_PRIMARY,Official NASA GES DISC canonical granule file
3B-HHR.MS.MRG.3IMERG.20131206-S060000-E062959.0360.V07B.HDF5,3B-HHR.MS.MRG.3IMERG.20131206-S060000-E062959.0360.V07B.HDF5,True,False,7826873,e1e0172e988659f0b65814a3cf9b07423703b94f0ff59762f7087188669159eb,CANONICAL_PRIMARY,Official NASA GES DISC canonical granule file
3B-HHR.MS.MRG.3IMERG.20131206-S090000-E092959.0540.V07B.HDF5,3B-HHR.MS.MRG.3IMERG.20131206-S090000-E092959.0540.V07B.HDF5,True,False,7767200,b5abb90c2334ca5242fedb6a010f607ffb747696ec4f5a161799bdb55be3c637,CANONICAL_PRIMARY,Official NASA GES DISC canonical granule file
3B-HHR.MS.MRG.3IMERG.20131206-S120000-E122959.0720.V07B.HDF5,3B-HHR.MS.MRG.3IMERG.20131206-S120000-E122959.0720.V07B.HDF5,True,False,7570212,a3f33eb30937eee9451f17dccfa6c2941b42c5884f2a65f1de39f28c9b3cd25e,CANONICAL_PRIMARY,Official NASA GES DISC canonical granule file
3B-HHR.MS.MRG.3IMERG.20131206-S150000-E152959.0900.V07B.HDF5,3B-HHR.MS.MRG.3IMERG.20131206-S150000-E152959.0900.V07B.HDF5,True,False,7778257,d55244b36ce193abfefd24403fb8bb6d2ad7be01aa7b7c18b657d7f78ebfdf2d,CANONICAL_PRIMARY,Official NASA GES DISC canonical granule file
3B-HHR.MS.MRG.3IMERG.20131206-S180000-E182959.1080.V07B.HDF5,3B-HHR.MS.MRG.3IMERG.20131206-S180000-E182959.1080.V07B.HDF5,True,False,7970524,a53c5483a3cd80189cd564ac04a9b812a6c039b46110009254f243b8c1cffffb,CANONICAL_PRIMARY,Official NASA GES DISC canonical granule file
3B-HHR.MS.MRG.3IMERG.20131206-S210000-E212959.1260.V07B.HDF5,3B-HHR.MS.MRG.3IMERG.20131206-S210000-E212959.1260.V07B.HDF5,True,False,8049134,4b3fd6b8facfffd58f2e60672aba2ac8047ffad13b3f223e16b229b6ddfaf27a,CANONICAL_PRIMARY,Official NASA GES DISC canonical granule file
3B-HHR.MS.MRG.3IMERG.20131207-S000000-E002959.0000.V07B.HDF5,3B-HHR.MS.MRG.3IMERG.20131207-S000000-E002959.0000.V07B.HDF5,True,False,7688703,e752ef0fd1d88235de3a7e5f00ec89bc0aebf7e50844d5971643be3effc17b12,CANONICAL_PRIMARY,Official NASA GES DISC canonical granule file
3B-HHR.MS.MRG.3IMERG.20131207-S030000-E032959.0180.V07B.HDF5,3B-HHR.MS.MRG.3IMERG.20131207-S030000-E032959.0180.V07B.HDF5,True,False,7775751,76b3847fc1bfd05a282627d0337cf3e4357c1fa836a12968f5cc5b1807473d4d,CANONICAL_PRIMARY,Official NASA GES DISC canonical granule file
3B-HHR.MS.MRG.3IMERG.20131207-S060000-E062959.0360.V07B.HDF5,3B-HHR.MS.MRG.3IMERG.20131207-S060000-E062959.0360.V07B.HDF5,True,False,7835370,0985a435e63aea1d06c372938a9583c38088b782e1cf22383df9ba8bbe97fdc4,CANONICAL_PRIMARY,Official NASA GES DISC canonical granule file
3B-HHR.MS.MRG.3IMERG.20131207-S090000-E092959.0540.V07B.HDF5,3B-HHR.MS.MRG.3IMERG.20131207-S090000-E092959.0540.V07B.HDF5,True,False,7844556,3e3872fad137c0146873bef2f3d26e4618a99f037b4f65ce60a40220fd395622,CANONICAL_PRIMARY,Official NASA GES DISC canonical granule file
3B-HHR.MS.MRG.3IMERG.20131207-S120000-E122959.0720.V07B.HDF5,3B-HHR.MS.MRG.3IMERG.20131207-S120000-E122959.0720.V07B.HDF5,True,False,7653579,c3a77a6ba74f6e8b7438ca8062511980bcb8388c7fbb386400c624d36d4df524,CANONICAL_PRIMARY,Official NASA GES DISC canonical granule file
3B-HHR.MS.MRG.3IMERG.20131207-S150000-E152959.0900.V07B.HDF5,3B-HHR.MS.MRG.3IMERG.20131207-S150000-E152959.0900.V07B.HDF5,True,False,7822946,dce4e3c327a4696a4c9906a8de30095e86ecece2ab90907e99369b73d7884317,CANONICAL_PRIMARY,Official NASA GES DISC canonical granule file
3B-HHR.MS.MRG.3IMERG.20131207-S180000-E182959.1080.V07B.HDF5,3B-HHR.MS.MRG.3IMERG.20131207-S180000-E182959.1080.V07B.HDF5,True,False,7993595,1dce2a43abeb56d5a805e594577bb009d2c8506ce397ac2da201d7299e188457,CANONICAL_PRIMARY,Official NASA GES DISC canonical granule file
3B-HHR.MS.MRG.3IMERG.20131207-S210000-E212959.1260.V07B.HDF5,3B-HHR.MS.MRG.3IMERG.20131207-S210000-E212959.1260.V07B.HDF5,True,False,7944916,4864706a3c9fe4ce67bda2213468c7a6ede74ae3c83ec1889421c59482ffa441,CANONICAL_PRIMARY,Official NASA GES DISC canonical granule file
3B-HHR.MS.MRG.3IMERG.20131208-S000000-E002959.0000.V07B.HDF5,3B-HHR.MS.MRG.3IMERG.20131208-S000000-E002959.0000.V07B.HDF5,True,False,7748143,bcd72d5a1e5db743724fb064e0d576edee5da265c3eb0c2bb0584f7ad6ca9318,CANONICAL_PRIMARY,Official NASA GES DISC canonical granule file
3B-HHR.MS.MRG.3IMERG.20131208-S030000-E032959.0180.V07B.HDF5,3B-HHR.MS.MRG.3IMERG.20131208-S030000-E032959.0180.V07B.HDF5,True,False,7576976,b49c150c84d22e610221b23e57674ff769824057ae518cd2086ff1fcb9d1c21a,CANONICAL_PRIMARY,Official NASA GES DISC canonical granule file
3B-HHR.MS.MRG.3IMERG.20131208-S060000-E062959.0360.V07B.HDF5,3B-HHR.MS.MRG.3IMERG.20131208-S060000-E062959.0360.V07B.HDF5,True,False,7680683,ea87232f46d34148ced355f424eda3a2d9e2b7148d25a3e353b0f4ac8c44ffaa,CANONICAL_PRIMARY,Official NASA GES DISC canonical granule file
3B-HHR.MS.MRG.3IMERG.20131208-S090000-E092959.0540.V07B.HDF5,3B-HHR.MS.MRG.3IMERG.20131208-S090000-E092959.0540.V07B.HDF5,True,False,7728147,26b5480b151673718bcf576da7b0ee609b50a5702d46a6309698e61d4f727b03,CANONICAL_PRIMARY,Official NASA GES DISC canonical granule file
3B-HHR.MS.MRG.3IMERG.20131208-S120000-E122959.0720.V07B.HDF5,3B-HHR.MS.MRG.3IMERG.20131208-S120000-E122959.0720.V07B.HDF5,True,False,7724252,581fed82e6a01cf56442e237cfb6fd93972568ea64e216a068895f402798a6c3,CANONICAL_PRIMARY,Official NASA GES DISC canonical granule file
3B-HHR.MS.MRG.3IMERG.20140609-S210000-E212959.1260.V07B.HDF5,3B-HHR.MS.MRG.3IMERG.20140609-S210000-E212959.1260.V07B.HDF5,True,False,8365977,bc27e3743fc0cec9d54e9d7ae10e5da5f8c601d9e81476b011b4515596e4af3e,CANONICAL_PRIMARY,Official NASA GES DISC canonical granule file
3B-HHR.MS.MRG.3IMERG.20140610-S000000-E002959.0000.V07B.HDF5,3B-HHR.MS.MRG.3IMERG.20140610-S000000-E002959.0000.V07B.HDF5,True,False,7990628,8bc0badf0cc11fea14d2ce750d87260c0ba8fdfb9b65eea41b621b6f1435f8aa,CANONICAL_PRIMARY,Official NASA GES DISC canonical granule file
3B-HHR.MS.MRG.3IMERG.20140610-S030000-E032959.0180.V07B.HDF5,3B-HHR.MS.MRG.3IMERG.20140610-S030000-E032959.0180.V07B.HDF5,True,False,8117960,5a9e8faf6f902f71c50cc5070fb3f9c5643876951a424f7527d23b38ceed6207,CANONICAL_PRIMARY,Official NASA GES DISC canonical granule file
3B-HHR.MS.MRG.3IMERG.20140610-S060000-E062959.0360.V07B.HDF5,3B-HHR.MS.MRG.3IMERG.20140610-S060000-E062959.0360.V07B.HDF5,True,False,7997729,9d3c7113bc0d24ffc7a92bfbb24644b404375f43347d10d133cc184ea45b2bca,CANONICAL_PRIMARY,Official NASA GES DISC canonical granule file
3B-HHR.MS.MRG.3IMERG.20140610-S090000-E092959.0540.V07B.HDF5,3B-HHR.MS.MRG.3IMERG.20140610-S090000-E092959.0540.V07B.HDF5,True,False,8285888,5ccac4afb59523f4c5e49b80dc1b81fec34672b5d81ba79aec89370923b42440,CANONICAL_PRIMARY,Official NASA GES DISC canonical granule file
3B-HHR.MS.MRG.3IMERG.20140610-S120000-E122959.0720.V07B.HDF5,3B-HHR.MS.MRG.3IMERG.20140610-S120000-E122959.0720.V07B.HDF5,True,False,8088618,d351845155796ca1090c75136466848e6f7196b858c8d3c27de67013177eeaf3,CANONICAL_PRIMARY,Official NASA GES DISC canonical granule file
3B-HHR.MS.MRG.3IMERG.20140610-S150000-E152959.0900.V07B.HDF5,3B-HHR.MS.MRG.3IMERG.20140610-S150000-E152959.0900.V07B.HDF5,True,False,8267530,b9a255818d0f59825740ad1b8a268d9357695ff14028e563efad3d1b31908d95,CANONICAL_PRIMARY,Official NASA GES DISC canonical granule file
3B-HHR.MS.MRG.3IMERG.20140610-S180000-E182959.1080.V07B.HDF5,3B-HHR.MS.MRG.3IMERG.20140610-S180000-E182959.1080.V07B.HDF5,True,False,8130629,fbf427362d7deda941f3f15e6b48e19c07b933ccd8a066b2b373702bfa33ed0a,CANONICAL_PRIMARY,Official NASA GES DISC canonical granule file
3B-HHR.MS.MRG.3IMERG.20140610-S210000-E212959.1260.V07B.HDF5,3B-HHR.MS.MRG.3IMERG.20140610-S210000-E212959.1260.V07B.HDF5,True,False,8179310,799e85a325a0f8a756ff8b5bbe97a745fe623753dffdbdf512ffc49423b68ce0,CANONICAL_PRIMARY,Official NASA GES DISC canonical granule file
3B-HHR.MS.MRG.3IMERG.20140611-S000000-E002959.0000.V07B.HDF5,3B-HHR.MS.MRG.3IMERG.20140611-S000000-E002959.0000.V07B.HDF5,True,False,7835603,e5ad8f5c660b15c6e957e897ef578c8ddf9f7ab52c6fb062cf0c4ac4e878d176,CANONICAL_PRIMARY,Official NASA GES DISC canonical granule file
3B-HHR.MS.MRG.3IMERG.20140611-S030000-E032959.0180.V07B.HDF5,3B-HHR.MS.MRG.3IMERG.20140611-S030000-E032959.0180.V07B.HDF5,True,False,7845366,323c0cec6acc1b47701464c0bbe5b16db8b51edaa32bb4fcdd6f54bebe38927e,CANONICAL_PRIMARY,Official NASA GES DISC canonical granule file
3B-HHR.MS.MRG.3IMERG.20140611-S060000-E062959.0360.V07B.HDF5,3B-HHR.MS.MRG.3IMERG.20140611-S060000-E062959.0360.V07B.HDF5,True,False,7826643,1df8e0cc400e651332112a21458c51305ad4109dbb46294179dca3b4b7abc678,CANONICAL_PRIMARY,Official NASA GES DISC canonical granule file
3B-HHR.MS.MRG.3IMERG.20140611-S090000-E092959.0540.V07B.HDF5,3B-HHR.MS.MRG.3IMERG.20140611-S090000-E092959.0540.V07B.HDF5,True,False,8093888,14754aef35104e15a7519d2a8614707709f101ec220dec657d5e8e8e7725c4bd,CANONICAL_PRIMARY,Official NASA GES DISC canonical granule file
3B-HHR.MS.MRG.3IMERG.20140611-S120000-E122959.0720.V07B.HDF5,3B-HHR.MS.MRG.3IMERG.20140611-S120000-E122959.0720.V07B.HDF5,True,False,8073137,6d477637b08233b3b2d1e3a18155130e41cce1a3e0785b7ab690dc43c3a62a87,CANONICAL_PRIMARY,Official NASA GES DISC canonical granule file
3B-HHR.MS.MRG.3IMERG.20140611-S150000-E152959.0900.V07B.HDF5,3B-HHR.MS.MRG.3IMERG.20140611-S150000-E152959.0900.V07B.HDF5,True,False,8125230,8b971a792b8f9dcb606f23eefde9464c88936683252428a7c2cfff12bad0e781,CANONICAL_PRIMARY,Official NASA GES DISC canonical granule file
3B-HHR.MS.MRG.3IMERG.20140611-S180000-E182959.1080.V07B.HDF5,3B-HHR.MS.MRG.3IMERG.20140611-S180000-E182959.1080.V07B.HDF5,True,False,8133130,8f7516e26e7de773c17d55b82e07dc8e22eea218ca01badb1a6006072a1afbd4,CANONICAL_PRIMARY,Official NASA GES DISC canonical granule file
3B-HHR.MS.MRG.3IMERG.20140611-S210000-E212959.1260.V07B.HDF5,3B-HHR.MS.MRG.3IMERG.20140611-S210000-E212959.1260.V07B.HDF5,True,False,8155455,0f777f188762b02b9c111028d0c6a465250f5e672f59381f1c60e80ca657918b,CANONICAL_PRIMARY,Official NASA GES DISC canonical granule file
3B-HHR.MS.MRG.3IMERG.20140612-S000000-E002959.0000.V07B.HDF5,3B-HHR.MS.MRG.3IMERG.20140612-S000000-E002959.0000.V07B.HDF5,True,False,7961297,83e75aae6eba890f1199602336af23717bb7e4f4972a1a7b6365fbd55fab913c,CANONICAL_PRIMARY,Official NASA GES DISC canonical granule file
3B-HHR.MS.MRG.3IMERG.20140802-S210000-E212959.1260.V07B.HDF5,3B-HHR.MS.MRG.3IMERG.20140802-S210000-E212959.1260.V07B.HDF5,True,False,7700516,17401f99d0253ac4be5340903ed8dca158783200aa2980465ad728a441533e7d,CANONICAL_PRIMARY,Official NASA GES DISC canonical granule file
3B-HHR.MS.MRG.3IMERG.20140803-S000000-E002959.0000.V07B.HDF5,3B-HHR.MS.MRG.3IMERG.20140803-S000000-E002959.0000.V07B.HDF5,True,False,7659176,b5a4a0c7dd55c999db419a031be0779b57a07d72b715bf167e34728216de9e9a,CANONICAL_PRIMARY,Official NASA GES DISC canonical granule file
3B-HHR.MS.MRG.3IMERG.20140803-S030000-E032959.0180.V07B.HDF5,3B-HHR.MS.MRG.3IMERG.20140803-S030000-E032959.0180.V07B.HDF5,True,False,7773207,434ba9497d384c7e7cc40458ba838887eb24e76197d3c79f5a7f4bf5ae9f1f51,CANONICAL_PRIMARY,Official NASA GES DISC canonical granule file
3B-HHR.MS.MRG.3IMERG.20140803-S060000-E062959.0360.V07B.HDF5,3B-HHR.MS.MRG.3IMERG.20140803-S060000-E062959.0360.V07B.HDF5,True,False,7656588,6a40787b002a1eab42605c03ccdd29e7bfaa83a235e5081c7140a33e1a0fa36a,CANONICAL_PRIMARY,Official NASA GES DISC canonical granule file
3B-HHR.MS.MRG.3IMERG.20140803-S090000-E092959.0540.V07B.HDF5,3B-HHR.MS.MRG.3IMERG.20140803-S090000-E092959.0540.V07B.HDF5,True,False,7791714,d24597818371a96fc2b4b39ee74805dc3224d6b907c3d4b65ec7988094d38525,CANONICAL_PRIMARY,Official NASA GES DISC canonical granule file
3B-HHR.MS.MRG.3IMERG.20140803-S120000-E122959.0720.V07B.HDF5,3B-HHR.MS.MRG.3IMERG.20140803-S120000-E122959.0720.V07B.HDF5,True,False,7550629,4d41368f9f29a5bb85115dbcb81668bf809434570373757383b7aaa23635ed03,CANONICAL_PRIMARY,Official NASA GES DISC canonical granule file
3B-HHR.MS.MRG.3IMERG.20140803-S150000-E152959.0900.V07B.HDF5,3B-HHR.MS.MRG.3IMERG.20140803-S150000-E152959.0900.V07B.HDF5,True,False,7789578,d987bf99b2cfae9a8f1c2a4bba50c7740ad58b48504ae6f097f93e85b4640acc,CANONICAL_PRIMARY,Official NASA GES DISC canonical granule file
3B-HHR.MS.MRG.3IMERG.20140803-S180000-E182959.1080.V07B.HDF5,3B-HHR.MS.MRG.3IMERG.20140803-S180000-E182959.1080.V07B.HDF5,True,False,7756651,eb901e221bda5f724886e5b6b55ab1cb7b5d0abccb62a867e61bfd70363001d9,CANONICAL_PRIMARY,Official NASA GES DISC canonical granule file
3B-HHR.MS.MRG.3IMERG.20140803-S210000-E212959.1260.V07B.HDF5,3B-HHR.MS.MRG.3IMERG.20140803-S210000-E212959.1260.V07B.HDF5,True,False,7943154,b18f25416933c235195406810af46403c628316e706533448dfb559c5bb508cf,CANONICAL_PRIMARY,Official NASA GES DISC canonical granule file
3B-HHR.MS.MRG.3IMERG.20140804-S000000-E002959.0000.V07B.HDF5,3B-HHR.MS.MRG.3IMERG.20140804-S000000-E002959.0000.V07B.HDF5,True,False,7940733,f864a81ae9d088a8940df43f7c6330da90adb307e613443cc78e5f28fabc83a9,CANONICAL_PRIMARY,Official NASA GES DISC canonical granule file
3B-HHR.MS.MRG.3IMERG.20140804-S030000-E032959.0180.V07B.HDF5,3B-HHR.MS.MRG.3IMERG.20140804-S030000-E032959.0180.V07B.HDF5,True,False,8015349,1fbf523099841495f4f1a306b20e31d8107ac4df39e04bb2ad6d516ca69c6563,CANONICAL_PRIMARY,Official NASA GES DISC canonical granule file
3B-HHR.MS.MRG.3IMERG.20140804-S060000-E062959.0360.V07B.HDF5,3B-HHR.MS.MRG.3IMERG.20140804-S060000-E062959.0360.V07B.HDF5,True,False,8046107,588048e94cc76fc7e89128ad3b97929bcf0aa7b2e236c5a931fe0c31a88fb5a1,CANONICAL_PRIMARY,Official NASA GES DISC canonical granule file
3B-HHR.MS.MRG.3IMERG.20140804-S090000-E092959.0540.V07B.HDF5,3B-HHR.MS.MRG.3IMERG.20140804-S090000-E092959.0540.V07B.HDF5,True,False,8033827,0462220ae46938329683706595067d5f23fea600943fbc8ac6ee55ff601f80ad,CANONICAL_PRIMARY,Official NASA GES DISC canonical granule file
3B-HHR.MS.MRG.3IMERG.20140804-S120000-E122959.0720.V07B.HDF5,3B-HHR.MS.MRG.3IMERG.20140804-S120000-E122959.0720.V07B.HDF5,True,False,7943870,f2b974d20be901bc41e6b96303b927a7ede0e2ed2e491d46d89751843043a270,CANONICAL_PRIMARY,Official NASA GES DISC canonical granule file
3B-HHR.MS.MRG.3IMERG.20140804-S150000-E152959.0900.V07B.HDF5,3B-HHR.MS.MRG.3IMERG.20140804-S150000-E152959.0900.V07B.HDF5,True,False,8101068,cdc31d29943e30c3d1d56c8a26b64483d2577f0c528ddb7d50fc59a95aded283,CANONICAL_PRIMARY,Official NASA GES DISC canonical granule file
3B-HHR.MS.MRG.3IMERG.20140804-S180000-E182959.1080.V07B.HDF5,3B-HHR.MS.MRG.3IMERG.20140804-S180000-E182959.1080.V07B.HDF5,True,False,8252783,d07604af09845df04e5b33f5639ba0e1496602c10d8e1662fdb2231074d6bd9a,CANONICAL_PRIMARY,Official NASA GES DISC canonical granule file
3B-HHR.MS.MRG.3IMERG.20140804-S210000-E212959.1260.V07B.HDF5,3B-HHR.MS.MRG.3IMERG.20140804-S210000-E212959.1260.V07B.HDF5,True,False,8106019,58a69998948fa574263ef0f597a882342c9915009bb2690cb92d7041ff840982,CANONICAL_PRIMARY,Official NASA GES DISC canonical granule file
3B-HHR.MS.MRG.3IMERG.20140805-S000000-E002959.0000.V07B.HDF5,3B-HHR.MS.MRG.3IMERG.20140805-S000000-E002959.0000.V07B.HDF5,True,False,8106342,11f6ff77727b418f18e2eb041531773f74ff285bb85cd040cf5ce0094c6ef2d6,CANONICAL_PRIMARY,Official NASA GES DISC canonical granule file
3B-HHR.MS.MRG.3IMERG.20141024-S090000-E092959.0540.V07B.HDF5,3B-HHR.MS.MRG.3IMERG.20141024-S090000-E092959.0540.V07B.HDF5,True,False,7786494,a0012385bfdd9e0951012116630a2d45de0459a876066214d062cfd9a1dd5f7e,CANONICAL_PRIMARY,Official NASA GES DISC canonical granule file
3B-HHR.MS.MRG.3IMERG.20141024-S120000-E122959.0720.V07B.HDF5,3B-HHR.MS.MRG.3IMERG.20141024-S120000-E122959.0720.V07B.HDF5,True,False,7607328,bb36ce98253aefd8bf0e5405b3cbb5182390851b010c3f87abde0d9df5d5ab83,CANONICAL_PRIMARY,Official NASA GES DISC canonical granule file
3B-HHR.MS.MRG.3IMERG.20141024-S150000-E152959.0900.V07B.HDF5,3B-HHR.MS.MRG.3IMERG.20141024-S150000-E152959.0900.V07B.HDF5,True,False,7713071,c9e3db8d1dbfa0ff68f6986d1568508d09569fdd80703e6f06ed98b389d5bfd0,CANONICAL_PRIMARY,Official NASA GES DISC canonical granule file
3B-HHR.MS.MRG.3IMERG.20141024-S180000-E182959.1080.V07B.HDF5,3B-HHR.MS.MRG.3IMERG.20141024-S180000-E182959.1080.V07B.HDF5,True,False,7935770,6069106930cbf21f59f9dfa9c99f47db9b8612705f5b80b3b2cd2a2f29338554,CANONICAL_PRIMARY,Official NASA GES DISC canonical granule file
3B-HHR.MS.MRG.3IMERG.20141024-S210000-E212959.1260.V07B.HDF5,3B-HHR.MS.MRG.3IMERG.20141024-S210000-E212959.1260.V07B.HDF5,True,False,7859680,f0d37eb780ca9d858fd342801b11301576ca093c81286bc98e6a8e22af411d3c,CANONICAL_PRIMARY,Official NASA GES DISC canonical granule file
3B-HHR.MS.MRG.3IMERG.20141025-S000000-E002959.0000.V07B.HDF5,3B-HHR.MS.MRG.3IMERG.20141025-S000000-E002959.0000.V07B.HDF5,True,False,7722760,cbd6c1f238a9ff96ab1af280a5898248282a08b0cc58bc822277300c459b8b28,CANONICAL_PRIMARY,Official NASA GES DISC canonical granule file
3B-HHR.MS.MRG.3IMERG.20141025-S030000-E032959.0180.V07B.HDF5,3B-HHR.MS.MRG.3IMERG.20141025-S030000-E032959.0180.V07B.HDF5,True,False,7779767,5fff5fef68d6b5279271687e850e0c6a9a0899cc8e4280b9eddacdfa47167b31,CANONICAL_PRIMARY,Official NASA GES DISC canonical granule file
3B-HHR.MS.MRG.3IMERG.20141025-S060000-E062959.0360.V07B.HDF5,3B-HHR.MS.MRG.3IMERG.20141025-S060000-E062959.0360.V07B.HDF5,True,False,7861314,b9895478cce6a0b35952426a9a8a5bc2e6d682be6cc496fcace433758e86edfd,CANONICAL_PRIMARY,Official NASA GES DISC canonical granule file
3B-HHR.MS.MRG.3IMERG.20141025-S090000-E092959.0540.V07B.HDF5,3B-HHR.MS.MRG.3IMERG.20141025-S090000-E092959.0540.V07B.HDF5,True,False,7911596,af12a175d94e601179c4cf06ab1ba4e98a796e1ba11726234b28c2c7a2d4ad0e,CANONICAL_PRIMARY,Official NASA GES DISC canonical granule file
3B-HHR.MS.MRG.3IMERG.20141025-S120000-E122959.0720.V07B.HDF5,3B-HHR.MS.MRG.3IMERG.20141025-S120000-E122959.0720.V07B.HDF5,True,False,7648346,9e632d1ccc3d5c8ecb4b082c37121d20c038ef23635f9fdf52429076269ba4c0,CANONICAL_PRIMARY,Official NASA GES DISC canonical granule file
3B-HHR.MS.MRG.3IMERG.20141025-S150000-E152959.0900.V07B.HDF5,3B-HHR.MS.MRG.3IMERG.20141025-S150000-E152959.0900.V07B.HDF5,True,False,7800265,d72b3a4a06aede21e5bcf63e04227b26c73b5815e08eaa99161d6a9b1decbc46,CANONICAL_PRIMARY,Official NASA GES DISC canonical granule file
3B-HHR.MS.MRG.3IMERG.20141025-S180000-E182959.1080.V07B.HDF5,3B-HHR.MS.MRG.3IMERG.20141025-S180000-E182959.1080.V07B.HDF5,True,False,7863356,e942c686fd9bcbe6b8c90feb2fbee8a5b784cfc8b49e5a5e2cea0fe7bfd54d8c,CANONICAL_PRIMARY,Official NASA GES DISC canonical granule file
3B-HHR.MS.MRG.3IMERG.20141025-S210000-E212959.1260.V07B.HDF5,3B-HHR.MS.MRG.3IMERG.20141025-S210000-E212959.1260.V07B.HDF5,True,False,7914365,af0d50b44ffd3745f7be0d0c23674e5ac96b5f45d4ac203e4491373511af7588,CANONICAL_PRIMARY,Official NASA GES DISC canonical granule file
3B-HHR.MS.MRG.3IMERG.20141026-S000000-E002959.0000.V07B.HDF5,3B-HHR.MS.MRG.3IMERG.20141026-S000000-E002959.0000.V07B.HDF5,True,False,8079409,aed8a2dbbc63ea00ef9ffb7b9bcd37cae683f5c047b494bd64c1966e42c22542,CANONICAL_PRIMARY,Official NASA GES DISC canonical granule file
3B-HHR.MS.MRG.3IMERG.20141104-S210000-E212959.1260.V07B.HDF5,3B-HHR.MS.MRG.3IMERG.20141104-S210000-E212959.1260.V07B.HDF5,True,False,7976306,2b77437d7bb9be44d9102097f58d1b416bc7aa40cc33107c740c631683d7e0d7,CANONICAL_PRIMARY,Official NASA GES DISC canonical granule file
3B-HHR.MS.MRG.3IMERG.20141105-S000000-E002959.0000.V07B.HDF5,3B-HHR.MS.MRG.3IMERG.20141105-S000000-E002959.0000.V07B.HDF5,True,False,7751381,87dc231568ae424a3fe373ae16cb605aa637e3eeb33af7916caaff43e51205cf,CANONICAL_PRIMARY,Official NASA GES DISC canonical granule file
3B-HHR.MS.MRG.3IMERG.20141105-S030000-E032959.0180.V07B.HDF5,3B-HHR.MS.MRG.3IMERG.20141105-S030000-E032959.0180.V07B.HDF5,True,False,7686820,e7a961631db09b576170866f37a6b0f998c9e2f3466af9fe5ccf4b269489f5e4,CANONICAL_PRIMARY,Official NASA GES DISC canonical granule file
3B-HHR.MS.MRG.3IMERG.20141105-S060000-E062959.0360.V07B.HDF5,3B-HHR.MS.MRG.3IMERG.20141105-S060000-E062959.0360.V07B.HDF5,True,False,7889355,cb6b3d2902950048f71c000f2f8eb2373f41a13098691242ef101d13072de270,CANONICAL_PRIMARY,Official NASA GES DISC canonical granule file
3B-HHR.MS.MRG.3IMERG.20141105-S090000-E092959.0540.V07B.HDF5,3B-HHR.MS.MRG.3IMERG.20141105-S090000-E092959.0540.V07B.HDF5,True,False,7868756,4c6c5173b705f1a1151f252d9f16e619ea3ddb90406f71b848ba79fd66016300,CANONICAL_PRIMARY,Official NASA GES DISC canonical granule file
3B-HHR.MS.MRG.3IMERG.20141105-S120000-E122959.0720.V07B.HDF5,3B-HHR.MS.MRG.3IMERG.20141105-S120000-E122959.0720.V07B.HDF5,True,False,7675068,771bca8130da107eab44d8751f42f1e2632113a16d30bcf8e98e625edcfefa47,CANONICAL_PRIMARY,Official NASA GES DISC canonical granule file
3B-HHR.MS.MRG.3IMERG.20141105-S150000-E152959.0900.V07B.HDF5,3B-HHR.MS.MRG.3IMERG.20141105-S150000-E152959.0900.V07B.HDF5,True,False,7967667,ad298e4a3f8a9802e7e63a1527b240c069534ca7371c0826a9566c9fa3fb0c4e,CANONICAL_PRIMARY,Official NASA GES DISC canonical granule file
3B-HHR.MS.MRG.3IMERG.20141105-S180000-E182959.1080.V07B.HDF5,3B-HHR.MS.MRG.3IMERG.20141105-S180000-E182959.1080.V07B.HDF5,True,False,7959830,ace38a6d454e02efaa8cc573396e17f1668198c66515910fc55fcf8287dfeb53,CANONICAL_PRIMARY,Official NASA GES DISC canonical granule file
3B-HHR.MS.MRG.3IMERG.20141105-S210000-E212959.1260.V07B.HDF5,3B-HHR.MS.MRG.3IMERG.20141105-S210000-E212959.1260.V07B.HDF5,True,False,8080538,e0b2984e10d63904188029a44bb17ffcc59daa26374199d66c5d7132b2a97dca,CANONICAL_PRIMARY,Official NASA GES DISC canonical granule file
3B-HHR.MS.MRG.3IMERG.20141106-S000000-E002959.0000.V07B.HDF5,3B-HHR.MS.MRG.3IMERG.20141106-S000000-E002959.0000.V07B.HDF5,True,False,7866251,d864578b92e9bde81406cd655ffb9bf141d26b9e0d704d0aea4619c911d3e335,CANONICAL_PRIMARY,Official NASA GES DISC canonical granule file
3B-HHR.MS.MRG.3IMERG.20150621-S150000-E152959.0900.V07B.HDF5,3B-HHR.MS.MRG.3IMERG.20150621-S150000-E152959.0900.V07B.HDF5,True,False,8402663,807c862fdd2aa07b7db324cb21fa4877a508076a80f6cf86f44bafafcce92848,CANONICAL_PRIMARY,Official NASA GES DISC canonical granule file
3B-HHR.MS.MRG.3IMERG.20150621-S180000-E182959.1080.V07B.HDF5,3B-HHR.MS.MRG.3IMERG.20150621-S180000-E182959.1080.V07B.HDF5,True,False,8386365,4bb7891552b2874c70269f846114c427ce4c1debeaae9d23b6dab9abbce1ad41,CANONICAL_PRIMARY,Official NASA GES DISC canonical granule file
3B-HHR.MS.MRG.3IMERG.20150621-S210000-E212959.1260.V07B.HDF5,3B-HHR.MS.MRG.3IMERG.20150621-S210000-E212959.1260.V07B.HDF5,True,False,8473379,c56afa37060596023b64bdeb8b958d9a15dc410c1c947f236600dea48f5780a9,CANONICAL_PRIMARY,Official NASA GES DISC canonical granule file
3B-HHR.MS.MRG.3IMERG.20150622-S000000-E002959.0000.V07B.HDF5,3B-HHR.MS.MRG.3IMERG.20150622-S000000-E002959.0000.V07B.HDF5,True,False,8291640,208a0f6ac49edc8bbf63e0e225115f5e0dd11935ef977f3ad7bfb170d7a6a149,CANONICAL_PRIMARY,Official NASA GES DISC canonical granule file
3B-HHR.MS.MRG.3IMERG.20150622-S030000-E032959.0180.V07B.HDF5,3B-HHR.MS.MRG.3IMERG.20150622-S030000-E032959.0180.V07B.HDF5,True,False,8369191,3593a317112265071553f49881fcbe9a2be669336e59ee1f5b834e46550dc160,CANONICAL_PRIMARY,Official NASA GES DISC canonical granule file
3B-HHR.MS.MRG.3IMERG.20150622-S060000-E062959.0360.V07B.HDF5,3B-HHR.MS.MRG.3IMERG.20150622-S060000-E062959.0360.V07B.HDF5,True,False,8183453,8a81b72320e0becc4111f47ba722a8daedb9b73221ce84e7606e7968236b4ca0,CANONICAL_PRIMARY,Official NASA GES DISC canonical granule file
3B-HHR.MS.MRG.3IMERG.20150622-S090000-E092959.0540.V07B.HDF5,3B-HHR.MS.MRG.3IMERG.20150622-S090000-E092959.0540.V07B.HDF5,True,False,8320486,acb17e5978baa475584e5db2e1808a8ab67c3726f5826a84e6617f08798615b5,CANONICAL_PRIMARY,Official NASA GES DISC canonical granule file
3B-HHR.MS.MRG.3IMERG.20150622-S120000-E122959.0720.V07B.HDF5,3B-HHR.MS.MRG.3IMERG.20150622-S120000-E122959.0720.V07B.HDF5,True,False,8360991,27d592b13bcaa17b88db0fd02be18ffec92bcacfc781dc2b5fde0504576b09a4,CANONICAL_PRIMARY,Official NASA GES DISC canonical granule file
3B-HHR.MS.MRG.3IMERG.20150622-S150000-E152959.0900.V07B.HDF5,3B-HHR.MS.MRG.3IMERG.20150622-S150000-E152959.0900.V07B.HDF5,True,False,8559681,6d57ea04797858ff78994c9e4452117c2118f6e49fac8b220a5c255bbf27c151,CANONICAL_PRIMARY,Official NASA GES DISC canonical granule file
3B-HHR.MS.MRG.3IMERG.20150622-S180000-E182959.1080.V07B.HDF5,3B-HHR.MS.MRG.3IMERG.20150622-S180000-E182959.1080.V07B.HDF5,True,False,8563270,9a618dfe1c7f30dea97280180520c55ebd5b7213020d8bf8af26f0dcdab66a89,CANONICAL_PRIMARY,Official NASA GES DISC canonical granule file
3B-HHR.MS.MRG.3IMERG.20150709-S120000-E122959.0720.V07B.HDF5,3B-HHR.MS.MRG.3IMERG.20150709-S120000-E122959.0720.V07B.HDF5,True,False,7862960,0a090851dbf9421dbf1abaab9905d56b691630fb6f858155c8ded1d7e3b343b5,CANONICAL_PRIMARY,Official NASA GES DISC canonical granule file
3B-HHR.MS.MRG.3IMERG.20150709-S150000-E152959.0900.V07B.HDF5,3B-HHR.MS.MRG.3IMERG.20150709-S150000-E152959.0900.V07B.HDF5,True,False,7943482,a58ee539b97131d2b72d0791fa5293fcab5c522bcb50c534bab4c8f74565f309,CANONICAL_PRIMARY,Official NASA GES DISC canonical granule file
3B-HHR.MS.MRG.3IMERG.20150709-S180000-E182959.1080.V07B.HDF5,3B-HHR.MS.MRG.3IMERG.20150709-S180000-E182959.1080.V07B.HDF5,True,False,7888881,0dd9e16639280b9e0644bbf9b4a0d8152a87f6eba8bdbd33f93cf1c616772e4a,CANONICAL_PRIMARY,Official NASA GES DISC canonical granule file
3B-HHR.MS.MRG.3IMERG.20150709-S210000-E212959.1260.V07B.HDF5,3B-HHR.MS.MRG.3IMERG.20150709-S210000-E212959.1260.V07B.HDF5,True,False,7935877,eb63d334580f989a68ab2fd5aa8bd2df1acc7c3bf6f0d0c49b930c1de6822d3f,CANONICAL_PRIMARY,Official NASA GES DISC canonical granule file
3B-HHR.MS.MRG.3IMERG.20150710-S000000-E002959.0000.V07B.HDF5,3B-HHR.MS.MRG.3IMERG.20150710-S000000-E002959.0000.V07B.HDF5,True,False,7628692,60325595d9bc012409146b108a2e29d155bdc52bb0ebfb81f5609eeb65a7219f,CANONICAL_PRIMARY,Official NASA GES DISC canonical granule file
3B-HHR.MS.MRG.3IMERG.20150710-S030000-E032959.0180.V07B.HDF5,3B-HHR.MS.MRG.3IMERG.20150710-S030000-E032959.0180.V07B.HDF5,True,False,7767872,94a08dfa9cf2872fe51700bbb7510550482187d11b3d7ebbc9cc90516c5c5726,CANONICAL_PRIMARY,Official NASA GES DISC canonical granule file
3B-HHR.MS.MRG.3IMERG.20150710-S060000-E062959.0360.V07B.HDF5,3B-HHR.MS.MRG.3IMERG.20150710-S060000-E062959.0360.V07B.HDF5,True,False,7792828,f9017a5a3b75ca3788e79d54155f1881c5fa4bd71b228e891e4122770d442934,CANONICAL_PRIMARY,Official NASA GES DISC canonical granule file
3B-HHR.MS.MRG.3IMERG.20150710-S090000-E092959.0540.V07B.HDF5,3B-HHR.MS.MRG.3IMERG.20150710-S090000-E092959.0540.V07B.HDF5,True,False,7775467,199cc27555505cbf6a249b9955b4feb82ae6139ade9066ecf970b36cded568b0,CANONICAL_PRIMARY,Official NASA GES DISC canonical granule file
3B-HHR.MS.MRG.3IMERG.20150725-S090000-E092959.0540.V07B.HDF5,3B-HHR.MS.MRG.3IMERG.20150725-S090000-E092959.0540.V07B.HDF5,True,False,8061467,ef8e52f2468501c8730b48d541ec055fc872aa9935b6e3b494a02cf6d5b4e0c4,CANONICAL_PRIMARY,Official NASA GES DISC canonical granule file
3B-HHR.MS.MRG.3IMERG.20150725-S120000-E122959.0720.V07B.HDF5,3B-HHR.MS.MRG.3IMERG.20150725-S120000-E122959.0720.V07B.HDF5,True,False,7939420,450871441e8dc83ec5c578c071e7800b5c4a06048d806114ecc3ac6ce1f0e71a,CANONICAL_PRIMARY,Official NASA GES DISC canonical granule file
3B-HHR.MS.MRG.3IMERG.20150725-S150000-E152959.0900.V07B.HDF5,3B-HHR.MS.MRG.3IMERG.20150725-S150000-E152959.0900.V07B.HDF5,True,False,7932373,9eb0a2308033523708a8079e49ee4e7f50199608f5dadab1f93ae8ddcf8a6a7b,CANONICAL_PRIMARY,Official NASA GES DISC canonical granule file
3B-HHR.MS.MRG.3IMERG.20150725-S180000-E182959.1080.V07B.HDF5,3B-HHR.MS.MRG.3IMERG.20150725-S180000-E182959.1080.V07B.HDF5,True,False,7735348,34b2dff46c1a026dba2d239c0ef187f5d21751e425bbcae5f57e0bfd6f11388f,CANONICAL_PRIMARY,Official NASA GES DISC canonical granule file
3B-HHR.MS.MRG.3IMERG.20150725-S210000-E212959.1260.V07B.HDF5,3B-HHR.MS.MRG.3IMERG.20150725-S210000-E212959.1260.V07B.HDF5,True,False,7829951,0123560c77b383c52674ee318e0348435269cded31bc9e6543680f1e0ec6014c,CANONICAL_PRIMARY,Official NASA GES DISC canonical granule file
3B-HHR.MS.MRG.3IMERG.20150726-S000000-E002959.0000.V07B.HDF5,3B-HHR.MS.MRG.3IMERG.20150726-S000000-E002959.0000.V07B.HDF5,True,False,7859181,0fa29be2b408a13ce5bcd59298affd400ffe12fd5d544d6855508eafef25f867,CANONICAL_PRIMARY,Official NASA GES DISC canonical granule file
3B-HHR.MS.MRG.3IMERG.20150726-S030000-E032959.0180.V07B.HDF5,3B-HHR.MS.MRG.3IMERG.20150726-S030000-E032959.0180.V07B.HDF5,True,False,7802896,0c17b78665ab908967c0b9eadb91712e52ae48f5ca529983ee3ac4ee897cec90,CANONICAL_PRIMARY,Official NASA GES DISC canonical granule file
3B-HHR.MS.MRG.3IMERG.20150726-S060000-E062959.0360.V07B.HDF5,3B-HHR.MS.MRG.3IMERG.20150726-S060000-E062959.0360.V07B.HDF5,True,False,7680431,48eb8d48674beb1a9c739e4eb1f680aeac22480843f2bf2bf5739e5c9dfb2a9f,CANONICAL_PRIMARY,Official NASA GES DISC canonical granule file
3B-HHR.MS.MRG.3IMERG.20150726-S090000-E092959.0540.V07B.HDF5,3B-HHR.MS.MRG.3IMERG.20150726-S090000-E092959.0540.V07B.HDF5,True,False,7803678,a67c238e6997755dfd071c9e25e17d02677fb5d9e0823fb644f3a108e3edc312,CANONICAL_PRIMARY,Official NASA GES DISC canonical granule file
3B-HHR.MS.MRG.3IMERG.20150726-S120000-E122959.0720.V07B.HDF5,3B-HHR.MS.MRG.3IMERG.20150726-S120000-E122959.0720.V07B.HDF5,True,False,7765245,26e47e446262d1d00b71454468ad34c3f55d4f1b403045d55c8b4c6ae7d4bd5c,CANONICAL_PRIMARY,Official NASA GES DISC canonical granule file
3B-HHR.MS.MRG.3IMERG.20150726-S150000-E152959.0900.V07B.HDF5,3B-HHR.MS.MRG.3IMERG.20150726-S150000-E152959.0900.V07B.HDF5,True,False,7649454,68a4b06de707c9010bee5012260b9ba4343efc9b2fab3ede8751bb8a602f1f14,CANONICAL_PRIMARY,Official NASA GES DISC canonical granule file
3B-HHR.MS.MRG.3IMERG.20150726-S180000-E182959.1080.V07B.HDF5,3B-HHR.MS.MRG.3IMERG.20150726-S180000-E182959.1080.V07B.HDF5,True,False,7816819,97e3298ea7a4ae900d5a5a48e13206be79bbabce5d0889d37c9dbf944434604f,CANONICAL_PRIMARY,Official NASA GES DISC canonical granule file
3B-HHR.MS.MRG.3IMERG.20150726-S210000-E212959.1260.V07B.HDF5,3B-HHR.MS.MRG.3IMERG.20150726-S210000-E212959.1260.V07B.HDF5,True,False,7951236,4545f00bf14c7de499491a672e28bd1843b30bd9fbf72da61be90abcf55c7ed3,CANONICAL_PRIMARY,Official NASA GES DISC canonical granule file
3B-HHR.MS.MRG.3IMERG.20150727-S000000-E002959.0000.V07B.HDF5,3B-HHR.MS.MRG.3IMERG.20150727-S000000-E002959.0000.V07B.HDF5,True,False,7655646,abedc090ebd9897c6fcc41d4b125cf6f81f6eace30518c963161e1d65a1da4a9,CANONICAL_PRIMARY,Official NASA GES DISC canonical granule file
3B-HHR.MS.MRG.3IMERG.20150727-S030000-E032959.0180.V07B.HDF5,3B-HHR.MS.MRG.3IMERG.20150727-S030000-E032959.0180.V07B.HDF5,True,False,7510812,5974dc4fbaa9d5cec81344e3d63845fd08c95f7459f16cde3ca4e7de8e0342f8,CANONICAL_PRIMARY,Official NASA GES DISC canonical granule file
3B-HHR.MS.MRG.3IMERG.20150727-S060000-E062959.0360.V07B.HDF5,3B-HHR.MS.MRG.3IMERG.20150727-S060000-E062959.0360.V07B.HDF5,True,False,7631954,17c66ade0bc31cce917afa2f3025bb208b8109e5ec2fa001f98a84da515479c9,CANONICAL_PRIMARY,Official NASA GES DISC canonical granule file
3B-HHR.MS.MRG.3IMERG.20150727-S090000-E092959.0540.V07B.HDF5,3B-HHR.MS.MRG.3IMERG.20150727-S090000-E092959.0540.V07B.HDF5,True,False,7644955,0c84445a6c31547cd3b722150e35cbcfde9a2d6710c8f26147c9dee193b49423,CANONICAL_PRIMARY,Official NASA GES DISC canonical granule file
3B-HHR.MS.MRG.3IMERG.20150727-S120000-E122959.0720.V07B.HDF5,3B-HHR.MS.MRG.3IMERG.20150727-S120000-E122959.0720.V07B.HDF5,True,False,7612158,eb98f37f013108b371aa2a2feedbb1667aaf4c98bb8a072773e4f21f3959e782,CANONICAL_PRIMARY,Official NASA GES DISC canonical granule file
3B-HHR.MS.MRG.3IMERG.20150727-S150000-E152959.0900.V07B.HDF5,3B-HHR.MS.MRG.3IMERG.20150727-S150000-E152959.0900.V07B.HDF5,True,False,7653583,2e9aaa9f889e132f013069998183ab0f43e31ffedf10c0acc220b5afbeb7520a,CANONICAL_PRIMARY,Official NASA GES DISC canonical granule file
3B-HHR.MS.MRG.3IMERG.20150727-S180000-E182959.1080.V07B.HDF5,3B-HHR.MS.MRG.3IMERG.20150727-S180000-E182959.1080.V07B.HDF5,True,False,7750265,0111d0cac8504a202db892015703cdd3d511d3feb4769379192fe6c253511ad4,CANONICAL_PRIMARY,Official NASA GES DISC canonical granule file
3B-HHR.MS.MRG.3IMERG.20150727-S210000-E212959.1260.V07B.HDF5,3B-HHR.MS.MRG.3IMERG.20150727-S210000-E212959.1260.V07B.HDF5,True,False,7461624,4001f4328ff7e5b530e68efeaa92ecb7d93a71a03562d08c92da6d26ef47529e,CANONICAL_PRIMARY,Official NASA GES DISC canonical granule file
3B-HHR.MS.MRG.3IMERG.20150728-S000000-E002959.0000.V07B.HDF5,3B-HHR.MS.MRG.3IMERG.20150728-S000000-E002959.0000.V07B.HDF5,True,False,7505867,3ad670575a6650f5986213b3bbfe33acc86400473acc2d500e366f6084bc6cbe,CANONICAL_PRIMARY,Official NASA GES DISC canonical granule file
3B-HHR.MS.MRG.3IMERG.20150728-S030000-E032959.0180.V07B.HDF5,3B-HHR.MS.MRG.3IMERG.20150728-S030000-E032959.0180.V07B.HDF5,True,False,7443419,de301107671d9f60e53c029d1321f3badc11ae99ad7ad3b917dda0ba27196463,CANONICAL_PRIMARY,Official NASA GES DISC canonical granule file
3B-HHR.MS.MRG.3IMERG.20150728-S060000-E062959.0360.V07B.HDF5,3B-HHR.MS.MRG.3IMERG.20150728-S060000-E062959.0360.V07B.HDF5,True,False,7471293,1bc62ac014831cd4a24ed7353421948013b3fc731d59447c9cbfdb68baff0cb3,CANONICAL_PRIMARY,Official NASA GES DISC canonical granule file
3B-HHR.MS.MRG.3IMERG.20150728-S090000-E092959.0540.V07B.HDF5,3B-HHR.MS.MRG.3IMERG.20150728-S090000-E092959.0540.V07B.HDF5,True,False,7577593,ac1b9e4351703c622d76eb25bb6b12d97568bc73a4eaf78c8d864758438ee7ef,CANONICAL_PRIMARY,Official NASA GES DISC canonical granule file
3B-HHR.MS.MRG.3IMERG.20150728-S120000-E122959.0720.V07B.HDF5,3B-HHR.MS.MRG.3IMERG.20150728-S120000-E122959.0720.V07B.HDF5,True,False,7751313,97d5a014a0e8fc66f8d53fd04854b92dab8dc6653f7af8d01f4684d2415a62f5,CANONICAL_PRIMARY,Official NASA GES DISC canonical granule file
3B-HHR.MS.MRG.3IMERG.20150728-S150000-E152959.0900.V07B.HDF5,3B-HHR.MS.MRG.3IMERG.20150728-S150000-E152959.0900.V07B.HDF5,True,False,7507348,7757b15b01a256702bfa1f7b06a6c63816d0dc40fadbb034c203367e9a51e68b,CANONICAL_PRIMARY,Official NASA GES DISC canonical granule file
3B-HHR.MS.MRG.3IMERG.20150728-S180000-E182959.1080.V07B.HDF5,3B-HHR.MS.MRG.3IMERG.20150728-S180000-E182959.1080.V07B.HDF5,True,False,7755072,ab9b487c0936713c59ec1639a6473d6db3825744a8d8bc7258aeedbde47f8c33,CANONICAL_PRIMARY,Official NASA GES DISC canonical granule file
3B-HHR.MS.MRG.3IMERG.20150728-S210000-E212959.1260.V07B.HDF5,3B-HHR.MS.MRG.3IMERG.20150728-S210000-E212959.1260.V07B.HDF5,True,False,7650362,8f998ea9a34c72de0440e1de4b13e1b6486380d381a20ef26ffc74b2eed2e5f7,CANONICAL_PRIMARY,Official NASA GES DISC canonical granule file
3B-HHR.MS.MRG.3IMERG.20150729-S000000-E002959.0000.V07B.HDF5,3B-HHR.MS.MRG.3IMERG.20150729-S000000-E002959.0000.V07B.HDF5,True,False,7551638,b863a5277a1048e55c20b209bd2f05c68394969effeb4e0de75ed158b580a922,CANONICAL_PRIMARY,Official NASA GES DISC canonical granule file
3B-HHR.MS.MRG.3IMERG.20150915-S120000-E122959.0720.V07B.HDF5,3B-HHR.MS.MRG.3IMERG.20150915-S120000-E122959.0720.V07B.HDF5,True,False,7758547,2c200b6a0a4ed154a7fd3152364d9c36e8c6ec2a2169d58ca886594fd6a38161,CANONICAL_PRIMARY,Official NASA GES DISC canonical granule file
3B-HHR.MS.MRG.3IMERG.20150915-S150000-E152959.0900.V07B.HDF5,3B-HHR.MS.MRG.3IMERG.20150915-S150000-E152959.0900.V07B.HDF5,True,False,7986673,4af6064d8cc239128cc0a5be19a15ad9876e167226d05ae691b710b3ff889231,CANONICAL_PRIMARY,Official NASA GES DISC canonical granule file
3B-HHR.MS.MRG.3IMERG.20150915-S180000-E182959.1080.V07B.HDF5,3B-HHR.MS.MRG.3IMERG.20150915-S180000-E182959.1080.V07B.HDF5,True,False,7921409,b2797eaf7f3e05f955ae4d1bb10238bbfb1ec44e69a994ea68eca3f68a650158,CANONICAL_PRIMARY,Official NASA GES DISC canonical granule file
3B-HHR.MS.MRG.3IMERG.20150915-S210000-E212959.1260.V07B.HDF5,3B-HHR.MS.MRG.3IMERG.20150915-S210000-E212959.1260.V07B.HDF5,True,False,7694455,8e78e4a66783095c7e547e41660d74a2ff509c4fab5ab895808e078ce351e04e,CANONICAL_PRIMARY,Official NASA GES DISC canonical granule file
3B-HHR.MS.MRG.3IMERG.20150916-S000000-E002959.0000.V07B.HDF5,3B-HHR.MS.MRG.3IMERG.20150916-S000000-E002959.0000.V07B.HDF5,True,False,7753370,74d6b2d171f7f32ce4ec51f6e0334bccb4bd985d897470c7ed762fb436e3a8e8,CANONICAL_PRIMARY,Official NASA GES DISC canonical granule file
3B-HHR.MS.MRG.3IMERG.20150916-S030000-E032959.0180.V07B.HDF5,3B-HHR.MS.MRG.3IMERG.20150916-S030000-E032959.0180.V07B.HDF5,True,False,7605792,24a64964655c70d15d31ba426bf674935c96c4fb1a6764a2e1c3d32c625ac085,CANONICAL_PRIMARY,Official NASA GES DISC canonical granule file
3B-HHR.MS.MRG.3IMERG.20150916-S060000-E062959.0360.V07B.HDF5,3B-HHR.MS.MRG.3IMERG.20150916-S060000-E062959.0360.V07B.HDF5,True,False,7803802,cb1c09e2d797e9b015a5b4f2cbcf1b442509d85e034ad21100d6f7d1f95041ec,CANONICAL_PRIMARY,Official NASA GES DISC canonical granule file
3B-HHR.MS.MRG.3IMERG.20150916-S090000-E092959.0540.V07B.HDF5,3B-HHR.MS.MRG.3IMERG.20150916-S090000-E092959.0540.V07B.HDF5,True,False,7785216,007aaa56fe6c2c4c1d66cbb92adc93a7b72cab2429fd06f31471db7ec04baf1a,CANONICAL_PRIMARY,Official NASA GES DISC canonical granule file
3B-HHR.MS.MRG.3IMERG.20150916-S120000-E122959.0720.V07B.HDF5,3B-HHR.MS.MRG.3IMERG.20150916-S120000-E122959.0720.V07B.HDF5,True,False,7787010,df82be54d50056516f567f2d7430411b2d5bfe5ecd3cd8dbc42634a04d4617dd,CANONICAL_PRIMARY,Official NASA GES DISC canonical granule file
3B-HHR.MS.MRG.3IMERG.20150916-S150000-E152959.0900.V07B.HDF5,3B-HHR.MS.MRG.3IMERG.20150916-S150000-E152959.0900.V07B.HDF5,True,False,7848757,9b96b70d1df3b6a6f61b0e0fac930fe731d629911125bcd6b86310ae52737d5b,CANONICAL_PRIMARY,Official NASA GES DISC canonical granule file
3B-HHR.MS.MRG.3IMERG.20150916-S180000-E182959.1080.V07B.HDF5,3B-HHR.MS.MRG.3IMERG.20150916-S180000-E182959.1080.V07B.HDF5,True,False,7906100,d62951ecc39de3d439a5c623110b5d68b86f85e8a221ed6234649badfef78e0b,CANONICAL_PRIMARY,Official NASA GES DISC canonical granule file
3B-HHR.MS.MRG.3IMERG.20150916-S210000-E212959.1260.V07B.HDF5,3B-HHR.MS.MRG.3IMERG.20150916-S210000-E212959.1260.V07B.HDF5,True,False,7816464,6d8acc2d600866d0b5de4264da334d7958e2214bc96c3c7be5d0acc521717eaa,CANONICAL_PRIMARY,Official NASA GES DISC canonical granule file
3B-HHR.MS.MRG.3IMERG.20150917-S000000-E002959.0000.V07B.HDF5,3B-HHR.MS.MRG.3IMERG.20150917-S000000-E002959.0000.V07B.HDF5,True,False,7753051,46d18376302bdbd6b6b1128e75fd6053c99eee77477e874873dae3ea09113d05,CANONICAL_PRIMARY,Official NASA GES DISC canonical granule file
3B-HHR.MS.MRG.3IMERG.20151008-S090000-E092959.0540.V07B.HDF5,3B-HHR.MS.MRG.3IMERG.20151008-S090000-E092959.0540.V07B.HDF5,True,False,7968189,12fc0a38b3ba4fc1d68234e16b4f1475f309c64696263a54d824b797a3d7e9a5,CANONICAL_PRIMARY,Official NASA GES DISC canonical granule file
3B-HHR.MS.MRG.3IMERG.20151008-S120000-E122959.0720.V07B.HDF5,3B-HHR.MS.MRG.3IMERG.20151008-S120000-E122959.0720.V07B.HDF5,True,False,8255862,9a781024e0a257f64bb2d352a4336be1fd37a44468889ed169c0572e9defeba1,CANONICAL_PRIMARY,Official NASA GES DISC canonical granule file
3B-HHR.MS.MRG.3IMERG.20151008-S150000-E152959.0900.V07B.HDF5,3B-HHR.MS.MRG.3IMERG.20151008-S150000-E152959.0900.V07B.HDF5,True,False,8215039,b79cebfdb203172ad947199f4ba4c7ca1d2e0103aff41e3baacb212adc90b4a3,CANONICAL_PRIMARY,Official NASA GES DISC canonical granule file
3B-HHR.MS.MRG.3IMERG.20151008-S180000-E182959.1080.V07B.HDF5,3B-HHR.MS.MRG.3IMERG.20151008-S180000-E182959.1080.V07B.HDF5,True,False,8195473,8b8ae854d48597cd1ef9125ec4e282540bdce1e8165cff208a56b3dfb2f4e3a9,CANONICAL_PRIMARY,Official NASA GES DISC canonical granule file
3B-HHR.MS.MRG.3IMERG.20151008-S210000-E212959.1260.V07B.HDF5,3B-HHR.MS.MRG.3IMERG.20151008-S210000-E212959.1260.V07B.HDF5,True,False,8071553,d3f0fdc43c6cf79e2fd2c76528a76056d9d9abdf59334bbbe588ccd78b2d9023,CANONICAL_PRIMARY,Official NASA GES DISC canonical granule file
3B-HHR.MS.MRG.3IMERG.20151009-S000000-E002959.0000.V07B.HDF5,3B-HHR.MS.MRG.3IMERG.20151009-S000000-E002959.0000.V07B.HDF5,True,False,8165324,e0fff95f1ced862694a4c29812d0da7f8c097e2d1287bce40d4c1b8681a94820,CANONICAL_PRIMARY,Official NASA GES DISC canonical granule file
3B-HHR.MS.MRG.3IMERG.20151009-S030000-E032959.0180.V07B.HDF5,3B-HHR.MS.MRG.3IMERG.20151009-S030000-E032959.0180.V07B.HDF5,True,False,8002330,2157d25628a6090f189924c5ed12b43d2b20274da5406c076f4aec9ed16b12f9,CANONICAL_PRIMARY,Official NASA GES DISC canonical granule file
3B-HHR.MS.MRG.3IMERG.20151009-S060000-E062959.0360.V07B.HDF5,3B-HHR.MS.MRG.3IMERG.20151009-S060000-E062959.0360.V07B.HDF5,True,False,7929785,1312128e13d7a7bc3fa8af88214bab787f8e8f8e6ecd5abe796175952f2a93c9,CANONICAL_PRIMARY,Official NASA GES DISC canonical granule file
3B-HHR.MS.MRG.3IMERG.20151009-S090000-E092959.0540.V07B.HDF5,3B-HHR.MS.MRG.3IMERG.20151009-S090000-E092959.0540.V07B.HDF5,True,False,7894857,21148f7b7cc89a7f1fb1d5d4a9bbe73f8b3ad90ca153a234aef3d3bcea0755c3,CANONICAL_PRIMARY,Official NASA GES DISC canonical granule file
3B-HHR.MS.MRG.3IMERG.20151009-S120000-E122959.0720.V07B.HDF5,3B-HHR.MS.MRG.3IMERG.20151009-S120000-E122959.0720.V07B.HDF5,True,False,8237709,228606a4e93c5693625960b9ad2492e754edd3775ab557f60364a527d771d587,CANONICAL_PRIMARY,Official NASA GES DISC canonical granule file
3B-HHR.MS.MRG.3IMERG.20151009-S150000-E152959.0900.V07B.HDF5,3B-HHR.MS.MRG.3IMERG.20151009-S150000-E152959.0900.V07B.HDF5,True,False,8195798,7a2d71e15d71c05856e37c403c051784b3d8a8aab8e106f10f667a2b8871286d,CANONICAL_PRIMARY,Official NASA GES DISC canonical granule file
3B-HHR.MS.MRG.3IMERG.20151009-S180000-E182959.1080.V07B.HDF5,3B-HHR.MS.MRG.3IMERG.20151009-S180000-E182959.1080.V07B.HDF5,True,False,7986861,bcb83f17886e09375314253b2cd8dc4fb48fa2450586b1eb05860bb814ea736f,CANONICAL_PRIMARY,Official NASA GES DISC canonical granule file
3B-HHR.MS.MRG.3IMERG.20151009-S210000-E212959.1260.V07B.HDF5,3B-HHR.MS.MRG.3IMERG.20151009-S210000-E212959.1260.V07B.HDF5,True,False,7995135,e64eea6a2aa032d8ba1d64039a66d04615034a9b4a7f8a176b9117698c5c345e,CANONICAL_PRIMARY,Official NASA GES DISC canonical granule file
3B-HHR.MS.MRG.3IMERG.20151010-S000000-E002959.0000.V07B.HDF5,3B-HHR.MS.MRG.3IMERG.20151010-S000000-E002959.0000.V07B.HDF5,True,False,7855847,5286b8848b7a77171ae533816c6f95331746f332b65382840322904d150fd9e6,CANONICAL_PRIMARY,Official NASA GES DISC canonical granule file
3B-HHR.MS.MRG.3IMERG.20151027-S150000-E152959.0900.V07B.HDF5,3B-HHR.MS.MRG.3IMERG.20151027-S150000-E152959.0900.V07B.HDF5,True,False,7859970,a6937153f182b4956b0539c1170a254ec019485ee684f2be0739781271759a02,CANONICAL_PRIMARY,Official NASA GES DISC canonical granule file
3B-HHR.MS.MRG.3IMERG.20151027-S180000-E182959.1080.V07B.HDF5,3B-HHR.MS.MRG.3IMERG.20151027-S180000-E182959.1080.V07B.HDF5,True,False,7584976,175a186de9a1398066f66a680149663c3b2b204316878fb155f35db8587145b2,CANONICAL_PRIMARY,Official NASA GES DISC canonical granule file
3B-HHR.MS.MRG.3IMERG.20151027-S210000-E212959.1260.V07B.HDF5,3B-HHR.MS.MRG.3IMERG.20151027-S210000-E212959.1260.V07B.HDF5,True,False,7547884,83b4e0e1a08caa3d5530fb344cd2d81aeeeb2da24ba77cea5e7e87d10d1931a3,CANONICAL_PRIMARY,Official NASA GES DISC canonical granule file
3B-HHR.MS.MRG.3IMERG.20151028-S000000-E002959.0000.V07B.HDF5,3B-HHR.MS.MRG.3IMERG.20151028-S000000-E002959.0000.V07B.HDF5,True,False,7195807,017d4a59f9d05cc74926a2aa399d16bf4e0b0a3f4dcc39ca15cfce1ce72a4a08,CANONICAL_PRIMARY,Official NASA GES DISC canonical granule file
3B-HHR.MS.MRG.3IMERG.20151028-S030000-E032959.0180.V07B.HDF5,3B-HHR.MS.MRG.3IMERG.20151028-S030000-E032959.0180.V07B.HDF5,True,False,7442083,6dd16e24072a51e354939b2456896e7a95224f5e0df9b7637e444e3201515068,CANONICAL_PRIMARY,Official NASA GES DISC canonical granule file
3B-HHR.MS.MRG.3IMERG.20151028-S060000-E062959.0360.V07B.HDF5,3B-HHR.MS.MRG.3IMERG.20151028-S060000-E062959.0360.V07B.HDF5,True,False,7387360,4fc6ae0e11eba2a201fede0b06af67d838b2952044a17d697be3afa026f3a9bb,CANONICAL_PRIMARY,Official NASA GES DISC canonical granule file
3B-HHR.MS.MRG.3IMERG.20151028-S090000-E092959.0540.V07B.HDF5,3B-HHR.MS.MRG.3IMERG.20151028-S090000-E092959.0540.V07B.HDF5,True,False,7296187,394fc60ac7abcc2f65d683fd7f8a619020ef64dcbc02da181e13bb7562cfa626,CANONICAL_PRIMARY,Official NASA GES DISC canonical granule file
3B-HHR.MS.MRG.3IMERG.20151028-S120000-E122959.0720.V07B.HDF5,3B-HHR.MS.MRG.3IMERG.20151028-S120000-E122959.0720.V07B.HDF5,True,False,7333542,cf013abc2908f70817b34b83305b64bed65601428dd92320fa1c399096ac84c8,CANONICAL_PRIMARY,Official NASA GES DISC canonical granule file
3B-HHR.MS.MRG.3IMERG.20151028-S150000-E152959.0900.V07B.HDF5,3B-HHR.MS.MRG.3IMERG.20151028-S150000-E152959.0900.V07B.HDF5,True,False,7373060,8a22a2c27b5fb987cd1c2239a85c0b9923bce4fc412ed4c5c6fdbd0b94b57a38,CANONICAL_PRIMARY,Official NASA GES DISC canonical granule file
3B-HHR.MS.MRG.3IMERG.20151028-S180000-E182959.1080.V07B.HDF5,3B-HHR.MS.MRG.3IMERG.20151028-S180000-E182959.1080.V07B.HDF5,True,False,7662354,0c6a501a00ba90eff10c6a93c80ac22b189a30068d9e52300623725969f22ad6,CANONICAL_PRIMARY,Official NASA GES DISC canonical granule file
3B-HHR.MS.MRG.3IMERG.20151028-S210000-E212959.1260.V07B.HDF5,3B-HHR.MS.MRG.3IMERG.20151028-S210000-E212959.1260.V07B.HDF5,True,False,7622603,a386b5f86c4c75c2bb5ef2a1a135d1cb629dbc669ea14d911ad7d216de1cece4,CANONICAL_PRIMARY,Official NASA GES DISC canonical granule file
3B-HHR.MS.MRG.3IMERG.20151029-S000000-E002959.0000.V07B.HDF5,3B-HHR.MS.MRG.3IMERG.20151029-S000000-E002959.0000.V07B.HDF5,True,False,7475036,972d5b84af916a68a08f0e85597a4a675abd1e1d938cd23db67c02b917565702,CANONICAL_PRIMARY,Official NASA GES DISC canonical granule file
3B-HHR.MS.MRG.3IMERG.20151029-S030000-E032959.0180.V07B.HDF5,3B-HHR.MS.MRG.3IMERG.20151029-S030000-E032959.0180.V07B.HDF5,True,False,7401080,d57ad14403f5e5367e182b5b683b85e93e81220ca351c749a2d72780118dc5c0,CANONICAL_PRIMARY,Official NASA GES DISC canonical granule file
3B-HHR.MS.MRG.3IMERG.20151029-S060000-E062959.0360.V07B.HDF5,3B-HHR.MS.MRG.3IMERG.20151029-S060000-E062959.0360.V07B.HDF5,True,False,7515118,eff4dcb3917b08dcd740766ab28baf80ea1a77ffc5ad1d207ee847599e3f1f42,CANONICAL_PRIMARY,Official NASA GES DISC canonical granule file
3B-HHR.MS.MRG.3IMERG.20151029-S090000-E092959.0540.V07B.HDF5,3B-HHR.MS.MRG.3IMERG.20151029-S090000-E092959.0540.V07B.HDF5,True,False,7532954,8af99139b66a812098eb2475a2fab53fb1802f78095f5986e53eaa0d661483ff,CANONICAL_PRIMARY,Official NASA GES DISC canonical granule file
3B-HHR.MS.MRG.3IMERG.20151029-S120000-E122959.0720.V07B.HDF5,3B-HHR.MS.MRG.3IMERG.20151029-S120000-E122959.0720.V07B.HDF5,True,False,7434282,8a0afabba1563375a33db16213e72940fb4cd5a6cc10d6e91f3dde8be7d298f5,CANONICAL_PRIMARY,Official NASA GES DISC canonical granule file
3B-HHR.MS.MRG.3IMERG.20151029-S150000-E152959.0900.V07B.HDF5,3B-HHR.MS.MRG.3IMERG.20151029-S150000-E152959.0900.V07B.HDF5,True,False,7499529,c344afdd79196d5b0a8421d86710fd813454f94753aa3022844ee1e75a59a5da,CANONICAL_PRIMARY,Official NASA GES DISC canonical granule file
3B-HHR.MS.MRG.3IMERG.20151029-S180000-E182959.1080.V07B.HDF5,3B-HHR.MS.MRG.3IMERG.20151029-S180000-E182959.1080.V07B.HDF5,True,False,7615978,dfcd3bdabc25459f71bdca2770303a36c1ed25a3df571f567aa866fecda0e372,CANONICAL_PRIMARY,Official NASA GES DISC canonical granule file
3B-HHR.MS.MRG.3IMERG.20151029-S210000-E212959.1260.V07B.HDF5,3B-HHR.MS.MRG.3IMERG.20151029-S210000-E212959.1260.V07B.HDF5,True,False,7663093,ec64d79345e2aad7d423a99a1bf9890d694353fac05a53bba6de9bbabfc34e60,CANONICAL_PRIMARY,Official NASA GES DISC canonical granule file
3B-HHR.MS.MRG.3IMERG.20151030-S000000-E002959.0000.V07B.HDF5,3B-HHR.MS.MRG.3IMERG.20151030-S000000-E002959.0000.V07B.HDF5,True,False,7414332,9a1d9baaa9c42f4500c93a8717cbb9c89a1dbaa3ce431c2df31d0a392aa1956e,CANONICAL_PRIMARY,Official NASA GES DISC canonical granule file
3B-HHR.MS.MRG.3IMERG.20151030-S030000-E032959.0180.V07B.HDF5,3B-HHR.MS.MRG.3IMERG.20151030-S030000-E032959.0180.V07B.HDF5,True,False,7506727,2402db1ba223a1bb79bceb9b12f5eea7d2545652f0c299963b93cfd7beaf0f90,CANONICAL_PRIMARY,Official NASA GES DISC canonical granule file
3B-HHR.MS.MRG.3IMERG.20151030-S060000-E062959.0360.V07B.HDF5,3B-HHR.MS.MRG.3IMERG.20151030-S060000-E062959.0360.V07B.HDF5,True,False,7516633,96c7a9772504ade6ace3d19777ff6014388f8e9e75ded0fe89bc0f547b4baf05,CANONICAL_PRIMARY,Official NASA GES DISC canonical granule file
3B-HHR.MS.MRG.3IMERG.20151104-S090000-E092959.0540.V07B.HDF5,3B-HHR.MS.MRG.3IMERG.20151104-S090000-E092959.0540.V07B.HDF5,True,False,7503970,4fbc584ea016c75afb18b4d2dadabb42625b2c0ac846e15719af952cfc5e6f43,CANONICAL_PRIMARY,Official NASA GES DISC canonical granule file
3B-HHR.MS.MRG.3IMERG.20151104-S120000-E122959.0720.V07B.HDF5,3B-HHR.MS.MRG.3IMERG.20151104-S120000-E122959.0720.V07B.HDF5,True,False,7362190,51e8a65ad81d36ea9259948c81763c56ec48dccf262582a66f8574731887b028,CANONICAL_PRIMARY,Official NASA GES DISC canonical granule file
3B-HHR.MS.MRG.3IMERG.20151104-S150000-E152959.0900.V07B.HDF5,3B-HHR.MS.MRG.3IMERG.20151104-S150000-E152959.0900.V07B.HDF5,True,False,7423641,0a2b13cce82da057764a500a1256f346c28d3fb1fdc7814a9740e3d50b13ecdd,CANONICAL_PRIMARY,Official NASA GES DISC canonical granule file
3B-HHR.MS.MRG.3IMERG.20151104-S180000-E182959.1080.V07B.HDF5,3B-HHR.MS.MRG.3IMERG.20151104-S180000-E182959.1080.V07B.HDF5,True,False,7588926,dbcac68ceb6d16d270b83a7b1a1dfc0b58cfd954b17df4132cdaf989eec6d88d,CANONICAL_PRIMARY,Official NASA GES DISC canonical granule file
3B-HHR.MS.MRG.3IMERG.20151104-S210000-E212959.1260.V07B.HDF5,3B-HHR.MS.MRG.3IMERG.20151104-S210000-E212959.1260.V07B.HDF5,True,False,7531141,cd03e5c7f8c04ac2ad90450f17688756a2af14aa8e4e2b6c3511a8f488729ab1,CANONICAL_PRIMARY,Official NASA GES DISC canonical granule file
3B-HHR.MS.MRG.3IMERG.20151105-S000000-E002959.0000.V07B.HDF5,3B-HHR.MS.MRG.3IMERG.20151105-S000000-E002959.0000.V07B.HDF5,True,False,7485329,d1f04831aa913ab2faa9d9ed24333a287837fe5fd6286a0b9a93493129ee947e,CANONICAL_PRIMARY,Official NASA GES DISC canonical granule file
3B-HHR.MS.MRG.3IMERG.20151105-S030000-E032959.0180.V07B.HDF5,3B-HHR.MS.MRG.3IMERG.20151105-S030000-E032959.0180.V07B.HDF5,True,False,7390829,832019781e0d56b4e91fbea6420012688eaad9412217d223dcbf34dac3dd80be,CANONICAL_PRIMARY,Official NASA GES DISC canonical granule file
3B-HHR.MS.MRG.3IMERG.20151105-S060000-E062959.0360.V07B.HDF5,3B-HHR.MS.MRG.3IMERG.20151105-S060000-E062959.0360.V07B.HDF5,True,False,7643407,adc3f3447c92911896901bccb12df9fd00b295f9408d0a516fa6a31e2dce85fa,CANONICAL_PRIMARY,Official NASA GES DISC canonical granule file
3B-HHR.MS.MRG.3IMERG.20151105-S090000-E092959.0540.V07B.HDF5,3B-HHR.MS.MRG.3IMERG.20151105-S090000-E092959.0540.V07B.HDF5,True,False,7524465,9c36848543b1b18283d8c57743f1f5391a71ab34edacd05fb39ec8d54fbcfeae,CANONICAL_PRIMARY,Official NASA GES DISC canonical granule file
3B-HHR.MS.MRG.3IMERG.20151105-S120000-E122959.0720.V07B.HDF5,3B-HHR.MS.MRG.3IMERG.20151105-S120000-E122959.0720.V07B.HDF5,True,False,7493545,d9bda5ea1da0679131603afbe701dcce0c1a950a295b98ad47dbd57e384a2b28,CANONICAL_PRIMARY,Official NASA GES DISC canonical granule file
3B-HHR.MS.MRG.3IMERG.20151105-S150000-E152959.0900.V07B.HDF5,3B-HHR.MS.MRG.3IMERG.20151105-S150000-E152959.0900.V07B.HDF5,True,False,7533297,f0f7fdb186a4b2ad718317aeed19e4ee95cd27b3b5708b39d379868470c1fe3c,CANONICAL_PRIMARY,Official NASA GES DISC canonical granule file
3B-HHR.MS.MRG.3IMERG.20151105-S180000-E182959.1080.V07B.HDF5,3B-HHR.MS.MRG.3IMERG.20151105-S180000-E182959.1080.V07B.HDF5,True,False,7568093,6b5037c4379dfa72264d74ffdcd9528cdab741512c66f4a89b68a39d9f71254b,CANONICAL_PRIMARY,Official NASA GES DISC canonical granule file
3B-HHR.MS.MRG.3IMERG.20151105-S210000-E212959.1260.V07B.HDF5,3B-HHR.MS.MRG.3IMERG.20151105-S210000-E212959.1260.V07B.HDF5,True,False,7620142,a82f42d1e7604779988523de3c64757ee361b5fe9d9626482dfe37438e02c5ab,CANONICAL_PRIMARY,Official NASA GES DISC canonical granule file
3B-HHR.MS.MRG.3IMERG.20151106-S000000-E002959.0000.V07B.HDF5,3B-HHR.MS.MRG.3IMERG.20151106-S000000-E002959.0000.V07B.HDF5,True,False,7384794,288568a0e6bceb6d682054a032531f0b9940086121fc3af86ba80d77e02821d0,CANONICAL_PRIMARY,Official NASA GES DISC canonical granule file
3B-HHR.MS.MRG.3IMERG.20151106-S030000-E032959.0180.V07B.HDF5,3B-HHR.MS.MRG.3IMERG.20151106-S030000-E032959.0180.V07B.HDF5,True,False,7483425,4ec1e10dd249d4fd9a5651a0819c52d6d12be1a0b8c25b6795b9f3c9a97c21ec,CANONICAL_PRIMARY,Official NASA GES DISC canonical granule file
3B-HHR.MS.MRG.3IMERG.20151106-S060000-E062959.0360.V07B.HDF5,3B-HHR.MS.MRG.3IMERG.20151106-S060000-E062959.0360.V07B.HDF5,True,False,7380694,4fbd64c1473967a84845ad6e3a1439477e49831308df87b9f4c9fab044db8212,CANONICAL_PRIMARY,Official NASA GES DISC canonical granule file
3B-HHR.MS.MRG.3IMERG.20151106-S090000-E092959.0540.V07B.HDF5,3B-HHR.MS.MRG.3IMERG.20151106-S090000-E092959.0540.V07B.HDF5,True,False,7532019,629c26818b489c84f8fc45d71f36e9746d637605fcde10e95105adcb12569956,CANONICAL_PRIMARY,Official NASA GES DISC canonical granule file
3B-HHR.MS.MRG.3IMERG.20151106-S120000-E122959.0720.V07B.HDF5,3B-HHR.MS.MRG.3IMERG.20151106-S120000-E122959.0720.V07B.HDF5,True,False,7345092,e14f600e032630014f6059ca72949c26631085fe2473714b1f7b8c13227e4ce2,CANONICAL_PRIMARY,Official NASA GES DISC canonical granule file
3B-HHR.MS.MRG.3IMERG.20151106-S150000-E152959.0900.V07B.HDF5,3B-HHR.MS.MRG.3IMERG.20151106-S150000-E152959.0900.V07B.HDF5,True,False,7475801,9d5fc8eb53f5a8ba0d7d97ca268c8c109f18cbd96cd802728a11b3dafce48698,CANONICAL_PRIMARY,Official NASA GES DISC canonical granule file
3B-HHR.MS.MRG.3IMERG.20151106-S180000-E182959.1080.V07B.HDF5,3B-HHR.MS.MRG.3IMERG.20151106-S180000-E182959.1080.V07B.HDF5,True,False,7715585,7b9572ea6d94b75576991eeb1b69c3765add30660f4e3b91e1a8dabdb21b197b,CANONICAL_PRIMARY,Official NASA GES DISC canonical granule file
3B-HHR.MS.MRG.3IMERG.20160808-S210000-E212959.1260.V07B.HDF5,3B-HHR.MS.MRG.3IMERG.20160808-S210000-E212959.1260.V07B.HDF5,True,False,8019342,a30446b755563c2170b1bf3f1e944947e9dd600a65c78ec84b913d7296888971,CANONICAL_PRIMARY,Official NASA GES DISC canonical granule file
3B-HHR.MS.MRG.3IMERG.20160809-S000000-E002959.0000.V07B.HDF5,3B-HHR.MS.MRG.3IMERG.20160809-S000000-E002959.0000.V07B.HDF5,True,False,8073925,d50ae5883b4d5cfef022530993e49a6c11fea8b9b67bc7205fe617f54566845c,CANONICAL_PRIMARY,Official NASA GES DISC canonical granule file
3B-HHR.MS.MRG.3IMERG.20160809-S030000-E032959.0180.V07B.HDF5,3B-HHR.MS.MRG.3IMERG.20160809-S030000-E032959.0180.V07B.HDF5,True,False,7929128,931b218ced2be51f6cb8ddeb097fcd6b47b468c6f95cf7eb9d53cceaf641f0ca,CANONICAL_PRIMARY,Official NASA GES DISC canonical granule file
3B-HHR.MS.MRG.3IMERG.20160809-S060000-E062959.0360.V07B.HDF5,3B-HHR.MS.MRG.3IMERG.20160809-S060000-E062959.0360.V07B.HDF5,True,False,8042995,4596776b32b4c0c46e532d5993291723d8a24c74864c4790850cd72bdb67b581,CANONICAL_PRIMARY,Official NASA GES DISC canonical granule file
3B-HHR.MS.MRG.3IMERG.20160809-S090000-E092959.0540.V07B.HDF5,3B-HHR.MS.MRG.3IMERG.20160809-S090000-E092959.0540.V07B.HDF5,True,False,7921293,63404214fb697d64b1315d5aa33397cf3224cf6e3097b6041d1aed696be55176,CANONICAL_PRIMARY,Official NASA GES DISC canonical granule file
3B-HHR.MS.MRG.3IMERG.20160809-S120000-E122959.0720.V07B.HDF5,3B-HHR.MS.MRG.3IMERG.20160809-S120000-E122959.0720.V07B.HDF5,True,False,7978896,640f3d073415a6d80eda7de090405fbd2dcc47e2c054112b56f8e2fd3f7f9b60,CANONICAL_PRIMARY,Official NASA GES DISC canonical granule file
3B-HHR.MS.MRG.3IMERG.20160809-S150000-E152959.0900.V07B.HDF5,3B-HHR.MS.MRG.3IMERG.20160809-S150000-E152959.0900.V07B.HDF5,True,False,8169501,013ad9bd4d079f975cf42534257b1db1c192e2fea40f85aaa9b1698191290d42,CANONICAL_PRIMARY,Official NASA GES DISC canonical granule file
3B-HHR.MS.MRG.3IMERG.20160809-S180000-E182959.1080.V07B.HDF5,3B-HHR.MS.MRG.3IMERG.20160809-S180000-E182959.1080.V07B.HDF5,True,False,8177728,13de06d243c7dc83667338dfd50e669db00659eb95e25dde79d621c34171758b,CANONICAL_PRIMARY,Official NASA GES DISC canonical granule file
3B-HHR.MS.MRG.3IMERG.20160809-S210000-E212959.1260.V07B.HDF5,3B-HHR.MS.MRG.3IMERG.20160809-S210000-E212959.1260.V07B.HDF5,True,False,8121407,37387325aaf0b50c4b9c3179ccc2b0053444ee11ddc0787cf42c956b126100bb,CANONICAL_PRIMARY,Official NASA GES DISC canonical granule file
3B-HHR.MS.MRG.3IMERG.20160810-S000000-E002959.0000.V07B.HDF5,3B-HHR.MS.MRG.3IMERG.20160810-S000000-E002959.0000.V07B.HDF5,True,False,8221617,504df52243d92b7356509961b7f36bdd6360dd7d9dea016788c5acd77cdd46ba,CANONICAL_PRIMARY,Official NASA GES DISC canonical granule file
3B-HHR.MS.MRG.3IMERG.20160810-S030000-E032959.0180.V07B.HDF5,3B-HHR.MS.MRG.3IMERG.20160810-S030000-E032959.0180.V07B.HDF5,True,False,8012037,9ec760a611c0683da23acf6ce575dd79d521a358a3f401846391a60c3f6fe954,CANONICAL_PRIMARY,Official NASA GES DISC canonical granule file
3B-HHR.MS.MRG.3IMERG.20160810-S060000-E062959.0360.V07B.HDF5,3B-HHR.MS.MRG.3IMERG.20160810-S060000-E062959.0360.V07B.HDF5,True,False,8093137,cf2d9e9609d2e0e33730f31500667a8297a649c1e5baa137068139b55dd81349,CANONICAL_PRIMARY,Official NASA GES DISC canonical granule file
3B-HHR.MS.MRG.3IMERG.20160810-S090000-E092959.0540.V07B.HDF5,3B-HHR.MS.MRG.3IMERG.20160810-S090000-E092959.0540.V07B.HDF5,True,False,8064835,47f9b31dbf6b5906c9834ac0bcc198c42b1b9c8b0ef5979985a1cde244401080,CANONICAL_PRIMARY,Official NASA GES DISC canonical granule file
3B-HHR.MS.MRG.3IMERG.20160810-S120000-E122959.0720.V07B.HDF5,3B-HHR.MS.MRG.3IMERG.20160810-S120000-E122959.0720.V07B.HDF5,True,False,8088695,24348054b12bf9e276502defd98826151696d58d29e6a947088e740079f5eb09,CANONICAL_PRIMARY,Official NASA GES DISC canonical granule file
3B-HHR.MS.MRG.3IMERG.20160810-S150000-E152959.0900.V07B.HDF5,3B-HHR.MS.MRG.3IMERG.20160810-S150000-E152959.0900.V07B.HDF5,True,False,8031597,a708a1f4fa9250556ed21d898bd87a80c67c39331c0d5172efe9315d9f9dbca5,CANONICAL_PRIMARY,Official NASA GES DISC canonical granule file
3B-HHR.MS.MRG.3IMERG.20160810-S180000-E182959.1080.V07B.HDF5,3B-HHR.MS.MRG.3IMERG.20160810-S180000-E182959.1080.V07B.HDF5,True,False,8143649,ed0eee2cd66ea748db8bb9dc161d94f9279a81f3a9fa4768680a7cbb3b014517,CANONICAL_PRIMARY,Official NASA GES DISC canonical granule file
3B-HHR.MS.MRG.3IMERG.20160815-S210000-E212959.1260.V07B.HDF5,3B-HHR.MS.MRG.3IMERG.20160815-S210000-E212959.1260.V07B.HDF5,True,False,7980863,8aa51b3fc5dc967958c30fd02daefb88b5ee08b7d2e772dcd966f174db5f72f3,CANONICAL_PRIMARY,Official NASA GES DISC canonical granule file
3B-HHR.MS.MRG.3IMERG.20160816-S000000-E002959.0000.V07B.HDF5,3B-HHR.MS.MRG.3IMERG.20160816-S000000-E002959.0000.V07B.HDF5,True,False,7818517,135f99b071e2e3f3434165c1f237ffb7a1d2a70abdd624916987fc65bf807841,CANONICAL_PRIMARY,Official NASA GES DISC canonical granule file
3B-HHR.MS.MRG.3IMERG.20160816-S030000-E032959.0180.V07B.HDF5,3B-HHR.MS.MRG.3IMERG.20160816-S030000-E032959.0180.V07B.HDF5,True,False,7561610,bb031e6b6cec5c89af2872ba9a54c5fd9f8f8972c3c3e1fb6602a4f53c7d2fa1,CANONICAL_PRIMARY,Official NASA GES DISC canonical granule file
3B-HHR.MS.MRG.3IMERG.20160816-S060000-E062959.0360.V07B.HDF5,3B-HHR.MS.MRG.3IMERG.20160816-S060000-E062959.0360.V07B.HDF5,True,False,7596471,1ff281c51d7fa63e1e2e8fde87ee7ca73bda26dcf4fa3c3efb5cf6b92e56f1e8,CANONICAL_PRIMARY,Official NASA GES DISC canonical granule file
3B-HHR.MS.MRG.3IMERG.20160816-S090000-E092959.0540.V07B.HDF5,3B-HHR.MS.MRG.3IMERG.20160816-S090000-E092959.0540.V07B.HDF5,True,False,7641554,35984ed489a0ceee5fa7cb8338d4e17ce83cc1c8070bf94ddb262a40b2084dd0,CANONICAL_PRIMARY,Official NASA GES DISC canonical granule file
3B-HHR.MS.MRG.3IMERG.20160816-S120000-E122959.0720.V07B.HDF5,3B-HHR.MS.MRG.3IMERG.20160816-S120000-E122959.0720.V07B.HDF5,True,False,7551541,72a4403b674884b2671d7b089a575d294bd601661e6c09660fe9de6efe4ab1e5,CANONICAL_PRIMARY,Official NASA GES DISC canonical granule file
3B-HHR.MS.MRG.3IMERG.20160816-S150000-E152959.0900.V07B.HDF5,3B-HHR.MS.MRG.3IMERG.20160816-S150000-E152959.0900.V07B.HDF5,True,False,7739281,ede1dfa0cbbf3991dc9837af8b660a41d3a3e56553484d8498752689e8b53ba7,CANONICAL_PRIMARY,Official NASA GES DISC canonical granule file
3B-HHR.MS.MRG.3IMERG.20160816-S180000-E182959.1080.V07B.HDF5,3B-HHR.MS.MRG.3IMERG.20160816-S180000-E182959.1080.V07B.HDF5,True,False,7850440,462cbf7552f6dd80bd7c01a8b6dfadf43d6b785ce56db3cc7f4f63c67575081c,CANONICAL_PRIMARY,Official NASA GES DISC canonical granule file
3B-HHR.MS.MRG.3IMERG.20160816-S210000-E212959.1260.V07B.HDF5,3B-HHR.MS.MRG.3IMERG.20160816-S210000-E212959.1260.V07B.HDF5,True,False,7796114,ba109f6da83c99ee366178172d1ab1adb37b9e7212f3b322de25dd59e05b0085,CANONICAL_PRIMARY,Official NASA GES DISC canonical granule file
3B-HHR.MS.MRG.3IMERG.20160817-S000000-E002959.0000.V07B.HDF5,3B-HHR.MS.MRG.3IMERG.20160817-S000000-E002959.0000.V07B.HDF5,True,False,7757328,83bda013993a49aee6c158dabc19dfa3045c2cbcceae75885f74dfbe6cc6a6bd,CANONICAL_PRIMARY,Official NASA GES DISC canonical granule file
3B-HHR.MS.MRG.3IMERG.20160817-S030000-E032959.0180.V07B.HDF5,3B-HHR.MS.MRG.3IMERG.20160817-S030000-E032959.0180.V07B.HDF5,True,False,7712790,e786ae015b2bc6a2e03aebaddbf1fc1935acd835ab2033828d20423ef2a1f58e,CANONICAL_PRIMARY,Official NASA GES DISC canonical granule file
3B-HHR.MS.MRG.3IMERG.20160817-S060000-E062959.0360.V07B.HDF5,3B-HHR.MS.MRG.3IMERG.20160817-S060000-E062959.0360.V07B.HDF5,True,False,7797615,1d4ff4086992e73326e76d8fb10383f43febab46c9b824972ad67626bf01f9f1,CANONICAL_PRIMARY,Official NASA GES DISC canonical granule file
3B-HHR.MS.MRG.3IMERG.20160817-S090000-E092959.0540.V07B.HDF5,3B-HHR.MS.MRG.3IMERG.20160817-S090000-E092959.0540.V07B.HDF5,True,False,7769486,78099e5186aa48a197eb8e2b1ef45a90f3cf52f2c3078b0efb0b0e6fb3c9d8f6,CANONICAL_PRIMARY,Official NASA GES DISC canonical granule file
3B-HHR.MS.MRG.3IMERG.20160817-S120000-E122959.0720.V07B.HDF5,3B-HHR.MS.MRG.3IMERG.20160817-S120000-E122959.0720.V07B.HDF5,True,False,7901509,6ebcfcf08f8ba62214ef9b6ca8970b3139466dc7f68b17e498650964c5fe645d,CANONICAL_PRIMARY,Official NASA GES DISC canonical granule file
3B-HHR.MS.MRG.3IMERG.20160817-S150000-E152959.0900.V07B.HDF5,3B-HHR.MS.MRG.3IMERG.20160817-S150000-E152959.0900.V07B.HDF5,True,False,7912655,ba76caf684f6bc52a45ff06f2fcdc15847cebd134056ae502a878dc91cb08ec6,CANONICAL_PRIMARY,Official NASA GES DISC canonical granule file
3B-HHR.MS.MRG.3IMERG.20160817-S180000-E182959.1080.V07B.HDF5,3B-HHR.MS.MRG.3IMERG.20160817-S180000-E182959.1080.V07B.HDF5,True,False,7885299,67e8be0a4a07a670a5a6bc8bd22d8974f28a6148a72823c4e94f67e69c9e5d2c,CANONICAL_PRIMARY,Official NASA GES DISC canonical granule file
3B-HHR.MS.MRG.3IMERG.20160817-S210000-E212959.1260.V07B.HDF5,3B-HHR.MS.MRG.3IMERG.20160817-S210000-E212959.1260.V07B.HDF5,True,False,7949809,160f9dac328f03eb211784bd74a774f66479a70fb9e205c6341d39503e9327ad,CANONICAL_PRIMARY,Official NASA GES DISC canonical granule file
3B-HHR.MS.MRG.3IMERG.20160818-S000000-E002959.0000.V07B.HDF5,3B-HHR.MS.MRG.3IMERG.20160818-S000000-E002959.0000.V07B.HDF5,True,False,7863617,51ba8a6c413e4622dd326e5db66dcc68fb3c6f9dbf6145123c78007c2cce0eac,CANONICAL_PRIMARY,Official NASA GES DISC canonical granule file
3B-HHR.MS.MRG.3IMERG.20160818-S030000-E032959.0180.V07B.HDF5,3B-HHR.MS.MRG.3IMERG.20160818-S030000-E032959.0180.V07B.HDF5,True,False,7822522,048aa8271e30663647c0cfb26728de5d887775df36b8abcf32e5aad229edbe94,CANONICAL_PRIMARY,Official NASA GES DISC canonical granule file
3B-HHR.MS.MRG.3IMERG.20160818-S060000-E062959.0360.V07B.HDF5,3B-HHR.MS.MRG.3IMERG.20160818-S060000-E062959.0360.V07B.HDF5,True,False,7804270,7cdb2ac0f56cbd2d2c9e147b71f09b53de2633e0e3852b5c0ca03b8b70fe1f9a,CANONICAL_PRIMARY,Official NASA GES DISC canonical granule file
3B-HHR.MS.MRG.3IMERG.20160818-S090000-E092959.0540.V07B.HDF5,3B-HHR.MS.MRG.3IMERG.20160818-S090000-E092959.0540.V07B.HDF5,True,False,7820790,764188d5e48fbf8d64ea88c54c0a6cf6511dc2c1216d969fdeb22d61522d7dd2,CANONICAL_PRIMARY,Official NASA GES DISC canonical granule file
3B-HHR.MS.MRG.3IMERG.20160818-S120000-E122959.0720.V07B.HDF5,3B-HHR.MS.MRG.3IMERG.20160818-S120000-E122959.0720.V07B.HDF5,True,False,7667630,73dc7071a8f1e67e96a57ff00d2104be09a8067c3be53c8fc4f45b04b6f08398,CANONICAL_PRIMARY,Official NASA GES DISC canonical granule file
3B-HHR.MS.MRG.3IMERG.20160818-S150000-E152959.0900.V07B.HDF5,3B-HHR.MS.MRG.3IMERG.20160818-S150000-E152959.0900.V07B.HDF5,True,False,7855980,81789eac6b090efcf14879cfabff42afc42c89a153db743cb3e2b7b3ff9a02fc,CANONICAL_PRIMARY,Official NASA GES DISC canonical granule file
3B-HHR.MS.MRG.3IMERG.20160818-S180000-E182959.1080.V07B.HDF5,3B-HHR.MS.MRG.3IMERG.20160818-S180000-E182959.1080.V07B.HDF5,True,False,8073896,dd16f3dab8bdc33d252c66578c6c9fb22f47c1bbdc04bd8e32dbd59ffcf5df60,CANONICAL_PRIMARY,Official NASA GES DISC canonical granule file
3B-HHR.MS.MRG.3IMERG.20161020-S090000-E092959.0540.V07B.HDF5,3B-HHR.MS.MRG.3IMERG.20161020-S090000-E092959.0540.V07B.HDF5,True,False,7932873,433f7d81e1ef8bdeca31f76181ed29072b16e738e6c3b04e970bd024732f737a,CANONICAL_PRIMARY,Official NASA GES DISC canonical granule file
3B-HHR.MS.MRG.3IMERG.20161020-S120000-E122959.0720.V07B.HDF5,3B-HHR.MS.MRG.3IMERG.20161020-S120000-E122959.0720.V07B.HDF5,True,False,7927365,0842de5c57e922af596ff5b48557925bf7767dc4d4ee93169a93b945c89be612,CANONICAL_PRIMARY,Official NASA GES DISC canonical granule file
3B-HHR.MS.MRG.3IMERG.20161020-S150000-E152959.0900.V07B.HDF5,3B-HHR.MS.MRG.3IMERG.20161020-S150000-E152959.0900.V07B.HDF5,True,False,8090002,fb134be23355b4519c6ecd002a85dd33225d45bb009faf2f451e566db213f81a,CANONICAL_PRIMARY,Official NASA GES DISC canonical granule file
3B-HHR.MS.MRG.3IMERG.20161020-S180000-E182959.1080.V07B.HDF5,3B-HHR.MS.MRG.3IMERG.20161020-S180000-E182959.1080.V07B.HDF5,True,False,8185674,b8d9bfe06603aa3612245d7db74bd98b6859fcd844f7e0d5f5b2c30a0bd3fb1d,CANONICAL_PRIMARY,Official NASA GES DISC canonical granule file
3B-HHR.MS.MRG.3IMERG.20161020-S210000-E212959.1260.V07B.HDF5,3B-HHR.MS.MRG.3IMERG.20161020-S210000-E212959.1260.V07B.HDF5,True,False,8210391,3bfa033b4ab4148b209214a4931d200044ff2da73118054252839be3357ad2bc,CANONICAL_PRIMARY,Official NASA GES DISC canonical granule file
3B-HHR.MS.MRG.3IMERG.20161021-S000000-E002959.0000.V07B.HDF5,3B-HHR.MS.MRG.3IMERG.20161021-S000000-E002959.0000.V07B.HDF5,True,False,8072230,af04f221acbe9d4df710cd6dda9307cbd5cbf2de2d723c8c329c7dbd617707f7,CANONICAL_PRIMARY,Official NASA GES DISC canonical granule file
3B-HHR.MS.MRG.3IMERG.20161021-S090000-E092959.0540.V07B.HDF5,3B-HHR.MS.MRG.3IMERG.20161021-S090000-E092959.0540.V07B.HDF5,True,False,8412914,8f41d401d0b97d4fecf5f2844bb47e7784b0c56409e90315da48db30fcc09ea7,CANONICAL_PRIMARY,Official NASA GES DISC canonical granule file
3B-HHR.MS.MRG.3IMERG.20161021-S120000-E122959.0720.V07B.HDF5,3B-HHR.MS.MRG.3IMERG.20161021-S120000-E122959.0720.V07B.HDF5,True,False,8259134,4b31f8b74a5ba439371556284fe176e4bd8d57647046cd4c7551aea0e2480101,CANONICAL_PRIMARY,Official NASA GES DISC canonical granule file
3B-HHR.MS.MRG.3IMERG.20161021-S150000-E152959.0900.V07B.HDF5,3B-HHR.MS.MRG.3IMERG.20161021-S150000-E152959.0900.V07B.HDF5,True,False,8257884,aad0ff435199e8efc56935d31214a72a2e310c24f69ef869187be974e2a6c207,CANONICAL_PRIMARY,Official NASA GES DISC canonical granule file
3B-HHR.MS.MRG.3IMERG.20161021-S180000-E182959.1080.V07B.HDF5,3B-HHR.MS.MRG.3IMERG.20161021-S180000-E182959.1080.V07B.HDF5,True,False,8497946,8c8c6db32530bceb78157ebfd9d5087c5c849ecf020897d0c2a5f8c8d2a71949,CANONICAL_PRIMARY,Official NASA GES DISC canonical granule file
3B-HHR.MS.MRG.3IMERG.20161021-S210000-E212959.1260.V07B.HDF5,3B-HHR.MS.MRG.3IMERG.20161021-S210000-E212959.1260.V07B.HDF5,True,False,8436870,1f0e0738a4cf0a77daaad06866ae6b5824120614d00298c12b6e889b268d1c28,CANONICAL_PRIMARY,Official NASA GES DISC canonical granule file
3B-HHR.MS.MRG.3IMERG.20161022-S000000-E002959.0000.V07B.HDF5,3B-HHR.MS.MRG.3IMERG.20161022-S000000-E002959.0000.V07B.HDF5,True,False,8089532,de231233de7d45e95b3b74244acd24d28e78b9c9dc8776cf46fc1b80a46fb85d,CANONICAL_PRIMARY,Official NASA GES DISC canonical granule file
3B-HHR.MS.MRG.3IMERG.20161023-S030000-E032959.0180.V07B.HDF5,3B-HHR.MS.MRG.3IMERG.20161023-S030000-E032959.0180.V07B.HDF5,True,False,8101789,271217e3ad17bf745d8481d0302e40a0e0a1bf129afd254a7eca5bcfbbcde087,CANONICAL_PRIMARY,Official NASA GES DISC canonical granule file
3B-HHR.MS.MRG.3IMERG.20161023-S060000-E062959.0360.V07B.HDF5,3B-HHR.MS.MRG.3IMERG.20161023-S060000-E062959.0360.V07B.HDF5,True,False,8394642,98cc9491f53de73d50613e1129e661bd12fc63ac250e3996ceb20effef6c6cf3,CANONICAL_PRIMARY,Official NASA GES DISC canonical granule file
3B-HHR.MS.MRG.3IMERG.20161023-S090000-E092959.0540.V07B.HDF5,3B-HHR.MS.MRG.3IMERG.20161023-S090000-E092959.0540.V07B.HDF5,True,False,8232387,138f9ef8795d9e24ee2f3086329176bb6ff9da628128402397600843c08a6994,CANONICAL_PRIMARY,Official NASA GES DISC canonical granule file
3B-HHR.MS.MRG.3IMERG.20161023-S120000-E122959.0720.V07B.HDF5,3B-HHR.MS.MRG.3IMERG.20161023-S120000-E122959.0720.V07B.HDF5,True,False,8042350,7a08c3af4a7fb00552a4dda2cb5e15f677c5dcad9b494a2809039fc2ae89d82e,CANONICAL_PRIMARY,Official NASA GES DISC canonical granule file
3B-HHR.MS.MRG.3IMERG.20161023-S150000-E152959.0900.V07B.HDF5,3B-HHR.MS.MRG.3IMERG.20161023-S150000-E152959.0900.V07B.HDF5,True,False,7977404,aa6dcd9f35cec474101c70158583512cb5b8e045ae03b8c47c9c2feb55bbda03,CANONICAL_PRIMARY,Official NASA GES DISC canonical granule file
3B-HHR.MS.MRG.3IMERG.20161023-S180000-E182959.1080.V07B.HDF5,3B-HHR.MS.MRG.3IMERG.20161023-S180000-E182959.1080.V07B.HDF5,True,False,8261904,cddc52ccbbb37666bab6c5a82c432d8e033d80d44308977e5a5bdc235e335f0a,CANONICAL_PRIMARY,Official NASA GES DISC canonical granule file
3B-HHR.MS.MRG.3IMERG.20161023-S210000-E212959.1260.V07B.HDF5,3B-HHR.MS.MRG.3IMERG.20161023-S210000-E212959.1260.V07B.HDF5,True,False,8388107,dc6bd6505f298e637714e8a9491e39c8c7fa57f47a27f6a49ae316927ba5d362,CANONICAL_PRIMARY,Official NASA GES DISC canonical granule file
3B-HHR.MS.MRG.3IMERG.20161024-S000000-E002959.0000.V07B.HDF5,3B-HHR.MS.MRG.3IMERG.20161024-S000000-E002959.0000.V07B.HDF5,True,False,7886957,8e87b8fb0bedbed28662198ec9d75f5555875c56f381dec25074d237f024b46b,CANONICAL_PRIMARY,Official NASA GES DISC canonical granule file
3B-HHR.MS.MRG.3IMERG.20161024-S030000-E032959.0180.V07B.HDF5,3B-HHR.MS.MRG.3IMERG.20161024-S030000-E032959.0180.V07B.HDF5,True,False,7983940,7742aa61e32fcbb062069e8b2a9ec719e6b690932261baeb6c2a034b60f65220,CANONICAL_PRIMARY,Official NASA GES DISC canonical granule file
3B-HHR.MS.MRG.3IMERG.20161024-S060000-E062959.0360.V07B.HDF5,3B-HHR.MS.MRG.3IMERG.20161024-S060000-E062959.0360.V07B.HDF5,True,False,7964457,d62dc33c5d16419dbd0cdb81a4d1167049cacc5643cba41c7f5495a08c6696c7,CANONICAL_PRIMARY,Official NASA GES DISC canonical granule file
3B-HHR.MS.MRG.3IMERG.20161024-S120000-E122959.0720.V07B.HDF5,3B-HHR.MS.MRG.3IMERG.20161024-S120000-E122959.0720.V07B.HDF5,True,False,7909216,9242a6f7ea53194473003c9f5a4a20e106200911f653e9671d9edd0bf5940577,CANONICAL_PRIMARY,Official NASA GES DISC canonical granule file
3B-HHR.MS.MRG.3IMERG.20161024-S150000-E152959.0900.V07B.HDF5,3B-HHR.MS.MRG.3IMERG.20161024-S150000-E152959.0900.V07B.HDF5,True,False,8008253,e6ec3de2601bd65b22fa2a912d773a76e90828a3b29b19b7df4d2e0224c688f9,CANONICAL_PRIMARY,Official NASA GES DISC canonical granule file
3B-HHR.MS.MRG.3IMERG.20161024-S180000-E182959.1080.V07B.HDF5,3B-HHR.MS.MRG.3IMERG.20161024-S180000-E182959.1080.V07B.HDF5,True,False,8274559,2466c5a268a1366d39259b9de9159e8d864ff28fceadf9f578175a783bd1e5ec,CANONICAL_PRIMARY,Official NASA GES DISC canonical granule file
3B-HHR.MS.MRG.3IMERG.20161024-S210000-E212959.1260.V07B.HDF5,3B-HHR.MS.MRG.3IMERG.20161024-S210000-E212959.1260.V07B.HDF5,True,False,8009895,d9465190e8edd42c15024948719525dd8db515b5de00de639037ef3b70da8ff0,CANONICAL_PRIMARY,Official NASA GES DISC canonical granule file
3B-HHR.MS.MRG.3IMERG.20161025-S000000-E002959.0000.V07B.HDF5,3B-HHR.MS.MRG.3IMERG.20161025-S000000-E002959.0000.V07B.HDF5,True,False,7924327,58b216a129f0c00b12673887112157372a1a0cc7f1725630489850279e97ea8b,CANONICAL_PRIMARY,Official NASA GES DISC canonical granule file
3B-HHR.MS.MRG.3IMERG.20161025-S030000-E032959.0180.V07B.HDF5,3B-HHR.MS.MRG.3IMERG.20161025-S030000-E032959.0180.V07B.HDF5,True,False,7946147,54e38ad3b7d068aea929161c798ada07daa60bdd8c8e47c73a1b8e1d96820825,CANONICAL_PRIMARY,Official NASA GES DISC canonical granule file
3B-HHR.MS.MRG.3IMERG.20161102-S210000-E212959.1260.V07B.HDF5,3B-HHR.MS.MRG.3IMERG.20161102-S210000-E212959.1260.V07B.HDF5,True,False,8640716,93a63e47862eb1c27b1cbb0bf2c9efe01629af9adae9e80d47b9c3bf9b0de7f1,CANONICAL_PRIMARY,Official NASA GES DISC canonical granule file
3B-HHR.MS.MRG.3IMERG.20161103-S000000-E002959.0000.V07B.HDF5,3B-HHR.MS.MRG.3IMERG.20161103-S000000-E002959.0000.V07B.HDF5,True,False,8491397,8d540ef26fe56e53114c1b928cff74af364dbe53bf4125b99f943760f18d3875,CANONICAL_PRIMARY,Official NASA GES DISC canonical granule file
3B-HHR.MS.MRG.3IMERG.20161103-S030000-E032959.0180.V07B.HDF5,3B-HHR.MS.MRG.3IMERG.20161103-S030000-E032959.0180.V07B.HDF5,True,False,8528853,91d1405cf5c6882b11c91228a16bb23431cbd5363c6d03c4d353ab0ff77ca32a,CANONICAL_PRIMARY,Official NASA GES DISC canonical granule file
3B-HHR.MS.MRG.3IMERG.20161103-S060000-E062959.0360.V07B.HDF5,3B-HHR.MS.MRG.3IMERG.20161103-S060000-E062959.0360.V07B.HDF5,True,False,8432844,b0aafe9345c740f57938b80dc8841407973ab00d0e6facef48a02da6ee2c0160,CANONICAL_PRIMARY,Official NASA GES DISC canonical granule file
3B-HHR.MS.MRG.3IMERG.20161103-S090000-E092959.0540.V07B.HDF5,3B-HHR.MS.MRG.3IMERG.20161103-S090000-E092959.0540.V07B.HDF5,True,False,8521720,09e7ad292636e97d90acd0e446257bb1b261de4e9a88a5a05cfb9c67918b5ea8,CANONICAL_PRIMARY,Official NASA GES DISC canonical granule file
3B-HHR.MS.MRG.3IMERG.20161103-S120000-E122959.0720.V07B.HDF5,3B-HHR.MS.MRG.3IMERG.20161103-S120000-E122959.0720.V07B.HDF5,True,False,8318335,f610ea343f86a02fe32eefc9e2c38ffe6be89739aaed33741ce5891530984677,CANONICAL_PRIMARY,Official NASA GES DISC canonical granule file
3B-HHR.MS.MRG.3IMERG.20161128-S210000-E212959.1260.V07B.HDF5,3B-HHR.MS.MRG.3IMERG.20161128-S210000-E212959.1260.V07B.HDF5,True,False,7675257,18617e789bb4b1a00ab8bec167071d7b90e6c6cb01eaa443d778da108fe3403a,CANONICAL_PRIMARY,Official NASA GES DISC canonical granule file
3B-HHR.MS.MRG.3IMERG.20161129-S000000-E002959.0000.V07B.HDF5,3B-HHR.MS.MRG.3IMERG.20161129-S000000-E002959.0000.V07B.HDF5,True,False,7544400,73e6d4ab72d11a04c94b30e0a91ce84afe1aa00cbd9324da1a4334c36ea0b278,CANONICAL_PRIMARY,Official NASA GES DISC canonical granule file
3B-HHR.MS.MRG.3IMERG.20161129-S030000-E032959.0180.V07B.HDF5,3B-HHR.MS.MRG.3IMERG.20161129-S030000-E032959.0180.V07B.HDF5,True,False,7564985,411765c8a7ebeea50b6322e99631eab9041b6ccd5773c51a3f8ae4004317d716,CANONICAL_PRIMARY,Official NASA GES DISC canonical granule file
3B-HHR.MS.MRG.3IMERG.20161129-S060000-E062959.0360.V07B.HDF5,3B-HHR.MS.MRG.3IMERG.20161129-S060000-E062959.0360.V07B.HDF5,True,False,7619516,da42e58c971c9eeff91b4359293f77e4794484194126eaa33590c39d05e79cb2,CANONICAL_PRIMARY,Official NASA GES DISC canonical granule file
3B-HHR.MS.MRG.3IMERG.20161129-S090000-E092959.0540.V07B.HDF5,3B-HHR.MS.MRG.3IMERG.20161129-S090000-E092959.0540.V07B.HDF5,True,False,7504477,51146e479e18d77990f03c453ac37674b4bf41b7a94c42ec5a3e5482dfc5590f,CANONICAL_PRIMARY,Official NASA GES DISC canonical granule file
3B-HHR.MS.MRG.3IMERG.20161129-S120000-E122959.0720.V07B.HDF5,3B-HHR.MS.MRG.3IMERG.20161129-S120000-E122959.0720.V07B.HDF5,True,False,7285745,698bfd14c7bbe09c967db89f5e90c5ad3d9c33387c16aac66817cfe21458bb9a,CANONICAL_PRIMARY,Official NASA GES DISC canonical granule file
3B-HHR.MS.MRG.3IMERG.20161129-S150000-E152959.0900.V07B.HDF5,3B-HHR.MS.MRG.3IMERG.20161129-S150000-E152959.0900.V07B.HDF5,True,False,7397053,7b75694c0dc148daeb13de028f1d43e0173cf469b2da9baf2c3a3a2c2cf60b25,CANONICAL_PRIMARY,Official NASA GES DISC canonical granule file
3B-HHR.MS.MRG.3IMERG.20170527-S090000-E092959.0540.V07B.HDF5,3B-HHR.MS.MRG.3IMERG.20170527-S090000-E092959.0540.V07B.HDF5,True,False,8289867,c56a374e6e176a39f57e65611918bc32497a55eb4be5bcc4e150dd242da5f3dc,CANONICAL_PRIMARY,Official NASA GES DISC canonical granule file
3B-HHR.MS.MRG.3IMERG.20170527-S120000-E122959.0720.V07B.HDF5,3B-HHR.MS.MRG.3IMERG.20170527-S120000-E122959.0720.V07B.HDF5,True,False,8113278,4bc959a02d6613dbbf1cef31ba1d432d78d09aea7530bda539f2fca143f9d15b,CANONICAL_PRIMARY,Official NASA GES DISC canonical granule file
3B-HHR.MS.MRG.3IMERG.20170527-S150000-E152959.0900.V07B.HDF5,3B-HHR.MS.MRG.3IMERG.20170527-S150000-E152959.0900.V07B.HDF5,True,False,8259543,582105a3c66465277f5f1692b06e7965c4963619aae3814aed41cf57b72f127e,CANONICAL_PRIMARY,Official NASA GES DISC canonical granule file
3B-HHR.MS.MRG.3IMERG.20170527-S180000-E182959.1080.V07B.HDF5,3B-HHR.MS.MRG.3IMERG.20170527-S180000-E182959.1080.V07B.HDF5,True,False,8103196,380d696013238787f021398c176e2666330dda52dadcfc968f057259701d052e,CANONICAL_PRIMARY,Official NASA GES DISC canonical granule file
3B-HHR.MS.MRG.3IMERG.20170527-S210000-E212959.1260.V07B.HDF5,3B-HHR.MS.MRG.3IMERG.20170527-S210000-E212959.1260.V07B.HDF5,True,False,8130691,9733dc7747cc5f44be63af58c9d5e59cbde0d655cc52f40f90393c83a3a6f37d,CANONICAL_PRIMARY,Official NASA GES DISC canonical granule file
3B-HHR.MS.MRG.3IMERG.20170528-S000000-E002959.0000.V07B.HDF5,3B-HHR.MS.MRG.3IMERG.20170528-S000000-E002959.0000.V07B.HDF5,True,False,8069547,22d2c416cd0d53baf37883a71081329e49a5c19942f9791f0f6b585e780c9fe7,CANONICAL_PRIMARY,Official NASA GES DISC canonical granule file
3B-HHR.MS.MRG.3IMERG.20170528-S030000-E032959.0180.V07B.HDF5,3B-HHR.MS.MRG.3IMERG.20170528-S030000-E032959.0180.V07B.HDF5,True,False,7974468,9e8e1039239d034d5ea7c4a827e47bd9c859fcf46c9b396c3ceb885a52bb545e,CANONICAL_PRIMARY,Official NASA GES DISC canonical granule file
3B-HHR.MS.MRG.3IMERG.20170528-S060000-E062959.0360.V07B.HDF5,3B-HHR.MS.MRG.3IMERG.20170528-S060000-E062959.0360.V07B.HDF5,True,False,8046972,fddc6553d9c370011e7235587a921873c23d4ba47ed8e5e97e2f5c6be80580fa,CANONICAL_PRIMARY,Official NASA GES DISC canonical granule file
3B-HHR.MS.MRG.3IMERG.20170528-S090000-E092959.0540.V07B.HDF5,3B-HHR.MS.MRG.3IMERG.20170528-S090000-E092959.0540.V07B.HDF5,True,False,8126375,7843570509cf34ea4341f643c4154c9be13a7267216605e8ef82c9cb3a9504f5,CANONICAL_PRIMARY,Official NASA GES DISC canonical granule file
3B-HHR.MS.MRG.3IMERG.20170528-S120000-E122959.0720.V07B.HDF5,3B-HHR.MS.MRG.3IMERG.20170528-S120000-E122959.0720.V07B.HDF5,True,False,8107803,2505d8b84e909b99b6a67010eba01bf890a74e0c6fcc71e2b864a34ac35c6a6a,CANONICAL_PRIMARY,Official NASA GES DISC canonical granule file
3B-HHR.MS.MRG.3IMERG.20170528-S150000-E152959.0900.V07B.HDF5,3B-HHR.MS.MRG.3IMERG.20170528-S150000-E152959.0900.V07B.HDF5,True,False,8091064,a2637c4f19c2ffc119e39ceb3957e9178d485f91fad2ad1b4ee2717c46c2ed94,CANONICAL_PRIMARY,Official NASA GES DISC canonical granule file
3B-HHR.MS.MRG.3IMERG.20170528-S180000-E182959.1080.V07B.HDF5,3B-HHR.MS.MRG.3IMERG.20170528-S180000-E182959.1080.V07B.HDF5,True,False,8095626,840826ad0a97476a23ee519199e34d4b317fa28ff4b3240d98da0e629e3987e5,CANONICAL_PRIMARY,Official NASA GES DISC canonical granule file
3B-HHR.MS.MRG.3IMERG.20171128-S150000-E152959.0900.V07B.HDF5,3B-HHR.MS.MRG.3IMERG.20171128-S150000-E152959.0900.V07B.HDF5,True,False,7686326,12e8799a2416fda208d519afbf883284b135154e03e738453ce215ce1f01812e,CANONICAL_PRIMARY,Official NASA GES DISC canonical granule file
3B-HHR.MS.MRG.3IMERG.20171128-S180000-E182959.1080.V07B.HDF5,3B-HHR.MS.MRG.3IMERG.20171128-S180000-E182959.1080.V07B.HDF5,True,False,7664521,ee12f80a0f022e73bf70c8d9e87e218cab3f25b8c5e1e55f22d209e37fdb800c,CANONICAL_PRIMARY,Official NASA GES DISC canonical granule file
3B-HHR.MS.MRG.3IMERG.20171128-S210000-E212959.1260.V07B.HDF5,3B-HHR.MS.MRG.3IMERG.20171128-S210000-E212959.1260.V07B.HDF5,True,False,7569513,642e26d2cacaa51b74d0a9213fd6c5924130ad9e9a84072a43e189bcdf9a7ecc,CANONICAL_PRIMARY,Official NASA GES DISC canonical granule file
3B-HHR.MS.MRG.3IMERG.20171129-S000000-E002959.0000.V07B.HDF5,3B-HHR.MS.MRG.3IMERG.20171129-S000000-E002959.0000.V07B.HDF5,True,False,7463323,1e389742c12fb907eee9621c7274d3074d75a717336668d60c8912c1e38db9a3,CANONICAL_PRIMARY,Official NASA GES DISC canonical granule file
3B-HHR.MS.MRG.3IMERG.20171129-S030000-E032959.0180.V07B.HDF5,3B-HHR.MS.MRG.3IMERG.20171129-S030000-E032959.0180.V07B.HDF5,True,False,7460165,4f4dc46b694a5788ef125c8ef1417bb2058d5d7dd5b9bd79e9fbb3da483a61bc,CANONICAL_PRIMARY,Official NASA GES DISC canonical granule file
3B-HHR.MS.MRG.3IMERG.20171129-S060000-E062959.0360.V07B.HDF5,3B-HHR.MS.MRG.3IMERG.20171129-S060000-E062959.0360.V07B.HDF5,True,False,7367370,d8d353fea8dea5f2086220f16c20ba4616d13dda803923e9590d60ff01a41714,CANONICAL_PRIMARY,Official NASA GES DISC canonical granule file
3B-HHR.MS.MRG.3IMERG.20171129-S090000-E092959.0540.V07B.HDF5,3B-HHR.MS.MRG.3IMERG.20171129-S090000-E092959.0540.V07B.HDF5,True,False,7519922,bce9e5a83561c4685de078d2bcf62c43f04eb088eab833180a309c47b7995b09,CANONICAL_PRIMARY,Official NASA GES DISC canonical granule file
3B-HHR.MS.MRG.3IMERG.20171129-S120000-E122959.0720.V07B.HDF5,3B-HHR.MS.MRG.3IMERG.20171129-S120000-E122959.0720.V07B.HDF5,True,False,7274836,6f3317554c7074ef0bd394283a0fd9edb55a91aaf311995769465a278a1f2472,CANONICAL_PRIMARY,Official NASA GES DISC canonical granule file
3B-HHR.MS.MRG.3IMERG.20171129-S150000-E152959.0900.V07B.HDF5,3B-HHR.MS.MRG.3IMERG.20171129-S150000-E152959.0900.V07B.HDF5,True,False,7283470,d4b51c796d916997dcc08031c67f96a5e386c0982a70cc87236a5f5fbc907600,CANONICAL_PRIMARY,Official NASA GES DISC canonical granule file
3B-HHR.MS.MRG.3IMERG.20171129-S180000-E182959.1080.V07B.HDF5,3B-HHR.MS.MRG.3IMERG.20171129-S180000-E182959.1080.V07B.HDF5,True,False,7526247,494543c2b621523a7f0886efb0f9ca4089a803cfb5597b571ac64fcf921042bb,CANONICAL_PRIMARY,Official NASA GES DISC canonical granule file
3B-HHR.MS.MRG.3IMERG.20171205-S150000-E152959.0900.V07B.HDF5,3B-HHR.MS.MRG.3IMERG.20171205-S150000-E152959.0900.V07B.HDF5,True,False,7904132,e3d35be855adf96942742bfb28aa80ae6af3efe4d7341f01db2d11900975f4ea,CANONICAL_PRIMARY,Official NASA GES DISC canonical granule file
3B-HHR.MS.MRG.3IMERG.20171205-S180000-E182959.1080.V07B.HDF5,3B-HHR.MS.MRG.3IMERG.20171205-S180000-E182959.1080.V07B.HDF5,True,False,7891641,6f237c697d9ae9ed2e61afd81798d096dee9086e9b29b504338e79702477bff5,CANONICAL_PRIMARY,Official NASA GES DISC canonical granule file
3B-HHR.MS.MRG.3IMERG.20171205-S210000-E212959.1260.V07B.HDF5,3B-HHR.MS.MRG.3IMERG.20171205-S210000-E212959.1260.V07B.HDF5,True,False,7974042,861edb82d7983d2ccf215554ec1d6c2333e07126034bb1f8688eb09e2c718321,CANONICAL_PRIMARY,Official NASA GES DISC canonical granule file
3B-HHR.MS.MRG.3IMERG.20171206-S000000-E002959.0000.V07B.HDF5,3B-HHR.MS.MRG.3IMERG.20171206-S000000-E002959.0000.V07B.HDF5,True,False,7537651,2270f0962e8507e25b521cd47762c7829693df77bb3fde49e795ed082ac3f382,CANONICAL_PRIMARY,Official NASA GES DISC canonical granule file
3B-HHR.MS.MRG.3IMERG.20171206-S030000-E032959.0180.V07B.HDF5,3B-HHR.MS.MRG.3IMERG.20171206-S030000-E032959.0180.V07B.HDF5,True,False,7796920,771b64a778d9b145b7ebcb78eb5e4feee6a5c68432735af65e7ecc74f6447620,CANONICAL_PRIMARY,Official NASA GES DISC canonical granule file
3B-HHR.MS.MRG.3IMERG.20171206-S060000-E062959.0360.V07B.HDF5,3B-HHR.MS.MRG.3IMERG.20171206-S060000-E062959.0360.V07B.HDF5,True,False,7724457,eebcb6c80697b3b36b01978d0aef12e50c44cb9507cd1600607fdf27a39242a6,CANONICAL_PRIMARY,Official NASA GES DISC canonical granule file
3B-HHR.MS.MRG.3IMERG.20171206-S090000-E092959.0540.V07B.HDF5,3B-HHR.MS.MRG.3IMERG.20171206-S090000-E092959.0540.V07B.HDF5,True,False,7892725,c0cbb793d0ceb0533766efa62471fa2bd3a4f617d39b9173e7b6a1b44da906d8,CANONICAL_PRIMARY,Official NASA GES DISC canonical granule file
3B-HHR.MS.MRG.3IMERG.20171206-S120000-E122959.0720.V07B.HDF5,3B-HHR.MS.MRG.3IMERG.20171206-S120000-E122959.0720.V07B.HDF5,True,False,7693257,fa1a652b7254d2fc363ae0aefda4677cca8a0496a3d42d34a51e26f9b2d1e50c,CANONICAL_PRIMARY,Official NASA GES DISC canonical granule file
3B-HHR.MS.MRG.3IMERG.20171206-S150000-E152959.0900.V07B.HDF5,3B-HHR.MS.MRG.3IMERG.20171206-S150000-E152959.0900.V07B.HDF5,True,False,7854526,99202202c3d34e5ea8b0c18fa2cf783ba5cbf6384f4917396aea019c05e818c1,CANONICAL_PRIMARY,Official NASA GES DISC canonical granule file
3B-HHR.MS.MRG.3IMERG.20171206-S180000-E182959.1080.V07B.HDF5,3B-HHR.MS.MRG.3IMERG.20171206-S180000-E182959.1080.V07B.HDF5,True,False,7760167,750584313a296cee0c755ef925702712ec2f0bf890d25c5908deda527919fb39,CANONICAL_PRIMARY,Official NASA GES DISC canonical granule file
3B-HHR.MS.MRG.3IMERG.20171206-S210000-E212959.1260.V07B.HDF5,3B-HHR.MS.MRG.3IMERG.20171206-S210000-E212959.1260.V07B.HDF5,True,False,7871262,0e44ae956aa598212da7383865e230440e2d80acbc50d1bce9a87b08d4a57fda,CANONICAL_PRIMARY,Official NASA GES DISC canonical granule file
3B-HHR.MS.MRG.3IMERG.20171207-S000000-E002959.0000.V07B.HDF5,3B-HHR.MS.MRG.3IMERG.20171207-S000000-E002959.0000.V07B.HDF5,True,False,7700557,37023f47b5431c57d9ddbbc62a5bd6d3232f3b49484a1a275e7664544a5a8075,CANONICAL_PRIMARY,Official NASA GES DISC canonical granule file
3B-HHR.MS.MRG.3IMERG.20171207-S030000-E032959.0180.V07B.HDF5,3B-HHR.MS.MRG.3IMERG.20171207-S030000-E032959.0180.V07B.HDF5,True,False,7928265,7f406afa6e25ee9c088ddec100498ac8bffa074fc83f30ef55b8cfc78cbfa47d,CANONICAL_PRIMARY,Official NASA GES DISC canonical granule file
3B-HHR.MS.MRG.3IMERG.20171207-S060000-E062959.0360.V07B.HDF5,3B-HHR.MS.MRG.3IMERG.20171207-S060000-E062959.0360.V07B.HDF5,True,False,7956040,6cde7630593e8158843daf3daa9f17ada8cd77aeea011434e7023bd107753f60,CANONICAL_PRIMARY,Official NASA GES DISC canonical granule file
3B-HHR.MS.MRG.3IMERG.20180520-S210000-E212959.1260.V07B.HDF5,3B-HHR.MS.MRG.3IMERG.20180520-S210000-E212959.1260.V07B.HDF5,True,False,8341855,45cf35083a553a9c6d50622793d4b7b7af4066fb5605c0091c5e10eab7087a0e,CANONICAL_PRIMARY,Official NASA GES DISC canonical granule file
3B-HHR.MS.MRG.3IMERG.20180521-S000000-E002959.0000.V07B.HDF5,3B-HHR.MS.MRG.3IMERG.20180521-S000000-E002959.0000.V07B.HDF5,True,False,8302316,32410812a6be4867716435d5d8ae2c5f75d864388d409ad7e6078f95e59f935d,CANONICAL_PRIMARY,Official NASA GES DISC canonical granule file
3B-HHR.MS.MRG.3IMERG.20180521-S030000-E032959.0180.V07B.HDF5,3B-HHR.MS.MRG.3IMERG.20180521-S030000-E032959.0180.V07B.HDF5,True,False,8268305,0ce5638708bf6094eba8effa4612235af50a25e825e57f2eb7180720f9c5650c,CANONICAL_PRIMARY,Official NASA GES DISC canonical granule file
3B-HHR.MS.MRG.3IMERG.20180521-S060000-E062959.0360.V07B.HDF5,3B-HHR.MS.MRG.3IMERG.20180521-S060000-E062959.0360.V07B.HDF5,True,False,8322930,f3b9ce726d8df8b00bb7c0a3098b5d721e4a65bdfa89cfd0b33562a8fd4f3f32,CANONICAL_PRIMARY,Official NASA GES DISC canonical granule file
3B-HHR.MS.MRG.3IMERG.20180521-S090000-E092959.0540.V07B.HDF5,3B-HHR.MS.MRG.3IMERG.20180521-S090000-E092959.0540.V07B.HDF5,True,False,8218765,c60d48eedf33f35bafaec7276cd4e1042e9d09f3f6de28e0de233845ed3801e3,CANONICAL_PRIMARY,Official NASA GES DISC canonical granule file
3B-HHR.MS.MRG.3IMERG.20180521-S120000-E122959.0720.V07B.HDF5,3B-HHR.MS.MRG.3IMERG.20180521-S120000-E122959.0720.V07B.HDF5,True,False,8228348,75c590bdbf4f6de71cf2c5cfd22688eaa13acc315763be671e2489cfa4baa2ca,CANONICAL_PRIMARY,Official NASA GES DISC canonical granule file
3B-HHR.MS.MRG.3IMERG.20180521-S150000-E152959.0900.V07B.HDF5,3B-HHR.MS.MRG.3IMERG.20180521-S150000-E152959.0900.V07B.HDF5,True,False,8392197,cfb8efd4564602f496cf32dccede53dad38ba0376596c667e8cabecb97042807,CANONICAL_PRIMARY,Official NASA GES DISC canonical granule file
3B-HHR.MS.MRG.3IMERG.20180521-S180000-E182959.1080.V07B.HDF5,3B-HHR.MS.MRG.3IMERG.20180521-S180000-E182959.1080.V07B.HDF5,True,False,8462440,c4c76816a11873f691617e3e9a7fed53aa46e64bb71e9245e620f24bd9028aeb,CANONICAL_PRIMARY,Official NASA GES DISC canonical granule file
3B-HHR.MS.MRG.3IMERG.20180521-S210000-E212959.1260.V07B.HDF5,3B-HHR.MS.MRG.3IMERG.20180521-S210000-E212959.1260.V07B.HDF5,True,False,8291013,276f74b0c739a397813deb289112558939627ae539d232485689c2a2a89f612f,CANONICAL_PRIMARY,Official NASA GES DISC canonical granule file
3B-HHR.MS.MRG.3IMERG.20180522-S000000-E002959.0000.V07B.HDF5,3B-HHR.MS.MRG.3IMERG.20180522-S000000-E002959.0000.V07B.HDF5,True,False,8250047,413a9be3afc189fcb97642c3bdc88000c1b9a6cd73cbfcb1cb7a91df3a7549d1,CANONICAL_PRIMARY,Official NASA GES DISC canonical granule file
3B-HHR.MS.MRG.3IMERG.20180522-S030000-E032959.0180.V07B.HDF5,3B-HHR.MS.MRG.3IMERG.20180522-S030000-E032959.0180.V07B.HDF5,True,False,8139992,b39b49663401cbb1741b4f890878bdb0207ced31b0248e2911e6dfa21c18f4ca,CANONICAL_PRIMARY,Official NASA GES DISC canonical granule file
3B-HHR.MS.MRG.3IMERG.20180522-S060000-E062959.0360.V07B.HDF5,3B-HHR.MS.MRG.3IMERG.20180522-S060000-E062959.0360.V07B.HDF5,True,False,8091771,7492c9c162e0b08ec4531abc7fc02aeb5f6a49a57b27b111b87f57c6ef2c3b9f,CANONICAL_PRIMARY,Official NASA GES DISC canonical granule file
3B-HHR.MS.MRG.3IMERG.20180522-S090000-E092959.0540.V07B.HDF5,3B-HHR.MS.MRG.3IMERG.20180522-S090000-E092959.0540.V07B.HDF5,True,False,8272360,35bb93647b9575fb3a86ab6a09612fc7e09fc2fb35662c9ec8a73b3a58499383,CANONICAL_PRIMARY,Official NASA GES DISC canonical granule file
3B-HHR.MS.MRG.3IMERG.20180522-S120000-E122959.0720.V07B.HDF5,3B-HHR.MS.MRG.3IMERG.20180522-S120000-E122959.0720.V07B.HDF5,True,False,8083804,b208af1a02c305970c6a518f8550341f61b3d4199d009c7590112b200e95d9d0,CANONICAL_PRIMARY,Official NASA GES DISC canonical granule file
3B-HHR.MS.MRG.3IMERG.20180522-S150000-E152959.0900.V07B.HDF5,3B-HHR.MS.MRG.3IMERG.20180522-S150000-E152959.0900.V07B.HDF5,True,False,8078520,0a8342a817a11a53e8a4ee6218abaefda012087b18dae82fc0b3455dec02626a,CANONICAL_PRIMARY,Official NASA GES DISC canonical granule file
3B-HHR.MS.MRG.3IMERG.20180522-S180000-E182959.1080.V07B.HDF5,3B-HHR.MS.MRG.3IMERG.20180522-S180000-E182959.1080.V07B.HDF5,True,False,8166648,af0f9a941112ea68dd650ddd4625e43f64f63036ab138164c5b07d3666c4a30e,CANONICAL_PRIMARY,Official NASA GES DISC canonical granule file
3B-HHR.MS.MRG.3IMERG.20180522-S210000-E212959.1260.V07B.HDF5,3B-HHR.MS.MRG.3IMERG.20180522-S210000-E212959.1260.V07B.HDF5,True,False,8244184,ee41b8d40ff12f49013425c7524e159fc33123512c0473065f1807f6619222c6,CANONICAL_PRIMARY,Official NASA GES DISC canonical granule file
3B-HHR.MS.MRG.3IMERG.20180523-S000000-E002959.0000.V07B.HDF5,3B-HHR.MS.MRG.3IMERG.20180523-S000000-E002959.0000.V07B.HDF5,True,False,8133753,a71c2890d0d3337950ad666b5554e6945e18cd567d80e554ea4e6239baa3dc8f,CANONICAL_PRIMARY,Official NASA GES DISC canonical granule file
3B-HHR.MS.MRG.3IMERG.20180523-S030000-E032959.0180.V07B.HDF5,3B-HHR.MS.MRG.3IMERG.20180523-S030000-E032959.0180.V07B.HDF5,True,False,7996673,66f225bade72e6e97d709aa22efb567b949167170518a2c6feaea475486ceace,CANONICAL_PRIMARY,Official NASA GES DISC canonical granule file
3B-HHR.MS.MRG.3IMERG.20180523-S060000-E062959.0360.V07B.HDF5,3B-HHR.MS.MRG.3IMERG.20180523-S060000-E062959.0360.V07B.HDF5,True,False,7919844,8bf4520b34418b56a5960097975d16e3a56addde551ba51e5ab129ce6cec4033,CANONICAL_PRIMARY,Official NASA GES DISC canonical granule file
3B-HHR.MS.MRG.3IMERG.20180523-S090000-E092959.0540.V07B.HDF5,3B-HHR.MS.MRG.3IMERG.20180523-S090000-E092959.0540.V07B.HDF5,True,False,8122423,ac61f38c72fdf8113bc00925fa0ddf5952b3698ade52a6e7fc1e3c322ee6fd42,CANONICAL_PRIMARY,Official NASA GES DISC canonical granule file
3B-HHR.MS.MRG.3IMERG.20180523-S120000-E122959.0720.V07B.HDF5,3B-HHR.MS.MRG.3IMERG.20180523-S120000-E122959.0720.V07B.HDF5,True,False,7999612,d45e132608560f8d9d4d7a5014d7f5860ae8e64f81a212863a1848926018a54d,CANONICAL_PRIMARY,Official NASA GES DISC canonical granule file
3B-HHR.MS.MRG.3IMERG.20180523-S150000-E152959.0900.V07B.HDF5,3B-HHR.MS.MRG.3IMERG.20180523-S150000-E152959.0900.V07B.HDF5,True,False,8001986,fe0d9ce0c2bfdf5d3de79b5ae83653470d4ddac17e8610cc06bdc8b482cbadab,CANONICAL_PRIMARY,Official NASA GES DISC canonical granule file
3B-HHR.MS.MRG.3IMERG.20180523-S180000-E182959.1080.V07B.HDF5,3B-HHR.MS.MRG.3IMERG.20180523-S180000-E182959.1080.V07B.HDF5,True,False,8232661,e82759baec5b49120f7dad4808b4e531034e08b4d6887b3bb14bdf7df2e3a3f6,CANONICAL_PRIMARY,Official NASA GES DISC canonical granule file
3B-HHR.MS.MRG.3IMERG.20180523-S210000-E212959.1260.V07B.HDF5,3B-HHR.MS.MRG.3IMERG.20180523-S210000-E212959.1260.V07B.HDF5,True,False,8197671,55886e394daba6948e00b22543d7be8813b9cda13af75a96f5108a44bfc9171b,CANONICAL_PRIMARY,Official NASA GES DISC canonical granule file
3B-HHR.MS.MRG.3IMERG.20180524-S000000-E002959.0000.V07B.HDF5,3B-HHR.MS.MRG.3IMERG.20180524-S000000-E002959.0000.V07B.HDF5,True,False,8017726,8340fb7897199eae49fcbab71fc03aaeb16dde697a3e717d0c9ad08ee940d040,CANONICAL_PRIMARY,Official NASA GES DISC canonical granule file
3B-HHR.MS.MRG.3IMERG.20180524-S030000-E032959.0180.V07B.HDF5,3B-HHR.MS.MRG.3IMERG.20180524-S030000-E032959.0180.V07B.HDF5,True,False,7860959,cc258ba09a34cba9197becd23c6f6e4210fe3ae9805135e186813671c4e61f39,CANONICAL_PRIMARY,Official NASA GES DISC canonical granule file
3B-HHR.MS.MRG.3IMERG.20180524-S060000-E062959.0360.V07B.HDF5,3B-HHR.MS.MRG.3IMERG.20180524-S060000-E062959.0360.V07B.HDF5,True,False,7823585,2b4b27da87ac5240f3d0ec27525636db2a86e1bac5883e5c1c417b04256d8ab1,CANONICAL_PRIMARY,Official NASA GES DISC canonical granule file
3B-HHR.MS.MRG.3IMERG.20180524-S090000-E092959.0540.V07B.HDF5,3B-HHR.MS.MRG.3IMERG.20180524-S090000-E092959.0540.V07B.HDF5,True,False,7990216,1d864d51f713a4147fdcf8df1a258a05fa344785a61493d5e05f00e3ecd52237,CANONICAL_PRIMARY,Official NASA GES DISC canonical granule file
3B-HHR.MS.MRG.3IMERG.20180524-S120000-E122959.0720.V07B.HDF5,3B-HHR.MS.MRG.3IMERG.20180524-S120000-E122959.0720.V07B.HDF5,True,False,8032009,e031113e03bc640afb08aac6da1819f9ffcf38774351d5008e43d3c4f8891da3,CANONICAL_PRIMARY,Official NASA GES DISC canonical granule file
3B-HHR.MS.MRG.3IMERG.20180524-S150000-E152959.0900.V07B.HDF5,3B-HHR.MS.MRG.3IMERG.20180524-S150000-E152959.0900.V07B.HDF5,True,False,8132523,7b98a9c1515df9c910cc31875343a7cd6dfef063f0fb5727801ce83733b13fa3,CANONICAL_PRIMARY,Official NASA GES DISC canonical granule file
3B-HHR.MS.MRG.3IMERG.20180524-S180000-E182959.1080.V07B.HDF5,3B-HHR.MS.MRG.3IMERG.20180524-S180000-E182959.1080.V07B.HDF5,True,False,8286926,73e94d4ee5ba324157d36a0189a4e34fd7f93cef8d2a62623539afd0ed73e3f8,CANONICAL_PRIMARY,Official NASA GES DISC canonical granule file
3B-HHR.MS.MRG.3IMERG.20180524-S210000-E212959.1260.V07B.HDF5,3B-HHR.MS.MRG.3IMERG.20180524-S210000-E212959.1260.V07B.HDF5,True,False,8303820,e47599e1fae35deb9327abf4e96e1e34f92c91a251eff071a8711660b03a083e,CANONICAL_PRIMARY,Official NASA GES DISC canonical granule file
3B-HHR.MS.MRG.3IMERG.20180525-S000000-E002959.0000.V07B.HDF5,3B-HHR.MS.MRG.3IMERG.20180525-S000000-E002959.0000.V07B.HDF5,True,False,8171997,796bd1477168b55b88dc152efbda42a0b195ef3296bfaf7d303cc3a60f8f9b2b,CANONICAL_PRIMARY,Official NASA GES DISC canonical granule file
3B-HHR.MS.MRG.3IMERG.20180919-S030000-E032959.0180.V07B.HDF5,3B-HHR.MS.MRG.3IMERG.20180919-S030000-E032959.0180.V07B.HDF5,True,False,8004289,6477e91d8271c5c04061c1756010c875f73f8aa6d49bd77d842b39443247dd8a,CANONICAL_PRIMARY,Official NASA GES DISC canonical granule file
3B-HHR.MS.MRG.3IMERG.20180919-S060000-E062959.0360.V07B.HDF5,3B-HHR.MS.MRG.3IMERG.20180919-S060000-E062959.0360.V07B.HDF5,True,False,8060648,d87ef8590c0465c7341e0e8152b04c436ecabd3213649b8f6375cc4fdf1ad131,CANONICAL_PRIMARY,Official NASA GES DISC canonical granule file
3B-HHR.MS.MRG.3IMERG.20180919-S090000-E092959.0540.V07B.HDF5,3B-HHR.MS.MRG.3IMERG.20180919-S090000-E092959.0540.V07B.HDF5,True,False,8087879,34fce5282585103787a54ab09251ae6005fa3835305829fcfba2412090c6d547,CANONICAL_PRIMARY,Official NASA GES DISC canonical granule file
3B-HHR.MS.MRG.3IMERG.20180919-S120000-E122959.0720.V07B.HDF5,3B-HHR.MS.MRG.3IMERG.20180919-S120000-E122959.0720.V07B.HDF5,True,False,7967393,19d8cc882d2a6a4ddee7ac5dc70e8297416dde30b194d5792ee5b4fcc17c8e21,CANONICAL_PRIMARY,Official NASA GES DISC canonical granule file
3B-HHR.MS.MRG.3IMERG.20180919-S150000-E152959.0900.V07B.HDF5,3B-HHR.MS.MRG.3IMERG.20180919-S150000-E152959.0900.V07B.HDF5,True,False,8244862,76b87fa257cc2b90ce106d56d416be80d5b0c7171d3321029731e0f14fa7c290,CANONICAL_PRIMARY,Official NASA GES DISC canonical granule file
3B-HHR.MS.MRG.3IMERG.20180919-S180000-E182959.1080.V07B.HDF5,3B-HHR.MS.MRG.3IMERG.20180919-S180000-E182959.1080.V07B.HDF5,True,False,8396406,157e57dd6a436e030bf96426508a36486a3b2682f8dd48e8ed7c2fc5a7fb676f,CANONICAL_PRIMARY,Official NASA GES DISC canonical granule file
3B-HHR.MS.MRG.3IMERG.20180919-S210000-E212959.1260.V07B.HDF5,3B-HHR.MS.MRG.3IMERG.20180919-S210000-E212959.1260.V07B.HDF5,True,False,8153415,98d5653313c9700bf6ecec4dea3141abf6331d280c6a505e7e843a69d57bddc6,CANONICAL_PRIMARY,Official NASA GES DISC canonical granule file
3B-HHR.MS.MRG.3IMERG.20180920-S000000-E002959.0000.V07B.HDF5,3B-HHR.MS.MRG.3IMERG.20180920-S000000-E002959.0000.V07B.HDF5,True,False,8231049,119671c55d8518073daed88d9224a7226cb61420bbe17b9b9e7911f0fe35671a,CANONICAL_PRIMARY,Official NASA GES DISC canonical granule file
3B-HHR.MS.MRG.3IMERG.20180920-S030000-E032959.0180.V07B.HDF5,3B-HHR.MS.MRG.3IMERG.20180920-S030000-E032959.0180.V07B.HDF5,True,False,8096863,3f637a4a1eab849628c2c885ad4e27539919d465d4e5e945107616661fc505bc,CANONICAL_PRIMARY,Official NASA GES DISC canonical granule file
3B-HHR.MS.MRG.3IMERG.20180920-S060000-E062959.0360.V07B.HDF5,3B-HHR.MS.MRG.3IMERG.20180920-S060000-E062959.0360.V07B.HDF5,True,False,8101938,55f62bf378360984531096c5ae96be8386055b949a39400a66caf9adf5d72041,CANONICAL_PRIMARY,Official NASA GES DISC canonical granule file
3B-HHR.MS.MRG.3IMERG.20181005-S210000-E212959.1260.V07B.HDF5,3B-HHR.MS.MRG.3IMERG.20181005-S210000-E212959.1260.V07B.HDF5,True,False,7610105,788579a139262ed3e2950af53e44fedeffe64815560cc33d7b0d71c244ce6bae,CANONICAL_PRIMARY,Official NASA GES DISC canonical granule file
3B-HHR.MS.MRG.3IMERG.20181006-S000000-E002959.0000.V07B.HDF5,3B-HHR.MS.MRG.3IMERG.20181006-S000000-E002959.0000.V07B.HDF5,True,False,7550599,49a47bdd087fb77008edf34e41e498f8d5505fd59add3ef151a881648f2a181b,CANONICAL_PRIMARY,Official NASA GES DISC canonical granule file
3B-HHR.MS.MRG.3IMERG.20181006-S030000-E032959.0180.V07B.HDF5,3B-HHR.MS.MRG.3IMERG.20181006-S030000-E032959.0180.V07B.HDF5,True,False,7675929,61aa3d216a2f98bcc7a30fc890abb21d882bb10f8e33afa364d17d2e8d01212f,CANONICAL_PRIMARY,Official NASA GES DISC canonical granule file
3B-HHR.MS.MRG.3IMERG.20181006-S060000-E062959.0360.V07B.HDF5,3B-HHR.MS.MRG.3IMERG.20181006-S060000-E062959.0360.V07B.HDF5,True,False,7779400,efe688b8982533e9b17c2c864da9c8c8dd36f397c0b724d0cd8ea3101cbcfd6b,CANONICAL_PRIMARY,Official NASA GES DISC canonical granule file
3B-HHR.MS.MRG.3IMERG.20181006-S090000-E092959.0540.V07B.HDF5,3B-HHR.MS.MRG.3IMERG.20181006-S090000-E092959.0540.V07B.HDF5,True,False,7594245,b041ad0e46c46490e9acc65508ef26b76d68632ce08956c03ce097e7ad6eb944,CANONICAL_PRIMARY,Official NASA GES DISC canonical granule file
3B-HHR.MS.MRG.3IMERG.20181006-S120000-E122959.0720.V07B.HDF5,3B-HHR.MS.MRG.3IMERG.20181006-S120000-E122959.0720.V07B.HDF5,True,False,7516406,c463eb0bb3f25b19a46724a7570ad8a09d0ffe8e6f3147019df90842554e318e,CANONICAL_PRIMARY,Official NASA GES DISC canonical granule file
3B-HHR.MS.MRG.3IMERG.20181006-S150000-E152959.0900.V07B.HDF5,3B-HHR.MS.MRG.3IMERG.20181006-S150000-E152959.0900.V07B.HDF5,True,False,7602774,c95a93f130044cc1fc8b59ebf4f0a5ad347b46b2a1f78be6652b58d036b3430a,CANONICAL_PRIMARY,Official NASA GES DISC canonical granule file
3B-HHR.MS.MRG.3IMERG.20181006-S180000-E182959.1080.V07B.HDF5,3B-HHR.MS.MRG.3IMERG.20181006-S180000-E182959.1080.V07B.HDF5,True,False,7719175,62118732af144adb8d78fbd7689f4a99e0a922d590ee1235bc2745bfb2e7cab7,CANONICAL_PRIMARY,Official NASA GES DISC canonical granule file
3B-HHR.MS.MRG.3IMERG.20181006-S210000-E212959.1260.V07B.HDF5,3B-HHR.MS.MRG.3IMERG.20181006-S210000-E212959.1260.V07B.HDF5,True,False,7790387,b4b9d814351794c7703356867044763812188c9bde111a9e2add4d177871815a,CANONICAL_PRIMARY,Official NASA GES DISC canonical granule file
3B-HHR.MS.MRG.3IMERG.20181007-S000000-E002959.0000.V07B.HDF5,3B-HHR.MS.MRG.3IMERG.20181007-S000000-E002959.0000.V07B.HDF5,True,False,7639785,6134db3f735566fdb9f5997512ae23db3e7ed5827d4081c1d4a462f297145ba8,CANONICAL_PRIMARY,Official NASA GES DISC canonical granule file
3B-HHR.MS.MRG.3IMERG.20181007-S030000-E032959.0180.V07B.HDF5,3B-HHR.MS.MRG.3IMERG.20181007-S030000-E032959.0180.V07B.HDF5,True,False,7553497,c3ddb781d38f51b8bfab51259808d2ba21a8f6bd79798d7ca006eef31622e8d2,CANONICAL_PRIMARY,Official NASA GES DISC canonical granule file
3B-HHR.MS.MRG.3IMERG.20181007-S060000-E062959.0360.V07B.HDF5,3B-HHR.MS.MRG.3IMERG.20181007-S060000-E062959.0360.V07B.HDF5,True,False,7510137,f3e09bfb1cd77f7257ac986c84321026bb83f2b66ffe25f85cc09f6fcd02d508,CANONICAL_PRIMARY,Official NASA GES DISC canonical granule file
3B-HHR.MS.MRG.3IMERG.20181007-S090000-E092959.0540.V07B.HDF5,3B-HHR.MS.MRG.3IMERG.20181007-S090000-E092959.0540.V07B.HDF5,True,False,7379631,54da69b59afba13b0ab728e7b29161ecf70675eaca80aee8bbe4aca347f4fad3,CANONICAL_PRIMARY,Official NASA GES DISC canonical granule file
3B-HHR.MS.MRG.3IMERG.20181007-S120000-E122959.0720.V07B.HDF5,3B-HHR.MS.MRG.3IMERG.20181007-S120000-E122959.0720.V07B.HDF5,True,False,7364877,e677ed8fc3198f62242a088a70bd0f42f07e8fcf0ffc14476b01be4b6e527f3e,CANONICAL_PRIMARY,Official NASA GES DISC canonical granule file
3B-HHR.MS.MRG.3IMERG.20181007-S150000-E152959.0900.V07B.HDF5,3B-HHR.MS.MRG.3IMERG.20181007-S150000-E152959.0900.V07B.HDF5,True,False,7539212,95edac1fcd1d9ae6a4af3f74e6eb158e9deb5c3b2f46b11b32fe17269071ad41,CANONICAL_PRIMARY,Official NASA GES DISC canonical granule file
3B-HHR.MS.MRG.3IMERG.20181007-S180000-E182959.1080.V07B.HDF5,3B-HHR.MS.MRG.3IMERG.20181007-S180000-E182959.1080.V07B.HDF5,True,False,7601829,14005cd4627bd3d3ec469e5dfbdd54ef9ab227b84962f3142548a46441ea4571,CANONICAL_PRIMARY,Official NASA GES DISC canonical granule file
3B-HHR.MS.MRG.3IMERG.20181007-S210000-E212959.1260.V07B.HDF5,3B-HHR.MS.MRG.3IMERG.20181007-S210000-E212959.1260.V07B.HDF5,True,False,7491983,a277959fca7e83d7fef96cb9bc2004c949aa1f72444ccffd59189dc73c9c7eea,CANONICAL_PRIMARY,Official NASA GES DISC canonical granule file
3B-HHR.MS.MRG.3IMERG.20181008-S000000-E002959.0000.V07B.HDF5,3B-HHR.MS.MRG.3IMERG.20181008-S000000-E002959.0000.V07B.HDF5,True,False,7620576,941c34e1b7e07b65b89e141729052f88e470ab04ded2a6dd33ad08e4b41ff093,CANONICAL_PRIMARY,Official NASA GES DISC canonical granule file
3B-HHR.MS.MRG.3IMERG.20181008-S030000-E032959.0180.V07B.HDF5,3B-HHR.MS.MRG.3IMERG.20181008-S030000-E032959.0180.V07B.HDF5,True,False,7564366,ef95dcbd044af1387b7933ef08659dca112b1a8120e8e3ca4cbe870653373459,CANONICAL_PRIMARY,Official NASA GES DISC canonical granule file
3B-HHR.MS.MRG.3IMERG.20181008-S060000-E062959.0360.V07B.HDF5,3B-HHR.MS.MRG.3IMERG.20181008-S060000-E062959.0360.V07B.HDF5,True,False,7591751,288c3bb952f95cff3e059339822e6a3e1683b39a92364dc08b8e6850c70f00e3,CANONICAL_PRIMARY,Official NASA GES DISC canonical granule file
3B-HHR.MS.MRG.3IMERG.20181008-S090000-E092959.0540.V07B.HDF5,3B-HHR.MS.MRG.3IMERG.20181008-S090000-E092959.0540.V07B.HDF5,True,False,7562501,c53e122f9f7a1e8863a2f8cd7d3c608c377058dfac2d8e4c585fc3b288b429e0,CANONICAL_PRIMARY,Official NASA GES DISC canonical granule file
3B-HHR.MS.MRG.3IMERG.20181008-S120000-E122959.0720.V07B.HDF5,3B-HHR.MS.MRG.3IMERG.20181008-S120000-E122959.0720.V07B.HDF5,True,False,7378450,6f0a6509beb94d0d15fff9f46e7097873436062908ff3fc4207ebdd6096b4351,CANONICAL_PRIMARY,Official NASA GES DISC canonical granule file
3B-HHR.MS.MRG.3IMERG.20181008-S150000-E152959.0900.V07B.HDF5,3B-HHR.MS.MRG.3IMERG.20181008-S150000-E152959.0900.V07B.HDF5,True,False,7566047,fcc38949a1493241fc2d506308a03242a9c431c461ed2fd39ce7029431d9d86a,CANONICAL_PRIMARY,Official NASA GES DISC canonical granule file
3B-HHR.MS.MRG.3IMERG.20181008-S180000-E182959.1080.V07B.HDF5,3B-HHR.MS.MRG.3IMERG.20181008-S180000-E182959.1080.V07B.HDF5,True,False,7680642,adbe56b43eb97d37bd8819063091f6b9303dfb97ec3419704c73d63b3ec788d9,CANONICAL_PRIMARY,Official NASA GES DISC canonical granule file
3B-HHR.MS.MRG.3IMERG.20181008-S210000-E212959.1260.V07B.HDF5,3B-HHR.MS.MRG.3IMERG.20181008-S210000-E212959.1260.V07B.HDF5,True,False,7750144,063733d6fe1f022c3238856e71a3ba236c52b5bdc0212dace95f80cd9e4e9bed,CANONICAL_PRIMARY,Official NASA GES DISC canonical granule file
3B-HHR.MS.MRG.3IMERG.20181212-S090000-E092959.0540.V07B.HDF5,3B-HHR.MS.MRG.3IMERG.20181212-S090000-E092959.0540.V07B.HDF5,True,False,8047019,d07925bbb0976cc1cfd8c18abf62c21dac9465cf95a8e76e514fea1918cdf257,CANONICAL_PRIMARY,Official NASA GES DISC canonical granule file
3B-HHR.MS.MRG.3IMERG.20181212-S120000-E122959.0720.V07B.HDF5,3B-HHR.MS.MRG.3IMERG.20181212-S120000-E122959.0720.V07B.HDF5,True,False,8004868,5817159971e656993cc916fa191bed73fa9ba0ac1781370b4c36ef7ff2b4b0f0,CANONICAL_PRIMARY,Official NASA GES DISC canonical granule file
3B-HHR.MS.MRG.3IMERG.20181212-S150000-E152959.0900.V07B.HDF5,3B-HHR.MS.MRG.3IMERG.20181212-S150000-E152959.0900.V07B.HDF5,True,False,8273928,a855e0def6d1b47373f392eec51c4f37854a8d8cbaf0cb6bc24784cdaebc1834,CANONICAL_PRIMARY,Official NASA GES DISC canonical granule file
3B-HHR.MS.MRG.3IMERG.20181212-S180000-E182959.1080.V07B.HDF5,3B-HHR.MS.MRG.3IMERG.20181212-S180000-E182959.1080.V07B.HDF5,True,False,8216027,8768d0f81555589198b67566f8bca433b65366a150ecc80c9e949aee5bfc3216,CANONICAL_PRIMARY,Official NASA GES DISC canonical granule file
3B-HHR.MS.MRG.3IMERG.20181212-S210000-E212959.1260.V07B.HDF5,3B-HHR.MS.MRG.3IMERG.20181212-S210000-E212959.1260.V07B.HDF5,True,False,8134783,f26d2eff122e2cfd98052da1622f23e593f0000efcc5344716a03d3e9f95e813,CANONICAL_PRIMARY,Official NASA GES DISC canonical granule file
3B-HHR.MS.MRG.3IMERG.20181213-S000000-E002959.0000.V07B.HDF5,3B-HHR.MS.MRG.3IMERG.20181213-S000000-E002959.0000.V07B.HDF5,True,False,7819131,93ada01176d0d535d9d2ec2d613e863068b52245198ba96be033c682cdd12988,CANONICAL_PRIMARY,Official NASA GES DISC canonical granule file
3B-HHR.MS.MRG.3IMERG.20181213-S030000-E032959.0180.V07B.HDF5,3B-HHR.MS.MRG.3IMERG.20181213-S030000-E032959.0180.V07B.HDF5,True,False,7795691,cde0421df4c0d1f3cf3d0c6b962654851442af3b15ce9a465f2b58699c1ffd8d,CANONICAL_PRIMARY,Official NASA GES DISC canonical granule file
3B-HHR.MS.MRG.3IMERG.20181213-S060000-E062959.0360.V07B.HDF5,3B-HHR.MS.MRG.3IMERG.20181213-S060000-E062959.0360.V07B.HDF5,True,False,7895047,2c35f19c90638b31f5eda26d75d68bc53f38849e482e264f66a43de8ebd6e021,CANONICAL_PRIMARY,Official NASA GES DISC canonical granule file
3B-HHR.MS.MRG.3IMERG.20181213-S090000-E092959.0540.V07B.HDF5,3B-HHR.MS.MRG.3IMERG.20181213-S090000-E092959.0540.V07B.HDF5,True,False,7849023,ef3045fb595e17174ab1b3095c2ed1d723ad77bc45160d584659574f7668b6bf,CANONICAL_PRIMARY,Official NASA GES DISC canonical granule file
3B-HHR.MS.MRG.3IMERG.20181213-S120000-E122959.0720.V07B.HDF5,3B-HHR.MS.MRG.3IMERG.20181213-S120000-E122959.0720.V07B.HDF5,True,False,7846819,6426c50f3b621f6a2bcf1914de39dfba2e19f251f2b7a14b9429c0d5b39a77bc,CANONICAL_PRIMARY,Official NASA GES DISC canonical granule file
3B-HHR.MS.MRG.3IMERG.20181213-S150000-E152959.0900.V07B.HDF5,3B-HHR.MS.MRG.3IMERG.20181213-S150000-E152959.0900.V07B.HDF5,True,False,7887191,946cfbfde296d704adc3016031a801e822b02646e0a05b783109c570053b2fba,CANONICAL_PRIMARY,Official NASA GES DISC canonical granule file
3B-HHR.MS.MRG.3IMERG.20181213-S180000-E182959.1080.V07B.HDF5,3B-HHR.MS.MRG.3IMERG.20181213-S180000-E182959.1080.V07B.HDF5,True,False,8053370,916404673759de9646f6541e61686cf532062ba523068b324b87763d2888483b,CANONICAL_PRIMARY,Official NASA GES DISC canonical granule file
3B-HHR.MS.MRG.3IMERG.20181213-S210000-E212959.1260.V07B.HDF5,3B-HHR.MS.MRG.3IMERG.20181213-S210000-E212959.1260.V07B.HDF5,True,False,7939337,bdf09c2c1f700b733a41d23e2ae469d99006cf7a584ab962a8e9e0197ab76371,CANONICAL_PRIMARY,Official NASA GES DISC canonical granule file
3B-HHR.MS.MRG.3IMERG.20181214-S000000-E002959.0000.V07B.HDF5,3B-HHR.MS.MRG.3IMERG.20181214-S000000-E002959.0000.V07B.HDF5,True,False,7926689,ad918ba860bd512dd80d6060f5508cc09ddf77144cace5f0bbc7dc9c81d489e4,CANONICAL_PRIMARY,Official NASA GES DISC canonical granule file
3B-HHR.MS.MRG.3IMERG.20181214-S030000-E032959.0180.V07B.HDF5,3B-HHR.MS.MRG.3IMERG.20181214-S030000-E032959.0180.V07B.HDF5,True,False,7907915,074c57e690337a1dd7f6d386082544a83f7079a6d4195fd13c42915dd5d057b2,CANONICAL_PRIMARY,Official NASA GES DISC canonical granule file
3B-HHR.MS.MRG.3IMERG.20181214-S060000-E062959.0360.V07B.HDF5,3B-HHR.MS.MRG.3IMERG.20181214-S060000-E062959.0360.V07B.HDF5,True,False,8016088,105f2b01c0b1d28416785db34de9a1ada90ab4c4497e56b36d024f07305fdc8c,CANONICAL_PRIMARY,Official NASA GES DISC canonical granule file
3B-HHR.MS.MRG.3IMERG.20190103-S210000-E212959.1260.V07B.HDF5,3B-HHR.MS.MRG.3IMERG.20190103-S210000-E212959.1260.V07B.HDF5,True,False,7888796,12d899993b496d04240a5aedb1ec58225a3c397faee2489d12ca3a44f661e3fe,CANONICAL_PRIMARY,Official NASA GES DISC canonical granule file
3B-HHR.MS.MRG.3IMERG.20190104-S000000-E002959.0000.V07B.HDF5,3B-HHR.MS.MRG.3IMERG.20190104-S000000-E002959.0000.V07B.HDF5,True,False,7545384,18de09e1f7f4be865c8618d156a6e801d2b613a5b17f5e0d37ae675394722353,CANONICAL_PRIMARY,Official NASA GES DISC canonical granule file
3B-HHR.MS.MRG.3IMERG.20190104-S030000-E032959.0180.V07B.HDF5,3B-HHR.MS.MRG.3IMERG.20190104-S030000-E032959.0180.V07B.HDF5,True,False,7615297,049d1dcd8962597bfdb13841d9f537fba23592132a921cade5620a1b1c203c7e,CANONICAL_PRIMARY,Official NASA GES DISC canonical granule file
3B-HHR.MS.MRG.3IMERG.20190104-S060000-E062959.0360.V07B.HDF5,3B-HHR.MS.MRG.3IMERG.20190104-S060000-E062959.0360.V07B.HDF5,True,False,7559273,cc63b587b339117670aeed77d59f7f02d881f63b4025ed722bef943aa9684434,CANONICAL_PRIMARY,Official NASA GES DISC canonical granule file
3B-HHR.MS.MRG.3IMERG.20190104-S090000-E092959.0540.V07B.HDF5,3B-HHR.MS.MRG.3IMERG.20190104-S090000-E092959.0540.V07B.HDF5,True,False,7491617,21401885efeaa04ad8f71ca817eea345f2a1790bc12ca4266d82f2ade4629cdf,CANONICAL_PRIMARY,Official NASA GES DISC canonical granule file
3B-HHR.MS.MRG.3IMERG.20190104-S120000-E122959.0720.V07B.HDF5,3B-HHR.MS.MRG.3IMERG.20190104-S120000-E122959.0720.V07B.HDF5,True,False,7321513,9f76781929a1a4d8f16742031aed2aed75610e6fe506d1fccb1e0b0b4709c341,CANONICAL_PRIMARY,Official NASA GES DISC canonical granule file
3B-HHR.MS.MRG.3IMERG.20190104-S150000-E152959.0900.V07B.HDF5,3B-HHR.MS.MRG.3IMERG.20190104-S150000-E152959.0900.V07B.HDF5,True,False,7470736,1a6591757b56d0781efd9f842e20351a46c5618cd8538b5f9d8000f4422eaa57,CANONICAL_PRIMARY,Official NASA GES DISC canonical granule file
3B-HHR.MS.MRG.3IMERG.20190104-S180000-E182959.1080.V07B.HDF5,3B-HHR.MS.MRG.3IMERG.20190104-S180000-E182959.1080.V07B.HDF5,True,False,7625044,b425762bfb06f267d92eb229d0f92c3507db3d53f27878296a9bb84a18630395,CANONICAL_PRIMARY,Official NASA GES DISC canonical granule file
3B-HHR.MS.MRG.3IMERG.20190104-S210000-E212959.1260.V07B.HDF5,3B-HHR.MS.MRG.3IMERG.20190104-S210000-E212959.1260.V07B.HDF5,True,False,7573564,0b7eab4090967c1dcfa8ec81699d70461ad0d896a4c27e68095c9aabbe5e0a0b,CANONICAL_PRIMARY,Official NASA GES DISC canonical granule file
3B-HHR.MS.MRG.3IMERG.20190105-S000000-E002959.0000.V07B.HDF5,3B-HHR.MS.MRG.3IMERG.20190105-S000000-E002959.0000.V07B.HDF5,True,False,7323225,dc2e0570bc35ba608c2cc189ace15a4c7bd05da3d73b37e00ecbf32a53ee0d0e,CANONICAL_PRIMARY,Official NASA GES DISC canonical granule file
3B-HHR.MS.MRG.3IMERG.20190105-S030000-E032959.0180.V07B.HDF5,3B-HHR.MS.MRG.3IMERG.20190105-S030000-E032959.0180.V07B.HDF5,True,False,7306244,4506e144fe2dec2048535584f43314ae6f8e91c2048eebde0912a4ff2c0a7784,CANONICAL_PRIMARY,Official NASA GES DISC canonical granule file
3B-HHR.MS.MRG.3IMERG.20190105-S060000-E062959.0360.V07B.HDF5,3B-HHR.MS.MRG.3IMERG.20190105-S060000-E062959.0360.V07B.HDF5,True,False,7375654,9079fd96eea4cf466ef5d114984c7f0e4043a44d4c81d4c65e5a30f3c12e40be,CANONICAL_PRIMARY,Official NASA GES DISC canonical granule file
3B-HHR.MS.MRG.3IMERG.20190105-S090000-E092959.0540.V07B.HDF5,3B-HHR.MS.MRG.3IMERG.20190105-S090000-E092959.0540.V07B.HDF5,True,False,7265128,fcb12e7e966171f1c19723b306278128ee27c67b8c1721cc9697cafdcfe6fef5,CANONICAL_PRIMARY,Official NASA GES DISC canonical granule file
3B-HHR.MS.MRG.3IMERG.20190105-S120000-E122959.0720.V07B.HDF5,3B-HHR.MS.MRG.3IMERG.20190105-S120000-E122959.0720.V07B.HDF5,True,False,7272647,4f150c1c737adfbf54594240588d90a87a3e202fb9f2a989c9bfc62f81013e61,CANONICAL_PRIMARY,Official NASA GES DISC canonical granule file
3B-HHR.MS.MRG.3IMERG.20190105-S150000-E152959.0900.V07B.HDF5,3B-HHR.MS.MRG.3IMERG.20190105-S150000-E152959.0900.V07B.HDF5,True,False,7539762,fb96ac3e3896250f44859d29f05f1f0dc122c97785580c51f005dcab0cb971a0,CANONICAL_PRIMARY,Official NASA GES DISC canonical granule file
3B-HHR.MS.MRG.3IMERG.20190105-S180000-E182959.1080.V07B.HDF5,3B-HHR.MS.MRG.3IMERG.20190105-S180000-E182959.1080.V07B.HDF5,True,False,7524623,fe10ce7e5d16ba587baf28fc47c3093514efcbe984399fcb361c2750474523da,CANONICAL_PRIMARY,Official NASA GES DISC canonical granule file
3B-HHR.MS.MRG.3IMERG.20190425-S150000-E152959.0900.V07B.HDF5,3B-HHR.MS.MRG.3IMERG.20190425-S150000-E152959.0900.V07B.HDF5,True,False,7711904,bc56a3324803dfa82786dfd149b2cf6f7079c08fa46e1b2498de1952d7338f10,CANONICAL_PRIMARY,Official NASA GES DISC canonical granule file
3B-HHR.MS.MRG.3IMERG.20190425-S180000-E182959.1080.V07B.HDF5,3B-HHR.MS.MRG.3IMERG.20190425-S180000-E182959.1080.V07B.HDF5,True,False,7784628,00ba9e1da96d3f9a2765b4365d062e5250a6e022c6171a94d6ca9d5621b9b7a4,CANONICAL_PRIMARY,Official NASA GES DISC canonical granule file
3B-HHR.MS.MRG.3IMERG.20190425-S210000-E212959.1260.V07B.HDF5,3B-HHR.MS.MRG.3IMERG.20190425-S210000-E212959.1260.V07B.HDF5,True,False,7876379,f633484c574bb8a1723c9e9236794d6627161d667fff79619389b45745471728,CANONICAL_PRIMARY,Official NASA GES DISC canonical granule file
3B-HHR.MS.MRG.3IMERG.20190426-S000000-E002959.0000.V07B.HDF5,3B-HHR.MS.MRG.3IMERG.20190426-S000000-E002959.0000.V07B.HDF5,True,False,7694447,c3f235517f08bf6aff92104ec100938e1a618a15b5a814d4dd6a6dd20d80ae53,CANONICAL_PRIMARY,Official NASA GES DISC canonical granule file
3B-HHR.MS.MRG.3IMERG.20190426-S030000-E032959.0180.V07B.HDF5,3B-HHR.MS.MRG.3IMERG.20190426-S030000-E032959.0180.V07B.HDF5,True,False,7871146,1bc363b9a3f07f7b244d4aeba33194164be57b31e9a0947601998bc01c5ab6de,CANONICAL_PRIMARY,Official NASA GES DISC canonical granule file
3B-HHR.MS.MRG.3IMERG.20190426-S060000-E062959.0360.V07B.HDF5,3B-HHR.MS.MRG.3IMERG.20190426-S060000-E062959.0360.V07B.HDF5,True,False,7663853,70a1ea12704b6af82af5ad51f839ed2645c273495d477c0481d047e8994ad719,CANONICAL_PRIMARY,Official NASA GES DISC canonical granule file
3B-HHR.MS.MRG.3IMERG.20190426-S090000-E092959.0540.V07B.HDF5,3B-HHR.MS.MRG.3IMERG.20190426-S090000-E092959.0540.V07B.HDF5,True,False,7787220,56c7169bf0c835adc3592709844142e17ffb371728a3e546edd1790907c91783,CANONICAL_PRIMARY,Official NASA GES DISC canonical granule file
3B-HHR.MS.MRG.3IMERG.20190426-S120000-E122959.0720.V07B.HDF5,3B-HHR.MS.MRG.3IMERG.20190426-S120000-E122959.0720.V07B.HDF5,True,False,7729272,ed28936a6f72acffd3d663321268f7e8f00ed153f10e718d3e9578aca6b65c17,CANONICAL_PRIMARY,Official NASA GES DISC canonical granule file
3B-HHR.MS.MRG.3IMERG.20190426-S150000-E152959.0900.V07B.HDF5,3B-HHR.MS.MRG.3IMERG.20190426-S150000-E152959.0900.V07B.HDF5,True,False,7989004,e21f9e07093f70b7e80aba461060541c5ad9407e9bce02db58726483ee8e9018,CANONICAL_PRIMARY,Official NASA GES DISC canonical granule file
3B-HHR.MS.MRG.3IMERG.20190426-S180000-E182959.1080.V07B.HDF5,3B-HHR.MS.MRG.3IMERG.20190426-S180000-E182959.1080.V07B.HDF5,True,False,8061744,2c3671179e80a325651cb6ca4195183b6d60539b7e0d27cbe487ff39bc1160f7,CANONICAL_PRIMARY,Official NASA GES DISC canonical granule file
3B-HHR.MS.MRG.3IMERG.20190426-S210000-E212959.1260.V07B.HDF5,3B-HHR.MS.MRG.3IMERG.20190426-S210000-E212959.1260.V07B.HDF5,True,False,8058552,079cb1f61b9d2124fc9af1f3ba49f8c715ab2f56080878728c243fd37d789c47,CANONICAL_PRIMARY,Official NASA GES DISC canonical granule file
3B-HHR.MS.MRG.3IMERG.20190427-S000000-E002959.0000.V07B.HDF5,3B-HHR.MS.MRG.3IMERG.20190427-S000000-E002959.0000.V07B.HDF5,True,False,7920947,2f1822b390e8b7fc49c588d5784c17e5b7a0fde8efd61d97e8074905cc9ae8cb,CANONICAL_PRIMARY,Official NASA GES DISC canonical granule file
3B-HHR.MS.MRG.3IMERG.20190427-S030000-E032959.0180.V07B.HDF5,3B-HHR.MS.MRG.3IMERG.20190427-S030000-E032959.0180.V07B.HDF5,True,False,7976186,debbd3f1148a522c79d93bb678f0615930cad6d04530e612f8e418765737c9ff,CANONICAL_PRIMARY,Official NASA GES DISC canonical granule file
3B-HHR.MS.MRG.3IMERG.20190427-S060000-E062959.0360.V07B.HDF5,3B-HHR.MS.MRG.3IMERG.20190427-S060000-E062959.0360.V07B.HDF5,True,False,7957951,478ebf542918ec38ef0a6abc603b8f3b41207e8b53b891f65d0d2c437b073c84,CANONICAL_PRIMARY,Official NASA GES DISC canonical granule file
3B-HHR.MS.MRG.3IMERG.20190427-S090000-E092959.0540.V07B.HDF5,3B-HHR.MS.MRG.3IMERG.20190427-S090000-E092959.0540.V07B.HDF5,True,False,8014937,ffb7f7107b1a75405f2a485ebe4f37be815e3d19c55d8d380bb857b61be91baf,CANONICAL_PRIMARY,Official NASA GES DISC canonical granule file
3B-HHR.MS.MRG.3IMERG.20190427-S120000-E122959.0720.V07B.HDF5,3B-HHR.MS.MRG.3IMERG.20190427-S120000-E122959.0720.V07B.HDF5,True,False,8042999,b6f8619e74f5d6cfe429a8889300b7f54933900a886190beff614cfede68aa1a,CANONICAL_PRIMARY,Official NASA GES DISC canonical granule file
3B-HHR.MS.MRG.3IMERG.20190427-S150000-E152959.0900.V07B.HDF5,3B-HHR.MS.MRG.3IMERG.20190427-S150000-E152959.0900.V07B.HDF5,True,False,8232374,6df21a67aa1bfac15d13902a13c75cc03b3d2d9f7d4060a80d3eaa92c821b0b0,CANONICAL_PRIMARY,Official NASA GES DISC canonical granule file
3B-HHR.MS.MRG.3IMERG.20190427-S180000-E182959.1080.V07B.HDF5,3B-HHR.MS.MRG.3IMERG.20190427-S180000-E182959.1080.V07B.HDF5,True,False,8218280,5c420118988587deec1fd1a59efa62d62386b8088aae5250f8f75b5d570bcef7,CANONICAL_PRIMARY,Official NASA GES DISC canonical granule file
3B-HHR.MS.MRG.3IMERG.20190427-S210000-E212959.1260.V07B.HDF5,3B-HHR.MS.MRG.3IMERG.20190427-S210000-E212959.1260.V07B.HDF5,True,False,8132800,997c0ceb24c4aabf20d5403e9e47573b487df41146f2d2c00aeb4ddf4488ae36,CANONICAL_PRIMARY,Official NASA GES DISC canonical granule file
3B-HHR.MS.MRG.3IMERG.20190428-S000000-E002959.0000.V07B.HDF5,3B-HHR.MS.MRG.3IMERG.20190428-S000000-E002959.0000.V07B.HDF5,True,False,7882319,d5db319a160591f0e97cf2805defff0823099e59576ee1f95fc939947257e28d,CANONICAL_PRIMARY,Official NASA GES DISC canonical granule file
3B-HHR.MS.MRG.3IMERG.20190428-S030000-E032959.0180.V07B.HDF5,3B-HHR.MS.MRG.3IMERG.20190428-S030000-E032959.0180.V07B.HDF5,True,False,7915413,dcc8376d240098e149cac21f0dc0f2a66a3a04c46527dc761ec83f867fbb5a5e,CANONICAL_PRIMARY,Official NASA GES DISC canonical granule file
3B-HHR.MS.MRG.3IMERG.20190428-S060000-E062959.0360.V07B.HDF5,3B-HHR.MS.MRG.3IMERG.20190428-S060000-E062959.0360.V07B.HDF5,True,False,7926793,544392340e734a8c5d53a176053ed447457cac292e314b99df32f72f81214869,CANONICAL_PRIMARY,Official NASA GES DISC canonical granule file
3B-HHR.MS.MRG.3IMERG.20190428-S090000-E092959.0540.V07B.HDF5,3B-HHR.MS.MRG.3IMERG.20190428-S090000-E092959.0540.V07B.HDF5,True,False,7711828,35751cd82cf792a063caffe7f46f24d9c1e2660725db765e38952d7a1314431f,CANONICAL_PRIMARY,Official NASA GES DISC canonical granule file
3B-HHR.MS.MRG.3IMERG.20190428-S120000-E122959.0720.V07B.HDF5,3B-HHR.MS.MRG.3IMERG.20190428-S120000-E122959.0720.V07B.HDF5,True,False,7856612,189dbbbfe717a807d9637334cacbfa56f73a4709bbea4845955938e7b15f719a,CANONICAL_PRIMARY,Official NASA GES DISC canonical granule file
3B-HHR.MS.MRG.3IMERG.20190428-S150000-E152959.0900.V07B.HDF5,3B-HHR.MS.MRG.3IMERG.20190428-S150000-E152959.0900.V07B.HDF5,True,False,8189894,90927795fed459b9a3b4a2856fdb282aa3adef89be4095ba05d76455a00ec916,CANONICAL_PRIMARY,Official NASA GES DISC canonical granule file
3B-HHR.MS.MRG.3IMERG.20190428-S180000-E182959.1080.V07B.HDF5,3B-HHR.MS.MRG.3IMERG.20190428-S180000-E182959.1080.V07B.HDF5,True,False,8184336,05bb65b3f1d2626a97571d69ee1e750374987a8b95f9a04d43fceba17cabf36b,CANONICAL_PRIMARY,Official NASA GES DISC canonical granule file
3B-HHR.MS.MRG.3IMERG.20190428-S210000-E212959.1260.V07B.HDF5,3B-HHR.MS.MRG.3IMERG.20190428-S210000-E212959.1260.V07B.HDF5,True,False,7999640,8a55c83a6c83d8b2c088c80ec1dee5f050c4d6373a77286ac76cea781655ff34,CANONICAL_PRIMARY,Official NASA GES DISC canonical granule file
3B-HHR.MS.MRG.3IMERG.20190429-S000000-E002959.0000.V07B.HDF5,3B-HHR.MS.MRG.3IMERG.20190429-S000000-E002959.0000.V07B.HDF5,True,False,8084197,986322f7570fec158d91da329ef26e5657460a03ec0b35cdf75783b7a4577d15,CANONICAL_PRIMARY,Official NASA GES DISC canonical granule file
3B-HHR.MS.MRG.3IMERG.20190429-S030000-E032959.0180.V07B.HDF5,3B-HHR.MS.MRG.3IMERG.20190429-S030000-E032959.0180.V07B.HDF5,True,False,7989652,e5354f052a3e966dd5c1cdd101627c7c8e59789740900604fb448c5db3eff9e0,CANONICAL_PRIMARY,Official NASA GES DISC canonical granule file
3B-HHR.MS.MRG.3IMERG.20190429-S060000-E062959.0360.V07B.HDF5,3B-HHR.MS.MRG.3IMERG.20190429-S060000-E062959.0360.V07B.HDF5,True,False,7917035,6af06ad19ca85389c5c23d18be4100d4071b36a036bda62cc62d5736e704336e,CANONICAL_PRIMARY,Official NASA GES DISC canonical granule file
3B-HHR.MS.MRG.3IMERG.20190429-S090000-E092959.0540.V07B.HDF5,3B-HHR.MS.MRG.3IMERG.20190429-S090000-E092959.0540.V07B.HDF5,True,False,8029543,f61b07ea658142845ed93e138c059a24e4703f2105fa7ac537b97208f9f5d06e,CANONICAL_PRIMARY,Official NASA GES DISC canonical granule file
3B-HHR.MS.MRG.3IMERG.20190429-S120000-E122959.0720.V07B.HDF5,3B-HHR.MS.MRG.3IMERG.20190429-S120000-E122959.0720.V07B.HDF5,True,False,8213594,49ebb825dd1b8790ed8332eda2144d97a9fb9e96768ba641a51fd23cd1b26d47,CANONICAL_PRIMARY,Official NASA GES DISC canonical granule file
3B-HHR.MS.MRG.3IMERG.20190429-S150000-E152959.0900.V07B.HDF5,3B-HHR.MS.MRG.3IMERG.20190429-S150000-E152959.0900.V07B.HDF5,True,False,8053501,a8df74933275310cac43028dec3724410641a91afe45d8a10826978855ea788a,CANONICAL_PRIMARY,Official NASA GES DISC canonical granule file
3B-HHR.MS.MRG.3IMERG.20190429-S180000-E182959.1080.V07B.HDF5,3B-HHR.MS.MRG.3IMERG.20190429-S180000-E182959.1080.V07B.HDF5,True,False,8221452,1480e9cf170e6359ad1e2ef6fd545d7cefec8f63bbe8a9380710c3bf586ccfc8,CANONICAL_PRIMARY,Official NASA GES DISC canonical granule file
3B-HHR.MS.MRG.3IMERG.20190429-S210000-E212959.1260.V07B.HDF5,3B-HHR.MS.MRG.3IMERG.20190429-S210000-E212959.1260.V07B.HDF5,True,False,8090758,1a9832794567545d5302c4e4a11df96239c27ede671105c2cfc0ce5d19b1f788,CANONICAL_PRIMARY,Official NASA GES DISC canonical granule file
3B-HHR.MS.MRG.3IMERG.20190430-S000000-E002959.0000.V07B.HDF5,3B-HHR.MS.MRG.3IMERG.20190430-S000000-E002959.0000.V07B.HDF5,True,False,8119062,6301ca38361a6e414b005c7c94c5f68a6cd48fbe3efd5712f920eec08e6d7895,CANONICAL_PRIMARY,Official NASA GES DISC canonical granule file
3B-HHR.MS.MRG.3IMERG.20190430-S030000-E032959.0180.V07B.HDF5,3B-HHR.MS.MRG.3IMERG.20190430-S030000-E032959.0180.V07B.HDF5,True,False,8011669,d8e6c608c85f09567f617118ee540bbcee98e39bb10f249ce8bcc01ac9cbb66d,CANONICAL_PRIMARY,Official NASA GES DISC canonical granule file
3B-HHR.MS.MRG.3IMERG.20190430-S060000-E062959.0360.V07B.HDF5,3B-HHR.MS.MRG.3IMERG.20190430-S060000-E062959.0360.V07B.HDF5,True,False,8028587,d353421ac038ceff15ac00e42b8e3efbb82089656fe2ebe970ef545fb20c4278,CANONICAL_PRIMARY,Official NASA GES DISC canonical granule file
3B-HHR.MS.MRG.3IMERG.20190430-S090000-E092959.0540.V07B.HDF5,3B-HHR.MS.MRG.3IMERG.20190430-S090000-E092959.0540.V07B.HDF5,True,False,8124581,0276f3a71ea724bd1b4921aea49b55bfa2834d57ec12b783409bfb5bba0b7b29,CANONICAL_PRIMARY,Official NASA GES DISC canonical granule file
3B-HHR.MS.MRG.3IMERG.20190430-S120000-E122959.0720.V07B.HDF5,3B-HHR.MS.MRG.3IMERG.20190430-S120000-E122959.0720.V07B.HDF5,True,False,8216432,e8c126c3faf475e06215e54677f188f6d202cec0402c38d6d5345d411ca00e96,CANONICAL_PRIMARY,Official NASA GES DISC canonical granule file
3B-HHR.MS.MRG.3IMERG.20190430-S150000-E152959.0900.V07B.HDF5,3B-HHR.MS.MRG.3IMERG.20190430-S150000-E152959.0900.V07B.HDF5,True,False,8411268,42e97e15658e810e067c50c919c3836508511fe789f50ce69c5214555660dec0,CANONICAL_PRIMARY,Official NASA GES DISC canonical granule file
3B-HHR.MS.MRG.3IMERG.20190430-S180000-E182959.1080.V07B.HDF5,3B-HHR.MS.MRG.3IMERG.20190430-S180000-E182959.1080.V07B.HDF5,True,False,8513914,fe9abfa4618dd9d779d6146fc05ea9d48ed38700763de6fc11f1b329051bdb13,CANONICAL_PRIMARY,Official NASA GES DISC canonical granule file
3B-HHR.MS.MRG.3IMERG.20190430-S210000-E212959.1260.V07B.HDF5,3B-HHR.MS.MRG.3IMERG.20190430-S210000-E212959.1260.V07B.HDF5,True,False,8618529,0d1c363152f5dd716dca82340b76a87653fdbe9684439df08115dd6e43c4bca7,CANONICAL_PRIMARY,Official NASA GES DISC canonical granule file
3B-HHR.MS.MRG.3IMERG.20190501-S000000-E002959.0000.V07B.HDF5,3B-HHR.MS.MRG.3IMERG.20190501-S000000-E002959.0000.V07B.HDF5,True,False,8407890,00e9ba935f7a62a361023b02b70aa37075b7c9596e5807fb2e18a029f45eba77,CANONICAL_PRIMARY,Official NASA GES DISC canonical granule file
3B-HHR.MS.MRG.3IMERG.20190501-S030000-E032959.0180.V07B.HDF5,3B-HHR.MS.MRG.3IMERG.20190501-S030000-E032959.0180.V07B.HDF5,True,False,8273581,1eea1765723342a9e89fd5e408fcf345121bbe208f02afa1981a7905a47a6a8c,CANONICAL_PRIMARY,Official NASA GES DISC canonical granule file
3B-HHR.MS.MRG.3IMERG.20190501-S060000-E062959.0360.V07B.HDF5,3B-HHR.MS.MRG.3IMERG.20190501-S060000-E062959.0360.V07B.HDF5,True,False,8158364,1b9b85a79e5a88626cb35e764583ca71570300bba64c64e6af5abad3ff0306ea,CANONICAL_PRIMARY,Official NASA GES DISC canonical granule file
3B-HHR.MS.MRG.3IMERG.20190501-S090000-E092959.0540.V07B.HDF5,3B-HHR.MS.MRG.3IMERG.20190501-S090000-E092959.0540.V07B.HDF5,True,False,8284042,e90da8f6ba71de35ea32d8d57ebb0a39a9acac53482048c53f6d903fe42a1e2c,CANONICAL_PRIMARY,Official NASA GES DISC canonical granule file
3B-HHR.MS.MRG.3IMERG.20190501-S120000-E122959.0720.V07B.HDF5,3B-HHR.MS.MRG.3IMERG.20190501-S120000-E122959.0720.V07B.HDF5,True,False,8324381,29edba59936871119f802b4abaeb7b8d146a0d9be7fb83ef1c3dc7f0a1f7a471,CANONICAL_PRIMARY,Official NASA GES DISC canonical granule file
3B-HHR.MS.MRG.3IMERG.20190501-S150000-E152959.0900.V07B.HDF5,3B-HHR.MS.MRG.3IMERG.20190501-S150000-E152959.0900.V07B.HDF5,True,False,8595754,8ffa439279f72f421e7a1d1bdb77425ca86d358650c665926857735a12b6a272,CANONICAL_PRIMARY,Official NASA GES DISC canonical granule file
3B-HHR.MS.MRG.3IMERG.20190501-S180000-E182959.1080.V07B.HDF5,3B-HHR.MS.MRG.3IMERG.20190501-S180000-E182959.1080.V07B.HDF5,True,False,8573495,8225b70d78fdbcc69b0e7aff66d754e8765af8dfe7e21dcbda32508416fb5446,CANONICAL_PRIMARY,Official NASA GES DISC canonical granule file
3B-HHR.MS.MRG.3IMERG.20190501-S210000-E212959.1260.V07B.HDF5,3B-HHR.MS.MRG.3IMERG.20190501-S210000-E212959.1260.V07B.HDF5,True,False,8442591,7436750e5dc899ab1797dd79d7d93600becaf785aecab0d0b8dcc3bcbb190193,CANONICAL_PRIMARY,Official NASA GES DISC canonical granule file
3B-HHR.MS.MRG.3IMERG.20190502-S000000-E002959.0000.V07B.HDF5,3B-HHR.MS.MRG.3IMERG.20190502-S000000-E002959.0000.V07B.HDF5,True,False,8370765,58d53e8d51b796d4de9414404075289cb7620b226ec153ec4a3c30a51af5f0c5,CANONICAL_PRIMARY,Official NASA GES DISC canonical granule file
3B-HHR.MS.MRG.3IMERG.20190502-S030000-E032959.0180.V07B.HDF5,3B-HHR.MS.MRG.3IMERG.20190502-S030000-E032959.0180.V07B.HDF5,True,False,8359365,9b29e2197f2e239b03a6d47bc79908253179fb0e0cceeaab731993d0d6485c7f,CANONICAL_PRIMARY,Official NASA GES DISC canonical granule file
3B-HHR.MS.MRG.3IMERG.20190502-S060000-E062959.0360.V07B.HDF5,3B-HHR.MS.MRG.3IMERG.20190502-S060000-E062959.0360.V07B.HDF5,True,False,8318432,c0550f601fb24ccc4255ce84e7bed65e7c8962f48bc3314d52789b232eb2d3a3,CANONICAL_PRIMARY,Official NASA GES DISC canonical granule file
3B-HHR.MS.MRG.3IMERG.20190502-S090000-E092959.0540.V07B.HDF5,3B-HHR.MS.MRG.3IMERG.20190502-S090000-E092959.0540.V07B.HDF5,True,False,8240853,3d9696f21f9a2dfd52951622549c39e38f7e42c481484ff91e07c41da3a52c45,CANONICAL_PRIMARY,Official NASA GES DISC canonical granule file
3B-HHR.MS.MRG.3IMERG.20190502-S120000-E122959.0720.V07B.HDF5,3B-HHR.MS.MRG.3IMERG.20190502-S120000-E122959.0720.V07B.HDF5,True,False,8377100,d012121a22ce78b7b758c86068af6473712bb18f725a04d0df49f2a7660617a9,CANONICAL_PRIMARY,Official NASA GES DISC canonical granule file
3B-HHR.MS.MRG.3IMERG.20190609-S090000-E092959.0540.V07B.HDF5,3B-HHR.MS.MRG.3IMERG.20190609-S090000-E092959.0540.V07B.HDF5,True,False,8574589,d93e175751c23da42a81e8c752e925112e28ff94b9c5d59cff49b58ee25d39d6,CANONICAL_PRIMARY,Official NASA GES DISC canonical granule file
3B-HHR.MS.MRG.3IMERG.20190609-S120000-E122959.0720.V07B.HDF5,3B-HHR.MS.MRG.3IMERG.20190609-S120000-E122959.0720.V07B.HDF5,True,False,8747009,4c7e24c20221af9db8cd17adcba7bcdee75049562b6b205a858d6b6862d3278a,CANONICAL_PRIMARY,Official NASA GES DISC canonical granule file
3B-HHR.MS.MRG.3IMERG.20190609-S150000-E152959.0900.V07B.HDF5,3B-HHR.MS.MRG.3IMERG.20190609-S150000-E152959.0900.V07B.HDF5,True,False,8765751,7d8f2a6c8b8d2b20e7ce0cf14a1cf510d7542b16005a2db3277bb75c8fbcabd4,CANONICAL_PRIMARY,Official NASA GES DISC canonical granule file
3B-HHR.MS.MRG.3IMERG.20190609-S180000-E182959.1080.V07B.HDF5,3B-HHR.MS.MRG.3IMERG.20190609-S180000-E182959.1080.V07B.HDF5,True,False,8715576,ba43e3635413366dd898b5eb48cc3899bf07a4a9f654667d5dca800dbd22e93f,CANONICAL_PRIMARY,Official NASA GES DISC canonical granule file
3B-HHR.MS.MRG.3IMERG.20190609-S210000-E212959.1260.V07B.HDF5,3B-HHR.MS.MRG.3IMERG.20190609-S210000-E212959.1260.V07B.HDF5,True,False,8536687,dcf1c5db4bb33d5210ebe1865723489c8547c95d3d454702ed4d788cc4933770,CANONICAL_PRIMARY,Official NASA GES DISC canonical granule file
3B-HHR.MS.MRG.3IMERG.20190610-S000000-E002959.0000.V07B.HDF5,3B-HHR.MS.MRG.3IMERG.20190610-S000000-E002959.0000.V07B.HDF5,True,False,8379054,2b2f04ac52a8705b7ea5f94dd957b6c3a9a540108bc92c14c903b2dfc9e97bf0,CANONICAL_PRIMARY,Official NASA GES DISC canonical granule file
3B-HHR.MS.MRG.3IMERG.20190610-S030000-E032959.0180.V07B.HDF5,3B-HHR.MS.MRG.3IMERG.20190610-S030000-E032959.0180.V07B.HDF5,True,False,8141839,5c77f9d5abeed9bb98d45af4892a903bf22bdce11c106794a29908378ea7f5c4,CANONICAL_PRIMARY,Official NASA GES DISC canonical granule file
3B-HHR.MS.MRG.3IMERG.20190610-S060000-E062959.0360.V07B.HDF5,3B-HHR.MS.MRG.3IMERG.20190610-S060000-E062959.0360.V07B.HDF5,True,False,8227176,a87fa9d4cf8274bc5c8e3802d2d46b5fc837b369f6ba757d6b15a76c7808cb51,CANONICAL_PRIMARY,Official NASA GES DISC canonical granule file
3B-HHR.MS.MRG.3IMERG.20190610-S090000-E092959.0540.V07B.HDF5,3B-HHR.MS.MRG.3IMERG.20190610-S090000-E092959.0540.V07B.HDF5,True,False,8262837,10cab9f7d8eecaa4fb38b2fbe938d12bb51f8ce5759b2b1c5c81f79e00851457,CANONICAL_PRIMARY,Official NASA GES DISC canonical granule file
3B-HHR.MS.MRG.3IMERG.20190610-S120000-E122959.0720.V07B.HDF5,3B-HHR.MS.MRG.3IMERG.20190610-S120000-E122959.0720.V07B.HDF5,True,False,8424005,0728bfbc56c8e5590463e945d9f930e3536dc458fab49549be4068f57964c5a7,CANONICAL_PRIMARY,Official NASA GES DISC canonical granule file
3B-HHR.MS.MRG.3IMERG.20190610-S150000-E152959.0900.V07B.HDF5,3B-HHR.MS.MRG.3IMERG.20190610-S150000-E152959.0900.V07B.HDF5,True,False,8392674,3233c9ce6e4e2aeadcaad244f64324fa554b80e6b5e429bb9f1a6a07386ba48d,CANONICAL_PRIMARY,Official NASA GES DISC canonical granule file
3B-HHR.MS.MRG.3IMERG.20190610-S180000-E182959.1080.V07B.HDF5,3B-HHR.MS.MRG.3IMERG.20190610-S180000-E182959.1080.V07B.HDF5,True,False,8444115,6cceaa9f407bee7c894ff85387e367d83ab80aa6a00a587940876af99442bc57,CANONICAL_PRIMARY,Official NASA GES DISC canonical granule file
3B-HHR.MS.MRG.3IMERG.20190610-S210000-E212959.1260.V07B.HDF5,3B-HHR.MS.MRG.3IMERG.20190610-S210000-E212959.1260.V07B.HDF5,True,False,8455574,b1d2d284207f0523dbf6248e60f0c30a671e481130d2c94f6540e791e74cc252,CANONICAL_PRIMARY,Official NASA GES DISC canonical granule file
3B-HHR.MS.MRG.3IMERG.20190611-S000000-E002959.0000.V07B.HDF5,3B-HHR.MS.MRG.3IMERG.20190611-S000000-E002959.0000.V07B.HDF5,True,False,8241557,b747c73e365aea995f6f90d1c1331667d3e07869be56a631c40696f159b00a4d,CANONICAL_PRIMARY,Official NASA GES DISC canonical granule file
3B-HHR.MS.MRG.3IMERG.20190611-S030000-E032959.0180.V07B.HDF5,3B-HHR.MS.MRG.3IMERG.20190611-S030000-E032959.0180.V07B.HDF5,True,False,8243103,608f1cb800a514c870ee92c7a573bfbff1d5c0cebc3db96801a4746eb4db9012,CANONICAL_PRIMARY,Official NASA GES DISC canonical granule file
3B-HHR.MS.MRG.3IMERG.20190611-S060000-E062959.0360.V07B.HDF5,3B-HHR.MS.MRG.3IMERG.20190611-S060000-E062959.0360.V07B.HDF5,True,False,8296461,f2cb5989950aea7ba4e2b98d53f6a5c3c272a01ef107367a15f5a3df0241562e,CANONICAL_PRIMARY,Official NASA GES DISC canonical granule file
3B-HHR.MS.MRG.3IMERG.20190611-S090000-E092959.0540.V07B.HDF5,3B-HHR.MS.MRG.3IMERG.20190611-S090000-E092959.0540.V07B.HDF5,True,False,8252887,7cd85ee52d465b372fa19201016a4a25d118d7510529d070d5d592da0345fc90,CANONICAL_PRIMARY,Official NASA GES DISC canonical granule file
3B-HHR.MS.MRG.3IMERG.20190611-S120000-E122959.0720.V07B.HDF5,3B-HHR.MS.MRG.3IMERG.20190611-S120000-E122959.0720.V07B.HDF5,True,False,8342772,edab17df09e05d7ea18d8229f18588a55150e24a78c0acd686d9255bd73cbd5f,CANONICAL_PRIMARY,Official NASA GES DISC canonical granule file
3B-HHR.MS.MRG.3IMERG.20190611-S150000-E152959.0900.V07B.HDF5,3B-HHR.MS.MRG.3IMERG.20190611-S150000-E152959.0900.V07B.HDF5,True,False,8438361,c4145b91e2abbe7fd04bc78ad04ba92851676bbdb9554f2de9ef8228196d8a7e,CANONICAL_PRIMARY,Official NASA GES DISC canonical granule file
3B-HHR.MS.MRG.3IMERG.20190611-S180000-E182959.1080.V07B.HDF5,3B-HHR.MS.MRG.3IMERG.20190611-S180000-E182959.1080.V07B.HDF5,True,False,8286017,ae24c53db35e456eae6007e0b75b09310a059e1611c9e63f2ae393e0490f16db,CANONICAL_PRIMARY,Official NASA GES DISC canonical granule file
3B-HHR.MS.MRG.3IMERG.20190611-S210000-E212959.1260.V07B.HDF5,3B-HHR.MS.MRG.3IMERG.20190611-S210000-E212959.1260.V07B.HDF5,True,False,8313038,9376730f9bf07b8c82c24c862986151ae2f385b7be10d45597000336d0af6d7b,CANONICAL_PRIMARY,Official NASA GES DISC canonical granule file
3B-HHR.MS.MRG.3IMERG.20190612-S000000-E002959.0000.V07B.HDF5,3B-HHR.MS.MRG.3IMERG.20190612-S000000-E002959.0000.V07B.HDF5,True,False,8274852,957cabfe03a37cc1cf4b265127b0cac9b171d450f37adde4a9b71959f3272c9d,CANONICAL_PRIMARY,Official NASA GES DISC canonical granule file
3B-HHR.MS.MRG.3IMERG.20190612-S030000-E032959.0180.V07B.HDF5,3B-HHR.MS.MRG.3IMERG.20190612-S030000-E032959.0180.V07B.HDF5,True,False,8175377,fda2e13cca021799b37000bbc0da681ffa1b94f1a304e044bd3e63bac0c7dd63,CANONICAL_PRIMARY,Official NASA GES DISC canonical granule file
3B-HHR.MS.MRG.3IMERG.20190612-S060000-E062959.0360.V07B.HDF5,3B-HHR.MS.MRG.3IMERG.20190612-S060000-E062959.0360.V07B.HDF5,True,False,8399565,5280157643e97d6efc1dfc9aa819d23eb45ac60675aac28a6c44ab3dfb1e3c3b,CANONICAL_PRIMARY,Official NASA GES DISC canonical granule file
3B-HHR.MS.MRG.3IMERG.20190612-S090000-E092959.0540.V07B.HDF5,3B-HHR.MS.MRG.3IMERG.20190612-S090000-E092959.0540.V07B.HDF5,True,False,8491722,01d5647cc577f37acd5ae07fff504d1621cc34e5cccbbec5473213114b6d3ae5,CANONICAL_PRIMARY,Official NASA GES DISC canonical granule file
3B-HHR.MS.MRG.3IMERG.20190612-S120000-E122959.0720.V07B.HDF5,3B-HHR.MS.MRG.3IMERG.20190612-S120000-E122959.0720.V07B.HDF5,True,False,8459053,8807d5279b03530d53f05cb0e9f1c2611dd9506b4ee895daecf904d7cf5df22b,CANONICAL_PRIMARY,Official NASA GES DISC canonical granule file
3B-HHR.MS.MRG.3IMERG.20190612-S150000-E152959.0900.V07B.HDF5,3B-HHR.MS.MRG.3IMERG.20190612-S150000-E152959.0900.V07B.HDF5,True,False,8461848,d893a803c69224764fb3ec0952a02d8e7a85a7e13698c551f524e0b4479992b0,CANONICAL_PRIMARY,Official NASA GES DISC canonical granule file
3B-HHR.MS.MRG.3IMERG.20190612-S180000-E182959.1080.V07B.HDF5,3B-HHR.MS.MRG.3IMERG.20190612-S180000-E182959.1080.V07B.HDF5,True,False,8367541,da6553444a5245bbbfc07a9cb2b1b71e102febd991d7e48fec04f3882284bd62,CANONICAL_PRIMARY,Official NASA GES DISC canonical granule file
3B-HHR.MS.MRG.3IMERG.20190612-S210000-E212959.1260.V07B.HDF5,3B-HHR.MS.MRG.3IMERG.20190612-S210000-E212959.1260.V07B.HDF5,True,False,8523146,8e9bc9e7da8ae5adee5e4ff69c46fc2b3afc9ce82af88ffd41bcd17a0053555f,CANONICAL_PRIMARY,Official NASA GES DISC canonical granule file
3B-HHR.MS.MRG.3IMERG.20190613-S000000-E002959.0000.V07B.HDF5,3B-HHR.MS.MRG.3IMERG.20190613-S000000-E002959.0000.V07B.HDF5,True,False,8332913,ec23fa7e796c8fa5d4544709c211483793dcd52caaf3f1d488d94880140d3ed7,CANONICAL_PRIMARY,Official NASA GES DISC canonical granule file
3B-HHR.MS.MRG.3IMERG.20190613-S030000-E032959.0180.V07B.HDF5,3B-HHR.MS.MRG.3IMERG.20190613-S030000-E032959.0180.V07B.HDF5,True,False,8287315,98820521e99fd521bc28e5ea184c3fa64120fe7707716b8f8b8e9077b5c394eb,CANONICAL_PRIMARY,Official NASA GES DISC canonical granule file
3B-HHR.MS.MRG.3IMERG.20190613-S060000-E062959.0360.V07B.HDF5,3B-HHR.MS.MRG.3IMERG.20190613-S060000-E062959.0360.V07B.HDF5,True,False,8524496,b1fe785aa7531e27dc94645b3a64e43129635c7703515c7046e2b8daad461e14,CANONICAL_PRIMARY,Official NASA GES DISC canonical granule file
3B-HHR.MS.MRG.3IMERG.20190613-S090000-E092959.0540.V07B.HDF5,3B-HHR.MS.MRG.3IMERG.20190613-S090000-E092959.0540.V07B.HDF5,True,False,8489026,7dcc72d99b2f87418737cebb1d759df9fd9f14da4a82e791f39bf4cafba2452d,CANONICAL_PRIMARY,Official NASA GES DISC canonical granule file
3B-HHR.MS.MRG.3IMERG.20190613-S120000-E122959.0720.V07B.HDF5,3B-HHR.MS.MRG.3IMERG.20190613-S120000-E122959.0720.V07B.HDF5,True,False,8597221,30b29a068b481e3bce14c2a3bea0f4e25622e48d93c415a749afa4586abb9b6e,CANONICAL_PRIMARY,Official NASA GES DISC canonical granule file
3B-HHR.MS.MRG.3IMERG.20190613-S150000-E152959.0900.V07B.HDF5,3B-HHR.MS.MRG.3IMERG.20190613-S150000-E152959.0900.V07B.HDF5,True,False,8526971,32cfa9a3ea94f32e1dd7dca1df2657ca68e5b70f446bed334094366900845ced,CANONICAL_PRIMARY,Official NASA GES DISC canonical granule file
3B-HHR.MS.MRG.3IMERG.20190613-S180000-E182959.1080.V07B.HDF5,3B-HHR.MS.MRG.3IMERG.20190613-S180000-E182959.1080.V07B.HDF5,True,False,8646713,ff5f8c63b0cb266f7b6ef1f8bf157773339ab06779ee646d9ae46a675e288fce,CANONICAL_PRIMARY,Official NASA GES DISC canonical granule file
3B-HHR.MS.MRG.3IMERG.20190613-S210000-E212959.1260.V07B.HDF5,3B-HHR.MS.MRG.3IMERG.20190613-S210000-E212959.1260.V07B.HDF5,True,False,8695862,e4774eeb067155536c9a9a0b6c6c6d51caf1e711ec1758ede811a164d0332251,CANONICAL_PRIMARY,Official NASA GES DISC canonical granule file
3B-HHR.MS.MRG.3IMERG.20190614-S000000-E002959.0000.V07B.HDF5,3B-HHR.MS.MRG.3IMERG.20190614-S000000-E002959.0000.V07B.HDF5,True,False,8739966,632d75e92f93fcf7d651a219cb8932206fdfddb78eccef6ad03fd759dcc93383,CANONICAL_PRIMARY,Official NASA GES DISC canonical granule file
3B-HHR.MS.MRG.3IMERG.20190614-S030000-E032959.0180.V07B.HDF5,3B-HHR.MS.MRG.3IMERG.20190614-S030000-E032959.0180.V07B.HDF5,True,False,8415326,680a96d2a7f2e52f71981799eb7089c0d158fa4ead1c73a8320378549166575b,CANONICAL_PRIMARY,Official NASA GES DISC canonical granule file
3B-HHR.MS.MRG.3IMERG.20190614-S060000-E062959.0360.V07B.HDF5,3B-HHR.MS.MRG.3IMERG.20190614-S060000-E062959.0360.V07B.HDF5,True,False,8427572,8df86430c949a649bf99c7dffe195d766e6d8dbd1bdd91adc15e1c3992699999,CANONICAL_PRIMARY,Official NASA GES DISC canonical granule file
3B-HHR.MS.MRG.3IMERG.20190614-S090000-E092959.0540.V07B.HDF5,3B-HHR.MS.MRG.3IMERG.20190614-S090000-E092959.0540.V07B.HDF5,True,False,8402015,dde144ded8b6ddbe79e6b65887c9c61f94fb3773cfb140bd3063b722d15780e7,CANONICAL_PRIMARY,Official NASA GES DISC canonical granule file
3B-HHR.MS.MRG.3IMERG.20190614-S120000-E122959.0720.V07B.HDF5,3B-HHR.MS.MRG.3IMERG.20190614-S120000-E122959.0720.V07B.HDF5,True,False,8489004,a48fcadb141999f1633dfb0b939f889a3789c7a594ae4479eac8aec1b9649ed6,CANONICAL_PRIMARY,Official NASA GES DISC canonical granule file
3B-HHR.MS.MRG.3IMERG.20190614-S150000-E152959.0900.V07B.HDF5,3B-HHR.MS.MRG.3IMERG.20190614-S150000-E152959.0900.V07B.HDF5,True,False,8341632,020b83bff4656b4f9331bb4e60901547efe9b33edda3e3890cc6cbcd92a1a64b,CANONICAL_PRIMARY,Official NASA GES DISC canonical granule file
3B-HHR.MS.MRG.3IMERG.20190614-S180000-E182959.1080.V07B.HDF5,3B-HHR.MS.MRG.3IMERG.20190614-S180000-E182959.1080.V07B.HDF5,True,False,8298240,701a68fae02502f115da2381601f095201a74620d8f06827bdb7d637d0653f9f,CANONICAL_PRIMARY,Official NASA GES DISC canonical granule file
3B-HHR.MS.MRG.3IMERG.20190614-S210000-E212959.1260.V07B.HDF5,3B-HHR.MS.MRG.3IMERG.20190614-S210000-E212959.1260.V07B.HDF5,True,False,8448322,46bd41c50e0e30259d7b6f09c467ada52d52422c1fae4862ac7cb19c0dd9a6cf,CANONICAL_PRIMARY,Official NASA GES DISC canonical granule file
3B-HHR.MS.MRG.3IMERG.20190615-S000000-E002959.0000.V07B.HDF5,3B-HHR.MS.MRG.3IMERG.20190615-S000000-E002959.0000.V07B.HDF5,True,False,8279372,9b7500df6e9b0c457b84777e5e1750dddb8ad3ad437e0777564a17b5769efd3a,CANONICAL_PRIMARY,Official NASA GES DISC canonical granule file
3B-HHR.MS.MRG.3IMERG.20190615-S030000-E032959.0180.V07B.HDF5,3B-HHR.MS.MRG.3IMERG.20190615-S030000-E032959.0180.V07B.HDF5,True,False,8144960,c7d3b7c4d1cb244314da16a46f2de4cecf68c59282e579853afd6442ba122fb4,CANONICAL_PRIMARY,Official NASA GES DISC canonical granule file
3B-HHR.MS.MRG.3IMERG.20190615-S060000-E062959.0360.V07B.HDF5,3B-HHR.MS.MRG.3IMERG.20190615-S060000-E062959.0360.V07B.HDF5,True,False,8020456,c9139074b4a0bde608453c72cc3648c1ae7e68b8c3757d6aa542a36808e31580,CANONICAL_PRIMARY,Official NASA GES DISC canonical granule file
3B-HHR.MS.MRG.3IMERG.20190615-S090000-E092959.0540.V07B.HDF5,3B-HHR.MS.MRG.3IMERG.20190615-S090000-E092959.0540.V07B.HDF5,True,False,8351031,8a58470b353f4079c1e49ea80a5337a219079484dcf0fcbc0bd50020a122e2a1,CANONICAL_PRIMARY,Official NASA GES DISC canonical granule file
3B-HHR.MS.MRG.3IMERG.20190615-S120000-E122959.0720.V07B.HDF5,3B-HHR.MS.MRG.3IMERG.20190615-S120000-E122959.0720.V07B.HDF5,True,False,8137609,46df4dfb9a7521b3178439027821bb5b0fdde4062cf588fb66b7daf23a05f4b9,CANONICAL_PRIMARY,Official NASA GES DISC canonical granule file
3B-HHR.MS.MRG.3IMERG.20190805-S150000-E152959.0900.V07B.HDF5,3B-HHR.MS.MRG.3IMERG.20190805-S150000-E152959.0900.V07B.HDF5,True,False,8244875,b616f2044db247a2b42343d4f9670290f7d1fb3e40250d29605da86abadd0abf,CANONICAL_PRIMARY,Official NASA GES DISC canonical granule file
3B-HHR.MS.MRG.3IMERG.20190805-S180000-E182959.1080.V07B.HDF5,3B-HHR.MS.MRG.3IMERG.20190805-S180000-E182959.1080.V07B.HDF5,True,False,8089561,06f07ca193110a4bb6c3f4a2711a557898713a60efd1b513546ee566aa984419,CANONICAL_PRIMARY,Official NASA GES DISC canonical granule file
3B-HHR.MS.MRG.3IMERG.20190805-S210000-E212959.1260.V07B.HDF5,3B-HHR.MS.MRG.3IMERG.20190805-S210000-E212959.1260.V07B.HDF5,True,False,8049218,4c024b62af66bfb724fd538ceb6e03850d21dc541b13c544fe6fee9e6d8385ac,CANONICAL_PRIMARY,Official NASA GES DISC canonical granule file
3B-HHR.MS.MRG.3IMERG.20190806-S000000-E002959.0000.V07B.HDF5,3B-HHR.MS.MRG.3IMERG.20190806-S000000-E002959.0000.V07B.HDF5,True,False,8016565,dd60ae1b57c8b87067bd1a833a449703b88291e7d699bbb2728657b51ba619fb,CANONICAL_PRIMARY,Official NASA GES DISC canonical granule file
3B-HHR.MS.MRG.3IMERG.20190806-S030000-E032959.0180.V07B.HDF5,3B-HHR.MS.MRG.3IMERG.20190806-S030000-E032959.0180.V07B.HDF5,True,False,8075563,b13343a63b97f75765c2c9783d5c72ef4e4d4267f8ddbce90f6b6a31f44dfee7,CANONICAL_PRIMARY,Official NASA GES DISC canonical granule file
3B-HHR.MS.MRG.3IMERG.20190806-S060000-E062959.0360.V07B.HDF5,3B-HHR.MS.MRG.3IMERG.20190806-S060000-E062959.0360.V07B.HDF5,True,False,8132904,3f84c2eb7b34ec75fb3ed2ddb5a3f9243b1b69f5a9214fcc022f9976ece05b73,CANONICAL_PRIMARY,Official NASA GES DISC canonical granule file
3B-HHR.MS.MRG.3IMERG.20190806-S090000-E092959.0540.V07B.HDF5,3B-HHR.MS.MRG.3IMERG.20190806-S090000-E092959.0540.V07B.HDF5,True,False,7948473,ccba6261d92f422196b2121947e165c6417878dfaeec439b6bb7064ad1eeefd1,CANONICAL_PRIMARY,Official NASA GES DISC canonical granule file
3B-HHR.MS.MRG.3IMERG.20190806-S120000-E122959.0720.V07B.HDF5,3B-HHR.MS.MRG.3IMERG.20190806-S120000-E122959.0720.V07B.HDF5,True,False,8041168,74b4b4d9750902af21d0ae906c2ef9297de28d15fcbcf400181763bfefa0c6f3,CANONICAL_PRIMARY,Official NASA GES DISC canonical granule file
3B-HHR.MS.MRG.3IMERG.20190806-S150000-E152959.0900.V07B.HDF5,3B-HHR.MS.MRG.3IMERG.20190806-S150000-E152959.0900.V07B.HDF5,True,False,8279768,a0cd99ce7557a99c5e81b83746b1882ed09ec52eda670d9a6dd8f35358833461,CANONICAL_PRIMARY,Official NASA GES DISC canonical granule file
3B-HHR.MS.MRG.3IMERG.20190806-S180000-E182959.1080.V07B.HDF5,3B-HHR.MS.MRG.3IMERG.20190806-S180000-E182959.1080.V07B.HDF5,True,False,8171865,7f2785aad422e853db9723db894e0267f60b320abcede62028ba4c0d821fed11,CANONICAL_PRIMARY,Official NASA GES DISC canonical granule file
3B-HHR.MS.MRG.3IMERG.20190806-S210000-E212959.1260.V07B.HDF5,3B-HHR.MS.MRG.3IMERG.20190806-S210000-E212959.1260.V07B.HDF5,True,False,8039519,dd58344a81785eba43a7b7fe49c0ccaeafc21f632a47d6b981898596567ae60a,CANONICAL_PRIMARY,Official NASA GES DISC canonical granule file
3B-HHR.MS.MRG.3IMERG.20190807-S000000-E002959.0000.V07B.HDF5,3B-HHR.MS.MRG.3IMERG.20190807-S000000-E002959.0000.V07B.HDF5,True,False,8029013,d2a5149724fa6af1a7d7b43757c91cb553e59357b50e673c75bade11d00f8ada,CANONICAL_PRIMARY,Official NASA GES DISC canonical granule file
3B-HHR.MS.MRG.3IMERG.20190807-S030000-E032959.0180.V07B.HDF5,3B-HHR.MS.MRG.3IMERG.20190807-S030000-E032959.0180.V07B.HDF5,True,False,8007346,a227dfffa52f9a94d7502f3cefafb314bbf0c6271e1821603b0c9ce348ccc80d,CANONICAL_PRIMARY,Official NASA GES DISC canonical granule file
3B-HHR.MS.MRG.3IMERG.20190807-S060000-E062959.0360.V07B.HDF5,3B-HHR.MS.MRG.3IMERG.20190807-S060000-E062959.0360.V07B.HDF5,True,False,8001598,581ae07190902db4a6a40136baa6a45435c49aee8fdacb1496ac9dd4c46987ec,CANONICAL_PRIMARY,Official NASA GES DISC canonical granule file
3B-HHR.MS.MRG.3IMERG.20190921-S150000-E152959.0900.V07B.HDF5,3B-HHR.MS.MRG.3IMERG.20190921-S150000-E152959.0900.V07B.HDF5,True,False,8237350,1519cdbd198abc245074923cb0d976233520add6712f61f3400abeb1e9cec536,CANONICAL_PRIMARY,Official NASA GES DISC canonical granule file
3B-HHR.MS.MRG.3IMERG.20190921-S180000-E182959.1080.V07B.HDF5,3B-HHR.MS.MRG.3IMERG.20190921-S180000-E182959.1080.V07B.HDF5,True,False,8295639,dec30ce031314d0f226af369623e0ea42e581f52fb63139295aff45bb5269ca3,CANONICAL_PRIMARY,Official NASA GES DISC canonical granule file
3B-HHR.MS.MRG.3IMERG.20190921-S210000-E212959.1260.V07B.HDF5,3B-HHR.MS.MRG.3IMERG.20190921-S210000-E212959.1260.V07B.HDF5,True,False,8305751,a2716047441916f82860cefbaa9811262e294131d42b87906eacbc32c4cecb16,CANONICAL_PRIMARY,Official NASA GES DISC canonical granule file
3B-HHR.MS.MRG.3IMERG.20190922-S000000-E002959.0000.V07B.HDF5,3B-HHR.MS.MRG.3IMERG.20190922-S000000-E002959.0000.V07B.HDF5,True,False,8321077,af8d8ade3fd4e618b2f6d08f7f0b8e419508437c6ad43f3472524d394aba4007,CANONICAL_PRIMARY,Official NASA GES DISC canonical granule file
3B-HHR.MS.MRG.3IMERG.20190922-S030000-E032959.0180.V07B.HDF5,3B-HHR.MS.MRG.3IMERG.20190922-S030000-E032959.0180.V07B.HDF5,True,False,8164819,eb0c0d048d19fa1c20341fa68bcb3c9739289b9032744e006e91cbd6ebb6b58a,CANONICAL_PRIMARY,Official NASA GES DISC canonical granule file
3B-HHR.MS.MRG.3IMERG.20190922-S060000-E062959.0360.V07B.HDF5,3B-HHR.MS.MRG.3IMERG.20190922-S060000-E062959.0360.V07B.HDF5,True,False,8225561,f015e23b0b47ac93da0b560498e05a3c0065d1ec49632d971f73aecc175325fb,CANONICAL_PRIMARY,Official NASA GES DISC canonical granule file
3B-HHR.MS.MRG.3IMERG.20190922-S090000-E092959.0540.V07B.HDF5,3B-HHR.MS.MRG.3IMERG.20190922-S090000-E092959.0540.V07B.HDF5,True,False,8321253,152ec95d54d049b8d8b328ad63231ea69e37d7e53a557c68345f2b2da0491af6,CANONICAL_PRIMARY,Official NASA GES DISC canonical granule file
3B-HHR.MS.MRG.3IMERG.20190922-S120000-E122959.0720.V07B.HDF5,3B-HHR.MS.MRG.3IMERG.20190922-S120000-E122959.0720.V07B.HDF5,True,False,8231238,e76baa4a2eb2da64225e400a50e65044a46e73c83ded4c838c0bb258fa0477e9,CANONICAL_PRIMARY,Official NASA GES DISC canonical granule file
3B-HHR.MS.MRG.3IMERG.20190922-S150000-E152959.0900.V07B.HDF5,3B-HHR.MS.MRG.3IMERG.20190922-S150000-E152959.0900.V07B.HDF5,True,False,8429448,07ca99018e0cd83cc0f107e6b28c1b343fd1b7066f7dcd12d8ac7af30b59d881,CANONICAL_PRIMARY,Official NASA GES DISC canonical granule file
3B-HHR.MS.MRG.3IMERG.20190922-S180000-E182959.1080.V07B.HDF5,3B-HHR.MS.MRG.3IMERG.20190922-S180000-E182959.1080.V07B.HDF5,True,False,8188224,d94999561c8d25ce387a47618fa39a8bc3742e85b97a197190618d6be6b84f1a,CANONICAL_PRIMARY,Official NASA GES DISC canonical granule file
3B-HHR.MS.MRG.3IMERG.20190922-S210000-E212959.1260.V07B.HDF5,3B-HHR.MS.MRG.3IMERG.20190922-S210000-E212959.1260.V07B.HDF5,True,False,8373206,9e1554dc870ee5b7b3f6ac02a1d48ec2a99f8d5939089eae157fcb8c6778c31f,CANONICAL_PRIMARY,Official NASA GES DISC canonical granule file
3B-HHR.MS.MRG.3IMERG.20190923-S000000-E002959.0000.V07B.HDF5,3B-HHR.MS.MRG.3IMERG.20190923-S000000-E002959.0000.V07B.HDF5,True,False,8202818,10ea56350899de5801217110dd6719fce877d3dd8f6ad829b57f5655cbf0ccab,CANONICAL_PRIMARY,Official NASA GES DISC canonical granule file
3B-HHR.MS.MRG.3IMERG.20190923-S030000-E032959.0180.V07B.HDF5,3B-HHR.MS.MRG.3IMERG.20190923-S030000-E032959.0180.V07B.HDF5,True,False,8213938,5db4ffd3ddb0adf0bae45f7db57a4c99737cd81c9e8d95c449d9aded8beba6de,CANONICAL_PRIMARY,Official NASA GES DISC canonical granule file
3B-HHR.MS.MRG.3IMERG.20190923-S060000-E062959.0360.V07B.HDF5,3B-HHR.MS.MRG.3IMERG.20190923-S060000-E062959.0360.V07B.HDF5,True,False,8269452,b0d1d2a009f72141e8a4a63c354eab90d0c72e389abce052e80adc13484c6319,CANONICAL_PRIMARY,Official NASA GES DISC canonical granule file
3B-HHR.MS.MRG.3IMERG.20191023-S150000-E152959.0900.V07B.HDF5,3B-HHR.MS.MRG.3IMERG.20191023-S150000-E152959.0900.V07B.HDF5,True,False,7883751,40a9a9ba59d9a7e64a3fc97bb8db54dbaac288659ed3e7dd8f4098a3ce1147b4,CANONICAL_PRIMARY,Official NASA GES DISC canonical granule file
3B-HHR.MS.MRG.3IMERG.20191023-S180000-E182959.1080.V07B.HDF5,3B-HHR.MS.MRG.3IMERG.20191023-S180000-E182959.1080.V07B.HDF5,True,False,7920402,28473debeeab346ce53b9ad7711d8432005ef5c753e211179fa007a4636936d8,CANONICAL_PRIMARY,Official NASA GES DISC canonical granule file
3B-HHR.MS.MRG.3IMERG.20191023-S210000-E212959.1260.V07B.HDF5,3B-HHR.MS.MRG.3IMERG.20191023-S210000-E212959.1260.V07B.HDF5,True,False,7794523,599407deb83f8aed74bb1b3ec3bfbc60340313b4f34d6d25725e0ccebdffefcc,CANONICAL_PRIMARY,Official NASA GES DISC canonical granule file
3B-HHR.MS.MRG.3IMERG.20191024-S000000-E002959.0000.V07B.HDF5,3B-HHR.MS.MRG.3IMERG.20191024-S000000-E002959.0000.V07B.HDF5,True,False,7752227,9ebfe5ad53c3b416c6d0028019b06b0d4f30299dfee239a02f8b15e9a64a3465,CANONICAL_PRIMARY,Official NASA GES DISC canonical granule file
3B-HHR.MS.MRG.3IMERG.20191024-S030000-E032959.0180.V07B.HDF5,3B-HHR.MS.MRG.3IMERG.20191024-S030000-E032959.0180.V07B.HDF5,True,False,7791649,6250b871d18481ab7baece3978b6f29a5551077d4376d8c3d86bdc9e7570489d,CANONICAL_PRIMARY,Official NASA GES DISC canonical granule file
3B-HHR.MS.MRG.3IMERG.20191024-S060000-E062959.0360.V07B.HDF5,3B-HHR.MS.MRG.3IMERG.20191024-S060000-E062959.0360.V07B.HDF5,True,False,7935042,844ea0a25226cc0e28acba1908dd62bce23ced1eb4c9775d76c6002f42200e8d,CANONICAL_PRIMARY,Official NASA GES DISC canonical granule file
3B-HHR.MS.MRG.3IMERG.20191024-S090000-E092959.0540.V07B.HDF5,3B-HHR.MS.MRG.3IMERG.20191024-S090000-E092959.0540.V07B.HDF5,True,False,7906370,faaab91d4f71a5f7a892db8ccd296bef91563c2478c4caff79f9b2040cc03975,CANONICAL_PRIMARY,Official NASA GES DISC canonical granule file
3B-HHR.MS.MRG.3IMERG.20191024-S120000-E122959.0720.V07B.HDF5,3B-HHR.MS.MRG.3IMERG.20191024-S120000-E122959.0720.V07B.HDF5,True,False,8017317,49c04f696b5d134acc71eccb49710d1895e1279104317f99a75db2d1d462a581,CANONICAL_PRIMARY,Official NASA GES DISC canonical granule file
3B-HHR.MS.MRG.3IMERG.20191024-S150000-E152959.0900.V07B.HDF5,3B-HHR.MS.MRG.3IMERG.20191024-S150000-E152959.0900.V07B.HDF5,True,False,8162967,62fbec900dde20650214c13955b21de6ba9659b1bb96d6c0203d41f80b50cabe,CANONICAL_PRIMARY,Official NASA GES DISC canonical granule file
3B-HHR.MS.MRG.3IMERG.20191024-S180000-E182959.1080.V07B.HDF5,3B-HHR.MS.MRG.3IMERG.20191024-S180000-E182959.1080.V07B.HDF5,True,False,8126486,458c2c2389a08be2cf3a8eabee13f437be44fa1a72fe3e23363bbda81c94f0ba,CANONICAL_PRIMARY,Official NASA GES DISC canonical granule file
3B-HHR.MS.MRG.3IMERG.20191024-S210000-E212959.1260.V07B.HDF5,3B-HHR.MS.MRG.3IMERG.20191024-S210000-E212959.1260.V07B.HDF5,True,False,7750944,9c344a91133a2d7c76e2f146b9ab52cc255f96169e28c9e0cc1b7eb8768e6fd0,CANONICAL_PRIMARY,Official NASA GES DISC canonical granule file
3B-HHR.MS.MRG.3IMERG.20191025-S000000-E002959.0000.V07B.HDF5,3B-HHR.MS.MRG.3IMERG.20191025-S000000-E002959.0000.V07B.HDF5,True,False,7696884,236a1c31d4d6ca65d18788f4085f3b4cdf616592613d0503a5d162a449c5134d,CANONICAL_PRIMARY,Official NASA GES DISC canonical granule file
3B-HHR.MS.MRG.3IMERG.20191025-S030000-E032959.0180.V07B.HDF5,3B-HHR.MS.MRG.3IMERG.20191025-S030000-E032959.0180.V07B.HDF5,True,False,7762501,b4daf0706a2b180210731f4ba6ec49df23930521e2cb22cfa76fbf92e35496a1,CANONICAL_PRIMARY,Official NASA GES DISC canonical granule file
3B-HHR.MS.MRG.3IMERG.20191025-S060000-E062959.0360.V07B.HDF5,3B-HHR.MS.MRG.3IMERG.20191025-S060000-E062959.0360.V07B.HDF5,True,False,7799512,381712ce8eff16101958134fca3bcd22f53f25fe751d427900f1b11401cecd09,CANONICAL_PRIMARY,Official NASA GES DISC canonical granule file
3B-HHR.MS.MRG.3IMERG.20191025-S090000-E092959.0540.V07B.HDF5,3B-HHR.MS.MRG.3IMERG.20191025-S090000-E092959.0540.V07B.HDF5,True,False,7859802,458951780fd895d5b78151f0b3b7a9954bc6b506c977a4222aa36972c8cd60f1,CANONICAL_PRIMARY,Official NASA GES DISC canonical granule file
3B-HHR.MS.MRG.3IMERG.20191025-S120000-E122959.0720.V07B.HDF5,3B-HHR.MS.MRG.3IMERG.20191025-S120000-E122959.0720.V07B.HDF5,True,False,7755121,e2c3b3ed4f6e820f985ab90c0b377b3f3406a21fedd3e5530c514a54ed1b3400,CANONICAL_PRIMARY,Official NASA GES DISC canonical granule file
3B-HHR.MS.MRG.3IMERG.20191025-S150000-E152959.0900.V07B.HDF5,3B-HHR.MS.MRG.3IMERG.20191025-S150000-E152959.0900.V07B.HDF5,True,False,7846717,f8475d29b32c2902264b75cfabba155d200b72e63626e00c534cc4e3f5246cdf,CANONICAL_PRIMARY,Official NASA GES DISC canonical granule file
3B-HHR.MS.MRG.3IMERG.20191025-S180000-E182959.1080.V07B.HDF5,3B-HHR.MS.MRG.3IMERG.20191025-S180000-E182959.1080.V07B.HDF5,True,False,7944252,6e04e86d84881775f91a32e1674e336ae5be036d51ed44967b79372b67acb83d,CANONICAL_PRIMARY,Official NASA GES DISC canonical granule file
3B-HHR.MS.MRG.3IMERG.20191025-S210000-E212959.1260.V07B.HDF5,3B-HHR.MS.MRG.3IMERG.20191025-S210000-E212959.1260.V07B.HDF5,True,False,7909854,1febf239548e5a0df3730845153cba688c142020524d51de37c92b8816087826,CANONICAL_PRIMARY,Official NASA GES DISC canonical granule file
3B-HHR.MS.MRG.3IMERG.20191026-S000000-E002959.0000.V07B.HDF5,3B-HHR.MS.MRG.3IMERG.20191026-S000000-E002959.0000.V07B.HDF5,True,False,7818088,7f07e509886a88ba5ddece6b7a10fec029a941e6700eae8e75d20231c3970fda,CANONICAL_PRIMARY,Official NASA GES DISC canonical granule file
3B-HHR.MS.MRG.3IMERG.20191026-S030000-E032959.0180.V07B.HDF5,3B-HHR.MS.MRG.3IMERG.20191026-S030000-E032959.0180.V07B.HDF5,True,False,8025645,ff0cc1f36aca611764b7299bd00772af5e3d9960d24868b2e3660c1de764e6be,CANONICAL_PRIMARY,Official NASA GES DISC canonical granule file
3B-HHR.MS.MRG.3IMERG.20191026-S060000-E062959.0360.V07B.HDF5,3B-HHR.MS.MRG.3IMERG.20191026-S060000-E062959.0360.V07B.HDF5,True,False,7824094,a317cdf4caa9ac162c881701ca95cabb808cec89b482ae35f16511ac8982eeca,CANONICAL_PRIMARY,Official NASA GES DISC canonical granule file
3B-HHR.MS.MRG.3IMERG.20191026-S090000-E092959.0540.V07B.HDF5,3B-HHR.MS.MRG.3IMERG.20191026-S090000-E092959.0540.V07B.HDF5,True,False,7912128,202fdf1d5d45e2432827db5e2aef59517e0ea35951a0b87ecdc6e685031e451b,CANONICAL_PRIMARY,Official NASA GES DISC canonical granule file
3B-HHR.MS.MRG.3IMERG.20191026-S120000-E122959.0720.V07B.HDF5,3B-HHR.MS.MRG.3IMERG.20191026-S120000-E122959.0720.V07B.HDF5,True,False,7841491,8ce4d6886a3565d6c581ee506bcfe7db4d602d2a1c7d609e663c0d1c3df5e7c9,CANONICAL_PRIMARY,Official NASA GES DISC canonical granule file
3B-HHR.MS.MRG.3IMERG.20191026-S150000-E152959.0900.V07B.HDF5,3B-HHR.MS.MRG.3IMERG.20191026-S150000-E152959.0900.V07B.HDF5,True,False,7958984,2e13db9759a98a5b3f557bceaf4d92da23156c50eb8d6f36c2133a1f0481a49e,CANONICAL_PRIMARY,Official NASA GES DISC canonical granule file
3B-HHR.MS.MRG.3IMERG.20191026-S180000-E182959.1080.V07B.HDF5,3B-HHR.MS.MRG.3IMERG.20191026-S180000-E182959.1080.V07B.HDF5,True,False,7969708,5f9ad6208d5a84fb613321a97661c3d5a45a5446aa0121f4559a8c0b156663ae,CANONICAL_PRIMARY,Official NASA GES DISC canonical granule file
3B-HHR.MS.MRG.3IMERG.20191026-S210000-E212959.1260.V07B.HDF5,3B-HHR.MS.MRG.3IMERG.20191026-S210000-E212959.1260.V07B.HDF5,True,False,7889886,43769b612bf924ab365541431437f45fd3cd9ae221e957ba69a3439bb2c344fa,CANONICAL_PRIMARY,Official NASA GES DISC canonical granule file
3B-HHR.MS.MRG.3IMERG.20191027-S000000-E002959.0000.V07B.HDF5,3B-HHR.MS.MRG.3IMERG.20191027-S000000-E002959.0000.V07B.HDF5,True,False,7702195,d60e990fbcc030751a45fe3c2c365a876fd1afa91978f6254b9d8a3c4689731e,CANONICAL_PRIMARY,Official NASA GES DISC canonical granule file
3B-HHR.MS.MRG.3IMERG.20191027-S030000-E032959.0180.V07B.HDF5,3B-HHR.MS.MRG.3IMERG.20191027-S030000-E032959.0180.V07B.HDF5,True,False,7900255,4abfd566a2fe4f66a6c3390635aa4abfe765948d714a53864da7b5d3c2485764,CANONICAL_PRIMARY,Official NASA GES DISC canonical granule file
3B-HHR.MS.MRG.3IMERG.20191027-S060000-E062959.0360.V07B.HDF5,3B-HHR.MS.MRG.3IMERG.20191027-S060000-E062959.0360.V07B.HDF5,True,False,8167057,68ca2383b8c513b9a957eefd0e4fd3715f4e2f8f5e0ca0b723c2dffa2fd0e9a0,CANONICAL_PRIMARY,Official NASA GES DISC canonical granule file
3B-HHR.MS.MRG.3IMERG.20191027-S090000-E092959.0540.V07B.HDF5,3B-HHR.MS.MRG.3IMERG.20191027-S090000-E092959.0540.V07B.HDF5,True,False,8054099,b2b923ff4da0d74c6216ff4f34df0cc78a16adbc35090fb3d8a7df60af33acba,CANONICAL_PRIMARY,Official NASA GES DISC canonical granule file
3B-HHR.MS.MRG.3IMERG.20191027-S120000-E122959.0720.V07B.HDF5,3B-HHR.MS.MRG.3IMERG.20191027-S120000-E122959.0720.V07B.HDF5,True,False,7866418,545e97ef657e1cbf3f83cf6071fd0663d6813853e7971c1789310912b2091191,CANONICAL_PRIMARY,Official NASA GES DISC canonical granule file
3B-HHR.MS.MRG.3IMERG.20191027-S150000-E152959.0900.V07B.HDF5,3B-HHR.MS.MRG.3IMERG.20191027-S150000-E152959.0900.V07B.HDF5,True,False,7942046,d3f1ea1da00a17da7f12e1c5b7b89aeb0b3adeb5def99e1ab34d7c00c37f7d01,CANONICAL_PRIMARY,Official NASA GES DISC canonical granule file
3B-HHR.MS.MRG.3IMERG.20191027-S180000-E182959.1080.V07B.HDF5,3B-HHR.MS.MRG.3IMERG.20191027-S180000-E182959.1080.V07B.HDF5,True,False,8040960,95e62810f67bc3c3172d55ec69bdcd73a4079864c0dfbf77e180eebe8fe5abdf,CANONICAL_PRIMARY,Official NASA GES DISC canonical granule file
3B-HHR.MS.MRG.3IMERG.20191027-S210000-E212959.1260.V07B.HDF5,3B-HHR.MS.MRG.3IMERG.20191027-S210000-E212959.1260.V07B.HDF5,True,False,7873681,5c42e33cee4294ee39b4880c1861b544dd9c077842790b7cc01ef4587aa0e77d,CANONICAL_PRIMARY,Official NASA GES DISC canonical granule file
3B-HHR.MS.MRG.3IMERG.20191028-S000000-E002959.0000.V07B.HDF5,3B-HHR.MS.MRG.3IMERG.20191028-S000000-E002959.0000.V07B.HDF5,True,False,7905295,76550cf41b616a8c2712dc75f419f9d8f8918b4eb3e2545c057e861581c76f67,CANONICAL_PRIMARY,Official NASA GES DISC canonical granule file
3B-HHR.MS.MRG.3IMERG.20191028-S030000-E032959.0180.V07B.HDF5,3B-HHR.MS.MRG.3IMERG.20191028-S030000-E032959.0180.V07B.HDF5,True,False,7831518,3b76a84e53ad7e22cfb21c6e589f827ecbe91d40fa06141048091563bd88c618,CANONICAL_PRIMARY,Official NASA GES DISC canonical granule file
3B-HHR.MS.MRG.3IMERG.20191028-S060000-E062959.0360.V07B.HDF5,3B-HHR.MS.MRG.3IMERG.20191028-S060000-E062959.0360.V07B.HDF5,True,False,8028576,a2c7f8874a927dc4a8fbc41a54de699ea6531c6c6b4d881055248f6ae6490afe,CANONICAL_PRIMARY,Official NASA GES DISC canonical granule file
3B-HHR.MS.MRG.3IMERG.20191028-S090000-E092959.0540.V07B.HDF5,3B-HHR.MS.MRG.3IMERG.20191028-S090000-E092959.0540.V07B.HDF5,True,False,7793759,b2fa97e79f41e25386aa6d0eb77fc48967dbb1e47ce5f557f4bde17d879f3a7d,CANONICAL_PRIMARY,Official NASA GES DISC canonical granule file
3B-HHR.MS.MRG.3IMERG.20191028-S120000-E122959.0720.V07B.HDF5,3B-HHR.MS.MRG.3IMERG.20191028-S120000-E122959.0720.V07B.HDF5,True,False,7687786,292ed1ed645664e242c93bd48f2551d47d66638c56072f4983bfd8e757120fee,CANONICAL_PRIMARY,Official NASA GES DISC canonical granule file
3B-HHR.MS.MRG.3IMERG.20191028-S150000-E152959.0900.V07B.HDF5,3B-HHR.MS.MRG.3IMERG.20191028-S150000-E152959.0900.V07B.HDF5,True,False,7851533,0dd114a837d72feed422994a51437e6f307689cffae3ed99015126b2fad29833,CANONICAL_PRIMARY,Official NASA GES DISC canonical granule file
3B-HHR.MS.MRG.3IMERG.20191028-S180000-E182959.1080.V07B.HDF5,3B-HHR.MS.MRG.3IMERG.20191028-S180000-E182959.1080.V07B.HDF5,True,False,7986234,5ad9264930eb07f7bfa5d621c667de210c31e4b7cc9672fd043919e87917a14b,CANONICAL_PRIMARY,Official NASA GES DISC canonical granule file
3B-HHR.MS.MRG.3IMERG.20191028-S210000-E212959.1260.V07B.HDF5,3B-HHR.MS.MRG.3IMERG.20191028-S210000-E212959.1260.V07B.HDF5,True,False,7960590,7e02b25562883a2c25dd95f5791b848adf92325826887c08042b22e490313d4d,CANONICAL_PRIMARY,Official NASA GES DISC canonical granule file
3B-HHR.MS.MRG.3IMERG.20191029-S000000-E002959.0000.V07B.HDF5,3B-HHR.MS.MRG.3IMERG.20191029-S000000-E002959.0000.V07B.HDF5,True,False,7864884,6c557597047e8ef59655ad5c81796c8c97835d51ad987201dcdcb50673927fd6,CANONICAL_PRIMARY,Official NASA GES DISC canonical granule file
3B-HHR.MS.MRG.3IMERG.20191029-S030000-E032959.0180.V07B.HDF5,3B-HHR.MS.MRG.3IMERG.20191029-S030000-E032959.0180.V07B.HDF5,True,False,7849946,5e463164f8b68e7fac1b3b7c9a58d71a6c461816d3f48c2ed0d764dabd4fdaa2,CANONICAL_PRIMARY,Official NASA GES DISC canonical granule file
3B-HHR.MS.MRG.3IMERG.20191029-S060000-E062959.0360.V07B.HDF5,3B-HHR.MS.MRG.3IMERG.20191029-S060000-E062959.0360.V07B.HDF5,True,False,7782432,0b4b1f53f89f84783746c7b3dcdeb890a0f9967822137846b0a00e656d004dd8,CANONICAL_PRIMARY,Official NASA GES DISC canonical granule file
3B-HHR.MS.MRG.3IMERG.20191029-S090000-E092959.0540.V07B.HDF5,3B-HHR.MS.MRG.3IMERG.20191029-S090000-E092959.0540.V07B.HDF5,True,False,7888297,900d534fc2d561429158871141b22249f5ba759ebafc43e48c6f44e7928ccc10,CANONICAL_PRIMARY,Official NASA GES DISC canonical granule file
3B-HHR.MS.MRG.3IMERG.20191029-S120000-E122959.0720.V07B.HDF5,3B-HHR.MS.MRG.3IMERG.20191029-S120000-E122959.0720.V07B.HDF5,True,False,7650501,e448b56f6d80a881b931cf91bf9a9b67cd8f2b355d1ad14a29feb9cac6f0d6ad,CANONICAL_PRIMARY,Official NASA GES DISC canonical granule file
3B-HHR.MS.MRG.3IMERG.20191029-S150000-E152959.0900.V07B.HDF5,3B-HHR.MS.MRG.3IMERG.20191029-S150000-E152959.0900.V07B.HDF5,True,False,7783324,f4888992344fdcc388cb63ed76e5fbd487035f9a39a38e302e351c9213b81df7,CANONICAL_PRIMARY,Official NASA GES DISC canonical granule file
3B-HHR.MS.MRG.3IMERG.20191029-S180000-E182959.1080.V07B.HDF5,3B-HHR.MS.MRG.3IMERG.20191029-S180000-E182959.1080.V07B.HDF5,True,False,7803100,9125e9d2538b605b431a820e326eaf5a591e33f90f0f4542611a606b0da15a21,CANONICAL_PRIMARY,Official NASA GES DISC canonical granule file
3B-HHR.MS.MRG.3IMERG.20191029-S210000-E212959.1260.V07B.HDF5,3B-HHR.MS.MRG.3IMERG.20191029-S210000-E212959.1260.V07B.HDF5,True,False,7785796,abd354d90a1c6ee8ea31180b884da12341c092f9573ecba3eb03a6a3828a9d2e,CANONICAL_PRIMARY,Official NASA GES DISC canonical granule file
3B-HHR.MS.MRG.3IMERG.20191030-S000000-E002959.0000.V07B.HDF5,3B-HHR.MS.MRG.3IMERG.20191030-S000000-E002959.0000.V07B.HDF5,True,False,7728276,4b67fbb4567988743e9063aa698242319a36e413361e6e53f23ef47326968cc6,CANONICAL_PRIMARY,Official NASA GES DISC canonical granule file
3B-HHR.MS.MRG.3IMERG.20191030-S030000-E032959.0180.V07B.HDF5,3B-HHR.MS.MRG.3IMERG.20191030-S030000-E032959.0180.V07B.HDF5,True,False,7790530,66131049288f932bf589bfc0283a1941ecc7eede2fd51415a6970d5178ca832f,CANONICAL_PRIMARY,Official NASA GES DISC canonical granule file
3B-HHR.MS.MRG.3IMERG.20191030-S060000-E062959.0360.V07B.HDF5,3B-HHR.MS.MRG.3IMERG.20191030-S060000-E062959.0360.V07B.HDF5,True,False,7592149,8d4bff7bf03f9cf77800ee59818025828aed7131d3369ce5ff7bfa6969e6dbea,CANONICAL_PRIMARY,Official NASA GES DISC canonical granule file
3B-HHR.MS.MRG.3IMERG.20191030-S090000-E092959.0540.V07B.HDF5,3B-HHR.MS.MRG.3IMERG.20191030-S090000-E092959.0540.V07B.HDF5,True,False,7710659,4053491930a6e33c2635028dbc5a72c50c3566283d238e67143c116c3d8c6503,CANONICAL_PRIMARY,Official NASA GES DISC canonical granule file
3B-HHR.MS.MRG.3IMERG.20191030-S120000-E122959.0720.V07B.HDF5,3B-HHR.MS.MRG.3IMERG.20191030-S120000-E122959.0720.V07B.HDF5,True,False,7596589,449d46c3cbc5abb192f35c6896f043a46098499a831049ff3e4dcce0fbcf3e6e,CANONICAL_PRIMARY,Official NASA GES DISC canonical granule file
3B-HHR.MS.MRG.3IMERG.20191030-S150000-E152959.0900.V07B.HDF5,3B-HHR.MS.MRG.3IMERG.20191030-S150000-E152959.0900.V07B.HDF5,True,False,7697513,bec4011e95e436129dedb468c577395fc7238e5fb9f03e69e4c9a2f2b9b066fa,CANONICAL_PRIMARY,Official NASA GES DISC canonical granule file
3B-HHR.MS.MRG.3IMERG.20191030-S180000-E182959.1080.V07B.HDF5,3B-HHR.MS.MRG.3IMERG.20191030-S180000-E182959.1080.V07B.HDF5,True,False,7911030,44626cbc471b8978cbd7f68bc27eca22b9b7fb5bf610caa7710cfdfe556d8a99,CANONICAL_PRIMARY,Official NASA GES DISC canonical granule file
3B-HHR.MS.MRG.3IMERG.20191030-S210000-E212959.1260.V07B.HDF5,3B-HHR.MS.MRG.3IMERG.20191030-S210000-E212959.1260.V07B.HDF5,True,False,7840226,5bb4c0503ad53a793a7a7472d7d3b211c3e1956cdcd6ca99c423d9efe23514b2,CANONICAL_PRIMARY,Official NASA GES DISC canonical granule file
3B-HHR.MS.MRG.3IMERG.20191031-S000000-E002959.0000.V07B.HDF5,3B-HHR.MS.MRG.3IMERG.20191031-S000000-E002959.0000.V07B.HDF5,True,False,7627857,dbd77f945a441a5d9c775cfc88eb8533d87513faf5500529a91a550239de5315,CANONICAL_PRIMARY,Official NASA GES DISC canonical granule file
3B-HHR.MS.MRG.3IMERG.20191031-S030000-E032959.0180.V07B.HDF5,3B-HHR.MS.MRG.3IMERG.20191031-S030000-E032959.0180.V07B.HDF5,True,False,7718257,0f0240dd943cf92516ccd68fbb89c1dbdb73fd6b0c6f625a892ab553d5a21898,CANONICAL_PRIMARY,Official NASA GES DISC canonical granule file
3B-HHR.MS.MRG.3IMERG.20191031-S060000-E062959.0360.V07B.HDF5,3B-HHR.MS.MRG.3IMERG.20191031-S060000-E062959.0360.V07B.HDF5,True,False,7744310,cc5ce4b91146f56b4e06d7e36f78e3a177de6fc054eccfb87920cca08917a207,CANONICAL_PRIMARY,Official NASA GES DISC canonical granule file
3B-HHR.MS.MRG.3IMERG.20191031-S090000-E092959.0540.V07B.HDF5,3B-HHR.MS.MRG.3IMERG.20191031-S090000-E092959.0540.V07B.HDF5,True,False,7691874,20a6093dfd1593e5cfaa8a09ea1357fc6fba89ebe99edecccda546e7537f7c37,CANONICAL_PRIMARY,Official NASA GES DISC canonical granule file
3B-HHR.MS.MRG.3IMERG.20191031-S120000-E122959.0720.V07B.HDF5,3B-HHR.MS.MRG.3IMERG.20191031-S120000-E122959.0720.V07B.HDF5,True,False,7839396,f9ef68ced3941b4ecf39c5ff0a6bce82ea88d87f240eccf28bb64ac7870960f7,CANONICAL_PRIMARY,Official NASA GES DISC canonical granule file
3B-HHR.MS.MRG.3IMERG.20191031-S150000-E152959.0900.V07B.HDF5,3B-HHR.MS.MRG.3IMERG.20191031-S150000-E152959.0900.V07B.HDF5,True,False,7771349,012927927a874e905974cf3ae12ed2d3ad2c5ffd233b684c9aef3cca9d87a52d,CANONICAL_PRIMARY,Official NASA GES DISC canonical granule file
3B-HHR.MS.MRG.3IMERG.20191104-S090000-E092959.0540.V07B.HDF5,3B-HHR.MS.MRG.3IMERG.20191104-S090000-E092959.0540.V07B.HDF5,True,False,7916507,0de4b242e0bdd7d25eef0da778cc93069c7e45afeb9f112abf0b1e06a2e69821,CANONICAL_PRIMARY,Official NASA GES DISC canonical granule file
3B-HHR.MS.MRG.3IMERG.20191104-S120000-E122959.0720.V07B.HDF5,3B-HHR.MS.MRG.3IMERG.20191104-S120000-E122959.0720.V07B.HDF5,True,False,7894341,dafb2ce3d7c4c0c5e1243017cf61bb032a42f1f8bb7fa59e1d0a553668dd7a28,CANONICAL_PRIMARY,Official NASA GES DISC canonical granule file
3B-HHR.MS.MRG.3IMERG.20191104-S150000-E152959.0900.V07B.HDF5,3B-HHR.MS.MRG.3IMERG.20191104-S150000-E152959.0900.V07B.HDF5,True,False,7893032,07b48ffb593d482b9c193ef8aff6768379578fccf8abb47c58c7aca8f5c0deac,CANONICAL_PRIMARY,Official NASA GES DISC canonical granule file
3B-HHR.MS.MRG.3IMERG.20191104-S180000-E182959.1080.V07B.HDF5,3B-HHR.MS.MRG.3IMERG.20191104-S180000-E182959.1080.V07B.HDF5,True,False,7939093,f88d598d981653b398a6e9803d41ea0c4579be0d3a0f996ab38ed4fd61211c5e,CANONICAL_PRIMARY,Official NASA GES DISC canonical granule file
3B-HHR.MS.MRG.3IMERG.20191104-S210000-E212959.1260.V07B.HDF5,3B-HHR.MS.MRG.3IMERG.20191104-S210000-E212959.1260.V07B.HDF5,True,False,7758767,5b353ea5aab187cd658c8b5d96b1ff8074a0adacb6727664a48667d3cb5aa335,CANONICAL_PRIMARY,Official NASA GES DISC canonical granule file
3B-HHR.MS.MRG.3IMERG.20191105-S000000-E002959.0000.V07B.HDF5,3B-HHR.MS.MRG.3IMERG.20191105-S000000-E002959.0000.V07B.HDF5,True,False,7788054,66ea6feca6a0c0d5c818ceb64b35589695d3f49ef3ffc96c4edaa4b6341fdce9,CANONICAL_PRIMARY,Official NASA GES DISC canonical granule file
3B-HHR.MS.MRG.3IMERG.20191105-S030000-E032959.0180.V07B.HDF5,3B-HHR.MS.MRG.3IMERG.20191105-S030000-E032959.0180.V07B.HDF5,True,False,7640028,91a8168226dfa0d0e0907c906e98c5277842d291c27647473c638d3a907a1591,CANONICAL_PRIMARY,Official NASA GES DISC canonical granule file
3B-HHR.MS.MRG.3IMERG.20191105-S060000-E062959.0360.V07B.HDF5,3B-HHR.MS.MRG.3IMERG.20191105-S060000-E062959.0360.V07B.HDF5,True,False,7908624,35f48af7298bc9344c88e8a15b903e54580883e902b711414ab773ff8e0b6a17,CANONICAL_PRIMARY,Official NASA GES DISC canonical granule file
3B-HHR.MS.MRG.3IMERG.20191105-S090000-E092959.0540.V07B.HDF5,3B-HHR.MS.MRG.3IMERG.20191105-S090000-E092959.0540.V07B.HDF5,True,False,7730818,1311ae46fc87afabc09c943484cb9a0cf434dcd44c5ef7e1fa30d7e344c37fe0,CANONICAL_PRIMARY,Official NASA GES DISC canonical granule file
3B-HHR.MS.MRG.3IMERG.20191105-S120000-E122959.0720.V07B.HDF5,3B-HHR.MS.MRG.3IMERG.20191105-S120000-E122959.0720.V07B.HDF5,True,False,7642161,242f6cc8d111ef79bd5eb7791ff72f7161417a05db0d031a44dbc7cdc14a2e66,CANONICAL_PRIMARY,Official NASA GES DISC canonical granule file
3B-HHR.MS.MRG.3IMERG.20191105-S150000-E152959.0900.V07B.HDF5,3B-HHR.MS.MRG.3IMERG.20191105-S150000-E152959.0900.V07B.HDF5,True,False,7689138,0b1db6347fba110668b9f54c62c0a7a85683890327e3ef70236cbb8ed0487357,CANONICAL_PRIMARY,Official NASA GES DISC canonical granule file
3B-HHR.MS.MRG.3IMERG.20191105-S180000-E182959.1080.V07B.HDF5,3B-HHR.MS.MRG.3IMERG.20191105-S180000-E182959.1080.V07B.HDF5,True,False,7790168,84abda1379b5d39e48f30179e4a3c4a11b389e0e1b003fab8ae87ceff2821015,CANONICAL_PRIMARY,Official NASA GES DISC canonical granule file
3B-HHR.MS.MRG.3IMERG.20191105-S210000-E212959.1260.V07B.HDF5,3B-HHR.MS.MRG.3IMERG.20191105-S210000-E212959.1260.V07B.HDF5,True,False,7858771,ca5630c26d6ca0f2af11f745da1bfea9379153880e402c7790709044b6c3124e,CANONICAL_PRIMARY,Official NASA GES DISC canonical granule file
3B-HHR.MS.MRG.3IMERG.20191106-S000000-E002959.0000.V07B.HDF5,3B-HHR.MS.MRG.3IMERG.20191106-S000000-E002959.0000.V07B.HDF5,True,False,7487037,82f254293333a90b276323ef187e8b75fbdbe0d01a933623c07986a32931815d,CANONICAL_PRIMARY,Official NASA GES DISC canonical granule file
3B-HHR.MS.MRG.3IMERG.20191106-S030000-E032959.0180.V07B.HDF5,3B-HHR.MS.MRG.3IMERG.20191106-S030000-E032959.0180.V07B.HDF5,True,False,7559873,9e15cdd556e3b27f38a3d3d9a70f8020f5297c92f4cf877b39d175a97dc90715,CANONICAL_PRIMARY,Official NASA GES DISC canonical granule file
3B-HHR.MS.MRG.3IMERG.20191106-S060000-E062959.0360.V07B.HDF5,3B-HHR.MS.MRG.3IMERG.20191106-S060000-E062959.0360.V07B.HDF5,True,False,7526857,349f8094ea90a80f016c6c728d1bec228a326946ccf739e7ec7eec0efc83ea51,CANONICAL_PRIMARY,Official NASA GES DISC canonical granule file
3B-HHR.MS.MRG.3IMERG.20191106-S090000-E092959.0540.V07B.HDF5,3B-HHR.MS.MRG.3IMERG.20191106-S090000-E092959.0540.V07B.HDF5,True,False,7516029,c3b9bc05dbf9511c60ac07049859f19ef5eee1923a434ddec38316abd482e4f0,CANONICAL_PRIMARY,Official NASA GES DISC canonical granule file
3B-HHR.MS.MRG.3IMERG.20191106-S120000-E122959.0720.V07B.HDF5,3B-HHR.MS.MRG.3IMERG.20191106-S120000-E122959.0720.V07B.HDF5,True,False,7273589,efcecabb9f0f820d2f4b94998e6b99d2633bc5d18231320d357d6ce742f71388,CANONICAL_PRIMARY,Official NASA GES DISC canonical granule file
3B-HHR.MS.MRG.3IMERG.20191106-S150000-E152959.0900.V07B.HDF5,3B-HHR.MS.MRG.3IMERG.20191106-S150000-E152959.0900.V07B.HDF5,True,False,7711425,5f890d26199df6edfee9d5b86f6872a14aea7d58d8de64c85474e134d942d0f0,CANONICAL_PRIMARY,Official NASA GES DISC canonical granule file
3B-HHR.MS.MRG.3IMERG.20191106-S180000-E182959.1080.V07B.HDF5,3B-HHR.MS.MRG.3IMERG.20191106-S180000-E182959.1080.V07B.HDF5,True,False,7640280,8d2acfa22c72769285786869023b9c60d0d30c30738b80dd0acc5390501e20bc,CANONICAL_PRIMARY,Official NASA GES DISC canonical granule file
3B-HHR.MS.MRG.3IMERG.20191106-S210000-E212959.1260.V07B.HDF5,3B-HHR.MS.MRG.3IMERG.20191106-S210000-E212959.1260.V07B.HDF5,True,False,7666241,e0295bb4fe6b7973802908315ffac58dab99633adfd071506aa6f77076a6689b,CANONICAL_PRIMARY,Official NASA GES DISC canonical granule file
3B-HHR.MS.MRG.3IMERG.20191107-S000000-E002959.0000.V07B.HDF5,3B-HHR.MS.MRG.3IMERG.20191107-S000000-E002959.0000.V07B.HDF5,True,False,7381530,619095ef6e551e9a442a1ec7403bc79345576df83e1f1610063fa3b07bf7bec7,CANONICAL_PRIMARY,Official NASA GES DISC canonical granule file
3B-HHR.MS.MRG.3IMERG.20191107-S030000-E032959.0180.V07B.HDF5,3B-HHR.MS.MRG.3IMERG.20191107-S030000-E032959.0180.V07B.HDF5,True,False,7611132,fd452152e4541316c04328aa6e0500634eb7d5bf9b0ccd584557233b4c4d03b9,CANONICAL_PRIMARY,Official NASA GES DISC canonical granule file
3B-HHR.MS.MRG.3IMERG.20191107-S060000-E062959.0360.V07B.HDF5,3B-HHR.MS.MRG.3IMERG.20191107-S060000-E062959.0360.V07B.HDF5,True,False,7660976,75ddf1eebec2ccecdc79c216a3c074e7ce422712fca3e8aed44a419ba2fbb3c9,CANONICAL_PRIMARY,Official NASA GES DISC canonical granule file
3B-HHR.MS.MRG.3IMERG.20191107-S090000-E092959.0540.V07B.HDF5,3B-HHR.MS.MRG.3IMERG.20191107-S090000-E092959.0540.V07B.HDF5,True,False,7716962,9ed5fc0a126abe85e41072ba79ae6e9164e68637ec1574ea7a49306c9c75e877,CANONICAL_PRIMARY,Official NASA GES DISC canonical granule file
3B-HHR.MS.MRG.3IMERG.20191107-S120000-E122959.0720.V07B.HDF5,3B-HHR.MS.MRG.3IMERG.20191107-S120000-E122959.0720.V07B.HDF5,True,False,7632372,fd6d77da2c4977747831c3116734f088be920b880d482466f01183063d31a9e0,CANONICAL_PRIMARY,Official NASA GES DISC canonical granule file
3B-HHR.MS.MRG.3IMERG.20191107-S150000-E152959.0900.V07B.HDF5,3B-HHR.MS.MRG.3IMERG.20191107-S150000-E152959.0900.V07B.HDF5,True,False,7789150,8c74ef6abb1a6ad5abb64cb67d906c80b7622f638cb731056335789f4c924b54,CANONICAL_PRIMARY,Official NASA GES DISC canonical granule file
3B-HHR.MS.MRG.3IMERG.20191107-S180000-E182959.1080.V07B.HDF5,3B-HHR.MS.MRG.3IMERG.20191107-S180000-E182959.1080.V07B.HDF5,True,False,8013981,f93fb312961dee7e8cea3e6347f19a2b9f8e23e3f523ba28a7ff419eac244db9,CANONICAL_PRIMARY,Official NASA GES DISC canonical granule file
3B-HHR.MS.MRG.3IMERG.20191107-S210000-E212959.1260.V07B.HDF5,3B-HHR.MS.MRG.3IMERG.20191107-S210000-E212959.1260.V07B.HDF5,True,False,7793891,e88373c15daea11a0b60770c24d854285c8d42548e9fab579548593afd6924a2,CANONICAL_PRIMARY,Official NASA GES DISC canonical granule file
3B-HHR.MS.MRG.3IMERG.20191108-S000000-E002959.0000.V07B.HDF5,3B-HHR.MS.MRG.3IMERG.20191108-S000000-E002959.0000.V07B.HDF5,True,False,7496906,cd6b9540d7ed75681591334b5f87e4510d9241ba810309c83a54f7f4d79bf4c4,CANONICAL_PRIMARY,Official NASA GES DISC canonical granule file
3B-HHR.MS.MRG.3IMERG.20191108-S030000-E032959.0180.V07B.HDF5,3B-HHR.MS.MRG.3IMERG.20191108-S030000-E032959.0180.V07B.HDF5,True,False,7794185,a507dabe07661bf9d7d51a15b5608156855a3f85f852ec3b59c4a4af22efacd8,CANONICAL_PRIMARY,Official NASA GES DISC canonical granule file
3B-HHR.MS.MRG.3IMERG.20191108-S060000-E062959.0360.V07B.HDF5,3B-HHR.MS.MRG.3IMERG.20191108-S060000-E062959.0360.V07B.HDF5,True,False,7914816,621300faa2bedae9af56add1497f47b5fb55bc74c643c630a8379c004e98a52d,CANONICAL_PRIMARY,Official NASA GES DISC canonical granule file
3B-HHR.MS.MRG.3IMERG.20191108-S090000-E092959.0540.V07B.HDF5,3B-HHR.MS.MRG.3IMERG.20191108-S090000-E092959.0540.V07B.HDF5,True,False,7800130,da8673ed9b630aa504afa3004c7ed09cd743a6faea8dbb55f876036acedc0eb1,CANONICAL_PRIMARY,Official NASA GES DISC canonical granule file
3B-HHR.MS.MRG.3IMERG.20191201-S210000-E212959.1260.V07B.HDF5,3B-HHR.MS.MRG.3IMERG.20191201-S210000-E212959.1260.V07B.HDF5,True,False,7879070,edc784d6db50d406853ea456e152c8490b2821a747730eeff27bebc8ea0e3ff4,CANONICAL_PRIMARY,Official NASA GES DISC canonical granule file
3B-HHR.MS.MRG.3IMERG.20191202-S000000-E002959.0000.V07B.HDF5,3B-HHR.MS.MRG.3IMERG.20191202-S000000-E002959.0000.V07B.HDF5,True,False,7737213,d1c0283faaaad102a2b2677c9dd69e8a092b6bec7ae53497d2a744d02b0cb0c3,CANONICAL_PRIMARY,Official NASA GES DISC canonical granule file
3B-HHR.MS.MRG.3IMERG.20191202-S030000-E032959.0180.V07B.HDF5,3B-HHR.MS.MRG.3IMERG.20191202-S030000-E032959.0180.V07B.HDF5,True,False,7791848,783d9e04fd4a3e2e3af329e85395e8d50c21c611f8bb4269147297e57237e721,CANONICAL_PRIMARY,Official NASA GES DISC canonical granule file
3B-HHR.MS.MRG.3IMERG.20191202-S060000-E062959.0360.V07B.HDF5,3B-HHR.MS.MRG.3IMERG.20191202-S060000-E062959.0360.V07B.HDF5,True,False,7820274,cc238564636d0f6f7f7dd77de991337611a7ae11a6d1d1447b200595c2f3e6e0,CANONICAL_PRIMARY,Official NASA GES DISC canonical granule file
3B-HHR.MS.MRG.3IMERG.20191202-S090000-E092959.0540.V07B.HDF5,3B-HHR.MS.MRG.3IMERG.20191202-S090000-E092959.0540.V07B.HDF5,True,False,7829437,36789d3aff6fefbbc8e58b1a7c79bbda7a19ab6e668b9a5d9af01045d09b34b9,CANONICAL_PRIMARY,Official NASA GES DISC canonical granule file
3B-HHR.MS.MRG.3IMERG.20191202-S120000-E122959.0720.V07B.HDF5,3B-HHR.MS.MRG.3IMERG.20191202-S120000-E122959.0720.V07B.HDF5,True,False,7751114,d9ea435e641abfd2f1800b1b0b09e16e298ae2829b6bedeee8f02c33f7765478,CANONICAL_PRIMARY,Official NASA GES DISC canonical granule file
3B-HHR.MS.MRG.3IMERG.20191202-S150000-E152959.0900.V07B.HDF5,3B-HHR.MS.MRG.3IMERG.20191202-S150000-E152959.0900.V07B.HDF5,True,False,7966780,2ece91097da189befea1cd5669ad681fdd7c0b49d8d490c3be37300da5dfe706,CANONICAL_PRIMARY,Official NASA GES DISC canonical granule file
3B-HHR.MS.MRG.3IMERG.20191202-S180000-E182959.1080.V07B.HDF5,3B-HHR.MS.MRG.3IMERG.20191202-S180000-E182959.1080.V07B.HDF5,True,False,8053497,6a551bf44cc7b67cafc636923d6053350faeb8400dce7dcb8ff7d86368b68dae,CANONICAL_PRIMARY,Official NASA GES DISC canonical granule file
3B-HHR.MS.MRG.3IMERG.20191202-S210000-E212959.1260.V07B.HDF5,3B-HHR.MS.MRG.3IMERG.20191202-S210000-E212959.1260.V07B.HDF5,True,False,8029650,e36b341dced3be887a668c4889e0450754767c1df11713182b56727b6c692374,CANONICAL_PRIMARY,Official NASA GES DISC canonical granule file
3B-HHR.MS.MRG.3IMERG.20191203-S000000-E002959.0000.V07B.HDF5,3B-HHR.MS.MRG.3IMERG.20191203-S000000-E002959.0000.V07B.HDF5,True,False,7764044,8af8e0e3964b3aa14ac2d50af0de2d3474a715db5c1d749793b63dcdabf12be2,CANONICAL_PRIMARY,Official NASA GES DISC canonical granule file
3B-HHR.MS.MRG.3IMERG.20191203-S030000-E032959.0180.V07B.HDF5,3B-HHR.MS.MRG.3IMERG.20191203-S030000-E032959.0180.V07B.HDF5,True,False,8210806,f5cd726c8e33e94139f93cd16c91c44dd777f49489eb53162c275d1940859350,CANONICAL_PRIMARY,Official NASA GES DISC canonical granule file
3B-HHR.MS.MRG.3IMERG.20191203-S060000-E062959.0360.V07B.HDF5,3B-HHR.MS.MRG.3IMERG.20191203-S060000-E062959.0360.V07B.HDF5,True,False,8211056,05acdbacdd6451374390b92d17b43c4091ffc7a7121cdace3ad33bdba5bf7653,CANONICAL_PRIMARY,Official NASA GES DISC canonical granule file
3B-HHR.MS.MRG.3IMERG.20191203-S090000-E092959.0540.V07B.HDF5,3B-HHR.MS.MRG.3IMERG.20191203-S090000-E092959.0540.V07B.HDF5,True,False,8168644,50a91786fe1357e520afffc7356ee5dcef9ea873fe5c3a8526c7576c41496944,CANONICAL_PRIMARY,Official NASA GES DISC canonical granule file
3B-HHR.MS.MRG.3IMERG.20191203-S120000-E122959.0720.V07B.HDF5,3B-HHR.MS.MRG.3IMERG.20191203-S120000-E122959.0720.V07B.HDF5,True,False,8149815,613963457083d6dc6616a947df2992ade642ed8f3d5cc6bc94ff9ae2f68edea9,CANONICAL_PRIMARY,Official NASA GES DISC canonical granule file
3B-HHR.MS.MRG.3IMERG.20191203-S150000-E152959.0900.V07B.HDF5,3B-HHR.MS.MRG.3IMERG.20191203-S150000-E152959.0900.V07B.HDF5,True,False,8332025,d0609bc0a01c1aabebc91f62319e7b0cee463f97bc8312b2bf28d416c738276d,CANONICAL_PRIMARY,Official NASA GES DISC canonical granule file
3B-HHR.MS.MRG.3IMERG.20191203-S180000-E182959.1080.V07B.HDF5,3B-HHR.MS.MRG.3IMERG.20191203-S180000-E182959.1080.V07B.HDF5,True,False,8431717,a9cd76d91964173d8c56164574e0cc88ece4f0599f7740271f5081b5989b59f4,CANONICAL_PRIMARY,Official NASA GES DISC canonical granule file
3B-HHR.MS.MRG.3IMERG.20191203-S210000-E212959.1260.V07B.HDF5,3B-HHR.MS.MRG.3IMERG.20191203-S210000-E212959.1260.V07B.HDF5,True,False,8351449,7d38a2f20d1acca1c67bbbf7879b556136acaf34bca89b030d21743f726246eb,CANONICAL_PRIMARY,Official NASA GES DISC canonical granule file
3B-HHR.MS.MRG.3IMERG.20191204-S000000-E002959.0000.V07B.HDF5,3B-HHR.MS.MRG.3IMERG.20191204-S000000-E002959.0000.V07B.HDF5,True,False,8177783,453cfbf94d2a6a9b572bc5d432fd3da58d9756a9747105417cc8f704def50d7f,CANONICAL_PRIMARY,Official NASA GES DISC canonical granule file
3B-HHR.MS.MRG.3IMERG.20191204-S030000-E032959.0180.V07B.HDF5,3B-HHR.MS.MRG.3IMERG.20191204-S030000-E032959.0180.V07B.HDF5,True,False,8205127,b17057296c1c32dabbcf21c8ac224d545b5afd629356aedb1c583e4dbbd9b0bd,CANONICAL_PRIMARY,Official NASA GES DISC canonical granule file
3B-HHR.MS.MRG.3IMERG.20191204-S060000-E062959.0360.V07B.HDF5,3B-HHR.MS.MRG.3IMERG.20191204-S060000-E062959.0360.V07B.HDF5,True,False,8224279,d6e4d0c6a99fb48f8f87f4633a739a27c4a1fea1c9a786f65beb23f0bf92428d,CANONICAL_PRIMARY,Official NASA GES DISC canonical granule file
3B-HHR.MS.MRG.3IMERG.20191204-S090000-E092959.0540.V07B.HDF5,3B-HHR.MS.MRG.3IMERG.20191204-S090000-E092959.0540.V07B.HDF5,True,False,8169376,46959ed86d1e3cf381ce66cd9ccd32f67d2a1bf6fd72ead9103ea7a477592a2d,CANONICAL_PRIMARY,Official NASA GES DISC canonical granule file
3B-HHR.MS.MRG.3IMERG.20191204-S120000-E122959.0720.V07B.HDF5,3B-HHR.MS.MRG.3IMERG.20191204-S120000-E122959.0720.V07B.HDF5,True,False,8074962,7da9732ca0b3fd11d9a78292b02019abd9360edb66feb2e4d9cbba2d418a304d,CANONICAL_PRIMARY,Official NASA GES DISC canonical granule file
3B-HHR.MS.MRG.3IMERG.20191204-S150000-E152959.0900.V07B.HDF5,3B-HHR.MS.MRG.3IMERG.20191204-S150000-E152959.0900.V07B.HDF5,True,False,8203344,0a7b8883a0d0c4f1f6d529ad52ab4b374c92b6a19be4d90aa1b4c41bdc219eb8,CANONICAL_PRIMARY,Official NASA GES DISC canonical granule file
3B-HHR.MS.MRG.3IMERG.20191204-S180000-E182959.1080.V07B.HDF5,3B-HHR.MS.MRG.3IMERG.20191204-S180000-E182959.1080.V07B.HDF5,True,False,8078370,ca1da8f8462d9bb759da0d00471b238185f1611d62d171f4c4219edd4e03931c,CANONICAL_PRIMARY,Official NASA GES DISC canonical granule file
3B-HHR.MS.MRG.3IMERG.20191204-S210000-E212959.1260.V07B.HDF5,3B-HHR.MS.MRG.3IMERG.20191204-S210000-E212959.1260.V07B.HDF5,True,False,7982816,1dd1bf6e1072bcfea0bc7ec3b2bca9a54e845fec7fad92b0c807e7469e33c1dd,CANONICAL_PRIMARY,Official NASA GES DISC canonical granule file
3B-HHR.MS.MRG.3IMERG.20191205-S000000-E002959.0000.V07B.HDF5,3B-HHR.MS.MRG.3IMERG.20191205-S000000-E002959.0000.V07B.HDF5,True,False,7964477,fe41c6d1c2f887ef95642f594789f169dd9acf54a96e150b91925f9cc461e985,CANONICAL_PRIMARY,Official NASA GES DISC canonical granule file
3B-HHR.MS.MRG.3IMERG.20191205-S030000-E032959.0180.V07B.HDF5,3B-HHR.MS.MRG.3IMERG.20191205-S030000-E032959.0180.V07B.HDF5,True,False,8018578,e65f9d0e342f41a43497de4210e5f26382776522240a182b29ce7f95cfe03081,CANONICAL_PRIMARY,Official NASA GES DISC canonical granule file
3B-HHR.MS.MRG.3IMERG.20191205-S060000-E062959.0360.V07B.HDF5,3B-HHR.MS.MRG.3IMERG.20191205-S060000-E062959.0360.V07B.HDF5,True,False,8120916,f6e3814a950f0a7abddfdc8f9cb51e59ae102bfbf62c58d991fec7d4d6527bfd,CANONICAL_PRIMARY,Official NASA GES DISC canonical granule file
3B-HHR.MS.MRG.3IMERG.20191205-S090000-E092959.0540.V07B.HDF5,3B-HHR.MS.MRG.3IMERG.20191205-S090000-E092959.0540.V07B.HDF5,True,False,7916603,42508535c90e8699cd2b3a99ef22fe9a1108b931701bf85e0c8345433e926d3f,CANONICAL_PRIMARY,Official NASA GES DISC canonical granule file
3B-HHR.MS.MRG.3IMERG.20200515-S090000-E092959.0540.V07B.HDF5,3B-HHR.MS.MRG.3IMERG.20200515-S090000-E092959.0540.V07B.HDF5,True,False,8508443,83ebb5d5f5fec115e8d745b045ebb7d2d77e4d1aa5002c9b245088682d92f2d8,CANONICAL_PRIMARY,Official NASA GES DISC canonical granule file
3B-HHR.MS.MRG.3IMERG.20200515-S120000-E122959.0720.V07B.HDF5,3B-HHR.MS.MRG.3IMERG.20200515-S120000-E122959.0720.V07B.HDF5,True,False,8547354,671b36e1708cf621f862980bed136e40f31b56e930396c8cfaa6845bf62865c9,CANONICAL_PRIMARY,Official NASA GES DISC canonical granule file
3B-HHR.MS.MRG.3IMERG.20200515-S150000-E152959.0900.V07B.HDF5,3B-HHR.MS.MRG.3IMERG.20200515-S150000-E152959.0900.V07B.HDF5,True,False,8396665,ab3190ab374447948d4d2ae7dbdc35bc296740956b889a838e50f59c86c60dac,CANONICAL_PRIMARY,Official NASA GES DISC canonical granule file
3B-HHR.MS.MRG.3IMERG.20200515-S180000-E182959.1080.V07B.HDF5,3B-HHR.MS.MRG.3IMERG.20200515-S180000-E182959.1080.V07B.HDF5,True,False,8364191,a6e3b65e8bd6401bbb10926439f030db2c963522a36e05c598b38def03098f1f,CANONICAL_PRIMARY,Official NASA GES DISC canonical granule file
3B-HHR.MS.MRG.3IMERG.20200515-S210000-E212959.1260.V07B.HDF5,3B-HHR.MS.MRG.3IMERG.20200515-S210000-E212959.1260.V07B.HDF5,True,False,8387132,5f5d53e7c1bf580a9f173703480daeb1b331ed85c77006ea94f22dd87d7e8189,CANONICAL_PRIMARY,Official NASA GES DISC canonical granule file
3B-HHR.MS.MRG.3IMERG.20200516-S000000-E002959.0000.V07B.HDF5,3B-HHR.MS.MRG.3IMERG.20200516-S000000-E002959.0000.V07B.HDF5,True,False,8125813,3249b9bd1848d2b1083333e9479d646f695d02632aeb9d00587b2cf78fb0570b,CANONICAL_PRIMARY,Official NASA GES DISC canonical granule file
3B-HHR.MS.MRG.3IMERG.20200516-S030000-E032959.0180.V07B.HDF5,3B-HHR.MS.MRG.3IMERG.20200516-S030000-E032959.0180.V07B.HDF5,True,False,8171964,ca1a7d832e1b07077c1ee5174caa4768722845ade43ecd439a9f965c3c523841,CANONICAL_PRIMARY,Official NASA GES DISC canonical granule file
3B-HHR.MS.MRG.3IMERG.20200516-S060000-E062959.0360.V07B.HDF5,3B-HHR.MS.MRG.3IMERG.20200516-S060000-E062959.0360.V07B.HDF5,True,False,8037219,cea9d5e017a8800744f91907a03f39806379f9fae94a5ba022cc240cb15e9e36,CANONICAL_PRIMARY,Official NASA GES DISC canonical granule file
3B-HHR.MS.MRG.3IMERG.20200516-S090000-E092959.0540.V07B.HDF5,3B-HHR.MS.MRG.3IMERG.20200516-S090000-E092959.0540.V07B.HDF5,True,False,8154074,21ccdd9f6e453aaab400454ad86562023759770008d64440f18dd0cb501e4537,CANONICAL_PRIMARY,Official NASA GES DISC canonical granule file
3B-HHR.MS.MRG.3IMERG.20200516-S120000-E122959.0720.V07B.HDF5,3B-HHR.MS.MRG.3IMERG.20200516-S120000-E122959.0720.V07B.HDF5,True,False,8363549,759ba47fcf2dbd8d71ad9d01260c5d34bc9b66c46dc94c6084f3e1eee9f47c41,CANONICAL_PRIMARY,Official NASA GES DISC canonical granule file
3B-HHR.MS.MRG.3IMERG.20200516-S150000-E152959.0900.V07B.HDF5,3B-HHR.MS.MRG.3IMERG.20200516-S150000-E152959.0900.V07B.HDF5,True,False,8347614,e5087bd0c4746e52931ea1666a3f354f6114766b773da42c6a03aefa0c91a0d1,CANONICAL_PRIMARY,Official NASA GES DISC canonical granule file
3B-HHR.MS.MRG.3IMERG.20200516-S180000-E182959.1080.V07B.HDF5,3B-HHR.MS.MRG.3IMERG.20200516-S180000-E182959.1080.V07B.HDF5,True,False,8326122,5c2e7749c490e6f82a65ab6623e69c5ed31aa3f4cd5525bc32c4a64605cbbf77,CANONICAL_PRIMARY,Official NASA GES DISC canonical granule file
3B-HHR.MS.MRG.3IMERG.20200516-S210000-E212959.1260.V07B.HDF5,3B-HHR.MS.MRG.3IMERG.20200516-S210000-E212959.1260.V07B.HDF5,True,False,8367943,a0e2d7da8a5a90cf70c94f2b2bc55b043beed000b384c3975ba3eee5080f5cc9,CANONICAL_PRIMARY,Official NASA GES DISC canonical granule file
3B-HHR.MS.MRG.3IMERG.20200517-S000000-E002959.0000.V07B.HDF5,3B-HHR.MS.MRG.3IMERG.20200517-S000000-E002959.0000.V07B.HDF5,True,False,8101420,5f10fa1a44bf4f63831c529740b0eeef67b472b4a82ab4bfa0b296193fcaa917,CANONICAL_PRIMARY,Official NASA GES DISC canonical granule file
3B-HHR.MS.MRG.3IMERG.20200517-S030000-E032959.0180.V07B.HDF5,3B-HHR.MS.MRG.3IMERG.20200517-S030000-E032959.0180.V07B.HDF5,True,False,7935152,8ba91fa1ef121ce90c9e6367a19669a205985ef04f65c4f47816e423eb697e48,CANONICAL_PRIMARY,Official NASA GES DISC canonical granule file
3B-HHR.MS.MRG.3IMERG.20200517-S060000-E062959.0360.V07B.HDF5,3B-HHR.MS.MRG.3IMERG.20200517-S060000-E062959.0360.V07B.HDF5,True,False,8098612,50fee96caab48362110593824e1b406955fc0f2ffe1e3236510a2326835beacf,CANONICAL_PRIMARY,Official NASA GES DISC canonical granule file
3B-HHR.MS.MRG.3IMERG.20200517-S090000-E092959.0540.V07B.HDF5,3B-HHR.MS.MRG.3IMERG.20200517-S090000-E092959.0540.V07B.HDF5,True,False,8292912,0b47b13a25cd12091bface3202ed1f252b55f1213a70b0b72b21938a9effbc0f,CANONICAL_PRIMARY,Official NASA GES DISC canonical granule file
3B-HHR.MS.MRG.3IMERG.20200517-S120000-E122959.0720.V07B.HDF5,3B-HHR.MS.MRG.3IMERG.20200517-S120000-E122959.0720.V07B.HDF5,True,False,8345938,bbc1c2ff57e146a89548443e7cd6567f5e3acf4a9ef4e607ea8d2b32621c16cb,CANONICAL_PRIMARY,Official NASA GES DISC canonical granule file
3B-HHR.MS.MRG.3IMERG.20200517-S150000-E152959.0900.V07B.HDF5,3B-HHR.MS.MRG.3IMERG.20200517-S150000-E152959.0900.V07B.HDF5,True,False,8425187,3928ffc2e437c56c847b9cb9b26c339af0413c1eb582e8578b9d1b2c6744d6a6,CANONICAL_PRIMARY,Official NASA GES DISC canonical granule file
3B-HHR.MS.MRG.3IMERG.20200517-S180000-E182959.1080.V07B.HDF5,3B-HHR.MS.MRG.3IMERG.20200517-S180000-E182959.1080.V07B.HDF5,True,False,8381993,9455829699cc088c33bf6751fcbb999332d0eba0c89c24add039768d9c4e894d,CANONICAL_PRIMARY,Official NASA GES DISC canonical granule file
3B-HHR.MS.MRG.3IMERG.20200517-S210000-E212959.1260.V07B.HDF5,3B-HHR.MS.MRG.3IMERG.20200517-S210000-E212959.1260.V07B.HDF5,True,False,8482108,2aeee7c45ed93d063f3402b5a5cf41bcad9ae0c2e601667da16eac6c6fbc6eff,CANONICAL_PRIMARY,Official NASA GES DISC canonical granule file
3B-HHR.MS.MRG.3IMERG.20200518-S000000-E002959.0000.V07B.HDF5,3B-HHR.MS.MRG.3IMERG.20200518-S000000-E002959.0000.V07B.HDF5,True,False,8379277,2505f78496f1f7be8400aa5244f25ab64ad1e8469c8236ddb2db9ee591ba6a35,CANONICAL_PRIMARY,Official NASA GES DISC canonical granule file
3B-HHR.MS.MRG.3IMERG.20200518-S030000-E032959.0180.V07B.HDF5,3B-HHR.MS.MRG.3IMERG.20200518-S030000-E032959.0180.V07B.HDF5,True,False,8355899,318a8e7f36684173a8f8d5a45466a4d960a5f6d9541e641917eba0c357d67839,CANONICAL_PRIMARY,Official NASA GES DISC canonical granule file
3B-HHR.MS.MRG.3IMERG.20200518-S060000-E062959.0360.V07B.HDF5,3B-HHR.MS.MRG.3IMERG.20200518-S060000-E062959.0360.V07B.HDF5,True,False,8320634,22ec91a613e434ca50898a747705288a7cf19c59d43a93c044f29ae539441711,CANONICAL_PRIMARY,Official NASA GES DISC canonical granule file
3B-HHR.MS.MRG.3IMERG.20200518-S090000-E092959.0540.V07B.HDF5,3B-HHR.MS.MRG.3IMERG.20200518-S090000-E092959.0540.V07B.HDF5,True,False,8466170,3ca076e3f1992bb68a498fb87e14a206960a3d18e55ed7f8178ed4be435b0d69,CANONICAL_PRIMARY,Official NASA GES DISC canonical granule file
3B-HHR.MS.MRG.3IMERG.20200528-S210000-E212959.1260.V07B.HDF5,3B-HHR.MS.MRG.3IMERG.20200528-S210000-E212959.1260.V07B.HDF5,True,False,8882635,4273667f3c7e310993c8697e835b11bbc7f133260bb3480d2476b91813c29720,CANONICAL_PRIMARY,Official NASA GES DISC canonical granule file
3B-HHR.MS.MRG.3IMERG.20200529-S000000-E002959.0000.V07B.HDF5,3B-HHR.MS.MRG.3IMERG.20200529-S000000-E002959.0000.V07B.HDF5,True,False,8600424,1a0eb6761aa9e3ab2d565e0178bee47fa1ac62761229227f5f82c6991628d737,CANONICAL_PRIMARY,Official NASA GES DISC canonical granule file
3B-HHR.MS.MRG.3IMERG.20200529-S030000-E032959.0180.V07B.HDF5,3B-HHR.MS.MRG.3IMERG.20200529-S030000-E032959.0180.V07B.HDF5,True,False,8408737,dd9e98682e66117e8e5e8ed382502d79703d566b155d9523d4db813d42ea2993,CANONICAL_PRIMARY,Official NASA GES DISC canonical granule file
3B-HHR.MS.MRG.3IMERG.20200529-S060000-E062959.0360.V07B.HDF5,3B-HHR.MS.MRG.3IMERG.20200529-S060000-E062959.0360.V07B.HDF5,True,False,8385526,fadbcd6286675492a2a0e2ce8598d1ae91eff86ef4cd8cb88bfe349089a4e86c,CANONICAL_PRIMARY,Official NASA GES DISC canonical granule file
3B-HHR.MS.MRG.3IMERG.20200529-S090000-E092959.0540.V07B.HDF5,3B-HHR.MS.MRG.3IMERG.20200529-S090000-E092959.0540.V07B.HDF5,True,False,8417085,0b81a1fb8c62a881837b0e7e30d3e59e8f7c9a044077c169c18ba29bb86ce289,CANONICAL_PRIMARY,Official NASA GES DISC canonical granule file
3B-HHR.MS.MRG.3IMERG.20200529-S120000-E122959.0720.V07B.HDF5,3B-HHR.MS.MRG.3IMERG.20200529-S120000-E122959.0720.V07B.HDF5,True,False,8332619,cbba67d3d04c27c73a28e3f249035c6a2fd2910012ba08961bacbfab5b06d0c3,CANONICAL_PRIMARY,Official NASA GES DISC canonical granule file
3B-HHR.MS.MRG.3IMERG.20200529-S150000-E152959.0900.V07B.HDF5,3B-HHR.MS.MRG.3IMERG.20200529-S150000-E152959.0900.V07B.HDF5,True,False,8484707,79a454fd38c9ca063e3ccc4e2bb7c69dc43a5cfa0d8393c6910f5a1204691266,CANONICAL_PRIMARY,Official NASA GES DISC canonical granule file
3B-HHR.MS.MRG.3IMERG.20200529-S180000-E182959.1080.V07B.HDF5,3B-HHR.MS.MRG.3IMERG.20200529-S180000-E182959.1080.V07B.HDF5,True,False,8330728,e8b5e8168781f7729eecf81ec1a4fee25dcffa00671f042d3fcac488b0a436ca,CANONICAL_PRIMARY,Official NASA GES DISC canonical granule file
3B-HHR.MS.MRG.3IMERG.20200531-S090000-E092959.0540.V07B.HDF5,3B-HHR.MS.MRG.3IMERG.20200531-S090000-E092959.0540.V07B.HDF5,True,False,7972672,ae10ca505666f0f54837500f52a878a60c66fd9d9c64b76c673fd590c02b4d1b,CANONICAL_PRIMARY,Official NASA GES DISC canonical granule file
3B-HHR.MS.MRG.3IMERG.20200531-S120000-E122959.0720.V07B.HDF5,3B-HHR.MS.MRG.3IMERG.20200531-S120000-E122959.0720.V07B.HDF5,True,False,7966167,c4c7a907f71c4a203dfd0f7f725e8671acc5c6792813bee40180f26762d152d0,CANONICAL_PRIMARY,Official NASA GES DISC canonical granule file
3B-HHR.MS.MRG.3IMERG.20200531-S150000-E152959.0900.V07B.HDF5,3B-HHR.MS.MRG.3IMERG.20200531-S150000-E152959.0900.V07B.HDF5,True,False,7964979,4504faeecb1d9323799cce9910ab2bd25702d6b4e08702021e4bc3b26a9d75ed,CANONICAL_PRIMARY,Official NASA GES DISC canonical granule file
3B-HHR.MS.MRG.3IMERG.20200531-S180000-E182959.1080.V07B.HDF5,3B-HHR.MS.MRG.3IMERG.20200531-S180000-E182959.1080.V07B.HDF5,True,False,7924023,195d7903d95164723de45f561589ba19d1e52fcb21e83c591d75f3dddd4da458,CANONICAL_PRIMARY,Official NASA GES DISC canonical granule file
3B-HHR.MS.MRG.3IMERG.20200531-S210000-E212959.1260.V07B.HDF5,3B-HHR.MS.MRG.3IMERG.20200531-S210000-E212959.1260.V07B.HDF5,True,False,7987741,6b570879274cdd6473595b2691404fe752263fd5e515d3066465e72728328d21,CANONICAL_PRIMARY,Official NASA GES DISC canonical granule file
3B-HHR.MS.MRG.3IMERG.20200601-S000000-E002959.0000.V07B.HDF5,3B-HHR.MS.MRG.3IMERG.20200601-S000000-E002959.0000.V07B.HDF5,True,False,7691650,b33e0c7aff2edeeb0ffb598b456c38a95b683a7b87c10dc66b1af60e2e5c7631,CANONICAL_PRIMARY,Official NASA GES DISC canonical granule file
3B-HHR.MS.MRG.3IMERG.20200601-S030000-E032959.0180.V07B.HDF5,3B-HHR.MS.MRG.3IMERG.20200601-S030000-E032959.0180.V07B.HDF5,True,False,7554739,47e1f6522873c616c8fc6dfdabcc323354f5e3b82ed5662d1ec76ba91556ade7,CANONICAL_PRIMARY,Official NASA GES DISC canonical granule file
3B-HHR.MS.MRG.3IMERG.20200601-S060000-E062959.0360.V07B.HDF5,3B-HHR.MS.MRG.3IMERG.20200601-S060000-E062959.0360.V07B.HDF5,True,False,7761020,a8a301217cc96b864229c9dbf350a6a4897331607934f01a4242850272e77e88,CANONICAL_PRIMARY,Official NASA GES DISC canonical granule file
3B-HHR.MS.MRG.3IMERG.20201121-S030000-E032959.0180.V07B.HDF5,3B-HHR.MS.MRG.3IMERG.20201121-S030000-E032959.0180.V07B.HDF5,True,False,7709907,cb99d87e70d3a071db3b666f4d5d074149f7e8b1dda46664b3e5fb4587621e05,CANONICAL_PRIMARY,Official NASA GES DISC canonical granule file
3B-HHR.MS.MRG.3IMERG.20201121-S060000-E062959.0360.V07B.HDF5,3B-HHR.MS.MRG.3IMERG.20201121-S060000-E062959.0360.V07B.HDF5,True,False,7670951,97dc4106b6d24f792ce97871201d0d44890bbb6601c54595a189c3763dc36c57,CANONICAL_PRIMARY,Official NASA GES DISC canonical granule file
3B-HHR.MS.MRG.3IMERG.20201121-S090000-E092959.0540.V07B.HDF5,3B-HHR.MS.MRG.3IMERG.20201121-S090000-E092959.0540.V07B.HDF5,True,False,7723643,3981ec9da1bee4ad9036d5f70f1b5ef3af897ff530ae00a8fa1141b26350d2c1,CANONICAL_PRIMARY,Official NASA GES DISC canonical granule file
3B-HHR.MS.MRG.3IMERG.20201121-S120000-E122959.0720.V07B.HDF5,3B-HHR.MS.MRG.3IMERG.20201121-S120000-E122959.0720.V07B.HDF5,True,False,7466852,9bff614970287b74455200fbbfeb9a65df4a50b8df3a040461416742116212e7,CANONICAL_PRIMARY,Official NASA GES DISC canonical granule file
3B-HHR.MS.MRG.3IMERG.20201121-S150000-E152959.0900.V07B.HDF5,3B-HHR.MS.MRG.3IMERG.20201121-S150000-E152959.0900.V07B.HDF5,True,False,7671568,97f3fdc916c79650fa5e844b656b80b623195f9ca11587f9c92e57b1c5333ba9,CANONICAL_PRIMARY,Official NASA GES DISC canonical granule file
3B-HHR.MS.MRG.3IMERG.20201121-S180000-E182959.1080.V07B.HDF5,3B-HHR.MS.MRG.3IMERG.20201121-S180000-E182959.1080.V07B.HDF5,True,False,7571813,b40d65d9c78114dfd86ca469ad3a4b6964910bd1a3bf22f796d6361fb60ba3cc,CANONICAL_PRIMARY,Official NASA GES DISC canonical granule file
3B-HHR.MS.MRG.3IMERG.20201121-S210000-E212959.1260.V07B.HDF5,3B-HHR.MS.MRG.3IMERG.20201121-S210000-E212959.1260.V07B.HDF5,True,False,7517460,8587915c3a181f8e613912387eb8251f4692a8f7053eeb7ffede57314576cbc2,CANONICAL_PRIMARY,Official NASA GES DISC canonical granule file
3B-HHR.MS.MRG.3IMERG.20201122-S000000-E002959.0000.V07B.HDF5,3B-HHR.MS.MRG.3IMERG.20201122-S000000-E002959.0000.V07B.HDF5,True,False,7332108,429a4100ccca5679c395db8642bdbd6e610231ba7e688a72eb7550bd372b760c,CANONICAL_PRIMARY,Official NASA GES DISC canonical granule file
3B-HHR.MS.MRG.3IMERG.20201122-S030000-E032959.0180.V07B.HDF5,3B-HHR.MS.MRG.3IMERG.20201122-S030000-E032959.0180.V07B.HDF5,True,False,7399185,b6ae6803702d62e71f36e787e3e04cd31a9dfbff94cd91b4911b79ec1847426b,CANONICAL_PRIMARY,Official NASA GES DISC canonical granule file
3B-HHR.MS.MRG.3IMERG.20201122-S090000-E092959.0540.V07B.HDF5,3B-HHR.MS.MRG.3IMERG.20201122-S090000-E092959.0540.V07B.HDF5,True,False,7342404,d39286135682e48a7460771f0102c1ee67e7c97b72e83e47029a880a1ae44a9a,CANONICAL_PRIMARY,Official NASA GES DISC canonical granule file
3B-HHR.MS.MRG.3IMERG.20201122-S120000-E122959.0720.V07B.HDF5,3B-HHR.MS.MRG.3IMERG.20201122-S120000-E122959.0720.V07B.HDF5,True,False,7308383,a21bee3df9c78de5b0b8a57578daed3362c5c7ebbf9a25ef59fdd988f7b92775,CANONICAL_PRIMARY,Official NASA GES DISC canonical granule file
3B-HHR.MS.MRG.3IMERG.20201122-S150000-E152959.0900.V07B.HDF5,3B-HHR.MS.MRG.3IMERG.20201122-S150000-E152959.0900.V07B.HDF5,True,False,7391148,b7ba4de695dc017aeb146aa18c52a16f91698e7e663d7853a3ab779674476e95,CANONICAL_PRIMARY,Official NASA GES DISC canonical granule file
3B-HHR.MS.MRG.3IMERG.20201122-S180000-E182959.1080.V07B.HDF5,3B-HHR.MS.MRG.3IMERG.20201122-S180000-E182959.1080.V07B.HDF5,True,False,7533346,c2c42ced87c9aa8f1032fef876e579d64de170f9bfd77292eae04641b51ab1e6,CANONICAL_PRIMARY,Official NASA GES DISC canonical granule file
3B-HHR.MS.MRG.3IMERG.20201122-S210000-E212959.1260.V07B.HDF5,3B-HHR.MS.MRG.3IMERG.20201122-S210000-E212959.1260.V07B.HDF5,True,False,7538834,90c8640eb8997666bb7c1b80550d9d7f4c9a83a281e35af83c1e7ae870f663e8,CANONICAL_PRIMARY,Official NASA GES DISC canonical granule file
3B-HHR.MS.MRG.3IMERG.20201123-S000000-E002959.0000.V07B.HDF5,3B-HHR.MS.MRG.3IMERG.20201123-S000000-E002959.0000.V07B.HDF5,True,False,7255999,fb71e9f4879b2299367d199bd2fb83baa737257875855b124c9017e6dc079651,CANONICAL_PRIMARY,Official NASA GES DISC canonical granule file
3B-HHR.MS.MRG.3IMERG.20201123-S030000-E032959.0180.V07B.HDF5,3B-HHR.MS.MRG.3IMERG.20201123-S030000-E032959.0180.V07B.HDF5,True,False,7383333,0fade25c9cf5e694ca0001dab73101d94a58ba0f05413e59608aaa1f3bbe4786,CANONICAL_PRIMARY,Official NASA GES DISC canonical granule file
3B-HHR.MS.MRG.3IMERG.20201123-S060000-E062959.0360.V07B.HDF5,3B-HHR.MS.MRG.3IMERG.20201123-S060000-E062959.0360.V07B.HDF5,True,False,7620179,e990076bd57f39060ee6d7e3f03a8acca387314cbf82efc57f66a839392d9e99,CANONICAL_PRIMARY,Official NASA GES DISC canonical granule file
3B-HHR.MS.MRG.3IMERG.20201123-S090000-E092959.0540.V07B.HDF5,3B-HHR.MS.MRG.3IMERG.20201123-S090000-E092959.0540.V07B.HDF5,True,False,7410187,8066baa2af1238f7573978c3596f93ffa8ba4f6f6af93302432dcc0533b7abdf,CANONICAL_PRIMARY,Official NASA GES DISC canonical granule file
3B-HHR.MS.MRG.3IMERG.20201123-S120000-E122959.0720.V07B.HDF5,3B-HHR.MS.MRG.3IMERG.20201123-S120000-E122959.0720.V07B.HDF5,True,False,7288361,7b0ee6118061f294815e404dc96cd2a86d1508857f6e651c24a361e6dff28111,CANONICAL_PRIMARY,Official NASA GES DISC canonical granule file
3B-HHR.MS.MRG.3IMERG.20201123-S150000-E152959.0900.V07B.HDF5,3B-HHR.MS.MRG.3IMERG.20201123-S150000-E152959.0900.V07B.HDF5,True,False,7293035,c5f4b5d8d285a7b3b799c5eb9264e3f4bb8d74f822246c9da133fc5865f98924,CANONICAL_PRIMARY,Official NASA GES DISC canonical granule file
3B-HHR.MS.MRG.3IMERG.20201123-S180000-E182959.1080.V07B.HDF5,3B-HHR.MS.MRG.3IMERG.20201123-S180000-E182959.1080.V07B.HDF5,True,False,7369714,c2ef54c9bdded61a3c5645c3226df70128fb039330f84bcca1202fcac5020a9b,CANONICAL_PRIMARY,Official NASA GES DISC canonical granule file
3B-HHR.MS.MRG.3IMERG.20201123-S210000-E212959.1260.V07B.HDF5,3B-HHR.MS.MRG.3IMERG.20201123-S210000-E212959.1260.V07B.HDF5,True,False,7270104,9cb868e5ac17471a239526c54865d536ac9653fab7afd4085c86f5268b036ed8,CANONICAL_PRIMARY,Official NASA GES DISC canonical granule file
3B-HHR.MS.MRG.3IMERG.20201124-S000000-E002959.0000.V07B.HDF5,3B-HHR.MS.MRG.3IMERG.20201124-S000000-E002959.0000.V07B.HDF5,True,False,7428741,67608a62d6f068bffd509a566cafeb180fee9a5b9a5c2b0763a0c6f2bf5a5f35,CANONICAL_PRIMARY,Official NASA GES DISC canonical granule file
3B-HHR.MS.MRG.3IMERG.20201124-S030000-E032959.0180.V07B.HDF5,3B-HHR.MS.MRG.3IMERG.20201124-S030000-E032959.0180.V07B.HDF5,True,False,7399950,49b7599c97957268d382f16c135d431b9f353b93a40082474d99fba2715803ce,CANONICAL_PRIMARY,Official NASA GES DISC canonical granule file
3B-HHR.MS.MRG.3IMERG.20201124-S060000-E062959.0360.V07B.HDF5,3B-HHR.MS.MRG.3IMERG.20201124-S060000-E062959.0360.V07B.HDF5,True,False,7492921,22c5f8da9558dfa549693124cfe0285cbbb9da57c49224157be9f70635cddd46,CANONICAL_PRIMARY,Official NASA GES DISC canonical granule file
3B-HHR.MS.MRG.3IMERG.20201124-S090000-E092959.0540.V07B.HDF5,3B-HHR.MS.MRG.3IMERG.20201124-S090000-E092959.0540.V07B.HDF5,True,False,7400189,d5969cdffc725414c3a1dc6fbfe5049826004ba0a2cb42ef98333668fc3cd15c,CANONICAL_PRIMARY,Official NASA GES DISC canonical granule file
3B-HHR.MS.MRG.3IMERG.20201124-S120000-E122959.0720.V07B.HDF5,3B-HHR.MS.MRG.3IMERG.20201124-S120000-E122959.0720.V07B.HDF5,True,False,7115030,8aec5b0206227a672d080bf9e8600494577439c1001c19ad07b58d3f5527ab9c,CANONICAL_PRIMARY,Official NASA GES DISC canonical granule file
3B-HHR.MS.MRG.3IMERG.20201124-S150000-E152959.0900.V07B.HDF5,3B-HHR.MS.MRG.3IMERG.20201124-S150000-E152959.0900.V07B.HDF5,True,False,7462461,2112468e69f7e7b3980722b0f5233dc3b035d51df837e89419c7c6a1466d9afe,CANONICAL_PRIMARY,Official NASA GES DISC canonical granule file
3B-HHR.MS.MRG.3IMERG.20201124-S180000-E182959.1080.V07B.HDF5,3B-HHR.MS.MRG.3IMERG.20201124-S180000-E182959.1080.V07B.HDF5,True,False,7574706,ec4a81b6a42f9dc9299e8a4492bdc4d4731aa9650f02abcfcb27f31cb50c3e9b,CANONICAL_PRIMARY,Official NASA GES DISC canonical granule file
3B-HHR.MS.MRG.3IMERG.20201129-S090000-E092959.0540.V07B.HDF5,3B-HHR.MS.MRG.3IMERG.20201129-S090000-E092959.0540.V07B.HDF5,True,False,7853868,704b16e56eb2c8461fb00180569532bb2988e389b1569a2f00f0ed6ca3d71ce4,CANONICAL_PRIMARY,Official NASA GES DISC canonical granule file
3B-HHR.MS.MRG.3IMERG.20201129-S120000-E122959.0720.V07B.HDF5,3B-HHR.MS.MRG.3IMERG.20201129-S120000-E122959.0720.V07B.HDF5,True,False,7590876,09a699b2cf1051eb05304f9bd95ac29eb8e4ebbabf6fc3d5e60fbf939d0a4b6c,CANONICAL_PRIMARY,Official NASA GES DISC canonical granule file
3B-HHR.MS.MRG.3IMERG.20201129-S150000-E152959.0900.V07B.HDF5,3B-HHR.MS.MRG.3IMERG.20201129-S150000-E152959.0900.V07B.HDF5,True,False,7936364,4395d0d8d2529423021dc7102ddc4b58d1a00798cb187406b510637fe81e8581,CANONICAL_PRIMARY,Official NASA GES DISC canonical granule file
3B-HHR.MS.MRG.3IMERG.20201129-S180000-E182959.1080.V07B.HDF5,3B-HHR.MS.MRG.3IMERG.20201129-S180000-E182959.1080.V07B.HDF5,True,False,7792386,9552d658ccb9818c5e610bbdf77901536df632bd0c3fd9519d02820bace5c963,CANONICAL_PRIMARY,Official NASA GES DISC canonical granule file
3B-HHR.MS.MRG.3IMERG.20201129-S210000-E212959.1260.V07B.HDF5,3B-HHR.MS.MRG.3IMERG.20201129-S210000-E212959.1260.V07B.HDF5,True,False,7882891,ade5149d1d77f2b2eca62367728108a42b43910a0d63862764f7edcc27395c52,CANONICAL_PRIMARY,Official NASA GES DISC canonical granule file
3B-HHR.MS.MRG.3IMERG.20201130-S000000-E002959.0000.V07B.HDF5,3B-HHR.MS.MRG.3IMERG.20201130-S000000-E002959.0000.V07B.HDF5,True,False,7659035,9443497569ce4f8e3f963afb3476dd85a5aaa9401de35e802223f85787256782,CANONICAL_PRIMARY,Official NASA GES DISC canonical granule file
3B-HHR.MS.MRG.3IMERG.20201130-S030000-E032959.0180.V07B.HDF5,3B-HHR.MS.MRG.3IMERG.20201130-S030000-E032959.0180.V07B.HDF5,True,False,7689061,dc7aab5f8a69dcd39bdb7c7334a710e172db2e4d96337ed5e3652de5a9e82071,CANONICAL_PRIMARY,Official NASA GES DISC canonical granule file
3B-HHR.MS.MRG.3IMERG.20201130-S060000-E062959.0360.V07B.HDF5,3B-HHR.MS.MRG.3IMERG.20201130-S060000-E062959.0360.V07B.HDF5,True,False,7765813,d3b9c53fbce801df0f50b9b8a34502b50ee4fc201824351eead5a4fb20b70d91,CANONICAL_PRIMARY,Official NASA GES DISC canonical granule file
3B-HHR.MS.MRG.3IMERG.20201130-S090000-E092959.0540.V07B.HDF5,3B-HHR.MS.MRG.3IMERG.20201130-S090000-E092959.0540.V07B.HDF5,True,False,7611292,e5f1149441b0a6b360ca019cb2aba44e8bfe471a1d890f2cfa554cbb02b4baa7,CANONICAL_PRIMARY,Official NASA GES DISC canonical granule file
3B-HHR.MS.MRG.3IMERG.20201130-S120000-E122959.0720.V07B.HDF5,3B-HHR.MS.MRG.3IMERG.20201130-S120000-E122959.0720.V07B.HDF5,True,False,7402535,1b1b34fb017e1cc7358d2b1549831a9f0d131d73ed642ea7531dc3ccae1ea93e,CANONICAL_PRIMARY,Official NASA GES DISC canonical granule file
3B-HHR.MS.MRG.3IMERG.20201130-S150000-E152959.0900.V07B.HDF5,3B-HHR.MS.MRG.3IMERG.20201130-S150000-E152959.0900.V07B.HDF5,True,False,7705480,4dea3734481e67e8cdc8f721509e29f8023e008aa2714210c33d0a19629d544d,CANONICAL_PRIMARY,Official NASA GES DISC canonical granule file
3B-HHR.MS.MRG.3IMERG.20201130-S180000-E182959.1080.V07B.HDF5,3B-HHR.MS.MRG.3IMERG.20201130-S180000-E182959.1080.V07B.HDF5,True,False,7714081,2ba43900035165be6b1479bc549ab04cbe58f859e41e27448dc9ee3ae433c282,CANONICAL_PRIMARY,Official NASA GES DISC canonical granule file
3B-HHR.MS.MRG.3IMERG.20201130-S210000-E212959.1260.V07B.HDF5,3B-HHR.MS.MRG.3IMERG.20201130-S210000-E212959.1260.V07B.HDF5,True,False,7758828,bb205ffaa87121f7c585ee4501b85c33079ba6bf6e0242b62ee77da64c331c3e,CANONICAL_PRIMARY,Official NASA GES DISC canonical granule file
3B-HHR.MS.MRG.3IMERG.20201201-S000000-E002959.0000.V07B.HDF5,3B-HHR.MS.MRG.3IMERG.20201201-S000000-E002959.0000.V07B.HDF5,True,False,7609884,13447ed2b2b5026f9943065ee2a182f2104b09da113c8064787d21127afb52cd,CANONICAL_PRIMARY,Official NASA GES DISC canonical granule file
3B-HHR.MS.MRG.3IMERG.20201201-S030000-E032959.0180.V07B.HDF5,3B-HHR.MS.MRG.3IMERG.20201201-S030000-E032959.0180.V07B.HDF5,True,False,7592321,aedb6df74a094b536412b6017e4c331c4d71c39b55b52dfae6adc3af95195737,CANONICAL_PRIMARY,Official NASA GES DISC canonical granule file
3B-HHR.MS.MRG.3IMERG.20201201-S060000-E062959.0360.V07B.HDF5,3B-HHR.MS.MRG.3IMERG.20201201-S060000-E062959.0360.V07B.HDF5,True,False,7607006,c520eda4110b1b007b6333b3acd69dee86428b5323a7d0c46c887b717d7538aa,CANONICAL_PRIMARY,Official NASA GES DISC canonical granule file
3B-HHR.MS.MRG.3IMERG.20201201-S090000-E092959.0540.V07B.HDF5,3B-HHR.MS.MRG.3IMERG.20201201-S090000-E092959.0540.V07B.HDF5,True,False,7531808,5bcce960ef35babe61547aceea2cf17d3afa13df7559de8f0c2ba4fe89c46a97,CANONICAL_PRIMARY,Official NASA GES DISC canonical granule file
3B-HHR.MS.MRG.3IMERG.20201201-S120000-E122959.0720.V07B.HDF5,3B-HHR.MS.MRG.3IMERG.20201201-S120000-E122959.0720.V07B.HDF5,True,False,7594035,793cdc222ad9e87d9107a8c68382c72b740aa01ae362fdd80edff8049c231f9c,CANONICAL_PRIMARY,Official NASA GES DISC canonical granule file
3B-HHR.MS.MRG.3IMERG.20201201-S150000-E152959.0900.V07B.HDF5,3B-HHR.MS.MRG.3IMERG.20201201-S150000-E152959.0900.V07B.HDF5,True,False,7786965,79bed3e929cffafb8ece09d3582ffcfd6cedb36ec6caf8b7038bed41373decc6,CANONICAL_PRIMARY,Official NASA GES DISC canonical granule file
3B-HHR.MS.MRG.3IMERG.20201201-S180000-E182959.1080.V07B.HDF5,3B-HHR.MS.MRG.3IMERG.20201201-S180000-E182959.1080.V07B.HDF5,True,False,7840778,30de7123dcfb63ba6da988270dc0c277bdc977d3bd38d2b62a3ff64db82f1f37,CANONICAL_PRIMARY,Official NASA GES DISC canonical granule file
3B-HHR.MS.MRG.3IMERG.20201201-S210000-E212959.1260.V07B.HDF5,3B-HHR.MS.MRG.3IMERG.20201201-S210000-E212959.1260.V07B.HDF5,True,False,7666893,17981f8e1dac2b2b1491d388f54824b28ae291eaa8020a4a3852335bb2109220,CANONICAL_PRIMARY,Official NASA GES DISC canonical granule file
3B-HHR.MS.MRG.3IMERG.20201202-S000000-E002959.0000.V07B.HDF5,3B-HHR.MS.MRG.3IMERG.20201202-S000000-E002959.0000.V07B.HDF5,True,False,7484708,6c1d2b274633f3fd9a7d18131d24318c825a27f5421cdc0698ef53d51c68c1a9,CANONICAL_PRIMARY,Official NASA GES DISC canonical granule file
3B-HHR.MS.MRG.3IMERG.20201202-S030000-E032959.0180.V07B.HDF5,3B-HHR.MS.MRG.3IMERG.20201202-S030000-E032959.0180.V07B.HDF5,True,False,7551393,5702d4e57d240a5294e469c085ddb243b3118e650bbddee63bd0a63bbc8c6209,CANONICAL_PRIMARY,Official NASA GES DISC canonical granule file
3B-HHR.MS.MRG.3IMERG.20201202-S060000-E062959.0360.V07B.HDF5,3B-HHR.MS.MRG.3IMERG.20201202-S060000-E062959.0360.V07B.HDF5,True,False,7568466,4ca520f07e029860f576ea5c186526549041a68bfb7adec80ae697a3192aedb1,CANONICAL_PRIMARY,Official NASA GES DISC canonical granule file
3B-HHR.MS.MRG.3IMERG.20201202-S090000-E092959.0540.V07B.HDF5,3B-HHR.MS.MRG.3IMERG.20201202-S090000-E092959.0540.V07B.HDF5,True,False,7378428,4898527b227d359d528ae2178cbc2ffaffedac94e41d86f785d412e4ac577752,CANONICAL_PRIMARY,Official NASA GES DISC canonical granule file
3B-HHR.MS.MRG.3IMERG.20201202-S120000-E122959.0720.V07B.HDF5,3B-HHR.MS.MRG.3IMERG.20201202-S120000-E122959.0720.V07B.HDF5,True,False,7426002,d91128bdb8e583cfe806dca4a4ad483bf0310b0422b5e1c778beb1465b81cce6,CANONICAL_PRIMARY,Official NASA GES DISC canonical granule file
3B-HHR.MS.MRG.3IMERG.20201202-S150000-E152959.0900.V07B.HDF5,3B-HHR.MS.MRG.3IMERG.20201202-S150000-E152959.0900.V07B.HDF5,True,False,7623391,e7addf1435e70a38df61c22ec47d5e1c0bd7c48d2b9a4d5844df52283f4a64fc,CANONICAL_PRIMARY,Official NASA GES DISC canonical granule file
3B-HHR.MS.MRG.3IMERG.20201202-S180000-E182959.1080.V07B.HDF5,3B-HHR.MS.MRG.3IMERG.20201202-S180000-E182959.1080.V07B.HDF5,True,False,7796075,0a6599c02f2f6912f2efa751c8b685a973899dfc641a5b1329645d1aea9d4063,CANONICAL_PRIMARY,Official NASA GES DISC canonical granule file
3B-HHR.MS.MRG.3IMERG.20201202-S210000-E212959.1260.V07B.HDF5,3B-HHR.MS.MRG.3IMERG.20201202-S210000-E212959.1260.V07B.HDF5,True,False,7734908,94c8d38b32e139612bb480a03686e8622f78162e545fd4f8bcc5be9283d9c125,CANONICAL_PRIMARY,Official NASA GES DISC canonical granule file
3B-HHR.MS.MRG.3IMERG.20201203-S000000-E002959.0000.V07B.HDF5,3B-HHR.MS.MRG.3IMERG.20201203-S000000-E002959.0000.V07B.HDF5,True,False,7596957,3cb037a4325f870c754840968312427904fb314d388425beb10a687086e54ea4,CANONICAL_PRIMARY,Official NASA GES DISC canonical granule file
3B-HHR.MS.MRG.3IMERG.20201203-S030000-E032959.0180.V07B.HDF5,3B-HHR.MS.MRG.3IMERG.20201203-S030000-E032959.0180.V07B.HDF5,True,False,7727195,abaf2028eb9311fbe3a0953d9ac326ca99a619135ef120c2c7ec30db250c4929,CANONICAL_PRIMARY,Official NASA GES DISC canonical granule file
3B-HHR.MS.MRG.3IMERG.20210513-S150000-E152959.0900.V07B.HDF5,3B-HHR.MS.MRG.3IMERG.20210513-S150000-E152959.0900.V07B.HDF5,True,False,8123277,edb2047f8ed8a6fa00e8ce2119c214b2d76caead41b77c23bf6a4fea2a955861,CANONICAL_PRIMARY,Official NASA GES DISC canonical granule file
3B-HHR.MS.MRG.3IMERG.20210513-S180000-E182959.1080.V07B.HDF5,3B-HHR.MS.MRG.3IMERG.20210513-S180000-E182959.1080.V07B.HDF5,True,False,7958285,cfefcf56a3c788d8b7a80b735c4b3a594cb192b9d7cc130ccf6b20dd1d66dfe4,CANONICAL_PRIMARY,Official NASA GES DISC canonical granule file
3B-HHR.MS.MRG.3IMERG.20210513-S210000-E212959.1260.V07B.HDF5,3B-HHR.MS.MRG.3IMERG.20210513-S210000-E212959.1260.V07B.HDF5,True,False,8001813,1465d9536ef83d698f9c09e23b86429ded26b370b6e0375e9838d8f98cabb44a,CANONICAL_PRIMARY,Official NASA GES DISC canonical granule file
3B-HHR.MS.MRG.3IMERG.20210514-S000000-E002959.0000.V07B.HDF5,3B-HHR.MS.MRG.3IMERG.20210514-S000000-E002959.0000.V07B.HDF5,True,False,8034216,109a7cd499bc5bc2c7c25176d9882033798341c3b7135d0a441b9cf8ec6656d2,CANONICAL_PRIMARY,Official NASA GES DISC canonical granule file
3B-HHR.MS.MRG.3IMERG.20210514-S030000-E032959.0180.V07B.HDF5,3B-HHR.MS.MRG.3IMERG.20210514-S030000-E032959.0180.V07B.HDF5,True,False,7957625,0c7d44ea8c2272bc5b229470dc00287589345bdcf263533a26c3760b9200da21,CANONICAL_PRIMARY,Official NASA GES DISC canonical granule file
3B-HHR.MS.MRG.3IMERG.20210514-S060000-E062959.0360.V07B.HDF5,3B-HHR.MS.MRG.3IMERG.20210514-S060000-E062959.0360.V07B.HDF5,True,False,7842021,cfbfd5bf2295474ae161e8937985e49cfaefb79b5f5ea66fab4c44cf63b99876,CANONICAL_PRIMARY,Official NASA GES DISC canonical granule file
3B-HHR.MS.MRG.3IMERG.20210514-S090000-E092959.0540.V07B.HDF5,3B-HHR.MS.MRG.3IMERG.20210514-S090000-E092959.0540.V07B.HDF5,True,False,7908992,b004f76c3eaa94b994a1081b0c2e6557a5dfb1d88b7df02bffba93d17eece91e,CANONICAL_PRIMARY,Official NASA GES DISC canonical granule file
3B-HHR.MS.MRG.3IMERG.20210514-S120000-E122959.0720.V07B.HDF5,3B-HHR.MS.MRG.3IMERG.20210514-S120000-E122959.0720.V07B.HDF5,True,False,7857156,aaae0d1bb66107d0d9678097b9b95b3f4709b6b9d4cff6d9807f4c81f3e5c565,CANONICAL_PRIMARY,Official NASA GES DISC canonical granule file
3B-HHR.MS.MRG.3IMERG.20210514-S150000-E152959.0900.V07B.HDF5,3B-HHR.MS.MRG.3IMERG.20210514-S150000-E152959.0900.V07B.HDF5,True,False,7867545,fb379795c5dd7b6e693d49274043c3a791e69ba5ef5fa1b3c6e4c06026e4fbe8,CANONICAL_PRIMARY,Official NASA GES DISC canonical granule file
3B-HHR.MS.MRG.3IMERG.20210514-S180000-E182959.1080.V07B.HDF5,3B-HHR.MS.MRG.3IMERG.20210514-S180000-E182959.1080.V07B.HDF5,True,False,7885280,06d4f9be195b5fb777be7493e16cebee232af8245bbe01d3ea450618816c2253,CANONICAL_PRIMARY,Official NASA GES DISC canonical granule file
3B-HHR.MS.MRG.3IMERG.20210514-S210000-E212959.1260.V07B.HDF5,3B-HHR.MS.MRG.3IMERG.20210514-S210000-E212959.1260.V07B.HDF5,True,False,8180860,39e923a39fbc8935dcfb7c12caa2c22dc78771f3e2e2242a9ed104472b3c2cd6,CANONICAL_PRIMARY,Official NASA GES DISC canonical granule file
3B-HHR.MS.MRG.3IMERG.20210515-S000000-E002959.0000.V07B.HDF5,3B-HHR.MS.MRG.3IMERG.20210515-S000000-E002959.0000.V07B.HDF5,True,False,7860806,7529aef91bd127677b81469450322b747096348c6371fbd1f8fad467b2366b7c,CANONICAL_PRIMARY,Official NASA GES DISC canonical granule file
3B-HHR.MS.MRG.3IMERG.20210515-S030000-E032959.0180.V07B.HDF5,3B-HHR.MS.MRG.3IMERG.20210515-S030000-E032959.0180.V07B.HDF5,True,False,7740114,f67435c2bd38922391f8bd143e3c7e8f35e6ba23bc5e1f254b3501a6f5424651,CANONICAL_PRIMARY,Official NASA GES DISC canonical granule file
3B-HHR.MS.MRG.3IMERG.20210515-S060000-E062959.0360.V07B.HDF5,3B-HHR.MS.MRG.3IMERG.20210515-S060000-E062959.0360.V07B.HDF5,True,False,7837982,010264c99f17a1d06b1d13632dda9bb7fff31b1838204af9478082cecc8ad915,CANONICAL_PRIMARY,Official NASA GES DISC canonical granule file
3B-HHR.MS.MRG.3IMERG.20210515-S090000-E092959.0540.V07B.HDF5,3B-HHR.MS.MRG.3IMERG.20210515-S090000-E092959.0540.V07B.HDF5,True,False,7928615,bbee7ba08ed4812c514e92ea07c39119c9678285114beb65339fb6fda1d982a9,CANONICAL_PRIMARY,Official NASA GES DISC canonical granule file
3B-HHR.MS.MRG.3IMERG.20210515-S120000-E122959.0720.V07B.HDF5,3B-HHR.MS.MRG.3IMERG.20210515-S120000-E122959.0720.V07B.HDF5,True,False,7891379,fc33315c552068ff31502863435f18e8238970d6e98465b7ccc328df330d6d60,CANONICAL_PRIMARY,Official NASA GES DISC canonical granule file
3B-HHR.MS.MRG.3IMERG.20210515-S150000-E152959.0900.V07B.HDF5,3B-HHR.MS.MRG.3IMERG.20210515-S150000-E152959.0900.V07B.HDF5,True,False,8030798,df792138dcb1ec3b93846cf9634306924b8ed16598a3a5d6d05ee02a94b8f452,CANONICAL_PRIMARY,Official NASA GES DISC canonical granule file
3B-HHR.MS.MRG.3IMERG.20210515-S180000-E182959.1080.V07B.HDF5,3B-HHR.MS.MRG.3IMERG.20210515-S180000-E182959.1080.V07B.HDF5,True,False,8034104,a03a8f943e2079ba062583f49f264b8c3541ac7b4111ae3e7dad9971f0d1aeb5,CANONICAL_PRIMARY,Official NASA GES DISC canonical granule file
3B-HHR.MS.MRG.3IMERG.20210515-S210000-E212959.1260.V07B.HDF5,3B-HHR.MS.MRG.3IMERG.20210515-S210000-E212959.1260.V07B.HDF5,True,False,8221223,4049b5c184d57cda6eba3d1f92e5d3de302144f5c8cca6fb4855cfbcb079206e,CANONICAL_PRIMARY,Official NASA GES DISC canonical granule file
3B-HHR.MS.MRG.3IMERG.20210516-S000000-E002959.0000.V07B.HDF5,3B-HHR.MS.MRG.3IMERG.20210516-S000000-E002959.0000.V07B.HDF5,True,False,7926626,190228778030794de5810253bd10f61fe60c88b4486864c23e8f5909d6a9dcc1,CANONICAL_PRIMARY,Official NASA GES DISC canonical granule file
3B-HHR.MS.MRG.3IMERG.20210516-S030000-E032959.0180.V07B.HDF5,3B-HHR.MS.MRG.3IMERG.20210516-S030000-E032959.0180.V07B.HDF5,True,False,7838976,63e8c8ca72144ca71edd4b3bdda3f2b89d329a4e6ee64d1e40dca65c9e839161,CANONICAL_PRIMARY,Official NASA GES DISC canonical granule file
3B-HHR.MS.MRG.3IMERG.20210516-S060000-E062959.0360.V07B.HDF5,3B-HHR.MS.MRG.3IMERG.20210516-S060000-E062959.0360.V07B.HDF5,True,False,7894689,2b5c637a2f12fabee54c9cbad83908f2082c4e41b352931d091ea53371a3046b,CANONICAL_PRIMARY,Official NASA GES DISC canonical granule file
3B-HHR.MS.MRG.3IMERG.20210516-S090000-E092959.0540.V07B.HDF5,3B-HHR.MS.MRG.3IMERG.20210516-S090000-E092959.0540.V07B.HDF5,True,False,7958375,44adfe9bd422b8a6bf45d3e3df4ec9cd0b2e375ea6f53b62704f05db6a02dc6d,CANONICAL_PRIMARY,Official NASA GES DISC canonical granule file
3B-HHR.MS.MRG.3IMERG.20210516-S120000-E122959.0720.V07B.HDF5,3B-HHR.MS.MRG.3IMERG.20210516-S120000-E122959.0720.V07B.HDF5,True,False,7806761,68110e271a579b373d102e3e4e5273a3696ec1ff5a78e1e53b51e0b8c2916952,CANONICAL_PRIMARY,Official NASA GES DISC canonical granule file
3B-HHR.MS.MRG.3IMERG.20210516-S150000-E152959.0900.V07B.HDF5,3B-HHR.MS.MRG.3IMERG.20210516-S150000-E152959.0900.V07B.HDF5,True,False,7971963,73a66d656fbadfb8e7773db14a89128f698387e9f1ea2079783e1313413923dc,CANONICAL_PRIMARY,Official NASA GES DISC canonical granule file
3B-HHR.MS.MRG.3IMERG.20210516-S180000-E182959.1080.V07B.HDF5,3B-HHR.MS.MRG.3IMERG.20210516-S180000-E182959.1080.V07B.HDF5,True,False,7971316,931894dc6277b2cdaeb4f96a3aa062d17ed8929c034f8fff1f5b234f7dd35194,CANONICAL_PRIMARY,Official NASA GES DISC canonical granule file
3B-HHR.MS.MRG.3IMERG.20210516-S210000-E212959.1260.V07B.HDF5,3B-HHR.MS.MRG.3IMERG.20210516-S210000-E212959.1260.V07B.HDF5,True,False,8047681,c508f3297b984e058dd87003224b3c2cf7e55785dd7e5bc7a6afb53e1e8bc1ae,CANONICAL_PRIMARY,Official NASA GES DISC canonical granule file
3B-HHR.MS.MRG.3IMERG.20210517-S000000-E002959.0000.V07B.HDF5,3B-HHR.MS.MRG.3IMERG.20210517-S000000-E002959.0000.V07B.HDF5,True,False,8043108,8e575591ab7b241ff2dd0461e723f19f0e367e9c56ae503f2274e41f0ae52ef8,CANONICAL_PRIMARY,Official NASA GES DISC canonical granule file
3B-HHR.MS.MRG.3IMERG.20210517-S030000-E032959.0180.V07B.HDF5,3B-HHR.MS.MRG.3IMERG.20210517-S030000-E032959.0180.V07B.HDF5,True,False,7872551,06cdd9e6a3ef7b06cdd50a26594ae3346a2f0bc629da282a0212b268a43d98d7,CANONICAL_PRIMARY,Official NASA GES DISC canonical granule file
3B-HHR.MS.MRG.3IMERG.20210517-S060000-E062959.0360.V07B.HDF5,3B-HHR.MS.MRG.3IMERG.20210517-S060000-E062959.0360.V07B.HDF5,True,False,8007611,4c0b6daafdcd8c7016a973f876b1e9ecf85bd279eca44c9aee166f3f7e617536,CANONICAL_PRIMARY,Official NASA GES DISC canonical granule file
3B-HHR.MS.MRG.3IMERG.20210522-S150000-E152959.0900.V07B.HDF5,3B-HHR.MS.MRG.3IMERG.20210522-S150000-E152959.0900.V07B.HDF5,True,False,8692741,b3d2c9e1066ef164ccc4e620b8c8dd3bb7c50a7ece2ef02d24abec6a8f0521ba,CANONICAL_PRIMARY,Official NASA GES DISC canonical granule file
3B-HHR.MS.MRG.3IMERG.20210522-S180000-E182959.1080.V07B.HDF5,3B-HHR.MS.MRG.3IMERG.20210522-S180000-E182959.1080.V07B.HDF5,True,False,8693677,5ad503cdb3f29ab36fe56214f79d413266b9f31b4028061d125c26bee0a591cb,CANONICAL_PRIMARY,Official NASA GES DISC canonical granule file
3B-HHR.MS.MRG.3IMERG.20210522-S210000-E212959.1260.V07B.HDF5,3B-HHR.MS.MRG.3IMERG.20210522-S210000-E212959.1260.V07B.HDF5,True,False,8632367,6431812a8c25e33ebe02a0336316f0d0203eb99967d09fb7e73084bb17d147b5,CANONICAL_PRIMARY,Official NASA GES DISC canonical granule file
3B-HHR.MS.MRG.3IMERG.20210523-S000000-E002959.0000.V07B.HDF5,3B-HHR.MS.MRG.3IMERG.20210523-S000000-E002959.0000.V07B.HDF5,True,False,8552441,7e900e59d34561bd6015b4e0861fc5546d9a9ec239db0fac0f790f99fb486689,CANONICAL_PRIMARY,Official NASA GES DISC canonical granule file
3B-HHR.MS.MRG.3IMERG.20210523-S030000-E032959.0180.V07B.HDF5,3B-HHR.MS.MRG.3IMERG.20210523-S030000-E032959.0180.V07B.HDF5,True,False,8536127,4d868e80e7b4049682438e1ec3d6f936108b15eed13fbf54f5553ce76e5b4196,CANONICAL_PRIMARY,Official NASA GES DISC canonical granule file
3B-HHR.MS.MRG.3IMERG.20210523-S060000-E062959.0360.V07B.HDF5,3B-HHR.MS.MRG.3IMERG.20210523-S060000-E062959.0360.V07B.HDF5,True,False,8540062,b311a5b086446b2f467debb21e7aa32db578883d70276339d91afb003325610b,CANONICAL_PRIMARY,Official NASA GES DISC canonical granule file
3B-HHR.MS.MRG.3IMERG.20210523-S090000-E092959.0540.V07B.HDF5,3B-HHR.MS.MRG.3IMERG.20210523-S090000-E092959.0540.V07B.HDF5,True,False,8687415,d0930a72e894d7398adf9cb89a3872e75e9168640005803bf850970b95b49fc3,CANONICAL_PRIMARY,Official NASA GES DISC canonical granule file
3B-HHR.MS.MRG.3IMERG.20210523-S120000-E122959.0720.V07B.HDF5,3B-HHR.MS.MRG.3IMERG.20210523-S120000-E122959.0720.V07B.HDF5,True,False,8460333,f08cf813c729806b0cf22d0e7deefa091749a682477af9d427240f900b8b0c69,CANONICAL_PRIMARY,Official NASA GES DISC canonical granule file
3B-HHR.MS.MRG.3IMERG.20210523-S150000-E152959.0900.V07B.HDF5,3B-HHR.MS.MRG.3IMERG.20210523-S150000-E152959.0900.V07B.HDF5,True,False,8501220,3a3e859540c9e76ec87e4ac4bfb6331e005ce6bf4c8ea28133a11193c5bc6ad2,CANONICAL_PRIMARY,Official NASA GES DISC canonical granule file
3B-HHR.MS.MRG.3IMERG.20210523-S180000-E182959.1080.V07B.HDF5,3B-HHR.MS.MRG.3IMERG.20210523-S180000-E182959.1080.V07B.HDF5,True,False,8520168,7201321bb6afd726487b757db9bf3101aad553f4637df03f5e76cf3ace384b47,CANONICAL_PRIMARY,Official NASA GES DISC canonical granule file
3B-HHR.MS.MRG.3IMERG.20210523-S210000-E212959.1260.V07B.HDF5,3B-HHR.MS.MRG.3IMERG.20210523-S210000-E212959.1260.V07B.HDF5,True,False,8555481,712a02d76e2ffc98cdf5858329c45ba912bd52b8aca65a8ed72a615dd397e7bd,CANONICAL_PRIMARY,Official NASA GES DISC canonical granule file
3B-HHR.MS.MRG.3IMERG.20210524-S000000-E002959.0000.V07B.HDF5,3B-HHR.MS.MRG.3IMERG.20210524-S000000-E002959.0000.V07B.HDF5,True,False,8410439,edd42d18614bfba2e30307c7124638660ec5769ae02732a3ba858d298662b86d,CANONICAL_PRIMARY,Official NASA GES DISC canonical granule file
3B-HHR.MS.MRG.3IMERG.20210524-S030000-E032959.0180.V07B.HDF5,3B-HHR.MS.MRG.3IMERG.20210524-S030000-E032959.0180.V07B.HDF5,True,False,8341467,71113228c7c860d012f7f910dd095e971a9e607b80b01c6fa5883161fc34b9cc,CANONICAL_PRIMARY,Official NASA GES DISC canonical granule file
3B-HHR.MS.MRG.3IMERG.20210524-S060000-E062959.0360.V07B.HDF5,3B-HHR.MS.MRG.3IMERG.20210524-S060000-E062959.0360.V07B.HDF5,True,False,8447864,fdc85c530be7f3356de266887eaee5f910eed99f75c9e5ac93a002904df05941,CANONICAL_PRIMARY,Official NASA GES DISC canonical granule file
3B-HHR.MS.MRG.3IMERG.20210524-S090000-E092959.0540.V07B.HDF5,3B-HHR.MS.MRG.3IMERG.20210524-S090000-E092959.0540.V07B.HDF5,True,False,8622337,a9bd8caf12edc0f2a802251c5183988669642c2f235a1e6fe600fdcbbbf537d0,CANONICAL_PRIMARY,Official NASA GES DISC canonical granule file
3B-HHR.MS.MRG.3IMERG.20210524-S120000-E122959.0720.V07B.HDF5,3B-HHR.MS.MRG.3IMERG.20210524-S120000-E122959.0720.V07B.HDF5,True,False,8610665,39a2a1d694dc044bec36ec9f3fdb677a620b55dfe130190f35ccb4eb46325ee3,CANONICAL_PRIMARY,Official NASA GES DISC canonical granule file
3B-HHR.MS.MRG.3IMERG.20210524-S150000-E152959.0900.V07B.HDF5,3B-HHR.MS.MRG.3IMERG.20210524-S150000-E152959.0900.V07B.HDF5,True,False,8605322,1a72d103a097a7b554ed977fb9037b1e83425d7e87ef67c8587d5de43e3c4115,CANONICAL_PRIMARY,Official NASA GES DISC canonical granule file
3B-HHR.MS.MRG.3IMERG.20210524-S180000-E182959.1080.V07B.HDF5,3B-HHR.MS.MRG.3IMERG.20210524-S180000-E182959.1080.V07B.HDF5,True,False,8643116,04584e0fb00be35363526ea117b0462218427dd3ab7cfac8804f32f1545bb6ae,CANONICAL_PRIMARY,Official NASA GES DISC canonical granule file
3B-HHR.MS.MRG.3IMERG.20210524-S210000-E212959.1260.V07B.HDF5,3B-HHR.MS.MRG.3IMERG.20210524-S210000-E212959.1260.V07B.HDF5,True,False,8552705,5eb19ffc69dc331fddacc4029f0e1a3d81d0f731b4e560633eca8815639ae4a2,CANONICAL_PRIMARY,Official NASA GES DISC canonical granule file
3B-HHR.MS.MRG.3IMERG.20210525-S000000-E002959.0000.V07B.HDF5,3B-HHR.MS.MRG.3IMERG.20210525-S000000-E002959.0000.V07B.HDF5,True,False,8479659,4a5762e2e54afc5a067626f0e40f42b1b5c68802f47773db761ace752ea2d683,CANONICAL_PRIMARY,Official NASA GES DISC canonical granule file
3B-HHR.MS.MRG.3IMERG.20210525-S030000-E032959.0180.V07B.HDF5,3B-HHR.MS.MRG.3IMERG.20210525-S030000-E032959.0180.V07B.HDF5,True,False,8371744,87db9b3e82023182108be808c4e7c2880d090bd802570097c5e581b984af71db,CANONICAL_PRIMARY,Official NASA GES DISC canonical granule file
3B-HHR.MS.MRG.3IMERG.20210525-S060000-E062959.0360.V07B.HDF5,3B-HHR.MS.MRG.3IMERG.20210525-S060000-E062959.0360.V07B.HDF5,True,False,8640508,ffcb05894430008e66eb410888f1cdbf08568d68c77e3c8430053775aff95a92,CANONICAL_PRIMARY,Official NASA GES DISC canonical granule file
3B-HHR.MS.MRG.3IMERG.20210525-S090000-E092959.0540.V07B.HDF5,3B-HHR.MS.MRG.3IMERG.20210525-S090000-E092959.0540.V07B.HDF5,True,False,8721945,5c46ccb91d6d8fe95a2a4ff654171bcdb2a76c9b96ed92fcc1c4249585fce3ed,CANONICAL_PRIMARY,Official NASA GES DISC canonical granule file
3B-HHR.MS.MRG.3IMERG.20210525-S120000-E122959.0720.V07B.HDF5,3B-HHR.MS.MRG.3IMERG.20210525-S120000-E122959.0720.V07B.HDF5,True,False,8577493,7a2b8352b22a99bf6d45d78d39e0dba2b40b1a8d971816cf9b2a52d24b07f706,CANONICAL_PRIMARY,Official NASA GES DISC canonical granule file
3B-HHR.MS.MRG.3IMERG.20210525-S150000-E152959.0900.V07B.HDF5,3B-HHR.MS.MRG.3IMERG.20210525-S150000-E152959.0900.V07B.HDF5,True,False,8743931,ebe93323ab05ea6f4b54d8b7ff79656cc9880816e88335fd454b815080561e6b,CANONICAL_PRIMARY,Official NASA GES DISC canonical granule file
3B-HHR.MS.MRG.3IMERG.20210525-S180000-E182959.1080.V07B.HDF5,3B-HHR.MS.MRG.3IMERG.20210525-S180000-E182959.1080.V07B.HDF5,True,False,8801788,80c70e7a79b8cccf1e896487373563f7905ea47e698abf57b9211daddef325bd,CANONICAL_PRIMARY,Official NASA GES DISC canonical granule file
3B-HHR.MS.MRG.3IMERG.20210911-S210000-E212959.1260.V07B.HDF5,3B-HHR.MS.MRG.3IMERG.20210911-S210000-E212959.1260.V07B.HDF5,True,False,8199033,322425a14a22bbcb9ecaca164b4d274ef53b114077a52ef4f51a3a87e1cc9be4,CANONICAL_PRIMARY,Official NASA GES DISC canonical granule file
3B-HHR.MS.MRG.3IMERG.20210912-S000000-E002959.0000.V07B.HDF5,3B-HHR.MS.MRG.3IMERG.20210912-S000000-E002959.0000.V07B.HDF5,True,False,8055768,e104427b172241a1d47e610f3647695a45e3bdaacb16e8336448de9cb772fc1d,CANONICAL_PRIMARY,Official NASA GES DISC canonical granule file
3B-HHR.MS.MRG.3IMERG.20210912-S030000-E032959.0180.V07B.HDF5,3B-HHR.MS.MRG.3IMERG.20210912-S030000-E032959.0180.V07B.HDF5,True,False,7882277,079f8e266389858cc6d165b2f8ebf42d72bc698db867f8da94b01ded76d58987,CANONICAL_PRIMARY,Official NASA GES DISC canonical granule file
3B-HHR.MS.MRG.3IMERG.20210912-S060000-E062959.0360.V07B.HDF5,3B-HHR.MS.MRG.3IMERG.20210912-S060000-E062959.0360.V07B.HDF5,True,False,7949446,3f833c1b37cc72bbfd02578f3a267d53feba0f48725b35e3a12fcddcab628447,CANONICAL_PRIMARY,Official NASA GES DISC canonical granule file
3B-HHR.MS.MRG.3IMERG.20210912-S090000-E092959.0540.V07B.HDF5,3B-HHR.MS.MRG.3IMERG.20210912-S090000-E092959.0540.V07B.HDF5,True,False,7996118,a490b9ec7baf84eb3e3325429d16c5a125224d4f2ace5fbe45089e8771661299,CANONICAL_PRIMARY,Official NASA GES DISC canonical granule file
3B-HHR.MS.MRG.3IMERG.20210912-S120000-E122959.0720.V07B.HDF5,3B-HHR.MS.MRG.3IMERG.20210912-S120000-E122959.0720.V07B.HDF5,True,False,7972876,7941c4a83821475ee52ea0082acb8cd5972b08ecf9145b8641e61fce21522fde,CANONICAL_PRIMARY,Official NASA GES DISC canonical granule file
3B-HHR.MS.MRG.3IMERG.20210912-S150000-E152959.0900.V07B.HDF5,3B-HHR.MS.MRG.3IMERG.20210912-S150000-E152959.0900.V07B.HDF5,True,False,8175895,78c59c183c4788a4c6bac9f6729fd7ede9f2057997d2b1a70c7ee8981f5a5daa,CANONICAL_PRIMARY,Official NASA GES DISC canonical granule file
3B-HHR.MS.MRG.3IMERG.20210912-S180000-E182959.1080.V07B.HDF5,3B-HHR.MS.MRG.3IMERG.20210912-S180000-E182959.1080.V07B.HDF5,True,False,8168713,d0129a66e77bb0154fc0f15775b037c6eb028ebab5c7c7d87246e83b4226e9fb,CANONICAL_PRIMARY,Official NASA GES DISC canonical granule file
3B-HHR.MS.MRG.3IMERG.20210923-S210000-E212959.1260.V07B.HDF5,3B-HHR.MS.MRG.3IMERG.20210923-S210000-E212959.1260.V07B.HDF5,True,False,8186062,df6169f38f75571930272a405b5637d1bbdc3dc3ba00c95e7310479b9fc280e8,CANONICAL_PRIMARY,Official NASA GES DISC canonical granule file
3B-HHR.MS.MRG.3IMERG.20210924-S000000-E002959.0000.V07B.HDF5,3B-HHR.MS.MRG.3IMERG.20210924-S000000-E002959.0000.V07B.HDF5,True,False,8029608,9f25c44d2cea74722b57da2ac0455dbbbcd7da3f22ccd06acdce40d77b153783,CANONICAL_PRIMARY,Official NASA GES DISC canonical granule file
3B-HHR.MS.MRG.3IMERG.20210924-S030000-E032959.0180.V07B.HDF5,3B-HHR.MS.MRG.3IMERG.20210924-S030000-E032959.0180.V07B.HDF5,True,False,8090437,b8b2b6243d92ed4b8fa34cb320737209984dcbb322d05f2bbd18b0fb55d2f7f1,CANONICAL_PRIMARY,Official NASA GES DISC canonical granule file
3B-HHR.MS.MRG.3IMERG.20210924-S060000-E062959.0360.V07B.HDF5,3B-HHR.MS.MRG.3IMERG.20210924-S060000-E062959.0360.V07B.HDF5,True,False,7953697,0217e0a40f1b83bf81e138228e524b9bbe736d0f13298a1371ea17b5f1b9fc14,CANONICAL_PRIMARY,Official NASA GES DISC canonical granule file
3B-HHR.MS.MRG.3IMERG.20210924-S090000-E092959.0540.V07B.HDF5,3B-HHR.MS.MRG.3IMERG.20210924-S090000-E092959.0540.V07B.HDF5,True,False,8000469,9f37354edba29330df8178fec3dd38f321a37695d8cee6c857eebcaca5c56dbe,CANONICAL_PRIMARY,Official NASA GES DISC canonical granule file
3B-HHR.MS.MRG.3IMERG.20210924-S120000-E122959.0720.V07B.HDF5,3B-HHR.MS.MRG.3IMERG.20210924-S120000-E122959.0720.V07B.HDF5,True,False,7841917,61264f56b73d0598fa8500254f11eb07527da4fdfa02633a27f57171120eb016,CANONICAL_PRIMARY,Official NASA GES DISC canonical granule file
3B-HHR.MS.MRG.3IMERG.20210924-S150000-E152959.0900.V07B.HDF5,3B-HHR.MS.MRG.3IMERG.20210924-S150000-E152959.0900.V07B.HDF5,True,False,7990743,b973c76022708058fc478534f8958979fcc38fd47953289587add0a0f1438bf7,CANONICAL_PRIMARY,Official NASA GES DISC canonical granule file
3B-HHR.MS.MRG.3IMERG.20210924-S180000-E182959.1080.V07B.HDF5,3B-HHR.MS.MRG.3IMERG.20210924-S180000-E182959.1080.V07B.HDF5,True,False,7848745,52355139f2f251dd76daa2e1fadd5359b35aa881447ca68cc5e86bc5cf38a2e1,CANONICAL_PRIMARY,Official NASA GES DISC canonical granule file
3B-HHR.MS.MRG.3IMERG.20210924-S210000-E212959.1260.V07B.HDF5,3B-HHR.MS.MRG.3IMERG.20210924-S210000-E212959.1260.V07B.HDF5,True,False,7959443,f6991507f2db647e250342d231d8eb07cbb8acf21f56deeed18d81b7942b2acb,CANONICAL_PRIMARY,Official NASA GES DISC canonical granule file
3B-HHR.MS.MRG.3IMERG.20210925-S000000-E002959.0000.V07B.HDF5,3B-HHR.MS.MRG.3IMERG.20210925-S000000-E002959.0000.V07B.HDF5,True,False,7813467,1cca5bc0068648a82502e41370616c61b0926a16434f246b61acc75a5127f28d,CANONICAL_PRIMARY,Official NASA GES DISC canonical granule file
3B-HHR.MS.MRG.3IMERG.20210925-S030000-E032959.0180.V07B.HDF5,3B-HHR.MS.MRG.3IMERG.20210925-S030000-E032959.0180.V07B.HDF5,True,False,7704416,a246b26867f8d131753afb9bb39445b32c79436d36d10fe3c7487f8c6ff5e41c,CANONICAL_PRIMARY,Official NASA GES DISC canonical granule file
3B-HHR.MS.MRG.3IMERG.20210925-S060000-E062959.0360.V07B.HDF5,3B-HHR.MS.MRG.3IMERG.20210925-S060000-E062959.0360.V07B.HDF5,True,False,7613150,9e693a9394605c1da85beb9593a6c404f8cf402046d946ae3f727bf12c1e2180,CANONICAL_PRIMARY,Official NASA GES DISC canonical granule file
3B-HHR.MS.MRG.3IMERG.20210925-S090000-E092959.0540.V07B.HDF5,3B-HHR.MS.MRG.3IMERG.20210925-S090000-E092959.0540.V07B.HDF5,True,False,7730106,701de4df2d6a172389a795dd9a4f3e0553743081f1a74c3955eff604470ecc04,CANONICAL_PRIMARY,Official NASA GES DISC canonical granule file
3B-HHR.MS.MRG.3IMERG.20210925-S120000-E122959.0720.V07B.HDF5,3B-HHR.MS.MRG.3IMERG.20210925-S120000-E122959.0720.V07B.HDF5,True,False,7796257,636a0df42b4b88b511a86425572b4ab0f5a5777cdf4a2c8bd9f0ad202f9d276a,CANONICAL_PRIMARY,Official NASA GES DISC canonical granule file
3B-HHR.MS.MRG.3IMERG.20210925-S150000-E152959.0900.V07B.HDF5,3B-HHR.MS.MRG.3IMERG.20210925-S150000-E152959.0900.V07B.HDF5,True,False,7854822,6ffad1fec8451db71b0bff3ea990672014a2c02af49707010decd26296089012,CANONICAL_PRIMARY,Official NASA GES DISC canonical granule file
3B-HHR.MS.MRG.3IMERG.20210925-S180000-E182959.1080.V07B.HDF5,3B-HHR.MS.MRG.3IMERG.20210925-S180000-E182959.1080.V07B.HDF5,True,False,7986739,31cc1993eed6046e23dc164b65e143370b3503549fe7ae1955ea02e3c3768f1b,CANONICAL_PRIMARY,Official NASA GES DISC canonical granule file
3B-HHR.MS.MRG.3IMERG.20210925-S210000-E212959.1260.V07B.HDF5,3B-HHR.MS.MRG.3IMERG.20210925-S210000-E212959.1260.V07B.HDF5,True,False,7928526,de058e97c99e2a98f83c1e00ca6eda76b31ee28e8e9136959bb2a59e25a4ed3d,CANONICAL_PRIMARY,Official NASA GES DISC canonical granule file
3B-HHR.MS.MRG.3IMERG.20210926-S000000-E002959.0000.V07B.HDF5,3B-HHR.MS.MRG.3IMERG.20210926-S000000-E002959.0000.V07B.HDF5,True,False,7798176,8bb244c29fc44ef3252bfacb0261473bf7b15f94e93c6fbb89f9a0f318174802,CANONICAL_PRIMARY,Official NASA GES DISC canonical granule file
3B-HHR.MS.MRG.3IMERG.20210926-S030000-E032959.0180.V07B.HDF5,3B-HHR.MS.MRG.3IMERG.20210926-S030000-E032959.0180.V07B.HDF5,True,False,7984679,93baeaef51cfb9936476dd64b6aeb96217eb10b9593a77815e94e28ed54a764d,CANONICAL_PRIMARY,Official NASA GES DISC canonical granule file
3B-HHR.MS.MRG.3IMERG.20210929-S090000-E092959.0540.V07B.HDF5,3B-HHR.MS.MRG.3IMERG.20210929-S090000-E092959.0540.V07B.HDF5,True,False,7789545,5d52b428d81add17475e44968d8970c00e886ed1ff0a6142929314d6edc116e6,CANONICAL_PRIMARY,Official NASA GES DISC canonical granule file
3B-HHR.MS.MRG.3IMERG.20210929-S120000-E122959.0720.V07B.HDF5,3B-HHR.MS.MRG.3IMERG.20210929-S120000-E122959.0720.V07B.HDF5,True,False,7710018,1dac01c44ac5a0b7fd3f14d027b92fda6cdb702378f60b36f52c136269317a2e,CANONICAL_PRIMARY,Official NASA GES DISC canonical granule file
3B-HHR.MS.MRG.3IMERG.20210929-S150000-E152959.0900.V07B.HDF5,3B-HHR.MS.MRG.3IMERG.20210929-S150000-E152959.0900.V07B.HDF5,True,False,7867360,36ea9e486131a5965fd091bd2022344e2d3dbc119cb0cb94dea30997b3c7116c,CANONICAL_PRIMARY,Official NASA GES DISC canonical granule file
3B-HHR.MS.MRG.3IMERG.20210929-S180000-E182959.1080.V07B.HDF5,3B-HHR.MS.MRG.3IMERG.20210929-S180000-E182959.1080.V07B.HDF5,True,False,8072646,b69c5b316476415bc72ea1fee3aabd347039e5a7bd34e45c0d4e169da66606ce,CANONICAL_PRIMARY,Official NASA GES DISC canonical granule file
3B-HHR.MS.MRG.3IMERG.20210929-S210000-E212959.1260.V07B.HDF5,3B-HHR.MS.MRG.3IMERG.20210929-S210000-E212959.1260.V07B.HDF5,True,False,8012417,ef24328c2fff38985973ec892daf92016fef2dffe33c93c753d43f33c35a3ac5,CANONICAL_PRIMARY,Official NASA GES DISC canonical granule file
3B-HHR.MS.MRG.3IMERG.20210930-S000000-E002959.0000.V07B.HDF5,3B-HHR.MS.MRG.3IMERG.20210930-S000000-E002959.0000.V07B.HDF5,True,False,7930312,dc4ae544487d45e19e84f1d4314f3b553d07e09353d5def43774032e8b417c9e,CANONICAL_PRIMARY,Official NASA GES DISC canonical granule file
3B-HHR.MS.MRG.3IMERG.20210930-S030000-E032959.0180.V07B.HDF5,3B-HHR.MS.MRG.3IMERG.20210930-S030000-E032959.0180.V07B.HDF5,True,False,7955217,8aafe81d84c336ccd559e1aa2f6c477c12f2ba2a8d3074d6462a2d2d81c6403c,CANONICAL_PRIMARY,Official NASA GES DISC canonical granule file
3B-HHR.MS.MRG.3IMERG.20210930-S060000-E062959.0360.V07B.HDF5,3B-HHR.MS.MRG.3IMERG.20210930-S060000-E062959.0360.V07B.HDF5,True,False,8123000,43324639a083494d5e9ac41346229c6106a3634efb9493200b63bf80efbaba43,CANONICAL_PRIMARY,Official NASA GES DISC canonical granule file
3B-HHR.MS.MRG.3IMERG.20210930-S090000-E092959.0540.V07B.HDF5,3B-HHR.MS.MRG.3IMERG.20210930-S090000-E092959.0540.V07B.HDF5,True,False,8142602,a569bcc25a792671225ebf5746930e058098d98da5db99238498f48e518986a4,CANONICAL_PRIMARY,Official NASA GES DISC canonical granule file
3B-HHR.MS.MRG.3IMERG.20210930-S120000-E122959.0720.V07B.HDF5,3B-HHR.MS.MRG.3IMERG.20210930-S120000-E122959.0720.V07B.HDF5,True,False,8042823,2e6bd5679da544acf6c7e6182c2b7de7f8aeff93a01c34c904fdbc94910f349d,CANONICAL_PRIMARY,Official NASA GES DISC canonical granule file
3B-HHR.MS.MRG.3IMERG.20210930-S150000-E152959.0900.V07B.HDF5,3B-HHR.MS.MRG.3IMERG.20210930-S150000-E152959.0900.V07B.HDF5,True,False,8162494,c40c02140b301973788c7427043fa8290bec2773afee32c09dc1bba9cdf125c7,CANONICAL_PRIMARY,Official NASA GES DISC canonical granule file
3B-HHR.MS.MRG.3IMERG.20210930-S180000-E182959.1080.V07B.HDF5,3B-HHR.MS.MRG.3IMERG.20210930-S180000-E182959.1080.V07B.HDF5,True,False,8304000,771b1c5386ac52f9260a59c20b2f5adbac72f2f25c03446a41353142b146ce15,CANONICAL_PRIMARY,Official NASA GES DISC canonical granule file
3B-HHR.MS.MRG.3IMERG.20210930-S210000-E212959.1260.V07B.HDF5,3B-HHR.MS.MRG.3IMERG.20210930-S210000-E212959.1260.V07B.HDF5,True,False,8386841,416bc0e8c8175c3e84036bca7c55be5a0858607871e0b18c3501c510e64f693b,CANONICAL_PRIMARY,Official NASA GES DISC canonical granule file
3B-HHR.MS.MRG.3IMERG.20211001-S000000-E002959.0000.V07B.HDF5,3B-HHR.MS.MRG.3IMERG.20211001-S000000-E002959.0000.V07B.HDF5,True,False,8094115,2110cd47d08aa216d0937b8179a91c7e3caef6e71d9a09f38a0b6795c2986f17,CANONICAL_PRIMARY,Official NASA GES DISC canonical granule file
3B-HHR.MS.MRG.3IMERG.20211001-S030000-E032959.0180.V07B.HDF5,3B-HHR.MS.MRG.3IMERG.20211001-S030000-E032959.0180.V07B.HDF5,True,False,8041065,3647940453805cc227b332425dae0e958d60a84e365b220928aa3be60d053c9c,CANONICAL_PRIMARY,Official NASA GES DISC canonical granule file
3B-HHR.MS.MRG.3IMERG.20211001-S060000-E062959.0360.V07B.HDF5,3B-HHR.MS.MRG.3IMERG.20211001-S060000-E062959.0360.V07B.HDF5,True,False,8036626,54c07976dd9bd2981534ffc1fa3e25f16f97c0503bf3a0a3357b72f5adc45e71,CANONICAL_PRIMARY,Official NASA GES DISC canonical granule file
3B-HHR.MS.MRG.3IMERG.20211001-S090000-E092959.0540.V07B.HDF5,3B-HHR.MS.MRG.3IMERG.20211001-S090000-E092959.0540.V07B.HDF5,True,False,8142041,1bad21d393c94301992f8c05f3fb1b5524b541f929dbbd0788fbc044065f8838,CANONICAL_PRIMARY,Official NASA GES DISC canonical granule file
3B-HHR.MS.MRG.3IMERG.20211001-S120000-E122959.0720.V07B.HDF5,3B-HHR.MS.MRG.3IMERG.20211001-S120000-E122959.0720.V07B.HDF5,True,False,8025505,de6c4295c9284b9da4917cbfcbafd169059603a008a08aa3a1a0b5641f0e0c19,CANONICAL_PRIMARY,Official NASA GES DISC canonical granule file
3B-HHR.MS.MRG.3IMERG.20211001-S150000-E152959.0900.V07B.HDF5,3B-HHR.MS.MRG.3IMERG.20211001-S150000-E152959.0900.V07B.HDF5,True,False,8157681,5040c2e44a6e872493ce61c96ba2afdd87e865d3f3da1c936383843d21dca404,CANONICAL_PRIMARY,Official NASA GES DISC canonical granule file
3B-HHR.MS.MRG.3IMERG.20211001-S180000-E182959.1080.V07B.HDF5,3B-HHR.MS.MRG.3IMERG.20211001-S180000-E182959.1080.V07B.HDF5,True,False,8150748,7d99efeae5bc8c3b93a932de016eb3f81f3f7c1741475c2a57208b5a55fdc73b,CANONICAL_PRIMARY,Official NASA GES DISC canonical granule file
3B-HHR.MS.MRG.3IMERG.20211001-S210000-E212959.1260.V07B.HDF5,3B-HHR.MS.MRG.3IMERG.20211001-S210000-E212959.1260.V07B.HDF5,True,False,8340944,57c3bd41f947c0e0c268bb11b62020a3137eea319706f6969f9ebe1666be56d3,CANONICAL_PRIMARY,Official NASA GES DISC canonical granule file
3B-HHR.MS.MRG.3IMERG.20211002-S000000-E002959.0000.V07B.HDF5,3B-HHR.MS.MRG.3IMERG.20211002-S000000-E002959.0000.V07B.HDF5,True,False,8081480,77d53627fff0a7d6be6519ee33ab7a4a3cf453f55cd6b3571f09bd65ec803e75,CANONICAL_PRIMARY,Official NASA GES DISC canonical granule file
3B-HHR.MS.MRG.3IMERG.20211002-S030000-E032959.0180.V07B.HDF5,3B-HHR.MS.MRG.3IMERG.20211002-S030000-E032959.0180.V07B.HDF5,True,False,8111482,274f66e3d01ca005e2c8aee014f6ccfcd17fe4c582f3e2829aa5cf40a34753a7,CANONICAL_PRIMARY,Official NASA GES DISC canonical granule file
3B-HHR.MS.MRG.3IMERG.20211002-S060000-E062959.0360.V07B.HDF5,3B-HHR.MS.MRG.3IMERG.20211002-S060000-E062959.0360.V07B.HDF5,True,False,8166364,b2fc183d4af08a4c62413db4b3d021924f9caf82b7d460eb075a469b286729cf,CANONICAL_PRIMARY,Official NASA GES DISC canonical granule file
3B-HHR.MS.MRG.3IMERG.20211201-S210000-E212959.1260.V07B.HDF5,3B-HHR.MS.MRG.3IMERG.20211201-S210000-E212959.1260.V07B.HDF5,True,False,7613588,c37f8188be33deac971435a2949a13b1e07c66509e77428d91efd9901fbf2335,CANONICAL_PRIMARY,Official NASA GES DISC canonical granule file
3B-HHR.MS.MRG.3IMERG.20211202-S000000-E002959.0000.V07B.HDF5,3B-HHR.MS.MRG.3IMERG.20211202-S000000-E002959.0000.V07B.HDF5,True,False,7531124,d36785510b21b7589254e3363293d73e3f4be5c37e8a56d46a5238c2f60e4b22,CANONICAL_PRIMARY,Official NASA GES DISC canonical granule file
3B-HHR.MS.MRG.3IMERG.20211202-S030000-E032959.0180.V07B.HDF5,3B-HHR.MS.MRG.3IMERG.20211202-S030000-E032959.0180.V07B.HDF5,True,False,7667281,09d823ad3243baeaf33837b96397bfca6ee857ed613cbd73abb730a3e52bd8ff,CANONICAL_PRIMARY,Official NASA GES DISC canonical granule file
3B-HHR.MS.MRG.3IMERG.20211202-S060000-E062959.0360.V07B.HDF5,3B-HHR.MS.MRG.3IMERG.20211202-S060000-E062959.0360.V07B.HDF5,True,False,7794667,f2a2ee803f709173dcc7e28f53a5a959b6c9e743d18ea71106b5ecf44f1b6f01,CANONICAL_PRIMARY,Official NASA GES DISC canonical granule file
3B-HHR.MS.MRG.3IMERG.20211202-S090000-E092959.0540.V07B.HDF5,3B-HHR.MS.MRG.3IMERG.20211202-S090000-E092959.0540.V07B.HDF5,True,False,7597252,f933b849c1c833b0fdeac7d13711fb6f64b36c84849fdb8355b26009d7fbf7fd,CANONICAL_PRIMARY,Official NASA GES DISC canonical granule file
3B-HHR.MS.MRG.3IMERG.20211202-S120000-E122959.0720.V07B.HDF5,3B-HHR.MS.MRG.3IMERG.20211202-S120000-E122959.0720.V07B.HDF5,True,False,7608844,7ee689944a83829d9bd7e649d31a0330c59aa94694d4f3dd544936577fa9201b,CANONICAL_PRIMARY,Official NASA GES DISC canonical granule file
3B-HHR.MS.MRG.3IMERG.20211202-S150000-E152959.0900.V07B.HDF5,3B-HHR.MS.MRG.3IMERG.20211202-S150000-E152959.0900.V07B.HDF5,True,False,8000263,3ff52d670cd90f93fa5cdb3ddb776247f8dfc3cf9e925fc4a4d68d5cfdf97445,CANONICAL_PRIMARY,Official NASA GES DISC canonical granule file
3B-HHR.MS.MRG.3IMERG.20211202-S180000-E182959.1080.V07B.HDF5,3B-HHR.MS.MRG.3IMERG.20211202-S180000-E182959.1080.V07B.HDF5,True,False,7919348,abd9472cb477b4d5ca52b5133a5069dabf578777c2f7888546fddb886052066f,CANONICAL_PRIMARY,Official NASA GES DISC canonical granule file
3B-HHR.MS.MRG.3IMERG.20211202-S210000-E212959.1260.V07B.HDF5,3B-HHR.MS.MRG.3IMERG.20211202-S210000-E212959.1260.V07B.HDF5,True,False,7903900,741f8a962e9234cde974ac6fcc9c89564e20d7a2648048fa0176cf39b7f9e884,CANONICAL_PRIMARY,Official NASA GES DISC canonical granule file
3B-HHR.MS.MRG.3IMERG.20211203-S000000-E002959.0000.V07B.HDF5,3B-HHR.MS.MRG.3IMERG.20211203-S000000-E002959.0000.V07B.HDF5,True,False,7678820,7d1879755e438baaaa1863e2eee5e1b8149e0cb2817b5eb636907305aeb0e542,CANONICAL_PRIMARY,Official NASA GES DISC canonical granule file
3B-HHR.MS.MRG.3IMERG.20211203-S030000-E032959.0180.V07B.HDF5,3B-HHR.MS.MRG.3IMERG.20211203-S030000-E032959.0180.V07B.HDF5,True,False,7891141,1a27b2c887921efa6325712c33b806118146f9095bfe30d97141fcee7dcb978e,CANONICAL_PRIMARY,Official NASA GES DISC canonical granule file
3B-HHR.MS.MRG.3IMERG.20211203-S060000-E062959.0360.V07B.HDF5,3B-HHR.MS.MRG.3IMERG.20211203-S060000-E062959.0360.V07B.HDF5,True,False,7785332,a22c29b86a59075a62ac5b655814706a58052999fa689be86deb5eeae59653e6,CANONICAL_PRIMARY,Official NASA GES DISC canonical granule file
3B-HHR.MS.MRG.3IMERG.20211203-S090000-E092959.0540.V07B.HDF5,3B-HHR.MS.MRG.3IMERG.20211203-S090000-E092959.0540.V07B.HDF5,True,False,7818788,70da8944a93814b1803ce4499e33aa728c4615b1696683305ec5c85480cc75af,CANONICAL_PRIMARY,Official NASA GES DISC canonical granule file
3B-HHR.MS.MRG.3IMERG.20211203-S120000-E122959.0720.V07B.HDF5,3B-HHR.MS.MRG.3IMERG.20211203-S120000-E122959.0720.V07B.HDF5,True,False,7756741,83bb29d6b7ce986d9f2e6a65f7d25b7badcaef25227c3dd777a310825c4f42f6,CANONICAL_PRIMARY,Official NASA GES DISC canonical granule file
3B-HHR.MS.MRG.3IMERG.20211203-S150000-E152959.0900.V07B.HDF5,3B-HHR.MS.MRG.3IMERG.20211203-S150000-E152959.0900.V07B.HDF5,True,False,8112395,51e9e78addc548f3c8f16eca1adfef42bf7eeba29349925141bdfbd6a9282b8c,CANONICAL_PRIMARY,Official NASA GES DISC canonical granule file
3B-HHR.MS.MRG.3IMERG.20211203-S180000-E182959.1080.V07B.HDF5,3B-HHR.MS.MRG.3IMERG.20211203-S180000-E182959.1080.V07B.HDF5,True,False,8030051,96f688982b0de728ae0743e8f3ec7c54bd7e97ddb66c6ca6104a44bb81f83d3a,CANONICAL_PRIMARY,Official NASA GES DISC canonical granule file
3B-HHR.MS.MRG.3IMERG.20220302-S090000-E092959.0540.V07B.HDF5,3B-HHR.MS.MRG.3IMERG.20220302-S090000-E092959.0540.V07B.HDF5,True,False,7683517,ce19dee2bdb920ee798bb31282be4b156676503acf1a2975286875c33af28066,CANONICAL_PRIMARY,Official NASA GES DISC canonical granule file
3B-HHR.MS.MRG.3IMERG.20220302-S120000-E122959.0720.V07B.HDF5,3B-HHR.MS.MRG.3IMERG.20220302-S120000-E122959.0720.V07B.HDF5,True,False,7525165,4d519403bfad1bfda326e3da891838755e90d01e6708d1d806f5588b012ce762,CANONICAL_PRIMARY,Official NASA GES DISC canonical granule file
3B-HHR.MS.MRG.3IMERG.20220302-S150000-E152959.0900.V07B.HDF5,3B-HHR.MS.MRG.3IMERG.20220302-S150000-E152959.0900.V07B.HDF5,True,False,7532762,3454b842d99716efc8a439ad059ce138af63000f8e5e92773c9959f94a42d9f0,CANONICAL_PRIMARY,Official NASA GES DISC canonical granule file
3B-HHR.MS.MRG.3IMERG.20220302-S180000-E182959.1080.V07B.HDF5,3B-HHR.MS.MRG.3IMERG.20220302-S180000-E182959.1080.V07B.HDF5,True,False,7653275,93bc7fe0e820ca3c6b149f801c9bd97f38b94104c79a8dd96b8bedd2aa229cbf,CANONICAL_PRIMARY,Official NASA GES DISC canonical granule file
3B-HHR.MS.MRG.3IMERG.20220302-S210000-E212959.1260.V07B.HDF5,3B-HHR.MS.MRG.3IMERG.20220302-S210000-E212959.1260.V07B.HDF5,True,False,7495971,203e039336da7a39142ad0bfd7b4cd8bd877d60134b6db930b12f61d92dd8a98,CANONICAL_PRIMARY,Official NASA GES DISC canonical granule file
3B-HHR.MS.MRG.3IMERG.20220303-S000000-E002959.0000.V07B.HDF5,3B-HHR.MS.MRG.3IMERG.20220303-S000000-E002959.0000.V07B.HDF5,True,False,7293443,19326c24ba749b87571003d167544a39a66238d92a8e119136f9503304738bc5,CANONICAL_PRIMARY,Official NASA GES DISC canonical granule file
3B-HHR.MS.MRG.3IMERG.20220303-S030000-E032959.0180.V07B.HDF5,3B-HHR.MS.MRG.3IMERG.20220303-S030000-E032959.0180.V07B.HDF5,True,False,7289740,4139ff61fd0acd568caa56a2acb8115653817a0b4672031e4be2992155607d83,CANONICAL_PRIMARY,Official NASA GES DISC canonical granule file
3B-HHR.MS.MRG.3IMERG.20220303-S060000-E062959.0360.V07B.HDF5,3B-HHR.MS.MRG.3IMERG.20220303-S060000-E062959.0360.V07B.HDF5,True,False,7306154,1bdc52892aa1d459612809aace99c869bac9d69f73375fda969aa8be2c4818d5,CANONICAL_PRIMARY,Official NASA GES DISC canonical granule file
3B-HHR.MS.MRG.3IMERG.20220303-S090000-E092959.0540.V07B.HDF5,3B-HHR.MS.MRG.3IMERG.20220303-S090000-E092959.0540.V07B.HDF5,True,False,7312213,435432382476db29c5f9c747c001a17ff5574ba80d01db04f54b4da862370f43,CANONICAL_PRIMARY,Official NASA GES DISC canonical granule file
3B-HHR.MS.MRG.3IMERG.20220303-S120000-E122959.0720.V07B.HDF5,3B-HHR.MS.MRG.3IMERG.20220303-S120000-E122959.0720.V07B.HDF5,True,False,7156847,c0ba4135ddb3991832c521b49e5fa95ce7d7a2e863db3730dbc4fd75e89ca63a,CANONICAL_PRIMARY,Official NASA GES DISC canonical granule file
3B-HHR.MS.MRG.3IMERG.20220303-S150000-E152959.0900.V07B.HDF5,3B-HHR.MS.MRG.3IMERG.20220303-S150000-E152959.0900.V07B.HDF5,True,False,7359134,741f3123bec1bee8ef5e480c4f5a3dccd6f593a1ba1524fb04113a90e409e1e4,CANONICAL_PRIMARY,Official NASA GES DISC canonical granule file
3B-HHR.MS.MRG.3IMERG.20220303-S180000-E182959.1080.V07B.HDF5,3B-HHR.MS.MRG.3IMERG.20220303-S180000-E182959.1080.V07B.HDF5,True,False,7376237,d26133190247d47d08fac455a8625153cc1dd559b9139827aa5123ceed924ef4,CANONICAL_PRIMARY,Official NASA GES DISC canonical granule file
3B-HHR.MS.MRG.3IMERG.20220303-S210000-E212959.1260.V07B.HDF5,3B-HHR.MS.MRG.3IMERG.20220303-S210000-E212959.1260.V07B.HDF5,True,False,7224006,112e2a6413fbe7c0d38536592d8904d80eceb80923f06d3f6cc34d19bb63e1d3,CANONICAL_PRIMARY,Official NASA GES DISC canonical granule file
3B-HHR.MS.MRG.3IMERG.20220304-S000000-E002959.0000.V07B.HDF5,3B-HHR.MS.MRG.3IMERG.20220304-S000000-E002959.0000.V07B.HDF5,True,False,7043584,5dfd8cbc53695a603127ecffe377152bbdd75e2017b0b30344cdc44b355b016b,CANONICAL_PRIMARY,Official NASA GES DISC canonical granule file
3B-HHR.MS.MRG.3IMERG.20220319-S150000-E152959.0900.V07B.HDF5,3B-HHR.MS.MRG.3IMERG.20220319-S150000-E152959.0900.V07B.HDF5,True,False,7759244,bd7d716db7ef5861d62912839d1b942bafb708d70226cb2ee71ba3ff1fb6a0f2,CANONICAL_PRIMARY,Official NASA GES DISC canonical granule file
3B-HHR.MS.MRG.3IMERG.20220319-S180000-E182959.1080.V07B.HDF5,3B-HHR.MS.MRG.3IMERG.20220319-S180000-E182959.1080.V07B.HDF5,True,False,7756359,99850fedec40293e9e26d04de47a6d5248384fb5b5339bb41dd44dbf4b839f2f,CANONICAL_PRIMARY,Official NASA GES DISC canonical granule file
3B-HHR.MS.MRG.3IMERG.20220319-S210000-E212959.1260.V07B.HDF5,3B-HHR.MS.MRG.3IMERG.20220319-S210000-E212959.1260.V07B.HDF5,True,False,7771422,e174e51254d81fb0889411397b8e4162783f3b6e1e53e832d5655673e559547b,CANONICAL_PRIMARY,Official NASA GES DISC canonical granule file
3B-HHR.MS.MRG.3IMERG.20220320-S000000-E002959.0000.V07B.HDF5,3B-HHR.MS.MRG.3IMERG.20220320-S000000-E002959.0000.V07B.HDF5,True,False,7605377,fbc5f837636e757d43969a671d25de7873b3ff18fa56c81941edf7e4e6771a9e,CANONICAL_PRIMARY,Official NASA GES DISC canonical granule file
3B-HHR.MS.MRG.3IMERG.20220320-S030000-E032959.0180.V07B.HDF5,3B-HHR.MS.MRG.3IMERG.20220320-S030000-E032959.0180.V07B.HDF5,True,False,7894523,22e24caa6abd33c201ea9e9177bffdbbf29bf1dfce349bc47e4f3a85315cf6ea,CANONICAL_PRIMARY,Official NASA GES DISC canonical granule file
3B-HHR.MS.MRG.3IMERG.20220320-S060000-E062959.0360.V07B.HDF5,3B-HHR.MS.MRG.3IMERG.20220320-S060000-E062959.0360.V07B.HDF5,True,False,7779540,e4dd02f4212c83f6d79b4058bf979deed57178c8a41bfbb3ea420df35cbd6e4b,CANONICAL_PRIMARY,Official NASA GES DISC canonical granule file
3B-HHR.MS.MRG.3IMERG.20220320-S090000-E092959.0540.V07B.HDF5,3B-HHR.MS.MRG.3IMERG.20220320-S090000-E092959.0540.V07B.HDF5,True,False,7858477,94464c67cc98ae7cda5265959baa16ae3ca72253142cf5a67843bf460f1f7507,CANONICAL_PRIMARY,Official NASA GES DISC canonical granule file
3B-HHR.MS.MRG.3IMERG.20220320-S120000-E122959.0720.V07B.HDF5,3B-HHR.MS.MRG.3IMERG.20220320-S120000-E122959.0720.V07B.HDF5,True,False,7704659,77fe41c238d4f1df1960bc90c907f14c7d1014dc867ed3a47d9dadd13d801add,CANONICAL_PRIMARY,Official NASA GES DISC canonical granule file
3B-HHR.MS.MRG.3IMERG.20220320-S150000-E152959.0900.V07B.HDF5,3B-HHR.MS.MRG.3IMERG.20220320-S150000-E152959.0900.V07B.HDF5,True,False,7883418,d63c25fa0a799c25275fc2ddda60ba53cc5ddd85a6fd9a639abbbaeb6859860b,CANONICAL_PRIMARY,Official NASA GES DISC canonical granule file
3B-HHR.MS.MRG.3IMERG.20220320-S180000-E182959.1080.V07B.HDF5,3B-HHR.MS.MRG.3IMERG.20220320-S180000-E182959.1080.V07B.HDF5,True,False,7884730,2d8c0398fb6291cc383dc75b5615d839ff615549e29806d85326ff2198d5394d,CANONICAL_PRIMARY,Official NASA GES DISC canonical granule file
3B-HHR.MS.MRG.3IMERG.20220506-S150000-E152959.0900.V07B.HDF5,3B-HHR.MS.MRG.3IMERG.20220506-S150000-E152959.0900.V07B.HDF5,True,False,7770347,b63aba2e81d8f7cef251eeb23930c7b10d9a86c5942d4a13402640f076162de7,CANONICAL_PRIMARY,Official NASA GES DISC canonical granule file
3B-HHR.MS.MRG.3IMERG.20220506-S180000-E182959.1080.V07B.HDF5,3B-HHR.MS.MRG.3IMERG.20220506-S180000-E182959.1080.V07B.HDF5,True,False,7673813,b5929332cf957e3ff1a77c7be679f7dfa54e7194f4aed6962dae624bbd6d4f62,CANONICAL_PRIMARY,Official NASA GES DISC canonical granule file
3B-HHR.MS.MRG.3IMERG.20220506-S210000-E212959.1260.V07B.HDF5,3B-HHR.MS.MRG.3IMERG.20220506-S210000-E212959.1260.V07B.HDF5,True,False,7767606,caa418e269acd0ca504e71854928213479dfb6391d861ae05004b80a89bb0473,CANONICAL_PRIMARY,Official NASA GES DISC canonical granule file
3B-HHR.MS.MRG.3IMERG.20220507-S000000-E002959.0000.V07B.HDF5,3B-HHR.MS.MRG.3IMERG.20220507-S000000-E002959.0000.V07B.HDF5,True,False,7750715,894abcfc345071e9cb50ec6b6015f3bf77463c2fa7dfc546c24a7c7d34151486,CANONICAL_PRIMARY,Official NASA GES DISC canonical granule file
3B-HHR.MS.MRG.3IMERG.20220507-S030000-E032959.0180.V07B.HDF5,3B-HHR.MS.MRG.3IMERG.20220507-S030000-E032959.0180.V07B.HDF5,True,False,7658973,526ed07d85b2e7a3e6c53b112e1d3a0ce2321f92c2fbe81bb3d5c83a4a3ec14c,CANONICAL_PRIMARY,Official NASA GES DISC canonical granule file
3B-HHR.MS.MRG.3IMERG.20220507-S060000-E062959.0360.V07B.HDF5,3B-HHR.MS.MRG.3IMERG.20220507-S060000-E062959.0360.V07B.HDF5,True,False,7801927,e58b60382941221b0f02d11d8937f73ca45d7486b488283f48d4b1cfcd5ce830,CANONICAL_PRIMARY,Official NASA GES DISC canonical granule file
3B-HHR.MS.MRG.3IMERG.20220507-S090000-E092959.0540.V07B.HDF5,3B-HHR.MS.MRG.3IMERG.20220507-S090000-E092959.0540.V07B.HDF5,True,False,7891078,10b7ebd836f5e36a09e5abbf44be832d5cac18f914fabb2af83a84674115a64b,CANONICAL_PRIMARY,Official NASA GES DISC canonical granule file
3B-HHR.MS.MRG.3IMERG.20220507-S120000-E122959.0720.V07B.HDF5,3B-HHR.MS.MRG.3IMERG.20220507-S120000-E122959.0720.V07B.HDF5,True,False,7920884,0ab775369e47993dd7ccbad0c3f636dbb52ad793a8eff20a9a87adf0b1ab2822,CANONICAL_PRIMARY,Official NASA GES DISC canonical granule file
3B-HHR.MS.MRG.3IMERG.20220507-S150000-E152959.0900.V07B.HDF5,3B-HHR.MS.MRG.3IMERG.20220507-S150000-E152959.0900.V07B.HDF5,True,False,7937438,471f982cbac365a6f6c90c73eb91f9907b1956a0b7a89b15be26e05a96e96875,CANONICAL_PRIMARY,Official NASA GES DISC canonical granule file
3B-HHR.MS.MRG.3IMERG.20220507-S180000-E182959.1080.V07B.HDF5,3B-HHR.MS.MRG.3IMERG.20220507-S180000-E182959.1080.V07B.HDF5,True,False,8081427,850ba7d5b67817f703f9bd74045b847edcb82ef7d435b4f2ea636249c69f89e3,CANONICAL_PRIMARY,Official NASA GES DISC canonical granule file
3B-HHR.MS.MRG.3IMERG.20220507-S210000-E212959.1260.V07B.HDF5,3B-HHR.MS.MRG.3IMERG.20220507-S210000-E212959.1260.V07B.HDF5,True,False,8069381,30ede2f010f15d5f661a3b9abc525fad9cb4168c33924134b41de46e59585178,CANONICAL_PRIMARY,Official NASA GES DISC canonical granule file
3B-HHR.MS.MRG.3IMERG.20220508-S000000-E002959.0000.V07B.HDF5,3B-HHR.MS.MRG.3IMERG.20220508-S000000-E002959.0000.V07B.HDF5,True,False,8065994,fa5fcd9b4b4989146cb5b869fcdd49a153a99034365eba1115da34ed4b775205,CANONICAL_PRIMARY,Official NASA GES DISC canonical granule file
3B-HHR.MS.MRG.3IMERG.20220508-S030000-E032959.0180.V07B.HDF5,3B-HHR.MS.MRG.3IMERG.20220508-S030000-E032959.0180.V07B.HDF5,True,False,8032534,f782454bb110c497dc040616adee576ec5f20b941ce6e13e34cf1e3c77f38d2b,CANONICAL_PRIMARY,Official NASA GES DISC canonical granule file
3B-HHR.MS.MRG.3IMERG.20220508-S060000-E062959.0360.V07B.HDF5,3B-HHR.MS.MRG.3IMERG.20220508-S060000-E062959.0360.V07B.HDF5,True,False,8050706,2ae8b674c250d57ba43bcbaaa1f1af7fe48c6f30f2c5493520aa94dbed3380e7,CANONICAL_PRIMARY,Official NASA GES DISC canonical granule file
3B-HHR.MS.MRG.3IMERG.20220508-S090000-E092959.0540.V07B.HDF5,3B-HHR.MS.MRG.3IMERG.20220508-S090000-E092959.0540.V07B.HDF5,True,False,8061885,cc8912fd5fcd5902dae3eed24590ec1473f9ca27ad5c72fe1ebff8bb20d0bf7c,CANONICAL_PRIMARY,Official NASA GES DISC canonical granule file
3B-HHR.MS.MRG.3IMERG.20220508-S120000-E122959.0720.V07B.HDF5,3B-HHR.MS.MRG.3IMERG.20220508-S120000-E122959.0720.V07B.HDF5,True,False,8083758,062ddf9e352c347dc35390daac25a661e2774f375fde51de0ac225c37ee348fe,CANONICAL_PRIMARY,Official NASA GES DISC canonical granule file
3B-HHR.MS.MRG.3IMERG.20220508-S150000-E152959.0900.V07B.HDF5,3B-HHR.MS.MRG.3IMERG.20220508-S150000-E152959.0900.V07B.HDF5,True,False,8354399,c9e121a5924bfffe5d1eacc1dc5288c90f1ca2bf744ed90014c210035a207c4f,CANONICAL_PRIMARY,Official NASA GES DISC canonical granule file
3B-HHR.MS.MRG.3IMERG.20220508-S180000-E182959.1080.V07B.HDF5,3B-HHR.MS.MRG.3IMERG.20220508-S180000-E182959.1080.V07B.HDF5,True,False,8387999,df38026e0a037447abdf88a9d69f4c4341fda36b600a746bf0fd20a6aba115e7,CANONICAL_PRIMARY,Official NASA GES DISC canonical granule file
3B-HHR.MS.MRG.3IMERG.20220508-S210000-E212959.1260.V07B.HDF5,3B-HHR.MS.MRG.3IMERG.20220508-S210000-E212959.1260.V07B.HDF5,True,False,8400460,145993be4958503c2df350dcbde4c43a25b8ff69fb71aa767be471a1dc9be2a8,CANONICAL_PRIMARY,Official NASA GES DISC canonical granule file
3B-HHR.MS.MRG.3IMERG.20220509-S000000-E002959.0000.V07B.HDF5,3B-HHR.MS.MRG.3IMERG.20220509-S000000-E002959.0000.V07B.HDF5,True,False,8318166,34815887390153816a1b82d80729e59f0f368592ec5d55c49e17b2b6e322c5e1,CANONICAL_PRIMARY,Official NASA GES DISC canonical granule file
3B-HHR.MS.MRG.3IMERG.20220509-S030000-E032959.0180.V07B.HDF5,3B-HHR.MS.MRG.3IMERG.20220509-S030000-E032959.0180.V07B.HDF5,True,False,8324564,a91c70a4775c57776fd7ab1690bfa0e1fe4401b1dd61fcd1a932413f089c0b24,CANONICAL_PRIMARY,Official NASA GES DISC canonical granule file
3B-HHR.MS.MRG.3IMERG.20220509-S060000-E062959.0360.V07B.HDF5,3B-HHR.MS.MRG.3IMERG.20220509-S060000-E062959.0360.V07B.HDF5,True,False,8341522,305fc725c69653ccaec5a4a35e64db447da8720d9918b39bf1eb56a5c99ce043,CANONICAL_PRIMARY,Official NASA GES DISC canonical granule file
3B-HHR.MS.MRG.3IMERG.20220509-S090000-E092959.0540.V07B.HDF5,3B-HHR.MS.MRG.3IMERG.20220509-S090000-E092959.0540.V07B.HDF5,True,False,8389658,3d2f0dee6a14a217c1524f908ed9655db84b69e7f51a48c9a1e2960254530fa9,CANONICAL_PRIMARY,Official NASA GES DISC canonical granule file
3B-HHR.MS.MRG.3IMERG.20220509-S120000-E122959.0720.V07B.HDF5,3B-HHR.MS.MRG.3IMERG.20220509-S120000-E122959.0720.V07B.HDF5,True,False,8367437,2c18aca879eb2114a47d1729a884a3f46d8a950d57bae8f59d7cb8f44055db14,CANONICAL_PRIMARY,Official NASA GES DISC canonical granule file
3B-HHR.MS.MRG.3IMERG.20220509-S150000-E152959.0900.V07B.HDF5,3B-HHR.MS.MRG.3IMERG.20220509-S150000-E152959.0900.V07B.HDF5,True,False,8358843,393074eaec0b49f113dbcde2d94675e0f6c800b9e7c20bda0c52f7352eeac311,CANONICAL_PRIMARY,Official NASA GES DISC canonical granule file
3B-HHR.MS.MRG.3IMERG.20220509-S180000-E182959.1080.V07B.HDF5,3B-HHR.MS.MRG.3IMERG.20220509-S180000-E182959.1080.V07B.HDF5,True,False,8406510,f90ec5fe289f0b3a4cd291fe9b2b9093c50a98272395839e71fb379491e1194f,CANONICAL_PRIMARY,Official NASA GES DISC canonical granule file
3B-HHR.MS.MRG.3IMERG.20220509-S210000-E212959.1260.V07B.HDF5,3B-HHR.MS.MRG.3IMERG.20220509-S210000-E212959.1260.V07B.HDF5,True,False,8323556,03bbfa14666f70366756fe2032ed52c6e464b9a0a750f3ae62591b99afd5e122,CANONICAL_PRIMARY,Official NASA GES DISC canonical granule file
3B-HHR.MS.MRG.3IMERG.20220510-S000000-E002959.0000.V07B.HDF5,3B-HHR.MS.MRG.3IMERG.20220510-S000000-E002959.0000.V07B.HDF5,True,False,8068004,877de0725c1cd5c0b38d265a548af8755941b80058a338ceac919bdfb34289f2,CANONICAL_PRIMARY,Official NASA GES DISC canonical granule file
3B-HHR.MS.MRG.3IMERG.20220813-S150000-E152959.0900.V07B.HDF5,3B-HHR.MS.MRG.3IMERG.20220813-S150000-E152959.0900.V07B.HDF5,True,False,8310000,779d8d67943336969ba863680afa9ef3212e824b9c2ce5e37a4bc6dcddc7ed4f,CANONICAL_PRIMARY,Official NASA GES DISC canonical granule file
3B-HHR.MS.MRG.3IMERG.20220813-S180000-E182959.1080.V07B.HDF5,3B-HHR.MS.MRG.3IMERG.20220813-S180000-E182959.1080.V07B.HDF5,True,False,8106051,cedf192269c2b4d3ad6d01b270545a49ea8307168959f01ad7a7565e2d0be4a1,CANONICAL_PRIMARY,Official NASA GES DISC canonical granule file
3B-HHR.MS.MRG.3IMERG.20220813-S210000-E212959.1260.V07B.HDF5,3B-HHR.MS.MRG.3IMERG.20220813-S210000-E212959.1260.V07B.HDF5,True,False,8140571,0d7134769517a7fd08d263c0d01a1cc67536b887619c168f103a82de95042226,CANONICAL_PRIMARY,Official NASA GES DISC canonical granule file
3B-HHR.MS.MRG.3IMERG.20220814-S000000-E002959.0000.V07B.HDF5,3B-HHR.MS.MRG.3IMERG.20220814-S000000-E002959.0000.V07B.HDF5,True,False,7996839,d24a90923536ffb8e218349d97d8f48bee6db20c8ff0a242cf986cc525887826,CANONICAL_PRIMARY,Official NASA GES DISC canonical granule file
3B-HHR.MS.MRG.3IMERG.20220814-S030000-E032959.0180.V07B.HDF5,3B-HHR.MS.MRG.3IMERG.20220814-S030000-E032959.0180.V07B.HDF5,True,False,7929203,b25e15c7221816126019d8441c458b2ebfe0387e8da83e637fe20f0b53bc0844,CANONICAL_PRIMARY,Official NASA GES DISC canonical granule file
3B-HHR.MS.MRG.3IMERG.20220814-S060000-E062959.0360.V07B.HDF5,3B-HHR.MS.MRG.3IMERG.20220814-S060000-E062959.0360.V07B.HDF5,True,False,8134579,df26d72765d44f69900d62e9257e5d084f51dd4e6c2d07906f5f57790da538e2,CANONICAL_PRIMARY,Official NASA GES DISC canonical granule file
3B-HHR.MS.MRG.3IMERG.20220818-S090000-E092959.0540.V07B.HDF5,3B-HHR.MS.MRG.3IMERG.20220818-S090000-E092959.0540.V07B.HDF5,True,False,8461483,30d1dd18b2bee22cd684c04cbc5e636e72fee9b17fef0b7c74051f544ac21e78,CANONICAL_PRIMARY,Official NASA GES DISC canonical granule file
3B-HHR.MS.MRG.3IMERG.20220818-S120000-E122959.0720.V07B.HDF5,3B-HHR.MS.MRG.3IMERG.20220818-S120000-E122959.0720.V07B.HDF5,True,False,8359372,af6036a117ff0b0b56e14d0c9d19aa76d7fb997a0dbceee7b54a8d63357b4f5f,CANONICAL_PRIMARY,Official NASA GES DISC canonical granule file
3B-HHR.MS.MRG.3IMERG.20220818-S150000-E152959.0900.V07B.HDF5,3B-HHR.MS.MRG.3IMERG.20220818-S150000-E152959.0900.V07B.HDF5,True,False,8490218,92dbe099a4427cf0967ac432b40071a03cf043648197a6adc0450399fa0a544d,CANONICAL_PRIMARY,Official NASA GES DISC canonical granule file
3B-HHR.MS.MRG.3IMERG.20220818-S180000-E182959.1080.V07B.HDF5,3B-HHR.MS.MRG.3IMERG.20220818-S180000-E182959.1080.V07B.HDF5,True,False,8304381,8f38ffb0cf8a8ab6bf66e77ac1ba53af418a0e9722a234fb4f75bb2bb4749f53,CANONICAL_PRIMARY,Official NASA GES DISC canonical granule file
3B-HHR.MS.MRG.3IMERG.20220818-S210000-E212959.1260.V07B.HDF5,3B-HHR.MS.MRG.3IMERG.20220818-S210000-E212959.1260.V07B.HDF5,True,False,8516454,c24d033a81a7976b3d112870a196f6012fa94bbce03de1817a4684f8ebc54c93,CANONICAL_PRIMARY,Official NASA GES DISC canonical granule file
3B-HHR.MS.MRG.3IMERG.20220819-S000000-E002959.0000.V07B.HDF5,3B-HHR.MS.MRG.3IMERG.20220819-S000000-E002959.0000.V07B.HDF5,True,False,8321382,5b446d60e7e70cb7a1edcbc92fe810a0a3a1332248a56f7022a141b320448733,CANONICAL_PRIMARY,Official NASA GES DISC canonical granule file
3B-HHR.MS.MRG.3IMERG.20220819-S030000-E032959.0180.V07B.HDF5,3B-HHR.MS.MRG.3IMERG.20220819-S030000-E032959.0180.V07B.HDF5,True,False,8018058,e6fc0e186ffaf23bec756ad109d45a919f30fc8e137195590eafe06fd85c9120,CANONICAL_PRIMARY,Official NASA GES DISC canonical granule file
3B-HHR.MS.MRG.3IMERG.20220819-S060000-E062959.0360.V07B.HDF5,3B-HHR.MS.MRG.3IMERG.20220819-S060000-E062959.0360.V07B.HDF5,True,False,8383716,3c977e16ebd3cb317107394d3e2f7fc0ca7d545253cc6e4f95eb95ab207f0a65,CANONICAL_PRIMARY,Official NASA GES DISC canonical granule file
3B-HHR.MS.MRG.3IMERG.20220819-S090000-E092959.0540.V07B.HDF5,3B-HHR.MS.MRG.3IMERG.20220819-S090000-E092959.0540.V07B.HDF5,True,False,8236117,680f5c08fdff4b0d1b0a0c27ccd260ff1a6ff031800e5b2d4639b455341840d7,CANONICAL_PRIMARY,Official NASA GES DISC canonical granule file
3B-HHR.MS.MRG.3IMERG.20220819-S120000-E122959.0720.V07B.HDF5,3B-HHR.MS.MRG.3IMERG.20220819-S120000-E122959.0720.V07B.HDF5,True,False,8177993,62a1c6123cbf76cd6b8db83b7783d3e189f443c4cc1291b0436caed1e6fac449,CANONICAL_PRIMARY,Official NASA GES DISC canonical granule file
3B-HHR.MS.MRG.3IMERG.20220819-S150000-E152959.0900.V07B.HDF5,3B-HHR.MS.MRG.3IMERG.20220819-S150000-E152959.0900.V07B.HDF5,True,False,8308787,1cc70b76392d9c7a842b32ec3c4781efad06ea3db151f2291e207f62b913e2a6,CANONICAL_PRIMARY,Official NASA GES DISC canonical granule file
3B-HHR.MS.MRG.3IMERG.20220819-S180000-E182959.1080.V07B.HDF5,3B-HHR.MS.MRG.3IMERG.20220819-S180000-E182959.1080.V07B.HDF5,True,False,8532435,9611045f0e69586172466fabd2467a90165b1f0433393bab9d6744727b64d9e9,CANONICAL_PRIMARY,Official NASA GES DISC canonical granule file
3B-HHR.MS.MRG.3IMERG.20220819-S210000-E212959.1260.V07B.HDF5,3B-HHR.MS.MRG.3IMERG.20220819-S210000-E212959.1260.V07B.HDF5,True,False,8547961,d731322a35f3b28bd58824c191b4f1834f8d0747feb73e99ddce69b7c4b651b9,CANONICAL_PRIMARY,Official NASA GES DISC canonical granule file
3B-HHR.MS.MRG.3IMERG.20220820-S000000-E002959.0000.V07B.HDF5,3B-HHR.MS.MRG.3IMERG.20220820-S000000-E002959.0000.V07B.HDF5,True,False,8272484,6716570e649fe45f4220ce3b3144ec7227ac66ac9b25b6d6a498f6dfef1e8b86,CANONICAL_PRIMARY,Official NASA GES DISC canonical granule file
3B-HHR.MS.MRG.3IMERG.20220820-S030000-E032959.0180.V07B.HDF5,3B-HHR.MS.MRG.3IMERG.20220820-S030000-E032959.0180.V07B.HDF5,True,False,8150723,da77987d656da1295d0dbc29dc0f82381dc33893f85941af896b6d93def96c4e,CANONICAL_PRIMARY,Official NASA GES DISC canonical granule file
3B-HHR.MS.MRG.3IMERG.20220820-S060000-E062959.0360.V07B.HDF5,3B-HHR.MS.MRG.3IMERG.20220820-S060000-E062959.0360.V07B.HDF5,True,False,8205444,419b150df4cfa830ade78b89a7a476729fc9f077e4a0a141494bb362c98c2940,CANONICAL_PRIMARY,Official NASA GES DISC canonical granule file
3B-HHR.MS.MRG.3IMERG.20220820-S090000-E092959.0540.V07B.HDF5,3B-HHR.MS.MRG.3IMERG.20220820-S090000-E092959.0540.V07B.HDF5,True,False,8111475,87f68677ad7a980b2b672c1411ef993c1cf5d2940e6145f21cac044211a67a50,CANONICAL_PRIMARY,Official NASA GES DISC canonical granule file
3B-HHR.MS.MRG.3IMERG.20220820-S120000-E122959.0720.V07B.HDF5,3B-HHR.MS.MRG.3IMERG.20220820-S120000-E122959.0720.V07B.HDF5,True,False,7989458,e8a54694fc88001975c453d50e9c6cc49223323a0828d078bdec6fd22938a79c,CANONICAL_PRIMARY,Official NASA GES DISC canonical granule file
3B-HHR.MS.MRG.3IMERG.20220820-S150000-E152959.0900.V07B.HDF5,3B-HHR.MS.MRG.3IMERG.20220820-S150000-E152959.0900.V07B.HDF5,True,False,8073482,2eaca169ff8826cd7bd17e41c658f0ddd5645247e0c76549275920d3b230e227,CANONICAL_PRIMARY,Official NASA GES DISC canonical granule file
3B-HHR.MS.MRG.3IMERG.20220820-S180000-E182959.1080.V07B.HDF5,3B-HHR.MS.MRG.3IMERG.20220820-S180000-E182959.1080.V07B.HDF5,True,False,8149688,00e0c75dae0832acc4a16ff7d5db7ea9921b80b81f6a0441a746f1972e26e730,CANONICAL_PRIMARY,Official NASA GES DISC canonical granule file
3B-HHR.MS.MRG.3IMERG.20220820-S210000-E212959.1260.V07B.HDF5,3B-HHR.MS.MRG.3IMERG.20220820-S210000-E212959.1260.V07B.HDF5,True,False,8119184,d5b3ab96d7f0b0a8e55765243217111dcb736e099954838eb810dac4e9b9138b,CANONICAL_PRIMARY,Official NASA GES DISC canonical granule file
3B-HHR.MS.MRG.3IMERG.20220821-S000000-E002959.0000.V07B.HDF5,3B-HHR.MS.MRG.3IMERG.20220821-S000000-E002959.0000.V07B.HDF5,True,False,7953306,a8c46a1e35f738f67a21d2ba8d10950a8e035ee6652ed9e2d8d2b98949270cfa,CANONICAL_PRIMARY,Official NASA GES DISC canonical granule file
3B-HHR.MS.MRG.3IMERG.20221021-S150000-E152959.0900.V07B.HDF5,3B-HHR.MS.MRG.3IMERG.20221021-S150000-E152959.0900.V07B.HDF5,True,False,7916125,d694cd90f0a6a09809c2c25b93b0e8fc93d12ac77dcb23d3d49cc689f253a61e,CANONICAL_PRIMARY,Official NASA GES DISC canonical granule file
3B-HHR.MS.MRG.3IMERG.20221021-S180000-E182959.1080.V07B.HDF5,3B-HHR.MS.MRG.3IMERG.20221021-S180000-E182959.1080.V07B.HDF5,True,False,7974360,5235e8d1e7ca21f13e90c0d8f1fe47452873d61a0d3de84d483ca1ad795019e6,CANONICAL_PRIMARY,Official NASA GES DISC canonical granule file
3B-HHR.MS.MRG.3IMERG.20221021-S210000-E212959.1260.V07B.HDF5,3B-HHR.MS.MRG.3IMERG.20221021-S210000-E212959.1260.V07B.HDF5,True,False,7761544,3dad318e9e6c82fccc01a70af756122d9fcd461a91f10d297735abf0df7eda32,CANONICAL_PRIMARY,Official NASA GES DISC canonical granule file
3B-HHR.MS.MRG.3IMERG.20221022-S000000-E002959.0000.V07B.HDF5,3B-HHR.MS.MRG.3IMERG.20221022-S000000-E002959.0000.V07B.HDF5,True,False,7522228,5b9b5dfe1b75214c2b06d71e76425a1d4e12b3ade45060bb856c9bf8aadedccb,CANONICAL_PRIMARY,Official NASA GES DISC canonical granule file
3B-HHR.MS.MRG.3IMERG.20221022-S030000-E032959.0180.V07B.HDF5,3B-HHR.MS.MRG.3IMERG.20221022-S030000-E032959.0180.V07B.HDF5,True,False,7838953,1b0b902ae3affe1a5537229ff2ff8d4408556ca82eda5f8adbee905ed382d30d,CANONICAL_PRIMARY,Official NASA GES DISC canonical granule file
3B-HHR.MS.MRG.3IMERG.20221022-S060000-E062959.0360.V07B.HDF5,3B-HHR.MS.MRG.3IMERG.20221022-S060000-E062959.0360.V07B.HDF5,True,False,7743663,788c911370d0995e43faa6edbe3beb2a86c6ea537e36010d321f623b1b76b073,CANONICAL_PRIMARY,Official NASA GES DISC canonical granule file
3B-HHR.MS.MRG.3IMERG.20221022-S090000-E092959.0540.V07B.HDF5,3B-HHR.MS.MRG.3IMERG.20221022-S090000-E092959.0540.V07B.HDF5,True,False,7668356,239c21c73fb8d189be7fb40dbca4baf78e825934a21538260fcfa3e9888db0d6,CANONICAL_PRIMARY,Official NASA GES DISC canonical granule file
3B-HHR.MS.MRG.3IMERG.20221022-S120000-E122959.0720.V07B.HDF5,3B-HHR.MS.MRG.3IMERG.20221022-S120000-E122959.0720.V07B.HDF5,True,False,7597104,29df848970ade298cebadb0e5e9101a8abd8ac660be985989bdd27927965f6e8,CANONICAL_PRIMARY,Official NASA GES DISC canonical granule file
3B-HHR.MS.MRG.3IMERG.20221022-S150000-E152959.0900.V07B.HDF5,3B-HHR.MS.MRG.3IMERG.20221022-S150000-E152959.0900.V07B.HDF5,True,False,7900268,dd1128358f5f22d5c1314635dbe528f1041d1be21ceb7f865a227c31c545a7c5,CANONICAL_PRIMARY,Official NASA GES DISC canonical granule file
3B-HHR.MS.MRG.3IMERG.20221022-S180000-E182959.1080.V07B.HDF5,3B-HHR.MS.MRG.3IMERG.20221022-S180000-E182959.1080.V07B.HDF5,True,False,7766203,f0c10f26a6d8cb875404726b47595deb98eda2d86ddf265749720abb9e3da41c,CANONICAL_PRIMARY,Official NASA GES DISC canonical granule file
3B-HHR.MS.MRG.3IMERG.20221022-S210000-E212959.1260.V07B.HDF5,3B-HHR.MS.MRG.3IMERG.20221022-S210000-E212959.1260.V07B.HDF5,True,False,7924827,37dac7b2e3eec8b8b0cc38823a5c4af14a961574f7ac3d52d0851eec46fb44d6,CANONICAL_PRIMARY,Official NASA GES DISC canonical granule file
3B-HHR.MS.MRG.3IMERG.20221023-S000000-E002959.0000.V07B.HDF5,3B-HHR.MS.MRG.3IMERG.20221023-S000000-E002959.0000.V07B.HDF5,True,False,7752890,e977db40b43d144842ee0cd1cb6a73fd18c724a822470f7ce3837188a5f6e577,CANONICAL_PRIMARY,Official NASA GES DISC canonical granule file
3B-HHR.MS.MRG.3IMERG.20221119-S090000-E092959.0540.V07B.HDF5,3B-HHR.MS.MRG.3IMERG.20221119-S090000-E092959.0540.V07B.HDF5,True,False,7663837,0d6ba191ddac8166c3d336632825274a2c7c9fb0f27b20ca59016220a12cc7d9,CANONICAL_PRIMARY,Official NASA GES DISC canonical granule file
3B-HHR.MS.MRG.3IMERG.20221119-S120000-E122959.0720.V07B.HDF5,3B-HHR.MS.MRG.3IMERG.20221119-S120000-E122959.0720.V07B.HDF5,True,False,7353995,7c85c5fba9a312fe1719d456e799e15b5bebae59141406a47363f84b1a0f5919,CANONICAL_PRIMARY,Official NASA GES DISC canonical granule file
3B-HHR.MS.MRG.3IMERG.20221119-S150000-E152959.0900.V07B.HDF5,3B-HHR.MS.MRG.3IMERG.20221119-S150000-E152959.0900.V07B.HDF5,True,False,7691811,dd0888ce81ce5ca3363f7a324d26646b318f3ed09d24ad79cae8d68e51349d61,CANONICAL_PRIMARY,Official NASA GES DISC canonical granule file
3B-HHR.MS.MRG.3IMERG.20221119-S180000-E182959.1080.V07B.HDF5,3B-HHR.MS.MRG.3IMERG.20221119-S180000-E182959.1080.V07B.HDF5,True,False,7814535,41a8d9f8bd06fc6ff59f8b89c950adbe328e75e85cc587836b00385741bf490f,CANONICAL_PRIMARY,Official NASA GES DISC canonical granule file
3B-HHR.MS.MRG.3IMERG.20221119-S210000-E212959.1260.V07B.HDF5,3B-HHR.MS.MRG.3IMERG.20221119-S210000-E212959.1260.V07B.HDF5,True,False,7562726,7ce9b6e9b57967e9c1a516f56ba63d94f8826c5a14dad0db0dafe5677402fe12,CANONICAL_PRIMARY,Official NASA GES DISC canonical granule file
3B-HHR.MS.MRG.3IMERG.20221120-S000000-E002959.0000.V07B.HDF5,3B-HHR.MS.MRG.3IMERG.20221120-S000000-E002959.0000.V07B.HDF5,True,False,7413624,495594a37557c01804ac7b887ae972b0cccfd911c3feaf09892e536229b677c6,CANONICAL_PRIMARY,Official NASA GES DISC canonical granule file
3B-HHR.MS.MRG.3IMERG.20221205-S210000-E212959.1260.V07B.HDF5,3B-HHR.MS.MRG.3IMERG.20221205-S210000-E212959.1260.V07B.HDF5,True,False,7656729,694240de44e777c1b47bd57c0dd651329aed692369221dd06c8cb2a6492fb816,CANONICAL_PRIMARY,Official NASA GES DISC canonical granule file
3B-HHR.MS.MRG.3IMERG.20221206-S000000-E002959.0000.V07B.HDF5,3B-HHR.MS.MRG.3IMERG.20221206-S000000-E002959.0000.V07B.HDF5,True,False,7531782,2a7522718313403d6845128da0e0c2f7b188a08fdd87892c57723cef9b82d872,CANONICAL_PRIMARY,Official NASA GES DISC canonical granule file
3B-HHR.MS.MRG.3IMERG.20221206-S030000-E032959.0180.V07B.HDF5,3B-HHR.MS.MRG.3IMERG.20221206-S030000-E032959.0180.V07B.HDF5,True,False,7535095,ada3884b983f84c146e1a21f233652304f75c99e9f97ce10fd7983462d547e25,CANONICAL_PRIMARY,Official NASA GES DISC canonical granule file
3B-HHR.MS.MRG.3IMERG.20221206-S060000-E062959.0360.V07B.HDF5,3B-HHR.MS.MRG.3IMERG.20221206-S060000-E062959.0360.V07B.HDF5,True,False,7591451,ebbb6404ef480fbae6741236ecec862a01c5e8082be8bbb7e757ca7e5e5bfccf,CANONICAL_PRIMARY,Official NASA GES DISC canonical granule file
3B-HHR.MS.MRG.3IMERG.20221206-S090000-E092959.0540.V07B.HDF5,3B-HHR.MS.MRG.3IMERG.20221206-S090000-E092959.0540.V07B.HDF5,True,False,7461643,7c9dd8da6b6e0e7eeb406160adcf28c2ee9ec3d65e819ec2f9e2ed212cbfdda7,CANONICAL_PRIMARY,Official NASA GES DISC canonical granule file
3B-HHR.MS.MRG.3IMERG.20221206-S120000-E122959.0720.V07B.HDF5,3B-HHR.MS.MRG.3IMERG.20221206-S120000-E122959.0720.V07B.HDF5,True,False,7357970,20e0bd655a9d5c8449b1971c10f1374f7da77eb0859c847be2701dfc2336ee35,CANONICAL_PRIMARY,Official NASA GES DISC canonical granule file
3B-HHR.MS.MRG.3IMERG.20221206-S150000-E152959.0900.V07B.HDF5,3B-HHR.MS.MRG.3IMERG.20221206-S150000-E152959.0900.V07B.HDF5,True,False,7429290,e0395154c081dc63e4a21330687348a9c6560d6cfa5ad65134bd73252dc447cd,CANONICAL_PRIMARY,Official NASA GES DISC canonical granule file
3B-HHR.MS.MRG.3IMERG.20221206-S180000-E182959.1080.V07B.HDF5,3B-HHR.MS.MRG.3IMERG.20221206-S180000-E182959.1080.V07B.HDF5,True,False,7660995,953f5ce05b4a77c08d223297091dd92d29e8d653b661d177f8f2e3f3dc25435d,CANONICAL_PRIMARY,Official NASA GES DISC canonical granule file
3B-HHR.MS.MRG.3IMERG.20221206-S210000-E212959.1260.V07B.HDF5,3B-HHR.MS.MRG.3IMERG.20221206-S210000-E212959.1260.V07B.HDF5,True,False,7680250,274aa039780db46691c06127e1b4050aff40b9e3949c2f3eac2036b3580cb968,CANONICAL_PRIMARY,Official NASA GES DISC canonical granule file
3B-HHR.MS.MRG.3IMERG.20221207-S000000-E002959.0000.V07B.HDF5,3B-HHR.MS.MRG.3IMERG.20221207-S000000-E002959.0000.V07B.HDF5,True,False,7399417,b709ce5763faef1bd5ad4afa2dc64ad5af2a41bf84578604359f4eb2bb6ded07,CANONICAL_PRIMARY,Official NASA GES DISC canonical granule file
3B-HHR.MS.MRG.3IMERG.20221207-S030000-E032959.0180.V07B.HDF5,3B-HHR.MS.MRG.3IMERG.20221207-S030000-E032959.0180.V07B.HDF5,True,False,7515740,62c35097df6defc235ad67d0eb22d1de82a7cb417de3b94294762641eb258bd6,CANONICAL_PRIMARY,Official NASA GES DISC canonical granule file
3B-HHR.MS.MRG.3IMERG.20221207-S060000-E062959.0360.V07B.HDF5,3B-HHR.MS.MRG.3IMERG.20221207-S060000-E062959.0360.V07B.HDF5,True,False,7617050,f0d0d33aef65fd1c090a25e4ec1a5abdec4a5cc07d4f29c198204b0534bb3e01,CANONICAL_PRIMARY,Official NASA GES DISC canonical granule file
3B-HHR.MS.MRG.3IMERG.20221207-S090000-E092959.0540.V07B.HDF5,3B-HHR.MS.MRG.3IMERG.20221207-S090000-E092959.0540.V07B.HDF5,True,False,7591695,8aa1ae86bf37c2f5e0585c2059698b554d9593f83cb40e4e47a3fcb76e3f39cb,CANONICAL_PRIMARY,Official NASA GES DISC canonical granule file
3B-HHR.MS.MRG.3IMERG.20221207-S120000-E122959.0720.V07B.HDF5,3B-HHR.MS.MRG.3IMERG.20221207-S120000-E122959.0720.V07B.HDF5,True,False,7381330,e96a02c7a394fb329ed52811c0c0ea472fd6dee75978487fa8819e059b9268a6,CANONICAL_PRIMARY,Official NASA GES DISC canonical granule file
3B-HHR.MS.MRG.3IMERG.20221207-S150000-E152959.0900.V07B.HDF5,3B-HHR.MS.MRG.3IMERG.20221207-S150000-E152959.0900.V07B.HDF5,True,False,7715068,a37b0edbf0971c3ba08586c11d97eef10e69bd52df63d9aef7440cb4ce016656,CANONICAL_PRIMARY,Official NASA GES DISC canonical granule file
3B-HHR.MS.MRG.3IMERG.20221207-S180000-E182959.1080.V07B.HDF5,3B-HHR.MS.MRG.3IMERG.20221207-S180000-E182959.1080.V07B.HDF5,True,False,7835745,18897cc677e1f47a2a0f6fa89c6bd227d9262cd490c34af1b04f8801a21eed51,CANONICAL_PRIMARY,Official NASA GES DISC canonical granule file
3B-HHR.MS.MRG.3IMERG.20221207-S210000-E212959.1260.V07B.HDF5,3B-HHR.MS.MRG.3IMERG.20221207-S210000-E212959.1260.V07B.HDF5,True,False,7790465,8330ba4494b8b788e211db99538ae75a85c1d9956a4e0e66401f38150268ee26,CANONICAL_PRIMARY,Official NASA GES DISC canonical granule file
3B-HHR.MS.MRG.3IMERG.20221208-S000000-E002959.0000.V07B.HDF5,3B-HHR.MS.MRG.3IMERG.20221208-S000000-E002959.0000.V07B.HDF5,True,False,7424637,7a5870ec0de4d66aeca58689af7766103965daf48dc686c134a64ef3ea1629ea,CANONICAL_PRIMARY,Official NASA GES DISC canonical granule file
3B-HHR.MS.MRG.3IMERG.20221208-S030000-E032959.0180.V07B.HDF5,3B-HHR.MS.MRG.3IMERG.20221208-S030000-E032959.0180.V07B.HDF5,True,False,7516075,18742de491fa0e50f6f9abbc438d67a8686d2db75eb1308f8bf56cb3ac10b43a,CANONICAL_PRIMARY,Official NASA GES DISC canonical granule file
3B-HHR.MS.MRG.3IMERG.20221208-S060000-E062959.0360.V07B.HDF5,3B-HHR.MS.MRG.3IMERG.20221208-S060000-E062959.0360.V07B.HDF5,True,False,7487127,b128a17255d0e4746abbceb3068559bdd174632cb5b254b44a5aa454e7fc3ab0,CANONICAL_PRIMARY,Official NASA GES DISC canonical granule file
3B-HHR.MS.MRG.3IMERG.20221213-S210000-E212959.1260.V07B.HDF5,3B-HHR.MS.MRG.3IMERG.20221213-S210000-E212959.1260.V07B.HDF5,True,False,7584215,da8faf2a3b183f1340ddc4007f2c793c63fdfdd019dc7086722dc5d9c707ef3d,CANONICAL_PRIMARY,Official NASA GES DISC canonical granule file
3B-HHR.MS.MRG.3IMERG.20221214-S000000-E002959.0000.V07B.HDF5,3B-HHR.MS.MRG.3IMERG.20221214-S000000-E002959.0000.V07B.HDF5,True,False,7390656,9f31501822d554eeee4a55ce710ad77e50918408b3ed5feeb7185964f133046c,CANONICAL_PRIMARY,Official NASA GES DISC canonical granule file
3B-HHR.MS.MRG.3IMERG.20221214-S030000-E032959.0180.V07B.HDF5,3B-HHR.MS.MRG.3IMERG.20221214-S030000-E032959.0180.V07B.HDF5,True,False,7517342,9aac375d46369bf9969e93c311c1cf88328c41e7732c557dd3276724c3bd21ea,CANONICAL_PRIMARY,Official NASA GES DISC canonical granule file
3B-HHR.MS.MRG.3IMERG.20221214-S060000-E062959.0360.V07B.HDF5,3B-HHR.MS.MRG.3IMERG.20221214-S060000-E062959.0360.V07B.HDF5,True,False,7589141,af709d2b38cee2048f56323f078e3df8e3393dbde8b777d31c01cdb95de2bc7c,CANONICAL_PRIMARY,Official NASA GES DISC canonical granule file
3B-HHR.MS.MRG.3IMERG.20221214-S090000-E092959.0540.V07B.HDF5,3B-HHR.MS.MRG.3IMERG.20221214-S090000-E092959.0540.V07B.HDF5,True,False,7510582,95639743144f01c26787ac980d1abaf78a21d63fae54bbd0f281ded66c7efced,CANONICAL_PRIMARY,Official NASA GES DISC canonical granule file
3B-HHR.MS.MRG.3IMERG.20221214-S120000-E122959.0720.V07B.HDF5,3B-HHR.MS.MRG.3IMERG.20221214-S120000-E122959.0720.V07B.HDF5,True,False,7508886,3258742d66ca24e915309a66529a1cd19ed5754b14c7532332850022679ab3fc,CANONICAL_PRIMARY,Official NASA GES DISC canonical granule file
3B-HHR.MS.MRG.3IMERG.20221214-S150000-E152959.0900.V07B.HDF5,3B-HHR.MS.MRG.3IMERG.20221214-S150000-E152959.0900.V07B.HDF5,True,False,7839686,7720aef94fc3f4e728aea0e4ca7e79cb5333705d2484cd4880871c7fce70307f,CANONICAL_PRIMARY,Official NASA GES DISC canonical granule file
3B-HHR.MS.MRG.3IMERG.20221214-S180000-E182959.1080.V07B.HDF5,3B-HHR.MS.MRG.3IMERG.20221214-S180000-E182959.1080.V07B.HDF5,True,False,7958824,224cbcbb6477b8e1e8b83aa404c9fab29c02f862e03883ec363e178bce0488ab,CANONICAL_PRIMARY,Official NASA GES DISC canonical granule file
3B-HHR.MS.MRG.3IMERG.20221214-S210000-E212959.1260.V07B.HDF5,3B-HHR.MS.MRG.3IMERG.20221214-S210000-E212959.1260.V07B.HDF5,True,False,7774793,252b8d0bf1cba972400ccabf0741a1385d28dfbce14ba67a81744fc9abe51b0f,CANONICAL_PRIMARY,Official NASA GES DISC canonical granule file
3B-HHR.MS.MRG.3IMERG.20221215-S000000-E002959.0000.V07B.HDF5,3B-HHR.MS.MRG.3IMERG.20221215-S000000-E002959.0000.V07B.HDF5,True,False,7529596,1ff2b78d6d219a2330a4405b77a976401ea2846175edaaedb0c728578b49c21b,CANONICAL_PRIMARY,Official NASA GES DISC canonical granule file
3B-HHR.MS.MRG.3IMERG.20221215-S030000-E032959.0180.V07B.HDF5,3B-HHR.MS.MRG.3IMERG.20221215-S030000-E032959.0180.V07B.HDF5,True,False,7580439,797d66390e0cdf4811194dfd6d096f38487bb329481be14df46186466016d039,CANONICAL_PRIMARY,Official NASA GES DISC canonical granule file
3B-HHR.MS.MRG.3IMERG.20221215-S060000-E062959.0360.V07B.HDF5,3B-HHR.MS.MRG.3IMERG.20221215-S060000-E062959.0360.V07B.HDF5,True,False,7610646,06a8cfa56bd3a571235e8a7a19dbb0a46b8df11921a653d01af1a8309b7c5cbf,CANONICAL_PRIMARY,Official NASA GES DISC canonical granule file
3B-HHR.MS.MRG.3IMERG.20221221-S150000-E152959.0900.V07B.HDF5,3B-HHR.MS.MRG.3IMERG.20221221-S150000-E152959.0900.V07B.HDF5,True,False,8016208,059f0fae1c45703617d66d7639cda9c87942047fd6315aff5ddabf4badcf9f29,CANONICAL_PRIMARY,Official NASA GES DISC canonical granule file
3B-HHR.MS.MRG.3IMERG.20221221-S180000-E182959.1080.V07B.HDF5,3B-HHR.MS.MRG.3IMERG.20221221-S180000-E182959.1080.V07B.HDF5,True,False,8210076,e1352f87e516df3451155a9cf4b0d92c47d0fb6907cd5fe513b2e839acd102d9,CANONICAL_PRIMARY,Official NASA GES DISC canonical granule file
3B-HHR.MS.MRG.3IMERG.20221221-S210000-E212959.1260.V07B.HDF5,3B-HHR.MS.MRG.3IMERG.20221221-S210000-E212959.1260.V07B.HDF5,True,False,8165024,0408375472f5b1e83cc58c4ed2e588018edf764c4abe33f003de33be087da014,CANONICAL_PRIMARY,Official NASA GES DISC canonical granule file
3B-HHR.MS.MRG.3IMERG.20221222-S000000-E002959.0000.V07B.HDF5,3B-HHR.MS.MRG.3IMERG.20221222-S000000-E002959.0000.V07B.HDF5,True,False,8037363,81dcbd8aec284551b741c42b4abc1f301dd2b544e97e307b63ea9f9c9caa12db,CANONICAL_PRIMARY,Official NASA GES DISC canonical granule file
3B-HHR.MS.MRG.3IMERG.20221222-S030000-E032959.0180.V07B.HDF5,3B-HHR.MS.MRG.3IMERG.20221222-S030000-E032959.0180.V07B.HDF5,True,False,8133307,730af14a30c59de2892054adbbfc8ad4d22e252c2128885e64005e59acc16b79,CANONICAL_PRIMARY,Official NASA GES DISC canonical granule file
3B-HHR.MS.MRG.3IMERG.20221222-S060000-E062959.0360.V07B.HDF5,3B-HHR.MS.MRG.3IMERG.20221222-S060000-E062959.0360.V07B.HDF5,True,False,8095244,d9b8cf249de7765bf3dabbea202b6dfdabdd937d29c1147046d97cd8a41e62dd,CANONICAL_PRIMARY,Official NASA GES DISC canonical granule file
3B-HHR.MS.MRG.3IMERG.20221222-S090000-E092959.0540.V07B.HDF5,3B-HHR.MS.MRG.3IMERG.20221222-S090000-E092959.0540.V07B.HDF5,True,False,7989555,d81fd81e1fee979f79db9d6499d944bc9bf1152fbf47f9dc19d4e9458e410dc5,CANONICAL_PRIMARY,Official NASA GES DISC canonical granule file
3B-HHR.MS.MRG.3IMERG.20221222-S120000-E122959.0720.V07B.HDF5,3B-HHR.MS.MRG.3IMERG.20221222-S120000-E122959.0720.V07B.HDF5,True,False,7870493,4e3e18c5d1d99214b1d046bcbc582959d5f2b07bb38dadb296afad28371b1145,CANONICAL_PRIMARY,Official NASA GES DISC canonical granule file
3B-HHR.MS.MRG.3IMERG.20221222-S150000-E152959.0900.V07B.HDF5,3B-HHR.MS.MRG.3IMERG.20221222-S150000-E152959.0900.V07B.HDF5,True,False,8146269,0a16a6bac979278b535d6c38c7345bf33b8afc26dbc0b0efc9be2fb0d7447a76,CANONICAL_PRIMARY,Official NASA GES DISC canonical granule file
3B-HHR.MS.MRG.3IMERG.20221222-S180000-E182959.1080.V07B.HDF5,3B-HHR.MS.MRG.3IMERG.20221222-S180000-E182959.1080.V07B.HDF5,True,False,8227145,3a02d2697693a5242d8316fe99f21b8a7b9ebf5f3fa382b5199479919dd9e254,CANONICAL_PRIMARY,Official NASA GES DISC canonical granule file
3B-HHR.MS.MRG.3IMERG.20221222-S210000-E212959.1260.V07B.HDF5,3B-HHR.MS.MRG.3IMERG.20221222-S210000-E212959.1260.V07B.HDF5,True,False,8243963,8b6d7828961643b5c2795664db8066c34faeef84849f69a98c66a70072d4df5a,CANONICAL_PRIMARY,Official NASA GES DISC canonical granule file
3B-HHR.MS.MRG.3IMERG.20221223-S000000-E002959.0000.V07B.HDF5,3B-HHR.MS.MRG.3IMERG.20221223-S000000-E002959.0000.V07B.HDF5,True,False,8016038,3539847e82963e3b585d5c5aeafe42eb11fed70c082574c4f589148d575ad70c,CANONICAL_PRIMARY,Official NASA GES DISC canonical granule file
3B-HHR.MS.MRG.3IMERG.20221223-S030000-E032959.0180.V07B.HDF5,3B-HHR.MS.MRG.3IMERG.20221223-S030000-E032959.0180.V07B.HDF5,True,False,8071671,342a424e16321f22314822ccb4fc06d07b4324d21a18e1a41deef6b457e68ff6,CANONICAL_PRIMARY,Official NASA GES DISC canonical granule file
3B-HHR.MS.MRG.3IMERG.20221223-S060000-E062959.0360.V07B.HDF5,3B-HHR.MS.MRG.3IMERG.20221223-S060000-E062959.0360.V07B.HDF5,True,False,8109367,21d8ded8763e9343317238cd9d9540c4ca2fd8d5794491a91a8f3115c80184b5,CANONICAL_PRIMARY,Official NASA GES DISC canonical granule file
3B-HHR.MS.MRG.3IMERG.20230129-S150000-E152959.0900.V07B.HDF5,3B-HHR.MS.MRG.3IMERG.20230129-S150000-E152959.0900.V07B.HDF5,True,False,7581174,d399b799b93cfc857f7b9fbc608f4de9168f3abc904bb61ccbc3ab39044a869d,CANONICAL_PRIMARY,Official NASA GES DISC canonical granule file
3B-HHR.MS.MRG.3IMERG.20230129-S180000-E182959.1080.V07B.HDF5,3B-HHR.MS.MRG.3IMERG.20230129-S180000-E182959.1080.V07B.HDF5,True,False,7518721,9e8df1a4b921c81bb86b91d5f5db101bea88f21dfaa836c44314e6b65f0c7912,CANONICAL_PRIMARY,Official NASA GES DISC canonical granule file
3B-HHR.MS.MRG.3IMERG.20230129-S210000-E212959.1260.V07B.HDF5,3B-HHR.MS.MRG.3IMERG.20230129-S210000-E212959.1260.V07B.HDF5,True,False,7577225,7e8c3ef711ef8743328cb17d66a4af66f23cc5a9bbc3f58f36d2445fd776c81c,CANONICAL_PRIMARY,Official NASA GES DISC canonical granule file
3B-HHR.MS.MRG.3IMERG.20230130-S000000-E002959.0000.V07B.HDF5,3B-HHR.MS.MRG.3IMERG.20230130-S000000-E002959.0000.V07B.HDF5,True,False,7326503,a548eb7b9036e57c282a012a6710d3424e51c83393ff9d36ec63a4962b1529c3,CANONICAL_PRIMARY,Official NASA GES DISC canonical granule file
3B-HHR.MS.MRG.3IMERG.20230130-S030000-E032959.0180.V07B.HDF5,3B-HHR.MS.MRG.3IMERG.20230130-S030000-E032959.0180.V07B.HDF5,True,False,7424891,72fe722e2475487b2ab44abd114752e9f2d67ec886e8e350d8b27d297bf14061,CANONICAL_PRIMARY,Official NASA GES DISC canonical granule file
3B-HHR.MS.MRG.3IMERG.20230130-S060000-E062959.0360.V07B.HDF5,3B-HHR.MS.MRG.3IMERG.20230130-S060000-E062959.0360.V07B.HDF5,True,False,7639747,8d98c05f695c80665c67e5ed12d16ff699462bf0959610a3c32212c54462cf65,CANONICAL_PRIMARY,Official NASA GES DISC canonical granule file
3B-HHR.MS.MRG.3IMERG.20230130-S090000-E092959.0540.V07B.HDF5,3B-HHR.MS.MRG.3IMERG.20230130-S090000-E092959.0540.V07B.HDF5,True,False,7408063,7d6571b5092e3fa2b323ebdd58e33f4549856d02456632450678b3854d4c3aa0,CANONICAL_PRIMARY,Official NASA GES DISC canonical granule file
3B-HHR.MS.MRG.3IMERG.20230130-S120000-E122959.0720.V07B.HDF5,3B-HHR.MS.MRG.3IMERG.20230130-S120000-E122959.0720.V07B.HDF5,True,False,7263014,6b8736ff9450642ec787f632952c4892c1d4a18de824ee56653546664191e1f7,CANONICAL_PRIMARY,Official NASA GES DISC canonical granule file
3B-HHR.MS.MRG.3IMERG.20230130-S150000-E152959.0900.V07B.HDF5,3B-HHR.MS.MRG.3IMERG.20230130-S150000-E152959.0900.V07B.HDF5,True,False,7502814,71dc5b34436cbd26d1f3250bdd7406448603cfe32ff3b5a854980ae9f6af8ab2,CANONICAL_PRIMARY,Official NASA GES DISC canonical granule file
3B-HHR.MS.MRG.3IMERG.20230130-S180000-E182959.1080.V07B.HDF5,3B-HHR.MS.MRG.3IMERG.20230130-S180000-E182959.1080.V07B.HDF5,True,False,7580107,9bb488a81af09d93baec23ca611728c76bab1621ba1ad53000abd3a3dcfe96ec,CANONICAL_PRIMARY,Official NASA GES DISC canonical granule file
3B-HHR.MS.MRG.3IMERG.20230130-S210000-E212959.1260.V07B.HDF5,3B-HHR.MS.MRG.3IMERG.20230130-S210000-E212959.1260.V07B.HDF5,True,False,7576896,a5ea04a50485026805f1fa39b21198c3f6c899f4b6acddcd39bf9caf62957af6,CANONICAL_PRIMARY,Official NASA GES DISC canonical granule file
3B-HHR.MS.MRG.3IMERG.20230131-S000000-E002959.0000.V07B.HDF5,3B-HHR.MS.MRG.3IMERG.20230131-S000000-E002959.0000.V07B.HDF5,True,False,7495967,3fb24598cf6c5463649a0a4af3e25531d82c29acc203fa0b372d0b25139be625,CANONICAL_PRIMARY,Official NASA GES DISC canonical granule file
3B-HHR.MS.MRG.3IMERG.20230131-S030000-E032959.0180.V07B.HDF5,3B-HHR.MS.MRG.3IMERG.20230131-S030000-E032959.0180.V07B.HDF5,True,False,7376742,ac3ce99a2b5a7f747e2636f4e18fa914bacac7941dd2f5e6d01ee6a5c31ecd87,CANONICAL_PRIMARY,Official NASA GES DISC canonical granule file
3B-HHR.MS.MRG.3IMERG.20230131-S060000-E062959.0360.V07B.HDF5,3B-HHR.MS.MRG.3IMERG.20230131-S060000-E062959.0360.V07B.HDF5,True,False,7599638,9952ee2cd9d4913e97c6261a6f605cfd598841194b1e00072f0ba7b1479cd42f,CANONICAL_PRIMARY,Official NASA GES DISC canonical granule file
3B-HHR.MS.MRG.3IMERG.20230131-S090000-E092959.0540.V07B.HDF5,3B-HHR.MS.MRG.3IMERG.20230131-S090000-E092959.0540.V07B.HDF5,True,False,7456431,a2abf4f968ae38dbd21c4b258f14782ee95ce3d68e3d02648aa13d50e3c82a3d,CANONICAL_PRIMARY,Official NASA GES DISC canonical granule file
3B-HHR.MS.MRG.3IMERG.20230131-S120000-E122959.0720.V07B.HDF5,3B-HHR.MS.MRG.3IMERG.20230131-S120000-E122959.0720.V07B.HDF5,True,False,7260928,af1a85cb8dec860afcd3103d4db73c1ec1d789aa7d0309224d39bcab035beaf0,CANONICAL_PRIMARY,Official NASA GES DISC canonical granule file
3B-HHR.MS.MRG.3IMERG.20230508-S210000-E212959.1260.V07B.HDF5,3B-HHR.MS.MRG.3IMERG.20230508-S210000-E212959.1260.V07B.HDF5,True,False,8399602,b372d59a826a2e54122226c3acaa81da4b8aea5f67cf93ea8f6f053e7cca8543,CANONICAL_PRIMARY,Official NASA GES DISC canonical granule file
3B-HHR.MS.MRG.3IMERG.20230509-S000000-E002959.0000.V07B.HDF5,3B-HHR.MS.MRG.3IMERG.20230509-S000000-E002959.0000.V07B.HDF5,True,False,8041899,8870fda12e123fac439783c5eedc183b4a2e4e19c49fb4862486dac8a3acc6ea,CANONICAL_PRIMARY,Official NASA GES DISC canonical granule file
3B-HHR.MS.MRG.3IMERG.20230509-S030000-E032959.0180.V07B.HDF5,3B-HHR.MS.MRG.3IMERG.20230509-S030000-E032959.0180.V07B.HDF5,True,False,8326201,231cb377eff44cafbea9abca09889fc12af747df54b1659593c3f80967526acc,CANONICAL_PRIMARY,Official NASA GES DISC canonical granule file
3B-HHR.MS.MRG.3IMERG.20230509-S060000-E062959.0360.V07B.HDF5,3B-HHR.MS.MRG.3IMERG.20230509-S060000-E062959.0360.V07B.HDF5,True,False,8151775,3b376d80f70604487a968ceea157ad4010f005a0cb743943e344ed0d616dde37,CANONICAL_PRIMARY,Official NASA GES DISC canonical granule file
3B-HHR.MS.MRG.3IMERG.20230509-S090000-E092959.0540.V07B.HDF5,3B-HHR.MS.MRG.3IMERG.20230509-S090000-E092959.0540.V07B.HDF5,True,False,8251285,ff4906754817f526de4d4a4f3dd690a050b4710f7eaf3650d6dc1897dfa2d453,CANONICAL_PRIMARY,Official NASA GES DISC canonical granule file
3B-HHR.MS.MRG.3IMERG.20230509-S120000-E122959.0720.V07B.HDF5,3B-HHR.MS.MRG.3IMERG.20230509-S120000-E122959.0720.V07B.HDF5,True,False,8374101,77de0cd86b71db2c0c99c79b1e72f2d06987062d93eaa442244079b126085639,CANONICAL_PRIMARY,Official NASA GES DISC canonical granule file
3B-HHR.MS.MRG.3IMERG.20230509-S150000-E152959.0900.V07B.HDF5,3B-HHR.MS.MRG.3IMERG.20230509-S150000-E152959.0900.V07B.HDF5,True,False,8368677,097468efbdc6494757f19549c7c45df6688496cd9254fc5de8cd80faff09ce89,CANONICAL_PRIMARY,Official NASA GES DISC canonical granule file
3B-HHR.MS.MRG.3IMERG.20230509-S180000-E182959.1080.V07B.HDF5,3B-HHR.MS.MRG.3IMERG.20230509-S180000-E182959.1080.V07B.HDF5,True,False,8402610,ec69a5a9ca78b23a742b41ea2af69251e54a028b40384346d44286b0630b9ac0,CANONICAL_PRIMARY,Official NASA GES DISC canonical granule file
3B-HHR.MS.MRG.3IMERG.20230509-S210000-E212959.1260.V07B.HDF5,3B-HHR.MS.MRG.3IMERG.20230509-S210000-E212959.1260.V07B.HDF5,True,False,8595523,c349295e077c5b85825863272065f9dd3b618688417e7fc8284fcbb0aaea0887,CANONICAL_PRIMARY,Official NASA GES DISC canonical granule file
3B-HHR.MS.MRG.3IMERG.20230510-S000000-E002959.0000.V07B.HDF5,3B-HHR.MS.MRG.3IMERG.20230510-S000000-E002959.0000.V07B.HDF5,True,False,8251441,8d409062d3e8041d8f85d313256e9778695be36175aaa100efcdb700209826d2,CANONICAL_PRIMARY,Official NASA GES DISC canonical granule file
3B-HHR.MS.MRG.3IMERG.20230510-S030000-E032959.0180.V07B.HDF5,3B-HHR.MS.MRG.3IMERG.20230510-S030000-E032959.0180.V07B.HDF5,True,False,8261726,4dd0ac8cd02aa808f8eb48aaea02cfa60cf4ac824f80810ce2df9c2eb5690858,CANONICAL_PRIMARY,Official NASA GES DISC canonical granule file
3B-HHR.MS.MRG.3IMERG.20230510-S060000-E062959.0360.V07B.HDF5,3B-HHR.MS.MRG.3IMERG.20230510-S060000-E062959.0360.V07B.HDF5,True,False,8290717,7fe01a5cc53cd6f707d7d558a88b88980c7848b4596d45e8aaf81d3d5ebc8fdd,CANONICAL_PRIMARY,Official NASA GES DISC canonical granule file
3B-HHR.MS.MRG.3IMERG.20230510-S090000-E092959.0540.V07B.HDF5,3B-HHR.MS.MRG.3IMERG.20230510-S090000-E092959.0540.V07B.HDF5,True,False,8256718,52a19a6bb85354f0f21d2f8a59ce48e2e4eb600040019e51b7fdd2fe7f58588a,CANONICAL_PRIMARY,Official NASA GES DISC canonical granule file
3B-HHR.MS.MRG.3IMERG.20230510-S120000-E122959.0720.V07B.HDF5,3B-HHR.MS.MRG.3IMERG.20230510-S120000-E122959.0720.V07B.HDF5,True,False,8329117,0c2430481a39e1985d90bb0e360bdc3736d184d94801b5880cc9db8c071a3cc2,CANONICAL_PRIMARY,Official NASA GES DISC canonical granule file
3B-HHR.MS.MRG.3IMERG.20230510-S150000-E152959.0900.V07B.HDF5,3B-HHR.MS.MRG.3IMERG.20230510-S150000-E152959.0900.V07B.HDF5,True,False,8342875,a795dca88d20653f55398be31c60c44ffd3f914d6a6261822c0462c450b79105,CANONICAL_PRIMARY,Official NASA GES DISC canonical granule file
3B-HHR.MS.MRG.3IMERG.20230510-S180000-E182959.1080.V07B.HDF5,3B-HHR.MS.MRG.3IMERG.20230510-S180000-E182959.1080.V07B.HDF5,True,False,8491787,fca19f05dc63f2f4fcd07fbe73835681ca63db0ad018edbe6feb453aafd59af7,CANONICAL_PRIMARY,Official NASA GES DISC canonical granule file
3B-HHR.MS.MRG.3IMERG.20230510-S210000-E212959.1260.V07B.HDF5,3B-HHR.MS.MRG.3IMERG.20230510-S210000-E212959.1260.V07B.HDF5,True,False,8242088,e09656255b888ca55fdfc96c02e064d4e73aee8b2f3ac09b2762abfeaace0f90,CANONICAL_PRIMARY,Official NASA GES DISC canonical granule file
3B-HHR.MS.MRG.3IMERG.20230511-S000000-E002959.0000.V07B.HDF5,3B-HHR.MS.MRG.3IMERG.20230511-S000000-E002959.0000.V07B.HDF5,True,False,8119761,374b9fd353b140e9f7c0d9ad242b7d18a7aec7908e7a8e56d26b10cb7f43841f,CANONICAL_PRIMARY,Official NASA GES DISC canonical granule file
3B-HHR.MS.MRG.3IMERG.20230511-S030000-E032959.0180.V07B.HDF5,3B-HHR.MS.MRG.3IMERG.20230511-S030000-E032959.0180.V07B.HDF5,True,False,8312318,f7748e92d7aced9fda48a38faee146324dea29f7b4f6ab95c719a898152f1163,CANONICAL_PRIMARY,Official NASA GES DISC canonical granule file
3B-HHR.MS.MRG.3IMERG.20230511-S060000-E062959.0360.V07B.HDF5,3B-HHR.MS.MRG.3IMERG.20230511-S060000-E062959.0360.V07B.HDF5,True,False,8469357,9ff461fb354e8e4345b65913ff18c1150f1891d0658f006498796f6eba9f54f6,CANONICAL_PRIMARY,Official NASA GES DISC canonical granule file
3B-HHR.MS.MRG.3IMERG.20230511-S090000-E092959.0540.V07B.HDF5,3B-HHR.MS.MRG.3IMERG.20230511-S090000-E092959.0540.V07B.HDF5,True,False,8531636,4a2539facc39809741ad93e0f995eaf4bd14addbd7ebe420690f9f3fe0a85465,CANONICAL_PRIMARY,Official NASA GES DISC canonical granule file
3B-HHR.MS.MRG.3IMERG.20230511-S120000-E122959.0720.V07B.HDF5,3B-HHR.MS.MRG.3IMERG.20230511-S120000-E122959.0720.V07B.HDF5,True,False,8598248,cec6e06f5ee4107e2a0512ac019e7ad479959dbdbf586b3753cb839cb7b8143a,CANONICAL_PRIMARY,Official NASA GES DISC canonical granule file
3B-HHR.MS.MRG.3IMERG.20230511-S150000-E152959.0900.V07B.HDF5,3B-HHR.MS.MRG.3IMERG.20230511-S150000-E152959.0900.V07B.HDF5,True,False,8783242,d9478f40eeb993841d7691a937ef7f42db10a85c9f6c6b755179dedf2a5a5eee,CANONICAL_PRIMARY,Official NASA GES DISC canonical granule file
3B-HHR.MS.MRG.3IMERG.20230511-S180000-E182959.1080.V07B.HDF5,3B-HHR.MS.MRG.3IMERG.20230511-S180000-E182959.1080.V07B.HDF5,True,False,8602247,4df8604cb195e8d18c5c8d1931789d0c6350e219078a663e4b61403811ae91d7,CANONICAL_PRIMARY,Official NASA GES DISC canonical granule file
3B-HHR.MS.MRG.3IMERG.20230511-S210000-E212959.1260.V07B.HDF5,3B-HHR.MS.MRG.3IMERG.20230511-S210000-E212959.1260.V07B.HDF5,True,False,8659180,5d4e67f6e7859c6b9a62bafd01d0aa3b3d0966e566a21557ae1f302838a79fed,CANONICAL_PRIMARY,Official NASA GES DISC canonical granule file
3B-HHR.MS.MRG.3IMERG.20230512-S000000-E002959.0000.V07B.HDF5,3B-HHR.MS.MRG.3IMERG.20230512-S000000-E002959.0000.V07B.HDF5,True,False,8427692,ff7e6cee876b85e0efd9c7515afca549a3a481a9bcb7b6650b1a1ba247f85a05,CANONICAL_PRIMARY,Official NASA GES DISC canonical granule file
3B-HHR.MS.MRG.3IMERG.20230512-S030000-E032959.0180.V07B.HDF5,3B-HHR.MS.MRG.3IMERG.20230512-S030000-E032959.0180.V07B.HDF5,True,False,8451296,8718257112235e1da84af330d7306b49b196796d2349e1a52a59fb82b78e6524,CANONICAL_PRIMARY,Official NASA GES DISC canonical granule file
3B-HHR.MS.MRG.3IMERG.20230512-S060000-E062959.0360.V07B.HDF5,3B-HHR.MS.MRG.3IMERG.20230512-S060000-E062959.0360.V07B.HDF5,True,False,8498649,7386e6087b3815b9f75c691a0dad2ad5b585340432c09233946170f03137e556,CANONICAL_PRIMARY,Official NASA GES DISC canonical granule file
3B-HHR.MS.MRG.3IMERG.20230512-S090000-E092959.0540.V07B.HDF5,3B-HHR.MS.MRG.3IMERG.20230512-S090000-E092959.0540.V07B.HDF5,True,False,8699814,7a8fd4cbf0a4a07fcd86e05040afe7fb1b60f127a8fee125de8864ac3fd55883,CANONICAL_PRIMARY,Official NASA GES DISC canonical granule file
3B-HHR.MS.MRG.3IMERG.20230512-S120000-E122959.0720.V07B.HDF5,3B-HHR.MS.MRG.3IMERG.20230512-S120000-E122959.0720.V07B.HDF5,True,False,8785139,74ca7bcd3f92c182fad39ffca577c2dacd5ec52de5fd2bf1fcbbf5df07d3e011,CANONICAL_PRIMARY,Official NASA GES DISC canonical granule file
3B-HHR.MS.MRG.3IMERG.20230512-S150000-E152959.0900.V07B.HDF5,3B-HHR.MS.MRG.3IMERG.20230512-S150000-E152959.0900.V07B.HDF5,True,False,8754753,543ab86320a744bfa385d3afb926369eb61086e7aa0126376ab3c4dda238392b,CANONICAL_PRIMARY,Official NASA GES DISC canonical granule file
3B-HHR.MS.MRG.3IMERG.20230512-S180000-E182959.1080.V07B.HDF5,3B-HHR.MS.MRG.3IMERG.20230512-S180000-E182959.1080.V07B.HDF5,True,False,8787849,7e7d85a4b77fc623e8ade9687b0abc121f9bbb37b65bba4b56b1f94abcd164c6,CANONICAL_PRIMARY,Official NASA GES DISC canonical granule file
3B-HHR.MS.MRG.3IMERG.20230512-S210000-E212959.1260.V07B.HDF5,3B-HHR.MS.MRG.3IMERG.20230512-S210000-E212959.1260.V07B.HDF5,True,False,8787981,59a18e56c33733e1cb95d977b9a2cde442f70506d0829d391baa3d09a52447c5,CANONICAL_PRIMARY,Official NASA GES DISC canonical granule file
3B-HHR.MS.MRG.3IMERG.20230513-S000000-E002959.0000.V07B.HDF5,3B-HHR.MS.MRG.3IMERG.20230513-S000000-E002959.0000.V07B.HDF5,True,False,8672592,cdb0bed0e921abba29cf78e4bef22f70b05ee63e64dac372f70aa3d183657b4c,CANONICAL_PRIMARY,Official NASA GES DISC canonical granule file
3B-HHR.MS.MRG.3IMERG.20230605-S090000-E092959.0540.V07B.HDF5,3B-HHR.MS.MRG.3IMERG.20230605-S090000-E092959.0540.V07B.HDF5,True,False,8311967,038d01e90613921c2e2a458e17213ca2413a7c323802d92c4b386253c22ec4fd,CANONICAL_PRIMARY,Official NASA GES DISC canonical granule file
3B-HHR.MS.MRG.3IMERG.20230605-S120000-E122959.0720.V07B.HDF5,3B-HHR.MS.MRG.3IMERG.20230605-S120000-E122959.0720.V07B.HDF5,True,False,8257837,57adfcde762d2bc4ecb29d5187d2e7e65d2ef8dce8bc1adb97c92f192135c350,CANONICAL_PRIMARY,Official NASA GES DISC canonical granule file
3B-HHR.MS.MRG.3IMERG.20230605-S150000-E152959.0900.V07B.HDF5,3B-HHR.MS.MRG.3IMERG.20230605-S150000-E152959.0900.V07B.HDF5,True,False,8409690,8695da6a7e282324bf5d2c275f5d64291fe2a1660348298ee9a8e566d1a8c5f5,CANONICAL_PRIMARY,Official NASA GES DISC canonical granule file
3B-HHR.MS.MRG.3IMERG.20230605-S180000-E182959.1080.V07B.HDF5,3B-HHR.MS.MRG.3IMERG.20230605-S180000-E182959.1080.V07B.HDF5,True,False,8408179,6af6aa115a73318cbd9a2f84020474985486de936f6b4a215f9bf40b26c04f86,CANONICAL_PRIMARY,Official NASA GES DISC canonical granule file
3B-HHR.MS.MRG.3IMERG.20230605-S210000-E212959.1260.V07B.HDF5,3B-HHR.MS.MRG.3IMERG.20230605-S210000-E212959.1260.V07B.HDF5,True,False,8403677,4bfb6370fbe48c068b8791821c25fefedd108f659519ccab10aee4c23738209d,CANONICAL_PRIMARY,Official NASA GES DISC canonical granule file
3B-HHR.MS.MRG.3IMERG.20230606-S000000-E002959.0000.V07B.HDF5,3B-HHR.MS.MRG.3IMERG.20230606-S000000-E002959.0000.V07B.HDF5,True,False,8284537,5cef0bbcd2f9e94fb61247fced9b33f2c0229341d838ce7e5dec91c00597f5d1,CANONICAL_PRIMARY,Official NASA GES DISC canonical granule file
3B-HHR.MS.MRG.3IMERG.20230606-S030000-E032959.0180.V07B.HDF5,3B-HHR.MS.MRG.3IMERG.20230606-S030000-E032959.0180.V07B.HDF5,True,False,8084369,73ac077854438e0ec0b8c7e9095b65dff327701ae971bd451e17cabbfbfa3b9e,CANONICAL_PRIMARY,Official NASA GES DISC canonical granule file
3B-HHR.MS.MRG.3IMERG.20230606-S060000-E062959.0360.V07B.HDF5,3B-HHR.MS.MRG.3IMERG.20230606-S060000-E062959.0360.V07B.HDF5,True,False,8123216,3d63df16830439112e194a5d25c6fbc0ce2ba39f398c0a9e4f62494843fefc26,CANONICAL_PRIMARY,Official NASA GES DISC canonical granule file
3B-HHR.MS.MRG.3IMERG.20230606-S090000-E092959.0540.V07B.HDF5,3B-HHR.MS.MRG.3IMERG.20230606-S090000-E092959.0540.V07B.HDF5,True,False,8244950,725eb0ed244560f93389f46f0252ad8f9574d4811f999b53ce61fd7ee4177c11,CANONICAL_PRIMARY,Official NASA GES DISC canonical granule file
3B-HHR.MS.MRG.3IMERG.20230606-S120000-E122959.0720.V07B.HDF5,3B-HHR.MS.MRG.3IMERG.20230606-S120000-E122959.0720.V07B.HDF5,True,False,8245185,b54fa1aa35b827cc8a99dbf0e91428c38d05612e2d6bba4d4e4b05e56646a378,CANONICAL_PRIMARY,Official NASA GES DISC canonical granule file
3B-HHR.MS.MRG.3IMERG.20230606-S150000-E152959.0900.V07B.HDF5,3B-HHR.MS.MRG.3IMERG.20230606-S150000-E152959.0900.V07B.HDF5,True,False,8299593,5d57762aba85c8dabff234ddc008766844147eae04fd369f067cce0791b0d4c5,CANONICAL_PRIMARY,Official NASA GES DISC canonical granule file
3B-HHR.MS.MRG.3IMERG.20230606-S180000-E182959.1080.V07B.HDF5,3B-HHR.MS.MRG.3IMERG.20230606-S180000-E182959.1080.V07B.HDF5,True,False,8393216,28b0b52615c413ce291bccb8837cea569690372461783efecef433c8e87118c2,CANONICAL_PRIMARY,Official NASA GES DISC canonical granule file
3B-HHR.MS.MRG.3IMERG.20230606-S210000-E212959.1260.V07B.HDF5,3B-HHR.MS.MRG.3IMERG.20230606-S210000-E212959.1260.V07B.HDF5,True,False,8314134,cd17f15a992dfd8d137c2141a54f8ad9a8694c5f0fd38aadc3edcbd41019db80,CANONICAL_PRIMARY,Official NASA GES DISC canonical granule file
3B-HHR.MS.MRG.3IMERG.20230607-S000000-E002959.0000.V07B.HDF5,3B-HHR.MS.MRG.3IMERG.20230607-S000000-E002959.0000.V07B.HDF5,True,False,8211071,78023ceedb46ec1f202eaf87e1ad24b722a0db2f8e7d9e2761361bcdff5a64aa,CANONICAL_PRIMARY,Official NASA GES DISC canonical granule file
3B-HHR.MS.MRG.3IMERG.20230607-S030000-E032959.0180.V07B.HDF5,3B-HHR.MS.MRG.3IMERG.20230607-S030000-E032959.0180.V07B.HDF5,True,False,8063620,d401a9b580c27fb603c012deef1e934fcb62a72dd349c65e953acd7e6a981f22,CANONICAL_PRIMARY,Official NASA GES DISC canonical granule file
3B-HHR.MS.MRG.3IMERG.20230607-S060000-E062959.0360.V07B.HDF5,3B-HHR.MS.MRG.3IMERG.20230607-S060000-E062959.0360.V07B.HDF5,True,False,8210572,7df3d4622389545e1a4dd99bf55fdbd32c11d6331613ac308daec42f937a620e,CANONICAL_PRIMARY,Official NASA GES DISC canonical granule file
3B-HHR.MS.MRG.3IMERG.20230607-S090000-E092959.0540.V07B.HDF5,3B-HHR.MS.MRG.3IMERG.20230607-S090000-E092959.0540.V07B.HDF5,True,False,8122851,f26680f8f1328d30c4799e3193ff039188357dd26c23bf8ac3535177a6a55d78,CANONICAL_PRIMARY,Official NASA GES DISC canonical granule file
3B-HHR.MS.MRG.3IMERG.20230607-S120000-E122959.0720.V07B.HDF5,3B-HHR.MS.MRG.3IMERG.20230607-S120000-E122959.0720.V07B.HDF5,True,False,8284097,c782df93036748d81fb82bdd6e2749a50fc47c0050e167bbef582625f659e8ad,CANONICAL_PRIMARY,Official NASA GES DISC canonical granule file
3B-HHR.MS.MRG.3IMERG.20230607-S150000-E152959.0900.V07B.HDF5,3B-HHR.MS.MRG.3IMERG.20230607-S150000-E152959.0900.V07B.HDF5,True,False,8240829,4ea898dd4c4269f2595cb8317fa3458f8631aa4ac25a93cb6da34d3991550d9b,CANONICAL_PRIMARY,Official NASA GES DISC canonical granule file
3B-HHR.MS.MRG.3IMERG.20230607-S180000-E182959.1080.V07B.HDF5,3B-HHR.MS.MRG.3IMERG.20230607-S180000-E182959.1080.V07B.HDF5,True,False,8285324,2945d5c5c477f875a1e1a35f2e9329fb2210dfd67fb44ae02c1d363f22724ca5,CANONICAL_PRIMARY,Official NASA GES DISC canonical granule file
3B-HHR.MS.MRG.3IMERG.20230607-S210000-E212959.1260.V07B.HDF5,3B-HHR.MS.MRG.3IMERG.20230607-S210000-E212959.1260.V07B.HDF5,True,False,8274855,1e9257f4ffe058a0ff9709ae7646a3719f5e5c7b748fae7f8fdff7d0c7be31d9,CANONICAL_PRIMARY,Official NASA GES DISC canonical granule file
3B-HHR.MS.MRG.3IMERG.20230608-S000000-E002959.0000.V07B.HDF5,3B-HHR.MS.MRG.3IMERG.20230608-S000000-E002959.0000.V07B.HDF5,True,False,8052477,61971ba42ff28e901b39ea6e2b4699a467577f362986a358a919b7ae99944f93,CANONICAL_PRIMARY,Official NASA GES DISC canonical granule file
3B-HHR.MS.MRG.3IMERG.20230608-S030000-E032959.0180.V07B.HDF5,3B-HHR.MS.MRG.3IMERG.20230608-S030000-E032959.0180.V07B.HDF5,True,False,7756705,663a1d681ca741d76f26b79a623941fb375bd7b0858b22de6732ab0edc5fe6ec,CANONICAL_PRIMARY,Official NASA GES DISC canonical granule file
3B-HHR.MS.MRG.3IMERG.20230608-S060000-E062959.0360.V07B.HDF5,3B-HHR.MS.MRG.3IMERG.20230608-S060000-E062959.0360.V07B.HDF5,True,False,7731559,c7b9b67968b9bae0a914ee6117030b2c72ed1187cb45b21fc8a566c570dd4eab,CANONICAL_PRIMARY,Official NASA GES DISC canonical granule file
3B-HHR.MS.MRG.3IMERG.20230608-S090000-E092959.0540.V07B.HDF5,3B-HHR.MS.MRG.3IMERG.20230608-S090000-E092959.0540.V07B.HDF5,True,False,7970520,0d56cf39eeec5b248f797e8adb6ac162771cb23b04cd93158a9fccb774cccb4f,CANONICAL_PRIMARY,Official NASA GES DISC canonical granule file
3B-HHR.MS.MRG.3IMERG.20230608-S120000-E122959.0720.V07B.HDF5,3B-HHR.MS.MRG.3IMERG.20230608-S120000-E122959.0720.V07B.HDF5,True,False,7892248,389e1eaf3449449a2c39c1eae61bcfd68fe80473d299a564e12d24b3e733ea6e,CANONICAL_PRIMARY,Official NASA GES DISC canonical granule file
3B-HHR.MS.MRG.3IMERG.20230608-S150000-E152959.0900.V07B.HDF5,3B-HHR.MS.MRG.3IMERG.20230608-S150000-E152959.0900.V07B.HDF5,True,False,7848977,417e987569b400d5a66f55e7c26ee3c65613391be4c1c030dd34fdc5b18ec7b1,CANONICAL_PRIMARY,Official NASA GES DISC canonical granule file
3B-HHR.MS.MRG.3IMERG.20230608-S180000-E182959.1080.V07B.HDF5,3B-HHR.MS.MRG.3IMERG.20230608-S180000-E182959.1080.V07B.HDF5,True,False,8002909,161e26e3c0f55273a9bf4f7397f077aee214b9c2eec3c26363077177662be4ec,CANONICAL_PRIMARY,Official NASA GES DISC canonical granule file
3B-HHR.MS.MRG.3IMERG.20230608-S210000-E212959.1260.V07B.HDF5,3B-HHR.MS.MRG.3IMERG.20230608-S210000-E212959.1260.V07B.HDF5,True,False,8041141,e74edca5da4f08377b25afc915988826b52a629bb9ab00654d486fbfbdedcc11,CANONICAL_PRIMARY,Official NASA GES DISC canonical granule file
3B-HHR.MS.MRG.3IMERG.20230609-S000000-E002959.0000.V07B.HDF5,3B-HHR.MS.MRG.3IMERG.20230609-S000000-E002959.0000.V07B.HDF5,True,False,7737097,7c7f646899d733edb5f34a85723ca7ee93a824bd630852d5ea994801a51f7626,CANONICAL_PRIMARY,Official NASA GES DISC canonical granule file
3B-HHR.MS.MRG.3IMERG.20230609-S030000-E032959.0180.V07B.HDF5,3B-HHR.MS.MRG.3IMERG.20230609-S030000-E032959.0180.V07B.HDF5,True,False,7656206,f5dd97193ad27c70cf59f319aef6b4df881c00ea717297fdabf4ab3b62a4ae0b,CANONICAL_PRIMARY,Official NASA GES DISC canonical granule file
3B-HHR.MS.MRG.3IMERG.20230609-S060000-E062959.0360.V07B.HDF5,3B-HHR.MS.MRG.3IMERG.20230609-S060000-E062959.0360.V07B.HDF5,True,False,7794859,2518532d41b167c5663af3a2545fcd684e20d0cead9f83be29bbf0a8494234d5,CANONICAL_PRIMARY,Official NASA GES DISC canonical granule file
3B-HHR.MS.MRG.3IMERG.20230609-S090000-E092959.0540.V07B.HDF5,3B-HHR.MS.MRG.3IMERG.20230609-S090000-E092959.0540.V07B.HDF5,True,False,8015469,526b538128e08ff980806db61e8227ee49712443b3661dff666a15596c120794,CANONICAL_PRIMARY,Official NASA GES DISC canonical granule file
3B-HHR.MS.MRG.3IMERG.20230609-S120000-E122959.0720.V07B.HDF5,3B-HHR.MS.MRG.3IMERG.20230609-S120000-E122959.0720.V07B.HDF5,True,False,7728299,9c69f03e5e28dacea343a3bf55abb0099354f7bb22435da8310be7a4ca608f94,CANONICAL_PRIMARY,Official NASA GES DISC canonical granule file
3B-HHR.MS.MRG.3IMERG.20230609-S150000-E152959.0900.V07B.HDF5,3B-HHR.MS.MRG.3IMERG.20230609-S150000-E152959.0900.V07B.HDF5,True,False,7904629,49ff6af7ef71bc5cba8ef290380dac1a3760283a74bc3dbf16286a7d52901207,CANONICAL_PRIMARY,Official NASA GES DISC canonical granule file
3B-HHR.MS.MRG.3IMERG.20230609-S180000-E182959.1080.V07B.HDF5,3B-HHR.MS.MRG.3IMERG.20230609-S180000-E182959.1080.V07B.HDF5,True,False,7908234,94e2021e771ea9e663963c7d45f66e8655eb6fb9d5dce7147b96805d92073d06,CANONICAL_PRIMARY,Official NASA GES DISC canonical granule file
3B-HHR.MS.MRG.3IMERG.20230609-S210000-E212959.1260.V07B.HDF5,3B-HHR.MS.MRG.3IMERG.20230609-S210000-E212959.1260.V07B.HDF5,True,False,8176252,705f6f09f57bbf9e105056a57010da270097ce24a9f8b6ff751dc486b2d21b37,CANONICAL_PRIMARY,Official NASA GES DISC canonical granule file
3B-HHR.MS.MRG.3IMERG.20230610-S000000-E002959.0000.V07B.HDF5,3B-HHR.MS.MRG.3IMERG.20230610-S000000-E002959.0000.V07B.HDF5,True,False,7954354,102068570e3cadfbe197b76e38a4eaed85ee2f5c5e3e1e20ae3bf1fed4e7ea3f,CANONICAL_PRIMARY,Official NASA GES DISC canonical granule file
3B-HHR.MS.MRG.3IMERG.20230610-S030000-E032959.0180.V07B.HDF5,3B-HHR.MS.MRG.3IMERG.20230610-S030000-E032959.0180.V07B.HDF5,True,False,7951646,5f1ac249c1dd545e2305ced256affe2756780aa42c5480a5a3d8a1d485d54a47,CANONICAL_PRIMARY,Official NASA GES DISC canonical granule file
3B-HHR.MS.MRG.3IMERG.20230610-S060000-E062959.0360.V07B.HDF5,3B-HHR.MS.MRG.3IMERG.20230610-S060000-E062959.0360.V07B.HDF5,True,False,7935546,5a3068db4af9abdacfa31e1ff1174f172688c6c99391c929075aeff97c4ae7d2,CANONICAL_PRIMARY,Official NASA GES DISC canonical granule file
3B-HHR.MS.MRG.3IMERG.20230610-S090000-E092959.0540.V07B.HDF5,3B-HHR.MS.MRG.3IMERG.20230610-S090000-E092959.0540.V07B.HDF5,True,False,7965735,e5a21410a088c66200003968ed48f7f1247bacf708238d430faed33170ab4493,CANONICAL_PRIMARY,Official NASA GES DISC canonical granule file
3B-HHR.MS.MRG.3IMERG.20230610-S120000-E122959.0720.V07B.HDF5,3B-HHR.MS.MRG.3IMERG.20230610-S120000-E122959.0720.V07B.HDF5,True,False,7884423,dbe8cc06d3b6303d0e461a1e61f09cb804787938c8383d0e467103dbc31d9a92,CANONICAL_PRIMARY,Official NASA GES DISC canonical granule file
3B-HHR.MS.MRG.3IMERG.20230610-S150000-E152959.0900.V07B.HDF5,3B-HHR.MS.MRG.3IMERG.20230610-S150000-E152959.0900.V07B.HDF5,True,False,7999033,c5cfb7e27d4a92e9e43bc879196c58cb5262896ea3af647c94006325da14b314,CANONICAL_PRIMARY,Official NASA GES DISC canonical granule file
3B-HHR.MS.MRG.3IMERG.20230610-S180000-E182959.1080.V07B.HDF5,3B-HHR.MS.MRG.3IMERG.20230610-S180000-E182959.1080.V07B.HDF5,True,False,8256091,476cd1024cfb423e5a59444bbea7e320584f5a0a544f129be2f1a2b73fd43432,CANONICAL_PRIMARY,Official NASA GES DISC canonical granule file
3B-HHR.MS.MRG.3IMERG.20230610-S210000-E212959.1260.V07B.HDF5,3B-HHR.MS.MRG.3IMERG.20230610-S210000-E212959.1260.V07B.HDF5,True,False,8289734,0935e09a26e8dcd3dac379d6c830a7e32102a745fbe3ebda542244349928850f,CANONICAL_PRIMARY,Official NASA GES DISC canonical granule file
3B-HHR.MS.MRG.3IMERG.20230611-S000000-E002959.0000.V07B.HDF5,3B-HHR.MS.MRG.3IMERG.20230611-S000000-E002959.0000.V07B.HDF5,True,False,8077444,76d754e0652e4ac594c376b3d19d90bd549ad217e59b676a992b0b1bc4e6c053,CANONICAL_PRIMARY,Official NASA GES DISC canonical granule file
3B-HHR.MS.MRG.3IMERG.20230611-S030000-E032959.0180.V07B.HDF5,3B-HHR.MS.MRG.3IMERG.20230611-S030000-E032959.0180.V07B.HDF5,True,False,8019069,62bdff7b0f3e6eee6bf17267b6e1055b58d1eb9fc9b4c4af8a8bd51bc4baf4e9,CANONICAL_PRIMARY,Official NASA GES DISC canonical granule file
3B-HHR.MS.MRG.3IMERG.20230611-S060000-E062959.0360.V07B.HDF5,3B-HHR.MS.MRG.3IMERG.20230611-S060000-E062959.0360.V07B.HDF5,True,False,8250486,316b4a36554a3d9c958cfa2fc61b52dc6e0c5f62313d437360ee42df9e65c5bf,CANONICAL_PRIMARY,Official NASA GES DISC canonical granule file
3B-HHR.MS.MRG.3IMERG.20230611-S090000-E092959.0540.V07B.HDF5,3B-HHR.MS.MRG.3IMERG.20230611-S090000-E092959.0540.V07B.HDF5,True,False,8179884,6e9226845401bbb981b6413a597d037c19523127372f1435034e8b99f1776682,CANONICAL_PRIMARY,Official NASA GES DISC canonical granule file
3B-HHR.MS.MRG.3IMERG.20230611-S120000-E122959.0720.V07B.HDF5,3B-HHR.MS.MRG.3IMERG.20230611-S120000-E122959.0720.V07B.HDF5,True,False,8316130,c15b140ce498a829441356f7a7e3a79f2d81d58eafe63901b57f99d1dce8aa94,CANONICAL_PRIMARY,Official NASA GES DISC canonical granule file
3B-HHR.MS.MRG.3IMERG.20230611-S150000-E152959.0900.V07B.HDF5,3B-HHR.MS.MRG.3IMERG.20230611-S150000-E152959.0900.V07B.HDF5,True,False,8603525,eb669a72e5c21c6264f7fbe398e5e66583eff4551e01f76df0228df5d215e238,CANONICAL_PRIMARY,Official NASA GES DISC canonical granule file
3B-HHR.MS.MRG.3IMERG.20230611-S180000-E182959.1080.V07B.HDF5,3B-HHR.MS.MRG.3IMERG.20230611-S180000-E182959.1080.V07B.HDF5,True,False,8449539,8c16f973038d0a0eb0da47742a79212af2c4e3fbc9697c5ea4ad9bce2463ed2d,CANONICAL_PRIMARY,Official NASA GES DISC canonical granule file
3B-HHR.MS.MRG.3IMERG.20230611-S210000-E212959.1260.V07B.HDF5,3B-HHR.MS.MRG.3IMERG.20230611-S210000-E212959.1260.V07B.HDF5,True,False,8496709,b3aa79c7b91120fc2798f139a55763f1ac398dc7a6799a97d8e68fff672ee320,CANONICAL_PRIMARY,Official NASA GES DISC canonical granule file
3B-HHR.MS.MRG.3IMERG.20230612-S000000-E002959.0000.V07B.HDF5,3B-HHR.MS.MRG.3IMERG.20230612-S000000-E002959.0000.V07B.HDF5,True,False,8180031,02f69f81f9513d4ae02a71760f94f4aabc8f9f3ae40bf610d9a779a50f8e98ed,CANONICAL_PRIMARY,Official NASA GES DISC canonical granule file
3B-HHR.MS.MRG.3IMERG.20230612-S030000-E032959.0180.V07B.HDF5,3B-HHR.MS.MRG.3IMERG.20230612-S030000-E032959.0180.V07B.HDF5,True,False,8212323,4dc4668c38fc294a6b1e16054070331ec62114da1e2950af1cf7d2a20ca3fa97,CANONICAL_PRIMARY,Official NASA GES DISC canonical granule file
3B-HHR.MS.MRG.3IMERG.20230612-S060000-E062959.0360.V07B.HDF5,3B-HHR.MS.MRG.3IMERG.20230612-S060000-E062959.0360.V07B.HDF5,True,False,8289045,d798a9fa1740a2810021412964cc8d8082df1330723fca41790cfa4035dfce28,CANONICAL_PRIMARY,Official NASA GES DISC canonical granule file
3B-HHR.MS.MRG.3IMERG.20230612-S090000-E092959.0540.V07B.HDF5,3B-HHR.MS.MRG.3IMERG.20230612-S090000-E092959.0540.V07B.HDF5,True,False,8392935,49ec0089321735c862cd96c5fab60757631dbce2d773eabcf12229238894d7ea,CANONICAL_PRIMARY,Official NASA GES DISC canonical granule file
3B-HHR.MS.MRG.3IMERG.20230612-S120000-E122959.0720.V07B.HDF5,3B-HHR.MS.MRG.3IMERG.20230612-S120000-E122959.0720.V07B.HDF5,True,False,8221985,b55e9eea8e5c5efdbf206d4396e39f761c733bea274c4dc78de35fc3e1d0404f,CANONICAL_PRIMARY,Official NASA GES DISC canonical granule file
3B-HHR.MS.MRG.3IMERG.20230612-S150000-E152959.0900.V07B.HDF5,3B-HHR.MS.MRG.3IMERG.20230612-S150000-E152959.0900.V07B.HDF5,True,False,8360888,92b288a0a4446e632485dbdee18e9016cdb336138298afc13111af069b5cc48a,CANONICAL_PRIMARY,Official NASA GES DISC canonical granule file
3B-HHR.MS.MRG.3IMERG.20230612-S180000-E182959.1080.V07B.HDF5,3B-HHR.MS.MRG.3IMERG.20230612-S180000-E182959.1080.V07B.HDF5,True,False,8361603,b69fe7a7aa1afba3b7de47a89730448197fdcd628798c9b51bc7073eeee2ceee,CANONICAL_PRIMARY,Official NASA GES DISC canonical granule file
3B-HHR.MS.MRG.3IMERG.20230612-S210000-E212959.1260.V07B.HDF5,3B-HHR.MS.MRG.3IMERG.20230612-S210000-E212959.1260.V07B.HDF5,True,False,8377276,7f78b4e29e063c67e251286842fc39cd60c232fd7eb02964d4a6753e3c5885a7,CANONICAL_PRIMARY,Official NASA GES DISC canonical granule file
3B-HHR.MS.MRG.3IMERG.20230613-S000000-E002959.0000.V07B.HDF5,3B-HHR.MS.MRG.3IMERG.20230613-S000000-E002959.0000.V07B.HDF5,True,False,8063592,79d55604714038b142a862c023d75338b420e248b3aa263890c3ba639df3f48a,CANONICAL_PRIMARY,Official NASA GES DISC canonical granule file
3B-HHR.MS.MRG.3IMERG.20230613-S030000-E032959.0180.V07B.HDF5,3B-HHR.MS.MRG.3IMERG.20230613-S030000-E032959.0180.V07B.HDF5,True,False,8074251,636ea621ac0e9a316f9e13c6d28729ddf32de8637359c319982fee9df6849dfe,CANONICAL_PRIMARY,Official NASA GES DISC canonical granule file
3B-HHR.MS.MRG.3IMERG.20230613-S060000-E062959.0360.V07B.HDF5,3B-HHR.MS.MRG.3IMERG.20230613-S060000-E062959.0360.V07B.HDF5,True,False,8085502,31c6c67a0694fc782583ffb21a7eadcf75fd88f84f4ed4a24d494f8303c70fef,CANONICAL_PRIMARY,Official NASA GES DISC canonical granule file
3B-HHR.MS.MRG.3IMERG.20230613-S090000-E092959.0540.V07B.HDF5,3B-HHR.MS.MRG.3IMERG.20230613-S090000-E092959.0540.V07B.HDF5,True,False,8247312,5c3eac21d0492da3f93114939aa85584792500fca34f7d3db761b3de1680fe11,CANONICAL_PRIMARY,Official NASA GES DISC canonical granule file
3B-HHR.MS.MRG.3IMERG.20230613-S120000-E122959.0720.V07B.HDF5,3B-HHR.MS.MRG.3IMERG.20230613-S120000-E122959.0720.V07B.HDF5,True,False,8233015,478741937c8ddce3ad5d024d6f7e3fa885a0c0c1e95288c1ffc7d09d2d789b05,CANONICAL_PRIMARY,Official NASA GES DISC canonical granule file
3B-HHR.MS.MRG.3IMERG.20230613-S150000-E152959.0900.V07B.HDF5,3B-HHR.MS.MRG.3IMERG.20230613-S150000-E152959.0900.V07B.HDF5,True,False,8278972,55e5e499674030b7fea650348cc02a7d9c0e8a0e13ca16a5fb9d5dd3785a719c,CANONICAL_PRIMARY,Official NASA GES DISC canonical granule file
3B-HHR.MS.MRG.3IMERG.20230613-S180000-E182959.1080.V07B.HDF5,3B-HHR.MS.MRG.3IMERG.20230613-S180000-E182959.1080.V07B.HDF5,True,False,8289227,3c5a22f7218c28c1275843e9f02d599d06f5a3ea81f857edf6d682939e061d17,CANONICAL_PRIMARY,Official NASA GES DISC canonical granule file
3B-HHR.MS.MRG.3IMERG.20230613-S210000-E212959.1260.V07B.HDF5,3B-HHR.MS.MRG.3IMERG.20230613-S210000-E212959.1260.V07B.HDF5,True,False,8349487,596c663fd0d6e21254f3357fe60bc59f5890490bff4528315a1c53404df2923c,CANONICAL_PRIMARY,Official NASA GES DISC canonical granule file
3B-HHR.MS.MRG.3IMERG.20230614-S000000-E002959.0000.V07B.HDF5,3B-HHR.MS.MRG.3IMERG.20230614-S000000-E002959.0000.V07B.HDF5,True,False,8235075,98ac2110d3780c6222ca406bad5b9a10e839573b21f690762ae1efc32b35d7f1,CANONICAL_PRIMARY,Official NASA GES DISC canonical granule file
3B-HHR.MS.MRG.3IMERG.20230614-S030000-E032959.0180.V07B.HDF5,3B-HHR.MS.MRG.3IMERG.20230614-S030000-E032959.0180.V07B.HDF5,True,False,8219040,b9778cfdaafeb1e7be04a9ad57c77f268d9a8be869f1b03dd89f6a2f464b2e28,CANONICAL_PRIMARY,Official NASA GES DISC canonical granule file
3B-HHR.MS.MRG.3IMERG.20230614-S060000-E062959.0360.V07B.HDF5,3B-HHR.MS.MRG.3IMERG.20230614-S060000-E062959.0360.V07B.HDF5,True,False,8174306,11fa088f36e52b172a1955209ef550023d0699aa0bd0a6812340cd888f25ec60,CANONICAL_PRIMARY,Official NASA GES DISC canonical granule file
3B-HHR.MS.MRG.3IMERG.20230614-S090000-E092959.0540.V07B.HDF5,3B-HHR.MS.MRG.3IMERG.20230614-S090000-E092959.0540.V07B.HDF5,True,False,8106968,33a9cbfc7b62a0fd0ed313c6e335d1db7c7010e651421d3c2d2cd53cfd662b86,CANONICAL_PRIMARY,Official NASA GES DISC canonical granule file
3B-HHR.MS.MRG.3IMERG.20230614-S120000-E122959.0720.V07B.HDF5,3B-HHR.MS.MRG.3IMERG.20230614-S120000-E122959.0720.V07B.HDF5,True,False,8256427,153137dde89728a2ee357b368b3a0144f11586dfb84b94ef6234ed3fc2fb41bb,CANONICAL_PRIMARY,Official NASA GES DISC canonical granule file
3B-HHR.MS.MRG.3IMERG.20230614-S150000-E152959.0900.V07B.HDF5,3B-HHR.MS.MRG.3IMERG.20230614-S150000-E152959.0900.V07B.HDF5,True,False,8340996,63fe9c0e605c943ddcff3d0b13eccd421fddadad7078057d74e66581d55f1758,CANONICAL_PRIMARY,Official NASA GES DISC canonical granule file
3B-HHR.MS.MRG.3IMERG.20230614-S180000-E182959.1080.V07B.HDF5,3B-HHR.MS.MRG.3IMERG.20230614-S180000-E182959.1080.V07B.HDF5,True,False,8257173,4cd50dceb3915a1fb90c7df3ea79f84b4148f5a8ddacf3c49b9b78856f343109,CANONICAL_PRIMARY,Official NASA GES DISC canonical granule file
3B-HHR.MS.MRG.3IMERG.20230614-S210000-E212959.1260.V07B.HDF5,3B-HHR.MS.MRG.3IMERG.20230614-S210000-E212959.1260.V07B.HDF5,True,False,8329924,8941d82b00ddefb0bd208c3cf25cc89fc4744cd7377c7646581f09713df64d23,CANONICAL_PRIMARY,Official NASA GES DISC canonical granule file
3B-HHR.MS.MRG.3IMERG.20230615-S000000-E002959.0000.V07B.HDF5,3B-HHR.MS.MRG.3IMERG.20230615-S000000-E002959.0000.V07B.HDF5,True,False,8377985,f78e9a2922ea9dfad3d12453d6cd55c40a16c6fac667489d70afc84ac7c3c5fa,CANONICAL_PRIMARY,Official NASA GES DISC canonical granule file
3B-HHR.MS.MRG.3IMERG.20230615-S030000-E032959.0180.V07B.HDF5,3B-HHR.MS.MRG.3IMERG.20230615-S030000-E032959.0180.V07B.HDF5,True,False,7960451,3a38570ba202bc3d2bacb51b21e114409a0cdf7690c0c9037998ed07e3f657d1,CANONICAL_PRIMARY,Official NASA GES DISC canonical granule file
3B-HHR.MS.MRG.3IMERG.20230615-S060000-E062959.0360.V07B.HDF5,3B-HHR.MS.MRG.3IMERG.20230615-S060000-E062959.0360.V07B.HDF5,True,False,8084385,8b8ed3baeb240c5fed0bb8cf3f5e04ed4367b5d841cc89fa7415726b08b82da8,CANONICAL_PRIMARY,Official NASA GES DISC canonical granule file
3B-HHR.MS.MRG.3IMERG.20230615-S090000-E092959.0540.V07B.HDF5,3B-HHR.MS.MRG.3IMERG.20230615-S090000-E092959.0540.V07B.HDF5,True,False,8118256,153b134e25c099db90f42cb66190ec538265b7fb048e86d474b599f7e65eeca5,CANONICAL_PRIMARY,Official NASA GES DISC canonical granule file
3B-HHR.MS.MRG.3IMERG.20230615-S120000-E122959.0720.V07B.HDF5,3B-HHR.MS.MRG.3IMERG.20230615-S120000-E122959.0720.V07B.HDF5,True,False,8124096,6f68d3e2f55d85bf64927c6d52fb82b3d020ac8a41ccc4d1e21103cc07b87d0d,CANONICAL_PRIMARY,Official NASA GES DISC canonical granule file
3B-HHR.MS.MRG.3IMERG.20230615-S150000-E152959.0900.V07B.HDF5,3B-HHR.MS.MRG.3IMERG.20230615-S150000-E152959.0900.V07B.HDF5,True,False,8204575,5145c08bbafdf42ec1102cfe9faceec232abc959e7e61b2e58a792019ee14736,CANONICAL_PRIMARY,Official NASA GES DISC canonical granule file
3B-HHR.MS.MRG.3IMERG.20230615-S180000-E182959.1080.V07B.HDF5,3B-HHR.MS.MRG.3IMERG.20230615-S180000-E182959.1080.V07B.HDF5,True,False,8229327,443c9e00e0e91963aea4461e56abca487bbf682fa4bd21e4abaa0ba7b91e05ea,CANONICAL_PRIMARY,Official NASA GES DISC canonical granule file
3B-HHR.MS.MRG.3IMERG.20230615-S210000-E212959.1260.V07B.HDF5,3B-HHR.MS.MRG.3IMERG.20230615-S210000-E212959.1260.V07B.HDF5,True,False,8183395,9c6aa4fc4583c7d867759bb7a5e5b7d24ed96f9b937956a1b76508a3fa145b4a,CANONICAL_PRIMARY,Official NASA GES DISC canonical granule file
3B-HHR.MS.MRG.3IMERG.20230616-S000000-E002959.0000.V07B.HDF5,3B-HHR.MS.MRG.3IMERG.20230616-S000000-E002959.0000.V07B.HDF5,True,False,8043632,4378604e5303d7971de10b8ff16799b3aed814e6f38623d066988281f973aa54,CANONICAL_PRIMARY,Official NASA GES DISC canonical granule file
3B-HHR.MS.MRG.3IMERG.20230616-S030000-E032959.0180.V07B.HDF5,3B-HHR.MS.MRG.3IMERG.20230616-S030000-E032959.0180.V07B.HDF5,True,False,8054066,9cdca58a87e92e27b21adc5ef63b3706c61113493bd9cb19bffa05c6c5860521,CANONICAL_PRIMARY,Official NASA GES DISC canonical granule file
3B-HHR.MS.MRG.3IMERG.20230616-S060000-E062959.0360.V07B.HDF5,3B-HHR.MS.MRG.3IMERG.20230616-S060000-E062959.0360.V07B.HDF5,True,False,7935695,ed2f0fa544819ad487d409a0f3c7a2ce8817751c301e97895b659243f84b082b,CANONICAL_PRIMARY,Official NASA GES DISC canonical granule file
3B-HHR.MS.MRG.3IMERG.20230616-S090000-E092959.0540.V07B.HDF5,3B-HHR.MS.MRG.3IMERG.20230616-S090000-E092959.0540.V07B.HDF5,True,False,8110358,2ffc0f85b8c014f116a4e96def54a8513b5a8b52d840542e4f4d41234d008944,CANONICAL_PRIMARY,Official NASA GES DISC canonical granule file
3B-HHR.MS.MRG.3IMERG.20230616-S120000-E122959.0720.V07B.HDF5,3B-HHR.MS.MRG.3IMERG.20230616-S120000-E122959.0720.V07B.HDF5,True,False,7446878,cdd2c1ab2e7edc28bcd52dd99894e8a16fc4fa1bfaeed9823b2a27e328be5eda,CANONICAL_PRIMARY,Official NASA GES DISC canonical granule file
3B-HHR.MS.MRG.3IMERG.20230616-S150000-E152959.0900.V07B.HDF5,3B-HHR.MS.MRG.3IMERG.20230616-S150000-E152959.0900.V07B.HDF5,True,False,8322720,7b9384f11bd53cdd35c8bcd62756994d3e25823f13165521b727ae84a14f70af,CANONICAL_PRIMARY,Official NASA GES DISC canonical granule file
3B-HHR.MS.MRG.3IMERG.20230616-S180000-E182959.1080.V07B.HDF5,3B-HHR.MS.MRG.3IMERG.20230616-S180000-E182959.1080.V07B.HDF5,True,False,8291889,73861bcea72320399b81358f77caf4118f9898f848992e2619efefde47c94ef3,CANONICAL_PRIMARY,Official NASA GES DISC canonical granule file
3B-HHR.MS.MRG.3IMERG.20230616-S210000-E212959.1260.V07B.HDF5,3B-HHR.MS.MRG.3IMERG.20230616-S210000-E212959.1260.V07B.HDF5,True,False,8277536,d99f163164d6b35ace332ad5d72054380701d1da7cc192de9ef36c0bbe786d17,CANONICAL_PRIMARY,Official NASA GES DISC canonical granule file
3B-HHR.MS.MRG.3IMERG.20230617-S000000-E002959.0000.V07B.HDF5,3B-HHR.MS.MRG.3IMERG.20230617-S000000-E002959.0000.V07B.HDF5,True,False,8036415,9a46a3bed5ffac6ba1d9788c7cb3ba6646c3f5f02a48b018d4cefa0dd00fe529,CANONICAL_PRIMARY,Official NASA GES DISC canonical granule file
3B-HHR.MS.MRG.3IMERG.20231019-S150000-E152959.0900.V07B.HDF5,3B-HHR.MS.MRG.3IMERG.20231019-S150000-E152959.0900.V07B.HDF5,True,False,7582370,1b68e7d20aca43917930d3f5187dcf5a906a71e610e07e4b0e05a92a2b3be99d,CANONICAL_PRIMARY,Official NASA GES DISC canonical granule file
3B-HHR.MS.MRG.3IMERG.20231019-S180000-E182959.1080.V07B.HDF5,3B-HHR.MS.MRG.3IMERG.20231019-S180000-E182959.1080.V07B.HDF5,True,False,7683941,5edc601046806b72d12a23edddfd13b9efd150e40f01f78261c47512de95c309,CANONICAL_PRIMARY,Official NASA GES DISC canonical granule file
3B-HHR.MS.MRG.3IMERG.20231019-S210000-E212959.1260.V07B.HDF5,3B-HHR.MS.MRG.3IMERG.20231019-S210000-E212959.1260.V07B.HDF5,True,False,7582825,c87ab6704f3ab21325c6730e6e941c3ca995426daaee2d84e5e5f39b0cc8146b,CANONICAL_PRIMARY,Official NASA GES DISC canonical granule file
3B-HHR.MS.MRG.3IMERG.20231020-S000000-E002959.0000.V07B.HDF5,3B-HHR.MS.MRG.3IMERG.20231020-S000000-E002959.0000.V07B.HDF5,True,False,7446856,46bfa15359f547045c97a0b6a4851d49bf45cff57fc7e7b112e3c65f80962599,CANONICAL_PRIMARY,Official NASA GES DISC canonical granule file
3B-HHR.MS.MRG.3IMERG.20231020-S030000-E032959.0180.V07B.HDF5,3B-HHR.MS.MRG.3IMERG.20231020-S030000-E032959.0180.V07B.HDF5,True,False,7679075,4aa721d9f0595bda7dc885a2b65f1f6155e859d68aae5968f4221592e39a27ad,CANONICAL_PRIMARY,Official NASA GES DISC canonical granule file
3B-HHR.MS.MRG.3IMERG.20231020-S060000-E062959.0360.V07B.HDF5,3B-HHR.MS.MRG.3IMERG.20231020-S060000-E062959.0360.V07B.HDF5,True,False,7615601,acc4aa13d27704075a3a8f916720aa423a626070e69c55916b621710528c6823,CANONICAL_PRIMARY,Official NASA GES DISC canonical granule file
3B-HHR.MS.MRG.3IMERG.20231020-S090000-E092959.0540.V07B.HDF5,3B-HHR.MS.MRG.3IMERG.20231020-S090000-E092959.0540.V07B.HDF5,True,False,7578272,9c0740a5ccf0e8635f042a7e55dce2c2c2b904b14983f704213de89773714864,CANONICAL_PRIMARY,Official NASA GES DISC canonical granule file
3B-HHR.MS.MRG.3IMERG.20231020-S120000-E122959.0720.V07B.HDF5,3B-HHR.MS.MRG.3IMERG.20231020-S120000-E122959.0720.V07B.HDF5,True,False,7619708,c9aa12ee88b8a70dbb577f32b61fc5c48dc990403b4ccb83b65aa261b1f8b655,CANONICAL_PRIMARY,Official NASA GES DISC canonical granule file
3B-HHR.MS.MRG.3IMERG.20231020-S150000-E152959.0900.V07B.HDF5,3B-HHR.MS.MRG.3IMERG.20231020-S150000-E152959.0900.V07B.HDF5,True,False,7764870,31a33488ca534cbd75db223d6d3ae1cb0419198520d3255cab3575106aff362f,CANONICAL_PRIMARY,Official NASA GES DISC canonical granule file
3B-HHR.MS.MRG.3IMERG.20231020-S180000-E182959.1080.V07B.HDF5,3B-HHR.MS.MRG.3IMERG.20231020-S180000-E182959.1080.V07B.HDF5,True,False,7738488,837d1fb9425aa0759efc4e92ce28fea91999ef4da6ab62ee4d1f834198372b28,CANONICAL_PRIMARY,Official NASA GES DISC canonical granule file
3B-HHR.MS.MRG.3IMERG.20231020-S210000-E212959.1260.V07B.HDF5,3B-HHR.MS.MRG.3IMERG.20231020-S210000-E212959.1260.V07B.HDF5,True,False,7821148,5e75cd5694d0c232c5ebc18afeddc1fcdbeee8267b16811261251eaced54a3f1,CANONICAL_PRIMARY,Official NASA GES DISC canonical granule file
3B-HHR.MS.MRG.3IMERG.20231021-S000000-E002959.0000.V07B.HDF5,3B-HHR.MS.MRG.3IMERG.20231021-S000000-E002959.0000.V07B.HDF5,True,False,7695305,58b8e24a306ecba047eaeafc9f6c15898a7f03cbc0043421527932213a644b86,CANONICAL_PRIMARY,Official NASA GES DISC canonical granule file
3B-HHR.MS.MRG.3IMERG.20231021-S030000-E032959.0180.V07B.HDF5,3B-HHR.MS.MRG.3IMERG.20231021-S030000-E032959.0180.V07B.HDF5,True,False,7853221,a2c42d1b5b9b5fe8f003a822953056753d4ed5ca23a651fa4007e3c73618b45c,CANONICAL_PRIMARY,Official NASA GES DISC canonical granule file
3B-HHR.MS.MRG.3IMERG.20231021-S060000-E062959.0360.V07B.HDF5,3B-HHR.MS.MRG.3IMERG.20231021-S060000-E062959.0360.V07B.HDF5,True,False,7730814,1b4b4fbc88643a0c6f50c03f5820a11228fbb5fa9830021e786f4e528ebf7783,CANONICAL_PRIMARY,Official NASA GES DISC canonical granule file
3B-HHR.MS.MRG.3IMERG.20231021-S090000-E092959.0540.V07B.HDF5,3B-HHR.MS.MRG.3IMERG.20231021-S090000-E092959.0540.V07B.HDF5,True,False,7716078,a8eee24d170d5ebc4660601e6ba745e52d19a0ef434722d123ac9725e4717fc8,CANONICAL_PRIMARY,Official NASA GES DISC canonical granule file
3B-HHR.MS.MRG.3IMERG.20231021-S120000-E122959.0720.V07B.HDF5,3B-HHR.MS.MRG.3IMERG.20231021-S120000-E122959.0720.V07B.HDF5,True,False,7733059,19881ed87923cecaad9b8f6855be0fdc117457899020cf8440ed45cf7ec0476f,CANONICAL_PRIMARY,Official NASA GES DISC canonical granule file
3B-HHR.MS.MRG.3IMERG.20231021-S150000-E152959.0900.V07B.HDF5,3B-HHR.MS.MRG.3IMERG.20231021-S150000-E152959.0900.V07B.HDF5,True,False,8018363,0a0261f096b7078b9d12cbd71f9d311244abcbcfe3b1466153f87edbb07a2802,CANONICAL_PRIMARY,Official NASA GES DISC canonical granule file
3B-HHR.MS.MRG.3IMERG.20231021-S180000-E182959.1080.V07B.HDF5,3B-HHR.MS.MRG.3IMERG.20231021-S180000-E182959.1080.V07B.HDF5,True,False,7936078,76625aec4e95348d57f650368884e8742114165571083ee90745ca8499288033,CANONICAL_PRIMARY,Official NASA GES DISC canonical granule file
3B-HHR.MS.MRG.3IMERG.20231021-S210000-E212959.1260.V07B.HDF5,3B-HHR.MS.MRG.3IMERG.20231021-S210000-E212959.1260.V07B.HDF5,True,False,7774240,dbb57611d5c644265f7dbbf53c6c51edfb12b612f8eefdfc590946b0f670423d,CANONICAL_PRIMARY,Official NASA GES DISC canonical granule file
3B-HHR.MS.MRG.3IMERG.20231022-S000000-E002959.0000.V07B.HDF5,3B-HHR.MS.MRG.3IMERG.20231022-S000000-E002959.0000.V07B.HDF5,True,False,7616247,88064a2c4f8e90fe558a6577f37a34e6c095b15567a32350a19714baf78a22e6,CANONICAL_PRIMARY,Official NASA GES DISC canonical granule file
3B-HHR.MS.MRG.3IMERG.20231022-S030000-E032959.0180.V07B.HDF5,3B-HHR.MS.MRG.3IMERG.20231022-S030000-E032959.0180.V07B.HDF5,True,False,7490406,3918267618938a53c909c69f5bb9437a41f39483925c244c3dbef45b17e7d360,CANONICAL_PRIMARY,Official NASA GES DISC canonical granule file
3B-HHR.MS.MRG.3IMERG.20231022-S060000-E062959.0360.V07B.HDF5,3B-HHR.MS.MRG.3IMERG.20231022-S060000-E062959.0360.V07B.HDF5,True,False,7636047,6ccfc473df32be6d16236e14fe4f1d08ce306e4c26110ae7e406848e7e818da4,CANONICAL_PRIMARY,Official NASA GES DISC canonical granule file
3B-HHR.MS.MRG.3IMERG.20231022-S090000-E092959.0540.V07B.HDF5,3B-HHR.MS.MRG.3IMERG.20231022-S090000-E092959.0540.V07B.HDF5,True,False,7720004,1dfe1f48896b3fffd735e3557dea0e1dcb7c78e7aeaf1156482caf31845b825d,CANONICAL_PRIMARY,Official NASA GES DISC canonical granule file
3B-HHR.MS.MRG.3IMERG.20231022-S120000-E122959.0720.V07B.HDF5,3B-HHR.MS.MRG.3IMERG.20231022-S120000-E122959.0720.V07B.HDF5,True,False,7629261,bdc459b8cad312e4398f696b66d07e386ae643d92968a0238c2f3e588422bc97,CANONICAL_PRIMARY,Official NASA GES DISC canonical granule file
3B-HHR.MS.MRG.3IMERG.20231022-S150000-E152959.0900.V07B.HDF5,3B-HHR.MS.MRG.3IMERG.20231022-S150000-E152959.0900.V07B.HDF5,True,False,7705353,7bded9e6203ddb4427d2181e6d3732e0c5ab08b519c8df7c7e1a374ab5400a43,CANONICAL_PRIMARY,Official NASA GES DISC canonical granule file
3B-HHR.MS.MRG.3IMERG.20231022-S180000-E182959.1080.V07B.HDF5,3B-HHR.MS.MRG.3IMERG.20231022-S180000-E182959.1080.V07B.HDF5,True,False,7754826,53e01ad58b0a0f7db539349ec5b6d1eb2da63ba4b08b37088254b43e549d053e,CANONICAL_PRIMARY,Official NASA GES DISC canonical granule file
3B-HHR.MS.MRG.3IMERG.20231022-S210000-E212959.1260.V07B.HDF5,3B-HHR.MS.MRG.3IMERG.20231022-S210000-E212959.1260.V07B.HDF5,True,False,7656244,5b75489b956cd22cd87921eedd04a3a2a8cbf89c890cfb04b08914ea55ce54ed,CANONICAL_PRIMARY,Official NASA GES DISC canonical granule file
3B-HHR.MS.MRG.3IMERG.20231023-S000000-E002959.0000.V07B.HDF5,3B-HHR.MS.MRG.3IMERG.20231023-S000000-E002959.0000.V07B.HDF5,True,False,7666132,7159280326782566682d9794b780bbd11de6c92e3348ae6b482a1ea318cc5891,CANONICAL_PRIMARY,Official NASA GES DISC canonical granule file
3B-HHR.MS.MRG.3IMERG.20231023-S030000-E032959.0180.V07B.HDF5,3B-HHR.MS.MRG.3IMERG.20231023-S030000-E032959.0180.V07B.HDF5,True,False,7705423,2461bc384b6cc282bc0f00ec2721ec5c6dc64b8f5c41d5b05516207d58a18196,CANONICAL_PRIMARY,Official NASA GES DISC canonical granule file
3B-HHR.MS.MRG.3IMERG.20231023-S060000-E062959.0360.V07B.HDF5,3B-HHR.MS.MRG.3IMERG.20231023-S060000-E062959.0360.V07B.HDF5,True,False,7544785,40c6f358219002ef2097fd307be20d0b32bb0d16048eff97fb6c23332b621b0b,CANONICAL_PRIMARY,Official NASA GES DISC canonical granule file
3B-HHR.MS.MRG.3IMERG.20231114-S150000-E152959.0900.V07B.HDF5,3B-HHR.MS.MRG.3IMERG.20231114-S150000-E152959.0900.V07B.HDF5,True,False,7770662,64bb0324a4ae2f06b2939eb72eb7cf21f69ee67641d57fc4d0543a171d4e2c39,CANONICAL_PRIMARY,Official NASA GES DISC canonical granule file
3B-HHR.MS.MRG.3IMERG.20231114-S180000-E182959.1080.V07B.HDF5,3B-HHR.MS.MRG.3IMERG.20231114-S180000-E182959.1080.V07B.HDF5,True,False,7752149,5628f12e61875bfcc22fa64be62d76dc9a24c413257e87a3e9cd6acea6a8b958,CANONICAL_PRIMARY,Official NASA GES DISC canonical granule file
3B-HHR.MS.MRG.3IMERG.20231114-S210000-E212959.1260.V07B.HDF5,3B-HHR.MS.MRG.3IMERG.20231114-S210000-E212959.1260.V07B.HDF5,True,False,7577464,3fb3a4a2b38137174b8954244aa9aa4008c3d851008508e4814ddbce8227cfc4,CANONICAL_PRIMARY,Official NASA GES DISC canonical granule file
3B-HHR.MS.MRG.3IMERG.20231115-S000000-E002959.0000.V07B.HDF5,3B-HHR.MS.MRG.3IMERG.20231115-S000000-E002959.0000.V07B.HDF5,True,False,7652655,88ae81ad93923186b7b91d36e29896f6d6c1b7b4ae82aed4b9c5c6ddbb241a99,CANONICAL_PRIMARY,Official NASA GES DISC canonical granule file
3B-HHR.MS.MRG.3IMERG.20231115-S030000-E032959.0180.V07B.HDF5,3B-HHR.MS.MRG.3IMERG.20231115-S030000-E032959.0180.V07B.HDF5,True,False,7776721,e9907024060721610b3dd80ffe2f3459c7da2b8da4ae9bb079b4ed4b55524cf6,CANONICAL_PRIMARY,Official NASA GES DISC canonical granule file
3B-HHR.MS.MRG.3IMERG.20231115-S060000-E062959.0360.V07B.HDF5,3B-HHR.MS.MRG.3IMERG.20231115-S060000-E062959.0360.V07B.HDF5,True,False,7663354,76e85a0b19252101bd822528e41ed5944885a968e9d60fd877976e4c703c603c,CANONICAL_PRIMARY,Official NASA GES DISC canonical granule file
3B-HHR.MS.MRG.3IMERG.20231115-S090000-E092959.0540.V07B.HDF5,3B-HHR.MS.MRG.3IMERG.20231115-S090000-E092959.0540.V07B.HDF5,True,False,7558822,4a1e1a3693c2b2f7d525b06df831a8b36d251bd7f3bba74abaacd3af64aa02c1,CANONICAL_PRIMARY,Official NASA GES DISC canonical granule file
3B-HHR.MS.MRG.3IMERG.20231115-S120000-E122959.0720.V07B.HDF5,3B-HHR.MS.MRG.3IMERG.20231115-S120000-E122959.0720.V07B.HDF5,True,False,7658667,defe54976b59a5b1e41be0f39c37b812a7659bce3a0aa0cd3892f785d0706d43,CANONICAL_PRIMARY,Official NASA GES DISC canonical granule file
3B-HHR.MS.MRG.3IMERG.20231115-S150000-E152959.0900.V07B.HDF5,3B-HHR.MS.MRG.3IMERG.20231115-S150000-E152959.0900.V07B.HDF5,True,False,7960806,a24e6df3145ea3aa2176d281c8abc5de9b4ea43a8a6e8a847ec0bf07c3aaf906,CANONICAL_PRIMARY,Official NASA GES DISC canonical granule file
3B-HHR.MS.MRG.3IMERG.20231115-S180000-E182959.1080.V07B.HDF5,3B-HHR.MS.MRG.3IMERG.20231115-S180000-E182959.1080.V07B.HDF5,True,False,7889492,c14ce2929c0d4cb3f3f42463cdaa95e51e6475e2d15a0096fdec41b5f3769afb,CANONICAL_PRIMARY,Official NASA GES DISC canonical granule file
3B-HHR.MS.MRG.3IMERG.20231115-S210000-E212959.1260.V07B.HDF5,3B-HHR.MS.MRG.3IMERG.20231115-S210000-E212959.1260.V07B.HDF5,True,False,7857981,0e7e27885544187b53d501a64b3de9f9ed02030b1408d9eb440a1f4fa461f9cc,CANONICAL_PRIMARY,Official NASA GES DISC canonical granule file
3B-HHR.MS.MRG.3IMERG.20231116-S000000-E002959.0000.V07B.HDF5,3B-HHR.MS.MRG.3IMERG.20231116-S000000-E002959.0000.V07B.HDF5,True,False,7725811,f18765e44dad2f28ec68f465b38ed222da32c9fc29c37c7154a0d5c081a41bec,CANONICAL_PRIMARY,Official NASA GES DISC canonical granule file
3B-HHR.MS.MRG.3IMERG.20231130-S090000-E092959.0540.V07B.HDF5,3B-HHR.MS.MRG.3IMERG.20231130-S090000-E092959.0540.V07B.HDF5,True,False,7812767,41a7100b8eb8929c883139515217b9273eb95041a535f613c51554fd72edfaa0,CANONICAL_PRIMARY,Official NASA GES DISC canonical granule file
3B-HHR.MS.MRG.3IMERG.20231130-S120000-E122959.0720.V07B.HDF5,3B-HHR.MS.MRG.3IMERG.20231130-S120000-E122959.0720.V07B.HDF5,True,False,7671647,aa99e9c07252634223a051605077463e384382006c3e59798ed5d5c413c2f657,CANONICAL_PRIMARY,Official NASA GES DISC canonical granule file
3B-HHR.MS.MRG.3IMERG.20231130-S150000-E152959.0900.V07B.HDF5,3B-HHR.MS.MRG.3IMERG.20231130-S150000-E152959.0900.V07B.HDF5,True,False,7731261,e2a8437d217e26f8177123b5340dac51f9464f67df32dc6610a6ff9dff7bfcdb,CANONICAL_PRIMARY,Official NASA GES DISC canonical granule file
3B-HHR.MS.MRG.3IMERG.20231130-S180000-E182959.1080.V07B.HDF5,3B-HHR.MS.MRG.3IMERG.20231130-S180000-E182959.1080.V07B.HDF5,True,False,7824655,ab08e7e9367e54dfac54d9ba4704c8557d4d5afd476ffc8987531d65b850b134,CANONICAL_PRIMARY,Official NASA GES DISC canonical granule file
3B-HHR.MS.MRG.3IMERG.20231130-S210000-E212959.1260.V07B.HDF5,3B-HHR.MS.MRG.3IMERG.20231130-S210000-E212959.1260.V07B.HDF5,True,False,7624523,e069a776b1c6ef7a2e8cd2417b325580747ae408ef1ab30c07950c632d49641c,CANONICAL_PRIMARY,Official NASA GES DISC canonical granule file
3B-HHR.MS.MRG.3IMERG.20231201-S000000-E002959.0000.V07B.HDF5,3B-HHR.MS.MRG.3IMERG.20231201-S000000-E002959.0000.V07B.HDF5,True,False,7375073,7a1b4c46f3d7fa20ff22839a4ca381a6a1cefd483276caed82dc325e57be16c9,CANONICAL_PRIMARY,Official NASA GES DISC canonical granule file
3B-HHR.MS.MRG.3IMERG.20231201-S030000-E032959.0180.V07B.HDF5,3B-HHR.MS.MRG.3IMERG.20231201-S030000-E032959.0180.V07B.HDF5,True,False,7244951,712fd414ce531dfd0169d1f60604e42e685a8963a379b239a8a529edce14b56f,CANONICAL_PRIMARY,Official NASA GES DISC canonical granule file
3B-HHR.MS.MRG.3IMERG.20231201-S060000-E062959.0360.V07B.HDF5,3B-HHR.MS.MRG.3IMERG.20231201-S060000-E062959.0360.V07B.HDF5,True,False,7291680,289e58f903cfc0c7f1b2ba870e481f4f284ae8aa669f4574056297dd5414194e,CANONICAL_PRIMARY,Official NASA GES DISC canonical granule file
3B-HHR.MS.MRG.3IMERG.20231201-S090000-E092959.0540.V07B.HDF5,3B-HHR.MS.MRG.3IMERG.20231201-S090000-E092959.0540.V07B.HDF5,True,False,7350105,1cc049a6ccd56e7739354ab6f56a7be09b10c7daefc40ee2f942e2c4f444c6d8,CANONICAL_PRIMARY,Official NASA GES DISC canonical granule file
3B-HHR.MS.MRG.3IMERG.20231201-S120000-E122959.0720.V07B.HDF5,3B-HHR.MS.MRG.3IMERG.20231201-S120000-E122959.0720.V07B.HDF5,True,False,7390994,6880edd980efa5bfddb10ace763496a0a09da5ed5623c5421e36f702b031cf7b,CANONICAL_PRIMARY,Official NASA GES DISC canonical granule file
3B-HHR.MS.MRG.3IMERG.20231201-S150000-E152959.0900.V07B.HDF5,3B-HHR.MS.MRG.3IMERG.20231201-S150000-E152959.0900.V07B.HDF5,True,False,7498819,bd5b497a2064975a1d37c2f14cc887b02690bc2fe092f96a2a551b4e698b834f,CANONICAL_PRIMARY,Official NASA GES DISC canonical granule file
3B-HHR.MS.MRG.3IMERG.20231201-S180000-E182959.1080.V07B.HDF5,3B-HHR.MS.MRG.3IMERG.20231201-S180000-E182959.1080.V07B.HDF5,True,False,7645824,14e5e15d6843206d84ef649b6f3ece7f2b708e8cee0898f1853c32baa644f0aa,CANONICAL_PRIMARY,Official NASA GES DISC canonical granule file
3B-HHR.MS.MRG.3IMERG.20231201-S210000-E212959.1260.V07B.HDF5,3B-HHR.MS.MRG.3IMERG.20231201-S210000-E212959.1260.V07B.HDF5,True,False,7579485,2e16bfa50f3ee4d3c9947933d1d7c5f9f6ff39809070e35e9cb26d0f799ada46,CANONICAL_PRIMARY,Official NASA GES DISC canonical granule file
3B-HHR.MS.MRG.3IMERG.20231202-S000000-E002959.0000.V07B.HDF5,3B-HHR.MS.MRG.3IMERG.20231202-S000000-E002959.0000.V07B.HDF5,True,False,7525160,2d706125866a80a24a642c689bd9378caa53b07170a9cf01be140f377cf8aaa0,CANONICAL_PRIMARY,Official NASA GES DISC canonical granule file
3B-HHR.MS.MRG.3IMERG.20231202-S030000-E032959.0180.V07B.HDF5,3B-HHR.MS.MRG.3IMERG.20231202-S030000-E032959.0180.V07B.HDF5,True,False,7268633,c50c6077fe3fd90a3a40cd7929179e8600f76f4f6cb5699acc8c73899d72c841,CANONICAL_PRIMARY,Official NASA GES DISC canonical granule file
3B-HHR.MS.MRG.3IMERG.20231202-S060000-E062959.0360.V07B.HDF5,3B-HHR.MS.MRG.3IMERG.20231202-S060000-E062959.0360.V07B.HDF5,True,False,7333227,8927f062fdf03c669742f693f9948b04db29a7d01bde3d40897f2a36e450c385,CANONICAL_PRIMARY,Official NASA GES DISC canonical granule file
3B-HHR.MS.MRG.3IMERG.20231202-S090000-E092959.0540.V07B.HDF5,3B-HHR.MS.MRG.3IMERG.20231202-S090000-E092959.0540.V07B.HDF5,True,False,7482083,d9572f6fee176372c70e5b20baed7d859982e05995243be4bc27a1815fd46da8,CANONICAL_PRIMARY,Official NASA GES DISC canonical granule file
3B-HHR.MS.MRG.3IMERG.20231202-S120000-E122959.0720.V07B.HDF5,3B-HHR.MS.MRG.3IMERG.20231202-S120000-E122959.0720.V07B.HDF5,True,False,7292128,b68c7603a5b5714a8bacc51330748035ef74992e5144035777fc35b6a6281514,CANONICAL_PRIMARY,Official NASA GES DISC canonical granule file
3B-HHR.MS.MRG.3IMERG.20231202-S150000-E152959.0900.V07B.HDF5,3B-HHR.MS.MRG.3IMERG.20231202-S150000-E152959.0900.V07B.HDF5,True,False,7495032,a8f47351b5b368a36a27d8d3e0fe5668d167bad107b66123ee049b2f48fcb08e,CANONICAL_PRIMARY,Official NASA GES DISC canonical granule file
3B-HHR.MS.MRG.3IMERG.20231202-S180000-E182959.1080.V07B.HDF5,3B-HHR.MS.MRG.3IMERG.20231202-S180000-E182959.1080.V07B.HDF5,True,False,7575413,f70ca49dfba1900742c92fb32e3e003afbcbb467763949fd9ee9be32f78f6a28,CANONICAL_PRIMARY,Official NASA GES DISC canonical granule file
3B-HHR.MS.MRG.3IMERG.20231202-S210000-E212959.1260.V07B.HDF5,3B-HHR.MS.MRG.3IMERG.20231202-S210000-E212959.1260.V07B.HDF5,True,False,7672648,f0acf22b138b9910af302377d9745be9c67eb757c1f0d38bf7f2a62366180f16,CANONICAL_PRIMARY,Official NASA GES DISC canonical granule file
3B-HHR.MS.MRG.3IMERG.20231203-S000000-E002959.0000.V07B.HDF5,3B-HHR.MS.MRG.3IMERG.20231203-S000000-E002959.0000.V07B.HDF5,True,False,7311579,744dab05b939c5fd626afeac0474d9d04a46755fcbb076796706203a250350fe,CANONICAL_PRIMARY,Official NASA GES DISC canonical granule file
3B-HHR.MS.MRG.3IMERG.20231203-S030000-E032959.0180.V07B.HDF5,3B-HHR.MS.MRG.3IMERG.20231203-S030000-E032959.0180.V07B.HDF5,True,False,7513541,125a6ede2599ab9049312c27f9974de6aa8c9da6aea1914748a15549e3abd5c6,CANONICAL_PRIMARY,Official NASA GES DISC canonical granule file
3B-HHR.MS.MRG.3IMERG.20231203-S060000-E062959.0360.V07B.HDF5,3B-HHR.MS.MRG.3IMERG.20231203-S060000-E062959.0360.V07B.HDF5,True,False,7586273,efd63479f6e888fba7c3bb4d6b2b2f928f662fcceb7c18521630cbf91f50ae59,CANONICAL_PRIMARY,Official NASA GES DISC canonical granule file
3B-HHR.MS.MRG.3IMERG.20231203-S090000-E092959.0540.V07B.HDF5,3B-HHR.MS.MRG.3IMERG.20231203-S090000-E092959.0540.V07B.HDF5,True,False,7790304,c94370c05a8d9235c1121d5da3b55bb0a026c0cb50cdde50e21c9127a11da16e,CANONICAL_PRIMARY,Official NASA GES DISC canonical granule file
3B-HHR.MS.MRG.3IMERG.20231203-S120000-E122959.0720.V07B.HDF5,3B-HHR.MS.MRG.3IMERG.20231203-S120000-E122959.0720.V07B.HDF5,True,False,7710909,e214dc4492333a2d2ef000cd54a915a0a68c7657b5b771a0670f4d5b7df812cb,CANONICAL_PRIMARY,Official NASA GES DISC canonical granule file
3B-HHR.MS.MRG.3IMERG.20231203-S150000-E152959.0900.V07B.HDF5,3B-HHR.MS.MRG.3IMERG.20231203-S150000-E152959.0900.V07B.HDF5,True,False,7767373,8733f53768b9b257a883fe0a2759da7074712e45a8b3f5f4126dbf1e8230fd12,CANONICAL_PRIMARY,Official NASA GES DISC canonical granule file
3B-HHR.MS.MRG.3IMERG.20231203-S180000-E182959.1080.V07B.HDF5,3B-HHR.MS.MRG.3IMERG.20231203-S180000-E182959.1080.V07B.HDF5,True,False,7797713,1c06f204ca58080460eaadc1bcb56e56890bec7351489cce9979aaeab55a5e74,CANONICAL_PRIMARY,Official NASA GES DISC canonical granule file
3B-HHR.MS.MRG.3IMERG.20231203-S210000-E212959.1260.V07B.HDF5,3B-HHR.MS.MRG.3IMERG.20231203-S210000-E212959.1260.V07B.HDF5,True,False,7751287,02875fba61076d604cddbc331b8e1da304632d74df45cc0e1fb74c5b690bdbed,CANONICAL_PRIMARY,Official NASA GES DISC canonical granule file
3B-HHR.MS.MRG.3IMERG.20231204-S000000-E002959.0000.V07B.HDF5,3B-HHR.MS.MRG.3IMERG.20231204-S000000-E002959.0000.V07B.HDF5,True,False,7560905,63208b624dedb1783798e7adaa04161dc900464d19fd0a0f74396384449b1f8a,CANONICAL_PRIMARY,Official NASA GES DISC canonical granule file
3B-HHR.MS.MRG.3IMERG.20240523-S090000-E092959.0540.V07B.HDF5,3B-HHR.MS.MRG.3IMERG.20240523-S090000-E092959.0540.V07B.HDF5,True,False,8457848,20e896cc2a8f86249dd7e5a6ea4acf85965ff16190f4a773ea51b24127215be0,CANONICAL_PRIMARY,Official NASA GES DISC canonical granule file
3B-HHR.MS.MRG.3IMERG.20240523-S120000-E122959.0720.V07B.HDF5,3B-HHR.MS.MRG.3IMERG.20240523-S120000-E122959.0720.V07B.HDF5,True,False,8527161,dbd932f73eeabe7d0e5810ceff7cd31e8753a04095e440eb2ff547c8a1826052,CANONICAL_PRIMARY,Official NASA GES DISC canonical granule file
3B-HHR.MS.MRG.3IMERG.20240523-S150000-E152959.0900.V07B.HDF5,3B-HHR.MS.MRG.3IMERG.20240523-S150000-E152959.0900.V07B.HDF5,True,False,8524799,9c27629a1ed9ddd6e7786db3314472664c1f502c45788667327dc59867f1361e,CANONICAL_PRIMARY,Official NASA GES DISC canonical granule file
3B-HHR.MS.MRG.3IMERG.20240523-S180000-E182959.1080.V07B.HDF5,3B-HHR.MS.MRG.3IMERG.20240523-S180000-E182959.1080.V07B.HDF5,True,False,8421709,c10334ef7da838b9d535245a4ecba0c6f0ea36365445c4a4adead19f7d1db842,CANONICAL_PRIMARY,Official NASA GES DISC canonical granule file
3B-HHR.MS.MRG.3IMERG.20240523-S210000-E212959.1260.V07B.HDF5,3B-HHR.MS.MRG.3IMERG.20240523-S210000-E212959.1260.V07B.HDF5,True,False,8476982,ce7641704e2ada3b82558281c2cc97b4e78a23631f0df8c453da27c49dd85785,CANONICAL_PRIMARY,Official NASA GES DISC canonical granule file
3B-HHR.MS.MRG.3IMERG.20240524-S000000-E002959.0000.V07B.HDF5,3B-HHR.MS.MRG.3IMERG.20240524-S000000-E002959.0000.V07B.HDF5,True,False,8140401,8d54fdb9db37770dba75f20439ee6eb429ad9253a3eb628bd37334a1658b1cf3,CANONICAL_PRIMARY,Official NASA GES DISC canonical granule file
3B-HHR.MS.MRG.3IMERG.20240524-S030000-E032959.0180.V07B.HDF5,3B-HHR.MS.MRG.3IMERG.20240524-S030000-E032959.0180.V07B.HDF5,True,False,7959442,e78555456ab556178798677130dd653979393bf7a12768b82d138575308dcaa9,CANONICAL_PRIMARY,Official NASA GES DISC canonical granule file
3B-HHR.MS.MRG.3IMERG.20240524-S060000-E062959.0360.V07B.HDF5,3B-HHR.MS.MRG.3IMERG.20240524-S060000-E062959.0360.V07B.HDF5,True,False,8009949,3060ff87ef3f257309467bb1ce3f1ecf8151bb2dfb0448db776a3874032a28ae,CANONICAL_PRIMARY,Official NASA GES DISC canonical granule file
3B-HHR.MS.MRG.3IMERG.20240524-S090000-E092959.0540.V07B.HDF5,3B-HHR.MS.MRG.3IMERG.20240524-S090000-E092959.0540.V07B.HDF5,True,False,8245126,33668955a0c8171c4c437b26115e103a0fdd37f1209cf1ce3efcfa97931f2a32,CANONICAL_PRIMARY,Official NASA GES DISC canonical granule file
3B-HHR.MS.MRG.3IMERG.20240524-S120000-E122959.0720.V07B.HDF5,3B-HHR.MS.MRG.3IMERG.20240524-S120000-E122959.0720.V07B.HDF5,True,False,8253091,0aea3ad49ace30f2e0347a97dd46d679eb290975311703809df763e812f237be,CANONICAL_PRIMARY,Official NASA GES DISC canonical granule file
3B-HHR.MS.MRG.3IMERG.20240524-S150000-E152959.0900.V07B.HDF5,3B-HHR.MS.MRG.3IMERG.20240524-S150000-E152959.0900.V07B.HDF5,True,False,8449155,86030347640019c868de07f4e81791f3e6aa55943f57d2ac541275b522d6a483,CANONICAL_PRIMARY,Official NASA GES DISC canonical granule file
3B-HHR.MS.MRG.3IMERG.20240524-S180000-E182959.1080.V07B.HDF5,3B-HHR.MS.MRG.3IMERG.20240524-S180000-E182959.1080.V07B.HDF5,True,False,8191978,9e8da8bd6c07ea02e22b4b5308a11477b22985f05cbaa8489815c3f466db4388,CANONICAL_PRIMARY,Official NASA GES DISC canonical granule file
3B-HHR.MS.MRG.3IMERG.20240524-S210000-E212959.1260.V07B.HDF5,3B-HHR.MS.MRG.3IMERG.20240524-S210000-E212959.1260.V07B.HDF5,True,False,8237716,7b69b861c672ccdeb3be5745bcd737385d0192f4d5038d10561eb37cbede6a53,CANONICAL_PRIMARY,Official NASA GES DISC canonical granule file
3B-HHR.MS.MRG.3IMERG.20240525-S000000-E002959.0000.V07B.HDF5,3B-HHR.MS.MRG.3IMERG.20240525-S000000-E002959.0000.V07B.HDF5,True,False,8045523,28410c4ad40cc9ed89a1a37b8b2cd7e5eca4c674597205a64e84436a81b2237c,CANONICAL_PRIMARY,Official NASA GES DISC canonical granule file
3B-HHR.MS.MRG.3IMERG.20240525-S030000-E032959.0180.V07B.HDF5,3B-HHR.MS.MRG.3IMERG.20240525-S030000-E032959.0180.V07B.HDF5,True,False,7999096,06c2428cef9dd8803d57372e4874d0748bda4685b4701c8060c858d7c5fb908c,CANONICAL_PRIMARY,Official NASA GES DISC canonical granule file
3B-HHR.MS.MRG.3IMERG.20240525-S060000-E062959.0360.V07B.HDF5,3B-HHR.MS.MRG.3IMERG.20240525-S060000-E062959.0360.V07B.HDF5,True,False,8068764,a9a70cef7ace8922dc175e4656b70807d9311b4711f9b5809cd6a35a9604d0e6,CANONICAL_PRIMARY,Official NASA GES DISC canonical granule file
3B-HHR.MS.MRG.3IMERG.20240525-S090000-E092959.0540.V07B.HDF5,3B-HHR.MS.MRG.3IMERG.20240525-S090000-E092959.0540.V07B.HDF5,True,False,8179520,0ddf32dbd1b21a54900180dfd85542df4fa8f2adf37c1a97a4e11d690109cf2d,CANONICAL_PRIMARY,Official NASA GES DISC canonical granule file
3B-HHR.MS.MRG.3IMERG.20240525-S120000-E122959.0720.V07B.HDF5,3B-HHR.MS.MRG.3IMERG.20240525-S120000-E122959.0720.V07B.HDF5,True,False,8401851,7d3f35ee534a70de1d0429458e71da4da4796dc1fa048eaf98f3d2de29e9346a,CANONICAL_PRIMARY,Official NASA GES DISC canonical granule file
3B-HHR.MS.MRG.3IMERG.20240525-S150000-E152959.0900.V07B.HDF5,3B-HHR.MS.MRG.3IMERG.20240525-S150000-E152959.0900.V07B.HDF5,True,False,8397367,c63ff249d64cf57ee9563c1f9679870f41776f327f4d917859eff3c61c17cf8b,CANONICAL_PRIMARY,Official NASA GES DISC canonical granule file
3B-HHR.MS.MRG.3IMERG.20240525-S180000-E182959.1080.V07B.HDF5,3B-HHR.MS.MRG.3IMERG.20240525-S180000-E182959.1080.V07B.HDF5,True,False,8370491,bab8c615bfbb4bedd5cc9d2ead5281e9bf5c182e85c9c9a67aaf588c80ed747b,CANONICAL_PRIMARY,Official NASA GES DISC canonical granule file
3B-HHR.MS.MRG.3IMERG.20240525-S210000-E212959.1260.V07B.HDF5,3B-HHR.MS.MRG.3IMERG.20240525-S210000-E212959.1260.V07B.HDF5,True,False,8322095,613c414d1bd667c8f6e08a46a921d6f0ed6abeeb861e8b181f19806e52bf6da9,CANONICAL_PRIMARY,Official NASA GES DISC canonical granule file
3B-HHR.MS.MRG.3IMERG.20240526-S000000-E002959.0000.V07B.HDF5,3B-HHR.MS.MRG.3IMERG.20240526-S000000-E002959.0000.V07B.HDF5,True,False,8167990,650e5236967d49c90bf693d79b5020898108365e932e8da1138555020b8891de,CANONICAL_PRIMARY,Official NASA GES DISC canonical granule file
3B-HHR.MS.MRG.3IMERG.20240526-S030000-E032959.0180.V07B.HDF5,3B-HHR.MS.MRG.3IMERG.20240526-S030000-E032959.0180.V07B.HDF5,True,False,8008506,4aa2d8b537e49ad6335be2658ff62e1d5cac2ad9e96471ba92a304ecfe84a085,CANONICAL_PRIMARY,Official NASA GES DISC canonical granule file
3B-HHR.MS.MRG.3IMERG.20240526-S060000-E062959.0360.V07B.HDF5,3B-HHR.MS.MRG.3IMERG.20240526-S060000-E062959.0360.V07B.HDF5,True,False,8111655,4ccdc70221eea64f5ab5f12bf38fedd7865004380756f937221f3776612d251a,CANONICAL_PRIMARY,Official NASA GES DISC canonical granule file
3B-HHR.MS.MRG.3IMERG.20240801-S210000-E212959.1260.V07B.HDF5,3B-HHR.MS.MRG.3IMERG.20240801-S210000-E212959.1260.V07B.HDF5,True,False,8185291,b5b0b6f72c3e706a965c2b9b05611f8fb618c5bff78d5b358315723094218d3a,CANONICAL_PRIMARY,Official NASA GES DISC canonical granule file
3B-HHR.MS.MRG.3IMERG.20240802-S000000-E002959.0000.V07B.HDF5,3B-HHR.MS.MRG.3IMERG.20240802-S000000-E002959.0000.V07B.HDF5,True,False,7796407,2e37c2fbeeeb97200a411c3dccbb1e99642508f915de79e922cc581b18cdce16,CANONICAL_PRIMARY,Official NASA GES DISC canonical granule file
3B-HHR.MS.MRG.3IMERG.20240802-S030000-E032959.0180.V07B.HDF5,3B-HHR.MS.MRG.3IMERG.20240802-S030000-E032959.0180.V07B.HDF5,True,False,7979138,78f716ab9486995f874132ce84348aaf53ee4af92e544d54e2733654a54c7d35,CANONICAL_PRIMARY,Official NASA GES DISC canonical granule file
3B-HHR.MS.MRG.3IMERG.20240802-S060000-E062959.0360.V07B.HDF5,3B-HHR.MS.MRG.3IMERG.20240802-S060000-E062959.0360.V07B.HDF5,True,False,7924293,f860784cbf5976caa10a0ab2d242594b6ec67e71b3b2d18986a2e491dbfa78bf,CANONICAL_PRIMARY,Official NASA GES DISC canonical granule file
3B-HHR.MS.MRG.3IMERG.20240802-S090000-E092959.0540.V07B.HDF5,3B-HHR.MS.MRG.3IMERG.20240802-S090000-E092959.0540.V07B.HDF5,True,False,7964305,21622830a068b0ce77078403aad14aa15860f941c746dd70c186374eed3ddea9,CANONICAL_PRIMARY,Official NASA GES DISC canonical granule file
3B-HHR.MS.MRG.3IMERG.20240802-S120000-E122959.0720.V07B.HDF5,3B-HHR.MS.MRG.3IMERG.20240802-S120000-E122959.0720.V07B.HDF5,True,False,8077868,02a97d5cde7d257230b6096d967f0d6ea8fedc006d5425839c8c1696767bf956,CANONICAL_PRIMARY,Official NASA GES DISC canonical granule file
3B-HHR.MS.MRG.3IMERG.20240802-S150000-E152959.0900.V07B.HDF5,3B-HHR.MS.MRG.3IMERG.20240802-S150000-E152959.0900.V07B.HDF5,True,False,8234150,1081b0f29369830a0feb412c268f272a2c11666d6de311710add9e44b357cd2c,CANONICAL_PRIMARY,Official NASA GES DISC canonical granule file
3B-HHR.MS.MRG.3IMERG.20240802-S180000-E182959.1080.V07B.HDF5,3B-HHR.MS.MRG.3IMERG.20240802-S180000-E182959.1080.V07B.HDF5,True,False,8179233,78f874739b843b32b34c1c25bc660534dd5ed613e2835d25e3698fd66ac36930,CANONICAL_PRIMARY,Official NASA GES DISC canonical granule file
3B-HHR.MS.MRG.3IMERG.20240802-S210000-E212959.1260.V07B.HDF5,3B-HHR.MS.MRG.3IMERG.20240802-S210000-E212959.1260.V07B.HDF5,True,False,8105896,56f2380e46c762b9de19843c4e039c13774d946525c61d4a982140bb3b5fab90,CANONICAL_PRIMARY,Official NASA GES DISC canonical granule file
3B-HHR.MS.MRG.3IMERG.20240803-S000000-E002959.0000.V07B.HDF5,3B-HHR.MS.MRG.3IMERG.20240803-S000000-E002959.0000.V07B.HDF5,True,False,7923533,505575d5cb7183b25384f63c65b716c7af4f7ea17d233fe73576dcc942fb9723,CANONICAL_PRIMARY,Official NASA GES DISC canonical granule file
3B-HHR.MS.MRG.3IMERG.20240803-S030000-E032959.0180.V07B.HDF5,3B-HHR.MS.MRG.3IMERG.20240803-S030000-E032959.0180.V07B.HDF5,True,False,7967015,abcaa701208a05146a7100910b9a188bcd1f84d9a0fab2c976aca1036696841e,CANONICAL_PRIMARY,Official NASA GES DISC canonical granule file
3B-HHR.MS.MRG.3IMERG.20240803-S060000-E062959.0360.V07B.HDF5,3B-HHR.MS.MRG.3IMERG.20240803-S060000-E062959.0360.V07B.HDF5,True,False,7915170,1f1f3bbce699a1dcba62119ec36f5fb736aee4f9afcc297240b36cbccb226afd,CANONICAL_PRIMARY,Official NASA GES DISC canonical granule file
3B-HHR.MS.MRG.3IMERG.20240803-S090000-E092959.0540.V07B.HDF5,3B-HHR.MS.MRG.3IMERG.20240803-S090000-E092959.0540.V07B.HDF5,True,False,8066988,574e3df7fc89d88974e12aaef98def43a9f128c265e154591503964995fded5d,CANONICAL_PRIMARY,Official NASA GES DISC canonical granule file
3B-HHR.MS.MRG.3IMERG.20240803-S120000-E122959.0720.V07B.HDF5,3B-HHR.MS.MRG.3IMERG.20240803-S120000-E122959.0720.V07B.HDF5,True,False,8102128,874615473c66c8e93dc28cad004ca14c3965f04ecc75ce91e91c25837dc374bf,CANONICAL_PRIMARY,Official NASA GES DISC canonical granule file
3B-HHR.MS.MRG.3IMERG.20240803-S150000-E152959.0900.V07B.HDF5,3B-HHR.MS.MRG.3IMERG.20240803-S150000-E152959.0900.V07B.HDF5,True,False,8066959,f298c668ad9e40cd425d1a9273f57128d0ebc62c95b4d85689dd8520b2c7f51c,CANONICAL_PRIMARY,Official NASA GES DISC canonical granule file
3B-HHR.MS.MRG.3IMERG.20240803-S180000-E182959.1080.V07B.HDF5,3B-HHR.MS.MRG.3IMERG.20240803-S180000-E182959.1080.V07B.HDF5,True,False,8066709,f0d42a5f7d5a9e4cd5e181ad109efa2a1fc8d4fdcf7fefed21c32cc1be3f9d6a,CANONICAL_PRIMARY,Official NASA GES DISC canonical granule file
3B-HHR.MS.MRG.3IMERG.20240824-S090000-E092959.0540.V07B.HDF5,3B-HHR.MS.MRG.3IMERG.20240824-S090000-E092959.0540.V07B.HDF5,True,False,8287520,e61a60032685bd99fab28e8f7eed734de639cd8bdc6784de4e4f2fa88c220b05,CANONICAL_PRIMARY,Official NASA GES DISC canonical granule file
3B-HHR.MS.MRG.3IMERG.20240824-S120000-E122959.0720.V07B.HDF5,3B-HHR.MS.MRG.3IMERG.20240824-S120000-E122959.0720.V07B.HDF5,True,False,8291138,2bf0db835adeb83d920217383ab6a465fa7334d982704e85931800894bd0175e,CANONICAL_PRIMARY,Official NASA GES DISC canonical granule file
3B-HHR.MS.MRG.3IMERG.20240824-S150000-E152959.0900.V07B.HDF5,3B-HHR.MS.MRG.3IMERG.20240824-S150000-E152959.0900.V07B.HDF5,True,False,8464820,187cf876c0e2a5a7a401f5215195a8145cc9beea300e0d3826ef249ce0b3087f,CANONICAL_PRIMARY,Official NASA GES DISC canonical granule file
3B-HHR.MS.MRG.3IMERG.20240824-S180000-E182959.1080.V07B.HDF5,3B-HHR.MS.MRG.3IMERG.20240824-S180000-E182959.1080.V07B.HDF5,True,False,8518254,760aa947f37054fd473bc6b06e949b277e809edb69a09102ba09f36ad2d7d765,CANONICAL_PRIMARY,Official NASA GES DISC canonical granule file
3B-HHR.MS.MRG.3IMERG.20240824-S210000-E212959.1260.V07B.HDF5,3B-HHR.MS.MRG.3IMERG.20240824-S210000-E212959.1260.V07B.HDF5,True,False,8613319,6bdc74d21aea4f70c8023c0eefa9f593db55e3029272c5c773e00d915477c0c3,CANONICAL_PRIMARY,Official NASA GES DISC canonical granule file
3B-HHR.MS.MRG.3IMERG.20240825-S000000-E002959.0000.V07B.HDF5,3B-HHR.MS.MRG.3IMERG.20240825-S000000-E002959.0000.V07B.HDF5,True,False,8461461,5f722ad6a9f4f46bbb1cc08951062445100609b5129165e2de581b9e27156108,CANONICAL_PRIMARY,Official NASA GES DISC canonical granule file
3B-HHR.MS.MRG.3IMERG.20240825-S030000-E032959.0180.V07B.HDF5,3B-HHR.MS.MRG.3IMERG.20240825-S030000-E032959.0180.V07B.HDF5,True,False,8359049,5f1bbfc7a3613f5759084b3342de1c6ebabda90b88883575318dbd306fac9c2b,CANONICAL_PRIMARY,Official NASA GES DISC canonical granule file
3B-HHR.MS.MRG.3IMERG.20240825-S060000-E062959.0360.V07B.HDF5,3B-HHR.MS.MRG.3IMERG.20240825-S060000-E062959.0360.V07B.HDF5,True,False,8428739,b54d142bc8f4de84218dfd489526b7e243ad501a5bd621d9c7b7b5f2d1a6bc31,CANONICAL_PRIMARY,Official NASA GES DISC canonical granule file
3B-HHR.MS.MRG.3IMERG.20240825-S090000-E092959.0540.V07B.HDF5,3B-HHR.MS.MRG.3IMERG.20240825-S090000-E092959.0540.V07B.HDF5,True,False,8455618,22d3375fb3e4dffc1fc7861e86651959a4de12daf67701d7bd77ce1c171ceb4a,CANONICAL_PRIMARY,Official NASA GES DISC canonical granule file
3B-HHR.MS.MRG.3IMERG.20240825-S120000-E122959.0720.V07B.HDF5,3B-HHR.MS.MRG.3IMERG.20240825-S120000-E122959.0720.V07B.HDF5,True,False,8246822,a7689b25d43a2ffde801c0ca5a7fed260f0d4d3326fa0026e9fe8a8d7e31fd35,CANONICAL_PRIMARY,Official NASA GES DISC canonical granule file
3B-HHR.MS.MRG.3IMERG.20240825-S150000-E152959.0900.V07B.HDF5,3B-HHR.MS.MRG.3IMERG.20240825-S150000-E152959.0900.V07B.HDF5,True,False,8484742,32db3aa2f7cda4907fc75fecc3c9028f57277eb6baff59d3960b7280b7bd4170,CANONICAL_PRIMARY,Official NASA GES DISC canonical granule file
3B-HHR.MS.MRG.3IMERG.20240825-S180000-E182959.1080.V07B.HDF5,3B-HHR.MS.MRG.3IMERG.20240825-S180000-E182959.1080.V07B.HDF5,True,False,8562277,5392af319a83035c41278b4aa73746cee1fa5a51d5985a7432974dc3dbe10fec,CANONICAL_PRIMARY,Official NASA GES DISC canonical granule file
3B-HHR.MS.MRG.3IMERG.20240825-S210000-E212959.1260.V07B.HDF5,3B-HHR.MS.MRG.3IMERG.20240825-S210000-E212959.1260.V07B.HDF5,True,False,8332630,1f40f8a1a548bd09bc8909d91a27c4b10d3fada707e3082e0a934178ad7c50c7,CANONICAL_PRIMARY,Official NASA GES DISC canonical granule file
3B-HHR.MS.MRG.3IMERG.20240826-S000000-E002959.0000.V07B.HDF5,3B-HHR.MS.MRG.3IMERG.20240826-S000000-E002959.0000.V07B.HDF5,True,False,8255903,89edcada173528ce65eec604e603a737e3d4ba014a9fd4cd0c4252f74cc1b19a,CANONICAL_PRIMARY,Official NASA GES DISC canonical granule file
3B-HHR.MS.MRG.3IMERG.20240826-S030000-E032959.0180.V07B.HDF5,3B-HHR.MS.MRG.3IMERG.20240826-S030000-E032959.0180.V07B.HDF5,True,False,8306841,86540b95da6be15c8ecd594f55b01d533980711f734e782bcff921ebb56a8728,CANONICAL_PRIMARY,Official NASA GES DISC canonical granule file
3B-HHR.MS.MRG.3IMERG.20240826-S060000-E062959.0360.V07B.HDF5,3B-HHR.MS.MRG.3IMERG.20240826-S060000-E062959.0360.V07B.HDF5,True,False,8421667,fcadfc69a6ae658a6bec97a20bd12a0d6cd6346f3a895599b33106a2ef7044f6,CANONICAL_PRIMARY,Official NASA GES DISC canonical granule file
3B-HHR.MS.MRG.3IMERG.20240826-S090000-E092959.0540.V07B.HDF5,3B-HHR.MS.MRG.3IMERG.20240826-S090000-E092959.0540.V07B.HDF5,True,False,8390918,9e949e1d15a7e43e19001eea8a18f305d96e0ea3958d7bf888323d968fada9d2,CANONICAL_PRIMARY,Official NASA GES DISC canonical granule file
3B-HHR.MS.MRG.3IMERG.20240826-S120000-E122959.0720.V07B.HDF5,3B-HHR.MS.MRG.3IMERG.20240826-S120000-E122959.0720.V07B.HDF5,True,False,8355884,953bcba4f642e444633a9957328d1ac36af4234519d305172185d7582e24d96f,CANONICAL_PRIMARY,Official NASA GES DISC canonical granule file
3B-HHR.MS.MRG.3IMERG.20240826-S150000-E152959.0900.V07B.HDF5,3B-HHR.MS.MRG.3IMERG.20240826-S150000-E152959.0900.V07B.HDF5,True,False,8594464,8cc38139e73dc4a4d85a983f10b45282467e46167ee100d1c9577f632879eed7,CANONICAL_PRIMARY,Official NASA GES DISC canonical granule file
3B-HHR.MS.MRG.3IMERG.20240826-S180000-E182959.1080.V07B.HDF5,3B-HHR.MS.MRG.3IMERG.20240826-S180000-E182959.1080.V07B.HDF5,True,False,8547277,88e17e99bad58349a1972e050211ac629dc084379951518fd6c412be57ceffbc,CANONICAL_PRIMARY,Official NASA GES DISC canonical granule file
3B-HHR.MS.MRG.3IMERG.20240826-S210000-E212959.1260.V07B.HDF5,3B-HHR.MS.MRG.3IMERG.20240826-S210000-E212959.1260.V07B.HDF5,True,False,8498261,394c9ec5c2bdf01f7a582709869641aad10a90e835d223fa3963bf4c99db9315,CANONICAL_PRIMARY,Official NASA GES DISC canonical granule file
3B-HHR.MS.MRG.3IMERG.20240827-S000000-E002959.0000.V07B.HDF5,3B-HHR.MS.MRG.3IMERG.20240827-S000000-E002959.0000.V07B.HDF5,True,False,8316838,8904d0698fbd8a100c5f06beb54ed199d4a02153f452512e207ffa5a11721965,CANONICAL_PRIMARY,Official NASA GES DISC canonical granule file
3B-HHR.MS.MRG.3IMERG.20240827-S030000-E032959.0180.V07B.HDF5,3B-HHR.MS.MRG.3IMERG.20240827-S030000-E032959.0180.V07B.HDF5,True,False,8418270,362225da1867944b64796ff84dbd5dd77da6dc8fd95e459d3477c0480d6d6d52,CANONICAL_PRIMARY,Official NASA GES DISC canonical granule file
3B-HHR.MS.MRG.3IMERG.20240827-S060000-E062959.0360.V07B.HDF5,3B-HHR.MS.MRG.3IMERG.20240827-S060000-E062959.0360.V07B.HDF5,True,False,8539100,f9f4bba09b74757640dc2d4df1c8a6197c2e3a04423a05b6fb34782f0e600191,CANONICAL_PRIMARY,Official NASA GES DISC canonical granule file
3B-HHR.MS.MRG.3IMERG.20240827-S090000-E092959.0540.V07B.HDF5,3B-HHR.MS.MRG.3IMERG.20240827-S090000-E092959.0540.V07B.HDF5,True,False,8497144,21a4010dd0c9f14cc1d60303cc89d604c15d605c9b848ce056c52a7e4458f038,CANONICAL_PRIMARY,Official NASA GES DISC canonical granule file
3B-HHR.MS.MRG.3IMERG.20240827-S120000-E122959.0720.V07B.HDF5,3B-HHR.MS.MRG.3IMERG.20240827-S120000-E122959.0720.V07B.HDF5,True,False,8197776,10edcdc83fb443fe3394c202df9e31ddaf2e3ec047f7320b171c981c19b613cc,CANONICAL_PRIMARY,Official NASA GES DISC canonical granule file
3B-HHR.MS.MRG.3IMERG.20240827-S150000-E152959.0900.V07B.HDF5,3B-HHR.MS.MRG.3IMERG.20240827-S150000-E152959.0900.V07B.HDF5,True,False,8327386,ca24c50cea1ec332a7796216eb98bb69bfa37ea0734e5dec00e7152d0919dd68,CANONICAL_PRIMARY,Official NASA GES DISC canonical granule file
3B-HHR.MS.MRG.3IMERG.20240827-S180000-E182959.1080.V07B.HDF5,3B-HHR.MS.MRG.3IMERG.20240827-S180000-E182959.1080.V07B.HDF5,True,False,8405929,7e39499d6a7e69d2fd73da3f1adee4bdbef882f24a52b4d7087035dcea2d03c1,CANONICAL_PRIMARY,Official NASA GES DISC canonical granule file
3B-HHR.MS.MRG.3IMERG.20240827-S210000-E212959.1260.V07B.HDF5,3B-HHR.MS.MRG.3IMERG.20240827-S210000-E212959.1260.V07B.HDF5,True,False,8414755,e85ad2ef40b6545998ad2b4187ab9f54858d1bd49dfad181639f9706c09d913a,CANONICAL_PRIMARY,Official NASA GES DISC canonical granule file
3B-HHR.MS.MRG.3IMERG.20240828-S000000-E002959.0000.V07B.HDF5,3B-HHR.MS.MRG.3IMERG.20240828-S000000-E002959.0000.V07B.HDF5,True,False,8018370,8beba571b19d87ab586b820b6bd4ad91af0ba4338be8a7c8b0f39c58257d5f89,CANONICAL_PRIMARY,Official NASA GES DISC canonical granule file
3B-HHR.MS.MRG.3IMERG.20240828-S030000-E032959.0180.V07B.HDF5,3B-HHR.MS.MRG.3IMERG.20240828-S030000-E032959.0180.V07B.HDF5,True,False,7973779,3535882bce477db6bb25f7b3f9741106e4ee22e51f53846f99f25763b24be364,CANONICAL_PRIMARY,Official NASA GES DISC canonical granule file
3B-HHR.MS.MRG.3IMERG.20240828-S060000-E062959.0360.V07B.HDF5,3B-HHR.MS.MRG.3IMERG.20240828-S060000-E062959.0360.V07B.HDF5,True,False,8153218,6c1a76f4fd250c5e8d26c590bac5213e270377272b061bb4a9c186cff758cc96,CANONICAL_PRIMARY,Official NASA GES DISC canonical granule file
3B-HHR.MS.MRG.3IMERG.20240828-S090000-E092959.0540.V07B.HDF5,3B-HHR.MS.MRG.3IMERG.20240828-S090000-E092959.0540.V07B.HDF5,True,False,8113636,2d4134c6208eeecf97315b90a6f5b1acc15a43419d9a337796d7a9f34074d916,CANONICAL_PRIMARY,Official NASA GES DISC canonical granule file
3B-HHR.MS.MRG.3IMERG.20240828-S120000-E122959.0720.V07B.HDF5,3B-HHR.MS.MRG.3IMERG.20240828-S120000-E122959.0720.V07B.HDF5,True,False,7922357,ea201a76ed196ac0311f0df747105d411109f97ce5f937341f00e0dac2334cad,CANONICAL_PRIMARY,Official NASA GES DISC canonical granule file
3B-HHR.MS.MRG.3IMERG.20240828-S150000-E152959.0900.V07B.HDF5,3B-HHR.MS.MRG.3IMERG.20240828-S150000-E152959.0900.V07B.HDF5,True,False,8166927,4513bb6324ea7f1e121d4bfacfa58122309602770d9b542aceb08085486fc82f,CANONICAL_PRIMARY,Official NASA GES DISC canonical granule file
3B-HHR.MS.MRG.3IMERG.20240828-S180000-E182959.1080.V07B.HDF5,3B-HHR.MS.MRG.3IMERG.20240828-S180000-E182959.1080.V07B.HDF5,True,False,8198951,b436286f1bfd874410de0660f78659f1bafa4721a1610cd8c3fafc5277957c87,CANONICAL_PRIMARY,Official NASA GES DISC canonical granule file
3B-HHR.MS.MRG.3IMERG.20240828-S210000-E212959.1260.V07B.HDF5,3B-HHR.MS.MRG.3IMERG.20240828-S210000-E212959.1260.V07B.HDF5,True,False,8327543,7f432f66d43ced6c220db3f94aabb572f922a71536091783b061095a100446d2,CANONICAL_PRIMARY,Official NASA GES DISC canonical granule file
3B-HHR.MS.MRG.3IMERG.20240829-S000000-E002959.0000.V07B.HDF5,3B-HHR.MS.MRG.3IMERG.20240829-S000000-E002959.0000.V07B.HDF5,True,False,8172232,6d6afee6c9af856746602a19a068c05126defee68a9f8163edadb9e71c1857dd,CANONICAL_PRIMARY,Official NASA GES DISC canonical granule file
3B-HHR.MS.MRG.3IMERG.20240829-S030000-E032959.0180.V07B.HDF5,3B-HHR.MS.MRG.3IMERG.20240829-S030000-E032959.0180.V07B.HDF5,True,False,8133015,cc7d4633bbc248b03ee7ab5d00a7ba98522b1d59f80ef391404edcc7fdba67ff,CANONICAL_PRIMARY,Official NASA GES DISC canonical granule file
3B-HHR.MS.MRG.3IMERG.20240829-S060000-E062959.0360.V07B.HDF5,3B-HHR.MS.MRG.3IMERG.20240829-S060000-E062959.0360.V07B.HDF5,True,False,8059525,30de60c507ca7dceae18d31fedf521113db8dcc9c04368fa254b4aa5a408ae85,CANONICAL_PRIMARY,Official NASA GES DISC canonical granule file
3B-HHR.MS.MRG.3IMERG.20240829-S090000-E092959.0540.V07B.HDF5,3B-HHR.MS.MRG.3IMERG.20240829-S090000-E092959.0540.V07B.HDF5,True,False,8313429,81d0740a53fc2e0beba762a740ac55c20cf0c339c44d9f2251591442dc84994a,CANONICAL_PRIMARY,Official NASA GES DISC canonical granule file
3B-HHR.MS.MRG.3IMERG.20240829-S120000-E122959.0720.V07B.HDF5,3B-HHR.MS.MRG.3IMERG.20240829-S120000-E122959.0720.V07B.HDF5,True,False,8200614,18dd6bda36b87c4f16983bfdb8240e7668d0805c75aaccc8d0fd15de89f4bfaa,CANONICAL_PRIMARY,Official NASA GES DISC canonical granule file
3B-HHR.MS.MRG.3IMERG.20240829-S150000-E152959.0900.V07B.HDF5,3B-HHR.MS.MRG.3IMERG.20240829-S150000-E152959.0900.V07B.HDF5,True,False,8425329,4b3dc805a48347413061c1619dd445cea4261a5cced28922b60f10749466d929,CANONICAL_PRIMARY,Official NASA GES DISC canonical granule file
3B-HHR.MS.MRG.3IMERG.20240829-S180000-E182959.1080.V07B.HDF5,3B-HHR.MS.MRG.3IMERG.20240829-S180000-E182959.1080.V07B.HDF5,True,False,8495420,a9f6c2cbfbe166b239f10b240320d60eab92d51d58e457289b3d2d217329ebc4,CANONICAL_PRIMARY,Official NASA GES DISC canonical granule file
3B-HHR.MS.MRG.3IMERG.20240829-S210000-E212959.1260.V07B.HDF5,3B-HHR.MS.MRG.3IMERG.20240829-S210000-E212959.1260.V07B.HDF5,True,False,8737740,c697f5e607257f4c162d94eac2479ff23699e8ac3151981c661b7b2ed852ab82,CANONICAL_PRIMARY,Official NASA GES DISC canonical granule file
3B-HHR.MS.MRG.3IMERG.20240830-S000000-E002959.0000.V07B.HDF5,3B-HHR.MS.MRG.3IMERG.20240830-S000000-E002959.0000.V07B.HDF5,True,False,8359996,460dbd6323e331fec98a6b7a76d153f9dc4b0494839662c489437605766df676,CANONICAL_PRIMARY,Official NASA GES DISC canonical granule file
3B-HHR.MS.MRG.3IMERG.20240830-S030000-E032959.0180.V07B.HDF5,3B-HHR.MS.MRG.3IMERG.20240830-S030000-E032959.0180.V07B.HDF5,True,False,8298639,b25a531d22233c6dfa383efc0223a63d24b8692efc0aee68275d10243dca40c1,CANONICAL_PRIMARY,Official NASA GES DISC canonical granule file
3B-HHR.MS.MRG.3IMERG.20240830-S060000-E062959.0360.V07B.HDF5,3B-HHR.MS.MRG.3IMERG.20240830-S060000-E062959.0360.V07B.HDF5,True,False,8518577,8e2f9983b8a7c4978050b5b85606ed54b28826fcccfb5315300601eeaa440ef9,CANONICAL_PRIMARY,Official NASA GES DISC canonical granule file
3B-HHR.MS.MRG.3IMERG.20240830-S090000-E092959.0540.V07B.HDF5,3B-HHR.MS.MRG.3IMERG.20240830-S090000-E092959.0540.V07B.HDF5,True,False,8630350,70c9b055cc25439ef4c37afe0a5fce15e8fbf8564da9ec6ea8579bdc80082c40,CANONICAL_PRIMARY,Official NASA GES DISC canonical granule file
3B-HHR.MS.MRG.3IMERG.20240830-S120000-E122959.0720.V07B.HDF5,3B-HHR.MS.MRG.3IMERG.20240830-S120000-E122959.0720.V07B.HDF5,True,False,8589463,ab2843bbafaafec3dcd36f55233b9337d3da5b1f8de38530f1b67365cbd3df9f,CANONICAL_PRIMARY,Official NASA GES DISC canonical granule file
3B-HHR.MS.MRG.3IMERG.20240830-S150000-E152959.0900.V07B.HDF5,3B-HHR.MS.MRG.3IMERG.20240830-S150000-E152959.0900.V07B.HDF5,True,False,8651474,2aa2360d1f0b44b493e86a2db54aab638999619aa58f1ef98e447844cc6b2701,CANONICAL_PRIMARY,Official NASA GES DISC canonical granule file
3B-HHR.MS.MRG.3IMERG.20240830-S180000-E182959.1080.V07B.HDF5,3B-HHR.MS.MRG.3IMERG.20240830-S180000-E182959.1080.V07B.HDF5,True,False,8683638,101723b7690cb16898b59c4ebd9ac3ddb3a04b6b880a073f83c34254be682ca1,CANONICAL_PRIMARY,Official NASA GES DISC canonical granule file
3B-HHR.MS.MRG.3IMERG.20240830-S210000-E212959.1260.V07B.HDF5,3B-HHR.MS.MRG.3IMERG.20240830-S210000-E212959.1260.V07B.HDF5,True,False,8760893,5cb477c5b8818dfd3a55aa64d9dac6599fcae7028638b3576570c80c2f02aaf9,CANONICAL_PRIMARY,Official NASA GES DISC canonical granule file
3B-HHR.MS.MRG.3IMERG.20240831-S000000-E002959.0000.V07B.HDF5,3B-HHR.MS.MRG.3IMERG.20240831-S000000-E002959.0000.V07B.HDF5,True,False,8461367,7f97fc0773a676ec92d38a83cdeec4f39ba4760de483f798178aa76ecc64d763,CANONICAL_PRIMARY,Official NASA GES DISC canonical granule file
3B-HHR.MS.MRG.3IMERG.20240831-S030000-E032959.0180.V07B.HDF5,3B-HHR.MS.MRG.3IMERG.20240831-S030000-E032959.0180.V07B.HDF5,True,False,8504517,ecb481556c67ddd97e1d64e3a694e3ab634a596436fa9279c9efbce44f72b46a,CANONICAL_PRIMARY,Official NASA GES DISC canonical granule file
3B-HHR.MS.MRG.3IMERG.20240831-S060000-E062959.0360.V07B.HDF5,3B-HHR.MS.MRG.3IMERG.20240831-S060000-E062959.0360.V07B.HDF5,True,False,8516174,5e4d52d1916ab76ca0a64ff548c141406123a6475ae3e1673d286503b42b8a09,CANONICAL_PRIMARY,Official NASA GES DISC canonical granule file
3B-HHR.MS.MRG.3IMERG.20240907-S090000-E092959.0540.V07B.HDF5,3B-HHR.MS.MRG.3IMERG.20240907-S090000-E092959.0540.V07B.HDF5,True,False,7949565,40ab97a72ef653f5494e4b798d63c996d389f387bc267604872206d1de06a230,CANONICAL_PRIMARY,Official NASA GES DISC canonical granule file
3B-HHR.MS.MRG.3IMERG.20240907-S120000-E122959.0720.V07B.HDF5,3B-HHR.MS.MRG.3IMERG.20240907-S120000-E122959.0720.V07B.HDF5,True,False,8031735,93f8553442581c8b279ae5f12ffbacf6dd34a592688badba292a58fa72afa3fd,CANONICAL_PRIMARY,Official NASA GES DISC canonical granule file
3B-HHR.MS.MRG.3IMERG.20240907-S150000-E152959.0900.V07B.HDF5,3B-HHR.MS.MRG.3IMERG.20240907-S150000-E152959.0900.V07B.HDF5,True,False,8221610,f4808e1218d7c0096baaeed7a3005ca5974ed6abeaf70cb7ecd05b447cb210d1,CANONICAL_PRIMARY,Official NASA GES DISC canonical granule file
3B-HHR.MS.MRG.3IMERG.20240907-S180000-E182959.1080.V07B.HDF5,3B-HHR.MS.MRG.3IMERG.20240907-S180000-E182959.1080.V07B.HDF5,True,False,8270826,530f1f090bbec42ae4611e4eed827d450b105324da51df76d5d88512ce797d84,CANONICAL_PRIMARY,Official NASA GES DISC canonical granule file
3B-HHR.MS.MRG.3IMERG.20240907-S210000-E212959.1260.V07B.HDF5,3B-HHR.MS.MRG.3IMERG.20240907-S210000-E212959.1260.V07B.HDF5,True,False,8205120,da0c276d9f859578adf63dbca44d5516c7e0b27e0bdabd697811d8bca3c84284,CANONICAL_PRIMARY,Official NASA GES DISC canonical granule file
3B-HHR.MS.MRG.3IMERG.20240908-S000000-E002959.0000.V07B.HDF5,3B-HHR.MS.MRG.3IMERG.20240908-S000000-E002959.0000.V07B.HDF5,True,False,8290468,3d3dc94a7462b3f314fe8d682ea21c3b50c0ca66dc7cd79d23ec555491944c82,CANONICAL_PRIMARY,Official NASA GES DISC canonical granule file
3B-HHR.MS.MRG.3IMERG.20240908-S030000-E032959.0180.V07B.HDF5,3B-HHR.MS.MRG.3IMERG.20240908-S030000-E032959.0180.V07B.HDF5,True,False,7924538,c8644be9e659cb14518884f1af5b28e74c8de5dba9cecf328748d487045757d2,CANONICAL_PRIMARY,Official NASA GES DISC canonical granule file
3B-HHR.MS.MRG.3IMERG.20240908-S060000-E062959.0360.V07B.HDF5,3B-HHR.MS.MRG.3IMERG.20240908-S060000-E062959.0360.V07B.HDF5,True,False,7890338,9039c56375c3232025bf592438604d085e40868abd275246716e4154387b4f6a,CANONICAL_PRIMARY,Official NASA GES DISC canonical granule file
3B-HHR.MS.MRG.3IMERG.20240912-S210000-E212959.1260.V07B.HDF5,3B-HHR.MS.MRG.3IMERG.20240912-S210000-E212959.1260.V07B.HDF5,True,False,8061168,2a520c6bbbce7119dfa9ebb841ce40f7ce119ebce58d74c3004e03bac8c0b9ce,CANONICAL_PRIMARY,Official NASA GES DISC canonical granule file
3B-HHR.MS.MRG.3IMERG.20240913-S000000-E002959.0000.V07B.HDF5,3B-HHR.MS.MRG.3IMERG.20240913-S000000-E002959.0000.V07B.HDF5,True,False,7958645,b52c969777a010efde5fa9f839778eac5de81bf45d27bc80be19ac4e9302ee4f,CANONICAL_PRIMARY,Official NASA GES DISC canonical granule file
3B-HHR.MS.MRG.3IMERG.20240913-S030000-E032959.0180.V07B.HDF5,3B-HHR.MS.MRG.3IMERG.20240913-S030000-E032959.0180.V07B.HDF5,True,False,7927262,a867f52c9a8f1418f7ab231ec835ccc6331e965c763a5ebfd59d9a79e59a8a7f,CANONICAL_PRIMARY,Official NASA GES DISC canonical granule file
3B-HHR.MS.MRG.3IMERG.20240913-S060000-E062959.0360.V07B.HDF5,3B-HHR.MS.MRG.3IMERG.20240913-S060000-E062959.0360.V07B.HDF5,True,False,7914648,b109bfc5ee3074a87e156103d4f34618d1cbe3f155570fdc4e17c7f208a64999,CANONICAL_PRIMARY,Official NASA GES DISC canonical granule file
3B-HHR.MS.MRG.3IMERG.20240913-S090000-E092959.0540.V07B.HDF5,3B-HHR.MS.MRG.3IMERG.20240913-S090000-E092959.0540.V07B.HDF5,True,False,7995037,84c595e3b7e3526217bb7b4e6bfb5e9cddc64449ec089042e7785a0225aa5d78,CANONICAL_PRIMARY,Official NASA GES DISC canonical granule file
3B-HHR.MS.MRG.3IMERG.20240913-S120000-E122959.0720.V07B.HDF5,3B-HHR.MS.MRG.3IMERG.20240913-S120000-E122959.0720.V07B.HDF5,True,False,7978597,1e580b21d57fc88b7a21b02b2d4804010d4238b68fb971ccff2a8c42d89be810,CANONICAL_PRIMARY,Official NASA GES DISC canonical granule file
3B-HHR.MS.MRG.3IMERG.20240913-S150000-E152959.0900.V07B.HDF5,3B-HHR.MS.MRG.3IMERG.20240913-S150000-E152959.0900.V07B.HDF5,True,False,8049345,80690eda2a8cbb178bc8693a65e76ea801363da625b6744cda31e1962b912898,CANONICAL_PRIMARY,Official NASA GES DISC canonical granule file
3B-HHR.MS.MRG.3IMERG.20240913-S180000-E182959.1080.V07B.HDF5,3B-HHR.MS.MRG.3IMERG.20240913-S180000-E182959.1080.V07B.HDF5,True,False,8053402,0e902fa7d0b558c200273fe35f129f4f345221549baeeeb86c29895f3de7486f,CANONICAL_PRIMARY,Official NASA GES DISC canonical granule file
3B-HHR.MS.MRG.3IMERG.20240913-S210000-E212959.1260.V07B.HDF5,3B-HHR.MS.MRG.3IMERG.20240913-S210000-E212959.1260.V07B.HDF5,True,False,8127581,b3849312d6f2d1bd344c09433c041454885c1be94fb8e40cd434f0ee8a9ff8eb,CANONICAL_PRIMARY,Official NASA GES DISC canonical granule file
3B-HHR.MS.MRG.3IMERG.20240914-S000000-E002959.0000.V07B.HDF5,3B-HHR.MS.MRG.3IMERG.20240914-S000000-E002959.0000.V07B.HDF5,True,False,8104327,c01efc3bb792bca1286c7c86f97f75293bf302d360b2c0ced34b2c3f233c1403,CANONICAL_PRIMARY,Official NASA GES DISC canonical granule file
3B-HHR.MS.MRG.3IMERG.20240914-S030000-E032959.0180.V07B.HDF5,3B-HHR.MS.MRG.3IMERG.20240914-S030000-E032959.0180.V07B.HDF5,True,False,8192472,ae2adef8de8a79367ddb85f291dc0163649f01ea6c2c940164c578b43ef4143b,CANONICAL_PRIMARY,Official NASA GES DISC canonical granule file
3B-HHR.MS.MRG.3IMERG.20240914-S060000-E062959.0360.V07B.HDF5,3B-HHR.MS.MRG.3IMERG.20240914-S060000-E062959.0360.V07B.HDF5,True,False,8119868,091d6641aee196d5defb23d2b3cecbeaccb69e428a87affaa21e83d2663b2278,CANONICAL_PRIMARY,Official NASA GES DISC canonical granule file
3B-HHR.MS.MRG.3IMERG.20240914-S090000-E092959.0540.V07B.HDF5,3B-HHR.MS.MRG.3IMERG.20240914-S090000-E092959.0540.V07B.HDF5,True,False,8158081,c0e0a207d89af9bd5c19f224372f1ec9ae16292d779a704697936a57eded1530,CANONICAL_PRIMARY,Official NASA GES DISC canonical granule file
3B-HHR.MS.MRG.3IMERG.20240914-S120000-E122959.0720.V07B.HDF5,3B-HHR.MS.MRG.3IMERG.20240914-S120000-E122959.0720.V07B.HDF5,True,False,8097014,4336efe4210bcd9e971f8c45553534acc96537d1ffcc94b143dac5dc59c66987,CANONICAL_PRIMARY,Official NASA GES DISC canonical granule file
3B-HHR.MS.MRG.3IMERG.20240914-S150000-E152959.0900.V07B.HDF5,3B-HHR.MS.MRG.3IMERG.20240914-S150000-E152959.0900.V07B.HDF5,True,False,8093967,51c03c31309386afb2a26b48d0df11d3ec93d46fa66810abd2bd8c7209cdba24,CANONICAL_PRIMARY,Official NASA GES DISC canonical granule file
3B-HHR.MS.MRG.3IMERG.20240914-S180000-E182959.1080.V07B.HDF5,3B-HHR.MS.MRG.3IMERG.20240914-S180000-E182959.1080.V07B.HDF5,True,False,8256323,9141b38282af1a701336360ba296aece23aa9d9f20d4bfcd8b39ee132c30441b,CANONICAL_PRIMARY,Official NASA GES DISC canonical granule file
3B-HHR.MS.MRG.3IMERG.20240914-S210000-E212959.1260.V07B.HDF5,3B-HHR.MS.MRG.3IMERG.20240914-S210000-E212959.1260.V07B.HDF5,True,False,8244021,9483b2937c8530e1a9054860f9cba80483d17dc79a1b8aa1307e15c45ac5799b,CANONICAL_PRIMARY,Official NASA GES DISC canonical granule file
3B-HHR.MS.MRG.3IMERG.20240915-S000000-E002959.0000.V07B.HDF5,3B-HHR.MS.MRG.3IMERG.20240915-S000000-E002959.0000.V07B.HDF5,True,False,8176702,32fdeedd69ab212410ec1dac0760e42523679eeda983ae0b87a2943e8d405105,CANONICAL_PRIMARY,Official NASA GES DISC canonical granule file
3B-HHR.MS.MRG.3IMERG.20240915-S030000-E032959.0180.V07B.HDF5,3B-HHR.MS.MRG.3IMERG.20240915-S030000-E032959.0180.V07B.HDF5,True,False,8152781,0a9c7a191b663300f9c555b644ae67176c0105f93e869e2c55728449cc38365c,CANONICAL_PRIMARY,Official NASA GES DISC canonical granule file
3B-HHR.MS.MRG.3IMERG.20240915-S060000-E062959.0360.V07B.HDF5,3B-HHR.MS.MRG.3IMERG.20240915-S060000-E062959.0360.V07B.HDF5,True,False,8103864,b66061be4fc799553c41a251b9675735ed859bf57fdd2574ee67211b6b7da967,CANONICAL_PRIMARY,Official NASA GES DISC canonical granule file
3B-HHR.MS.MRG.3IMERG.20240915-S090000-E092959.0540.V07B.HDF5,3B-HHR.MS.MRG.3IMERG.20240915-S090000-E092959.0540.V07B.HDF5,True,False,8196381,3894f4e9229887f7354ffa8b614d9d4de77afdf230545bf67f543aeb9096e1e4,CANONICAL_PRIMARY,Official NASA GES DISC canonical granule file
3B-HHR.MS.MRG.3IMERG.20240915-S120000-E122959.0720.V07B.HDF5,3B-HHR.MS.MRG.3IMERG.20240915-S120000-E122959.0720.V07B.HDF5,True,False,8298028,7afd6e5a2b006f395ef91eb520f77e5ff2d4e928fe89a1eee98b9484fc1492cf,CANONICAL_PRIMARY,Official NASA GES DISC canonical granule file
3B-HHR.MS.MRG.3IMERG.20240915-S150000-E152959.0900.V07B.HDF5,3B-HHR.MS.MRG.3IMERG.20240915-S150000-E152959.0900.V07B.HDF5,True,False,8306055,532a161e75aa7ba1fbbf2bbda604012aa0dd73d05ffd894c92cfcdaf3b932ac6,CANONICAL_PRIMARY,Official NASA GES DISC canonical granule file
3B-HHR.MS.MRG.3IMERG.20240915-S180000-E182959.1080.V07B.HDF5,3B-HHR.MS.MRG.3IMERG.20240915-S180000-E182959.1080.V07B.HDF5,True,False,8134369,66a5951ad6b72070152c8e62d317823c8e949bc398ff800977cb22c8638fcfc2,CANONICAL_PRIMARY,Official NASA GES DISC canonical granule file
3B-HHR.MS.MRG.3IMERG.20241012-S210000-E212959.1260.V07B.HDF5,3B-HHR.MS.MRG.3IMERG.20241012-S210000-E212959.1260.V07B.HDF5,True,False,7954688,48508a5f8ae4b50ceb5002d705db03e8142e55c5dd870c31bc98889c0e552ab5,CANONICAL_PRIMARY,Official NASA GES DISC canonical granule file
3B-HHR.MS.MRG.3IMERG.20241013-S000000-E002959.0000.V07B.HDF5,3B-HHR.MS.MRG.3IMERG.20241013-S000000-E002959.0000.V07B.HDF5,True,False,7954764,1b1c93a32ae62e95c5917560112f995aea5e5d5eb71828cd76782ca144604bbe,CANONICAL_PRIMARY,Official NASA GES DISC canonical granule file
3B-HHR.MS.MRG.3IMERG.20241013-S030000-E032959.0180.V07B.HDF5,3B-HHR.MS.MRG.3IMERG.20241013-S030000-E032959.0180.V07B.HDF5,True,False,8012306,2447aab87aaf1e71396b976859496798ac8a395e8edfe5e91e1390fa0d1614ca,CANONICAL_PRIMARY,Official NASA GES DISC canonical granule file
3B-HHR.MS.MRG.3IMERG.20241013-S060000-E062959.0360.V07B.HDF5,3B-HHR.MS.MRG.3IMERG.20241013-S060000-E062959.0360.V07B.HDF5,True,False,7954078,022065929362b5fb0bdf5e835ecdfb78d3c53f0fa99165b24098faef6029a3b6,CANONICAL_PRIMARY,Official NASA GES DISC canonical granule file
3B-HHR.MS.MRG.3IMERG.20241013-S090000-E092959.0540.V07B.HDF5,3B-HHR.MS.MRG.3IMERG.20241013-S090000-E092959.0540.V07B.HDF5,True,False,8039536,954e025be7a26b54057df3acb9ff5da3e348ae30457dc5999f0e1d5f8055ccd6,CANONICAL_PRIMARY,Official NASA GES DISC canonical granule file
3B-HHR.MS.MRG.3IMERG.20241013-S120000-E122959.0720.V07B.HDF5,3B-HHR.MS.MRG.3IMERG.20241013-S120000-E122959.0720.V07B.HDF5,True,False,7877365,e07775600f331693f01b240785fb373d71f62ab4edaabcfbc1f7be749743b705,CANONICAL_PRIMARY,Official NASA GES DISC canonical granule file
3B-HHR.MS.MRG.3IMERG.20241021-S090000-E092959.0540.V07B.HDF5,3B-HHR.MS.MRG.3IMERG.20241021-S090000-E092959.0540.V07B.HDF5,True,False,7941727,540a6c68c1bb4c8e0b9207a0461c369b8fe80e39e00dbf05b8e7c6336959c541,CANONICAL_PRIMARY,Official NASA GES DISC canonical granule file
3B-HHR.MS.MRG.3IMERG.20241021-S120000-E122959.0720.V07B.HDF5,3B-HHR.MS.MRG.3IMERG.20241021-S120000-E122959.0720.V07B.HDF5,True,False,7953426,1aff578cbb6f67be174544c16027dfa41d85d29f48c16ba7c3eac22aaf511cc4,CANONICAL_PRIMARY,Official NASA GES DISC canonical granule file
3B-HHR.MS.MRG.3IMERG.20241021-S150000-E152959.0900.V07B.HDF5,3B-HHR.MS.MRG.3IMERG.20241021-S150000-E152959.0900.V07B.HDF5,True,False,7976106,7f1c9a2eb00ebf635751dd662947ae45689ae22fb71a15ca4864a79f9f593e18,CANONICAL_PRIMARY,Official NASA GES DISC canonical granule file
3B-HHR.MS.MRG.3IMERG.20241021-S180000-E182959.1080.V07B.HDF5,3B-HHR.MS.MRG.3IMERG.20241021-S180000-E182959.1080.V07B.HDF5,True,False,7993423,085e3cc4df8b875941598b066ad408403fee82d12cf20ccad270bc8a38ef6124,CANONICAL_PRIMARY,Official NASA GES DISC canonical granule file
3B-HHR.MS.MRG.3IMERG.20241021-S210000-E212959.1260.V07B.HDF5,3B-HHR.MS.MRG.3IMERG.20241021-S210000-E212959.1260.V07B.HDF5,True,False,8051676,dca74e73b555bb50f2e694f9e0917fd0ded7d4073075d01a199894181768e28c,CANONICAL_PRIMARY,Official NASA GES DISC canonical granule file
3B-HHR.MS.MRG.3IMERG.20241022-S000000-E002959.0000.V07B.HDF5,3B-HHR.MS.MRG.3IMERG.20241022-S000000-E002959.0000.V07B.HDF5,True,False,7985500,cba8b6008a590fc178ecd594cd085891c76369e58cc0df7011b8795dd7993baa,CANONICAL_PRIMARY,Official NASA GES DISC canonical granule file
3B-HHR.MS.MRG.3IMERG.20241022-S030000-E032959.0180.V07B.HDF5,3B-HHR.MS.MRG.3IMERG.20241022-S030000-E032959.0180.V07B.HDF5,True,False,8161628,d7b727d7520d5dc53a7c61c8bcf49ae9e16993fa97fc369f8d5eeb1c8a79c1e6,CANONICAL_PRIMARY,Official NASA GES DISC canonical granule file
3B-HHR.MS.MRG.3IMERG.20241022-S060000-E062959.0360.V07B.HDF5,3B-HHR.MS.MRG.3IMERG.20241022-S060000-E062959.0360.V07B.HDF5,True,False,8096631,6e7604ba8ca8b87279afd926cbf94e36ce45e18c35d583b53f01bae749b32bb6,CANONICAL_PRIMARY,Official NASA GES DISC canonical granule file
3B-HHR.MS.MRG.3IMERG.20241022-S090000-E092959.0540.V07B.HDF5,3B-HHR.MS.MRG.3IMERG.20241022-S090000-E092959.0540.V07B.HDF5,True,False,8003410,70a849fece788cb3f1428901efbe38421d0e369c7fbbc7108acf5146c44d1e2a,CANONICAL_PRIMARY,Official NASA GES DISC canonical granule file
3B-HHR.MS.MRG.3IMERG.20241022-S120000-E122959.0720.V07B.HDF5,3B-HHR.MS.MRG.3IMERG.20241022-S120000-E122959.0720.V07B.HDF5,True,False,7929179,e950cf66bad7bf5ea1ab68050b43bc09ffc06b60f60a0366a35dad11ac021ae7,CANONICAL_PRIMARY,Official NASA GES DISC canonical granule file
3B-HHR.MS.MRG.3IMERG.20241022-S150000-E152959.0900.V07B.HDF5,3B-HHR.MS.MRG.3IMERG.20241022-S150000-E152959.0900.V07B.HDF5,True,False,7953033,9613780f521a5f6f84ce8491443854db52089750de5f02fc300e2d6473f53fc4,CANONICAL_PRIMARY,Official NASA GES DISC canonical granule file
3B-HHR.MS.MRG.3IMERG.20241022-S180000-E182959.1080.V07B.HDF5,3B-HHR.MS.MRG.3IMERG.20241022-S180000-E182959.1080.V07B.HDF5,True,False,8080071,ce9a4bc059a5d8dc74ad4308052579133bf60fe408690564377126bfa6804f8c,CANONICAL_PRIMARY,Official NASA GES DISC canonical granule file
3B-HHR.MS.MRG.3IMERG.20241124-S150000-E152959.0900.V07B.HDF5,3B-HHR.MS.MRG.3IMERG.20241124-S150000-E152959.0900.V07B.HDF5,True,False,7874522,59bf0ffca9b49e4c03604741ffc0e4bdf41462e9c57b49f4c720bbf1be09c1ad,CANONICAL_PRIMARY,Official NASA GES DISC canonical granule file
3B-HHR.MS.MRG.3IMERG.20241124-S180000-E182959.1080.V07B.HDF5,3B-HHR.MS.MRG.3IMERG.20241124-S180000-E182959.1080.V07B.HDF5,True,False,7960578,33d0c9ed5155f83ed9a380997b73e717db8371d92c476aaf2d1a4184ffe003b9,CANONICAL_PRIMARY,Official NASA GES DISC canonical granule file
3B-HHR.MS.MRG.3IMERG.20241124-S210000-E212959.1260.V07B.HDF5,3B-HHR.MS.MRG.3IMERG.20241124-S210000-E212959.1260.V07B.HDF5,True,False,7797208,420771cf7ea7abfdcd8ab4d149f58b662e1b20c33b4823bb956fb3ac42eac78a,CANONICAL_PRIMARY,Official NASA GES DISC canonical granule file
3B-HHR.MS.MRG.3IMERG.20241125-S000000-E002959.0000.V07B.HDF5,3B-HHR.MS.MRG.3IMERG.20241125-S000000-E002959.0000.V07B.HDF5,True,False,7587421,f3612e7c8112b95a93680325373eab544777af5df864f43307c5a05fe423498c,CANONICAL_PRIMARY,Official NASA GES DISC canonical granule file
3B-HHR.MS.MRG.3IMERG.20241125-S030000-E032959.0180.V07B.HDF5,3B-HHR.MS.MRG.3IMERG.20241125-S030000-E032959.0180.V07B.HDF5,True,False,7656544,4f54bd9f9c77010b0a417b0cde854e6c8906b5908484db086e86fadccc53bc2a,CANONICAL_PRIMARY,Official NASA GES DISC canonical granule file
3B-HHR.MS.MRG.3IMERG.20241125-S060000-E062959.0360.V07B.HDF5,3B-HHR.MS.MRG.3IMERG.20241125-S060000-E062959.0360.V07B.HDF5,True,False,7966933,5d04325adeaedf8f0156cef82ac53f876201441d4ea97010367c11ef199eded8,CANONICAL_PRIMARY,Official NASA GES DISC canonical granule file
3B-HHR.MS.MRG.3IMERG.20241125-S090000-E092959.0540.V07B.HDF5,3B-HHR.MS.MRG.3IMERG.20241125-S090000-E092959.0540.V07B.HDF5,True,False,7810686,2f9bbb7f5f8410157d241de691f4dad4fe709313e8ea8ac816ee6052a52a0601,CANONICAL_PRIMARY,Official NASA GES DISC canonical granule file
3B-HHR.MS.MRG.3IMERG.20241125-S120000-E122959.0720.V07B.HDF5,3B-HHR.MS.MRG.3IMERG.20241125-S120000-E122959.0720.V07B.HDF5,True,False,7614469,b8246a22a88ac32636ecb1525a974212968a2ea79242de4b28162ea1aa964a01,CANONICAL_PRIMARY,Official NASA GES DISC canonical granule file
3B-HHR.MS.MRG.3IMERG.20241125-S150000-E152959.0900.V07B.HDF5,3B-HHR.MS.MRG.3IMERG.20241125-S150000-E152959.0900.V07B.HDF5,True,False,7762604,72cacac854bf6df44b05481b03a24cf55d4b49b76e4f9d0f13762b1c9f524c32,CANONICAL_PRIMARY,Official NASA GES DISC canonical granule file
3B-HHR.MS.MRG.3IMERG.20241125-S180000-E182959.1080.V07B.HDF5,3B-HHR.MS.MRG.3IMERG.20241125-S180000-E182959.1080.V07B.HDF5,True,False,7800054,58482b94f06edf0f38b69c5dd0517be8a89dcba081b9aedcc41f3225f2959988,CANONICAL_PRIMARY,Official NASA GES DISC canonical granule file
3B-HHR.MS.MRG.3IMERG.20241125-S210000-E212959.1260.V07B.HDF5,3B-HHR.MS.MRG.3IMERG.20241125-S210000-E212959.1260.V07B.HDF5,True,False,7806470,ecac3b29873aff069998a415232786dcaa189d57327231d35b14349889757b77,CANONICAL_PRIMARY,Official NASA GES DISC canonical granule file
3B-HHR.MS.MRG.3IMERG.20241126-S000000-E002959.0000.V07B.HDF5,3B-HHR.MS.MRG.3IMERG.20241126-S000000-E002959.0000.V07B.HDF5,True,False,7682537,5149eddfa3e1508a6a4238eac9bdf9bce0970cc5d70bfb104c3910b21e555896,CANONICAL_PRIMARY,Official NASA GES DISC canonical granule file
3B-HHR.MS.MRG.3IMERG.20241126-S030000-E032959.0180.V07B.HDF5,3B-HHR.MS.MRG.3IMERG.20241126-S030000-E032959.0180.V07B.HDF5,True,False,7745070,3c855817f1dd5f82e6534c3c8640c8750e0c56d8e10bf789a82b8e2c8a41a6d5,CANONICAL_PRIMARY,Official NASA GES DISC canonical granule file
3B-HHR.MS.MRG.3IMERG.20241126-S060000-E062959.0360.V07B.HDF5,3B-HHR.MS.MRG.3IMERG.20241126-S060000-E062959.0360.V07B.HDF5,True,False,7843569,84690e4e4e3cd31a493a8c07dccb6554bc5db6a7f7d69dd9eea78402f9e2fd73,CANONICAL_PRIMARY,Official NASA GES DISC canonical granule file
3B-HHR.MS.MRG.3IMERG.20241126-S090000-E092959.0540.V07B.HDF5,3B-HHR.MS.MRG.3IMERG.20241126-S090000-E092959.0540.V07B.HDF5,True,False,7717185,e53f38a360e436cfda0e0dee1a3e4f2fbc69aa948e3d6370f7995814aec528a6,CANONICAL_PRIMARY,Official NASA GES DISC canonical granule file
3B-HHR.MS.MRG.3IMERG.20241126-S120000-E122959.0720.V07B.HDF5,3B-HHR.MS.MRG.3IMERG.20241126-S120000-E122959.0720.V07B.HDF5,True,False,7675490,08c744496e5c085173f6053895a819e124f91761a85561e21eda77c5a80d97ae,CANONICAL_PRIMARY,Official NASA GES DISC canonical granule file
3B-HHR.MS.MRG.3IMERG.20241126-S150000-E152959.0900.V07B.HDF5,3B-HHR.MS.MRG.3IMERG.20241126-S150000-E152959.0900.V07B.HDF5,True,False,7873902,5153e553d08ba72cfa7c3dc7943845ee9d67bc25935db8034c22876bd6da40a6,CANONICAL_PRIMARY,Official NASA GES DISC canonical granule file
3B-HHR.MS.MRG.3IMERG.20241126-S180000-E182959.1080.V07B.HDF5,3B-HHR.MS.MRG.3IMERG.20241126-S180000-E182959.1080.V07B.HDF5,True,False,7827041,f6e25574628d732d3b59abdcae22b9a5c50584e134c357498d2f6a76955cff9f,CANONICAL_PRIMARY,Official NASA GES DISC canonical granule file
3B-HHR.MS.MRG.3IMERG.20241126-S210000-E212959.1260.V07B.HDF5,3B-HHR.MS.MRG.3IMERG.20241126-S210000-E212959.1260.V07B.HDF5,True,False,7874879,e9cc554ad9969228e010ab6bfaebd0708ce226b775c4389fb1a1e979644320bc,CANONICAL_PRIMARY,Official NASA GES DISC canonical granule file
3B-HHR.MS.MRG.3IMERG.20241127-S000000-E002959.0000.V07B.HDF5,3B-HHR.MS.MRG.3IMERG.20241127-S000000-E002959.0000.V07B.HDF5,True,False,7655766,64a1e5d3f441fae0637d2970aa40218efc546d14d0cdcade2f1598e7247a3f22,CANONICAL_PRIMARY,Official NASA GES DISC canonical granule file
3B-HHR.MS.MRG.3IMERG.20241127-S030000-E032959.0180.V07B.HDF5,3B-HHR.MS.MRG.3IMERG.20241127-S030000-E032959.0180.V07B.HDF5,True,False,7815538,9cb82b2af1bbc67942caf6b3b2e2b18578625f7d76f26f0fa4c1b5d2672fe286,CANONICAL_PRIMARY,Official NASA GES DISC canonical granule file
3B-HHR.MS.MRG.3IMERG.20241127-S060000-E062959.0360.V07B.HDF5,3B-HHR.MS.MRG.3IMERG.20241127-S060000-E062959.0360.V07B.HDF5,True,False,7828616,10cc7fcb23c09ce42dac6c95b00e2c439ef63434b3963313ed9572ba45361bce,CANONICAL_PRIMARY,Official NASA GES DISC canonical granule file
3B-HHR.MS.MRG.3IMERG.20241127-S090000-E092959.0540.V07B.HDF5,3B-HHR.MS.MRG.3IMERG.20241127-S090000-E092959.0540.V07B.HDF5,True,False,7695093,da35141fb9be5d1c60b2bd4dd1a14457f37c78f3a8e321af81a632ad96420391,CANONICAL_PRIMARY,Official NASA GES DISC canonical granule file
3B-HHR.MS.MRG.3IMERG.20241127-S120000-E122959.0720.V07B.HDF5,3B-HHR.MS.MRG.3IMERG.20241127-S120000-E122959.0720.V07B.HDF5,True,False,7632792,c54dd66a7d977ee7a72f952eb8f55682e634ceec49da0cabcede44e74ef8e287,CANONICAL_PRIMARY,Official NASA GES DISC canonical granule file
3B-HHR.MS.MRG.3IMERG.20241127-S150000-E152959.0900.V07B.HDF5,3B-HHR.MS.MRG.3IMERG.20241127-S150000-E152959.0900.V07B.HDF5,True,False,7662290,809740ab8ed54030c0db4a3d555c086d2540185a05b38fb92fe1561df914cd20,CANONICAL_PRIMARY,Official NASA GES DISC canonical granule file
3B-HHR.MS.MRG.3IMERG.20241127-S180000-E182959.1080.V07B.HDF5,3B-HHR.MS.MRG.3IMERG.20241127-S180000-E182959.1080.V07B.HDF5,True,False,7708992,6616e3025838f3a748d6459b9a1b9e28bc07c8465e5e8a0d5e122bc1c5a40fba,CANONICAL_PRIMARY,Official NASA GES DISC canonical granule file
3B-HHR.MS.MRG.3IMERG.20241127-S210000-E212959.1260.V07B.HDF5,3B-HHR.MS.MRG.3IMERG.20241127-S210000-E212959.1260.V07B.HDF5,True,False,7764081,fb90576e2b7a1a4d16a1407b91c840a2ae8a9f9656dc781687f7eaed2763a6f9,CANONICAL_PRIMARY,Official NASA GES DISC canonical granule file
3B-HHR.MS.MRG.3IMERG.20241128-S000000-E002959.0000.V07B.HDF5,3B-HHR.MS.MRG.3IMERG.20241128-S000000-E002959.0000.V07B.HDF5,True,False,7549483,70d1dd0c146ac076d15fa6885c0622016bb526d1150184e8e80d87cc0be437c4,CANONICAL_PRIMARY,Official NASA GES DISC canonical granule file
3B-HHR.MS.MRG.3IMERG.20241128-S030000-E032959.0180.V07B.HDF5,3B-HHR.MS.MRG.3IMERG.20241128-S030000-E032959.0180.V07B.HDF5,True,False,7574576,1dfaa42659a24eeeaccf7213a362d6b0eca2bec5963e80fc69a01370cbe44225,CANONICAL_PRIMARY,Official NASA GES DISC canonical granule file
3B-HHR.MS.MRG.3IMERG.20241128-S060000-E062959.0360.V07B.HDF5,3B-HHR.MS.MRG.3IMERG.20241128-S060000-E062959.0360.V07B.HDF5,True,False,7744713,20b06035b8f06148f42b9c2298877784d56414d153ad2945cdc8efe295622a70,CANONICAL_PRIMARY,Official NASA GES DISC canonical granule file
3B-HHR.MS.MRG.3IMERG.20241128-S090000-E092959.0540.V07B.HDF5,3B-HHR.MS.MRG.3IMERG.20241128-S090000-E092959.0540.V07B.HDF5,True,False,7667940,dc1b2cf4791799c231a45b9cb7fda4fc086fa584fd7a8164a7aaef7593f08f7a,CANONICAL_PRIMARY,Official NASA GES DISC canonical granule file
3B-HHR.MS.MRG.3IMERG.20241128-S120000-E122959.0720.V07B.HDF5,3B-HHR.MS.MRG.3IMERG.20241128-S120000-E122959.0720.V07B.HDF5,True,False,7591347,aeb85195b347b1976f8fd2d0333709defed703d2c51f00106dcb7650a39a75d4,CANONICAL_PRIMARY,Official NASA GES DISC canonical granule file
3B-HHR.MS.MRG.3IMERG.20241128-S150000-E152959.0900.V07B.HDF5,3B-HHR.MS.MRG.3IMERG.20241128-S150000-E152959.0900.V07B.HDF5,True,False,7777833,b9878de73a16ae0d8a0a9b51c1db7a7f8f2fe4e889f8d69c45040865635cc357,CANONICAL_PRIMARY,Official NASA GES DISC canonical granule file
3B-HHR.MS.MRG.3IMERG.20241128-S180000-E182959.1080.V07B.HDF5,3B-HHR.MS.MRG.3IMERG.20241128-S180000-E182959.1080.V07B.HDF5,True,False,7768836,56f509ad7da731e38f39f73879e9b2df98d48a068ca4a0fc7887331054af34df,CANONICAL_PRIMARY,Official NASA GES DISC canonical granule file
3B-HHR.MS.MRG.3IMERG.20241128-S210000-E212959.1260.V07B.HDF5,3B-HHR.MS.MRG.3IMERG.20241128-S210000-E212959.1260.V07B.HDF5,True,False,7876871,9c328a864b595da23dbe9c65a76596726bf5b41765f0f108e1599862701f2f99,CANONICAL_PRIMARY,Official NASA GES DISC canonical granule file
3B-HHR.MS.MRG.3IMERG.20241129-S000000-E002959.0000.V07B.HDF5,3B-HHR.MS.MRG.3IMERG.20241129-S000000-E002959.0000.V07B.HDF5,True,False,7814472,25200a6ad6805852a7e7c1b508470f47186a07c8d08f715b82e1a0d68868c898,CANONICAL_PRIMARY,Official NASA GES DISC canonical granule file
3B-HHR.MS.MRG.3IMERG.20241129-S030000-E032959.0180.V07B.HDF5,3B-HHR.MS.MRG.3IMERG.20241129-S030000-E032959.0180.V07B.HDF5,True,False,7836953,10000d78ecd491a84110c58609c4d8e62bf2667bb765866a61ce214201acfded,CANONICAL_PRIMARY,Official NASA GES DISC canonical granule file
3B-HHR.MS.MRG.3IMERG.20241129-S060000-E062959.0360.V07B.HDF5,3B-HHR.MS.MRG.3IMERG.20241129-S060000-E062959.0360.V07B.HDF5,True,False,7798174,a625fdc7e32e21141acd5ad58e9493fae555fdf325308dfebaa86625f0b58237,CANONICAL_PRIMARY,Official NASA GES DISC canonical granule file
3B-HHR.MS.MRG.3IMERG.20241129-S090000-E092959.0540.V07B.HDF5,3B-HHR.MS.MRG.3IMERG.20241129-S090000-E092959.0540.V07B.HDF5,True,False,7628730,691c98a4914dc121fecc9a2273694f571ba0efa9f09fe5e022d277ca3b1d2906,CANONICAL_PRIMARY,Official NASA GES DISC canonical granule file
3B-HHR.MS.MRG.3IMERG.20241129-S120000-E122959.0720.V07B.HDF5,3B-HHR.MS.MRG.3IMERG.20241129-S120000-E122959.0720.V07B.HDF5,True,False,7715100,a981d9d7b4cd875bf5d01e75ddcf932a1672e6a9766bcdb830dfc50ddd4350b1,CANONICAL_PRIMARY,Official NASA GES DISC canonical granule file
3B-HHR.MS.MRG.3IMERG.20241129-S150000-E152959.0900.V07B.HDF5,3B-HHR.MS.MRG.3IMERG.20241129-S150000-E152959.0900.V07B.HDF5,True,False,7891242,9b9abffb81f949a5d73e632e87b127cae3ac6470ea8bcd3d7579c578b25d30e2,CANONICAL_PRIMARY,Official NASA GES DISC canonical granule file
3B-HHR.MS.MRG.3IMERG.20241129-S180000-E182959.1080.V07B.HDF5,3B-HHR.MS.MRG.3IMERG.20241129-S180000-E182959.1080.V07B.HDF5,True,False,7773430,7da4f20781195b4239b98bef572bebeb9ee09c431c4626924f50ee72c7737b64,CANONICAL_PRIMARY,Official NASA GES DISC canonical granule file
