frame_id,timestamp_utc,year,month,day,hour,split,source_file,file_size_bytes,spatial_height,spatial_width,channels
INSAT3D_20140609_2100Z,2014-06-09T21:00:00Z,2014,6,9,21,PRETRAIN_TRAIN,data/interim/gridsat/2014/gridsat_2014.06.09.21.npz,583287,72,116,"TIR1,TIR2,WV"
INSAT3D_20140610_0000Z,2014-06-10T00:00:00Z,2014,6,10,0,PRETRAIN_TRAIN,data/interim/gridsat/2014/gridsat_2014.06.10.00.npz,574629,72,116,"TIR1,TIR2,WV"
INSAT3D_20140610_0300Z,2014-06-10T03:00:00Z,2014,6,10,3,PRETRAIN_TRAIN,data/interim/gridsat/2014/gridsat_2014.06.10.03.npz,573899,72,116,"TIR1,TIR2,WV"
INSAT3D_20140610_0600Z,2014-06-10T06:00:00Z,2014,6,10,6,PRETRAIN_TRAIN,data/interim/gridsat/2014/gridsat_2014.06.10.06.npz,603753,72,116,"TIR1,TIR2,WV"
INSAT3D_20140610_0900Z,2014-06-10T09:00:00Z,2014,6,10,9,PRETRAIN_TRAIN,data/interim/gridsat/2014/gridsat_2014.06.10.09.npz,623655,72,116,"TIR1,TIR2,WV"
INSAT3D_20140610_1200Z,2014-06-10T12:00:00Z,2014,6,10,12,PRETRAIN_TRAIN,data/interim/gridsat/2014/gridsat_2014.06.10.12.npz,615634,72,116,"TIR1,TIR2,WV"
INSAT3D_20140610_1500Z,2014-06-10T15:00:00Z,2014,6,10,15,PRETRAIN_TRAIN,data/interim/gridsat/2014/gridsat_2014.06.10.15.npz,584643,72,116,"TIR1,TIR2,WV"
INSAT3D_20140610_1800Z,2014-06-10T18:00:00Z,2014,6,10,18,PRETRAIN_TRAIN,data/interim/gridsat/2014/gridsat_2014.06.10.18.npz,573838,72,116,"TIR1,TIR2,WV"
INSAT3D_20140610_2100Z,2014-06-10T21:00:00Z,2014,6,10,21,PRETRAIN_TRAIN,data/interim/gridsat/2014/gridsat_2014.06.10.21.npz,572213,72,116,"TIR1,TIR2,WV"
INSAT3D_20140611_0000Z,2014-06-11T00:00:00Z,2014,6,11,0,PRETRAIN_TRAIN,data/interim/gridsat/2014/gridsat_2014.06.11.00.npz,565578,72,116,"TIR1,TIR2,WV"
INSAT3D_20140611_0300Z,2014-06-11T03:00:00Z,2014,6,11,3,PRETRAIN_TRAIN,data/interim/gridsat/2014/gridsat_2014.06.11.03.npz,564955,72,116,"TIR1,TIR2,WV"
INSAT3D_20140611_0600Z,2014-06-11T06:00:00Z,2014,6,11,6,PRETRAIN_TRAIN,data/interim/gridsat/2014/gridsat_2014.06.11.06.npz,597234,72,116,"TIR1,TIR2,WV"
INSAT3D_20140611_0900Z,2014-06-11T09:00:00Z,2014,6,11,9,PRETRAIN_TRAIN,data/interim/gridsat/2014/gridsat_2014.06.11.09.npz,623972,72,116,"TIR1,TIR2,WV"
INSAT3D_20140611_1200Z,2014-06-11T12:00:00Z,2014,6,11,12,PRETRAIN_TRAIN,data/interim/gridsat/2014/gridsat_2014.06.11.12.npz,610089,72,116,"TIR1,TIR2,WV"
INSAT3D_20140611_1500Z,2014-06-11T15:00:00Z,2014,6,11,15,PRETRAIN_TRAIN,data/interim/gridsat/2014/gridsat_2014.06.11.15.npz,576397,72,116,"TIR1,TIR2,WV"
INSAT3D_20140611_1800Z,2014-06-11T18:00:00Z,2014,6,11,18,PRETRAIN_TRAIN,data/interim/gridsat/2014/gridsat_2014.06.11.18.npz,567306,72,116,"TIR1,TIR2,WV"
INSAT3D_20140611_2100Z,2014-06-11T21:00:00Z,2014,6,11,21,PRETRAIN_TRAIN,data/interim/gridsat/2014/gridsat_2014.06.11.21.npz,570283,72,116,"TIR1,TIR2,WV"
INSAT3D_20140612_0000Z,2014-06-12T00:00:00Z,2014,6,12,0,PRETRAIN_TRAIN,data/interim/gridsat/2014/gridsat_2014.06.12.00.npz,563401,72,116,"TIR1,TIR2,WV"
INSAT3D_20140802_2100Z,2014-08-02T21:00:00Z,2014,8,2,21,PRETRAIN_TRAIN,data/interim/gridsat/2014/gridsat_2014.08.02.21.npz,570001,72,116,"TIR1,TIR2,WV"
INSAT3D_20140803_0000Z,2014-08-03T00:00:00Z,2014,8,3,0,PRETRAIN_TRAIN,data/interim/gridsat/2014/gridsat_2014.08.03.00.npz,562070,72,116,"TIR1,TIR2,WV"
INSAT3D_20140803_0300Z,2014-08-03T03:00:00Z,2014,8,3,3,PRETRAIN_TRAIN,data/interim/gridsat/2014/gridsat_2014.08.03.03.npz,560514,72,116,"TIR1,TIR2,WV"
INSAT3D_20140803_0600Z,2014-08-03T06:00:00Z,2014,8,3,6,PRETRAIN_TRAIN,data/interim/gridsat/2014/gridsat_2014.08.03.06.npz,586672,72,116,"TIR1,TIR2,WV"
INSAT3D_20140803_0900Z,2014-08-03T09:00:00Z,2014,8,3,9,PRETRAIN_TRAIN,data/interim/gridsat/2014/gridsat_2014.08.03.09.npz,611881,72,116,"TIR1,TIR2,WV"
INSAT3D_20140803_1200Z,2014-08-03T12:00:00Z,2014,8,3,12,PRETRAIN_TRAIN,data/interim/gridsat/2014/gridsat_2014.08.03.12.npz,602506,72,116,"TIR1,TIR2,WV"
INSAT3D_20140803_1500Z,2014-08-03T15:00:00Z,2014,8,3,15,PRETRAIN_TRAIN,data/interim/gridsat/2014/gridsat_2014.08.03.15.npz,576221,72,116,"TIR1,TIR2,WV"
INSAT3D_20140803_1800Z,2014-08-03T18:00:00Z,2014,8,3,18,PRETRAIN_TRAIN,data/interim/gridsat/2014/gridsat_2014.08.03.18.npz,566601,72,116,"TIR1,TIR2,WV"
INSAT3D_20140803_2100Z,2014-08-03T21:00:00Z,2014,8,3,21,PRETRAIN_TRAIN,data/interim/gridsat/2014/gridsat_2014.08.03.21.npz,516929,72,116,"TIR1,TIR2,WV"
INSAT3D_20140804_0000Z,2014-08-04T00:00:00Z,2014,8,4,0,PRETRAIN_TRAIN,data/interim/gridsat/2014/gridsat_2014.08.04.00.npz,560773,72,116,"TIR1,TIR2,WV"
INSAT3D_20140804_0300Z,2014-08-04T03:00:00Z,2014,8,4,3,PRETRAIN_TRAIN,data/interim/gridsat/2014/gridsat_2014.08.04.03.npz,555499,72,116,"TIR1,TIR2,WV"
INSAT3D_20140804_0600Z,2014-08-04T06:00:00Z,2014,8,4,6,PRETRAIN_TRAIN,data/interim/gridsat/2014/gridsat_2014.08.04.06.npz,576311,72,116,"TIR1,TIR2,WV"
INSAT3D_20140804_0900Z,2014-08-04T09:00:00Z,2014,8,4,9,PRETRAIN_TRAIN,data/interim/gridsat/2014/gridsat_2014.08.04.09.npz,595088,72,116,"TIR1,TIR2,WV"
INSAT3D_20140804_1200Z,2014-08-04T12:00:00Z,2014,8,4,12,PRETRAIN_TRAIN,data/interim/gridsat/2014/gridsat_2014.08.04.12.npz,587260,72,116,"TIR1,TIR2,WV"
INSAT3D_20140804_1500Z,2014-08-04T15:00:00Z,2014,8,4,15,PRETRAIN_TRAIN,data/interim/gridsat/2014/gridsat_2014.08.04.15.npz,570473,72,116,"TIR1,TIR2,WV"
INSAT3D_20140804_1800Z,2014-08-04T18:00:00Z,2014,8,4,18,PRETRAIN_TRAIN,data/interim/gridsat/2014/gridsat_2014.08.04.18.npz,568521,72,116,"TIR1,TIR2,WV"
INSAT3D_20140804_2100Z,2014-08-04T21:00:00Z,2014,8,4,21,PRETRAIN_TRAIN,data/interim/gridsat/2014/gridsat_2014.08.04.21.npz,567988,72,116,"TIR1,TIR2,WV"
INSAT3D_20140805_0000Z,2014-08-05T00:00:00Z,2014,8,5,0,PRETRAIN_TRAIN,data/interim/gridsat/2014/gridsat_2014.08.05.00.npz,561547,72,116,"TIR1,TIR2,WV"
INSAT3D_20141024_0900Z,2014-10-24T09:00:00Z,2014,10,24,9,PRETRAIN_TRAIN,data/interim/gridsat/2014/gridsat_2014.10.24.09.npz,549649,72,116,"TIR1,TIR2,WV"
INSAT3D_20141024_1200Z,2014-10-24T12:00:00Z,2014,10,24,12,PRETRAIN_TRAIN,data/interim/gridsat/2014/gridsat_2014.10.24.12.npz,523560,72,116,"TIR1,TIR2,WV"
INSAT3D_20141024_1500Z,2014-10-24T15:00:00Z,2014,10,24,15,PRETRAIN_TRAIN,data/interim/gridsat/2014/gridsat_2014.10.24.15.npz,498963,72,116,"TIR1,TIR2,WV"
INSAT3D_20141024_1800Z,2014-10-24T18:00:00Z,2014,10,24,18,PRETRAIN_TRAIN,data/interim/gridsat/2014/gridsat_2014.10.24.18.npz,496802,72,116,"TIR1,TIR2,WV"
INSAT3D_20141024_2100Z,2014-10-24T21:00:00Z,2014,10,24,21,PRETRAIN_TRAIN,data/interim/gridsat/2014/gridsat_2014.10.24.21.npz,499143,72,116,"TIR1,TIR2,WV"
INSAT3D_20141025_0000Z,2014-10-25T00:00:00Z,2014,10,25,0,PRETRAIN_TRAIN,data/interim/gridsat/2014/gridsat_2014.10.25.00.npz,498317,72,116,"TIR1,TIR2,WV"
INSAT3D_20141025_0300Z,2014-10-25T03:00:00Z,2014,10,25,3,PRETRAIN_TRAIN,data/interim/gridsat/2014/gridsat_2014.10.25.03.npz,493845,72,116,"TIR1,TIR2,WV"
INSAT3D_20141025_0600Z,2014-10-25T06:00:00Z,2014,10,25,6,PRETRAIN_TRAIN,data/interim/gridsat/2014/gridsat_2014.10.25.06.npz,518017,72,116,"TIR1,TIR2,WV"
INSAT3D_20141025_0900Z,2014-10-25T09:00:00Z,2014,10,25,9,PRETRAIN_TRAIN,data/interim/gridsat/2014/gridsat_2014.10.25.09.npz,540459,72,116,"TIR1,TIR2,WV"
INSAT3D_20141025_1200Z,2014-10-25T12:00:00Z,2014,10,25,12,PRETRAIN_TRAIN,data/interim/gridsat/2014/gridsat_2014.10.25.12.npz,514889,72,116,"TIR1,TIR2,WV"
INSAT3D_20141025_1500Z,2014-10-25T15:00:00Z,2014,10,25,15,PRETRAIN_TRAIN,data/interim/gridsat/2014/gridsat_2014.10.25.15.npz,489980,72,116,"TIR1,TIR2,WV"
INSAT3D_20141025_1800Z,2014-10-25T18:00:00Z,2014,10,25,18,PRETRAIN_TRAIN,data/interim/gridsat/2014/gridsat_2014.10.25.18.npz,488198,72,116,"TIR1,TIR2,WV"
INSAT3D_20141025_2100Z,2014-10-25T21:00:00Z,2014,10,25,21,PRETRAIN_TRAIN,data/interim/gridsat/2014/gridsat_2014.10.25.21.npz,493342,72,116,"TIR1,TIR2,WV"
INSAT3D_20141026_0000Z,2014-10-26T00:00:00Z,2014,10,26,0,PRETRAIN_TRAIN,data/interim/gridsat/2014/gridsat_2014.10.26.00.npz,493793,72,116,"TIR1,TIR2,WV"
INSAT3D_20141104_2100Z,2014-11-04T21:00:00Z,2014,11,4,21,PRETRAIN_TRAIN,data/interim/gridsat/2014/gridsat_2014.11.04.21.npz,494951,72,116,"TIR1,TIR2,WV"
INSAT3D_20141105_0000Z,2014-11-05T00:00:00Z,2014,11,5,0,PRETRAIN_TRAIN,data/interim/gridsat/2014/gridsat_2014.11.05.00.npz,491858,72,116,"TIR1,TIR2,WV"
INSAT3D_20141105_0300Z,2014-11-05T03:00:00Z,2014,11,5,3,PRETRAIN_TRAIN,data/interim/gridsat/2014/gridsat_2014.11.05.03.npz,493758,72,116,"TIR1,TIR2,WV"
INSAT3D_20141105_0600Z,2014-11-05T06:00:00Z,2014,11,5,6,PRETRAIN_TRAIN,data/interim/gridsat/2014/gridsat_2014.11.05.06.npz,518959,72,116,"TIR1,TIR2,WV"
INSAT3D_20141105_0900Z,2014-11-05T09:00:00Z,2014,11,5,9,PRETRAIN_TRAIN,data/interim/gridsat/2014/gridsat_2014.11.05.09.npz,539172,72,116,"TIR1,TIR2,WV"
INSAT3D_20141105_1200Z,2014-11-05T12:00:00Z,2014,11,5,12,PRETRAIN_TRAIN,data/interim/gridsat/2014/gridsat_2014.11.05.12.npz,518764,72,116,"TIR1,TIR2,WV"
INSAT3D_20141105_1500Z,2014-11-05T15:00:00Z,2014,11,5,15,PRETRAIN_TRAIN,data/interim/gridsat/2014/gridsat_2014.11.05.15.npz,497567,72,116,"TIR1,TIR2,WV"
INSAT3D_20141105_1800Z,2014-11-05T18:00:00Z,2014,11,5,18,PRETRAIN_TRAIN,data/interim/gridsat/2014/gridsat_2014.11.05.18.npz,494713,72,116,"TIR1,TIR2,WV"
INSAT3D_20141105_2100Z,2014-11-05T21:00:00Z,2014,11,5,21,PRETRAIN_TRAIN,data/interim/gridsat/2014/gridsat_2014.11.05.21.npz,492168,72,116,"TIR1,TIR2,WV"
INSAT3D_20141106_0000Z,2014-11-06T00:00:00Z,2014,11,6,0,PRETRAIN_TRAIN,data/interim/gridsat/2014/gridsat_2014.11.06.00.npz,485905,72,116,"TIR1,TIR2,WV"
INSAT3D_20150621_1500Z,2015-06-21T15:00:00Z,2015,6,21,15,PRETRAIN_TRAIN,data/interim/gridsat/2015/gridsat_2015.06.21.15.npz,542638,72,116,"TIR1,TIR2,WV"
INSAT3D_20150621_1800Z,2015-06-21T18:00:00Z,2015,6,21,18,PRETRAIN_TRAIN,data/interim/gridsat/2015/gridsat_2015.06.21.18.npz,541308,72,116,"TIR1,TIR2,WV"
INSAT3D_20150621_2100Z,2015-06-21T21:00:00Z,2015,6,21,21,PRETRAIN_TRAIN,data/interim/gridsat/2015/gridsat_2015.06.21.21.npz,540902,72,116,"TIR1,TIR2,WV"
INSAT3D_20150622_0000Z,2015-06-22T00:00:00Z,2015,6,22,0,PRETRAIN_TRAIN,data/interim/gridsat/2015/gridsat_2015.06.22.00.npz,541553,72,116,"TIR1,TIR2,WV"
INSAT3D_20150622_0300Z,2015-06-22T03:00:00Z,2015,6,22,3,PRETRAIN_TRAIN,data/interim/gridsat/2015/gridsat_2015.06.22.03.npz,537294,72,116,"TIR1,TIR2,WV"
INSAT3D_20150622_0600Z,2015-06-22T06:00:00Z,2015,6,22,6,PRETRAIN_TRAIN,data/interim/gridsat/2015/gridsat_2015.06.22.06.npz,552267,72,116,"TIR1,TIR2,WV"
INSAT3D_20150622_0900Z,2015-06-22T09:00:00Z,2015,6,22,9,PRETRAIN_TRAIN,data/interim/gridsat/2015/gridsat_2015.06.22.09.npz,565476,72,116,"TIR1,TIR2,WV"
INSAT3D_20150622_1200Z,2015-06-22T12:00:00Z,2015,6,22,12,PRETRAIN_TRAIN,data/interim/gridsat/2015/gridsat_2015.06.22.12.npz,554475,72,116,"TIR1,TIR2,WV"
INSAT3D_20150622_1500Z,2015-06-22T15:00:00Z,2015,6,22,15,PRETRAIN_TRAIN,data/interim/gridsat/2015/gridsat_2015.06.22.15.npz,529169,72,116,"TIR1,TIR2,WV"
INSAT3D_20150622_1800Z,2015-06-22T18:00:00Z,2015,6,22,18,PRETRAIN_TRAIN,data/interim/gridsat/2015/gridsat_2015.06.22.18.npz,525648,72,116,"TIR1,TIR2,WV"
INSAT3D_20150709_1200Z,2015-07-09T12:00:00Z,2015,7,9,12,PRETRAIN_TRAIN,data/interim/gridsat/2015/gridsat_2015.07.09.12.npz,553300,72,116,"TIR1,TIR2,WV"
INSAT3D_20150709_1500Z,2015-07-09T15:00:00Z,2015,7,9,15,PRETRAIN_TRAIN,data/interim/gridsat/2015/gridsat_2015.07.09.15.npz,532154,72,116,"TIR1,TIR2,WV"
INSAT3D_20150709_1800Z,2015-07-09T18:00:00Z,2015,7,9,18,PRETRAIN_TRAIN,data/interim/gridsat/2015/gridsat_2015.07.09.18.npz,529334,72,116,"TIR1,TIR2,WV"
INSAT3D_20150709_2100Z,2015-07-09T21:00:00Z,2015,7,9,21,PRETRAIN_TRAIN,data/interim/gridsat/2015/gridsat_2015.07.09.21.npz,536755,72,116,"TIR1,TIR2,WV"
INSAT3D_20150710_0000Z,2015-07-10T00:00:00Z,2015,7,10,0,PRETRAIN_TRAIN,data/interim/gridsat/2015/gridsat_2015.07.10.00.npz,539362,72,116,"TIR1,TIR2,WV"
INSAT3D_20150710_0300Z,2015-07-10T03:00:00Z,2015,7,10,3,PRETRAIN_TRAIN,data/interim/gridsat/2015/gridsat_2015.07.10.03.npz,541593,72,116,"TIR1,TIR2,WV"
INSAT3D_20150710_0600Z,2015-07-10T06:00:00Z,2015,7,10,6,PRETRAIN_TRAIN,data/interim/gridsat/2015/gridsat_2015.07.10.06.npz,560673,72,116,"TIR1,TIR2,WV"
INSAT3D_20150710_0900Z,2015-07-10T09:00:00Z,2015,7,10,9,PRETRAIN_TRAIN,data/interim/gridsat/2015/gridsat_2015.07.10.09.npz,575166,72,116,"TIR1,TIR2,WV"
INSAT3D_20150725_0900Z,2015-07-25T09:00:00Z,2015,7,25,9,PRETRAIN_TRAIN,data/interim/gridsat/2015/gridsat_2015.07.25.09.npz,608818,72,116,"TIR1,TIR2,WV"
INSAT3D_20150725_1200Z,2015-07-25T12:00:00Z,2015,7,25,12,PRETRAIN_TRAIN,data/interim/gridsat/2015/gridsat_2015.07.25.12.npz,605172,72,116,"TIR1,TIR2,WV"
INSAT3D_20150725_1500Z,2015-07-25T15:00:00Z,2015,7,25,15,PRETRAIN_TRAIN,data/interim/gridsat/2015/gridsat_2015.07.25.15.npz,574679,72,116,"TIR1,TIR2,WV"
INSAT3D_20150725_1800Z,2015-07-25T18:00:00Z,2015,7,25,18,PRETRAIN_TRAIN,data/interim/gridsat/2015/gridsat_2015.07.25.18.npz,563622,72,116,"TIR1,TIR2,WV"
INSAT3D_20150725_2100Z,2015-07-25T21:00:00Z,2015,7,25,21,PRETRAIN_TRAIN,data/interim/gridsat/2015/gridsat_2015.07.25.21.npz,560628,72,116,"TIR1,TIR2,WV"
INSAT3D_20150726_0000Z,2015-07-26T00:00:00Z,2015,7,26,0,PRETRAIN_TRAIN,data/interim/gridsat/2015/gridsat_2015.07.26.00.npz,556151,72,116,"TIR1,TIR2,WV"
INSAT3D_20150726_0300Z,2015-07-26T03:00:00Z,2015,7,26,3,PRETRAIN_TRAIN,data/interim/gridsat/2015/gridsat_2015.07.26.03.npz,553389,72,116,"TIR1,TIR2,WV"
INSAT3D_20150726_0600Z,2015-07-26T06:00:00Z,2015,7,26,6,PRETRAIN_TRAIN,data/interim/gridsat/2015/gridsat_2015.07.26.06.npz,570058,72,116,"TIR1,TIR2,WV"
INSAT3D_20150726_0900Z,2015-07-26T09:00:00Z,2015,7,26,9,PRETRAIN_TRAIN,data/interim/gridsat/2015/gridsat_2015.07.26.09.npz,585619,72,116,"TIR1,TIR2,WV"
INSAT3D_20150726_1200Z,2015-07-26T12:00:00Z,2015,7,26,12,PRETRAIN_TRAIN,data/interim/gridsat/2015/gridsat_2015.07.26.12.npz,574644,72,116,"TIR1,TIR2,WV"
INSAT3D_20150726_1500Z,2015-07-26T15:00:00Z,2015,7,26,15,PRETRAIN_TRAIN,data/interim/gridsat/2015/gridsat_2015.07.26.15.npz,552596,72,116,"TIR1,TIR2,WV"
INSAT3D_20150726_1800Z,2015-07-26T18:00:00Z,2015,7,26,18,PRETRAIN_TRAIN,data/interim/gridsat/2015/gridsat_2015.07.26.18.npz,549764,72,116,"TIR1,TIR2,WV"
INSAT3D_20150726_2100Z,2015-07-26T21:00:00Z,2015,7,26,21,PRETRAIN_TRAIN,data/interim/gridsat/2015/gridsat_2015.07.26.21.npz,554749,72,116,"TIR1,TIR2,WV"
INSAT3D_20150727_0000Z,2015-07-27T00:00:00Z,2015,7,27,0,PRETRAIN_TRAIN,data/interim/gridsat/2015/gridsat_2015.07.27.00.npz,556444,72,116,"TIR1,TIR2,WV"
INSAT3D_20150727_0300Z,2015-07-27T03:00:00Z,2015,7,27,3,PRETRAIN_TRAIN,data/interim/gridsat/2015/gridsat_2015.07.27.03.npz,562048,72,116,"TIR1,TIR2,WV"
INSAT3D_20150727_0600Z,2015-07-27T06:00:00Z,2015,7,27,6,PRETRAIN_TRAIN,data/interim/gridsat/2015/gridsat_2015.07.27.06.npz,578420,72,116,"TIR1,TIR2,WV"
INSAT3D_20150727_0900Z,2015-07-27T09:00:00Z,2015,7,27,9,PRETRAIN_TRAIN,data/interim/gridsat/2015/gridsat_2015.07.27.09.npz,597741,72,116,"TIR1,TIR2,WV"
INSAT3D_20150727_1200Z,2015-07-27T12:00:00Z,2015,7,27,12,PRETRAIN_TRAIN,data/interim/gridsat/2015/gridsat_2015.07.27.12.npz,593494,72,116,"TIR1,TIR2,WV"
INSAT3D_20150727_1500Z,2015-07-27T15:00:00Z,2015,7,27,15,PRETRAIN_TRAIN,data/interim/gridsat/2015/gridsat_2015.07.27.15.npz,565058,72,116,"TIR1,TIR2,WV"
INSAT3D_20150727_1800Z,2015-07-27T18:00:00Z,2015,7,27,18,PRETRAIN_TRAIN,data/interim/gridsat/2015/gridsat_2015.07.27.18.npz,559921,72,116,"TIR1,TIR2,WV"
INSAT3D_20150727_2100Z,2015-07-27T21:00:00Z,2015,7,27,21,PRETRAIN_TRAIN,data/interim/gridsat/2015/gridsat_2015.07.27.21.npz,560226,72,116,"TIR1,TIR2,WV"
INSAT3D_20150728_0000Z,2015-07-28T00:00:00Z,2015,7,28,0,PRETRAIN_TRAIN,data/interim/gridsat/2015/gridsat_2015.07.28.00.npz,547972,72,116,"TIR1,TIR2,WV"
INSAT3D_20150728_0300Z,2015-07-28T03:00:00Z,2015,7,28,3,PRETRAIN_TRAIN,data/interim/gridsat/2015/gridsat_2015.07.28.03.npz,542538,72,116,"TIR1,TIR2,WV"
INSAT3D_20150728_0600Z,2015-07-28T06:00:00Z,2015,7,28,6,PRETRAIN_TRAIN,data/interim/gridsat/2015/gridsat_2015.07.28.06.npz,561105,72,116,"TIR1,TIR2,WV"
INSAT3D_20150728_0900Z,2015-07-28T09:00:00Z,2015,7,28,9,PRETRAIN_TRAIN,data/interim/gridsat/2015/gridsat_2015.07.28.09.npz,577419,72,116,"TIR1,TIR2,WV"
INSAT3D_20150728_1200Z,2015-07-28T12:00:00Z,2015,7,28,12,PRETRAIN_TRAIN,data/interim/gridsat/2015/gridsat_2015.07.28.12.npz,574704,72,116,"TIR1,TIR2,WV"
INSAT3D_20150728_1500Z,2015-07-28T15:00:00Z,2015,7,28,15,PRETRAIN_TRAIN,data/interim/gridsat/2015/gridsat_2015.07.28.15.npz,554833,72,116,"TIR1,TIR2,WV"
INSAT3D_20150728_1800Z,2015-07-28T18:00:00Z,2015,7,28,18,PRETRAIN_TRAIN,data/interim/gridsat/2015/gridsat_2015.07.28.18.npz,553430,72,116,"TIR1,TIR2,WV"
INSAT3D_20150728_2100Z,2015-07-28T21:00:00Z,2015,7,28,21,PRETRAIN_TRAIN,data/interim/gridsat/2015/gridsat_2015.07.28.21.npz,552303,72,116,"TIR1,TIR2,WV"
INSAT3D_20150729_0000Z,2015-07-29T00:00:00Z,2015,7,29,0,PRETRAIN_TRAIN,data/interim/gridsat/2015/gridsat_2015.07.29.00.npz,543971,72,116,"TIR1,TIR2,WV"
INSAT3D_20150915_1200Z,2015-09-15T12:00:00Z,2015,9,15,12,PRETRAIN_TRAIN,data/interim/gridsat/2015/gridsat_2015.09.15.12.npz,577432,72,116,"TIR1,TIR2,WV"
INSAT3D_20150915_1500Z,2015-09-15T15:00:00Z,2015,9,15,15,PRETRAIN_TRAIN,data/interim/gridsat/2015/gridsat_2015.09.15.15.npz,546323,72,116,"TIR1,TIR2,WV"
INSAT3D_20150915_1800Z,2015-09-15T18:00:00Z,2015,9,15,18,PRETRAIN_TRAIN,data/interim/gridsat/2015/gridsat_2015.09.15.18.npz,540037,72,116,"TIR1,TIR2,WV"
INSAT3D_20150915_2100Z,2015-09-15T21:00:00Z,2015,9,15,21,PRETRAIN_TRAIN,data/interim/gridsat/2015/gridsat_2015.09.15.21.npz,538919,72,116,"TIR1,TIR2,WV"
INSAT3D_20150916_0000Z,2015-09-16T00:00:00Z,2015,9,16,0,PRETRAIN_TRAIN,data/interim/gridsat/2015/gridsat_2015.09.16.00.npz,536303,72,116,"TIR1,TIR2,WV"
INSAT3D_20150916_0300Z,2015-09-16T03:00:00Z,2015,9,16,3,PRETRAIN_TRAIN,data/interim/gridsat/2015/gridsat_2015.09.16.03.npz,533045,72,116,"TIR1,TIR2,WV"
INSAT3D_20150916_0600Z,2015-09-16T06:00:00Z,2015,9,16,6,PRETRAIN_TRAIN,data/interim/gridsat/2015/gridsat_2015.09.16.06.npz,552848,72,116,"TIR1,TIR2,WV"
INSAT3D_20150916_0900Z,2015-09-16T09:00:00Z,2015,9,16,9,PRETRAIN_TRAIN,data/interim/gridsat/2015/gridsat_2015.09.16.09.npz,578145,72,116,"TIR1,TIR2,WV"
INSAT3D_20150916_1200Z,2015-09-16T12:00:00Z,2015,9,16,12,PRETRAIN_TRAIN,data/interim/gridsat/2015/gridsat_2015.09.16.12.npz,572259,72,116,"TIR1,TIR2,WV"
INSAT3D_20150916_1500Z,2015-09-16T15:00:00Z,2015,9,16,15,PRETRAIN_TRAIN,data/interim/gridsat/2015/gridsat_2015.09.16.15.npz,535503,72,116,"TIR1,TIR2,WV"
INSAT3D_20150916_1800Z,2015-09-16T18:00:00Z,2015,9,16,18,PRETRAIN_TRAIN,data/interim/gridsat/2015/gridsat_2015.09.16.18.npz,524447,72,116,"TIR1,TIR2,WV"
INSAT3D_20150916_2100Z,2015-09-16T21:00:00Z,2015,9,16,21,PRETRAIN_TRAIN,data/interim/gridsat/2015/gridsat_2015.09.16.21.npz,530392,72,116,"TIR1,TIR2,WV"
INSAT3D_20150917_0000Z,2015-09-17T00:00:00Z,2015,9,17,0,PRETRAIN_TRAIN,data/interim/gridsat/2015/gridsat_2015.09.17.00.npz,536242,72,116,"TIR1,TIR2,WV"
INSAT3D_20151008_0900Z,2015-10-08T09:00:00Z,2015,10,8,9,PRETRAIN_TRAIN,data/interim/gridsat/2015/gridsat_2015.10.08.09.npz,559277,72,116,"TIR1,TIR2,WV"
INSAT3D_20151008_1200Z,2015-10-08T12:00:00Z,2015,10,8,12,PRETRAIN_TRAIN,data/interim/gridsat/2015/gridsat_2015.10.08.12.npz,546422,72,116,"TIR1,TIR2,WV"
INSAT3D_20151008_1500Z,2015-10-08T15:00:00Z,2015,10,8,15,PRETRAIN_TRAIN,data/interim/gridsat/2015/gridsat_2015.10.08.15.npz,526976,72,116,"TIR1,TIR2,WV"
INSAT3D_20151008_1800Z,2015-10-08T18:00:00Z,2015,10,8,18,PRETRAIN_TRAIN,data/interim/gridsat/2015/gridsat_2015.10.08.18.npz,524453,72,116,"TIR1,TIR2,WV"
INSAT3D_20151008_2100Z,2015-10-08T21:00:00Z,2015,10,8,21,PRETRAIN_TRAIN,data/interim/gridsat/2015/gridsat_2015.10.08.21.npz,524194,72,116,"TIR1,TIR2,WV"
INSAT3D_20151009_0000Z,2015-10-09T00:00:00Z,2015,10,9,0,PRETRAIN_TRAIN,data/interim/gridsat/2015/gridsat_2015.10.09.00.npz,516783,72,116,"TIR1,TIR2,WV"
INSAT3D_20151009_0300Z,2015-10-09T03:00:00Z,2015,10,9,3,PRETRAIN_TRAIN,data/interim/gridsat/2015/gridsat_2015.10.09.03.npz,504023,72,116,"TIR1,TIR2,WV"
INSAT3D_20151009_0600Z,2015-10-09T06:00:00Z,2015,10,9,6,PRETRAIN_TRAIN,data/interim/gridsat/2015/gridsat_2015.10.09.06.npz,527260,72,116,"TIR1,TIR2,WV"
INSAT3D_20151009_0900Z,2015-10-09T09:00:00Z,2015,10,9,9,PRETRAIN_TRAIN,data/interim/gridsat/2015/gridsat_2015.10.09.09.npz,549599,72,116,"TIR1,TIR2,WV"
INSAT3D_20151009_1200Z,2015-10-09T12:00:00Z,2015,10,9,12,PRETRAIN_TRAIN,data/interim/gridsat/2015/gridsat_2015.10.09.12.npz,534279,72,116,"TIR1,TIR2,WV"
INSAT3D_20151009_1500Z,2015-10-09T15:00:00Z,2015,10,9,15,PRETRAIN_TRAIN,data/interim/gridsat/2015/gridsat_2015.10.09.15.npz,513144,72,116,"TIR1,TIR2,WV"
INSAT3D_20151009_1800Z,2015-10-09T18:00:00Z,2015,10,9,18,PRETRAIN_TRAIN,data/interim/gridsat/2015/gridsat_2015.10.09.18.npz,514585,72,116,"TIR1,TIR2,WV"
INSAT3D_20151009_2100Z,2015-10-09T21:00:00Z,2015,10,9,21,PRETRAIN_TRAIN,data/interim/gridsat/2015/gridsat_2015.10.09.21.npz,516905,72,116,"TIR1,TIR2,WV"
INSAT3D_20151010_0000Z,2015-10-10T00:00:00Z,2015,10,10,0,PRETRAIN_TRAIN,data/interim/gridsat/2015/gridsat_2015.10.10.00.npz,511135,72,116,"TIR1,TIR2,WV"
INSAT3D_20151027_1500Z,2015-10-27T15:00:00Z,2015,10,27,15,PRETRAIN_TRAIN,data/interim/gridsat/2015/gridsat_2015.10.27.15.npz,543686,72,116,"TIR1,TIR2,WV"
INSAT3D_20151027_1800Z,2015-10-27T18:00:00Z,2015,10,27,18,PRETRAIN_TRAIN,data/interim/gridsat/2015/gridsat_2015.10.27.18.npz,541189,72,116,"TIR1,TIR2,WV"
INSAT3D_20151027_2100Z,2015-10-27T21:00:00Z,2015,10,27,21,PRETRAIN_TRAIN,data/interim/gridsat/2015/gridsat_2015.10.27.21.npz,545485,72,116,"TIR1,TIR2,WV"
INSAT3D_20151028_0000Z,2015-10-28T00:00:00Z,2015,10,28,0,PRETRAIN_TRAIN,data/interim/gridsat/2015/gridsat_2015.10.28.00.npz,540768,72,116,"TIR1,TIR2,WV"
INSAT3D_20151028_0300Z,2015-10-28T03:00:00Z,2015,10,28,3,PRETRAIN_TRAIN,data/interim/gridsat/2015/gridsat_2015.10.28.03.npz,535684,72,116,"TIR1,TIR2,WV"
INSAT3D_20151028_0600Z,2015-10-28T06:00:00Z,2015,10,28,6,PRETRAIN_TRAIN,data/interim/gridsat/2015/gridsat_2015.10.28.06.npz,558938,72,116,"TIR1,TIR2,WV"
INSAT3D_20151028_0900Z,2015-10-28T09:00:00Z,2015,10,28,9,PRETRAIN_TRAIN,data/interim/gridsat/2015/gridsat_2015.10.28.09.npz,584111,72,116,"TIR1,TIR2,WV"
INSAT3D_20151028_1200Z,2015-10-28T12:00:00Z,2015,10,28,12,PRETRAIN_TRAIN,data/interim/gridsat/2015/gridsat_2015.10.28.12.npz,571138,72,116,"TIR1,TIR2,WV"
INSAT3D_20151028_1500Z,2015-10-28T15:00:00Z,2015,10,28,15,PRETRAIN_TRAIN,data/interim/gridsat/2015/gridsat_2015.10.28.15.npz,549356,72,116,"TIR1,TIR2,WV"
INSAT3D_20151028_1800Z,2015-10-28T18:00:00Z,2015,10,28,18,PRETRAIN_TRAIN,data/interim/gridsat/2015/gridsat_2015.10.28.18.npz,545762,72,116,"TIR1,TIR2,WV"
INSAT3D_20151028_2100Z,2015-10-28T21:00:00Z,2015,10,28,21,PRETRAIN_TRAIN,data/interim/gridsat/2015/gridsat_2015.10.28.21.npz,542699,72,116,"TIR1,TIR2,WV"
INSAT3D_20151029_0000Z,2015-10-29T00:00:00Z,2015,10,29,0,PRETRAIN_TRAIN,data/interim/gridsat/2015/gridsat_2015.10.29.00.npz,537277,72,116,"TIR1,TIR2,WV"
INSAT3D_20151029_0300Z,2015-10-29T03:00:00Z,2015,10,29,3,PRETRAIN_TRAIN,data/interim/gridsat/2015/gridsat_2015.10.29.03.npz,534383,72,116,"TIR1,TIR2,WV"
INSAT3D_20151029_0600Z,2015-10-29T06:00:00Z,2015,10,29,6,PRETRAIN_TRAIN,data/interim/gridsat/2015/gridsat_2015.10.29.06.npz,559029,72,116,"TIR1,TIR2,WV"
INSAT3D_20151029_0900Z,2015-10-29T09:00:00Z,2015,10,29,9,PRETRAIN_TRAIN,data/interim/gridsat/2015/gridsat_2015.10.29.09.npz,578382,72,116,"TIR1,TIR2,WV"
INSAT3D_20151029_1200Z,2015-10-29T12:00:00Z,2015,10,29,12,PRETRAIN_TRAIN,data/interim/gridsat/2015/gridsat_2015.10.29.12.npz,560711,72,116,"TIR1,TIR2,WV"
INSAT3D_20151029_1500Z,2015-10-29T15:00:00Z,2015,10,29,15,PRETRAIN_TRAIN,data/interim/gridsat/2015/gridsat_2015.10.29.15.npz,534040,72,116,"TIR1,TIR2,WV"
INSAT3D_20151029_1800Z,2015-10-29T18:00:00Z,2015,10,29,18,PRETRAIN_TRAIN,data/interim/gridsat/2015/gridsat_2015.10.29.18.npz,529646,72,116,"TIR1,TIR2,WV"
INSAT3D_20151029_2100Z,2015-10-29T21:00:00Z,2015,10,29,21,PRETRAIN_TRAIN,data/interim/gridsat/2015/gridsat_2015.10.29.21.npz,523198,72,116,"TIR1,TIR2,WV"
INSAT3D_20151030_0000Z,2015-10-30T00:00:00Z,2015,10,30,0,PRETRAIN_TRAIN,data/interim/gridsat/2015/gridsat_2015.10.30.00.npz,512375,72,116,"TIR1,TIR2,WV"
INSAT3D_20151030_0300Z,2015-10-30T03:00:00Z,2015,10,30,3,PRETRAIN_TRAIN,data/interim/gridsat/2015/gridsat_2015.10.30.03.npz,507049,72,116,"TIR1,TIR2,WV"
INSAT3D_20151030_0600Z,2015-10-30T06:00:00Z,2015,10,30,6,PRETRAIN_TRAIN,data/interim/gridsat/2015/gridsat_2015.10.30.06.npz,526297,72,116,"TIR1,TIR2,WV"
INSAT3D_20151104_0900Z,2015-11-04T09:00:00Z,2015,11,4,9,PRETRAIN_TRAIN,data/interim/gridsat/2015/gridsat_2015.11.04.09.npz,549113,72,116,"TIR1,TIR2,WV"
INSAT3D_20151104_1200Z,2015-11-04T12:00:00Z,2015,11,4,12,PRETRAIN_TRAIN,data/interim/gridsat/2015/gridsat_2015.11.04.12.npz,518653,72,116,"TIR1,TIR2,WV"
INSAT3D_20151104_1500Z,2015-11-04T15:00:00Z,2015,11,4,15,PRETRAIN_TRAIN,data/interim/gridsat/2015/gridsat_2015.11.04.15.npz,497956,72,116,"TIR1,TIR2,WV"
INSAT3D_20151104_1800Z,2015-11-04T18:00:00Z,2015,11,4,18,PRETRAIN_TRAIN,data/interim/gridsat/2015/gridsat_2015.11.04.18.npz,493957,72,116,"TIR1,TIR2,WV"
INSAT3D_20151104_2100Z,2015-11-04T21:00:00Z,2015,11,4,21,PRETRAIN_TRAIN,data/interim/gridsat/2015/gridsat_2015.11.04.21.npz,500289,72,116,"TIR1,TIR2,WV"
INSAT3D_20151105_0000Z,2015-11-05T00:00:00Z,2015,11,5,0,PRETRAIN_TRAIN,data/interim/gridsat/2015/gridsat_2015.11.05.00.npz,499542,72,116,"TIR1,TIR2,WV"
INSAT3D_20151105_0300Z,2015-11-05T03:00:00Z,2015,11,5,3,PRETRAIN_TRAIN,data/interim/gridsat/2015/gridsat_2015.11.05.03.npz,494762,72,116,"TIR1,TIR2,WV"
INSAT3D_20151105_0600Z,2015-11-05T06:00:00Z,2015,11,5,6,PRETRAIN_TRAIN,data/interim/gridsat/2015/gridsat_2015.11.05.06.npz,519255,72,116,"TIR1,TIR2,WV"
INSAT3D_20151105_0900Z,2015-11-05T09:00:00Z,2015,11,5,9,PRETRAIN_TRAIN,data/interim/gridsat/2015/gridsat_2015.11.05.09.npz,545124,72,116,"TIR1,TIR2,WV"
INSAT3D_20151105_1200Z,2015-11-05T12:00:00Z,2015,11,5,12,PRETRAIN_TRAIN,data/interim/gridsat/2015/gridsat_2015.11.05.12.npz,525797,72,116,"TIR1,TIR2,WV"
INSAT3D_20151105_1500Z,2015-11-05T15:00:00Z,2015,11,5,15,PRETRAIN_TRAIN,data/interim/gridsat/2015/gridsat_2015.11.05.15.npz,509188,72,116,"TIR1,TIR2,WV"
INSAT3D_20151105_1800Z,2015-11-05T18:00:00Z,2015,11,5,18,PRETRAIN_TRAIN,data/interim/gridsat/2015/gridsat_2015.11.05.18.npz,510136,72,116,"TIR1,TIR2,WV"
INSAT3D_20151105_2100Z,2015-11-05T21:00:00Z,2015,11,5,21,PRETRAIN_TRAIN,data/interim/gridsat/2015/gridsat_2015.11.05.21.npz,513262,72,116,"TIR1,TIR2,WV"
INSAT3D_20151106_0000Z,2015-11-06T00:00:00Z,2015,11,6,0,PRETRAIN_TRAIN,data/interim/gridsat/2015/gridsat_2015.11.06.00.npz,507244,72,116,"TIR1,TIR2,WV"
INSAT3D_20151106_0300Z,2015-11-06T03:00:00Z,2015,11,6,3,PRETRAIN_TRAIN,data/interim/gridsat/2015/gridsat_2015.11.06.03.npz,506886,72,116,"TIR1,TIR2,WV"
INSAT3D_20151106_0600Z,2015-11-06T06:00:00Z,2015,11,6,6,PRETRAIN_TRAIN,data/interim/gridsat/2015/gridsat_2015.11.06.06.npz,533304,72,116,"TIR1,TIR2,WV"
INSAT3D_20151106_0900Z,2015-11-06T09:00:00Z,2015,11,6,9,PRETRAIN_TRAIN,data/interim/gridsat/2015/gridsat_2015.11.06.09.npz,557698,72,116,"TIR1,TIR2,WV"
INSAT3D_20151106_1200Z,2015-11-06T12:00:00Z,2015,11,6,12,PRETRAIN_TRAIN,data/interim/gridsat/2015/gridsat_2015.11.06.12.npz,535270,72,116,"TIR1,TIR2,WV"
INSAT3D_20151106_1500Z,2015-11-06T15:00:00Z,2015,11,6,15,PRETRAIN_TRAIN,data/interim/gridsat/2015/gridsat_2015.11.06.15.npz,518698,72,116,"TIR1,TIR2,WV"
INSAT3D_20151106_1800Z,2015-11-06T18:00:00Z,2015,11,6,18,PRETRAIN_TRAIN,data/interim/gridsat/2015/gridsat_2015.11.06.18.npz,517936,72,116,"TIR1,TIR2,WV"
INSAT3D_20160808_2100Z,2016-08-08T21:00:00Z,2016,8,8,21,PRETRAIN_TRAIN,data/interim/gridsat/2016/gridsat_2016.08.08.21.npz,556035,72,116,"TIR1,TIR2,WV"
INSAT3D_20160809_0000Z,2016-08-09T00:00:00Z,2016,8,9,0,PRETRAIN_TRAIN,data/interim/gridsat/2016/gridsat_2016.08.09.00.npz,548880,72,116,"TIR1,TIR2,WV"
INSAT3D_20160809_0300Z,2016-08-09T03:00:00Z,2016,8,9,3,PRETRAIN_TRAIN,data/interim/gridsat/2016/gridsat_2016.08.09.03.npz,542792,72,116,"TIR1,TIR2,WV"
INSAT3D_20160809_0600Z,2016-08-09T06:00:00Z,2016,8,9,6,PRETRAIN_TRAIN,data/interim/gridsat/2016/gridsat_2016.08.09.06.npz,568295,72,116,"TIR1,TIR2,WV"
INSAT3D_20160809_0900Z,2016-08-09T09:00:00Z,2016,8,9,9,PRETRAIN_TRAIN,data/interim/gridsat/2016/gridsat_2016.08.09.09.npz,592977,72,116,"TIR1,TIR2,WV"
INSAT3D_20160809_1200Z,2016-08-09T12:00:00Z,2016,8,9,12,PRETRAIN_TRAIN,data/interim/gridsat/2016/gridsat_2016.08.09.12.npz,594637,72,116,"TIR1,TIR2,WV"
INSAT3D_20160809_1500Z,2016-08-09T15:00:00Z,2016,8,9,15,PRETRAIN_TRAIN,data/interim/gridsat/2016/gridsat_2016.08.09.15.npz,570005,72,116,"TIR1,TIR2,WV"
INSAT3D_20160809_1800Z,2016-08-09T18:00:00Z,2016,8,9,18,PRETRAIN_TRAIN,data/interim/gridsat/2016/gridsat_2016.08.09.18.npz,564411,72,116,"TIR1,TIR2,WV"
INSAT3D_20160809_2100Z,2016-08-09T21:00:00Z,2016,8,9,21,PRETRAIN_TRAIN,data/interim/gridsat/2016/gridsat_2016.08.09.21.npz,565645,72,116,"TIR1,TIR2,WV"
INSAT3D_20160810_0000Z,2016-08-10T00:00:00Z,2016,8,10,0,PRETRAIN_TRAIN,data/interim/gridsat/2016/gridsat_2016.08.10.00.npz,561843,72,116,"TIR1,TIR2,WV"
INSAT3D_20160810_0300Z,2016-08-10T03:00:00Z,2016,8,10,3,PRETRAIN_TRAIN,data/interim/gridsat/2016/gridsat_2016.08.10.03.npz,552763,72,116,"TIR1,TIR2,WV"
INSAT3D_20160810_0600Z,2016-08-10T06:00:00Z,2016,8,10,6,PRETRAIN_TRAIN,data/interim/gridsat/2016/gridsat_2016.08.10.06.npz,570686,72,116,"TIR1,TIR2,WV"
INSAT3D_20160810_0900Z,2016-08-10T09:00:00Z,2016,8,10,9,PRETRAIN_TRAIN,data/interim/gridsat/2016/gridsat_2016.08.10.09.npz,587942,72,116,"TIR1,TIR2,WV"
INSAT3D_20160810_1200Z,2016-08-10T12:00:00Z,2016,8,10,12,PRETRAIN_TRAIN,data/interim/gridsat/2016/gridsat_2016.08.10.12.npz,580736,72,116,"TIR1,TIR2,WV"
INSAT3D_20160810_1500Z,2016-08-10T15:00:00Z,2016,8,10,15,PRETRAIN_TRAIN,data/interim/gridsat/2016/gridsat_2016.08.10.15.npz,562208,72,116,"TIR1,TIR2,WV"
INSAT3D_20160810_1800Z,2016-08-10T18:00:00Z,2016,8,10,18,PRETRAIN_TRAIN,data/interim/gridsat/2016/gridsat_2016.08.10.18.npz,557511,72,116,"TIR1,TIR2,WV"
INSAT3D_20160815_2100Z,2016-08-15T21:00:00Z,2016,8,15,21,PRETRAIN_TRAIN,data/interim/gridsat/2016/gridsat_2016.08.15.21.npz,548637,72,116,"TIR1,TIR2,WV"
INSAT3D_20160816_0000Z,2016-08-16T00:00:00Z,2016,8,16,0,PRETRAIN_TRAIN,data/interim/gridsat/2016/gridsat_2016.08.16.00.npz,546815,72,116,"TIR1,TIR2,WV"
INSAT3D_20160816_0300Z,2016-08-16T03:00:00Z,2016,8,16,3,PRETRAIN_TRAIN,data/interim/gridsat/2016/gridsat_2016.08.16.03.npz,544456,72,116,"TIR1,TIR2,WV"
INSAT3D_20160816_0600Z,2016-08-16T06:00:00Z,2016,8,16,6,PRETRAIN_TRAIN,data/interim/gridsat/2016/gridsat_2016.08.16.06.npz,562994,72,116,"TIR1,TIR2,WV"
INSAT3D_20160816_0900Z,2016-08-16T09:00:00Z,2016,8,16,9,PRETRAIN_TRAIN,data/interim/gridsat/2016/gridsat_2016.08.16.09.npz,582268,72,116,"TIR1,TIR2,WV"
INSAT3D_20160816_1200Z,2016-08-16T12:00:00Z,2016,8,16,12,PRETRAIN_TRAIN,data/interim/gridsat/2016/gridsat_2016.08.16.12.npz,578114,72,116,"TIR1,TIR2,WV"
INSAT3D_20160816_1500Z,2016-08-16T15:00:00Z,2016,8,16,15,PRETRAIN_TRAIN,data/interim/gridsat/2016/gridsat_2016.08.16.15.npz,548166,72,116,"TIR1,TIR2,WV"
INSAT3D_20160816_1800Z,2016-08-16T18:00:00Z,2016,8,16,18,PRETRAIN_TRAIN,data/interim/gridsat/2016/gridsat_2016.08.16.18.npz,542136,72,116,"TIR1,TIR2,WV"
INSAT3D_20160816_2100Z,2016-08-16T21:00:00Z,2016,8,16,21,PRETRAIN_TRAIN,data/interim/gridsat/2016/gridsat_2016.08.16.21.npz,546398,72,116,"TIR1,TIR2,WV"
INSAT3D_20160817_0000Z,2016-08-17T00:00:00Z,2016,8,17,0,PRETRAIN_TRAIN,data/interim/gridsat/2016/gridsat_2016.08.17.00.npz,547020,72,116,"TIR1,TIR2,WV"
INSAT3D_20160817_0300Z,2016-08-17T03:00:00Z,2016,8,17,3,PRETRAIN_TRAIN,data/interim/gridsat/2016/gridsat_2016.08.17.03.npz,545355,72,116,"TIR1,TIR2,WV"
INSAT3D_20160817_0600Z,2016-08-17T06:00:00Z,2016,8,17,6,PRETRAIN_TRAIN,data/interim/gridsat/2016/gridsat_2016.08.17.06.npz,566591,72,116,"TIR1,TIR2,WV"
INSAT3D_20160817_0900Z,2016-08-17T09:00:00Z,2016,8,17,9,PRETRAIN_TRAIN,data/interim/gridsat/2016/gridsat_2016.08.17.09.npz,587289,72,116,"TIR1,TIR2,WV"
INSAT3D_20160817_1200Z,2016-08-17T12:00:00Z,2016,8,17,12,PRETRAIN_TRAIN,data/interim/gridsat/2016/gridsat_2016.08.17.12.npz,583522,72,116,"TIR1,TIR2,WV"
INSAT3D_20160817_1500Z,2016-08-17T15:00:00Z,2016,8,17,15,PRETRAIN_TRAIN,data/interim/gridsat/2016/gridsat_2016.08.17.15.npz,557059,72,116,"TIR1,TIR2,WV"
INSAT3D_20160817_1800Z,2016-08-17T18:00:00Z,2016,8,17,18,PRETRAIN_TRAIN,data/interim/gridsat/2016/gridsat_2016.08.17.18.npz,552531,72,116,"TIR1,TIR2,WV"
INSAT3D_20160817_2100Z,2016-08-17T21:00:00Z,2016,8,17,21,PRETRAIN_TRAIN,data/interim/gridsat/2016/gridsat_2016.08.17.21.npz,555947,72,116,"TIR1,TIR2,WV"
INSAT3D_20160818_0000Z,2016-08-18T00:00:00Z,2016,8,18,0,PRETRAIN_TRAIN,data/interim/gridsat/2016/gridsat_2016.08.18.00.npz,553134,72,116,"TIR1,TIR2,WV"
INSAT3D_20160818_0300Z,2016-08-18T03:00:00Z,2016,8,18,3,PRETRAIN_TRAIN,data/interim/gridsat/2016/gridsat_2016.08.18.03.npz,547067,72,116,"TIR1,TIR2,WV"
INSAT3D_20160818_0600Z,2016-08-18T06:00:00Z,2016,8,18,6,PRETRAIN_TRAIN,data/interim/gridsat/2016/gridsat_2016.08.18.06.npz,572832,72,116,"TIR1,TIR2,WV"
INSAT3D_20160818_0900Z,2016-08-18T09:00:00Z,2016,8,18,9,PRETRAIN_TRAIN,data/interim/gridsat/2016/gridsat_2016.08.18.09.npz,591622,72,116,"TIR1,TIR2,WV"
INSAT3D_20160818_1200Z,2016-08-18T12:00:00Z,2016,8,18,12,PRETRAIN_TRAIN,data/interim/gridsat/2016/gridsat_2016.08.18.12.npz,580001,72,116,"TIR1,TIR2,WV"
INSAT3D_20160818_1500Z,2016-08-18T15:00:00Z,2016,8,18,15,PRETRAIN_TRAIN,data/interim/gridsat/2016/gridsat_2016.08.18.15.npz,549045,72,116,"TIR1,TIR2,WV"
INSAT3D_20160818_1800Z,2016-08-18T18:00:00Z,2016,8,18,18,PRETRAIN_TRAIN,data/interim/gridsat/2016/gridsat_2016.08.18.18.npz,545010,72,116,"TIR1,TIR2,WV"
INSAT3D_20161020_0900Z,2016-10-20T09:00:00Z,2016,10,20,9,PRETRAIN_TRAIN,data/interim/gridsat/2016/gridsat_2016.10.20.09.npz,529013,72,116,"TIR1,TIR2,WV"
INSAT3D_20161020_1200Z,2016-10-20T12:00:00Z,2016,10,20,12,PRETRAIN_TRAIN,data/interim/gridsat/2016/gridsat_2016.10.20.12.npz,498864,72,116,"TIR1,TIR2,WV"
INSAT3D_20161020_1500Z,2016-10-20T15:00:00Z,2016,10,20,15,PRETRAIN_TRAIN,data/interim/gridsat/2016/gridsat_2016.10.20.15.npz,475938,72,116,"TIR1,TIR2,WV"
INSAT3D_20161020_1800Z,2016-10-20T18:00:00Z,2016,10,20,18,PRETRAIN_TRAIN,data/interim/gridsat/2016/gridsat_2016.10.20.18.npz,474468,72,116,"TIR1,TIR2,WV"
INSAT3D_20161020_2100Z,2016-10-20T21:00:00Z,2016,10,20,21,PRETRAIN_TRAIN,data/interim/gridsat/2016/gridsat_2016.10.20.21.npz,476766,72,116,"TIR1,TIR2,WV"
INSAT3D_20161021_0000Z,2016-10-21T00:00:00Z,2016,10,21,0,PRETRAIN_TRAIN,data/interim/gridsat/2016/gridsat_2016.10.21.00.npz,475387,72,116,"TIR1,TIR2,WV"
INSAT3D_20161021_0900Z,2016-10-21T09:00:00Z,2016,10,21,9,PRETRAIN_TRAIN,data/interim/gridsat/2016/gridsat_2016.10.21.09.npz,520616,72,116,"TIR1,TIR2,WV"
INSAT3D_20161021_1200Z,2016-10-21T12:00:00Z,2016,10,21,12,PRETRAIN_TRAIN,data/interim/gridsat/2016/gridsat_2016.10.21.12.npz,488633,72,116,"TIR1,TIR2,WV"
INSAT3D_20161021_1500Z,2016-10-21T15:00:00Z,2016,10,21,15,PRETRAIN_TRAIN,data/interim/gridsat/2016/gridsat_2016.10.21.15.npz,472739,72,116,"TIR1,TIR2,WV"
INSAT3D_20161021_1800Z,2016-10-21T18:00:00Z,2016,10,21,18,PRETRAIN_TRAIN,data/interim/gridsat/2016/gridsat_2016.10.21.18.npz,475779,72,116,"TIR1,TIR2,WV"
INSAT3D_20161021_2100Z,2016-10-21T21:00:00Z,2016,10,21,21,PRETRAIN_TRAIN,data/interim/gridsat/2016/gridsat_2016.10.21.21.npz,481644,72,116,"TIR1,TIR2,WV"
INSAT3D_20161022_0000Z,2016-10-22T00:00:00Z,2016,10,22,0,PRETRAIN_TRAIN,data/interim/gridsat/2016/gridsat_2016.10.22.00.npz,481905,72,116,"TIR1,TIR2,WV"
INSAT3D_20161023_0300Z,2016-10-23T03:00:00Z,2016,10,23,3,PRETRAIN_TRAIN,data/interim/gridsat/2016/gridsat_2016.10.23.03.npz,484863,72,116,"TIR1,TIR2,WV"
INSAT3D_20161023_0600Z,2016-10-23T06:00:00Z,2016,10,23,6,PRETRAIN_TRAIN,data/interim/gridsat/2016/gridsat_2016.10.23.06.npz,511141,72,116,"TIR1,TIR2,WV"
INSAT3D_20161023_0900Z,2016-10-23T09:00:00Z,2016,10,23,9,PRETRAIN_TRAIN,data/interim/gridsat/2016/gridsat_2016.10.23.09.npz,533650,72,116,"TIR1,TIR2,WV"
INSAT3D_20161023_1200Z,2016-10-23T12:00:00Z,2016,10,23,12,PRETRAIN_TRAIN,data/interim/gridsat/2016/gridsat_2016.10.23.12.npz,510517,72,116,"TIR1,TIR2,WV"
INSAT3D_20161023_1500Z,2016-10-23T15:00:00Z,2016,10,23,15,PRETRAIN_TRAIN,data/interim/gridsat/2016/gridsat_2016.10.23.15.npz,495287,72,116,"TIR1,TIR2,WV"
INSAT3D_20161023_1800Z,2016-10-23T18:00:00Z,2016,10,23,18,PRETRAIN_TRAIN,data/interim/gridsat/2016/gridsat_2016.10.23.18.npz,488888,72,116,"TIR1,TIR2,WV"
INSAT3D_20161023_2100Z,2016-10-23T21:00:00Z,2016,10,23,21,PRETRAIN_TRAIN,data/interim/gridsat/2016/gridsat_2016.10.23.21.npz,491527,72,116,"TIR1,TIR2,WV"
INSAT3D_20161024_0000Z,2016-10-24T00:00:00Z,2016,10,24,0,PRETRAIN_TRAIN,data/interim/gridsat/2016/gridsat_2016.10.24.00.npz,495222,72,116,"TIR1,TIR2,WV"
INSAT3D_20161024_0300Z,2016-10-24T03:00:00Z,2016,10,24,3,PRETRAIN_TRAIN,data/interim/gridsat/2016/gridsat_2016.10.24.03.npz,497717,72,116,"TIR1,TIR2,WV"
INSAT3D_20161024_0600Z,2016-10-24T06:00:00Z,2016,10,24,6,PRETRAIN_TRAIN,data/interim/gridsat/2016/gridsat_2016.10.24.06.npz,519912,72,116,"TIR1,TIR2,WV"
INSAT3D_20161024_1200Z,2016-10-24T12:00:00Z,2016,10,24,12,PRETRAIN_TRAIN,data/interim/gridsat/2016/gridsat_2016.10.24.12.npz,516413,72,116,"TIR1,TIR2,WV"
INSAT3D_20161024_1500Z,2016-10-24T15:00:00Z,2016,10,24,15,PRETRAIN_TRAIN,data/interim/gridsat/2016/gridsat_2016.10.24.15.npz,493526,72,116,"TIR1,TIR2,WV"
INSAT3D_20161024_1800Z,2016-10-24T18:00:00Z,2016,10,24,18,PRETRAIN_TRAIN,data/interim/gridsat/2016/gridsat_2016.10.24.18.npz,492072,72,116,"TIR1,TIR2,WV"
INSAT3D_20161024_2100Z,2016-10-24T21:00:00Z,2016,10,24,21,PRETRAIN_TRAIN,data/interim/gridsat/2016/gridsat_2016.10.24.21.npz,492242,72,116,"TIR1,TIR2,WV"
INSAT3D_20161025_0000Z,2016-10-25T00:00:00Z,2016,10,25,0,PRETRAIN_TRAIN,data/interim/gridsat/2016/gridsat_2016.10.25.00.npz,492302,72,116,"TIR1,TIR2,WV"
INSAT3D_20161025_0300Z,2016-10-25T03:00:00Z,2016,10,25,3,PRETRAIN_TRAIN,data/interim/gridsat/2016/gridsat_2016.10.25.03.npz,485009,72,116,"TIR1,TIR2,WV"
INSAT3D_20161102_2100Z,2016-11-02T21:00:00Z,2016,11,2,21,PRETRAIN_TRAIN,data/interim/gridsat/2016/gridsat_2016.11.02.21.npz,491177,72,116,"TIR1,TIR2,WV"
INSAT3D_20161103_0000Z,2016-11-03T00:00:00Z,2016,11,3,0,PRETRAIN_TRAIN,data/interim/gridsat/2016/gridsat_2016.11.03.00.npz,492301,72,116,"TIR1,TIR2,WV"
INSAT3D_20161103_0300Z,2016-11-03T03:00:00Z,2016,11,3,3,PRETRAIN_TRAIN,data/interim/gridsat/2016/gridsat_2016.11.03.03.npz,491136,72,116,"TIR1,TIR2,WV"
INSAT3D_20161103_0600Z,2016-11-03T06:00:00Z,2016,11,3,6,PRETRAIN_TRAIN,data/interim/gridsat/2016/gridsat_2016.11.03.06.npz,515996,72,116,"TIR1,TIR2,WV"
INSAT3D_20161103_0900Z,2016-11-03T09:00:00Z,2016,11,3,9,PRETRAIN_TRAIN,data/interim/gridsat/2016/gridsat_2016.11.03.09.npz,539284,72,116,"TIR1,TIR2,WV"
INSAT3D_20161103_1200Z,2016-11-03T12:00:00Z,2016,11,3,12,PRETRAIN_TRAIN,data/interim/gridsat/2016/gridsat_2016.11.03.12.npz,508236,72,116,"TIR1,TIR2,WV"
INSAT3D_20161128_2100Z,2016-11-28T21:00:00Z,2016,11,28,21,PRETRAIN_TRAIN,data/interim/gridsat/2016/gridsat_2016.11.28.21.npz,482216,72,116,"TIR1,TIR2,WV"
INSAT3D_20161129_0000Z,2016-11-29T00:00:00Z,2016,11,29,0,PRETRAIN_TRAIN,data/interim/gridsat/2016/gridsat_2016.11.29.00.npz,475305,72,116,"TIR1,TIR2,WV"
INSAT3D_20161129_0300Z,2016-11-29T03:00:00Z,2016,11,29,3,PRETRAIN_TRAIN,data/interim/gridsat/2016/gridsat_2016.11.29.03.npz,470427,72,116,"TIR1,TIR2,WV"
INSAT3D_20161129_0600Z,2016-11-29T06:00:00Z,2016,11,29,6,PRETRAIN_TRAIN,data/interim/gridsat/2016/gridsat_2016.11.29.06.npz,489462,72,116,"TIR1,TIR2,WV"
INSAT3D_20161129_0900Z,2016-11-29T09:00:00Z,2016,11,29,9,PRETRAIN_TRAIN,data/interim/gridsat/2016/gridsat_2016.11.29.09.npz,508630,72,116,"TIR1,TIR2,WV"
INSAT3D_20161129_1200Z,2016-11-29T12:00:00Z,2016,11,29,12,PRETRAIN_TRAIN,data/interim/gridsat/2016/gridsat_2016.11.29.12.npz,484971,72,116,"TIR1,TIR2,WV"
INSAT3D_20161129_1500Z,2016-11-29T15:00:00Z,2016,11,29,15,PRETRAIN_TRAIN,data/interim/gridsat/2016/gridsat_2016.11.29.15.npz,465930,72,116,"TIR1,TIR2,WV"
INSAT3D_20170527_0900Z,2017-05-27T09:00:00Z,2017,5,27,9,PRETRAIN_TRAIN,data/interim/gridsat/2017/gridsat_2017.05.27.09.npz,589384,72,116,"TIR1,TIR2,WV"
INSAT3D_20170527_1200Z,2017-05-27T12:00:00Z,2017,5,27,12,PRETRAIN_TRAIN,data/interim/gridsat/2017/gridsat_2017.05.27.12.npz,584049,72,116,"TIR1,TIR2,WV"
INSAT3D_20170527_1500Z,2017-05-27T15:00:00Z,2017,5,27,15,PRETRAIN_TRAIN,data/interim/gridsat/2017/gridsat_2017.05.27.15.npz,562758,72,116,"TIR1,TIR2,WV"
INSAT3D_20170527_1800Z,2017-05-27T18:00:00Z,2017,5,27,18,PRETRAIN_TRAIN,data/interim/gridsat/2017/gridsat_2017.05.27.18.npz,558572,72,116,"TIR1,TIR2,WV"
INSAT3D_20170527_2100Z,2017-05-27T21:00:00Z,2017,5,27,21,PRETRAIN_TRAIN,data/interim/gridsat/2017/gridsat_2017.05.27.21.npz,561772,72,116,"TIR1,TIR2,WV"
INSAT3D_20170528_0000Z,2017-05-28T00:00:00Z,2017,5,28,0,PRETRAIN_TRAIN,data/interim/gridsat/2017/gridsat_2017.05.28.00.npz,556438,72,116,"TIR1,TIR2,WV"
INSAT3D_20170528_0300Z,2017-05-28T03:00:00Z,2017,5,28,3,PRETRAIN_TRAIN,data/interim/gridsat/2017/gridsat_2017.05.28.03.npz,552211,72,116,"TIR1,TIR2,WV"
INSAT3D_20170528_0600Z,2017-05-28T06:00:00Z,2017,5,28,6,PRETRAIN_TRAIN,data/interim/gridsat/2017/gridsat_2017.05.28.06.npz,573766,72,116,"TIR1,TIR2,WV"
INSAT3D_20170528_0900Z,2017-05-28T09:00:00Z,2017,5,28,9,PRETRAIN_TRAIN,data/interim/gridsat/2017/gridsat_2017.05.28.09.npz,596476,72,116,"TIR1,TIR2,WV"
INSAT3D_20170528_1200Z,2017-05-28T12:00:00Z,2017,5,28,12,PRETRAIN_TRAIN,data/interim/gridsat/2017/gridsat_2017.05.28.12.npz,588231,72,116,"TIR1,TIR2,WV"
INSAT3D_20170528_1500Z,2017-05-28T15:00:00Z,2017,5,28,15,PRETRAIN_TRAIN,data/interim/gridsat/2017/gridsat_2017.05.28.15.npz,566323,72,116,"TIR1,TIR2,WV"
INSAT3D_20170528_1800Z,2017-05-28T18:00:00Z,2017,5,28,18,PRETRAIN_TRAIN,data/interim/gridsat/2017/gridsat_2017.05.28.18.npz,564242,72,116,"TIR1,TIR2,WV"
INSAT3D_20171128_1500Z,2017-11-28T15:00:00Z,2017,11,28,15,PRETRAIN_TRAIN,data/interim/gridsat/2017/gridsat_2017.11.28.15.npz,525443,72,116,"TIR1,TIR2,WV"
INSAT3D_20171128_1800Z,2017-11-28T18:00:00Z,2017,11,28,18,PRETRAIN_TRAIN,data/interim/gridsat/2017/gridsat_2017.11.28.18.npz,526951,72,116,"TIR1,TIR2,WV"
INSAT3D_20171128_2100Z,2017-11-28T21:00:00Z,2017,11,28,21,PRETRAIN_TRAIN,data/interim/gridsat/2017/gridsat_2017.11.28.21.npz,529063,72,116,"TIR1,TIR2,WV"
INSAT3D_20171129_0000Z,2017-11-29T00:00:00Z,2017,11,29,0,PRETRAIN_TRAIN,data/interim/gridsat/2017/gridsat_2017.11.29.00.npz,528797,72,116,"TIR1,TIR2,WV"
INSAT3D_20171129_0300Z,2017-11-29T03:00:00Z,2017,11,29,3,PRETRAIN_TRAIN,data/interim/gridsat/2017/gridsat_2017.11.29.03.npz,528225,72,116,"TIR1,TIR2,WV"
INSAT3D_20171129_0600Z,2017-11-29T06:00:00Z,2017,11,29,6,PRETRAIN_TRAIN,data/interim/gridsat/2017/gridsat_2017.11.29.06.npz,552092,72,116,"TIR1,TIR2,WV"
INSAT3D_20171129_0900Z,2017-11-29T09:00:00Z,2017,11,29,9,PRETRAIN_TRAIN,data/interim/gridsat/2017/gridsat_2017.11.29.09.npz,559385,72,116,"TIR1,TIR2,WV"
INSAT3D_20171129_1200Z,2017-11-29T12:00:00Z,2017,11,29,12,PRETRAIN_TRAIN,data/interim/gridsat/2017/gridsat_2017.11.29.12.npz,527183,72,116,"TIR1,TIR2,WV"
INSAT3D_20171129_1500Z,2017-11-29T15:00:00Z,2017,11,29,15,PRETRAIN_TRAIN,data/interim/gridsat/2017/gridsat_2017.11.29.15.npz,518595,72,116,"TIR1,TIR2,WV"
INSAT3D_20171129_1800Z,2017-11-29T18:00:00Z,2017,11,29,18,PRETRAIN_TRAIN,data/interim/gridsat/2017/gridsat_2017.11.29.18.npz,521843,72,116,"TIR1,TIR2,WV"
INSAT3D_20171205_1500Z,2017-12-05T15:00:00Z,2017,12,5,15,PRETRAIN_TRAIN,data/interim/gridsat/2017/gridsat_2017.12.05.15.npz,529373,72,116,"TIR1,TIR2,WV"
INSAT3D_20171205_1800Z,2017-12-05T18:00:00Z,2017,12,5,18,PRETRAIN_TRAIN,data/interim/gridsat/2017/gridsat_2017.12.05.18.npz,531435,72,116,"TIR1,TIR2,WV"
INSAT3D_20171205_2100Z,2017-12-05T21:00:00Z,2017,12,5,21,PRETRAIN_TRAIN,data/interim/gridsat/2017/gridsat_2017.12.05.21.npz,535750,72,116,"TIR1,TIR2,WV"
INSAT3D_20171206_0000Z,2017-12-06T00:00:00Z,2017,12,6,0,PRETRAIN_TRAIN,data/interim/gridsat/2017/gridsat_2017.12.06.00.npz,537202,72,116,"TIR1,TIR2,WV"
INSAT3D_20171206_0300Z,2017-12-06T03:00:00Z,2017,12,6,3,PRETRAIN_TRAIN,data/interim/gridsat/2017/gridsat_2017.12.06.03.npz,540694,72,116,"TIR1,TIR2,WV"
INSAT3D_20171206_0600Z,2017-12-06T06:00:00Z,2017,12,6,6,PRETRAIN_TRAIN,data/interim/gridsat/2017/gridsat_2017.12.06.06.npz,551063,72,116,"TIR1,TIR2,WV"
INSAT3D_20171206_0900Z,2017-12-06T09:00:00Z,2017,12,6,9,PRETRAIN_TRAIN,data/interim/gridsat/2017/gridsat_2017.12.06.09.npz,559201,72,116,"TIR1,TIR2,WV"
INSAT3D_20171206_1200Z,2017-12-06T12:00:00Z,2017,12,6,12,PRETRAIN_TRAIN,data/interim/gridsat/2017/gridsat_2017.12.06.12.npz,532601,72,116,"TIR1,TIR2,WV"
INSAT3D_20171206_1500Z,2017-12-06T15:00:00Z,2017,12,6,15,PRETRAIN_TRAIN,data/interim/gridsat/2017/gridsat_2017.12.06.15.npz,526202,72,116,"TIR1,TIR2,WV"
INSAT3D_20171206_1800Z,2017-12-06T18:00:00Z,2017,12,6,18,PRETRAIN_TRAIN,data/interim/gridsat/2017/gridsat_2017.12.06.18.npz,530882,72,116,"TIR1,TIR2,WV"
INSAT3D_20171206_2100Z,2017-12-06T21:00:00Z,2017,12,6,21,PRETRAIN_TRAIN,data/interim/gridsat/2017/gridsat_2017.12.06.21.npz,531014,72,116,"TIR1,TIR2,WV"
INSAT3D_20171207_0000Z,2017-12-07T00:00:00Z,2017,12,7,0,PRETRAIN_TRAIN,data/interim/gridsat/2017/gridsat_2017.12.07.00.npz,530269,72,116,"TIR1,TIR2,WV"
INSAT3D_20171207_0300Z,2017-12-07T03:00:00Z,2017,12,7,3,PRETRAIN_TRAIN,data/interim/gridsat/2017/gridsat_2017.12.07.03.npz,525090,72,116,"TIR1,TIR2,WV"
INSAT3D_20171207_0600Z,2017-12-07T06:00:00Z,2017,12,7,6,PRETRAIN_TRAIN,data/interim/gridsat/2017/gridsat_2017.12.07.06.npz,536323,72,116,"TIR1,TIR2,WV"
INSAT3D_20180520_2100Z,2018-05-20T21:00:00Z,2018,5,20,21,PRETRAIN_TRAIN,data/interim/gridsat/2018/gridsat_2018.05.20.21.npz,584894,72,116,"TIR1,TIR2,WV"
INSAT3D_20180521_0000Z,2018-05-21T00:00:00Z,2018,5,21,0,PRETRAIN_TRAIN,data/interim/gridsat/2018/gridsat_2018.05.21.00.npz,581549,72,116,"TIR1,TIR2,WV"
INSAT3D_20180521_0300Z,2018-05-21T03:00:00Z,2018,5,21,3,PRETRAIN_TRAIN,data/interim/gridsat/2018/gridsat_2018.05.21.03.npz,582081,72,116,"TIR1,TIR2,WV"
INSAT3D_20180521_0600Z,2018-05-21T06:00:00Z,2018,5,21,6,PRETRAIN_TRAIN,data/interim/gridsat/2018/gridsat_2018.05.21.06.npz,614045,72,116,"TIR1,TIR2,WV"
INSAT3D_20180521_0900Z,2018-05-21T09:00:00Z,2018,5,21,9,PRETRAIN_TRAIN,data/interim/gridsat/2018/gridsat_2018.05.21.09.npz,635130,72,116,"TIR1,TIR2,WV"
INSAT3D_20180521_1200Z,2018-05-21T12:00:00Z,2018,5,21,12,PRETRAIN_TRAIN,data/interim/gridsat/2018/gridsat_2018.05.21.12.npz,621658,72,116,"TIR1,TIR2,WV"
INSAT3D_20180521_1500Z,2018-05-21T15:00:00Z,2018,5,21,15,PRETRAIN_TRAIN,data/interim/gridsat/2018/gridsat_2018.05.21.15.npz,589832,72,116,"TIR1,TIR2,WV"
INSAT3D_20180521_1800Z,2018-05-21T18:00:00Z,2018,5,21,18,PRETRAIN_TRAIN,data/interim/gridsat/2018/gridsat_2018.05.21.18.npz,582077,72,116,"TIR1,TIR2,WV"
INSAT3D_20180521_2100Z,2018-05-21T21:00:00Z,2018,5,21,21,PRETRAIN_TRAIN,data/interim/gridsat/2018/gridsat_2018.05.21.21.npz,582423,72,116,"TIR1,TIR2,WV"
INSAT3D_20180522_0000Z,2018-05-22T00:00:00Z,2018,5,22,0,PRETRAIN_TRAIN,data/interim/gridsat/2018/gridsat_2018.05.22.00.npz,584375,72,116,"TIR1,TIR2,WV"
INSAT3D_20180522_0300Z,2018-05-22T03:00:00Z,2018,5,22,3,PRETRAIN_TRAIN,data/interim/gridsat/2018/gridsat_2018.05.22.03.npz,588648,72,116,"TIR1,TIR2,WV"
INSAT3D_20180522_0600Z,2018-05-22T06:00:00Z,2018,5,22,6,PRETRAIN_TRAIN,data/interim/gridsat/2018/gridsat_2018.05.22.06.npz,626036,72,116,"TIR1,TIR2,WV"
INSAT3D_20180522_0900Z,2018-05-22T09:00:00Z,2018,5,22,9,PRETRAIN_TRAIN,data/interim/gridsat/2018/gridsat_2018.05.22.09.npz,648144,72,116,"TIR1,TIR2,WV"
INSAT3D_20180522_1200Z,2018-05-22T12:00:00Z,2018,5,22,12,PRETRAIN_TRAIN,data/interim/gridsat/2018/gridsat_2018.05.22.12.npz,630263,72,116,"TIR1,TIR2,WV"
INSAT3D_20180522_1500Z,2018-05-22T15:00:00Z,2018,5,22,15,PRETRAIN_TRAIN,data/interim/gridsat/2018/gridsat_2018.05.22.15.npz,599584,72,116,"TIR1,TIR2,WV"
INSAT3D_20180522_1800Z,2018-05-22T18:00:00Z,2018,5,22,18,PRETRAIN_TRAIN,data/interim/gridsat/2018/gridsat_2018.05.22.18.npz,598728,72,116,"TIR1,TIR2,WV"
INSAT3D_20180522_2100Z,2018-05-22T21:00:00Z,2018,5,22,21,PRETRAIN_TRAIN,data/interim/gridsat/2018/gridsat_2018.05.22.21.npz,608664,72,116,"TIR1,TIR2,WV"
INSAT3D_20180523_0000Z,2018-05-23T00:00:00Z,2018,5,23,0,PRETRAIN_TRAIN,data/interim/gridsat/2018/gridsat_2018.05.23.00.npz,599103,72,116,"TIR1,TIR2,WV"
INSAT3D_20180523_0300Z,2018-05-23T03:00:00Z,2018,5,23,3,PRETRAIN_TRAIN,data/interim/gridsat/2018/gridsat_2018.05.23.03.npz,592423,72,116,"TIR1,TIR2,WV"
INSAT3D_20180523_0600Z,2018-05-23T06:00:00Z,2018,5,23,6,PRETRAIN_TRAIN,data/interim/gridsat/2018/gridsat_2018.05.23.06.npz,621778,72,116,"TIR1,TIR2,WV"
INSAT3D_20180523_0900Z,2018-05-23T09:00:00Z,2018,5,23,9,PRETRAIN_TRAIN,data/interim/gridsat/2018/gridsat_2018.05.23.09.npz,640258,72,116,"TIR1,TIR2,WV"
INSAT3D_20180523_1200Z,2018-05-23T12:00:00Z,2018,5,23,12,PRETRAIN_TRAIN,data/interim/gridsat/2018/gridsat_2018.05.23.12.npz,621670,72,116,"TIR1,TIR2,WV"
INSAT3D_20180523_1500Z,2018-05-23T15:00:00Z,2018,5,23,15,PRETRAIN_TRAIN,data/interim/gridsat/2018/gridsat_2018.05.23.15.npz,598684,72,116,"TIR1,TIR2,WV"
INSAT3D_20180523_1800Z,2018-05-23T18:00:00Z,2018,5,23,18,PRETRAIN_TRAIN,data/interim/gridsat/2018/gridsat_2018.05.23.18.npz,599771,72,116,"TIR1,TIR2,WV"
INSAT3D_20180523_2100Z,2018-05-23T21:00:00Z,2018,5,23,21,PRETRAIN_TRAIN,data/interim/gridsat/2018/gridsat_2018.05.23.21.npz,600679,72,116,"TIR1,TIR2,WV"
INSAT3D_20180524_0000Z,2018-05-24T00:00:00Z,2018,5,24,0,PRETRAIN_TRAIN,data/interim/gridsat/2018/gridsat_2018.05.24.00.npz,596312,72,116,"TIR1,TIR2,WV"
INSAT3D_20180524_0300Z,2018-05-24T03:00:00Z,2018,5,24,3,PRETRAIN_TRAIN,data/interim/gridsat/2018/gridsat_2018.05.24.03.npz,591935,72,116,"TIR1,TIR2,WV"
INSAT3D_20180524_0600Z,2018-05-24T06:00:00Z,2018,5,24,6,PRETRAIN_TRAIN,data/interim/gridsat/2018/gridsat_2018.05.24.06.npz,622618,72,116,"TIR1,TIR2,WV"
INSAT3D_20180524_0900Z,2018-05-24T09:00:00Z,2018,5,24,9,PRETRAIN_TRAIN,data/interim/gridsat/2018/gridsat_2018.05.24.09.npz,633828,72,116,"TIR1,TIR2,WV"
INSAT3D_20180524_1200Z,2018-05-24T12:00:00Z,2018,5,24,12,PRETRAIN_TRAIN,data/interim/gridsat/2018/gridsat_2018.05.24.12.npz,615049,72,116,"TIR1,TIR2,WV"
INSAT3D_20180524_1500Z,2018-05-24T15:00:00Z,2018,5,24,15,PRETRAIN_TRAIN,data/interim/gridsat/2018/gridsat_2018.05.24.15.npz,590100,72,116,"TIR1,TIR2,WV"
INSAT3D_20180524_1800Z,2018-05-24T18:00:00Z,2018,5,24,18,PRETRAIN_TRAIN,data/interim/gridsat/2018/gridsat_2018.05.24.18.npz,588410,72,116,"TIR1,TIR2,WV"
INSAT3D_20180524_2100Z,2018-05-24T21:00:00Z,2018,5,24,21,PRETRAIN_TRAIN,data/interim/gridsat/2018/gridsat_2018.05.24.21.npz,582873,72,116,"TIR1,TIR2,WV"
INSAT3D_20180525_0000Z,2018-05-25T00:00:00Z,2018,5,25,0,PRETRAIN_TRAIN,data/interim/gridsat/2018/gridsat_2018.05.25.00.npz,572732,72,116,"TIR1,TIR2,WV"
INSAT3D_20180919_0300Z,2018-09-19T03:00:00Z,2018,9,19,3,PRETRAIN_TRAIN,data/interim/gridsat/2018/gridsat_2018.09.19.03.npz,532050,72,116,"TIR1,TIR2,WV"
INSAT3D_20180919_0600Z,2018-09-19T06:00:00Z,2018,9,19,6,PRETRAIN_TRAIN,data/interim/gridsat/2018/gridsat_2018.09.19.06.npz,557805,72,116,"TIR1,TIR2,WV"
INSAT3D_20180919_0900Z,2018-09-19T09:00:00Z,2018,9,19,9,PRETRAIN_TRAIN,data/interim/gridsat/2018/gridsat_2018.09.19.09.npz,582509,72,116,"TIR1,TIR2,WV"
INSAT3D_20180919_1200Z,2018-09-19T12:00:00Z,2018,9,19,12,PRETRAIN_TRAIN,data/interim/gridsat/2018/gridsat_2018.09.19.12.npz,567242,72,116,"TIR1,TIR2,WV"
INSAT3D_20180919_1500Z,2018-09-19T15:00:00Z,2018,9,19,15,PRETRAIN_TRAIN,data/interim/gridsat/2018/gridsat_2018.09.19.15.npz,540464,72,116,"TIR1,TIR2,WV"
INSAT3D_20180919_1800Z,2018-09-19T18:00:00Z,2018,9,19,18,PRETRAIN_TRAIN,data/interim/gridsat/2018/gridsat_2018.09.19.18.npz,541149,72,116,"TIR1,TIR2,WV"
INSAT3D_20180919_2100Z,2018-09-19T21:00:00Z,2018,9,19,21,PRETRAIN_TRAIN,data/interim/gridsat/2018/gridsat_2018.09.19.21.npz,540045,72,116,"TIR1,TIR2,WV"
INSAT3D_20180920_0000Z,2018-09-20T00:00:00Z,2018,9,20,0,PRETRAIN_TRAIN,data/interim/gridsat/2018/gridsat_2018.09.20.00.npz,537737,72,116,"TIR1,TIR2,WV"
INSAT3D_20180920_0300Z,2018-09-20T03:00:00Z,2018,9,20,3,PRETRAIN_TRAIN,data/interim/gridsat/2018/gridsat_2018.09.20.03.npz,535155,72,116,"TIR1,TIR2,WV"
INSAT3D_20180920_0600Z,2018-09-20T06:00:00Z,2018,9,20,6,PRETRAIN_TRAIN,data/interim/gridsat/2018/gridsat_2018.09.20.06.npz,561407,72,116,"TIR1,TIR2,WV"
INSAT3D_20181005_2100Z,2018-10-05T21:00:00Z,2018,10,5,21,PRETRAIN_TRAIN,data/interim/gridsat/2018/gridsat_2018.10.05.21.npz,551418,72,116,"TIR1,TIR2,WV"
INSAT3D_20181006_0000Z,2018-10-06T00:00:00Z,2018,10,6,0,PRETRAIN_TRAIN,data/interim/gridsat/2018/gridsat_2018.10.06.00.npz,545876,72,116,"TIR1,TIR2,WV"
INSAT3D_20181006_0300Z,2018-10-06T03:00:00Z,2018,10,6,3,PRETRAIN_TRAIN,data/interim/gridsat/2018/gridsat_2018.10.06.03.npz,544712,72,116,"TIR1,TIR2,WV"
INSAT3D_20181006_0600Z,2018-10-06T06:00:00Z,2018,10,6,6,PRETRAIN_TRAIN,data/interim/gridsat/2018/gridsat_2018.10.06.06.npz,580939,72,116,"TIR1,TIR2,WV"
INSAT3D_20181006_0900Z,2018-10-06T09:00:00Z,2018,10,6,9,PRETRAIN_TRAIN,data/interim/gridsat/2018/gridsat_2018.10.06.09.npz,605222,72,116,"TIR1,TIR2,WV"
INSAT3D_20181006_1200Z,2018-10-06T12:00:00Z,2018,10,6,12,PRETRAIN_TRAIN,data/interim/gridsat/2018/gridsat_2018.10.06.12.npz,583186,72,116,"TIR1,TIR2,WV"
INSAT3D_20181006_1500Z,2018-10-06T15:00:00Z,2018,10,6,15,PRETRAIN_TRAIN,data/interim/gridsat/2018/gridsat_2018.10.06.15.npz,559964,72,116,"TIR1,TIR2,WV"
INSAT3D_20181006_1800Z,2018-10-06T18:00:00Z,2018,10,6,18,PRETRAIN_TRAIN,data/interim/gridsat/2018/gridsat_2018.10.06.18.npz,555174,72,116,"TIR1,TIR2,WV"
INSAT3D_20181006_2100Z,2018-10-06T21:00:00Z,2018,10,6,21,PRETRAIN_TRAIN,data/interim/gridsat/2018/gridsat_2018.10.06.21.npz,561402,72,116,"TIR1,TIR2,WV"
INSAT3D_20181007_0000Z,2018-10-07T00:00:00Z,2018,10,7,0,PRETRAIN_TRAIN,data/interim/gridsat/2018/gridsat_2018.10.07.00.npz,561288,72,116,"TIR1,TIR2,WV"
INSAT3D_20181007_0300Z,2018-10-07T03:00:00Z,2018,10,7,3,PRETRAIN_TRAIN,data/interim/gridsat/2018/gridsat_2018.10.07.03.npz,560625,72,116,"TIR1,TIR2,WV"
INSAT3D_20181007_0600Z,2018-10-07T06:00:00Z,2018,10,7,6,PRETRAIN_TRAIN,data/interim/gridsat/2018/gridsat_2018.10.07.06.npz,595577,72,116,"TIR1,TIR2,WV"
INSAT3D_20181007_0900Z,2018-10-07T09:00:00Z,2018,10,7,9,PRETRAIN_TRAIN,data/interim/gridsat/2018/gridsat_2018.10.07.09.npz,616931,72,116,"TIR1,TIR2,WV"
INSAT3D_20181007_1200Z,2018-10-07T12:00:00Z,2018,10,7,12,PRETRAIN_TRAIN,data/interim/gridsat/2018/gridsat_2018.10.07.12.npz,593689,72,116,"TIR1,TIR2,WV"
INSAT3D_20181007_1500Z,2018-10-07T15:00:00Z,2018,10,7,15,PRETRAIN_TRAIN,data/interim/gridsat/2018/gridsat_2018.10.07.15.npz,570480,72,116,"TIR1,TIR2,WV"
INSAT3D_20181007_1800Z,2018-10-07T18:00:00Z,2018,10,7,18,PRETRAIN_TRAIN,data/interim/gridsat/2018/gridsat_2018.10.07.18.npz,573588,72,116,"TIR1,TIR2,WV"
INSAT3D_20181007_2100Z,2018-10-07T21:00:00Z,2018,10,7,21,PRETRAIN_TRAIN,data/interim/gridsat/2018/gridsat_2018.10.07.21.npz,575293,72,116,"TIR1,TIR2,WV"
INSAT3D_20181008_0000Z,2018-10-08T00:00:00Z,2018,10,8,0,PRETRAIN_TRAIN,data/interim/gridsat/2018/gridsat_2018.10.08.00.npz,577111,72,116,"TIR1,TIR2,WV"
INSAT3D_20181008_0300Z,2018-10-08T03:00:00Z,2018,10,8,3,PRETRAIN_TRAIN,data/interim/gridsat/2018/gridsat_2018.10.08.03.npz,579775,72,116,"TIR1,TIR2,WV"
INSAT3D_20181008_0600Z,2018-10-08T06:00:00Z,2018,10,8,6,PRETRAIN_TRAIN,data/interim/gridsat/2018/gridsat_2018.10.08.06.npz,609373,72,116,"TIR1,TIR2,WV"
INSAT3D_20181008_0900Z,2018-10-08T09:00:00Z,2018,10,8,9,PRETRAIN_TRAIN,data/interim/gridsat/2018/gridsat_2018.10.08.09.npz,619682,72,116,"TIR1,TIR2,WV"
INSAT3D_20181008_1200Z,2018-10-08T12:00:00Z,2018,10,8,12,PRETRAIN_TRAIN,data/interim/gridsat/2018/gridsat_2018.10.08.12.npz,594830,72,116,"TIR1,TIR2,WV"
INSAT3D_20181008_1500Z,2018-10-08T15:00:00Z,2018,10,8,15,PRETRAIN_TRAIN,data/interim/gridsat/2018/gridsat_2018.10.08.15.npz,570641,72,116,"TIR1,TIR2,WV"
INSAT3D_20181008_1800Z,2018-10-08T18:00:00Z,2018,10,8,18,PRETRAIN_TRAIN,data/interim/gridsat/2018/gridsat_2018.10.08.18.npz,570885,72,116,"TIR1,TIR2,WV"
INSAT3D_20181008_2100Z,2018-10-08T21:00:00Z,2018,10,8,21,PRETRAIN_TRAIN,data/interim/gridsat/2018/gridsat_2018.10.08.21.npz,578860,72,116,"TIR1,TIR2,WV"
INSAT3D_20181212_0900Z,2018-12-12T09:00:00Z,2018,12,12,9,PRETRAIN_TRAIN,data/interim/gridsat/2018/gridsat_2018.12.12.09.npz,571569,72,116,"TIR1,TIR2,WV"
INSAT3D_20181212_1200Z,2018-12-12T12:00:00Z,2018,12,12,12,PRETRAIN_TRAIN,data/interim/gridsat/2018/gridsat_2018.12.12.12.npz,544991,72,116,"TIR1,TIR2,WV"
INSAT3D_20181212_1500Z,2018-12-12T15:00:00Z,2018,12,12,15,PRETRAIN_TRAIN,data/interim/gridsat/2018/gridsat_2018.12.12.15.npz,534928,72,116,"TIR1,TIR2,WV"
INSAT3D_20181212_1800Z,2018-12-12T18:00:00Z,2018,12,12,18,PRETRAIN_TRAIN,data/interim/gridsat/2018/gridsat_2018.12.12.18.npz,536953,72,116,"TIR1,TIR2,WV"
INSAT3D_20181212_2100Z,2018-12-12T21:00:00Z,2018,12,12,21,PRETRAIN_TRAIN,data/interim/gridsat/2018/gridsat_2018.12.12.21.npz,536751,72,116,"TIR1,TIR2,WV"
INSAT3D_20181213_0000Z,2018-12-13T00:00:00Z,2018,12,13,0,PRETRAIN_TRAIN,data/interim/gridsat/2018/gridsat_2018.12.13.00.npz,538111,72,116,"TIR1,TIR2,WV"
INSAT3D_20181213_0300Z,2018-12-13T03:00:00Z,2018,12,13,3,PRETRAIN_TRAIN,data/interim/gridsat/2018/gridsat_2018.12.13.03.npz,536124,72,116,"TIR1,TIR2,WV"
INSAT3D_20181213_0600Z,2018-12-13T06:00:00Z,2018,12,13,6,PRETRAIN_TRAIN,data/interim/gridsat/2018/gridsat_2018.12.13.06.npz,559606,72,116,"TIR1,TIR2,WV"
INSAT3D_20181213_0900Z,2018-12-13T09:00:00Z,2018,12,13,9,PRETRAIN_TRAIN,data/interim/gridsat/2018/gridsat_2018.12.13.09.npz,576162,72,116,"TIR1,TIR2,WV"
INSAT3D_20181213_1200Z,2018-12-13T12:00:00Z,2018,12,13,12,PRETRAIN_TRAIN,data/interim/gridsat/2018/gridsat_2018.12.13.12.npz,551518,72,116,"TIR1,TIR2,WV"
INSAT3D_20181213_1500Z,2018-12-13T15:00:00Z,2018,12,13,15,PRETRAIN_TRAIN,data/interim/gridsat/2018/gridsat_2018.12.13.15.npz,543429,72,116,"TIR1,TIR2,WV"
INSAT3D_20181213_1800Z,2018-12-13T18:00:00Z,2018,12,13,18,PRETRAIN_TRAIN,data/interim/gridsat/2018/gridsat_2018.12.13.18.npz,545341,72,116,"TIR1,TIR2,WV"
INSAT3D_20181213_2100Z,2018-12-13T21:00:00Z,2018,12,13,21,PRETRAIN_TRAIN,data/interim/gridsat/2018/gridsat_2018.12.13.21.npz,547568,72,116,"TIR1,TIR2,WV"
INSAT3D_20181214_0000Z,2018-12-14T00:00:00Z,2018,12,14,0,PRETRAIN_TRAIN,data/interim/gridsat/2018/gridsat_2018.12.14.00.npz,546628,72,116,"TIR1,TIR2,WV"
INSAT3D_20181214_0300Z,2018-12-14T03:00:00Z,2018,12,14,3,PRETRAIN_TRAIN,data/interim/gridsat/2018/gridsat_2018.12.14.03.npz,546969,72,116,"TIR1,TIR2,WV"
INSAT3D_20181214_0600Z,2018-12-14T06:00:00Z,2018,12,14,6,PRETRAIN_TRAIN,data/interim/gridsat/2018/gridsat_2018.12.14.06.npz,564919,72,116,"TIR1,TIR2,WV"
INSAT3D_20190103_2100Z,2019-01-03T21:00:00Z,2019,1,3,21,PRETRAIN_TRAIN,data/interim/gridsat/2019/gridsat_2019.01.03.21.npz,511323,72,116,"TIR1,TIR2,WV"
INSAT3D_20190104_0000Z,2019-01-04T00:00:00Z,2019,1,4,0,PRETRAIN_TRAIN,data/interim/gridsat/2019/gridsat_2019.01.04.00.npz,512939,72,116,"TIR1,TIR2,WV"
INSAT3D_20190104_0300Z,2019-01-04T03:00:00Z,2019,1,4,3,PRETRAIN_TRAIN,data/interim/gridsat/2019/gridsat_2019.01.04.03.npz,513207,72,116,"TIR1,TIR2,WV"
INSAT3D_20190104_0600Z,2019-01-04T06:00:00Z,2019,1,4,6,PRETRAIN_TRAIN,data/interim/gridsat/2019/gridsat_2019.01.04.06.npz,528427,72,116,"TIR1,TIR2,WV"
INSAT3D_20190104_0900Z,2019-01-04T09:00:00Z,2019,1,4,9,PRETRAIN_TRAIN,data/interim/gridsat/2019/gridsat_2019.01.04.09.npz,538171,72,116,"TIR1,TIR2,WV"
INSAT3D_20190104_1200Z,2019-01-04T12:00:00Z,2019,1,4,12,PRETRAIN_TRAIN,data/interim/gridsat/2019/gridsat_2019.01.04.12.npz,506914,72,116,"TIR1,TIR2,WV"
INSAT3D_20190104_1500Z,2019-01-04T15:00:00Z,2019,1,4,15,PRETRAIN_TRAIN,data/interim/gridsat/2019/gridsat_2019.01.04.15.npz,493633,72,116,"TIR1,TIR2,WV"
INSAT3D_20190104_1800Z,2019-01-04T18:00:00Z,2019,1,4,18,PRETRAIN_TRAIN,data/interim/gridsat/2019/gridsat_2019.01.04.18.npz,499128,72,116,"TIR1,TIR2,WV"
INSAT3D_20190104_2100Z,2019-01-04T21:00:00Z,2019,1,4,21,PRETRAIN_TRAIN,data/interim/gridsat/2019/gridsat_2019.01.04.21.npz,510716,72,116,"TIR1,TIR2,WV"
INSAT3D_20190105_0000Z,2019-01-05T00:00:00Z,2019,1,5,0,PRETRAIN_TRAIN,data/interim/gridsat/2019/gridsat_2019.01.05.00.npz,512675,72,116,"TIR1,TIR2,WV"
INSAT3D_20190105_0300Z,2019-01-05T03:00:00Z,2019,1,5,3,PRETRAIN_TRAIN,data/interim/gridsat/2019/gridsat_2019.01.05.03.npz,507686,72,116,"TIR1,TIR2,WV"
INSAT3D_20190105_0600Z,2019-01-05T06:00:00Z,2019,1,5,6,PRETRAIN_TRAIN,data/interim/gridsat/2019/gridsat_2019.01.05.06.npz,519513,72,116,"TIR1,TIR2,WV"
INSAT3D_20190105_0900Z,2019-01-05T09:00:00Z,2019,1,5,9,PRETRAIN_TRAIN,data/interim/gridsat/2019/gridsat_2019.01.05.09.npz,534137,72,116,"TIR1,TIR2,WV"
INSAT3D_20190105_1200Z,2019-01-05T12:00:00Z,2019,1,5,12,PRETRAIN_TRAIN,data/interim/gridsat/2019/gridsat_2019.01.05.12.npz,508909,72,116,"TIR1,TIR2,WV"
INSAT3D_20190105_1500Z,2019-01-05T15:00:00Z,2019,1,5,15,PRETRAIN_TRAIN,data/interim/gridsat/2019/gridsat_2019.01.05.15.npz,500157,72,116,"TIR1,TIR2,WV"
INSAT3D_20190105_1800Z,2019-01-05T18:00:00Z,2019,1,5,18,PRETRAIN_TRAIN,data/interim/gridsat/2019/gridsat_2019.01.05.18.npz,503850,72,116,"TIR1,TIR2,WV"
INSAT3D_20190425_1500Z,2019-04-25T15:00:00Z,2019,4,25,15,PRETRAIN_TRAIN,data/interim/gridsat/2019/gridsat_2019.04.25.15.npz,519165,72,116,"TIR1,TIR2,WV"
INSAT3D_20190425_1800Z,2019-04-25T18:00:00Z,2019,4,25,18,PRETRAIN_TRAIN,data/interim/gridsat/2019/gridsat_2019.04.25.18.npz,516710,72,116,"TIR1,TIR2,WV"
INSAT3D_20190425_2100Z,2019-04-25T21:00:00Z,2019,4,25,21,PRETRAIN_TRAIN,data/interim/gridsat/2019/gridsat_2019.04.25.21.npz,514910,72,116,"TIR1,TIR2,WV"
INSAT3D_20190426_0000Z,2019-04-26T00:00:00Z,2019,4,26,0,PRETRAIN_TRAIN,data/interim/gridsat/2019/gridsat_2019.04.26.00.npz,509589,72,116,"TIR1,TIR2,WV"
INSAT3D_20190426_0300Z,2019-04-26T03:00:00Z,2019,4,26,3,PRETRAIN_TRAIN,data/interim/gridsat/2019/gridsat_2019.04.26.03.npz,514115,72,116,"TIR1,TIR2,WV"
INSAT3D_20190426_0600Z,2019-04-26T06:00:00Z,2019,4,26,6,PRETRAIN_TRAIN,data/interim/gridsat/2019/gridsat_2019.04.26.06.npz,548243,72,116,"TIR1,TIR2,WV"
INSAT3D_20190426_0900Z,2019-04-26T09:00:00Z,2019,4,26,9,PRETRAIN_TRAIN,data/interim/gridsat/2019/gridsat_2019.04.26.09.npz,574642,72,116,"TIR1,TIR2,WV"
INSAT3D_20190426_1200Z,2019-04-26T12:00:00Z,2019,4,26,12,PRETRAIN_TRAIN,data/interim/gridsat/2019/gridsat_2019.04.26.12.npz,553786,72,116,"TIR1,TIR2,WV"
INSAT3D_20190426_1500Z,2019-04-26T15:00:00Z,2019,4,26,15,PRETRAIN_TRAIN,data/interim/gridsat/2019/gridsat_2019.04.26.15.npz,528689,72,116,"TIR1,TIR2,WV"
INSAT3D_20190426_1800Z,2019-04-26T18:00:00Z,2019,4,26,18,PRETRAIN_TRAIN,data/interim/gridsat/2019/gridsat_2019.04.26.18.npz,525760,72,116,"TIR1,TIR2,WV"
INSAT3D_20190426_2100Z,2019-04-26T21:00:00Z,2019,4,26,21,PRETRAIN_TRAIN,data/interim/gridsat/2019/gridsat_2019.04.26.21.npz,526137,72,116,"TIR1,TIR2,WV"
INSAT3D_20190427_0000Z,2019-04-27T00:00:00Z,2019,4,27,0,PRETRAIN_TRAIN,data/interim/gridsat/2019/gridsat_2019.04.27.00.npz,524349,72,116,"TIR1,TIR2,WV"
INSAT3D_20190427_0300Z,2019-04-27T03:00:00Z,2019,4,27,3,PRETRAIN_TRAIN,data/interim/gridsat/2019/gridsat_2019.04.27.03.npz,526843,72,116,"TIR1,TIR2,WV"
INSAT3D_20190427_0600Z,2019-04-27T06:00:00Z,2019,4,27,6,PRETRAIN_TRAIN,data/interim/gridsat/2019/gridsat_2019.04.27.06.npz,557343,72,116,"TIR1,TIR2,WV"
INSAT3D_20190427_0900Z,2019-04-27T09:00:00Z,2019,4,27,9,PRETRAIN_TRAIN,data/interim/gridsat/2019/gridsat_2019.04.27.09.npz,579370,72,116,"TIR1,TIR2,WV"
INSAT3D_20190427_1200Z,2019-04-27T12:00:00Z,2019,4,27,12,PRETRAIN_TRAIN,data/interim/gridsat/2019/gridsat_2019.04.27.12.npz,560879,72,116,"TIR1,TIR2,WV"
INSAT3D_20190427_1500Z,2019-04-27T15:00:00Z,2019,4,27,15,PRETRAIN_TRAIN,data/interim/gridsat/2019/gridsat_2019.04.27.15.npz,541093,72,116,"TIR1,TIR2,WV"
INSAT3D_20190427_1800Z,2019-04-27T18:00:00Z,2019,4,27,18,PRETRAIN_TRAIN,data/interim/gridsat/2019/gridsat_2019.04.27.18.npz,540872,72,116,"TIR1,TIR2,WV"
INSAT3D_20190427_2100Z,2019-04-27T21:00:00Z,2019,4,27,21,PRETRAIN_TRAIN,data/interim/gridsat/2019/gridsat_2019.04.27.21.npz,540260,72,116,"TIR1,TIR2,WV"
INSAT3D_20190428_0000Z,2019-04-28T00:00:00Z,2019,4,28,0,PRETRAIN_TRAIN,data/interim/gridsat/2019/gridsat_2019.04.28.00.npz,536064,72,116,"TIR1,TIR2,WV"
INSAT3D_20190428_0300Z,2019-04-28T03:00:00Z,2019,4,28,3,PRETRAIN_TRAIN,data/interim/gridsat/2019/gridsat_2019.04.28.03.npz,542076,72,116,"TIR1,TIR2,WV"
INSAT3D_20190428_0600Z,2019-04-28T06:00:00Z,2019,4,28,6,PRETRAIN_TRAIN,data/interim/gridsat/2019/gridsat_2019.04.28.06.npz,570496,72,116,"TIR1,TIR2,WV"
INSAT3D_20190428_0900Z,2019-04-28T09:00:00Z,2019,4,28,9,PRETRAIN_TRAIN,data/interim/gridsat/2019/gridsat_2019.04.28.09.npz,586548,72,116,"TIR1,TIR2,WV"
INSAT3D_20190428_1200Z,2019-04-28T12:00:00Z,2019,4,28,12,PRETRAIN_TRAIN,data/interim/gridsat/2019/gridsat_2019.04.28.12.npz,570384,72,116,"TIR1,TIR2,WV"
INSAT3D_20190428_1500Z,2019-04-28T15:00:00Z,2019,4,28,15,PRETRAIN_TRAIN,data/interim/gridsat/2019/gridsat_2019.04.28.15.npz,543413,72,116,"TIR1,TIR2,WV"
INSAT3D_20190428_1800Z,2019-04-28T18:00:00Z,2019,4,28,18,PRETRAIN_TRAIN,data/interim/gridsat/2019/gridsat_2019.04.28.18.npz,537881,72,116,"TIR1,TIR2,WV"
INSAT3D_20190428_2100Z,2019-04-28T21:00:00Z,2019,4,28,21,PRETRAIN_TRAIN,data/interim/gridsat/2019/gridsat_2019.04.28.21.npz,534214,72,116,"TIR1,TIR2,WV"
INSAT3D_20190429_0000Z,2019-04-29T00:00:00Z,2019,4,29,0,PRETRAIN_TRAIN,data/interim/gridsat/2019/gridsat_2019.04.29.00.npz,523428,72,116,"TIR1,TIR2,WV"
INSAT3D_20190429_0300Z,2019-04-29T03:00:00Z,2019,4,29,3,PRETRAIN_TRAIN,data/interim/gridsat/2019/gridsat_2019.04.29.03.npz,520756,72,116,"TIR1,TIR2,WV"
INSAT3D_20190429_0600Z,2019-04-29T06:00:00Z,2019,4,29,6,PRETRAIN_TRAIN,data/interim/gridsat/2019/gridsat_2019.04.29.06.npz,554978,72,116,"TIR1,TIR2,WV"
INSAT3D_20190429_0900Z,2019-04-29T09:00:00Z,2019,4,29,9,PRETRAIN_TRAIN,data/interim/gridsat/2019/gridsat_2019.04.29.09.npz,572596,72,116,"TIR1,TIR2,WV"
INSAT3D_20190429_1200Z,2019-04-29T12:00:00Z,2019,4,29,12,PRETRAIN_TRAIN,data/interim/gridsat/2019/gridsat_2019.04.29.12.npz,559446,72,116,"TIR1,TIR2,WV"
INSAT3D_20190429_1500Z,2019-04-29T15:00:00Z,2019,4,29,15,PRETRAIN_TRAIN,data/interim/gridsat/2019/gridsat_2019.04.29.15.npz,528370,72,116,"TIR1,TIR2,WV"
INSAT3D_20190429_1800Z,2019-04-29T18:00:00Z,2019,4,29,18,PRETRAIN_TRAIN,data/interim/gridsat/2019/gridsat_2019.04.29.18.npz,525696,72,116,"TIR1,TIR2,WV"
INSAT3D_20190429_2100Z,2019-04-29T21:00:00Z,2019,4,29,21,PRETRAIN_TRAIN,data/interim/gridsat/2019/gridsat_2019.04.29.21.npz,529346,72,116,"TIR1,TIR2,WV"
INSAT3D_20190430_0000Z,2019-04-30T00:00:00Z,2019,4,30,0,PRETRAIN_TRAIN,data/interim/gridsat/2019/gridsat_2019.04.30.00.npz,527966,72,116,"TIR1,TIR2,WV"
INSAT3D_20190430_0300Z,2019-04-30T03:00:00Z,2019,4,30,3,PRETRAIN_TRAIN,data/interim/gridsat/2019/gridsat_2019.04.30.03.npz,536022,72,116,"TIR1,TIR2,WV"
INSAT3D_20190430_0600Z,2019-04-30T06:00:00Z,2019,4,30,6,PRETRAIN_TRAIN,data/interim/gridsat/2019/gridsat_2019.04.30.06.npz,570339,72,116,"TIR1,TIR2,WV"
INSAT3D_20190430_0900Z,2019-04-30T09:00:00Z,2019,4,30,9,PRETRAIN_TRAIN,data/interim/gridsat/2019/gridsat_2019.04.30.09.npz,585166,72,116,"TIR1,TIR2,WV"
INSAT3D_20190430_1200Z,2019-04-30T12:00:00Z,2019,4,30,12,PRETRAIN_TRAIN,data/interim/gridsat/2019/gridsat_2019.04.30.12.npz,570527,72,116,"TIR1,TIR2,WV"
INSAT3D_20190430_1500Z,2019-04-30T15:00:00Z,2019,4,30,15,PRETRAIN_TRAIN,data/interim/gridsat/2019/gridsat_2019.04.30.15.npz,544845,72,116,"TIR1,TIR2,WV"
INSAT3D_20190430_1800Z,2019-04-30T18:00:00Z,2019,4,30,18,PRETRAIN_TRAIN,data/interim/gridsat/2019/gridsat_2019.04.30.18.npz,538850,72,116,"TIR1,TIR2,WV"
INSAT3D_20190430_2100Z,2019-04-30T21:00:00Z,2019,4,30,21,PRETRAIN_TRAIN,data/interim/gridsat/2019/gridsat_2019.04.30.21.npz,538205,72,116,"TIR1,TIR2,WV"
INSAT3D_20190501_0000Z,2019-05-01T00:00:00Z,2019,5,1,0,PRETRAIN_TRAIN,data/interim/gridsat/2019/gridsat_2019.05.01.00.npz,531562,72,116,"TIR1,TIR2,WV"
INSAT3D_20190501_0300Z,2019-05-01T03:00:00Z,2019,5,1,3,PRETRAIN_TRAIN,data/interim/gridsat/2019/gridsat_2019.05.01.03.npz,528324,72,116,"TIR1,TIR2,WV"
INSAT3D_20190501_0600Z,2019-05-01T06:00:00Z,2019,5,1,6,PRETRAIN_TRAIN,data/interim/gridsat/2019/gridsat_2019.05.01.06.npz,556199,72,116,"TIR1,TIR2,WV"
INSAT3D_20190501_0900Z,2019-05-01T09:00:00Z,2019,5,1,9,PRETRAIN_TRAIN,data/interim/gridsat/2019/gridsat_2019.05.01.09.npz,572754,72,116,"TIR1,TIR2,WV"
INSAT3D_20190501_1200Z,2019-05-01T12:00:00Z,2019,5,1,12,PRETRAIN_TRAIN,data/interim/gridsat/2019/gridsat_2019.05.01.12.npz,557806,72,116,"TIR1,TIR2,WV"
INSAT3D_20190501_1500Z,2019-05-01T15:00:00Z,2019,5,1,15,PRETRAIN_TRAIN,data/interim/gridsat/2019/gridsat_2019.05.01.15.npz,527205,72,116,"TIR1,TIR2,WV"
INSAT3D_20190501_1800Z,2019-05-01T18:00:00Z,2019,5,1,18,PRETRAIN_TRAIN,data/interim/gridsat/2019/gridsat_2019.05.01.18.npz,519971,72,116,"TIR1,TIR2,WV"
INSAT3D_20190501_2100Z,2019-05-01T21:00:00Z,2019,5,1,21,PRETRAIN_TRAIN,data/interim/gridsat/2019/gridsat_2019.05.01.21.npz,520806,72,116,"TIR1,TIR2,WV"
INSAT3D_20190502_0000Z,2019-05-02T00:00:00Z,2019,5,2,0,PRETRAIN_TRAIN,data/interim/gridsat/2019/gridsat_2019.05.02.00.npz,514684,72,116,"TIR1,TIR2,WV"
INSAT3D_20190502_0300Z,2019-05-02T03:00:00Z,2019,5,2,3,PRETRAIN_TRAIN,data/interim/gridsat/2019/gridsat_2019.05.02.03.npz,508332,72,116,"TIR1,TIR2,WV"
INSAT3D_20190502_0600Z,2019-05-02T06:00:00Z,2019,5,2,6,PRETRAIN_TRAIN,data/interim/gridsat/2019/gridsat_2019.05.02.06.npz,540300,72,116,"TIR1,TIR2,WV"
INSAT3D_20190502_0900Z,2019-05-02T09:00:00Z,2019,5,2,9,PRETRAIN_TRAIN,data/interim/gridsat/2019/gridsat_2019.05.02.09.npz,562706,72,116,"TIR1,TIR2,WV"
INSAT3D_20190502_1200Z,2019-05-02T12:00:00Z,2019,5,2,12,PRETRAIN_TRAIN,data/interim/gridsat/2019/gridsat_2019.05.02.12.npz,553698,72,116,"TIR1,TIR2,WV"
INSAT3D_20190609_0900Z,2019-06-09T09:00:00Z,2019,6,9,9,PRETRAIN_TRAIN,data/interim/gridsat/2019/gridsat_2019.06.09.09.npz,637252,72,116,"TIR1,TIR2,WV"
INSAT3D_20190609_1200Z,2019-06-09T12:00:00Z,2019,6,9,12,PRETRAIN_TRAIN,data/interim/gridsat/2019/gridsat_2019.06.09.12.npz,630101,72,116,"TIR1,TIR2,WV"
INSAT3D_20190609_1500Z,2019-06-09T15:00:00Z,2019,6,9,15,PRETRAIN_TRAIN,data/interim/gridsat/2019/gridsat_2019.06.09.15.npz,605639,72,116,"TIR1,TIR2,WV"
INSAT3D_20190609_1800Z,2019-06-09T18:00:00Z,2019,6,9,18,PRETRAIN_TRAIN,data/interim/gridsat/2019/gridsat_2019.06.09.18.npz,602973,72,116,"TIR1,TIR2,WV"
INSAT3D_20190609_2100Z,2019-06-09T21:00:00Z,2019,6,9,21,PRETRAIN_TRAIN,data/interim/gridsat/2019/gridsat_2019.06.09.21.npz,598411,72,116,"TIR1,TIR2,WV"
INSAT3D_20190610_0000Z,2019-06-10T00:00:00Z,2019,6,10,0,PRETRAIN_TRAIN,data/interim/gridsat/2019/gridsat_2019.06.10.00.npz,578638,72,116,"TIR1,TIR2,WV"
INSAT3D_20190610_0300Z,2019-06-10T03:00:00Z,2019,6,10,3,PRETRAIN_TRAIN,data/interim/gridsat/2019/gridsat_2019.06.10.03.npz,576782,72,116,"TIR1,TIR2,WV"
INSAT3D_20190610_0600Z,2019-06-10T06:00:00Z,2019,6,10,6,PRETRAIN_TRAIN,data/interim/gridsat/2019/gridsat_2019.06.10.06.npz,603208,72,116,"TIR1,TIR2,WV"
INSAT3D_20190610_0900Z,2019-06-10T09:00:00Z,2019,6,10,9,PRETRAIN_TRAIN,data/interim/gridsat/2019/gridsat_2019.06.10.09.npz,628298,72,116,"TIR1,TIR2,WV"
INSAT3D_20190610_1200Z,2019-06-10T12:00:00Z,2019,6,10,12,PRETRAIN_TRAIN,data/interim/gridsat/2019/gridsat_2019.06.10.12.npz,629568,72,116,"TIR1,TIR2,WV"
INSAT3D_20190610_1500Z,2019-06-10T15:00:00Z,2019,6,10,15,PRETRAIN_TRAIN,data/interim/gridsat/2019/gridsat_2019.06.10.15.npz,608409,72,116,"TIR1,TIR2,WV"
INSAT3D_20190610_1800Z,2019-06-10T18:00:00Z,2019,6,10,18,PRETRAIN_TRAIN,data/interim/gridsat/2019/gridsat_2019.06.10.18.npz,607935,72,116,"TIR1,TIR2,WV"
INSAT3D_20190610_2100Z,2019-06-10T21:00:00Z,2019,6,10,21,PRETRAIN_TRAIN,data/interim/gridsat/2019/gridsat_2019.06.10.21.npz,609334,72,116,"TIR1,TIR2,WV"
INSAT3D_20190611_0000Z,2019-06-11T00:00:00Z,2019,6,11,0,PRETRAIN_TRAIN,data/interim/gridsat/2019/gridsat_2019.06.11.00.npz,601106,72,116,"TIR1,TIR2,WV"
INSAT3D_20190611_0300Z,2019-06-11T03:00:00Z,2019,6,11,3,PRETRAIN_TRAIN,data/interim/gridsat/2019/gridsat_2019.06.11.03.npz,601750,72,116,"TIR1,TIR2,WV"
INSAT3D_20190611_0600Z,2019-06-11T06:00:00Z,2019,6,11,6,PRETRAIN_TRAIN,data/interim/gridsat/2019/gridsat_2019.06.11.06.npz,622093,72,116,"TIR1,TIR2,WV"
INSAT3D_20190611_0900Z,2019-06-11T09:00:00Z,2019,6,11,9,PRETRAIN_TRAIN,data/interim/gridsat/2019/gridsat_2019.06.11.09.npz,634390,72,116,"TIR1,TIR2,WV"
INSAT3D_20190611_1200Z,2019-06-11T12:00:00Z,2019,6,11,12,PRETRAIN_TRAIN,data/interim/gridsat/2019/gridsat_2019.06.11.12.npz,624513,72,116,"TIR1,TIR2,WV"
INSAT3D_20190611_1500Z,2019-06-11T15:00:00Z,2019,6,11,15,PRETRAIN_TRAIN,data/interim/gridsat/2019/gridsat_2019.06.11.15.npz,594166,72,116,"TIR1,TIR2,WV"
INSAT3D_20190611_1800Z,2019-06-11T18:00:00Z,2019,6,11,18,PRETRAIN_TRAIN,data/interim/gridsat/2019/gridsat_2019.06.11.18.npz,589299,72,116,"TIR1,TIR2,WV"
INSAT3D_20190611_2100Z,2019-06-11T21:00:00Z,2019,6,11,21,PRETRAIN_TRAIN,data/interim/gridsat/2019/gridsat_2019.06.11.21.npz,584034,72,116,"TIR1,TIR2,WV"
INSAT3D_20190612_0000Z,2019-06-12T00:00:00Z,2019,6,12,0,PRETRAIN_TRAIN,data/interim/gridsat/2019/gridsat_2019.06.12.00.npz,570519,72,116,"TIR1,TIR2,WV"
INSAT3D_20190612_0300Z,2019-06-12T03:00:00Z,2019,6,12,3,PRETRAIN_TRAIN,data/interim/gridsat/2019/gridsat_2019.06.12.03.npz,563887,72,116,"TIR1,TIR2,WV"
INSAT3D_20190612_0600Z,2019-06-12T06:00:00Z,2019,6,12,6,PRETRAIN_TRAIN,data/interim/gridsat/2019/gridsat_2019.06.12.06.npz,586947,72,116,"TIR1,TIR2,WV"
INSAT3D_20190612_0900Z,2019-06-12T09:00:00Z,2019,6,12,9,PRETRAIN_TRAIN,data/interim/gridsat/2019/gridsat_2019.06.12.09.npz,608687,72,116,"TIR1,TIR2,WV"
INSAT3D_20190612_1200Z,2019-06-12T12:00:00Z,2019,6,12,12,PRETRAIN_TRAIN,data/interim/gridsat/2019/gridsat_2019.06.12.12.npz,606113,72,116,"TIR1,TIR2,WV"
INSAT3D_20190612_1500Z,2019-06-12T15:00:00Z,2019,6,12,15,PRETRAIN_TRAIN,data/interim/gridsat/2019/gridsat_2019.06.12.15.npz,587262,72,116,"TIR1,TIR2,WV"
INSAT3D_20190612_1800Z,2019-06-12T18:00:00Z,2019,6,12,18,PRETRAIN_TRAIN,data/interim/gridsat/2019/gridsat_2019.06.12.18.npz,588110,72,116,"TIR1,TIR2,WV"
INSAT3D_20190612_2100Z,2019-06-12T21:00:00Z,2019,6,12,21,PRETRAIN_TRAIN,data/interim/gridsat/2019/gridsat_2019.06.12.21.npz,595265,72,116,"TIR1,TIR2,WV"
INSAT3D_20190613_0000Z,2019-06-13T00:00:00Z,2019,6,13,0,PRETRAIN_TRAIN,data/interim/gridsat/2019/gridsat_2019.06.13.00.npz,591446,72,116,"TIR1,TIR2,WV"
INSAT3D_20190613_0300Z,2019-06-13T03:00:00Z,2019,6,13,3,PRETRAIN_TRAIN,data/interim/gridsat/2019/gridsat_2019.06.13.03.npz,587457,72,116,"TIR1,TIR2,WV"
INSAT3D_20190613_0600Z,2019-06-13T06:00:00Z,2019,6,13,6,PRETRAIN_TRAIN,data/interim/gridsat/2019/gridsat_2019.06.13.06.npz,611830,72,116,"TIR1,TIR2,WV"
INSAT3D_20190613_0900Z,2019-06-13T09:00:00Z,2019,6,13,9,PRETRAIN_TRAIN,data/interim/gridsat/2019/gridsat_2019.06.13.09.npz,635247,72,116,"TIR1,TIR2,WV"
INSAT3D_20190613_1200Z,2019-06-13T12:00:00Z,2019,6,13,12,PRETRAIN_TRAIN,data/interim/gridsat/2019/gridsat_2019.06.13.12.npz,635262,72,116,"TIR1,TIR2,WV"
INSAT3D_20190613_1500Z,2019-06-13T15:00:00Z,2019,6,13,15,PRETRAIN_TRAIN,data/interim/gridsat/2019/gridsat_2019.06.13.15.npz,604833,72,116,"TIR1,TIR2,WV"
INSAT3D_20190613_1800Z,2019-06-13T18:00:00Z,2019,6,13,18,PRETRAIN_TRAIN,data/interim/gridsat/2019/gridsat_2019.06.13.18.npz,595186,72,116,"TIR1,TIR2,WV"
INSAT3D_20190613_2100Z,2019-06-13T21:00:00Z,2019,6,13,21,PRETRAIN_TRAIN,data/interim/gridsat/2019/gridsat_2019.06.13.21.npz,593790,72,116,"TIR1,TIR2,WV"
INSAT3D_20190614_0000Z,2019-06-14T00:00:00Z,2019,6,14,0,PRETRAIN_TRAIN,data/interim/gridsat/2019/gridsat_2019.06.14.00.npz,586104,72,116,"TIR1,TIR2,WV"
INSAT3D_20190614_0300Z,2019-06-14T03:00:00Z,2019,6,14,3,PRETRAIN_TRAIN,data/interim/gridsat/2019/gridsat_2019.06.14.03.npz,581145,72,116,"TIR1,TIR2,WV"
INSAT3D_20190614_0600Z,2019-06-14T06:00:00Z,2019,6,14,6,PRETRAIN_TRAIN,data/interim/gridsat/2019/gridsat_2019.06.14.06.npz,608603,72,116,"TIR1,TIR2,WV"
INSAT3D_20190614_0900Z,2019-06-14T09:00:00Z,2019,6,14,9,PRETRAIN_TRAIN,data/interim/gridsat/2019/gridsat_2019.06.14.09.npz,631431,72,116,"TIR1,TIR2,WV"
INSAT3D_20190614_1200Z,2019-06-14T12:00:00Z,2019,6,14,12,PRETRAIN_TRAIN,data/interim/gridsat/2019/gridsat_2019.06.14.12.npz,627577,72,116,"TIR1,TIR2,WV"
INSAT3D_20190614_1500Z,2019-06-14T15:00:00Z,2019,6,14,15,PRETRAIN_TRAIN,data/interim/gridsat/2019/gridsat_2019.06.14.15.npz,603068,72,116,"TIR1,TIR2,WV"
INSAT3D_20190614_1800Z,2019-06-14T18:00:00Z,2019,6,14,18,PRETRAIN_TRAIN,data/interim/gridsat/2019/gridsat_2019.06.14.18.npz,595459,72,116,"TIR1,TIR2,WV"
INSAT3D_20190614_2100Z,2019-06-14T21:00:00Z,2019,6,14,21,PRETRAIN_TRAIN,data/interim/gridsat/2019/gridsat_2019.06.14.21.npz,597161,72,116,"TIR1,TIR2,WV"
INSAT3D_20190615_0000Z,2019-06-15T00:00:00Z,2019,6,15,0,PRETRAIN_TRAIN,data/interim/gridsat/2019/gridsat_2019.06.15.00.npz,591587,72,116,"TIR1,TIR2,WV"
INSAT3D_20190615_0300Z,2019-06-15T03:00:00Z,2019,6,15,3,PRETRAIN_TRAIN,data/interim/gridsat/2019/gridsat_2019.06.15.03.npz,582181,72,116,"TIR1,TIR2,WV"
INSAT3D_20190615_0600Z,2019-06-15T06:00:00Z,2019,6,15,6,PRETRAIN_TRAIN,data/interim/gridsat/2019/gridsat_2019.06.15.06.npz,606070,72,116,"TIR1,TIR2,WV"
INSAT3D_20190615_0900Z,2019-06-15T09:00:00Z,2019,6,15,9,PRETRAIN_TRAIN,data/interim/gridsat/2019/gridsat_2019.06.15.09.npz,633381,72,116,"TIR1,TIR2,WV"
INSAT3D_20190615_1200Z,2019-06-15T12:00:00Z,2019,6,15,12,PRETRAIN_TRAIN,data/interim/gridsat/2019/gridsat_2019.06.15.12.npz,632518,72,116,"TIR1,TIR2,WV"
INSAT3D_20190805_1500Z,2019-08-05T15:00:00Z,2019,8,5,15,PRETRAIN_TRAIN,data/interim/gridsat/2019/gridsat_2019.08.05.15.npz,600792,72,116,"TIR1,TIR2,WV"
INSAT3D_20190805_1800Z,2019-08-05T18:00:00Z,2019,8,5,18,PRETRAIN_TRAIN,data/interim/gridsat/2019/gridsat_2019.08.05.18.npz,603199,72,116,"TIR1,TIR2,WV"
INSAT3D_20190805_2100Z,2019-08-05T21:00:00Z,2019,8,5,21,PRETRAIN_TRAIN,data/interim/gridsat/2019/gridsat_2019.08.05.21.npz,609925,72,116,"TIR1,TIR2,WV"
INSAT3D_20190806_0000Z,2019-08-06T00:00:00Z,2019,8,6,0,PRETRAIN_TRAIN,data/interim/gridsat/2019/gridsat_2019.08.06.00.npz,610170,72,116,"TIR1,TIR2,WV"
INSAT3D_20190806_0300Z,2019-08-06T03:00:00Z,2019,8,6,3,PRETRAIN_TRAIN,data/interim/gridsat/2019/gridsat_2019.08.06.03.npz,605862,72,116,"TIR1,TIR2,WV"
INSAT3D_20190806_0600Z,2019-08-06T06:00:00Z,2019,8,6,6,PRETRAIN_TRAIN,data/interim/gridsat/2019/gridsat_2019.08.06.06.npz,618644,72,116,"TIR1,TIR2,WV"
INSAT3D_20190806_0900Z,2019-08-06T09:00:00Z,2019,8,6,9,PRETRAIN_TRAIN,data/interim/gridsat/2019/gridsat_2019.08.06.09.npz,625230,72,116,"TIR1,TIR2,WV"
INSAT3D_20190806_1200Z,2019-08-06T12:00:00Z,2019,8,6,12,PRETRAIN_TRAIN,data/interim/gridsat/2019/gridsat_2019.08.06.12.npz,613135,72,116,"TIR1,TIR2,WV"
INSAT3D_20190806_1500Z,2019-08-06T15:00:00Z,2019,8,6,15,PRETRAIN_TRAIN,data/interim/gridsat/2019/gridsat_2019.08.06.15.npz,589705,72,116,"TIR1,TIR2,WV"
INSAT3D_20190806_1800Z,2019-08-06T18:00:00Z,2019,8,6,18,PRETRAIN_TRAIN,data/interim/gridsat/2019/gridsat_2019.08.06.18.npz,590689,72,116,"TIR1,TIR2,WV"
INSAT3D_20190806_2100Z,2019-08-06T21:00:00Z,2019,8,6,21,PRETRAIN_TRAIN,data/interim/gridsat/2019/gridsat_2019.08.06.21.npz,596170,72,116,"TIR1,TIR2,WV"
INSAT3D_20190807_0000Z,2019-08-07T00:00:00Z,2019,8,7,0,PRETRAIN_TRAIN,data/interim/gridsat/2019/gridsat_2019.08.07.00.npz,600598,72,116,"TIR1,TIR2,WV"
INSAT3D_20190807_0300Z,2019-08-07T03:00:00Z,2019,8,7,3,PRETRAIN_TRAIN,data/interim/gridsat/2019/gridsat_2019.08.07.03.npz,604150,72,116,"TIR1,TIR2,WV"
INSAT3D_20190807_0600Z,2019-08-07T06:00:00Z,2019,8,7,6,PRETRAIN_TRAIN,data/interim/gridsat/2019/gridsat_2019.08.07.06.npz,619777,72,116,"TIR1,TIR2,WV"
INSAT3D_20190921_1500Z,2019-09-21T15:00:00Z,2019,9,21,15,PRETRAIN_TRAIN,data/interim/gridsat/2019/gridsat_2019.09.21.15.npz,556238,72,116,"TIR1,TIR2,WV"
INSAT3D_20190921_1800Z,2019-09-21T18:00:00Z,2019,9,21,18,PRETRAIN_TRAIN,data/interim/gridsat/2019/gridsat_2019.09.21.18.npz,551726,72,116,"TIR1,TIR2,WV"
INSAT3D_20190921_2100Z,2019-09-21T21:00:00Z,2019,9,21,21,PRETRAIN_TRAIN,data/interim/gridsat/2019/gridsat_2019.09.21.21.npz,554423,72,116,"TIR1,TIR2,WV"
INSAT3D_20190922_0000Z,2019-09-22T00:00:00Z,2019,9,22,0,PRETRAIN_TRAIN,data/interim/gridsat/2019/gridsat_2019.09.22.00.npz,555443,72,116,"TIR1,TIR2,WV"
INSAT3D_20190922_0300Z,2019-09-22T03:00:00Z,2019,9,22,3,PRETRAIN_TRAIN,data/interim/gridsat/2019/gridsat_2019.09.22.03.npz,557306,72,116,"TIR1,TIR2,WV"
INSAT3D_20190922_0600Z,2019-09-22T06:00:00Z,2019,9,22,6,PRETRAIN_TRAIN,data/interim/gridsat/2019/gridsat_2019.09.22.06.npz,587105,72,116,"TIR1,TIR2,WV"
INSAT3D_20190922_0900Z,2019-09-22T09:00:00Z,2019,9,22,9,PRETRAIN_TRAIN,data/interim/gridsat/2019/gridsat_2019.09.22.09.npz,607980,72,116,"TIR1,TIR2,WV"
INSAT3D_20190922_1200Z,2019-09-22T12:00:00Z,2019,9,22,12,PRETRAIN_TRAIN,data/interim/gridsat/2019/gridsat_2019.09.22.12.npz,594490,72,116,"TIR1,TIR2,WV"
INSAT3D_20190922_1500Z,2019-09-22T15:00:00Z,2019,9,22,15,PRETRAIN_TRAIN,data/interim/gridsat/2019/gridsat_2019.09.22.15.npz,576062,72,116,"TIR1,TIR2,WV"
INSAT3D_20190922_1800Z,2019-09-22T18:00:00Z,2019,9,22,18,PRETRAIN_TRAIN,data/interim/gridsat/2019/gridsat_2019.09.22.18.npz,577218,72,116,"TIR1,TIR2,WV"
INSAT3D_20190922_2100Z,2019-09-22T21:00:00Z,2019,9,22,21,PRETRAIN_TRAIN,data/interim/gridsat/2019/gridsat_2019.09.22.21.npz,575489,72,116,"TIR1,TIR2,WV"
INSAT3D_20190923_0000Z,2019-09-23T00:00:00Z,2019,9,23,0,PRETRAIN_TRAIN,data/interim/gridsat/2019/gridsat_2019.09.23.00.npz,570081,72,116,"TIR1,TIR2,WV"
INSAT3D_20190923_0300Z,2019-09-23T03:00:00Z,2019,9,23,3,PRETRAIN_TRAIN,data/interim/gridsat/2019/gridsat_2019.09.23.03.npz,563956,72,116,"TIR1,TIR2,WV"
INSAT3D_20190923_0600Z,2019-09-23T06:00:00Z,2019,9,23,6,PRETRAIN_TRAIN,data/interim/gridsat/2019/gridsat_2019.09.23.06.npz,588812,72,116,"TIR1,TIR2,WV"
INSAT3D_20191023_1500Z,2019-10-23T15:00:00Z,2019,10,23,15,PRETRAIN_TRAIN,data/interim/gridsat/2019/gridsat_2019.10.23.15.npz,578641,72,116,"TIR1,TIR2,WV"
INSAT3D_20191023_1800Z,2019-10-23T18:00:00Z,2019,10,23,18,PRETRAIN_TRAIN,data/interim/gridsat/2019/gridsat_2019.10.23.18.npz,586365,72,116,"TIR1,TIR2,WV"
INSAT3D_20191023_2100Z,2019-10-23T21:00:00Z,2019,10,23,21,PRETRAIN_TRAIN,data/interim/gridsat/2019/gridsat_2019.10.23.21.npz,593292,72,116,"TIR1,TIR2,WV"
INSAT3D_20191024_0000Z,2019-10-24T00:00:00Z,2019,10,24,0,PRETRAIN_TRAIN,data/interim/gridsat/2019/gridsat_2019.10.24.00.npz,589645,72,116,"TIR1,TIR2,WV"
INSAT3D_20191024_0300Z,2019-10-24T03:00:00Z,2019,10,24,3,PRETRAIN_TRAIN,data/interim/gridsat/2019/gridsat_2019.10.24.03.npz,585070,72,116,"TIR1,TIR2,WV"
INSAT3D_20191024_0600Z,2019-10-24T06:00:00Z,2019,10,24,6,PRETRAIN_TRAIN,data/interim/gridsat/2019/gridsat_2019.10.24.06.npz,616278,72,116,"TIR1,TIR2,WV"
INSAT3D_20191024_0900Z,2019-10-24T09:00:00Z,2019,10,24,9,PRETRAIN_TRAIN,data/interim/gridsat/2019/gridsat_2019.10.24.09.npz,634966,72,116,"TIR1,TIR2,WV"
INSAT3D_20191024_1200Z,2019-10-24T12:00:00Z,2019,10,24,12,PRETRAIN_TRAIN,data/interim/gridsat/2019/gridsat_2019.10.24.12.npz,617725,72,116,"TIR1,TIR2,WV"
INSAT3D_20191024_1500Z,2019-10-24T15:00:00Z,2019,10,24,15,PRETRAIN_TRAIN,data/interim/gridsat/2019/gridsat_2019.10.24.15.npz,595328,72,116,"TIR1,TIR2,WV"
INSAT3D_20191024_1800Z,2019-10-24T18:00:00Z,2019,10,24,18,PRETRAIN_TRAIN,data/interim/gridsat/2019/gridsat_2019.10.24.18.npz,590160,72,116,"TIR1,TIR2,WV"
INSAT3D_20191024_2100Z,2019-10-24T21:00:00Z,2019,10,24,21,PRETRAIN_TRAIN,data/interim/gridsat/2019/gridsat_2019.10.24.21.npz,593694,72,116,"TIR1,TIR2,WV"
INSAT3D_20191025_0000Z,2019-10-25T00:00:00Z,2019,10,25,0,PRETRAIN_TRAIN,data/interim/gridsat/2019/gridsat_2019.10.25.00.npz,585618,72,116,"TIR1,TIR2,WV"
INSAT3D_20191025_0300Z,2019-10-25T03:00:00Z,2019,10,25,3,PRETRAIN_TRAIN,data/interim/gridsat/2019/gridsat_2019.10.25.03.npz,576983,72,116,"TIR1,TIR2,WV"
INSAT3D_20191025_0600Z,2019-10-25T06:00:00Z,2019,10,25,6,PRETRAIN_TRAIN,data/interim/gridsat/2019/gridsat_2019.10.25.06.npz,602490,72,116,"TIR1,TIR2,WV"
INSAT3D_20191025_0900Z,2019-10-25T09:00:00Z,2019,10,25,9,PRETRAIN_TRAIN,data/interim/gridsat/2019/gridsat_2019.10.25.09.npz,615430,72,116,"TIR1,TIR2,WV"
INSAT3D_20191025_1200Z,2019-10-25T12:00:00Z,2019,10,25,12,PRETRAIN_TRAIN,data/interim/gridsat/2019/gridsat_2019.10.25.12.npz,599030,72,116,"TIR1,TIR2,WV"
INSAT3D_20191025_1500Z,2019-10-25T15:00:00Z,2019,10,25,15,PRETRAIN_TRAIN,data/interim/gridsat/2019/gridsat_2019.10.25.15.npz,580774,72,116,"TIR1,TIR2,WV"
INSAT3D_20191025_1800Z,2019-10-25T18:00:00Z,2019,10,25,18,PRETRAIN_TRAIN,data/interim/gridsat/2019/gridsat_2019.10.25.18.npz,572610,72,116,"TIR1,TIR2,WV"
INSAT3D_20191025_2100Z,2019-10-25T21:00:00Z,2019,10,25,21,PRETRAIN_TRAIN,data/interim/gridsat/2019/gridsat_2019.10.25.21.npz,571162,72,116,"TIR1,TIR2,WV"
INSAT3D_20191026_0000Z,2019-10-26T00:00:00Z,2019,10,26,0,PRETRAIN_TRAIN,data/interim/gridsat/2019/gridsat_2019.10.26.00.npz,560010,72,116,"TIR1,TIR2,WV"
INSAT3D_20191026_0300Z,2019-10-26T03:00:00Z,2019,10,26,3,PRETRAIN_TRAIN,data/interim/gridsat/2019/gridsat_2019.10.26.03.npz,558424,72,116,"TIR1,TIR2,WV"
INSAT3D_20191026_0600Z,2019-10-26T06:00:00Z,2019,10,26,6,PRETRAIN_TRAIN,data/interim/gridsat/2019/gridsat_2019.10.26.06.npz,586501,72,116,"TIR1,TIR2,WV"
INSAT3D_20191026_0900Z,2019-10-26T09:00:00Z,2019,10,26,9,PRETRAIN_TRAIN,data/interim/gridsat/2019/gridsat_2019.10.26.09.npz,607411,72,116,"TIR1,TIR2,WV"
INSAT3D_20191026_1200Z,2019-10-26T12:00:00Z,2019,10,26,12,PRETRAIN_TRAIN,data/interim/gridsat/2019/gridsat_2019.10.26.12.npz,589911,72,116,"TIR1,TIR2,WV"
INSAT3D_20191026_1500Z,2019-10-26T15:00:00Z,2019,10,26,15,PRETRAIN_TRAIN,data/interim/gridsat/2019/gridsat_2019.10.26.15.npz,571548,72,116,"TIR1,TIR2,WV"
INSAT3D_20191026_1800Z,2019-10-26T18:00:00Z,2019,10,26,18,PRETRAIN_TRAIN,data/interim/gridsat/2019/gridsat_2019.10.26.18.npz,564405,72,116,"TIR1,TIR2,WV"
INSAT3D_20191026_2100Z,2019-10-26T21:00:00Z,2019,10,26,21,PRETRAIN_TRAIN,data/interim/gridsat/2019/gridsat_2019.10.26.21.npz,567220,72,116,"TIR1,TIR2,WV"
INSAT3D_20191027_0000Z,2019-10-27T00:00:00Z,2019,10,27,0,PRETRAIN_TRAIN,data/interim/gridsat/2019/gridsat_2019.10.27.00.npz,564018,72,116,"TIR1,TIR2,WV"
INSAT3D_20191027_0300Z,2019-10-27T03:00:00Z,2019,10,27,3,PRETRAIN_TRAIN,data/interim/gridsat/2019/gridsat_2019.10.27.03.npz,563409,72,116,"TIR1,TIR2,WV"
INSAT3D_20191027_0600Z,2019-10-27T06:00:00Z,2019,10,27,6,PRETRAIN_TRAIN,data/interim/gridsat/2019/gridsat_2019.10.27.06.npz,590059,72,116,"TIR1,TIR2,WV"
INSAT3D_20191027_0900Z,2019-10-27T09:00:00Z,2019,10,27,9,PRETRAIN_TRAIN,data/interim/gridsat/2019/gridsat_2019.10.27.09.npz,610755,72,116,"TIR1,TIR2,WV"
INSAT3D_20191027_1200Z,2019-10-27T12:00:00Z,2019,10,27,12,PRETRAIN_TRAIN,data/interim/gridsat/2019/gridsat_2019.10.27.12.npz,588199,72,116,"TIR1,TIR2,WV"
INSAT3D_20191027_1500Z,2019-10-27T15:00:00Z,2019,10,27,15,PRETRAIN_TRAIN,data/interim/gridsat/2019/gridsat_2019.10.27.15.npz,564981,72,116,"TIR1,TIR2,WV"
INSAT3D_20191027_1800Z,2019-10-27T18:00:00Z,2019,10,27,18,PRETRAIN_TRAIN,data/interim/gridsat/2019/gridsat_2019.10.27.18.npz,559498,72,116,"TIR1,TIR2,WV"
INSAT3D_20191027_2100Z,2019-10-27T21:00:00Z,2019,10,27,21,PRETRAIN_TRAIN,data/interim/gridsat/2019/gridsat_2019.10.27.21.npz,562646,72,116,"TIR1,TIR2,WV"
INSAT3D_20191028_0000Z,2019-10-28T00:00:00Z,2019,10,28,0,PRETRAIN_TRAIN,data/interim/gridsat/2019/gridsat_2019.10.28.00.npz,561709,72,116,"TIR1,TIR2,WV"
INSAT3D_20191028_0300Z,2019-10-28T03:00:00Z,2019,10,28,3,PRETRAIN_TRAIN,data/interim/gridsat/2019/gridsat_2019.10.28.03.npz,564323,72,116,"TIR1,TIR2,WV"
INSAT3D_20191028_0600Z,2019-10-28T06:00:00Z,2019,10,28,6,PRETRAIN_TRAIN,data/interim/gridsat/2019/gridsat_2019.10.28.06.npz,593769,72,116,"TIR1,TIR2,WV"
INSAT3D_20191028_0900Z,2019-10-28T09:00:00Z,2019,10,28,9,PRETRAIN_TRAIN,data/interim/gridsat/2019/gridsat_2019.10.28.09.npz,613035,72,116,"TIR1,TIR2,WV"
INSAT3D_20191028_1200Z,2019-10-28T12:00:00Z,2019,10,28,12,PRETRAIN_TRAIN,data/interim/gridsat/2019/gridsat_2019.10.28.12.npz,591046,72,116,"TIR1,TIR2,WV"
INSAT3D_20191028_1500Z,2019-10-28T15:00:00Z,2019,10,28,15,PRETRAIN_TRAIN,data/interim/gridsat/2019/gridsat_2019.10.28.15.npz,566832,72,116,"TIR1,TIR2,WV"
INSAT3D_20191028_1800Z,2019-10-28T18:00:00Z,2019,10,28,18,PRETRAIN_TRAIN,data/interim/gridsat/2019/gridsat_2019.10.28.18.npz,559322,72,116,"TIR1,TIR2,WV"
INSAT3D_20191028_2100Z,2019-10-28T21:00:00Z,2019,10,28,21,PRETRAIN_TRAIN,data/interim/gridsat/2019/gridsat_2019.10.28.21.npz,561759,72,116,"TIR1,TIR2,WV"
INSAT3D_20191029_0000Z,2019-10-29T00:00:00Z,2019,10,29,0,PRETRAIN_TRAIN,data/interim/gridsat/2019/gridsat_2019.10.29.00.npz,556802,72,116,"TIR1,TIR2,WV"
INSAT3D_20191029_0300Z,2019-10-29T03:00:00Z,2019,10,29,3,PRETRAIN_TRAIN,data/interim/gridsat/2019/gridsat_2019.10.29.03.npz,553387,72,116,"TIR1,TIR2,WV"
INSAT3D_20191029_0600Z,2019-10-29T06:00:00Z,2019,10,29,6,PRETRAIN_TRAIN,data/interim/gridsat/2019/gridsat_2019.10.29.06.npz,576932,72,116,"TIR1,TIR2,WV"
INSAT3D_20191029_0900Z,2019-10-29T09:00:00Z,2019,10,29,9,PRETRAIN_TRAIN,data/interim/gridsat/2019/gridsat_2019.10.29.09.npz,597183,72,116,"TIR1,TIR2,WV"
INSAT3D_20191029_1200Z,2019-10-29T12:00:00Z,2019,10,29,12,PRETRAIN_TRAIN,data/interim/gridsat/2019/gridsat_2019.10.29.12.npz,578918,72,116,"TIR1,TIR2,WV"
INSAT3D_20191029_1500Z,2019-10-29T15:00:00Z,2019,10,29,15,PRETRAIN_TRAIN,data/interim/gridsat/2019/gridsat_2019.10.29.15.npz,555474,72,116,"TIR1,TIR2,WV"
INSAT3D_20191029_1800Z,2019-10-29T18:00:00Z,2019,10,29,18,PRETRAIN_TRAIN,data/interim/gridsat/2019/gridsat_2019.10.29.18.npz,553226,72,116,"TIR1,TIR2,WV"
INSAT3D_20191029_2100Z,2019-10-29T21:00:00Z,2019,10,29,21,PRETRAIN_TRAIN,data/interim/gridsat/2019/gridsat_2019.10.29.21.npz,556922,72,116,"TIR1,TIR2,WV"
INSAT3D_20191030_0000Z,2019-10-30T00:00:00Z,2019,10,30,0,PRETRAIN_TRAIN,data/interim/gridsat/2019/gridsat_2019.10.30.00.npz,555560,72,116,"TIR1,TIR2,WV"
INSAT3D_20191030_0300Z,2019-10-30T03:00:00Z,2019,10,30,3,PRETRAIN_TRAIN,data/interim/gridsat/2019/gridsat_2019.10.30.03.npz,554482,72,116,"TIR1,TIR2,WV"
INSAT3D_20191030_0600Z,2019-10-30T06:00:00Z,2019,10,30,6,PRETRAIN_TRAIN,data/interim/gridsat/2019/gridsat_2019.10.30.06.npz,582983,72,116,"TIR1,TIR2,WV"
INSAT3D_20191030_0900Z,2019-10-30T09:00:00Z,2019,10,30,9,PRETRAIN_TRAIN,data/interim/gridsat/2019/gridsat_2019.10.30.09.npz,606868,72,116,"TIR1,TIR2,WV"
INSAT3D_20191030_1200Z,2019-10-30T12:00:00Z,2019,10,30,12,PRETRAIN_TRAIN,data/interim/gridsat/2019/gridsat_2019.10.30.12.npz,587317,72,116,"TIR1,TIR2,WV"
INSAT3D_20191030_1500Z,2019-10-30T15:00:00Z,2019,10,30,15,PRETRAIN_TRAIN,data/interim/gridsat/2019/gridsat_2019.10.30.15.npz,574287,72,116,"TIR1,TIR2,WV"
INSAT3D_20191030_1800Z,2019-10-30T18:00:00Z,2019,10,30,18,PRETRAIN_TRAIN,data/interim/gridsat/2019/gridsat_2019.10.30.18.npz,575379,72,116,"TIR1,TIR2,WV"
INSAT3D_20191030_2100Z,2019-10-30T21:00:00Z,2019,10,30,21,PRETRAIN_TRAIN,data/interim/gridsat/2019/gridsat_2019.10.30.21.npz,573786,72,116,"TIR1,TIR2,WV"
INSAT3D_20191031_0000Z,2019-10-31T00:00:00Z,2019,10,31,0,PRETRAIN_TRAIN,data/interim/gridsat/2019/gridsat_2019.10.31.00.npz,561052,72,116,"TIR1,TIR2,WV"
INSAT3D_20191031_0300Z,2019-10-31T03:00:00Z,2019,10,31,3,PRETRAIN_TRAIN,data/interim/gridsat/2019/gridsat_2019.10.31.03.npz,549158,72,116,"TIR1,TIR2,WV"
INSAT3D_20191031_0600Z,2019-10-31T06:00:00Z,2019,10,31,6,PRETRAIN_TRAIN,data/interim/gridsat/2019/gridsat_2019.10.31.06.npz,579220,72,116,"TIR1,TIR2,WV"
INSAT3D_20191031_0900Z,2019-10-31T09:00:00Z,2019,10,31,9,PRETRAIN_TRAIN,data/interim/gridsat/2019/gridsat_2019.10.31.09.npz,605755,72,116,"TIR1,TIR2,WV"
INSAT3D_20191031_1200Z,2019-10-31T12:00:00Z,2019,10,31,12,PRETRAIN_TRAIN,data/interim/gridsat/2019/gridsat_2019.10.31.12.npz,584838,72,116,"TIR1,TIR2,WV"
INSAT3D_20191031_1500Z,2019-10-31T15:00:00Z,2019,10,31,15,PRETRAIN_TRAIN,data/interim/gridsat/2019/gridsat_2019.10.31.15.npz,567466,72,116,"TIR1,TIR2,WV"
INSAT3D_20191104_0900Z,2019-11-04T09:00:00Z,2019,11,4,9,PRETRAIN_TRAIN,data/interim/gridsat/2019/gridsat_2019.11.04.09.npz,579648,72,116,"TIR1,TIR2,WV"
INSAT3D_20191104_1200Z,2019-11-04T12:00:00Z,2019,11,4,12,PRETRAIN_TRAIN,data/interim/gridsat/2019/gridsat_2019.11.04.12.npz,550227,72,116,"TIR1,TIR2,WV"
INSAT3D_20191104_1500Z,2019-11-04T15:00:00Z,2019,11,4,15,PRETRAIN_TRAIN,data/interim/gridsat/2019/gridsat_2019.11.04.15.npz,532820,72,116,"TIR1,TIR2,WV"
INSAT3D_20191104_1800Z,2019-11-04T18:00:00Z,2019,11,4,18,PRETRAIN_TRAIN,data/interim/gridsat/2019/gridsat_2019.11.04.18.npz,532451,72,116,"TIR1,TIR2,WV"
INSAT3D_20191104_2100Z,2019-11-04T21:00:00Z,2019,11,4,21,PRETRAIN_TRAIN,data/interim/gridsat/2019/gridsat_2019.11.04.21.npz,534058,72,116,"TIR1,TIR2,WV"
INSAT3D_20191105_0000Z,2019-11-05T00:00:00Z,2019,11,5,0,PRETRAIN_TRAIN,data/interim/gridsat/2019/gridsat_2019.11.05.00.npz,525513,72,116,"TIR1,TIR2,WV"
INSAT3D_20191105_0300Z,2019-11-05T03:00:00Z,2019,11,5,3,PRETRAIN_TRAIN,data/interim/gridsat/2019/gridsat_2019.11.05.03.npz,520455,72,116,"TIR1,TIR2,WV"
INSAT3D_20191105_0600Z,2019-11-05T06:00:00Z,2019,11,5,6,PRETRAIN_TRAIN,data/interim/gridsat/2019/gridsat_2019.11.05.06.npz,550108,72,116,"TIR1,TIR2,WV"
INSAT3D_20191105_0900Z,2019-11-05T09:00:00Z,2019,11,5,9,PRETRAIN_TRAIN,data/interim/gridsat/2019/gridsat_2019.11.05.09.npz,571723,72,116,"TIR1,TIR2,WV"
INSAT3D_20191105_1200Z,2019-11-05T12:00:00Z,2019,11,5,12,PRETRAIN_TRAIN,data/interim/gridsat/2019/gridsat_2019.11.05.12.npz,543602,72,116,"TIR1,TIR2,WV"
INSAT3D_20191105_1500Z,2019-11-05T15:00:00Z,2019,11,5,15,PRETRAIN_TRAIN,data/interim/gridsat/2019/gridsat_2019.11.05.15.npz,533898,72,116,"TIR1,TIR2,WV"
INSAT3D_20191105_1800Z,2019-11-05T18:00:00Z,2019,11,5,18,PRETRAIN_TRAIN,data/interim/gridsat/2019/gridsat_2019.11.05.18.npz,532945,72,116,"TIR1,TIR2,WV"
INSAT3D_20191105_2100Z,2019-11-05T21:00:00Z,2019,11,5,21,PRETRAIN_TRAIN,data/interim/gridsat/2019/gridsat_2019.11.05.21.npz,534813,72,116,"TIR1,TIR2,WV"
INSAT3D_20191106_0000Z,2019-11-06T00:00:00Z,2019,11,6,0,PRETRAIN_TRAIN,data/interim/gridsat/2019/gridsat_2019.11.06.00.npz,536750,72,116,"TIR1,TIR2,WV"
INSAT3D_20191106_0300Z,2019-11-06T03:00:00Z,2019,11,6,3,PRETRAIN_TRAIN,data/interim/gridsat/2019/gridsat_2019.11.06.03.npz,539134,72,116,"TIR1,TIR2,WV"
INSAT3D_20191106_0600Z,2019-11-06T06:00:00Z,2019,11,6,6,PRETRAIN_TRAIN,data/interim/gridsat/2019/gridsat_2019.11.06.06.npz,564374,72,116,"TIR1,TIR2,WV"
INSAT3D_20191106_0900Z,2019-11-06T09:00:00Z,2019,11,6,9,PRETRAIN_TRAIN,data/interim/gridsat/2019/gridsat_2019.11.06.09.npz,585516,72,116,"TIR1,TIR2,WV"
INSAT3D_20191106_1200Z,2019-11-06T12:00:00Z,2019,11,6,12,PRETRAIN_TRAIN,data/interim/gridsat/2019/gridsat_2019.11.06.12.npz,556408,72,116,"TIR1,TIR2,WV"
INSAT3D_20191106_1500Z,2019-11-06T15:00:00Z,2019,11,6,15,PRETRAIN_TRAIN,data/interim/gridsat/2019/gridsat_2019.11.06.15.npz,531850,72,116,"TIR1,TIR2,WV"
INSAT3D_20191106_1800Z,2019-11-06T18:00:00Z,2019,11,6,18,PRETRAIN_TRAIN,data/interim/gridsat/2019/gridsat_2019.11.06.18.npz,533256,72,116,"TIR1,TIR2,WV"
INSAT3D_20191106_2100Z,2019-11-06T21:00:00Z,2019,11,6,21,PRETRAIN_TRAIN,data/interim/gridsat/2019/gridsat_2019.11.06.21.npz,538707,72,116,"TIR1,TIR2,WV"
INSAT3D_20191107_0000Z,2019-11-07T00:00:00Z,2019,11,7,0,PRETRAIN_TRAIN,data/interim/gridsat/2019/gridsat_2019.11.07.00.npz,537687,72,116,"TIR1,TIR2,WV"
INSAT3D_20191107_0300Z,2019-11-07T03:00:00Z,2019,11,7,3,PRETRAIN_TRAIN,data/interim/gridsat/2019/gridsat_2019.11.07.03.npz,532024,72,116,"TIR1,TIR2,WV"
INSAT3D_20191107_0600Z,2019-11-07T06:00:00Z,2019,11,7,6,PRETRAIN_TRAIN,data/interim/gridsat/2019/gridsat_2019.11.07.06.npz,551855,72,116,"TIR1,TIR2,WV"
INSAT3D_20191107_0900Z,2019-11-07T09:00:00Z,2019,11,7,9,PRETRAIN_TRAIN,data/interim/gridsat/2019/gridsat_2019.11.07.09.npz,571485,72,116,"TIR1,TIR2,WV"
INSAT3D_20191107_1200Z,2019-11-07T12:00:00Z,2019,11,7,12,PRETRAIN_TRAIN,data/interim/gridsat/2019/gridsat_2019.11.07.12.npz,544343,72,116,"TIR1,TIR2,WV"
INSAT3D_20191107_1500Z,2019-11-07T15:00:00Z,2019,11,7,15,PRETRAIN_TRAIN,data/interim/gridsat/2019/gridsat_2019.11.07.15.npz,533556,72,116,"TIR1,TIR2,WV"
INSAT3D_20191107_1800Z,2019-11-07T18:00:00Z,2019,11,7,18,PRETRAIN_TRAIN,data/interim/gridsat/2019/gridsat_2019.11.07.18.npz,534426,72,116,"TIR1,TIR2,WV"
INSAT3D_20191107_2100Z,2019-11-07T21:00:00Z,2019,11,7,21,PRETRAIN_TRAIN,data/interim/gridsat/2019/gridsat_2019.11.07.21.npz,540571,72,116,"TIR1,TIR2,WV"
INSAT3D_20191108_0000Z,2019-11-08T00:00:00Z,2019,11,8,0,PRETRAIN_TRAIN,data/interim/gridsat/2019/gridsat_2019.11.08.00.npz,537525,72,116,"TIR1,TIR2,WV"
INSAT3D_20191108_0300Z,2019-11-08T03:00:00Z,2019,11,8,3,PRETRAIN_TRAIN,data/interim/gridsat/2019/gridsat_2019.11.08.03.npz,534873,72,116,"TIR1,TIR2,WV"
INSAT3D_20191108_0600Z,2019-11-08T06:00:00Z,2019,11,8,6,PRETRAIN_TRAIN,data/interim/gridsat/2019/gridsat_2019.11.08.06.npz,554175,72,116,"TIR1,TIR2,WV"
INSAT3D_20191108_0900Z,2019-11-08T09:00:00Z,2019,11,8,9,PRETRAIN_TRAIN,data/interim/gridsat/2019/gridsat_2019.11.08.09.npz,573860,72,116,"TIR1,TIR2,WV"
INSAT3D_20191201_2100Z,2019-12-01T21:00:00Z,2019,12,1,21,PRETRAIN_TRAIN,data/interim/gridsat/2019/gridsat_2019.12.01.21.npz,571719,72,116,"TIR1,TIR2,WV"
INSAT3D_20191202_0000Z,2019-12-02T00:00:00Z,2019,12,2,0,PRETRAIN_TRAIN,data/interim/gridsat/2019/gridsat_2019.12.02.00.npz,569378,72,116,"TIR1,TIR2,WV"
INSAT3D_20191202_0300Z,2019-12-02T03:00:00Z,2019,12,2,3,PRETRAIN_TRAIN,data/interim/gridsat/2019/gridsat_2019.12.02.03.npz,566241,72,116,"TIR1,TIR2,WV"
INSAT3D_20191202_0600Z,2019-12-02T06:00:00Z,2019,12,2,6,PRETRAIN_TRAIN,data/interim/gridsat/2019/gridsat_2019.12.02.06.npz,586753,72,116,"TIR1,TIR2,WV"
INSAT3D_20191202_0900Z,2019-12-02T09:00:00Z,2019,12,2,9,PRETRAIN_TRAIN,data/interim/gridsat/2019/gridsat_2019.12.02.09.npz,604295,72,116,"TIR1,TIR2,WV"
INSAT3D_20191202_1200Z,2019-12-02T12:00:00Z,2019,12,2,12,PRETRAIN_TRAIN,data/interim/gridsat/2019/gridsat_2019.12.02.12.npz,575000,72,116,"TIR1,TIR2,WV"
INSAT3D_20191202_1500Z,2019-12-02T15:00:00Z,2019,12,2,15,PRETRAIN_TRAIN,data/interim/gridsat/2019/gridsat_2019.12.02.15.npz,562584,72,116,"TIR1,TIR2,WV"
INSAT3D_20191202_1800Z,2019-12-02T18:00:00Z,2019,12,2,18,PRETRAIN_TRAIN,data/interim/gridsat/2019/gridsat_2019.12.02.18.npz,568970,72,116,"TIR1,TIR2,WV"
INSAT3D_20191202_2100Z,2019-12-02T21:00:00Z,2019,12,2,21,PRETRAIN_TRAIN,data/interim/gridsat/2019/gridsat_2019.12.02.21.npz,573744,72,116,"TIR1,TIR2,WV"
INSAT3D_20191203_0000Z,2019-12-03T00:00:00Z,2019,12,3,0,PRETRAIN_TRAIN,data/interim/gridsat/2019/gridsat_2019.12.03.00.npz,565529,72,116,"TIR1,TIR2,WV"
INSAT3D_20191203_0300Z,2019-12-03T03:00:00Z,2019,12,3,3,PRETRAIN_TRAIN,data/interim/gridsat/2019/gridsat_2019.12.03.03.npz,556523,72,116,"TIR1,TIR2,WV"
INSAT3D_20191203_0600Z,2019-12-03T06:00:00Z,2019,12,3,6,PRETRAIN_TRAIN,data/interim/gridsat/2019/gridsat_2019.12.03.06.npz,576806,72,116,"TIR1,TIR2,WV"
INSAT3D_20191203_0900Z,2019-12-03T09:00:00Z,2019,12,3,9,PRETRAIN_TRAIN,data/interim/gridsat/2019/gridsat_2019.12.03.09.npz,597908,72,116,"TIR1,TIR2,WV"
INSAT3D_20191203_1200Z,2019-12-03T12:00:00Z,2019,12,3,12,PRETRAIN_TRAIN,data/interim/gridsat/2019/gridsat_2019.12.03.12.npz,573183,72,116,"TIR1,TIR2,WV"
INSAT3D_20191203_1500Z,2019-12-03T15:00:00Z,2019,12,3,15,PRETRAIN_TRAIN,data/interim/gridsat/2019/gridsat_2019.12.03.15.npz,560267,72,116,"TIR1,TIR2,WV"
INSAT3D_20191203_1800Z,2019-12-03T18:00:00Z,2019,12,3,18,PRETRAIN_TRAIN,data/interim/gridsat/2019/gridsat_2019.12.03.18.npz,566584,72,116,"TIR1,TIR2,WV"
INSAT3D_20191203_2100Z,2019-12-03T21:00:00Z,2019,12,3,21,PRETRAIN_TRAIN,data/interim/gridsat/2019/gridsat_2019.12.03.21.npz,564896,72,116,"TIR1,TIR2,WV"
INSAT3D_20191204_0000Z,2019-12-04T00:00:00Z,2019,12,4,0,PRETRAIN_TRAIN,data/interim/gridsat/2019/gridsat_2019.12.04.00.npz,558418,72,116,"TIR1,TIR2,WV"
INSAT3D_20191204_0300Z,2019-12-04T03:00:00Z,2019,12,4,3,PRETRAIN_TRAIN,data/interim/gridsat/2019/gridsat_2019.12.04.03.npz,551141,72,116,"TIR1,TIR2,WV"
INSAT3D_20191204_0600Z,2019-12-04T06:00:00Z,2019,12,4,6,PRETRAIN_TRAIN,data/interim/gridsat/2019/gridsat_2019.12.04.06.npz,569513,72,116,"TIR1,TIR2,WV"
INSAT3D_20191204_0900Z,2019-12-04T09:00:00Z,2019,12,4,9,PRETRAIN_TRAIN,data/interim/gridsat/2019/gridsat_2019.12.04.09.npz,586107,72,116,"TIR1,TIR2,WV"
INSAT3D_20191204_1200Z,2019-12-04T12:00:00Z,2019,12,4,12,PRETRAIN_TRAIN,data/interim/gridsat/2019/gridsat_2019.12.04.12.npz,556766,72,116,"TIR1,TIR2,WV"
INSAT3D_20191204_1500Z,2019-12-04T15:00:00Z,2019,12,4,15,PRETRAIN_TRAIN,data/interim/gridsat/2019/gridsat_2019.12.04.15.npz,543811,72,116,"TIR1,TIR2,WV"
INSAT3D_20191204_1800Z,2019-12-04T18:00:00Z,2019,12,4,18,PRETRAIN_TRAIN,data/interim/gridsat/2019/gridsat_2019.12.04.18.npz,547421,72,116,"TIR1,TIR2,WV"
INSAT3D_20191204_2100Z,2019-12-04T21:00:00Z,2019,12,4,21,PRETRAIN_TRAIN,data/interim/gridsat/2019/gridsat_2019.12.04.21.npz,555249,72,116,"TIR1,TIR2,WV"
INSAT3D_20191205_0000Z,2019-12-05T00:00:00Z,2019,12,5,0,PRETRAIN_TRAIN,data/interim/gridsat/2019/gridsat_2019.12.05.00.npz,553745,72,116,"TIR1,TIR2,WV"
INSAT3D_20191205_0300Z,2019-12-05T03:00:00Z,2019,12,5,3,PRETRAIN_TRAIN,data/interim/gridsat/2019/gridsat_2019.12.05.03.npz,552173,72,116,"TIR1,TIR2,WV"
INSAT3D_20191205_0600Z,2019-12-05T06:00:00Z,2019,12,5,6,PRETRAIN_TRAIN,data/interim/gridsat/2019/gridsat_2019.12.05.06.npz,574053,72,116,"TIR1,TIR2,WV"
INSAT3D_20191205_0900Z,2019-12-05T09:00:00Z,2019,12,5,9,PRETRAIN_TRAIN,data/interim/gridsat/2019/gridsat_2019.12.05.09.npz,588412,72,116,"TIR1,TIR2,WV"
INSAT3D_20200515_0900Z,2020-05-15T09:00:00Z,2020,5,15,9,PRETRAIN_TRAIN,data/interim/gridsat/2020/gridsat_2020.05.15.09.npz,616077,72,116,"TIR1,TIR2,WV"
INSAT3D_20200515_1200Z,2020-05-15T12:00:00Z,2020,5,15,12,PRETRAIN_TRAIN,data/interim/gridsat/2020/gridsat_2020.05.15.12.npz,603376,72,116,"TIR1,TIR2,WV"
INSAT3D_20200515_1500Z,2020-05-15T15:00:00Z,2020,5,15,15,PRETRAIN_TRAIN,data/interim/gridsat/2020/gridsat_2020.05.15.15.npz,572022,72,116,"TIR1,TIR2,WV"
INSAT3D_20200515_1800Z,2020-05-15T18:00:00Z,2020,5,15,18,PRETRAIN_TRAIN,data/interim/gridsat/2020/gridsat_2020.05.15.18.npz,562276,72,116,"TIR1,TIR2,WV"
INSAT3D_20200515_2100Z,2020-05-15T21:00:00Z,2020,5,15,21,PRETRAIN_TRAIN,data/interim/gridsat/2020/gridsat_2020.05.15.21.npz,550876,72,116,"TIR1,TIR2,WV"
INSAT3D_20200516_0000Z,2020-05-16T00:00:00Z,2020,5,16,0,PRETRAIN_TRAIN,data/interim/gridsat/2020/gridsat_2020.05.16.00.npz,538654,72,116,"TIR1,TIR2,WV"
INSAT3D_20200516_0300Z,2020-05-16T03:00:00Z,2020,5,16,3,PRETRAIN_TRAIN,data/interim/gridsat/2020/gridsat_2020.05.16.03.npz,547872,72,116,"TIR1,TIR2,WV"
INSAT3D_20200516_0600Z,2020-05-16T06:00:00Z,2020,5,16,6,PRETRAIN_TRAIN,data/interim/gridsat/2020/gridsat_2020.05.16.06.npz,588542,72,116,"TIR1,TIR2,WV"
INSAT3D_20200516_0900Z,2020-05-16T09:00:00Z,2020,5,16,9,PRETRAIN_TRAIN,data/interim/gridsat/2020/gridsat_2020.05.16.09.npz,619208,72,116,"TIR1,TIR2,WV"
INSAT3D_20200516_1200Z,2020-05-16T12:00:00Z,2020,5,16,12,PRETRAIN_TRAIN,data/interim/gridsat/2020/gridsat_2020.05.16.12.npz,606196,72,116,"TIR1,TIR2,WV"
INSAT3D_20200516_1500Z,2020-05-16T15:00:00Z,2020,5,16,15,PRETRAIN_TRAIN,data/interim/gridsat/2020/gridsat_2020.05.16.15.npz,576713,72,116,"TIR1,TIR2,WV"
INSAT3D_20200516_1800Z,2020-05-16T18:00:00Z,2020,5,16,18,PRETRAIN_TRAIN,data/interim/gridsat/2020/gridsat_2020.05.16.18.npz,570449,72,116,"TIR1,TIR2,WV"
INSAT3D_20200516_2100Z,2020-05-16T21:00:00Z,2020,5,16,21,PRETRAIN_TRAIN,data/interim/gridsat/2020/gridsat_2020.05.16.21.npz,563368,72,116,"TIR1,TIR2,WV"
INSAT3D_20200517_0000Z,2020-05-17T00:00:00Z,2020,5,17,0,PRETRAIN_TRAIN,data/interim/gridsat/2020/gridsat_2020.05.17.00.npz,560718,72,116,"TIR1,TIR2,WV"
INSAT3D_20200517_0300Z,2020-05-17T03:00:00Z,2020,5,17,3,PRETRAIN_TRAIN,data/interim/gridsat/2020/gridsat_2020.05.17.03.npz,570471,72,116,"TIR1,TIR2,WV"
INSAT3D_20200517_0600Z,2020-05-17T06:00:00Z,2020,5,17,6,PRETRAIN_TRAIN,data/interim/gridsat/2020/gridsat_2020.05.17.06.npz,610586,72,116,"TIR1,TIR2,WV"
INSAT3D_20200517_0900Z,2020-05-17T09:00:00Z,2020,5,17,9,PRETRAIN_TRAIN,data/interim/gridsat/2020/gridsat_2020.05.17.09.npz,626350,72,116,"TIR1,TIR2,WV"
INSAT3D_20200517_1200Z,2020-05-17T12:00:00Z,2020,5,17,12,PRETRAIN_TRAIN,data/interim/gridsat/2020/gridsat_2020.05.17.12.npz,612330,72,116,"TIR1,TIR2,WV"
INSAT3D_20200517_1500Z,2020-05-17T15:00:00Z,2020,5,17,15,PRETRAIN_TRAIN,data/interim/gridsat/2020/gridsat_2020.05.17.15.npz,587602,72,116,"TIR1,TIR2,WV"
INSAT3D_20200517_1800Z,2020-05-17T18:00:00Z,2020,5,17,18,PRETRAIN_TRAIN,data/interim/gridsat/2020/gridsat_2020.05.17.18.npz,578715,72,116,"TIR1,TIR2,WV"
INSAT3D_20200517_2100Z,2020-05-17T21:00:00Z,2020,5,17,21,PRETRAIN_TRAIN,data/interim/gridsat/2020/gridsat_2020.05.17.21.npz,571054,72,116,"TIR1,TIR2,WV"
INSAT3D_20200518_0000Z,2020-05-18T00:00:00Z,2020,5,18,0,PRETRAIN_TRAIN,data/interim/gridsat/2020/gridsat_2020.05.18.00.npz,567142,72,116,"TIR1,TIR2,WV"
INSAT3D_20200518_0300Z,2020-05-18T03:00:00Z,2020,5,18,3,PRETRAIN_TRAIN,data/interim/gridsat/2020/gridsat_2020.05.18.03.npz,567173,72,116,"TIR1,TIR2,WV"
INSAT3D_20200518_0600Z,2020-05-18T06:00:00Z,2020,5,18,6,PRETRAIN_TRAIN,data/interim/gridsat/2020/gridsat_2020.05.18.06.npz,598496,72,116,"TIR1,TIR2,WV"
INSAT3D_20200518_0900Z,2020-05-18T09:00:00Z,2020,5,18,9,PRETRAIN_TRAIN,data/interim/gridsat/2020/gridsat_2020.05.18.09.npz,618577,72,116,"TIR1,TIR2,WV"
INSAT3D_20200528_2100Z,2020-05-28T21:00:00Z,2020,5,28,21,PRETRAIN_TRAIN,data/interim/gridsat/2020/gridsat_2020.05.28.21.npz,553459,72,116,"TIR1,TIR2,WV"
INSAT3D_20200529_0000Z,2020-05-29T00:00:00Z,2020,5,29,0,PRETRAIN_TRAIN,data/interim/gridsat/2020/gridsat_2020.05.29.00.npz,553663,72,116,"TIR1,TIR2,WV"
INSAT3D_20200529_0300Z,2020-05-29T03:00:00Z,2020,5,29,3,PRETRAIN_TRAIN,data/interim/gridsat/2020/gridsat_2020.05.29.03.npz,557856,72,116,"TIR1,TIR2,WV"
INSAT3D_20200529_0600Z,2020-05-29T06:00:00Z,2020,5,29,6,PRETRAIN_TRAIN,data/interim/gridsat/2020/gridsat_2020.05.29.06.npz,576817,72,116,"TIR1,TIR2,WV"
INSAT3D_20200529_0900Z,2020-05-29T09:00:00Z,2020,5,29,9,PRETRAIN_TRAIN,data/interim/gridsat/2020/gridsat_2020.05.29.09.npz,589433,72,116,"TIR1,TIR2,WV"
INSAT3D_20200529_1200Z,2020-05-29T12:00:00Z,2020,5,29,12,PRETRAIN_TRAIN,data/interim/gridsat/2020/gridsat_2020.05.29.12.npz,587933,72,116,"TIR1,TIR2,WV"
INSAT3D_20200529_1500Z,2020-05-29T15:00:00Z,2020,5,29,15,PRETRAIN_TRAIN,data/interim/gridsat/2020/gridsat_2020.05.29.15.npz,567387,72,116,"TIR1,TIR2,WV"
INSAT3D_20200529_1800Z,2020-05-29T18:00:00Z,2020,5,29,18,PRETRAIN_TRAIN,data/interim/gridsat/2020/gridsat_2020.05.29.18.npz,561919,72,116,"TIR1,TIR2,WV"
INSAT3D_20200531_0900Z,2020-05-31T09:00:00Z,2020,5,31,9,PRETRAIN_TRAIN,data/interim/gridsat/2020/gridsat_2020.05.31.09.npz,601543,72,116,"TIR1,TIR2,WV"
INSAT3D_20200531_1200Z,2020-05-31T12:00:00Z,2020,5,31,12,PRETRAIN_TRAIN,data/interim/gridsat/2020/gridsat_2020.05.31.12.npz,589955,72,116,"TIR1,TIR2,WV"
INSAT3D_20200531_1500Z,2020-05-31T15:00:00Z,2020,5,31,15,PRETRAIN_TRAIN,data/interim/gridsat/2020/gridsat_2020.05.31.15.npz,567684,72,116,"TIR1,TIR2,WV"
INSAT3D_20200531_1800Z,2020-05-31T18:00:00Z,2020,5,31,18,PRETRAIN_TRAIN,data/interim/gridsat/2020/gridsat_2020.05.31.18.npz,566679,72,116,"TIR1,TIR2,WV"
INSAT3D_20200531_2100Z,2020-05-31T21:00:00Z,2020,5,31,21,PRETRAIN_TRAIN,data/interim/gridsat/2020/gridsat_2020.05.31.21.npz,563931,72,116,"TIR1,TIR2,WV"
INSAT3D_20200601_0000Z,2020-06-01T00:00:00Z,2020,6,1,0,PRETRAIN_TRAIN,data/interim/gridsat/2020/gridsat_2020.06.01.00.npz,562268,72,116,"TIR1,TIR2,WV"
INSAT3D_20200601_0300Z,2020-06-01T03:00:00Z,2020,6,1,3,PRETRAIN_TRAIN,data/interim/gridsat/2020/gridsat_2020.06.01.03.npz,560080,72,116,"TIR1,TIR2,WV"
INSAT3D_20200601_0600Z,2020-06-01T06:00:00Z,2020,6,1,6,PRETRAIN_TRAIN,data/interim/gridsat/2020/gridsat_2020.06.01.06.npz,585994,72,116,"TIR1,TIR2,WV"
INSAT3D_20201121_0300Z,2020-11-21T03:00:00Z,2020,11,21,3,PRETRAIN_TRAIN,data/interim/gridsat/2020/gridsat_2020.11.21.03.npz,545477,72,116,"TIR1,TIR2,WV"
INSAT3D_20201121_0600Z,2020-11-21T06:00:00Z,2020,11,21,6,PRETRAIN_TRAIN,data/interim/gridsat/2020/gridsat_2020.11.21.06.npz,570735,72,116,"TIR1,TIR2,WV"
INSAT3D_20201121_0900Z,2020-11-21T09:00:00Z,2020,11,21,9,PRETRAIN_TRAIN,data/interim/gridsat/2020/gridsat_2020.11.21.09.npz,582400,72,116,"TIR1,TIR2,WV"
INSAT3D_20201121_1200Z,2020-11-21T12:00:00Z,2020,11,21,12,PRETRAIN_TRAIN,data/interim/gridsat/2020/gridsat_2020.11.21.12.npz,557189,72,116,"TIR1,TIR2,WV"
INSAT3D_20201121_1500Z,2020-11-21T15:00:00Z,2020,11,21,15,PRETRAIN_TRAIN,data/interim/gridsat/2020/gridsat_2020.11.21.15.npz,546746,72,116,"TIR1,TIR2,WV"
INSAT3D_20201121_1800Z,2020-11-21T18:00:00Z,2020,11,21,18,PRETRAIN_TRAIN,data/interim/gridsat/2020/gridsat_2020.11.21.18.npz,544874,72,116,"TIR1,TIR2,WV"
INSAT3D_20201121_2100Z,2020-11-21T21:00:00Z,2020,11,21,21,PRETRAIN_TRAIN,data/interim/gridsat/2020/gridsat_2020.11.21.21.npz,545829,72,116,"TIR1,TIR2,WV"
INSAT3D_20201122_0000Z,2020-11-22T00:00:00Z,2020,11,22,0,PRETRAIN_TRAIN,data/interim/gridsat/2020/gridsat_2020.11.22.00.npz,543297,72,116,"TIR1,TIR2,WV"
INSAT3D_20201122_0300Z,2020-11-22T03:00:00Z,2020,11,22,3,PRETRAIN_TRAIN,data/interim/gridsat/2020/gridsat_2020.11.22.03.npz,536937,72,116,"TIR1,TIR2,WV"
INSAT3D_20201122_0900Z,2020-11-22T09:00:00Z,2020,11,22,9,PRETRAIN_TRAIN,data/interim/gridsat/2020/gridsat_2020.11.22.09.npz,560462,72,116,"TIR1,TIR2,WV"
INSAT3D_20201122_1200Z,2020-11-22T12:00:00Z,2020,11,22,12,PRETRAIN_TRAIN,data/interim/gridsat/2020/gridsat_2020.11.22.12.npz,529361,72,116,"TIR1,TIR2,WV"
INSAT3D_20201122_1500Z,2020-11-22T15:00:00Z,2020,11,22,15,PRETRAIN_TRAIN,data/interim/gridsat/2020/gridsat_2020.11.22.15.npz,515598,72,116,"TIR1,TIR2,WV"
INSAT3D_20201122_1800Z,2020-11-22T18:00:00Z,2020,11,22,18,PRETRAIN_TRAIN,data/interim/gridsat/2020/gridsat_2020.11.22.18.npz,518883,72,116,"TIR1,TIR2,WV"
INSAT3D_20201122_2100Z,2020-11-22T21:00:00Z,2020,11,22,21,PRETRAIN_TRAIN,data/interim/gridsat/2020/gridsat_2020.11.22.21.npz,524216,72,116,"TIR1,TIR2,WV"
INSAT3D_20201123_0000Z,2020-11-23T00:00:00Z,2020,11,23,0,PRETRAIN_TRAIN,data/interim/gridsat/2020/gridsat_2020.11.23.00.npz,519925,72,116,"TIR1,TIR2,WV"
INSAT3D_20201123_0300Z,2020-11-23T03:00:00Z,2020,11,23,3,PRETRAIN_TRAIN,data/interim/gridsat/2020/gridsat_2020.11.23.03.npz,515663,72,116,"TIR1,TIR2,WV"
INSAT3D_20201123_0600Z,2020-11-23T06:00:00Z,2020,11,23,6,PRETRAIN_TRAIN,data/interim/gridsat/2020/gridsat_2020.11.23.06.npz,538627,72,116,"TIR1,TIR2,WV"
INSAT3D_20201123_0900Z,2020-11-23T09:00:00Z,2020,11,23,9,PRETRAIN_TRAIN,data/interim/gridsat/2020/gridsat_2020.11.23.09.npz,555272,72,116,"TIR1,TIR2,WV"
INSAT3D_20201123_1200Z,2020-11-23T12:00:00Z,2020,11,23,12,PRETRAIN_TRAIN,data/interim/gridsat/2020/gridsat_2020.11.23.12.npz,534993,72,116,"TIR1,TIR2,WV"
INSAT3D_20201123_1500Z,2020-11-23T15:00:00Z,2020,11,23,15,PRETRAIN_TRAIN,data/interim/gridsat/2020/gridsat_2020.11.23.15.npz,521131,72,116,"TIR1,TIR2,WV"
INSAT3D_20201123_1800Z,2020-11-23T18:00:00Z,2020,11,23,18,PRETRAIN_TRAIN,data/interim/gridsat/2020/gridsat_2020.11.23.18.npz,524060,72,116,"TIR1,TIR2,WV"
INSAT3D_20201123_2100Z,2020-11-23T21:00:00Z,2020,11,23,21,PRETRAIN_TRAIN,data/interim/gridsat/2020/gridsat_2020.11.23.21.npz,525328,72,116,"TIR1,TIR2,WV"
INSAT3D_20201124_0000Z,2020-11-24T00:00:00Z,2020,11,24,0,PRETRAIN_TRAIN,data/interim/gridsat/2020/gridsat_2020.11.24.00.npz,519384,72,116,"TIR1,TIR2,WV"
INSAT3D_20201124_0300Z,2020-11-24T03:00:00Z,2020,11,24,3,PRETRAIN_TRAIN,data/interim/gridsat/2020/gridsat_2020.11.24.03.npz,521185,72,116,"TIR1,TIR2,WV"
INSAT3D_20201124_0600Z,2020-11-24T06:00:00Z,2020,11,24,6,PRETRAIN_TRAIN,data/interim/gridsat/2020/gridsat_2020.11.24.06.npz,546077,72,116,"TIR1,TIR2,WV"
INSAT3D_20201124_0900Z,2020-11-24T09:00:00Z,2020,11,24,9,PRETRAIN_TRAIN,data/interim/gridsat/2020/gridsat_2020.11.24.09.npz,561878,72,116,"TIR1,TIR2,WV"
INSAT3D_20201124_1200Z,2020-11-24T12:00:00Z,2020,11,24,12,PRETRAIN_TRAIN,data/interim/gridsat/2020/gridsat_2020.11.24.12.npz,532968,72,116,"TIR1,TIR2,WV"
INSAT3D_20201124_1500Z,2020-11-24T15:00:00Z,2020,11,24,15,PRETRAIN_TRAIN,data/interim/gridsat/2020/gridsat_2020.11.24.15.npz,515391,72,116,"TIR1,TIR2,WV"
INSAT3D_20201124_1800Z,2020-11-24T18:00:00Z,2020,11,24,18,PRETRAIN_TRAIN,data/interim/gridsat/2020/gridsat_2020.11.24.18.npz,515761,72,116,"TIR1,TIR2,WV"
INSAT3D_20201129_0900Z,2020-11-29T09:00:00Z,2020,11,29,9,PRETRAIN_TRAIN,data/interim/gridsat/2020/gridsat_2020.11.29.09.npz,561385,72,116,"TIR1,TIR2,WV"
INSAT3D_20201129_1200Z,2020-11-29T12:00:00Z,2020,11,29,12,PRETRAIN_TRAIN,data/interim/gridsat/2020/gridsat_2020.11.29.12.npz,527719,72,116,"TIR1,TIR2,WV"
INSAT3D_20201129_1500Z,2020-11-29T15:00:00Z,2020,11,29,15,PRETRAIN_TRAIN,data/interim/gridsat/2020/gridsat_2020.11.29.15.npz,507645,72,116,"TIR1,TIR2,WV"
INSAT3D_20201129_1800Z,2020-11-29T18:00:00Z,2020,11,29,18,PRETRAIN_TRAIN,data/interim/gridsat/2020/gridsat_2020.11.29.18.npz,507796,72,116,"TIR1,TIR2,WV"
INSAT3D_20201129_2100Z,2020-11-29T21:00:00Z,2020,11,29,21,PRETRAIN_TRAIN,data/interim/gridsat/2020/gridsat_2020.11.29.21.npz,511820,72,116,"TIR1,TIR2,WV"
INSAT3D_20201130_0000Z,2020-11-30T00:00:00Z,2020,11,30,0,PRETRAIN_TRAIN,data/interim/gridsat/2020/gridsat_2020.11.30.00.npz,506181,72,116,"TIR1,TIR2,WV"
INSAT3D_20201130_0300Z,2020-11-30T03:00:00Z,2020,11,30,3,PRETRAIN_TRAIN,data/interim/gridsat/2020/gridsat_2020.11.30.03.npz,494515,72,116,"TIR1,TIR2,WV"
INSAT3D_20201130_0600Z,2020-11-30T06:00:00Z,2020,11,30,6,PRETRAIN_TRAIN,data/interim/gridsat/2020/gridsat_2020.11.30.06.npz,515941,72,116,"TIR1,TIR2,WV"
INSAT3D_20201130_0900Z,2020-11-30T09:00:00Z,2020,11,30,9,PRETRAIN_TRAIN,data/interim/gridsat/2020/gridsat_2020.11.30.09.npz,532731,72,116,"TIR1,TIR2,WV"
INSAT3D_20201130_1200Z,2020-11-30T12:00:00Z,2020,11,30,12,PRETRAIN_TRAIN,data/interim/gridsat/2020/gridsat_2020.11.30.12.npz,502577,72,116,"TIR1,TIR2,WV"
INSAT3D_20201130_1500Z,2020-11-30T15:00:00Z,2020,11,30,15,PRETRAIN_TRAIN,data/interim/gridsat/2020/gridsat_2020.11.30.15.npz,487993,72,116,"TIR1,TIR2,WV"
INSAT3D_20201130_1800Z,2020-11-30T18:00:00Z,2020,11,30,18,PRETRAIN_TRAIN,data/interim/gridsat/2020/gridsat_2020.11.30.18.npz,489894,72,116,"TIR1,TIR2,WV"
INSAT3D_20201130_2100Z,2020-11-30T21:00:00Z,2020,11,30,21,PRETRAIN_TRAIN,data/interim/gridsat/2020/gridsat_2020.11.30.21.npz,494407,72,116,"TIR1,TIR2,WV"
INSAT3D_20201201_0000Z,2020-12-01T00:00:00Z,2020,12,1,0,PRETRAIN_TRAIN,data/interim/gridsat/2020/gridsat_2020.12.01.00.npz,494962,72,116,"TIR1,TIR2,WV"
INSAT3D_20201201_0300Z,2020-12-01T03:00:00Z,2020,12,1,3,PRETRAIN_TRAIN,data/interim/gridsat/2020/gridsat_2020.12.01.03.npz,488986,72,116,"TIR1,TIR2,WV"
INSAT3D_20201201_0600Z,2020-12-01T06:00:00Z,2020,12,1,6,PRETRAIN_TRAIN,data/interim/gridsat/2020/gridsat_2020.12.01.06.npz,520454,72,116,"TIR1,TIR2,WV"
INSAT3D_20201201_0900Z,2020-12-01T09:00:00Z,2020,12,1,9,PRETRAIN_TRAIN,data/interim/gridsat/2020/gridsat_2020.12.01.09.npz,537805,72,116,"TIR1,TIR2,WV"
INSAT3D_20201201_1200Z,2020-12-01T12:00:00Z,2020,12,1,12,PRETRAIN_TRAIN,data/interim/gridsat/2020/gridsat_2020.12.01.12.npz,507078,72,116,"TIR1,TIR2,WV"
INSAT3D_20201201_1500Z,2020-12-01T15:00:00Z,2020,12,1,15,PRETRAIN_TRAIN,data/interim/gridsat/2020/gridsat_2020.12.01.15.npz,496046,72,116,"TIR1,TIR2,WV"
INSAT3D_20201201_1800Z,2020-12-01T18:00:00Z,2020,12,1,18,PRETRAIN_TRAIN,data/interim/gridsat/2020/gridsat_2020.12.01.18.npz,499449,72,116,"TIR1,TIR2,WV"
INSAT3D_20201201_2100Z,2020-12-01T21:00:00Z,2020,12,1,21,PRETRAIN_TRAIN,data/interim/gridsat/2020/gridsat_2020.12.01.21.npz,507639,72,116,"TIR1,TIR2,WV"
INSAT3D_20201202_0000Z,2020-12-02T00:00:00Z,2020,12,2,0,PRETRAIN_TRAIN,data/interim/gridsat/2020/gridsat_2020.12.02.00.npz,513488,72,116,"TIR1,TIR2,WV"
INSAT3D_20201202_0300Z,2020-12-02T03:00:00Z,2020,12,2,3,PRETRAIN_TRAIN,data/interim/gridsat/2020/gridsat_2020.12.02.03.npz,518271,72,116,"TIR1,TIR2,WV"
INSAT3D_20201202_0600Z,2020-12-02T06:00:00Z,2020,12,2,6,PRETRAIN_TRAIN,data/interim/gridsat/2020/gridsat_2020.12.02.06.npz,546034,72,116,"TIR1,TIR2,WV"
INSAT3D_20201202_0900Z,2020-12-02T09:00:00Z,2020,12,2,9,PRETRAIN_TRAIN,data/interim/gridsat/2020/gridsat_2020.12.02.09.npz,562420,72,116,"TIR1,TIR2,WV"
INSAT3D_20201202_1200Z,2020-12-02T12:00:00Z,2020,12,2,12,PRETRAIN_TRAIN,data/interim/gridsat/2020/gridsat_2020.12.02.12.npz,535668,72,116,"TIR1,TIR2,WV"
INSAT3D_20201202_1500Z,2020-12-02T15:00:00Z,2020,12,2,15,PRETRAIN_TRAIN,data/interim/gridsat/2020/gridsat_2020.12.02.15.npz,519195,72,116,"TIR1,TIR2,WV"
INSAT3D_20201202_1800Z,2020-12-02T18:00:00Z,2020,12,2,18,PRETRAIN_TRAIN,data/interim/gridsat/2020/gridsat_2020.12.02.18.npz,522593,72,116,"TIR1,TIR2,WV"
INSAT3D_20201202_2100Z,2020-12-02T21:00:00Z,2020,12,2,21,PRETRAIN_TRAIN,data/interim/gridsat/2020/gridsat_2020.12.02.21.npz,525179,72,116,"TIR1,TIR2,WV"
INSAT3D_20201203_0000Z,2020-12-03T00:00:00Z,2020,12,3,0,PRETRAIN_TRAIN,data/interim/gridsat/2020/gridsat_2020.12.03.00.npz,520057,72,116,"TIR1,TIR2,WV"
INSAT3D_20201203_0300Z,2020-12-03T03:00:00Z,2020,12,3,3,PRETRAIN_TRAIN,data/interim/gridsat/2020/gridsat_2020.12.03.03.npz,511244,72,116,"TIR1,TIR2,WV"
INSAT3D_20210513_1500Z,2021-05-13T15:00:00Z,2021,5,13,15,PRETRAIN_VAL,data/interim/gridsat/2021/gridsat_2021.05.13.15.npz,604540,72,116,"TIR1,TIR2,WV"
INSAT3D_20210513_1800Z,2021-05-13T18:00:00Z,2021,5,13,18,PRETRAIN_VAL,data/interim/gridsat/2021/gridsat_2021.05.13.18.npz,600746,72,116,"TIR1,TIR2,WV"
INSAT3D_20210513_2100Z,2021-05-13T21:00:00Z,2021,5,13,21,PRETRAIN_VAL,data/interim/gridsat/2021/gridsat_2021.05.13.21.npz,599474,72,116,"TIR1,TIR2,WV"
INSAT3D_20210514_0000Z,2021-05-14T00:00:00Z,2021,5,14,0,PRETRAIN_VAL,data/interim/gridsat/2021/gridsat_2021.05.14.00.npz,594050,72,116,"TIR1,TIR2,WV"
INSAT3D_20210514_0300Z,2021-05-14T03:00:00Z,2021,5,14,3,PRETRAIN_VAL,data/interim/gridsat/2021/gridsat_2021.05.14.03.npz,594680,72,116,"TIR1,TIR2,WV"
INSAT3D_20210514_0600Z,2021-05-14T06:00:00Z,2021,5,14,6,PRETRAIN_VAL,data/interim/gridsat/2021/gridsat_2021.05.14.06.npz,619956,72,116,"TIR1,TIR2,WV"
INSAT3D_20210514_0900Z,2021-05-14T09:00:00Z,2021,5,14,9,PRETRAIN_VAL,data/interim/gridsat/2021/gridsat_2021.05.14.09.npz,635058,72,116,"TIR1,TIR2,WV"
INSAT3D_20210514_1200Z,2021-05-14T12:00:00Z,2021,5,14,12,PRETRAIN_VAL,data/interim/gridsat/2021/gridsat_2021.05.14.12.npz,620537,72,116,"TIR1,TIR2,WV"
INSAT3D_20210514_1500Z,2021-05-14T15:00:00Z,2021,5,14,15,PRETRAIN_VAL,data/interim/gridsat/2021/gridsat_2021.05.14.15.npz,592771,72,116,"TIR1,TIR2,WV"
INSAT3D_20210514_1800Z,2021-05-14T18:00:00Z,2021,5,14,18,PRETRAIN_VAL,data/interim/gridsat/2021/gridsat_2021.05.14.18.npz,587386,72,116,"TIR1,TIR2,WV"
INSAT3D_20210514_2100Z,2021-05-14T21:00:00Z,2021,5,14,21,PRETRAIN_VAL,data/interim/gridsat/2021/gridsat_2021.05.14.21.npz,581376,72,116,"TIR1,TIR2,WV"
INSAT3D_20210515_0000Z,2021-05-15T00:00:00Z,2021,5,15,0,PRETRAIN_VAL,data/interim/gridsat/2021/gridsat_2021.05.15.00.npz,570978,72,116,"TIR1,TIR2,WV"
INSAT3D_20210515_0300Z,2021-05-15T03:00:00Z,2021,5,15,3,PRETRAIN_VAL,data/interim/gridsat/2021/gridsat_2021.05.15.03.npz,568875,72,116,"TIR1,TIR2,WV"
INSAT3D_20210515_0600Z,2021-05-15T06:00:00Z,2021,5,15,6,PRETRAIN_VAL,data/interim/gridsat/2021/gridsat_2021.05.15.06.npz,599713,72,116,"TIR1,TIR2,WV"
INSAT3D_20210515_0900Z,2021-05-15T09:00:00Z,2021,5,15,9,PRETRAIN_VAL,data/interim/gridsat/2021/gridsat_2021.05.15.09.npz,617341,72,116,"TIR1,TIR2,WV"
INSAT3D_20210515_1200Z,2021-05-15T12:00:00Z,2021,5,15,12,PRETRAIN_VAL,data/interim/gridsat/2021/gridsat_2021.05.15.12.npz,605727,72,116,"TIR1,TIR2,WV"
INSAT3D_20210515_1500Z,2021-05-15T15:00:00Z,2021,5,15,15,PRETRAIN_VAL,data/interim/gridsat/2021/gridsat_2021.05.15.15.npz,576979,72,116,"TIR1,TIR2,WV"
INSAT3D_20210515_1800Z,2021-05-15T18:00:00Z,2021,5,15,18,PRETRAIN_VAL,data/interim/gridsat/2021/gridsat_2021.05.15.18.npz,567674,72,116,"TIR1,TIR2,WV"
INSAT3D_20210515_2100Z,2021-05-15T21:00:00Z,2021,5,15,21,PRETRAIN_VAL,data/interim/gridsat/2021/gridsat_2021.05.15.21.npz,564843,72,116,"TIR1,TIR2,WV"
INSAT3D_20210516_0000Z,2021-05-16T00:00:00Z,2021,5,16,0,PRETRAIN_VAL,data/interim/gridsat/2021/gridsat_2021.05.16.00.npz,563162,72,116,"TIR1,TIR2,WV"
INSAT3D_20210516_0300Z,2021-05-16T03:00:00Z,2021,5,16,3,PRETRAIN_VAL,data/interim/gridsat/2021/gridsat_2021.05.16.03.npz,570393,72,116,"TIR1,TIR2,WV"
INSAT3D_20210516_0600Z,2021-05-16T06:00:00Z,2021,5,16,6,PRETRAIN_VAL,data/interim/gridsat/2021/gridsat_2021.05.16.06.npz,599778,72,116,"TIR1,TIR2,WV"
INSAT3D_20210516_0900Z,2021-05-16T09:00:00Z,2021,5,16,9,PRETRAIN_VAL,data/interim/gridsat/2021/gridsat_2021.05.16.09.npz,615897,72,116,"TIR1,TIR2,WV"
INSAT3D_20210516_1200Z,2021-05-16T12:00:00Z,2021,5,16,12,PRETRAIN_VAL,data/interim/gridsat/2021/gridsat_2021.05.16.12.npz,593578,72,116,"TIR1,TIR2,WV"
INSAT3D_20210516_1500Z,2021-05-16T15:00:00Z,2021,5,16,15,PRETRAIN_VAL,data/interim/gridsat/2021/gridsat_2021.05.16.15.npz,560602,72,116,"TIR1,TIR2,WV"
INSAT3D_20210516_1800Z,2021-05-16T18:00:00Z,2021,5,16,18,PRETRAIN_VAL,data/interim/gridsat/2021/gridsat_2021.05.16.18.npz,552811,72,116,"TIR1,TIR2,WV"
INSAT3D_20210516_2100Z,2021-05-16T21:00:00Z,2021,5,16,21,PRETRAIN_VAL,data/interim/gridsat/2021/gridsat_2021.05.16.21.npz,552864,72,116,"TIR1,TIR2,WV"
INSAT3D_20210517_0000Z,2021-05-17T00:00:00Z,2021,5,17,0,PRETRAIN_VAL,data/interim/gridsat/2021/gridsat_2021.05.17.00.npz,543044,72,116,"TIR1,TIR2,WV"
INSAT3D_20210517_0300Z,2021-05-17T03:00:00Z,2021,5,17,3,PRETRAIN_VAL,data/interim/gridsat/2021/gridsat_2021.05.17.03.npz,540747,72,116,"TIR1,TIR2,WV"
INSAT3D_20210517_0600Z,2021-05-17T06:00:00Z,2021,5,17,6,PRETRAIN_VAL,data/interim/gridsat/2021/gridsat_2021.05.17.06.npz,571080,72,116,"TIR1,TIR2,WV"
INSAT3D_20210522_1500Z,2021-05-22T15:00:00Z,2021,5,22,15,PRETRAIN_VAL,data/interim/gridsat/2021/gridsat_2021.05.22.15.npz,574077,72,116,"TIR1,TIR2,WV"
INSAT3D_20210522_1800Z,2021-05-22T18:00:00Z,2021,5,22,18,PRETRAIN_VAL,data/interim/gridsat/2021/gridsat_2021.05.22.18.npz,566222,72,116,"TIR1,TIR2,WV"
INSAT3D_20210522_2100Z,2021-05-22T21:00:00Z,2021,5,22,21,PRETRAIN_VAL,data/interim/gridsat/2021/gridsat_2021.05.22.21.npz,568084,72,116,"TIR1,TIR2,WV"
INSAT3D_20210523_0000Z,2021-05-23T00:00:00Z,2021,5,23,0,PRETRAIN_VAL,data/interim/gridsat/2021/gridsat_2021.05.23.00.npz,564172,72,116,"TIR1,TIR2,WV"
INSAT3D_20210523_0300Z,2021-05-23T03:00:00Z,2021,5,23,3,PRETRAIN_VAL,data/interim/gridsat/2021/gridsat_2021.05.23.03.npz,566130,72,116,"TIR1,TIR2,WV"
INSAT3D_20210523_0600Z,2021-05-23T06:00:00Z,2021,5,23,6,PRETRAIN_VAL,data/interim/gridsat/2021/gridsat_2021.05.23.06.npz,593616,72,116,"TIR1,TIR2,WV"
INSAT3D_20210523_0900Z,2021-05-23T09:00:00Z,2021,5,23,9,PRETRAIN_VAL,data/interim/gridsat/2021/gridsat_2021.05.23.09.npz,606890,72,116,"TIR1,TIR2,WV"
INSAT3D_20210523_1200Z,2021-05-23T12:00:00Z,2021,5,23,12,PRETRAIN_VAL,data/interim/gridsat/2021/gridsat_2021.05.23.12.npz,589536,72,116,"TIR1,TIR2,WV"
INSAT3D_20210523_1500Z,2021-05-23T15:00:00Z,2021,5,23,15,PRETRAIN_VAL,data/interim/gridsat/2021/gridsat_2021.05.23.15.npz,554634,72,116,"TIR1,TIR2,WV"
INSAT3D_20210523_1800Z,2021-05-23T18:00:00Z,2021,5,23,18,PRETRAIN_VAL,data/interim/gridsat/2021/gridsat_2021.05.23.18.npz,543615,72,116,"TIR1,TIR2,WV"
INSAT3D_20210523_2100Z,2021-05-23T21:00:00Z,2021,5,23,21,PRETRAIN_VAL,data/interim/gridsat/2021/gridsat_2021.05.23.21.npz,544710,72,116,"TIR1,TIR2,WV"
INSAT3D_20210524_0000Z,2021-05-24T00:00:00Z,2021,5,24,0,PRETRAIN_VAL,data/interim/gridsat/2021/gridsat_2021.05.24.00.npz,541360,72,116,"TIR1,TIR2,WV"
INSAT3D_20210524_0300Z,2021-05-24T03:00:00Z,2021,5,24,3,PRETRAIN_VAL,data/interim/gridsat/2021/gridsat_2021.05.24.03.npz,544497,72,116,"TIR1,TIR2,WV"
INSAT3D_20210524_0600Z,2021-05-24T06:00:00Z,2021,5,24,6,PRETRAIN_VAL,data/interim/gridsat/2021/gridsat_2021.05.24.06.npz,577365,72,116,"TIR1,TIR2,WV"
INSAT3D_20210524_0900Z,2021-05-24T09:00:00Z,2021,5,24,9,PRETRAIN_VAL,data/interim/gridsat/2021/gridsat_2021.05.24.09.npz,602232,72,116,"TIR1,TIR2,WV"
INSAT3D_20210524_1200Z,2021-05-24T12:00:00Z,2021,5,24,12,PRETRAIN_VAL,data/interim/gridsat/2021/gridsat_2021.05.24.12.npz,591138,72,116,"TIR1,TIR2,WV"
INSAT3D_20210524_1500Z,2021-05-24T15:00:00Z,2021,5,24,15,PRETRAIN_VAL,data/interim/gridsat/2021/gridsat_2021.05.24.15.npz,563327,72,116,"TIR1,TIR2,WV"
INSAT3D_20210524_1800Z,2021-05-24T18:00:00Z,2021,5,24,18,PRETRAIN_VAL,data/interim/gridsat/2021/gridsat_2021.05.24.18.npz,557331,72,116,"TIR1,TIR2,WV"
INSAT3D_20210524_2100Z,2021-05-24T21:00:00Z,2021,5,24,21,PRETRAIN_VAL,data/interim/gridsat/2021/gridsat_2021.05.24.21.npz,556364,72,116,"TIR1,TIR2,WV"
INSAT3D_20210525_0000Z,2021-05-25T00:00:00Z,2021,5,25,0,PRETRAIN_VAL,data/interim/gridsat/2021/gridsat_2021.05.25.00.npz,557817,72,116,"TIR1,TIR2,WV"
INSAT3D_20210525_0300Z,2021-05-25T03:00:00Z,2021,5,25,3,PRETRAIN_VAL,data/interim/gridsat/2021/gridsat_2021.05.25.03.npz,561974,72,116,"TIR1,TIR2,WV"
INSAT3D_20210525_0600Z,2021-05-25T06:00:00Z,2021,5,25,6,PRETRAIN_VAL,data/interim/gridsat/2021/gridsat_2021.05.25.06.npz,588871,72,116,"TIR1,TIR2,WV"
INSAT3D_20210525_0900Z,2021-05-25T09:00:00Z,2021,5,25,9,PRETRAIN_VAL,data/interim/gridsat/2021/gridsat_2021.05.25.09.npz,608486,72,116,"TIR1,TIR2,WV"
INSAT3D_20210525_1200Z,2021-05-25T12:00:00Z,2021,5,25,12,PRETRAIN_VAL,data/interim/gridsat/2021/gridsat_2021.05.25.12.npz,604306,72,116,"TIR1,TIR2,WV"
INSAT3D_20210525_1500Z,2021-05-25T15:00:00Z,2021,5,25,15,PRETRAIN_VAL,data/interim/gridsat/2021/gridsat_2021.05.25.15.npz,578069,72,116,"TIR1,TIR2,WV"
INSAT3D_20210525_1800Z,2021-05-25T18:00:00Z,2021,5,25,18,PRETRAIN_VAL,data/interim/gridsat/2021/gridsat_2021.05.25.18.npz,570747,72,116,"TIR1,TIR2,WV"
INSAT3D_20210911_2100Z,2021-09-11T21:00:00Z,2021,9,11,21,PRETRAIN_VAL,data/interim/gridsat/2021/gridsat_2021.09.11.21.npz,603125,72,116,"TIR1,TIR2,WV"
INSAT3D_20210912_0000Z,2021-09-12T00:00:00Z,2021,9,12,0,PRETRAIN_VAL,data/interim/gridsat/2021/gridsat_2021.09.12.00.npz,600581,72,116,"TIR1,TIR2,WV"
INSAT3D_20210912_0300Z,2021-09-12T03:00:00Z,2021,9,12,3,PRETRAIN_VAL,data/interim/gridsat/2021/gridsat_2021.09.12.03.npz,596011,72,116,"TIR1,TIR2,WV"
INSAT3D_20210912_0600Z,2021-09-12T06:00:00Z,2021,9,12,6,PRETRAIN_VAL,data/interim/gridsat/2021/gridsat_2021.09.12.06.npz,607153,72,116,"TIR1,TIR2,WV"
INSAT3D_20210912_0900Z,2021-09-12T09:00:00Z,2021,9,12,9,PRETRAIN_VAL,data/interim/gridsat/2021/gridsat_2021.09.12.09.npz,623463,72,116,"TIR1,TIR2,WV"
INSAT3D_20210912_1200Z,2021-09-12T12:00:00Z,2021,9,12,12,PRETRAIN_VAL,data/interim/gridsat/2021/gridsat_2021.09.12.12.npz,611227,72,116,"TIR1,TIR2,WV"
INSAT3D_20210912_1500Z,2021-09-12T15:00:00Z,2021,9,12,15,PRETRAIN_VAL,data/interim/gridsat/2021/gridsat_2021.09.12.15.npz,594431,72,116,"TIR1,TIR2,WV"
INSAT3D_20210912_1800Z,2021-09-12T18:00:00Z,2021,9,12,18,PRETRAIN_VAL,data/interim/gridsat/2021/gridsat_2021.09.12.18.npz,595735,72,116,"TIR1,TIR2,WV"
INSAT3D_20210923_2100Z,2021-09-23T21:00:00Z,2021,9,23,21,PRETRAIN_VAL,data/interim/gridsat/2021/gridsat_2021.09.23.21.npz,562160,72,116,"TIR1,TIR2,WV"
INSAT3D_20210924_0000Z,2021-09-24T00:00:00Z,2021,9,24,0,PRETRAIN_VAL,data/interim/gridsat/2021/gridsat_2021.09.24.00.npz,555728,72,116,"TIR1,TIR2,WV"
INSAT3D_20210924_0300Z,2021-09-24T03:00:00Z,2021,9,24,3,PRETRAIN_VAL,data/interim/gridsat/2021/gridsat_2021.09.24.03.npz,551671,72,116,"TIR1,TIR2,WV"
INSAT3D_20210924_0600Z,2021-09-24T06:00:00Z,2021,9,24,6,PRETRAIN_VAL,data/interim/gridsat/2021/gridsat_2021.09.24.06.npz,578888,72,116,"TIR1,TIR2,WV"
INSAT3D_20210924_0900Z,2021-09-24T09:00:00Z,2021,9,24,9,PRETRAIN_VAL,data/interim/gridsat/2021/gridsat_2021.09.24.09.npz,604105,72,116,"TIR1,TIR2,WV"
INSAT3D_20210924_1200Z,2021-09-24T12:00:00Z,2021,9,24,12,PRETRAIN_VAL,data/interim/gridsat/2021/gridsat_2021.09.24.12.npz,596372,72,116,"TIR1,TIR2,WV"
INSAT3D_20210924_1500Z,2021-09-24T15:00:00Z,2021,9,24,15,PRETRAIN_VAL,data/interim/gridsat/2021/gridsat_2021.09.24.15.npz,582795,72,116,"TIR1,TIR2,WV"
INSAT3D_20210924_1800Z,2021-09-24T18:00:00Z,2021,9,24,18,PRETRAIN_VAL,data/interim/gridsat/2021/gridsat_2021.09.24.18.npz,586342,72,116,"TIR1,TIR2,WV"
INSAT3D_20210924_2100Z,2021-09-24T21:00:00Z,2021,9,24,21,PRETRAIN_VAL,data/interim/gridsat/2021/gridsat_2021.09.24.21.npz,586587,72,116,"TIR1,TIR2,WV"
INSAT3D_20210925_0000Z,2021-09-25T00:00:00Z,2021,9,25,0,PRETRAIN_VAL,data/interim/gridsat/2021/gridsat_2021.09.25.00.npz,582627,72,116,"TIR1,TIR2,WV"
INSAT3D_20210925_0300Z,2021-09-25T03:00:00Z,2021,9,25,3,PRETRAIN_VAL,data/interim/gridsat/2021/gridsat_2021.09.25.03.npz,580106,72,116,"TIR1,TIR2,WV"
INSAT3D_20210925_0600Z,2021-09-25T06:00:00Z,2021,9,25,6,PRETRAIN_VAL,data/interim/gridsat/2021/gridsat_2021.09.25.06.npz,602275,72,116,"TIR1,TIR2,WV"
INSAT3D_20210925_0900Z,2021-09-25T09:00:00Z,2021,9,25,9,PRETRAIN_VAL,data/interim/gridsat/2021/gridsat_2021.09.25.09.npz,619914,72,116,"TIR1,TIR2,WV"
INSAT3D_20210925_1200Z,2021-09-25T12:00:00Z,2021,9,25,12,PRETRAIN_VAL,data/interim/gridsat/2021/gridsat_2021.09.25.12.npz,607303,72,116,"TIR1,TIR2,WV"
INSAT3D_20210925_1500Z,2021-09-25T15:00:00Z,2021,9,25,15,PRETRAIN_VAL,data/interim/gridsat/2021/gridsat_2021.09.25.15.npz,590498,72,116,"TIR1,TIR2,WV"
INSAT3D_20210925_1800Z,2021-09-25T18:00:00Z,2021,9,25,18,PRETRAIN_VAL,data/interim/gridsat/2021/gridsat_2021.09.25.18.npz,585007,72,116,"TIR1,TIR2,WV"
INSAT3D_20210925_2100Z,2021-09-25T21:00:00Z,2021,9,25,21,PRETRAIN_VAL,data/interim/gridsat/2021/gridsat_2021.09.25.21.npz,575331,72,116,"TIR1,TIR2,WV"
INSAT3D_20210926_0000Z,2021-09-26T00:00:00Z,2021,9,26,0,PRETRAIN_VAL,data/interim/gridsat/2021/gridsat_2021.09.26.00.npz,569922,72,116,"TIR1,TIR2,WV"
INSAT3D_20210926_0300Z,2021-09-26T03:00:00Z,2021,9,26,3,PRETRAIN_VAL,data/interim/gridsat/2021/gridsat_2021.09.26.03.npz,563730,72,116,"TIR1,TIR2,WV"
INSAT3D_20210929_0900Z,2021-09-29T09:00:00Z,2021,9,29,9,PRETRAIN_VAL,data/interim/gridsat/2021/gridsat_2021.09.29.09.npz,600377,72,116,"TIR1,TIR2,WV"
INSAT3D_20210929_1200Z,2021-09-29T12:00:00Z,2021,9,29,12,PRETRAIN_VAL,data/interim/gridsat/2021/gridsat_2021.09.29.12.npz,579977,72,116,"TIR1,TIR2,WV"
INSAT3D_20210929_1500Z,2021-09-29T15:00:00Z,2021,9,29,15,PRETRAIN_VAL,data/interim/gridsat/2021/gridsat_2021.09.29.15.npz,548372,72,116,"TIR1,TIR2,WV"
INSAT3D_20210929_1800Z,2021-09-29T18:00:00Z,2021,9,29,18,PRETRAIN_VAL,data/interim/gridsat/2021/gridsat_2021.09.29.18.npz,541300,72,116,"TIR1,TIR2,WV"
INSAT3D_20210929_2100Z,2021-09-29T21:00:00Z,2021,9,29,21,PRETRAIN_VAL,data/interim/gridsat/2021/gridsat_2021.09.29.21.npz,545709,72,116,"TIR1,TIR2,WV"
INSAT3D_20210930_0000Z,2021-09-30T00:00:00Z,2021,9,30,0,PRETRAIN_VAL,data/interim/gridsat/2021/gridsat_2021.09.30.00.npz,550335,72,116,"TIR1,TIR2,WV"
INSAT3D_20210930_0300Z,2021-09-30T03:00:00Z,2021,9,30,3,PRETRAIN_VAL,data/interim/gridsat/2021/gridsat_2021.09.30.03.npz,551383,72,116,"TIR1,TIR2,WV"
INSAT3D_20210930_0600Z,2021-09-30T06:00:00Z,2021,9,30,6,PRETRAIN_VAL,data/interim/gridsat/2021/gridsat_2021.09.30.06.npz,582522,72,116,"TIR1,TIR2,WV"
INSAT3D_20210930_0900Z,2021-09-30T09:00:00Z,2021,9,30,9,PRETRAIN_VAL,data/interim/gridsat/2021/gridsat_2021.09.30.09.npz,608967,72,116,"TIR1,TIR2,WV"
INSAT3D_20210930_1200Z,2021-09-30T12:00:00Z,2021,9,30,12,PRETRAIN_VAL,data/interim/gridsat/2021/gridsat_2021.09.30.12.npz,592016,72,116,"TIR1,TIR2,WV"
INSAT3D_20210930_1500Z,2021-09-30T15:00:00Z,2021,9,30,15,PRETRAIN_VAL,data/interim/gridsat/2021/gridsat_2021.09.30.15.npz,568902,72,116,"TIR1,TIR2,WV"
INSAT3D_20210930_1800Z,2021-09-30T18:00:00Z,2021,9,30,18,PRETRAIN_VAL,data/interim/gridsat/2021/gridsat_2021.09.30.18.npz,565289,72,116,"TIR1,TIR2,WV"
INSAT3D_20210930_2100Z,2021-09-30T21:00:00Z,2021,9,30,21,PRETRAIN_VAL,data/interim/gridsat/2021/gridsat_2021.09.30.21.npz,563557,72,116,"TIR1,TIR2,WV"
INSAT3D_20211001_0000Z,2021-10-01T00:00:00Z,2021,10,1,0,PRETRAIN_VAL,data/interim/gridsat/2021/gridsat_2021.10.01.00.npz,548952,72,116,"TIR1,TIR2,WV"
INSAT3D_20211001_0300Z,2021-10-01T03:00:00Z,2021,10,1,3,PRETRAIN_VAL,data/interim/gridsat/2021/gridsat_2021.10.01.03.npz,538453,72,116,"TIR1,TIR2,WV"
INSAT3D_20211001_0600Z,2021-10-01T06:00:00Z,2021,10,1,6,PRETRAIN_VAL,data/interim/gridsat/2021/gridsat_2021.10.01.06.npz,569035,72,116,"TIR1,TIR2,WV"
INSAT3D_20211001_0900Z,2021-10-01T09:00:00Z,2021,10,1,9,PRETRAIN_VAL,data/interim/gridsat/2021/gridsat_2021.10.01.09.npz,594088,72,116,"TIR1,TIR2,WV"
INSAT3D_20211001_1200Z,2021-10-01T12:00:00Z,2021,10,1,12,PRETRAIN_VAL,data/interim/gridsat/2021/gridsat_2021.10.01.12.npz,582518,72,116,"TIR1,TIR2,WV"
INSAT3D_20211001_1500Z,2021-10-01T15:00:00Z,2021,10,1,15,PRETRAIN_VAL,data/interim/gridsat/2021/gridsat_2021.10.01.15.npz,560553,72,116,"TIR1,TIR2,WV"
INSAT3D_20211001_1800Z,2021-10-01T18:00:00Z,2021,10,1,18,PRETRAIN_VAL,data/interim/gridsat/2021/gridsat_2021.10.01.18.npz,563753,72,116,"TIR1,TIR2,WV"
INSAT3D_20211001_2100Z,2021-10-01T21:00:00Z,2021,10,1,21,PRETRAIN_VAL,data/interim/gridsat/2021/gridsat_2021.10.01.21.npz,569516,72,116,"TIR1,TIR2,WV"
INSAT3D_20211002_0000Z,2021-10-02T00:00:00Z,2021,10,2,0,PRETRAIN_VAL,data/interim/gridsat/2021/gridsat_2021.10.02.00.npz,565122,72,116,"TIR1,TIR2,WV"
INSAT3D_20211002_0300Z,2021-10-02T03:00:00Z,2021,10,2,3,PRETRAIN_VAL,data/interim/gridsat/2021/gridsat_2021.10.02.03.npz,569565,72,116,"TIR1,TIR2,WV"
INSAT3D_20211002_0600Z,2021-10-02T06:00:00Z,2021,10,2,6,PRETRAIN_VAL,data/interim/gridsat/2021/gridsat_2021.10.02.06.npz,587363,72,116,"TIR1,TIR2,WV"
INSAT3D_20211201_2100Z,2021-12-01T21:00:00Z,2021,12,1,21,PRETRAIN_VAL,data/interim/gridsat/2021/gridsat_2021.12.01.21.npz,542287,72,116,"TIR1,TIR2,WV"
INSAT3D_20211202_0000Z,2021-12-02T00:00:00Z,2021,12,2,0,PRETRAIN_VAL,data/interim/gridsat/2021/gridsat_2021.12.02.00.npz,535685,72,116,"TIR1,TIR2,WV"
INSAT3D_20211202_0300Z,2021-12-02T03:00:00Z,2021,12,2,3,PRETRAIN_VAL,data/interim/gridsat/2021/gridsat_2021.12.02.03.npz,522268,72,116,"TIR1,TIR2,WV"
INSAT3D_20211202_0600Z,2021-12-02T06:00:00Z,2021,12,2,6,PRETRAIN_VAL,data/interim/gridsat/2021/gridsat_2021.12.02.06.npz,531330,72,116,"TIR1,TIR2,WV"
INSAT3D_20211202_0900Z,2021-12-02T09:00:00Z,2021,12,2,9,PRETRAIN_VAL,data/interim/gridsat/2021/gridsat_2021.12.02.09.npz,545878,72,116,"TIR1,TIR2,WV"
INSAT3D_20211202_1200Z,2021-12-02T12:00:00Z,2021,12,2,12,PRETRAIN_VAL,data/interim/gridsat/2021/gridsat_2021.12.02.12.npz,526835,72,116,"TIR1,TIR2,WV"
INSAT3D_20211202_1500Z,2021-12-02T15:00:00Z,2021,12,2,15,PRETRAIN_VAL,data/interim/gridsat/2021/gridsat_2021.12.02.15.npz,514876,72,116,"TIR1,TIR2,WV"
INSAT3D_20211202_1800Z,2021-12-02T18:00:00Z,2021,12,2,18,PRETRAIN_VAL,data/interim/gridsat/2021/gridsat_2021.12.02.18.npz,518162,72,116,"TIR1,TIR2,WV"
INSAT3D_20211202_2100Z,2021-12-02T21:00:00Z,2021,12,2,21,PRETRAIN_VAL,data/interim/gridsat/2021/gridsat_2021.12.02.21.npz,524822,72,116,"TIR1,TIR2,WV"
INSAT3D_20211203_0000Z,2021-12-03T00:00:00Z,2021,12,3,0,PRETRAIN_VAL,data/interim/gridsat/2021/gridsat_2021.12.03.00.npz,519663,72,116,"TIR1,TIR2,WV"
INSAT3D_20211203_0300Z,2021-12-03T03:00:00Z,2021,12,3,3,PRETRAIN_VAL,data/interim/gridsat/2021/gridsat_2021.12.03.03.npz,510357,72,116,"TIR1,TIR2,WV"
INSAT3D_20211203_0600Z,2021-12-03T06:00:00Z,2021,12,3,6,PRETRAIN_VAL,data/interim/gridsat/2021/gridsat_2021.12.03.06.npz,514270,72,116,"TIR1,TIR2,WV"
INSAT3D_20211203_0900Z,2021-12-03T09:00:00Z,2021,12,3,9,PRETRAIN_VAL,data/interim/gridsat/2021/gridsat_2021.12.03.09.npz,531137,72,116,"TIR1,TIR2,WV"
INSAT3D_20211203_1200Z,2021-12-03T12:00:00Z,2021,12,3,12,PRETRAIN_VAL,data/interim/gridsat/2021/gridsat_2021.12.03.12.npz,508232,72,116,"TIR1,TIR2,WV"
INSAT3D_20211203_1500Z,2021-12-03T15:00:00Z,2021,12,3,15,PRETRAIN_VAL,data/interim/gridsat/2021/gridsat_2021.12.03.15.npz,496764,72,116,"TIR1,TIR2,WV"
INSAT3D_20211203_1800Z,2021-12-03T18:00:00Z,2021,12,3,18,PRETRAIN_VAL,data/interim/gridsat/2021/gridsat_2021.12.03.18.npz,505934,72,116,"TIR1,TIR2,WV"
INSAT3D_20220302_0900Z,2022-03-02T09:00:00Z,2022,3,2,9,PRETRAIN_VAL,data/interim/gridsat/2022/gridsat_2022.03.02.09.npz,552434,72,116,"TIR1,TIR2,WV"
INSAT3D_20220302_1200Z,2022-03-02T12:00:00Z,2022,3,2,12,PRETRAIN_VAL,data/interim/gridsat/2022/gridsat_2022.03.02.12.npz,532909,72,116,"TIR1,TIR2,WV"
INSAT3D_20220302_1500Z,2022-03-02T15:00:00Z,2022,3,2,15,PRETRAIN_VAL,data/interim/gridsat/2022/gridsat_2022.03.02.15.npz,500387,72,116,"TIR1,TIR2,WV"
INSAT3D_20220302_1800Z,2022-03-02T18:00:00Z,2022,3,2,18,PRETRAIN_VAL,data/interim/gridsat/2022/gridsat_2022.03.02.18.npz,492152,72,116,"TIR1,TIR2,WV"
INSAT3D_20220302_2100Z,2022-03-02T21:00:00Z,2022,3,2,21,PRETRAIN_VAL,data/interim/gridsat/2022/gridsat_2022.03.02.21.npz,491102,72,116,"TIR1,TIR2,WV"
INSAT3D_20220303_0000Z,2022-03-03T00:00:00Z,2022,3,3,0,PRETRAIN_VAL,data/interim/gridsat/2022/gridsat_2022.03.03.00.npz,491180,72,116,"TIR1,TIR2,WV"
INSAT3D_20220303_0300Z,2022-03-03T03:00:00Z,2022,3,3,3,PRETRAIN_VAL,data/interim/gridsat/2022/gridsat_2022.03.03.03.npz,498542,72,116,"TIR1,TIR2,WV"
INSAT3D_20220303_0600Z,2022-03-03T06:00:00Z,2022,3,3,6,PRETRAIN_VAL,data/interim/gridsat/2022/gridsat_2022.03.03.06.npz,524519,72,116,"TIR1,TIR2,WV"
INSAT3D_20220303_0900Z,2022-03-03T09:00:00Z,2022,3,3,9,PRETRAIN_VAL,data/interim/gridsat/2022/gridsat_2022.03.03.09.npz,542387,72,116,"TIR1,TIR2,WV"
INSAT3D_20220303_1200Z,2022-03-03T12:00:00Z,2022,3,3,12,PRETRAIN_VAL,data/interim/gridsat/2022/gridsat_2022.03.03.12.npz,515401,72,116,"TIR1,TIR2,WV"
INSAT3D_20220303_1500Z,2022-03-03T15:00:00Z,2022,3,3,15,PRETRAIN_VAL,data/interim/gridsat/2022/gridsat_2022.03.03.15.npz,489811,72,116,"TIR1,TIR2,WV"
INSAT3D_20220303_1800Z,2022-03-03T18:00:00Z,2022,3,3,18,PRETRAIN_VAL,data/interim/gridsat/2022/gridsat_2022.03.03.18.npz,492101,72,116,"TIR1,TIR2,WV"
INSAT3D_20220303_2100Z,2022-03-03T21:00:00Z,2022,3,3,21,PRETRAIN_VAL,data/interim/gridsat/2022/gridsat_2022.03.03.21.npz,503492,72,116,"TIR1,TIR2,WV"
INSAT3D_20220304_0000Z,2022-03-04T00:00:00Z,2022,3,4,0,PRETRAIN_VAL,data/interim/gridsat/2022/gridsat_2022.03.04.00.npz,501746,72,116,"TIR1,TIR2,WV"
INSAT3D_20220319_1500Z,2022-03-19T15:00:00Z,2022,3,19,15,PRETRAIN_VAL,data/interim/gridsat/2022/gridsat_2022.03.19.15.npz,473281,72,116,"TIR1,TIR2,WV"
INSAT3D_20220319_1800Z,2022-03-19T18:00:00Z,2022,3,19,18,PRETRAIN_VAL,data/interim/gridsat/2022/gridsat_2022.03.19.18.npz,478213,72,116,"TIR1,TIR2,WV"
INSAT3D_20220319_2100Z,2022-03-19T21:00:00Z,2022,3,19,21,PRETRAIN_VAL,data/interim/gridsat/2022/gridsat_2022.03.19.21.npz,489114,72,116,"TIR1,TIR2,WV"
INSAT3D_20220320_0000Z,2022-03-20T00:00:00Z,2022,3,20,0,PRETRAIN_VAL,data/interim/gridsat/2022/gridsat_2022.03.20.00.npz,489464,72,116,"TIR1,TIR2,WV"
INSAT3D_20220320_0300Z,2022-03-20T03:00:00Z,2022,3,20,3,PRETRAIN_VAL,data/interim/gridsat/2022/gridsat_2022.03.20.03.npz,489759,72,116,"TIR1,TIR2,WV"
INSAT3D_20220320_0600Z,2022-03-20T06:00:00Z,2022,3,20,6,PRETRAIN_VAL,data/interim/gridsat/2022/gridsat_2022.03.20.06.npz,518048,72,116,"TIR1,TIR2,WV"
INSAT3D_20220320_0900Z,2022-03-20T09:00:00Z,2022,3,20,9,PRETRAIN_VAL,data/interim/gridsat/2022/gridsat_2022.03.20.09.npz,543192,72,116,"TIR1,TIR2,WV"
INSAT3D_20220320_1200Z,2022-03-20T12:00:00Z,2022,3,20,12,PRETRAIN_VAL,data/interim/gridsat/2022/gridsat_2022.03.20.12.npz,522129,72,116,"TIR1,TIR2,WV"
INSAT3D_20220320_1500Z,2022-03-20T15:00:00Z,2022,3,20,15,PRETRAIN_VAL,data/interim/gridsat/2022/gridsat_2022.03.20.15.npz,507244,72,116,"TIR1,TIR2,WV"
INSAT3D_20220320_1800Z,2022-03-20T18:00:00Z,2022,3,20,18,PRETRAIN_VAL,data/interim/gridsat/2022/gridsat_2022.03.20.18.npz,512755,72,116,"TIR1,TIR2,WV"
INSAT3D_20220506_1500Z,2022-05-06T15:00:00Z,2022,5,6,15,PRETRAIN_VAL,data/interim/gridsat/2022/gridsat_2022.05.06.15.npz,577638,72,116,"TIR1,TIR2,WV"
INSAT3D_20220506_1800Z,2022-05-06T18:00:00Z,2022,5,6,18,PRETRAIN_VAL,data/interim/gridsat/2022/gridsat_2022.05.06.18.npz,569733,72,116,"TIR1,TIR2,WV"
INSAT3D_20220506_2100Z,2022-05-06T21:00:00Z,2022,5,6,21,PRETRAIN_VAL,data/interim/gridsat/2022/gridsat_2022.05.06.21.npz,560633,72,116,"TIR1,TIR2,WV"
INSAT3D_20220507_0000Z,2022-05-07T00:00:00Z,2022,5,7,0,PRETRAIN_VAL,data/interim/gridsat/2022/gridsat_2022.05.07.00.npz,548206,72,116,"TIR1,TIR2,WV"
INSAT3D_20220507_0300Z,2022-05-07T03:00:00Z,2022,5,7,3,PRETRAIN_VAL,data/interim/gridsat/2022/gridsat_2022.05.07.03.npz,548395,72,116,"TIR1,TIR2,WV"
INSAT3D_20220507_0600Z,2022-05-07T06:00:00Z,2022,5,7,6,PRETRAIN_VAL,data/interim/gridsat/2022/gridsat_2022.05.07.06.npz,579457,72,116,"TIR1,TIR2,WV"
INSAT3D_20220507_0900Z,2022-05-07T09:00:00Z,2022,5,7,9,PRETRAIN_VAL,data/interim/gridsat/2022/gridsat_2022.05.07.09.npz,608670,72,116,"TIR1,TIR2,WV"
INSAT3D_20220507_1200Z,2022-05-07T12:00:00Z,2022,5,7,12,PRETRAIN_VAL,data/interim/gridsat/2022/gridsat_2022.05.07.12.npz,588059,72,116,"TIR1,TIR2,WV"
INSAT3D_20220507_1500Z,2022-05-07T15:00:00Z,2022,5,7,15,PRETRAIN_VAL,data/interim/gridsat/2022/gridsat_2022.05.07.15.npz,557453,72,116,"TIR1,TIR2,WV"
INSAT3D_20220507_1800Z,2022-05-07T18:00:00Z,2022,5,7,18,PRETRAIN_VAL,data/interim/gridsat/2022/gridsat_2022.05.07.18.npz,548270,72,116,"TIR1,TIR2,WV"
INSAT3D_20220507_2100Z,2022-05-07T21:00:00Z,2022,5,7,21,PRETRAIN_VAL,data/interim/gridsat/2022/gridsat_2022.05.07.21.npz,545628,72,116,"TIR1,TIR2,WV"
INSAT3D_20220508_0000Z,2022-05-08T00:00:00Z,2022,5,8,0,PRETRAIN_VAL,data/interim/gridsat/2022/gridsat_2022.05.08.00.npz,538612,72,116,"TIR1,TIR2,WV"
INSAT3D_20220508_0300Z,2022-05-08T03:00:00Z,2022,5,8,3,PRETRAIN_VAL,data/interim/gridsat/2022/gridsat_2022.05.08.03.npz,538513,72,116,"TIR1,TIR2,WV"
INSAT3D_20220508_0600Z,2022-05-08T06:00:00Z,2022,5,8,6,PRETRAIN_VAL,data/interim/gridsat/2022/gridsat_2022.05.08.06.npz,568885,72,116,"TIR1,TIR2,WV"
INSAT3D_20220508_0900Z,2022-05-08T09:00:00Z,2022,5,8,9,PRETRAIN_VAL,data/interim/gridsat/2022/gridsat_2022.05.08.09.npz,593825,72,116,"TIR1,TIR2,WV"
INSAT3D_20220508_1200Z,2022-05-08T12:00:00Z,2022,5,8,12,PRETRAIN_VAL,data/interim/gridsat/2022/gridsat_2022.05.08.12.npz,578655,72,116,"TIR1,TIR2,WV"
INSAT3D_20220508_1500Z,2022-05-08T15:00:00Z,2022,5,8,15,PRETRAIN_VAL,data/interim/gridsat/2022/gridsat_2022.05.08.15.npz,550958,72,116,"TIR1,TIR2,WV"
INSAT3D_20220508_1800Z,2022-05-08T18:00:00Z,2022,5,8,18,PRETRAIN_VAL,data/interim/gridsat/2022/gridsat_2022.05.08.18.npz,540991,72,116,"TIR1,TIR2,WV"
INSAT3D_20220508_2100Z,2022-05-08T21:00:00Z,2022,5,8,21,PRETRAIN_VAL,data/interim/gridsat/2022/gridsat_2022.05.08.21.npz,538921,72,116,"TIR1,TIR2,WV"
INSAT3D_20220509_0000Z,2022-05-09T00:00:00Z,2022,5,9,0,PRETRAIN_VAL,data/interim/gridsat/2022/gridsat_2022.05.09.00.npz,540221,72,116,"TIR1,TIR2,WV"
INSAT3D_20220509_0300Z,2022-05-09T03:00:00Z,2022,5,9,3,PRETRAIN_VAL,data/interim/gridsat/2022/gridsat_2022.05.09.03.npz,542276,72,116,"TIR1,TIR2,WV"
INSAT3D_20220509_0600Z,2022-05-09T06:00:00Z,2022,5,9,6,PRETRAIN_VAL,data/interim/gridsat/2022/gridsat_2022.05.09.06.npz,580428,72,116,"TIR1,TIR2,WV"
INSAT3D_20220509_0900Z,2022-05-09T09:00:00Z,2022,5,9,9,PRETRAIN_VAL,data/interim/gridsat/2022/gridsat_2022.05.09.09.npz,606097,72,116,"TIR1,TIR2,WV"
INSAT3D_20220509_1200Z,2022-05-09T12:00:00Z,2022,5,9,12,PRETRAIN_VAL,data/interim/gridsat/2022/gridsat_2022.05.09.12.npz,593516,72,116,"TIR1,TIR2,WV"
INSAT3D_20220509_1500Z,2022-05-09T15:00:00Z,2022,5,9,15,PRETRAIN_VAL,data/interim/gridsat/2022/gridsat_2022.05.09.15.npz,566128,72,116,"TIR1,TIR2,WV"
INSAT3D_20220509_1800Z,2022-05-09T18:00:00Z,2022,5,9,18,PRETRAIN_VAL,data/interim/gridsat/2022/gridsat_2022.05.09.18.npz,565349,72,116,"TIR1,TIR2,WV"
INSAT3D_20220509_2100Z,2022-05-09T21:00:00Z,2022,5,9,21,PRETRAIN_VAL,data/interim/gridsat/2022/gridsat_2022.05.09.21.npz,561094,72,116,"TIR1,TIR2,WV"
INSAT3D_20220510_0000Z,2022-05-10T00:00:00Z,2022,5,10,0,PRETRAIN_VAL,data/interim/gridsat/2022/gridsat_2022.05.10.00.npz,552731,72,116,"TIR1,TIR2,WV"
INSAT3D_20220813_1500Z,2022-08-13T15:00:00Z,2022,8,13,15,PRETRAIN_VAL,data/interim/gridsat/2022/gridsat_2022.08.13.15.npz,590211,72,116,"TIR1,TIR2,WV"
INSAT3D_20220813_1800Z,2022-08-13T18:00:00Z,2022,8,13,18,PRETRAIN_VAL,data/interim/gridsat/2022/gridsat_2022.08.13.18.npz,592455,72,116,"TIR1,TIR2,WV"
INSAT3D_20220813_2100Z,2022-08-13T21:00:00Z,2022,8,13,21,PRETRAIN_VAL,data/interim/gridsat/2022/gridsat_2022.08.13.21.npz,593024,72,116,"TIR1,TIR2,WV"
INSAT3D_20220814_0000Z,2022-08-14T00:00:00Z,2022,8,14,0,PRETRAIN_VAL,data/interim/gridsat/2022/gridsat_2022.08.14.00.npz,587941,72,116,"TIR1,TIR2,WV"
INSAT3D_20220814_0300Z,2022-08-14T03:00:00Z,2022,8,14,3,PRETRAIN_VAL,data/interim/gridsat/2022/gridsat_2022.08.14.03.npz,584899,72,116,"TIR1,TIR2,WV"
INSAT3D_20220814_0600Z,2022-08-14T06:00:00Z,2022,8,14,6,PRETRAIN_VAL,data/interim/gridsat/2022/gridsat_2022.08.14.06.npz,601659,72,116,"TIR1,TIR2,WV"
INSAT3D_20220818_0900Z,2022-08-18T09:00:00Z,2022,8,18,9,PRETRAIN_VAL,data/interim/gridsat/2022/gridsat_2022.08.18.09.npz,619095,72,116,"TIR1,TIR2,WV"
INSAT3D_20220818_1200Z,2022-08-18T12:00:00Z,2022,8,18,12,PRETRAIN_VAL,data/interim/gridsat/2022/gridsat_2022.08.18.12.npz,615642,72,116,"TIR1,TIR2,WV"
INSAT3D_20220818_1500Z,2022-08-18T15:00:00Z,2022,8,18,15,PRETRAIN_VAL,data/interim/gridsat/2022/gridsat_2022.08.18.15.npz,595178,72,116,"TIR1,TIR2,WV"
INSAT3D_20220818_1800Z,2022-08-18T18:00:00Z,2022,8,18,18,PRETRAIN_VAL,data/interim/gridsat/2022/gridsat_2022.08.18.18.npz,593649,72,116,"TIR1,TIR2,WV"
INSAT3D_20220818_2100Z,2022-08-18T21:00:00Z,2022,8,18,21,PRETRAIN_VAL,data/interim/gridsat/2022/gridsat_2022.08.18.21.npz,595186,72,116,"TIR1,TIR2,WV"
INSAT3D_20220819_0000Z,2022-08-19T00:00:00Z,2022,8,19,0,PRETRAIN_VAL,data/interim/gridsat/2022/gridsat_2022.08.19.00.npz,588930,72,116,"TIR1,TIR2,WV"
INSAT3D_20220819_0300Z,2022-08-19T03:00:00Z,2022,8,19,3,PRETRAIN_VAL,data/interim/gridsat/2022/gridsat_2022.08.19.03.npz,580569,72,116,"TIR1,TIR2,WV"
INSAT3D_20220819_0600Z,2022-08-19T06:00:00Z,2022,8,19,6,PRETRAIN_VAL,data/interim/gridsat/2022/gridsat_2022.08.19.06.npz,600662,72,116,"TIR1,TIR2,WV"
INSAT3D_20220819_0900Z,2022-08-19T09:00:00Z,2022,8,19,9,PRETRAIN_VAL,data/interim/gridsat/2022/gridsat_2022.08.19.09.npz,615128,72,116,"TIR1,TIR2,WV"
INSAT3D_20220819_1200Z,2022-08-19T12:00:00Z,2022,8,19,12,PRETRAIN_VAL,data/interim/gridsat/2022/gridsat_2022.08.19.12.npz,611209,72,116,"TIR1,TIR2,WV"
INSAT3D_20220819_1500Z,2022-08-19T15:00:00Z,2022,8,19,15,PRETRAIN_VAL,data/interim/gridsat/2022/gridsat_2022.08.19.15.npz,594402,72,116,"TIR1,TIR2,WV"
INSAT3D_20220819_1800Z,2022-08-19T18:00:00Z,2022,8,19,18,PRETRAIN_VAL,data/interim/gridsat/2022/gridsat_2022.08.19.18.npz,595748,72,116,"TIR1,TIR2,WV"
INSAT3D_20220819_2100Z,2022-08-19T21:00:00Z,2022,8,19,21,PRETRAIN_VAL,data/interim/gridsat/2022/gridsat_2022.08.19.21.npz,598999,72,116,"TIR1,TIR2,WV"
INSAT3D_20220820_0000Z,2022-08-20T00:00:00Z,2022,8,20,0,PRETRAIN_VAL,data/interim/gridsat/2022/gridsat_2022.08.20.00.npz,600593,72,116,"TIR1,TIR2,WV"
INSAT3D_20220820_0300Z,2022-08-20T03:00:00Z,2022,8,20,3,PRETRAIN_VAL,data/interim/gridsat/2022/gridsat_2022.08.20.03.npz,599790,72,116,"TIR1,TIR2,WV"
INSAT3D_20220820_0600Z,2022-08-20T06:00:00Z,2022,8,20,6,PRETRAIN_VAL,data/interim/gridsat/2022/gridsat_2022.08.20.06.npz,616038,72,116,"TIR1,TIR2,WV"
INSAT3D_20220820_0900Z,2022-08-20T09:00:00Z,2022,8,20,9,PRETRAIN_VAL,data/interim/gridsat/2022/gridsat_2022.08.20.09.npz,631240,72,116,"TIR1,TIR2,WV"
INSAT3D_20220820_1200Z,2022-08-20T12:00:00Z,2022,8,20,12,PRETRAIN_VAL,data/interim/gridsat/2022/gridsat_2022.08.20.12.npz,629024,72,116,"TIR1,TIR2,WV"
INSAT3D_20220820_1500Z,2022-08-20T15:00:00Z,2022,8,20,15,PRETRAIN_VAL,data/interim/gridsat/2022/gridsat_2022.08.20.15.npz,604511,72,116,"TIR1,TIR2,WV"
INSAT3D_20220820_1800Z,2022-08-20T18:00:00Z,2022,8,20,18,PRETRAIN_VAL,data/interim/gridsat/2022/gridsat_2022.08.20.18.npz,601080,72,116,"TIR1,TIR2,WV"
INSAT3D_20220820_2100Z,2022-08-20T21:00:00Z,2022,8,20,21,PRETRAIN_VAL,data/interim/gridsat/2022/gridsat_2022.08.20.21.npz,602298,72,116,"TIR1,TIR2,WV"
INSAT3D_20220821_0000Z,2022-08-21T00:00:00Z,2022,8,21,0,PRETRAIN_VAL,data/interim/gridsat/2022/gridsat_2022.08.21.00.npz,599792,72,116,"TIR1,TIR2,WV"
INSAT3D_20221021_1500Z,2022-10-21T15:00:00Z,2022,10,21,15,PRETRAIN_VAL,data/interim/gridsat/2022/gridsat_2022.10.21.15.npz,517029,72,116,"TIR1,TIR2,WV"
INSAT3D_20221021_1800Z,2022-10-21T18:00:00Z,2022,10,21,18,PRETRAIN_VAL,data/interim/gridsat/2022/gridsat_2022.10.21.18.npz,515151,72,116,"TIR1,TIR2,WV"
INSAT3D_20221021_2100Z,2022-10-21T21:00:00Z,2022,10,21,21,PRETRAIN_VAL,data/interim/gridsat/2022/gridsat_2022.10.21.21.npz,520019,72,116,"TIR1,TIR2,WV"
INSAT3D_20221022_0000Z,2022-10-22T00:00:00Z,2022,10,22,0,PRETRAIN_VAL,data/interim/gridsat/2022/gridsat_2022.10.22.00.npz,523134,72,116,"TIR1,TIR2,WV"
INSAT3D_20221022_0300Z,2022-10-22T03:00:00Z,2022,10,22,3,PRETRAIN_VAL,data/interim/gridsat/2022/gridsat_2022.10.22.03.npz,519106,72,116,"TIR1,TIR2,WV"
INSAT3D_20221022_0600Z,2022-10-22T06:00:00Z,2022,10,22,6,PRETRAIN_VAL,data/interim/gridsat/2022/gridsat_2022.10.22.06.npz,546584,72,116,"TIR1,TIR2,WV"
INSAT3D_20221022_0900Z,2022-10-22T09:00:00Z,2022,10,22,9,PRETRAIN_VAL,data/interim/gridsat/2022/gridsat_2022.10.22.09.npz,562864,72,116,"TIR1,TIR2,WV"
INSAT3D_20221022_1200Z,2022-10-22T12:00:00Z,2022,10,22,12,PRETRAIN_VAL,data/interim/gridsat/2022/gridsat_2022.10.22.12.npz,533146,72,116,"TIR1,TIR2,WV"
INSAT3D_20221022_1500Z,2022-10-22T15:00:00Z,2022,10,22,15,PRETRAIN_VAL,data/interim/gridsat/2022/gridsat_2022.10.22.15.npz,516472,72,116,"TIR1,TIR2,WV"
INSAT3D_20221022_1800Z,2022-10-22T18:00:00Z,2022,10,22,18,PRETRAIN_VAL,data/interim/gridsat/2022/gridsat_2022.10.22.18.npz,516736,72,116,"TIR1,TIR2,WV"
INSAT3D_20221022_2100Z,2022-10-22T21:00:00Z,2022,10,22,21,PRETRAIN_VAL,data/interim/gridsat/2022/gridsat_2022.10.22.21.npz,527530,72,116,"TIR1,TIR2,WV"
INSAT3D_20221023_0000Z,2022-10-23T00:00:00Z,2022,10,23,0,PRETRAIN_VAL,data/interim/gridsat/2022/gridsat_2022.10.23.00.npz,532737,72,116,"TIR1,TIR2,WV"
INSAT3D_20221119_0900Z,2022-11-19T09:00:00Z,2022,11,19,9,PRETRAIN_VAL,data/interim/gridsat/2022/gridsat_2022.11.19.09.npz,585350,72,116,"TIR1,TIR2,WV"
INSAT3D_20221119_1200Z,2022-11-19T12:00:00Z,2022,11,19,12,PRETRAIN_VAL,data/interim/gridsat/2022/gridsat_2022.11.19.12.npz,561553,72,116,"TIR1,TIR2,WV"
INSAT3D_20221119_1500Z,2022-11-19T15:00:00Z,2022,11,19,15,PRETRAIN_VAL,data/interim/gridsat/2022/gridsat_2022.11.19.15.npz,547459,72,116,"TIR1,TIR2,WV"
INSAT3D_20221119_1800Z,2022-11-19T18:00:00Z,2022,11,19,18,PRETRAIN_VAL,data/interim/gridsat/2022/gridsat_2022.11.19.18.npz,547932,72,116,"TIR1,TIR2,WV"
INSAT3D_20221119_2100Z,2022-11-19T21:00:00Z,2022,11,19,21,PRETRAIN_VAL,data/interim/gridsat/2022/gridsat_2022.11.19.21.npz,544312,72,116,"TIR1,TIR2,WV"
INSAT3D_20221120_0000Z,2022-11-20T00:00:00Z,2022,11,20,0,PRETRAIN_VAL,data/interim/gridsat/2022/gridsat_2022.11.20.00.npz,535537,72,116,"TIR1,TIR2,WV"
INSAT3D_20221205_2100Z,2022-12-05T21:00:00Z,2022,12,5,21,PRETRAIN_VAL,data/interim/gridsat/2022/gridsat_2022.12.05.21.npz,526978,72,116,"TIR1,TIR2,WV"
INSAT3D_20221206_0000Z,2022-12-06T00:00:00Z,2022,12,6,0,PRETRAIN_VAL,data/interim/gridsat/2022/gridsat_2022.12.06.00.npz,527632,72,116,"TIR1,TIR2,WV"
INSAT3D_20221206_0300Z,2022-12-06T03:00:00Z,2022,12,6,3,PRETRAIN_VAL,data/interim/gridsat/2022/gridsat_2022.12.06.03.npz,525978,72,116,"TIR1,TIR2,WV"
INSAT3D_20221206_0600Z,2022-12-06T06:00:00Z,2022,12,6,6,PRETRAIN_VAL,data/interim/gridsat/2022/gridsat_2022.12.06.06.npz,550120,72,116,"TIR1,TIR2,WV"
INSAT3D_20221206_0900Z,2022-12-06T09:00:00Z,2022,12,6,9,PRETRAIN_VAL,data/interim/gridsat/2022/gridsat_2022.12.06.09.npz,562611,72,116,"TIR1,TIR2,WV"
INSAT3D_20221206_1200Z,2022-12-06T12:00:00Z,2022,12,6,12,PRETRAIN_VAL,data/interim/gridsat/2022/gridsat_2022.12.06.12.npz,538026,72,116,"TIR1,TIR2,WV"
INSAT3D_20221206_1500Z,2022-12-06T15:00:00Z,2022,12,6,15,PRETRAIN_VAL,data/interim/gridsat/2022/gridsat_2022.12.06.15.npz,533630,72,116,"TIR1,TIR2,WV"
INSAT3D_20221206_1800Z,2022-12-06T18:00:00Z,2022,12,6,18,PRETRAIN_VAL,data/interim/gridsat/2022/gridsat_2022.12.06.18.npz,540929,72,116,"TIR1,TIR2,WV"
INSAT3D_20221206_2100Z,2022-12-06T21:00:00Z,2022,12,6,21,PRETRAIN_VAL,data/interim/gridsat/2022/gridsat_2022.12.06.21.npz,548406,72,116,"TIR1,TIR2,WV"
INSAT3D_20221207_0000Z,2022-12-07T00:00:00Z,2022,12,7,0,PRETRAIN_VAL,data/interim/gridsat/2022/gridsat_2022.12.07.00.npz,549169,72,116,"TIR1,TIR2,WV"
INSAT3D_20221207_0300Z,2022-12-07T03:00:00Z,2022,12,7,3,PRETRAIN_VAL,data/interim/gridsat/2022/gridsat_2022.12.07.03.npz,546250,72,116,"TIR1,TIR2,WV"
INSAT3D_20221207_0600Z,2022-12-07T06:00:00Z,2022,12,7,6,PRETRAIN_VAL,data/interim/gridsat/2022/gridsat_2022.12.07.06.npz,569907,72,116,"TIR1,TIR2,WV"
INSAT3D_20221207_0900Z,2022-12-07T09:00:00Z,2022,12,7,9,PRETRAIN_VAL,data/interim/gridsat/2022/gridsat_2022.12.07.09.npz,583215,72,116,"TIR1,TIR2,WV"
INSAT3D_20221207_1200Z,2022-12-07T12:00:00Z,2022,12,7,12,PRETRAIN_VAL,data/interim/gridsat/2022/gridsat_2022.12.07.12.npz,562941,72,116,"TIR1,TIR2,WV"
INSAT3D_20221207_1500Z,2022-12-07T15:00:00Z,2022,12,7,15,PRETRAIN_VAL,data/interim/gridsat/2022/gridsat_2022.12.07.15.npz,558093,72,116,"TIR1,TIR2,WV"
INSAT3D_20221207_1800Z,2022-12-07T18:00:00Z,2022,12,7,18,PRETRAIN_VAL,data/interim/gridsat/2022/gridsat_2022.12.07.18.npz,561769,72,116,"TIR1,TIR2,WV"
INSAT3D_20221207_2100Z,2022-12-07T21:00:00Z,2022,12,7,21,PRETRAIN_VAL,data/interim/gridsat/2022/gridsat_2022.12.07.21.npz,565092,72,116,"TIR1,TIR2,WV"
INSAT3D_20221208_0000Z,2022-12-08T00:00:00Z,2022,12,8,0,PRETRAIN_VAL,data/interim/gridsat/2022/gridsat_2022.12.08.00.npz,566311,72,116,"TIR1,TIR2,WV"
INSAT3D_20221208_0300Z,2022-12-08T03:00:00Z,2022,12,8,3,PRETRAIN_VAL,data/interim/gridsat/2022/gridsat_2022.12.08.03.npz,565896,72,116,"TIR1,TIR2,WV"
INSAT3D_20221208_0600Z,2022-12-08T06:00:00Z,2022,12,8,6,PRETRAIN_VAL,data/interim/gridsat/2022/gridsat_2022.12.08.06.npz,588306,72,116,"TIR1,TIR2,WV"
INSAT3D_20221213_2100Z,2022-12-13T21:00:00Z,2022,12,13,21,PRETRAIN_VAL,data/interim/gridsat/2022/gridsat_2022.12.13.21.npz,523555,72,116,"TIR1,TIR2,WV"
INSAT3D_20221214_0000Z,2022-12-14T00:00:00Z,2022,12,14,0,PRETRAIN_VAL,data/interim/gridsat/2022/gridsat_2022.12.14.00.npz,527231,72,116,"TIR1,TIR2,WV"
INSAT3D_20221214_0300Z,2022-12-14T03:00:00Z,2022,12,14,3,PRETRAIN_VAL,data/interim/gridsat/2022/gridsat_2022.12.14.03.npz,526512,72,116,"TIR1,TIR2,WV"
INSAT3D_20221214_0600Z,2022-12-14T06:00:00Z,2022,12,14,6,PRETRAIN_VAL,data/interim/gridsat/2022/gridsat_2022.12.14.06.npz,553278,72,116,"TIR1,TIR2,WV"
INSAT3D_20221214_0900Z,2022-12-14T09:00:00Z,2022,12,14,9,PRETRAIN_VAL,data/interim/gridsat/2022/gridsat_2022.12.14.09.npz,569288,72,116,"TIR1,TIR2,WV"
INSAT3D_20221214_1200Z,2022-12-14T12:00:00Z,2022,12,14,12,PRETRAIN_VAL,data/interim/gridsat/2022/gridsat_2022.12.14.12.npz,549225,72,116,"TIR1,TIR2,WV"
INSAT3D_20221214_1500Z,2022-12-14T15:00:00Z,2022,12,14,15,PRETRAIN_VAL,data/interim/gridsat/2022/gridsat_2022.12.14.15.npz,541570,72,116,"TIR1,TIR2,WV"
INSAT3D_20221214_1800Z,2022-12-14T18:00:00Z,2022,12,14,18,PRETRAIN_VAL,data/interim/gridsat/2022/gridsat_2022.12.14.18.npz,544415,72,116,"TIR1,TIR2,WV"
INSAT3D_20221214_2100Z,2022-12-14T21:00:00Z,2022,12,14,21,PRETRAIN_VAL,data/interim/gridsat/2022/gridsat_2022.12.14.21.npz,548160,72,116,"TIR1,TIR2,WV"
INSAT3D_20221215_0000Z,2022-12-15T00:00:00Z,2022,12,15,0,PRETRAIN_VAL,data/interim/gridsat/2022/gridsat_2022.12.15.00.npz,543697,72,116,"TIR1,TIR2,WV"
INSAT3D_20221215_0300Z,2022-12-15T03:00:00Z,2022,12,15,3,PRETRAIN_VAL,data/interim/gridsat/2022/gridsat_2022.12.15.03.npz,539816,72,116,"TIR1,TIR2,WV"
INSAT3D_20221215_0600Z,2022-12-15T06:00:00Z,2022,12,15,6,PRETRAIN_VAL,data/interim/gridsat/2022/gridsat_2022.12.15.06.npz,554513,72,116,"TIR1,TIR2,WV"
INSAT3D_20221221_1500Z,2022-12-21T15:00:00Z,2022,12,21,15,PRETRAIN_VAL,data/interim/gridsat/2022/gridsat_2022.12.21.15.npz,496799,72,116,"TIR1,TIR2,WV"
INSAT3D_20221221_1800Z,2022-12-21T18:00:00Z,2022,12,21,18,PRETRAIN_VAL,data/interim/gridsat/2022/gridsat_2022.12.21.18.npz,505253,72,116,"TIR1,TIR2,WV"
INSAT3D_20221221_2100Z,2022-12-21T21:00:00Z,2022,12,21,21,PRETRAIN_VAL,data/interim/gridsat/2022/gridsat_2022.12.21.21.npz,509764,72,116,"TIR1,TIR2,WV"
INSAT3D_20221222_0000Z,2022-12-22T00:00:00Z,2022,12,22,0,PRETRAIN_VAL,data/interim/gridsat/2022/gridsat_2022.12.22.00.npz,511840,72,116,"TIR1,TIR2,WV"
INSAT3D_20221222_0300Z,2022-12-22T03:00:00Z,2022,12,22,3,PRETRAIN_VAL,data/interim/gridsat/2022/gridsat_2022.12.22.03.npz,512797,72,116,"TIR1,TIR2,WV"
INSAT3D_20221222_0600Z,2022-12-22T06:00:00Z,2022,12,22,6,PRETRAIN_VAL,data/interim/gridsat/2022/gridsat_2022.12.22.06.npz,537600,72,116,"TIR1,TIR2,WV"
INSAT3D_20221222_0900Z,2022-12-22T09:00:00Z,2022,12,22,9,PRETRAIN_VAL,data/interim/gridsat/2022/gridsat_2022.12.22.09.npz,552160,72,116,"TIR1,TIR2,WV"
INSAT3D_20221222_1200Z,2022-12-22T12:00:00Z,2022,12,22,12,PRETRAIN_VAL,data/interim/gridsat/2022/gridsat_2022.12.22.12.npz,523713,72,116,"TIR1,TIR2,WV"
INSAT3D_20221222_1500Z,2022-12-22T15:00:00Z,2022,12,22,15,PRETRAIN_VAL,data/interim/gridsat/2022/gridsat_2022.12.22.15.npz,508575,72,116,"TIR1,TIR2,WV"
INSAT3D_20221222_1800Z,2022-12-22T18:00:00Z,2022,12,22,18,PRETRAIN_VAL,data/interim/gridsat/2022/gridsat_2022.12.22.18.npz,504253,72,116,"TIR1,TIR2,WV"
INSAT3D_20221222_2100Z,2022-12-22T21:00:00Z,2022,12,22,21,PRETRAIN_VAL,data/interim/gridsat/2022/gridsat_2022.12.22.21.npz,496337,72,116,"TIR1,TIR2,WV"
INSAT3D_20221223_0000Z,2022-12-23T00:00:00Z,2022,12,23,0,PRETRAIN_VAL,data/interim/gridsat/2022/gridsat_2022.12.23.00.npz,492023,72,116,"TIR1,TIR2,WV"
INSAT3D_20221223_0300Z,2022-12-23T03:00:00Z,2022,12,23,3,PRETRAIN_VAL,data/interim/gridsat/2022/gridsat_2022.12.23.03.npz,483097,72,116,"TIR1,TIR2,WV"
INSAT3D_20221223_0600Z,2022-12-23T06:00:00Z,2022,12,23,6,PRETRAIN_VAL,data/interim/gridsat/2022/gridsat_2022.12.23.06.npz,510014,72,116,"TIR1,TIR2,WV"
INSAT3D_20230129_1500Z,2023-01-29T15:00:00Z,2023,1,29,15,PRETRAIN_VAL,data/interim/gridsat/2023/gridsat_2023.01.29.15.npz,527418,72,116,"TIR1,TIR2,WV"
INSAT3D_20230129_1800Z,2023-01-29T18:00:00Z,2023,1,29,18,PRETRAIN_VAL,data/interim/gridsat/2023/gridsat_2023.01.29.18.npz,535387,72,116,"TIR1,TIR2,WV"
INSAT3D_20230129_2100Z,2023-01-29T21:00:00Z,2023,1,29,21,PRETRAIN_VAL,data/interim/gridsat/2023/gridsat_2023.01.29.21.npz,541953,72,116,"TIR1,TIR2,WV"
INSAT3D_20230130_0000Z,2023-01-30T00:00:00Z,2023,1,30,0,PRETRAIN_VAL,data/interim/gridsat/2023/gridsat_2023.01.30.00.npz,540591,72,116,"TIR1,TIR2,WV"
INSAT3D_20230130_0300Z,2023-01-30T03:00:00Z,2023,1,30,3,PRETRAIN_VAL,data/interim/gridsat/2023/gridsat_2023.01.30.03.npz,533487,72,116,"TIR1,TIR2,WV"
INSAT3D_20230130_0600Z,2023-01-30T06:00:00Z,2023,1,30,6,PRETRAIN_VAL,data/interim/gridsat/2023/gridsat_2023.01.30.06.npz,557208,72,116,"TIR1,TIR2,WV"
INSAT3D_20230130_0900Z,2023-01-30T09:00:00Z,2023,1,30,9,PRETRAIN_VAL,data/interim/gridsat/2023/gridsat_2023.01.30.09.npz,568092,72,116,"TIR1,TIR2,WV"
INSAT3D_20230130_1200Z,2023-01-30T12:00:00Z,2023,1,30,12,PRETRAIN_VAL,data/interim/gridsat/2023/gridsat_2023.01.30.12.npz,539728,72,116,"TIR1,TIR2,WV"
INSAT3D_20230130_1500Z,2023-01-30T15:00:00Z,2023,1,30,15,PRETRAIN_VAL,data/interim/gridsat/2023/gridsat_2023.01.30.15.npz,519726,72,116,"TIR1,TIR2,WV"
INSAT3D_20230130_1800Z,2023-01-30T18:00:00Z,2023,1,30,18,PRETRAIN_VAL,data/interim/gridsat/2023/gridsat_2023.01.30.18.npz,518251,72,116,"TIR1,TIR2,WV"
INSAT3D_20230130_2100Z,2023-01-30T21:00:00Z,2023,1,30,21,PRETRAIN_VAL,data/interim/gridsat/2023/gridsat_2023.01.30.21.npz,519653,72,116,"TIR1,TIR2,WV"
INSAT3D_20230131_0000Z,2023-01-31T00:00:00Z,2023,1,31,0,PRETRAIN_VAL,data/interim/gridsat/2023/gridsat_2023.01.31.00.npz,516096,72,116,"TIR1,TIR2,WV"
INSAT3D_20230131_0300Z,2023-01-31T03:00:00Z,2023,1,31,3,PRETRAIN_VAL,data/interim/gridsat/2023/gridsat_2023.01.31.03.npz,515891,72,116,"TIR1,TIR2,WV"
INSAT3D_20230131_0600Z,2023-01-31T06:00:00Z,2023,1,31,6,PRETRAIN_VAL,data/interim/gridsat/2023/gridsat_2023.01.31.06.npz,544202,72,116,"TIR1,TIR2,WV"
INSAT3D_20230131_0900Z,2023-01-31T09:00:00Z,2023,1,31,9,PRETRAIN_VAL,data/interim/gridsat/2023/gridsat_2023.01.31.09.npz,564697,72,116,"TIR1,TIR2,WV"
INSAT3D_20230131_1200Z,2023-01-31T12:00:00Z,2023,1,31,12,PRETRAIN_VAL,data/interim/gridsat/2023/gridsat_2023.01.31.12.npz,537286,72,116,"TIR1,TIR2,WV"
INSAT3D_20230508_2100Z,2023-05-08T21:00:00Z,2023,5,8,21,PRETRAIN_VAL,data/interim/gridsat/2023/gridsat_2023.05.08.21.npz,559810,72,116,"TIR1,TIR2,WV"
INSAT3D_20230509_0000Z,2023-05-09T00:00:00Z,2023,5,9,0,PRETRAIN_VAL,data/interim/gridsat/2023/gridsat_2023.05.09.00.npz,559750,72,116,"TIR1,TIR2,WV"
INSAT3D_20230509_0300Z,2023-05-09T03:00:00Z,2023,5,9,3,PRETRAIN_VAL,data/interim/gridsat/2023/gridsat_2023.05.09.03.npz,560093,72,116,"TIR1,TIR2,WV"
INSAT3D_20230509_0600Z,2023-05-09T06:00:00Z,2023,5,9,6,PRETRAIN_VAL,data/interim/gridsat/2023/gridsat_2023.05.09.06.npz,588072,72,116,"TIR1,TIR2,WV"
INSAT3D_20230509_0900Z,2023-05-09T09:00:00Z,2023,5,9,9,PRETRAIN_VAL,data/interim/gridsat/2023/gridsat_2023.05.09.09.npz,602929,72,116,"TIR1,TIR2,WV"
INSAT3D_20230509_1200Z,2023-05-09T12:00:00Z,2023,5,9,12,PRETRAIN_VAL,data/interim/gridsat/2023/gridsat_2023.05.09.12.npz,585167,72,116,"TIR1,TIR2,WV"
INSAT3D_20230509_1500Z,2023-05-09T15:00:00Z,2023,5,9,15,PRETRAIN_VAL,data/interim/gridsat/2023/gridsat_2023.05.09.15.npz,559692,72,116,"TIR1,TIR2,WV"
INSAT3D_20230509_1800Z,2023-05-09T18:00:00Z,2023,5,9,18,PRETRAIN_VAL,data/interim/gridsat/2023/gridsat_2023.05.09.18.npz,555018,72,116,"TIR1,TIR2,WV"
INSAT3D_20230509_2100Z,2023-05-09T21:00:00Z,2023,5,9,21,PRETRAIN_VAL,data/interim/gridsat/2023/gridsat_2023.05.09.21.npz,560614,72,116,"TIR1,TIR2,WV"
INSAT3D_20230510_0000Z,2023-05-10T00:00:00Z,2023,5,10,0,PRETRAIN_VAL,data/interim/gridsat/2023/gridsat_2023.05.10.00.npz,551991,72,116,"TIR1,TIR2,WV"
INSAT3D_20230510_0300Z,2023-05-10T03:00:00Z,2023,5,10,3,PRETRAIN_VAL,data/interim/gridsat/2023/gridsat_2023.05.10.03.npz,544359,72,116,"TIR1,TIR2,WV"
INSAT3D_20230510_0600Z,2023-05-10T06:00:00Z,2023,5,10,6,PRETRAIN_VAL,data/interim/gridsat/2023/gridsat_2023.05.10.06.npz,571206,72,116,"TIR1,TIR2,WV"
INSAT3D_20230510_0900Z,2023-05-10T09:00:00Z,2023,5,10,9,PRETRAIN_VAL,data/interim/gridsat/2023/gridsat_2023.05.10.09.npz,593386,72,116,"TIR1,TIR2,WV"
INSAT3D_20230510_1200Z,2023-05-10T12:00:00Z,2023,5,10,12,PRETRAIN_VAL,data/interim/gridsat/2023/gridsat_2023.05.10.12.npz,580367,72,116,"TIR1,TIR2,WV"
INSAT3D_20230510_1500Z,2023-05-10T15:00:00Z,2023,5,10,15,PRETRAIN_VAL,data/interim/gridsat/2023/gridsat_2023.05.10.15.npz,553278,72,116,"TIR1,TIR2,WV"
INSAT3D_20230510_1800Z,2023-05-10T18:00:00Z,2023,5,10,18,PRETRAIN_VAL,data/interim/gridsat/2023/gridsat_2023.05.10.18.npz,546893,72,116,"TIR1,TIR2,WV"
INSAT3D_20230510_2100Z,2023-05-10T21:00:00Z,2023,5,10,21,PRETRAIN_VAL,data/interim/gridsat/2023/gridsat_2023.05.10.21.npz,548077,72,116,"TIR1,TIR2,WV"
INSAT3D_20230511_0000Z,2023-05-11T00:00:00Z,2023,5,11,0,PRETRAIN_VAL,data/interim/gridsat/2023/gridsat_2023.05.11.00.npz,543589,72,116,"TIR1,TIR2,WV"
INSAT3D_20230511_0300Z,2023-05-11T03:00:00Z,2023,5,11,3,PRETRAIN_VAL,data/interim/gridsat/2023/gridsat_2023.05.11.03.npz,544653,72,116,"TIR1,TIR2,WV"
INSAT3D_20230511_0600Z,2023-05-11T06:00:00Z,2023,5,11,6,PRETRAIN_VAL,data/interim/gridsat/2023/gridsat_2023.05.11.06.npz,577411,72,116,"TIR1,TIR2,WV"
INSAT3D_20230511_0900Z,2023-05-11T09:00:00Z,2023,5,11,9,PRETRAIN_VAL,data/interim/gridsat/2023/gridsat_2023.05.11.09.npz,599254,72,116,"TIR1,TIR2,WV"
INSAT3D_20230511_1200Z,2023-05-11T12:00:00Z,2023,5,11,12,PRETRAIN_VAL,data/interim/gridsat/2023/gridsat_2023.05.11.12.npz,584948,72,116,"TIR1,TIR2,WV"
INSAT3D_20230511_1500Z,2023-05-11T15:00:00Z,2023,5,11,15,PRETRAIN_VAL,data/interim/gridsat/2023/gridsat_2023.05.11.15.npz,555555,72,116,"TIR1,TIR2,WV"
INSAT3D_20230511_1800Z,2023-05-11T18:00:00Z,2023,5,11,18,PRETRAIN_VAL,data/interim/gridsat/2023/gridsat_2023.05.11.18.npz,546927,72,116,"TIR1,TIR2,WV"
INSAT3D_20230511_2100Z,2023-05-11T21:00:00Z,2023,5,11,21,PRETRAIN_VAL,data/interim/gridsat/2023/gridsat_2023.05.11.21.npz,543171,72,116,"TIR1,TIR2,WV"
INSAT3D_20230512_0000Z,2023-05-12T00:00:00Z,2023,5,12,0,PRETRAIN_VAL,data/interim/gridsat/2023/gridsat_2023.05.12.00.npz,538948,72,116,"TIR1,TIR2,WV"
INSAT3D_20230512_0300Z,2023-05-12T03:00:00Z,2023,5,12,3,PRETRAIN_VAL,data/interim/gridsat/2023/gridsat_2023.05.12.03.npz,543398,72,116,"TIR1,TIR2,WV"
INSAT3D_20230512_0600Z,2023-05-12T06:00:00Z,2023,5,12,6,PRETRAIN_VAL,data/interim/gridsat/2023/gridsat_2023.05.12.06.npz,574067,72,116,"TIR1,TIR2,WV"
INSAT3D_20230512_0900Z,2023-05-12T09:00:00Z,2023,5,12,9,PRETRAIN_VAL,data/interim/gridsat/2023/gridsat_2023.05.12.09.npz,588544,72,116,"TIR1,TIR2,WV"
INSAT3D_20230512_1200Z,2023-05-12T12:00:00Z,2023,5,12,12,PRETRAIN_VAL,data/interim/gridsat/2023/gridsat_2023.05.12.12.npz,567178,72,116,"TIR1,TIR2,WV"
INSAT3D_20230512_1500Z,2023-05-12T15:00:00Z,2023,5,12,15,PRETRAIN_VAL,data/interim/gridsat/2023/gridsat_2023.05.12.15.npz,535684,72,116,"TIR1,TIR2,WV"
INSAT3D_20230512_1800Z,2023-05-12T18:00:00Z,2023,5,12,18,PRETRAIN_VAL,data/interim/gridsat/2023/gridsat_2023.05.12.18.npz,531016,72,116,"TIR1,TIR2,WV"
INSAT3D_20230512_2100Z,2023-05-12T21:00:00Z,2023,5,12,21,PRETRAIN_VAL,data/interim/gridsat/2023/gridsat_2023.05.12.21.npz,527545,72,116,"TIR1,TIR2,WV"
INSAT3D_20230513_0000Z,2023-05-13T00:00:00Z,2023,5,13,0,PRETRAIN_VAL,data/interim/gridsat/2023/gridsat_2023.05.13.00.npz,517418,72,116,"TIR1,TIR2,WV"
INSAT3D_20230605_0900Z,2023-06-05T09:00:00Z,2023,6,5,9,PRETRAIN_VAL,data/interim/gridsat/2023/gridsat_2023.06.05.09.npz,624824,72,116,"TIR1,TIR2,WV"
INSAT3D_20230605_1200Z,2023-06-05T12:00:00Z,2023,6,5,12,PRETRAIN_VAL,data/interim/gridsat/2023/gridsat_2023.06.05.12.npz,614646,72,116,"TIR1,TIR2,WV"
INSAT3D_20230605_1500Z,2023-06-05T15:00:00Z,2023,6,5,15,PRETRAIN_VAL,data/interim/gridsat/2023/gridsat_2023.06.05.15.npz,589416,72,116,"TIR1,TIR2,WV"
INSAT3D_20230605_1800Z,2023-06-05T18:00:00Z,2023,6,5,18,PRETRAIN_VAL,data/interim/gridsat/2023/gridsat_2023.06.05.18.npz,580995,72,116,"TIR1,TIR2,WV"
INSAT3D_20230605_2100Z,2023-06-05T21:00:00Z,2023,6,5,21,PRETRAIN_VAL,data/interim/gridsat/2023/gridsat_2023.06.05.21.npz,578301,72,116,"TIR1,TIR2,WV"
INSAT3D_20230606_0000Z,2023-06-06T00:00:00Z,2023,6,6,0,PRETRAIN_VAL,data/interim/gridsat/2023/gridsat_2023.06.06.00.npz,566173,72,116,"TIR1,TIR2,WV"
INSAT3D_20230606_0300Z,2023-06-06T03:00:00Z,2023,6,6,3,PRETRAIN_VAL,data/interim/gridsat/2023/gridsat_2023.06.06.03.npz,566435,72,116,"TIR1,TIR2,WV"
INSAT3D_20230606_0600Z,2023-06-06T06:00:00Z,2023,6,6,6,PRETRAIN_VAL,data/interim/gridsat/2023/gridsat_2023.06.06.06.npz,594240,72,116,"TIR1,TIR2,WV"
INSAT3D_20230606_0900Z,2023-06-06T09:00:00Z,2023,6,6,9,PRETRAIN_VAL,data/interim/gridsat/2023/gridsat_2023.06.06.09.npz,617722,72,116,"TIR1,TIR2,WV"
INSAT3D_20230606_1200Z,2023-06-06T12:00:00Z,2023,6,6,12,PRETRAIN_VAL,data/interim/gridsat/2023/gridsat_2023.06.06.12.npz,613510,72,116,"TIR1,TIR2,WV"
INSAT3D_20230606_1500Z,2023-06-06T15:00:00Z,2023,6,6,15,PRETRAIN_VAL,data/interim/gridsat/2023/gridsat_2023.06.06.15.npz,585798,72,116,"TIR1,TIR2,WV"
INSAT3D_20230606_1800Z,2023-06-06T18:00:00Z,2023,6,6,18,PRETRAIN_VAL,data/interim/gridsat/2023/gridsat_2023.06.06.18.npz,582689,72,116,"TIR1,TIR2,WV"
INSAT3D_20230606_2100Z,2023-06-06T21:00:00Z,2023,6,6,21,PRETRAIN_VAL,data/interim/gridsat/2023/gridsat_2023.06.06.21.npz,581303,72,116,"TIR1,TIR2,WV"
INSAT3D_20230607_0000Z,2023-06-07T00:00:00Z,2023,6,7,0,PRETRAIN_VAL,data/interim/gridsat/2023/gridsat_2023.06.07.00.npz,568750,72,116,"TIR1,TIR2,WV"
INSAT3D_20230607_0300Z,2023-06-07T03:00:00Z,2023,6,7,3,PRETRAIN_VAL,data/interim/gridsat/2023/gridsat_2023.06.07.03.npz,571688,72,116,"TIR1,TIR2,WV"
INSAT3D_20230607_0600Z,2023-06-07T06:00:00Z,2023,6,7,6,PRETRAIN_VAL,data/interim/gridsat/2023/gridsat_2023.06.07.06.npz,601790,72,116,"TIR1,TIR2,WV"
INSAT3D_20230607_0900Z,2023-06-07T09:00:00Z,2023,6,7,9,PRETRAIN_VAL,data/interim/gridsat/2023/gridsat_2023.06.07.09.npz,627633,72,116,"TIR1,TIR2,WV"
INSAT3D_20230607_1200Z,2023-06-07T12:00:00Z,2023,6,7,12,PRETRAIN_VAL,data/interim/gridsat/2023/gridsat_2023.06.07.12.npz,625205,72,116,"TIR1,TIR2,WV"
INSAT3D_20230607_1500Z,2023-06-07T15:00:00Z,2023,6,7,15,PRETRAIN_VAL,data/interim/gridsat/2023/gridsat_2023.06.07.15.npz,597450,72,116,"TIR1,TIR2,WV"
INSAT3D_20230607_1800Z,2023-06-07T18:00:00Z,2023,6,7,18,PRETRAIN_VAL,data/interim/gridsat/2023/gridsat_2023.06.07.18.npz,591796,72,116,"TIR1,TIR2,WV"
INSAT3D_20230607_2100Z,2023-06-07T21:00:00Z,2023,6,7,21,PRETRAIN_VAL,data/interim/gridsat/2023/gridsat_2023.06.07.21.npz,591210,72,116,"TIR1,TIR2,WV"
INSAT3D_20230608_0000Z,2023-06-08T00:00:00Z,2023,6,8,0,PRETRAIN_VAL,data/interim/gridsat/2023/gridsat_2023.06.08.00.npz,577532,72,116,"TIR1,TIR2,WV"
INSAT3D_20230608_0300Z,2023-06-08T03:00:00Z,2023,6,8,3,PRETRAIN_VAL,data/interim/gridsat/2023/gridsat_2023.06.08.03.npz,576139,72,116,"TIR1,TIR2,WV"
INSAT3D_20230608_0600Z,2023-06-08T06:00:00Z,2023,6,8,6,PRETRAIN_VAL,data/interim/gridsat/2023/gridsat_2023.06.08.06.npz,606441,72,116,"TIR1,TIR2,WV"
INSAT3D_20230608_0900Z,2023-06-08T09:00:00Z,2023,6,8,9,PRETRAIN_VAL,data/interim/gridsat/2023/gridsat_2023.06.08.09.npz,633309,72,116,"TIR1,TIR2,WV"
INSAT3D_20230608_1200Z,2023-06-08T12:00:00Z,2023,6,8,12,PRETRAIN_VAL,data/interim/gridsat/2023/gridsat_2023.06.08.12.npz,623557,72,116,"TIR1,TIR2,WV"
INSAT3D_20230608_1500Z,2023-06-08T15:00:00Z,2023,6,8,15,PRETRAIN_VAL,data/interim/gridsat/2023/gridsat_2023.06.08.15.npz,595638,72,116,"TIR1,TIR2,WV"
INSAT3D_20230608_1800Z,2023-06-08T18:00:00Z,2023,6,8,18,PRETRAIN_VAL,data/interim/gridsat/2023/gridsat_2023.06.08.18.npz,591620,72,116,"TIR1,TIR2,WV"
INSAT3D_20230608_2100Z,2023-06-08T21:00:00Z,2023,6,8,21,PRETRAIN_VAL,data/interim/gridsat/2023/gridsat_2023.06.08.21.npz,589363,72,116,"TIR1,TIR2,WV"
INSAT3D_20230609_0000Z,2023-06-09T00:00:00Z,2023,6,9,0,PRETRAIN_VAL,data/interim/gridsat/2023/gridsat_2023.06.09.00.npz,578294,72,116,"TIR1,TIR2,WV"
INSAT3D_20230609_0300Z,2023-06-09T03:00:00Z,2023,6,9,3,PRETRAIN_VAL,data/interim/gridsat/2023/gridsat_2023.06.09.03.npz,576145,72,116,"TIR1,TIR2,WV"
INSAT3D_20230609_0600Z,2023-06-09T06:00:00Z,2023,6,9,6,PRETRAIN_VAL,data/interim/gridsat/2023/gridsat_2023.06.09.06.npz,605556,72,116,"TIR1,TIR2,WV"
INSAT3D_20230609_0900Z,2023-06-09T09:00:00Z,2023,6,9,9,PRETRAIN_VAL,data/interim/gridsat/2023/gridsat_2023.06.09.09.npz,633623,72,116,"TIR1,TIR2,WV"
INSAT3D_20230609_1200Z,2023-06-09T12:00:00Z,2023,6,9,12,PRETRAIN_VAL,data/interim/gridsat/2023/gridsat_2023.06.09.12.npz,631433,72,116,"TIR1,TIR2,WV"
INSAT3D_20230609_1500Z,2023-06-09T15:00:00Z,2023,6,9,15,PRETRAIN_VAL,data/interim/gridsat/2023/gridsat_2023.06.09.15.npz,599820,72,116,"TIR1,TIR2,WV"
INSAT3D_20230609_1800Z,2023-06-09T18:00:00Z,2023,6,9,18,PRETRAIN_VAL,data/interim/gridsat/2023/gridsat_2023.06.09.18.npz,587234,72,116,"TIR1,TIR2,WV"
INSAT3D_20230609_2100Z,2023-06-09T21:00:00Z,2023,6,9,21,PRETRAIN_VAL,data/interim/gridsat/2023/gridsat_2023.06.09.21.npz,580284,72,116,"TIR1,TIR2,WV"
INSAT3D_20230610_0000Z,2023-06-10T00:00:00Z,2023,6,10,0,PRETRAIN_VAL,data/interim/gridsat/2023/gridsat_2023.06.10.00.npz,572135,72,116,"TIR1,TIR2,WV"
INSAT3D_20230610_0300Z,2023-06-10T03:00:00Z,2023,6,10,3,PRETRAIN_VAL,data/interim/gridsat/2023/gridsat_2023.06.10.03.npz,572118,72,116,"TIR1,TIR2,WV"
INSAT3D_20230610_0600Z,2023-06-10T06:00:00Z,2023,6,10,6,PRETRAIN_VAL,data/interim/gridsat/2023/gridsat_2023.06.10.06.npz,604877,72,116,"TIR1,TIR2,WV"
INSAT3D_20230610_0900Z,2023-06-10T09:00:00Z,2023,6,10,9,PRETRAIN_VAL,data/interim/gridsat/2023/gridsat_2023.06.10.09.npz,633457,72,116,"TIR1,TIR2,WV"
INSAT3D_20230610_1200Z,2023-06-10T12:00:00Z,2023,6,10,12,PRETRAIN_VAL,data/interim/gridsat/2023/gridsat_2023.06.10.12.npz,624875,72,116,"TIR1,TIR2,WV"
INSAT3D_20230610_1500Z,2023-06-10T15:00:00Z,2023,6,10,15,PRETRAIN_VAL,data/interim/gridsat/2023/gridsat_2023.06.10.15.npz,594184,72,116,"TIR1,TIR2,WV"
INSAT3D_20230610_1800Z,2023-06-10T18:00:00Z,2023,6,10,18,PRETRAIN_VAL,data/interim/gridsat/2023/gridsat_2023.06.10.18.npz,591183,72,116,"TIR1,TIR2,WV"
INSAT3D_20230610_2100Z,2023-06-10T21:00:00Z,2023,6,10,21,PRETRAIN_VAL,data/interim/gridsat/2023/gridsat_2023.06.10.21.npz,586669,72,116,"TIR1,TIR2,WV"
INSAT3D_20230611_0000Z,2023-06-11T00:00:00Z,2023,6,11,0,PRETRAIN_VAL,data/interim/gridsat/2023/gridsat_2023.06.11.00.npz,576390,72,116,"TIR1,TIR2,WV"
INSAT3D_20230611_0300Z,2023-06-11T03:00:00Z,2023,6,11,3,PRETRAIN_VAL,data/interim/gridsat/2023/gridsat_2023.06.11.03.npz,565379,72,116,"TIR1,TIR2,WV"
INSAT3D_20230611_0600Z,2023-06-11T06:00:00Z,2023,6,11,6,PRETRAIN_VAL,data/interim/gridsat/2023/gridsat_2023.06.11.06.npz,591623,72,116,"TIR1,TIR2,WV"
INSAT3D_20230611_0900Z,2023-06-11T09:00:00Z,2023,6,11,9,PRETRAIN_VAL,data/interim/gridsat/2023/gridsat_2023.06.11.09.npz,619694,72,116,"TIR1,TIR2,WV"
INSAT3D_20230611_1200Z,2023-06-11T12:00:00Z,2023,6,11,12,PRETRAIN_VAL,data/interim/gridsat/2023/gridsat_2023.06.11.12.npz,608280,72,116,"TIR1,TIR2,WV"
INSAT3D_20230611_1500Z,2023-06-11T15:00:00Z,2023,6,11,15,PRETRAIN_VAL,data/interim/gridsat/2023/gridsat_2023.06.11.15.npz,577407,72,116,"TIR1,TIR2,WV"
INSAT3D_20230611_1800Z,2023-06-11T18:00:00Z,2023,6,11,18,PRETRAIN_VAL,data/interim/gridsat/2023/gridsat_2023.06.11.18.npz,571892,72,116,"TIR1,TIR2,WV"
INSAT3D_20230611_2100Z,2023-06-11T21:00:00Z,2023,6,11,21,PRETRAIN_VAL,data/interim/gridsat/2023/gridsat_2023.06.11.21.npz,576834,72,116,"TIR1,TIR2,WV"
INSAT3D_20230612_0000Z,2023-06-12T00:00:00Z,2023,6,12,0,PRETRAIN_VAL,data/interim/gridsat/2023/gridsat_2023.06.12.00.npz,568648,72,116,"TIR1,TIR2,WV"
INSAT3D_20230612_0300Z,2023-06-12T03:00:00Z,2023,6,12,3,PRETRAIN_VAL,data/interim/gridsat/2023/gridsat_2023.06.12.03.npz,563293,72,116,"TIR1,TIR2,WV"
INSAT3D_20230612_0600Z,2023-06-12T06:00:00Z,2023,6,12,6,PRETRAIN_VAL,data/interim/gridsat/2023/gridsat_2023.06.12.06.npz,592834,72,116,"TIR1,TIR2,WV"
INSAT3D_20230612_0900Z,2023-06-12T09:00:00Z,2023,6,12,9,PRETRAIN_VAL,data/interim/gridsat/2023/gridsat_2023.06.12.09.npz,619301,72,116,"TIR1,TIR2,WV"
INSAT3D_20230612_1200Z,2023-06-12T12:00:00Z,2023,6,12,12,PRETRAIN_VAL,data/interim/gridsat/2023/gridsat_2023.06.12.12.npz,612254,72,116,"TIR1,TIR2,WV"
INSAT3D_20230612_1500Z,2023-06-12T15:00:00Z,2023,6,12,15,PRETRAIN_VAL,data/interim/gridsat/2023/gridsat_2023.06.12.15.npz,583418,72,116,"TIR1,TIR2,WV"
INSAT3D_20230612_1800Z,2023-06-12T18:00:00Z,2023,6,12,18,PRETRAIN_VAL,data/interim/gridsat/2023/gridsat_2023.06.12.18.npz,580041,72,116,"TIR1,TIR2,WV"
INSAT3D_20230612_2100Z,2023-06-12T21:00:00Z,2023,6,12,21,PRETRAIN_VAL,data/interim/gridsat/2023/gridsat_2023.06.12.21.npz,578179,72,116,"TIR1,TIR2,WV"
INSAT3D_20230613_0000Z,2023-06-13T00:00:00Z,2023,6,13,0,PRETRAIN_VAL,data/interim/gridsat/2023/gridsat_2023.06.13.00.npz,573410,72,116,"TIR1,TIR2,WV"
INSAT3D_20230613_0300Z,2023-06-13T03:00:00Z,2023,6,13,3,PRETRAIN_VAL,data/interim/gridsat/2023/gridsat_2023.06.13.03.npz,569703,72,116,"TIR1,TIR2,WV"
INSAT3D_20230613_0600Z,2023-06-13T06:00:00Z,2023,6,13,6,PRETRAIN_VAL,data/interim/gridsat/2023/gridsat_2023.06.13.06.npz,600296,72,116,"TIR1,TIR2,WV"
INSAT3D_20230613_0900Z,2023-06-13T09:00:00Z,2023,6,13,9,PRETRAIN_VAL,data/interim/gridsat/2023/gridsat_2023.06.13.09.npz,632701,72,116,"TIR1,TIR2,WV"
INSAT3D_20230613_1200Z,2023-06-13T12:00:00Z,2023,6,13,12,PRETRAIN_VAL,data/interim/gridsat/2023/gridsat_2023.06.13.12.npz,629601,72,116,"TIR1,TIR2,WV"
INSAT3D_20230613_1500Z,2023-06-13T15:00:00Z,2023,6,13,15,PRETRAIN_VAL,data/interim/gridsat/2023/gridsat_2023.06.13.15.npz,604186,72,116,"TIR1,TIR2,WV"
INSAT3D_20230613_1800Z,2023-06-13T18:00:00Z,2023,6,13,18,PRETRAIN_VAL,data/interim/gridsat/2023/gridsat_2023.06.13.18.npz,599283,72,116,"TIR1,TIR2,WV"
INSAT3D_20230613_2100Z,2023-06-13T21:00:00Z,2023,6,13,21,PRETRAIN_VAL,data/interim/gridsat/2023/gridsat_2023.06.13.21.npz,598977,72,116,"TIR1,TIR2,WV"
INSAT3D_20230614_0000Z,2023-06-14T00:00:00Z,2023,6,14,0,PRETRAIN_VAL,data/interim/gridsat/2023/gridsat_2023.06.14.00.npz,590698,72,116,"TIR1,TIR2,WV"
INSAT3D_20230614_0300Z,2023-06-14T03:00:00Z,2023,6,14,3,PRETRAIN_VAL,data/interim/gridsat/2023/gridsat_2023.06.14.03.npz,589719,72,116,"TIR1,TIR2,WV"
INSAT3D_20230614_0600Z,2023-06-14T06:00:00Z,2023,6,14,6,PRETRAIN_VAL,data/interim/gridsat/2023/gridsat_2023.06.14.06.npz,617060,72,116,"TIR1,TIR2,WV"
INSAT3D_20230614_0900Z,2023-06-14T09:00:00Z,2023,6,14,9,PRETRAIN_VAL,data/interim/gridsat/2023/gridsat_2023.06.14.09.npz,641715,72,116,"TIR1,TIR2,WV"
INSAT3D_20230614_1200Z,2023-06-14T12:00:00Z,2023,6,14,12,PRETRAIN_VAL,data/interim/gridsat/2023/gridsat_2023.06.14.12.npz,641568,72,116,"TIR1,TIR2,WV"
INSAT3D_20230614_1500Z,2023-06-14T15:00:00Z,2023,6,14,15,PRETRAIN_VAL,data/interim/gridsat/2023/gridsat_2023.06.14.15.npz,615383,72,116,"TIR1,TIR2,WV"
INSAT3D_20230614_1800Z,2023-06-14T18:00:00Z,2023,6,14,18,PRETRAIN_VAL,data/interim/gridsat/2023/gridsat_2023.06.14.18.npz,608234,72,116,"TIR1,TIR2,WV"
INSAT3D_20230614_2100Z,2023-06-14T21:00:00Z,2023,6,14,21,PRETRAIN_VAL,data/interim/gridsat/2023/gridsat_2023.06.14.21.npz,601841,72,116,"TIR1,TIR2,WV"
INSAT3D_20230615_0000Z,2023-06-15T00:00:00Z,2023,6,15,0,PRETRAIN_VAL,data/interim/gridsat/2023/gridsat_2023.06.15.00.npz,590971,72,116,"TIR1,TIR2,WV"
INSAT3D_20230615_0300Z,2023-06-15T03:00:00Z,2023,6,15,3,PRETRAIN_VAL,data/interim/gridsat/2023/gridsat_2023.06.15.03.npz,587858,72,116,"TIR1,TIR2,WV"
INSAT3D_20230615_0600Z,2023-06-15T06:00:00Z,2023,6,15,6,PRETRAIN_VAL,data/interim/gridsat/2023/gridsat_2023.06.15.06.npz,622431,72,116,"TIR1,TIR2,WV"
INSAT3D_20230615_0900Z,2023-06-15T09:00:00Z,2023,6,15,9,PRETRAIN_VAL,data/interim/gridsat/2023/gridsat_2023.06.15.09.npz,642541,72,116,"TIR1,TIR2,WV"
INSAT3D_20230615_1200Z,2023-06-15T12:00:00Z,2023,6,15,12,PRETRAIN_VAL,data/interim/gridsat/2023/gridsat_2023.06.15.12.npz,633317,72,116,"TIR1,TIR2,WV"
INSAT3D_20230615_1500Z,2023-06-15T15:00:00Z,2023,6,15,15,PRETRAIN_VAL,data/interim/gridsat/2023/gridsat_2023.06.15.15.npz,595521,72,116,"TIR1,TIR2,WV"
INSAT3D_20230615_1800Z,2023-06-15T18:00:00Z,2023,6,15,18,PRETRAIN_VAL,data/interim/gridsat/2023/gridsat_2023.06.15.18.npz,584931,72,116,"TIR1,TIR2,WV"
INSAT3D_20230615_2100Z,2023-06-15T21:00:00Z,2023,6,15,21,PRETRAIN_VAL,data/interim/gridsat/2023/gridsat_2023.06.15.21.npz,576229,72,116,"TIR1,TIR2,WV"
INSAT3D_20230616_0000Z,2023-06-16T00:00:00Z,2023,6,16,0,PRETRAIN_VAL,data/interim/gridsat/2023/gridsat_2023.06.16.00.npz,570507,72,116,"TIR1,TIR2,WV"
INSAT3D_20230616_0300Z,2023-06-16T03:00:00Z,2023,6,16,3,PRETRAIN_VAL,data/interim/gridsat/2023/gridsat_2023.06.16.03.npz,566565,72,116,"TIR1,TIR2,WV"
INSAT3D_20230616_0600Z,2023-06-16T06:00:00Z,2023,6,16,6,PRETRAIN_VAL,data/interim/gridsat/2023/gridsat_2023.06.16.06.npz,587630,72,116,"TIR1,TIR2,WV"
INSAT3D_20230616_0900Z,2023-06-16T09:00:00Z,2023,6,16,9,PRETRAIN_VAL,data/interim/gridsat/2023/gridsat_2023.06.16.09.npz,609799,72,116,"TIR1,TIR2,WV"
INSAT3D_20230616_1200Z,2023-06-16T12:00:00Z,2023,6,16,12,PRETRAIN_VAL,data/interim/gridsat/2023/gridsat_2023.06.16.12.npz,605810,72,116,"TIR1,TIR2,WV"
INSAT3D_20230616_1500Z,2023-06-16T15:00:00Z,2023,6,16,15,PRETRAIN_VAL,data/interim/gridsat/2023/gridsat_2023.06.16.15.npz,580460,72,116,"TIR1,TIR2,WV"
INSAT3D_20230616_1800Z,2023-06-16T18:00:00Z,2023,6,16,18,PRETRAIN_VAL,data/interim/gridsat/2023/gridsat_2023.06.16.18.npz,574238,72,116,"TIR1,TIR2,WV"
INSAT3D_20230616_2100Z,2023-06-16T21:00:00Z,2023,6,16,21,PRETRAIN_VAL,data/interim/gridsat/2023/gridsat_2023.06.16.21.npz,566641,72,116,"TIR1,TIR2,WV"
INSAT3D_20230617_0000Z,2023-06-17T00:00:00Z,2023,6,17,0,PRETRAIN_VAL,data/interim/gridsat/2023/gridsat_2023.06.17.00.npz,557646,72,116,"TIR1,TIR2,WV"
INSAT3D_20231019_1500Z,2023-10-19T15:00:00Z,2023,10,19,15,PRETRAIN_VAL,data/interim/gridsat/2023/gridsat_2023.10.19.15.npz,522388,72,116,"TIR1,TIR2,WV"
INSAT3D_20231019_1800Z,2023-10-19T18:00:00Z,2023,10,19,18,PRETRAIN_VAL,data/interim/gridsat/2023/gridsat_2023.10.19.18.npz,514220,72,116,"TIR1,TIR2,WV"
INSAT3D_20231019_2100Z,2023-10-19T21:00:00Z,2023,10,19,21,PRETRAIN_VAL,data/interim/gridsat/2023/gridsat_2023.10.19.21.npz,515129,72,116,"TIR1,TIR2,WV"
INSAT3D_20231020_0000Z,2023-10-20T00:00:00Z,2023,10,20,0,PRETRAIN_VAL,data/interim/gridsat/2023/gridsat_2023.10.20.00.npz,513724,72,116,"TIR1,TIR2,WV"
INSAT3D_20231020_0300Z,2023-10-20T03:00:00Z,2023,10,20,3,PRETRAIN_VAL,data/interim/gridsat/2023/gridsat_2023.10.20.03.npz,512140,72,116,"TIR1,TIR2,WV"
INSAT3D_20231020_0600Z,2023-10-20T06:00:00Z,2023,10,20,6,PRETRAIN_VAL,data/interim/gridsat/2023/gridsat_2023.10.20.06.npz,550001,72,116,"TIR1,TIR2,WV"
INSAT3D_20231020_0900Z,2023-10-20T09:00:00Z,2023,10,20,9,PRETRAIN_VAL,data/interim/gridsat/2023/gridsat_2023.10.20.09.npz,577537,72,116,"TIR1,TIR2,WV"
INSAT3D_20231020_1200Z,2023-10-20T12:00:00Z,2023,10,20,12,PRETRAIN_VAL,data/interim/gridsat/2023/gridsat_2023.10.20.12.npz,553946,72,116,"TIR1,TIR2,WV"
INSAT3D_20231020_1500Z,2023-10-20T15:00:00Z,2023,10,20,15,PRETRAIN_VAL,data/interim/gridsat/2023/gridsat_2023.10.20.15.npz,531932,72,116,"TIR1,TIR2,WV"
INSAT3D_20231020_1800Z,2023-10-20T18:00:00Z,2023,10,20,18,PRETRAIN_VAL,data/interim/gridsat/2023/gridsat_2023.10.20.18.npz,529277,72,116,"TIR1,TIR2,WV"
INSAT3D_20231020_2100Z,2023-10-20T21:00:00Z,2023,10,20,21,PRETRAIN_VAL,data/interim/gridsat/2023/gridsat_2023.10.20.21.npz,532989,72,116,"TIR1,TIR2,WV"
INSAT3D_20231021_0000Z,2023-10-21T00:00:00Z,2023,10,21,0,PRETRAIN_VAL,data/interim/gridsat/2023/gridsat_2023.10.21.00.npz,535760,72,116,"TIR1,TIR2,WV"
INSAT3D_20231021_0300Z,2023-10-21T03:00:00Z,2023,10,21,3,PRETRAIN_VAL,data/interim/gridsat/2023/gridsat_2023.10.21.03.npz,531971,72,116,"TIR1,TIR2,WV"
INSAT3D_20231021_0600Z,2023-10-21T06:00:00Z,2023,10,21,6,PRETRAIN_VAL,data/interim/gridsat/2023/gridsat_2023.10.21.06.npz,565783,72,116,"TIR1,TIR2,WV"
INSAT3D_20231021_0900Z,2023-10-21T09:00:00Z,2023,10,21,9,PRETRAIN_VAL,data/interim/gridsat/2023/gridsat_2023.10.21.09.npz,590490,72,116,"TIR1,TIR2,WV"
INSAT3D_20231021_1200Z,2023-10-21T12:00:00Z,2023,10,21,12,PRETRAIN_VAL,data/interim/gridsat/2023/gridsat_2023.10.21.12.npz,564625,72,116,"TIR1,TIR2,WV"
INSAT3D_20231021_1500Z,2023-10-21T15:00:00Z,2023,10,21,15,PRETRAIN_VAL,data/interim/gridsat/2023/gridsat_2023.10.21.15.npz,548996,72,116,"TIR1,TIR2,WV"
INSAT3D_20231021_1800Z,2023-10-21T18:00:00Z,2023,10,21,18,PRETRAIN_VAL,data/interim/gridsat/2023/gridsat_2023.10.21.18.npz,556163,72,116,"TIR1,TIR2,WV"
INSAT3D_20231021_2100Z,2023-10-21T21:00:00Z,2023,10,21,21,PRETRAIN_VAL,data/interim/gridsat/2023/gridsat_2023.10.21.21.npz,564863,72,116,"TIR1,TIR2,WV"
INSAT3D_20231022_0000Z,2023-10-22T00:00:00Z,2023,10,22,0,PRETRAIN_VAL,data/interim/gridsat/2023/gridsat_2023.10.22.00.npz,557317,72,116,"TIR1,TIR2,WV"
INSAT3D_20231022_0300Z,2023-10-22T03:00:00Z,2023,10,22,3,PRETRAIN_VAL,data/interim/gridsat/2023/gridsat_2023.10.22.03.npz,547722,72,116,"TIR1,TIR2,WV"
INSAT3D_20231022_0600Z,2023-10-22T06:00:00Z,2023,10,22,6,PRETRAIN_VAL,data/interim/gridsat/2023/gridsat_2023.10.22.06.npz,571747,72,116,"TIR1,TIR2,WV"
INSAT3D_20231022_0900Z,2023-10-22T09:00:00Z,2023,10,22,9,PRETRAIN_VAL,data/interim/gridsat/2023/gridsat_2023.10.22.09.npz,593454,72,116,"TIR1,TIR2,WV"
INSAT3D_20231022_1200Z,2023-10-22T12:00:00Z,2023,10,22,12,PRETRAIN_VAL,data/interim/gridsat/2023/gridsat_2023.10.22.12.npz,571978,72,116,"TIR1,TIR2,WV"
INSAT3D_20231022_1500Z,2023-10-22T15:00:00Z,2023,10,22,15,PRETRAIN_VAL,data/interim/gridsat/2023/gridsat_2023.10.22.15.npz,547802,72,116,"TIR1,TIR2,WV"
INSAT3D_20231022_1800Z,2023-10-22T18:00:00Z,2023,10,22,18,PRETRAIN_VAL,data/interim/gridsat/2023/gridsat_2023.10.22.18.npz,547944,72,116,"TIR1,TIR2,WV"
INSAT3D_20231022_2100Z,2023-10-22T21:00:00Z,2023,10,22,21,PRETRAIN_VAL,data/interim/gridsat/2023/gridsat_2023.10.22.21.npz,549281,72,116,"TIR1,TIR2,WV"
INSAT3D_20231023_0000Z,2023-10-23T00:00:00Z,2023,10,23,0,PRETRAIN_VAL,data/interim/gridsat/2023/gridsat_2023.10.23.00.npz,541860,72,116,"TIR1,TIR2,WV"
INSAT3D_20231023_0300Z,2023-10-23T03:00:00Z,2023,10,23,3,PRETRAIN_VAL,data/interim/gridsat/2023/gridsat_2023.10.23.03.npz,538892,72,116,"TIR1,TIR2,WV"
INSAT3D_20231023_0600Z,2023-10-23T06:00:00Z,2023,10,23,6,PRETRAIN_VAL,data/interim/gridsat/2023/gridsat_2023.10.23.06.npz,563922,72,116,"TIR1,TIR2,WV"
INSAT3D_20231114_1500Z,2023-11-14T15:00:00Z,2023,11,14,15,PRETRAIN_VAL,data/interim/gridsat/2023/gridsat_2023.11.14.15.npz,558515,72,116,"TIR1,TIR2,WV"
INSAT3D_20231114_1800Z,2023-11-14T18:00:00Z,2023,11,14,18,PRETRAIN_VAL,data/interim/gridsat/2023/gridsat_2023.11.14.18.npz,555357,72,116,"TIR1,TIR2,WV"
INSAT3D_20231114_2100Z,2023-11-14T21:00:00Z,2023,11,14,21,PRETRAIN_VAL,data/interim/gridsat/2023/gridsat_2023.11.14.21.npz,554348,72,116,"TIR1,TIR2,WV"
INSAT3D_20231115_0000Z,2023-11-15T00:00:00Z,2023,11,15,0,PRETRAIN_VAL,data/interim/gridsat/2023/gridsat_2023.11.15.00.npz,547868,72,116,"TIR1,TIR2,WV"
INSAT3D_20231115_0300Z,2023-11-15T03:00:00Z,2023,11,15,3,PRETRAIN_VAL,data/interim/gridsat/2023/gridsat_2023.11.15.03.npz,536088,72,116,"TIR1,TIR2,WV"
INSAT3D_20231115_0600Z,2023-11-15T06:00:00Z,2023,11,15,6,PRETRAIN_VAL,data/interim/gridsat/2023/gridsat_2023.11.15.06.npz,555628,72,116,"TIR1,TIR2,WV"
INSAT3D_20231115_0900Z,2023-11-15T09:00:00Z,2023,11,15,9,PRETRAIN_VAL,data/interim/gridsat/2023/gridsat_2023.11.15.09.npz,569478,72,116,"TIR1,TIR2,WV"
INSAT3D_20231115_1200Z,2023-11-15T12:00:00Z,2023,11,15,12,PRETRAIN_VAL,data/interim/gridsat/2023/gridsat_2023.11.15.12.npz,545604,72,116,"TIR1,TIR2,WV"
INSAT3D_20231115_1500Z,2023-11-15T15:00:00Z,2023,11,15,15,PRETRAIN_VAL,data/interim/gridsat/2023/gridsat_2023.11.15.15.npz,530909,72,116,"TIR1,TIR2,WV"
INSAT3D_20231115_1800Z,2023-11-15T18:00:00Z,2023,11,15,18,PRETRAIN_VAL,data/interim/gridsat/2023/gridsat_2023.11.15.18.npz,530190,72,116,"TIR1,TIR2,WV"
INSAT3D_20231115_2100Z,2023-11-15T21:00:00Z,2023,11,15,21,PRETRAIN_VAL,data/interim/gridsat/2023/gridsat_2023.11.15.21.npz,530547,72,116,"TIR1,TIR2,WV"
INSAT3D_20231116_0000Z,2023-11-16T00:00:00Z,2023,11,16,0,PRETRAIN_VAL,data/interim/gridsat/2023/gridsat_2023.11.16.00.npz,528717,72,116,"TIR1,TIR2,WV"
INSAT3D_20231130_0900Z,2023-11-30T09:00:00Z,2023,11,30,9,PRETRAIN_VAL,data/interim/gridsat/2023/gridsat_2023.11.30.09.npz,580579,72,116,"TIR1,TIR2,WV"
INSAT3D_20231130_1200Z,2023-11-30T12:00:00Z,2023,11,30,12,PRETRAIN_VAL,data/interim/gridsat/2023/gridsat_2023.11.30.12.npz,550759,72,116,"TIR1,TIR2,WV"
INSAT3D_20231130_1500Z,2023-11-30T15:00:00Z,2023,11,30,15,PRETRAIN_VAL,data/interim/gridsat/2023/gridsat_2023.11.30.15.npz,538374,72,116,"TIR1,TIR2,WV"
INSAT3D_20231130_1800Z,2023-11-30T18:00:00Z,2023,11,30,18,PRETRAIN_VAL,data/interim/gridsat/2023/gridsat_2023.11.30.18.npz,541165,72,116,"TIR1,TIR2,WV"
INSAT3D_20231130_2100Z,2023-11-30T21:00:00Z,2023,11,30,21,PRETRAIN_VAL,data/interim/gridsat/2023/gridsat_2023.11.30.21.npz,543463,72,116,"TIR1,TIR2,WV"
INSAT3D_20231201_0000Z,2023-12-01T00:00:00Z,2023,12,1,0,PRETRAIN_VAL,data/interim/gridsat/2023/gridsat_2023.12.01.00.npz,537727,72,116,"TIR1,TIR2,WV"
INSAT3D_20231201_0300Z,2023-12-01T03:00:00Z,2023,12,1,3,PRETRAIN_VAL,data/interim/gridsat/2023/gridsat_2023.12.01.03.npz,531529,72,116,"TIR1,TIR2,WV"
INSAT3D_20231201_0600Z,2023-12-01T06:00:00Z,2023,12,1,6,PRETRAIN_VAL,data/interim/gridsat/2023/gridsat_2023.12.01.06.npz,552916,72,116,"TIR1,TIR2,WV"
INSAT3D_20231201_0900Z,2023-12-01T09:00:00Z,2023,12,1,9,PRETRAIN_VAL,data/interim/gridsat/2023/gridsat_2023.12.01.09.npz,572733,72,116,"TIR1,TIR2,WV"
INSAT3D_20231201_1200Z,2023-12-01T12:00:00Z,2023,12,1,12,PRETRAIN_VAL,data/interim/gridsat/2023/gridsat_2023.12.01.12.npz,547183,72,116,"TIR1,TIR2,WV"
INSAT3D_20231201_1500Z,2023-12-01T15:00:00Z,2023,12,1,15,PRETRAIN_VAL,data/interim/gridsat/2023/gridsat_2023.12.01.15.npz,537131,72,116,"TIR1,TIR2,WV"
INSAT3D_20231201_1800Z,2023-12-01T18:00:00Z,2023,12,1,18,PRETRAIN_VAL,data/interim/gridsat/2023/gridsat_2023.12.01.18.npz,540993,72,116,"TIR1,TIR2,WV"
INSAT3D_20231201_2100Z,2023-12-01T21:00:00Z,2023,12,1,21,PRETRAIN_VAL,data/interim/gridsat/2023/gridsat_2023.12.01.21.npz,551815,72,116,"TIR1,TIR2,WV"
INSAT3D_20231202_0000Z,2023-12-02T00:00:00Z,2023,12,2,0,PRETRAIN_VAL,data/interim/gridsat/2023/gridsat_2023.12.02.00.npz,551838,72,116,"TIR1,TIR2,WV"
INSAT3D_20231202_0300Z,2023-12-02T03:00:00Z,2023,12,2,3,PRETRAIN_VAL,data/interim/gridsat/2023/gridsat_2023.12.02.03.npz,548311,72,116,"TIR1,TIR2,WV"
INSAT3D_20231202_0600Z,2023-12-02T06:00:00Z,2023,12,2,6,PRETRAIN_VAL,data/interim/gridsat/2023/gridsat_2023.12.02.06.npz,561706,72,116,"TIR1,TIR2,WV"
INSAT3D_20231202_0900Z,2023-12-02T09:00:00Z,2023,12,2,9,PRETRAIN_VAL,data/interim/gridsat/2023/gridsat_2023.12.02.09.npz,581536,72,116,"TIR1,TIR2,WV"
INSAT3D_20231202_1200Z,2023-12-02T12:00:00Z,2023,12,2,12,PRETRAIN_VAL,data/interim/gridsat/2023/gridsat_2023.12.02.12.npz,557669,72,116,"TIR1,TIR2,WV"
INSAT3D_20231202_1500Z,2023-12-02T15:00:00Z,2023,12,2,15,PRETRAIN_VAL,data/interim/gridsat/2023/gridsat_2023.12.02.15.npz,556497,72,116,"TIR1,TIR2,WV"
INSAT3D_20231202_1800Z,2023-12-02T18:00:00Z,2023,12,2,18,PRETRAIN_VAL,data/interim/gridsat/2023/gridsat_2023.12.02.18.npz,564243,72,116,"TIR1,TIR2,WV"
INSAT3D_20231202_2100Z,2023-12-02T21:00:00Z,2023,12,2,21,PRETRAIN_VAL,data/interim/gridsat/2023/gridsat_2023.12.02.21.npz,567280,72,116,"TIR1,TIR2,WV"
INSAT3D_20231203_0000Z,2023-12-03T00:00:00Z,2023,12,3,0,PRETRAIN_VAL,data/interim/gridsat/2023/gridsat_2023.12.03.00.npz,564861,72,116,"TIR1,TIR2,WV"
INSAT3D_20231203_0300Z,2023-12-03T03:00:00Z,2023,12,3,3,PRETRAIN_VAL,data/interim/gridsat/2023/gridsat_2023.12.03.03.npz,563545,72,116,"TIR1,TIR2,WV"
INSAT3D_20231203_0600Z,2023-12-03T06:00:00Z,2023,12,3,6,PRETRAIN_VAL,data/interim/gridsat/2023/gridsat_2023.12.03.06.npz,578487,72,116,"TIR1,TIR2,WV"
INSAT3D_20231203_0900Z,2023-12-03T09:00:00Z,2023,12,3,9,PRETRAIN_VAL,data/interim/gridsat/2023/gridsat_2023.12.03.09.npz,594609,72,116,"TIR1,TIR2,WV"
INSAT3D_20231203_1200Z,2023-12-03T12:00:00Z,2023,12,3,12,PRETRAIN_VAL,data/interim/gridsat/2023/gridsat_2023.12.03.12.npz,569365,72,116,"TIR1,TIR2,WV"
INSAT3D_20231203_1500Z,2023-12-03T15:00:00Z,2023,12,3,15,PRETRAIN_VAL,data/interim/gridsat/2023/gridsat_2023.12.03.15.npz,557335,72,116,"TIR1,TIR2,WV"
INSAT3D_20231203_1800Z,2023-12-03T18:00:00Z,2023,12,3,18,PRETRAIN_VAL,data/interim/gridsat/2023/gridsat_2023.12.03.18.npz,560266,72,116,"TIR1,TIR2,WV"
INSAT3D_20231203_2100Z,2023-12-03T21:00:00Z,2023,12,3,21,PRETRAIN_VAL,data/interim/gridsat/2023/gridsat_2023.12.03.21.npz,561667,72,116,"TIR1,TIR2,WV"
INSAT3D_20231204_0000Z,2023-12-04T00:00:00Z,2023,12,4,0,PRETRAIN_VAL,data/interim/gridsat/2023/gridsat_2023.12.04.00.npz,563883,72,116,"TIR1,TIR2,WV"
INSAT3D_20240523_0900Z,2024-05-23T09:00:00Z,2024,5,23,9,PRETRAIN_VAL,data/interim/gridsat/2024/gridsat_2024.05.23.09.npz,615108,72,116,"TIR1,TIR2,WV"
INSAT3D_20240523_1200Z,2024-05-23T12:00:00Z,2024,5,23,12,PRETRAIN_VAL,data/interim/gridsat/2024/gridsat_2024.05.23.12.npz,601235,72,116,"TIR1,TIR2,WV"
INSAT3D_20240523_1500Z,2024-05-23T15:00:00Z,2024,5,23,15,PRETRAIN_VAL,data/interim/gridsat/2024/gridsat_2024.05.23.15.npz,573280,72,116,"TIR1,TIR2,WV"
INSAT3D_20240523_1800Z,2024-05-23T18:00:00Z,2024,5,23,18,PRETRAIN_VAL,data/interim/gridsat/2024/gridsat_2024.05.23.18.npz,566223,72,116,"TIR1,TIR2,WV"
INSAT3D_20240523_2100Z,2024-05-23T21:00:00Z,2024,5,23,21,PRETRAIN_VAL,data/interim/gridsat/2024/gridsat_2024.05.23.21.npz,564342,72,116,"TIR1,TIR2,WV"
INSAT3D_20240524_0000Z,2024-05-24T00:00:00Z,2024,5,24,0,PRETRAIN_VAL,data/interim/gridsat/2024/gridsat_2024.05.24.00.npz,555230,72,116,"TIR1,TIR2,WV"
INSAT3D_20240524_0300Z,2024-05-24T03:00:00Z,2024,5,24,3,PRETRAIN_VAL,data/interim/gridsat/2024/gridsat_2024.05.24.03.npz,554227,72,116,"TIR1,TIR2,WV"
INSAT3D_20240524_0600Z,2024-05-24T06:00:00Z,2024,5,24,6,PRETRAIN_VAL,data/interim/gridsat/2024/gridsat_2024.05.24.06.npz,590519,72,116,"TIR1,TIR2,WV"
INSAT3D_20240524_0900Z,2024-05-24T09:00:00Z,2024,5,24,9,PRETRAIN_VAL,data/interim/gridsat/2024/gridsat_2024.05.24.09.npz,612912,72,116,"TIR1,TIR2,WV"
INSAT3D_20240524_1200Z,2024-05-24T12:00:00Z,2024,5,24,12,PRETRAIN_VAL,data/interim/gridsat/2024/gridsat_2024.05.24.12.npz,597539,72,116,"TIR1,TIR2,WV"
INSAT3D_20240524_1500Z,2024-05-24T15:00:00Z,2024,5,24,15,PRETRAIN_VAL,data/interim/gridsat/2024/gridsat_2024.05.24.15.npz,564708,72,116,"TIR1,TIR2,WV"
INSAT3D_20240524_1800Z,2024-05-24T18:00:00Z,2024,5,24,18,PRETRAIN_VAL,data/interim/gridsat/2024/gridsat_2024.05.24.18.npz,561071,72,116,"TIR1,TIR2,WV"
INSAT3D_20240524_2100Z,2024-05-24T21:00:00Z,2024,5,24,21,PRETRAIN_VAL,data/interim/gridsat/2024/gridsat_2024.05.24.21.npz,562955,72,116,"TIR1,TIR2,WV"
INSAT3D_20240525_0000Z,2024-05-25T00:00:00Z,2024,5,25,0,PRETRAIN_VAL,data/interim/gridsat/2024/gridsat_2024.05.25.00.npz,558860,72,116,"TIR1,TIR2,WV"
INSAT3D_20240525_0300Z,2024-05-25T03:00:00Z,2024,5,25,3,PRETRAIN_VAL,data/interim/gridsat/2024/gridsat_2024.05.25.03.npz,564269,72,116,"TIR1,TIR2,WV"
INSAT3D_20240525_0600Z,2024-05-25T06:00:00Z,2024,5,25,6,PRETRAIN_VAL,data/interim/gridsat/2024/gridsat_2024.05.25.06.npz,599378,72,116,"TIR1,TIR2,WV"
INSAT3D_20240525_0900Z,2024-05-25T09:00:00Z,2024,5,25,9,PRETRAIN_VAL,data/interim/gridsat/2024/gridsat_2024.05.25.09.npz,617880,72,116,"TIR1,TIR2,WV"
INSAT3D_20240525_1200Z,2024-05-25T12:00:00Z,2024,5,25,12,PRETRAIN_VAL,data/interim/gridsat/2024/gridsat_2024.05.25.12.npz,604939,72,116,"TIR1,TIR2,WV"
INSAT3D_20240525_1500Z,2024-05-25T15:00:00Z,2024,5,25,15,PRETRAIN_VAL,data/interim/gridsat/2024/gridsat_2024.05.25.15.npz,574806,72,116,"TIR1,TIR2,WV"
INSAT3D_20240525_1800Z,2024-05-25T18:00:00Z,2024,5,25,18,PRETRAIN_VAL,data/interim/gridsat/2024/gridsat_2024.05.25.18.npz,569014,72,116,"TIR1,TIR2,WV"
INSAT3D_20240525_2100Z,2024-05-25T21:00:00Z,2024,5,25,21,PRETRAIN_VAL,data/interim/gridsat/2024/gridsat_2024.05.25.21.npz,567162,72,116,"TIR1,TIR2,WV"
INSAT3D_20240526_0000Z,2024-05-26T00:00:00Z,2024,5,26,0,PRETRAIN_VAL,data/interim/gridsat/2024/gridsat_2024.05.26.00.npz,564809,72,116,"TIR1,TIR2,WV"
INSAT3D_20240526_0300Z,2024-05-26T03:00:00Z,2024,5,26,3,PRETRAIN_VAL,data/interim/gridsat/2024/gridsat_2024.05.26.03.npz,564206,72,116,"TIR1,TIR2,WV"
INSAT3D_20240526_0600Z,2024-05-26T06:00:00Z,2024,5,26,6,PRETRAIN_VAL,data/interim/gridsat/2024/gridsat_2024.05.26.06.npz,595375,72,116,"TIR1,TIR2,WV"
INSAT3D_20240801_2100Z,2024-08-01T21:00:00Z,2024,8,1,21,PRETRAIN_VAL,data/interim/gridsat/2024/gridsat_2024.08.01.21.npz,620461,72,116,"TIR1,TIR2,WV"
INSAT3D_20240802_0000Z,2024-08-02T00:00:00Z,2024,8,2,0,PRETRAIN_VAL,data/interim/gridsat/2024/gridsat_2024.08.02.00.npz,616424,72,116,"TIR1,TIR2,WV"
INSAT3D_20240802_0300Z,2024-08-02T03:00:00Z,2024,8,2,3,PRETRAIN_VAL,data/interim/gridsat/2024/gridsat_2024.08.02.03.npz,616915,72,116,"TIR1,TIR2,WV"
INSAT3D_20240802_0600Z,2024-08-02T06:00:00Z,2024,8,2,6,PRETRAIN_VAL,data/interim/gridsat/2024/gridsat_2024.08.02.06.npz,637632,72,116,"TIR1,TIR2,WV"
INSAT3D_20240802_0900Z,2024-08-02T09:00:00Z,2024,8,2,9,PRETRAIN_VAL,data/interim/gridsat/2024/gridsat_2024.08.02.09.npz,659675,72,116,"TIR1,TIR2,WV"
INSAT3D_20240802_1200Z,2024-08-02T12:00:00Z,2024,8,2,12,PRETRAIN_VAL,data/interim/gridsat/2024/gridsat_2024.08.02.12.npz,651573,72,116,"TIR1,TIR2,WV"
INSAT3D_20240802_1500Z,2024-08-02T15:00:00Z,2024,8,2,15,PRETRAIN_VAL,data/interim/gridsat/2024/gridsat_2024.08.02.15.npz,637859,72,116,"TIR1,TIR2,WV"
INSAT3D_20240802_1800Z,2024-08-02T18:00:00Z,2024,8,2,18,PRETRAIN_VAL,data/interim/gridsat/2024/gridsat_2024.08.02.18.npz,628553,72,116,"TIR1,TIR2,WV"
INSAT3D_20240802_2100Z,2024-08-02T21:00:00Z,2024,8,2,21,PRETRAIN_VAL,data/interim/gridsat/2024/gridsat_2024.08.02.21.npz,623507,72,116,"TIR1,TIR2,WV"
INSAT3D_20240803_0000Z,2024-08-03T00:00:00Z,2024,8,3,0,PRETRAIN_VAL,data/interim/gridsat/2024/gridsat_2024.08.03.00.npz,618641,72,116,"TIR1,TIR2,WV"
INSAT3D_20240803_0300Z,2024-08-03T03:00:00Z,2024,8,3,3,PRETRAIN_VAL,data/interim/gridsat/2024/gridsat_2024.08.03.03.npz,616885,72,116,"TIR1,TIR2,WV"
INSAT3D_20240803_0600Z,2024-08-03T06:00:00Z,2024,8,3,6,PRETRAIN_VAL,data/interim/gridsat/2024/gridsat_2024.08.03.06.npz,638733,72,116,"TIR1,TIR2,WV"
INSAT3D_20240803_0900Z,2024-08-03T09:00:00Z,2024,8,3,9,PRETRAIN_VAL,data/interim/gridsat/2024/gridsat_2024.08.03.09.npz,657529,72,116,"TIR1,TIR2,WV"
INSAT3D_20240803_1200Z,2024-08-03T12:00:00Z,2024,8,3,12,PRETRAIN_VAL,data/interim/gridsat/2024/gridsat_2024.08.03.12.npz,652167,72,116,"TIR1,TIR2,WV"
INSAT3D_20240803_1500Z,2024-08-03T15:00:00Z,2024,8,3,15,PRETRAIN_VAL,data/interim/gridsat/2024/gridsat_2024.08.03.15.npz,630628,72,116,"TIR1,TIR2,WV"
INSAT3D_20240803_1800Z,2024-08-03T18:00:00Z,2024,8,3,18,PRETRAIN_VAL,data/interim/gridsat/2024/gridsat_2024.08.03.18.npz,619550,72,116,"TIR1,TIR2,WV"
INSAT3D_20240824_0900Z,2024-08-24T09:00:00Z,2024,8,24,9,PRETRAIN_VAL,data/interim/gridsat/2024/gridsat_2024.08.24.09.npz,622151,72,116,"TIR1,TIR2,WV"
INSAT3D_20240824_1200Z,2024-08-24T12:00:00Z,2024,8,24,12,PRETRAIN_VAL,data/interim/gridsat/2024/gridsat_2024.08.24.12.npz,614159,72,116,"TIR1,TIR2,WV"
INSAT3D_20240824_1500Z,2024-08-24T15:00:00Z,2024,8,24,15,PRETRAIN_VAL,data/interim/gridsat/2024/gridsat_2024.08.24.15.npz,589853,72,116,"TIR1,TIR2,WV"
INSAT3D_20240824_1800Z,2024-08-24T18:00:00Z,2024,8,24,18,PRETRAIN_VAL,data/interim/gridsat/2024/gridsat_2024.08.24.18.npz,592571,72,116,"TIR1,TIR2,WV"
INSAT3D_20240824_2100Z,2024-08-24T21:00:00Z,2024,8,24,21,PRETRAIN_VAL,data/interim/gridsat/2024/gridsat_2024.08.24.21.npz,597139,72,116,"TIR1,TIR2,WV"
INSAT3D_20240825_0000Z,2024-08-25T00:00:00Z,2024,8,25,0,PRETRAIN_VAL,data/interim/gridsat/2024/gridsat_2024.08.25.00.npz,597596,72,116,"TIR1,TIR2,WV"
INSAT3D_20240825_0300Z,2024-08-25T03:00:00Z,2024,8,25,3,PRETRAIN_VAL,data/interim/gridsat/2024/gridsat_2024.08.25.03.npz,593646,72,116,"TIR1,TIR2,WV"
INSAT3D_20240825_0600Z,2024-08-25T06:00:00Z,2024,8,25,6,PRETRAIN_VAL,data/interim/gridsat/2024/gridsat_2024.08.25.06.npz,615722,72,116,"TIR1,TIR2,WV"
INSAT3D_20240825_0900Z,2024-08-25T09:00:00Z,2024,8,25,9,PRETRAIN_VAL,data/interim/gridsat/2024/gridsat_2024.08.25.09.npz,634256,72,116,"TIR1,TIR2,WV"
INSAT3D_20240825_1200Z,2024-08-25T12:00:00Z,2024,8,25,12,PRETRAIN_VAL,data/interim/gridsat/2024/gridsat_2024.08.25.12.npz,628448,72,116,"TIR1,TIR2,WV"
INSAT3D_20240825_1500Z,2024-08-25T15:00:00Z,2024,8,25,15,PRETRAIN_VAL,data/interim/gridsat/2024/gridsat_2024.08.25.15.npz,603102,72,116,"TIR1,TIR2,WV"
INSAT3D_20240825_1800Z,2024-08-25T18:00:00Z,2024,8,25,18,PRETRAIN_VAL,data/interim/gridsat/2024/gridsat_2024.08.25.18.npz,597309,72,116,"TIR1,TIR2,WV"
INSAT3D_20240825_2100Z,2024-08-25T21:00:00Z,2024,8,25,21,PRETRAIN_VAL,data/interim/gridsat/2024/gridsat_2024.08.25.21.npz,594459,72,116,"TIR1,TIR2,WV"
INSAT3D_20240826_0000Z,2024-08-26T00:00:00Z,2024,8,26,0,PRETRAIN_VAL,data/interim/gridsat/2024/gridsat_2024.08.26.00.npz,585885,72,116,"TIR1,TIR2,WV"
INSAT3D_20240826_0300Z,2024-08-26T03:00:00Z,2024,8,26,3,PRETRAIN_VAL,data/interim/gridsat/2024/gridsat_2024.08.26.03.npz,579287,72,116,"TIR1,TIR2,WV"
INSAT3D_20240826_0600Z,2024-08-26T06:00:00Z,2024,8,26,6,PRETRAIN_VAL,data/interim/gridsat/2024/gridsat_2024.08.26.06.npz,599007,72,116,"TIR1,TIR2,WV"
INSAT3D_20240826_0900Z,2024-08-26T09:00:00Z,2024,8,26,9,PRETRAIN_VAL,data/interim/gridsat/2024/gridsat_2024.08.26.09.npz,619828,72,116,"TIR1,TIR2,WV"
INSAT3D_20240826_1200Z,2024-08-26T12:00:00Z,2024,8,26,12,PRETRAIN_VAL,data/interim/gridsat/2024/gridsat_2024.08.26.12.npz,613830,72,116,"TIR1,TIR2,WV"
INSAT3D_20240826_1500Z,2024-08-26T15:00:00Z,2024,8,26,15,PRETRAIN_VAL,data/interim/gridsat/2024/gridsat_2024.08.26.15.npz,592330,72,116,"TIR1,TIR2,WV"
INSAT3D_20240826_1800Z,2024-08-26T18:00:00Z,2024,8,26,18,PRETRAIN_VAL,data/interim/gridsat/2024/gridsat_2024.08.26.18.npz,589759,72,116,"TIR1,TIR2,WV"
INSAT3D_20240826_2100Z,2024-08-26T21:00:00Z,2024,8,26,21,PRETRAIN_VAL,data/interim/gridsat/2024/gridsat_2024.08.26.21.npz,589503,72,116,"TIR1,TIR2,WV"
INSAT3D_20240827_0000Z,2024-08-27T00:00:00Z,2024,8,27,0,PRETRAIN_VAL,data/interim/gridsat/2024/gridsat_2024.08.27.00.npz,586919,72,116,"TIR1,TIR2,WV"
INSAT3D_20240827_0300Z,2024-08-27T03:00:00Z,2024,8,27,3,PRETRAIN_VAL,data/interim/gridsat/2024/gridsat_2024.08.27.03.npz,588539,72,116,"TIR1,TIR2,WV"
INSAT3D_20240827_0600Z,2024-08-27T06:00:00Z,2024,8,27,6,PRETRAIN_VAL,data/interim/gridsat/2024/gridsat_2024.08.27.06.npz,609041,72,116,"TIR1,TIR2,WV"
INSAT3D_20240827_0900Z,2024-08-27T09:00:00Z,2024,8,27,9,PRETRAIN_VAL,data/interim/gridsat/2024/gridsat_2024.08.27.09.npz,630155,72,116,"TIR1,TIR2,WV"
INSAT3D_20240827_1200Z,2024-08-27T12:00:00Z,2024,8,27,12,PRETRAIN_VAL,data/interim/gridsat/2024/gridsat_2024.08.27.12.npz,615393,72,116,"TIR1,TIR2,WV"
INSAT3D_20240827_1500Z,2024-08-27T15:00:00Z,2024,8,27,15,PRETRAIN_VAL,data/interim/gridsat/2024/gridsat_2024.08.27.15.npz,592058,72,116,"TIR1,TIR2,WV"
INSAT3D_20240827_1800Z,2024-08-27T18:00:00Z,2024,8,27,18,PRETRAIN_VAL,data/interim/gridsat/2024/gridsat_2024.08.27.18.npz,588587,72,116,"TIR1,TIR2,WV"
INSAT3D_20240827_2100Z,2024-08-27T21:00:00Z,2024,8,27,21,PRETRAIN_VAL,data/interim/gridsat/2024/gridsat_2024.08.27.21.npz,594402,72,116,"TIR1,TIR2,WV"
INSAT3D_20240828_0000Z,2024-08-28T00:00:00Z,2024,8,28,0,PRETRAIN_VAL,data/interim/gridsat/2024/gridsat_2024.08.28.00.npz,596862,72,116,"TIR1,TIR2,WV"
INSAT3D_20240828_0300Z,2024-08-28T03:00:00Z,2024,8,28,3,PRETRAIN_VAL,data/interim/gridsat/2024/gridsat_2024.08.28.03.npz,590098,72,116,"TIR1,TIR2,WV"
INSAT3D_20240828_0600Z,2024-08-28T06:00:00Z,2024,8,28,6,PRETRAIN_VAL,data/interim/gridsat/2024/gridsat_2024.08.28.06.npz,613552,72,116,"TIR1,TIR2,WV"
INSAT3D_20240828_0900Z,2024-08-28T09:00:00Z,2024,8,28,9,PRETRAIN_VAL,data/interim/gridsat/2024/gridsat_2024.08.28.09.npz,632022,72,116,"TIR1,TIR2,WV"
INSAT3D_20240828_1200Z,2024-08-28T12:00:00Z,2024,8,28,12,PRETRAIN_VAL,data/interim/gridsat/2024/gridsat_2024.08.28.12.npz,622985,72,116,"TIR1,TIR2,WV"
INSAT3D_20240828_1500Z,2024-08-28T15:00:00Z,2024,8,28,15,PRETRAIN_VAL,data/interim/gridsat/2024/gridsat_2024.08.28.15.npz,603410,72,116,"TIR1,TIR2,WV"
INSAT3D_20240828_1800Z,2024-08-28T18:00:00Z,2024,8,28,18,PRETRAIN_VAL,data/interim/gridsat/2024/gridsat_2024.08.28.18.npz,599789,72,116,"TIR1,TIR2,WV"
INSAT3D_20240828_2100Z,2024-08-28T21:00:00Z,2024,8,28,21,PRETRAIN_VAL,data/interim/gridsat/2024/gridsat_2024.08.28.21.npz,599240,72,116,"TIR1,TIR2,WV"
INSAT3D_20240829_0000Z,2024-08-29T00:00:00Z,2024,8,29,0,PRETRAIN_VAL,data/interim/gridsat/2024/gridsat_2024.08.29.00.npz,596295,72,116,"TIR1,TIR2,WV"
INSAT3D_20240829_0300Z,2024-08-29T03:00:00Z,2024,8,29,3,PRETRAIN_VAL,data/interim/gridsat/2024/gridsat_2024.08.29.03.npz,587840,72,116,"TIR1,TIR2,WV"
INSAT3D_20240829_0600Z,2024-08-29T06:00:00Z,2024,8,29,6,PRETRAIN_VAL,data/interim/gridsat/2024/gridsat_2024.08.29.06.npz,601865,72,116,"TIR1,TIR2,WV"
INSAT3D_20240829_0900Z,2024-08-29T09:00:00Z,2024,8,29,9,PRETRAIN_VAL,data/interim/gridsat/2024/gridsat_2024.08.29.09.npz,620903,72,116,"TIR1,TIR2,WV"
INSAT3D_20240829_1200Z,2024-08-29T12:00:00Z,2024,8,29,12,PRETRAIN_VAL,data/interim/gridsat/2024/gridsat_2024.08.29.12.npz,619944,72,116,"TIR1,TIR2,WV"
INSAT3D_20240829_1500Z,2024-08-29T15:00:00Z,2024,8,29,15,PRETRAIN_VAL,data/interim/gridsat/2024/gridsat_2024.08.29.15.npz,595160,72,116,"TIR1,TIR2,WV"
INSAT3D_20240829_1800Z,2024-08-29T18:00:00Z,2024,8,29,18,PRETRAIN_VAL,data/interim/gridsat/2024/gridsat_2024.08.29.18.npz,591353,72,116,"TIR1,TIR2,WV"
INSAT3D_20240829_2100Z,2024-08-29T21:00:00Z,2024,8,29,21,PRETRAIN_VAL,data/interim/gridsat/2024/gridsat_2024.08.29.21.npz,587463,72,116,"TIR1,TIR2,WV"
INSAT3D_20240830_0000Z,2024-08-30T00:00:00Z,2024,8,30,0,PRETRAIN_VAL,data/interim/gridsat/2024/gridsat_2024.08.30.00.npz,582055,72,116,"TIR1,TIR2,WV"
INSAT3D_20240830_0300Z,2024-08-30T03:00:00Z,2024,8,30,3,PRETRAIN_VAL,data/interim/gridsat/2024/gridsat_2024.08.30.03.npz,575530,72,116,"TIR1,TIR2,WV"
INSAT3D_20240830_0600Z,2024-08-30T06:00:00Z,2024,8,30,6,PRETRAIN_VAL,data/interim/gridsat/2024/gridsat_2024.08.30.06.npz,603049,72,116,"TIR1,TIR2,WV"
INSAT3D_20240830_0900Z,2024-08-30T09:00:00Z,2024,8,30,9,PRETRAIN_VAL,data/interim/gridsat/2024/gridsat_2024.08.30.09.npz,630083,72,116,"TIR1,TIR2,WV"
INSAT3D_20240830_1200Z,2024-08-30T12:00:00Z,2024,8,30,12,PRETRAIN_VAL,data/interim/gridsat/2024/gridsat_2024.08.30.12.npz,627475,72,116,"TIR1,TIR2,WV"
INSAT3D_20240830_1500Z,2024-08-30T15:00:00Z,2024,8,30,15,PRETRAIN_VAL,data/interim/gridsat/2024/gridsat_2024.08.30.15.npz,608991,72,116,"TIR1,TIR2,WV"
INSAT3D_20240830_1800Z,2024-08-30T18:00:00Z,2024,8,30,18,PRETRAIN_VAL,data/interim/gridsat/2024/gridsat_2024.08.30.18.npz,613790,72,116,"TIR1,TIR2,WV"
INSAT3D_20240830_2100Z,2024-08-30T21:00:00Z,2024,8,30,21,PRETRAIN_VAL,data/interim/gridsat/2024/gridsat_2024.08.30.21.npz,615934,72,116,"TIR1,TIR2,WV"
INSAT3D_20240831_0000Z,2024-08-31T00:00:00Z,2024,8,31,0,PRETRAIN_VAL,data/interim/gridsat/2024/gridsat_2024.08.31.00.npz,604706,72,116,"TIR1,TIR2,WV"
INSAT3D_20240831_0300Z,2024-08-31T03:00:00Z,2024,8,31,3,PRETRAIN_VAL,data/interim/gridsat/2024/gridsat_2024.08.31.03.npz,596316,72,116,"TIR1,TIR2,WV"
INSAT3D_20240831_0600Z,2024-08-31T06:00:00Z,2024,8,31,6,PRETRAIN_VAL,data/interim/gridsat/2024/gridsat_2024.08.31.06.npz,620514,72,116,"TIR1,TIR2,WV"
INSAT3D_20240907_0900Z,2024-09-07T09:00:00Z,2024,9,7,9,PRETRAIN_VAL,data/interim/gridsat/2024/gridsat_2024.09.07.09.npz,603114,72,116,"TIR1,TIR2,WV"
INSAT3D_20240907_1200Z,2024-09-07T12:00:00Z,2024,9,7,12,PRETRAIN_VAL,data/interim/gridsat/2024/gridsat_2024.09.07.12.npz,589118,72,116,"TIR1,TIR2,WV"
INSAT3D_20240907_1500Z,2024-09-07T15:00:00Z,2024,9,7,15,PRETRAIN_VAL,data/interim/gridsat/2024/gridsat_2024.09.07.15.npz,570822,72,116,"TIR1,TIR2,WV"
INSAT3D_20240907_1800Z,2024-09-07T18:00:00Z,2024,9,7,18,PRETRAIN_VAL,data/interim/gridsat/2024/gridsat_2024.09.07.18.npz,570233,72,116,"TIR1,TIR2,WV"
INSAT3D_20240907_2100Z,2024-09-07T21:00:00Z,2024,9,7,21,PRETRAIN_VAL,data/interim/gridsat/2024/gridsat_2024.09.07.21.npz,571809,72,116,"TIR1,TIR2,WV"
INSAT3D_20240908_0000Z,2024-09-08T00:00:00Z,2024,9,8,0,PRETRAIN_VAL,data/interim/gridsat/2024/gridsat_2024.09.08.00.npz,570748,72,116,"TIR1,TIR2,WV"
INSAT3D_20240908_0300Z,2024-09-08T03:00:00Z,2024,9,8,3,PRETRAIN_VAL,data/interim/gridsat/2024/gridsat_2024.09.08.03.npz,568082,72,116,"TIR1,TIR2,WV"
INSAT3D_20240908_0600Z,2024-09-08T06:00:00Z,2024,9,8,6,PRETRAIN_VAL,data/interim/gridsat/2024/gridsat_2024.09.08.06.npz,591390,72,116,"TIR1,TIR2,WV"
INSAT3D_20240912_2100Z,2024-09-12T21:00:00Z,2024,9,12,21,PRETRAIN_VAL,data/interim/gridsat/2024/gridsat_2024.09.12.21.npz,557551,72,116,"TIR1,TIR2,WV"
INSAT3D_20240913_0000Z,2024-09-13T00:00:00Z,2024,9,13,0,PRETRAIN_VAL,data/interim/gridsat/2024/gridsat_2024.09.13.00.npz,557598,72,116,"TIR1,TIR2,WV"
INSAT3D_20240913_0300Z,2024-09-13T03:00:00Z,2024,9,13,3,PRETRAIN_VAL,data/interim/gridsat/2024/gridsat_2024.09.13.03.npz,551727,72,116,"TIR1,TIR2,WV"
INSAT3D_20240913_0600Z,2024-09-13T06:00:00Z,2024,9,13,6,PRETRAIN_VAL,data/interim/gridsat/2024/gridsat_2024.09.13.06.npz,573574,72,116,"TIR1,TIR2,WV"
INSAT3D_20240913_0900Z,2024-09-13T09:00:00Z,2024,9,13,9,PRETRAIN_VAL,data/interim/gridsat/2024/gridsat_2024.09.13.09.npz,590782,72,116,"TIR1,TIR2,WV"
INSAT3D_20240913_1200Z,2024-09-13T12:00:00Z,2024,9,13,12,PRETRAIN_VAL,data/interim/gridsat/2024/gridsat_2024.09.13.12.npz,580187,72,116,"TIR1,TIR2,WV"
INSAT3D_20240913_1500Z,2024-09-13T15:00:00Z,2024,9,13,15,PRETRAIN_VAL,data/interim/gridsat/2024/gridsat_2024.09.13.15.npz,552708,72,116,"TIR1,TIR2,WV"
INSAT3D_20240913_1800Z,2024-09-13T18:00:00Z,2024,9,13,18,PRETRAIN_VAL,data/interim/gridsat/2024/gridsat_2024.09.13.18.npz,545910,72,116,"TIR1,TIR2,WV"
INSAT3D_20240913_2100Z,2024-09-13T21:00:00Z,2024,9,13,21,PRETRAIN_VAL,data/interim/gridsat/2024/gridsat_2024.09.13.21.npz,550321,72,116,"TIR1,TIR2,WV"
INSAT3D_20240914_0000Z,2024-09-14T00:00:00Z,2024,9,14,0,PRETRAIN_VAL,data/interim/gridsat/2024/gridsat_2024.09.14.00.npz,542803,72,116,"TIR1,TIR2,WV"
INSAT3D_20240914_0300Z,2024-09-14T03:00:00Z,2024,9,14,3,PRETRAIN_VAL,data/interim/gridsat/2024/gridsat_2024.09.14.03.npz,535648,72,116,"TIR1,TIR2,WV"
INSAT3D_20240914_0600Z,2024-09-14T06:00:00Z,2024,9,14,6,PRETRAIN_VAL,data/interim/gridsat/2024/gridsat_2024.09.14.06.npz,559483,72,116,"TIR1,TIR2,WV"
INSAT3D_20240914_0900Z,2024-09-14T09:00:00Z,2024,9,14,9,PRETRAIN_VAL,data/interim/gridsat/2024/gridsat_2024.09.14.09.npz,577934,72,116,"TIR1,TIR2,WV"
INSAT3D_20240914_1200Z,2024-09-14T12:00:00Z,2024,9,14,12,PRETRAIN_VAL,data/interim/gridsat/2024/gridsat_2024.09.14.12.npz,564485,72,116,"TIR1,TIR2,WV"
INSAT3D_20240914_1500Z,2024-09-14T15:00:00Z,2024,9,14,15,PRETRAIN_VAL,data/interim/gridsat/2024/gridsat_2024.09.14.15.npz,536813,72,116,"TIR1,TIR2,WV"
INSAT3D_20240914_1800Z,2024-09-14T18:00:00Z,2024,9,14,18,PRETRAIN_VAL,data/interim/gridsat/2024/gridsat_2024.09.14.18.npz,532081,72,116,"TIR1,TIR2,WV"
INSAT3D_20240914_2100Z,2024-09-14T21:00:00Z,2024,9,14,21,PRETRAIN_VAL,data/interim/gridsat/2024/gridsat_2024.09.14.21.npz,540224,72,116,"TIR1,TIR2,WV"
INSAT3D_20240915_0000Z,2024-09-15T00:00:00Z,2024,9,15,0,PRETRAIN_VAL,data/interim/gridsat/2024/gridsat_2024.09.15.00.npz,536372,72,116,"TIR1,TIR2,WV"
INSAT3D_20240915_0300Z,2024-09-15T03:00:00Z,2024,9,15,3,PRETRAIN_VAL,data/interim/gridsat/2024/gridsat_2024.09.15.03.npz,537216,72,116,"TIR1,TIR2,WV"
INSAT3D_20240915_0600Z,2024-09-15T06:00:00Z,2024,9,15,6,PRETRAIN_VAL,data/interim/gridsat/2024/gridsat_2024.09.15.06.npz,565954,72,116,"TIR1,TIR2,WV"
INSAT3D_20240915_0900Z,2024-09-15T09:00:00Z,2024,9,15,9,PRETRAIN_VAL,data/interim/gridsat/2024/gridsat_2024.09.15.09.npz,590613,72,116,"TIR1,TIR2,WV"
INSAT3D_20240915_1200Z,2024-09-15T12:00:00Z,2024,9,15,12,PRETRAIN_VAL,data/interim/gridsat/2024/gridsat_2024.09.15.12.npz,579510,72,116,"TIR1,TIR2,WV"
INSAT3D_20240915_1500Z,2024-09-15T15:00:00Z,2024,9,15,15,PRETRAIN_VAL,data/interim/gridsat/2024/gridsat_2024.09.15.15.npz,552105,72,116,"TIR1,TIR2,WV"
INSAT3D_20240915_1800Z,2024-09-15T18:00:00Z,2024,9,15,18,PRETRAIN_VAL,data/interim/gridsat/2024/gridsat_2024.09.15.18.npz,546263,72,116,"TIR1,TIR2,WV"
INSAT3D_20241012_2100Z,2024-10-12T21:00:00Z,2024,10,12,21,PRETRAIN_VAL,data/interim/gridsat/2024/gridsat_2024.10.12.21.npz,564556,72,116,"TIR1,TIR2,WV"
INSAT3D_20241013_0000Z,2024-10-13T00:00:00Z,2024,10,13,0,PRETRAIN_VAL,data/interim/gridsat/2024/gridsat_2024.10.13.00.npz,563816,72,116,"TIR1,TIR2,WV"
INSAT3D_20241013_0300Z,2024-10-13T03:00:00Z,2024,10,13,3,PRETRAIN_VAL,data/interim/gridsat/2024/gridsat_2024.10.13.03.npz,565142,72,116,"TIR1,TIR2,WV"
INSAT3D_20241013_0600Z,2024-10-13T06:00:00Z,2024,10,13,6,PRETRAIN_VAL,data/interim/gridsat/2024/gridsat_2024.10.13.06.npz,590031,72,116,"TIR1,TIR2,WV"
INSAT3D_20241013_0900Z,2024-10-13T09:00:00Z,2024,10,13,9,PRETRAIN_VAL,data/interim/gridsat/2024/gridsat_2024.10.13.09.npz,609943,72,116,"TIR1,TIR2,WV"
INSAT3D_20241013_1200Z,2024-10-13T12:00:00Z,2024,10,13,12,PRETRAIN_VAL,data/interim/gridsat/2024/gridsat_2024.10.13.12.npz,590017,72,116,"TIR1,TIR2,WV"
INSAT3D_20241021_0900Z,2024-10-21T09:00:00Z,2024,10,21,9,PRETRAIN_VAL,data/interim/gridsat/2024/gridsat_2024.10.21.09.npz,551365,72,116,"TIR1,TIR2,WV"
INSAT3D_20241021_1200Z,2024-10-21T12:00:00Z,2024,10,21,12,PRETRAIN_VAL,data/interim/gridsat/2024/gridsat_2024.10.21.12.npz,526810,72,116,"TIR1,TIR2,WV"
INSAT3D_20241021_1500Z,2024-10-21T15:00:00Z,2024,10,21,15,PRETRAIN_VAL,data/interim/gridsat/2024/gridsat_2024.10.21.15.npz,499722,72,116,"TIR1,TIR2,WV"
INSAT3D_20241021_1800Z,2024-10-21T18:00:00Z,2024,10,21,18,PRETRAIN_VAL,data/interim/gridsat/2024/gridsat_2024.10.21.18.npz,500506,72,116,"TIR1,TIR2,WV"
INSAT3D_20241021_2100Z,2024-10-21T21:00:00Z,2024,10,21,21,PRETRAIN_VAL,data/interim/gridsat/2024/gridsat_2024.10.21.21.npz,509171,72,116,"TIR1,TIR2,WV"
INSAT3D_20241022_0000Z,2024-10-22T00:00:00Z,2024,10,22,0,PRETRAIN_VAL,data/interim/gridsat/2024/gridsat_2024.10.22.00.npz,506023,72,116,"TIR1,TIR2,WV"
INSAT3D_20241022_0300Z,2024-10-22T03:00:00Z,2024,10,22,3,PRETRAIN_VAL,data/interim/gridsat/2024/gridsat_2024.10.22.03.npz,495715,72,116,"TIR1,TIR2,WV"
INSAT3D_20241022_0600Z,2024-10-22T06:00:00Z,2024,10,22,6,PRETRAIN_VAL,data/interim/gridsat/2024/gridsat_2024.10.22.06.npz,521705,72,116,"TIR1,TIR2,WV"
INSAT3D_20241022_0900Z,2024-10-22T09:00:00Z,2024,10,22,9,PRETRAIN_VAL,data/interim/gridsat/2024/gridsat_2024.10.22.09.npz,547985,72,116,"TIR1,TIR2,WV"
INSAT3D_20241022_1200Z,2024-10-22T12:00:00Z,2024,10,22,12,PRETRAIN_VAL,data/interim/gridsat/2024/gridsat_2024.10.22.12.npz,526861,72,116,"TIR1,TIR2,WV"
INSAT3D_20241022_1500Z,2024-10-22T15:00:00Z,2024,10,22,15,PRETRAIN_VAL,data/interim/gridsat/2024/gridsat_2024.10.22.15.npz,508627,72,116,"TIR1,TIR2,WV"
INSAT3D_20241022_1800Z,2024-10-22T18:00:00Z,2024,10,22,18,PRETRAIN_VAL,data/interim/gridsat/2024/gridsat_2024.10.22.18.npz,504004,72,116,"TIR1,TIR2,WV"
INSAT3D_20241124_1500Z,2024-11-24T15:00:00Z,2024,11,24,15,PRETRAIN_VAL,data/interim/gridsat/2024/gridsat_2024.11.24.15.npz,540703,72,116,"TIR1,TIR2,WV"
INSAT3D_20241124_1800Z,2024-11-24T18:00:00Z,2024,11,24,18,PRETRAIN_VAL,data/interim/gridsat/2024/gridsat_2024.11.24.18.npz,538090,72,116,"TIR1,TIR2,WV"
INSAT3D_20241124_2100Z,2024-11-24T21:00:00Z,2024,11,24,21,PRETRAIN_VAL,data/interim/gridsat/2024/gridsat_2024.11.24.21.npz,537383,72,116,"TIR1,TIR2,WV"
INSAT3D_20241125_0000Z,2024-11-25T00:00:00Z,2024,11,25,0,PRETRAIN_VAL,data/interim/gridsat/2024/gridsat_2024.11.25.00.npz,536970,72,116,"TIR1,TIR2,WV"
INSAT3D_20241125_0300Z,2024-11-25T03:00:00Z,2024,11,25,3,PRETRAIN_VAL,data/interim/gridsat/2024/gridsat_2024.11.25.03.npz,539358,72,116,"TIR1,TIR2,WV"
INSAT3D_20241125_0600Z,2024-11-25T06:00:00Z,2024,11,25,6,PRETRAIN_VAL,data/interim/gridsat/2024/gridsat_2024.11.25.06.npz,564163,72,116,"TIR1,TIR2,WV"
INSAT3D_20241125_0900Z,2024-11-25T09:00:00Z,2024,11,25,9,PRETRAIN_VAL,data/interim/gridsat/2024/gridsat_2024.11.25.09.npz,578764,72,116,"TIR1,TIR2,WV"
INSAT3D_20241125_1200Z,2024-11-25T12:00:00Z,2024,11,25,12,PRETRAIN_VAL,data/interim/gridsat/2024/gridsat_2024.11.25.12.npz,548898,72,116,"TIR1,TIR2,WV"
INSAT3D_20241125_1500Z,2024-11-25T15:00:00Z,2024,11,25,15,PRETRAIN_VAL,data/interim/gridsat/2024/gridsat_2024.11.25.15.npz,536975,72,116,"TIR1,TIR2,WV"
INSAT3D_20241125_1800Z,2024-11-25T18:00:00Z,2024,11,25,18,PRETRAIN_VAL,data/interim/gridsat/2024/gridsat_2024.11.25.18.npz,541138,72,116,"TIR1,TIR2,WV"
INSAT3D_20241125_2100Z,2024-11-25T21:00:00Z,2024,11,25,21,PRETRAIN_VAL,data/interim/gridsat/2024/gridsat_2024.11.25.21.npz,546413,72,116,"TIR1,TIR2,WV"
INSAT3D_20241126_0000Z,2024-11-26T00:00:00Z,2024,11,26,0,PRETRAIN_VAL,data/interim/gridsat/2024/gridsat_2024.11.26.00.npz,547165,72,116,"TIR1,TIR2,WV"
INSAT3D_20241126_0300Z,2024-11-26T03:00:00Z,2024,11,26,3,PRETRAIN_VAL,data/interim/gridsat/2024/gridsat_2024.11.26.03.npz,541853,72,116,"TIR1,TIR2,WV"
INSAT3D_20241126_0600Z,2024-11-26T06:00:00Z,2024,11,26,6,PRETRAIN_VAL,data/interim/gridsat/2024/gridsat_2024.11.26.06.npz,560391,72,116,"TIR1,TIR2,WV"
INSAT3D_20241126_0900Z,2024-11-26T09:00:00Z,2024,11,26,9,PRETRAIN_VAL,data/interim/gridsat/2024/gridsat_2024.11.26.09.npz,568148,72,116,"TIR1,TIR2,WV"
INSAT3D_20241126_1200Z,2024-11-26T12:00:00Z,2024,11,26,12,PRETRAIN_VAL,data/interim/gridsat/2024/gridsat_2024.11.26.12.npz,539772,72,116,"TIR1,TIR2,WV"
INSAT3D_20241126_1500Z,2024-11-26T15:00:00Z,2024,11,26,15,PRETRAIN_VAL,data/interim/gridsat/2024/gridsat_2024.11.26.15.npz,530748,72,116,"TIR1,TIR2,WV"
INSAT3D_20241126_1800Z,2024-11-26T18:00:00Z,2024,11,26,18,PRETRAIN_VAL,data/interim/gridsat/2024/gridsat_2024.11.26.18.npz,535072,72,116,"TIR1,TIR2,WV"
INSAT3D_20241126_2100Z,2024-11-26T21:00:00Z,2024,11,26,21,PRETRAIN_VAL,data/interim/gridsat/2024/gridsat_2024.11.26.21.npz,544740,72,116,"TIR1,TIR2,WV"
INSAT3D_20241127_0000Z,2024-11-27T00:00:00Z,2024,11,27,0,PRETRAIN_VAL,data/interim/gridsat/2024/gridsat_2024.11.27.00.npz,547724,72,116,"TIR1,TIR2,WV"
INSAT3D_20241127_0300Z,2024-11-27T03:00:00Z,2024,11,27,3,PRETRAIN_VAL,data/interim/gridsat/2024/gridsat_2024.11.27.03.npz,548379,72,116,"TIR1,TIR2,WV"
INSAT3D_20241127_0600Z,2024-11-27T06:00:00Z,2024,11,27,6,PRETRAIN_VAL,data/interim/gridsat/2024/gridsat_2024.11.27.06.npz,570653,72,116,"TIR1,TIR2,WV"
INSAT3D_20241127_0900Z,2024-11-27T09:00:00Z,2024,11,27,9,PRETRAIN_VAL,data/interim/gridsat/2024/gridsat_2024.11.27.09.npz,581360,72,116,"TIR1,TIR2,WV"
INSAT3D_20241127_1200Z,2024-11-27T12:00:00Z,2024,11,27,12,PRETRAIN_VAL,data/interim/gridsat/2024/gridsat_2024.11.27.12.npz,551862,72,116,"TIR1,TIR2,WV"
INSAT3D_20241127_1500Z,2024-11-27T15:00:00Z,2024,11,27,15,PRETRAIN_VAL,data/interim/gridsat/2024/gridsat_2024.11.27.15.npz,539804,72,116,"TIR1,TIR2,WV"
INSAT3D_20241127_1800Z,2024-11-27T18:00:00Z,2024,11,27,18,PRETRAIN_VAL,data/interim/gridsat/2024/gridsat_2024.11.27.18.npz,543827,72,116,"TIR1,TIR2,WV"
INSAT3D_20241127_2100Z,2024-11-27T21:00:00Z,2024,11,27,21,PRETRAIN_VAL,data/interim/gridsat/2024/gridsat_2024.11.27.21.npz,548677,72,116,"TIR1,TIR2,WV"
INSAT3D_20241128_0000Z,2024-11-28T00:00:00Z,2024,11,28,0,PRETRAIN_VAL,data/interim/gridsat/2024/gridsat_2024.11.28.00.npz,544345,72,116,"TIR1,TIR2,WV"
INSAT3D_20241128_0300Z,2024-11-28T03:00:00Z,2024,11,28,3,PRETRAIN_VAL,data/interim/gridsat/2024/gridsat_2024.11.28.03.npz,544811,72,116,"TIR1,TIR2,WV"
INSAT3D_20241128_0600Z,2024-11-28T06:00:00Z,2024,11,28,6,PRETRAIN_VAL,data/interim/gridsat/2024/gridsat_2024.11.28.06.npz,572447,72,116,"TIR1,TIR2,WV"
INSAT3D_20241128_0900Z,2024-11-28T09:00:00Z,2024,11,28,9,PRETRAIN_VAL,data/interim/gridsat/2024/gridsat_2024.11.28.09.npz,588908,72,116,"TIR1,TIR2,WV"
INSAT3D_20241128_1200Z,2024-11-28T12:00:00Z,2024,11,28,12,PRETRAIN_VAL,data/interim/gridsat/2024/gridsat_2024.11.28.12.npz,564702,72,116,"TIR1,TIR2,WV"
INSAT3D_20241128_1500Z,2024-11-28T15:00:00Z,2024,11,28,15,PRETRAIN_VAL,data/interim/gridsat/2024/gridsat_2024.11.28.15.npz,550192,72,116,"TIR1,TIR2,WV"
INSAT3D_20241128_1800Z,2024-11-28T18:00:00Z,2024,11,28,18,PRETRAIN_VAL,data/interim/gridsat/2024/gridsat_2024.11.28.18.npz,550704,72,116,"TIR1,TIR2,WV"
INSAT3D_20241128_2100Z,2024-11-28T21:00:00Z,2024,11,28,21,PRETRAIN_VAL,data/interim/gridsat/2024/gridsat_2024.11.28.21.npz,553313,72,116,"TIR1,TIR2,WV"
INSAT3D_20241129_0000Z,2024-11-29T00:00:00Z,2024,11,29,0,PRETRAIN_VAL,data/interim/gridsat/2024/gridsat_2024.11.29.00.npz,548481,72,116,"TIR1,TIR2,WV"
INSAT3D_20241129_0300Z,2024-11-29T03:00:00Z,2024,11,29,3,PRETRAIN_VAL,data/interim/gridsat/2024/gridsat_2024.11.29.03.npz,536335,72,116,"TIR1,TIR2,WV"
INSAT3D_20241129_0600Z,2024-11-29T06:00:00Z,2024,11,29,6,PRETRAIN_VAL,data/interim/gridsat/2024/gridsat_2024.11.29.06.npz,559630,72,116,"TIR1,TIR2,WV"
INSAT3D_20241129_0900Z,2024-11-29T09:00:00Z,2024,11,29,9,PRETRAIN_VAL,data/interim/gridsat/2024/gridsat_2024.11.29.09.npz,573335,72,116,"TIR1,TIR2,WV"
INSAT3D_20241129_1200Z,2024-11-29T12:00:00Z,2024,11,29,12,PRETRAIN_VAL,data/interim/gridsat/2024/gridsat_2024.11.29.12.npz,540367,72,116,"TIR1,TIR2,WV"
INSAT3D_20241129_1500Z,2024-11-29T15:00:00Z,2024,11,29,15,PRETRAIN_VAL,data/interim/gridsat/2024/gridsat_2024.11.29.15.npz,526532,72,116,"TIR1,TIR2,WV"
INSAT3D_20241129_1800Z,2024-11-29T18:00:00Z,2024,11,29,18,PRETRAIN_VAL,data/interim/gridsat/2024/gridsat_2024.11.29.18.npz,531912,72,116,"TIR1,TIR2,WV"
