sample_id,storm_id,split,t0,frame_t_minus_15h,frame_t_minus_12h,frame_t_minus_9h,frame_t_minus_6h,frame_t_minus_3h,frame_t0,imd_lat_t0,imd_lon_t0,imd_wind_t0,imd_pressure_t0,imd_category_t0,imd_lat_12h,imd_lon_12h,wind_12h,pressure_12h,category_12h,imd_lat_24h,imd_lon_24h,wind_24h,pressure_24h,category_24h,imd_lat_48h,imd_lon_48h,wind_48h,pressure_48h,category_48h
NIO_1998_UNNAMED_31_19981007_0300Z,NIO_1998_UNNAMED_31,TRAIN,1998-10-07T03:00:00+00:00,data/interim/gridsat/1998/gridsat_1998.10.06.12.npz,data/interim/gridsat/1998/gridsat_1998.10.06.15.npz,data/interim/gridsat/1998/gridsat_1998.10.06.18.npz,data/interim/gridsat/1998/gridsat_1998.10.06.21.npz,data/interim/gridsat/1998/gridsat_1998.10.07.00.npz,data/interim/gridsat/1998/gridsat_1998.10.07.03.npz,14.0,69.0,15.0,1004.0,,14.0,68.0,25.0,1002.0,,14.0,67.0,30.0,1002.0,DD,15.0,64.5,30.0,1002.0,DD
NIO_1999_UNNAMED_13_19990201_0300Z,NIO_1999_UNNAMED_13,TRAIN,1999-02-01T03:00:00+00:00,data/interim/gridsat/1999/gridsat_1999.01.31.12.npz,data/interim/gridsat/1999/gridsat_1999.01.31.15.npz,data/interim/gridsat/1999/gridsat_1999.01.31.18.npz,data/interim/gridsat/1999/gridsat_1999.01.31.21.npz,data/interim/gridsat/1999/gridsat_1999.02.01.00.npz,data/interim/gridsat/1999/gridsat_1999.02.01.03.npz,9.0,89.0,25.0,1006.0,D,9.0,88.0,25.0,1004.0,D,9.5,86.0,15.0,1006.0,D,11.5,86.0,50.0,998.0,CS
NIO_2002_UNNAMED_25_20021110_1200Z,NIO_2002_UNNAMED_25,TRAIN,2002-11-10T12:00:00+00:00,data/interim/gridsat/2002/gridsat_2002.11.09.21.npz,data/interim/gridsat/2002/gridsat_2002.11.10.00.npz,data/interim/gridsat/2002/gridsat_2002.11.10.03.npz,data/interim/gridsat/2002/gridsat_2002.11.10.06.npz,data/interim/gridsat/2002/gridsat_2002.11.10.09.npz,data/interim/gridsat/2002/gridsat_2002.11.10.12.npz,12.0,82.5,30.0,1002.0,DD,13.5,82.5,20.0,1004.0,DD,16.0,84.5,25.0,996.0,CS,24.0,90.0,,,DD
NIO_2002_UNNAMED_29_20021123_0600Z,NIO_2002_UNNAMED_29,TRAIN,2002-11-23T06:00:00+00:00,data/interim/gridsat/2002/gridsat_2002.11.22.15.npz,data/interim/gridsat/2002/gridsat_2002.11.22.18.npz,data/interim/gridsat/2002/gridsat_2002.11.22.21.npz,data/interim/gridsat/2002/gridsat_2002.11.23.00.npz,data/interim/gridsat/2002/gridsat_2002.11.23.03.npz,data/interim/gridsat/2002/gridsat_2002.11.23.06.npz,10.5,87.0,25.0,1004.0,D,12.5,87.0,20.0,1002.0,DD,13.5,87.5,25.0,,CS,15.5,88.0,25.0,1002.0,CS
NIO_2002_UNNAMED_29_20021123_1200Z,NIO_2002_UNNAMED_29,TRAIN,2002-11-23T12:00:00+00:00,data/interim/gridsat/2002/gridsat_2002.11.22.21.npz,data/interim/gridsat/2002/gridsat_2002.11.23.00.npz,data/interim/gridsat/2002/gridsat_2002.11.23.03.npz,data/interim/gridsat/2002/gridsat_2002.11.23.06.npz,data/interim/gridsat/2002/gridsat_2002.11.23.09.npz,data/interim/gridsat/2002/gridsat_2002.11.23.12.npz,12.0,87.0,25.0,1002.0,D,13.0,87.5,20.0,1002.0,DD,15.0,88.0,35.0,1000.0,CS,15.5,88.0,25.0,1000.0,CS
NIO_2002_UNNAMED_29_20021124_0000Z,NIO_2002_UNNAMED_29,TRAIN,2002-11-24T00:00:00+00:00,data/interim/gridsat/2002/gridsat_2002.11.23.09.npz,data/interim/gridsat/2002/gridsat_2002.11.23.12.npz,data/interim/gridsat/2002/gridsat_2002.11.23.15.npz,data/interim/gridsat/2002/gridsat_2002.11.23.18.npz,data/interim/gridsat/2002/gridsat_2002.11.23.21.npz,data/interim/gridsat/2002/gridsat_2002.11.24.00.npz,13.0,87.5,20.0,1002.0,DD,15.0,88.0,35.0,1000.0,CS,15.5,88.0,25.0,1002.0,CS,16.0,88.0,25.0,1002.0,CS
NIO_2002_UNNAMED_29_20021124_1200Z,NIO_2002_UNNAMED_29,TRAIN,2002-11-24T12:00:00+00:00,data/interim/gridsat/2002/gridsat_2002.11.23.21.npz,data/interim/gridsat/2002/gridsat_2002.11.24.00.npz,data/interim/gridsat/2002/gridsat_2002.11.24.03.npz,data/interim/gridsat/2002/gridsat_2002.11.24.06.npz,data/interim/gridsat/2002/gridsat_2002.11.24.09.npz,data/interim/gridsat/2002/gridsat_2002.11.24.12.npz,15.0,88.0,35.0,1000.0,CS,15.5,88.0,25.0,1002.0,CS,15.5,88.0,25.0,1000.0,CS,16.5,88.5,25.0,1000.0,CS
NIO_2005_IN_20050115_0300Z,NIO_2005_IN,TRAIN,2005-01-15T03:00:00+00:00,data/interim/gridsat/2005/gridsat_2005.01.14.12.npz,data/interim/gridsat/2005/gridsat_2005.01.14.15.npz,data/interim/gridsat/2005/gridsat_2005.01.14.18.npz,data/interim/gridsat/2005/gridsat_2005.01.14.21.npz,data/interim/gridsat/2005/gridsat_2005.01.15.00.npz,data/interim/gridsat/2005/gridsat_2005.01.15.03.npz,5.5,87.0,35.0,1002.0,CS,5.5,87.0,35.0,1002.0,CS,5.5,86.5,35.0,1004.0,CS,5.0,86.0,30.0,1004.0,DD
NIO_2005_UNNAMED_2_10_20051128_0300Z,NIO_2005_UNNAMED_2_10,TRAIN,2005-11-28T03:00:00+00:00,data/interim/gridsat/2005/gridsat_2005.11.27.12.npz,data/interim/gridsat/2005/gridsat_2005.11.27.15.npz,data/interim/gridsat/2005/gridsat_2005.11.27.18.npz,data/interim/gridsat/2005/gridsat_2005.11.27.21.npz,data/interim/gridsat/2005/gridsat_2005.11.28.00.npz,data/interim/gridsat/2005/gridsat_2005.11.28.03.npz,10.5,90.5,25.0,1006.0,D,10.5,88.0,30.0,1004.0,DD,10.5,87.0,45.0,1002.0,CS,12.0,84.0,45.0,998.0,CS
NIO_2005_UNNAMED_2_10_20051128_0600Z,NIO_2005_UNNAMED_2_10,TRAIN,2005-11-28T06:00:00+00:00,data/interim/gridsat/2005/gridsat_2005.11.27.15.npz,data/interim/gridsat/2005/gridsat_2005.11.27.18.npz,data/interim/gridsat/2005/gridsat_2005.11.27.21.npz,data/interim/gridsat/2005/gridsat_2005.11.28.00.npz,data/interim/gridsat/2005/gridsat_2005.11.28.03.npz,data/interim/gridsat/2005/gridsat_2005.11.28.06.npz,10.5,90.0,30.0,1004.0,DD,10.5,88.0,35.0,1004.0,CS,11.0,86.0,45.0,998.0,CS,12.5,84.0,35.0,998.0,CS
NIO_2005_UNNAMED_2_10_20051128_0900Z,NIO_2005_UNNAMED_2_10,TRAIN,2005-11-28T09:00:00+00:00,data/interim/gridsat/2005/gridsat_2005.11.27.18.npz,data/interim/gridsat/2005/gridsat_2005.11.27.21.npz,data/interim/gridsat/2005/gridsat_2005.11.28.00.npz,data/interim/gridsat/2005/gridsat_2005.11.28.03.npz,data/interim/gridsat/2005/gridsat_2005.11.28.06.npz,data/interim/gridsat/2005/gridsat_2005.11.28.09.npz,10.5,89.0,30.0,1004.0,DD,10.5,88.0,35.0,1004.0,CS,11.5,85.0,45.0,998.0,CS,12.5,84.0,35.0,998.0,CS
NIO_2005_UNNAMED_2_10_20051128_1200Z,NIO_2005_UNNAMED_2_10,TRAIN,2005-11-28T12:00:00+00:00,data/interim/gridsat/2005/gridsat_2005.11.27.21.npz,data/interim/gridsat/2005/gridsat_2005.11.28.00.npz,data/interim/gridsat/2005/gridsat_2005.11.28.03.npz,data/interim/gridsat/2005/gridsat_2005.11.28.06.npz,data/interim/gridsat/2005/gridsat_2005.11.28.09.npz,data/interim/gridsat/2005/gridsat_2005.11.28.12.npz,10.5,88.5,30.0,1004.0,DD,10.5,87.5,35.0,1002.0,CS,12.0,84.0,45.0,998.0,CS,12.5,84.0,35.0,998.0,CS
NIO_2005_UNNAMED_2_10_20051128_1500Z,NIO_2005_UNNAMED_2_10,TRAIN,2005-11-28T15:00:00+00:00,data/interim/gridsat/2005/gridsat_2005.11.28.00.npz,data/interim/gridsat/2005/gridsat_2005.11.28.03.npz,data/interim/gridsat/2005/gridsat_2005.11.28.06.npz,data/interim/gridsat/2005/gridsat_2005.11.28.09.npz,data/interim/gridsat/2005/gridsat_2005.11.28.12.npz,data/interim/gridsat/2005/gridsat_2005.11.28.15.npz,10.5,88.0,30.0,1004.0,DD,10.5,87.0,45.0,1002.0,CS,12.0,84.0,45.0,998.0,CS,12.5,84.0,35.0,998.0,CS
NIO_2005_UNNAMED_2_10_20051128_1800Z,NIO_2005_UNNAMED_2_10,TRAIN,2005-11-28T18:00:00+00:00,data/interim/gridsat/2005/gridsat_2005.11.28.03.npz,data/interim/gridsat/2005/gridsat_2005.11.28.06.npz,data/interim/gridsat/2005/gridsat_2005.11.28.09.npz,data/interim/gridsat/2005/gridsat_2005.11.28.12.npz,data/interim/gridsat/2005/gridsat_2005.11.28.15.npz,data/interim/gridsat/2005/gridsat_2005.11.28.18.npz,10.5,88.0,35.0,1004.0,CS,11.0,86.0,45.0,998.0,CS,12.0,84.0,45.0,998.0,CS,12.5,84.0,35.0,998.0,CS
NIO_2005_UNNAMED_2_10_20051128_2100Z,NIO_2005_UNNAMED_2_10,TRAIN,2005-11-28T21:00:00+00:00,data/interim/gridsat/2005/gridsat_2005.11.28.06.npz,data/interim/gridsat/2005/gridsat_2005.11.28.09.npz,data/interim/gridsat/2005/gridsat_2005.11.28.12.npz,data/interim/gridsat/2005/gridsat_2005.11.28.15.npz,data/interim/gridsat/2005/gridsat_2005.11.28.18.npz,data/interim/gridsat/2005/gridsat_2005.11.28.21.npz,10.5,88.0,35.0,1004.0,CS,11.5,85.0,45.0,998.0,CS,12.0,84.0,45.0,998.0,CS,12.5,84.0,35.0,998.0,CS
NIO_2005_UNNAMED_2_10_20051129_0000Z,NIO_2005_UNNAMED_2_10,TRAIN,2005-11-29T00:00:00+00:00,data/interim/gridsat/2005/gridsat_2005.11.28.09.npz,data/interim/gridsat/2005/gridsat_2005.11.28.12.npz,data/interim/gridsat/2005/gridsat_2005.11.28.15.npz,data/interim/gridsat/2005/gridsat_2005.11.28.18.npz,data/interim/gridsat/2005/gridsat_2005.11.28.21.npz,data/interim/gridsat/2005/gridsat_2005.11.29.00.npz,10.5,87.5,35.0,1002.0,CS,12.0,84.0,45.0,998.0,CS,12.0,84.0,45.0,998.0,CS,12.5,84.0,35.0,998.0,CS
NIO_2005_UNNAMED_2_10_20051129_0300Z,NIO_2005_UNNAMED_2_10,TRAIN,2005-11-29T03:00:00+00:00,data/interim/gridsat/2005/gridsat_2005.11.28.12.npz,data/interim/gridsat/2005/gridsat_2005.11.28.15.npz,data/interim/gridsat/2005/gridsat_2005.11.28.18.npz,data/interim/gridsat/2005/gridsat_2005.11.28.21.npz,data/interim/gridsat/2005/gridsat_2005.11.29.00.npz,data/interim/gridsat/2005/gridsat_2005.11.29.03.npz,10.5,87.0,45.0,1002.0,CS,12.0,84.0,45.0,998.0,CS,12.0,84.0,45.0,998.0,CS,12.5,84.0,35.0,998.0,CS
NIO_2005_UNNAMED_2_10_20051129_0600Z,NIO_2005_UNNAMED_2_10,TRAIN,2005-11-29T06:00:00+00:00,data/interim/gridsat/2005/gridsat_2005.11.28.15.npz,data/interim/gridsat/2005/gridsat_2005.11.28.18.npz,data/interim/gridsat/2005/gridsat_2005.11.28.21.npz,data/interim/gridsat/2005/gridsat_2005.11.29.00.npz,data/interim/gridsat/2005/gridsat_2005.11.29.03.npz,data/interim/gridsat/2005/gridsat_2005.11.29.06.npz,11.0,86.0,45.0,998.0,CS,12.0,84.0,45.0,998.0,CS,12.5,84.0,35.0,998.0,CS,12.5,83.5,35.0,998.0,CS
NIO_2005_UNNAMED_2_10_20051129_0900Z,NIO_2005_UNNAMED_2_10,TRAIN,2005-11-29T09:00:00+00:00,data/interim/gridsat/2005/gridsat_2005.11.28.18.npz,data/interim/gridsat/2005/gridsat_2005.11.28.21.npz,data/interim/gridsat/2005/gridsat_2005.11.29.00.npz,data/interim/gridsat/2005/gridsat_2005.11.29.03.npz,data/interim/gridsat/2005/gridsat_2005.11.29.06.npz,data/interim/gridsat/2005/gridsat_2005.11.29.09.npz,11.5,85.0,45.0,998.0,CS,12.0,84.0,45.0,998.0,CS,12.5,84.0,35.0,998.0,CS,12.5,83.5,35.0,998.0,CS
NIO_2005_UNNAMED_2_10_20051129_1200Z,NIO_2005_UNNAMED_2_10,TRAIN,2005-11-29T12:00:00+00:00,data/interim/gridsat/2005/gridsat_2005.11.28.21.npz,data/interim/gridsat/2005/gridsat_2005.11.29.00.npz,data/interim/gridsat/2005/gridsat_2005.11.29.03.npz,data/interim/gridsat/2005/gridsat_2005.11.29.06.npz,data/interim/gridsat/2005/gridsat_2005.11.29.09.npz,data/interim/gridsat/2005/gridsat_2005.11.29.12.npz,12.0,84.0,45.0,998.0,CS,12.0,84.0,45.0,998.0,CS,12.5,84.0,35.0,998.0,CS,12.5,83.5,30.0,998.0,DD
NIO_2005_UNNAMED_2_10_20051129_1500Z,NIO_2005_UNNAMED_2_10,TRAIN,2005-11-29T15:00:00+00:00,data/interim/gridsat/2005/gridsat_2005.11.29.00.npz,data/interim/gridsat/2005/gridsat_2005.11.29.03.npz,data/interim/gridsat/2005/gridsat_2005.11.29.06.npz,data/interim/gridsat/2005/gridsat_2005.11.29.09.npz,data/interim/gridsat/2005/gridsat_2005.11.29.12.npz,data/interim/gridsat/2005/gridsat_2005.11.29.15.npz,12.0,84.0,45.0,998.0,CS,12.0,84.0,45.0,998.0,CS,12.5,84.0,35.0,998.0,CS,12.5,83.5,30.0,998.0,DD
NIO_2005_UNNAMED_2_10_20051129_1800Z,NIO_2005_UNNAMED_2_10,TRAIN,2005-11-29T18:00:00+00:00,data/interim/gridsat/2005/gridsat_2005.11.29.03.npz,data/interim/gridsat/2005/gridsat_2005.11.29.06.npz,data/interim/gridsat/2005/gridsat_2005.11.29.09.npz,data/interim/gridsat/2005/gridsat_2005.11.29.12.npz,data/interim/gridsat/2005/gridsat_2005.11.29.15.npz,data/interim/gridsat/2005/gridsat_2005.11.29.18.npz,12.0,84.0,45.0,998.0,CS,12.5,84.0,35.0,998.0,CS,12.5,84.0,35.0,998.0,CS,13.0,83.0,30.0,998.0,DD
NIO_2005_UNNAMED_2_10_20051129_2100Z,NIO_2005_UNNAMED_2_10,TRAIN,2005-11-29T21:00:00+00:00,data/interim/gridsat/2005/gridsat_2005.11.29.06.npz,data/interim/gridsat/2005/gridsat_2005.11.29.09.npz,data/interim/gridsat/2005/gridsat_2005.11.29.12.npz,data/interim/gridsat/2005/gridsat_2005.11.29.15.npz,data/interim/gridsat/2005/gridsat_2005.11.29.18.npz,data/interim/gridsat/2005/gridsat_2005.11.29.21.npz,12.0,84.0,45.0,998.0,CS,12.5,84.0,35.0,998.0,CS,12.5,84.0,35.0,998.0,CS,13.0,83.0,30.0,998.0,DD
NIO_2005_UNNAMED_2_10_20051130_0000Z,NIO_2005_UNNAMED_2_10,TRAIN,2005-11-30T00:00:00+00:00,data/interim/gridsat/2005/gridsat_2005.11.29.09.npz,data/interim/gridsat/2005/gridsat_2005.11.29.12.npz,data/interim/gridsat/2005/gridsat_2005.11.29.15.npz,data/interim/gridsat/2005/gridsat_2005.11.29.18.npz,data/interim/gridsat/2005/gridsat_2005.11.29.21.npz,data/interim/gridsat/2005/gridsat_2005.11.30.00.npz,12.0,84.0,45.0,998.0,CS,12.5,84.0,35.0,998.0,CS,12.5,84.0,35.0,998.0,CS,13.0,82.5,25.0,1002.0,D
NIO_2005_UNNAMED_2_10_20051130_0300Z,NIO_2005_UNNAMED_2_10,TRAIN,2005-11-30T03:00:00+00:00,data/interim/gridsat/2005/gridsat_2005.11.29.12.npz,data/interim/gridsat/2005/gridsat_2005.11.29.15.npz,data/interim/gridsat/2005/gridsat_2005.11.29.18.npz,data/interim/gridsat/2005/gridsat_2005.11.29.21.npz,data/interim/gridsat/2005/gridsat_2005.11.30.00.npz,data/interim/gridsat/2005/gridsat_2005.11.30.03.npz,12.0,84.0,45.0,998.0,CS,12.5,84.0,35.0,998.0,CS,12.5,84.0,35.0,998.0,CS,13.0,82.5,25.0,1004.0,D
NIO_2005_UNNAMED_2_11_1_20051206_0300Z,NIO_2005_UNNAMED_2_11_1,TRAIN,2005-12-06T03:00:00+00:00,data/interim/gridsat/2005/gridsat_2005.12.05.12.npz,data/interim/gridsat/2005/gridsat_2005.12.05.15.npz,data/interim/gridsat/2005/gridsat_2005.12.05.18.npz,data/interim/gridsat/2005/gridsat_2005.12.05.21.npz,data/interim/gridsat/2005/gridsat_2005.12.06.00.npz,data/interim/gridsat/2005/gridsat_2005.12.06.03.npz,10.5,89.5,25.0,1006.0,D,11.0,89.0,30.0,1004.0,DD,11.0,87.5,35.0,1000.0,CS,10.5,86.0,45.0,998.0,CS
NIO_2005_UNNAMED_2_11_1_20051206_0600Z,NIO_2005_UNNAMED_2_11_1,TRAIN,2005-12-06T06:00:00+00:00,data/interim/gridsat/2005/gridsat_2005.12.05.15.npz,data/interim/gridsat/2005/gridsat_2005.12.05.18.npz,data/interim/gridsat/2005/gridsat_2005.12.05.21.npz,data/interim/gridsat/2005/gridsat_2005.12.06.00.npz,data/interim/gridsat/2005/gridsat_2005.12.06.03.npz,data/interim/gridsat/2005/gridsat_2005.12.06.06.npz,10.5,89.5,25.0,1004.0,D,11.0,88.5,30.0,1004.0,DD,11.0,87.0,40.0,1000.0,CS,10.5,85.5,45.0,998.0,CS
NIO_2005_UNNAMED_2_11_1_20051206_0900Z,NIO_2005_UNNAMED_2_11_1,TRAIN,2005-12-06T09:00:00+00:00,data/interim/gridsat/2005/gridsat_2005.12.05.18.npz,data/interim/gridsat/2005/gridsat_2005.12.05.21.npz,data/interim/gridsat/2005/gridsat_2005.12.06.00.npz,data/interim/gridsat/2005/gridsat_2005.12.06.03.npz,data/interim/gridsat/2005/gridsat_2005.12.06.06.npz,data/interim/gridsat/2005/gridsat_2005.12.06.09.npz,11.0,89.0,30.0,1004.0,DD,11.0,88.5,30.0,1004.0,DD,11.0,86.5,45.0,998.0,CS,10.5,85.0,45.0,998.0,CS
NIO_2005_UNNAMED_2_11_1_20051206_1200Z,NIO_2005_UNNAMED_2_11_1,TRAIN,2005-12-06T12:00:00+00:00,data/interim/gridsat/2005/gridsat_2005.12.05.21.npz,data/interim/gridsat/2005/gridsat_2005.12.06.00.npz,data/interim/gridsat/2005/gridsat_2005.12.06.03.npz,data/interim/gridsat/2005/gridsat_2005.12.06.06.npz,data/interim/gridsat/2005/gridsat_2005.12.06.09.npz,data/interim/gridsat/2005/gridsat_2005.12.06.12.npz,11.0,89.0,30.0,1004.0,DD,11.0,88.5,30.0,1002.0,DD,11.0,86.5,45.0,998.0,CS,10.5,84.5,45.0,998.0,CS
NIO_2005_UNNAMED_2_11_1_20051206_1500Z,NIO_2005_UNNAMED_2_11_1,TRAIN,2005-12-06T15:00:00+00:00,data/interim/gridsat/2005/gridsat_2005.12.06.00.npz,data/interim/gridsat/2005/gridsat_2005.12.06.03.npz,data/interim/gridsat/2005/gridsat_2005.12.06.06.npz,data/interim/gridsat/2005/gridsat_2005.12.06.09.npz,data/interim/gridsat/2005/gridsat_2005.12.06.12.npz,data/interim/gridsat/2005/gridsat_2005.12.06.15.npz,11.0,89.0,30.0,1004.0,DD,11.0,87.5,35.0,1000.0,CS,11.0,86.5,45.0,998.0,CS,10.5,84.5,45.0,998.0,CS
NIO_2005_UNNAMED_2_11_1_20051206_1800Z,NIO_2005_UNNAMED_2_11_1,TRAIN,2005-12-06T18:00:00+00:00,data/interim/gridsat/2005/gridsat_2005.12.06.03.npz,data/interim/gridsat/2005/gridsat_2005.12.06.06.npz,data/interim/gridsat/2005/gridsat_2005.12.06.09.npz,data/interim/gridsat/2005/gridsat_2005.12.06.12.npz,data/interim/gridsat/2005/gridsat_2005.12.06.15.npz,data/interim/gridsat/2005/gridsat_2005.12.06.18.npz,11.0,88.5,30.0,1004.0,DD,11.0,87.0,40.0,1000.0,CS,11.0,86.0,45.0,998.0,CS,10.5,84.0,45.0,998.0,CS
NIO_2005_UNNAMED_2_11_1_20051206_2100Z,NIO_2005_UNNAMED_2_11_1,TRAIN,2005-12-06T21:00:00+00:00,data/interim/gridsat/2005/gridsat_2005.12.06.06.npz,data/interim/gridsat/2005/gridsat_2005.12.06.09.npz,data/interim/gridsat/2005/gridsat_2005.12.06.12.npz,data/interim/gridsat/2005/gridsat_2005.12.06.15.npz,data/interim/gridsat/2005/gridsat_2005.12.06.18.npz,data/interim/gridsat/2005/gridsat_2005.12.06.21.npz,11.0,88.5,30.0,1004.0,DD,11.0,86.5,45.0,998.0,CS,11.0,86.0,45.0,998.0,CS,10.5,84.0,45.0,998.0,CS
NIO_2005_UNNAMED_2_11_1_20051207_0000Z,NIO_2005_UNNAMED_2_11_1,TRAIN,2005-12-07T00:00:00+00:00,data/interim/gridsat/2005/gridsat_2005.12.06.09.npz,data/interim/gridsat/2005/gridsat_2005.12.06.12.npz,data/interim/gridsat/2005/gridsat_2005.12.06.15.npz,data/interim/gridsat/2005/gridsat_2005.12.06.18.npz,data/interim/gridsat/2005/gridsat_2005.12.06.21.npz,data/interim/gridsat/2005/gridsat_2005.12.07.00.npz,11.0,88.5,30.0,1002.0,DD,11.0,86.5,45.0,998.0,CS,11.0,86.0,45.0,998.0,CS,10.5,83.5,45.0,998.0,CS
NIO_2005_UNNAMED_2_11_1_20051207_0300Z,NIO_2005_UNNAMED_2_11_1,TRAIN,2005-12-07T03:00:00+00:00,data/interim/gridsat/2005/gridsat_2005.12.06.12.npz,data/interim/gridsat/2005/gridsat_2005.12.06.15.npz,data/interim/gridsat/2005/gridsat_2005.12.06.18.npz,data/interim/gridsat/2005/gridsat_2005.12.06.21.npz,data/interim/gridsat/2005/gridsat_2005.12.07.00.npz,data/interim/gridsat/2005/gridsat_2005.12.07.03.npz,11.0,87.5,35.0,1000.0,CS,11.0,86.5,45.0,998.0,CS,10.5,86.0,45.0,998.0,CS,10.5,83.0,45.0,998.0,CS
NIO_2005_UNNAMED_2_11_1_20051207_0600Z,NIO_2005_UNNAMED_2_11_1,TRAIN,2005-12-07T06:00:00+00:00,data/interim/gridsat/2005/gridsat_2005.12.06.15.npz,data/interim/gridsat/2005/gridsat_2005.12.06.18.npz,data/interim/gridsat/2005/gridsat_2005.12.06.21.npz,data/interim/gridsat/2005/gridsat_2005.12.07.00.npz,data/interim/gridsat/2005/gridsat_2005.12.07.03.npz,data/interim/gridsat/2005/gridsat_2005.12.07.06.npz,11.0,87.0,40.0,1000.0,CS,11.0,86.0,45.0,998.0,CS,10.5,85.5,45.0,998.0,CS,10.5,83.0,45.0,998.0,CS
NIO_2005_UNNAMED_2_11_1_20051207_0900Z,NIO_2005_UNNAMED_2_11_1,TRAIN,2005-12-07T09:00:00+00:00,data/interim/gridsat/2005/gridsat_2005.12.06.18.npz,data/interim/gridsat/2005/gridsat_2005.12.06.21.npz,data/interim/gridsat/2005/gridsat_2005.12.07.00.npz,data/interim/gridsat/2005/gridsat_2005.12.07.03.npz,data/interim/gridsat/2005/gridsat_2005.12.07.06.npz,data/interim/gridsat/2005/gridsat_2005.12.07.09.npz,11.0,86.5,45.0,998.0,CS,11.0,86.0,45.0,998.0,CS,10.5,85.0,45.0,998.0,CS,10.5,82.5,45.0,998.0,CS
NIO_2005_UNNAMED_2_11_1_20051207_1200Z,NIO_2005_UNNAMED_2_11_1,TRAIN,2005-12-07T12:00:00+00:00,data/interim/gridsat/2005/gridsat_2005.12.06.21.npz,data/interim/gridsat/2005/gridsat_2005.12.07.00.npz,data/interim/gridsat/2005/gridsat_2005.12.07.03.npz,data/interim/gridsat/2005/gridsat_2005.12.07.06.npz,data/interim/gridsat/2005/gridsat_2005.12.07.09.npz,data/interim/gridsat/2005/gridsat_2005.12.07.12.npz,11.0,86.5,45.0,998.0,CS,11.0,86.0,45.0,998.0,CS,10.5,84.5,45.0,998.0,CS,10.5,82.0,45.0,998.0,CS
NIO_2005_UNNAMED_2_11_1_20051207_1500Z,NIO_2005_UNNAMED_2_11_1,TRAIN,2005-12-07T15:00:00+00:00,data/interim/gridsat/2005/gridsat_2005.12.07.00.npz,data/interim/gridsat/2005/gridsat_2005.12.07.03.npz,data/interim/gridsat/2005/gridsat_2005.12.07.06.npz,data/interim/gridsat/2005/gridsat_2005.12.07.09.npz,data/interim/gridsat/2005/gridsat_2005.12.07.12.npz,data/interim/gridsat/2005/gridsat_2005.12.07.15.npz,11.0,86.5,45.0,998.0,CS,10.5,86.0,45.0,998.0,CS,10.5,84.5,45.0,998.0,CS,10.5,81.5,45.0,998.0,CS
NIO_2005_UNNAMED_2_11_1_20051207_1800Z,NIO_2005_UNNAMED_2_11_1,TRAIN,2005-12-07T18:00:00+00:00,data/interim/gridsat/2005/gridsat_2005.12.07.03.npz,data/interim/gridsat/2005/gridsat_2005.12.07.06.npz,data/interim/gridsat/2005/gridsat_2005.12.07.09.npz,data/interim/gridsat/2005/gridsat_2005.12.07.12.npz,data/interim/gridsat/2005/gridsat_2005.12.07.15.npz,data/interim/gridsat/2005/gridsat_2005.12.07.18.npz,11.0,86.0,45.0,998.0,CS,10.5,85.5,45.0,998.0,CS,10.5,84.0,45.0,998.0,CS,10.5,81.5,35.0,1000.0,CS
NIO_2005_UNNAMED_2_11_1_20051207_2100Z,NIO_2005_UNNAMED_2_11_1,TRAIN,2005-12-07T21:00:00+00:00,data/interim/gridsat/2005/gridsat_2005.12.07.06.npz,data/interim/gridsat/2005/gridsat_2005.12.07.09.npz,data/interim/gridsat/2005/gridsat_2005.12.07.12.npz,data/interim/gridsat/2005/gridsat_2005.12.07.15.npz,data/interim/gridsat/2005/gridsat_2005.12.07.18.npz,data/interim/gridsat/2005/gridsat_2005.12.07.21.npz,11.0,86.0,45.0,998.0,CS,10.5,85.0,45.0,998.0,CS,10.5,84.0,45.0,998.0,CS,10.5,81.0,35.0,1000.0,CS
NIO_2005_UNNAMED_2_12_1_20051215_1200Z,NIO_2005_UNNAMED_2_12_1,TRAIN,2005-12-15T12:00:00+00:00,data/interim/gridsat/2005/gridsat_2005.12.14.21.npz,data/interim/gridsat/2005/gridsat_2005.12.15.00.npz,data/interim/gridsat/2005/gridsat_2005.12.15.03.npz,data/interim/gridsat/2005/gridsat_2005.12.15.06.npz,data/interim/gridsat/2005/gridsat_2005.12.15.09.npz,data/interim/gridsat/2005/gridsat_2005.12.15.12.npz,8.0,87.0,25.0,1006.0,D,8.0,87.0,25.0,1004.0,D,8.0,84.5,25.0,1002.0,D,8.5,83.5,30.0,1000.0,DD
NIO_2005_UNNAMED_2_12_1_20051215_1500Z,NIO_2005_UNNAMED_2_12_1,TRAIN,2005-12-15T15:00:00+00:00,data/interim/gridsat/2005/gridsat_2005.12.15.00.npz,data/interim/gridsat/2005/gridsat_2005.12.15.03.npz,data/interim/gridsat/2005/gridsat_2005.12.15.06.npz,data/interim/gridsat/2005/gridsat_2005.12.15.09.npz,data/interim/gridsat/2005/gridsat_2005.12.15.12.npz,data/interim/gridsat/2005/gridsat_2005.12.15.15.npz,8.0,87.0,25.0,1004.0,D,8.0,85.0,25.0,1002.0,D,8.0,84.5,25.0,1002.0,D,8.5,83.5,30.0,1000.0,DD
NIO_2005_UNNAMED_2_12_1_20051215_1800Z,NIO_2005_UNNAMED_2_12_1,TRAIN,2005-12-15T18:00:00+00:00,data/interim/gridsat/2005/gridsat_2005.12.15.03.npz,data/interim/gridsat/2005/gridsat_2005.12.15.06.npz,data/interim/gridsat/2005/gridsat_2005.12.15.09.npz,data/interim/gridsat/2005/gridsat_2005.12.15.12.npz,data/interim/gridsat/2005/gridsat_2005.12.15.15.npz,data/interim/gridsat/2005/gridsat_2005.12.15.18.npz,8.0,87.0,25.0,1004.0,D,8.0,85.0,25.0,1002.0,D,8.0,84.5,25.0,1002.0,D,9.0,83.0,30.0,1000.0,DD
NIO_2005_UNNAMED_2_12_1_20051215_2100Z,NIO_2005_UNNAMED_2_12_1,TRAIN,2005-12-15T21:00:00+00:00,data/interim/gridsat/2005/gridsat_2005.12.15.06.npz,data/interim/gridsat/2005/gridsat_2005.12.15.09.npz,data/interim/gridsat/2005/gridsat_2005.12.15.12.npz,data/interim/gridsat/2005/gridsat_2005.12.15.15.npz,data/interim/gridsat/2005/gridsat_2005.12.15.18.npz,data/interim/gridsat/2005/gridsat_2005.12.15.21.npz,8.0,87.0,25.0,1004.0,D,8.0,84.5,25.0,1002.0,D,8.0,84.5,25.0,1002.0,D,9.0,83.0,30.0,1000.0,DD
NIO_2005_UNNAMED_2_12_1_20051216_0000Z,NIO_2005_UNNAMED_2_12_1,TRAIN,2005-12-16T00:00:00+00:00,data/interim/gridsat/2005/gridsat_2005.12.15.09.npz,data/interim/gridsat/2005/gridsat_2005.12.15.12.npz,data/interim/gridsat/2005/gridsat_2005.12.15.15.npz,data/interim/gridsat/2005/gridsat_2005.12.15.18.npz,data/interim/gridsat/2005/gridsat_2005.12.15.21.npz,data/interim/gridsat/2005/gridsat_2005.12.16.00.npz,8.0,87.0,25.0,1004.0,D,8.0,84.5,25.0,1002.0,D,8.0,84.0,25.0,1002.0,D,9.5,83.0,30.0,1000.0,DD
NIO_2005_UNNAMED_2_12_1_20051216_0300Z,NIO_2005_UNNAMED_2_12_1,TRAIN,2005-12-16T03:00:00+00:00,data/interim/gridsat/2005/gridsat_2005.12.15.12.npz,data/interim/gridsat/2005/gridsat_2005.12.15.15.npz,data/interim/gridsat/2005/gridsat_2005.12.15.18.npz,data/interim/gridsat/2005/gridsat_2005.12.15.21.npz,data/interim/gridsat/2005/gridsat_2005.12.16.00.npz,data/interim/gridsat/2005/gridsat_2005.12.16.03.npz,8.0,85.0,25.0,1002.0,D,8.0,84.5,25.0,1002.0,D,8.0,84.0,30.0,1000.0,DD,10.0,83.0,30.0,1000.0,DD
NIO_2005_UNNAMED_2_12_1_20051216_0600Z,NIO_2005_UNNAMED_2_12_1,TRAIN,2005-12-16T06:00:00+00:00,data/interim/gridsat/2005/gridsat_2005.12.15.15.npz,data/interim/gridsat/2005/gridsat_2005.12.15.18.npz,data/interim/gridsat/2005/gridsat_2005.12.15.21.npz,data/interim/gridsat/2005/gridsat_2005.12.16.00.npz,data/interim/gridsat/2005/gridsat_2005.12.16.03.npz,data/interim/gridsat/2005/gridsat_2005.12.16.06.npz,8.0,85.0,25.0,1002.0,D,8.0,84.5,25.0,1002.0,D,8.0,84.0,30.0,1000.0,DD,10.0,83.0,30.0,1000.0,DD
NIO_2005_UNNAMED_2_12_1_20051216_0900Z,NIO_2005_UNNAMED_2_12_1,TRAIN,2005-12-16T09:00:00+00:00,data/interim/gridsat/2005/gridsat_2005.12.15.18.npz,data/interim/gridsat/2005/gridsat_2005.12.15.21.npz,data/interim/gridsat/2005/gridsat_2005.12.16.00.npz,data/interim/gridsat/2005/gridsat_2005.12.16.03.npz,data/interim/gridsat/2005/gridsat_2005.12.16.06.npz,data/interim/gridsat/2005/gridsat_2005.12.16.09.npz,8.0,84.5,25.0,1002.0,D,8.0,84.5,25.0,1002.0,D,8.5,83.5,30.0,1000.0,DD,10.5,82.5,30.0,1000.0,DD
NIO_2005_UNNAMED_2_12_1_20051216_1200Z,NIO_2005_UNNAMED_2_12_1,TRAIN,2005-12-16T12:00:00+00:00,data/interim/gridsat/2005/gridsat_2005.12.15.21.npz,data/interim/gridsat/2005/gridsat_2005.12.16.00.npz,data/interim/gridsat/2005/gridsat_2005.12.16.03.npz,data/interim/gridsat/2005/gridsat_2005.12.16.06.npz,data/interim/gridsat/2005/gridsat_2005.12.16.09.npz,data/interim/gridsat/2005/gridsat_2005.12.16.12.npz,8.0,84.5,25.0,1002.0,D,8.0,84.0,25.0,1002.0,D,8.5,83.5,30.0,1000.0,DD,10.5,82.5,30.0,1000.0,DD
NIO_2005_UNNAMED_2_12_1_20051216_1500Z,NIO_2005_UNNAMED_2_12_1,TRAIN,2005-12-16T15:00:00+00:00,data/interim/gridsat/2005/gridsat_2005.12.16.00.npz,data/interim/gridsat/2005/gridsat_2005.12.16.03.npz,data/interim/gridsat/2005/gridsat_2005.12.16.06.npz,data/interim/gridsat/2005/gridsat_2005.12.16.09.npz,data/interim/gridsat/2005/gridsat_2005.12.16.12.npz,data/interim/gridsat/2005/gridsat_2005.12.16.15.npz,8.0,84.5,25.0,1002.0,D,8.0,84.0,30.0,1000.0,DD,8.5,83.5,30.0,1000.0,DD,10.5,82.5,30.0,1000.0,DD
NIO_2005_UNNAMED_2_12_1_20051216_1800Z,NIO_2005_UNNAMED_2_12_1,TRAIN,2005-12-16T18:00:00+00:00,data/interim/gridsat/2005/gridsat_2005.12.16.03.npz,data/interim/gridsat/2005/gridsat_2005.12.16.06.npz,data/interim/gridsat/2005/gridsat_2005.12.16.09.npz,data/interim/gridsat/2005/gridsat_2005.12.16.12.npz,data/interim/gridsat/2005/gridsat_2005.12.16.15.npz,data/interim/gridsat/2005/gridsat_2005.12.16.18.npz,8.0,84.5,25.0,1002.0,D,8.0,84.0,30.0,1000.0,DD,9.0,83.0,30.0,1000.0,DD,11.0,82.5,30.0,1000.0,DD
NIO_2005_UNNAMED_2_12_1_20051216_2100Z,NIO_2005_UNNAMED_2_12_1,TRAIN,2005-12-16T21:00:00+00:00,data/interim/gridsat/2005/gridsat_2005.12.16.06.npz,data/interim/gridsat/2005/gridsat_2005.12.16.09.npz,data/interim/gridsat/2005/gridsat_2005.12.16.12.npz,data/interim/gridsat/2005/gridsat_2005.12.16.15.npz,data/interim/gridsat/2005/gridsat_2005.12.16.18.npz,data/interim/gridsat/2005/gridsat_2005.12.16.21.npz,8.0,84.5,25.0,1002.0,D,8.5,83.5,30.0,1000.0,DD,9.0,83.0,30.0,1000.0,DD,11.0,82.5,30.0,1000.0,DD
NIO_2005_UNNAMED_2_12_1_20051217_0000Z,NIO_2005_UNNAMED_2_12_1,TRAIN,2005-12-17T00:00:00+00:00,data/interim/gridsat/2005/gridsat_2005.12.16.09.npz,data/interim/gridsat/2005/gridsat_2005.12.16.12.npz,data/interim/gridsat/2005/gridsat_2005.12.16.15.npz,data/interim/gridsat/2005/gridsat_2005.12.16.18.npz,data/interim/gridsat/2005/gridsat_2005.12.16.21.npz,data/interim/gridsat/2005/gridsat_2005.12.17.00.npz,8.0,84.0,25.0,1002.0,D,8.5,83.5,30.0,1000.0,DD,9.5,83.0,30.0,1000.0,DD,11.0,82.5,30.0,1000.0,DD
NIO_2005_UNNAMED_2_12_1_20051217_0300Z,NIO_2005_UNNAMED_2_12_1,TRAIN,2005-12-17T03:00:00+00:00,data/interim/gridsat/2005/gridsat_2005.12.16.12.npz,data/interim/gridsat/2005/gridsat_2005.12.16.15.npz,data/interim/gridsat/2005/gridsat_2005.12.16.18.npz,data/interim/gridsat/2005/gridsat_2005.12.16.21.npz,data/interim/gridsat/2005/gridsat_2005.12.17.00.npz,data/interim/gridsat/2005/gridsat_2005.12.17.03.npz,8.0,84.0,30.0,1000.0,DD,8.5,83.5,30.0,1000.0,DD,10.0,83.0,30.0,1000.0,DD,11.0,82.5,30.0,1000.0,DD
NIO_2005_UNNAMED_2_12_1_20051217_0600Z,NIO_2005_UNNAMED_2_12_1,TRAIN,2005-12-17T06:00:00+00:00,data/interim/gridsat/2005/gridsat_2005.12.16.15.npz,data/interim/gridsat/2005/gridsat_2005.12.16.18.npz,data/interim/gridsat/2005/gridsat_2005.12.16.21.npz,data/interim/gridsat/2005/gridsat_2005.12.17.00.npz,data/interim/gridsat/2005/gridsat_2005.12.17.03.npz,data/interim/gridsat/2005/gridsat_2005.12.17.06.npz,8.0,84.0,30.0,1000.0,DD,9.0,83.0,30.0,1000.0,DD,10.0,83.0,30.0,1000.0,DD,11.0,82.5,30.0,1000.0,DD
NIO_2005_UNNAMED_2_12_1_20051217_0900Z,NIO_2005_UNNAMED_2_12_1,TRAIN,2005-12-17T09:00:00+00:00,data/interim/gridsat/2005/gridsat_2005.12.16.18.npz,data/interim/gridsat/2005/gridsat_2005.12.16.21.npz,data/interim/gridsat/2005/gridsat_2005.12.17.00.npz,data/interim/gridsat/2005/gridsat_2005.12.17.03.npz,data/interim/gridsat/2005/gridsat_2005.12.17.06.npz,data/interim/gridsat/2005/gridsat_2005.12.17.09.npz,8.5,83.5,30.0,1000.0,DD,9.0,83.0,30.0,1000.0,DD,10.5,82.5,30.0,1000.0,DD,11.0,82.5,30.0,1000.0,DD
NIO_2005_UNNAMED_2_12_1_20051217_1200Z,NIO_2005_UNNAMED_2_12_1,TRAIN,2005-12-17T12:00:00+00:00,data/interim/gridsat/2005/gridsat_2005.12.16.21.npz,data/interim/gridsat/2005/gridsat_2005.12.17.00.npz,data/interim/gridsat/2005/gridsat_2005.12.17.03.npz,data/interim/gridsat/2005/gridsat_2005.12.17.06.npz,data/interim/gridsat/2005/gridsat_2005.12.17.09.npz,data/interim/gridsat/2005/gridsat_2005.12.17.12.npz,8.5,83.5,30.0,1000.0,DD,9.5,83.0,30.0,1000.0,DD,10.5,82.5,30.0,1000.0,DD,11.0,82.5,30.0,1000.0,DD
NIO_2005_UNNAMED_2_12_1_20051217_1500Z,NIO_2005_UNNAMED_2_12_1,TRAIN,2005-12-17T15:00:00+00:00,data/interim/gridsat/2005/gridsat_2005.12.17.00.npz,data/interim/gridsat/2005/gridsat_2005.12.17.03.npz,data/interim/gridsat/2005/gridsat_2005.12.17.06.npz,data/interim/gridsat/2005/gridsat_2005.12.17.09.npz,data/interim/gridsat/2005/gridsat_2005.12.17.12.npz,data/interim/gridsat/2005/gridsat_2005.12.17.15.npz,8.5,83.5,30.0,1000.0,DD,10.0,83.0,30.0,1000.0,DD,10.5,82.5,30.0,1000.0,DD,11.5,82.5,30.0,1000.0,DD
NIO_2005_UNNAMED_2_12_1_20051217_1800Z,NIO_2005_UNNAMED_2_12_1,TRAIN,2005-12-17T18:00:00+00:00,data/interim/gridsat/2005/gridsat_2005.12.17.03.npz,data/interim/gridsat/2005/gridsat_2005.12.17.06.npz,data/interim/gridsat/2005/gridsat_2005.12.17.09.npz,data/interim/gridsat/2005/gridsat_2005.12.17.12.npz,data/interim/gridsat/2005/gridsat_2005.12.17.15.npz,data/interim/gridsat/2005/gridsat_2005.12.17.18.npz,9.0,83.0,30.0,1000.0,DD,10.0,83.0,30.0,1000.0,DD,11.0,82.5,30.0,1000.0,DD,11.5,82.5,30.0,1000.0,DD
NIO_2005_UNNAMED_2_12_1_20051217_2100Z,NIO_2005_UNNAMED_2_12_1,TRAIN,2005-12-17T21:00:00+00:00,data/interim/gridsat/2005/gridsat_2005.12.17.06.npz,data/interim/gridsat/2005/gridsat_2005.12.17.09.npz,data/interim/gridsat/2005/gridsat_2005.12.17.12.npz,data/interim/gridsat/2005/gridsat_2005.12.17.15.npz,data/interim/gridsat/2005/gridsat_2005.12.17.18.npz,data/interim/gridsat/2005/gridsat_2005.12.17.21.npz,9.0,83.0,30.0,1000.0,DD,10.5,82.5,30.0,1000.0,DD,11.0,82.5,30.0,1000.0,DD,11.5,82.5,30.0,1000.0,DD
NIO_2005_UNNAMED_2_12_1_20051218_0000Z,NIO_2005_UNNAMED_2_12_1,TRAIN,2005-12-18T00:00:00+00:00,data/interim/gridsat/2005/gridsat_2005.12.17.09.npz,data/interim/gridsat/2005/gridsat_2005.12.17.12.npz,data/interim/gridsat/2005/gridsat_2005.12.17.15.npz,data/interim/gridsat/2005/gridsat_2005.12.17.18.npz,data/interim/gridsat/2005/gridsat_2005.12.17.21.npz,data/interim/gridsat/2005/gridsat_2005.12.18.00.npz,9.5,83.0,30.0,1000.0,DD,10.5,82.5,30.0,1000.0,DD,11.0,82.5,30.0,1000.0,DD,11.5,83.0,30.0,1000.0,DD
NIO_2005_UNNAMED_2_12_1_20051218_0300Z,NIO_2005_UNNAMED_2_12_1,TRAIN,2005-12-18T03:00:00+00:00,data/interim/gridsat/2005/gridsat_2005.12.17.12.npz,data/interim/gridsat/2005/gridsat_2005.12.17.15.npz,data/interim/gridsat/2005/gridsat_2005.12.17.18.npz,data/interim/gridsat/2005/gridsat_2005.12.17.21.npz,data/interim/gridsat/2005/gridsat_2005.12.18.00.npz,data/interim/gridsat/2005/gridsat_2005.12.18.03.npz,10.0,83.0,30.0,1000.0,DD,10.5,82.5,30.0,1000.0,DD,11.0,82.5,30.0,1000.0,DD,11.5,83.5,30.0,1000.0,DD
NIO_2005_UNNAMED_2_12_1_20051218_0600Z,NIO_2005_UNNAMED_2_12_1,TRAIN,2005-12-18T06:00:00+00:00,data/interim/gridsat/2005/gridsat_2005.12.17.15.npz,data/interim/gridsat/2005/gridsat_2005.12.17.18.npz,data/interim/gridsat/2005/gridsat_2005.12.17.21.npz,data/interim/gridsat/2005/gridsat_2005.12.18.00.npz,data/interim/gridsat/2005/gridsat_2005.12.18.03.npz,data/interim/gridsat/2005/gridsat_2005.12.18.06.npz,10.0,83.0,30.0,1000.0,DD,11.0,82.5,30.0,1000.0,DD,11.0,82.5,30.0,1000.0,DD,11.5,84.0,25.0,1002.0,D
NIO_2005_UNNAMED_2_12_1_20051218_0900Z,NIO_2005_UNNAMED_2_12_1,TRAIN,2005-12-18T09:00:00+00:00,data/interim/gridsat/2005/gridsat_2005.12.17.18.npz,data/interim/gridsat/2005/gridsat_2005.12.17.21.npz,data/interim/gridsat/2005/gridsat_2005.12.18.00.npz,data/interim/gridsat/2005/gridsat_2005.12.18.03.npz,data/interim/gridsat/2005/gridsat_2005.12.18.06.npz,data/interim/gridsat/2005/gridsat_2005.12.18.09.npz,10.5,82.5,30.0,1000.0,DD,11.0,82.5,30.0,1000.0,DD,11.0,82.5,30.0,1000.0,DD,12.0,84.5,25.0,1002.0,D
NIO_2005_UNNAMED_2_12_1_20051218_1200Z,NIO_2005_UNNAMED_2_12_1,TRAIN,2005-12-18T12:00:00+00:00,data/interim/gridsat/2005/gridsat_2005.12.17.21.npz,data/interim/gridsat/2005/gridsat_2005.12.18.00.npz,data/interim/gridsat/2005/gridsat_2005.12.18.03.npz,data/interim/gridsat/2005/gridsat_2005.12.18.06.npz,data/interim/gridsat/2005/gridsat_2005.12.18.09.npz,data/interim/gridsat/2005/gridsat_2005.12.18.12.npz,10.5,82.5,30.0,1000.0,DD,11.0,82.5,30.0,1000.0,DD,11.0,82.5,30.0,1000.0,DD,12.0,84.5,25.0,1002.0,D
NIO_2005_UNNAMED_2_12_1_20051218_1500Z,NIO_2005_UNNAMED_2_12_1,TRAIN,2005-12-18T15:00:00+00:00,data/interim/gridsat/2005/gridsat_2005.12.18.00.npz,data/interim/gridsat/2005/gridsat_2005.12.18.03.npz,data/interim/gridsat/2005/gridsat_2005.12.18.06.npz,data/interim/gridsat/2005/gridsat_2005.12.18.09.npz,data/interim/gridsat/2005/gridsat_2005.12.18.12.npz,data/interim/gridsat/2005/gridsat_2005.12.18.15.npz,10.5,82.5,30.0,1000.0,DD,11.0,82.5,30.0,1000.0,DD,11.5,82.5,30.0,1000.0,DD,12.0,84.5,25.0,1002.0,D
NIO_2005_UNNAMED_2_12_1_20051218_1800Z,NIO_2005_UNNAMED_2_12_1,TRAIN,2005-12-18T18:00:00+00:00,data/interim/gridsat/2005/gridsat_2005.12.18.03.npz,data/interim/gridsat/2005/gridsat_2005.12.18.06.npz,data/interim/gridsat/2005/gridsat_2005.12.18.09.npz,data/interim/gridsat/2005/gridsat_2005.12.18.12.npz,data/interim/gridsat/2005/gridsat_2005.12.18.15.npz,data/interim/gridsat/2005/gridsat_2005.12.18.18.npz,11.0,82.5,30.0,1000.0,DD,11.0,82.5,30.0,1000.0,DD,11.5,82.5,30.0,1000.0,DD,12.0,84.5,25.0,1002.0,D
NIO_2005_UNNAMED_2_12_1_20051218_2100Z,NIO_2005_UNNAMED_2_12_1,TRAIN,2005-12-18T21:00:00+00:00,data/interim/gridsat/2005/gridsat_2005.12.18.06.npz,data/interim/gridsat/2005/gridsat_2005.12.18.09.npz,data/interim/gridsat/2005/gridsat_2005.12.18.12.npz,data/interim/gridsat/2005/gridsat_2005.12.18.15.npz,data/interim/gridsat/2005/gridsat_2005.12.18.18.npz,data/interim/gridsat/2005/gridsat_2005.12.18.21.npz,11.0,82.5,30.0,1000.0,DD,11.0,82.5,30.0,1000.0,DD,11.5,82.5,30.0,1000.0,DD,12.0,84.5,25.0,1002.0,D
NIO_2005_UNNAMED_2_12_1_20051219_0000Z,NIO_2005_UNNAMED_2_12_1,TRAIN,2005-12-19T00:00:00+00:00,data/interim/gridsat/2005/gridsat_2005.12.18.09.npz,data/interim/gridsat/2005/gridsat_2005.12.18.12.npz,data/interim/gridsat/2005/gridsat_2005.12.18.15.npz,data/interim/gridsat/2005/gridsat_2005.12.18.18.npz,data/interim/gridsat/2005/gridsat_2005.12.18.21.npz,data/interim/gridsat/2005/gridsat_2005.12.19.00.npz,11.0,82.5,30.0,1000.0,DD,11.0,82.5,30.0,1000.0,DD,11.5,83.0,30.0,1000.0,DD,12.0,84.5,25.0,1002.0,D
NIO_2005_UNNAMED_2_12_1_20051219_0300Z,NIO_2005_UNNAMED_2_12_1,TRAIN,2005-12-19T03:00:00+00:00,data/interim/gridsat/2005/gridsat_2005.12.18.12.npz,data/interim/gridsat/2005/gridsat_2005.12.18.15.npz,data/interim/gridsat/2005/gridsat_2005.12.18.18.npz,data/interim/gridsat/2005/gridsat_2005.12.18.21.npz,data/interim/gridsat/2005/gridsat_2005.12.19.00.npz,data/interim/gridsat/2005/gridsat_2005.12.19.03.npz,11.0,82.5,30.0,1000.0,DD,11.5,82.5,30.0,1000.0,DD,11.5,83.5,30.0,1000.0,DD,12.0,84.5,25.0,1002.0,D
NIO_2005_UNNAMED_2_12_1_20051219_0600Z,NIO_2005_UNNAMED_2_12_1,TRAIN,2005-12-19T06:00:00+00:00,data/interim/gridsat/2005/gridsat_2005.12.18.15.npz,data/interim/gridsat/2005/gridsat_2005.12.18.18.npz,data/interim/gridsat/2005/gridsat_2005.12.18.21.npz,data/interim/gridsat/2005/gridsat_2005.12.19.00.npz,data/interim/gridsat/2005/gridsat_2005.12.19.03.npz,data/interim/gridsat/2005/gridsat_2005.12.19.06.npz,11.0,82.5,30.0,1000.0,DD,11.5,82.5,30.0,1000.0,DD,11.5,84.0,25.0,1002.0,D,12.0,84.5,25.0,1002.0,D
NIO_2005_UNNAMED_2_12_1_20051219_0900Z,NIO_2005_UNNAMED_2_12_1,TRAIN,2005-12-19T09:00:00+00:00,data/interim/gridsat/2005/gridsat_2005.12.18.18.npz,data/interim/gridsat/2005/gridsat_2005.12.18.21.npz,data/interim/gridsat/2005/gridsat_2005.12.19.00.npz,data/interim/gridsat/2005/gridsat_2005.12.19.03.npz,data/interim/gridsat/2005/gridsat_2005.12.19.06.npz,data/interim/gridsat/2005/gridsat_2005.12.19.09.npz,11.0,82.5,30.0,1000.0,DD,11.5,82.5,30.0,1000.0,DD,12.0,84.5,25.0,1002.0,D,12.0,84.5,25.0,1002.0,D
NIO_2005_UNNAMED_2_12_1_20051219_1200Z,NIO_2005_UNNAMED_2_12_1,TRAIN,2005-12-19T12:00:00+00:00,data/interim/gridsat/2005/gridsat_2005.12.18.21.npz,data/interim/gridsat/2005/gridsat_2005.12.19.00.npz,data/interim/gridsat/2005/gridsat_2005.12.19.03.npz,data/interim/gridsat/2005/gridsat_2005.12.19.06.npz,data/interim/gridsat/2005/gridsat_2005.12.19.09.npz,data/interim/gridsat/2005/gridsat_2005.12.19.12.npz,11.0,82.5,30.0,1000.0,DD,11.5,83.0,30.0,1000.0,DD,12.0,84.5,25.0,1002.0,D,12.0,84.5,25.0,1002.0,D
NIO_2005_UNNAMED_2_12_1_20051219_1500Z,NIO_2005_UNNAMED_2_12_1,TRAIN,2005-12-19T15:00:00+00:00,data/interim/gridsat/2005/gridsat_2005.12.19.00.npz,data/interim/gridsat/2005/gridsat_2005.12.19.03.npz,data/interim/gridsat/2005/gridsat_2005.12.19.06.npz,data/interim/gridsat/2005/gridsat_2005.12.19.09.npz,data/interim/gridsat/2005/gridsat_2005.12.19.12.npz,data/interim/gridsat/2005/gridsat_2005.12.19.15.npz,11.5,82.5,30.0,1000.0,DD,11.5,83.5,30.0,1000.0,DD,12.0,84.5,25.0,1002.0,D,12.0,84.5,25.0,1002.0,D
NIO_2005_UNNAMED_2_12_1_20051219_1800Z,NIO_2005_UNNAMED_2_12_1,TRAIN,2005-12-19T18:00:00+00:00,data/interim/gridsat/2005/gridsat_2005.12.19.03.npz,data/interim/gridsat/2005/gridsat_2005.12.19.06.npz,data/interim/gridsat/2005/gridsat_2005.12.19.09.npz,data/interim/gridsat/2005/gridsat_2005.12.19.12.npz,data/interim/gridsat/2005/gridsat_2005.12.19.15.npz,data/interim/gridsat/2005/gridsat_2005.12.19.18.npz,11.5,82.5,30.0,1000.0,DD,11.5,84.0,25.0,1002.0,D,12.0,84.5,25.0,1002.0,D,12.0,84.5,25.0,1002.0,D
NIO_2005_UNNAMED_2_12_1_20051219_2100Z,NIO_2005_UNNAMED_2_12_1,TRAIN,2005-12-19T21:00:00+00:00,data/interim/gridsat/2005/gridsat_2005.12.19.06.npz,data/interim/gridsat/2005/gridsat_2005.12.19.09.npz,data/interim/gridsat/2005/gridsat_2005.12.19.12.npz,data/interim/gridsat/2005/gridsat_2005.12.19.15.npz,data/interim/gridsat/2005/gridsat_2005.12.19.18.npz,data/interim/gridsat/2005/gridsat_2005.12.19.21.npz,11.5,82.5,30.0,1000.0,DD,12.0,84.5,25.0,1002.0,D,12.0,84.5,25.0,1002.0,D,12.0,84.5,25.0,1002.0,D
NIO_2005_UNNAMED_2_12_1_20051220_0000Z,NIO_2005_UNNAMED_2_12_1,TRAIN,2005-12-20T00:00:00+00:00,data/interim/gridsat/2005/gridsat_2005.12.19.09.npz,data/interim/gridsat/2005/gridsat_2005.12.19.12.npz,data/interim/gridsat/2005/gridsat_2005.12.19.15.npz,data/interim/gridsat/2005/gridsat_2005.12.19.18.npz,data/interim/gridsat/2005/gridsat_2005.12.19.21.npz,data/interim/gridsat/2005/gridsat_2005.12.20.00.npz,11.5,83.0,30.0,1000.0,DD,12.0,84.5,25.0,1002.0,D,12.0,84.5,25.0,1002.0,D,12.0,84.5,25.0,1002.0,D
NIO_2005_UNNAMED_2_7_1_20050918_0600Z,NIO_2005_UNNAMED_2_7_1,TRAIN,2005-09-18T06:00:00+00:00,data/interim/gridsat/2005/gridsat_2005.09.17.15.npz,data/interim/gridsat/2005/gridsat_2005.09.17.18.npz,data/interim/gridsat/2005/gridsat_2005.09.17.21.npz,data/interim/gridsat/2005/gridsat_2005.09.18.00.npz,data/interim/gridsat/2005/gridsat_2005.09.18.03.npz,data/interim/gridsat/2005/gridsat_2005.09.18.06.npz,20.0,87.5,30.0,996.0,DD,19.0,85.5,35.0,990.0,CS,18.5,83.5,35.0,988.0,CS,19.0,82.5,30.0,1002.0,DD
NIO_2005_UNNAMED_2_7_1_20050918_0900Z,NIO_2005_UNNAMED_2_7_1,TRAIN,2005-09-18T09:00:00+00:00,data/interim/gridsat/2005/gridsat_2005.09.17.18.npz,data/interim/gridsat/2005/gridsat_2005.09.17.21.npz,data/interim/gridsat/2005/gridsat_2005.09.18.00.npz,data/interim/gridsat/2005/gridsat_2005.09.18.03.npz,data/interim/gridsat/2005/gridsat_2005.09.18.06.npz,data/interim/gridsat/2005/gridsat_2005.09.18.09.npz,19.5,87.0,30.0,996.0,DD,18.5,84.5,35.0,988.0,CS,18.5,83.5,35.0,988.0,CS,19.0,81.5,30.0,1002.0,DD
NIO_2005_UNNAMED_2_7_1_20050918_1200Z,NIO_2005_UNNAMED_2_7_1,TRAIN,2005-09-18T12:00:00+00:00,data/interim/gridsat/2005/gridsat_2005.09.17.21.npz,data/interim/gridsat/2005/gridsat_2005.09.18.00.npz,data/interim/gridsat/2005/gridsat_2005.09.18.03.npz,data/interim/gridsat/2005/gridsat_2005.09.18.06.npz,data/interim/gridsat/2005/gridsat_2005.09.18.09.npz,data/interim/gridsat/2005/gridsat_2005.09.18.12.npz,19.5,86.5,35.0,994.0,CS,18.5,84.5,35.0,988.0,CS,18.5,83.5,35.0,988.0,CS,19.0,80.5,25.0,1004.0,D
NIO_2005_UNNAMED_2_7_1_20050919_1200Z,NIO_2005_UNNAMED_2_7_1,TRAIN,2005-09-19T12:00:00+00:00,data/interim/gridsat/2005/gridsat_2005.09.18.21.npz,data/interim/gridsat/2005/gridsat_2005.09.19.00.npz,data/interim/gridsat/2005/gridsat_2005.09.19.03.npz,data/interim/gridsat/2005/gridsat_2005.09.19.06.npz,data/interim/gridsat/2005/gridsat_2005.09.19.09.npz,data/interim/gridsat/2005/gridsat_2005.09.19.12.npz,18.5,83.5,35.0,988.0,CS,19.0,82.5,30.0,1002.0,DD,19.0,80.5,25.0,1004.0,D,21.0,76.0,25.0,1004.0,D
NIO_2005_UNNAMED_2_8_1_20051026_0300Z,NIO_2005_UNNAMED_2_8_1,TRAIN,2005-10-26T03:00:00+00:00,data/interim/gridsat/2005/gridsat_2005.10.25.12.npz,data/interim/gridsat/2005/gridsat_2005.10.25.15.npz,data/interim/gridsat/2005/gridsat_2005.10.25.18.npz,data/interim/gridsat/2005/gridsat_2005.10.25.21.npz,data/interim/gridsat/2005/gridsat_2005.10.26.00.npz,data/interim/gridsat/2005/gridsat_2005.10.26.03.npz,12.0,84.5,25.0,1004.0,D,12.5,84.0,25.0,1004.0,D,13.0,82.5,30.0,1002.0,DD,15.5,80.0,30.0,998.0,DD
NIO_2005_UNNAMED_2_8_1_20051026_0600Z,NIO_2005_UNNAMED_2_8_1,TRAIN,2005-10-26T06:00:00+00:00,data/interim/gridsat/2005/gridsat_2005.10.25.15.npz,data/interim/gridsat/2005/gridsat_2005.10.25.18.npz,data/interim/gridsat/2005/gridsat_2005.10.25.21.npz,data/interim/gridsat/2005/gridsat_2005.10.26.00.npz,data/interim/gridsat/2005/gridsat_2005.10.26.03.npz,data/interim/gridsat/2005/gridsat_2005.10.26.06.npz,12.0,84.5,25.0,1004.0,D,12.5,84.0,30.0,1004.0,DD,13.0,81.5,30.0,998.0,DD,15.5,80.0,30.0,998.0,DD
NIO_2005_UNNAMED_2_8_1_20051026_0900Z,NIO_2005_UNNAMED_2_8_1,TRAIN,2005-10-26T09:00:00+00:00,data/interim/gridsat/2005/gridsat_2005.10.25.18.npz,data/interim/gridsat/2005/gridsat_2005.10.25.21.npz,data/interim/gridsat/2005/gridsat_2005.10.26.00.npz,data/interim/gridsat/2005/gridsat_2005.10.26.03.npz,data/interim/gridsat/2005/gridsat_2005.10.26.06.npz,data/interim/gridsat/2005/gridsat_2005.10.26.09.npz,12.0,84.0,25.0,1004.0,D,12.5,84.0,30.0,1004.0,DD,13.0,81.5,30.0,998.0,DD,15.5,80.0,25.0,1000.0,D
NIO_2005_UNNAMED_2_8_1_20051026_1200Z,NIO_2005_UNNAMED_2_8_1,TRAIN,2005-10-26T12:00:00+00:00,data/interim/gridsat/2005/gridsat_2005.10.25.21.npz,data/interim/gridsat/2005/gridsat_2005.10.26.00.npz,data/interim/gridsat/2005/gridsat_2005.10.26.03.npz,data/interim/gridsat/2005/gridsat_2005.10.26.06.npz,data/interim/gridsat/2005/gridsat_2005.10.26.09.npz,data/interim/gridsat/2005/gridsat_2005.10.26.12.npz,12.5,84.0,25.0,1004.0,D,12.5,84.0,30.0,1002.0,DD,13.5,81.5,30.0,998.0,DD,15.5,79.8,25.0,1000.0,D
NIO_2005_UNNAMED_2_8_1_20051027_0300Z,NIO_2005_UNNAMED_2_8_1,TRAIN,2005-10-27T03:00:00+00:00,data/interim/gridsat/2005/gridsat_2005.10.26.12.npz,data/interim/gridsat/2005/gridsat_2005.10.26.15.npz,data/interim/gridsat/2005/gridsat_2005.10.26.18.npz,data/interim/gridsat/2005/gridsat_2005.10.26.21.npz,data/interim/gridsat/2005/gridsat_2005.10.27.00.npz,data/interim/gridsat/2005/gridsat_2005.10.27.03.npz,13.0,82.5,30.0,1002.0,DD,14.0,81.5,30.0,998.0,DD,15.5,80.0,30.0,998.0,DD,15.5,79.5,25.0,1002.0,D
NIO_2005_UNNAMED_2_9_1_20051120_0300Z,NIO_2005_UNNAMED_2_9_1,TRAIN,2005-11-20T03:00:00+00:00,data/interim/gridsat/2005/gridsat_2005.11.19.12.npz,data/interim/gridsat/2005/gridsat_2005.11.19.15.npz,data/interim/gridsat/2005/gridsat_2005.11.19.18.npz,data/interim/gridsat/2005/gridsat_2005.11.19.21.npz,data/interim/gridsat/2005/gridsat_2005.11.20.00.npz,data/interim/gridsat/2005/gridsat_2005.11.20.03.npz,8.0,84.5,25.0,1002.0,D,8.0,84.0,25.0,1002.0,D,8.5,83.0,25.0,1002.0,D,9.0,80.0,25.0,1002.0,D
NIO_2005_UNNAMED_2_9_1_20051120_0600Z,NIO_2005_UNNAMED_2_9_1,TRAIN,2005-11-20T06:00:00+00:00,data/interim/gridsat/2005/gridsat_2005.11.19.15.npz,data/interim/gridsat/2005/gridsat_2005.11.19.18.npz,data/interim/gridsat/2005/gridsat_2005.11.19.21.npz,data/interim/gridsat/2005/gridsat_2005.11.20.00.npz,data/interim/gridsat/2005/gridsat_2005.11.20.03.npz,data/interim/gridsat/2005/gridsat_2005.11.20.06.npz,8.0,84.5,25.0,1002.0,D,8.0,84.0,25.0,1002.0,D,8.5,83.0,25.0,1002.0,D,9.0,79.5,25.0,1002.0,D
NIO_2005_UNNAMED_2_9_1_20051120_0900Z,NIO_2005_UNNAMED_2_9_1,TRAIN,2005-11-20T09:00:00+00:00,data/interim/gridsat/2005/gridsat_2005.11.19.18.npz,data/interim/gridsat/2005/gridsat_2005.11.19.21.npz,data/interim/gridsat/2005/gridsat_2005.11.20.00.npz,data/interim/gridsat/2005/gridsat_2005.11.20.03.npz,data/interim/gridsat/2005/gridsat_2005.11.20.06.npz,data/interim/gridsat/2005/gridsat_2005.11.20.09.npz,8.0,84.5,25.0,1002.0,D,8.0,84.0,25.0,1002.0,D,9.0,82.0,25.0,1002.0,D,9.5,79.5,25.0,1002.0,D
NIO_2006_UNNAMED_2_10_1_20060921_0300Z,NIO_2006_UNNAMED_2_10_1,TRAIN,2006-09-21T03:00:00+00:00,data/interim/gridsat/2006/gridsat_2006.09.20.12.npz,data/interim/gridsat/2006/gridsat_2006.09.20.15.npz,data/interim/gridsat/2006/gridsat_2006.09.20.18.npz,data/interim/gridsat/2006/gridsat_2006.09.20.21.npz,data/interim/gridsat/2006/gridsat_2006.09.21.00.npz,data/interim/gridsat/2006/gridsat_2006.09.21.03.npz,19.5,66.0,25.0,1004.0,D,19.5,66.0,30.0,1000.0,DD,20.0,66.0,45.0,994.0,CS,21.0,67.0,45.0,988.0,SCS
NIO_2006_UNNAMED_2_10_1_20060921_0600Z,NIO_2006_UNNAMED_2_10_1,TRAIN,2006-09-21T06:00:00+00:00,data/interim/gridsat/2006/gridsat_2006.09.20.15.npz,data/interim/gridsat/2006/gridsat_2006.09.20.18.npz,data/interim/gridsat/2006/gridsat_2006.09.20.21.npz,data/interim/gridsat/2006/gridsat_2006.09.21.00.npz,data/interim/gridsat/2006/gridsat_2006.09.21.03.npz,data/interim/gridsat/2006/gridsat_2006.09.21.06.npz,19.5,66.0,30.0,1002.0,DD,19.5,66.0,30.0,1000.0,DD,20.0,66.0,45.0,994.0,CS,21.0,67.0,45.0,988.0,SCS
NIO_2006_UNNAMED_2_10_1_20060921_0900Z,NIO_2006_UNNAMED_2_10_1,TRAIN,2006-09-21T09:00:00+00:00,data/interim/gridsat/2006/gridsat_2006.09.20.18.npz,data/interim/gridsat/2006/gridsat_2006.09.20.21.npz,data/interim/gridsat/2006/gridsat_2006.09.21.00.npz,data/interim/gridsat/2006/gridsat_2006.09.21.03.npz,data/interim/gridsat/2006/gridsat_2006.09.21.06.npz,data/interim/gridsat/2006/gridsat_2006.09.21.09.npz,19.5,66.0,30.0,1000.0,DD,19.5,66.0,30.0,998.0,DD,20.0,66.0,45.0,994.0,CS,21.0,67.0,45.0,988.0,SCS
NIO_2006_UNNAMED_2_10_1_20060921_1200Z,NIO_2006_UNNAMED_2_10_1,TRAIN,2006-09-21T12:00:00+00:00,data/interim/gridsat/2006/gridsat_2006.09.20.21.npz,data/interim/gridsat/2006/gridsat_2006.09.21.00.npz,data/interim/gridsat/2006/gridsat_2006.09.21.03.npz,data/interim/gridsat/2006/gridsat_2006.09.21.06.npz,data/interim/gridsat/2006/gridsat_2006.09.21.09.npz,data/interim/gridsat/2006/gridsat_2006.09.21.12.npz,19.5,66.0,30.0,1000.0,DD,20.0,66.0,40.0,996.0,CS,20.5,66.5,45.0,994.0,SCS,21.0,67.0,50.0,988.0,SCS
NIO_2006_UNNAMED_2_10_1_20060921_1500Z,NIO_2006_UNNAMED_2_10_1,TRAIN,2006-09-21T15:00:00+00:00,data/interim/gridsat/2006/gridsat_2006.09.21.00.npz,data/interim/gridsat/2006/gridsat_2006.09.21.03.npz,data/interim/gridsat/2006/gridsat_2006.09.21.06.npz,data/interim/gridsat/2006/gridsat_2006.09.21.09.npz,data/interim/gridsat/2006/gridsat_2006.09.21.12.npz,data/interim/gridsat/2006/gridsat_2006.09.21.15.npz,19.5,66.0,30.0,1000.0,DD,20.0,66.0,45.0,994.0,CS,20.5,66.5,45.0,992.0,SCS,21.0,67.0,55.0,990.0,SCS
NIO_2006_UNNAMED_2_10_1_20060921_1800Z,NIO_2006_UNNAMED_2_10_1,TRAIN,2006-09-21T18:00:00+00:00,data/interim/gridsat/2006/gridsat_2006.09.21.03.npz,data/interim/gridsat/2006/gridsat_2006.09.21.06.npz,data/interim/gridsat/2006/gridsat_2006.09.21.09.npz,data/interim/gridsat/2006/gridsat_2006.09.21.12.npz,data/interim/gridsat/2006/gridsat_2006.09.21.15.npz,data/interim/gridsat/2006/gridsat_2006.09.21.18.npz,19.5,66.0,30.0,1000.0,DD,20.0,66.0,45.0,994.0,CS,20.5,66.5,45.0,990.0,SCS,21.0,67.0,50.0,992.0,SCS
NIO_2006_UNNAMED_2_10_1_20060921_2100Z,NIO_2006_UNNAMED_2_10_1,TRAIN,2006-09-21T21:00:00+00:00,data/interim/gridsat/2006/gridsat_2006.09.21.06.npz,data/interim/gridsat/2006/gridsat_2006.09.21.09.npz,data/interim/gridsat/2006/gridsat_2006.09.21.12.npz,data/interim/gridsat/2006/gridsat_2006.09.21.15.npz,data/interim/gridsat/2006/gridsat_2006.09.21.18.npz,data/interim/gridsat/2006/gridsat_2006.09.21.21.npz,19.5,66.0,30.0,998.0,DD,20.0,66.0,45.0,994.0,CS,20.5,66.5,45.0,988.0,SCS,21.0,67.0,45.0,994.0,CS
NIO_2006_UNNAMED_2_10_1_20060922_0000Z,NIO_2006_UNNAMED_2_10_1,TRAIN,2006-09-22T00:00:00+00:00,data/interim/gridsat/2006/gridsat_2006.09.21.09.npz,data/interim/gridsat/2006/gridsat_2006.09.21.12.npz,data/interim/gridsat/2006/gridsat_2006.09.21.15.npz,data/interim/gridsat/2006/gridsat_2006.09.21.18.npz,data/interim/gridsat/2006/gridsat_2006.09.21.21.npz,data/interim/gridsat/2006/gridsat_2006.09.22.00.npz,20.0,66.0,40.0,996.0,CS,20.5,66.5,45.0,994.0,SCS,21.0,67.0,45.0,988.0,SCS,21.0,67.0,40.0,994.0,CS
NIO_2006_UNNAMED_2_10_1_20060922_0300Z,NIO_2006_UNNAMED_2_10_1,TRAIN,2006-09-22T03:00:00+00:00,data/interim/gridsat/2006/gridsat_2006.09.21.12.npz,data/interim/gridsat/2006/gridsat_2006.09.21.15.npz,data/interim/gridsat/2006/gridsat_2006.09.21.18.npz,data/interim/gridsat/2006/gridsat_2006.09.21.21.npz,data/interim/gridsat/2006/gridsat_2006.09.22.00.npz,data/interim/gridsat/2006/gridsat_2006.09.22.03.npz,20.0,66.0,45.0,994.0,CS,20.5,66.5,45.0,992.0,SCS,21.0,67.0,45.0,988.0,SCS,21.0,67.0,35.0,996.0,CS
NIO_2006_UNNAMED_2_10_1_20060922_0600Z,NIO_2006_UNNAMED_2_10_1,TRAIN,2006-09-22T06:00:00+00:00,data/interim/gridsat/2006/gridsat_2006.09.21.15.npz,data/interim/gridsat/2006/gridsat_2006.09.21.18.npz,data/interim/gridsat/2006/gridsat_2006.09.21.21.npz,data/interim/gridsat/2006/gridsat_2006.09.22.00.npz,data/interim/gridsat/2006/gridsat_2006.09.22.03.npz,data/interim/gridsat/2006/gridsat_2006.09.22.06.npz,20.0,66.0,45.0,994.0,CS,20.5,66.5,45.0,990.0,SCS,21.0,67.0,45.0,988.0,SCS,21.0,67.0,30.0,1000.0,DD
NIO_2006_UNNAMED_2_10_1_20060922_0900Z,NIO_2006_UNNAMED_2_10_1,TRAIN,2006-09-22T09:00:00+00:00,data/interim/gridsat/2006/gridsat_2006.09.21.18.npz,data/interim/gridsat/2006/gridsat_2006.09.21.21.npz,data/interim/gridsat/2006/gridsat_2006.09.22.00.npz,data/interim/gridsat/2006/gridsat_2006.09.22.03.npz,data/interim/gridsat/2006/gridsat_2006.09.22.06.npz,data/interim/gridsat/2006/gridsat_2006.09.22.09.npz,20.0,66.0,45.0,994.0,CS,20.5,66.5,45.0,988.0,SCS,21.0,67.0,45.0,988.0,SCS,21.0,67.0,30.0,1002.0,DD
NIO_2006_UNNAMED_2_10_1_20060922_1200Z,NIO_2006_UNNAMED_2_10_1,TRAIN,2006-09-22T12:00:00+00:00,data/interim/gridsat/2006/gridsat_2006.09.21.21.npz,data/interim/gridsat/2006/gridsat_2006.09.22.00.npz,data/interim/gridsat/2006/gridsat_2006.09.22.03.npz,data/interim/gridsat/2006/gridsat_2006.09.22.06.npz,data/interim/gridsat/2006/gridsat_2006.09.22.09.npz,data/interim/gridsat/2006/gridsat_2006.09.22.12.npz,20.5,66.5,45.0,994.0,SCS,21.0,67.0,45.0,988.0,SCS,21.0,67.0,50.0,988.0,SCS,21.0,67.0,25.0,1004.0,D
NIO_2006_UNNAMED_2_2_1_20060425_0300Z,NIO_2006_UNNAMED_2_2_1,TRAIN,2006-04-25T03:00:00+00:00,data/interim/gridsat/2006/gridsat_2006.04.24.12.npz,data/interim/gridsat/2006/gridsat_2006.04.24.15.npz,data/interim/gridsat/2006/gridsat_2006.04.24.18.npz,data/interim/gridsat/2006/gridsat_2006.04.24.21.npz,data/interim/gridsat/2006/gridsat_2006.04.25.00.npz,data/interim/gridsat/2006/gridsat_2006.04.25.03.npz,9.5,90.5,25.0,996.0,D,10.0,89.5,35.0,996.0,CS,10.5,89.0,45.0,994.0,CS,12.5,90.5,55.0,990.0,SCS
NIO_2006_UNNAMED_2_2_1_20060425_0600Z,NIO_2006_UNNAMED_2_2_1,TRAIN,2006-04-25T06:00:00+00:00,data/interim/gridsat/2006/gridsat_2006.04.24.15.npz,data/interim/gridsat/2006/gridsat_2006.04.24.18.npz,data/interim/gridsat/2006/gridsat_2006.04.24.21.npz,data/interim/gridsat/2006/gridsat_2006.04.25.00.npz,data/interim/gridsat/2006/gridsat_2006.04.25.03.npz,data/interim/gridsat/2006/gridsat_2006.04.25.06.npz,9.5,90.5,25.0,996.0,D,10.0,89.5,35.0,996.0,CS,11.0,89.0,45.0,994.0,CS,12.5,90.5,55.0,990.0,SCS
NIO_2006_UNNAMED_2_2_1_20060425_0900Z,NIO_2006_UNNAMED_2_2_1,TRAIN,2006-04-25T09:00:00+00:00,data/interim/gridsat/2006/gridsat_2006.04.24.18.npz,data/interim/gridsat/2006/gridsat_2006.04.24.21.npz,data/interim/gridsat/2006/gridsat_2006.04.25.00.npz,data/interim/gridsat/2006/gridsat_2006.04.25.03.npz,data/interim/gridsat/2006/gridsat_2006.04.25.06.npz,data/interim/gridsat/2006/gridsat_2006.04.25.09.npz,9.5,90.0,30.0,996.0,DD,10.0,89.5,35.0,996.0,CS,11.0,89.5,45.0,994.0,CS,12.5,90.5,55.0,990.0,SCS
NIO_2006_UNNAMED_2_2_1_20060425_1200Z,NIO_2006_UNNAMED_2_2_1,TRAIN,2006-04-25T12:00:00+00:00,data/interim/gridsat/2006/gridsat_2006.04.24.21.npz,data/interim/gridsat/2006/gridsat_2006.04.25.00.npz,data/interim/gridsat/2006/gridsat_2006.04.25.03.npz,data/interim/gridsat/2006/gridsat_2006.04.25.06.npz,data/interim/gridsat/2006/gridsat_2006.04.25.09.npz,data/interim/gridsat/2006/gridsat_2006.04.25.12.npz,10.0,89.5,35.0,996.0,CS,10.5,89.0,45.0,994.0,CS,11.5,90.0,45.0,994.0,CS,13.0,90.5,65.0,984.0,VSCS
NIO_2006_UNNAMED_2_2_1_20060425_1500Z,NIO_2006_UNNAMED_2_2_1,TRAIN,2006-04-25T15:00:00+00:00,data/interim/gridsat/2006/gridsat_2006.04.25.00.npz,data/interim/gridsat/2006/gridsat_2006.04.25.03.npz,data/interim/gridsat/2006/gridsat_2006.04.25.06.npz,data/interim/gridsat/2006/gridsat_2006.04.25.09.npz,data/interim/gridsat/2006/gridsat_2006.04.25.12.npz,data/interim/gridsat/2006/gridsat_2006.04.25.15.npz,10.0,89.5,35.0,996.0,CS,10.5,89.0,45.0,994.0,CS,12.0,90.5,45.0,994.0,CS,13.0,90.5,65.0,984.0,VSCS
NIO_2006_UNNAMED_2_2_1_20060425_1800Z,NIO_2006_UNNAMED_2_2_1,TRAIN,2006-04-25T18:00:00+00:00,data/interim/gridsat/2006/gridsat_2006.04.25.03.npz,data/interim/gridsat/2006/gridsat_2006.04.25.06.npz,data/interim/gridsat/2006/gridsat_2006.04.25.09.npz,data/interim/gridsat/2006/gridsat_2006.04.25.12.npz,data/interim/gridsat/2006/gridsat_2006.04.25.15.npz,data/interim/gridsat/2006/gridsat_2006.04.25.18.npz,10.0,89.5,35.0,996.0,CS,11.0,89.0,45.0,994.0,CS,12.0,90.5,45.0,994.0,CS,13.0,90.5,65.0,984.0,VSCS
NIO_2006_UNNAMED_2_2_1_20060425_2100Z,NIO_2006_UNNAMED_2_2_1,TRAIN,2006-04-25T21:00:00+00:00,data/interim/gridsat/2006/gridsat_2006.04.25.06.npz,data/interim/gridsat/2006/gridsat_2006.04.25.09.npz,data/interim/gridsat/2006/gridsat_2006.04.25.12.npz,data/interim/gridsat/2006/gridsat_2006.04.25.15.npz,data/interim/gridsat/2006/gridsat_2006.04.25.18.npz,data/interim/gridsat/2006/gridsat_2006.04.25.21.npz,10.0,89.5,35.0,996.0,CS,11.0,89.5,45.0,994.0,CS,12.0,90.5,45.0,994.0,CS,13.5,90.5,65.0,984.0,VSCS
NIO_2006_UNNAMED_2_2_1_20060426_0000Z,NIO_2006_UNNAMED_2_2_1,TRAIN,2006-04-26T00:00:00+00:00,data/interim/gridsat/2006/gridsat_2006.04.25.09.npz,data/interim/gridsat/2006/gridsat_2006.04.25.12.npz,data/interim/gridsat/2006/gridsat_2006.04.25.15.npz,data/interim/gridsat/2006/gridsat_2006.04.25.18.npz,data/interim/gridsat/2006/gridsat_2006.04.25.21.npz,data/interim/gridsat/2006/gridsat_2006.04.26.00.npz,10.5,89.0,45.0,994.0,CS,11.5,90.0,45.0,994.0,CS,12.0,90.5,45.0,994.0,CS,14.0,91.0,65.0,984.0,VSCS
NIO_2006_UNNAMED_2_2_1_20060426_0300Z,NIO_2006_UNNAMED_2_2_1,TRAIN,2006-04-26T03:00:00+00:00,data/interim/gridsat/2006/gridsat_2006.04.25.12.npz,data/interim/gridsat/2006/gridsat_2006.04.25.15.npz,data/interim/gridsat/2006/gridsat_2006.04.25.18.npz,data/interim/gridsat/2006/gridsat_2006.04.25.21.npz,data/interim/gridsat/2006/gridsat_2006.04.26.00.npz,data/interim/gridsat/2006/gridsat_2006.04.26.03.npz,10.5,89.0,45.0,994.0,CS,12.0,90.5,45.0,994.0,CS,12.5,90.5,55.0,990.0,SCS,14.5,91.5,80.0,976.0,VSCS
NIO_2006_UNNAMED_2_2_1_20060426_0600Z,NIO_2006_UNNAMED_2_2_1,TRAIN,2006-04-26T06:00:00+00:00,data/interim/gridsat/2006/gridsat_2006.04.25.15.npz,data/interim/gridsat/2006/gridsat_2006.04.25.18.npz,data/interim/gridsat/2006/gridsat_2006.04.25.21.npz,data/interim/gridsat/2006/gridsat_2006.04.26.00.npz,data/interim/gridsat/2006/gridsat_2006.04.26.03.npz,data/interim/gridsat/2006/gridsat_2006.04.26.06.npz,11.0,89.0,45.0,994.0,CS,12.0,90.5,45.0,994.0,CS,12.5,90.5,55.0,990.0,SCS,15.0,92.0,90.0,964.0,VSCS
NIO_2006_UNNAMED_2_2_1_20060426_0900Z,NIO_2006_UNNAMED_2_2_1,TRAIN,2006-04-26T09:00:00+00:00,data/interim/gridsat/2006/gridsat_2006.04.25.18.npz,data/interim/gridsat/2006/gridsat_2006.04.25.21.npz,data/interim/gridsat/2006/gridsat_2006.04.26.00.npz,data/interim/gridsat/2006/gridsat_2006.04.26.03.npz,data/interim/gridsat/2006/gridsat_2006.04.26.06.npz,data/interim/gridsat/2006/gridsat_2006.04.26.09.npz,11.0,89.5,45.0,994.0,CS,12.0,90.5,45.0,994.0,CS,12.5,90.5,55.0,990.0,SCS,15.3,92.3,100.0,954.0,VSCS
NIO_2006_UNNAMED_2_2_1_20060426_1200Z,NIO_2006_UNNAMED_2_2_1,TRAIN,2006-04-26T12:00:00+00:00,data/interim/gridsat/2006/gridsat_2006.04.25.21.npz,data/interim/gridsat/2006/gridsat_2006.04.26.00.npz,data/interim/gridsat/2006/gridsat_2006.04.26.03.npz,data/interim/gridsat/2006/gridsat_2006.04.26.06.npz,data/interim/gridsat/2006/gridsat_2006.04.26.09.npz,data/interim/gridsat/2006/gridsat_2006.04.26.12.npz,11.5,90.0,45.0,994.0,CS,12.0,90.5,45.0,994.0,CS,13.0,90.5,65.0,984.0,VSCS,15.5,92.5,100.0,954.0,VSCS
NIO_2006_UNNAMED_2_2_1_20060426_1500Z,NIO_2006_UNNAMED_2_2_1,TRAIN,2006-04-26T15:00:00+00:00,data/interim/gridsat/2006/gridsat_2006.04.26.00.npz,data/interim/gridsat/2006/gridsat_2006.04.26.03.npz,data/interim/gridsat/2006/gridsat_2006.04.26.06.npz,data/interim/gridsat/2006/gridsat_2006.04.26.09.npz,data/interim/gridsat/2006/gridsat_2006.04.26.12.npz,data/interim/gridsat/2006/gridsat_2006.04.26.15.npz,12.0,90.5,45.0,994.0,CS,12.5,90.5,55.0,990.0,SCS,13.0,90.5,65.0,984.0,VSCS,16.0,93.0,100.0,954.0,VSCS
NIO_2006_UNNAMED_2_2_1_20060426_1800Z,NIO_2006_UNNAMED_2_2_1,TRAIN,2006-04-26T18:00:00+00:00,data/interim/gridsat/2006/gridsat_2006.04.26.03.npz,data/interim/gridsat/2006/gridsat_2006.04.26.06.npz,data/interim/gridsat/2006/gridsat_2006.04.26.09.npz,data/interim/gridsat/2006/gridsat_2006.04.26.12.npz,data/interim/gridsat/2006/gridsat_2006.04.26.15.npz,data/interim/gridsat/2006/gridsat_2006.04.26.18.npz,12.0,90.5,45.0,994.0,CS,12.5,90.5,55.0,990.0,SCS,13.0,90.5,65.0,984.0,VSCS,16.0,93.0,100.0,954.0,VSCS
NIO_2006_UNNAMED_2_2_1_20060426_2100Z,NIO_2006_UNNAMED_2_2_1,TRAIN,2006-04-26T21:00:00+00:00,data/interim/gridsat/2006/gridsat_2006.04.26.06.npz,data/interim/gridsat/2006/gridsat_2006.04.26.09.npz,data/interim/gridsat/2006/gridsat_2006.04.26.12.npz,data/interim/gridsat/2006/gridsat_2006.04.26.15.npz,data/interim/gridsat/2006/gridsat_2006.04.26.18.npz,data/interim/gridsat/2006/gridsat_2006.04.26.21.npz,12.0,90.5,45.0,994.0,CS,12.5,90.5,55.0,990.0,SCS,13.5,90.5,65.0,984.0,VSCS,16.5,93.5,100.0,954.0,VSCS
NIO_2006_UNNAMED_2_2_1_20060427_0000Z,NIO_2006_UNNAMED_2_2_1,TRAIN,2006-04-27T00:00:00+00:00,data/interim/gridsat/2006/gridsat_2006.04.26.09.npz,data/interim/gridsat/2006/gridsat_2006.04.26.12.npz,data/interim/gridsat/2006/gridsat_2006.04.26.15.npz,data/interim/gridsat/2006/gridsat_2006.04.26.18.npz,data/interim/gridsat/2006/gridsat_2006.04.26.21.npz,data/interim/gridsat/2006/gridsat_2006.04.27.00.npz,12.0,90.5,45.0,994.0,CS,13.0,90.5,65.0,984.0,VSCS,14.0,91.0,65.0,984.0,VSCS,16.5,93.5,100.0,954.0,VSCS
NIO_2006_UNNAMED_2_2_1_20060427_0300Z,NIO_2006_UNNAMED_2_2_1,TRAIN,2006-04-27T03:00:00+00:00,data/interim/gridsat/2006/gridsat_2006.04.26.12.npz,data/interim/gridsat/2006/gridsat_2006.04.26.15.npz,data/interim/gridsat/2006/gridsat_2006.04.26.18.npz,data/interim/gridsat/2006/gridsat_2006.04.26.21.npz,data/interim/gridsat/2006/gridsat_2006.04.27.00.npz,data/interim/gridsat/2006/gridsat_2006.04.27.03.npz,12.5,90.5,55.0,990.0,SCS,13.0,90.5,65.0,984.0,VSCS,14.5,91.5,80.0,976.0,VSCS,17.0,94.0,100.0,954.0,VSCS
NIO_2006_UNNAMED_2_2_1_20060427_0600Z,NIO_2006_UNNAMED_2_2_1,TRAIN,2006-04-27T06:00:00+00:00,data/interim/gridsat/2006/gridsat_2006.04.26.15.npz,data/interim/gridsat/2006/gridsat_2006.04.26.18.npz,data/interim/gridsat/2006/gridsat_2006.04.26.21.npz,data/interim/gridsat/2006/gridsat_2006.04.27.00.npz,data/interim/gridsat/2006/gridsat_2006.04.27.03.npz,data/interim/gridsat/2006/gridsat_2006.04.27.06.npz,12.5,90.5,55.0,990.0,SCS,13.0,90.5,65.0,984.0,VSCS,15.0,92.0,90.0,964.0,VSCS,17.5,94.5,90.0,966.0,VSCS
NIO_2006_UNNAMED_2_2_1_20060427_0900Z,NIO_2006_UNNAMED_2_2_1,TRAIN,2006-04-27T09:00:00+00:00,data/interim/gridsat/2006/gridsat_2006.04.26.18.npz,data/interim/gridsat/2006/gridsat_2006.04.26.21.npz,data/interim/gridsat/2006/gridsat_2006.04.27.00.npz,data/interim/gridsat/2006/gridsat_2006.04.27.03.npz,data/interim/gridsat/2006/gridsat_2006.04.27.06.npz,data/interim/gridsat/2006/gridsat_2006.04.27.09.npz,12.5,90.5,55.0,990.0,SCS,13.5,90.5,65.0,984.0,VSCS,15.3,92.3,100.0,954.0,VSCS,18.0,95.0,,,SCS
NIO_2006_UNNAMED_2_2_1_20060427_1200Z,NIO_2006_UNNAMED_2_2_1,TRAIN,2006-04-27T12:00:00+00:00,data/interim/gridsat/2006/gridsat_2006.04.26.21.npz,data/interim/gridsat/2006/gridsat_2006.04.27.00.npz,data/interim/gridsat/2006/gridsat_2006.04.27.03.npz,data/interim/gridsat/2006/gridsat_2006.04.27.06.npz,data/interim/gridsat/2006/gridsat_2006.04.27.09.npz,data/interim/gridsat/2006/gridsat_2006.04.27.12.npz,13.0,90.5,65.0,984.0,VSCS,14.0,91.0,65.0,984.0,VSCS,15.5,92.5,100.0,954.0,VSCS,18.5,95.5,,,SCS
NIO_2006_UNNAMED_2_2_1_20060427_1500Z,NIO_2006_UNNAMED_2_2_1,TRAIN,2006-04-27T15:00:00+00:00,data/interim/gridsat/2006/gridsat_2006.04.27.00.npz,data/interim/gridsat/2006/gridsat_2006.04.27.03.npz,data/interim/gridsat/2006/gridsat_2006.04.27.06.npz,data/interim/gridsat/2006/gridsat_2006.04.27.09.npz,data/interim/gridsat/2006/gridsat_2006.04.27.12.npz,data/interim/gridsat/2006/gridsat_2006.04.27.15.npz,13.0,90.5,65.0,984.0,VSCS,14.5,91.5,80.0,976.0,VSCS,16.0,93.0,100.0,954.0,VSCS,18.5,95.5,,,SCS
NIO_2006_UNNAMED_2_2_1_20060427_1800Z,NIO_2006_UNNAMED_2_2_1,TRAIN,2006-04-27T18:00:00+00:00,data/interim/gridsat/2006/gridsat_2006.04.27.03.npz,data/interim/gridsat/2006/gridsat_2006.04.27.06.npz,data/interim/gridsat/2006/gridsat_2006.04.27.09.npz,data/interim/gridsat/2006/gridsat_2006.04.27.12.npz,data/interim/gridsat/2006/gridsat_2006.04.27.15.npz,data/interim/gridsat/2006/gridsat_2006.04.27.18.npz,13.0,90.5,65.0,984.0,VSCS,15.0,92.0,90.0,964.0,VSCS,16.0,93.0,100.0,954.0,VSCS,19.0,96.0,,,CS
NIO_2006_UNNAMED_2_2_3_20060702_0000Z,NIO_2006_UNNAMED_2_2_3,TRAIN,2006-07-02T00:00:00+00:00,data/interim/gridsat/2006/gridsat_2006.07.01.09.npz,data/interim/gridsat/2006/gridsat_2006.07.01.12.npz,data/interim/gridsat/2006/gridsat_2006.07.01.15.npz,data/interim/gridsat/2006/gridsat_2006.07.01.18.npz,data/interim/gridsat/2006/gridsat_2006.07.01.21.npz,data/interim/gridsat/2006/gridsat_2006.07.02.00.npz,20.0,89.5,25.0,990.0,D,20.5,88.0,30.0,988.0,DD,20.5,85.5,30.0,982.0,DD,21.0,82.0,30.0,982.0,DD
NIO_2006_UNNAMED_2_2_3_20060702_0300Z,NIO_2006_UNNAMED_2_2_3,TRAIN,2006-07-02T03:00:00+00:00,data/interim/gridsat/2006/gridsat_2006.07.01.12.npz,data/interim/gridsat/2006/gridsat_2006.07.01.15.npz,data/interim/gridsat/2006/gridsat_2006.07.01.18.npz,data/interim/gridsat/2006/gridsat_2006.07.01.21.npz,data/interim/gridsat/2006/gridsat_2006.07.02.00.npz,data/interim/gridsat/2006/gridsat_2006.07.02.03.npz,20.5,89.0,30.0,988.0,DD,20.5,87.0,30.0,982.0,DD,20.5,85.5,30.0,982.0,DD,21.5,81.5,30.0,984.0,DD
NIO_2006_UNNAMED_2_2_3_20060702_0600Z,NIO_2006_UNNAMED_2_2_3,TRAIN,2006-07-02T06:00:00+00:00,data/interim/gridsat/2006/gridsat_2006.07.01.15.npz,data/interim/gridsat/2006/gridsat_2006.07.01.18.npz,data/interim/gridsat/2006/gridsat_2006.07.01.21.npz,data/interim/gridsat/2006/gridsat_2006.07.02.00.npz,data/interim/gridsat/2006/gridsat_2006.07.02.03.npz,data/interim/gridsat/2006/gridsat_2006.07.02.06.npz,20.5,89.0,30.0,988.0,DD,20.5,86.0,30.0,982.0,DD,20.5,85.5,30.0,982.0,DD,21.5,81.0,30.0,986.0,DD
NIO_2006_UNNAMED_2_2_3_20060702_0900Z,NIO_2006_UNNAMED_2_2_3,TRAIN,2006-07-02T09:00:00+00:00,data/interim/gridsat/2006/gridsat_2006.07.01.18.npz,data/interim/gridsat/2006/gridsat_2006.07.01.21.npz,data/interim/gridsat/2006/gridsat_2006.07.02.00.npz,data/interim/gridsat/2006/gridsat_2006.07.02.03.npz,data/interim/gridsat/2006/gridsat_2006.07.02.06.npz,data/interim/gridsat/2006/gridsat_2006.07.02.09.npz,20.5,88.5,30.0,988.0,DD,20.5,86.0,30.0,982.0,DD,21.0,84.5,30.0,982.0,DD,21.5,80.0,25.0,988.0,D
NIO_2006_UNNAMED_2_2_3_20060702_1200Z,NIO_2006_UNNAMED_2_2_3,TRAIN,2006-07-02T12:00:00+00:00,data/interim/gridsat/2006/gridsat_2006.07.01.21.npz,data/interim/gridsat/2006/gridsat_2006.07.02.00.npz,data/interim/gridsat/2006/gridsat_2006.07.02.03.npz,data/interim/gridsat/2006/gridsat_2006.07.02.06.npz,data/interim/gridsat/2006/gridsat_2006.07.02.09.npz,data/interim/gridsat/2006/gridsat_2006.07.02.12.npz,20.5,88.0,30.0,988.0,DD,20.5,85.5,30.0,982.0,DD,21.0,84.0,30.0,982.0,DD,21.5,79.5,25.0,990.0,D
NIO_2006_UNNAMED_2_2_3_20060702_1500Z,NIO_2006_UNNAMED_2_2_3,TRAIN,2006-07-02T15:00:00+00:00,data/interim/gridsat/2006/gridsat_2006.07.02.00.npz,data/interim/gridsat/2006/gridsat_2006.07.02.03.npz,data/interim/gridsat/2006/gridsat_2006.07.02.06.npz,data/interim/gridsat/2006/gridsat_2006.07.02.09.npz,data/interim/gridsat/2006/gridsat_2006.07.02.12.npz,data/interim/gridsat/2006/gridsat_2006.07.02.15.npz,20.5,87.0,30.0,982.0,DD,20.5,85.5,30.0,982.0,DD,21.0,83.5,30.0,982.0,DD,21.5,79.0,25.0,990.0,D
NIO_2006_UNNAMED_2_2_3_20060702_1800Z,NIO_2006_UNNAMED_2_2_3,TRAIN,2006-07-02T18:00:00+00:00,data/interim/gridsat/2006/gridsat_2006.07.02.03.npz,data/interim/gridsat/2006/gridsat_2006.07.02.06.npz,data/interim/gridsat/2006/gridsat_2006.07.02.09.npz,data/interim/gridsat/2006/gridsat_2006.07.02.12.npz,data/interim/gridsat/2006/gridsat_2006.07.02.15.npz,data/interim/gridsat/2006/gridsat_2006.07.02.18.npz,20.5,86.0,30.0,982.0,DD,20.5,85.5,30.0,982.0,DD,21.0,83.0,30.0,982.0,DD,21.5,78.5,25.0,990.0,D
NIO_2006_UNNAMED_2_2_3_20060702_2100Z,NIO_2006_UNNAMED_2_2_3,TRAIN,2006-07-02T21:00:00+00:00,data/interim/gridsat/2006/gridsat_2006.07.02.06.npz,data/interim/gridsat/2006/gridsat_2006.07.02.09.npz,data/interim/gridsat/2006/gridsat_2006.07.02.12.npz,data/interim/gridsat/2006/gridsat_2006.07.02.15.npz,data/interim/gridsat/2006/gridsat_2006.07.02.18.npz,data/interim/gridsat/2006/gridsat_2006.07.02.21.npz,20.5,86.0,30.0,982.0,DD,21.0,84.5,30.0,982.0,DD,21.0,82.5,30.0,982.0,DD,21.5,78.0,25.0,990.0,D
NIO_2006_UNNAMED_2_2_3_20060703_0000Z,NIO_2006_UNNAMED_2_2_3,TRAIN,2006-07-03T00:00:00+00:00,data/interim/gridsat/2006/gridsat_2006.07.02.09.npz,data/interim/gridsat/2006/gridsat_2006.07.02.12.npz,data/interim/gridsat/2006/gridsat_2006.07.02.15.npz,data/interim/gridsat/2006/gridsat_2006.07.02.18.npz,data/interim/gridsat/2006/gridsat_2006.07.02.21.npz,data/interim/gridsat/2006/gridsat_2006.07.03.00.npz,20.5,85.5,30.0,982.0,DD,21.0,84.0,30.0,982.0,DD,21.0,82.0,30.0,982.0,DD,21.5,78.0,25.0,990.0,D
NIO_2006_UNNAMED_2_2_3_20060703_0300Z,NIO_2006_UNNAMED_2_2_3,TRAIN,2006-07-03T03:00:00+00:00,data/interim/gridsat/2006/gridsat_2006.07.02.12.npz,data/interim/gridsat/2006/gridsat_2006.07.02.15.npz,data/interim/gridsat/2006/gridsat_2006.07.02.18.npz,data/interim/gridsat/2006/gridsat_2006.07.02.21.npz,data/interim/gridsat/2006/gridsat_2006.07.03.00.npz,data/interim/gridsat/2006/gridsat_2006.07.03.03.npz,20.5,85.5,30.0,982.0,DD,21.0,83.5,30.0,982.0,DD,21.5,81.5,30.0,984.0,DD,22.0,77.5,25.0,990.0,D
NIO_2006_UNNAMED_2_2_3_20060703_0600Z,NIO_2006_UNNAMED_2_2_3,TRAIN,2006-07-03T06:00:00+00:00,data/interim/gridsat/2006/gridsat_2006.07.02.15.npz,data/interim/gridsat/2006/gridsat_2006.07.02.18.npz,data/interim/gridsat/2006/gridsat_2006.07.02.21.npz,data/interim/gridsat/2006/gridsat_2006.07.03.00.npz,data/interim/gridsat/2006/gridsat_2006.07.03.03.npz,data/interim/gridsat/2006/gridsat_2006.07.03.06.npz,20.5,85.5,30.0,982.0,DD,21.0,83.0,30.0,982.0,DD,21.5,81.0,30.0,986.0,DD,22.0,77.5,25.0,990.0,
NIO_2006_UNNAMED_2_2_7_20060829_0300Z,NIO_2006_UNNAMED_2_2_7,TRAIN,2006-08-29T03:00:00+00:00,data/interim/gridsat/2006/gridsat_2006.08.28.12.npz,data/interim/gridsat/2006/gridsat_2006.08.28.15.npz,data/interim/gridsat/2006/gridsat_2006.08.28.18.npz,data/interim/gridsat/2006/gridsat_2006.08.28.21.npz,data/interim/gridsat/2006/gridsat_2006.08.29.00.npz,data/interim/gridsat/2006/gridsat_2006.08.29.03.npz,20.5,87.5,25.0,992.0,D,21.0,84.5,25.0,990.0,D,22.0,83.0,25.0,992.0,D,23.5,79.0,25.0,994.0,D
NIO_2006_UNNAMED_2_2_7_20060829_0600Z,NIO_2006_UNNAMED_2_2_7,TRAIN,2006-08-29T06:00:00+00:00,data/interim/gridsat/2006/gridsat_2006.08.28.15.npz,data/interim/gridsat/2006/gridsat_2006.08.28.18.npz,data/interim/gridsat/2006/gridsat_2006.08.28.21.npz,data/interim/gridsat/2006/gridsat_2006.08.29.00.npz,data/interim/gridsat/2006/gridsat_2006.08.29.03.npz,data/interim/gridsat/2006/gridsat_2006.08.29.06.npz,20.5,86.5,25.0,992.0,D,21.0,84.0,25.0,990.0,D,22.5,82.5,25.0,992.0,D,24.0,78.0,25.0,994.0,D
NIO_2006_UNNAMED_2_2_7_20060829_0900Z,NIO_2006_UNNAMED_2_2_7,TRAIN,2006-08-29T09:00:00+00:00,data/interim/gridsat/2006/gridsat_2006.08.28.18.npz,data/interim/gridsat/2006/gridsat_2006.08.28.21.npz,data/interim/gridsat/2006/gridsat_2006.08.29.00.npz,data/interim/gridsat/2006/gridsat_2006.08.29.03.npz,data/interim/gridsat/2006/gridsat_2006.08.29.06.npz,data/interim/gridsat/2006/gridsat_2006.08.29.09.npz,21.0,85.0,25.0,990.0,D,21.0,83.5,25.0,990.0,D,22.5,81.5,25.0,992.0,D,24.0,78.0,25.0,994.0,D
NIO_2006_UNNAMED_2_2_7_20060829_1200Z,NIO_2006_UNNAMED_2_2_7,TRAIN,2006-08-29T12:00:00+00:00,data/interim/gridsat/2006/gridsat_2006.08.28.21.npz,data/interim/gridsat/2006/gridsat_2006.08.29.00.npz,data/interim/gridsat/2006/gridsat_2006.08.29.03.npz,data/interim/gridsat/2006/gridsat_2006.08.29.06.npz,data/interim/gridsat/2006/gridsat_2006.08.29.09.npz,data/interim/gridsat/2006/gridsat_2006.08.29.12.npz,21.0,84.5,25.0,990.0,D,21.0,83.0,25.0,992.0,D,22.5,81.0,25.0,992.0,D,24.0,78.0,25.0,994.0,D
NIO_2006_UNNAMED_2_2_7_20060829_1500Z,NIO_2006_UNNAMED_2_2_7,TRAIN,2006-08-29T15:00:00+00:00,data/interim/gridsat/2006/gridsat_2006.08.29.00.npz,data/interim/gridsat/2006/gridsat_2006.08.29.03.npz,data/interim/gridsat/2006/gridsat_2006.08.29.06.npz,data/interim/gridsat/2006/gridsat_2006.08.29.09.npz,data/interim/gridsat/2006/gridsat_2006.08.29.12.npz,data/interim/gridsat/2006/gridsat_2006.08.29.15.npz,21.0,84.5,25.0,990.0,D,22.0,83.0,25.0,992.0,D,22.5,81.0,25.0,992.0,D,24.0,78.0,25.0,994.0,D
NIO_2006_UNNAMED_2_2_7_20060829_1800Z,NIO_2006_UNNAMED_2_2_7,TRAIN,2006-08-29T18:00:00+00:00,data/interim/gridsat/2006/gridsat_2006.08.29.03.npz,data/interim/gridsat/2006/gridsat_2006.08.29.06.npz,data/interim/gridsat/2006/gridsat_2006.08.29.09.npz,data/interim/gridsat/2006/gridsat_2006.08.29.12.npz,data/interim/gridsat/2006/gridsat_2006.08.29.15.npz,data/interim/gridsat/2006/gridsat_2006.08.29.18.npz,21.0,84.0,25.0,990.0,D,22.5,82.5,25.0,992.0,D,22.5,81.0,25.0,992.0,D,24.5,77.5,25.0,994.0,D
NIO_2006_UNNAMED_2_2_7_20060829_2100Z,NIO_2006_UNNAMED_2_2_7,TRAIN,2006-08-29T21:00:00+00:00,data/interim/gridsat/2006/gridsat_2006.08.29.06.npz,data/interim/gridsat/2006/gridsat_2006.08.29.09.npz,data/interim/gridsat/2006/gridsat_2006.08.29.12.npz,data/interim/gridsat/2006/gridsat_2006.08.29.15.npz,data/interim/gridsat/2006/gridsat_2006.08.29.18.npz,data/interim/gridsat/2006/gridsat_2006.08.29.21.npz,21.0,83.5,25.0,990.0,D,22.5,81.5,25.0,992.0,D,22.5,80.5,25.0,992.0,D,25.0,77.0,25.0,994.0,D
NIO_2006_UNNAMED_2_2_7_20060830_0000Z,NIO_2006_UNNAMED_2_2_7,TRAIN,2006-08-30T00:00:00+00:00,data/interim/gridsat/2006/gridsat_2006.08.29.09.npz,data/interim/gridsat/2006/gridsat_2006.08.29.12.npz,data/interim/gridsat/2006/gridsat_2006.08.29.15.npz,data/interim/gridsat/2006/gridsat_2006.08.29.18.npz,data/interim/gridsat/2006/gridsat_2006.08.29.21.npz,data/interim/gridsat/2006/gridsat_2006.08.30.00.npz,21.0,83.0,25.0,992.0,D,22.5,81.0,25.0,992.0,D,23.0,80.0,25.0,994.0,D,25.5,77.0,25.0,994.0,D
NIO_2006_UNNAMED_2_2_7_20060830_0300Z,NIO_2006_UNNAMED_2_2_7,TRAIN,2006-08-30T03:00:00+00:00,data/interim/gridsat/2006/gridsat_2006.08.29.12.npz,data/interim/gridsat/2006/gridsat_2006.08.29.15.npz,data/interim/gridsat/2006/gridsat_2006.08.29.18.npz,data/interim/gridsat/2006/gridsat_2006.08.29.21.npz,data/interim/gridsat/2006/gridsat_2006.08.30.00.npz,data/interim/gridsat/2006/gridsat_2006.08.30.03.npz,22.0,83.0,25.0,992.0,D,22.5,81.0,25.0,992.0,D,23.5,79.0,25.0,994.0,D,26.0,76.5,25.0,994.0,D
NIO_2006_UNNAMED_2_2_7_20060830_0600Z,NIO_2006_UNNAMED_2_2_7,TRAIN,2006-08-30T06:00:00+00:00,data/interim/gridsat/2006/gridsat_2006.08.29.15.npz,data/interim/gridsat/2006/gridsat_2006.08.29.18.npz,data/interim/gridsat/2006/gridsat_2006.08.29.21.npz,data/interim/gridsat/2006/gridsat_2006.08.30.00.npz,data/interim/gridsat/2006/gridsat_2006.08.30.03.npz,data/interim/gridsat/2006/gridsat_2006.08.30.06.npz,22.5,82.5,25.0,992.0,D,22.5,81.0,25.0,992.0,D,24.0,78.0,25.0,994.0,D,26.0,76.5,25.0,994.0,D
NIO_2006_UNNAMED_2_4_1_20060802_0900Z,NIO_2006_UNNAMED_2_4_1,TRAIN,2006-08-02T09:00:00+00:00,data/interim/gridsat/2006/gridsat_2006.08.01.18.npz,data/interim/gridsat/2006/gridsat_2006.08.01.21.npz,data/interim/gridsat/2006/gridsat_2006.08.02.00.npz,data/interim/gridsat/2006/gridsat_2006.08.02.03.npz,data/interim/gridsat/2006/gridsat_2006.08.02.06.npz,data/interim/gridsat/2006/gridsat_2006.08.02.09.npz,20.0,87.0,30.0,988.0,DD,20.0,85.5,30.0,986.0,DD,19.5,84.5,30.0,986.0,DD,20.5,82.0,25.0,990.0,D
NIO_2006_UNNAMED_2_6_1_20060816_0300Z,NIO_2006_UNNAMED_2_6_1,TRAIN,2006-08-16T03:00:00+00:00,data/interim/gridsat/2006/gridsat_2006.08.15.12.npz,data/interim/gridsat/2006/gridsat_2006.08.15.15.npz,data/interim/gridsat/2006/gridsat_2006.08.15.18.npz,data/interim/gridsat/2006/gridsat_2006.08.15.21.npz,data/interim/gridsat/2006/gridsat_2006.08.16.00.npz,data/interim/gridsat/2006/gridsat_2006.08.16.03.npz,20.5,88.0,25.0,990.0,D,20.5,86.5,25.0,988.0,D,22.0,83.5,25.0,988.0,D,23.0,78.0,25.0,992.0,D
NIO_2006_UNNAMED_2_6_1_20060816_0600Z,NIO_2006_UNNAMED_2_6_1,TRAIN,2006-08-16T06:00:00+00:00,data/interim/gridsat/2006/gridsat_2006.08.15.15.npz,data/interim/gridsat/2006/gridsat_2006.08.15.18.npz,data/interim/gridsat/2006/gridsat_2006.08.15.21.npz,data/interim/gridsat/2006/gridsat_2006.08.16.00.npz,data/interim/gridsat/2006/gridsat_2006.08.16.03.npz,data/interim/gridsat/2006/gridsat_2006.08.16.06.npz,20.5,87.5,25.0,990.0,D,20.5,86.0,25.0,988.0,D,22.0,83.5,25.0,988.0,D,23.0,77.5,25.0,994.0,D
NIO_2006_UNNAMED_2_6_1_20060816_0900Z,NIO_2006_UNNAMED_2_6_1,TRAIN,2006-08-16T09:00:00+00:00,data/interim/gridsat/2006/gridsat_2006.08.15.18.npz,data/interim/gridsat/2006/gridsat_2006.08.15.21.npz,data/interim/gridsat/2006/gridsat_2006.08.16.00.npz,data/interim/gridsat/2006/gridsat_2006.08.16.03.npz,data/interim/gridsat/2006/gridsat_2006.08.16.06.npz,data/interim/gridsat/2006/gridsat_2006.08.16.09.npz,20.5,87.5,25.0,990.0,D,21.0,85.0,25.0,988.0,D,22.5,83.0,25.0,988.0,D,23.5,77.0,25.0,994.0,D
NIO_2006_UNNAMED_2_9_1_20060921_0300Z,NIO_2006_UNNAMED_2_9_1,TRAIN,2006-09-21T03:00:00+00:00,data/interim/gridsat/2006/gridsat_2006.09.20.12.npz,data/interim/gridsat/2006/gridsat_2006.09.20.15.npz,data/interim/gridsat/2006/gridsat_2006.09.20.18.npz,data/interim/gridsat/2006/gridsat_2006.09.20.21.npz,data/interim/gridsat/2006/gridsat_2006.09.21.00.npz,data/interim/gridsat/2006/gridsat_2006.09.21.03.npz,23.0,86.5,25.0,996.0,D,23.0,86.5,25.0,996.0,D,23.5,86.0,25.0,996.0,D,23.5,85.5,25.0,996.0,D
NIO_2006_UNNAMED_2_9_1_20060921_0600Z,NIO_2006_UNNAMED_2_9_1,TRAIN,2006-09-21T06:00:00+00:00,data/interim/gridsat/2006/gridsat_2006.09.20.15.npz,data/interim/gridsat/2006/gridsat_2006.09.20.18.npz,data/interim/gridsat/2006/gridsat_2006.09.20.21.npz,data/interim/gridsat/2006/gridsat_2006.09.21.00.npz,data/interim/gridsat/2006/gridsat_2006.09.21.03.npz,data/interim/gridsat/2006/gridsat_2006.09.21.06.npz,23.0,86.5,25.0,996.0,D,23.0,86.5,25.0,996.0,D,23.5,86.0,25.0,996.0,D,23.5,85.5,25.0,996.0,D
NIO_2006_UNNAMED_2_9_1_20060921_0900Z,NIO_2006_UNNAMED_2_9_1,TRAIN,2006-09-21T09:00:00+00:00,data/interim/gridsat/2006/gridsat_2006.09.20.18.npz,data/interim/gridsat/2006/gridsat_2006.09.20.21.npz,data/interim/gridsat/2006/gridsat_2006.09.21.00.npz,data/interim/gridsat/2006/gridsat_2006.09.21.03.npz,data/interim/gridsat/2006/gridsat_2006.09.21.06.npz,data/interim/gridsat/2006/gridsat_2006.09.21.09.npz,23.0,86.5,25.0,996.0,D,23.0,86.5,25.0,996.0,D,23.5,86.0,25.0,996.0,D,23.5,85.5,25.0,996.0,D
NIO_2006_UNNAMED_2_9_1_20060921_1200Z,NIO_2006_UNNAMED_2_9_1,TRAIN,2006-09-21T12:00:00+00:00,data/interim/gridsat/2006/gridsat_2006.09.20.21.npz,data/interim/gridsat/2006/gridsat_2006.09.21.00.npz,data/interim/gridsat/2006/gridsat_2006.09.21.03.npz,data/interim/gridsat/2006/gridsat_2006.09.21.06.npz,data/interim/gridsat/2006/gridsat_2006.09.21.09.npz,data/interim/gridsat/2006/gridsat_2006.09.21.12.npz,23.0,86.5,25.0,996.0,D,23.5,86.0,25.0,996.0,D,23.5,86.0,25.0,996.0,D,23.5,85.5,25.0,996.0,D
NIO_2006_UNNAMED_2_9_1_20060921_1500Z,NIO_2006_UNNAMED_2_9_1,TRAIN,2006-09-21T15:00:00+00:00,data/interim/gridsat/2006/gridsat_2006.09.21.00.npz,data/interim/gridsat/2006/gridsat_2006.09.21.03.npz,data/interim/gridsat/2006/gridsat_2006.09.21.06.npz,data/interim/gridsat/2006/gridsat_2006.09.21.09.npz,data/interim/gridsat/2006/gridsat_2006.09.21.12.npz,data/interim/gridsat/2006/gridsat_2006.09.21.15.npz,23.0,86.5,25.0,996.0,D,23.5,86.0,25.0,996.0,D,23.5,86.0,25.0,996.0,D,23.5,85.5,25.0,996.0,D
NIO_2006_UNNAMED_2_9_1_20060921_1800Z,NIO_2006_UNNAMED_2_9_1,TRAIN,2006-09-21T18:00:00+00:00,data/interim/gridsat/2006/gridsat_2006.09.21.03.npz,data/interim/gridsat/2006/gridsat_2006.09.21.06.npz,data/interim/gridsat/2006/gridsat_2006.09.21.09.npz,data/interim/gridsat/2006/gridsat_2006.09.21.12.npz,data/interim/gridsat/2006/gridsat_2006.09.21.15.npz,data/interim/gridsat/2006/gridsat_2006.09.21.18.npz,23.0,86.5,25.0,996.0,D,23.5,86.0,25.0,996.0,D,23.5,86.0,25.0,996.0,D,23.5,85.5,25.0,996.0,D
NIO_2006_UNNAMED_2_9_1_20060921_2100Z,NIO_2006_UNNAMED_2_9_1,TRAIN,2006-09-21T21:00:00+00:00,data/interim/gridsat/2006/gridsat_2006.09.21.06.npz,data/interim/gridsat/2006/gridsat_2006.09.21.09.npz,data/interim/gridsat/2006/gridsat_2006.09.21.12.npz,data/interim/gridsat/2006/gridsat_2006.09.21.15.npz,data/interim/gridsat/2006/gridsat_2006.09.21.18.npz,data/interim/gridsat/2006/gridsat_2006.09.21.21.npz,23.0,86.5,25.0,996.0,D,23.5,86.0,25.0,996.0,D,23.5,86.0,25.0,996.0,D,23.5,85.5,25.0,996.0,D
NIO_2006_UNNAMED_2_9_1_20060922_0000Z,NIO_2006_UNNAMED_2_9_1,TRAIN,2006-09-22T00:00:00+00:00,data/interim/gridsat/2006/gridsat_2006.09.21.09.npz,data/interim/gridsat/2006/gridsat_2006.09.21.12.npz,data/interim/gridsat/2006/gridsat_2006.09.21.15.npz,data/interim/gridsat/2006/gridsat_2006.09.21.18.npz,data/interim/gridsat/2006/gridsat_2006.09.21.21.npz,data/interim/gridsat/2006/gridsat_2006.09.22.00.npz,23.5,86.0,25.0,996.0,D,23.5,86.0,25.0,996.0,D,23.5,86.0,25.0,996.0,D,23.5,85.5,25.0,996.0,D
NIO_2007_UNNAMED_05_20070621_0300Z,NIO_2007_UNNAMED_05,TRAIN,2007-06-21T03:00:00+00:00,data/interim/gridsat/2007/gridsat_2007.06.20.12.npz,data/interim/gridsat/2007/gridsat_2007.06.20.15.npz,data/interim/gridsat/2007/gridsat_2007.06.20.18.npz,data/interim/gridsat/2007/gridsat_2007.06.20.21.npz,data/interim/gridsat/2007/gridsat_2007.06.21.00.npz,data/interim/gridsat/2007/gridsat_2007.06.21.03.npz,15.5,86.0,25.0,994.0,D,16.0,83.5,30.0,988.0,DD,16.5,81.0,30.0,990.0,DD,18.0,76.0,25.0,992.0,D
NIO_2007_UNNAMED_05_20070621_0600Z,NIO_2007_UNNAMED_05,TRAIN,2007-06-21T06:00:00+00:00,data/interim/gridsat/2007/gridsat_2007.06.20.15.npz,data/interim/gridsat/2007/gridsat_2007.06.20.18.npz,data/interim/gridsat/2007/gridsat_2007.06.20.21.npz,data/interim/gridsat/2007/gridsat_2007.06.21.00.npz,data/interim/gridsat/2007/gridsat_2007.06.21.03.npz,data/interim/gridsat/2007/gridsat_2007.06.21.06.npz,15.5,85.0,25.0,992.0,D,16.0,83.0,30.0,988.0,DD,16.5,80.0,30.0,990.0,DD,18.5,75.0,25.0,990.0,D
NIO_2007_UNNAMED_05_20070621_0900Z,NIO_2007_UNNAMED_05,TRAIN,2007-06-21T09:00:00+00:00,data/interim/gridsat/2007/gridsat_2007.06.20.18.npz,data/interim/gridsat/2007/gridsat_2007.06.20.21.npz,data/interim/gridsat/2007/gridsat_2007.06.21.00.npz,data/interim/gridsat/2007/gridsat_2007.06.21.03.npz,data/interim/gridsat/2007/gridsat_2007.06.21.06.npz,data/interim/gridsat/2007/gridsat_2007.06.21.09.npz,16.0,84.5,25.0,990.0,D,16.5,82.5,30.0,988.0,DD,16.5,79.0,30.0,988.0,DD,19.0,74.0,25.0,990.0,D
NIO_2007_UNNAMED_08_20070704_0300Z,NIO_2007_UNNAMED_08,TRAIN,2007-07-04T03:00:00+00:00,data/interim/gridsat/2007/gridsat_2007.07.03.12.npz,data/interim/gridsat/2007/gridsat_2007.07.03.15.npz,data/interim/gridsat/2007/gridsat_2007.07.03.18.npz,data/interim/gridsat/2007/gridsat_2007.07.03.21.npz,data/interim/gridsat/2007/gridsat_2007.07.04.00.npz,data/interim/gridsat/2007/gridsat_2007.07.04.03.npz,22.0,89.5,25.0,990.0,D,23.0,89.5,25.0,992.0,D,23.0,88.0,25.0,992.0,D,23.0,87.0,30.0,988.0,DD
NIO_2007_UNNAMED_08_20070704_0600Z,NIO_2007_UNNAMED_08,TRAIN,2007-07-04T06:00:00+00:00,data/interim/gridsat/2007/gridsat_2007.07.03.15.npz,data/interim/gridsat/2007/gridsat_2007.07.03.18.npz,data/interim/gridsat/2007/gridsat_2007.07.03.21.npz,data/interim/gridsat/2007/gridsat_2007.07.04.00.npz,data/interim/gridsat/2007/gridsat_2007.07.04.03.npz,data/interim/gridsat/2007/gridsat_2007.07.04.06.npz,22.0,89.5,25.0,990.0,D,23.0,89.5,25.0,990.0,D,23.0,88.0,25.0,988.0,D,23.0,87.0,30.0,988.0,DD
NIO_2007_UNNAMED_08_20070704_0900Z,NIO_2007_UNNAMED_08,TRAIN,2007-07-04T09:00:00+00:00,data/interim/gridsat/2007/gridsat_2007.07.03.18.npz,data/interim/gridsat/2007/gridsat_2007.07.03.21.npz,data/interim/gridsat/2007/gridsat_2007.07.04.00.npz,data/interim/gridsat/2007/gridsat_2007.07.04.03.npz,data/interim/gridsat/2007/gridsat_2007.07.04.06.npz,data/interim/gridsat/2007/gridsat_2007.07.04.09.npz,22.0,89.5,25.0,992.0,D,23.0,89.5,25.0,992.0,D,23.0,88.0,25.0,988.0,D,23.0,87.0,30.0,988.0,DD
NIO_2007_UNNAMED_08_20070704_1200Z,NIO_2007_UNNAMED_08,TRAIN,2007-07-04T12:00:00+00:00,data/interim/gridsat/2007/gridsat_2007.07.03.21.npz,data/interim/gridsat/2007/gridsat_2007.07.04.00.npz,data/interim/gridsat/2007/gridsat_2007.07.04.03.npz,data/interim/gridsat/2007/gridsat_2007.07.04.06.npz,data/interim/gridsat/2007/gridsat_2007.07.04.09.npz,data/interim/gridsat/2007/gridsat_2007.07.04.12.npz,23.0,89.5,25.0,990.0,D,23.0,89.5,25.0,992.0,D,23.0,88.0,30.0,988.0,DD,23.0,86.0,30.0,988.0,DD
NIO_2007_UNNAMED_08_20070704_1500Z,NIO_2007_UNNAMED_08,TRAIN,2007-07-04T15:00:00+00:00,data/interim/gridsat/2007/gridsat_2007.07.04.00.npz,data/interim/gridsat/2007/gridsat_2007.07.04.03.npz,data/interim/gridsat/2007/gridsat_2007.07.04.06.npz,data/interim/gridsat/2007/gridsat_2007.07.04.09.npz,data/interim/gridsat/2007/gridsat_2007.07.04.12.npz,data/interim/gridsat/2007/gridsat_2007.07.04.15.npz,23.0,89.5,25.0,992.0,D,23.0,88.0,25.0,992.0,D,23.0,88.0,30.0,988.0,DD,23.0,86.0,30.0,988.0,DD
NIO_2007_UNNAMED_08_20070704_1800Z,NIO_2007_UNNAMED_08,TRAIN,2007-07-04T18:00:00+00:00,data/interim/gridsat/2007/gridsat_2007.07.04.03.npz,data/interim/gridsat/2007/gridsat_2007.07.04.06.npz,data/interim/gridsat/2007/gridsat_2007.07.04.09.npz,data/interim/gridsat/2007/gridsat_2007.07.04.12.npz,data/interim/gridsat/2007/gridsat_2007.07.04.15.npz,data/interim/gridsat/2007/gridsat_2007.07.04.18.npz,23.0,89.5,25.0,990.0,D,23.0,88.0,25.0,988.0,D,23.0,88.0,30.0,990.0,DD,23.0,86.0,30.0,988.0,DD
NIO_2007_UNNAMED_08_20070704_2100Z,NIO_2007_UNNAMED_08,TRAIN,2007-07-04T21:00:00+00:00,data/interim/gridsat/2007/gridsat_2007.07.04.06.npz,data/interim/gridsat/2007/gridsat_2007.07.04.09.npz,data/interim/gridsat/2007/gridsat_2007.07.04.12.npz,data/interim/gridsat/2007/gridsat_2007.07.04.15.npz,data/interim/gridsat/2007/gridsat_2007.07.04.18.npz,data/interim/gridsat/2007/gridsat_2007.07.04.21.npz,23.0,89.5,25.0,992.0,D,23.0,88.0,25.0,988.0,D,23.0,88.0,30.0,988.0,DD,23.0,86.0,30.0,988.0,DD
NIO_2007_UNNAMED_08_20070705_0000Z,NIO_2007_UNNAMED_08,TRAIN,2007-07-05T00:00:00+00:00,data/interim/gridsat/2007/gridsat_2007.07.04.09.npz,data/interim/gridsat/2007/gridsat_2007.07.04.12.npz,data/interim/gridsat/2007/gridsat_2007.07.04.15.npz,data/interim/gridsat/2007/gridsat_2007.07.04.18.npz,data/interim/gridsat/2007/gridsat_2007.07.04.21.npz,data/interim/gridsat/2007/gridsat_2007.07.05.00.npz,23.0,89.5,25.0,992.0,D,23.0,88.0,30.0,988.0,DD,23.0,88.0,30.0,988.0,DD,23.0,86.0,30.0,988.0,DD
NIO_2007_UNNAMED_08_20070705_0300Z,NIO_2007_UNNAMED_08,TRAIN,2007-07-05T03:00:00+00:00,data/interim/gridsat/2007/gridsat_2007.07.04.12.npz,data/interim/gridsat/2007/gridsat_2007.07.04.15.npz,data/interim/gridsat/2007/gridsat_2007.07.04.18.npz,data/interim/gridsat/2007/gridsat_2007.07.04.21.npz,data/interim/gridsat/2007/gridsat_2007.07.05.00.npz,data/interim/gridsat/2007/gridsat_2007.07.05.03.npz,23.0,88.0,25.0,992.0,D,23.0,88.0,30.0,988.0,DD,23.0,87.0,30.0,988.0,DD,23.5,83.5,25.0,990.0,D
NIO_2007_UNNAMED_08_20070705_0600Z,NIO_2007_UNNAMED_08,TRAIN,2007-07-05T06:00:00+00:00,data/interim/gridsat/2007/gridsat_2007.07.04.15.npz,data/interim/gridsat/2007/gridsat_2007.07.04.18.npz,data/interim/gridsat/2007/gridsat_2007.07.04.21.npz,data/interim/gridsat/2007/gridsat_2007.07.05.00.npz,data/interim/gridsat/2007/gridsat_2007.07.05.03.npz,data/interim/gridsat/2007/gridsat_2007.07.05.06.npz,23.0,88.0,25.0,988.0,D,23.0,88.0,30.0,990.0,DD,23.0,87.0,30.0,988.0,DD,23.5,83.5,25.0,990.0,D
NIO_2007_UNNAMED_08_20070705_0900Z,NIO_2007_UNNAMED_08,TRAIN,2007-07-05T09:00:00+00:00,data/interim/gridsat/2007/gridsat_2007.07.04.18.npz,data/interim/gridsat/2007/gridsat_2007.07.04.21.npz,data/interim/gridsat/2007/gridsat_2007.07.05.00.npz,data/interim/gridsat/2007/gridsat_2007.07.05.03.npz,data/interim/gridsat/2007/gridsat_2007.07.05.06.npz,data/interim/gridsat/2007/gridsat_2007.07.05.09.npz,23.0,88.0,25.0,988.0,D,23.0,88.0,30.0,988.0,DD,23.0,87.0,30.0,988.0,DD,23.5,83.5,25.0,990.0,D
NIO_2007_UNNAMED_08_20070705_1200Z,NIO_2007_UNNAMED_08,TRAIN,2007-07-05T12:00:00+00:00,data/interim/gridsat/2007/gridsat_2007.07.04.21.npz,data/interim/gridsat/2007/gridsat_2007.07.05.00.npz,data/interim/gridsat/2007/gridsat_2007.07.05.03.npz,data/interim/gridsat/2007/gridsat_2007.07.05.06.npz,data/interim/gridsat/2007/gridsat_2007.07.05.09.npz,data/interim/gridsat/2007/gridsat_2007.07.05.12.npz,23.0,88.0,30.0,988.0,DD,23.0,88.0,30.0,988.0,DD,23.0,86.0,30.0,988.0,DD,23.5,82.0,25.0,990.0,D
NIO_2007_UNNAMED_08_20070705_1500Z,NIO_2007_UNNAMED_08,TRAIN,2007-07-05T15:00:00+00:00,data/interim/gridsat/2007/gridsat_2007.07.05.00.npz,data/interim/gridsat/2007/gridsat_2007.07.05.03.npz,data/interim/gridsat/2007/gridsat_2007.07.05.06.npz,data/interim/gridsat/2007/gridsat_2007.07.05.09.npz,data/interim/gridsat/2007/gridsat_2007.07.05.12.npz,data/interim/gridsat/2007/gridsat_2007.07.05.15.npz,23.0,88.0,30.0,988.0,DD,23.0,87.0,30.0,988.0,DD,23.0,86.0,30.0,988.0,DD,23.5,82.0,25.0,990.0,D
NIO_2007_UNNAMED_08_20070705_1800Z,NIO_2007_UNNAMED_08,TRAIN,2007-07-05T18:00:00+00:00,data/interim/gridsat/2007/gridsat_2007.07.05.03.npz,data/interim/gridsat/2007/gridsat_2007.07.05.06.npz,data/interim/gridsat/2007/gridsat_2007.07.05.09.npz,data/interim/gridsat/2007/gridsat_2007.07.05.12.npz,data/interim/gridsat/2007/gridsat_2007.07.05.15.npz,data/interim/gridsat/2007/gridsat_2007.07.05.18.npz,23.0,88.0,30.0,990.0,DD,23.0,87.0,30.0,988.0,DD,23.0,86.0,30.0,988.0,DD,23.5,82.0,25.0,990.0,D
NIO_2007_UNNAMED_08_20070705_2100Z,NIO_2007_UNNAMED_08,TRAIN,2007-07-05T21:00:00+00:00,data/interim/gridsat/2007/gridsat_2007.07.05.06.npz,data/interim/gridsat/2007/gridsat_2007.07.05.09.npz,data/interim/gridsat/2007/gridsat_2007.07.05.12.npz,data/interim/gridsat/2007/gridsat_2007.07.05.15.npz,data/interim/gridsat/2007/gridsat_2007.07.05.18.npz,data/interim/gridsat/2007/gridsat_2007.07.05.21.npz,23.0,88.0,30.0,988.0,DD,23.0,87.0,30.0,988.0,DD,23.0,86.0,30.0,988.0,DD,23.5,82.0,25.0,990.0,D
NIO_2007_UNNAMED_08_20070706_0000Z,NIO_2007_UNNAMED_08,TRAIN,2007-07-06T00:00:00+00:00,data/interim/gridsat/2007/gridsat_2007.07.05.09.npz,data/interim/gridsat/2007/gridsat_2007.07.05.12.npz,data/interim/gridsat/2007/gridsat_2007.07.05.15.npz,data/interim/gridsat/2007/gridsat_2007.07.05.18.npz,data/interim/gridsat/2007/gridsat_2007.07.05.21.npz,data/interim/gridsat/2007/gridsat_2007.07.06.00.npz,23.0,88.0,30.0,988.0,DD,23.0,86.0,30.0,988.0,DD,23.0,86.0,30.0,988.0,DD,23.5,82.0,25.0,990.0,D
NIO_2007_UNNAMED_08_20070706_0300Z,NIO_2007_UNNAMED_08,TRAIN,2007-07-06T03:00:00+00:00,data/interim/gridsat/2007/gridsat_2007.07.05.12.npz,data/interim/gridsat/2007/gridsat_2007.07.05.15.npz,data/interim/gridsat/2007/gridsat_2007.07.05.18.npz,data/interim/gridsat/2007/gridsat_2007.07.05.21.npz,data/interim/gridsat/2007/gridsat_2007.07.06.00.npz,data/interim/gridsat/2007/gridsat_2007.07.06.03.npz,23.0,87.0,30.0,988.0,DD,23.0,86.0,30.0,988.0,DD,23.5,83.5,25.0,990.0,D,23.5,79.0,25.0,990.0,D
NIO_2007_UNNAMED_08_20070706_0600Z,NIO_2007_UNNAMED_08,TRAIN,2007-07-06T06:00:00+00:00,data/interim/gridsat/2007/gridsat_2007.07.05.15.npz,data/interim/gridsat/2007/gridsat_2007.07.05.18.npz,data/interim/gridsat/2007/gridsat_2007.07.05.21.npz,data/interim/gridsat/2007/gridsat_2007.07.06.00.npz,data/interim/gridsat/2007/gridsat_2007.07.06.03.npz,data/interim/gridsat/2007/gridsat_2007.07.06.06.npz,23.0,87.0,30.0,988.0,DD,23.0,86.0,30.0,988.0,DD,23.5,83.5,25.0,990.0,D,23.5,79.0,25.0,990.0,D
NIO_2007_UNNAMED_08_20070706_0900Z,NIO_2007_UNNAMED_08,TRAIN,2007-07-06T09:00:00+00:00,data/interim/gridsat/2007/gridsat_2007.07.05.18.npz,data/interim/gridsat/2007/gridsat_2007.07.05.21.npz,data/interim/gridsat/2007/gridsat_2007.07.06.00.npz,data/interim/gridsat/2007/gridsat_2007.07.06.03.npz,data/interim/gridsat/2007/gridsat_2007.07.06.06.npz,data/interim/gridsat/2007/gridsat_2007.07.06.09.npz,23.0,87.0,30.0,988.0,DD,23.0,86.0,30.0,988.0,DD,23.5,83.5,25.0,990.0,D,23.5,79.0,25.0,990.0,D
NIO_2007_UNNAMED_08_20070706_1200Z,NIO_2007_UNNAMED_08,TRAIN,2007-07-06T12:00:00+00:00,data/interim/gridsat/2007/gridsat_2007.07.05.21.npz,data/interim/gridsat/2007/gridsat_2007.07.06.00.npz,data/interim/gridsat/2007/gridsat_2007.07.06.03.npz,data/interim/gridsat/2007/gridsat_2007.07.06.06.npz,data/interim/gridsat/2007/gridsat_2007.07.06.09.npz,data/interim/gridsat/2007/gridsat_2007.07.06.12.npz,23.0,86.0,30.0,988.0,DD,23.0,86.0,30.0,988.0,DD,23.5,82.0,25.0,990.0,D,24.0,78.0,25.0,990.0,D
NIO_2007_UNNAMED_08_20070706_1500Z,NIO_2007_UNNAMED_08,TRAIN,2007-07-06T15:00:00+00:00,data/interim/gridsat/2007/gridsat_2007.07.06.00.npz,data/interim/gridsat/2007/gridsat_2007.07.06.03.npz,data/interim/gridsat/2007/gridsat_2007.07.06.06.npz,data/interim/gridsat/2007/gridsat_2007.07.06.09.npz,data/interim/gridsat/2007/gridsat_2007.07.06.12.npz,data/interim/gridsat/2007/gridsat_2007.07.06.15.npz,23.0,86.0,30.0,988.0,DD,23.5,83.5,25.0,990.0,D,23.5,82.0,25.0,990.0,D,24.0,78.0,25.0,990.0,D
NIO_2007_UNNAMED_08_20070706_1800Z,NIO_2007_UNNAMED_08,TRAIN,2007-07-06T18:00:00+00:00,data/interim/gridsat/2007/gridsat_2007.07.06.03.npz,data/interim/gridsat/2007/gridsat_2007.07.06.06.npz,data/interim/gridsat/2007/gridsat_2007.07.06.09.npz,data/interim/gridsat/2007/gridsat_2007.07.06.12.npz,data/interim/gridsat/2007/gridsat_2007.07.06.15.npz,data/interim/gridsat/2007/gridsat_2007.07.06.18.npz,23.0,86.0,30.0,988.0,DD,23.5,83.5,25.0,990.0,D,23.5,82.0,25.0,990.0,D,24.0,78.0,25.0,990.0,D
NIO_2007_UNNAMED_08_20070706_2100Z,NIO_2007_UNNAMED_08,TRAIN,2007-07-06T21:00:00+00:00,data/interim/gridsat/2007/gridsat_2007.07.06.06.npz,data/interim/gridsat/2007/gridsat_2007.07.06.09.npz,data/interim/gridsat/2007/gridsat_2007.07.06.12.npz,data/interim/gridsat/2007/gridsat_2007.07.06.15.npz,data/interim/gridsat/2007/gridsat_2007.07.06.18.npz,data/interim/gridsat/2007/gridsat_2007.07.06.21.npz,23.0,86.0,30.0,988.0,DD,23.5,83.5,25.0,990.0,D,23.5,82.0,25.0,990.0,D,24.0,78.0,25.0,990.0,D
NIO_2007_UNNAMED_08_20070707_0000Z,NIO_2007_UNNAMED_08,TRAIN,2007-07-07T00:00:00+00:00,data/interim/gridsat/2007/gridsat_2007.07.06.09.npz,data/interim/gridsat/2007/gridsat_2007.07.06.12.npz,data/interim/gridsat/2007/gridsat_2007.07.06.15.npz,data/interim/gridsat/2007/gridsat_2007.07.06.18.npz,data/interim/gridsat/2007/gridsat_2007.07.06.21.npz,data/interim/gridsat/2007/gridsat_2007.07.07.00.npz,23.0,86.0,30.0,988.0,DD,23.5,82.0,25.0,990.0,D,23.5,82.0,25.0,990.0,D,24.0,78.0,25.0,990.0,D
NIO_2007_UNNAMED_08_20070707_0300Z,NIO_2007_UNNAMED_08,TRAIN,2007-07-07T03:00:00+00:00,data/interim/gridsat/2007/gridsat_2007.07.06.12.npz,data/interim/gridsat/2007/gridsat_2007.07.06.15.npz,data/interim/gridsat/2007/gridsat_2007.07.06.18.npz,data/interim/gridsat/2007/gridsat_2007.07.06.21.npz,data/interim/gridsat/2007/gridsat_2007.07.07.00.npz,data/interim/gridsat/2007/gridsat_2007.07.07.03.npz,23.5,83.5,25.0,990.0,D,23.5,82.0,25.0,990.0,D,23.5,79.0,25.0,990.0,D,25.0,78.0,25.0,990.0,D
NIO_2007_UNNAMED_08_20070707_0600Z,NIO_2007_UNNAMED_08,TRAIN,2007-07-07T06:00:00+00:00,data/interim/gridsat/2007/gridsat_2007.07.06.15.npz,data/interim/gridsat/2007/gridsat_2007.07.06.18.npz,data/interim/gridsat/2007/gridsat_2007.07.06.21.npz,data/interim/gridsat/2007/gridsat_2007.07.07.00.npz,data/interim/gridsat/2007/gridsat_2007.07.07.03.npz,data/interim/gridsat/2007/gridsat_2007.07.07.06.npz,23.5,83.5,25.0,990.0,D,23.5,82.0,25.0,990.0,D,23.5,79.0,25.0,990.0,D,25.0,78.0,25.0,990.0,D
NIO_2007_UNNAMED_08_20070707_0900Z,NIO_2007_UNNAMED_08,TRAIN,2007-07-07T09:00:00+00:00,data/interim/gridsat/2007/gridsat_2007.07.06.18.npz,data/interim/gridsat/2007/gridsat_2007.07.06.21.npz,data/interim/gridsat/2007/gridsat_2007.07.07.00.npz,data/interim/gridsat/2007/gridsat_2007.07.07.03.npz,data/interim/gridsat/2007/gridsat_2007.07.07.06.npz,data/interim/gridsat/2007/gridsat_2007.07.07.09.npz,23.5,83.5,25.0,990.0,D,23.5,82.0,25.0,990.0,D,23.5,79.0,25.0,990.0,D,25.0,78.0,25.0,990.0,D
NIO_2007_UNNAMED_09_20070805_0000Z,NIO_2007_UNNAMED_09,TRAIN,2007-08-05T00:00:00+00:00,data/interim/gridsat/2007/gridsat_2007.08.04.09.npz,data/interim/gridsat/2007/gridsat_2007.08.04.12.npz,data/interim/gridsat/2007/gridsat_2007.08.04.15.npz,data/interim/gridsat/2007/gridsat_2007.08.04.18.npz,data/interim/gridsat/2007/gridsat_2007.08.04.21.npz,data/interim/gridsat/2007/gridsat_2007.08.05.00.npz,20.0,88.5,25.0,992.0,D,20.0,88.0,25.0,990.0,D,20.5,87.0,30.0,988.0,DD,21.0,82.5,30.0,990.0,DD
NIO_2007_UNNAMED_09_20070805_0300Z,NIO_2007_UNNAMED_09,TRAIN,2007-08-05T03:00:00+00:00,data/interim/gridsat/2007/gridsat_2007.08.04.12.npz,data/interim/gridsat/2007/gridsat_2007.08.04.15.npz,data/interim/gridsat/2007/gridsat_2007.08.04.18.npz,data/interim/gridsat/2007/gridsat_2007.08.04.21.npz,data/interim/gridsat/2007/gridsat_2007.08.05.00.npz,data/interim/gridsat/2007/gridsat_2007.08.05.03.npz,20.0,88.5,25.0,992.0,D,20.0,88.5,25.0,990.0,D,20.5,86.0,30.0,990.0,DD,21.0,82.0,25.0,992.0,D
NIO_2007_UNNAMED_09_20070805_0600Z,NIO_2007_UNNAMED_09,TRAIN,2007-08-05T06:00:00+00:00,data/interim/gridsat/2007/gridsat_2007.08.04.15.npz,data/interim/gridsat/2007/gridsat_2007.08.04.18.npz,data/interim/gridsat/2007/gridsat_2007.08.04.21.npz,data/interim/gridsat/2007/gridsat_2007.08.05.00.npz,data/interim/gridsat/2007/gridsat_2007.08.05.03.npz,data/interim/gridsat/2007/gridsat_2007.08.05.06.npz,20.0,88.5,25.0,992.0,D,20.0,87.5,30.0,988.0,DD,20.5,85.0,30.0,990.0,DD,22.0,81.0,25.0,992.0,D
NIO_2007_UNNAMED_09_20070805_0900Z,NIO_2007_UNNAMED_09,TRAIN,2007-08-05T09:00:00+00:00,data/interim/gridsat/2007/gridsat_2007.08.04.18.npz,data/interim/gridsat/2007/gridsat_2007.08.04.21.npz,data/interim/gridsat/2007/gridsat_2007.08.05.00.npz,data/interim/gridsat/2007/gridsat_2007.08.05.03.npz,data/interim/gridsat/2007/gridsat_2007.08.05.06.npz,data/interim/gridsat/2007/gridsat_2007.08.05.09.npz,20.0,88.5,25.0,990.0,D,20.5,87.5,30.0,984.0,DD,20.5,84.5,30.0,990.0,DD,22.5,80.5,25.0,992.0,D
NIO_2007_UNNAMED_10_20070921_1200Z,NIO_2007_UNNAMED_10,TRAIN,2007-09-21T12:00:00+00:00,data/interim/gridsat/2007/gridsat_2007.09.20.21.npz,data/interim/gridsat/2007/gridsat_2007.09.21.00.npz,data/interim/gridsat/2007/gridsat_2007.09.21.03.npz,data/interim/gridsat/2007/gridsat_2007.09.21.06.npz,data/interim/gridsat/2007/gridsat_2007.09.21.09.npz,data/interim/gridsat/2007/gridsat_2007.09.21.12.npz,18.0,86.5,25.0,994.0,D,19.0,86.0,25.0,994.0,D,19.5,86.0,25.0,992.0,D,21.5,84.5,25.0,990.0,D
NIO_2007_UNNAMED_10_20070921_1500Z,NIO_2007_UNNAMED_10,TRAIN,2007-09-21T15:00:00+00:00,data/interim/gridsat/2007/gridsat_2007.09.21.00.npz,data/interim/gridsat/2007/gridsat_2007.09.21.03.npz,data/interim/gridsat/2007/gridsat_2007.09.21.06.npz,data/interim/gridsat/2007/gridsat_2007.09.21.09.npz,data/interim/gridsat/2007/gridsat_2007.09.21.12.npz,data/interim/gridsat/2007/gridsat_2007.09.21.15.npz,18.5,86.0,25.0,996.0,D,19.0,86.0,25.0,994.0,D,20.0,86.0,25.0,992.0,D,21.5,84.5,25.0,990.0,D
NIO_2007_UNNAMED_10_20070921_1800Z,NIO_2007_UNNAMED_10,TRAIN,2007-09-21T18:00:00+00:00,data/interim/gridsat/2007/gridsat_2007.09.21.03.npz,data/interim/gridsat/2007/gridsat_2007.09.21.06.npz,data/interim/gridsat/2007/gridsat_2007.09.21.09.npz,data/interim/gridsat/2007/gridsat_2007.09.21.12.npz,data/interim/gridsat/2007/gridsat_2007.09.21.15.npz,data/interim/gridsat/2007/gridsat_2007.09.21.18.npz,18.5,86.0,25.0,996.0,D,19.5,86.0,25.0,994.0,D,20.0,86.0,25.0,992.0,D,22.0,84.0,25.0,992.0,D
NIO_2007_UNNAMED_10_20070921_2100Z,NIO_2007_UNNAMED_10,TRAIN,2007-09-21T21:00:00+00:00,data/interim/gridsat/2007/gridsat_2007.09.21.06.npz,data/interim/gridsat/2007/gridsat_2007.09.21.09.npz,data/interim/gridsat/2007/gridsat_2007.09.21.12.npz,data/interim/gridsat/2007/gridsat_2007.09.21.15.npz,data/interim/gridsat/2007/gridsat_2007.09.21.18.npz,data/interim/gridsat/2007/gridsat_2007.09.21.21.npz,18.5,86.0,25.0,994.0,D,19.5,86.0,25.0,992.0,D,20.5,86.0,25.0,992.0,D,22.5,84.0,25.0,994.0,D
NIO_2007_UNNAMED_10_20070922_0000Z,NIO_2007_UNNAMED_10,TRAIN,2007-09-22T00:00:00+00:00,data/interim/gridsat/2007/gridsat_2007.09.21.09.npz,data/interim/gridsat/2007/gridsat_2007.09.21.12.npz,data/interim/gridsat/2007/gridsat_2007.09.21.15.npz,data/interim/gridsat/2007/gridsat_2007.09.21.18.npz,data/interim/gridsat/2007/gridsat_2007.09.21.21.npz,data/interim/gridsat/2007/gridsat_2007.09.22.00.npz,19.0,86.0,25.0,994.0,D,19.5,86.0,25.0,992.0,D,20.5,86.0,25.0,990.0,D,23.0,83.5,25.0,994.0,D
NIO_2007_UNNAMED_10_20070922_0300Z,NIO_2007_UNNAMED_10,TRAIN,2007-09-22T03:00:00+00:00,data/interim/gridsat/2007/gridsat_2007.09.21.12.npz,data/interim/gridsat/2007/gridsat_2007.09.21.15.npz,data/interim/gridsat/2007/gridsat_2007.09.21.18.npz,data/interim/gridsat/2007/gridsat_2007.09.21.21.npz,data/interim/gridsat/2007/gridsat_2007.09.22.00.npz,data/interim/gridsat/2007/gridsat_2007.09.22.03.npz,19.0,86.0,25.0,994.0,D,20.0,86.0,25.0,992.0,D,20.5,85.5,25.0,992.0,D,23.0,83.5,25.0,998.0,D
NIO_2007_UNNAMED_10_20070922_0600Z,NIO_2007_UNNAMED_10,TRAIN,2007-09-22T06:00:00+00:00,data/interim/gridsat/2007/gridsat_2007.09.21.15.npz,data/interim/gridsat/2007/gridsat_2007.09.21.18.npz,data/interim/gridsat/2007/gridsat_2007.09.21.21.npz,data/interim/gridsat/2007/gridsat_2007.09.22.00.npz,data/interim/gridsat/2007/gridsat_2007.09.22.03.npz,data/interim/gridsat/2007/gridsat_2007.09.22.06.npz,19.5,86.0,25.0,994.0,D,20.0,86.0,25.0,992.0,D,20.5,85.0,25.0,992.0,D,23.5,83.0,25.0,998.0,D
NIO_2007_UNNAMED_10_20070922_0900Z,NIO_2007_UNNAMED_10,TRAIN,2007-09-22T09:00:00+00:00,data/interim/gridsat/2007/gridsat_2007.09.21.18.npz,data/interim/gridsat/2007/gridsat_2007.09.21.21.npz,data/interim/gridsat/2007/gridsat_2007.09.22.00.npz,data/interim/gridsat/2007/gridsat_2007.09.22.03.npz,data/interim/gridsat/2007/gridsat_2007.09.22.06.npz,data/interim/gridsat/2007/gridsat_2007.09.22.09.npz,19.5,86.0,25.0,992.0,D,20.5,86.0,25.0,992.0,D,20.5,85.0,25.0,990.0,D,24.0,82.5,25.0,998.0,D
NIO_2007_UNNAMED_2_11_1_20071030_0000Z,NIO_2007_UNNAMED_2_11_1,TRAIN,2007-10-30T00:00:00+00:00,data/interim/gridsat/2007/gridsat_2007.10.29.09.npz,data/interim/gridsat/2007/gridsat_2007.10.29.12.npz,data/interim/gridsat/2007/gridsat_2007.10.29.15.npz,data/interim/gridsat/2007/gridsat_2007.10.29.18.npz,data/interim/gridsat/2007/gridsat_2007.10.29.21.npz,data/interim/gridsat/2007/gridsat_2007.10.30.00.npz,11.5,65.5,30.0,1002.0,DD,11.5,65.0,30.0,1002.0,DD,11.5,64.5,30.0,1000.0,DD,13.5,61.5,30.0,1002.0,DD
NIO_2007_UNNAMED_2_11_1_20071030_0300Z,NIO_2007_UNNAMED_2_11_1,TRAIN,2007-10-30T03:00:00+00:00,data/interim/gridsat/2007/gridsat_2007.10.29.12.npz,data/interim/gridsat/2007/gridsat_2007.10.29.15.npz,data/interim/gridsat/2007/gridsat_2007.10.29.18.npz,data/interim/gridsat/2007/gridsat_2007.10.29.21.npz,data/interim/gridsat/2007/gridsat_2007.10.30.00.npz,data/interim/gridsat/2007/gridsat_2007.10.30.03.npz,11.5,65.5,30.0,1002.0,DD,11.5,64.5,30.0,1002.0,DD,11.5,64.0,30.0,1000.0,DD,14.0,60.5,30.0,1002.0,DD
NIO_2007_UNNAMED_2_11_1_20071030_0600Z,NIO_2007_UNNAMED_2_11_1,TRAIN,2007-10-30T06:00:00+00:00,data/interim/gridsat/2007/gridsat_2007.10.29.15.npz,data/interim/gridsat/2007/gridsat_2007.10.29.18.npz,data/interim/gridsat/2007/gridsat_2007.10.29.21.npz,data/interim/gridsat/2007/gridsat_2007.10.30.00.npz,data/interim/gridsat/2007/gridsat_2007.10.30.03.npz,data/interim/gridsat/2007/gridsat_2007.10.30.06.npz,11.5,65.5,30.0,1002.0,DD,11.5,64.5,30.0,1002.0,DD,11.5,64.0,30.0,1000.0,DD,14.0,60.0,30.0,1002.0,DD
NIO_2007_UNNAMED_2_11_1_20071030_0900Z,NIO_2007_UNNAMED_2_11_1,TRAIN,2007-10-30T09:00:00+00:00,data/interim/gridsat/2007/gridsat_2007.10.29.18.npz,data/interim/gridsat/2007/gridsat_2007.10.29.21.npz,data/interim/gridsat/2007/gridsat_2007.10.30.00.npz,data/interim/gridsat/2007/gridsat_2007.10.30.03.npz,data/interim/gridsat/2007/gridsat_2007.10.30.06.npz,data/interim/gridsat/2007/gridsat_2007.10.30.09.npz,11.5,65.5,30.0,1002.0,DD,11.5,64.5,30.0,1002.0,DD,11.5,63.5,30.0,1002.0,DD,14.0,59.5,30.0,1002.0,DD
NIO_2007_UNNAMED_2_11_1_20071030_1200Z,NIO_2007_UNNAMED_2_11_1,TRAIN,2007-10-30T12:00:00+00:00,data/interim/gridsat/2007/gridsat_2007.10.29.21.npz,data/interim/gridsat/2007/gridsat_2007.10.30.00.npz,data/interim/gridsat/2007/gridsat_2007.10.30.03.npz,data/interim/gridsat/2007/gridsat_2007.10.30.06.npz,data/interim/gridsat/2007/gridsat_2007.10.30.09.npz,data/interim/gridsat/2007/gridsat_2007.10.30.12.npz,11.5,65.0,30.0,1002.0,DD,11.5,64.5,30.0,1000.0,DD,12.0,63.0,30.0,1002.0,DD,14.5,58.5,30.0,1002.0,DD
NIO_2007_UNNAMED_2_11_1_20071030_1500Z,NIO_2007_UNNAMED_2_11_1,TRAIN,2007-10-30T15:00:00+00:00,data/interim/gridsat/2007/gridsat_2007.10.30.00.npz,data/interim/gridsat/2007/gridsat_2007.10.30.03.npz,data/interim/gridsat/2007/gridsat_2007.10.30.06.npz,data/interim/gridsat/2007/gridsat_2007.10.30.09.npz,data/interim/gridsat/2007/gridsat_2007.10.30.12.npz,data/interim/gridsat/2007/gridsat_2007.10.30.15.npz,11.5,64.5,30.0,1002.0,DD,11.5,64.0,30.0,1000.0,DD,12.0,63.0,30.0,1002.0,DD,14.5,58.0,30.0,1002.0,DD
NIO_2007_UNNAMED_2_11_1_20071030_1800Z,NIO_2007_UNNAMED_2_11_1,TRAIN,2007-10-30T18:00:00+00:00,data/interim/gridsat/2007/gridsat_2007.10.30.03.npz,data/interim/gridsat/2007/gridsat_2007.10.30.06.npz,data/interim/gridsat/2007/gridsat_2007.10.30.09.npz,data/interim/gridsat/2007/gridsat_2007.10.30.12.npz,data/interim/gridsat/2007/gridsat_2007.10.30.15.npz,data/interim/gridsat/2007/gridsat_2007.10.30.18.npz,11.5,64.5,30.0,1002.0,DD,11.5,64.0,30.0,1000.0,DD,12.5,62.5,30.0,1002.0,DD,14.5,57.5,30.0,1002.0,DD
NIO_2007_UNNAMED_2_11_1_20071030_2100Z,NIO_2007_UNNAMED_2_11_1,TRAIN,2007-10-30T21:00:00+00:00,data/interim/gridsat/2007/gridsat_2007.10.30.06.npz,data/interim/gridsat/2007/gridsat_2007.10.30.09.npz,data/interim/gridsat/2007/gridsat_2007.10.30.12.npz,data/interim/gridsat/2007/gridsat_2007.10.30.15.npz,data/interim/gridsat/2007/gridsat_2007.10.30.18.npz,data/interim/gridsat/2007/gridsat_2007.10.30.21.npz,11.5,64.5,30.0,1002.0,DD,11.5,63.5,30.0,1002.0,DD,12.0,62.0,30.0,1002.0,DD,14.5,57.0,30.0,1002.0,DD
NIO_2007_UNNAMED_2_11_1_20071031_0000Z,NIO_2007_UNNAMED_2_11_1,TRAIN,2007-10-31T00:00:00+00:00,data/interim/gridsat/2007/gridsat_2007.10.30.09.npz,data/interim/gridsat/2007/gridsat_2007.10.30.12.npz,data/interim/gridsat/2007/gridsat_2007.10.30.15.npz,data/interim/gridsat/2007/gridsat_2007.10.30.18.npz,data/interim/gridsat/2007/gridsat_2007.10.30.21.npz,data/interim/gridsat/2007/gridsat_2007.10.31.00.npz,11.5,64.5,30.0,1000.0,DD,12.0,63.0,30.0,1002.0,DD,13.5,61.5,30.0,1002.0,DD,14.5,57.0,30.0,1002.0,DD
NIO_2007_UNNAMED_2_11_1_20071031_0300Z,NIO_2007_UNNAMED_2_11_1,TRAIN,2007-10-31T03:00:00+00:00,data/interim/gridsat/2007/gridsat_2007.10.30.12.npz,data/interim/gridsat/2007/gridsat_2007.10.30.15.npz,data/interim/gridsat/2007/gridsat_2007.10.30.18.npz,data/interim/gridsat/2007/gridsat_2007.10.30.21.npz,data/interim/gridsat/2007/gridsat_2007.10.31.00.npz,data/interim/gridsat/2007/gridsat_2007.10.31.03.npz,11.5,64.0,30.0,1000.0,DD,12.0,63.0,30.0,1002.0,DD,14.0,60.5,30.0,1002.0,DD,14.5,56.5,25.0,1004.0,D
NIO_2007_UNNAMED_2_11_1_20071031_0600Z,NIO_2007_UNNAMED_2_11_1,TRAIN,2007-10-31T06:00:00+00:00,data/interim/gridsat/2007/gridsat_2007.10.30.15.npz,data/interim/gridsat/2007/gridsat_2007.10.30.18.npz,data/interim/gridsat/2007/gridsat_2007.10.30.21.npz,data/interim/gridsat/2007/gridsat_2007.10.31.00.npz,data/interim/gridsat/2007/gridsat_2007.10.31.03.npz,data/interim/gridsat/2007/gridsat_2007.10.31.06.npz,11.5,64.0,30.0,1000.0,DD,12.5,62.5,30.0,1002.0,DD,14.0,60.0,30.0,1002.0,DD,14.5,56.5,25.0,1004.0,D
NIO_2007_UNNAMED_2_11_1_20071031_0900Z,NIO_2007_UNNAMED_2_11_1,TRAIN,2007-10-31T09:00:00+00:00,data/interim/gridsat/2007/gridsat_2007.10.30.18.npz,data/interim/gridsat/2007/gridsat_2007.10.30.21.npz,data/interim/gridsat/2007/gridsat_2007.10.31.00.npz,data/interim/gridsat/2007/gridsat_2007.10.31.03.npz,data/interim/gridsat/2007/gridsat_2007.10.31.06.npz,data/interim/gridsat/2007/gridsat_2007.10.31.09.npz,11.5,63.5,30.0,1002.0,DD,12.0,62.0,30.0,1002.0,DD,14.0,59.5,30.0,1002.0,DD,15.0,56.0,25.0,1004.0,D
NIO_2007_UNNAMED_2_12_1_20071111_0900Z,NIO_2007_UNNAMED_2_12_1,TRAIN,2007-11-11T09:00:00+00:00,data/interim/gridsat/2007/gridsat_2007.11.10.18.npz,data/interim/gridsat/2007/gridsat_2007.11.10.21.npz,data/interim/gridsat/2007/gridsat_2007.11.11.00.npz,data/interim/gridsat/2007/gridsat_2007.11.11.03.npz,data/interim/gridsat/2007/gridsat_2007.11.11.06.npz,data/interim/gridsat/2007/gridsat_2007.11.11.09.npz,10.0,92.0,25.0,1004.0,D,10.5,91.5,30.0,1002.0,DD,11.0,90.5,45.0,996.0,CS,13.0,89.5,90.0,964.0,VSCS
NIO_2007_UNNAMED_2_12_1_20071111_1200Z,NIO_2007_UNNAMED_2_12_1,TRAIN,2007-11-11T12:00:00+00:00,data/interim/gridsat/2007/gridsat_2007.11.10.21.npz,data/interim/gridsat/2007/gridsat_2007.11.11.00.npz,data/interim/gridsat/2007/gridsat_2007.11.11.03.npz,data/interim/gridsat/2007/gridsat_2007.11.11.06.npz,data/interim/gridsat/2007/gridsat_2007.11.11.09.npz,data/interim/gridsat/2007/gridsat_2007.11.11.12.npz,10.0,92.0,25.0,1004.0,D,10.5,91.5,30.0,1002.0,DD,11.5,90.0,55.0,992.0,SCS,13.0,89.5,90.0,964.0,VSCS
NIO_2007_UNNAMED_2_12_1_20071111_1500Z,NIO_2007_UNNAMED_2_12_1,TRAIN,2007-11-11T15:00:00+00:00,data/interim/gridsat/2007/gridsat_2007.11.11.00.npz,data/interim/gridsat/2007/gridsat_2007.11.11.03.npz,data/interim/gridsat/2007/gridsat_2007.11.11.06.npz,data/interim/gridsat/2007/gridsat_2007.11.11.09.npz,data/interim/gridsat/2007/gridsat_2007.11.11.12.npz,data/interim/gridsat/2007/gridsat_2007.11.11.15.npz,10.0,92.0,25.0,1004.0,D,10.5,91.0,35.0,1002.0,CS,11.5,90.0,55.0,992.0,SCS,13.0,89.5,90.0,964.0,VSCS
NIO_2007_UNNAMED_2_12_1_20071111_1800Z,NIO_2007_UNNAMED_2_12_1,TRAIN,2007-11-11T18:00:00+00:00,data/interim/gridsat/2007/gridsat_2007.11.11.03.npz,data/interim/gridsat/2007/gridsat_2007.11.11.06.npz,data/interim/gridsat/2007/gridsat_2007.11.11.09.npz,data/interim/gridsat/2007/gridsat_2007.11.11.12.npz,data/interim/gridsat/2007/gridsat_2007.11.11.15.npz,data/interim/gridsat/2007/gridsat_2007.11.11.18.npz,10.5,91.5,30.0,1002.0,DD,11.0,90.5,40.0,998.0,CS,11.5,90.0,65.0,986.0,VSCS,13.5,89.5,90.0,964.0,VSCS
NIO_2007_UNNAMED_2_12_1_20071111_2100Z,NIO_2007_UNNAMED_2_12_1,TRAIN,2007-11-11T21:00:00+00:00,data/interim/gridsat/2007/gridsat_2007.11.11.06.npz,data/interim/gridsat/2007/gridsat_2007.11.11.09.npz,data/interim/gridsat/2007/gridsat_2007.11.11.12.npz,data/interim/gridsat/2007/gridsat_2007.11.11.15.npz,data/interim/gridsat/2007/gridsat_2007.11.11.18.npz,data/interim/gridsat/2007/gridsat_2007.11.11.21.npz,10.5,91.5,30.0,1002.0,DD,11.0,90.5,45.0,996.0,CS,11.5,90.0,80.0,980.0,VSCS,14.0,89.5,90.0,964.0,VSCS
NIO_2007_UNNAMED_2_12_1_20071112_0000Z,NIO_2007_UNNAMED_2_12_1,TRAIN,2007-11-12T00:00:00+00:00,data/interim/gridsat/2007/gridsat_2007.11.11.09.npz,data/interim/gridsat/2007/gridsat_2007.11.11.12.npz,data/interim/gridsat/2007/gridsat_2007.11.11.15.npz,data/interim/gridsat/2007/gridsat_2007.11.11.18.npz,data/interim/gridsat/2007/gridsat_2007.11.11.21.npz,data/interim/gridsat/2007/gridsat_2007.11.12.00.npz,10.5,91.5,30.0,1002.0,DD,11.5,90.0,55.0,992.0,SCS,12.0,89.5,90.0,968.0,VSCS,14.5,89.5,90.0,964.0,VSCS
NIO_2007_UNNAMED_2_12_1_20071112_0300Z,NIO_2007_UNNAMED_2_12_1,TRAIN,2007-11-12T03:00:00+00:00,data/interim/gridsat/2007/gridsat_2007.11.11.12.npz,data/interim/gridsat/2007/gridsat_2007.11.11.15.npz,data/interim/gridsat/2007/gridsat_2007.11.11.18.npz,data/interim/gridsat/2007/gridsat_2007.11.11.21.npz,data/interim/gridsat/2007/gridsat_2007.11.12.00.npz,data/interim/gridsat/2007/gridsat_2007.11.12.03.npz,10.5,91.0,35.0,1002.0,CS,11.5,90.0,55.0,992.0,SCS,12.0,89.5,90.0,968.0,VSCS,14.5,89.5,90.0,964.0,VSCS
NIO_2007_UNNAMED_2_12_1_20071112_0600Z,NIO_2007_UNNAMED_2_12_1,TRAIN,2007-11-12T06:00:00+00:00,data/interim/gridsat/2007/gridsat_2007.11.11.15.npz,data/interim/gridsat/2007/gridsat_2007.11.11.18.npz,data/interim/gridsat/2007/gridsat_2007.11.11.21.npz,data/interim/gridsat/2007/gridsat_2007.11.12.00.npz,data/interim/gridsat/2007/gridsat_2007.11.12.03.npz,data/interim/gridsat/2007/gridsat_2007.11.12.06.npz,11.0,90.5,40.0,998.0,CS,11.5,90.0,65.0,986.0,VSCS,12.0,89.5,90.0,968.0,VSCS,15.0,89.5,90.0,964.0,VSCS
NIO_2007_UNNAMED_2_12_1_20071112_0900Z,NIO_2007_UNNAMED_2_12_1,TRAIN,2007-11-12T09:00:00+00:00,data/interim/gridsat/2007/gridsat_2007.11.11.18.npz,data/interim/gridsat/2007/gridsat_2007.11.11.21.npz,data/interim/gridsat/2007/gridsat_2007.11.12.00.npz,data/interim/gridsat/2007/gridsat_2007.11.12.03.npz,data/interim/gridsat/2007/gridsat_2007.11.12.06.npz,data/interim/gridsat/2007/gridsat_2007.11.12.09.npz,11.0,90.5,45.0,996.0,CS,11.5,90.0,80.0,980.0,VSCS,13.0,89.5,90.0,964.0,VSCS,15.5,89.5,90.0,964.0,VSCS
NIO_2007_UNNAMED_2_12_1_20071112_1200Z,NIO_2007_UNNAMED_2_12_1,TRAIN,2007-11-12T12:00:00+00:00,data/interim/gridsat/2007/gridsat_2007.11.11.21.npz,data/interim/gridsat/2007/gridsat_2007.11.12.00.npz,data/interim/gridsat/2007/gridsat_2007.11.12.03.npz,data/interim/gridsat/2007/gridsat_2007.11.12.06.npz,data/interim/gridsat/2007/gridsat_2007.11.12.09.npz,data/interim/gridsat/2007/gridsat_2007.11.12.12.npz,11.5,90.0,55.0,992.0,SCS,12.0,89.5,90.0,968.0,VSCS,13.0,89.5,90.0,964.0,VSCS,16.0,89.0,90.0,964.0,VSCS
NIO_2007_UNNAMED_2_12_1_20071112_1500Z,NIO_2007_UNNAMED_2_12_1,TRAIN,2007-11-12T15:00:00+00:00,data/interim/gridsat/2007/gridsat_2007.11.12.00.npz,data/interim/gridsat/2007/gridsat_2007.11.12.03.npz,data/interim/gridsat/2007/gridsat_2007.11.12.06.npz,data/interim/gridsat/2007/gridsat_2007.11.12.09.npz,data/interim/gridsat/2007/gridsat_2007.11.12.12.npz,data/interim/gridsat/2007/gridsat_2007.11.12.15.npz,11.5,90.0,55.0,992.0,SCS,12.0,89.5,90.0,968.0,VSCS,13.0,89.5,90.0,964.0,VSCS,16.0,89.0,90.0,964.0,VSCS
NIO_2007_UNNAMED_2_12_1_20071112_1800Z,NIO_2007_UNNAMED_2_12_1,TRAIN,2007-11-12T18:00:00+00:00,data/interim/gridsat/2007/gridsat_2007.11.12.03.npz,data/interim/gridsat/2007/gridsat_2007.11.12.06.npz,data/interim/gridsat/2007/gridsat_2007.11.12.09.npz,data/interim/gridsat/2007/gridsat_2007.11.12.12.npz,data/interim/gridsat/2007/gridsat_2007.11.12.15.npz,data/interim/gridsat/2007/gridsat_2007.11.12.18.npz,11.5,90.0,65.0,986.0,VSCS,12.0,89.5,90.0,968.0,VSCS,13.5,89.5,90.0,964.0,VSCS,16.5,89.0,105.0,956.0,VSCS
NIO_2007_UNNAMED_2_12_1_20071112_2100Z,NIO_2007_UNNAMED_2_12_1,TRAIN,2007-11-12T21:00:00+00:00,data/interim/gridsat/2007/gridsat_2007.11.12.06.npz,data/interim/gridsat/2007/gridsat_2007.11.12.09.npz,data/interim/gridsat/2007/gridsat_2007.11.12.12.npz,data/interim/gridsat/2007/gridsat_2007.11.12.15.npz,data/interim/gridsat/2007/gridsat_2007.11.12.18.npz,data/interim/gridsat/2007/gridsat_2007.11.12.21.npz,11.5,90.0,80.0,980.0,VSCS,13.0,89.5,90.0,964.0,VSCS,14.0,89.5,90.0,964.0,VSCS,17.0,89.0,105.0,956.0,VSCS
NIO_2007_UNNAMED_2_12_1_20071113_0000Z,NIO_2007_UNNAMED_2_12_1,TRAIN,2007-11-13T00:00:00+00:00,data/interim/gridsat/2007/gridsat_2007.11.12.09.npz,data/interim/gridsat/2007/gridsat_2007.11.12.12.npz,data/interim/gridsat/2007/gridsat_2007.11.12.15.npz,data/interim/gridsat/2007/gridsat_2007.11.12.18.npz,data/interim/gridsat/2007/gridsat_2007.11.12.21.npz,data/interim/gridsat/2007/gridsat_2007.11.13.00.npz,12.0,89.5,90.0,968.0,VSCS,13.0,89.5,90.0,964.0,VSCS,14.5,89.5,90.0,964.0,VSCS,17.5,89.0,105.0,956.0,VSCS
NIO_2007_UNNAMED_2_12_1_20071113_0300Z,NIO_2007_UNNAMED_2_12_1,TRAIN,2007-11-13T03:00:00+00:00,data/interim/gridsat/2007/gridsat_2007.11.12.12.npz,data/interim/gridsat/2007/gridsat_2007.11.12.15.npz,data/interim/gridsat/2007/gridsat_2007.11.12.18.npz,data/interim/gridsat/2007/gridsat_2007.11.12.21.npz,data/interim/gridsat/2007/gridsat_2007.11.13.00.npz,data/interim/gridsat/2007/gridsat_2007.11.13.03.npz,12.0,89.5,90.0,968.0,VSCS,13.0,89.5,90.0,964.0,VSCS,14.5,89.5,90.0,964.0,VSCS,18.0,89.0,115.0,944.0,VSCS
NIO_2007_UNNAMED_2_12_1_20071113_0600Z,NIO_2007_UNNAMED_2_12_1,TRAIN,2007-11-13T06:00:00+00:00,data/interim/gridsat/2007/gridsat_2007.11.12.15.npz,data/interim/gridsat/2007/gridsat_2007.11.12.18.npz,data/interim/gridsat/2007/gridsat_2007.11.12.21.npz,data/interim/gridsat/2007/gridsat_2007.11.13.00.npz,data/interim/gridsat/2007/gridsat_2007.11.13.03.npz,data/interim/gridsat/2007/gridsat_2007.11.13.06.npz,12.0,89.5,90.0,968.0,VSCS,13.5,89.5,90.0,964.0,VSCS,15.0,89.5,90.0,964.0,VSCS,19.5,89.0,115.0,944.0,VSCS
NIO_2007_UNNAMED_2_12_1_20071113_0900Z,NIO_2007_UNNAMED_2_12_1,TRAIN,2007-11-13T09:00:00+00:00,data/interim/gridsat/2007/gridsat_2007.11.12.18.npz,data/interim/gridsat/2007/gridsat_2007.11.12.21.npz,data/interim/gridsat/2007/gridsat_2007.11.13.00.npz,data/interim/gridsat/2007/gridsat_2007.11.13.03.npz,data/interim/gridsat/2007/gridsat_2007.11.13.06.npz,data/interim/gridsat/2007/gridsat_2007.11.13.09.npz,13.0,89.5,90.0,964.0,VSCS,14.0,89.5,90.0,964.0,VSCS,15.5,89.5,90.0,964.0,VSCS,20.0,89.0,115.0,944.0,VSCS
NIO_2007_UNNAMED_2_12_1_20071113_1200Z,NIO_2007_UNNAMED_2_12_1,TRAIN,2007-11-13T12:00:00+00:00,data/interim/gridsat/2007/gridsat_2007.11.12.21.npz,data/interim/gridsat/2007/gridsat_2007.11.13.00.npz,data/interim/gridsat/2007/gridsat_2007.11.13.03.npz,data/interim/gridsat/2007/gridsat_2007.11.13.06.npz,data/interim/gridsat/2007/gridsat_2007.11.13.09.npz,data/interim/gridsat/2007/gridsat_2007.11.13.12.npz,13.0,89.5,90.0,964.0,VSCS,14.5,89.5,90.0,964.0,VSCS,16.0,89.0,90.0,964.0,VSCS,21.0,89.0,115.0,944.0,VSCS
NIO_2007_UNNAMED_2_12_1_20071113_1500Z,NIO_2007_UNNAMED_2_12_1,TRAIN,2007-11-13T15:00:00+00:00,data/interim/gridsat/2007/gridsat_2007.11.13.00.npz,data/interim/gridsat/2007/gridsat_2007.11.13.03.npz,data/interim/gridsat/2007/gridsat_2007.11.13.06.npz,data/interim/gridsat/2007/gridsat_2007.11.13.09.npz,data/interim/gridsat/2007/gridsat_2007.11.13.12.npz,data/interim/gridsat/2007/gridsat_2007.11.13.15.npz,13.0,89.5,90.0,964.0,VSCS,14.5,89.5,90.0,964.0,VSCS,16.0,89.0,90.0,964.0,VSCS,21.5,89.5,115.0,944.0,VSCS
NIO_2007_UNNAMED_2_12_1_20071113_1800Z,NIO_2007_UNNAMED_2_12_1,TRAIN,2007-11-13T18:00:00+00:00,data/interim/gridsat/2007/gridsat_2007.11.13.03.npz,data/interim/gridsat/2007/gridsat_2007.11.13.06.npz,data/interim/gridsat/2007/gridsat_2007.11.13.09.npz,data/interim/gridsat/2007/gridsat_2007.11.13.12.npz,data/interim/gridsat/2007/gridsat_2007.11.13.15.npz,data/interim/gridsat/2007/gridsat_2007.11.13.18.npz,13.5,89.5,90.0,964.0,VSCS,15.0,89.5,90.0,964.0,VSCS,16.5,89.0,105.0,956.0,VSCS,22.5,90.5,,,VSCS
NIO_2007_UNNAMED_2_12_1_20071113_2100Z,NIO_2007_UNNAMED_2_12_1,TRAIN,2007-11-13T21:00:00+00:00,data/interim/gridsat/2007/gridsat_2007.11.13.06.npz,data/interim/gridsat/2007/gridsat_2007.11.13.09.npz,data/interim/gridsat/2007/gridsat_2007.11.13.12.npz,data/interim/gridsat/2007/gridsat_2007.11.13.15.npz,data/interim/gridsat/2007/gridsat_2007.11.13.18.npz,data/interim/gridsat/2007/gridsat_2007.11.13.21.npz,14.0,89.5,90.0,964.0,VSCS,15.5,89.5,90.0,964.0,VSCS,17.0,89.0,105.0,956.0,VSCS,23.5,91.0,,,CS
NIO_2007_UNNAMED_2_12_1_20071114_0000Z,NIO_2007_UNNAMED_2_12_1,TRAIN,2007-11-14T00:00:00+00:00,data/interim/gridsat/2007/gridsat_2007.11.13.09.npz,data/interim/gridsat/2007/gridsat_2007.11.13.12.npz,data/interim/gridsat/2007/gridsat_2007.11.13.15.npz,data/interim/gridsat/2007/gridsat_2007.11.13.18.npz,data/interim/gridsat/2007/gridsat_2007.11.13.21.npz,data/interim/gridsat/2007/gridsat_2007.11.14.00.npz,14.5,89.5,90.0,964.0,VSCS,16.0,89.0,90.0,964.0,VSCS,17.5,89.0,105.0,956.0,VSCS,23.5,91.0,,,CS
NIO_2007_UNNAMED_2_12_1_20071114_0300Z,NIO_2007_UNNAMED_2_12_1,TRAIN,2007-11-14T03:00:00+00:00,data/interim/gridsat/2007/gridsat_2007.11.13.12.npz,data/interim/gridsat/2007/gridsat_2007.11.13.15.npz,data/interim/gridsat/2007/gridsat_2007.11.13.18.npz,data/interim/gridsat/2007/gridsat_2007.11.13.21.npz,data/interim/gridsat/2007/gridsat_2007.11.14.00.npz,data/interim/gridsat/2007/gridsat_2007.11.14.03.npz,14.5,89.5,90.0,964.0,VSCS,16.0,89.0,90.0,964.0,VSCS,18.0,89.0,115.0,944.0,VSCS,24.5,91.5,,,D
NIO_2007_UNNAMED_2_3_1_20070601_2100Z,NIO_2007_UNNAMED_2_3_1,TRAIN,2007-06-01T21:00:00+00:00,data/interim/gridsat/2007/gridsat_2007.06.01.06.npz,data/interim/gridsat/2007/gridsat_2007.06.01.09.npz,data/interim/gridsat/2007/gridsat_2007.06.01.12.npz,data/interim/gridsat/2007/gridsat_2007.06.01.15.npz,data/interim/gridsat/2007/gridsat_2007.06.01.18.npz,data/interim/gridsat/2007/gridsat_2007.06.01.21.npz,15.0,68.0,25.0,1002.0,D,15.0,67.0,35.0,998.0,CS,15.0,66.5,45.0,992.0,CS,18.0,66.0,65.0,980.0,VSCS
NIO_2007_UNNAMED_2_3_1_20070602_0000Z,NIO_2007_UNNAMED_2_3_1,TRAIN,2007-06-02T00:00:00+00:00,data/interim/gridsat/2007/gridsat_2007.06.01.09.npz,data/interim/gridsat/2007/gridsat_2007.06.01.12.npz,data/interim/gridsat/2007/gridsat_2007.06.01.15.npz,data/interim/gridsat/2007/gridsat_2007.06.01.18.npz,data/interim/gridsat/2007/gridsat_2007.06.01.21.npz,data/interim/gridsat/2007/gridsat_2007.06.02.00.npz,15.0,68.0,25.0,1002.0,D,15.0,67.0,45.0,992.0,CS,15.5,66.5,55.0,988.0,SCS,18.5,65.0,77.0,974.0,VSCS
NIO_2007_UNNAMED_2_3_1_20070602_0300Z,NIO_2007_UNNAMED_2_3_1,TRAIN,2007-06-02T03:00:00+00:00,data/interim/gridsat/2007/gridsat_2007.06.01.12.npz,data/interim/gridsat/2007/gridsat_2007.06.01.15.npz,data/interim/gridsat/2007/gridsat_2007.06.01.18.npz,data/interim/gridsat/2007/gridsat_2007.06.01.21.npz,data/interim/gridsat/2007/gridsat_2007.06.02.00.npz,data/interim/gridsat/2007/gridsat_2007.06.02.03.npz,15.0,67.5,30.0,1000.0,DD,15.0,67.0,45.0,992.0,CS,15.5,66.5,55.0,988.0,SCS,18.5,65.0,90.0,960.0,VSCS
NIO_2007_UNNAMED_2_3_1_20070602_0900Z,NIO_2007_UNNAMED_2_3_1,TRAIN,2007-06-02T09:00:00+00:00,data/interim/gridsat/2007/gridsat_2007.06.01.18.npz,data/interim/gridsat/2007/gridsat_2007.06.01.21.npz,data/interim/gridsat/2007/gridsat_2007.06.02.00.npz,data/interim/gridsat/2007/gridsat_2007.06.02.03.npz,data/interim/gridsat/2007/gridsat_2007.06.02.06.npz,data/interim/gridsat/2007/gridsat_2007.06.02.09.npz,15.0,67.0,35.0,998.0,CS,15.0,66.5,45.0,992.0,CS,16.5,66.5,55.0,988.0,SCS,19.5,64.5,115.0,934.0,VSCS
NIO_2007_UNNAMED_2_3_1_20070602_1200Z,NIO_2007_UNNAMED_2_3_1,TRAIN,2007-06-02T12:00:00+00:00,data/interim/gridsat/2007/gridsat_2007.06.01.21.npz,data/interim/gridsat/2007/gridsat_2007.06.02.00.npz,data/interim/gridsat/2007/gridsat_2007.06.02.03.npz,data/interim/gridsat/2007/gridsat_2007.06.02.06.npz,data/interim/gridsat/2007/gridsat_2007.06.02.09.npz,data/interim/gridsat/2007/gridsat_2007.06.02.12.npz,15.0,67.0,45.0,992.0,CS,15.5,66.5,55.0,988.0,SCS,17.5,66.5,55.0,988.0,SCS,20.0,64.0,115.0,934.0,VSCS
NIO_2007_UNNAMED_2_3_1_20070602_1500Z,NIO_2007_UNNAMED_2_3_1,TRAIN,2007-06-02T15:00:00+00:00,data/interim/gridsat/2007/gridsat_2007.06.02.00.npz,data/interim/gridsat/2007/gridsat_2007.06.02.03.npz,data/interim/gridsat/2007/gridsat_2007.06.02.06.npz,data/interim/gridsat/2007/gridsat_2007.06.02.09.npz,data/interim/gridsat/2007/gridsat_2007.06.02.12.npz,data/interim/gridsat/2007/gridsat_2007.06.02.15.npz,15.0,67.0,45.0,992.0,CS,15.5,66.5,55.0,988.0,SCS,17.5,66.5,55.0,988.0,SCS,20.0,64.0,127.0,920.0,SuCS
NIO_2007_UNNAMED_2_3_1_20070602_1800Z,NIO_2007_UNNAMED_2_3_1,TRAIN,2007-06-02T18:00:00+00:00,data/interim/gridsat/2007/gridsat_2007.06.02.03.npz,data/interim/gridsat/2007/gridsat_2007.06.02.06.npz,data/interim/gridsat/2007/gridsat_2007.06.02.09.npz,data/interim/gridsat/2007/gridsat_2007.06.02.12.npz,data/interim/gridsat/2007/gridsat_2007.06.02.15.npz,data/interim/gridsat/2007/gridsat_2007.06.02.18.npz,15.0,67.0,45.0,992.0,CS,16.0,66.5,55.0,988.0,SCS,18.0,66.0,65.0,980.0,VSCS,20.5,63.5,127.0,920.0,SuCS
NIO_2007_UNNAMED_2_3_1_20070602_2100Z,NIO_2007_UNNAMED_2_3_1,TRAIN,2007-06-02T21:00:00+00:00,data/interim/gridsat/2007/gridsat_2007.06.02.06.npz,data/interim/gridsat/2007/gridsat_2007.06.02.09.npz,data/interim/gridsat/2007/gridsat_2007.06.02.12.npz,data/interim/gridsat/2007/gridsat_2007.06.02.15.npz,data/interim/gridsat/2007/gridsat_2007.06.02.18.npz,data/interim/gridsat/2007/gridsat_2007.06.02.21.npz,15.0,66.5,45.0,992.0,CS,16.5,66.5,55.0,988.0,SCS,18.0,66.0,65.0,980.0,VSCS,20.5,63.5,115.0,935.0,VSCS
NIO_2007_UNNAMED_2_3_1_20070603_0000Z,NIO_2007_UNNAMED_2_3_1,TRAIN,2007-06-03T00:00:00+00:00,data/interim/gridsat/2007/gridsat_2007.06.02.09.npz,data/interim/gridsat/2007/gridsat_2007.06.02.12.npz,data/interim/gridsat/2007/gridsat_2007.06.02.15.npz,data/interim/gridsat/2007/gridsat_2007.06.02.18.npz,data/interim/gridsat/2007/gridsat_2007.06.02.21.npz,data/interim/gridsat/2007/gridsat_2007.06.03.00.npz,15.5,66.5,55.0,988.0,SCS,17.5,66.5,55.0,988.0,SCS,18.5,65.0,77.0,974.0,VSCS,20.5,63.0,115.0,936.0,VSCS
NIO_2007_UNNAMED_2_3_1_20070603_0300Z,NIO_2007_UNNAMED_2_3_1,TRAIN,2007-06-03T03:00:00+00:00,data/interim/gridsat/2007/gridsat_2007.06.02.12.npz,data/interim/gridsat/2007/gridsat_2007.06.02.15.npz,data/interim/gridsat/2007/gridsat_2007.06.02.18.npz,data/interim/gridsat/2007/gridsat_2007.06.02.21.npz,data/interim/gridsat/2007/gridsat_2007.06.03.00.npz,data/interim/gridsat/2007/gridsat_2007.06.03.03.npz,15.5,66.5,55.0,988.0,SCS,17.5,66.5,55.0,988.0,SCS,18.5,65.0,90.0,960.0,VSCS,21.0,62.0,115.0,936.0,VSCS
NIO_2007_UNNAMED_2_3_1_20070603_0600Z,NIO_2007_UNNAMED_2_3_1,TRAIN,2007-06-03T06:00:00+00:00,data/interim/gridsat/2007/gridsat_2007.06.02.15.npz,data/interim/gridsat/2007/gridsat_2007.06.02.18.npz,data/interim/gridsat/2007/gridsat_2007.06.02.21.npz,data/interim/gridsat/2007/gridsat_2007.06.03.00.npz,data/interim/gridsat/2007/gridsat_2007.06.03.03.npz,data/interim/gridsat/2007/gridsat_2007.06.03.06.npz,16.0,66.5,55.0,988.0,SCS,18.0,66.0,65.0,980.0,VSCS,19.0,64.5,102.0,952.0,VSCS,21.5,61.5,102.0,950.0,VSCS
NIO_2007_UNNAMED_2_3_1_20070603_0900Z,NIO_2007_UNNAMED_2_3_1,TRAIN,2007-06-03T09:00:00+00:00,data/interim/gridsat/2007/gridsat_2007.06.02.18.npz,data/interim/gridsat/2007/gridsat_2007.06.02.21.npz,data/interim/gridsat/2007/gridsat_2007.06.03.00.npz,data/interim/gridsat/2007/gridsat_2007.06.03.03.npz,data/interim/gridsat/2007/gridsat_2007.06.03.06.npz,data/interim/gridsat/2007/gridsat_2007.06.03.09.npz,16.5,66.5,55.0,988.0,SCS,18.0,66.0,65.0,980.0,VSCS,19.5,64.5,115.0,934.0,VSCS,21.5,61.0,102.0,950.0,VSCS
NIO_2007_UNNAMED_2_3_1_20070603_1200Z,NIO_2007_UNNAMED_2_3_1,TRAIN,2007-06-03T12:00:00+00:00,data/interim/gridsat/2007/gridsat_2007.06.02.21.npz,data/interim/gridsat/2007/gridsat_2007.06.03.00.npz,data/interim/gridsat/2007/gridsat_2007.06.03.03.npz,data/interim/gridsat/2007/gridsat_2007.06.03.06.npz,data/interim/gridsat/2007/gridsat_2007.06.03.09.npz,data/interim/gridsat/2007/gridsat_2007.06.03.12.npz,17.5,66.5,55.0,988.0,SCS,18.5,65.0,77.0,974.0,VSCS,20.0,64.0,115.0,934.0,VSCS,21.5,61.0,90.0,960.0,VSCS
NIO_2007_UNNAMED_2_3_1_20070603_1500Z,NIO_2007_UNNAMED_2_3_1,TRAIN,2007-06-03T15:00:00+00:00,data/interim/gridsat/2007/gridsat_2007.06.03.00.npz,data/interim/gridsat/2007/gridsat_2007.06.03.03.npz,data/interim/gridsat/2007/gridsat_2007.06.03.06.npz,data/interim/gridsat/2007/gridsat_2007.06.03.09.npz,data/interim/gridsat/2007/gridsat_2007.06.03.12.npz,data/interim/gridsat/2007/gridsat_2007.06.03.15.npz,17.5,66.5,55.0,988.0,SCS,18.5,65.0,90.0,960.0,VSCS,20.0,64.0,127.0,920.0,SuCS,22.0,61.0,77.0,970.0,VSCS
NIO_2007_UNNAMED_2_3_1_20070603_1800Z,NIO_2007_UNNAMED_2_3_1,TRAIN,2007-06-03T18:00:00+00:00,data/interim/gridsat/2007/gridsat_2007.06.03.03.npz,data/interim/gridsat/2007/gridsat_2007.06.03.06.npz,data/interim/gridsat/2007/gridsat_2007.06.03.09.npz,data/interim/gridsat/2007/gridsat_2007.06.03.12.npz,data/interim/gridsat/2007/gridsat_2007.06.03.15.npz,data/interim/gridsat/2007/gridsat_2007.06.03.18.npz,18.0,66.0,65.0,980.0,VSCS,19.0,64.5,102.0,952.0,VSCS,20.5,63.5,127.0,920.0,SuCS,22.0,60.5,77.0,970.0,VSCS
NIO_2007_UNNAMED_2_3_1_20070603_2100Z,NIO_2007_UNNAMED_2_3_1,TRAIN,2007-06-03T21:00:00+00:00,data/interim/gridsat/2007/gridsat_2007.06.03.06.npz,data/interim/gridsat/2007/gridsat_2007.06.03.09.npz,data/interim/gridsat/2007/gridsat_2007.06.03.12.npz,data/interim/gridsat/2007/gridsat_2007.06.03.15.npz,data/interim/gridsat/2007/gridsat_2007.06.03.18.npz,data/interim/gridsat/2007/gridsat_2007.06.03.21.npz,18.0,66.0,65.0,980.0,VSCS,19.5,64.5,115.0,934.0,VSCS,20.5,63.5,115.0,935.0,VSCS,22.5,60.5,77.0,970.0,VSCS
NIO_2007_UNNAMED_2_3_1_20070604_0000Z,NIO_2007_UNNAMED_2_3_1,TRAIN,2007-06-04T00:00:00+00:00,data/interim/gridsat/2007/gridsat_2007.06.03.09.npz,data/interim/gridsat/2007/gridsat_2007.06.03.12.npz,data/interim/gridsat/2007/gridsat_2007.06.03.15.npz,data/interim/gridsat/2007/gridsat_2007.06.03.18.npz,data/interim/gridsat/2007/gridsat_2007.06.03.21.npz,data/interim/gridsat/2007/gridsat_2007.06.04.00.npz,18.5,65.0,77.0,974.0,VSCS,20.0,64.0,115.0,934.0,VSCS,20.5,63.0,115.0,936.0,VSCS,22.5,59.5,77.0,970.0,VSCS
NIO_2007_UNNAMED_2_3_1_20070604_0300Z,NIO_2007_UNNAMED_2_3_1,TRAIN,2007-06-04T03:00:00+00:00,data/interim/gridsat/2007/gridsat_2007.06.03.12.npz,data/interim/gridsat/2007/gridsat_2007.06.03.15.npz,data/interim/gridsat/2007/gridsat_2007.06.03.18.npz,data/interim/gridsat/2007/gridsat_2007.06.03.21.npz,data/interim/gridsat/2007/gridsat_2007.06.04.00.npz,data/interim/gridsat/2007/gridsat_2007.06.04.03.npz,18.5,65.0,90.0,960.0,VSCS,20.0,64.0,127.0,920.0,SuCS,21.0,62.0,115.0,936.0,VSCS,23.0,59.0,77.0,970.0,VSCS
NIO_2007_UNNAMED_2_3_1_20070604_0600Z,NIO_2007_UNNAMED_2_3_1,TRAIN,2007-06-04T06:00:00+00:00,data/interim/gridsat/2007/gridsat_2007.06.03.15.npz,data/interim/gridsat/2007/gridsat_2007.06.03.18.npz,data/interim/gridsat/2007/gridsat_2007.06.03.21.npz,data/interim/gridsat/2007/gridsat_2007.06.04.00.npz,data/interim/gridsat/2007/gridsat_2007.06.04.03.npz,data/interim/gridsat/2007/gridsat_2007.06.04.06.npz,19.0,64.5,102.0,952.0,VSCS,20.5,63.5,127.0,920.0,SuCS,21.5,61.5,102.0,950.0,VSCS,23.5,59.5,77.0,970.0,VSCS
NIO_2007_UNNAMED_2_3_1_20070604_0900Z,NIO_2007_UNNAMED_2_3_1,TRAIN,2007-06-04T09:00:00+00:00,data/interim/gridsat/2007/gridsat_2007.06.03.18.npz,data/interim/gridsat/2007/gridsat_2007.06.03.21.npz,data/interim/gridsat/2007/gridsat_2007.06.04.00.npz,data/interim/gridsat/2007/gridsat_2007.06.04.03.npz,data/interim/gridsat/2007/gridsat_2007.06.04.06.npz,data/interim/gridsat/2007/gridsat_2007.06.04.09.npz,19.5,64.5,115.0,934.0,VSCS,20.5,63.5,115.0,935.0,VSCS,21.5,61.0,102.0,950.0,VSCS,23.5,59.5,77.0,970.0,VSCS
NIO_2007_UNNAMED_2_3_1_20070604_1200Z,NIO_2007_UNNAMED_2_3_1,TRAIN,2007-06-04T12:00:00+00:00,data/interim/gridsat/2007/gridsat_2007.06.03.21.npz,data/interim/gridsat/2007/gridsat_2007.06.04.00.npz,data/interim/gridsat/2007/gridsat_2007.06.04.03.npz,data/interim/gridsat/2007/gridsat_2007.06.04.06.npz,data/interim/gridsat/2007/gridsat_2007.06.04.09.npz,data/interim/gridsat/2007/gridsat_2007.06.04.12.npz,20.0,64.0,115.0,934.0,VSCS,20.5,63.0,115.0,936.0,VSCS,21.5,61.0,90.0,960.0,VSCS,24.0,59.0,77.0,970.0,VSCS
NIO_2007_UNNAMED_2_3_1_20070604_1500Z,NIO_2007_UNNAMED_2_3_1,TRAIN,2007-06-04T15:00:00+00:00,data/interim/gridsat/2007/gridsat_2007.06.04.00.npz,data/interim/gridsat/2007/gridsat_2007.06.04.03.npz,data/interim/gridsat/2007/gridsat_2007.06.04.06.npz,data/interim/gridsat/2007/gridsat_2007.06.04.09.npz,data/interim/gridsat/2007/gridsat_2007.06.04.12.npz,data/interim/gridsat/2007/gridsat_2007.06.04.15.npz,20.0,64.0,127.0,920.0,SuCS,21.0,62.0,115.0,936.0,VSCS,22.0,61.0,77.0,970.0,VSCS,24.0,59.0,77.0,970.0,VSCS
NIO_2007_UNNAMED_2_3_1_20070604_1800Z,NIO_2007_UNNAMED_2_3_1,TRAIN,2007-06-04T18:00:00+00:00,data/interim/gridsat/2007/gridsat_2007.06.04.03.npz,data/interim/gridsat/2007/gridsat_2007.06.04.06.npz,data/interim/gridsat/2007/gridsat_2007.06.04.09.npz,data/interim/gridsat/2007/gridsat_2007.06.04.12.npz,data/interim/gridsat/2007/gridsat_2007.06.04.15.npz,data/interim/gridsat/2007/gridsat_2007.06.04.18.npz,20.5,63.5,127.0,920.0,SuCS,21.5,61.5,102.0,950.0,VSCS,22.0,60.5,77.0,970.0,VSCS,24.5,59.0,65.0,978.0,VSCS
NIO_2007_UNNAMED_2_3_1_20070604_2100Z,NIO_2007_UNNAMED_2_3_1,TRAIN,2007-06-04T21:00:00+00:00,data/interim/gridsat/2007/gridsat_2007.06.04.06.npz,data/interim/gridsat/2007/gridsat_2007.06.04.09.npz,data/interim/gridsat/2007/gridsat_2007.06.04.12.npz,data/interim/gridsat/2007/gridsat_2007.06.04.15.npz,data/interim/gridsat/2007/gridsat_2007.06.04.18.npz,data/interim/gridsat/2007/gridsat_2007.06.04.21.npz,20.5,63.5,115.0,935.0,VSCS,21.5,61.0,102.0,950.0,VSCS,22.5,60.5,77.0,970.0,VSCS,25.0,59.0,55.0,984.0,SCS
NIO_2007_UNNAMED_2_3_1_20070605_0000Z,NIO_2007_UNNAMED_2_3_1,TRAIN,2007-06-05T00:00:00+00:00,data/interim/gridsat/2007/gridsat_2007.06.04.09.npz,data/interim/gridsat/2007/gridsat_2007.06.04.12.npz,data/interim/gridsat/2007/gridsat_2007.06.04.15.npz,data/interim/gridsat/2007/gridsat_2007.06.04.18.npz,data/interim/gridsat/2007/gridsat_2007.06.04.21.npz,data/interim/gridsat/2007/gridsat_2007.06.05.00.npz,20.5,63.0,115.0,936.0,VSCS,21.5,61.0,90.0,960.0,VSCS,22.5,59.5,77.0,970.0,VSCS,25.0,59.0,45.0,988.0,CS
NIO_2007_UNNAMED_2_3_1_20070605_0300Z,NIO_2007_UNNAMED_2_3_1,TRAIN,2007-06-05T03:00:00+00:00,data/interim/gridsat/2007/gridsat_2007.06.04.12.npz,data/interim/gridsat/2007/gridsat_2007.06.04.15.npz,data/interim/gridsat/2007/gridsat_2007.06.04.18.npz,data/interim/gridsat/2007/gridsat_2007.06.04.21.npz,data/interim/gridsat/2007/gridsat_2007.06.05.00.npz,data/interim/gridsat/2007/gridsat_2007.06.05.03.npz,21.0,62.0,115.0,936.0,VSCS,22.0,61.0,77.0,970.0,VSCS,23.0,59.0,77.0,970.0,VSCS,25.5,58.5,45.0,988.0,CS
NIO_2007_UNNAMED_2_6_1_20070628_0000Z,NIO_2007_UNNAMED_2_6_1,TRAIN,2007-06-28T00:00:00+00:00,data/interim/gridsat/2007/gridsat_2007.06.27.09.npz,data/interim/gridsat/2007/gridsat_2007.06.27.12.npz,data/interim/gridsat/2007/gridsat_2007.06.27.15.npz,data/interim/gridsat/2007/gridsat_2007.06.27.18.npz,data/interim/gridsat/2007/gridsat_2007.06.27.21.npz,data/interim/gridsat/2007/gridsat_2007.06.28.00.npz,18.5,87.0,25.0,988.0,D,19.0,86.0,30.0,986.0,DD,19.5,86.0,30.0,986.0,DD,21.5,81.5,30.0,990.0,DD
NIO_2007_UNNAMED_2_6_1_20070628_0300Z,NIO_2007_UNNAMED_2_6_1,TRAIN,2007-06-28T03:00:00+00:00,data/interim/gridsat/2007/gridsat_2007.06.27.12.npz,data/interim/gridsat/2007/gridsat_2007.06.27.15.npz,data/interim/gridsat/2007/gridsat_2007.06.27.18.npz,data/interim/gridsat/2007/gridsat_2007.06.27.21.npz,data/interim/gridsat/2007/gridsat_2007.06.28.00.npz,data/interim/gridsat/2007/gridsat_2007.06.28.03.npz,18.5,87.0,30.0,986.0,DD,19.0,86.0,30.0,986.0,DD,20.0,86.0,30.0,988.0,DD,22.0,81.0,25.0,992.0,D
NIO_2007_UNNAMED_2_6_1_20070628_0600Z,NIO_2007_UNNAMED_2_6_1,TRAIN,2007-06-28T06:00:00+00:00,data/interim/gridsat/2007/gridsat_2007.06.27.15.npz,data/interim/gridsat/2007/gridsat_2007.06.27.18.npz,data/interim/gridsat/2007/gridsat_2007.06.27.21.npz,data/interim/gridsat/2007/gridsat_2007.06.28.00.npz,data/interim/gridsat/2007/gridsat_2007.06.28.03.npz,data/interim/gridsat/2007/gridsat_2007.06.28.06.npz,18.5,87.0,30.0,986.0,DD,19.0,86.0,30.0,986.0,DD,20.5,85.5,30.0,988.0,DD,22.0,81.0,25.0,992.0,D
NIO_2007_UNNAMED_2_6_1_20070628_0900Z,NIO_2007_UNNAMED_2_6_1,TRAIN,2007-06-28T09:00:00+00:00,data/interim/gridsat/2007/gridsat_2007.06.27.18.npz,data/interim/gridsat/2007/gridsat_2007.06.27.21.npz,data/interim/gridsat/2007/gridsat_2007.06.28.00.npz,data/interim/gridsat/2007/gridsat_2007.06.28.03.npz,data/interim/gridsat/2007/gridsat_2007.06.28.06.npz,data/interim/gridsat/2007/gridsat_2007.06.28.09.npz,19.0,86.5,30.0,988.0,DD,19.5,86.0,30.0,986.0,DD,20.5,85.0,30.0,988.0,DD,22.5,81.0,25.0,992.0,D
NIO_2007_UNNAMED_2_6_1_20070628_1200Z,NIO_2007_UNNAMED_2_6_1,TRAIN,2007-06-28T12:00:00+00:00,data/interim/gridsat/2007/gridsat_2007.06.27.21.npz,data/interim/gridsat/2007/gridsat_2007.06.28.00.npz,data/interim/gridsat/2007/gridsat_2007.06.28.03.npz,data/interim/gridsat/2007/gridsat_2007.06.28.06.npz,data/interim/gridsat/2007/gridsat_2007.06.28.09.npz,data/interim/gridsat/2007/gridsat_2007.06.28.12.npz,19.0,86.0,30.0,986.0,DD,19.5,86.0,30.0,986.0,DD,20.5,84.5,30.0,988.0,DD,22.5,80.5,25.0,992.0,D
NIO_2008_NARGIS_20080427_0300Z,NIO_2008_NARGIS,TRAIN,2008-04-27T03:00:00+00:00,data/interim/gridsat/2008/gridsat_2008.04.26.12.npz,data/interim/gridsat/2008/gridsat_2008.04.26.15.npz,data/interim/gridsat/2008/gridsat_2008.04.26.18.npz,data/interim/gridsat/2008/gridsat_2008.04.26.21.npz,data/interim/gridsat/2008/gridsat_2008.04.27.00.npz,data/interim/gridsat/2008/gridsat_2008.04.27.03.npz,12.0,87.0,25.0,1000.0,D,12.0,86.5,30.0,994.0,DD,13.0,85.5,40.0,994.0,CS,13.5,85.5,65.0,980.0,VSCS
NIO_2008_NARGIS_20080427_0600Z,NIO_2008_NARGIS,TRAIN,2008-04-27T06:00:00+00:00,data/interim/gridsat/2008/gridsat_2008.04.26.15.npz,data/interim/gridsat/2008/gridsat_2008.04.26.18.npz,data/interim/gridsat/2008/gridsat_2008.04.26.21.npz,data/interim/gridsat/2008/gridsat_2008.04.27.00.npz,data/interim/gridsat/2008/gridsat_2008.04.27.03.npz,data/interim/gridsat/2008/gridsat_2008.04.27.06.npz,12.0,87.0,25.0,998.0,D,12.5,86.0,30.0,994.0,DD,13.0,85.5,45.0,990.0,CS,13.5,85.5,65.0,980.0,VSCS
NIO_2008_NARGIS_20080427_0900Z,NIO_2008_NARGIS,TRAIN,2008-04-27T09:00:00+00:00,data/interim/gridsat/2008/gridsat_2008.04.26.18.npz,data/interim/gridsat/2008/gridsat_2008.04.26.21.npz,data/interim/gridsat/2008/gridsat_2008.04.27.00.npz,data/interim/gridsat/2008/gridsat_2008.04.27.03.npz,data/interim/gridsat/2008/gridsat_2008.04.27.06.npz,data/interim/gridsat/2008/gridsat_2008.04.27.09.npz,12.0,86.5,25.0,998.0,D,13.0,85.5,30.0,994.0,DD,13.0,85.5,55.0,986.0,SCS,13.5,85.5,65.0,980.0,VSCS
NIO_2008_NARGIS_20080427_1200Z,NIO_2008_NARGIS,TRAIN,2008-04-27T12:00:00+00:00,data/interim/gridsat/2008/gridsat_2008.04.26.21.npz,data/interim/gridsat/2008/gridsat_2008.04.27.00.npz,data/interim/gridsat/2008/gridsat_2008.04.27.03.npz,data/interim/gridsat/2008/gridsat_2008.04.27.06.npz,data/interim/gridsat/2008/gridsat_2008.04.27.09.npz,data/interim/gridsat/2008/gridsat_2008.04.27.12.npz,12.0,86.5,30.0,998.0,DD,13.0,85.5,35.0,994.0,CS,13.0,85.5,55.0,986.0,SCS,14.0,85.5,65.0,980.0,VSCS
NIO_2008_NARGIS_20080427_1500Z,NIO_2008_NARGIS,TRAIN,2008-04-27T15:00:00+00:00,data/interim/gridsat/2008/gridsat_2008.04.27.00.npz,data/interim/gridsat/2008/gridsat_2008.04.27.03.npz,data/interim/gridsat/2008/gridsat_2008.04.27.06.npz,data/interim/gridsat/2008/gridsat_2008.04.27.09.npz,data/interim/gridsat/2008/gridsat_2008.04.27.12.npz,data/interim/gridsat/2008/gridsat_2008.04.27.15.npz,12.0,86.5,30.0,994.0,DD,13.0,85.5,40.0,994.0,CS,13.0,85.5,55.0,986.0,SCS,14.0,85.5,65.0,980.0,VSCS
NIO_2008_NARGIS_20080427_1800Z,NIO_2008_NARGIS,TRAIN,2008-04-27T18:00:00+00:00,data/interim/gridsat/2008/gridsat_2008.04.27.03.npz,data/interim/gridsat/2008/gridsat_2008.04.27.06.npz,data/interim/gridsat/2008/gridsat_2008.04.27.09.npz,data/interim/gridsat/2008/gridsat_2008.04.27.12.npz,data/interim/gridsat/2008/gridsat_2008.04.27.15.npz,data/interim/gridsat/2008/gridsat_2008.04.27.18.npz,12.5,86.0,30.0,994.0,DD,13.0,85.5,45.0,990.0,CS,13.0,85.5,55.0,986.0,SCS,14.0,85.5,65.0,980.0,VSCS
NIO_2008_NARGIS_20080427_2100Z,NIO_2008_NARGIS,TRAIN,2008-04-27T21:00:00+00:00,data/interim/gridsat/2008/gridsat_2008.04.27.06.npz,data/interim/gridsat/2008/gridsat_2008.04.27.09.npz,data/interim/gridsat/2008/gridsat_2008.04.27.12.npz,data/interim/gridsat/2008/gridsat_2008.04.27.15.npz,data/interim/gridsat/2008/gridsat_2008.04.27.18.npz,data/interim/gridsat/2008/gridsat_2008.04.27.21.npz,13.0,85.5,30.0,994.0,DD,13.0,85.5,55.0,986.0,SCS,13.0,85.5,55.0,986.0,SCS,14.0,86.0,65.0,980.0,VSCS
NIO_2008_NARGIS_20080428_0000Z,NIO_2008_NARGIS,TRAIN,2008-04-28T00:00:00+00:00,data/interim/gridsat/2008/gridsat_2008.04.27.09.npz,data/interim/gridsat/2008/gridsat_2008.04.27.12.npz,data/interim/gridsat/2008/gridsat_2008.04.27.15.npz,data/interim/gridsat/2008/gridsat_2008.04.27.18.npz,data/interim/gridsat/2008/gridsat_2008.04.27.21.npz,data/interim/gridsat/2008/gridsat_2008.04.28.00.npz,13.0,85.5,35.0,994.0,CS,13.0,85.5,55.0,986.0,SCS,13.0,85.5,55.0,986.0,SCS,14.0,86.0,65.0,980.0,VSCS
NIO_2008_NARGIS_20080428_0300Z,NIO_2008_NARGIS,TRAIN,2008-04-28T03:00:00+00:00,data/interim/gridsat/2008/gridsat_2008.04.27.12.npz,data/interim/gridsat/2008/gridsat_2008.04.27.15.npz,data/interim/gridsat/2008/gridsat_2008.04.27.18.npz,data/interim/gridsat/2008/gridsat_2008.04.27.21.npz,data/interim/gridsat/2008/gridsat_2008.04.28.00.npz,data/interim/gridsat/2008/gridsat_2008.04.28.03.npz,13.0,85.5,40.0,994.0,CS,13.0,85.5,55.0,986.0,SCS,13.5,85.5,65.0,980.0,VSCS,14.5,86.5,65.0,980.0,VSCS
NIO_2008_NARGIS_20080428_0600Z,NIO_2008_NARGIS,TRAIN,2008-04-28T06:00:00+00:00,data/interim/gridsat/2008/gridsat_2008.04.27.15.npz,data/interim/gridsat/2008/gridsat_2008.04.27.18.npz,data/interim/gridsat/2008/gridsat_2008.04.27.21.npz,data/interim/gridsat/2008/gridsat_2008.04.28.00.npz,data/interim/gridsat/2008/gridsat_2008.04.28.03.npz,data/interim/gridsat/2008/gridsat_2008.04.28.06.npz,13.0,85.5,45.0,990.0,CS,13.0,85.5,55.0,986.0,SCS,13.5,85.5,65.0,980.0,VSCS,14.5,86.5,65.0,980.0,VSCS
NIO_2008_NARGIS_20080428_0900Z,NIO_2008_NARGIS,TRAIN,2008-04-28T09:00:00+00:00,data/interim/gridsat/2008/gridsat_2008.04.27.18.npz,data/interim/gridsat/2008/gridsat_2008.04.27.21.npz,data/interim/gridsat/2008/gridsat_2008.04.28.00.npz,data/interim/gridsat/2008/gridsat_2008.04.28.03.npz,data/interim/gridsat/2008/gridsat_2008.04.28.06.npz,data/interim/gridsat/2008/gridsat_2008.04.28.09.npz,13.0,85.5,55.0,986.0,SCS,13.0,85.5,55.0,986.0,SCS,13.5,85.5,65.0,980.0,VSCS,14.5,87.0,65.0,980.0,VSCS
NIO_2008_NARGIS_20080428_1200Z,NIO_2008_NARGIS,TRAIN,2008-04-28T12:00:00+00:00,data/interim/gridsat/2008/gridsat_2008.04.27.21.npz,data/interim/gridsat/2008/gridsat_2008.04.28.00.npz,data/interim/gridsat/2008/gridsat_2008.04.28.03.npz,data/interim/gridsat/2008/gridsat_2008.04.28.06.npz,data/interim/gridsat/2008/gridsat_2008.04.28.09.npz,data/interim/gridsat/2008/gridsat_2008.04.28.12.npz,13.0,85.5,55.0,986.0,SCS,13.0,85.5,55.0,986.0,SCS,14.0,85.5,65.0,980.0,VSCS,14.5,87.0,65.0,980.0,VSCS
NIO_2008_NARGIS_20080428_1500Z,NIO_2008_NARGIS,TRAIN,2008-04-28T15:00:00+00:00,data/interim/gridsat/2008/gridsat_2008.04.28.00.npz,data/interim/gridsat/2008/gridsat_2008.04.28.03.npz,data/interim/gridsat/2008/gridsat_2008.04.28.06.npz,data/interim/gridsat/2008/gridsat_2008.04.28.09.npz,data/interim/gridsat/2008/gridsat_2008.04.28.12.npz,data/interim/gridsat/2008/gridsat_2008.04.28.15.npz,13.0,85.5,55.0,986.0,SCS,13.5,85.5,65.0,980.0,VSCS,14.0,85.5,65.0,980.0,VSCS,15.0,87.5,65.0,980.0,VSCS
NIO_2008_NARGIS_20080428_1800Z,NIO_2008_NARGIS,TRAIN,2008-04-28T18:00:00+00:00,data/interim/gridsat/2008/gridsat_2008.04.28.03.npz,data/interim/gridsat/2008/gridsat_2008.04.28.06.npz,data/interim/gridsat/2008/gridsat_2008.04.28.09.npz,data/interim/gridsat/2008/gridsat_2008.04.28.12.npz,data/interim/gridsat/2008/gridsat_2008.04.28.15.npz,data/interim/gridsat/2008/gridsat_2008.04.28.18.npz,13.0,85.5,55.0,986.0,SCS,13.5,85.5,65.0,980.0,VSCS,14.0,85.5,65.0,980.0,VSCS,15.0,87.5,65.0,980.0,VSCS
NIO_2008_NARGIS_20080428_2100Z,NIO_2008_NARGIS,TRAIN,2008-04-28T21:00:00+00:00,data/interim/gridsat/2008/gridsat_2008.04.28.06.npz,data/interim/gridsat/2008/gridsat_2008.04.28.09.npz,data/interim/gridsat/2008/gridsat_2008.04.28.12.npz,data/interim/gridsat/2008/gridsat_2008.04.28.15.npz,data/interim/gridsat/2008/gridsat_2008.04.28.18.npz,data/interim/gridsat/2008/gridsat_2008.04.28.21.npz,13.0,85.5,55.0,986.0,SCS,13.5,85.5,65.0,980.0,VSCS,14.0,86.0,65.0,980.0,VSCS,15.0,87.5,65.0,980.0,VSCS
NIO_2008_NARGIS_20080429_0000Z,NIO_2008_NARGIS,TRAIN,2008-04-29T00:00:00+00:00,data/interim/gridsat/2008/gridsat_2008.04.28.09.npz,data/interim/gridsat/2008/gridsat_2008.04.28.12.npz,data/interim/gridsat/2008/gridsat_2008.04.28.15.npz,data/interim/gridsat/2008/gridsat_2008.04.28.18.npz,data/interim/gridsat/2008/gridsat_2008.04.28.21.npz,data/interim/gridsat/2008/gridsat_2008.04.29.00.npz,13.0,85.5,55.0,986.0,SCS,14.0,85.5,65.0,980.0,VSCS,14.0,86.0,65.0,980.0,VSCS,15.5,88.0,65.0,980.0,VSCS
NIO_2008_NARGIS_20080429_0300Z,NIO_2008_NARGIS,TRAIN,2008-04-29T03:00:00+00:00,data/interim/gridsat/2008/gridsat_2008.04.28.12.npz,data/interim/gridsat/2008/gridsat_2008.04.28.15.npz,data/interim/gridsat/2008/gridsat_2008.04.28.18.npz,data/interim/gridsat/2008/gridsat_2008.04.28.21.npz,data/interim/gridsat/2008/gridsat_2008.04.29.00.npz,data/interim/gridsat/2008/gridsat_2008.04.29.03.npz,13.5,85.5,65.0,980.0,VSCS,14.0,85.5,65.0,980.0,VSCS,14.5,86.5,65.0,980.0,VSCS,15.5,89.0,65.0,980.0,VSCS
NIO_2008_NARGIS_20080429_0600Z,NIO_2008_NARGIS,TRAIN,2008-04-29T06:00:00+00:00,data/interim/gridsat/2008/gridsat_2008.04.28.15.npz,data/interim/gridsat/2008/gridsat_2008.04.28.18.npz,data/interim/gridsat/2008/gridsat_2008.04.28.21.npz,data/interim/gridsat/2008/gridsat_2008.04.29.00.npz,data/interim/gridsat/2008/gridsat_2008.04.29.03.npz,data/interim/gridsat/2008/gridsat_2008.04.29.06.npz,13.5,85.5,65.0,980.0,VSCS,14.0,85.5,65.0,980.0,VSCS,14.5,86.5,65.0,980.0,VSCS,16.0,89.5,65.0,980.0,VSCS
NIO_2008_NARGIS_20080429_0900Z,NIO_2008_NARGIS,TRAIN,2008-04-29T09:00:00+00:00,data/interim/gridsat/2008/gridsat_2008.04.28.18.npz,data/interim/gridsat/2008/gridsat_2008.04.28.21.npz,data/interim/gridsat/2008/gridsat_2008.04.29.00.npz,data/interim/gridsat/2008/gridsat_2008.04.29.03.npz,data/interim/gridsat/2008/gridsat_2008.04.29.06.npz,data/interim/gridsat/2008/gridsat_2008.04.29.09.npz,13.5,85.5,65.0,980.0,VSCS,14.0,86.0,65.0,980.0,VSCS,14.5,87.0,65.0,980.0,VSCS,16.0,90.0,65.0,980.0,VSCS
NIO_2008_NARGIS_20080429_1200Z,NIO_2008_NARGIS,TRAIN,2008-04-29T12:00:00+00:00,data/interim/gridsat/2008/gridsat_2008.04.28.21.npz,data/interim/gridsat/2008/gridsat_2008.04.29.00.npz,data/interim/gridsat/2008/gridsat_2008.04.29.03.npz,data/interim/gridsat/2008/gridsat_2008.04.29.06.npz,data/interim/gridsat/2008/gridsat_2008.04.29.09.npz,data/interim/gridsat/2008/gridsat_2008.04.29.12.npz,14.0,85.5,65.0,980.0,VSCS,14.0,86.0,65.0,980.0,VSCS,14.5,87.0,65.0,980.0,VSCS,16.0,90.5,65.0,980.0,VSCS
NIO_2008_NARGIS_20080429_1500Z,NIO_2008_NARGIS,TRAIN,2008-04-29T15:00:00+00:00,data/interim/gridsat/2008/gridsat_2008.04.29.00.npz,data/interim/gridsat/2008/gridsat_2008.04.29.03.npz,data/interim/gridsat/2008/gridsat_2008.04.29.06.npz,data/interim/gridsat/2008/gridsat_2008.04.29.09.npz,data/interim/gridsat/2008/gridsat_2008.04.29.12.npz,data/interim/gridsat/2008/gridsat_2008.04.29.15.npz,14.0,85.5,65.0,980.0,VSCS,14.5,86.5,65.0,980.0,VSCS,15.0,87.5,65.0,980.0,VSCS,16.0,91.0,65.0,980.0,VSCS
NIO_2008_NARGIS_20080429_1800Z,NIO_2008_NARGIS,TRAIN,2008-04-29T18:00:00+00:00,data/interim/gridsat/2008/gridsat_2008.04.29.03.npz,data/interim/gridsat/2008/gridsat_2008.04.29.06.npz,data/interim/gridsat/2008/gridsat_2008.04.29.09.npz,data/interim/gridsat/2008/gridsat_2008.04.29.12.npz,data/interim/gridsat/2008/gridsat_2008.04.29.15.npz,data/interim/gridsat/2008/gridsat_2008.04.29.18.npz,14.0,85.5,65.0,980.0,VSCS,14.5,86.5,65.0,980.0,VSCS,15.0,87.5,65.0,980.0,VSCS,16.0,91.5,65.0,980.0,VSCS
NIO_2008_NARGIS_20080429_2100Z,NIO_2008_NARGIS,TRAIN,2008-04-29T21:00:00+00:00,data/interim/gridsat/2008/gridsat_2008.04.29.06.npz,data/interim/gridsat/2008/gridsat_2008.04.29.09.npz,data/interim/gridsat/2008/gridsat_2008.04.29.12.npz,data/interim/gridsat/2008/gridsat_2008.04.29.15.npz,data/interim/gridsat/2008/gridsat_2008.04.29.18.npz,data/interim/gridsat/2008/gridsat_2008.04.29.21.npz,14.0,86.0,65.0,980.0,VSCS,14.5,87.0,65.0,980.0,VSCS,15.0,87.5,65.0,980.0,VSCS,16.0,92.0,65.0,980.0,VSCS
NIO_2008_NARGIS_20080430_0000Z,NIO_2008_NARGIS,TRAIN,2008-04-30T00:00:00+00:00,data/interim/gridsat/2008/gridsat_2008.04.29.09.npz,data/interim/gridsat/2008/gridsat_2008.04.29.12.npz,data/interim/gridsat/2008/gridsat_2008.04.29.15.npz,data/interim/gridsat/2008/gridsat_2008.04.29.18.npz,data/interim/gridsat/2008/gridsat_2008.04.29.21.npz,data/interim/gridsat/2008/gridsat_2008.04.30.00.npz,14.0,86.0,65.0,980.0,VSCS,14.5,87.0,65.0,980.0,VSCS,15.5,88.0,65.0,980.0,VSCS,16.0,92.5,77.0,972.0,VSCS
NIO_2008_NARGIS_20080430_0300Z,NIO_2008_NARGIS,TRAIN,2008-04-30T03:00:00+00:00,data/interim/gridsat/2008/gridsat_2008.04.29.12.npz,data/interim/gridsat/2008/gridsat_2008.04.29.15.npz,data/interim/gridsat/2008/gridsat_2008.04.29.18.npz,data/interim/gridsat/2008/gridsat_2008.04.29.21.npz,data/interim/gridsat/2008/gridsat_2008.04.30.00.npz,data/interim/gridsat/2008/gridsat_2008.04.30.03.npz,14.5,86.5,65.0,980.0,VSCS,15.0,87.5,65.0,980.0,VSCS,15.5,89.0,65.0,980.0,VSCS,16.0,93.0,77.0,972.0,VSCS
NIO_2008_NISHA_20081125_0900Z,NIO_2008_NISHA,TRAIN,2008-11-25T09:00:00+00:00,data/interim/gridsat/2008/gridsat_2008.11.24.18.npz,data/interim/gridsat/2008/gridsat_2008.11.24.21.npz,data/interim/gridsat/2008/gridsat_2008.11.25.00.npz,data/interim/gridsat/2008/gridsat_2008.11.25.03.npz,data/interim/gridsat/2008/gridsat_2008.11.25.06.npz,data/interim/gridsat/2008/gridsat_2008.11.25.09.npz,8.5,81.0,25.0,1001.0,D,10.0,80.0,30.0,1002.0,DD,10.5,80.0,45.0,996.0,CS,12.0,79.0,30.0,1000.0,DD
NIO_2008_NISHA_20081125_1200Z,NIO_2008_NISHA,TRAIN,2008-11-25T12:00:00+00:00,data/interim/gridsat/2008/gridsat_2008.11.24.21.npz,data/interim/gridsat/2008/gridsat_2008.11.25.00.npz,data/interim/gridsat/2008/gridsat_2008.11.25.03.npz,data/interim/gridsat/2008/gridsat_2008.11.25.06.npz,data/interim/gridsat/2008/gridsat_2008.11.25.09.npz,data/interim/gridsat/2008/gridsat_2008.11.25.12.npz,8.5,81.0,30.0,1001.0,DD,10.0,80.0,30.0,1000.0,DD,10.8,80.0,45.0,996.0,CS,12.0,78.5,20.0,1000.0,D
NIO_2008_UNNAMED_2_10_1_20081204_1200Z,NIO_2008_UNNAMED_2_10_1,TRAIN,2008-12-04T12:00:00+00:00,data/interim/gridsat/2008/gridsat_2008.12.03.21.npz,data/interim/gridsat/2008/gridsat_2008.12.04.00.npz,data/interim/gridsat/2008/gridsat_2008.12.04.03.npz,data/interim/gridsat/2008/gridsat_2008.12.04.06.npz,data/interim/gridsat/2008/gridsat_2008.12.04.09.npz,data/interim/gridsat/2008/gridsat_2008.12.04.12.npz,7.0,89.5,25.0,1006.0,D,7.5,88.5,30.0,1004.0,DD,8.5,87.5,30.0,1004.0,DD,8.5,84.0,30.0,1004.0,DD
NIO_2008_UNNAMED_2_5_1_20080915_1200Z,NIO_2008_UNNAMED_2_5_1,TRAIN,2008-09-15T12:00:00+00:00,data/interim/gridsat/2008/gridsat_2008.09.14.21.npz,data/interim/gridsat/2008/gridsat_2008.09.15.00.npz,data/interim/gridsat/2008/gridsat_2008.09.15.03.npz,data/interim/gridsat/2008/gridsat_2008.09.15.06.npz,data/interim/gridsat/2008/gridsat_2008.09.15.09.npz,data/interim/gridsat/2008/gridsat_2008.09.15.12.npz,19.5,88.5,25.0,996.0,D,19.5,88.0,25.0,994.0,D,20.5,87.0,30.0,986.0,DD,22.0,84.5,30.0,992.0,DD
NIO_2008_UNNAMED_2_5_1_20080916_0300Z,NIO_2008_UNNAMED_2_5_1,TRAIN,2008-09-16T03:00:00+00:00,data/interim/gridsat/2008/gridsat_2008.09.15.12.npz,data/interim/gridsat/2008/gridsat_2008.09.15.15.npz,data/interim/gridsat/2008/gridsat_2008.09.15.18.npz,data/interim/gridsat/2008/gridsat_2008.09.15.21.npz,data/interim/gridsat/2008/gridsat_2008.09.16.00.npz,data/interim/gridsat/2008/gridsat_2008.09.16.03.npz,20.0,87.5,30.0,994.0,DD,21.0,87.0,30.0,986.0,DD,21.5,85.5,30.0,992.0,DD,22.5,82.5,30.0,996.0,DD
NIO_2008_UNNAMED_2_5_1_20080916_1200Z,NIO_2008_UNNAMED_2_5_1,TRAIN,2008-09-16T12:00:00+00:00,data/interim/gridsat/2008/gridsat_2008.09.15.21.npz,data/interim/gridsat/2008/gridsat_2008.09.16.00.npz,data/interim/gridsat/2008/gridsat_2008.09.16.03.npz,data/interim/gridsat/2008/gridsat_2008.09.16.06.npz,data/interim/gridsat/2008/gridsat_2008.09.16.09.npz,data/interim/gridsat/2008/gridsat_2008.09.16.12.npz,20.5,87.0,30.0,986.0,DD,21.0,86.0,30.0,992.0,DD,22.0,84.5,30.0,992.0,DD,23.0,82.0,25.0,996.0,D
NIO_2008_UNNAMED_2_8_1_20081113_1200Z,NIO_2008_UNNAMED_2_8_1,TRAIN,2008-11-13T12:00:00+00:00,data/interim/gridsat/2008/gridsat_2008.11.12.21.npz,data/interim/gridsat/2008/gridsat_2008.11.13.00.npz,data/interim/gridsat/2008/gridsat_2008.11.13.03.npz,data/interim/gridsat/2008/gridsat_2008.11.13.06.npz,data/interim/gridsat/2008/gridsat_2008.11.13.09.npz,data/interim/gridsat/2008/gridsat_2008.11.13.12.npz,11.5,85.5,25.0,1002.0,D,12.0,85.0,25.0,1002.0,D,14.0,84.0,35.0,998.0,CS,14.5,81.5,30.0,996.0,DD
NIO_2008_UNNAMED_2_8_1_20081113_1800Z,NIO_2008_UNNAMED_2_8_1,TRAIN,2008-11-13T18:00:00+00:00,data/interim/gridsat/2008/gridsat_2008.11.13.03.npz,data/interim/gridsat/2008/gridsat_2008.11.13.06.npz,data/interim/gridsat/2008/gridsat_2008.11.13.09.npz,data/interim/gridsat/2008/gridsat_2008.11.13.12.npz,data/interim/gridsat/2008/gridsat_2008.11.13.15.npz,data/interim/gridsat/2008/gridsat_2008.11.13.18.npz,12.0,85.0,25.0,1002.0,D,13.0,85.0,30.0,1000.0,DD,14.5,83.5,35.0,996.0,CS,15.0,80.5,30.0,996.0,DD
NIO_2008_UNNAMED_2_8_1_20081114_0000Z,NIO_2008_UNNAMED_2_8_1,TRAIN,2008-11-14T00:00:00+00:00,data/interim/gridsat/2008/gridsat_2008.11.13.09.npz,data/interim/gridsat/2008/gridsat_2008.11.13.12.npz,data/interim/gridsat/2008/gridsat_2008.11.13.15.npz,data/interim/gridsat/2008/gridsat_2008.11.13.18.npz,data/interim/gridsat/2008/gridsat_2008.11.13.21.npz,data/interim/gridsat/2008/gridsat_2008.11.14.00.npz,12.0,85.0,25.0,1002.0,D,14.0,84.0,35.0,998.0,CS,14.5,83.0,40.0,994.0,CS,15.5,79.5,30.0,998.0,DD
NIO_2008_UNNAMED_2_8_1_20081114_0300Z,NIO_2008_UNNAMED_2_8_1,TRAIN,2008-11-14T03:00:00+00:00,data/interim/gridsat/2008/gridsat_2008.11.13.12.npz,data/interim/gridsat/2008/gridsat_2008.11.13.15.npz,data/interim/gridsat/2008/gridsat_2008.11.13.18.npz,data/interim/gridsat/2008/gridsat_2008.11.13.21.npz,data/interim/gridsat/2008/gridsat_2008.11.14.00.npz,data/interim/gridsat/2008/gridsat_2008.11.14.03.npz,12.5,85.0,30.0,1000.0,DD,14.5,83.5,35.0,996.0,CS,14.5,82.5,35.0,996.0,CS,15.5,78.5,25.0,1004.0,D
NIO_2009_BIJLI_20090414_1200Z,NIO_2009_BIJLI,TRAIN,2009-04-14T12:00:00+00:00,data/interim/gridsat/2009/gridsat_2009.04.13.21.npz,data/interim/gridsat/2009/gridsat_2009.04.14.00.npz,data/interim/gridsat/2009/gridsat_2009.04.14.03.npz,data/interim/gridsat/2009/gridsat_2009.04.14.06.npz,data/interim/gridsat/2009/gridsat_2009.04.14.09.npz,data/interim/gridsat/2009/gridsat_2009.04.14.12.npz,12.5,88.0,25.0,1002.0,D,13.0,88.0,25.0,1000.0,D,15.0,86.5,35.0,996.0,CS,18.5,86.5,40.0,996.0,CS
NIO_2009_BIJLI_20090414_1800Z,NIO_2009_BIJLI,TRAIN,2009-04-14T18:00:00+00:00,data/interim/gridsat/2009/gridsat_2009.04.14.03.npz,data/interim/gridsat/2009/gridsat_2009.04.14.06.npz,data/interim/gridsat/2009/gridsat_2009.04.14.09.npz,data/interim/gridsat/2009/gridsat_2009.04.14.12.npz,data/interim/gridsat/2009/gridsat_2009.04.14.15.npz,data/interim/gridsat/2009/gridsat_2009.04.14.18.npz,12.5,88.0,25.0,1002.0,D,14.0,87.5,30.0,1000.0,DD,16.0,86.5,40.0,996.0,CS,19.5,87.0,40.0,996.0,CS
NIO_2009_BIJLI_20090415_0000Z,NIO_2009_BIJLI,TRAIN,2009-04-15T00:00:00+00:00,data/interim/gridsat/2009/gridsat_2009.04.14.09.npz,data/interim/gridsat/2009/gridsat_2009.04.14.12.npz,data/interim/gridsat/2009/gridsat_2009.04.14.15.npz,data/interim/gridsat/2009/gridsat_2009.04.14.18.npz,data/interim/gridsat/2009/gridsat_2009.04.14.21.npz,data/interim/gridsat/2009/gridsat_2009.04.15.00.npz,13.0,88.0,25.0,1000.0,D,15.0,86.5,35.0,996.0,CS,16.5,86.0,40.0,996.0,CS,20.5,88.0,40.0,996.0,CS
NIO_2009_BIJLI_20090415_0300Z,NIO_2009_BIJLI,TRAIN,2009-04-15T03:00:00+00:00,data/interim/gridsat/2009/gridsat_2009.04.14.12.npz,data/interim/gridsat/2009/gridsat_2009.04.14.15.npz,data/interim/gridsat/2009/gridsat_2009.04.14.18.npz,data/interim/gridsat/2009/gridsat_2009.04.14.21.npz,data/interim/gridsat/2009/gridsat_2009.04.15.00.npz,data/interim/gridsat/2009/gridsat_2009.04.15.03.npz,13.5,87.5,25.0,1000.0,D,15.5,86.5,40.0,996.0,CS,17.0,86.0,40.0,996.0,CS,20.5,88.5,35.0,996.0,CS
NIO_2009_BIJLI_20090415_0600Z,NIO_2009_BIJLI,TRAIN,2009-04-15T06:00:00+00:00,data/interim/gridsat/2009/gridsat_2009.04.14.15.npz,data/interim/gridsat/2009/gridsat_2009.04.14.18.npz,data/interim/gridsat/2009/gridsat_2009.04.14.21.npz,data/interim/gridsat/2009/gridsat_2009.04.15.00.npz,data/interim/gridsat/2009/gridsat_2009.04.15.03.npz,data/interim/gridsat/2009/gridsat_2009.04.15.06.npz,14.0,87.5,30.0,1000.0,DD,16.0,86.5,40.0,996.0,CS,17.5,86.0,40.0,996.0,CS,21.0,89.0,35.0,996.0,CS
NIO_2009_BIJLI_20090415_1200Z,NIO_2009_BIJLI,TRAIN,2009-04-15T12:00:00+00:00,data/interim/gridsat/2009/gridsat_2009.04.14.21.npz,data/interim/gridsat/2009/gridsat_2009.04.15.00.npz,data/interim/gridsat/2009/gridsat_2009.04.15.03.npz,data/interim/gridsat/2009/gridsat_2009.04.15.06.npz,data/interim/gridsat/2009/gridsat_2009.04.15.09.npz,data/interim/gridsat/2009/gridsat_2009.04.15.12.npz,15.0,86.5,35.0,996.0,CS,16.5,86.0,40.0,996.0,CS,18.5,86.5,40.0,996.0,CS,21.5,90.0,25.0,996.0,D
NIO_2009_BIJLI_20090415_1500Z,NIO_2009_BIJLI,TRAIN,2009-04-15T15:00:00+00:00,data/interim/gridsat/2009/gridsat_2009.04.15.00.npz,data/interim/gridsat/2009/gridsat_2009.04.15.03.npz,data/interim/gridsat/2009/gridsat_2009.04.15.06.npz,data/interim/gridsat/2009/gridsat_2009.04.15.09.npz,data/interim/gridsat/2009/gridsat_2009.04.15.12.npz,data/interim/gridsat/2009/gridsat_2009.04.15.15.npz,15.5,86.5,40.0,996.0,CS,17.0,86.0,40.0,996.0,CS,18.5,86.5,40.0,996.0,CS,22.0,91.5,25.0,996.0,D
NIO_2009_PHYAN_20091109_1200Z,NIO_2009_PHYAN,TRAIN,2009-11-09T12:00:00+00:00,data/interim/gridsat/2009/gridsat_2009.11.08.21.npz,data/interim/gridsat/2009/gridsat_2009.11.09.00.npz,data/interim/gridsat/2009/gridsat_2009.11.09.03.npz,data/interim/gridsat/2009/gridsat_2009.11.09.06.npz,data/interim/gridsat/2009/gridsat_2009.11.09.09.npz,data/interim/gridsat/2009/gridsat_2009.11.09.12.npz,11.5,71.5,25.0,1000.0,D,12.5,70.5,25.0,998.0,D,14.5,71.0,30.0,996.0,DD,19.5,73.5,30.0,996.0,DD
NIO_2009_PHYAN_20091109_1800Z,NIO_2009_PHYAN,TRAIN,2009-11-09T18:00:00+00:00,data/interim/gridsat/2009/gridsat_2009.11.09.03.npz,data/interim/gridsat/2009/gridsat_2009.11.09.06.npz,data/interim/gridsat/2009/gridsat_2009.11.09.09.npz,data/interim/gridsat/2009/gridsat_2009.11.09.12.npz,data/interim/gridsat/2009/gridsat_2009.11.09.15.npz,data/interim/gridsat/2009/gridsat_2009.11.09.18.npz,12.0,71.0,25.0,1000.0,D,13.5,70.5,30.0,998.0,DD,15.0,71.0,35.0,996.0,CS,20.0,74.0,20.0,1000.0,D
NIO_2009_UNNAMED_2_2_1_20090523_0600Z,NIO_2009_UNNAMED_2_2_1,TRAIN,2009-05-23T06:00:00+00:00,data/interim/gridsat/2009/gridsat_2009.05.22.15.npz,data/interim/gridsat/2009/gridsat_2009.05.22.18.npz,data/interim/gridsat/2009/gridsat_2009.05.22.21.npz,data/interim/gridsat/2009/gridsat_2009.05.23.00.npz,data/interim/gridsat/2009/gridsat_2009.05.23.03.npz,data/interim/gridsat/2009/gridsat_2009.05.23.06.npz,16.5,88.0,25.0,998.0,D,17.0,88.5,25.0,996.0,D,18.0,88.5,30.0,988.0,DD,21.5,88.0,55.0,974.0,SCS
NIO_2009_UNNAMED_2_2_1_20090523_1200Z,NIO_2009_UNNAMED_2_2_1,TRAIN,2009-05-23T12:00:00+00:00,data/interim/gridsat/2009/gridsat_2009.05.22.21.npz,data/interim/gridsat/2009/gridsat_2009.05.23.00.npz,data/interim/gridsat/2009/gridsat_2009.05.23.03.npz,data/interim/gridsat/2009/gridsat_2009.05.23.06.npz,data/interim/gridsat/2009/gridsat_2009.05.23.09.npz,data/interim/gridsat/2009/gridsat_2009.05.23.12.npz,16.5,88.0,25.0,994.0,D,17.0,88.5,25.0,996.0,D,18.5,88.5,35.0,986.0,CS,22.5,88.0,50.0,970.0,SCS
NIO_2009_UNNAMED_2_6_1_20090905_0000Z,NIO_2009_UNNAMED_2_6_1,TRAIN,2009-09-05T00:00:00+00:00,data/interim/gridsat/2009/gridsat_2009.09.04.09.npz,data/interim/gridsat/2009/gridsat_2009.09.04.12.npz,data/interim/gridsat/2009/gridsat_2009.09.04.15.npz,data/interim/gridsat/2009/gridsat_2009.09.04.18.npz,data/interim/gridsat/2009/gridsat_2009.09.04.21.npz,data/interim/gridsat/2009/gridsat_2009.09.05.00.npz,20.5,88.0,25.0,990.0,D,22.5,87.5,30.0,988.0,DD,23.0,86.5,30.0,988.0,DD,24.5,84.0,30.0,988.0,DD
NIO_2009_WARD_20091212_0000Z,NIO_2009_WARD,TRAIN,2009-12-12T00:00:00+00:00,data/interim/gridsat/2009/gridsat_2009.12.11.09.npz,data/interim/gridsat/2009/gridsat_2009.12.11.12.npz,data/interim/gridsat/2009/gridsat_2009.12.11.15.npz,data/interim/gridsat/2009/gridsat_2009.12.11.18.npz,data/interim/gridsat/2009/gridsat_2009.12.11.21.npz,data/interim/gridsat/2009/gridsat_2009.12.12.00.npz,10.0,84.5,45.0,996.0,CS,10.0,83.5,35.0,998.0,CS,9.5,83.0,30.0,1000.0,DD,9.0,82.0,30.0,1002.0,DD
NIO_2009_WARD_20091212_0300Z,NIO_2009_WARD,TRAIN,2009-12-12T03:00:00+00:00,data/interim/gridsat/2009/gridsat_2009.12.11.12.npz,data/interim/gridsat/2009/gridsat_2009.12.11.15.npz,data/interim/gridsat/2009/gridsat_2009.12.11.18.npz,data/interim/gridsat/2009/gridsat_2009.12.11.21.npz,data/interim/gridsat/2009/gridsat_2009.12.12.00.npz,data/interim/gridsat/2009/gridsat_2009.12.12.03.npz,10.0,84.5,45.0,996.0,CS,10.0,83.5,35.0,998.0,CS,9.5,83.0,30.0,1000.0,DD,8.5,81.5,30.0,1004.0,DD
NIO_2009_WARD_20091212_0600Z,NIO_2009_WARD,TRAIN,2009-12-12T06:00:00+00:00,data/interim/gridsat/2009/gridsat_2009.12.11.15.npz,data/interim/gridsat/2009/gridsat_2009.12.11.18.npz,data/interim/gridsat/2009/gridsat_2009.12.11.21.npz,data/interim/gridsat/2009/gridsat_2009.12.12.00.npz,data/interim/gridsat/2009/gridsat_2009.12.12.03.npz,data/interim/gridsat/2009/gridsat_2009.12.12.06.npz,10.0,84.5,45.0,996.0,CS,9.5,83.5,30.0,1000.0,DD,9.0,83.0,30.0,1002.0,DD,8.5,81.5,30.0,1004.0,DD
NIO_2009_WARD_20091212_1200Z,NIO_2009_WARD,TRAIN,2009-12-12T12:00:00+00:00,data/interim/gridsat/2009/gridsat_2009.12.11.21.npz,data/interim/gridsat/2009/gridsat_2009.12.12.00.npz,data/interim/gridsat/2009/gridsat_2009.12.12.03.npz,data/interim/gridsat/2009/gridsat_2009.12.12.06.npz,data/interim/gridsat/2009/gridsat_2009.12.12.09.npz,data/interim/gridsat/2009/gridsat_2009.12.12.12.npz,10.0,83.5,35.0,998.0,CS,9.5,83.0,30.0,1000.0,DD,9.0,83.0,30.0,1002.0,DD,8.5,81.0,25.0,1004.0,D
NIO_2009_WARD_20091212_1800Z,NIO_2009_WARD,TRAIN,2009-12-12T18:00:00+00:00,data/interim/gridsat/2009/gridsat_2009.12.12.03.npz,data/interim/gridsat/2009/gridsat_2009.12.12.06.npz,data/interim/gridsat/2009/gridsat_2009.12.12.09.npz,data/interim/gridsat/2009/gridsat_2009.12.12.12.npz,data/interim/gridsat/2009/gridsat_2009.12.12.15.npz,data/interim/gridsat/2009/gridsat_2009.12.12.18.npz,9.5,83.5,30.0,1000.0,DD,9.0,83.0,30.0,1002.0,DD,9.0,82.5,30.0,1002.0,DD,8.5,81.0,25.0,1005.0,D
NIO_2009_WARD_20091213_0000Z,NIO_2009_WARD,TRAIN,2009-12-13T00:00:00+00:00,data/interim/gridsat/2009/gridsat_2009.12.12.09.npz,data/interim/gridsat/2009/gridsat_2009.12.12.12.npz,data/interim/gridsat/2009/gridsat_2009.12.12.15.npz,data/interim/gridsat/2009/gridsat_2009.12.12.18.npz,data/interim/gridsat/2009/gridsat_2009.12.12.21.npz,data/interim/gridsat/2009/gridsat_2009.12.13.00.npz,9.5,83.0,30.0,1000.0,DD,9.0,83.0,30.0,1002.0,DD,9.0,82.0,30.0,1002.0,DD,8.5,80.5,25.0,1007.0,D
NIO_2010_BANDU_20100519_0900Z,NIO_2010_BANDU,TRAIN,2010-05-19T09:00:00+00:00,data/interim/gridsat/2010/gridsat_2010.05.18.18.npz,data/interim/gridsat/2010/gridsat_2010.05.18.21.npz,data/interim/gridsat/2010/gridsat_2010.05.19.00.npz,data/interim/gridsat/2010/gridsat_2010.05.19.03.npz,data/interim/gridsat/2010/gridsat_2010.05.19.06.npz,data/interim/gridsat/2010/gridsat_2010.05.19.09.npz,10.5,54.0,25.0,1002.0,D,11.5,53.0,30.0,1000.0,DD,12.0,53.0,30.0,999.0,DD,12.5,51.5,30.0,996.0,DD
NIO_2010_BANDU_20100519_1200Z,NIO_2010_BANDU,TRAIN,2010-05-19T12:00:00+00:00,data/interim/gridsat/2010/gridsat_2010.05.18.21.npz,data/interim/gridsat/2010/gridsat_2010.05.19.00.npz,data/interim/gridsat/2010/gridsat_2010.05.19.03.npz,data/interim/gridsat/2010/gridsat_2010.05.19.06.npz,data/interim/gridsat/2010/gridsat_2010.05.19.09.npz,data/interim/gridsat/2010/gridsat_2010.05.19.12.npz,11.0,54.0,25.0,1002.0,D,11.5,53.0,30.0,1000.0,DD,12.5,52.5,30.0,999.0,DD,12.5,51.5,40.0,994.0,CS
NIO_2010_BANDU_20100519_1800Z,NIO_2010_BANDU,TRAIN,2010-05-19T18:00:00+00:00,data/interim/gridsat/2010/gridsat_2010.05.19.03.npz,data/interim/gridsat/2010/gridsat_2010.05.19.06.npz,data/interim/gridsat/2010/gridsat_2010.05.19.09.npz,data/interim/gridsat/2010/gridsat_2010.05.19.12.npz,data/interim/gridsat/2010/gridsat_2010.05.19.15.npz,data/interim/gridsat/2010/gridsat_2010.05.19.18.npz,11.5,53.5,30.0,1000.0,DD,11.5,53.0,30.0,999.0,DD,12.5,51.5,30.0,999.0,DD,12.5,51.5,40.0,994.0,CS
NIO_2010_BANDU_20100520_0000Z,NIO_2010_BANDU,TRAIN,2010-05-20T00:00:00+00:00,data/interim/gridsat/2010/gridsat_2010.05.19.09.npz,data/interim/gridsat/2010/gridsat_2010.05.19.12.npz,data/interim/gridsat/2010/gridsat_2010.05.19.15.npz,data/interim/gridsat/2010/gridsat_2010.05.19.18.npz,data/interim/gridsat/2010/gridsat_2010.05.19.21.npz,data/interim/gridsat/2010/gridsat_2010.05.20.00.npz,11.5,53.0,30.0,1000.0,DD,12.5,52.5,30.0,999.0,DD,12.5,51.5,30.0,998.0,DD,12.5,50.5,40.0,994.0,CS
NIO_2010_BANDU_20100520_0600Z,NIO_2010_BANDU,TRAIN,2010-05-20T06:00:00+00:00,data/interim/gridsat/2010/gridsat_2010.05.19.15.npz,data/interim/gridsat/2010/gridsat_2010.05.19.18.npz,data/interim/gridsat/2010/gridsat_2010.05.19.21.npz,data/interim/gridsat/2010/gridsat_2010.05.20.00.npz,data/interim/gridsat/2010/gridsat_2010.05.20.03.npz,data/interim/gridsat/2010/gridsat_2010.05.20.06.npz,11.5,53.0,30.0,999.0,DD,12.5,51.5,30.0,999.0,DD,12.5,51.5,30.0,998.0,DD,12.5,50.5,40.0,994.0,CS
NIO_2010_BANDU_20100520_1200Z,NIO_2010_BANDU,TRAIN,2010-05-20T12:00:00+00:00,data/interim/gridsat/2010/gridsat_2010.05.19.21.npz,data/interim/gridsat/2010/gridsat_2010.05.20.00.npz,data/interim/gridsat/2010/gridsat_2010.05.20.03.npz,data/interim/gridsat/2010/gridsat_2010.05.20.06.npz,data/interim/gridsat/2010/gridsat_2010.05.20.09.npz,data/interim/gridsat/2010/gridsat_2010.05.20.12.npz,12.5,52.5,30.0,999.0,DD,12.5,51.5,30.0,998.0,DD,12.5,51.5,40.0,994.0,CS,12.5,50.0,30.0,998.0,DD
NIO_2010_BANDU_20100520_1800Z,NIO_2010_BANDU,TRAIN,2010-05-20T18:00:00+00:00,data/interim/gridsat/2010/gridsat_2010.05.20.03.npz,data/interim/gridsat/2010/gridsat_2010.05.20.06.npz,data/interim/gridsat/2010/gridsat_2010.05.20.09.npz,data/interim/gridsat/2010/gridsat_2010.05.20.12.npz,data/interim/gridsat/2010/gridsat_2010.05.20.15.npz,data/interim/gridsat/2010/gridsat_2010.05.20.18.npz,12.5,51.5,30.0,999.0,DD,12.5,51.5,30.0,998.0,DD,12.5,51.5,40.0,994.0,CS,12.5,50.0,25.0,1000.0,D
NIO_2010_GIRI_20101020_1200Z,NIO_2010_GIRI,TRAIN,2010-10-20T12:00:00+00:00,data/interim/gridsat/2010/gridsat_2010.10.19.21.npz,data/interim/gridsat/2010/gridsat_2010.10.20.00.npz,data/interim/gridsat/2010/gridsat_2010.10.20.03.npz,data/interim/gridsat/2010/gridsat_2010.10.20.06.npz,data/interim/gridsat/2010/gridsat_2010.10.20.09.npz,data/interim/gridsat/2010/gridsat_2010.10.20.12.npz,17.5,91.5,25.0,1002.0,D,17.5,91.5,25.0,1002.0,D,18.0,92.0,45.0,990.0,CS,19.8,93.5,105.0,950.0,VSCS
NIO_2010_GIRI_20101020_1800Z,NIO_2010_GIRI,TRAIN,2010-10-20T18:00:00+00:00,data/interim/gridsat/2010/gridsat_2010.10.20.03.npz,data/interim/gridsat/2010/gridsat_2010.10.20.06.npz,data/interim/gridsat/2010/gridsat_2010.10.20.09.npz,data/interim/gridsat/2010/gridsat_2010.10.20.12.npz,data/interim/gridsat/2010/gridsat_2010.10.20.15.npz,data/interim/gridsat/2010/gridsat_2010.10.20.18.npz,17.5,91.5,25.0,1002.0,D,17.5,91.5,35.0,998.0,CS,18.0,92.0,50.0,988.0,CS,20.5,94.0,70.0,976.0,VSCS
NIO_2010_GIRI_20101021_0000Z,NIO_2010_GIRI,TRAIN,2010-10-21T00:00:00+00:00,data/interim/gridsat/2010/gridsat_2010.10.20.09.npz,data/interim/gridsat/2010/gridsat_2010.10.20.12.npz,data/interim/gridsat/2010/gridsat_2010.10.20.15.npz,data/interim/gridsat/2010/gridsat_2010.10.20.18.npz,data/interim/gridsat/2010/gridsat_2010.10.20.21.npz,data/interim/gridsat/2010/gridsat_2010.10.21.00.npz,17.5,91.5,25.0,1002.0,D,18.0,92.0,45.0,990.0,CS,18.5,92.5,60.0,980.0,SCS,21.0,94.5,45.0,992.0,CS
NIO_2010_GIRI_20101021_0300Z,NIO_2010_GIRI,TRAIN,2010-10-21T03:00:00+00:00,data/interim/gridsat/2010/gridsat_2010.10.20.12.npz,data/interim/gridsat/2010/gridsat_2010.10.20.15.npz,data/interim/gridsat/2010/gridsat_2010.10.20.18.npz,data/interim/gridsat/2010/gridsat_2010.10.20.21.npz,data/interim/gridsat/2010/gridsat_2010.10.21.00.npz,data/interim/gridsat/2010/gridsat_2010.10.21.03.npz,17.5,91.5,30.0,1000.0,DD,18.0,92.0,45.0,990.0,CS,19.0,93.0,80.0,974.0,VSCS,21.5,95.0,35.0,996.0,CS
NIO_2010_GIRI_20101021_0600Z,NIO_2010_GIRI,TRAIN,2010-10-21T06:00:00+00:00,data/interim/gridsat/2010/gridsat_2010.10.20.15.npz,data/interim/gridsat/2010/gridsat_2010.10.20.18.npz,data/interim/gridsat/2010/gridsat_2010.10.20.21.npz,data/interim/gridsat/2010/gridsat_2010.10.21.00.npz,data/interim/gridsat/2010/gridsat_2010.10.21.03.npz,data/interim/gridsat/2010/gridsat_2010.10.21.06.npz,17.5,91.5,35.0,998.0,CS,18.0,92.0,50.0,988.0,CS,19.0,93.0,90.0,964.0,VSCS,22.0,95.5,25.0,998.0,D
NIO_2010_IS_20100517_0600Z,NIO_2010_IS,TRAIN,2010-05-17T06:00:00+00:00,data/interim/gridsat/2010/gridsat_2010.05.16.15.npz,data/interim/gridsat/2010/gridsat_2010.05.16.18.npz,data/interim/gridsat/2010/gridsat_2010.05.16.21.npz,data/interim/gridsat/2010/gridsat_2010.05.17.00.npz,data/interim/gridsat/2010/gridsat_2010.05.17.03.npz,data/interim/gridsat/2010/gridsat_2010.05.17.06.npz,10.5,88.5,25.0,1004.0,D,11.5,87.5,30.0,998.0,DD,12.5,84.5,45.0,992.0,CS,13.5,81.5,55.0,986.0,SCS
NIO_2010_JAL_20101104_0000Z,NIO_2010_JAL,TRAIN,2010-11-04T00:00:00+00:00,data/interim/gridsat/2010/gridsat_2010.11.03.09.npz,data/interim/gridsat/2010/gridsat_2010.11.03.12.npz,data/interim/gridsat/2010/gridsat_2010.11.03.15.npz,data/interim/gridsat/2010/gridsat_2010.11.03.18.npz,data/interim/gridsat/2010/gridsat_2010.11.03.21.npz,data/interim/gridsat/2010/gridsat_2010.11.04.00.npz,8.0,92.0,25.0,1002.0,D,8.5,90.0,25.0,1002.0,D,9.0,88.5,30.0,1000.0,DD,10.0,85.5,55.0,990.0,SCS
NIO_2010_JAL_20101104_0600Z,NIO_2010_JAL,TRAIN,2010-11-04T06:00:00+00:00,data/interim/gridsat/2010/gridsat_2010.11.03.15.npz,data/interim/gridsat/2010/gridsat_2010.11.03.18.npz,data/interim/gridsat/2010/gridsat_2010.11.03.21.npz,data/interim/gridsat/2010/gridsat_2010.11.04.00.npz,data/interim/gridsat/2010/gridsat_2010.11.04.03.npz,data/interim/gridsat/2010/gridsat_2010.11.04.06.npz,8.5,90.5,25.0,1002.0,D,8.5,89.5,25.0,1002.0,D,9.0,87.5,35.0,998.0,CS,10.5,85.0,55.0,990.0,SCS
NIO_2010_JAL_20101104_1200Z,NIO_2010_JAL,TRAIN,2010-11-04T12:00:00+00:00,data/interim/gridsat/2010/gridsat_2010.11.03.21.npz,data/interim/gridsat/2010/gridsat_2010.11.04.00.npz,data/interim/gridsat/2010/gridsat_2010.11.04.03.npz,data/interim/gridsat/2010/gridsat_2010.11.04.06.npz,data/interim/gridsat/2010/gridsat_2010.11.04.09.npz,data/interim/gridsat/2010/gridsat_2010.11.04.12.npz,8.5,90.0,25.0,1002.0,D,9.0,88.5,30.0,1000.0,DD,9.5,87.0,45.0,994.0,CS,11.0,84.5,60.0,988.0,SCS
NIO_2010_JAL_20101104_1800Z,NIO_2010_JAL,TRAIN,2010-11-04T18:00:00+00:00,data/interim/gridsat/2010/gridsat_2010.11.04.03.npz,data/interim/gridsat/2010/gridsat_2010.11.04.06.npz,data/interim/gridsat/2010/gridsat_2010.11.04.09.npz,data/interim/gridsat/2010/gridsat_2010.11.04.12.npz,data/interim/gridsat/2010/gridsat_2010.11.04.15.npz,data/interim/gridsat/2010/gridsat_2010.11.04.18.npz,8.5,89.5,25.0,1002.0,D,9.0,87.5,35.0,998.0,CS,10.0,86.5,50.0,992.0,CS,11.0,84.0,60.0,988.0,SCS
NIO_2010_JAL_20101105_0000Z,NIO_2010_JAL,TRAIN,2010-11-05T00:00:00+00:00,data/interim/gridsat/2010/gridsat_2010.11.04.09.npz,data/interim/gridsat/2010/gridsat_2010.11.04.12.npz,data/interim/gridsat/2010/gridsat_2010.11.04.15.npz,data/interim/gridsat/2010/gridsat_2010.11.04.18.npz,data/interim/gridsat/2010/gridsat_2010.11.04.21.npz,data/interim/gridsat/2010/gridsat_2010.11.05.00.npz,9.0,88.5,30.0,1000.0,DD,9.5,87.0,45.0,994.0,CS,10.0,85.5,55.0,990.0,SCS,11.5,83.5,60.0,988.0,SCS
NIO_2010_JAL_20101105_0300Z,NIO_2010_JAL,TRAIN,2010-11-05T03:00:00+00:00,data/interim/gridsat/2010/gridsat_2010.11.04.12.npz,data/interim/gridsat/2010/gridsat_2010.11.04.15.npz,data/interim/gridsat/2010/gridsat_2010.11.04.18.npz,data/interim/gridsat/2010/gridsat_2010.11.04.21.npz,data/interim/gridsat/2010/gridsat_2010.11.05.00.npz,data/interim/gridsat/2010/gridsat_2010.11.05.03.npz,9.0,88.0,30.0,1000.0,DD,9.5,87.0,45.0,994.0,CS,10.0,85.5,55.0,990.0,SCS,12.0,83.0,55.0,990.0,SCS
NIO_2010_JAL_20101105_0600Z,NIO_2010_JAL,TRAIN,2010-11-05T06:00:00+00:00,data/interim/gridsat/2010/gridsat_2010.11.04.15.npz,data/interim/gridsat/2010/gridsat_2010.11.04.18.npz,data/interim/gridsat/2010/gridsat_2010.11.04.21.npz,data/interim/gridsat/2010/gridsat_2010.11.05.00.npz,data/interim/gridsat/2010/gridsat_2010.11.05.03.npz,data/interim/gridsat/2010/gridsat_2010.11.05.06.npz,9.0,87.5,35.0,998.0,CS,10.0,86.5,50.0,992.0,CS,10.5,85.0,55.0,990.0,SCS,12.5,82.5,45.0,992.0,CS
NIO_2010_JAL_20101105_0900Z,NIO_2010_JAL,TRAIN,2010-11-05T09:00:00+00:00,data/interim/gridsat/2010/gridsat_2010.11.04.18.npz,data/interim/gridsat/2010/gridsat_2010.11.04.21.npz,data/interim/gridsat/2010/gridsat_2010.11.05.00.npz,data/interim/gridsat/2010/gridsat_2010.11.05.03.npz,data/interim/gridsat/2010/gridsat_2010.11.05.06.npz,data/interim/gridsat/2010/gridsat_2010.11.05.09.npz,9.0,87.5,40.0,996.0,CS,10.0,86.0,55.0,990.0,SCS,10.5,85.0,55.0,990.0,SCS,12.5,81.5,40.0,994.0,CS
NIO_2010_JAL_20101105_1200Z,NIO_2010_JAL,TRAIN,2010-11-05T12:00:00+00:00,data/interim/gridsat/2010/gridsat_2010.11.04.21.npz,data/interim/gridsat/2010/gridsat_2010.11.05.00.npz,data/interim/gridsat/2010/gridsat_2010.11.05.03.npz,data/interim/gridsat/2010/gridsat_2010.11.05.06.npz,data/interim/gridsat/2010/gridsat_2010.11.05.09.npz,data/interim/gridsat/2010/gridsat_2010.11.05.12.npz,9.5,87.0,45.0,994.0,CS,10.0,85.5,55.0,990.0,SCS,11.0,84.5,60.0,988.0,SCS,13.0,81.0,30.0,996.0,DD
NIO_2010_JAL_20101105_1500Z,NIO_2010_JAL,TRAIN,2010-11-05T15:00:00+00:00,data/interim/gridsat/2010/gridsat_2010.11.05.00.npz,data/interim/gridsat/2010/gridsat_2010.11.05.03.npz,data/interim/gridsat/2010/gridsat_2010.11.05.06.npz,data/interim/gridsat/2010/gridsat_2010.11.05.09.npz,data/interim/gridsat/2010/gridsat_2010.11.05.12.npz,data/interim/gridsat/2010/gridsat_2010.11.05.15.npz,9.5,87.0,45.0,994.0,CS,10.0,85.5,55.0,990.0,SCS,11.0,84.5,60.0,988.0,SCS,13.0,80.5,30.0,998.0,DD
NIO_2010_JAL_20101105_1800Z,NIO_2010_JAL,TRAIN,2010-11-05T18:00:00+00:00,data/interim/gridsat/2010/gridsat_2010.11.05.03.npz,data/interim/gridsat/2010/gridsat_2010.11.05.06.npz,data/interim/gridsat/2010/gridsat_2010.11.05.09.npz,data/interim/gridsat/2010/gridsat_2010.11.05.12.npz,data/interim/gridsat/2010/gridsat_2010.11.05.15.npz,data/interim/gridsat/2010/gridsat_2010.11.05.18.npz,10.0,86.5,50.0,992.0,CS,10.5,85.0,55.0,990.0,SCS,11.0,84.0,60.0,988.0,SCS,13.5,80.0,30.0,1000.0,DD
NIO_2010_JAL_20101106_0000Z,NIO_2010_JAL,TRAIN,2010-11-06T00:00:00+00:00,data/interim/gridsat/2010/gridsat_2010.11.05.09.npz,data/interim/gridsat/2010/gridsat_2010.11.05.12.npz,data/interim/gridsat/2010/gridsat_2010.11.05.15.npz,data/interim/gridsat/2010/gridsat_2010.11.05.18.npz,data/interim/gridsat/2010/gridsat_2010.11.05.21.npz,data/interim/gridsat/2010/gridsat_2010.11.06.00.npz,10.0,85.5,55.0,990.0,SCS,11.0,84.5,60.0,988.0,SCS,11.5,83.5,60.0,988.0,SCS,14.0,79.0,25.0,1002.0,D
NIO_2010_JAL_20101106_0300Z,NIO_2010_JAL,TRAIN,2010-11-06T03:00:00+00:00,data/interim/gridsat/2010/gridsat_2010.11.05.12.npz,data/interim/gridsat/2010/gridsat_2010.11.05.15.npz,data/interim/gridsat/2010/gridsat_2010.11.05.18.npz,data/interim/gridsat/2010/gridsat_2010.11.05.21.npz,data/interim/gridsat/2010/gridsat_2010.11.06.00.npz,data/interim/gridsat/2010/gridsat_2010.11.06.03.npz,10.0,85.5,55.0,990.0,SCS,11.0,84.5,60.0,988.0,SCS,12.0,83.0,55.0,990.0,SCS,15.0,78.0,25.0,1004.0,D
NIO_2010_PHET_20100531_0600Z,NIO_2010_PHET,TRAIN,2010-05-31T06:00:00+00:00,data/interim/gridsat/2010/gridsat_2010.05.30.15.npz,data/interim/gridsat/2010/gridsat_2010.05.30.18.npz,data/interim/gridsat/2010/gridsat_2010.05.30.21.npz,data/interim/gridsat/2010/gridsat_2010.05.31.00.npz,data/interim/gridsat/2010/gridsat_2010.05.31.03.npz,data/interim/gridsat/2010/gridsat_2010.05.31.06.npz,15.0,64.0,25.0,1001.0,D,15.5,63.5,25.0,999.0,D,16.0,63.0,30.0,996.0,DD,17.5,61.0,70.0,978.0,VSCS
NIO_2010_PHET_20100531_1200Z,NIO_2010_PHET,TRAIN,2010-05-31T12:00:00+00:00,data/interim/gridsat/2010/gridsat_2010.05.30.21.npz,data/interim/gridsat/2010/gridsat_2010.05.31.00.npz,data/interim/gridsat/2010/gridsat_2010.05.31.03.npz,data/interim/gridsat/2010/gridsat_2010.05.31.06.npz,data/interim/gridsat/2010/gridsat_2010.05.31.09.npz,data/interim/gridsat/2010/gridsat_2010.05.31.12.npz,15.5,63.5,25.0,1001.0,D,15.5,63.5,30.0,998.0,DD,16.5,62.5,35.0,994.0,CS,18.0,60.5,85.0,964.0,VSCS
NIO_2010_PHET_20100531_1800Z,NIO_2010_PHET,TRAIN,2010-05-31T18:00:00+00:00,data/interim/gridsat/2010/gridsat_2010.05.31.03.npz,data/interim/gridsat/2010/gridsat_2010.05.31.06.npz,data/interim/gridsat/2010/gridsat_2010.05.31.09.npz,data/interim/gridsat/2010/gridsat_2010.05.31.12.npz,data/interim/gridsat/2010/gridsat_2010.05.31.15.npz,data/interim/gridsat/2010/gridsat_2010.05.31.18.npz,15.5,63.5,25.0,999.0,D,16.0,63.0,30.0,996.0,DD,17.0,62.0,45.0,990.0,CS,18.5,60.0,85.0,966.0,VSCS
NIO_2010_PHET_20100601_0000Z,NIO_2010_PHET,TRAIN,2010-06-01T00:00:00+00:00,data/interim/gridsat/2010/gridsat_2010.05.31.09.npz,data/interim/gridsat/2010/gridsat_2010.05.31.12.npz,data/interim/gridsat/2010/gridsat_2010.05.31.15.npz,data/interim/gridsat/2010/gridsat_2010.05.31.18.npz,data/interim/gridsat/2010/gridsat_2010.05.31.21.npz,data/interim/gridsat/2010/gridsat_2010.06.01.00.npz,15.5,63.5,30.0,998.0,DD,16.5,62.5,35.0,994.0,CS,17.5,61.5,55.0,986.0,SCS,18.5,59.5,75.0,974.0,VSCS
NIO_2010_PHET_20100601_0300Z,NIO_2010_PHET,TRAIN,2010-06-01T03:00:00+00:00,data/interim/gridsat/2010/gridsat_2010.05.31.12.npz,data/interim/gridsat/2010/gridsat_2010.05.31.15.npz,data/interim/gridsat/2010/gridsat_2010.05.31.18.npz,data/interim/gridsat/2010/gridsat_2010.05.31.21.npz,data/interim/gridsat/2010/gridsat_2010.06.01.00.npz,data/interim/gridsat/2010/gridsat_2010.06.01.03.npz,15.5,63.5,30.0,998.0,DD,16.5,62.5,40.0,992.0,CS,17.5,61.0,60.0,984.0,SCS,18.5,59.5,75.0,974.0,VSCS
NIO_2010_PHET_20100601_0600Z,NIO_2010_PHET,TRAIN,2010-06-01T06:00:00+00:00,data/interim/gridsat/2010/gridsat_2010.05.31.15.npz,data/interim/gridsat/2010/gridsat_2010.05.31.18.npz,data/interim/gridsat/2010/gridsat_2010.05.31.21.npz,data/interim/gridsat/2010/gridsat_2010.06.01.00.npz,data/interim/gridsat/2010/gridsat_2010.06.01.03.npz,data/interim/gridsat/2010/gridsat_2010.06.01.06.npz,16.0,63.0,30.0,996.0,DD,17.0,62.0,45.0,990.0,CS,17.5,61.0,70.0,978.0,VSCS,19.0,59.5,70.0,978.0,VSCS
NIO_2010_UNNAMED_2_5_1_20101013_0600Z,NIO_2010_UNNAMED_2_5_1,TRAIN,2010-10-13T06:00:00+00:00,data/interim/gridsat/2010/gridsat_2010.10.12.15.npz,data/interim/gridsat/2010/gridsat_2010.10.12.18.npz,data/interim/gridsat/2010/gridsat_2010.10.12.21.npz,data/interim/gridsat/2010/gridsat_2010.10.13.00.npz,data/interim/gridsat/2010/gridsat_2010.10.13.03.npz,data/interim/gridsat/2010/gridsat_2010.10.13.06.npz,17.5,90.0,25.0,1002.0,D,18.0,88.5,25.0,998.0,D,18.0,88.5,25.0,998.0,D,19.5,86.0,30.0,996.0,DD
NIO_2010_UNNAMED_2_5_1_20101013_1200Z,NIO_2010_UNNAMED_2_5_1,TRAIN,2010-10-13T12:00:00+00:00,data/interim/gridsat/2010/gridsat_2010.10.12.21.npz,data/interim/gridsat/2010/gridsat_2010.10.13.00.npz,data/interim/gridsat/2010/gridsat_2010.10.13.03.npz,data/interim/gridsat/2010/gridsat_2010.10.13.06.npz,data/interim/gridsat/2010/gridsat_2010.10.13.09.npz,data/interim/gridsat/2010/gridsat_2010.10.13.12.npz,17.5,89.0,25.0,998.0,D,18.0,88.5,25.0,998.0,D,18.0,88.0,25.0,996.0,D,19.5,85.5,30.0,995.0,DD
NIO_2010_UNNAMED_2_5_1_20101013_1800Z,NIO_2010_UNNAMED_2_5_1,TRAIN,2010-10-13T18:00:00+00:00,data/interim/gridsat/2010/gridsat_2010.10.13.03.npz,data/interim/gridsat/2010/gridsat_2010.10.13.06.npz,data/interim/gridsat/2010/gridsat_2010.10.13.09.npz,data/interim/gridsat/2010/gridsat_2010.10.13.12.npz,data/interim/gridsat/2010/gridsat_2010.10.13.15.npz,data/interim/gridsat/2010/gridsat_2010.10.13.18.npz,18.0,88.5,25.0,998.0,D,18.0,88.5,25.0,998.0,D,18.0,88.0,25.0,996.0,D,19.0,84.5,30.0,996.0,DD
NIO_2010_UNNAMED_2_5_1_20101014_0000Z,NIO_2010_UNNAMED_2_5_1,TRAIN,2010-10-14T00:00:00+00:00,data/interim/gridsat/2010/gridsat_2010.10.13.09.npz,data/interim/gridsat/2010/gridsat_2010.10.13.12.npz,data/interim/gridsat/2010/gridsat_2010.10.13.15.npz,data/interim/gridsat/2010/gridsat_2010.10.13.18.npz,data/interim/gridsat/2010/gridsat_2010.10.13.21.npz,data/interim/gridsat/2010/gridsat_2010.10.14.00.npz,18.0,88.5,25.0,998.0,D,18.0,88.0,25.0,996.0,D,18.5,87.5,25.0,996.0,D,19.0,84.0,25.0,998.0,D
NIO_2011_KEILA_20111029_0600Z,NIO_2011_KEILA,TRAIN,2011-10-29T06:00:00+00:00,data/interim/gridsat/2011/gridsat_2011.10.28.15.npz,data/interim/gridsat/2011/gridsat_2011.10.28.18.npz,data/interim/gridsat/2011/gridsat_2011.10.28.21.npz,data/interim/gridsat/2011/gridsat_2011.10.29.00.npz,data/interim/gridsat/2011/gridsat_2011.10.29.03.npz,data/interim/gridsat/2011/gridsat_2011.10.29.06.npz,13.0,62.0,25.0,1004.0,D,13.0,61.0,25.0,1004.0,D,13.0,60.0,25.0,1002.0,D,16.0,57.0,25.0,1000.0,D
NIO_2011_KEILA_20111029_1800Z,NIO_2011_KEILA,TRAIN,2011-10-29T18:00:00+00:00,data/interim/gridsat/2011/gridsat_2011.10.29.03.npz,data/interim/gridsat/2011/gridsat_2011.10.29.06.npz,data/interim/gridsat/2011/gridsat_2011.10.29.09.npz,data/interim/gridsat/2011/gridsat_2011.10.29.12.npz,data/interim/gridsat/2011/gridsat_2011.10.29.15.npz,data/interim/gridsat/2011/gridsat_2011.10.29.18.npz,13.0,61.0,25.0,1004.0,D,13.0,60.0,25.0,1002.0,D,14.0,59.0,25.0,1002.0,D,16.0,57.0,25.0,1000.0,D
NIO_2011_KEILA_20111030_0600Z,NIO_2011_KEILA,TRAIN,2011-10-30T06:00:00+00:00,data/interim/gridsat/2011/gridsat_2011.10.29.15.npz,data/interim/gridsat/2011/gridsat_2011.10.29.18.npz,data/interim/gridsat/2011/gridsat_2011.10.29.21.npz,data/interim/gridsat/2011/gridsat_2011.10.30.00.npz,data/interim/gridsat/2011/gridsat_2011.10.30.03.npz,data/interim/gridsat/2011/gridsat_2011.10.30.06.npz,13.0,60.0,25.0,1002.0,D,14.0,59.0,25.0,1002.0,D,16.0,57.0,25.0,1000.0,D,16.0,56.0,30.0,1000.0,DD
NIO_2011_KEILA_20111030_1200Z,NIO_2011_KEILA,TRAIN,2011-10-30T12:00:00+00:00,data/interim/gridsat/2011/gridsat_2011.10.29.21.npz,data/interim/gridsat/2011/gridsat_2011.10.30.00.npz,data/interim/gridsat/2011/gridsat_2011.10.30.03.npz,data/interim/gridsat/2011/gridsat_2011.10.30.06.npz,data/interim/gridsat/2011/gridsat_2011.10.30.09.npz,data/interim/gridsat/2011/gridsat_2011.10.30.12.npz,13.5,59.5,25.0,1002.0,D,14.5,59.0,25.0,1002.0,D,16.0,57.5,25.0,1000.0,D,16.0,55.5,30.0,1000.0,DD
NIO_2011_KEILA_20111030_1800Z,NIO_2011_KEILA,TRAIN,2011-10-30T18:00:00+00:00,data/interim/gridsat/2011/gridsat_2011.10.30.03.npz,data/interim/gridsat/2011/gridsat_2011.10.30.06.npz,data/interim/gridsat/2011/gridsat_2011.10.30.09.npz,data/interim/gridsat/2011/gridsat_2011.10.30.12.npz,data/interim/gridsat/2011/gridsat_2011.10.30.15.npz,data/interim/gridsat/2011/gridsat_2011.10.30.18.npz,14.0,59.0,25.0,1002.0,D,16.0,57.0,25.0,1000.0,D,16.0,57.0,25.0,1000.0,D,16.0,55.5,30.0,1000.0,DD
NIO_2011_KEILA_20111031_0000Z,NIO_2011_KEILA,TRAIN,2011-10-31T00:00:00+00:00,data/interim/gridsat/2011/gridsat_2011.10.30.09.npz,data/interim/gridsat/2011/gridsat_2011.10.30.12.npz,data/interim/gridsat/2011/gridsat_2011.10.30.15.npz,data/interim/gridsat/2011/gridsat_2011.10.30.18.npz,data/interim/gridsat/2011/gridsat_2011.10.30.21.npz,data/interim/gridsat/2011/gridsat_2011.10.31.00.npz,14.5,59.0,25.0,1002.0,D,16.0,57.5,25.0,1000.0,D,16.0,56.5,25.0,1000.0,D,16.0,55.3,30.0,1000.0,DD
NIO_2011_KEILA_20111031_0600Z,NIO_2011_KEILA,TRAIN,2011-10-31T06:00:00+00:00,data/interim/gridsat/2011/gridsat_2011.10.30.15.npz,data/interim/gridsat/2011/gridsat_2011.10.30.18.npz,data/interim/gridsat/2011/gridsat_2011.10.30.21.npz,data/interim/gridsat/2011/gridsat_2011.10.31.00.npz,data/interim/gridsat/2011/gridsat_2011.10.31.03.npz,data/interim/gridsat/2011/gridsat_2011.10.31.06.npz,16.0,57.0,25.0,1000.0,D,16.0,57.0,25.0,1000.0,D,16.0,56.0,30.0,1000.0,DD,16.0,54.5,35.0,996.0,CS
NIO_2011_KEILA_20111031_1200Z,NIO_2011_KEILA,TRAIN,2011-10-31T12:00:00+00:00,data/interim/gridsat/2011/gridsat_2011.10.30.21.npz,data/interim/gridsat/2011/gridsat_2011.10.31.00.npz,data/interim/gridsat/2011/gridsat_2011.10.31.03.npz,data/interim/gridsat/2011/gridsat_2011.10.31.06.npz,data/interim/gridsat/2011/gridsat_2011.10.31.09.npz,data/interim/gridsat/2011/gridsat_2011.10.31.12.npz,16.0,57.5,25.0,1000.0,D,16.0,56.5,25.0,1000.0,D,16.0,55.5,30.0,1000.0,DD,16.5,54.5,35.0,996.0,CS
NIO_2011_KEILA_20111031_1800Z,NIO_2011_KEILA,TRAIN,2011-10-31T18:00:00+00:00,data/interim/gridsat/2011/gridsat_2011.10.31.03.npz,data/interim/gridsat/2011/gridsat_2011.10.31.06.npz,data/interim/gridsat/2011/gridsat_2011.10.31.09.npz,data/interim/gridsat/2011/gridsat_2011.10.31.12.npz,data/interim/gridsat/2011/gridsat_2011.10.31.15.npz,data/interim/gridsat/2011/gridsat_2011.10.31.18.npz,16.0,57.0,25.0,1000.0,D,16.0,56.0,30.0,1000.0,DD,16.0,55.5,30.0,1000.0,DD,17.1,54.2,30.0,1000.0,DD
NIO_2011_THANE_20111225_1200Z,NIO_2011_THANE,TRAIN,2011-12-25T12:00:00+00:00,data/interim/gridsat/2011/gridsat_2011.12.24.21.npz,data/interim/gridsat/2011/gridsat_2011.12.25.00.npz,data/interim/gridsat/2011/gridsat_2011.12.25.03.npz,data/interim/gridsat/2011/gridsat_2011.12.25.06.npz,data/interim/gridsat/2011/gridsat_2011.12.25.09.npz,data/interim/gridsat/2011/gridsat_2011.12.25.12.npz,8.5,88.5,25.0,1000.0,D,9.5,87.5,30.0,998.0,DD,10.5,87.5,30.0,998.0,DD,12.5,86.5,40.0,992.0,CS
NIO_2011_THANE_20111225_1800Z,NIO_2011_THANE,TRAIN,2011-12-25T18:00:00+00:00,data/interim/gridsat/2011/gridsat_2011.12.25.03.npz,data/interim/gridsat/2011/gridsat_2011.12.25.06.npz,data/interim/gridsat/2011/gridsat_2011.12.25.09.npz,data/interim/gridsat/2011/gridsat_2011.12.25.12.npz,data/interim/gridsat/2011/gridsat_2011.12.25.15.npz,data/interim/gridsat/2011/gridsat_2011.12.25.18.npz,9.0,88.0,25.0,1000.0,D,10.0,87.5,30.0,998.0,DD,11.0,87.5,35.0,996.0,CS,12.5,86.0,45.0,992.0,CS
NIO_2011_THANE_20111226_0000Z,NIO_2011_THANE,TRAIN,2011-12-26T00:00:00+00:00,data/interim/gridsat/2011/gridsat_2011.12.25.09.npz,data/interim/gridsat/2011/gridsat_2011.12.25.12.npz,data/interim/gridsat/2011/gridsat_2011.12.25.15.npz,data/interim/gridsat/2011/gridsat_2011.12.25.18.npz,data/interim/gridsat/2011/gridsat_2011.12.25.21.npz,data/interim/gridsat/2011/gridsat_2011.12.26.00.npz,9.5,87.5,30.0,998.0,DD,10.5,87.5,30.0,998.0,DD,11.5,87.5,40.0,994.0,CS,12.5,85.5,45.0,992.0,CS
NIO_2011_THANE_20111226_0600Z,NIO_2011_THANE,TRAIN,2011-12-26T06:00:00+00:00,data/interim/gridsat/2011/gridsat_2011.12.25.15.npz,data/interim/gridsat/2011/gridsat_2011.12.25.18.npz,data/interim/gridsat/2011/gridsat_2011.12.25.21.npz,data/interim/gridsat/2011/gridsat_2011.12.26.00.npz,data/interim/gridsat/2011/gridsat_2011.12.26.03.npz,data/interim/gridsat/2011/gridsat_2011.12.26.06.npz,10.0,87.5,30.0,998.0,DD,11.0,87.5,35.0,996.0,CS,12.0,87.0,40.0,994.0,CS,12.5,85.0,45.0,988.0,CS
NIO_2011_THANE_20111226_1200Z,NIO_2011_THANE,TRAIN,2011-12-26T12:00:00+00:00,data/interim/gridsat/2011/gridsat_2011.12.25.21.npz,data/interim/gridsat/2011/gridsat_2011.12.26.00.npz,data/interim/gridsat/2011/gridsat_2011.12.26.03.npz,data/interim/gridsat/2011/gridsat_2011.12.26.06.npz,data/interim/gridsat/2011/gridsat_2011.12.26.09.npz,data/interim/gridsat/2011/gridsat_2011.12.26.12.npz,10.5,87.5,30.0,998.0,DD,11.5,87.5,40.0,994.0,CS,12.5,86.5,40.0,992.0,CS,12.5,84.5,65.0,982.0,VSCS
NIO_2011_THANE_20111226_1800Z,NIO_2011_THANE,TRAIN,2011-12-26T18:00:00+00:00,data/interim/gridsat/2011/gridsat_2011.12.26.03.npz,data/interim/gridsat/2011/gridsat_2011.12.26.06.npz,data/interim/gridsat/2011/gridsat_2011.12.26.09.npz,data/interim/gridsat/2011/gridsat_2011.12.26.12.npz,data/interim/gridsat/2011/gridsat_2011.12.26.15.npz,data/interim/gridsat/2011/gridsat_2011.12.26.18.npz,11.0,87.5,35.0,996.0,CS,12.0,87.0,40.0,994.0,CS,12.5,86.0,45.0,992.0,CS,12.5,84.0,65.0,978.0,VSCS
NIO_2011_THANE_20111226_2100Z,NIO_2011_THANE,TRAIN,2011-12-26T21:00:00+00:00,data/interim/gridsat/2011/gridsat_2011.12.26.06.npz,data/interim/gridsat/2011/gridsat_2011.12.26.09.npz,data/interim/gridsat/2011/gridsat_2011.12.26.12.npz,data/interim/gridsat/2011/gridsat_2011.12.26.15.npz,data/interim/gridsat/2011/gridsat_2011.12.26.18.npz,data/interim/gridsat/2011/gridsat_2011.12.26.21.npz,11.0,87.5,35.0,996.0,CS,12.2,86.7,40.0,992.0,CS,12.5,86.0,45.0,992.0,CS,12.5,83.5,65.0,976.0,VSCS
NIO_2011_THANE_20111227_0000Z,NIO_2011_THANE,TRAIN,2011-12-27T00:00:00+00:00,data/interim/gridsat/2011/gridsat_2011.12.26.09.npz,data/interim/gridsat/2011/gridsat_2011.12.26.12.npz,data/interim/gridsat/2011/gridsat_2011.12.26.15.npz,data/interim/gridsat/2011/gridsat_2011.12.26.18.npz,data/interim/gridsat/2011/gridsat_2011.12.26.21.npz,data/interim/gridsat/2011/gridsat_2011.12.27.00.npz,11.5,87.5,40.0,994.0,CS,12.5,86.5,40.0,992.0,CS,12.5,85.5,45.0,992.0,CS,12.3,83.0,70.0,974.0,VSCS
NIO_2011_THANE_20111227_0300Z,NIO_2011_THANE,TRAIN,2011-12-27T03:00:00+00:00,data/interim/gridsat/2011/gridsat_2011.12.26.12.npz,data/interim/gridsat/2011/gridsat_2011.12.26.15.npz,data/interim/gridsat/2011/gridsat_2011.12.26.18.npz,data/interim/gridsat/2011/gridsat_2011.12.26.21.npz,data/interim/gridsat/2011/gridsat_2011.12.27.00.npz,data/interim/gridsat/2011/gridsat_2011.12.27.03.npz,12.0,87.0,40.0,994.0,CS,12.5,86.5,45.0,992.0,CS,12.5,85.5,45.0,987.0,CS,12.0,82.5,75.0,976.0,VSCS
NIO_2011_THANE_20111227_0600Z,NIO_2011_THANE,TRAIN,2011-12-27T06:00:00+00:00,data/interim/gridsat/2011/gridsat_2011.12.26.15.npz,data/interim/gridsat/2011/gridsat_2011.12.26.18.npz,data/interim/gridsat/2011/gridsat_2011.12.26.21.npz,data/interim/gridsat/2011/gridsat_2011.12.27.00.npz,data/interim/gridsat/2011/gridsat_2011.12.27.03.npz,data/interim/gridsat/2011/gridsat_2011.12.27.06.npz,12.0,87.0,40.0,994.0,CS,12.5,86.0,45.0,992.0,CS,12.5,85.0,45.0,988.0,CS,12.0,82.0,75.0,972.0,VSCS
NIO_2011_THANE_20111227_0900Z,NIO_2011_THANE,TRAIN,2011-12-27T09:00:00+00:00,data/interim/gridsat/2011/gridsat_2011.12.26.18.npz,data/interim/gridsat/2011/gridsat_2011.12.26.21.npz,data/interim/gridsat/2011/gridsat_2011.12.27.00.npz,data/interim/gridsat/2011/gridsat_2011.12.27.03.npz,data/interim/gridsat/2011/gridsat_2011.12.27.06.npz,data/interim/gridsat/2011/gridsat_2011.12.27.09.npz,12.2,86.7,40.0,992.0,CS,12.5,86.0,45.0,992.0,CS,12.5,85.0,55.0,986.0,SCS,12.0,81.7,75.0,972.0,VSCS
NIO_2011_THANE_20111227_1200Z,NIO_2011_THANE,TRAIN,2011-12-27T12:00:00+00:00,data/interim/gridsat/2011/gridsat_2011.12.26.21.npz,data/interim/gridsat/2011/gridsat_2011.12.27.00.npz,data/interim/gridsat/2011/gridsat_2011.12.27.03.npz,data/interim/gridsat/2011/gridsat_2011.12.27.06.npz,data/interim/gridsat/2011/gridsat_2011.12.27.09.npz,data/interim/gridsat/2011/gridsat_2011.12.27.12.npz,12.5,86.5,40.0,992.0,CS,12.5,85.5,45.0,992.0,CS,12.5,84.5,65.0,982.0,VSCS,12.0,81.3,75.0,972.0,VSCS
NIO_2011_THANE_20111227_1500Z,NIO_2011_THANE,TRAIN,2011-12-27T15:00:00+00:00,data/interim/gridsat/2011/gridsat_2011.12.27.00.npz,data/interim/gridsat/2011/gridsat_2011.12.27.03.npz,data/interim/gridsat/2011/gridsat_2011.12.27.06.npz,data/interim/gridsat/2011/gridsat_2011.12.27.09.npz,data/interim/gridsat/2011/gridsat_2011.12.27.12.npz,data/interim/gridsat/2011/gridsat_2011.12.27.15.npz,12.5,86.5,45.0,992.0,CS,12.5,85.5,45.0,987.0,CS,12.5,84.0,65.0,980.0,VSCS,12.0,81.0,75.0,970.0,VSCS
NIO_2011_THANE_20111227_1800Z,NIO_2011_THANE,TRAIN,2011-12-27T18:00:00+00:00,data/interim/gridsat/2011/gridsat_2011.12.27.03.npz,data/interim/gridsat/2011/gridsat_2011.12.27.06.npz,data/interim/gridsat/2011/gridsat_2011.12.27.09.npz,data/interim/gridsat/2011/gridsat_2011.12.27.12.npz,data/interim/gridsat/2011/gridsat_2011.12.27.15.npz,data/interim/gridsat/2011/gridsat_2011.12.27.18.npz,12.5,86.0,45.0,992.0,CS,12.5,85.0,45.0,988.0,CS,12.5,84.0,65.0,978.0,VSCS,11.8,80.6,75.0,970.0,VSCS
NIO_2011_THANE_20111227_2100Z,NIO_2011_THANE,TRAIN,2011-12-27T21:00:00+00:00,data/interim/gridsat/2011/gridsat_2011.12.27.06.npz,data/interim/gridsat/2011/gridsat_2011.12.27.09.npz,data/interim/gridsat/2011/gridsat_2011.12.27.12.npz,data/interim/gridsat/2011/gridsat_2011.12.27.15.npz,data/interim/gridsat/2011/gridsat_2011.12.27.18.npz,data/interim/gridsat/2011/gridsat_2011.12.27.21.npz,12.5,86.0,45.0,992.0,CS,12.5,85.0,55.0,986.0,SCS,12.5,83.5,65.0,976.0,VSCS,11.8,80.3,75.0,969.0,VSCS
NIO_2011_THANE_20111228_0000Z,NIO_2011_THANE,TRAIN,2011-12-28T00:00:00+00:00,data/interim/gridsat/2011/gridsat_2011.12.27.09.npz,data/interim/gridsat/2011/gridsat_2011.12.27.12.npz,data/interim/gridsat/2011/gridsat_2011.12.27.15.npz,data/interim/gridsat/2011/gridsat_2011.12.27.18.npz,data/interim/gridsat/2011/gridsat_2011.12.27.21.npz,data/interim/gridsat/2011/gridsat_2011.12.28.00.npz,12.5,85.5,45.0,992.0,CS,12.5,84.5,65.0,982.0,VSCS,12.3,83.0,70.0,974.0,VSCS,11.6,79.9,75.0,969.0,VSCS
NIO_2011_THANE_20111228_0300Z,NIO_2011_THANE,TRAIN,2011-12-28T03:00:00+00:00,data/interim/gridsat/2011/gridsat_2011.12.27.12.npz,data/interim/gridsat/2011/gridsat_2011.12.27.15.npz,data/interim/gridsat/2011/gridsat_2011.12.27.18.npz,data/interim/gridsat/2011/gridsat_2011.12.27.21.npz,data/interim/gridsat/2011/gridsat_2011.12.28.00.npz,data/interim/gridsat/2011/gridsat_2011.12.28.03.npz,12.5,85.5,45.0,987.0,CS,12.5,84.0,65.0,980.0,VSCS,12.0,82.5,75.0,976.0,VSCS,11.6,79.5,55.0,986.0,SCS
NIO_2011_THANE_20111228_0600Z,NIO_2011_THANE,TRAIN,2011-12-28T06:00:00+00:00,data/interim/gridsat/2011/gridsat_2011.12.27.15.npz,data/interim/gridsat/2011/gridsat_2011.12.27.18.npz,data/interim/gridsat/2011/gridsat_2011.12.27.21.npz,data/interim/gridsat/2011/gridsat_2011.12.28.00.npz,data/interim/gridsat/2011/gridsat_2011.12.28.03.npz,data/interim/gridsat/2011/gridsat_2011.12.28.06.npz,12.5,85.0,45.0,988.0,CS,12.5,84.0,65.0,978.0,VSCS,12.0,82.0,75.0,972.0,VSCS,11.6,79.0,30.0,998.0,DD
NIO_2011_THANE_20111228_1200Z,NIO_2011_THANE,TRAIN,2011-12-28T12:00:00+00:00,data/interim/gridsat/2011/gridsat_2011.12.27.21.npz,data/interim/gridsat/2011/gridsat_2011.12.28.00.npz,data/interim/gridsat/2011/gridsat_2011.12.28.03.npz,data/interim/gridsat/2011/gridsat_2011.12.28.06.npz,data/interim/gridsat/2011/gridsat_2011.12.28.09.npz,data/interim/gridsat/2011/gridsat_2011.12.28.12.npz,12.5,84.5,65.0,982.0,VSCS,12.3,83.0,70.0,974.0,VSCS,12.0,81.3,75.0,972.0,VSCS,11.6,78.2,25.0,1000.0,D
NIO_2011_UNNAMED_2_3_1_20110616_0600Z,NIO_2011_UNNAMED_2_3_1,TRAIN,2011-06-16T06:00:00+00:00,data/interim/gridsat/2011/gridsat_2011.06.15.15.npz,data/interim/gridsat/2011/gridsat_2011.06.15.18.npz,data/interim/gridsat/2011/gridsat_2011.06.15.21.npz,data/interim/gridsat/2011/gridsat_2011.06.16.00.npz,data/interim/gridsat/2011/gridsat_2011.06.16.03.npz,data/interim/gridsat/2011/gridsat_2011.06.16.06.npz,21.5,89.0,25.0,986.0,DD,22.5,89.0,30.0,984.0,DD,22.8,88.5,35.0,978.0,DD,23.0,87.0,25.0,984.0,DD
NIO_2011_UNNAMED_2_3_1_20110616_1200Z,NIO_2011_UNNAMED_2_3_1,TRAIN,2011-06-16T12:00:00+00:00,data/interim/gridsat/2011/gridsat_2011.06.15.21.npz,data/interim/gridsat/2011/gridsat_2011.06.16.00.npz,data/interim/gridsat/2011/gridsat_2011.06.16.03.npz,data/interim/gridsat/2011/gridsat_2011.06.16.06.npz,data/interim/gridsat/2011/gridsat_2011.06.16.09.npz,data/interim/gridsat/2011/gridsat_2011.06.16.12.npz,22.0,89.0,30.0,984.0,DD,22.5,89.0,30.0,984.0,DD,23.0,88.0,25.0,982.0,DD,23.0,87.0,25.0,984.0,DD
NIO_2011_UNNAMED_2_3_1_20110616_1800Z,NIO_2011_UNNAMED_2_3_1,TRAIN,2011-06-16T18:00:00+00:00,data/interim/gridsat/2011/gridsat_2011.06.16.03.npz,data/interim/gridsat/2011/gridsat_2011.06.16.06.npz,data/interim/gridsat/2011/gridsat_2011.06.16.09.npz,data/interim/gridsat/2011/gridsat_2011.06.16.12.npz,data/interim/gridsat/2011/gridsat_2011.06.16.15.npz,data/interim/gridsat/2011/gridsat_2011.06.16.18.npz,22.5,89.0,30.0,984.0,DD,22.8,88.5,35.0,978.0,DD,23.0,88.0,25.0,984.0,DD,23.0,86.5,25.0,986.0,DD
NIO_2011_UNNAMED_2_3_1_20110617_0000Z,NIO_2011_UNNAMED_2_3_1,TRAIN,2011-06-17T00:00:00+00:00,data/interim/gridsat/2011/gridsat_2011.06.16.09.npz,data/interim/gridsat/2011/gridsat_2011.06.16.12.npz,data/interim/gridsat/2011/gridsat_2011.06.16.15.npz,data/interim/gridsat/2011/gridsat_2011.06.16.18.npz,data/interim/gridsat/2011/gridsat_2011.06.16.21.npz,data/interim/gridsat/2011/gridsat_2011.06.17.00.npz,22.5,89.0,30.0,984.0,DD,23.0,88.0,25.0,982.0,DD,23.0,87.5,25.0,984.0,DD,23.0,86.0,25.0,986.0,DD
NIO_2011_UNNAMED_2_3_1_20110617_0600Z,NIO_2011_UNNAMED_2_3_1,TRAIN,2011-06-17T06:00:00+00:00,data/interim/gridsat/2011/gridsat_2011.06.16.15.npz,data/interim/gridsat/2011/gridsat_2011.06.16.18.npz,data/interim/gridsat/2011/gridsat_2011.06.16.21.npz,data/interim/gridsat/2011/gridsat_2011.06.17.00.npz,data/interim/gridsat/2011/gridsat_2011.06.17.03.npz,data/interim/gridsat/2011/gridsat_2011.06.17.06.npz,22.8,88.5,35.0,978.0,DD,23.0,88.0,25.0,984.0,DD,23.0,87.0,25.0,984.0,DD,23.5,85.5,25.0,987.0,DD
NIO_2011_UNNAMED_2_3_1_20110617_1200Z,NIO_2011_UNNAMED_2_3_1,TRAIN,2011-06-17T12:00:00+00:00,data/interim/gridsat/2011/gridsat_2011.06.16.21.npz,data/interim/gridsat/2011/gridsat_2011.06.17.00.npz,data/interim/gridsat/2011/gridsat_2011.06.17.03.npz,data/interim/gridsat/2011/gridsat_2011.06.17.06.npz,data/interim/gridsat/2011/gridsat_2011.06.17.09.npz,data/interim/gridsat/2011/gridsat_2011.06.17.12.npz,23.0,88.0,25.0,982.0,DD,23.0,87.5,25.0,984.0,DD,23.0,87.0,25.0,984.0,DD,23.5,85.0,25.0,987.0,DD
NIO_2011_UNNAMED_2_3_1_20110617_1800Z,NIO_2011_UNNAMED_2_3_1,TRAIN,2011-06-17T18:00:00+00:00,data/interim/gridsat/2011/gridsat_2011.06.17.03.npz,data/interim/gridsat/2011/gridsat_2011.06.17.06.npz,data/interim/gridsat/2011/gridsat_2011.06.17.09.npz,data/interim/gridsat/2011/gridsat_2011.06.17.12.npz,data/interim/gridsat/2011/gridsat_2011.06.17.15.npz,data/interim/gridsat/2011/gridsat_2011.06.17.18.npz,23.0,88.0,25.0,984.0,DD,23.0,87.0,25.0,984.0,DD,23.0,86.5,25.0,986.0,DD,23.5,84.5,25.0,987.0,DD
NIO_2011_UNNAMED_2_3_1_20110618_0000Z,NIO_2011_UNNAMED_2_3_1,TRAIN,2011-06-18T00:00:00+00:00,data/interim/gridsat/2011/gridsat_2011.06.17.09.npz,data/interim/gridsat/2011/gridsat_2011.06.17.12.npz,data/interim/gridsat/2011/gridsat_2011.06.17.15.npz,data/interim/gridsat/2011/gridsat_2011.06.17.18.npz,data/interim/gridsat/2011/gridsat_2011.06.17.21.npz,data/interim/gridsat/2011/gridsat_2011.06.18.00.npz,23.0,87.5,25.0,984.0,DD,23.0,87.0,25.0,984.0,DD,23.0,86.0,25.0,986.0,DD,23.5,84.0,25.0,987.0,DD
NIO_2011_UNNAMED_2_3_1_20110618_0600Z,NIO_2011_UNNAMED_2_3_1,TRAIN,2011-06-18T06:00:00+00:00,data/interim/gridsat/2011/gridsat_2011.06.17.15.npz,data/interim/gridsat/2011/gridsat_2011.06.17.18.npz,data/interim/gridsat/2011/gridsat_2011.06.17.21.npz,data/interim/gridsat/2011/gridsat_2011.06.18.00.npz,data/interim/gridsat/2011/gridsat_2011.06.18.03.npz,data/interim/gridsat/2011/gridsat_2011.06.18.06.npz,23.0,87.0,25.0,984.0,DD,23.0,86.5,25.0,986.0,DD,23.5,85.5,25.0,987.0,DD,23.7,83.5,20.0,990.0,D
NIO_2011_UNNAMED_2_3_1_20110618_1200Z,NIO_2011_UNNAMED_2_3_1,TRAIN,2011-06-18T12:00:00+00:00,data/interim/gridsat/2011/gridsat_2011.06.17.21.npz,data/interim/gridsat/2011/gridsat_2011.06.18.00.npz,data/interim/gridsat/2011/gridsat_2011.06.18.03.npz,data/interim/gridsat/2011/gridsat_2011.06.18.06.npz,data/interim/gridsat/2011/gridsat_2011.06.18.09.npz,data/interim/gridsat/2011/gridsat_2011.06.18.12.npz,23.0,87.0,25.0,984.0,DD,23.0,86.0,25.0,986.0,DD,23.5,85.0,25.0,987.0,DD,24.0,83.0,20.0,990.0,D
NIO_2011_UNNAMED_2_3_1_20110618_1800Z,NIO_2011_UNNAMED_2_3_1,TRAIN,2011-06-18T18:00:00+00:00,data/interim/gridsat/2011/gridsat_2011.06.18.03.npz,data/interim/gridsat/2011/gridsat_2011.06.18.06.npz,data/interim/gridsat/2011/gridsat_2011.06.18.09.npz,data/interim/gridsat/2011/gridsat_2011.06.18.12.npz,data/interim/gridsat/2011/gridsat_2011.06.18.15.npz,data/interim/gridsat/2011/gridsat_2011.06.18.18.npz,23.0,86.5,25.0,986.0,DD,23.5,85.5,25.0,987.0,DD,23.5,84.5,25.0,987.0,DD,24.0,83.0,20.0,990.0,D
NIO_2011_UNNAMED_2_3_1_20110619_0000Z,NIO_2011_UNNAMED_2_3_1,TRAIN,2011-06-19T00:00:00+00:00,data/interim/gridsat/2011/gridsat_2011.06.18.09.npz,data/interim/gridsat/2011/gridsat_2011.06.18.12.npz,data/interim/gridsat/2011/gridsat_2011.06.18.15.npz,data/interim/gridsat/2011/gridsat_2011.06.18.18.npz,data/interim/gridsat/2011/gridsat_2011.06.18.21.npz,data/interim/gridsat/2011/gridsat_2011.06.19.00.npz,23.0,86.0,25.0,986.0,DD,23.5,85.0,25.0,987.0,DD,23.5,84.0,25.0,987.0,DD,24.5,82.5,20.0,990.0,D
NIO_2011_UNNAMED_2_3_1_20110619_0600Z,NIO_2011_UNNAMED_2_3_1,TRAIN,2011-06-19T06:00:00+00:00,data/interim/gridsat/2011/gridsat_2011.06.18.15.npz,data/interim/gridsat/2011/gridsat_2011.06.18.18.npz,data/interim/gridsat/2011/gridsat_2011.06.18.21.npz,data/interim/gridsat/2011/gridsat_2011.06.19.00.npz,data/interim/gridsat/2011/gridsat_2011.06.19.03.npz,data/interim/gridsat/2011/gridsat_2011.06.19.06.npz,23.5,85.5,25.0,987.0,DD,23.5,84.5,25.0,987.0,DD,23.7,83.5,20.0,990.0,D,24.5,81.5,20.0,990.0,D
NIO_2011_UNNAMED_2_3_1_20110619_1200Z,NIO_2011_UNNAMED_2_3_1,TRAIN,2011-06-19T12:00:00+00:00,data/interim/gridsat/2011/gridsat_2011.06.18.21.npz,data/interim/gridsat/2011/gridsat_2011.06.19.00.npz,data/interim/gridsat/2011/gridsat_2011.06.19.03.npz,data/interim/gridsat/2011/gridsat_2011.06.19.06.npz,data/interim/gridsat/2011/gridsat_2011.06.19.09.npz,data/interim/gridsat/2011/gridsat_2011.06.19.12.npz,23.5,85.0,25.0,987.0,DD,23.5,84.0,25.0,987.0,DD,24.0,83.0,20.0,990.0,D,24.5,81.0,20.0,990.0,D
NIO_2011_UNNAMED_2_3_1_20110619_1800Z,NIO_2011_UNNAMED_2_3_1,TRAIN,2011-06-19T18:00:00+00:00,data/interim/gridsat/2011/gridsat_2011.06.19.03.npz,data/interim/gridsat/2011/gridsat_2011.06.19.06.npz,data/interim/gridsat/2011/gridsat_2011.06.19.09.npz,data/interim/gridsat/2011/gridsat_2011.06.19.12.npz,data/interim/gridsat/2011/gridsat_2011.06.19.15.npz,data/interim/gridsat/2011/gridsat_2011.06.19.18.npz,23.5,84.5,25.0,987.0,DD,23.7,83.5,20.0,990.0,D,24.0,83.0,20.0,990.0,D,24.5,81.0,20.0,990.0,D
NIO_2011_UNNAMED_2_3_1_20110620_0000Z,NIO_2011_UNNAMED_2_3_1,TRAIN,2011-06-20T00:00:00+00:00,data/interim/gridsat/2011/gridsat_2011.06.19.09.npz,data/interim/gridsat/2011/gridsat_2011.06.19.12.npz,data/interim/gridsat/2011/gridsat_2011.06.19.15.npz,data/interim/gridsat/2011/gridsat_2011.06.19.18.npz,data/interim/gridsat/2011/gridsat_2011.06.19.21.npz,data/interim/gridsat/2011/gridsat_2011.06.20.00.npz,23.5,84.0,25.0,987.0,DD,24.0,83.0,20.0,990.0,D,24.5,82.5,20.0,990.0,D,24.5,80.5,20.0,991.0,D
NIO_2011_UNNAMED_2_3_1_20110620_0600Z,NIO_2011_UNNAMED_2_3_1,TRAIN,2011-06-20T06:00:00+00:00,data/interim/gridsat/2011/gridsat_2011.06.19.15.npz,data/interim/gridsat/2011/gridsat_2011.06.19.18.npz,data/interim/gridsat/2011/gridsat_2011.06.19.21.npz,data/interim/gridsat/2011/gridsat_2011.06.20.00.npz,data/interim/gridsat/2011/gridsat_2011.06.20.03.npz,data/interim/gridsat/2011/gridsat_2011.06.20.06.npz,23.7,83.5,20.0,990.0,D,24.0,83.0,20.0,990.0,D,24.5,81.5,20.0,990.0,D,24.5,80.0,20.0,992.0,D
NIO_2011_UNNAMED_2_3_1_20110620_1200Z,NIO_2011_UNNAMED_2_3_1,TRAIN,2011-06-20T12:00:00+00:00,data/interim/gridsat/2011/gridsat_2011.06.19.21.npz,data/interim/gridsat/2011/gridsat_2011.06.20.00.npz,data/interim/gridsat/2011/gridsat_2011.06.20.03.npz,data/interim/gridsat/2011/gridsat_2011.06.20.06.npz,data/interim/gridsat/2011/gridsat_2011.06.20.09.npz,data/interim/gridsat/2011/gridsat_2011.06.20.12.npz,24.0,83.0,20.0,990.0,D,24.5,82.5,20.0,990.0,D,24.5,81.0,20.0,990.0,D,24.5,79.1,20.0,994.0,D
NIO_2011_UNNAMED_2_3_1_20110620_1800Z,NIO_2011_UNNAMED_2_3_1,TRAIN,2011-06-20T18:00:00+00:00,data/interim/gridsat/2011/gridsat_2011.06.20.03.npz,data/interim/gridsat/2011/gridsat_2011.06.20.06.npz,data/interim/gridsat/2011/gridsat_2011.06.20.09.npz,data/interim/gridsat/2011/gridsat_2011.06.20.12.npz,data/interim/gridsat/2011/gridsat_2011.06.20.15.npz,data/interim/gridsat/2011/gridsat_2011.06.20.18.npz,24.0,83.0,20.0,990.0,D,24.5,81.5,20.0,990.0,D,24.5,81.0,20.0,990.0,D,24.5,78.5,20.0,992.0,D
NIO_2011_UNNAMED_2_8_1_20111106_0600Z,NIO_2011_UNNAMED_2_8_1,TRAIN,2011-11-06T06:00:00+00:00,data/interim/gridsat/2011/gridsat_2011.11.05.15.npz,data/interim/gridsat/2011/gridsat_2011.11.05.18.npz,data/interim/gridsat/2011/gridsat_2011.11.05.21.npz,data/interim/gridsat/2011/gridsat_2011.11.06.00.npz,data/interim/gridsat/2011/gridsat_2011.11.06.03.npz,data/interim/gridsat/2011/gridsat_2011.11.06.06.npz,10.5,65.5,25.0,1004.0,D,11.0,64.5,25.0,1004.0,D,12.5,62.0,25.0,1002.0,D,13.7,59.5,30.0,1000.0,DD
NIO_2011_UNNAMED_2_8_1_20111106_1200Z,NIO_2011_UNNAMED_2_8_1,TRAIN,2011-11-06T12:00:00+00:00,data/interim/gridsat/2011/gridsat_2011.11.05.21.npz,data/interim/gridsat/2011/gridsat_2011.11.06.00.npz,data/interim/gridsat/2011/gridsat_2011.11.06.03.npz,data/interim/gridsat/2011/gridsat_2011.11.06.06.npz,data/interim/gridsat/2011/gridsat_2011.11.06.09.npz,data/interim/gridsat/2011/gridsat_2011.11.06.12.npz,10.5,65.5,25.0,1004.0,D,11.5,64.0,25.0,1002.0,D,13.5,60.5,25.0,1002.0,D,14.0,59.0,30.0,1000.0,DD
NIO_2011_UNNAMED_2_8_1_20111106_1800Z,NIO_2011_UNNAMED_2_8_1,TRAIN,2011-11-06T18:00:00+00:00,data/interim/gridsat/2011/gridsat_2011.11.06.03.npz,data/interim/gridsat/2011/gridsat_2011.11.06.06.npz,data/interim/gridsat/2011/gridsat_2011.11.06.09.npz,data/interim/gridsat/2011/gridsat_2011.11.06.12.npz,data/interim/gridsat/2011/gridsat_2011.11.06.15.npz,data/interim/gridsat/2011/gridsat_2011.11.06.18.npz,11.0,64.5,25.0,1004.0,D,12.5,62.0,25.0,1002.0,D,13.5,60.5,25.0,1002.0,D,14.5,58.5,30.0,1000.0,DD
NIO_2011_UNNAMED_2_8_1_20111107_0000Z,NIO_2011_UNNAMED_2_8_1,TRAIN,2011-11-07T00:00:00+00:00,data/interim/gridsat/2011/gridsat_2011.11.06.09.npz,data/interim/gridsat/2011/gridsat_2011.11.06.12.npz,data/interim/gridsat/2011/gridsat_2011.11.06.15.npz,data/interim/gridsat/2011/gridsat_2011.11.06.18.npz,data/interim/gridsat/2011/gridsat_2011.11.06.21.npz,data/interim/gridsat/2011/gridsat_2011.11.07.00.npz,11.5,64.0,25.0,1002.0,D,13.5,60.5,25.0,1002.0,D,13.5,60.0,25.0,1002.0,D,15.0,58.5,30.0,1000.0,DD
NIO_2011_UNNAMED_2_8_1_20111107_0600Z,NIO_2011_UNNAMED_2_8_1,TRAIN,2011-11-07T06:00:00+00:00,data/interim/gridsat/2011/gridsat_2011.11.06.15.npz,data/interim/gridsat/2011/gridsat_2011.11.06.18.npz,data/interim/gridsat/2011/gridsat_2011.11.06.21.npz,data/interim/gridsat/2011/gridsat_2011.11.07.00.npz,data/interim/gridsat/2011/gridsat_2011.11.07.03.npz,data/interim/gridsat/2011/gridsat_2011.11.07.06.npz,12.5,62.0,25.0,1002.0,D,13.5,60.5,25.0,1002.0,D,13.7,59.5,30.0,1000.0,DD,15.0,58.5,30.0,1000.0,DD
NIO_2011_UNNAMED_2_8_1_20111107_1200Z,NIO_2011_UNNAMED_2_8_1,TRAIN,2011-11-07T12:00:00+00:00,data/interim/gridsat/2011/gridsat_2011.11.06.21.npz,data/interim/gridsat/2011/gridsat_2011.11.07.00.npz,data/interim/gridsat/2011/gridsat_2011.11.07.03.npz,data/interim/gridsat/2011/gridsat_2011.11.07.06.npz,data/interim/gridsat/2011/gridsat_2011.11.07.09.npz,data/interim/gridsat/2011/gridsat_2011.11.07.12.npz,13.5,60.5,25.0,1002.0,D,13.5,60.0,25.0,1002.0,D,14.0,59.0,30.0,1000.0,DD,15.5,58.5,25.0,1002.0,D
NIO_2011_UNNAMED_2_8_1_20111107_1800Z,NIO_2011_UNNAMED_2_8_1,TRAIN,2011-11-07T18:00:00+00:00,data/interim/gridsat/2011/gridsat_2011.11.07.03.npz,data/interim/gridsat/2011/gridsat_2011.11.07.06.npz,data/interim/gridsat/2011/gridsat_2011.11.07.09.npz,data/interim/gridsat/2011/gridsat_2011.11.07.12.npz,data/interim/gridsat/2011/gridsat_2011.11.07.15.npz,data/interim/gridsat/2011/gridsat_2011.11.07.18.npz,13.5,60.5,25.0,1002.0,D,13.7,59.5,30.0,1000.0,DD,14.5,58.5,30.0,1000.0,DD,15.5,58.5,25.0,1002.0,D
NIO_2011_UNNAMED_2_8_1_20111108_0000Z,NIO_2011_UNNAMED_2_8_1,TRAIN,2011-11-08T00:00:00+00:00,data/interim/gridsat/2011/gridsat_2011.11.07.09.npz,data/interim/gridsat/2011/gridsat_2011.11.07.12.npz,data/interim/gridsat/2011/gridsat_2011.11.07.15.npz,data/interim/gridsat/2011/gridsat_2011.11.07.18.npz,data/interim/gridsat/2011/gridsat_2011.11.07.21.npz,data/interim/gridsat/2011/gridsat_2011.11.08.00.npz,13.5,60.0,25.0,1002.0,D,14.0,59.0,30.0,1000.0,DD,15.0,58.5,30.0,1000.0,DD,16.0,58.5,25.0,1002.0,D
NIO_2011_UNNAMED_2_9_1_20111126_0600Z,NIO_2011_UNNAMED_2_9_1,TRAIN,2011-11-26T06:00:00+00:00,data/interim/gridsat/2011/gridsat_2011.11.25.15.npz,data/interim/gridsat/2011/gridsat_2011.11.25.18.npz,data/interim/gridsat/2011/gridsat_2011.11.25.21.npz,data/interim/gridsat/2011/gridsat_2011.11.26.00.npz,data/interim/gridsat/2011/gridsat_2011.11.26.03.npz,data/interim/gridsat/2011/gridsat_2011.11.26.06.npz,8.0,75.5,25.0,1002.0,D,8.5,75.0,25.0,1000.0,D,11.0,72.5,25.0,1000.0,D,14.5,69.0,30.0,998.0,DD
NIO_2011_UNNAMED_2_9_1_20111126_1200Z,NIO_2011_UNNAMED_2_9_1,TRAIN,2011-11-26T12:00:00+00:00,data/interim/gridsat/2011/gridsat_2011.11.25.21.npz,data/interim/gridsat/2011/gridsat_2011.11.26.00.npz,data/interim/gridsat/2011/gridsat_2011.11.26.03.npz,data/interim/gridsat/2011/gridsat_2011.11.26.06.npz,data/interim/gridsat/2011/gridsat_2011.11.26.09.npz,data/interim/gridsat/2011/gridsat_2011.11.26.12.npz,8.5,75.0,25.0,1000.0,D,9.5,74.0,25.0,1000.0,D,12.0,71.5,25.0,1000.0,D,15.0,68.0,30.0,998.0,DD
NIO_2011_UNNAMED_2_9_1_20111127_0000Z,NIO_2011_UNNAMED_2_9_1,TRAIN,2011-11-27T00:00:00+00:00,data/interim/gridsat/2011/gridsat_2011.11.26.09.npz,data/interim/gridsat/2011/gridsat_2011.11.26.12.npz,data/interim/gridsat/2011/gridsat_2011.11.26.15.npz,data/interim/gridsat/2011/gridsat_2011.11.26.18.npz,data/interim/gridsat/2011/gridsat_2011.11.26.21.npz,data/interim/gridsat/2011/gridsat_2011.11.27.00.npz,9.5,74.0,25.0,1000.0,D,12.0,71.5,25.0,1000.0,D,13.5,70.0,30.0,998.0,DD,15.5,67.0,30.0,998.0,DD
NIO_2011_UNNAMED_2_9_1_20111127_1200Z,NIO_2011_UNNAMED_2_9_1,TRAIN,2011-11-27T12:00:00+00:00,data/interim/gridsat/2011/gridsat_2011.11.26.21.npz,data/interim/gridsat/2011/gridsat_2011.11.27.00.npz,data/interim/gridsat/2011/gridsat_2011.11.27.03.npz,data/interim/gridsat/2011/gridsat_2011.11.27.06.npz,data/interim/gridsat/2011/gridsat_2011.11.27.09.npz,data/interim/gridsat/2011/gridsat_2011.11.27.12.npz,12.0,71.5,25.0,1000.0,D,13.5,70.0,30.0,998.0,DD,15.0,68.0,30.0,998.0,DD,16.0,66.5,25.0,1000.0,D
NIO_2011_UNNAMED_2_9_1_20111128_0000Z,NIO_2011_UNNAMED_2_9_1,TRAIN,2011-11-28T00:00:00+00:00,data/interim/gridsat/2011/gridsat_2011.11.27.09.npz,data/interim/gridsat/2011/gridsat_2011.11.27.12.npz,data/interim/gridsat/2011/gridsat_2011.11.27.15.npz,data/interim/gridsat/2011/gridsat_2011.11.27.18.npz,data/interim/gridsat/2011/gridsat_2011.11.27.21.npz,data/interim/gridsat/2011/gridsat_2011.11.28.00.npz,13.5,70.0,30.0,998.0,DD,15.0,68.0,30.0,998.0,DD,15.5,67.0,30.0,998.0,DD,17.0,64.4,25.0,1000.0,D
NIO_2011_UNNAMED_2_9_1_20111128_0600Z,NIO_2011_UNNAMED_2_9_1,TRAIN,2011-11-28T06:00:00+00:00,data/interim/gridsat/2011/gridsat_2011.11.27.15.npz,data/interim/gridsat/2011/gridsat_2011.11.27.18.npz,data/interim/gridsat/2011/gridsat_2011.11.27.21.npz,data/interim/gridsat/2011/gridsat_2011.11.28.00.npz,data/interim/gridsat/2011/gridsat_2011.11.28.03.npz,data/interim/gridsat/2011/gridsat_2011.11.28.06.npz,14.5,69.0,30.0,998.0,DD,15.5,67.5,30.0,998.0,DD,16.0,66.5,30.0,998.0,DD,17.5,63.5,25.0,1000.0,D
NIO_2011_UNNAMED_2_9_1_20111128_1200Z,NIO_2011_UNNAMED_2_9_1,TRAIN,2011-11-28T12:00:00+00:00,data/interim/gridsat/2011/gridsat_2011.11.27.21.npz,data/interim/gridsat/2011/gridsat_2011.11.28.00.npz,data/interim/gridsat/2011/gridsat_2011.11.28.03.npz,data/interim/gridsat/2011/gridsat_2011.11.28.06.npz,data/interim/gridsat/2011/gridsat_2011.11.28.09.npz,data/interim/gridsat/2011/gridsat_2011.11.28.12.npz,15.0,68.0,30.0,998.0,DD,15.5,67.0,30.0,998.0,DD,16.0,66.5,25.0,1000.0,D,18.0,63.5,25.0,1000.0,D
NIO_2011_UNNAMED_2_9_1_20111128_1800Z,NIO_2011_UNNAMED_2_9_1,TRAIN,2011-11-28T18:00:00+00:00,data/interim/gridsat/2011/gridsat_2011.11.28.03.npz,data/interim/gridsat/2011/gridsat_2011.11.28.06.npz,data/interim/gridsat/2011/gridsat_2011.11.28.09.npz,data/interim/gridsat/2011/gridsat_2011.11.28.12.npz,data/interim/gridsat/2011/gridsat_2011.11.28.15.npz,data/interim/gridsat/2011/gridsat_2011.11.28.18.npz,15.5,67.5,30.0,998.0,DD,16.0,66.5,30.0,998.0,DD,16.4,65.5,25.0,1000.0,D,19.0,62.5,25.0,1000.0,D
NIO_2011_UNNAMED_2_9_1_20111129_0000Z,NIO_2011_UNNAMED_2_9_1,TRAIN,2011-11-29T00:00:00+00:00,data/interim/gridsat/2011/gridsat_2011.11.28.09.npz,data/interim/gridsat/2011/gridsat_2011.11.28.12.npz,data/interim/gridsat/2011/gridsat_2011.11.28.15.npz,data/interim/gridsat/2011/gridsat_2011.11.28.18.npz,data/interim/gridsat/2011/gridsat_2011.11.28.21.npz,data/interim/gridsat/2011/gridsat_2011.11.29.00.npz,15.5,67.0,30.0,998.0,DD,16.0,66.5,25.0,1000.0,D,17.0,64.4,25.0,1000.0,D,19.5,62.5,25.0,1002.0,D
NIO_2011_UNNAMED_2_9_1_20111129_0600Z,NIO_2011_UNNAMED_2_9_1,TRAIN,2011-11-29T06:00:00+00:00,data/interim/gridsat/2011/gridsat_2011.11.28.15.npz,data/interim/gridsat/2011/gridsat_2011.11.28.18.npz,data/interim/gridsat/2011/gridsat_2011.11.28.21.npz,data/interim/gridsat/2011/gridsat_2011.11.29.00.npz,data/interim/gridsat/2011/gridsat_2011.11.29.03.npz,data/interim/gridsat/2011/gridsat_2011.11.29.06.npz,16.0,66.5,30.0,998.0,DD,16.4,65.5,25.0,1000.0,D,17.5,63.5,25.0,1000.0,D,19.5,62.5,,,
NIO_2012_ECEMBER_20121222_1200Z,NIO_2012_ECEMBER,TRAIN,2012-12-22T12:00:00+00:00,data/interim/gridsat/2012/gridsat_2012.12.21.21.npz,data/interim/gridsat/2012/gridsat_2012.12.22.00.npz,data/interim/gridsat/2012/gridsat_2012.12.22.03.npz,data/interim/gridsat/2012/gridsat_2012.12.22.06.npz,data/interim/gridsat/2012/gridsat_2012.12.22.09.npz,data/interim/gridsat/2012/gridsat_2012.12.22.12.npz,9.0,62.5,25.0,1003.0,D,9.0,60.5,30.0,1002.0,DD,8.5,57.0,30.0,1002.0,DD,7.0,52.0,25.0,1004.0,D
NIO_2012_NILAM_20121028_0600Z,NIO_2012_NILAM,TRAIN,2012-10-28T06:00:00+00:00,data/interim/gridsat/2012/gridsat_2012.10.27.15.npz,data/interim/gridsat/2012/gridsat_2012.10.27.18.npz,data/interim/gridsat/2012/gridsat_2012.10.27.21.npz,data/interim/gridsat/2012/gridsat_2012.10.28.00.npz,data/interim/gridsat/2012/gridsat_2012.10.28.03.npz,data/interim/gridsat/2012/gridsat_2012.10.28.06.npz,9.5,86.0,25.0,1004.0,D,9.5,84.5,25.0,1002.0,D,9.0,83.0,30.0,1000.0,DD,9.0,82.0,35.0,996.0,CS
NIO_2012_NILAM_20121028_1200Z,NIO_2012_NILAM,TRAIN,2012-10-28T12:00:00+00:00,data/interim/gridsat/2012/gridsat_2012.10.27.21.npz,data/interim/gridsat/2012/gridsat_2012.10.28.00.npz,data/interim/gridsat/2012/gridsat_2012.10.28.03.npz,data/interim/gridsat/2012/gridsat_2012.10.28.06.npz,data/interim/gridsat/2012/gridsat_2012.10.28.09.npz,data/interim/gridsat/2012/gridsat_2012.10.28.12.npz,9.5,85.0,25.0,1003.0,D,9.5,84.0,30.0,1000.0,DD,9.0,82.5,30.0,1000.0,DD,9.5,82.0,40.0,994.0,CS
NIO_2012_NILAM_20121028_1800Z,NIO_2012_NILAM,TRAIN,2012-10-28T18:00:00+00:00,data/interim/gridsat/2012/gridsat_2012.10.28.03.npz,data/interim/gridsat/2012/gridsat_2012.10.28.06.npz,data/interim/gridsat/2012/gridsat_2012.10.28.09.npz,data/interim/gridsat/2012/gridsat_2012.10.28.12.npz,data/interim/gridsat/2012/gridsat_2012.10.28.15.npz,data/interim/gridsat/2012/gridsat_2012.10.28.18.npz,9.5,84.5,25.0,1002.0,D,9.0,83.0,30.0,1000.0,DD,9.0,82.0,30.0,1000.0,DD,10.0,82.0,40.0,992.0,CS
NIO_2012_NILAM_20121029_0600Z,NIO_2012_NILAM,TRAIN,2012-10-29T06:00:00+00:00,data/interim/gridsat/2012/gridsat_2012.10.28.15.npz,data/interim/gridsat/2012/gridsat_2012.10.28.18.npz,data/interim/gridsat/2012/gridsat_2012.10.28.21.npz,data/interim/gridsat/2012/gridsat_2012.10.29.00.npz,data/interim/gridsat/2012/gridsat_2012.10.29.03.npz,data/interim/gridsat/2012/gridsat_2012.10.29.06.npz,9.0,83.0,30.0,1000.0,DD,9.0,82.0,30.0,1000.0,DD,9.0,82.0,35.0,996.0,CS,11.5,81.0,45.0,987.0,CS
NIO_2012_UNNAMED_2_4_1_20121117_0600Z,NIO_2012_UNNAMED_2_4_1,TRAIN,2012-11-17T06:00:00+00:00,data/interim/gridsat/2012/gridsat_2012.11.16.15.npz,data/interim/gridsat/2012/gridsat_2012.11.16.18.npz,data/interim/gridsat/2012/gridsat_2012.11.16.21.npz,data/interim/gridsat/2012/gridsat_2012.11.17.00.npz,data/interim/gridsat/2012/gridsat_2012.11.17.03.npz,data/interim/gridsat/2012/gridsat_2012.11.17.06.npz,11.5,90.0,25.0,1004.0,D,16.0,89.0,30.0,1002.0,DD,16.0,88.0,30.0,1002.0,DD,15.0,86.5,25.0,1004.0,D
NIO_2012_UNNAMED_2_4_1_20121117_1200Z,NIO_2012_UNNAMED_2_4_1,TRAIN,2012-11-17T12:00:00+00:00,data/interim/gridsat/2012/gridsat_2012.11.16.21.npz,data/interim/gridsat/2012/gridsat_2012.11.17.00.npz,data/interim/gridsat/2012/gridsat_2012.11.17.03.npz,data/interim/gridsat/2012/gridsat_2012.11.17.06.npz,data/interim/gridsat/2012/gridsat_2012.11.17.09.npz,data/interim/gridsat/2012/gridsat_2012.11.17.12.npz,16.0,89.0,30.0,1002.0,DD,16.0,88.5,30.0,1002.0,DD,16.0,87.5,30.0,1002.0,DD,15.0,86.0,20.0,1005.0,D
NIO_2013_LEHAR_20131123_1200Z,NIO_2013_LEHAR,TRAIN,2013-11-23T12:00:00+00:00,data/interim/gridsat/2013/gridsat_2013.11.22.21.npz,data/interim/gridsat/2013/gridsat_2013.11.23.00.npz,data/interim/gridsat/2013/gridsat_2013.11.23.03.npz,data/interim/gridsat/2013/gridsat_2013.11.23.06.npz,data/interim/gridsat/2013/gridsat_2013.11.23.09.npz,data/interim/gridsat/2013/gridsat_2013.11.23.12.npz,8.5,96.5,25.0,1004.0,D,10.0,95.0,35.0,999.0,CS,11.0,93.5,45.0,996.0,CS,12.5,91.5,60.0,988.0,SCS
NIO_2013_LEHAR_20131123_1800Z,NIO_2013_LEHAR,TRAIN,2013-11-23T18:00:00+00:00,data/interim/gridsat/2013/gridsat_2013.11.23.03.npz,data/interim/gridsat/2013/gridsat_2013.11.23.06.npz,data/interim/gridsat/2013/gridsat_2013.11.23.09.npz,data/interim/gridsat/2013/gridsat_2013.11.23.12.npz,data/interim/gridsat/2013/gridsat_2013.11.23.15.npz,data/interim/gridsat/2013/gridsat_2013.11.23.18.npz,9.0,96.0,30.0,1002.0,DD,10.5,94.5,40.0,998.0,CS,11.5,93.0,45.0,996.0,CS,12.5,91.0,55.0,988.0,SCS
NIO_2013_LEHAR_20131124_0000Z,NIO_2013_LEHAR,TRAIN,2013-11-24T00:00:00+00:00,data/interim/gridsat/2013/gridsat_2013.11.23.09.npz,data/interim/gridsat/2013/gridsat_2013.11.23.12.npz,data/interim/gridsat/2013/gridsat_2013.11.23.15.npz,data/interim/gridsat/2013/gridsat_2013.11.23.18.npz,data/interim/gridsat/2013/gridsat_2013.11.23.21.npz,data/interim/gridsat/2013/gridsat_2013.11.24.00.npz,10.0,95.0,35.0,999.0,CS,11.0,93.5,45.0,996.0,CS,12.0,92.5,55.0,992.0,SCS,12.5,90.5,70.0,982.0,VSCS
NIO_2013_LEHAR_20131124_0300Z,NIO_2013_LEHAR,TRAIN,2013-11-24T03:00:00+00:00,data/interim/gridsat/2013/gridsat_2013.11.23.12.npz,data/interim/gridsat/2013/gridsat_2013.11.23.15.npz,data/interim/gridsat/2013/gridsat_2013.11.23.18.npz,data/interim/gridsat/2013/gridsat_2013.11.23.21.npz,data/interim/gridsat/2013/gridsat_2013.11.24.00.npz,data/interim/gridsat/2013/gridsat_2013.11.24.03.npz,10.0,95.0,40.0,998.0,CS,11.0,93.5,45.0,996.0,CS,12.0,92.0,55.0,988.0,SCS,12.5,90.0,70.0,982.0,VSCS
NIO_2013_LEHAR_20131124_0600Z,NIO_2013_LEHAR,TRAIN,2013-11-24T06:00:00+00:00,data/interim/gridsat/2013/gridsat_2013.11.23.15.npz,data/interim/gridsat/2013/gridsat_2013.11.23.18.npz,data/interim/gridsat/2013/gridsat_2013.11.23.21.npz,data/interim/gridsat/2013/gridsat_2013.11.24.00.npz,data/interim/gridsat/2013/gridsat_2013.11.24.03.npz,data/interim/gridsat/2013/gridsat_2013.11.24.06.npz,10.5,94.5,40.0,998.0,CS,11.5,93.0,45.0,996.0,CS,12.0,91.5,55.0,988.0,SCS,12.5,89.5,70.0,982.0,VSCS
NIO_2013_LEHAR_20131124_0900Z,NIO_2013_LEHAR,TRAIN,2013-11-24T09:00:00+00:00,data/interim/gridsat/2013/gridsat_2013.11.23.18.npz,data/interim/gridsat/2013/gridsat_2013.11.23.21.npz,data/interim/gridsat/2013/gridsat_2013.11.24.00.npz,data/interim/gridsat/2013/gridsat_2013.11.24.03.npz,data/interim/gridsat/2013/gridsat_2013.11.24.06.npz,data/interim/gridsat/2013/gridsat_2013.11.24.09.npz,10.7,94.0,45.0,996.0,CS,11.5,92.5,45.0,996.0,CS,12.0,91.5,60.0,988.0,SCS,13.0,89.0,70.0,982.0,VSCS
NIO_2013_LEHAR_20131124_1200Z,NIO_2013_LEHAR,TRAIN,2013-11-24T12:00:00+00:00,data/interim/gridsat/2013/gridsat_2013.11.23.21.npz,data/interim/gridsat/2013/gridsat_2013.11.24.00.npz,data/interim/gridsat/2013/gridsat_2013.11.24.03.npz,data/interim/gridsat/2013/gridsat_2013.11.24.06.npz,data/interim/gridsat/2013/gridsat_2013.11.24.09.npz,data/interim/gridsat/2013/gridsat_2013.11.24.12.npz,11.0,93.5,45.0,996.0,CS,12.0,92.5,55.0,992.0,SCS,12.5,91.5,60.0,988.0,SCS,13.0,88.5,70.0,982.0,VSCS
NIO_2013_LEHAR_20131124_1500Z,NIO_2013_LEHAR,TRAIN,2013-11-24T15:00:00+00:00,data/interim/gridsat/2013/gridsat_2013.11.24.00.npz,data/interim/gridsat/2013/gridsat_2013.11.24.03.npz,data/interim/gridsat/2013/gridsat_2013.11.24.06.npz,data/interim/gridsat/2013/gridsat_2013.11.24.09.npz,data/interim/gridsat/2013/gridsat_2013.11.24.12.npz,data/interim/gridsat/2013/gridsat_2013.11.24.15.npz,11.0,93.5,45.0,996.0,CS,12.0,92.0,55.0,988.0,SCS,12.5,91.0,60.0,988.0,SCS,13.0,88.5,70.0,982.0,VSCS
NIO_2013_LEHAR_20131124_1800Z,NIO_2013_LEHAR,TRAIN,2013-11-24T18:00:00+00:00,data/interim/gridsat/2013/gridsat_2013.11.24.03.npz,data/interim/gridsat/2013/gridsat_2013.11.24.06.npz,data/interim/gridsat/2013/gridsat_2013.11.24.09.npz,data/interim/gridsat/2013/gridsat_2013.11.24.12.npz,data/interim/gridsat/2013/gridsat_2013.11.24.15.npz,data/interim/gridsat/2013/gridsat_2013.11.24.18.npz,11.5,93.0,45.0,996.0,CS,12.0,91.5,55.0,988.0,SCS,12.5,91.0,55.0,988.0,SCS,13.1,88.0,75.0,980.0,VSCS
NIO_2013_LEHAR_20131124_2100Z,NIO_2013_LEHAR,TRAIN,2013-11-24T21:00:00+00:00,data/interim/gridsat/2013/gridsat_2013.11.24.06.npz,data/interim/gridsat/2013/gridsat_2013.11.24.09.npz,data/interim/gridsat/2013/gridsat_2013.11.24.12.npz,data/interim/gridsat/2013/gridsat_2013.11.24.15.npz,data/interim/gridsat/2013/gridsat_2013.11.24.18.npz,data/interim/gridsat/2013/gridsat_2013.11.24.21.npz,11.5,92.5,45.0,996.0,CS,12.0,91.5,60.0,988.0,SCS,12.5,91.0,65.0,984.0,VSCS,13.2,87.5,75.0,980.0,VSCS
NIO_2013_LEHAR_20131125_0000Z,NIO_2013_LEHAR,TRAIN,2013-11-25T00:00:00+00:00,data/interim/gridsat/2013/gridsat_2013.11.24.09.npz,data/interim/gridsat/2013/gridsat_2013.11.24.12.npz,data/interim/gridsat/2013/gridsat_2013.11.24.15.npz,data/interim/gridsat/2013/gridsat_2013.11.24.18.npz,data/interim/gridsat/2013/gridsat_2013.11.24.21.npz,data/interim/gridsat/2013/gridsat_2013.11.25.00.npz,12.0,92.5,55.0,992.0,SCS,12.5,91.5,60.0,988.0,SCS,12.5,90.5,70.0,982.0,VSCS,13.5,87.0,75.0,980.0,VSCS
NIO_2013_LEHAR_20131125_0300Z,NIO_2013_LEHAR,TRAIN,2013-11-25T03:00:00+00:00,data/interim/gridsat/2013/gridsat_2013.11.24.12.npz,data/interim/gridsat/2013/gridsat_2013.11.24.15.npz,data/interim/gridsat/2013/gridsat_2013.11.24.18.npz,data/interim/gridsat/2013/gridsat_2013.11.24.21.npz,data/interim/gridsat/2013/gridsat_2013.11.25.00.npz,data/interim/gridsat/2013/gridsat_2013.11.25.03.npz,12.0,92.0,55.0,988.0,SCS,12.5,91.0,60.0,988.0,SCS,12.5,90.0,70.0,982.0,VSCS,13.5,86.5,75.0,980.0,VSCS
NIO_2013_LEHAR_20131125_0600Z,NIO_2013_LEHAR,TRAIN,2013-11-25T06:00:00+00:00,data/interim/gridsat/2013/gridsat_2013.11.24.15.npz,data/interim/gridsat/2013/gridsat_2013.11.24.18.npz,data/interim/gridsat/2013/gridsat_2013.11.24.21.npz,data/interim/gridsat/2013/gridsat_2013.11.25.00.npz,data/interim/gridsat/2013/gridsat_2013.11.25.03.npz,data/interim/gridsat/2013/gridsat_2013.11.25.06.npz,12.0,91.5,55.0,988.0,SCS,12.5,91.0,55.0,988.0,SCS,12.5,89.5,70.0,982.0,VSCS,14.0,86.0,70.0,982.0,VSCS
NIO_2013_LEHAR_20131125_0900Z,NIO_2013_LEHAR,TRAIN,2013-11-25T09:00:00+00:00,data/interim/gridsat/2013/gridsat_2013.11.24.18.npz,data/interim/gridsat/2013/gridsat_2013.11.24.21.npz,data/interim/gridsat/2013/gridsat_2013.11.25.00.npz,data/interim/gridsat/2013/gridsat_2013.11.25.03.npz,data/interim/gridsat/2013/gridsat_2013.11.25.06.npz,data/interim/gridsat/2013/gridsat_2013.11.25.09.npz,12.0,91.5,60.0,988.0,SCS,12.5,91.0,65.0,984.0,VSCS,13.0,89.0,70.0,982.0,VSCS,14.0,85.5,65.0,984.0,VSCS
NIO_2013_LEHAR_20131125_1200Z,NIO_2013_LEHAR,TRAIN,2013-11-25T12:00:00+00:00,data/interim/gridsat/2013/gridsat_2013.11.24.21.npz,data/interim/gridsat/2013/gridsat_2013.11.25.00.npz,data/interim/gridsat/2013/gridsat_2013.11.25.03.npz,data/interim/gridsat/2013/gridsat_2013.11.25.06.npz,data/interim/gridsat/2013/gridsat_2013.11.25.09.npz,data/interim/gridsat/2013/gridsat_2013.11.25.12.npz,12.5,91.5,60.0,988.0,SCS,12.5,90.5,70.0,982.0,VSCS,13.0,88.5,70.0,982.0,VSCS,14.5,85.0,55.0,988.0,SCS
NIO_2013_LEHAR_20131125_1500Z,NIO_2013_LEHAR,TRAIN,2013-11-25T15:00:00+00:00,data/interim/gridsat/2013/gridsat_2013.11.25.00.npz,data/interim/gridsat/2013/gridsat_2013.11.25.03.npz,data/interim/gridsat/2013/gridsat_2013.11.25.06.npz,data/interim/gridsat/2013/gridsat_2013.11.25.09.npz,data/interim/gridsat/2013/gridsat_2013.11.25.12.npz,data/interim/gridsat/2013/gridsat_2013.11.25.15.npz,12.5,91.0,60.0,988.0,SCS,12.5,90.0,70.0,982.0,VSCS,13.0,88.5,70.0,982.0,VSCS,14.5,84.5,55.0,988.0,SCS
NIO_2013_LEHAR_20131125_1800Z,NIO_2013_LEHAR,TRAIN,2013-11-25T18:00:00+00:00,data/interim/gridsat/2013/gridsat_2013.11.25.03.npz,data/interim/gridsat/2013/gridsat_2013.11.25.06.npz,data/interim/gridsat/2013/gridsat_2013.11.25.09.npz,data/interim/gridsat/2013/gridsat_2013.11.25.12.npz,data/interim/gridsat/2013/gridsat_2013.11.25.15.npz,data/interim/gridsat/2013/gridsat_2013.11.25.18.npz,12.5,91.0,55.0,988.0,SCS,12.5,89.5,70.0,982.0,VSCS,13.1,88.0,75.0,980.0,VSCS,15.0,84.0,45.0,996.0,CS
NIO_2013_LEHAR_20131125_2100Z,NIO_2013_LEHAR,TRAIN,2013-11-25T21:00:00+00:00,data/interim/gridsat/2013/gridsat_2013.11.25.06.npz,data/interim/gridsat/2013/gridsat_2013.11.25.09.npz,data/interim/gridsat/2013/gridsat_2013.11.25.12.npz,data/interim/gridsat/2013/gridsat_2013.11.25.15.npz,data/interim/gridsat/2013/gridsat_2013.11.25.18.npz,data/interim/gridsat/2013/gridsat_2013.11.25.21.npz,12.5,91.0,65.0,984.0,VSCS,13.0,89.0,70.0,982.0,VSCS,13.2,87.5,75.0,980.0,VSCS,15.0,83.5,40.0,998.0,CS
NIO_2013_LEHAR_20131126_0000Z,NIO_2013_LEHAR,TRAIN,2013-11-26T00:00:00+00:00,data/interim/gridsat/2013/gridsat_2013.11.25.09.npz,data/interim/gridsat/2013/gridsat_2013.11.25.12.npz,data/interim/gridsat/2013/gridsat_2013.11.25.15.npz,data/interim/gridsat/2013/gridsat_2013.11.25.18.npz,data/interim/gridsat/2013/gridsat_2013.11.25.21.npz,data/interim/gridsat/2013/gridsat_2013.11.26.00.npz,12.5,90.5,70.0,982.0,VSCS,13.0,88.5,70.0,982.0,VSCS,13.5,87.0,75.0,980.0,VSCS,15.5,82.0,30.0,1000.0,DD
NIO_2013_LEHAR_20131126_0300Z,NIO_2013_LEHAR,TRAIN,2013-11-26T03:00:00+00:00,data/interim/gridsat/2013/gridsat_2013.11.25.12.npz,data/interim/gridsat/2013/gridsat_2013.11.25.15.npz,data/interim/gridsat/2013/gridsat_2013.11.25.18.npz,data/interim/gridsat/2013/gridsat_2013.11.25.21.npz,data/interim/gridsat/2013/gridsat_2013.11.26.00.npz,data/interim/gridsat/2013/gridsat_2013.11.26.03.npz,12.5,90.0,70.0,982.0,VSCS,13.0,88.5,70.0,982.0,VSCS,13.5,86.5,75.0,980.0,VSCS,15.7,81.7,30.0,1000.0,DD
NIO_2013_MADI_20131206_0600Z,NIO_2013_MADI,TRAIN,2013-12-06T06:00:00+00:00,data/interim/gridsat/2013/gridsat_2013.12.05.15.npz,data/interim/gridsat/2013/gridsat_2013.12.05.18.npz,data/interim/gridsat/2013/gridsat_2013.12.05.21.npz,data/interim/gridsat/2013/gridsat_2013.12.06.00.npz,data/interim/gridsat/2013/gridsat_2013.12.06.03.npz,data/interim/gridsat/2013/gridsat_2013.12.06.06.npz,10.0,84.0,25.0,1004.0,D,10.4,84.0,30.0,1002.0,DD,10.7,84.2,45.0,996.0,CS,12.3,84.7,65.0,986.0,VSCS
NIO_2013_MADI_20131206_1200Z,NIO_2013_MADI,TRAIN,2013-12-06T12:00:00+00:00,data/interim/gridsat/2013/gridsat_2013.12.05.21.npz,data/interim/gridsat/2013/gridsat_2013.12.06.00.npz,data/interim/gridsat/2013/gridsat_2013.12.06.03.npz,data/interim/gridsat/2013/gridsat_2013.12.06.06.npz,data/interim/gridsat/2013/gridsat_2013.12.06.09.npz,data/interim/gridsat/2013/gridsat_2013.12.06.12.npz,10.2,84.0,25.0,1004.0,D,10.5,84.1,35.0,998.0,CS,11.0,84.4,55.0,992.0,SCS,13.0,84.7,65.0,986.0,VSCS
NIO_2013_MADI_20131206_1800Z,NIO_2013_MADI,TRAIN,2013-12-06T18:00:00+00:00,data/interim/gridsat/2013/gridsat_2013.12.06.03.npz,data/interim/gridsat/2013/gridsat_2013.12.06.06.npz,data/interim/gridsat/2013/gridsat_2013.12.06.09.npz,data/interim/gridsat/2013/gridsat_2013.12.06.12.npz,data/interim/gridsat/2013/gridsat_2013.12.06.15.npz,data/interim/gridsat/2013/gridsat_2013.12.06.18.npz,10.4,84.0,30.0,1002.0,DD,10.7,84.2,45.0,996.0,CS,11.2,84.5,55.0,990.0,SCS,13.4,84.7,65.0,986.0,VSCS
NIO_2013_MADI_20131207_0000Z,NIO_2013_MADI,TRAIN,2013-12-07T00:00:00+00:00,data/interim/gridsat/2013/gridsat_2013.12.06.09.npz,data/interim/gridsat/2013/gridsat_2013.12.06.12.npz,data/interim/gridsat/2013/gridsat_2013.12.06.15.npz,data/interim/gridsat/2013/gridsat_2013.12.06.18.npz,data/interim/gridsat/2013/gridsat_2013.12.06.21.npz,data/interim/gridsat/2013/gridsat_2013.12.07.00.npz,10.5,84.1,35.0,998.0,CS,11.0,84.4,55.0,992.0,SCS,11.8,84.6,60.0,988.0,SCS,13.8,84.7,65.0,986.0,VSCS
NIO_2013_MADI_20131207_0300Z,NIO_2013_MADI,TRAIN,2013-12-07T03:00:00+00:00,data/interim/gridsat/2013/gridsat_2013.12.06.12.npz,data/interim/gridsat/2013/gridsat_2013.12.06.15.npz,data/interim/gridsat/2013/gridsat_2013.12.06.18.npz,data/interim/gridsat/2013/gridsat_2013.12.06.21.npz,data/interim/gridsat/2013/gridsat_2013.12.07.00.npz,data/interim/gridsat/2013/gridsat_2013.12.07.03.npz,10.5,84.1,35.0,998.0,CS,11.0,84.5,55.0,992.0,SCS,12.0,84.6,60.0,988.0,SCS,14.0,84.7,65.0,986.0,VSCS
NIO_2013_MADI_20131207_0600Z,NIO_2013_MADI,TRAIN,2013-12-07T06:00:00+00:00,data/interim/gridsat/2013/gridsat_2013.12.06.15.npz,data/interim/gridsat/2013/gridsat_2013.12.06.18.npz,data/interim/gridsat/2013/gridsat_2013.12.06.21.npz,data/interim/gridsat/2013/gridsat_2013.12.07.00.npz,data/interim/gridsat/2013/gridsat_2013.12.07.03.npz,data/interim/gridsat/2013/gridsat_2013.12.07.06.npz,10.7,84.2,45.0,996.0,CS,11.2,84.5,55.0,990.0,SCS,12.3,84.7,65.0,986.0,VSCS,14.3,84.7,65.0,986.0,VSCS
NIO_2013_MADI_20131207_0900Z,NIO_2013_MADI,TRAIN,2013-12-07T09:00:00+00:00,data/interim/gridsat/2013/gridsat_2013.12.06.18.npz,data/interim/gridsat/2013/gridsat_2013.12.06.21.npz,data/interim/gridsat/2013/gridsat_2013.12.07.00.npz,data/interim/gridsat/2013/gridsat_2013.12.07.03.npz,data/interim/gridsat/2013/gridsat_2013.12.07.06.npz,data/interim/gridsat/2013/gridsat_2013.12.07.09.npz,10.8,84.3,55.0,992.0,SCS,11.5,84.6,55.0,990.0,SCS,12.6,84.7,65.0,986.0,VSCS,14.4,84.7,65.0,986.0,VSCS
NIO_2013_MADI_20131207_1200Z,NIO_2013_MADI,TRAIN,2013-12-07T12:00:00+00:00,data/interim/gridsat/2013/gridsat_2013.12.06.21.npz,data/interim/gridsat/2013/gridsat_2013.12.07.00.npz,data/interim/gridsat/2013/gridsat_2013.12.07.03.npz,data/interim/gridsat/2013/gridsat_2013.12.07.06.npz,data/interim/gridsat/2013/gridsat_2013.12.07.09.npz,data/interim/gridsat/2013/gridsat_2013.12.07.12.npz,11.0,84.4,55.0,992.0,SCS,11.8,84.6,60.0,988.0,SCS,13.0,84.7,65.0,986.0,VSCS,14.6,84.7,60.0,988.0,SCS
NIO_2013_MADI_20131207_1500Z,NIO_2013_MADI,TRAIN,2013-12-07T15:00:00+00:00,data/interim/gridsat/2013/gridsat_2013.12.07.00.npz,data/interim/gridsat/2013/gridsat_2013.12.07.03.npz,data/interim/gridsat/2013/gridsat_2013.12.07.06.npz,data/interim/gridsat/2013/gridsat_2013.12.07.09.npz,data/interim/gridsat/2013/gridsat_2013.12.07.12.npz,data/interim/gridsat/2013/gridsat_2013.12.07.15.npz,11.0,84.5,55.0,992.0,SCS,12.0,84.6,60.0,988.0,SCS,13.2,84.7,65.0,986.0,VSCS,14.7,84.7,60.0,988.0,SCS
NIO_2013_MADI_20131207_1800Z,NIO_2013_MADI,TRAIN,2013-12-07T18:00:00+00:00,data/interim/gridsat/2013/gridsat_2013.12.07.03.npz,data/interim/gridsat/2013/gridsat_2013.12.07.06.npz,data/interim/gridsat/2013/gridsat_2013.12.07.09.npz,data/interim/gridsat/2013/gridsat_2013.12.07.12.npz,data/interim/gridsat/2013/gridsat_2013.12.07.15.npz,data/interim/gridsat/2013/gridsat_2013.12.07.18.npz,11.2,84.5,55.0,990.0,SCS,12.3,84.7,65.0,986.0,VSCS,13.4,84.7,65.0,986.0,VSCS,14.8,84.8,60.0,988.0,SCS
NIO_2013_MADI_20131207_2100Z,NIO_2013_MADI,TRAIN,2013-12-07T21:00:00+00:00,data/interim/gridsat/2013/gridsat_2013.12.07.06.npz,data/interim/gridsat/2013/gridsat_2013.12.07.09.npz,data/interim/gridsat/2013/gridsat_2013.12.07.12.npz,data/interim/gridsat/2013/gridsat_2013.12.07.15.npz,data/interim/gridsat/2013/gridsat_2013.12.07.18.npz,data/interim/gridsat/2013/gridsat_2013.12.07.21.npz,11.5,84.6,55.0,990.0,SCS,12.6,84.7,65.0,986.0,VSCS,13.6,84.7,65.0,986.0,VSCS,14.8,84.8,60.0,988.0,SCS
NIO_2013_MADI_20131208_0000Z,NIO_2013_MADI,TRAIN,2013-12-08T00:00:00+00:00,data/interim/gridsat/2013/gridsat_2013.12.07.09.npz,data/interim/gridsat/2013/gridsat_2013.12.07.12.npz,data/interim/gridsat/2013/gridsat_2013.12.07.15.npz,data/interim/gridsat/2013/gridsat_2013.12.07.18.npz,data/interim/gridsat/2013/gridsat_2013.12.07.21.npz,data/interim/gridsat/2013/gridsat_2013.12.08.00.npz,11.8,84.6,60.0,988.0,SCS,13.0,84.7,65.0,986.0,VSCS,13.8,84.7,65.0,986.0,VSCS,15.0,85.0,60.0,988.0,SCS
NIO_2013_MADI_20131208_0300Z,NIO_2013_MADI,TRAIN,2013-12-08T03:00:00+00:00,data/interim/gridsat/2013/gridsat_2013.12.07.12.npz,data/interim/gridsat/2013/gridsat_2013.12.07.15.npz,data/interim/gridsat/2013/gridsat_2013.12.07.18.npz,data/interim/gridsat/2013/gridsat_2013.12.07.21.npz,data/interim/gridsat/2013/gridsat_2013.12.08.00.npz,data/interim/gridsat/2013/gridsat_2013.12.08.03.npz,12.0,84.6,60.0,988.0,SCS,13.2,84.7,65.0,986.0,VSCS,14.0,84.7,65.0,986.0,VSCS,15.3,85.3,65.0,986.0,VSCS
NIO_2013_MADI_20131208_0600Z,NIO_2013_MADI,TRAIN,2013-12-08T06:00:00+00:00,data/interim/gridsat/2013/gridsat_2013.12.07.15.npz,data/interim/gridsat/2013/gridsat_2013.12.07.18.npz,data/interim/gridsat/2013/gridsat_2013.12.07.21.npz,data/interim/gridsat/2013/gridsat_2013.12.08.00.npz,data/interim/gridsat/2013/gridsat_2013.12.08.03.npz,data/interim/gridsat/2013/gridsat_2013.12.08.06.npz,12.3,84.7,65.0,986.0,VSCS,13.4,84.7,65.0,986.0,VSCS,14.3,84.7,65.0,986.0,VSCS,15.4,85.3,65.0,986.0,VSCS
NIO_2013_MADI_20131208_0900Z,NIO_2013_MADI,TRAIN,2013-12-08T09:00:00+00:00,data/interim/gridsat/2013/gridsat_2013.12.07.18.npz,data/interim/gridsat/2013/gridsat_2013.12.07.21.npz,data/interim/gridsat/2013/gridsat_2013.12.08.00.npz,data/interim/gridsat/2013/gridsat_2013.12.08.03.npz,data/interim/gridsat/2013/gridsat_2013.12.08.06.npz,data/interim/gridsat/2013/gridsat_2013.12.08.09.npz,12.6,84.7,65.0,986.0,VSCS,13.6,84.7,65.0,986.0,VSCS,14.4,84.7,65.0,986.0,VSCS,15.7,85.3,65.0,986.0,VSCS
NIO_2013_MADI_20131208_1200Z,NIO_2013_MADI,TRAIN,2013-12-08T12:00:00+00:00,data/interim/gridsat/2013/gridsat_2013.12.07.21.npz,data/interim/gridsat/2013/gridsat_2013.12.08.00.npz,data/interim/gridsat/2013/gridsat_2013.12.08.03.npz,data/interim/gridsat/2013/gridsat_2013.12.08.06.npz,data/interim/gridsat/2013/gridsat_2013.12.08.09.npz,data/interim/gridsat/2013/gridsat_2013.12.08.12.npz,13.0,84.7,65.0,986.0,VSCS,13.8,84.7,65.0,986.0,VSCS,14.6,84.7,60.0,988.0,SCS,15.4,85.0,55.0,990.0,SCS
NIO_2013_PHAILIN_20131008_0600Z,NIO_2013_PHAILIN,TRAIN,2013-10-08T06:00:00+00:00,data/interim/gridsat/2013/gridsat_2013.10.07.15.npz,data/interim/gridsat/2013/gridsat_2013.10.07.18.npz,data/interim/gridsat/2013/gridsat_2013.10.07.21.npz,data/interim/gridsat/2013/gridsat_2013.10.08.00.npz,data/interim/gridsat/2013/gridsat_2013.10.08.03.npz,data/interim/gridsat/2013/gridsat_2013.10.08.06.npz,12.0,95.5,25.0,1004.0,D,12.5,94.0,25.0,1003.0,D,13.0,93.0,30.0,1000.0,DD,15.0,90.5,65.0,984.0,VSCS
NIO_2013_PHAILIN_20131008_1200Z,NIO_2013_PHAILIN,TRAIN,2013-10-08T12:00:00+00:00,data/interim/gridsat/2013/gridsat_2013.10.07.21.npz,data/interim/gridsat/2013/gridsat_2013.10.08.00.npz,data/interim/gridsat/2013/gridsat_2013.10.08.03.npz,data/interim/gridsat/2013/gridsat_2013.10.08.06.npz,data/interim/gridsat/2013/gridsat_2013.10.08.09.npz,data/interim/gridsat/2013/gridsat_2013.10.08.12.npz,12.0,94.5,25.0,1003.0,D,13.0,93.5,30.0,1002.0,DD,13.5,92.5,35.0,999.0,CS,15.5,90.0,75.0,976.0,VSCS
NIO_2013_PHAILIN_20131008_1800Z,NIO_2013_PHAILIN,TRAIN,2013-10-08T18:00:00+00:00,data/interim/gridsat/2013/gridsat_2013.10.08.03.npz,data/interim/gridsat/2013/gridsat_2013.10.08.06.npz,data/interim/gridsat/2013/gridsat_2013.10.08.09.npz,data/interim/gridsat/2013/gridsat_2013.10.08.12.npz,data/interim/gridsat/2013/gridsat_2013.10.08.15.npz,data/interim/gridsat/2013/gridsat_2013.10.08.18.npz,12.5,94.0,25.0,1003.0,D,13.0,93.0,30.0,1000.0,DD,14.0,92.0,40.0,998.0,CS,15.5,89.5,95.0,960.0,VSCS
NIO_2013_PHAILIN_20131009_0000Z,NIO_2013_PHAILIN,TRAIN,2013-10-09T00:00:00+00:00,data/interim/gridsat/2013/gridsat_2013.10.08.09.npz,data/interim/gridsat/2013/gridsat_2013.10.08.12.npz,data/interim/gridsat/2013/gridsat_2013.10.08.15.npz,data/interim/gridsat/2013/gridsat_2013.10.08.18.npz,data/interim/gridsat/2013/gridsat_2013.10.08.21.npz,data/interim/gridsat/2013/gridsat_2013.10.09.00.npz,13.0,93.5,30.0,1002.0,DD,13.5,92.5,35.0,999.0,CS,14.5,91.5,45.0,996.0,CS,16.0,88.5,110.0,946.0,VSCS
NIO_2013_PHAILIN_20131009_0300Z,NIO_2013_PHAILIN,TRAIN,2013-10-09T03:00:00+00:00,data/interim/gridsat/2013/gridsat_2013.10.08.12.npz,data/interim/gridsat/2013/gridsat_2013.10.08.15.npz,data/interim/gridsat/2013/gridsat_2013.10.08.18.npz,data/interim/gridsat/2013/gridsat_2013.10.08.21.npz,data/interim/gridsat/2013/gridsat_2013.10.09.00.npz,data/interim/gridsat/2013/gridsat_2013.10.09.03.npz,13.0,93.5,30.0,1001.0,DD,13.6,92.5,35.0,999.0,CS,14.5,91.0,55.0,990.0,SCS,16.0,88.5,115.0,940.0,VSCS
NIO_2013_PHAILIN_20131009_0600Z,NIO_2013_PHAILIN,TRAIN,2013-10-09T06:00:00+00:00,data/interim/gridsat/2013/gridsat_2013.10.08.15.npz,data/interim/gridsat/2013/gridsat_2013.10.08.18.npz,data/interim/gridsat/2013/gridsat_2013.10.08.21.npz,data/interim/gridsat/2013/gridsat_2013.10.09.00.npz,data/interim/gridsat/2013/gridsat_2013.10.09.03.npz,data/interim/gridsat/2013/gridsat_2013.10.09.06.npz,13.0,93.0,30.0,1000.0,DD,14.0,92.0,40.0,998.0,CS,15.0,90.5,65.0,984.0,VSCS,16.2,88.3,115.0,940.0,VSCS
NIO_2013_PHAILIN_20131009_0900Z,NIO_2013_PHAILIN,TRAIN,2013-10-09T09:00:00+00:00,data/interim/gridsat/2013/gridsat_2013.10.08.18.npz,data/interim/gridsat/2013/gridsat_2013.10.08.21.npz,data/interim/gridsat/2013/gridsat_2013.10.09.00.npz,data/interim/gridsat/2013/gridsat_2013.10.09.03.npz,data/interim/gridsat/2013/gridsat_2013.10.09.06.npz,data/interim/gridsat/2013/gridsat_2013.10.09.09.npz,13.5,92.5,30.0,1000.0,DD,14.0,92.0,40.0,998.0,CS,15.0,90.5,70.0,982.0,VSCS,16.5,88.0,115.0,940.0,VSCS
NIO_2013_PHAILIN_20131009_1200Z,NIO_2013_PHAILIN,TRAIN,2013-10-09T12:00:00+00:00,data/interim/gridsat/2013/gridsat_2013.10.08.21.npz,data/interim/gridsat/2013/gridsat_2013.10.09.00.npz,data/interim/gridsat/2013/gridsat_2013.10.09.03.npz,data/interim/gridsat/2013/gridsat_2013.10.09.06.npz,data/interim/gridsat/2013/gridsat_2013.10.09.09.npz,data/interim/gridsat/2013/gridsat_2013.10.09.12.npz,13.5,92.5,35.0,999.0,CS,14.5,91.5,45.0,996.0,CS,15.5,90.0,75.0,976.0,VSCS,16.8,87.7,115.0,940.0,VSCS
NIO_2013_PHAILIN_20131009_1500Z,NIO_2013_PHAILIN,TRAIN,2013-10-09T15:00:00+00:00,data/interim/gridsat/2013/gridsat_2013.10.09.00.npz,data/interim/gridsat/2013/gridsat_2013.10.09.03.npz,data/interim/gridsat/2013/gridsat_2013.10.09.06.npz,data/interim/gridsat/2013/gridsat_2013.10.09.09.npz,data/interim/gridsat/2013/gridsat_2013.10.09.12.npz,data/interim/gridsat/2013/gridsat_2013.10.09.15.npz,13.6,92.5,35.0,999.0,CS,14.5,91.0,55.0,990.0,SCS,15.5,90.0,90.0,966.0,VSCS,16.9,87.2,115.0,940.0,VSCS
NIO_2013_PHAILIN_20131009_1800Z,NIO_2013_PHAILIN,TRAIN,2013-10-09T18:00:00+00:00,data/interim/gridsat/2013/gridsat_2013.10.09.03.npz,data/interim/gridsat/2013/gridsat_2013.10.09.06.npz,data/interim/gridsat/2013/gridsat_2013.10.09.09.npz,data/interim/gridsat/2013/gridsat_2013.10.09.12.npz,data/interim/gridsat/2013/gridsat_2013.10.09.15.npz,data/interim/gridsat/2013/gridsat_2013.10.09.18.npz,14.0,92.0,40.0,998.0,CS,15.0,90.5,65.0,984.0,VSCS,15.5,89.5,95.0,960.0,VSCS,17.0,87.0,115.0,940.0,VSCS
NIO_2013_PHAILIN_20131009_2100Z,NIO_2013_PHAILIN,TRAIN,2013-10-09T21:00:00+00:00,data/interim/gridsat/2013/gridsat_2013.10.09.06.npz,data/interim/gridsat/2013/gridsat_2013.10.09.09.npz,data/interim/gridsat/2013/gridsat_2013.10.09.12.npz,data/interim/gridsat/2013/gridsat_2013.10.09.15.npz,data/interim/gridsat/2013/gridsat_2013.10.09.18.npz,data/interim/gridsat/2013/gridsat_2013.10.09.21.npz,14.0,92.0,40.0,998.0,CS,15.0,90.5,70.0,982.0,VSCS,15.5,89.0,100.0,954.0,VSCS,17.1,86.8,115.0,940.0,VSCS
NIO_2013_PHAILIN_20131010_0000Z,NIO_2013_PHAILIN,TRAIN,2013-10-10T00:00:00+00:00,data/interim/gridsat/2013/gridsat_2013.10.09.09.npz,data/interim/gridsat/2013/gridsat_2013.10.09.12.npz,data/interim/gridsat/2013/gridsat_2013.10.09.15.npz,data/interim/gridsat/2013/gridsat_2013.10.09.18.npz,data/interim/gridsat/2013/gridsat_2013.10.09.21.npz,data/interim/gridsat/2013/gridsat_2013.10.10.00.npz,14.5,91.5,45.0,996.0,CS,15.5,90.0,75.0,976.0,VSCS,16.0,88.5,110.0,946.0,VSCS,17.5,86.5,115.0,940.0,VSCS
NIO_2013_PHAILIN_20131010_0300Z,NIO_2013_PHAILIN,TRAIN,2013-10-10T03:00:00+00:00,data/interim/gridsat/2013/gridsat_2013.10.09.12.npz,data/interim/gridsat/2013/gridsat_2013.10.09.15.npz,data/interim/gridsat/2013/gridsat_2013.10.09.18.npz,data/interim/gridsat/2013/gridsat_2013.10.09.21.npz,data/interim/gridsat/2013/gridsat_2013.10.10.00.npz,data/interim/gridsat/2013/gridsat_2013.10.10.03.npz,14.5,91.0,55.0,990.0,SCS,15.5,90.0,90.0,966.0,VSCS,16.0,88.5,115.0,940.0,VSCS,17.8,86.0,115.0,940.0,VSCS
NIO_2013_PHAILIN_20131010_0600Z,NIO_2013_PHAILIN,TRAIN,2013-10-10T06:00:00+00:00,data/interim/gridsat/2013/gridsat_2013.10.09.15.npz,data/interim/gridsat/2013/gridsat_2013.10.09.18.npz,data/interim/gridsat/2013/gridsat_2013.10.09.21.npz,data/interim/gridsat/2013/gridsat_2013.10.10.00.npz,data/interim/gridsat/2013/gridsat_2013.10.10.03.npz,data/interim/gridsat/2013/gridsat_2013.10.10.06.npz,15.0,90.5,65.0,984.0,VSCS,15.5,89.5,95.0,960.0,VSCS,16.2,88.3,115.0,940.0,VSCS,18.1,85.7,115.0,940.0,VSCS
NIO_2013_PHAILIN_20131010_0900Z,NIO_2013_PHAILIN,TRAIN,2013-10-10T09:00:00+00:00,data/interim/gridsat/2013/gridsat_2013.10.09.18.npz,data/interim/gridsat/2013/gridsat_2013.10.09.21.npz,data/interim/gridsat/2013/gridsat_2013.10.10.00.npz,data/interim/gridsat/2013/gridsat_2013.10.10.03.npz,data/interim/gridsat/2013/gridsat_2013.10.10.06.npz,data/interim/gridsat/2013/gridsat_2013.10.10.09.npz,15.0,90.5,70.0,982.0,VSCS,15.5,89.0,100.0,954.0,VSCS,16.5,88.0,115.0,940.0,VSCS,18.6,85.4,115.0,940.0,VSCS
NIO_2013_PHAILIN_20131010_1200Z,NIO_2013_PHAILIN,TRAIN,2013-10-10T12:00:00+00:00,data/interim/gridsat/2013/gridsat_2013.10.09.21.npz,data/interim/gridsat/2013/gridsat_2013.10.10.00.npz,data/interim/gridsat/2013/gridsat_2013.10.10.03.npz,data/interim/gridsat/2013/gridsat_2013.10.10.06.npz,data/interim/gridsat/2013/gridsat_2013.10.10.09.npz,data/interim/gridsat/2013/gridsat_2013.10.10.12.npz,15.5,90.0,75.0,976.0,VSCS,16.0,88.5,110.0,946.0,VSCS,16.8,87.7,115.0,940.0,VSCS,18.7,85.2,115.0,940.0,VSCS
NIO_2013_PHAILIN_20131010_1500Z,NIO_2013_PHAILIN,TRAIN,2013-10-10T15:00:00+00:00,data/interim/gridsat/2013/gridsat_2013.10.10.00.npz,data/interim/gridsat/2013/gridsat_2013.10.10.03.npz,data/interim/gridsat/2013/gridsat_2013.10.10.06.npz,data/interim/gridsat/2013/gridsat_2013.10.10.09.npz,data/interim/gridsat/2013/gridsat_2013.10.10.12.npz,data/interim/gridsat/2013/gridsat_2013.10.10.15.npz,15.5,90.0,90.0,966.0,VSCS,16.0,88.5,115.0,940.0,VSCS,16.9,87.2,115.0,940.0,VSCS,19.1,85.2,115.0,940.0,VSCS
NIO_2013_PHAILIN_20131010_1800Z,NIO_2013_PHAILIN,TRAIN,2013-10-10T18:00:00+00:00,data/interim/gridsat/2013/gridsat_2013.10.10.03.npz,data/interim/gridsat/2013/gridsat_2013.10.10.06.npz,data/interim/gridsat/2013/gridsat_2013.10.10.09.npz,data/interim/gridsat/2013/gridsat_2013.10.10.12.npz,data/interim/gridsat/2013/gridsat_2013.10.10.15.npz,data/interim/gridsat/2013/gridsat_2013.10.10.18.npz,15.5,89.5,95.0,960.0,VSCS,16.2,88.3,115.0,940.0,VSCS,17.0,87.0,115.0,940.0,VSCS,19.5,84.8,100.0,956.0,VSCS
NIO_2013_PHAILIN_20131010_2100Z,NIO_2013_PHAILIN,TRAIN,2013-10-10T21:00:00+00:00,data/interim/gridsat/2013/gridsat_2013.10.10.06.npz,data/interim/gridsat/2013/gridsat_2013.10.10.09.npz,data/interim/gridsat/2013/gridsat_2013.10.10.12.npz,data/interim/gridsat/2013/gridsat_2013.10.10.15.npz,data/interim/gridsat/2013/gridsat_2013.10.10.18.npz,data/interim/gridsat/2013/gridsat_2013.10.10.21.npz,15.5,89.0,100.0,954.0,VSCS,16.5,88.0,115.0,940.0,VSCS,17.1,86.8,115.0,940.0,VSCS,20.0,84.5,90.0,966.0,VSCS
NIO_2013_PHAILIN_20131011_0000Z,NIO_2013_PHAILIN,TRAIN,2013-10-11T00:00:00+00:00,data/interim/gridsat/2013/gridsat_2013.10.10.09.npz,data/interim/gridsat/2013/gridsat_2013.10.10.12.npz,data/interim/gridsat/2013/gridsat_2013.10.10.15.npz,data/interim/gridsat/2013/gridsat_2013.10.10.18.npz,data/interim/gridsat/2013/gridsat_2013.10.10.21.npz,data/interim/gridsat/2013/gridsat_2013.10.11.00.npz,16.0,88.5,110.0,946.0,VSCS,16.8,87.7,115.0,940.0,VSCS,17.5,86.5,115.0,940.0,VSCS,20.5,84.5,75.0,976.0,VSCS
NIO_2013_UNNAMED_2_2_1_20130529_0300Z,NIO_2013_UNNAMED_2_2_1,TRAIN,2013-05-29T03:00:00+00:00,data/interim/gridsat/2013/gridsat_2013.05.28.12.npz,data/interim/gridsat/2013/gridsat_2013.05.28.15.npz,data/interim/gridsat/2013/gridsat_2013.05.28.18.npz,data/interim/gridsat/2013/gridsat_2013.05.28.21.npz,data/interim/gridsat/2013/gridsat_2013.05.29.00.npz,data/interim/gridsat/2013/gridsat_2013.05.29.03.npz,21.0,89.5,25.0,996.0,D,22.0,88.7,20.0,994.0,D,22.3,87.5,20.0,990.0,D,24.0,87.0,20.0,990.0,D
NIO_2013_UNNAMED_2_2_1_20130529_0600Z,NIO_2013_UNNAMED_2_2_1,TRAIN,2013-05-29T06:00:00+00:00,data/interim/gridsat/2013/gridsat_2013.05.28.15.npz,data/interim/gridsat/2013/gridsat_2013.05.28.18.npz,data/interim/gridsat/2013/gridsat_2013.05.28.21.npz,data/interim/gridsat/2013/gridsat_2013.05.29.00.npz,data/interim/gridsat/2013/gridsat_2013.05.29.03.npz,data/interim/gridsat/2013/gridsat_2013.05.29.06.npz,21.3,89.3,25.0,996.0,D,22.1,88.4,20.0,994.0,D,22.3,87.5,20.0,990.0,D,24.5,87.0,20.0,994.0,D
NIO_2013_UNNAMED_2_6_1_20131108_0600Z,NIO_2013_UNNAMED_2_6_1,TRAIN,2013-11-08T06:00:00+00:00,data/interim/gridsat/2013/gridsat_2013.11.07.15.npz,data/interim/gridsat/2013/gridsat_2013.11.07.18.npz,data/interim/gridsat/2013/gridsat_2013.11.07.21.npz,data/interim/gridsat/2013/gridsat_2013.11.08.00.npz,data/interim/gridsat/2013/gridsat_2013.11.08.03.npz,data/interim/gridsat/2013/gridsat_2013.11.08.06.npz,8.0,56.5,25.0,1006.0,D,8.0,54.0,25.0,1004.0,D,8.0,52.5,30.0,1002.0,DD,8.0,51.0,30.0,1002.0,DD
NIO_2013_UNNAMED_2_6_1_20131108_1200Z,NIO_2013_UNNAMED_2_6_1,TRAIN,2013-11-08T12:00:00+00:00,data/interim/gridsat/2013/gridsat_2013.11.07.21.npz,data/interim/gridsat/2013/gridsat_2013.11.08.00.npz,data/interim/gridsat/2013/gridsat_2013.11.08.03.npz,data/interim/gridsat/2013/gridsat_2013.11.08.06.npz,data/interim/gridsat/2013/gridsat_2013.11.08.09.npz,data/interim/gridsat/2013/gridsat_2013.11.08.12.npz,8.0,55.0,25.0,1004.0,D,8.0,53.0,30.0,1002.0,DD,8.0,51.5,30.0,1002.0,DD,8.0,51.0,30.0,1002.0,DD
NIO_2013_UNNAMED_2_6_1_20131108_1800Z,NIO_2013_UNNAMED_2_6_1,TRAIN,2013-11-08T18:00:00+00:00,data/interim/gridsat/2013/gridsat_2013.11.08.03.npz,data/interim/gridsat/2013/gridsat_2013.11.08.06.npz,data/interim/gridsat/2013/gridsat_2013.11.08.09.npz,data/interim/gridsat/2013/gridsat_2013.11.08.12.npz,data/interim/gridsat/2013/gridsat_2013.11.08.15.npz,data/interim/gridsat/2013/gridsat_2013.11.08.18.npz,8.0,54.0,25.0,1004.0,D,8.0,52.5,30.0,1002.0,DD,8.0,51.5,30.0,1002.0,DD,8.1,50.5,30.0,1002.0,DD
NIO_2013_UNNAMED_2_6_1_20131109_0000Z,NIO_2013_UNNAMED_2_6_1,TRAIN,2013-11-09T00:00:00+00:00,data/interim/gridsat/2013/gridsat_2013.11.08.09.npz,data/interim/gridsat/2013/gridsat_2013.11.08.12.npz,data/interim/gridsat/2013/gridsat_2013.11.08.15.npz,data/interim/gridsat/2013/gridsat_2013.11.08.18.npz,data/interim/gridsat/2013/gridsat_2013.11.08.21.npz,data/interim/gridsat/2013/gridsat_2013.11.09.00.npz,8.0,53.0,30.0,1002.0,DD,8.0,51.5,30.0,1002.0,DD,8.0,51.5,30.0,1002.0,DD,8.2,50.0,30.0,1002.0,DD
NIO_2013_UNNAMED_2_6_1_20131109_0600Z,NIO_2013_UNNAMED_2_6_1,TRAIN,2013-11-09T06:00:00+00:00,data/interim/gridsat/2013/gridsat_2013.11.08.15.npz,data/interim/gridsat/2013/gridsat_2013.11.08.18.npz,data/interim/gridsat/2013/gridsat_2013.11.08.21.npz,data/interim/gridsat/2013/gridsat_2013.11.09.00.npz,data/interim/gridsat/2013/gridsat_2013.11.09.03.npz,data/interim/gridsat/2013/gridsat_2013.11.09.06.npz,8.0,52.5,30.0,1002.0,DD,8.0,51.5,30.0,1002.0,DD,8.0,51.0,30.0,1002.0,DD,8.7,49.3,25.0,1004.0,D
NIO_2013_UNNAMED_2_8_1_20131119_0000Z,NIO_2013_UNNAMED_2_8_1,TRAIN,2013-11-19T00:00:00+00:00,data/interim/gridsat/2013/gridsat_2013.11.18.09.npz,data/interim/gridsat/2013/gridsat_2013.11.18.12.npz,data/interim/gridsat/2013/gridsat_2013.11.18.15.npz,data/interim/gridsat/2013/gridsat_2013.11.18.18.npz,data/interim/gridsat/2013/gridsat_2013.11.18.21.npz,data/interim/gridsat/2013/gridsat_2013.11.19.00.npz,14.5,86.5,25.0,1004.0,D,15.0,85.0,25.0,1004.0,D,15.0,84.0,30.0,1002.0,DD,15.6,83.5,50.0,994.0,SCS
NIO_2013_UNNAMED_2_8_1_20131119_0300Z,NIO_2013_UNNAMED_2_8_1,TRAIN,2013-11-19T03:00:00+00:00,data/interim/gridsat/2013/gridsat_2013.11.18.12.npz,data/interim/gridsat/2013/gridsat_2013.11.18.15.npz,data/interim/gridsat/2013/gridsat_2013.11.18.18.npz,data/interim/gridsat/2013/gridsat_2013.11.18.21.npz,data/interim/gridsat/2013/gridsat_2013.11.19.00.npz,data/interim/gridsat/2013/gridsat_2013.11.19.03.npz,14.5,86.0,25.0,1004.0,D,15.0,85.0,30.0,1002.0,DD,15.0,84.0,35.0,1000.0,CS,15.8,83.4,50.0,992.0,SCS
NIO_2013_UNNAMED_2_8_1_20131119_0600Z,NIO_2013_UNNAMED_2_8_1,TRAIN,2013-11-19T06:00:00+00:00,data/interim/gridsat/2013/gridsat_2013.11.18.15.npz,data/interim/gridsat/2013/gridsat_2013.11.18.18.npz,data/interim/gridsat/2013/gridsat_2013.11.18.21.npz,data/interim/gridsat/2013/gridsat_2013.11.19.00.npz,data/interim/gridsat/2013/gridsat_2013.11.19.03.npz,data/interim/gridsat/2013/gridsat_2013.11.19.06.npz,14.5,85.5,25.0,1004.0,D,15.0,84.5,30.0,1002.0,DD,15.2,84.0,40.0,1000.0,CS,15.9,83.3,55.0,990.0,SCS
NIO_2013_UNNAMED_2_8_1_20131119_1200Z,NIO_2013_UNNAMED_2_8_1,TRAIN,2013-11-19T12:00:00+00:00,data/interim/gridsat/2013/gridsat_2013.11.18.21.npz,data/interim/gridsat/2013/gridsat_2013.11.19.00.npz,data/interim/gridsat/2013/gridsat_2013.11.19.03.npz,data/interim/gridsat/2013/gridsat_2013.11.19.06.npz,data/interim/gridsat/2013/gridsat_2013.11.19.09.npz,data/interim/gridsat/2013/gridsat_2013.11.19.12.npz,15.0,85.0,25.0,1004.0,D,15.0,84.0,30.0,1002.0,DD,15.3,83.9,45.0,998.0,CS,16.1,82.9,55.0,990.0,SCS
NIO_2013_UNNAMED_2_8_1_20131119_1500Z,NIO_2013_UNNAMED_2_8_1,TRAIN,2013-11-19T15:00:00+00:00,data/interim/gridsat/2013/gridsat_2013.11.19.00.npz,data/interim/gridsat/2013/gridsat_2013.11.19.03.npz,data/interim/gridsat/2013/gridsat_2013.11.19.06.npz,data/interim/gridsat/2013/gridsat_2013.11.19.09.npz,data/interim/gridsat/2013/gridsat_2013.11.19.12.npz,data/interim/gridsat/2013/gridsat_2013.11.19.15.npz,15.0,85.0,30.0,1002.0,DD,15.0,84.0,35.0,1000.0,CS,15.3,83.9,45.0,998.0,CS,16.1,82.7,55.0,990.0,SCS
NIO_2013_UNNAMED_2_8_1_20131119_1800Z,NIO_2013_UNNAMED_2_8_1,TRAIN,2013-11-19T18:00:00+00:00,data/interim/gridsat/2013/gridsat_2013.11.19.03.npz,data/interim/gridsat/2013/gridsat_2013.11.19.06.npz,data/interim/gridsat/2013/gridsat_2013.11.19.09.npz,data/interim/gridsat/2013/gridsat_2013.11.19.12.npz,data/interim/gridsat/2013/gridsat_2013.11.19.15.npz,data/interim/gridsat/2013/gridsat_2013.11.19.18.npz,15.0,84.5,30.0,1002.0,DD,15.2,84.0,40.0,1000.0,CS,15.4,83.7,45.0,996.0,CS,16.2,82.7,55.0,990.0,SCS
NIO_2013_UNNAMED_2_8_1_20131120_0000Z,NIO_2013_UNNAMED_2_8_1,TRAIN,2013-11-20T00:00:00+00:00,data/interim/gridsat/2013/gridsat_2013.11.19.09.npz,data/interim/gridsat/2013/gridsat_2013.11.19.12.npz,data/interim/gridsat/2013/gridsat_2013.11.19.15.npz,data/interim/gridsat/2013/gridsat_2013.11.19.18.npz,data/interim/gridsat/2013/gridsat_2013.11.19.21.npz,data/interim/gridsat/2013/gridsat_2013.11.20.00.npz,15.0,84.0,30.0,1002.0,DD,15.3,83.9,45.0,998.0,CS,15.6,83.5,50.0,994.0,SCS,16.2,81.9,55.0,990.0,SCS
NIO_2013_UNNAMED_2_8_1_20131120_0300Z,NIO_2013_UNNAMED_2_8_1,TRAIN,2013-11-20T03:00:00+00:00,data/interim/gridsat/2013/gridsat_2013.11.19.12.npz,data/interim/gridsat/2013/gridsat_2013.11.19.15.npz,data/interim/gridsat/2013/gridsat_2013.11.19.18.npz,data/interim/gridsat/2013/gridsat_2013.11.19.21.npz,data/interim/gridsat/2013/gridsat_2013.11.20.00.npz,data/interim/gridsat/2013/gridsat_2013.11.20.03.npz,15.0,84.0,35.0,1000.0,CS,15.3,83.9,45.0,998.0,CS,15.8,83.4,50.0,992.0,SCS,16.2,81.7,55.0,990.0,SCS
NIO_2013_UNNAMED_2_8_1_20131120_0600Z,NIO_2013_UNNAMED_2_8_1,TRAIN,2013-11-20T06:00:00+00:00,data/interim/gridsat/2013/gridsat_2013.11.19.15.npz,data/interim/gridsat/2013/gridsat_2013.11.19.18.npz,data/interim/gridsat/2013/gridsat_2013.11.19.21.npz,data/interim/gridsat/2013/gridsat_2013.11.20.00.npz,data/interim/gridsat/2013/gridsat_2013.11.20.03.npz,data/interim/gridsat/2013/gridsat_2013.11.20.06.npz,15.2,84.0,40.0,1000.0,CS,15.4,83.7,45.0,996.0,CS,15.9,83.3,55.0,990.0,SCS,16.2,81.3,55.0,990.0,SCS
NIO_2013_UNNAMED_2_8_1_20131120_0900Z,NIO_2013_UNNAMED_2_8_1,TRAIN,2013-11-20T09:00:00+00:00,data/interim/gridsat/2013/gridsat_2013.11.19.18.npz,data/interim/gridsat/2013/gridsat_2013.11.19.21.npz,data/interim/gridsat/2013/gridsat_2013.11.20.00.npz,data/interim/gridsat/2013/gridsat_2013.11.20.03.npz,data/interim/gridsat/2013/gridsat_2013.11.20.06.npz,data/interim/gridsat/2013/gridsat_2013.11.20.09.npz,15.2,84.0,40.0,1000.0,CS,15.5,83.6,45.0,996.0,CS,16.0,83.1,55.0,990.0,SCS,16.1,81.2,40.0,1000.0,
NIO_2013_UNNAMED_2_8_1_20131120_1200Z,NIO_2013_UNNAMED_2_8_1,TRAIN,2013-11-20T12:00:00+00:00,data/interim/gridsat/2013/gridsat_2013.11.19.21.npz,data/interim/gridsat/2013/gridsat_2013.11.20.00.npz,data/interim/gridsat/2013/gridsat_2013.11.20.03.npz,data/interim/gridsat/2013/gridsat_2013.11.20.06.npz,data/interim/gridsat/2013/gridsat_2013.11.20.09.npz,data/interim/gridsat/2013/gridsat_2013.11.20.12.npz,15.3,83.9,45.0,998.0,CS,15.6,83.5,50.0,994.0,SCS,16.1,82.9,55.0,990.0,SCS,15.9,80.7,30.0,1002.0,
NIO_2013_UNNAMED_2_8_1_20131120_1800Z,NIO_2013_UNNAMED_2_8_1,TRAIN,2013-11-20T18:00:00+00:00,data/interim/gridsat/2013/gridsat_2013.11.20.03.npz,data/interim/gridsat/2013/gridsat_2013.11.20.06.npz,data/interim/gridsat/2013/gridsat_2013.11.20.09.npz,data/interim/gridsat/2013/gridsat_2013.11.20.12.npz,data/interim/gridsat/2013/gridsat_2013.11.20.15.npz,data/interim/gridsat/2013/gridsat_2013.11.20.18.npz,15.4,83.7,45.0,996.0,CS,15.9,83.3,55.0,990.0,SCS,16.2,82.7,55.0,990.0,SCS,15.9,80.4,25.0,1004.0,
NIO_2013_VIYARU_20130510_1200Z,NIO_2013_VIYARU,TRAIN,2013-05-10T12:00:00+00:00,data/interim/gridsat/2013/gridsat_2013.05.09.21.npz,data/interim/gridsat/2013/gridsat_2013.05.10.00.npz,data/interim/gridsat/2013/gridsat_2013.05.10.03.npz,data/interim/gridsat/2013/gridsat_2013.05.10.06.npz,data/interim/gridsat/2013/gridsat_2013.05.10.09.npz,data/interim/gridsat/2013/gridsat_2013.05.10.12.npz,5.5,92.0,30.0,1002.0,DD,6.5,91.0,30.0,998.0,DD,8.0,89.5,40.0,994.0,CS,10.5,87.0,40.0,994.0,CS
NIO_2013_VIYARU_20130510_1800Z,NIO_2013_VIYARU,TRAIN,2013-05-10T18:00:00+00:00,data/interim/gridsat/2013/gridsat_2013.05.10.03.npz,data/interim/gridsat/2013/gridsat_2013.05.10.06.npz,data/interim/gridsat/2013/gridsat_2013.05.10.09.npz,data/interim/gridsat/2013/gridsat_2013.05.10.12.npz,data/interim/gridsat/2013/gridsat_2013.05.10.15.npz,data/interim/gridsat/2013/gridsat_2013.05.10.18.npz,6.0,91.5,30.0,1000.0,DD,7.0,90.5,35.0,996.0,CS,9.0,89.0,40.0,994.0,CS,11.0,86.5,40.0,994.0,CS
NIO_2013_VIYARU_20130511_0000Z,NIO_2013_VIYARU,TRAIN,2013-05-11T00:00:00+00:00,data/interim/gridsat/2013/gridsat_2013.05.10.09.npz,data/interim/gridsat/2013/gridsat_2013.05.10.12.npz,data/interim/gridsat/2013/gridsat_2013.05.10.15.npz,data/interim/gridsat/2013/gridsat_2013.05.10.18.npz,data/interim/gridsat/2013/gridsat_2013.05.10.21.npz,data/interim/gridsat/2013/gridsat_2013.05.11.00.npz,6.5,91.0,30.0,998.0,DD,8.0,89.5,40.0,994.0,CS,10.0,88.0,40.0,994.0,CS,11.5,86.5,40.0,994.0,CS
NIO_2013_VIYARU_20130511_0300Z,NIO_2013_VIYARU,TRAIN,2013-05-11T03:00:00+00:00,data/interim/gridsat/2013/gridsat_2013.05.10.12.npz,data/interim/gridsat/2013/gridsat_2013.05.10.15.npz,data/interim/gridsat/2013/gridsat_2013.05.10.18.npz,data/interim/gridsat/2013/gridsat_2013.05.10.21.npz,data/interim/gridsat/2013/gridsat_2013.05.11.00.npz,data/interim/gridsat/2013/gridsat_2013.05.11.03.npz,7.0,90.5,35.0,996.0,CS,8.5,89.0,40.0,994.0,CS,10.0,87.5,40.0,994.0,CS,12.0,86.5,40.0,994.0,CS
NIO_2013_VIYARU_20130511_0600Z,NIO_2013_VIYARU,TRAIN,2013-05-11T06:00:00+00:00,data/interim/gridsat/2013/gridsat_2013.05.10.15.npz,data/interim/gridsat/2013/gridsat_2013.05.10.18.npz,data/interim/gridsat/2013/gridsat_2013.05.10.21.npz,data/interim/gridsat/2013/gridsat_2013.05.11.00.npz,data/interim/gridsat/2013/gridsat_2013.05.11.03.npz,data/interim/gridsat/2013/gridsat_2013.05.11.06.npz,7.0,90.5,35.0,996.0,CS,9.0,89.0,40.0,994.0,CS,10.0,87.5,40.0,994.0,CS,12.0,86.5,40.0,994.0,CS
NIO_2013_VIYARU_20130511_0900Z,NIO_2013_VIYARU,TRAIN,2013-05-11T09:00:00+00:00,data/interim/gridsat/2013/gridsat_2013.05.10.18.npz,data/interim/gridsat/2013/gridsat_2013.05.10.21.npz,data/interim/gridsat/2013/gridsat_2013.05.11.00.npz,data/interim/gridsat/2013/gridsat_2013.05.11.03.npz,data/interim/gridsat/2013/gridsat_2013.05.11.06.npz,data/interim/gridsat/2013/gridsat_2013.05.11.09.npz,7.5,90.0,35.0,996.0,CS,9.5,88.5,40.0,994.0,CS,10.5,87.0,40.0,994.0,CS,12.0,86.0,40.0,994.0,CS
NIO_2013_VIYARU_20130511_1200Z,NIO_2013_VIYARU,TRAIN,2013-05-11T12:00:00+00:00,data/interim/gridsat/2013/gridsat_2013.05.10.21.npz,data/interim/gridsat/2013/gridsat_2013.05.11.00.npz,data/interim/gridsat/2013/gridsat_2013.05.11.03.npz,data/interim/gridsat/2013/gridsat_2013.05.11.06.npz,data/interim/gridsat/2013/gridsat_2013.05.11.09.npz,data/interim/gridsat/2013/gridsat_2013.05.11.12.npz,8.0,89.5,40.0,994.0,CS,10.0,88.0,40.0,994.0,CS,10.5,87.0,40.0,994.0,CS,12.0,86.0,40.0,994.0,CS
NIO_2013_VIYARU_20130511_1500Z,NIO_2013_VIYARU,TRAIN,2013-05-11T15:00:00+00:00,data/interim/gridsat/2013/gridsat_2013.05.11.00.npz,data/interim/gridsat/2013/gridsat_2013.05.11.03.npz,data/interim/gridsat/2013/gridsat_2013.05.11.06.npz,data/interim/gridsat/2013/gridsat_2013.05.11.09.npz,data/interim/gridsat/2013/gridsat_2013.05.11.12.npz,data/interim/gridsat/2013/gridsat_2013.05.11.15.npz,8.5,89.0,40.0,994.0,CS,10.0,87.5,40.0,994.0,CS,10.5,86.5,40.0,994.0,CS,12.5,86.0,40.0,994.0,CS
NIO_2013_VIYARU_20130511_1800Z,NIO_2013_VIYARU,TRAIN,2013-05-11T18:00:00+00:00,data/interim/gridsat/2013/gridsat_2013.05.11.03.npz,data/interim/gridsat/2013/gridsat_2013.05.11.06.npz,data/interim/gridsat/2013/gridsat_2013.05.11.09.npz,data/interim/gridsat/2013/gridsat_2013.05.11.12.npz,data/interim/gridsat/2013/gridsat_2013.05.11.15.npz,data/interim/gridsat/2013/gridsat_2013.05.11.18.npz,9.0,89.0,40.0,994.0,CS,10.0,87.5,40.0,994.0,CS,11.0,86.5,40.0,994.0,CS,12.5,85.5,40.0,994.0,CS
NIO_2013_VIYARU_20130511_2100Z,NIO_2013_VIYARU,TRAIN,2013-05-11T21:00:00+00:00,data/interim/gridsat/2013/gridsat_2013.05.11.06.npz,data/interim/gridsat/2013/gridsat_2013.05.11.09.npz,data/interim/gridsat/2013/gridsat_2013.05.11.12.npz,data/interim/gridsat/2013/gridsat_2013.05.11.15.npz,data/interim/gridsat/2013/gridsat_2013.05.11.18.npz,data/interim/gridsat/2013/gridsat_2013.05.11.21.npz,9.5,88.5,40.0,994.0,CS,10.5,87.0,40.0,994.0,CS,11.0,86.5,40.0,994.0,CS,13.0,85.5,40.0,994.0,CS
NIO_2013_VIYARU_20130512_0000Z,NIO_2013_VIYARU,TRAIN,2013-05-12T00:00:00+00:00,data/interim/gridsat/2013/gridsat_2013.05.11.09.npz,data/interim/gridsat/2013/gridsat_2013.05.11.12.npz,data/interim/gridsat/2013/gridsat_2013.05.11.15.npz,data/interim/gridsat/2013/gridsat_2013.05.11.18.npz,data/interim/gridsat/2013/gridsat_2013.05.11.21.npz,data/interim/gridsat/2013/gridsat_2013.05.12.00.npz,10.0,88.0,40.0,994.0,CS,10.5,87.0,40.0,994.0,CS,11.5,86.5,40.0,994.0,CS,13.5,85.5,40.0,994.0,CS
NIO_2013_VIYARU_20130512_0300Z,NIO_2013_VIYARU,TRAIN,2013-05-12T03:00:00+00:00,data/interim/gridsat/2013/gridsat_2013.05.11.12.npz,data/interim/gridsat/2013/gridsat_2013.05.11.15.npz,data/interim/gridsat/2013/gridsat_2013.05.11.18.npz,data/interim/gridsat/2013/gridsat_2013.05.11.21.npz,data/interim/gridsat/2013/gridsat_2013.05.12.00.npz,data/interim/gridsat/2013/gridsat_2013.05.12.03.npz,10.0,87.5,40.0,994.0,CS,10.5,86.5,40.0,994.0,CS,12.0,86.5,40.0,994.0,CS,13.5,85.5,40.0,994.0,CS
NIO_2013_VIYARU_20130512_0600Z,NIO_2013_VIYARU,TRAIN,2013-05-12T06:00:00+00:00,data/interim/gridsat/2013/gridsat_2013.05.11.15.npz,data/interim/gridsat/2013/gridsat_2013.05.11.18.npz,data/interim/gridsat/2013/gridsat_2013.05.11.21.npz,data/interim/gridsat/2013/gridsat_2013.05.12.00.npz,data/interim/gridsat/2013/gridsat_2013.05.12.03.npz,data/interim/gridsat/2013/gridsat_2013.05.12.06.npz,10.0,87.5,40.0,994.0,CS,11.0,86.5,40.0,994.0,CS,12.0,86.5,40.0,994.0,CS,14.0,85.5,40.0,994.0,CS
NIO_2013_VIYARU_20130512_0900Z,NIO_2013_VIYARU,TRAIN,2013-05-12T09:00:00+00:00,data/interim/gridsat/2013/gridsat_2013.05.11.18.npz,data/interim/gridsat/2013/gridsat_2013.05.11.21.npz,data/interim/gridsat/2013/gridsat_2013.05.12.00.npz,data/interim/gridsat/2013/gridsat_2013.05.12.03.npz,data/interim/gridsat/2013/gridsat_2013.05.12.06.npz,data/interim/gridsat/2013/gridsat_2013.05.12.09.npz,10.5,87.0,40.0,994.0,CS,11.0,86.5,40.0,994.0,CS,12.0,86.0,40.0,994.0,CS,14.0,85.5,40.0,994.0,CS
NIO_2013_VIYARU_20130512_1200Z,NIO_2013_VIYARU,TRAIN,2013-05-12T12:00:00+00:00,data/interim/gridsat/2013/gridsat_2013.05.11.21.npz,data/interim/gridsat/2013/gridsat_2013.05.12.00.npz,data/interim/gridsat/2013/gridsat_2013.05.12.03.npz,data/interim/gridsat/2013/gridsat_2013.05.12.06.npz,data/interim/gridsat/2013/gridsat_2013.05.12.09.npz,data/interim/gridsat/2013/gridsat_2013.05.12.12.npz,10.5,87.0,40.0,994.0,CS,11.5,86.5,40.0,994.0,CS,12.0,86.0,40.0,994.0,CS,14.5,86.0,40.0,994.0,CS
NIO_2013_VIYARU_20130512_1500Z,NIO_2013_VIYARU,TRAIN,2013-05-12T15:00:00+00:00,data/interim/gridsat/2013/gridsat_2013.05.12.00.npz,data/interim/gridsat/2013/gridsat_2013.05.12.03.npz,data/interim/gridsat/2013/gridsat_2013.05.12.06.npz,data/interim/gridsat/2013/gridsat_2013.05.12.09.npz,data/interim/gridsat/2013/gridsat_2013.05.12.12.npz,data/interim/gridsat/2013/gridsat_2013.05.12.15.npz,10.5,86.5,40.0,994.0,CS,12.0,86.5,40.0,994.0,CS,12.5,86.0,40.0,994.0,CS,14.5,86.0,40.0,994.0,CS
NIO_2013_VIYARU_20130512_1800Z,NIO_2013_VIYARU,TRAIN,2013-05-12T18:00:00+00:00,data/interim/gridsat/2013/gridsat_2013.05.12.03.npz,data/interim/gridsat/2013/gridsat_2013.05.12.06.npz,data/interim/gridsat/2013/gridsat_2013.05.12.09.npz,data/interim/gridsat/2013/gridsat_2013.05.12.12.npz,data/interim/gridsat/2013/gridsat_2013.05.12.15.npz,data/interim/gridsat/2013/gridsat_2013.05.12.18.npz,11.0,86.5,40.0,994.0,CS,12.0,86.5,40.0,994.0,CS,12.5,85.5,40.0,994.0,CS,15.0,86.5,40.0,994.0,CS
NIO_2013_VIYARU_20130512_2100Z,NIO_2013_VIYARU,TRAIN,2013-05-12T21:00:00+00:00,data/interim/gridsat/2013/gridsat_2013.05.12.06.npz,data/interim/gridsat/2013/gridsat_2013.05.12.09.npz,data/interim/gridsat/2013/gridsat_2013.05.12.12.npz,data/interim/gridsat/2013/gridsat_2013.05.12.15.npz,data/interim/gridsat/2013/gridsat_2013.05.12.18.npz,data/interim/gridsat/2013/gridsat_2013.05.12.21.npz,11.0,86.5,40.0,994.0,CS,12.0,86.0,40.0,994.0,CS,13.0,85.5,40.0,994.0,CS,15.5,86.5,40.0,994.0,CS
NIO_2013_VIYARU_20130513_0000Z,NIO_2013_VIYARU,TRAIN,2013-05-13T00:00:00+00:00,data/interim/gridsat/2013/gridsat_2013.05.12.09.npz,data/interim/gridsat/2013/gridsat_2013.05.12.12.npz,data/interim/gridsat/2013/gridsat_2013.05.12.15.npz,data/interim/gridsat/2013/gridsat_2013.05.12.18.npz,data/interim/gridsat/2013/gridsat_2013.05.12.21.npz,data/interim/gridsat/2013/gridsat_2013.05.13.00.npz,11.5,86.5,40.0,994.0,CS,12.0,86.0,40.0,994.0,CS,13.5,85.5,40.0,994.0,CS,16.0,87.0,40.0,994.0,CS
NIO_2013_VIYARU_20130513_0300Z,NIO_2013_VIYARU,TRAIN,2013-05-13T03:00:00+00:00,data/interim/gridsat/2013/gridsat_2013.05.12.12.npz,data/interim/gridsat/2013/gridsat_2013.05.12.15.npz,data/interim/gridsat/2013/gridsat_2013.05.12.18.npz,data/interim/gridsat/2013/gridsat_2013.05.12.21.npz,data/interim/gridsat/2013/gridsat_2013.05.13.00.npz,data/interim/gridsat/2013/gridsat_2013.05.13.03.npz,12.0,86.5,40.0,994.0,CS,12.5,86.0,40.0,994.0,CS,13.5,85.5,40.0,994.0,CS,16.5,87.0,40.0,992.0,CS
NIO_2013_VIYARU_20130513_0600Z,NIO_2013_VIYARU,TRAIN,2013-05-13T06:00:00+00:00,data/interim/gridsat/2013/gridsat_2013.05.12.15.npz,data/interim/gridsat/2013/gridsat_2013.05.12.18.npz,data/interim/gridsat/2013/gridsat_2013.05.12.21.npz,data/interim/gridsat/2013/gridsat_2013.05.13.00.npz,data/interim/gridsat/2013/gridsat_2013.05.13.03.npz,data/interim/gridsat/2013/gridsat_2013.05.13.06.npz,12.0,86.5,40.0,994.0,CS,12.5,85.5,40.0,994.0,CS,14.0,85.5,40.0,994.0,CS,17.0,87.5,45.0,990.0,CS
NIO_2014_NILOFAR_20141025_0000Z,NIO_2014_NILOFAR,TRAIN,2014-10-25T00:00:00+00:00,data/interim/gridsat/2014/gridsat_2014.10.24.09.npz,data/interim/gridsat/2014/gridsat_2014.10.24.12.npz,data/interim/gridsat/2014/gridsat_2014.10.24.15.npz,data/interim/gridsat/2014/gridsat_2014.10.24.18.npz,data/interim/gridsat/2014/gridsat_2014.10.24.21.npz,data/interim/gridsat/2014/gridsat_2014.10.25.00.npz,12.5,61.5,25.0,1004.0,D,13.0,61.0,25.0,1003.0,D,14.0,62.0,25.0,1002.0,D,14.8,62.0,55.0,990.0,SCS
NIO_2014_NILOFAR_20141025_0600Z,NIO_2014_NILOFAR,TRAIN,2014-10-25T06:00:00+00:00,data/interim/gridsat/2014/gridsat_2014.10.24.15.npz,data/interim/gridsat/2014/gridsat_2014.10.24.18.npz,data/interim/gridsat/2014/gridsat_2014.10.24.21.npz,data/interim/gridsat/2014/gridsat_2014.10.25.00.npz,data/interim/gridsat/2014/gridsat_2014.10.25.03.npz,data/interim/gridsat/2014/gridsat_2014.10.25.06.npz,12.5,61.5,25.0,1004.0,D,13.0,61.0,25.0,1003.0,D,14.1,62.0,35.0,998.0,CS,14.9,62.0,65.0,986.0,VSCS
NIO_2014_NILOFAR_20141025_1200Z,NIO_2014_NILOFAR,TRAIN,2014-10-25T12:00:00+00:00,data/interim/gridsat/2014/gridsat_2014.10.24.21.npz,data/interim/gridsat/2014/gridsat_2014.10.25.00.npz,data/interim/gridsat/2014/gridsat_2014.10.25.03.npz,data/interim/gridsat/2014/gridsat_2014.10.25.06.npz,data/interim/gridsat/2014/gridsat_2014.10.25.09.npz,data/interim/gridsat/2014/gridsat_2014.10.25.12.npz,13.0,61.0,25.0,1003.0,D,14.0,62.0,25.0,1002.0,D,14.2,62.0,40.0,994.0,CS,15.0,62.0,70.0,982.0,VSCS
NIO_2014_NILOFAR_20141025_1800Z,NIO_2014_NILOFAR,TRAIN,2014-10-25T18:00:00+00:00,data/interim/gridsat/2014/gridsat_2014.10.25.03.npz,data/interim/gridsat/2014/gridsat_2014.10.25.06.npz,data/interim/gridsat/2014/gridsat_2014.10.25.09.npz,data/interim/gridsat/2014/gridsat_2014.10.25.12.npz,data/interim/gridsat/2014/gridsat_2014.10.25.15.npz,data/interim/gridsat/2014/gridsat_2014.10.25.18.npz,13.0,61.0,25.0,1003.0,D,14.1,62.0,35.0,998.0,CS,14.4,62.0,45.0,994.0,CS,15.3,62.0,70.0,980.0,VSCS
NIO_2014_NILOFAR_20141026_0000Z,NIO_2014_NILOFAR,TRAIN,2014-10-26T00:00:00+00:00,data/interim/gridsat/2014/gridsat_2014.10.25.09.npz,data/interim/gridsat/2014/gridsat_2014.10.25.12.npz,data/interim/gridsat/2014/gridsat_2014.10.25.15.npz,data/interim/gridsat/2014/gridsat_2014.10.25.18.npz,data/interim/gridsat/2014/gridsat_2014.10.25.21.npz,data/interim/gridsat/2014/gridsat_2014.10.26.00.npz,14.0,62.0,25.0,1002.0,D,14.2,62.0,40.0,994.0,CS,14.8,62.0,55.0,990.0,SCS,15.7,61.8,75.0,978.0,VSCS
NIO_2014_UNNAMED_03_20140803_1200Z,NIO_2014_UNNAMED_03,TRAIN,2014-08-03T12:00:00+00:00,data/interim/gridsat/2014/gridsat_2014.08.02.21.npz,data/interim/gridsat/2014/gridsat_2014.08.03.00.npz,data/interim/gridsat/2014/gridsat_2014.08.03.03.npz,data/interim/gridsat/2014/gridsat_2014.08.03.06.npz,data/interim/gridsat/2014/gridsat_2014.08.03.09.npz,data/interim/gridsat/2014/gridsat_2014.08.03.12.npz,21.5,88.5,25.0,990.0,D,22.3,87.6,30.0,990.0,DD,22.2,86.1,30.0,990.0,DD,24.0,82.0,25.0,992.0,D
NIO_2014_UNNAMED_03_20140803_1800Z,NIO_2014_UNNAMED_03,TRAIN,2014-08-03T18:00:00+00:00,data/interim/gridsat/2014/gridsat_2014.08.03.03.npz,data/interim/gridsat/2014/gridsat_2014.08.03.06.npz,data/interim/gridsat/2014/gridsat_2014.08.03.09.npz,data/interim/gridsat/2014/gridsat_2014.08.03.12.npz,data/interim/gridsat/2014/gridsat_2014.08.03.15.npz,data/interim/gridsat/2014/gridsat_2014.08.03.18.npz,21.9,88.3,30.0,990.0,DD,22.5,86.5,30.0,990.0,DD,22.2,85.1,30.0,990.0,DD,24.2,81.3,25.0,992.0,D
NIO_2014_UNNAMED_03_20140804_0000Z,NIO_2014_UNNAMED_03,TRAIN,2014-08-04T00:00:00+00:00,data/interim/gridsat/2014/gridsat_2014.08.03.09.npz,data/interim/gridsat/2014/gridsat_2014.08.03.12.npz,data/interim/gridsat/2014/gridsat_2014.08.03.15.npz,data/interim/gridsat/2014/gridsat_2014.08.03.18.npz,data/interim/gridsat/2014/gridsat_2014.08.03.21.npz,data/interim/gridsat/2014/gridsat_2014.08.04.00.npz,22.3,87.6,30.0,990.0,DD,22.2,86.1,30.0,990.0,DD,22.2,84.1,30.0,990.0,DD,24.4,80.6,25.0,992.0,D
NIO_2014_UNNAMED_03_20140804_0600Z,NIO_2014_UNNAMED_03,TRAIN,2014-08-04T06:00:00+00:00,data/interim/gridsat/2014/gridsat_2014.08.03.15.npz,data/interim/gridsat/2014/gridsat_2014.08.03.18.npz,data/interim/gridsat/2014/gridsat_2014.08.03.21.npz,data/interim/gridsat/2014/gridsat_2014.08.04.00.npz,data/interim/gridsat/2014/gridsat_2014.08.04.03.npz,data/interim/gridsat/2014/gridsat_2014.08.04.06.npz,22.5,86.5,30.0,990.0,DD,22.2,85.1,30.0,990.0,DD,22.9,83.0,30.0,992.0,DD,24.6,80.0,25.0,994.0,D
NIO_2014_UNNAMED_03_20140804_1200Z,NIO_2014_UNNAMED_03,TRAIN,2014-08-04T12:00:00+00:00,data/interim/gridsat/2014/gridsat_2014.08.03.21.npz,data/interim/gridsat/2014/gridsat_2014.08.04.00.npz,data/interim/gridsat/2014/gridsat_2014.08.04.03.npz,data/interim/gridsat/2014/gridsat_2014.08.04.06.npz,data/interim/gridsat/2014/gridsat_2014.08.04.09.npz,data/interim/gridsat/2014/gridsat_2014.08.04.12.npz,22.2,86.1,30.0,990.0,DD,22.2,84.1,30.0,990.0,DD,24.0,82.0,25.0,992.0,D,25.0,79.5,25.0,994.0,D
NIO_2014_UNNAMED_03_20140804_1800Z,NIO_2014_UNNAMED_03,TRAIN,2014-08-04T18:00:00+00:00,data/interim/gridsat/2014/gridsat_2014.08.04.03.npz,data/interim/gridsat/2014/gridsat_2014.08.04.06.npz,data/interim/gridsat/2014/gridsat_2014.08.04.09.npz,data/interim/gridsat/2014/gridsat_2014.08.04.12.npz,data/interim/gridsat/2014/gridsat_2014.08.04.15.npz,data/interim/gridsat/2014/gridsat_2014.08.04.18.npz,22.2,85.1,30.0,990.0,DD,22.9,83.0,30.0,992.0,DD,24.2,81.3,25.0,992.0,D,25.3,79.0,25.0,994.0,D
NIO_2014_UNNAMED_03_20140805_0000Z,NIO_2014_UNNAMED_03,TRAIN,2014-08-05T00:00:00+00:00,data/interim/gridsat/2014/gridsat_2014.08.04.09.npz,data/interim/gridsat/2014/gridsat_2014.08.04.12.npz,data/interim/gridsat/2014/gridsat_2014.08.04.15.npz,data/interim/gridsat/2014/gridsat_2014.08.04.18.npz,data/interim/gridsat/2014/gridsat_2014.08.04.21.npz,data/interim/gridsat/2014/gridsat_2014.08.05.00.npz,22.2,84.1,30.0,990.0,DD,24.0,82.0,25.0,992.0,D,24.4,80.6,25.0,992.0,D,25.5,78.5,25.0,994.0,D
NIO_2014_UNNAMED_04_20141105_1200Z,NIO_2014_UNNAMED_04,TRAIN,2014-11-05T12:00:00+00:00,data/interim/gridsat/2014/gridsat_2014.11.04.21.npz,data/interim/gridsat/2014/gridsat_2014.11.05.00.npz,data/interim/gridsat/2014/gridsat_2014.11.05.03.npz,data/interim/gridsat/2014/gridsat_2014.11.05.06.npz,data/interim/gridsat/2014/gridsat_2014.11.05.09.npz,data/interim/gridsat/2014/gridsat_2014.11.05.12.npz,13.0,87.5,25.0,1000.0,D,13.8,87.5,25.0,1000.0,D,14.1,88.0,30.0,998.0,DD,14.2,87.5,25.0,1003.0,D
NIO_2014_UNNAMED_04_20141105_1800Z,NIO_2014_UNNAMED_04,TRAIN,2014-11-05T18:00:00+00:00,data/interim/gridsat/2014/gridsat_2014.11.05.03.npz,data/interim/gridsat/2014/gridsat_2014.11.05.06.npz,data/interim/gridsat/2014/gridsat_2014.11.05.09.npz,data/interim/gridsat/2014/gridsat_2014.11.05.12.npz,data/interim/gridsat/2014/gridsat_2014.11.05.15.npz,data/interim/gridsat/2014/gridsat_2014.11.05.18.npz,13.5,87.5,25.0,1000.0,D,14.1,87.5,30.0,998.0,DD,13.8,88.0,30.0,1000.0,DD,14.3,87.0,25.0,1004.0,D
NIO_2014_UNNAMED_04_20141106_0000Z,NIO_2014_UNNAMED_04,TRAIN,2014-11-06T00:00:00+00:00,data/interim/gridsat/2014/gridsat_2014.11.05.09.npz,data/interim/gridsat/2014/gridsat_2014.11.05.12.npz,data/interim/gridsat/2014/gridsat_2014.11.05.15.npz,data/interim/gridsat/2014/gridsat_2014.11.05.18.npz,data/interim/gridsat/2014/gridsat_2014.11.05.21.npz,data/interim/gridsat/2014/gridsat_2014.11.06.00.npz,13.8,87.5,25.0,1000.0,D,14.1,88.0,30.0,998.0,DD,14.0,87.5,30.0,1001.0,DD,14.3,86.5,25.0,1005.0,D
NIO_2014_UNNAMED_2_3_1_20140610_1200Z,NIO_2014_UNNAMED_2_3_1,TRAIN,2014-06-10T12:00:00+00:00,data/interim/gridsat/2014/gridsat_2014.06.09.21.npz,data/interim/gridsat/2014/gridsat_2014.06.10.00.npz,data/interim/gridsat/2014/gridsat_2014.06.10.03.npz,data/interim/gridsat/2014/gridsat_2014.06.10.06.npz,data/interim/gridsat/2014/gridsat_2014.06.10.09.npz,data/interim/gridsat/2014/gridsat_2014.06.10.12.npz,16.0,68.0,25.0,996.0,D,16.5,67.2,35.0,992.0,CS,17.3,66.2,45.0,988.0,CS,18.3,63.9,45.0,988.0,CS
NIO_2014_UNNAMED_2_3_1_20140610_1800Z,NIO_2014_UNNAMED_2_3_1,TRAIN,2014-06-10T18:00:00+00:00,data/interim/gridsat/2014/gridsat_2014.06.10.03.npz,data/interim/gridsat/2014/gridsat_2014.06.10.06.npz,data/interim/gridsat/2014/gridsat_2014.06.10.09.npz,data/interim/gridsat/2014/gridsat_2014.06.10.12.npz,data/interim/gridsat/2014/gridsat_2014.06.10.15.npz,data/interim/gridsat/2014/gridsat_2014.06.10.18.npz,16.5,67.5,30.0,994.0,DD,16.9,66.7,45.0,990.0,CS,17.5,65.8,45.0,988.0,CS,18.3,63.4,45.0,988.0,CS
NIO_2014_UNNAMED_2_3_1_20140611_0000Z,NIO_2014_UNNAMED_2_3_1,TRAIN,2014-06-11T00:00:00+00:00,data/interim/gridsat/2014/gridsat_2014.06.10.09.npz,data/interim/gridsat/2014/gridsat_2014.06.10.12.npz,data/interim/gridsat/2014/gridsat_2014.06.10.15.npz,data/interim/gridsat/2014/gridsat_2014.06.10.18.npz,data/interim/gridsat/2014/gridsat_2014.06.10.21.npz,data/interim/gridsat/2014/gridsat_2014.06.11.00.npz,16.5,67.2,35.0,992.0,CS,17.3,66.2,45.0,988.0,CS,17.8,65.3,45.0,986.0,CS,18.4,62.9,45.0,988.0,CS
NIO_2014_UNNAMED_2_3_1_20140611_0300Z,NIO_2014_UNNAMED_2_3_1,TRAIN,2014-06-11T03:00:00+00:00,data/interim/gridsat/2014/gridsat_2014.06.10.12.npz,data/interim/gridsat/2014/gridsat_2014.06.10.15.npz,data/interim/gridsat/2014/gridsat_2014.06.10.18.npz,data/interim/gridsat/2014/gridsat_2014.06.10.21.npz,data/interim/gridsat/2014/gridsat_2014.06.11.00.npz,data/interim/gridsat/2014/gridsat_2014.06.11.03.npz,16.7,67.0,35.0,992.0,CS,17.5,66.0,45.0,988.0,CS,18.0,65.0,45.0,986.0,CS,18.7,62.7,45.0,990.0,CS
NIO_2014_UNNAMED_2_3_1_20140611_0600Z,NIO_2014_UNNAMED_2_3_1,TRAIN,2014-06-11T06:00:00+00:00,data/interim/gridsat/2014/gridsat_2014.06.10.15.npz,data/interim/gridsat/2014/gridsat_2014.06.10.18.npz,data/interim/gridsat/2014/gridsat_2014.06.10.21.npz,data/interim/gridsat/2014/gridsat_2014.06.11.00.npz,data/interim/gridsat/2014/gridsat_2014.06.11.03.npz,data/interim/gridsat/2014/gridsat_2014.06.11.06.npz,16.9,66.7,45.0,990.0,CS,17.5,65.8,45.0,988.0,CS,18.1,64.7,45.0,986.0,CS,19.0,62.6,40.0,992.0,CS
NIO_2014_UNNAMED_2_3_1_20140611_0900Z,NIO_2014_UNNAMED_2_3_1,TRAIN,2014-06-11T09:00:00+00:00,data/interim/gridsat/2014/gridsat_2014.06.10.18.npz,data/interim/gridsat/2014/gridsat_2014.06.10.21.npz,data/interim/gridsat/2014/gridsat_2014.06.11.00.npz,data/interim/gridsat/2014/gridsat_2014.06.11.03.npz,data/interim/gridsat/2014/gridsat_2014.06.11.06.npz,data/interim/gridsat/2014/gridsat_2014.06.11.09.npz,17.0,66.5,45.0,990.0,CS,17.5,65.7,45.0,988.0,CS,18.3,64.3,45.0,988.0,CS,19.5,62.5,30.0,994.0,DD
NIO_2014_UNNAMED_2_3_1_20140611_1200Z,NIO_2014_UNNAMED_2_3_1,TRAIN,2014-06-11T12:00:00+00:00,data/interim/gridsat/2014/gridsat_2014.06.10.21.npz,data/interim/gridsat/2014/gridsat_2014.06.11.00.npz,data/interim/gridsat/2014/gridsat_2014.06.11.03.npz,data/interim/gridsat/2014/gridsat_2014.06.11.06.npz,data/interim/gridsat/2014/gridsat_2014.06.11.09.npz,data/interim/gridsat/2014/gridsat_2014.06.11.12.npz,17.3,66.2,45.0,988.0,CS,17.8,65.3,45.0,986.0,CS,18.3,63.9,45.0,988.0,CS,19.8,62.4,25.0,996.0,D
NIO_2014_UNNAMED_2_3_1_20140611_1800Z,NIO_2014_UNNAMED_2_3_1,TRAIN,2014-06-11T18:00:00+00:00,data/interim/gridsat/2014/gridsat_2014.06.11.03.npz,data/interim/gridsat/2014/gridsat_2014.06.11.06.npz,data/interim/gridsat/2014/gridsat_2014.06.11.09.npz,data/interim/gridsat/2014/gridsat_2014.06.11.12.npz,data/interim/gridsat/2014/gridsat_2014.06.11.15.npz,data/interim/gridsat/2014/gridsat_2014.06.11.18.npz,17.5,65.8,45.0,988.0,CS,18.1,64.7,45.0,986.0,CS,18.3,63.4,45.0,988.0,CS,20.0,62.0,25.0,996.0,D
NIO_2014_UNNAMED_2_3_1_20140612_0000Z,NIO_2014_UNNAMED_2_3_1,TRAIN,2014-06-12T00:00:00+00:00,data/interim/gridsat/2014/gridsat_2014.06.11.09.npz,data/interim/gridsat/2014/gridsat_2014.06.11.12.npz,data/interim/gridsat/2014/gridsat_2014.06.11.15.npz,data/interim/gridsat/2014/gridsat_2014.06.11.18.npz,data/interim/gridsat/2014/gridsat_2014.06.11.21.npz,data/interim/gridsat/2014/gridsat_2014.06.12.00.npz,17.8,65.3,45.0,986.0,CS,18.3,63.9,45.0,988.0,CS,18.4,62.9,45.0,988.0,CS,20.5,62.0,25.0,996.0,D
NIO_2015_CHAPALA_20151028_0600Z,NIO_2015_CHAPALA,TRAIN,2015-10-28T06:00:00+00:00,data/interim/gridsat/2015/gridsat_2015.10.27.15.npz,data/interim/gridsat/2015/gridsat_2015.10.27.18.npz,data/interim/gridsat/2015/gridsat_2015.10.27.21.npz,data/interim/gridsat/2015/gridsat_2015.10.28.00.npz,data/interim/gridsat/2015/gridsat_2015.10.28.03.npz,data/interim/gridsat/2015/gridsat_2015.10.28.06.npz,11.8,64.9,25.0,1004.0,D,13.0,64.7,30.0,1001.0,DD,13.9,63.8,45.0,996.0,CS,14.3,61.1,110.0,948.0,ESCS
NIO_2015_CHAPALA_20151028_1200Z,NIO_2015_CHAPALA,TRAIN,2015-10-28T12:00:00+00:00,data/interim/gridsat/2015/gridsat_2015.10.27.21.npz,data/interim/gridsat/2015/gridsat_2015.10.28.00.npz,data/interim/gridsat/2015/gridsat_2015.10.28.03.npz,data/interim/gridsat/2015/gridsat_2015.10.28.06.npz,data/interim/gridsat/2015/gridsat_2015.10.28.09.npz,data/interim/gridsat/2015/gridsat_2015.10.28.12.npz,12.5,64.7,30.0,1001.0,DD,13.7,64.3,35.0,999.0,CS,14.1,63.3,55.0,990.0,SCS,14.1,60.6,115.0,940.0,ESCS
NIO_2015_CHAPALA_20151028_1800Z,NIO_2015_CHAPALA,TRAIN,2015-10-28T18:00:00+00:00,data/interim/gridsat/2015/gridsat_2015.10.28.03.npz,data/interim/gridsat/2015/gridsat_2015.10.28.06.npz,data/interim/gridsat/2015/gridsat_2015.10.28.09.npz,data/interim/gridsat/2015/gridsat_2015.10.28.12.npz,data/interim/gridsat/2015/gridsat_2015.10.28.15.npz,data/interim/gridsat/2015/gridsat_2015.10.28.18.npz,13.0,64.7,30.0,1001.0,DD,13.9,63.8,45.0,996.0,CS,14.3,62.5,65.0,984.0,VSCS,13.9,60.2,115.0,940.0,ESCS
NIO_2015_CHAPALA_20151029_0000Z,NIO_2015_CHAPALA,TRAIN,2015-10-29T00:00:00+00:00,data/interim/gridsat/2015/gridsat_2015.10.28.09.npz,data/interim/gridsat/2015/gridsat_2015.10.28.12.npz,data/interim/gridsat/2015/gridsat_2015.10.28.15.npz,data/interim/gridsat/2015/gridsat_2015.10.28.18.npz,data/interim/gridsat/2015/gridsat_2015.10.28.21.npz,data/interim/gridsat/2015/gridsat_2015.10.29.00.npz,13.7,64.3,35.0,999.0,CS,14.1,63.3,55.0,990.0,SCS,14.3,61.8,90.0,966.0,ESCS,13.9,59.6,110.0,944.0,ESCS
NIO_2015_CHAPALA_20151029_0300Z,NIO_2015_CHAPALA,TRAIN,2015-10-29T03:00:00+00:00,data/interim/gridsat/2015/gridsat_2015.10.28.12.npz,data/interim/gridsat/2015/gridsat_2015.10.28.15.npz,data/interim/gridsat/2015/gridsat_2015.10.28.18.npz,data/interim/gridsat/2015/gridsat_2015.10.28.21.npz,data/interim/gridsat/2015/gridsat_2015.10.29.00.npz,data/interim/gridsat/2015/gridsat_2015.10.29.03.npz,13.8,64.2,40.0,997.0,CS,14.3,62.8,60.0,988.0,SCS,14.3,61.5,105.0,954.0,ESCS,13.8,59.2,110.0,946.0,ESCS
NIO_2015_CHAPALA_20151029_0600Z,NIO_2015_CHAPALA,TRAIN,2015-10-29T06:00:00+00:00,data/interim/gridsat/2015/gridsat_2015.10.28.15.npz,data/interim/gridsat/2015/gridsat_2015.10.28.18.npz,data/interim/gridsat/2015/gridsat_2015.10.28.21.npz,data/interim/gridsat/2015/gridsat_2015.10.29.00.npz,data/interim/gridsat/2015/gridsat_2015.10.29.03.npz,data/interim/gridsat/2015/gridsat_2015.10.29.06.npz,13.9,63.8,45.0,996.0,CS,14.3,62.5,65.0,984.0,VSCS,14.3,61.1,110.0,948.0,ESCS,13.8,58.7,105.0,950.0,ESCS
NIO_2015_CHAPALA_20151029_0900Z,NIO_2015_CHAPALA,TRAIN,2015-10-29T09:00:00+00:00,data/interim/gridsat/2015/gridsat_2015.10.28.18.npz,data/interim/gridsat/2015/gridsat_2015.10.28.21.npz,data/interim/gridsat/2015/gridsat_2015.10.29.00.npz,data/interim/gridsat/2015/gridsat_2015.10.29.03.npz,data/interim/gridsat/2015/gridsat_2015.10.29.06.npz,data/interim/gridsat/2015/gridsat_2015.10.29.09.npz,14.0,63.5,50.0,994.0,SCS,14.3,62.3,75.0,976.0,VSCS,14.2,60.8,115.0,940.0,ESCS,13.8,58.3,105.0,950.0,ESCS
NIO_2015_CHAPALA_20151029_1200Z,NIO_2015_CHAPALA,TRAIN,2015-10-29T12:00:00+00:00,data/interim/gridsat/2015/gridsat_2015.10.28.21.npz,data/interim/gridsat/2015/gridsat_2015.10.29.00.npz,data/interim/gridsat/2015/gridsat_2015.10.29.03.npz,data/interim/gridsat/2015/gridsat_2015.10.29.06.npz,data/interim/gridsat/2015/gridsat_2015.10.29.09.npz,data/interim/gridsat/2015/gridsat_2015.10.29.12.npz,14.1,63.3,55.0,990.0,SCS,14.3,61.8,90.0,966.0,ESCS,14.1,60.6,115.0,940.0,ESCS,13.8,57.9,105.0,950.0,ESCS
NIO_2015_CHAPALA_20151029_1500Z,NIO_2015_CHAPALA,TRAIN,2015-10-29T15:00:00+00:00,data/interim/gridsat/2015/gridsat_2015.10.29.00.npz,data/interim/gridsat/2015/gridsat_2015.10.29.03.npz,data/interim/gridsat/2015/gridsat_2015.10.29.06.npz,data/interim/gridsat/2015/gridsat_2015.10.29.09.npz,data/interim/gridsat/2015/gridsat_2015.10.29.12.npz,data/interim/gridsat/2015/gridsat_2015.10.29.15.npz,14.3,62.8,60.0,988.0,SCS,14.3,61.5,105.0,954.0,ESCS,14.0,60.4,115.0,940.0,ESCS,13.8,57.5,105.0,,ESCS
NIO_2015_CHAPALA_20151029_1800Z,NIO_2015_CHAPALA,TRAIN,2015-10-29T18:00:00+00:00,data/interim/gridsat/2015/gridsat_2015.10.29.03.npz,data/interim/gridsat/2015/gridsat_2015.10.29.06.npz,data/interim/gridsat/2015/gridsat_2015.10.29.09.npz,data/interim/gridsat/2015/gridsat_2015.10.29.12.npz,data/interim/gridsat/2015/gridsat_2015.10.29.15.npz,data/interim/gridsat/2015/gridsat_2015.10.29.18.npz,14.3,62.5,65.0,984.0,VSCS,14.3,61.1,110.0,948.0,ESCS,13.9,60.2,115.0,940.0,ESCS,13.8,57.2,105.0,,ESCS
NIO_2015_CHAPALA_20151029_2100Z,NIO_2015_CHAPALA,TRAIN,2015-10-29T21:00:00+00:00,data/interim/gridsat/2015/gridsat_2015.10.29.06.npz,data/interim/gridsat/2015/gridsat_2015.10.29.09.npz,data/interim/gridsat/2015/gridsat_2015.10.29.12.npz,data/interim/gridsat/2015/gridsat_2015.10.29.15.npz,data/interim/gridsat/2015/gridsat_2015.10.29.18.npz,data/interim/gridsat/2015/gridsat_2015.10.29.21.npz,14.3,62.3,75.0,976.0,VSCS,14.2,60.8,115.0,940.0,ESCS,13.9,59.9,115.0,942.0,ESCS,13.7,56.8,105.0,950.0,ESCS
NIO_2015_CHAPALA_20151030_0000Z,NIO_2015_CHAPALA,TRAIN,2015-10-30T00:00:00+00:00,data/interim/gridsat/2015/gridsat_2015.10.29.09.npz,data/interim/gridsat/2015/gridsat_2015.10.29.12.npz,data/interim/gridsat/2015/gridsat_2015.10.29.15.npz,data/interim/gridsat/2015/gridsat_2015.10.29.18.npz,data/interim/gridsat/2015/gridsat_2015.10.29.21.npz,data/interim/gridsat/2015/gridsat_2015.10.30.00.npz,14.3,61.8,90.0,966.0,ESCS,14.1,60.6,115.0,940.0,ESCS,13.9,59.6,110.0,944.0,ESCS,13.7,56.4,105.0,950.0,ESCS
NIO_2015_CHAPALA_20151030_0300Z,NIO_2015_CHAPALA,TRAIN,2015-10-30T03:00:00+00:00,data/interim/gridsat/2015/gridsat_2015.10.29.12.npz,data/interim/gridsat/2015/gridsat_2015.10.29.15.npz,data/interim/gridsat/2015/gridsat_2015.10.29.18.npz,data/interim/gridsat/2015/gridsat_2015.10.29.21.npz,data/interim/gridsat/2015/gridsat_2015.10.30.00.npz,data/interim/gridsat/2015/gridsat_2015.10.30.03.npz,14.3,61.5,105.0,954.0,ESCS,14.0,60.4,115.0,940.0,ESCS,13.8,59.2,110.0,946.0,ESCS,13.6,56.1,105.0,952.0,ESCS
NIO_2015_CHAPALA_20151030_0600Z,NIO_2015_CHAPALA,TRAIN,2015-10-30T06:00:00+00:00,data/interim/gridsat/2015/gridsat_2015.10.29.15.npz,data/interim/gridsat/2015/gridsat_2015.10.29.18.npz,data/interim/gridsat/2015/gridsat_2015.10.29.21.npz,data/interim/gridsat/2015/gridsat_2015.10.30.00.npz,data/interim/gridsat/2015/gridsat_2015.10.30.03.npz,data/interim/gridsat/2015/gridsat_2015.10.30.06.npz,14.3,61.1,110.0,948.0,ESCS,13.9,60.2,115.0,940.0,ESCS,13.8,58.7,105.0,950.0,ESCS,13.6,55.6,100.0,954.0,ESCS
NIO_2015_KOMEN_20150726_0000Z,NIO_2015_KOMEN,TRAIN,2015-07-26T00:00:00+00:00,data/interim/gridsat/2015/gridsat_2015.07.25.09.npz,data/interim/gridsat/2015/gridsat_2015.07.25.12.npz,data/interim/gridsat/2015/gridsat_2015.07.25.15.npz,data/interim/gridsat/2015/gridsat_2015.07.25.18.npz,data/interim/gridsat/2015/gridsat_2015.07.25.21.npz,data/interim/gridsat/2015/gridsat_2015.07.26.00.npz,22.0,90.8,20.0,994.0,D,22.0,90.5,20.0,994.0,D,22.0,90.5,20.0,994.0,D,22.0,90.5,25.0,994.0,D
NIO_2015_KOMEN_20150726_0600Z,NIO_2015_KOMEN,TRAIN,2015-07-26T06:00:00+00:00,data/interim/gridsat/2015/gridsat_2015.07.25.15.npz,data/interim/gridsat/2015/gridsat_2015.07.25.18.npz,data/interim/gridsat/2015/gridsat_2015.07.25.21.npz,data/interim/gridsat/2015/gridsat_2015.07.26.00.npz,data/interim/gridsat/2015/gridsat_2015.07.26.03.npz,data/interim/gridsat/2015/gridsat_2015.07.26.06.npz,22.0,90.5,20.0,994.0,D,22.0,90.5,20.0,994.0,D,22.0,90.5,25.0,994.0,D,21.8,90.3,25.0,994.0,D
NIO_2015_KOMEN_20150726_1200Z,NIO_2015_KOMEN,TRAIN,2015-07-26T12:00:00+00:00,data/interim/gridsat/2015/gridsat_2015.07.25.21.npz,data/interim/gridsat/2015/gridsat_2015.07.26.00.npz,data/interim/gridsat/2015/gridsat_2015.07.26.03.npz,data/interim/gridsat/2015/gridsat_2015.07.26.06.npz,data/interim/gridsat/2015/gridsat_2015.07.26.09.npz,data/interim/gridsat/2015/gridsat_2015.07.26.12.npz,22.0,90.5,20.0,994.0,D,22.0,90.5,20.0,994.0,D,22.0,90.5,25.0,994.0,D,21.5,90.2,25.0,994.0,D
NIO_2015_KOMEN_20150726_1800Z,NIO_2015_KOMEN,TRAIN,2015-07-26T18:00:00+00:00,data/interim/gridsat/2015/gridsat_2015.07.26.03.npz,data/interim/gridsat/2015/gridsat_2015.07.26.06.npz,data/interim/gridsat/2015/gridsat_2015.07.26.09.npz,data/interim/gridsat/2015/gridsat_2015.07.26.12.npz,data/interim/gridsat/2015/gridsat_2015.07.26.15.npz,data/interim/gridsat/2015/gridsat_2015.07.26.18.npz,22.0,90.5,20.0,994.0,D,22.0,90.5,25.0,994.0,D,22.0,90.5,25.0,994.0,D,21.3,90.6,25.0,992.0,D
NIO_2015_KOMEN_20150727_0000Z,NIO_2015_KOMEN,TRAIN,2015-07-27T00:00:00+00:00,data/interim/gridsat/2015/gridsat_2015.07.26.09.npz,data/interim/gridsat/2015/gridsat_2015.07.26.12.npz,data/interim/gridsat/2015/gridsat_2015.07.26.15.npz,data/interim/gridsat/2015/gridsat_2015.07.26.18.npz,data/interim/gridsat/2015/gridsat_2015.07.26.21.npz,data/interim/gridsat/2015/gridsat_2015.07.27.00.npz,22.0,90.5,20.0,994.0,D,22.0,90.5,25.0,994.0,D,22.0,90.5,25.0,994.0,D,21.0,91.0,30.0,990.0,DD
NIO_2015_KOMEN_20150727_0600Z,NIO_2015_KOMEN,TRAIN,2015-07-27T06:00:00+00:00,data/interim/gridsat/2015/gridsat_2015.07.26.15.npz,data/interim/gridsat/2015/gridsat_2015.07.26.18.npz,data/interim/gridsat/2015/gridsat_2015.07.26.21.npz,data/interim/gridsat/2015/gridsat_2015.07.27.00.npz,data/interim/gridsat/2015/gridsat_2015.07.27.03.npz,data/interim/gridsat/2015/gridsat_2015.07.27.06.npz,22.0,90.5,25.0,994.0,D,22.0,90.5,25.0,994.0,D,21.8,90.3,25.0,994.0,D,21.2,91.1,30.0,990.0,DD
NIO_2015_KOMEN_20150727_1200Z,NIO_2015_KOMEN,TRAIN,2015-07-27T12:00:00+00:00,data/interim/gridsat/2015/gridsat_2015.07.26.21.npz,data/interim/gridsat/2015/gridsat_2015.07.27.00.npz,data/interim/gridsat/2015/gridsat_2015.07.27.03.npz,data/interim/gridsat/2015/gridsat_2015.07.27.06.npz,data/interim/gridsat/2015/gridsat_2015.07.27.09.npz,data/interim/gridsat/2015/gridsat_2015.07.27.12.npz,22.0,90.5,25.0,994.0,D,22.0,90.5,25.0,994.0,D,21.5,90.2,25.0,994.0,D,21.5,91.4,30.0,988.0,DD
NIO_2015_KOMEN_20150727_1800Z,NIO_2015_KOMEN,TRAIN,2015-07-27T18:00:00+00:00,data/interim/gridsat/2015/gridsat_2015.07.27.03.npz,data/interim/gridsat/2015/gridsat_2015.07.27.06.npz,data/interim/gridsat/2015/gridsat_2015.07.27.09.npz,data/interim/gridsat/2015/gridsat_2015.07.27.12.npz,data/interim/gridsat/2015/gridsat_2015.07.27.15.npz,data/interim/gridsat/2015/gridsat_2015.07.27.18.npz,22.0,90.5,25.0,994.0,D,21.8,90.3,25.0,994.0,D,21.3,90.6,25.0,992.0,D,21.6,91.4,35.0,986.0,CS
NIO_2015_KOMEN_20150728_0000Z,NIO_2015_KOMEN,TRAIN,2015-07-28T00:00:00+00:00,data/interim/gridsat/2015/gridsat_2015.07.27.09.npz,data/interim/gridsat/2015/gridsat_2015.07.27.12.npz,data/interim/gridsat/2015/gridsat_2015.07.27.15.npz,data/interim/gridsat/2015/gridsat_2015.07.27.18.npz,data/interim/gridsat/2015/gridsat_2015.07.27.21.npz,data/interim/gridsat/2015/gridsat_2015.07.28.00.npz,22.0,90.5,25.0,994.0,D,21.5,90.2,25.0,994.0,D,21.0,91.0,30.0,990.0,DD,21.7,91.4,35.0,986.0,CS
NIO_2015_KOMEN_20150728_0600Z,NIO_2015_KOMEN,TRAIN,2015-07-28T06:00:00+00:00,data/interim/gridsat/2015/gridsat_2015.07.27.15.npz,data/interim/gridsat/2015/gridsat_2015.07.27.18.npz,data/interim/gridsat/2015/gridsat_2015.07.27.21.npz,data/interim/gridsat/2015/gridsat_2015.07.28.00.npz,data/interim/gridsat/2015/gridsat_2015.07.28.03.npz,data/interim/gridsat/2015/gridsat_2015.07.28.06.npz,21.8,90.3,25.0,994.0,D,21.3,90.6,25.0,992.0,D,21.2,91.1,30.0,990.0,DD,22.2,91.4,40.0,986.0,CS
NIO_2015_KOMEN_20150728_1200Z,NIO_2015_KOMEN,TRAIN,2015-07-28T12:00:00+00:00,data/interim/gridsat/2015/gridsat_2015.07.27.21.npz,data/interim/gridsat/2015/gridsat_2015.07.28.00.npz,data/interim/gridsat/2015/gridsat_2015.07.28.03.npz,data/interim/gridsat/2015/gridsat_2015.07.28.06.npz,data/interim/gridsat/2015/gridsat_2015.07.28.09.npz,data/interim/gridsat/2015/gridsat_2015.07.28.12.npz,21.5,90.2,25.0,994.0,D,21.0,91.0,30.0,990.0,DD,21.5,91.4,30.0,988.0,DD,22.4,91.4,35.0,988.0,CS
NIO_2015_KOMEN_20150728_1800Z,NIO_2015_KOMEN,TRAIN,2015-07-28T18:00:00+00:00,data/interim/gridsat/2015/gridsat_2015.07.28.03.npz,data/interim/gridsat/2015/gridsat_2015.07.28.06.npz,data/interim/gridsat/2015/gridsat_2015.07.28.09.npz,data/interim/gridsat/2015/gridsat_2015.07.28.12.npz,data/interim/gridsat/2015/gridsat_2015.07.28.15.npz,data/interim/gridsat/2015/gridsat_2015.07.28.18.npz,21.3,90.6,25.0,992.0,D,21.2,91.1,30.0,990.0,DD,21.6,91.4,35.0,986.0,CS,22.8,91.1,35.0,988.0,CS
NIO_2015_KOMEN_20150729_0000Z,NIO_2015_KOMEN,TRAIN,2015-07-29T00:00:00+00:00,data/interim/gridsat/2015/gridsat_2015.07.28.09.npz,data/interim/gridsat/2015/gridsat_2015.07.28.12.npz,data/interim/gridsat/2015/gridsat_2015.07.28.15.npz,data/interim/gridsat/2015/gridsat_2015.07.28.18.npz,data/interim/gridsat/2015/gridsat_2015.07.28.21.npz,data/interim/gridsat/2015/gridsat_2015.07.29.00.npz,21.0,91.0,30.0,990.0,DD,21.5,91.4,30.0,988.0,DD,21.7,91.4,35.0,986.0,CS,23.1,90.0,30.0,990.0,DD
NIO_2015_MEGH_20151105_0000Z,NIO_2015_MEGH,TRAIN,2015-11-05T00:00:00+00:00,data/interim/gridsat/2015/gridsat_2015.11.04.09.npz,data/interim/gridsat/2015/gridsat_2015.11.04.12.npz,data/interim/gridsat/2015/gridsat_2015.11.04.15.npz,data/interim/gridsat/2015/gridsat_2015.11.04.18.npz,data/interim/gridsat/2015/gridsat_2015.11.04.21.npz,data/interim/gridsat/2015/gridsat_2015.11.05.00.npz,14.1,66.0,25.0,1006.0,D,14.0,64.0,35.0,998.0,CS,13.7,62.5,45.0,994.0,CS,12.8,60.1,45.0,994.0,CS
NIO_2015_MEGH_20151105_0300Z,NIO_2015_MEGH,TRAIN,2015-11-05T03:00:00+00:00,data/interim/gridsat/2015/gridsat_2015.11.04.12.npz,data/interim/gridsat/2015/gridsat_2015.11.04.15.npz,data/interim/gridsat/2015/gridsat_2015.11.04.18.npz,data/interim/gridsat/2015/gridsat_2015.11.04.21.npz,data/interim/gridsat/2015/gridsat_2015.11.05.00.npz,data/interim/gridsat/2015/gridsat_2015.11.05.03.npz,14.1,65.6,25.0,1004.0,D,13.9,63.7,40.0,996.0,CS,13.5,62.2,45.0,994.0,CS,12.8,59.6,45.0,994.0,CS
NIO_2015_MEGH_20151105_0600Z,NIO_2015_MEGH,TRAIN,2015-11-05T06:00:00+00:00,data/interim/gridsat/2015/gridsat_2015.11.04.15.npz,data/interim/gridsat/2015/gridsat_2015.11.04.18.npz,data/interim/gridsat/2015/gridsat_2015.11.04.21.npz,data/interim/gridsat/2015/gridsat_2015.11.05.00.npz,data/interim/gridsat/2015/gridsat_2015.11.05.03.npz,data/interim/gridsat/2015/gridsat_2015.11.05.06.npz,14.1,64.8,30.0,1002.0,DD,13.9,63.4,45.0,994.0,CS,13.2,61.9,45.0,994.0,CS,12.7,59.2,50.0,992.0,SCS
NIO_2015_MEGH_20151105_1200Z,NIO_2015_MEGH,TRAIN,2015-11-05T12:00:00+00:00,data/interim/gridsat/2015/gridsat_2015.11.04.21.npz,data/interim/gridsat/2015/gridsat_2015.11.05.00.npz,data/interim/gridsat/2015/gridsat_2015.11.05.03.npz,data/interim/gridsat/2015/gridsat_2015.11.05.06.npz,data/interim/gridsat/2015/gridsat_2015.11.05.09.npz,data/interim/gridsat/2015/gridsat_2015.11.05.12.npz,14.0,64.0,35.0,998.0,CS,13.7,62.5,45.0,994.0,CS,13.0,61.0,45.0,994.0,CS,12.7,58.4,60.0,988.0,SCS
NIO_2015_MEGH_20151105_1500Z,NIO_2015_MEGH,TRAIN,2015-11-05T15:00:00+00:00,data/interim/gridsat/2015/gridsat_2015.11.05.00.npz,data/interim/gridsat/2015/gridsat_2015.11.05.03.npz,data/interim/gridsat/2015/gridsat_2015.11.05.06.npz,data/interim/gridsat/2015/gridsat_2015.11.05.09.npz,data/interim/gridsat/2015/gridsat_2015.11.05.12.npz,data/interim/gridsat/2015/gridsat_2015.11.05.15.npz,13.9,63.7,40.0,996.0,CS,13.5,62.2,45.0,994.0,CS,12.9,60.8,45.0,994.0,CS,12.6,57.9,65.0,984.0,VSCS
NIO_2015_MEGH_20151105_1800Z,NIO_2015_MEGH,TRAIN,2015-11-05T18:00:00+00:00,data/interim/gridsat/2015/gridsat_2015.11.05.03.npz,data/interim/gridsat/2015/gridsat_2015.11.05.06.npz,data/interim/gridsat/2015/gridsat_2015.11.05.09.npz,data/interim/gridsat/2015/gridsat_2015.11.05.12.npz,data/interim/gridsat/2015/gridsat_2015.11.05.15.npz,data/interim/gridsat/2015/gridsat_2015.11.05.18.npz,13.9,63.4,45.0,994.0,CS,13.2,61.9,45.0,994.0,CS,12.9,60.6,45.0,994.0,CS,12.7,57.3,70.0,980.0,VSCS
NIO_2015_MEGH_20151105_2100Z,NIO_2015_MEGH,TRAIN,2015-11-05T21:00:00+00:00,data/interim/gridsat/2015/gridsat_2015.11.05.06.npz,data/interim/gridsat/2015/gridsat_2015.11.05.09.npz,data/interim/gridsat/2015/gridsat_2015.11.05.12.npz,data/interim/gridsat/2015/gridsat_2015.11.05.15.npz,data/interim/gridsat/2015/gridsat_2015.11.05.18.npz,data/interim/gridsat/2015/gridsat_2015.11.05.21.npz,13.8,63.0,45.0,994.0,CS,13.1,61.5,45.0,994.0,CS,12.8,60.4,45.0,994.0,CS,12.7,56.7,80.0,976.0,VSCS
NIO_2015_MEGH_20151106_0000Z,NIO_2015_MEGH,TRAIN,2015-11-06T00:00:00+00:00,data/interim/gridsat/2015/gridsat_2015.11.05.09.npz,data/interim/gridsat/2015/gridsat_2015.11.05.12.npz,data/interim/gridsat/2015/gridsat_2015.11.05.15.npz,data/interim/gridsat/2015/gridsat_2015.11.05.18.npz,data/interim/gridsat/2015/gridsat_2015.11.05.21.npz,data/interim/gridsat/2015/gridsat_2015.11.06.00.npz,13.7,62.5,45.0,994.0,CS,13.0,61.0,45.0,994.0,CS,12.8,60.1,45.0,994.0,CS,12.7,56.1,85.0,974.0,VSCS
NIO_2015_MEGH_20151106_0300Z,NIO_2015_MEGH,TRAIN,2015-11-06T03:00:00+00:00,data/interim/gridsat/2015/gridsat_2015.11.05.12.npz,data/interim/gridsat/2015/gridsat_2015.11.05.15.npz,data/interim/gridsat/2015/gridsat_2015.11.05.18.npz,data/interim/gridsat/2015/gridsat_2015.11.05.21.npz,data/interim/gridsat/2015/gridsat_2015.11.06.00.npz,data/interim/gridsat/2015/gridsat_2015.11.06.03.npz,13.5,62.2,45.0,994.0,CS,12.9,60.8,45.0,994.0,CS,12.8,59.6,45.0,994.0,CS,12.7,55.5,90.0,968.0,ESCS
NIO_2015_MEGH_20151106_0600Z,NIO_2015_MEGH,TRAIN,2015-11-06T06:00:00+00:00,data/interim/gridsat/2015/gridsat_2015.11.05.15.npz,data/interim/gridsat/2015/gridsat_2015.11.05.18.npz,data/interim/gridsat/2015/gridsat_2015.11.05.21.npz,data/interim/gridsat/2015/gridsat_2015.11.06.00.npz,data/interim/gridsat/2015/gridsat_2015.11.06.03.npz,data/interim/gridsat/2015/gridsat_2015.11.06.06.npz,13.2,61.9,45.0,994.0,CS,12.9,60.6,45.0,994.0,CS,12.7,59.2,50.0,992.0,SCS,12.7,54.9,95.0,964.0,ESCS
NIO_2015_MEGH_20151106_0900Z,NIO_2015_MEGH,TRAIN,2015-11-06T09:00:00+00:00,data/interim/gridsat/2015/gridsat_2015.11.05.18.npz,data/interim/gridsat/2015/gridsat_2015.11.05.21.npz,data/interim/gridsat/2015/gridsat_2015.11.06.00.npz,data/interim/gridsat/2015/gridsat_2015.11.06.03.npz,data/interim/gridsat/2015/gridsat_2015.11.06.06.npz,data/interim/gridsat/2015/gridsat_2015.11.06.09.npz,13.1,61.5,45.0,994.0,CS,12.8,60.4,45.0,994.0,CS,12.6,58.8,55.0,990.0,SCS,12.7,54.2,95.0,964.0,ESCS
NIO_2015_MEGH_20151106_1200Z,NIO_2015_MEGH,TRAIN,2015-11-06T12:00:00+00:00,data/interim/gridsat/2015/gridsat_2015.11.05.21.npz,data/interim/gridsat/2015/gridsat_2015.11.06.00.npz,data/interim/gridsat/2015/gridsat_2015.11.06.03.npz,data/interim/gridsat/2015/gridsat_2015.11.06.06.npz,data/interim/gridsat/2015/gridsat_2015.11.06.09.npz,data/interim/gridsat/2015/gridsat_2015.11.06.12.npz,13.0,61.0,45.0,994.0,CS,12.8,60.1,45.0,994.0,CS,12.7,58.4,60.0,988.0,SCS,12.7,53.5,90.0,970.0,ESCS
NIO_2015_MEGH_20151106_1500Z,NIO_2015_MEGH,TRAIN,2015-11-06T15:00:00+00:00,data/interim/gridsat/2015/gridsat_2015.11.06.00.npz,data/interim/gridsat/2015/gridsat_2015.11.06.03.npz,data/interim/gridsat/2015/gridsat_2015.11.06.06.npz,data/interim/gridsat/2015/gridsat_2015.11.06.09.npz,data/interim/gridsat/2015/gridsat_2015.11.06.12.npz,data/interim/gridsat/2015/gridsat_2015.11.06.15.npz,12.9,60.8,45.0,994.0,CS,12.8,59.6,45.0,994.0,CS,12.6,57.9,65.0,984.0,VSCS,12.7,52.9,90.0,970.0,ESCS
NIO_2015_MEGH_20151106_1800Z,NIO_2015_MEGH,TRAIN,2015-11-06T18:00:00+00:00,data/interim/gridsat/2015/gridsat_2015.11.06.03.npz,data/interim/gridsat/2015/gridsat_2015.11.06.06.npz,data/interim/gridsat/2015/gridsat_2015.11.06.09.npz,data/interim/gridsat/2015/gridsat_2015.11.06.12.npz,data/interim/gridsat/2015/gridsat_2015.11.06.15.npz,data/interim/gridsat/2015/gridsat_2015.11.06.18.npz,12.9,60.6,45.0,994.0,CS,12.7,59.2,50.0,992.0,SCS,12.7,57.3,70.0,980.0,VSCS,12.5,52.4,90.0,970.0,ESCS
NIO_2015_UNNAMED_2_3_1_20150622_0600Z,NIO_2015_UNNAMED_2_3_1,TRAIN,2015-06-22T06:00:00+00:00,data/interim/gridsat/2015/gridsat_2015.06.21.15.npz,data/interim/gridsat/2015/gridsat_2015.06.21.18.npz,data/interim/gridsat/2015/gridsat_2015.06.21.21.npz,data/interim/gridsat/2015/gridsat_2015.06.22.00.npz,data/interim/gridsat/2015/gridsat_2015.06.22.03.npz,data/interim/gridsat/2015/gridsat_2015.06.22.06.npz,20.0,67.0,25.0,990.0,D,20.2,68.5,25.0,990.0,D,21.0,71.0,30.0,988.0,DD,22.8,72.7,30.0,990.0,DD
NIO_2015_UNNAMED_2_3_1_20150622_1200Z,NIO_2015_UNNAMED_2_3_1,TRAIN,2015-06-22T12:00:00+00:00,data/interim/gridsat/2015/gridsat_2015.06.21.21.npz,data/interim/gridsat/2015/gridsat_2015.06.22.00.npz,data/interim/gridsat/2015/gridsat_2015.06.22.03.npz,data/interim/gridsat/2015/gridsat_2015.06.22.06.npz,data/interim/gridsat/2015/gridsat_2015.06.22.09.npz,data/interim/gridsat/2015/gridsat_2015.06.22.12.npz,20.0,67.0,25.0,990.0,D,20.5,69.5,25.0,988.0,D,21.0,71.3,30.0,990.0,DD,23.5,74.0,25.0,992.0,D
NIO_2015_UNNAMED_2_3_1_20150622_1800Z,NIO_2015_UNNAMED_2_3_1,TRAIN,2015-06-22T18:00:00+00:00,data/interim/gridsat/2015/gridsat_2015.06.22.03.npz,data/interim/gridsat/2015/gridsat_2015.06.22.06.npz,data/interim/gridsat/2015/gridsat_2015.06.22.09.npz,data/interim/gridsat/2015/gridsat_2015.06.22.12.npz,data/interim/gridsat/2015/gridsat_2015.06.22.15.npz,data/interim/gridsat/2015/gridsat_2015.06.22.18.npz,20.2,68.5,25.0,990.0,D,21.0,71.0,30.0,988.0,DD,21.6,71.4,30.0,990.0,DD,26.0,76.0,25.0,994.0,D
NIO_2015_UNNAMED_2_4_1_20150710_0300Z,NIO_2015_UNNAMED_2_4_1,TRAIN,2015-07-10T03:00:00+00:00,data/interim/gridsat/2015/gridsat_2015.07.09.12.npz,data/interim/gridsat/2015/gridsat_2015.07.09.15.npz,data/interim/gridsat/2015/gridsat_2015.07.09.18.npz,data/interim/gridsat/2015/gridsat_2015.07.09.21.npz,data/interim/gridsat/2015/gridsat_2015.07.10.00.npz,data/interim/gridsat/2015/gridsat_2015.07.10.03.npz,23.1,85.1,25.0,996.0,D,23.5,82.5,25.0,996.0,D,24.0,80.5,25.0,996.0,D,28.5,78.0,25.0,998.0,D
NIO_2015_UNNAMED_2_4_1_20150710_0600Z,NIO_2015_UNNAMED_2_4_1,TRAIN,2015-07-10T06:00:00+00:00,data/interim/gridsat/2015/gridsat_2015.07.09.15.npz,data/interim/gridsat/2015/gridsat_2015.07.09.18.npz,data/interim/gridsat/2015/gridsat_2015.07.09.21.npz,data/interim/gridsat/2015/gridsat_2015.07.10.00.npz,data/interim/gridsat/2015/gridsat_2015.07.10.03.npz,data/interim/gridsat/2015/gridsat_2015.07.10.06.npz,23.1,85.0,25.0,996.0,D,23.6,82.3,25.0,996.0,D,24.5,80.5,25.0,996.0,D,28.5,77.5,25.0,998.0,D
NIO_2015_UNNAMED_2_4_1_20150710_0900Z,NIO_2015_UNNAMED_2_4_1,TRAIN,2015-07-10T09:00:00+00:00,data/interim/gridsat/2015/gridsat_2015.07.09.18.npz,data/interim/gridsat/2015/gridsat_2015.07.09.21.npz,data/interim/gridsat/2015/gridsat_2015.07.10.00.npz,data/interim/gridsat/2015/gridsat_2015.07.10.03.npz,data/interim/gridsat/2015/gridsat_2015.07.10.06.npz,data/interim/gridsat/2015/gridsat_2015.07.10.09.npz,23.3,84.0,25.0,994.0,D,23.8,81.0,25.0,996.0,D,24.5,80.5,25.0,996.0,D,28.5,77.3,25.0,998.0,D
NIO_2015_UNNAMED_2_8_1_20150916_0300Z,NIO_2015_UNNAMED_2_8_1,TRAIN,2015-09-16T03:00:00+00:00,data/interim/gridsat/2015/gridsat_2015.09.15.12.npz,data/interim/gridsat/2015/gridsat_2015.09.15.15.npz,data/interim/gridsat/2015/gridsat_2015.09.15.18.npz,data/interim/gridsat/2015/gridsat_2015.09.15.21.npz,data/interim/gridsat/2015/gridsat_2015.09.16.00.npz,data/interim/gridsat/2015/gridsat_2015.09.16.03.npz,19.6,83.5,25.0,998.0,D,20.6,82.0,25.0,998.0,D,21.0,79.5,30.0,998.0,DD,20.7,77.0,30.0,996.0,D
NIO_2015_UNNAMED_2_8_1_20150916_0600Z,NIO_2015_UNNAMED_2_8_1,TRAIN,2015-09-16T06:00:00+00:00,data/interim/gridsat/2015/gridsat_2015.09.15.15.npz,data/interim/gridsat/2015/gridsat_2015.09.15.18.npz,data/interim/gridsat/2015/gridsat_2015.09.15.21.npz,data/interim/gridsat/2015/gridsat_2015.09.16.00.npz,data/interim/gridsat/2015/gridsat_2015.09.16.03.npz,data/interim/gridsat/2015/gridsat_2015.09.16.06.npz,20.3,83.0,25.0,998.0,D,20.8,81.9,25.0,998.0,D,20.5,79.5,30.0,998.0,DD,20.0,77.0,30.0,998.0,D
NIO_2015_UNNAMED_2_8_1_20150916_0900Z,NIO_2015_UNNAMED_2_8_1,TRAIN,2015-09-16T09:00:00+00:00,data/interim/gridsat/2015/gridsat_2015.09.15.18.npz,data/interim/gridsat/2015/gridsat_2015.09.15.21.npz,data/interim/gridsat/2015/gridsat_2015.09.16.00.npz,data/interim/gridsat/2015/gridsat_2015.09.16.03.npz,data/interim/gridsat/2015/gridsat_2015.09.16.06.npz,data/interim/gridsat/2015/gridsat_2015.09.16.09.npz,20.4,82.7,25.0,998.0,D,21.0,81.9,25.0,998.0,D,20.0,79.5,30.0,998.0,DD,20.7,76.5,25.0,998.0,D
NIO_2015_UNNAMED_2_8_1_20150916_1200Z,NIO_2015_UNNAMED_2_8_1,TRAIN,2015-09-16T12:00:00+00:00,data/interim/gridsat/2015/gridsat_2015.09.15.21.npz,data/interim/gridsat/2015/gridsat_2015.09.16.00.npz,data/interim/gridsat/2015/gridsat_2015.09.16.03.npz,data/interim/gridsat/2015/gridsat_2015.09.16.06.npz,data/interim/gridsat/2015/gridsat_2015.09.16.09.npz,data/interim/gridsat/2015/gridsat_2015.09.16.12.npz,20.5,82.5,25.0,998.0,D,21.1,81.5,25.0,998.0,D,20.5,79.0,30.0,996.0,DD,20.5,76.0,25.0,998.0,D
NIO_2015_UNNAMED_2_8_1_20150916_1500Z,NIO_2015_UNNAMED_2_8_1,TRAIN,2015-09-16T15:00:00+00:00,data/interim/gridsat/2015/gridsat_2015.09.16.00.npz,data/interim/gridsat/2015/gridsat_2015.09.16.03.npz,data/interim/gridsat/2015/gridsat_2015.09.16.06.npz,data/interim/gridsat/2015/gridsat_2015.09.16.09.npz,data/interim/gridsat/2015/gridsat_2015.09.16.12.npz,data/interim/gridsat/2015/gridsat_2015.09.16.15.npz,20.6,82.0,25.0,998.0,D,21.0,79.5,30.0,998.0,DD,20.0,77.5,30.0,996.0,DD,20.5,75.8,25.0,998.0,D
NIO_2015_UNNAMED_2_8_1_20150916_1800Z,NIO_2015_UNNAMED_2_8_1,TRAIN,2015-09-16T18:00:00+00:00,data/interim/gridsat/2015/gridsat_2015.09.16.03.npz,data/interim/gridsat/2015/gridsat_2015.09.16.06.npz,data/interim/gridsat/2015/gridsat_2015.09.16.09.npz,data/interim/gridsat/2015/gridsat_2015.09.16.12.npz,data/interim/gridsat/2015/gridsat_2015.09.16.15.npz,data/interim/gridsat/2015/gridsat_2015.09.16.18.npz,20.8,81.9,25.0,998.0,D,20.5,79.5,30.0,998.0,DD,20.0,77.0,30.0,996.0,DD,20.5,75.5,25.0,998.0,D
NIO_2015_UNNAMED_2_8_1_20150916_2100Z,NIO_2015_UNNAMED_2_8_1,TRAIN,2015-09-16T21:00:00+00:00,data/interim/gridsat/2015/gridsat_2015.09.16.06.npz,data/interim/gridsat/2015/gridsat_2015.09.16.09.npz,data/interim/gridsat/2015/gridsat_2015.09.16.12.npz,data/interim/gridsat/2015/gridsat_2015.09.16.15.npz,data/interim/gridsat/2015/gridsat_2015.09.16.18.npz,data/interim/gridsat/2015/gridsat_2015.09.16.21.npz,21.0,81.9,25.0,998.0,D,20.0,79.5,30.0,998.0,DD,20.0,76.4,30.0,996.0,DD,20.8,75.0,25.0,998.0,D
NIO_2015_UNNAMED_2_8_1_20150917_0000Z,NIO_2015_UNNAMED_2_8_1,TRAIN,2015-09-17T00:00:00+00:00,data/interim/gridsat/2015/gridsat_2015.09.16.09.npz,data/interim/gridsat/2015/gridsat_2015.09.16.12.npz,data/interim/gridsat/2015/gridsat_2015.09.16.15.npz,data/interim/gridsat/2015/gridsat_2015.09.16.18.npz,data/interim/gridsat/2015/gridsat_2015.09.16.21.npz,data/interim/gridsat/2015/gridsat_2015.09.17.00.npz,21.1,81.5,25.0,998.0,D,20.5,79.0,30.0,996.0,DD,20.8,77.4,25.0,996.0,DD,21.0,74.5,25.0,998.0,D
NIO_2015_UNNAMED_2_9_1_20151009_0000Z,NIO_2015_UNNAMED_2_9_1,TRAIN,2015-10-09T00:00:00+00:00,data/interim/gridsat/2015/gridsat_2015.10.08.09.npz,data/interim/gridsat/2015/gridsat_2015.10.08.12.npz,data/interim/gridsat/2015/gridsat_2015.10.08.15.npz,data/interim/gridsat/2015/gridsat_2015.10.08.18.npz,data/interim/gridsat/2015/gridsat_2015.10.08.21.npz,data/interim/gridsat/2015/gridsat_2015.10.09.00.npz,14.0,70.3,25.0,1004.0,D,14.3,70.2,25.0,1002.0,D,15.0,69.6,30.0,1001.0,DD,15.5,69.2,30.0,1001.0,DD
NIO_2015_UNNAMED_2_9_1_20151009_0600Z,NIO_2015_UNNAMED_2_9_1,TRAIN,2015-10-09T06:00:00+00:00,data/interim/gridsat/2015/gridsat_2015.10.08.15.npz,data/interim/gridsat/2015/gridsat_2015.10.08.18.npz,data/interim/gridsat/2015/gridsat_2015.10.08.21.npz,data/interim/gridsat/2015/gridsat_2015.10.09.00.npz,data/interim/gridsat/2015/gridsat_2015.10.09.03.npz,data/interim/gridsat/2015/gridsat_2015.10.09.06.npz,14.1,70.3,25.0,1004.0,D,14.7,69.9,30.0,1001.0,DD,15.1,69.4,30.0,1000.0,DD,15.7,69.2,25.0,1003.0,D
NIO_2015_UNNAMED_2_9_1_20151009_1200Z,NIO_2015_UNNAMED_2_9_1,TRAIN,2015-10-09T12:00:00+00:00,data/interim/gridsat/2015/gridsat_2015.10.08.21.npz,data/interim/gridsat/2015/gridsat_2015.10.09.00.npz,data/interim/gridsat/2015/gridsat_2015.10.09.03.npz,data/interim/gridsat/2015/gridsat_2015.10.09.06.npz,data/interim/gridsat/2015/gridsat_2015.10.09.09.npz,data/interim/gridsat/2015/gridsat_2015.10.09.12.npz,14.3,70.2,25.0,1002.0,D,15.0,69.6,30.0,1001.0,DD,15.2,69.3,30.0,1000.0,DD,15.9,69.2,25.0,1004.0,D
NIO_2015_UNNAMED_2_9_1_20151009_1800Z,NIO_2015_UNNAMED_2_9_1,TRAIN,2015-10-09T18:00:00+00:00,data/interim/gridsat/2015/gridsat_2015.10.09.03.npz,data/interim/gridsat/2015/gridsat_2015.10.09.06.npz,data/interim/gridsat/2015/gridsat_2015.10.09.09.npz,data/interim/gridsat/2015/gridsat_2015.10.09.12.npz,data/interim/gridsat/2015/gridsat_2015.10.09.15.npz,data/interim/gridsat/2015/gridsat_2015.10.09.18.npz,14.7,69.9,30.0,1001.0,DD,15.1,69.4,30.0,1000.0,DD,15.3,69.2,30.0,1000.0,DD,16.0,69.2,25.0,1004.0,D
NIO_2015_UNNAMED_2_9_1_20151010_0000Z,NIO_2015_UNNAMED_2_9_1,TRAIN,2015-10-10T00:00:00+00:00,data/interim/gridsat/2015/gridsat_2015.10.09.09.npz,data/interim/gridsat/2015/gridsat_2015.10.09.12.npz,data/interim/gridsat/2015/gridsat_2015.10.09.15.npz,data/interim/gridsat/2015/gridsat_2015.10.09.18.npz,data/interim/gridsat/2015/gridsat_2015.10.09.21.npz,data/interim/gridsat/2015/gridsat_2015.10.10.00.npz,15.0,69.6,30.0,1001.0,DD,15.2,69.3,30.0,1000.0,DD,15.5,69.2,30.0,1001.0,DD,16.1,69.0,20.0,1004.0,D
NIO_2016_KYANT_20161021_0000Z,NIO_2016_KYANT,TRAIN,2016-10-21T00:00:00+00:00,data/interim/gridsat/2016/gridsat_2016.10.20.09.npz,data/interim/gridsat/2016/gridsat_2016.10.20.12.npz,data/interim/gridsat/2016/gridsat_2016.10.20.15.npz,data/interim/gridsat/2016/gridsat_2016.10.20.18.npz,data/interim/gridsat/2016/gridsat_2016.10.20.21.npz,data/interim/gridsat/2016/gridsat_2016.10.21.00.npz,13.5,88.5,20.0,996.0,D,13.9,89.8,20.0,996.0,D,13.9,90.0,20.0,996.0,D,15.5,93.0,20.0,996.0,D
NIO_2016_KYANT_20161022_0000Z,NIO_2016_KYANT,TRAIN,2016-10-22T00:00:00+00:00,data/interim/gridsat/2016/gridsat_2016.10.21.09.npz,data/interim/gridsat/2016/gridsat_2016.10.21.12.npz,data/interim/gridsat/2016/gridsat_2016.10.21.15.npz,data/interim/gridsat/2016/gridsat_2016.10.21.18.npz,data/interim/gridsat/2016/gridsat_2016.10.21.21.npz,data/interim/gridsat/2016/gridsat_2016.10.22.00.npz,13.9,90.0,20.0,996.0,D,14.9,92.0,20.0,996.0,D,15.5,93.0,20.0,996.0,D,16.4,93.2,30.0,994.0,DD
NIO_2016_KYANT_20161023_1800Z,NIO_2016_KYANT,TRAIN,2016-10-23T18:00:00+00:00,data/interim/gridsat/2016/gridsat_2016.10.23.03.npz,data/interim/gridsat/2016/gridsat_2016.10.23.06.npz,data/interim/gridsat/2016/gridsat_2016.10.23.09.npz,data/interim/gridsat/2016/gridsat_2016.10.23.12.npz,data/interim/gridsat/2016/gridsat_2016.10.23.15.npz,data/interim/gridsat/2016/gridsat_2016.10.23.18.npz,16.0,93.2,30.0,994.0,DD,16.5,93.2,30.0,994.0,DD,16.8,92.3,30.0,994.0,DD,16.6,89.8,40.0,988.0,CS
NIO_2016_KYANT_20161024_0000Z,NIO_2016_KYANT,TRAIN,2016-10-24T00:00:00+00:00,data/interim/gridsat/2016/gridsat_2016.10.23.09.npz,data/interim/gridsat/2016/gridsat_2016.10.23.12.npz,data/interim/gridsat/2016/gridsat_2016.10.23.15.npz,data/interim/gridsat/2016/gridsat_2016.10.23.18.npz,data/interim/gridsat/2016/gridsat_2016.10.23.21.npz,data/interim/gridsat/2016/gridsat_2016.10.24.00.npz,16.4,93.2,30.0,994.0,DD,16.7,92.7,30.0,994.0,DD,16.9,91.7,30.0,990.0,DD,16.6,89.0,40.0,988.0,CS
NIO_2016_KYANT_20161024_0600Z,NIO_2016_KYANT,TRAIN,2016-10-24T06:00:00+00:00,data/interim/gridsat/2016/gridsat_2016.10.23.15.npz,data/interim/gridsat/2016/gridsat_2016.10.23.18.npz,data/interim/gridsat/2016/gridsat_2016.10.23.21.npz,data/interim/gridsat/2016/gridsat_2016.10.24.00.npz,data/interim/gridsat/2016/gridsat_2016.10.24.03.npz,data/interim/gridsat/2016/gridsat_2016.10.24.06.npz,16.5,93.2,30.0,994.0,DD,16.8,92.3,30.0,994.0,DD,17.1,91.9,40.0,988.0,CS,16.5,88.0,40.0,988.0,CS
NIO_2016_KYANT_20161025_0300Z,NIO_2016_KYANT,TRAIN,2016-10-25T03:00:00+00:00,data/interim/gridsat/2016/gridsat_2016.10.24.12.npz,data/interim/gridsat/2016/gridsat_2016.10.24.15.npz,data/interim/gridsat/2016/gridsat_2016.10.24.18.npz,data/interim/gridsat/2016/gridsat_2016.10.24.21.npz,data/interim/gridsat/2016/gridsat_2016.10.25.00.npz,data/interim/gridsat/2016/gridsat_2016.10.25.03.npz,17.0,91.2,40.0,988.0,CS,16.7,90.2,40.0,988.0,CS,16.6,88.5,40.0,988.0,CS,15.3,85.1,35.0,994.0,DD
NIO_2016_UNNAMED_2_4_1_20160809_1200Z,NIO_2016_UNNAMED_2_4_1,TRAIN,2016-08-09T12:00:00+00:00,data/interim/gridsat/2016/gridsat_2016.08.08.21.npz,data/interim/gridsat/2016/gridsat_2016.08.09.00.npz,data/interim/gridsat/2016/gridsat_2016.08.09.03.npz,data/interim/gridsat/2016/gridsat_2016.08.09.06.npz,data/interim/gridsat/2016/gridsat_2016.08.09.09.npz,data/interim/gridsat/2016/gridsat_2016.08.09.12.npz,22.0,88.5,25.0,996.0,D,22.8,89.7,25.0,995.0,D,23.4,89.1,30.0,994.0,DD,24.0,86.5,25.0,996.0,D
NIO_2016_UNNAMED_2_4_1_20160809_1800Z,NIO_2016_UNNAMED_2_4_1,TRAIN,2016-08-09T18:00:00+00:00,data/interim/gridsat/2016/gridsat_2016.08.09.03.npz,data/interim/gridsat/2016/gridsat_2016.08.09.06.npz,data/interim/gridsat/2016/gridsat_2016.08.09.09.npz,data/interim/gridsat/2016/gridsat_2016.08.09.12.npz,data/interim/gridsat/2016/gridsat_2016.08.09.15.npz,data/interim/gridsat/2016/gridsat_2016.08.09.18.npz,22.5,89.0,25.0,995.0,D,23.1,89.3,30.0,994.0,DD,23.6,88.5,30.0,994.0,DD,24.0,85.7,25.0,996.0,D
NIO_2016_UNNAMED_2_4_1_20160810_0000Z,NIO_2016_UNNAMED_2_4_1,TRAIN,2016-08-10T00:00:00+00:00,data/interim/gridsat/2016/gridsat_2016.08.09.09.npz,data/interim/gridsat/2016/gridsat_2016.08.09.12.npz,data/interim/gridsat/2016/gridsat_2016.08.09.15.npz,data/interim/gridsat/2016/gridsat_2016.08.09.18.npz,data/interim/gridsat/2016/gridsat_2016.08.09.21.npz,data/interim/gridsat/2016/gridsat_2016.08.10.00.npz,22.8,89.7,25.0,995.0,D,23.4,89.1,30.0,994.0,DD,23.8,87.8,30.0,994.0,DD,24.0,85.0,25.0,996.0,D
NIO_2016_UNNAMED_2_4_1_20160810_0600Z,NIO_2016_UNNAMED_2_4_1,TRAIN,2016-08-10T06:00:00+00:00,data/interim/gridsat/2016/gridsat_2016.08.09.15.npz,data/interim/gridsat/2016/gridsat_2016.08.09.18.npz,data/interim/gridsat/2016/gridsat_2016.08.09.21.npz,data/interim/gridsat/2016/gridsat_2016.08.10.00.npz,data/interim/gridsat/2016/gridsat_2016.08.10.03.npz,data/interim/gridsat/2016/gridsat_2016.08.10.06.npz,23.1,89.3,30.0,994.0,DD,23.6,88.5,30.0,994.0,DD,24.0,87.0,25.0,996.0,D,24.0,84.5,25.0,996.0,D
NIO_2016_UNNAMED_2_4_1_20160810_1200Z,NIO_2016_UNNAMED_2_4_1,TRAIN,2016-08-10T12:00:00+00:00,data/interim/gridsat/2016/gridsat_2016.08.09.21.npz,data/interim/gridsat/2016/gridsat_2016.08.10.00.npz,data/interim/gridsat/2016/gridsat_2016.08.10.03.npz,data/interim/gridsat/2016/gridsat_2016.08.10.06.npz,data/interim/gridsat/2016/gridsat_2016.08.10.09.npz,data/interim/gridsat/2016/gridsat_2016.08.10.12.npz,23.4,89.1,30.0,994.0,DD,23.8,87.8,30.0,994.0,DD,24.0,86.5,25.0,996.0,D,24.2,84.5,25.0,996.0,D
NIO_2016_UNNAMED_2_4_1_20160810_1800Z,NIO_2016_UNNAMED_2_4_1,TRAIN,2016-08-10T18:00:00+00:00,data/interim/gridsat/2016/gridsat_2016.08.10.03.npz,data/interim/gridsat/2016/gridsat_2016.08.10.06.npz,data/interim/gridsat/2016/gridsat_2016.08.10.09.npz,data/interim/gridsat/2016/gridsat_2016.08.10.12.npz,data/interim/gridsat/2016/gridsat_2016.08.10.15.npz,data/interim/gridsat/2016/gridsat_2016.08.10.18.npz,23.6,88.5,30.0,994.0,DD,24.0,87.0,25.0,996.0,D,24.0,85.7,25.0,996.0,D,24.4,84.0,20.0,996.0,D
NIO_2016_UNNAMED_2_5_1_20160816_1200Z,NIO_2016_UNNAMED_2_5_1,TRAIN,2016-08-16T12:00:00+00:00,data/interim/gridsat/2016/gridsat_2016.08.15.21.npz,data/interim/gridsat/2016/gridsat_2016.08.16.00.npz,data/interim/gridsat/2016/gridsat_2016.08.16.03.npz,data/interim/gridsat/2016/gridsat_2016.08.16.06.npz,data/interim/gridsat/2016/gridsat_2016.08.16.09.npz,data/interim/gridsat/2016/gridsat_2016.08.16.12.npz,21.0,89.0,20.0,996.0,D,21.4,88.4,20.0,996.0,D,22.0,88.2,25.0,994.0,DD,24.1,83.4,25.0,994.0,DD
NIO_2016_UNNAMED_2_5_1_20160816_1800Z,NIO_2016_UNNAMED_2_5_1,TRAIN,2016-08-16T18:00:00+00:00,data/interim/gridsat/2016/gridsat_2016.08.16.03.npz,data/interim/gridsat/2016/gridsat_2016.08.16.06.npz,data/interim/gridsat/2016/gridsat_2016.08.16.09.npz,data/interim/gridsat/2016/gridsat_2016.08.16.12.npz,data/interim/gridsat/2016/gridsat_2016.08.16.15.npz,data/interim/gridsat/2016/gridsat_2016.08.16.18.npz,21.2,88.7,20.0,996.0,D,21.5,88.5,20.0,996.0,D,22.9,86.9,25.0,994.0,DD,24.4,82.7,25.0,994.0,DD
NIO_2016_UNNAMED_2_5_1_20160817_0000Z,NIO_2016_UNNAMED_2_5_1,TRAIN,2016-08-17T00:00:00+00:00,data/interim/gridsat/2016/gridsat_2016.08.16.09.npz,data/interim/gridsat/2016/gridsat_2016.08.16.12.npz,data/interim/gridsat/2016/gridsat_2016.08.16.15.npz,data/interim/gridsat/2016/gridsat_2016.08.16.18.npz,data/interim/gridsat/2016/gridsat_2016.08.16.21.npz,data/interim/gridsat/2016/gridsat_2016.08.17.00.npz,21.4,88.4,20.0,996.0,D,22.0,88.2,25.0,994.0,DD,23.7,85.7,25.0,994.0,DD,24.7,82.1,25.0,994.0,DD
NIO_2016_UNNAMED_2_5_1_20160817_0600Z,NIO_2016_UNNAMED_2_5_1,TRAIN,2016-08-17T06:00:00+00:00,data/interim/gridsat/2016/gridsat_2016.08.16.15.npz,data/interim/gridsat/2016/gridsat_2016.08.16.18.npz,data/interim/gridsat/2016/gridsat_2016.08.16.21.npz,data/interim/gridsat/2016/gridsat_2016.08.17.00.npz,data/interim/gridsat/2016/gridsat_2016.08.17.03.npz,data/interim/gridsat/2016/gridsat_2016.08.17.06.npz,21.5,88.5,20.0,996.0,D,22.9,86.9,25.0,994.0,DD,24.0,84.4,25.0,994.0,DD,24.8,80.6,25.0,994.0,DD
NIO_2016_UNNAMED_2_5_1_20160817_1200Z,NIO_2016_UNNAMED_2_5_1,TRAIN,2016-08-17T12:00:00+00:00,data/interim/gridsat/2016/gridsat_2016.08.16.21.npz,data/interim/gridsat/2016/gridsat_2016.08.17.00.npz,data/interim/gridsat/2016/gridsat_2016.08.17.03.npz,data/interim/gridsat/2016/gridsat_2016.08.17.06.npz,data/interim/gridsat/2016/gridsat_2016.08.17.09.npz,data/interim/gridsat/2016/gridsat_2016.08.17.12.npz,22.0,88.2,25.0,994.0,DD,23.7,85.7,25.0,994.0,DD,24.1,83.4,25.0,994.0,DD,24.7,79.0,25.0,994.0,DD
NIO_2016_UNNAMED_2_5_1_20160817_1800Z,NIO_2016_UNNAMED_2_5_1,TRAIN,2016-08-17T18:00:00+00:00,data/interim/gridsat/2016/gridsat_2016.08.17.03.npz,data/interim/gridsat/2016/gridsat_2016.08.17.06.npz,data/interim/gridsat/2016/gridsat_2016.08.17.09.npz,data/interim/gridsat/2016/gridsat_2016.08.17.12.npz,data/interim/gridsat/2016/gridsat_2016.08.17.15.npz,data/interim/gridsat/2016/gridsat_2016.08.17.18.npz,22.9,86.9,25.0,994.0,DD,24.0,84.4,25.0,994.0,DD,24.4,82.7,25.0,994.0,DD,24.7,78.4,25.0,994.0,DD
NIO_2016_UNNAMED_2_5_1_20160818_0000Z,NIO_2016_UNNAMED_2_5_1,TRAIN,2016-08-18T00:00:00+00:00,data/interim/gridsat/2016/gridsat_2016.08.17.09.npz,data/interim/gridsat/2016/gridsat_2016.08.17.12.npz,data/interim/gridsat/2016/gridsat_2016.08.17.15.npz,data/interim/gridsat/2016/gridsat_2016.08.17.18.npz,data/interim/gridsat/2016/gridsat_2016.08.17.21.npz,data/interim/gridsat/2016/gridsat_2016.08.18.00.npz,23.7,85.7,25.0,994.0,DD,24.1,83.4,25.0,994.0,DD,24.7,82.1,25.0,994.0,DD,24.7,77.8,25.0,994.0,DD
NIO_2016_UNNAMED_2_5_1_20160818_0600Z,NIO_2016_UNNAMED_2_5_1,TRAIN,2016-08-18T06:00:00+00:00,data/interim/gridsat/2016/gridsat_2016.08.17.15.npz,data/interim/gridsat/2016/gridsat_2016.08.17.18.npz,data/interim/gridsat/2016/gridsat_2016.08.17.21.npz,data/interim/gridsat/2016/gridsat_2016.08.18.00.npz,data/interim/gridsat/2016/gridsat_2016.08.18.03.npz,data/interim/gridsat/2016/gridsat_2016.08.18.06.npz,24.0,84.4,25.0,994.0,DD,24.4,82.7,25.0,994.0,DD,24.8,80.6,25.0,994.0,DD,24.8,77.3,25.0,994.0,DD
NIO_2016_UNNAMED_2_5_1_20160818_1200Z,NIO_2016_UNNAMED_2_5_1,TRAIN,2016-08-18T12:00:00+00:00,data/interim/gridsat/2016/gridsat_2016.08.17.21.npz,data/interim/gridsat/2016/gridsat_2016.08.18.00.npz,data/interim/gridsat/2016/gridsat_2016.08.18.03.npz,data/interim/gridsat/2016/gridsat_2016.08.18.06.npz,data/interim/gridsat/2016/gridsat_2016.08.18.09.npz,data/interim/gridsat/2016/gridsat_2016.08.18.12.npz,24.1,83.4,25.0,994.0,DD,24.7,82.1,25.0,994.0,DD,24.7,79.0,25.0,994.0,DD,24.8,77.2,20.0,994.0,D
NIO_2016_UNNAMED_2_5_1_20160818_1800Z,NIO_2016_UNNAMED_2_5_1,TRAIN,2016-08-18T18:00:00+00:00,data/interim/gridsat/2016/gridsat_2016.08.18.03.npz,data/interim/gridsat/2016/gridsat_2016.08.18.06.npz,data/interim/gridsat/2016/gridsat_2016.08.18.09.npz,data/interim/gridsat/2016/gridsat_2016.08.18.12.npz,data/interim/gridsat/2016/gridsat_2016.08.18.15.npz,data/interim/gridsat/2016/gridsat_2016.08.18.18.npz,24.4,82.7,25.0,994.0,DD,24.8,80.6,25.0,994.0,DD,24.7,78.4,25.0,994.0,DD,25.0,76.5,15.0,996.0,D
NIO_2016_UNNAMED_2_7_1_20161103_1200Z,NIO_2016_UNNAMED_2_7_1,TRAIN,2016-11-03T12:00:00+00:00,data/interim/gridsat/2016/gridsat_2016.11.02.21.npz,data/interim/gridsat/2016/gridsat_2016.11.03.00.npz,data/interim/gridsat/2016/gridsat_2016.11.03.03.npz,data/interim/gridsat/2016/gridsat_2016.11.03.06.npz,data/interim/gridsat/2016/gridsat_2016.11.03.09.npz,data/interim/gridsat/2016/gridsat_2016.11.03.12.npz,14.2,85.5,20.0,996.0,D,15.5,85.0,20.0,996.0,D,16.3,84.7,20.0,996.0,D,19.0,88.7,20.0,996.0,D
NIO_2016_UNNAMED_2_8_1_20161129_1200Z,NIO_2016_UNNAMED_2_8_1,TRAIN,2016-11-29T12:00:00+00:00,data/interim/gridsat/2016/gridsat_2016.11.28.21.npz,data/interim/gridsat/2016/gridsat_2016.11.29.00.npz,data/interim/gridsat/2016/gridsat_2016.11.29.03.npz,data/interim/gridsat/2016/gridsat_2016.11.29.06.npz,data/interim/gridsat/2016/gridsat_2016.11.29.09.npz,data/interim/gridsat/2016/gridsat_2016.11.29.12.npz,6.5,87.5,20.0,996.0,D,7.8,85.7,30.0,994.0,DD,9.8,84.0,40.0,988.0,CS,10.7,80.7,30.0,994.0,DD
NIO_2016_UNNAMED_2_8_1_20161129_1500Z,NIO_2016_UNNAMED_2_8_1,TRAIN,2016-11-29T15:00:00+00:00,data/interim/gridsat/2016/gridsat_2016.11.29.00.npz,data/interim/gridsat/2016/gridsat_2016.11.29.03.npz,data/interim/gridsat/2016/gridsat_2016.11.29.06.npz,data/interim/gridsat/2016/gridsat_2016.11.29.09.npz,data/interim/gridsat/2016/gridsat_2016.11.29.12.npz,data/interim/gridsat/2016/gridsat_2016.11.29.15.npz,6.8,87.1,20.0,996.0,D,8.2,85.3,40.0,988.0,CS,9.9,83.5,40.0,988.0,CS,10.8,80.5,30.0,994.0,DD
NIO_2017_MORA_20170528_0000Z,NIO_2017_MORA,TRAIN,2017-05-28T00:00:00+00:00,data/interim/gridsat/2017/gridsat_2017.05.27.09.npz,data/interim/gridsat/2017/gridsat_2017.05.27.12.npz,data/interim/gridsat/2017/gridsat_2017.05.27.15.npz,data/interim/gridsat/2017/gridsat_2017.05.27.18.npz,data/interim/gridsat/2017/gridsat_2017.05.27.21.npz,data/interim/gridsat/2017/gridsat_2017.05.28.00.npz,14.0,88.5,25.0,998.0,D,15.7,90.7,30.0,995.0,DD,17.0,91.3,45.0,990.0,CS,21.1,91.8,60.0,978.0,SCS
NIO_2017_MORA_20170528_0300Z,NIO_2017_MORA,TRAIN,2017-05-28T03:00:00+00:00,data/interim/gridsat/2017/gridsat_2017.05.27.12.npz,data/interim/gridsat/2017/gridsat_2017.05.27.15.npz,data/interim/gridsat/2017/gridsat_2017.05.27.18.npz,data/interim/gridsat/2017/gridsat_2017.05.27.21.npz,data/interim/gridsat/2017/gridsat_2017.05.28.00.npz,data/interim/gridsat/2017/gridsat_2017.05.28.03.npz,14.5,89.5,25.0,998.0,D,16.0,91.0,35.0,994.0,CS,17.3,91.3,45.0,990.0,CS,21.8,91.9,60.0,978.0,SCS
NIO_2017_MORA_20170528_0600Z,NIO_2017_MORA,TRAIN,2017-05-28T06:00:00+00:00,data/interim/gridsat/2017/gridsat_2017.05.27.15.npz,data/interim/gridsat/2017/gridsat_2017.05.27.18.npz,data/interim/gridsat/2017/gridsat_2017.05.27.21.npz,data/interim/gridsat/2017/gridsat_2017.05.28.00.npz,data/interim/gridsat/2017/gridsat_2017.05.28.03.npz,data/interim/gridsat/2017/gridsat_2017.05.28.06.npz,15.0,90.0,25.0,997.0,D,16.3,91.2,35.0,994.0,CS,17.8,91.4,45.0,988.0,CS,22.8,91.9,55.0,982.0,SCS
NIO_2017_MORA_20170528_0900Z,NIO_2017_MORA,TRAIN,2017-05-28T09:00:00+00:00,data/interim/gridsat/2017/gridsat_2017.05.27.18.npz,data/interim/gridsat/2017/gridsat_2017.05.27.21.npz,data/interim/gridsat/2017/gridsat_2017.05.28.00.npz,data/interim/gridsat/2017/gridsat_2017.05.28.03.npz,data/interim/gridsat/2017/gridsat_2017.05.28.06.npz,data/interim/gridsat/2017/gridsat_2017.05.28.09.npz,15.4,90.5,30.0,996.0,DD,16.6,91.3,40.0,992.0,CS,18.3,91.5,45.0,986.0,CS,23.6,92.1,40.0,988.0,CS
NIO_2017_MORA_20170528_1200Z,NIO_2017_MORA,TRAIN,2017-05-28T12:00:00+00:00,data/interim/gridsat/2017/gridsat_2017.05.27.21.npz,data/interim/gridsat/2017/gridsat_2017.05.28.00.npz,data/interim/gridsat/2017/gridsat_2017.05.28.03.npz,data/interim/gridsat/2017/gridsat_2017.05.28.06.npz,data/interim/gridsat/2017/gridsat_2017.05.28.09.npz,data/interim/gridsat/2017/gridsat_2017.05.28.12.npz,15.7,90.7,30.0,995.0,DD,17.0,91.3,45.0,990.0,CS,18.6,91.5,50.0,984.0,SCS,24.2,92.2,30.0,990.0,DD
NIO_2017_MORA_20170528_1800Z,NIO_2017_MORA,TRAIN,2017-05-28T18:00:00+00:00,data/interim/gridsat/2017/gridsat_2017.05.28.03.npz,data/interim/gridsat/2017/gridsat_2017.05.28.06.npz,data/interim/gridsat/2017/gridsat_2017.05.28.09.npz,data/interim/gridsat/2017/gridsat_2017.05.28.12.npz,data/interim/gridsat/2017/gridsat_2017.05.28.15.npz,data/interim/gridsat/2017/gridsat_2017.05.28.18.npz,16.3,91.2,35.0,994.0,CS,17.8,91.4,45.0,988.0,CS,20.0,91.6,55.0,980.0,SCS,25.3,92.4,20.0,994.0,D
NIO_2017_OCKHI_20171129_0600Z,NIO_2017_OCKHI,TRAIN,2017-11-29T06:00:00+00:00,data/interim/gridsat/2017/gridsat_2017.11.28.15.npz,data/interim/gridsat/2017/gridsat_2017.11.28.18.npz,data/interim/gridsat/2017/gridsat_2017.11.28.21.npz,data/interim/gridsat/2017/gridsat_2017.11.29.00.npz,data/interim/gridsat/2017/gridsat_2017.11.29.03.npz,data/interim/gridsat/2017/gridsat_2017.11.29.06.npz,6.5,80.4,25.0,1004.0,D,6.3,79.2,25.0,1002.0,D,7.8,76.9,40.0,998.0,CS,9.0,73.4,60.0,989.0,SCS
NIO_2017_OCKHI_20171129_1200Z,NIO_2017_OCKHI,TRAIN,2017-11-29T12:00:00+00:00,data/interim/gridsat/2017/gridsat_2017.11.28.21.npz,data/interim/gridsat/2017/gridsat_2017.11.29.00.npz,data/interim/gridsat/2017/gridsat_2017.11.29.03.npz,data/interim/gridsat/2017/gridsat_2017.11.29.06.npz,data/interim/gridsat/2017/gridsat_2017.11.29.09.npz,data/interim/gridsat/2017/gridsat_2017.11.29.12.npz,6.2,80.0,25.0,1002.0,D,6.7,78.3,30.0,1000.0,DD,8.2,75.8,45.0,996.0,CS,9.2,72.8,65.0,986.0,VSCS
NIO_2017_OCKHI_20171129_1800Z,NIO_2017_OCKHI,TRAIN,2017-11-29T18:00:00+00:00,data/interim/gridsat/2017/gridsat_2017.11.29.03.npz,data/interim/gridsat/2017/gridsat_2017.11.29.06.npz,data/interim/gridsat/2017/gridsat_2017.11.29.09.npz,data/interim/gridsat/2017/gridsat_2017.11.29.12.npz,data/interim/gridsat/2017/gridsat_2017.11.29.15.npz,data/interim/gridsat/2017/gridsat_2017.11.29.18.npz,6.3,79.2,25.0,1002.0,D,7.8,76.9,40.0,998.0,CS,8.5,74.9,45.0,994.0,CS,9.4,72.1,70.0,982.0,VSCS
NIO_2017_UNNAMED_2_10_1_20171206_0600Z,NIO_2017_UNNAMED_2_10_1,TRAIN,2017-12-06T06:00:00+00:00,data/interim/gridsat/2017/gridsat_2017.12.05.15.npz,data/interim/gridsat/2017/gridsat_2017.12.05.18.npz,data/interim/gridsat/2017/gridsat_2017.12.05.21.npz,data/interim/gridsat/2017/gridsat_2017.12.06.00.npz,data/interim/gridsat/2017/gridsat_2017.12.06.03.npz,data/interim/gridsat/2017/gridsat_2017.12.06.06.npz,8.8,88.3,25.0,1004.0,D,10.0,88.0,25.0,1004.0,D,12.2,87.9,25.0,1004.0,D,15.5,86.7,30.0,1002.0,DD
NIO_2017_UNNAMED_2_10_1_20171206_1200Z,NIO_2017_UNNAMED_2_10_1,TRAIN,2017-12-06T12:00:00+00:00,data/interim/gridsat/2017/gridsat_2017.12.05.21.npz,data/interim/gridsat/2017/gridsat_2017.12.06.00.npz,data/interim/gridsat/2017/gridsat_2017.12.06.03.npz,data/interim/gridsat/2017/gridsat_2017.12.06.06.npz,data/interim/gridsat/2017/gridsat_2017.12.06.09.npz,data/interim/gridsat/2017/gridsat_2017.12.06.12.npz,9.8,88.0,25.0,1004.0,D,11.1,88.0,25.0,1004.0,D,12.8,87.7,25.0,1004.0,D,16.5,86.3,30.0,1002.0,DD
NIO_2017_UNNAMED_2_10_1_20171206_1800Z,NIO_2017_UNNAMED_2_10_1,TRAIN,2017-12-06T18:00:00+00:00,data/interim/gridsat/2017/gridsat_2017.12.06.03.npz,data/interim/gridsat/2017/gridsat_2017.12.06.06.npz,data/interim/gridsat/2017/gridsat_2017.12.06.09.npz,data/interim/gridsat/2017/gridsat_2017.12.06.12.npz,data/interim/gridsat/2017/gridsat_2017.12.06.15.npz,data/interim/gridsat/2017/gridsat_2017.12.06.18.npz,10.0,88.0,25.0,1004.0,D,12.2,87.9,25.0,1004.0,D,13.4,87.6,25.0,1004.0,D,18.0,86.2,25.0,1004.0,D
NIO_2017_UNNAMED_2_10_1_20171207_0000Z,NIO_2017_UNNAMED_2_10_1,TRAIN,2017-12-07T00:00:00+00:00,data/interim/gridsat/2017/gridsat_2017.12.06.09.npz,data/interim/gridsat/2017/gridsat_2017.12.06.12.npz,data/interim/gridsat/2017/gridsat_2017.12.06.15.npz,data/interim/gridsat/2017/gridsat_2017.12.06.18.npz,data/interim/gridsat/2017/gridsat_2017.12.06.21.npz,data/interim/gridsat/2017/gridsat_2017.12.07.00.npz,11.1,88.0,25.0,1004.0,D,12.8,87.7,25.0,1004.0,D,14.3,87.0,30.0,1002.0,DD,19.0,86.3,25.0,1004.0,D
NIO_2017_UNNAMED_2_10_1_20171207_0600Z,NIO_2017_UNNAMED_2_10_1,TRAIN,2017-12-07T06:00:00+00:00,data/interim/gridsat/2017/gridsat_2017.12.06.15.npz,data/interim/gridsat/2017/gridsat_2017.12.06.18.npz,data/interim/gridsat/2017/gridsat_2017.12.06.21.npz,data/interim/gridsat/2017/gridsat_2017.12.07.00.npz,data/interim/gridsat/2017/gridsat_2017.12.07.03.npz,data/interim/gridsat/2017/gridsat_2017.12.07.06.npz,12.2,87.9,25.0,1004.0,D,13.4,87.6,25.0,1004.0,D,15.5,86.7,30.0,1002.0,DD,19.5,86.7,25.0,1004.0,D
NIO_2018_DAYE_20180919_1800Z,NIO_2018_DAYE,TRAIN,2018-09-19T18:00:00+00:00,data/interim/gridsat/2018/gridsat_2018.09.19.03.npz,data/interim/gridsat/2018/gridsat_2018.09.19.06.npz,data/interim/gridsat/2018/gridsat_2018.09.19.09.npz,data/interim/gridsat/2018/gridsat_2018.09.19.12.npz,data/interim/gridsat/2018/gridsat_2018.09.19.15.npz,data/interim/gridsat/2018/gridsat_2018.09.19.18.npz,17.4,88.8,25.0,996.0,D,17.6,86.8,30.0,995.0,DD,19.2,85.0,35.0,992.0,CS,21.4,78.7,25.0,996.0,D
NIO_2018_DAYE_20180920_0000Z,NIO_2018_DAYE,TRAIN,2018-09-20T00:00:00+00:00,data/interim/gridsat/2018/gridsat_2018.09.19.09.npz,data/interim/gridsat/2018/gridsat_2018.09.19.12.npz,data/interim/gridsat/2018/gridsat_2018.09.19.15.npz,data/interim/gridsat/2018/gridsat_2018.09.19.18.npz,data/interim/gridsat/2018/gridsat_2018.09.19.21.npz,data/interim/gridsat/2018/gridsat_2018.09.20.00.npz,17.5,87.5,25.0,996.0,D,18.4,85.8,30.0,994.0,DD,20.0,83.7,30.0,994.0,DD,22.3,76.9,25.0,997.0,D
NIO_2018_DAYE_20180920_0300Z,NIO_2018_DAYE,TRAIN,2018-09-20T03:00:00+00:00,data/interim/gridsat/2018/gridsat_2018.09.19.12.npz,data/interim/gridsat/2018/gridsat_2018.09.19.15.npz,data/interim/gridsat/2018/gridsat_2018.09.19.18.npz,data/interim/gridsat/2018/gridsat_2018.09.19.21.npz,data/interim/gridsat/2018/gridsat_2018.09.20.00.npz,data/interim/gridsat/2018/gridsat_2018.09.20.03.npz,17.5,87.0,30.0,995.0,DD,18.7,85.6,35.0,992.0,CS,20.5,82.5,30.0,994.0,DD,22.9,76.3,20.0,998.0,D
NIO_2018_DAYE_20180920_0600Z,NIO_2018_DAYE,TRAIN,2018-09-20T06:00:00+00:00,data/interim/gridsat/2018/gridsat_2018.09.19.15.npz,data/interim/gridsat/2018/gridsat_2018.09.19.18.npz,data/interim/gridsat/2018/gridsat_2018.09.19.21.npz,data/interim/gridsat/2018/gridsat_2018.09.20.00.npz,data/interim/gridsat/2018/gridsat_2018.09.20.03.npz,data/interim/gridsat/2018/gridsat_2018.09.20.06.npz,17.6,86.8,30.0,995.0,DD,19.2,85.0,35.0,992.0,CS,21.0,81.4,30.0,995.0,DD,22.9,76.3,20.0,999.0,D
NIO_2018_LUBAN_20181006_1200Z,NIO_2018_LUBAN,TRAIN,2018-10-06T12:00:00+00:00,data/interim/gridsat/2018/gridsat_2018.10.05.21.npz,data/interim/gridsat/2018/gridsat_2018.10.06.00.npz,data/interim/gridsat/2018/gridsat_2018.10.06.03.npz,data/interim/gridsat/2018/gridsat_2018.10.06.06.npz,data/interim/gridsat/2018/gridsat_2018.10.06.09.npz,data/interim/gridsat/2018/gridsat_2018.10.06.12.npz,11.3,66.9,25.0,1002.0,D,11.9,65.8,25.0,1002.0,D,12.1,64.3,30.0,1001.0,DD,12.5,61.0,45.0,996.0,CS
NIO_2018_LUBAN_20181006_1800Z,NIO_2018_LUBAN,TRAIN,2018-10-06T18:00:00+00:00,data/interim/gridsat/2018/gridsat_2018.10.06.03.npz,data/interim/gridsat/2018/gridsat_2018.10.06.06.npz,data/interim/gridsat/2018/gridsat_2018.10.06.09.npz,data/interim/gridsat/2018/gridsat_2018.10.06.12.npz,data/interim/gridsat/2018/gridsat_2018.10.06.15.npz,data/interim/gridsat/2018/gridsat_2018.10.06.18.npz,11.6,66.5,25.0,1002.0,D,12.0,65.4,25.0,1002.0,D,12.2,63.5,30.0,1000.0,DD,12.7,60.5,45.0,994.0,CS
NIO_2018_LUBAN_20181007_0000Z,NIO_2018_LUBAN,TRAIN,2018-10-07T00:00:00+00:00,data/interim/gridsat/2018/gridsat_2018.10.06.09.npz,data/interim/gridsat/2018/gridsat_2018.10.06.12.npz,data/interim/gridsat/2018/gridsat_2018.10.06.15.npz,data/interim/gridsat/2018/gridsat_2018.10.06.18.npz,data/interim/gridsat/2018/gridsat_2018.10.06.21.npz,data/interim/gridsat/2018/gridsat_2018.10.07.00.npz,11.9,65.8,25.0,1002.0,D,12.1,64.3,30.0,1001.0,DD,12.3,62.4,35.0,999.0,CS,12.9,60.2,45.0,994.0,CS
NIO_2018_LUBAN_20181007_0600Z,NIO_2018_LUBAN,TRAIN,2018-10-07T06:00:00+00:00,data/interim/gridsat/2018/gridsat_2018.10.06.15.npz,data/interim/gridsat/2018/gridsat_2018.10.06.18.npz,data/interim/gridsat/2018/gridsat_2018.10.06.21.npz,data/interim/gridsat/2018/gridsat_2018.10.07.00.npz,data/interim/gridsat/2018/gridsat_2018.10.07.03.npz,data/interim/gridsat/2018/gridsat_2018.10.07.06.npz,12.0,65.4,25.0,1002.0,D,12.2,63.5,30.0,1000.0,DD,12.4,61.8,40.0,997.0,CS,13.1,60.1,45.0,994.0,CS
NIO_2018_LUBAN_20181007_1200Z,NIO_2018_LUBAN,TRAIN,2018-10-07T12:00:00+00:00,data/interim/gridsat/2018/gridsat_2018.10.06.21.npz,data/interim/gridsat/2018/gridsat_2018.10.07.00.npz,data/interim/gridsat/2018/gridsat_2018.10.07.03.npz,data/interim/gridsat/2018/gridsat_2018.10.07.06.npz,data/interim/gridsat/2018/gridsat_2018.10.07.09.npz,data/interim/gridsat/2018/gridsat_2018.10.07.12.npz,12.1,64.3,30.0,1001.0,DD,12.3,62.4,35.0,999.0,CS,12.5,61.0,45.0,996.0,CS,13.3,59.7,55.0,990.0,SCS
NIO_2018_LUBAN_20181007_1800Z,NIO_2018_LUBAN,TRAIN,2018-10-07T18:00:00+00:00,data/interim/gridsat/2018/gridsat_2018.10.07.03.npz,data/interim/gridsat/2018/gridsat_2018.10.07.06.npz,data/interim/gridsat/2018/gridsat_2018.10.07.09.npz,data/interim/gridsat/2018/gridsat_2018.10.07.12.npz,data/interim/gridsat/2018/gridsat_2018.10.07.15.npz,data/interim/gridsat/2018/gridsat_2018.10.07.18.npz,12.2,63.5,30.0,1000.0,DD,12.4,61.8,40.0,997.0,CS,12.7,60.5,45.0,994.0,CS,13.5,59.3,55.0,990.0,SCS
NIO_2018_LUBAN_20181008_0000Z,NIO_2018_LUBAN,TRAIN,2018-10-08T00:00:00+00:00,data/interim/gridsat/2018/gridsat_2018.10.07.09.npz,data/interim/gridsat/2018/gridsat_2018.10.07.12.npz,data/interim/gridsat/2018/gridsat_2018.10.07.15.npz,data/interim/gridsat/2018/gridsat_2018.10.07.18.npz,data/interim/gridsat/2018/gridsat_2018.10.07.21.npz,data/interim/gridsat/2018/gridsat_2018.10.08.00.npz,12.3,62.4,35.0,999.0,CS,12.5,61.0,45.0,996.0,CS,12.9,60.2,45.0,994.0,CS,14.1,59.0,65.0,985.0,VSCS
NIO_2018_LUBAN_20181008_0300Z,NIO_2018_LUBAN,TRAIN,2018-10-08T03:00:00+00:00,data/interim/gridsat/2018/gridsat_2018.10.07.12.npz,data/interim/gridsat/2018/gridsat_2018.10.07.15.npz,data/interim/gridsat/2018/gridsat_2018.10.07.18.npz,data/interim/gridsat/2018/gridsat_2018.10.07.21.npz,data/interim/gridsat/2018/gridsat_2018.10.08.00.npz,data/interim/gridsat/2018/gridsat_2018.10.08.03.npz,12.4,62.0,40.0,998.0,CS,12.6,60.8,45.0,996.0,CS,13.0,60.1,45.0,994.0,CS,14.1,59.0,65.0,984.0,VSCS
NIO_2018_LUBAN_20181008_0600Z,NIO_2018_LUBAN,TRAIN,2018-10-08T06:00:00+00:00,data/interim/gridsat/2018/gridsat_2018.10.07.15.npz,data/interim/gridsat/2018/gridsat_2018.10.07.18.npz,data/interim/gridsat/2018/gridsat_2018.10.07.21.npz,data/interim/gridsat/2018/gridsat_2018.10.08.00.npz,data/interim/gridsat/2018/gridsat_2018.10.08.03.npz,data/interim/gridsat/2018/gridsat_2018.10.08.06.npz,12.4,61.8,40.0,997.0,CS,12.7,60.5,45.0,994.0,CS,13.1,60.1,45.0,994.0,CS,14.2,58.9,75.0,978.0,VSCS
NIO_2018_LUBAN_20181008_0900Z,NIO_2018_LUBAN,TRAIN,2018-10-08T09:00:00+00:00,data/interim/gridsat/2018/gridsat_2018.10.07.18.npz,data/interim/gridsat/2018/gridsat_2018.10.07.21.npz,data/interim/gridsat/2018/gridsat_2018.10.08.00.npz,data/interim/gridsat/2018/gridsat_2018.10.08.03.npz,data/interim/gridsat/2018/gridsat_2018.10.08.06.npz,data/interim/gridsat/2018/gridsat_2018.10.08.09.npz,12.5,61.5,45.0,996.0,CS,12.8,60.2,45.0,994.0,CS,13.2,60.0,50.0,992.0,SCS,14.4,58.7,75.0,978.0,VSCS
NIO_2018_LUBAN_20181008_1200Z,NIO_2018_LUBAN,TRAIN,2018-10-08T12:00:00+00:00,data/interim/gridsat/2018/gridsat_2018.10.07.21.npz,data/interim/gridsat/2018/gridsat_2018.10.08.00.npz,data/interim/gridsat/2018/gridsat_2018.10.08.03.npz,data/interim/gridsat/2018/gridsat_2018.10.08.06.npz,data/interim/gridsat/2018/gridsat_2018.10.08.09.npz,data/interim/gridsat/2018/gridsat_2018.10.08.12.npz,12.5,61.0,45.0,996.0,CS,12.9,60.2,45.0,994.0,CS,13.3,59.7,55.0,990.0,SCS,14.4,58.6,75.0,978.0,VSCS
NIO_2018_LUBAN_20181008_1500Z,NIO_2018_LUBAN,TRAIN,2018-10-08T15:00:00+00:00,data/interim/gridsat/2018/gridsat_2018.10.08.00.npz,data/interim/gridsat/2018/gridsat_2018.10.08.03.npz,data/interim/gridsat/2018/gridsat_2018.10.08.06.npz,data/interim/gridsat/2018/gridsat_2018.10.08.09.npz,data/interim/gridsat/2018/gridsat_2018.10.08.12.npz,data/interim/gridsat/2018/gridsat_2018.10.08.15.npz,12.6,60.8,45.0,996.0,CS,13.0,60.1,45.0,994.0,CS,13.4,59.5,55.0,990.0,SCS,14.5,58.5,75.0,978.0,VSCS
NIO_2018_LUBAN_20181008_1800Z,NIO_2018_LUBAN,TRAIN,2018-10-08T18:00:00+00:00,data/interim/gridsat/2018/gridsat_2018.10.08.03.npz,data/interim/gridsat/2018/gridsat_2018.10.08.06.npz,data/interim/gridsat/2018/gridsat_2018.10.08.09.npz,data/interim/gridsat/2018/gridsat_2018.10.08.12.npz,data/interim/gridsat/2018/gridsat_2018.10.08.15.npz,data/interim/gridsat/2018/gridsat_2018.10.08.18.npz,12.7,60.5,45.0,994.0,CS,13.1,60.1,45.0,994.0,CS,13.5,59.3,55.0,990.0,SCS,14.6,58.4,75.0,978.0,VSCS
NIO_2018_LUBAN_20181008_2100Z,NIO_2018_LUBAN,TRAIN,2018-10-08T21:00:00+00:00,data/interim/gridsat/2018/gridsat_2018.10.08.06.npz,data/interim/gridsat/2018/gridsat_2018.10.08.09.npz,data/interim/gridsat/2018/gridsat_2018.10.08.12.npz,data/interim/gridsat/2018/gridsat_2018.10.08.15.npz,data/interim/gridsat/2018/gridsat_2018.10.08.18.npz,data/interim/gridsat/2018/gridsat_2018.10.08.21.npz,12.8,60.2,45.0,994.0,CS,13.2,60.0,50.0,992.0,SCS,13.6,59.1,60.0,988.0,SCS,14.6,58.4,75.0,978.0,VSCS
NIO_2018_MEKUNU_20180521_1200Z,NIO_2018_MEKUNU,TRAIN,2018-05-21T12:00:00+00:00,data/interim/gridsat/2018/gridsat_2018.05.20.21.npz,data/interim/gridsat/2018/gridsat_2018.05.21.00.npz,data/interim/gridsat/2018/gridsat_2018.05.21.03.npz,data/interim/gridsat/2018/gridsat_2018.05.21.06.npz,data/interim/gridsat/2018/gridsat_2018.05.21.09.npz,data/interim/gridsat/2018/gridsat_2018.05.21.12.npz,8.5,58.5,25.0,1004.0,D,9.0,57.5,25.0,1002.0,D,10.2,56.8,35.0,998.0,CS,12.0,55.9,65.0,978.0,VSCS
NIO_2018_MEKUNU_20180521_1800Z,NIO_2018_MEKUNU,TRAIN,2018-05-21T18:00:00+00:00,data/interim/gridsat/2018/gridsat_2018.05.21.03.npz,data/interim/gridsat/2018/gridsat_2018.05.21.06.npz,data/interim/gridsat/2018/gridsat_2018.05.21.09.npz,data/interim/gridsat/2018/gridsat_2018.05.21.12.npz,data/interim/gridsat/2018/gridsat_2018.05.21.15.npz,data/interim/gridsat/2018/gridsat_2018.05.21.18.npz,8.7,58.0,25.0,1003.0,D,9.5,57.0,30.0,1000.0,DD,10.7,56.4,40.0,996.0,CS,12.5,55.8,70.0,976.0,VSCS
NIO_2018_MEKUNU_20180522_0000Z,NIO_2018_MEKUNU,TRAIN,2018-05-22T00:00:00+00:00,data/interim/gridsat/2018/gridsat_2018.05.21.09.npz,data/interim/gridsat/2018/gridsat_2018.05.21.12.npz,data/interim/gridsat/2018/gridsat_2018.05.21.15.npz,data/interim/gridsat/2018/gridsat_2018.05.21.18.npz,data/interim/gridsat/2018/gridsat_2018.05.21.21.npz,data/interim/gridsat/2018/gridsat_2018.05.22.00.npz,9.0,57.5,25.0,1002.0,D,10.2,56.8,35.0,998.0,CS,11.0,56.0,45.0,994.0,CS,13.0,55.6,70.0,974.0,VSCS
NIO_2018_MEKUNU_20180522_0300Z,NIO_2018_MEKUNU,TRAIN,2018-05-22T03:00:00+00:00,data/interim/gridsat/2018/gridsat_2018.05.21.12.npz,data/interim/gridsat/2018/gridsat_2018.05.21.15.npz,data/interim/gridsat/2018/gridsat_2018.05.21.18.npz,data/interim/gridsat/2018/gridsat_2018.05.21.21.npz,data/interim/gridsat/2018/gridsat_2018.05.22.00.npz,data/interim/gridsat/2018/gridsat_2018.05.22.03.npz,9.2,57.2,30.0,1001.0,DD,10.5,56.7,35.0,998.0,CS,11.2,55.9,55.0,984.0,SCS,13.3,55.4,75.0,972.0,VSCS
NIO_2018_MEKUNU_20180522_0600Z,NIO_2018_MEKUNU,TRAIN,2018-05-22T06:00:00+00:00,data/interim/gridsat/2018/gridsat_2018.05.21.15.npz,data/interim/gridsat/2018/gridsat_2018.05.21.18.npz,data/interim/gridsat/2018/gridsat_2018.05.21.21.npz,data/interim/gridsat/2018/gridsat_2018.05.22.00.npz,data/interim/gridsat/2018/gridsat_2018.05.22.03.npz,data/interim/gridsat/2018/gridsat_2018.05.22.06.npz,9.5,57.0,30.0,1000.0,DD,10.7,56.4,40.0,996.0,CS,11.4,55.9,60.0,980.0,SCS,13.7,55.3,80.0,970.0,VSCS
NIO_2018_MEKUNU_20180522_1200Z,NIO_2018_MEKUNU,TRAIN,2018-05-22T12:00:00+00:00,data/interim/gridsat/2018/gridsat_2018.05.21.21.npz,data/interim/gridsat/2018/gridsat_2018.05.22.00.npz,data/interim/gridsat/2018/gridsat_2018.05.22.03.npz,data/interim/gridsat/2018/gridsat_2018.05.22.06.npz,data/interim/gridsat/2018/gridsat_2018.05.22.09.npz,data/interim/gridsat/2018/gridsat_2018.05.22.12.npz,10.2,56.8,35.0,998.0,CS,11.0,56.0,45.0,994.0,CS,12.0,55.9,65.0,978.0,VSCS,14.3,55.2,80.0,970.0,VSCS
NIO_2018_MEKUNU_20180522_1500Z,NIO_2018_MEKUNU,TRAIN,2018-05-22T15:00:00+00:00,data/interim/gridsat/2018/gridsat_2018.05.22.00.npz,data/interim/gridsat/2018/gridsat_2018.05.22.03.npz,data/interim/gridsat/2018/gridsat_2018.05.22.06.npz,data/interim/gridsat/2018/gridsat_2018.05.22.09.npz,data/interim/gridsat/2018/gridsat_2018.05.22.12.npz,data/interim/gridsat/2018/gridsat_2018.05.22.15.npz,10.5,56.7,35.0,998.0,CS,11.2,55.9,55.0,984.0,SCS,12.3,55.9,70.0,976.0,VSCS,14.6,55.1,80.0,970.0,VSCS
NIO_2018_MEKUNU_20180522_1800Z,NIO_2018_MEKUNU,TRAIN,2018-05-22T18:00:00+00:00,data/interim/gridsat/2018/gridsat_2018.05.22.03.npz,data/interim/gridsat/2018/gridsat_2018.05.22.06.npz,data/interim/gridsat/2018/gridsat_2018.05.22.09.npz,data/interim/gridsat/2018/gridsat_2018.05.22.12.npz,data/interim/gridsat/2018/gridsat_2018.05.22.15.npz,data/interim/gridsat/2018/gridsat_2018.05.22.18.npz,10.7,56.4,40.0,996.0,CS,11.4,55.9,60.0,980.0,SCS,12.5,55.8,70.0,976.0,VSCS,14.9,54.9,80.0,970.0,VSCS
NIO_2018_MEKUNU_20180522_2100Z,NIO_2018_MEKUNU,TRAIN,2018-05-22T21:00:00+00:00,data/interim/gridsat/2018/gridsat_2018.05.22.06.npz,data/interim/gridsat/2018/gridsat_2018.05.22.09.npz,data/interim/gridsat/2018/gridsat_2018.05.22.12.npz,data/interim/gridsat/2018/gridsat_2018.05.22.15.npz,data/interim/gridsat/2018/gridsat_2018.05.22.18.npz,data/interim/gridsat/2018/gridsat_2018.05.22.21.npz,10.8,56.2,40.0,996.0,CS,11.8,55.9,65.0,978.0,VSCS,12.8,55.7,70.0,976.0,VSCS,15.1,54.7,80.0,970.0,VSCS
NIO_2018_MEKUNU_20180523_0000Z,NIO_2018_MEKUNU,TRAIN,2018-05-23T00:00:00+00:00,data/interim/gridsat/2018/gridsat_2018.05.22.09.npz,data/interim/gridsat/2018/gridsat_2018.05.22.12.npz,data/interim/gridsat/2018/gridsat_2018.05.22.15.npz,data/interim/gridsat/2018/gridsat_2018.05.22.18.npz,data/interim/gridsat/2018/gridsat_2018.05.22.21.npz,data/interim/gridsat/2018/gridsat_2018.05.23.00.npz,11.0,56.0,45.0,994.0,CS,12.0,55.9,65.0,978.0,VSCS,13.0,55.6,70.0,974.0,VSCS,15.2,54.5,85.0,968.0,VSCS
NIO_2018_MEKUNU_20180523_0300Z,NIO_2018_MEKUNU,TRAIN,2018-05-23T03:00:00+00:00,data/interim/gridsat/2018/gridsat_2018.05.22.12.npz,data/interim/gridsat/2018/gridsat_2018.05.22.15.npz,data/interim/gridsat/2018/gridsat_2018.05.22.18.npz,data/interim/gridsat/2018/gridsat_2018.05.22.21.npz,data/interim/gridsat/2018/gridsat_2018.05.23.00.npz,data/interim/gridsat/2018/gridsat_2018.05.23.03.npz,11.2,55.9,55.0,984.0,SCS,12.3,55.9,70.0,976.0,VSCS,13.3,55.4,75.0,972.0,VSCS,15.4,54.5,90.0,964.0,ESCS
NIO_2018_MEKUNU_20180523_0600Z,NIO_2018_MEKUNU,TRAIN,2018-05-23T06:00:00+00:00,data/interim/gridsat/2018/gridsat_2018.05.22.15.npz,data/interim/gridsat/2018/gridsat_2018.05.22.18.npz,data/interim/gridsat/2018/gridsat_2018.05.22.21.npz,data/interim/gridsat/2018/gridsat_2018.05.23.00.npz,data/interim/gridsat/2018/gridsat_2018.05.23.03.npz,data/interim/gridsat/2018/gridsat_2018.05.23.06.npz,11.4,55.9,60.0,980.0,SCS,12.5,55.8,70.0,976.0,VSCS,13.7,55.3,80.0,970.0,VSCS,15.8,54.4,90.0,964.0,ESCS
NIO_2018_MEKUNU_20180523_0900Z,NIO_2018_MEKUNU,TRAIN,2018-05-23T09:00:00+00:00,data/interim/gridsat/2018/gridsat_2018.05.22.18.npz,data/interim/gridsat/2018/gridsat_2018.05.22.21.npz,data/interim/gridsat/2018/gridsat_2018.05.23.00.npz,data/interim/gridsat/2018/gridsat_2018.05.23.03.npz,data/interim/gridsat/2018/gridsat_2018.05.23.06.npz,data/interim/gridsat/2018/gridsat_2018.05.23.09.npz,11.8,55.9,65.0,978.0,VSCS,12.8,55.7,70.0,976.0,VSCS,14.0,55.2,80.0,970.0,VSCS,16.2,54.2,90.0,962.0,ESCS
NIO_2018_MEKUNU_20180523_1200Z,NIO_2018_MEKUNU,TRAIN,2018-05-23T12:00:00+00:00,data/interim/gridsat/2018/gridsat_2018.05.22.21.npz,data/interim/gridsat/2018/gridsat_2018.05.23.00.npz,data/interim/gridsat/2018/gridsat_2018.05.23.03.npz,data/interim/gridsat/2018/gridsat_2018.05.23.06.npz,data/interim/gridsat/2018/gridsat_2018.05.23.09.npz,data/interim/gridsat/2018/gridsat_2018.05.23.12.npz,12.0,55.9,65.0,978.0,VSCS,13.0,55.6,70.0,974.0,VSCS,14.3,55.2,80.0,970.0,VSCS,16.4,54.1,95.0,960.0,ESCS
NIO_2018_MEKUNU_20180523_1500Z,NIO_2018_MEKUNU,TRAIN,2018-05-23T15:00:00+00:00,data/interim/gridsat/2018/gridsat_2018.05.23.00.npz,data/interim/gridsat/2018/gridsat_2018.05.23.03.npz,data/interim/gridsat/2018/gridsat_2018.05.23.06.npz,data/interim/gridsat/2018/gridsat_2018.05.23.09.npz,data/interim/gridsat/2018/gridsat_2018.05.23.12.npz,data/interim/gridsat/2018/gridsat_2018.05.23.15.npz,12.3,55.9,70.0,976.0,VSCS,13.3,55.4,75.0,972.0,VSCS,14.6,55.1,80.0,970.0,VSCS,16.5,54.0,95.0,960.0,ESCS
NIO_2018_MEKUNU_20180523_1800Z,NIO_2018_MEKUNU,TRAIN,2018-05-23T18:00:00+00:00,data/interim/gridsat/2018/gridsat_2018.05.23.03.npz,data/interim/gridsat/2018/gridsat_2018.05.23.06.npz,data/interim/gridsat/2018/gridsat_2018.05.23.09.npz,data/interim/gridsat/2018/gridsat_2018.05.23.12.npz,data/interim/gridsat/2018/gridsat_2018.05.23.15.npz,data/interim/gridsat/2018/gridsat_2018.05.23.18.npz,12.5,55.8,70.0,976.0,VSCS,13.7,55.3,80.0,970.0,VSCS,14.9,54.9,80.0,970.0,VSCS,16.7,53.9,95.0,960.0,ESCS
NIO_2018_MEKUNU_20180523_2100Z,NIO_2018_MEKUNU,TRAIN,2018-05-23T21:00:00+00:00,data/interim/gridsat/2018/gridsat_2018.05.23.06.npz,data/interim/gridsat/2018/gridsat_2018.05.23.09.npz,data/interim/gridsat/2018/gridsat_2018.05.23.12.npz,data/interim/gridsat/2018/gridsat_2018.05.23.15.npz,data/interim/gridsat/2018/gridsat_2018.05.23.18.npz,data/interim/gridsat/2018/gridsat_2018.05.23.21.npz,12.8,55.7,70.0,976.0,VSCS,14.0,55.2,80.0,970.0,VSCS,15.1,54.7,80.0,970.0,VSCS,17.1,53.6,90.0,964.0,ESCS
NIO_2018_MEKUNU_20180524_0000Z,NIO_2018_MEKUNU,TRAIN,2018-05-24T00:00:00+00:00,data/interim/gridsat/2018/gridsat_2018.05.23.09.npz,data/interim/gridsat/2018/gridsat_2018.05.23.12.npz,data/interim/gridsat/2018/gridsat_2018.05.23.15.npz,data/interim/gridsat/2018/gridsat_2018.05.23.18.npz,data/interim/gridsat/2018/gridsat_2018.05.23.21.npz,data/interim/gridsat/2018/gridsat_2018.05.24.00.npz,13.0,55.6,70.0,974.0,VSCS,14.3,55.2,80.0,970.0,VSCS,15.2,54.5,85.0,968.0,VSCS,17.2,53.5,75.0,976.0,VSCS
NIO_2018_MEKUNU_20180524_0300Z,NIO_2018_MEKUNU,TRAIN,2018-05-24T03:00:00+00:00,data/interim/gridsat/2018/gridsat_2018.05.23.12.npz,data/interim/gridsat/2018/gridsat_2018.05.23.15.npz,data/interim/gridsat/2018/gridsat_2018.05.23.18.npz,data/interim/gridsat/2018/gridsat_2018.05.23.21.npz,data/interim/gridsat/2018/gridsat_2018.05.24.00.npz,data/interim/gridsat/2018/gridsat_2018.05.24.03.npz,13.3,55.4,75.0,972.0,VSCS,14.6,55.1,80.0,970.0,VSCS,15.4,54.5,90.0,964.0,ESCS,17.4,53.4,60.0,986.0,SCS
NIO_2018_MEKUNU_20180524_0600Z,NIO_2018_MEKUNU,TRAIN,2018-05-24T06:00:00+00:00,data/interim/gridsat/2018/gridsat_2018.05.23.15.npz,data/interim/gridsat/2018/gridsat_2018.05.23.18.npz,data/interim/gridsat/2018/gridsat_2018.05.23.21.npz,data/interim/gridsat/2018/gridsat_2018.05.24.00.npz,data/interim/gridsat/2018/gridsat_2018.05.24.03.npz,data/interim/gridsat/2018/gridsat_2018.05.24.06.npz,13.7,55.3,80.0,970.0,VSCS,14.9,54.9,80.0,970.0,VSCS,15.8,54.4,90.0,964.0,ESCS,17.8,53.2,50.0,988.0,SCS
NIO_2018_MEKUNU_20180524_0900Z,NIO_2018_MEKUNU,TRAIN,2018-05-24T09:00:00+00:00,data/interim/gridsat/2018/gridsat_2018.05.23.18.npz,data/interim/gridsat/2018/gridsat_2018.05.23.21.npz,data/interim/gridsat/2018/gridsat_2018.05.24.00.npz,data/interim/gridsat/2018/gridsat_2018.05.24.03.npz,data/interim/gridsat/2018/gridsat_2018.05.24.06.npz,data/interim/gridsat/2018/gridsat_2018.05.24.09.npz,14.0,55.2,80.0,970.0,VSCS,15.1,54.7,80.0,970.0,VSCS,16.2,54.2,90.0,962.0,ESCS,18.1,53.1,45.0,990.0,CS
NIO_2018_MEKUNU_20180524_1200Z,NIO_2018_MEKUNU,TRAIN,2018-05-24T12:00:00+00:00,data/interim/gridsat/2018/gridsat_2018.05.23.21.npz,data/interim/gridsat/2018/gridsat_2018.05.24.00.npz,data/interim/gridsat/2018/gridsat_2018.05.24.03.npz,data/interim/gridsat/2018/gridsat_2018.05.24.06.npz,data/interim/gridsat/2018/gridsat_2018.05.24.09.npz,data/interim/gridsat/2018/gridsat_2018.05.24.12.npz,14.3,55.2,80.0,970.0,VSCS,15.2,54.5,85.0,968.0,VSCS,16.4,54.1,95.0,960.0,ESCS,18.3,53.0,40.0,992.0,CS
NIO_2018_MEKUNU_20180524_1500Z,NIO_2018_MEKUNU,TRAIN,2018-05-24T15:00:00+00:00,data/interim/gridsat/2018/gridsat_2018.05.24.00.npz,data/interim/gridsat/2018/gridsat_2018.05.24.03.npz,data/interim/gridsat/2018/gridsat_2018.05.24.06.npz,data/interim/gridsat/2018/gridsat_2018.05.24.09.npz,data/interim/gridsat/2018/gridsat_2018.05.24.12.npz,data/interim/gridsat/2018/gridsat_2018.05.24.15.npz,14.6,55.1,80.0,970.0,VSCS,15.4,54.5,90.0,964.0,ESCS,16.5,54.0,95.0,960.0,ESCS,18.5,52.9,35.0,994.0,CS
NIO_2018_MEKUNU_20180524_1800Z,NIO_2018_MEKUNU,TRAIN,2018-05-24T18:00:00+00:00,data/interim/gridsat/2018/gridsat_2018.05.24.03.npz,data/interim/gridsat/2018/gridsat_2018.05.24.06.npz,data/interim/gridsat/2018/gridsat_2018.05.24.09.npz,data/interim/gridsat/2018/gridsat_2018.05.24.12.npz,data/interim/gridsat/2018/gridsat_2018.05.24.15.npz,data/interim/gridsat/2018/gridsat_2018.05.24.18.npz,14.9,54.9,80.0,970.0,VSCS,15.8,54.4,90.0,964.0,ESCS,16.7,53.9,95.0,960.0,ESCS,18.6,52.8,30.0,996.0,DD
NIO_2018_MEKUNU_20180525_0000Z,NIO_2018_MEKUNU,TRAIN,2018-05-25T00:00:00+00:00,data/interim/gridsat/2018/gridsat_2018.05.24.09.npz,data/interim/gridsat/2018/gridsat_2018.05.24.12.npz,data/interim/gridsat/2018/gridsat_2018.05.24.15.npz,data/interim/gridsat/2018/gridsat_2018.05.24.18.npz,data/interim/gridsat/2018/gridsat_2018.05.24.21.npz,data/interim/gridsat/2018/gridsat_2018.05.25.00.npz,15.2,54.5,85.0,968.0,VSCS,16.4,54.1,95.0,960.0,ESCS,17.2,53.5,75.0,976.0,VSCS,19.0,52.6,25.0,1000.0,D
NIO_2018_TITLI_20181008_0600Z,NIO_2018_TITLI,TRAIN,2018-10-08T06:00:00+00:00,data/interim/gridsat/2018/gridsat_2018.10.07.15.npz,data/interim/gridsat/2018/gridsat_2018.10.07.18.npz,data/interim/gridsat/2018/gridsat_2018.10.07.21.npz,data/interim/gridsat/2018/gridsat_2018.10.08.00.npz,data/interim/gridsat/2018/gridsat_2018.10.08.03.npz,data/interim/gridsat/2018/gridsat_2018.10.08.06.npz,14.0,88.8,25.0,1002.0,D,14.5,87.6,30.0,1000.0,DD,14.8,86.7,35.0,998.0,CS,17.0,85.6,70.0,982.0,VSCS
NIO_2018_TITLI_20181008_1200Z,NIO_2018_TITLI,TRAIN,2018-10-08T12:00:00+00:00,data/interim/gridsat/2018/gridsat_2018.10.07.21.npz,data/interim/gridsat/2018/gridsat_2018.10.08.00.npz,data/interim/gridsat/2018/gridsat_2018.10.08.03.npz,data/interim/gridsat/2018/gridsat_2018.10.08.06.npz,data/interim/gridsat/2018/gridsat_2018.10.08.09.npz,data/interim/gridsat/2018/gridsat_2018.10.08.12.npz,14.3,88.2,25.0,1002.0,D,14.7,87.1,30.0,1000.0,DD,15.1,86.4,40.0,996.0,CS,17.5,85.3,80.0,972.0,VSCS
NIO_2018_TITLI_20181008_1800Z,NIO_2018_TITLI,TRAIN,2018-10-08T18:00:00+00:00,data/interim/gridsat/2018/gridsat_2018.10.08.03.npz,data/interim/gridsat/2018/gridsat_2018.10.08.06.npz,data/interim/gridsat/2018/gridsat_2018.10.08.09.npz,data/interim/gridsat/2018/gridsat_2018.10.08.12.npz,data/interim/gridsat/2018/gridsat_2018.10.08.15.npz,data/interim/gridsat/2018/gridsat_2018.10.08.18.npz,14.5,87.6,30.0,1000.0,DD,14.8,86.7,35.0,998.0,CS,15.5,86.0,45.0,996.0,CS,18.2,85.1,80.0,972.0,VSCS
NIO_2018_VISAKHAPATNAM_20181213_0000Z,NIO_2018_VISAKHAPATNAM,TRAIN,2018-12-13T00:00:00+00:00,data/interim/gridsat/2018/gridsat_2018.12.12.09.npz,data/interim/gridsat/2018/gridsat_2018.12.12.12.npz,data/interim/gridsat/2018/gridsat_2018.12.12.15.npz,data/interim/gridsat/2018/gridsat_2018.12.12.18.npz,data/interim/gridsat/2018/gridsat_2018.12.12.21.npz,data/interim/gridsat/2018/gridsat_2018.12.13.00.npz,6.5,88.7,25.0,1004.0,D,7.3,88.2,25.0,1003.0,D,8.2,87.6,30.0,1002.0,DD,9.0,85.5,30.0,1002.0,DD
NIO_2018_VISAKHAPATNAM_20181213_0600Z,NIO_2018_VISAKHAPATNAM,TRAIN,2018-12-13T06:00:00+00:00,data/interim/gridsat/2018/gridsat_2018.12.12.15.npz,data/interim/gridsat/2018/gridsat_2018.12.12.18.npz,data/interim/gridsat/2018/gridsat_2018.12.12.21.npz,data/interim/gridsat/2018/gridsat_2018.12.13.00.npz,data/interim/gridsat/2018/gridsat_2018.12.13.03.npz,data/interim/gridsat/2018/gridsat_2018.12.13.06.npz,6.8,88.5,25.0,1003.0,D,7.6,88.0,30.0,1002.0,DD,8.5,87.4,30.0,1002.0,DD,9.4,85.1,30.0,1001.0,DD
NIO_2018_VISAKHAPATNAM_20181213_1200Z,NIO_2018_VISAKHAPATNAM,TRAIN,2018-12-13T12:00:00+00:00,data/interim/gridsat/2018/gridsat_2018.12.12.21.npz,data/interim/gridsat/2018/gridsat_2018.12.13.00.npz,data/interim/gridsat/2018/gridsat_2018.12.13.03.npz,data/interim/gridsat/2018/gridsat_2018.12.13.06.npz,data/interim/gridsat/2018/gridsat_2018.12.13.09.npz,data/interim/gridsat/2018/gridsat_2018.12.13.12.npz,7.3,88.2,25.0,1003.0,D,8.2,87.6,30.0,1002.0,DD,8.6,86.8,30.0,1002.0,DD,10.3,84.9,35.0,1000.0,CS
NIO_2018_VISAKHAPATNAM_20181213_1800Z,NIO_2018_VISAKHAPATNAM,TRAIN,2018-12-13T18:00:00+00:00,data/interim/gridsat/2018/gridsat_2018.12.13.03.npz,data/interim/gridsat/2018/gridsat_2018.12.13.06.npz,data/interim/gridsat/2018/gridsat_2018.12.13.09.npz,data/interim/gridsat/2018/gridsat_2018.12.13.12.npz,data/interim/gridsat/2018/gridsat_2018.12.13.15.npz,data/interim/gridsat/2018/gridsat_2018.12.13.18.npz,7.6,88.0,30.0,1002.0,DD,8.5,87.4,30.0,1002.0,DD,8.8,86.2,30.0,1002.0,DD,11.0,84.6,35.0,1000.0,CS
NIO_2018_VISAKHAPATNAM_20181214_0000Z,NIO_2018_VISAKHAPATNAM,TRAIN,2018-12-14T00:00:00+00:00,data/interim/gridsat/2018/gridsat_2018.12.13.09.npz,data/interim/gridsat/2018/gridsat_2018.12.13.12.npz,data/interim/gridsat/2018/gridsat_2018.12.13.15.npz,data/interim/gridsat/2018/gridsat_2018.12.13.18.npz,data/interim/gridsat/2018/gridsat_2018.12.13.21.npz,data/interim/gridsat/2018/gridsat_2018.12.14.00.npz,8.2,87.6,30.0,1002.0,DD,8.6,86.8,30.0,1002.0,DD,9.0,85.5,30.0,1002.0,DD,11.3,84.3,40.0,998.0,CS
NIO_2018_VISAKHAPATNAM_20181214_0600Z,NIO_2018_VISAKHAPATNAM,TRAIN,2018-12-14T06:00:00+00:00,data/interim/gridsat/2018/gridsat_2018.12.13.15.npz,data/interim/gridsat/2018/gridsat_2018.12.13.18.npz,data/interim/gridsat/2018/gridsat_2018.12.13.21.npz,data/interim/gridsat/2018/gridsat_2018.12.14.00.npz,data/interim/gridsat/2018/gridsat_2018.12.14.03.npz,data/interim/gridsat/2018/gridsat_2018.12.14.06.npz,8.5,87.4,30.0,1002.0,DD,8.8,86.2,30.0,1002.0,DD,9.4,85.1,30.0,1001.0,DD,12.2,83.9,45.0,996.0,CS
NIO_2019_FANI_20190426_0600Z,NIO_2019_FANI,VALIDATION,2019-04-26T06:00:00+00:00,data/interim/gridsat/2019/gridsat_2019.04.25.15.npz,data/interim/gridsat/2019/gridsat_2019.04.25.18.npz,data/interim/gridsat/2019/gridsat_2019.04.25.21.npz,data/interim/gridsat/2019/gridsat_2019.04.26.00.npz,data/interim/gridsat/2019/gridsat_2019.04.26.03.npz,data/interim/gridsat/2019/gridsat_2019.04.26.06.npz,3.0,89.4,25.0,998.0,D,3.7,88.8,25.0,998.0,D,5.2,88.6,35.0,995.0,CS,7.4,87.8,45.0,992.0,CS
NIO_2019_FANI_20190426_1200Z,NIO_2019_FANI,VALIDATION,2019-04-26T12:00:00+00:00,data/interim/gridsat/2019/gridsat_2019.04.25.21.npz,data/interim/gridsat/2019/gridsat_2019.04.26.00.npz,data/interim/gridsat/2019/gridsat_2019.04.26.03.npz,data/interim/gridsat/2019/gridsat_2019.04.26.06.npz,data/interim/gridsat/2019/gridsat_2019.04.26.09.npz,data/interim/gridsat/2019/gridsat_2019.04.26.12.npz,3.2,89.2,25.0,998.0,D,4.5,88.8,30.0,997.0,DD,5.9,88.5,45.0,992.0,CS,8.2,87.0,45.0,992.0,CS
NIO_2019_FANI_20190426_1800Z,NIO_2019_FANI,VALIDATION,2019-04-26T18:00:00+00:00,data/interim/gridsat/2019/gridsat_2019.04.26.03.npz,data/interim/gridsat/2019/gridsat_2019.04.26.06.npz,data/interim/gridsat/2019/gridsat_2019.04.26.09.npz,data/interim/gridsat/2019/gridsat_2019.04.26.12.npz,data/interim/gridsat/2019/gridsat_2019.04.26.15.npz,data/interim/gridsat/2019/gridsat_2019.04.26.18.npz,3.7,88.8,25.0,998.0,D,5.2,88.6,35.0,995.0,CS,6.6,88.2,45.0,992.0,CS,8.4,86.9,45.0,992.0,CS
NIO_2019_FANI_20190427_0000Z,NIO_2019_FANI,VALIDATION,2019-04-27T00:00:00+00:00,data/interim/gridsat/2019/gridsat_2019.04.26.09.npz,data/interim/gridsat/2019/gridsat_2019.04.26.12.npz,data/interim/gridsat/2019/gridsat_2019.04.26.15.npz,data/interim/gridsat/2019/gridsat_2019.04.26.18.npz,data/interim/gridsat/2019/gridsat_2019.04.26.21.npz,data/interim/gridsat/2019/gridsat_2019.04.27.00.npz,4.5,88.8,30.0,997.0,DD,5.9,88.5,45.0,992.0,CS,7.3,87.9,45.0,992.0,CS,8.6,86.9,45.0,992.0,CS
NIO_2019_FANI_20190427_0300Z,NIO_2019_FANI,VALIDATION,2019-04-27T03:00:00+00:00,data/interim/gridsat/2019/gridsat_2019.04.26.12.npz,data/interim/gridsat/2019/gridsat_2019.04.26.15.npz,data/interim/gridsat/2019/gridsat_2019.04.26.18.npz,data/interim/gridsat/2019/gridsat_2019.04.26.21.npz,data/interim/gridsat/2019/gridsat_2019.04.27.00.npz,data/interim/gridsat/2019/gridsat_2019.04.27.03.npz,4.9,88.7,30.0,996.0,DD,6.3,88.5,45.0,992.0,CS,7.3,87.9,45.0,992.0,CS,8.7,86.9,45.0,992.0,CS
NIO_2019_FANI_20190427_0600Z,NIO_2019_FANI,VALIDATION,2019-04-27T06:00:00+00:00,data/interim/gridsat/2019/gridsat_2019.04.26.15.npz,data/interim/gridsat/2019/gridsat_2019.04.26.18.npz,data/interim/gridsat/2019/gridsat_2019.04.26.21.npz,data/interim/gridsat/2019/gridsat_2019.04.27.00.npz,data/interim/gridsat/2019/gridsat_2019.04.27.03.npz,data/interim/gridsat/2019/gridsat_2019.04.27.06.npz,5.2,88.6,35.0,995.0,CS,6.6,88.2,45.0,992.0,CS,7.4,87.8,45.0,992.0,CS,9.2,86.9,45.0,992.0,CS
NIO_2019_FANI_20190427_0900Z,NIO_2019_FANI,VALIDATION,2019-04-27T09:00:00+00:00,data/interim/gridsat/2019/gridsat_2019.04.26.18.npz,data/interim/gridsat/2019/gridsat_2019.04.26.21.npz,data/interim/gridsat/2019/gridsat_2019.04.27.00.npz,data/interim/gridsat/2019/gridsat_2019.04.27.03.npz,data/interim/gridsat/2019/gridsat_2019.04.27.06.npz,data/interim/gridsat/2019/gridsat_2019.04.27.09.npz,5.4,88.5,40.0,994.0,CS,6.9,87.9,45.0,992.0,CS,7.7,87.5,45.0,992.0,CS,9.7,86.8,45.0,992.0,CS
NIO_2019_FANI_20190427_1200Z,NIO_2019_FANI,VALIDATION,2019-04-27T12:00:00+00:00,data/interim/gridsat/2019/gridsat_2019.04.26.21.npz,data/interim/gridsat/2019/gridsat_2019.04.27.00.npz,data/interim/gridsat/2019/gridsat_2019.04.27.03.npz,data/interim/gridsat/2019/gridsat_2019.04.27.06.npz,data/interim/gridsat/2019/gridsat_2019.04.27.09.npz,data/interim/gridsat/2019/gridsat_2019.04.27.12.npz,5.9,88.5,45.0,992.0,CS,7.3,87.9,45.0,992.0,CS,8.2,87.0,45.0,992.0,CS,10.1,86.7,55.0,986.0,SCS
NIO_2019_FANI_20190427_1500Z,NIO_2019_FANI,VALIDATION,2019-04-27T15:00:00+00:00,data/interim/gridsat/2019/gridsat_2019.04.27.00.npz,data/interim/gridsat/2019/gridsat_2019.04.27.03.npz,data/interim/gridsat/2019/gridsat_2019.04.27.06.npz,data/interim/gridsat/2019/gridsat_2019.04.27.09.npz,data/interim/gridsat/2019/gridsat_2019.04.27.12.npz,data/interim/gridsat/2019/gridsat_2019.04.27.15.npz,6.3,88.5,45.0,992.0,CS,7.3,87.9,45.0,992.0,CS,8.3,86.9,45.0,992.0,CS,10.4,86.7,55.0,986.0,SCS
NIO_2019_FANI_20190427_1800Z,NIO_2019_FANI,VALIDATION,2019-04-27T18:00:00+00:00,data/interim/gridsat/2019/gridsat_2019.04.27.03.npz,data/interim/gridsat/2019/gridsat_2019.04.27.06.npz,data/interim/gridsat/2019/gridsat_2019.04.27.09.npz,data/interim/gridsat/2019/gridsat_2019.04.27.12.npz,data/interim/gridsat/2019/gridsat_2019.04.27.15.npz,data/interim/gridsat/2019/gridsat_2019.04.27.18.npz,6.6,88.2,45.0,992.0,CS,7.4,87.8,45.0,992.0,CS,8.4,86.9,45.0,992.0,CS,10.8,86.6,55.0,986.0,SCS
NIO_2019_FANI_20190427_2100Z,NIO_2019_FANI,VALIDATION,2019-04-27T21:00:00+00:00,data/interim/gridsat/2019/gridsat_2019.04.27.06.npz,data/interim/gridsat/2019/gridsat_2019.04.27.09.npz,data/interim/gridsat/2019/gridsat_2019.04.27.12.npz,data/interim/gridsat/2019/gridsat_2019.04.27.15.npz,data/interim/gridsat/2019/gridsat_2019.04.27.18.npz,data/interim/gridsat/2019/gridsat_2019.04.27.21.npz,6.9,87.9,45.0,992.0,CS,7.7,87.5,45.0,992.0,CS,8.5,86.9,45.0,992.0,CS,11.1,86.5,60.0,986.0,SCS
NIO_2019_FANI_20190428_0000Z,NIO_2019_FANI,VALIDATION,2019-04-28T00:00:00+00:00,data/interim/gridsat/2019/gridsat_2019.04.27.09.npz,data/interim/gridsat/2019/gridsat_2019.04.27.12.npz,data/interim/gridsat/2019/gridsat_2019.04.27.15.npz,data/interim/gridsat/2019/gridsat_2019.04.27.18.npz,data/interim/gridsat/2019/gridsat_2019.04.27.21.npz,data/interim/gridsat/2019/gridsat_2019.04.28.00.npz,7.3,87.9,45.0,992.0,CS,8.2,87.0,45.0,992.0,CS,8.6,86.9,45.0,992.0,CS,11.7,86.5,65.0,980.0,VSCS
NIO_2019_FANI_20190428_0300Z,NIO_2019_FANI,VALIDATION,2019-04-28T03:00:00+00:00,data/interim/gridsat/2019/gridsat_2019.04.27.12.npz,data/interim/gridsat/2019/gridsat_2019.04.27.15.npz,data/interim/gridsat/2019/gridsat_2019.04.27.18.npz,data/interim/gridsat/2019/gridsat_2019.04.27.21.npz,data/interim/gridsat/2019/gridsat_2019.04.28.00.npz,data/interim/gridsat/2019/gridsat_2019.04.28.03.npz,7.3,87.9,45.0,992.0,CS,8.3,86.9,45.0,992.0,CS,8.7,86.9,45.0,992.0,CS,12.3,86.2,75.0,974.0,VSCS
NIO_2019_FANI_20190428_0600Z,NIO_2019_FANI,VALIDATION,2019-04-28T06:00:00+00:00,data/interim/gridsat/2019/gridsat_2019.04.27.15.npz,data/interim/gridsat/2019/gridsat_2019.04.27.18.npz,data/interim/gridsat/2019/gridsat_2019.04.27.21.npz,data/interim/gridsat/2019/gridsat_2019.04.28.00.npz,data/interim/gridsat/2019/gridsat_2019.04.28.03.npz,data/interim/gridsat/2019/gridsat_2019.04.28.06.npz,7.4,87.8,45.0,992.0,CS,8.4,86.9,45.0,992.0,CS,9.2,86.9,45.0,992.0,CS,12.6,85.7,80.0,970.0,VSCS
NIO_2019_FANI_20190428_0900Z,NIO_2019_FANI,VALIDATION,2019-04-28T09:00:00+00:00,data/interim/gridsat/2019/gridsat_2019.04.27.18.npz,data/interim/gridsat/2019/gridsat_2019.04.27.21.npz,data/interim/gridsat/2019/gridsat_2019.04.28.00.npz,data/interim/gridsat/2019/gridsat_2019.04.28.03.npz,data/interim/gridsat/2019/gridsat_2019.04.28.06.npz,data/interim/gridsat/2019/gridsat_2019.04.28.09.npz,7.7,87.5,45.0,992.0,CS,8.5,86.9,45.0,992.0,CS,9.7,86.8,45.0,992.0,CS,13.0,85.3,85.0,966.0,VSCS
NIO_2019_FANI_20190428_1200Z,NIO_2019_FANI,VALIDATION,2019-04-28T12:00:00+00:00,data/interim/gridsat/2019/gridsat_2019.04.27.21.npz,data/interim/gridsat/2019/gridsat_2019.04.28.00.npz,data/interim/gridsat/2019/gridsat_2019.04.28.03.npz,data/interim/gridsat/2019/gridsat_2019.04.28.06.npz,data/interim/gridsat/2019/gridsat_2019.04.28.09.npz,data/interim/gridsat/2019/gridsat_2019.04.28.12.npz,8.2,87.0,45.0,992.0,CS,8.6,86.9,45.0,992.0,CS,10.1,86.7,55.0,986.0,SCS,13.3,84.7,90.0,962.0,ESCS
NIO_2019_FANI_20190428_1500Z,NIO_2019_FANI,VALIDATION,2019-04-28T15:00:00+00:00,data/interim/gridsat/2019/gridsat_2019.04.28.00.npz,data/interim/gridsat/2019/gridsat_2019.04.28.03.npz,data/interim/gridsat/2019/gridsat_2019.04.28.06.npz,data/interim/gridsat/2019/gridsat_2019.04.28.09.npz,data/interim/gridsat/2019/gridsat_2019.04.28.12.npz,data/interim/gridsat/2019/gridsat_2019.04.28.15.npz,8.3,86.9,45.0,992.0,CS,8.7,86.9,45.0,992.0,CS,10.4,86.7,55.0,986.0,SCS,13.4,84.5,95.0,957.0,ESCS
NIO_2019_FANI_20190428_1800Z,NIO_2019_FANI,VALIDATION,2019-04-28T18:00:00+00:00,data/interim/gridsat/2019/gridsat_2019.04.28.03.npz,data/interim/gridsat/2019/gridsat_2019.04.28.06.npz,data/interim/gridsat/2019/gridsat_2019.04.28.09.npz,data/interim/gridsat/2019/gridsat_2019.04.28.12.npz,data/interim/gridsat/2019/gridsat_2019.04.28.15.npz,data/interim/gridsat/2019/gridsat_2019.04.28.18.npz,8.4,86.9,45.0,992.0,CS,9.2,86.9,45.0,992.0,CS,10.8,86.6,55.0,986.0,SCS,13.5,84.4,95.0,957.0,ESCS
NIO_2019_FANI_20190428_2100Z,NIO_2019_FANI,VALIDATION,2019-04-28T21:00:00+00:00,data/interim/gridsat/2019/gridsat_2019.04.28.06.npz,data/interim/gridsat/2019/gridsat_2019.04.28.09.npz,data/interim/gridsat/2019/gridsat_2019.04.28.12.npz,data/interim/gridsat/2019/gridsat_2019.04.28.15.npz,data/interim/gridsat/2019/gridsat_2019.04.28.18.npz,data/interim/gridsat/2019/gridsat_2019.04.28.21.npz,8.5,86.9,45.0,992.0,CS,9.7,86.8,45.0,992.0,CS,11.1,86.5,60.0,986.0,SCS,13.6,84.2,95.0,957.0,ESCS
NIO_2019_FANI_20190429_0000Z,NIO_2019_FANI,VALIDATION,2019-04-29T00:00:00+00:00,data/interim/gridsat/2019/gridsat_2019.04.28.09.npz,data/interim/gridsat/2019/gridsat_2019.04.28.12.npz,data/interim/gridsat/2019/gridsat_2019.04.28.15.npz,data/interim/gridsat/2019/gridsat_2019.04.28.18.npz,data/interim/gridsat/2019/gridsat_2019.04.28.21.npz,data/interim/gridsat/2019/gridsat_2019.04.29.00.npz,8.6,86.9,45.0,992.0,CS,10.1,86.7,55.0,986.0,SCS,11.7,86.5,65.0,980.0,VSCS,13.9,84.0,95.0,957.0,ESCS
NIO_2019_FANI_20190429_0300Z,NIO_2019_FANI,VALIDATION,2019-04-29T03:00:00+00:00,data/interim/gridsat/2019/gridsat_2019.04.28.12.npz,data/interim/gridsat/2019/gridsat_2019.04.28.15.npz,data/interim/gridsat/2019/gridsat_2019.04.28.18.npz,data/interim/gridsat/2019/gridsat_2019.04.28.21.npz,data/interim/gridsat/2019/gridsat_2019.04.29.00.npz,data/interim/gridsat/2019/gridsat_2019.04.29.03.npz,8.7,86.9,45.0,992.0,CS,10.4,86.7,55.0,986.0,SCS,12.3,86.2,75.0,974.0,VSCS,14.1,83.9,95.0,957.0,ESCS
NIO_2019_FANI_20190429_0600Z,NIO_2019_FANI,VALIDATION,2019-04-29T06:00:00+00:00,data/interim/gridsat/2019/gridsat_2019.04.28.15.npz,data/interim/gridsat/2019/gridsat_2019.04.28.18.npz,data/interim/gridsat/2019/gridsat_2019.04.28.21.npz,data/interim/gridsat/2019/gridsat_2019.04.29.00.npz,data/interim/gridsat/2019/gridsat_2019.04.29.03.npz,data/interim/gridsat/2019/gridsat_2019.04.29.06.npz,9.2,86.9,45.0,992.0,CS,10.8,86.6,55.0,986.0,SCS,12.6,85.7,80.0,970.0,VSCS,14.2,83.9,95.0,957.0,ESCS
NIO_2019_FANI_20190429_0900Z,NIO_2019_FANI,VALIDATION,2019-04-29T09:00:00+00:00,data/interim/gridsat/2019/gridsat_2019.04.28.18.npz,data/interim/gridsat/2019/gridsat_2019.04.28.21.npz,data/interim/gridsat/2019/gridsat_2019.04.29.00.npz,data/interim/gridsat/2019/gridsat_2019.04.29.03.npz,data/interim/gridsat/2019/gridsat_2019.04.29.06.npz,data/interim/gridsat/2019/gridsat_2019.04.29.09.npz,9.7,86.8,45.0,992.0,CS,11.1,86.5,60.0,986.0,SCS,13.0,85.3,85.0,966.0,VSCS,14.5,84.1,95.0,955.0,ESCS
NIO_2019_FANI_20190429_1200Z,NIO_2019_FANI,VALIDATION,2019-04-29T12:00:00+00:00,data/interim/gridsat/2019/gridsat_2019.04.28.21.npz,data/interim/gridsat/2019/gridsat_2019.04.29.00.npz,data/interim/gridsat/2019/gridsat_2019.04.29.03.npz,data/interim/gridsat/2019/gridsat_2019.04.29.06.npz,data/interim/gridsat/2019/gridsat_2019.04.29.09.npz,data/interim/gridsat/2019/gridsat_2019.04.29.12.npz,10.1,86.7,55.0,986.0,SCS,11.7,86.5,65.0,980.0,VSCS,13.3,84.7,90.0,962.0,ESCS,14.9,84.1,100.0,950.0,ESCS
NIO_2019_FANI_20190429_1500Z,NIO_2019_FANI,VALIDATION,2019-04-29T15:00:00+00:00,data/interim/gridsat/2019/gridsat_2019.04.29.00.npz,data/interim/gridsat/2019/gridsat_2019.04.29.03.npz,data/interim/gridsat/2019/gridsat_2019.04.29.06.npz,data/interim/gridsat/2019/gridsat_2019.04.29.09.npz,data/interim/gridsat/2019/gridsat_2019.04.29.12.npz,data/interim/gridsat/2019/gridsat_2019.04.29.15.npz,10.4,86.7,55.0,986.0,SCS,12.3,86.2,75.0,974.0,VSCS,13.4,84.5,95.0,957.0,ESCS,15.1,84.1,100.0,950.0,ESCS
NIO_2019_FANI_20190429_1800Z,NIO_2019_FANI,VALIDATION,2019-04-29T18:00:00+00:00,data/interim/gridsat/2019/gridsat_2019.04.29.03.npz,data/interim/gridsat/2019/gridsat_2019.04.29.06.npz,data/interim/gridsat/2019/gridsat_2019.04.29.09.npz,data/interim/gridsat/2019/gridsat_2019.04.29.12.npz,data/interim/gridsat/2019/gridsat_2019.04.29.15.npz,data/interim/gridsat/2019/gridsat_2019.04.29.18.npz,10.8,86.6,55.0,986.0,SCS,12.6,85.7,80.0,970.0,VSCS,13.5,84.4,95.0,957.0,ESCS,15.2,84.1,100.0,950.0,ESCS
NIO_2019_FANI_20190429_2100Z,NIO_2019_FANI,VALIDATION,2019-04-29T21:00:00+00:00,data/interim/gridsat/2019/gridsat_2019.04.29.06.npz,data/interim/gridsat/2019/gridsat_2019.04.29.09.npz,data/interim/gridsat/2019/gridsat_2019.04.29.12.npz,data/interim/gridsat/2019/gridsat_2019.04.29.15.npz,data/interim/gridsat/2019/gridsat_2019.04.29.18.npz,data/interim/gridsat/2019/gridsat_2019.04.29.21.npz,11.1,86.5,60.0,986.0,SCS,13.0,85.3,85.0,966.0,VSCS,13.6,84.2,95.0,957.0,ESCS,15.5,84.2,100.0,950.0,ESCS
NIO_2019_FANI_20190430_0000Z,NIO_2019_FANI,VALIDATION,2019-04-30T00:00:00+00:00,data/interim/gridsat/2019/gridsat_2019.04.29.09.npz,data/interim/gridsat/2019/gridsat_2019.04.29.12.npz,data/interim/gridsat/2019/gridsat_2019.04.29.15.npz,data/interim/gridsat/2019/gridsat_2019.04.29.18.npz,data/interim/gridsat/2019/gridsat_2019.04.29.21.npz,data/interim/gridsat/2019/gridsat_2019.04.30.00.npz,11.7,86.5,65.0,980.0,VSCS,13.3,84.7,90.0,962.0,ESCS,13.9,84.0,95.0,957.0,ESCS,15.9,84.5,105.0,945.0,ESCS
NIO_2019_FANI_20190430_0300Z,NIO_2019_FANI,VALIDATION,2019-04-30T03:00:00+00:00,data/interim/gridsat/2019/gridsat_2019.04.29.12.npz,data/interim/gridsat/2019/gridsat_2019.04.29.15.npz,data/interim/gridsat/2019/gridsat_2019.04.29.18.npz,data/interim/gridsat/2019/gridsat_2019.04.29.21.npz,data/interim/gridsat/2019/gridsat_2019.04.30.00.npz,data/interim/gridsat/2019/gridsat_2019.04.30.03.npz,12.3,86.2,75.0,974.0,VSCS,13.4,84.5,95.0,957.0,ESCS,14.1,83.9,95.0,957.0,ESCS,16.2,84.6,105.0,945.0,ESCS
NIO_2019_FANI_20190430_0600Z,NIO_2019_FANI,VALIDATION,2019-04-30T06:00:00+00:00,data/interim/gridsat/2019/gridsat_2019.04.29.15.npz,data/interim/gridsat/2019/gridsat_2019.04.29.18.npz,data/interim/gridsat/2019/gridsat_2019.04.29.21.npz,data/interim/gridsat/2019/gridsat_2019.04.30.00.npz,data/interim/gridsat/2019/gridsat_2019.04.30.03.npz,data/interim/gridsat/2019/gridsat_2019.04.30.06.npz,12.6,85.7,80.0,970.0,VSCS,13.5,84.4,95.0,957.0,ESCS,14.2,83.9,95.0,957.0,ESCS,16.7,84.8,110.0,940.0,ESCS
NIO_2019_FANI_20190430_0900Z,NIO_2019_FANI,VALIDATION,2019-04-30T09:00:00+00:00,data/interim/gridsat/2019/gridsat_2019.04.29.18.npz,data/interim/gridsat/2019/gridsat_2019.04.29.21.npz,data/interim/gridsat/2019/gridsat_2019.04.30.00.npz,data/interim/gridsat/2019/gridsat_2019.04.30.03.npz,data/interim/gridsat/2019/gridsat_2019.04.30.06.npz,data/interim/gridsat/2019/gridsat_2019.04.30.09.npz,13.0,85.3,85.0,966.0,VSCS,13.6,84.2,95.0,957.0,ESCS,14.5,84.1,95.0,955.0,ESCS,17.1,84.8,115.0,932.0,ESCS
NIO_2019_FANI_20190430_1200Z,NIO_2019_FANI,VALIDATION,2019-04-30T12:00:00+00:00,data/interim/gridsat/2019/gridsat_2019.04.29.21.npz,data/interim/gridsat/2019/gridsat_2019.04.30.00.npz,data/interim/gridsat/2019/gridsat_2019.04.30.03.npz,data/interim/gridsat/2019/gridsat_2019.04.30.06.npz,data/interim/gridsat/2019/gridsat_2019.04.30.09.npz,data/interim/gridsat/2019/gridsat_2019.04.30.12.npz,13.3,84.7,90.0,962.0,ESCS,13.9,84.0,95.0,957.0,ESCS,14.9,84.1,100.0,950.0,ESCS,17.5,84.8,115.0,932.0,ESCS
NIO_2019_FANI_20190430_1500Z,NIO_2019_FANI,VALIDATION,2019-04-30T15:00:00+00:00,data/interim/gridsat/2019/gridsat_2019.04.30.00.npz,data/interim/gridsat/2019/gridsat_2019.04.30.03.npz,data/interim/gridsat/2019/gridsat_2019.04.30.06.npz,data/interim/gridsat/2019/gridsat_2019.04.30.09.npz,data/interim/gridsat/2019/gridsat_2019.04.30.12.npz,data/interim/gridsat/2019/gridsat_2019.04.30.15.npz,13.4,84.5,95.0,957.0,ESCS,14.1,83.9,95.0,957.0,ESCS,15.1,84.1,100.0,950.0,ESCS,17.8,84.9,115.0,934.0,ESCS
NIO_2019_FANI_20190430_1800Z,NIO_2019_FANI,VALIDATION,2019-04-30T18:00:00+00:00,data/interim/gridsat/2019/gridsat_2019.04.30.03.npz,data/interim/gridsat/2019/gridsat_2019.04.30.06.npz,data/interim/gridsat/2019/gridsat_2019.04.30.09.npz,data/interim/gridsat/2019/gridsat_2019.04.30.12.npz,data/interim/gridsat/2019/gridsat_2019.04.30.15.npz,data/interim/gridsat/2019/gridsat_2019.04.30.18.npz,13.5,84.4,95.0,957.0,ESCS,14.2,83.9,95.0,957.0,ESCS,15.2,84.1,100.0,950.0,ESCS,18.2,85.0,115.0,934.0,ESCS
NIO_2019_FANI_20190430_2100Z,NIO_2019_FANI,VALIDATION,2019-04-30T21:00:00+00:00,data/interim/gridsat/2019/gridsat_2019.04.30.06.npz,data/interim/gridsat/2019/gridsat_2019.04.30.09.npz,data/interim/gridsat/2019/gridsat_2019.04.30.12.npz,data/interim/gridsat/2019/gridsat_2019.04.30.15.npz,data/interim/gridsat/2019/gridsat_2019.04.30.18.npz,data/interim/gridsat/2019/gridsat_2019.04.30.21.npz,13.6,84.2,95.0,957.0,ESCS,14.5,84.1,95.0,955.0,ESCS,15.5,84.2,100.0,950.0,ESCS,18.6,85.2,115.0,934.0,ESCS
NIO_2019_FANI_20190501_0000Z,NIO_2019_FANI,VALIDATION,2019-05-01T00:00:00+00:00,data/interim/gridsat/2019/gridsat_2019.04.30.09.npz,data/interim/gridsat/2019/gridsat_2019.04.30.12.npz,data/interim/gridsat/2019/gridsat_2019.04.30.15.npz,data/interim/gridsat/2019/gridsat_2019.04.30.18.npz,data/interim/gridsat/2019/gridsat_2019.04.30.21.npz,data/interim/gridsat/2019/gridsat_2019.05.01.00.npz,13.9,84.0,95.0,957.0,ESCS,14.9,84.1,100.0,950.0,ESCS,15.9,84.5,105.0,945.0,ESCS,19.1,85.5,105.0,945.0,ESCS
NIO_2019_FANI_20190501_0300Z,NIO_2019_FANI,VALIDATION,2019-05-01T03:00:00+00:00,data/interim/gridsat/2019/gridsat_2019.04.30.12.npz,data/interim/gridsat/2019/gridsat_2019.04.30.15.npz,data/interim/gridsat/2019/gridsat_2019.04.30.18.npz,data/interim/gridsat/2019/gridsat_2019.04.30.21.npz,data/interim/gridsat/2019/gridsat_2019.05.01.00.npz,data/interim/gridsat/2019/gridsat_2019.05.01.03.npz,14.1,83.9,95.0,957.0,ESCS,15.1,84.1,100.0,950.0,ESCS,16.2,84.6,105.0,945.0,ESCS,19.6,85.7,100.0,952.0,ESCS
NIO_2019_FANI_20190501_0600Z,NIO_2019_FANI,VALIDATION,2019-05-01T06:00:00+00:00,data/interim/gridsat/2019/gridsat_2019.04.30.15.npz,data/interim/gridsat/2019/gridsat_2019.04.30.18.npz,data/interim/gridsat/2019/gridsat_2019.04.30.21.npz,data/interim/gridsat/2019/gridsat_2019.05.01.00.npz,data/interim/gridsat/2019/gridsat_2019.05.01.03.npz,data/interim/gridsat/2019/gridsat_2019.05.01.06.npz,14.2,83.9,95.0,957.0,ESCS,15.2,84.1,100.0,950.0,ESCS,16.7,84.8,110.0,940.0,ESCS,20.2,85.9,85.0,966.0,VSCS
NIO_2019_FANI_20190501_0900Z,NIO_2019_FANI,VALIDATION,2019-05-01T09:00:00+00:00,data/interim/gridsat/2019/gridsat_2019.04.30.18.npz,data/interim/gridsat/2019/gridsat_2019.04.30.21.npz,data/interim/gridsat/2019/gridsat_2019.05.01.00.npz,data/interim/gridsat/2019/gridsat_2019.05.01.03.npz,data/interim/gridsat/2019/gridsat_2019.05.01.06.npz,data/interim/gridsat/2019/gridsat_2019.05.01.09.npz,14.5,84.1,95.0,955.0,ESCS,15.5,84.2,100.0,950.0,ESCS,17.1,84.8,115.0,932.0,ESCS,20.5,86.0,75.0,970.0,VSCS
NIO_2019_FANI_20190501_1200Z,NIO_2019_FANI,VALIDATION,2019-05-01T12:00:00+00:00,data/interim/gridsat/2019/gridsat_2019.04.30.21.npz,data/interim/gridsat/2019/gridsat_2019.05.01.00.npz,data/interim/gridsat/2019/gridsat_2019.05.01.03.npz,data/interim/gridsat/2019/gridsat_2019.05.01.06.npz,data/interim/gridsat/2019/gridsat_2019.05.01.09.npz,data/interim/gridsat/2019/gridsat_2019.05.01.12.npz,14.9,84.1,100.0,950.0,ESCS,15.9,84.5,105.0,945.0,ESCS,17.5,84.8,115.0,932.0,ESCS,21.1,86.5,70.0,976.0,VSCS
NIO_2019_FANI_20190501_1500Z,NIO_2019_FANI,VALIDATION,2019-05-01T15:00:00+00:00,data/interim/gridsat/2019/gridsat_2019.05.01.00.npz,data/interim/gridsat/2019/gridsat_2019.05.01.03.npz,data/interim/gridsat/2019/gridsat_2019.05.01.06.npz,data/interim/gridsat/2019/gridsat_2019.05.01.09.npz,data/interim/gridsat/2019/gridsat_2019.05.01.12.npz,data/interim/gridsat/2019/gridsat_2019.05.01.15.npz,15.1,84.1,100.0,950.0,ESCS,16.2,84.6,105.0,945.0,ESCS,17.8,84.9,115.0,934.0,ESCS,21.5,86.7,60.0,980.0,SCS
NIO_2019_FANI_20190501_1800Z,NIO_2019_FANI,VALIDATION,2019-05-01T18:00:00+00:00,data/interim/gridsat/2019/gridsat_2019.05.01.03.npz,data/interim/gridsat/2019/gridsat_2019.05.01.06.npz,data/interim/gridsat/2019/gridsat_2019.05.01.09.npz,data/interim/gridsat/2019/gridsat_2019.05.01.12.npz,data/interim/gridsat/2019/gridsat_2019.05.01.15.npz,data/interim/gridsat/2019/gridsat_2019.05.01.18.npz,15.2,84.1,100.0,950.0,ESCS,16.7,84.8,110.0,940.0,ESCS,18.2,85.0,115.0,934.0,ESCS,21.9,87.1,55.0,986.0,SCS
NIO_2019_FANI_20190501_2100Z,NIO_2019_FANI,VALIDATION,2019-05-01T21:00:00+00:00,data/interim/gridsat/2019/gridsat_2019.05.01.06.npz,data/interim/gridsat/2019/gridsat_2019.05.01.09.npz,data/interim/gridsat/2019/gridsat_2019.05.01.12.npz,data/interim/gridsat/2019/gridsat_2019.05.01.15.npz,data/interim/gridsat/2019/gridsat_2019.05.01.18.npz,data/interim/gridsat/2019/gridsat_2019.05.01.21.npz,15.5,84.2,100.0,950.0,ESCS,17.1,84.8,115.0,932.0,ESCS,18.6,85.2,115.0,934.0,ESCS,22.5,87.9,50.0,990.0,SCS
NIO_2019_FANI_20190502_0000Z,NIO_2019_FANI,VALIDATION,2019-05-02T00:00:00+00:00,data/interim/gridsat/2019/gridsat_2019.05.01.09.npz,data/interim/gridsat/2019/gridsat_2019.05.01.12.npz,data/interim/gridsat/2019/gridsat_2019.05.01.15.npz,data/interim/gridsat/2019/gridsat_2019.05.01.18.npz,data/interim/gridsat/2019/gridsat_2019.05.01.21.npz,data/interim/gridsat/2019/gridsat_2019.05.02.00.npz,15.9,84.5,105.0,945.0,ESCS,17.5,84.8,115.0,932.0,ESCS,19.1,85.5,105.0,945.0,ESCS,23.1,88.2,40.0,994.0,CS
NIO_2019_FANI_20190502_0300Z,NIO_2019_FANI,VALIDATION,2019-05-02T03:00:00+00:00,data/interim/gridsat/2019/gridsat_2019.05.01.12.npz,data/interim/gridsat/2019/gridsat_2019.05.01.15.npz,data/interim/gridsat/2019/gridsat_2019.05.01.18.npz,data/interim/gridsat/2019/gridsat_2019.05.01.21.npz,data/interim/gridsat/2019/gridsat_2019.05.02.00.npz,data/interim/gridsat/2019/gridsat_2019.05.02.03.npz,16.2,84.6,105.0,945.0,ESCS,17.8,84.9,115.0,934.0,ESCS,19.6,85.7,100.0,952.0,ESCS,23.6,88.8,30.0,996.0,DD
NIO_2019_FANI_20190502_0600Z,NIO_2019_FANI,VALIDATION,2019-05-02T06:00:00+00:00,data/interim/gridsat/2019/gridsat_2019.05.01.15.npz,data/interim/gridsat/2019/gridsat_2019.05.01.18.npz,data/interim/gridsat/2019/gridsat_2019.05.01.21.npz,data/interim/gridsat/2019/gridsat_2019.05.02.00.npz,data/interim/gridsat/2019/gridsat_2019.05.02.03.npz,data/interim/gridsat/2019/gridsat_2019.05.02.06.npz,16.7,84.8,110.0,940.0,ESCS,18.2,85.0,115.0,934.0,ESCS,20.2,85.9,85.0,966.0,VSCS,24.3,89.3,25.0,998.0,D
NIO_2019_FANI_20190502_1200Z,NIO_2019_FANI,VALIDATION,2019-05-02T12:00:00+00:00,data/interim/gridsat/2019/gridsat_2019.05.01.21.npz,data/interim/gridsat/2019/gridsat_2019.05.02.00.npz,data/interim/gridsat/2019/gridsat_2019.05.02.03.npz,data/interim/gridsat/2019/gridsat_2019.05.02.06.npz,data/interim/gridsat/2019/gridsat_2019.05.02.09.npz,data/interim/gridsat/2019/gridsat_2019.05.02.12.npz,17.5,84.8,115.0,932.0,ESCS,19.1,85.5,105.0,945.0,ESCS,21.1,86.5,70.0,976.0,VSCS,25.2,90.7,20.0,1000.0,D
NIO_2019_HIKAA_20190922_0600Z,NIO_2019_HIKAA,VALIDATION,2019-09-22T06:00:00+00:00,data/interim/gridsat/2019/gridsat_2019.09.21.15.npz,data/interim/gridsat/2019/gridsat_2019.09.21.18.npz,data/interim/gridsat/2019/gridsat_2019.09.21.21.npz,data/interim/gridsat/2019/gridsat_2019.09.22.00.npz,data/interim/gridsat/2019/gridsat_2019.09.22.03.npz,data/interim/gridsat/2019/gridsat_2019.09.22.06.npz,20.0,69.0,25.0,1000.0,D,20.5,67.2,30.0,998.0,DD,20.3,65.0,45.0,994.0,CS,20.0,59.5,75.0,978.0,VSCS
NIO_2019_HIKAA_20190922_1200Z,NIO_2019_HIKAA,VALIDATION,2019-09-22T12:00:00+00:00,data/interim/gridsat/2019/gridsat_2019.09.21.21.npz,data/interim/gridsat/2019/gridsat_2019.09.22.00.npz,data/interim/gridsat/2019/gridsat_2019.09.22.03.npz,data/interim/gridsat/2019/gridsat_2019.09.22.06.npz,data/interim/gridsat/2019/gridsat_2019.09.22.09.npz,data/interim/gridsat/2019/gridsat_2019.09.22.12.npz,20.4,68.2,30.0,999.0,DD,20.5,66.2,35.0,997.0,CS,20.2,63.7,55.0,988.0,SCS,19.8,58.3,75.0,978.0,VSCS
NIO_2019_HIKAA_20190922_1800Z,NIO_2019_HIKAA,VALIDATION,2019-09-22T18:00:00+00:00,data/interim/gridsat/2019/gridsat_2019.09.22.03.npz,data/interim/gridsat/2019/gridsat_2019.09.22.06.npz,data/interim/gridsat/2019/gridsat_2019.09.22.09.npz,data/interim/gridsat/2019/gridsat_2019.09.22.12.npz,data/interim/gridsat/2019/gridsat_2019.09.22.15.npz,data/interim/gridsat/2019/gridsat_2019.09.22.18.npz,20.5,67.2,30.0,998.0,DD,20.3,65.0,45.0,994.0,CS,20.2,62.3,60.0,986.0,SCS,19.7,57.1,55.0,989.0,SCS
NIO_2019_HIKAA_20190923_0000Z,NIO_2019_HIKAA,VALIDATION,2019-09-23T00:00:00+00:00,data/interim/gridsat/2019/gridsat_2019.09.22.09.npz,data/interim/gridsat/2019/gridsat_2019.09.22.12.npz,data/interim/gridsat/2019/gridsat_2019.09.22.15.npz,data/interim/gridsat/2019/gridsat_2019.09.22.18.npz,data/interim/gridsat/2019/gridsat_2019.09.22.21.npz,data/interim/gridsat/2019/gridsat_2019.09.23.00.npz,20.5,66.2,35.0,997.0,CS,20.2,63.7,55.0,988.0,SCS,20.1,61.0,70.0,980.0,VSCS,19.6,55.9,35.0,997.0,CS
NIO_2019_HIKAA_20190923_0300Z,NIO_2019_HIKAA,VALIDATION,2019-09-23T03:00:00+00:00,data/interim/gridsat/2019/gridsat_2019.09.22.12.npz,data/interim/gridsat/2019/gridsat_2019.09.22.15.npz,data/interim/gridsat/2019/gridsat_2019.09.22.18.npz,data/interim/gridsat/2019/gridsat_2019.09.22.21.npz,data/interim/gridsat/2019/gridsat_2019.09.23.00.npz,data/interim/gridsat/2019/gridsat_2019.09.23.03.npz,20.4,65.7,40.0,996.0,CS,20.2,62.9,55.0,988.0,SCS,20.1,60.3,70.0,980.0,VSCS,19.5,55.5,30.0,999.0,DD
NIO_2019_HIKAA_20190923_0600Z,NIO_2019_HIKAA,VALIDATION,2019-09-23T06:00:00+00:00,data/interim/gridsat/2019/gridsat_2019.09.22.15.npz,data/interim/gridsat/2019/gridsat_2019.09.22.18.npz,data/interim/gridsat/2019/gridsat_2019.09.22.21.npz,data/interim/gridsat/2019/gridsat_2019.09.23.00.npz,data/interim/gridsat/2019/gridsat_2019.09.23.03.npz,data/interim/gridsat/2019/gridsat_2019.09.23.06.npz,20.3,65.0,45.0,994.0,CS,20.2,62.3,60.0,986.0,SCS,20.0,59.5,75.0,978.0,VSCS,19.3,55.0,25.0,1002.0,D
NIO_2019_KYARR_20191024_0600Z,NIO_2019_KYARR,VALIDATION,2019-10-24T06:00:00+00:00,data/interim/gridsat/2019/gridsat_2019.10.23.15.npz,data/interim/gridsat/2019/gridsat_2019.10.23.18.npz,data/interim/gridsat/2019/gridsat_2019.10.23.21.npz,data/interim/gridsat/2019/gridsat_2019.10.24.00.npz,data/interim/gridsat/2019/gridsat_2019.10.24.03.npz,data/interim/gridsat/2019/gridsat_2019.10.24.06.npz,15.4,70.4,25.0,1000.0,D,15.7,71.3,30.0,997.0,DD,16.1,71.8,45.0,994.0,CS,16.6,70.0,75.0,978.0,VSCS
NIO_2019_KYARR_20191024_1200Z,NIO_2019_KYARR,VALIDATION,2019-10-24T12:00:00+00:00,data/interim/gridsat/2019/gridsat_2019.10.23.21.npz,data/interim/gridsat/2019/gridsat_2019.10.24.00.npz,data/interim/gridsat/2019/gridsat_2019.10.24.03.npz,data/interim/gridsat/2019/gridsat_2019.10.24.06.npz,data/interim/gridsat/2019/gridsat_2019.10.24.09.npz,data/interim/gridsat/2019/gridsat_2019.10.24.12.npz,15.5,70.8,30.0,998.0,DD,15.9,71.5,40.0,996.0,CS,16.3,71.7,50.0,992.0,SCS,16.7,69.4,85.0,970.0,VSCS
NIO_2019_KYARR_20191024_1800Z,NIO_2019_KYARR,VALIDATION,2019-10-24T18:00:00+00:00,data/interim/gridsat/2019/gridsat_2019.10.24.03.npz,data/interim/gridsat/2019/gridsat_2019.10.24.06.npz,data/interim/gridsat/2019/gridsat_2019.10.24.09.npz,data/interim/gridsat/2019/gridsat_2019.10.24.12.npz,data/interim/gridsat/2019/gridsat_2019.10.24.15.npz,data/interim/gridsat/2019/gridsat_2019.10.24.18.npz,15.7,71.3,30.0,997.0,DD,16.1,71.8,45.0,994.0,CS,16.4,71.5,55.0,990.0,SCS,16.8,68.9,105.0,950.0,ESCS
NIO_2019_KYARR_20191025_0000Z,NIO_2019_KYARR,VALIDATION,2019-10-25T00:00:00+00:00,data/interim/gridsat/2019/gridsat_2019.10.24.09.npz,data/interim/gridsat/2019/gridsat_2019.10.24.12.npz,data/interim/gridsat/2019/gridsat_2019.10.24.15.npz,data/interim/gridsat/2019/gridsat_2019.10.24.18.npz,data/interim/gridsat/2019/gridsat_2019.10.24.21.npz,data/interim/gridsat/2019/gridsat_2019.10.25.00.npz,15.9,71.5,40.0,996.0,CS,16.3,71.7,50.0,992.0,SCS,16.5,70.8,65.0,984.0,VSCS,17.0,68.2,120.0,934.0,SuCS
NIO_2019_KYARR_20191025_0300Z,NIO_2019_KYARR,VALIDATION,2019-10-25T03:00:00+00:00,data/interim/gridsat/2019/gridsat_2019.10.24.12.npz,data/interim/gridsat/2019/gridsat_2019.10.24.15.npz,data/interim/gridsat/2019/gridsat_2019.10.24.18.npz,data/interim/gridsat/2019/gridsat_2019.10.24.21.npz,data/interim/gridsat/2019/gridsat_2019.10.25.00.npz,data/interim/gridsat/2019/gridsat_2019.10.25.03.npz,16.0,71.6,40.0,996.0,CS,16.3,71.7,55.0,991.0,SCS,16.6,70.5,65.0,984.0,VSCS,17.1,67.8,125.0,928.0,SuCS
NIO_2019_KYARR_20191025_0600Z,NIO_2019_KYARR,VALIDATION,2019-10-25T06:00:00+00:00,data/interim/gridsat/2019/gridsat_2019.10.24.15.npz,data/interim/gridsat/2019/gridsat_2019.10.24.18.npz,data/interim/gridsat/2019/gridsat_2019.10.24.21.npz,data/interim/gridsat/2019/gridsat_2019.10.25.00.npz,data/interim/gridsat/2019/gridsat_2019.10.25.03.npz,data/interim/gridsat/2019/gridsat_2019.10.25.06.npz,16.1,71.8,45.0,994.0,CS,16.4,71.5,55.0,990.0,SCS,16.6,70.0,75.0,978.0,VSCS,17.2,67.3,125.0,928.0,SuCS
NIO_2019_KYARR_20191025_0900Z,NIO_2019_KYARR,VALIDATION,2019-10-25T09:00:00+00:00,data/interim/gridsat/2019/gridsat_2019.10.24.18.npz,data/interim/gridsat/2019/gridsat_2019.10.24.21.npz,data/interim/gridsat/2019/gridsat_2019.10.25.00.npz,data/interim/gridsat/2019/gridsat_2019.10.25.03.npz,data/interim/gridsat/2019/gridsat_2019.10.25.06.npz,data/interim/gridsat/2019/gridsat_2019.10.25.09.npz,16.2,71.7,45.0,994.0,CS,16.5,71.2,60.0,988.0,SCS,16.6,69.8,80.0,974.0,VSCS,17.4,67.0,130.0,922.0,SuCS
NIO_2019_KYARR_20191025_1200Z,NIO_2019_KYARR,VALIDATION,2019-10-25T12:00:00+00:00,data/interim/gridsat/2019/gridsat_2019.10.24.21.npz,data/interim/gridsat/2019/gridsat_2019.10.25.00.npz,data/interim/gridsat/2019/gridsat_2019.10.25.03.npz,data/interim/gridsat/2019/gridsat_2019.10.25.06.npz,data/interim/gridsat/2019/gridsat_2019.10.25.09.npz,data/interim/gridsat/2019/gridsat_2019.10.25.12.npz,16.3,71.7,50.0,992.0,SCS,16.5,70.8,65.0,984.0,VSCS,16.7,69.4,85.0,970.0,VSCS,17.5,66.7,130.0,922.0,SuCS
NIO_2019_KYARR_20191025_1500Z,NIO_2019_KYARR,VALIDATION,2019-10-25T15:00:00+00:00,data/interim/gridsat/2019/gridsat_2019.10.25.00.npz,data/interim/gridsat/2019/gridsat_2019.10.25.03.npz,data/interim/gridsat/2019/gridsat_2019.10.25.06.npz,data/interim/gridsat/2019/gridsat_2019.10.25.09.npz,data/interim/gridsat/2019/gridsat_2019.10.25.12.npz,data/interim/gridsat/2019/gridsat_2019.10.25.15.npz,16.3,71.7,55.0,991.0,SCS,16.6,70.5,65.0,984.0,VSCS,16.7,69.1,90.0,966.0,ESCS,17.5,66.5,130.0,922.0,SuCS
NIO_2019_KYARR_20191025_1800Z,NIO_2019_KYARR,VALIDATION,2019-10-25T18:00:00+00:00,data/interim/gridsat/2019/gridsat_2019.10.25.03.npz,data/interim/gridsat/2019/gridsat_2019.10.25.06.npz,data/interim/gridsat/2019/gridsat_2019.10.25.09.npz,data/interim/gridsat/2019/gridsat_2019.10.25.12.npz,data/interim/gridsat/2019/gridsat_2019.10.25.15.npz,data/interim/gridsat/2019/gridsat_2019.10.25.18.npz,16.4,71.5,55.0,990.0,SCS,16.6,70.0,75.0,978.0,VSCS,16.8,68.9,105.0,950.0,ESCS,17.8,66.3,130.0,922.0,SuCS
NIO_2019_KYARR_20191025_2100Z,NIO_2019_KYARR,VALIDATION,2019-10-25T21:00:00+00:00,data/interim/gridsat/2019/gridsat_2019.10.25.06.npz,data/interim/gridsat/2019/gridsat_2019.10.25.09.npz,data/interim/gridsat/2019/gridsat_2019.10.25.12.npz,data/interim/gridsat/2019/gridsat_2019.10.25.15.npz,data/interim/gridsat/2019/gridsat_2019.10.25.18.npz,data/interim/gridsat/2019/gridsat_2019.10.25.21.npz,16.5,71.2,60.0,988.0,SCS,16.6,69.8,80.0,974.0,VSCS,16.9,68.5,110.0,946.0,ESCS,18.0,65.7,125.0,926.0,SuCS
NIO_2019_KYARR_20191026_0000Z,NIO_2019_KYARR,VALIDATION,2019-10-26T00:00:00+00:00,data/interim/gridsat/2019/gridsat_2019.10.25.09.npz,data/interim/gridsat/2019/gridsat_2019.10.25.12.npz,data/interim/gridsat/2019/gridsat_2019.10.25.15.npz,data/interim/gridsat/2019/gridsat_2019.10.25.18.npz,data/interim/gridsat/2019/gridsat_2019.10.25.21.npz,data/interim/gridsat/2019/gridsat_2019.10.26.00.npz,16.5,70.8,65.0,984.0,VSCS,16.7,69.4,85.0,970.0,VSCS,17.0,68.2,120.0,934.0,SuCS,18.1,65.4,125.0,928.0,SuCS
NIO_2019_KYARR_20191026_0300Z,NIO_2019_KYARR,VALIDATION,2019-10-26T03:00:00+00:00,data/interim/gridsat/2019/gridsat_2019.10.25.12.npz,data/interim/gridsat/2019/gridsat_2019.10.25.15.npz,data/interim/gridsat/2019/gridsat_2019.10.25.18.npz,data/interim/gridsat/2019/gridsat_2019.10.25.21.npz,data/interim/gridsat/2019/gridsat_2019.10.26.00.npz,data/interim/gridsat/2019/gridsat_2019.10.26.03.npz,16.6,70.5,65.0,984.0,VSCS,16.7,69.1,90.0,966.0,ESCS,17.1,67.8,125.0,928.0,SuCS,18.2,65.0,125.0,928.0,SuCS
NIO_2019_KYARR_20191026_0600Z,NIO_2019_KYARR,VALIDATION,2019-10-26T06:00:00+00:00,data/interim/gridsat/2019/gridsat_2019.10.25.15.npz,data/interim/gridsat/2019/gridsat_2019.10.25.18.npz,data/interim/gridsat/2019/gridsat_2019.10.25.21.npz,data/interim/gridsat/2019/gridsat_2019.10.26.00.npz,data/interim/gridsat/2019/gridsat_2019.10.26.03.npz,data/interim/gridsat/2019/gridsat_2019.10.26.06.npz,16.6,70.0,75.0,978.0,VSCS,16.8,68.9,105.0,950.0,ESCS,17.2,67.3,125.0,928.0,SuCS,18.3,64.7,125.0,928.0,SuCS
NIO_2019_KYARR_20191026_0900Z,NIO_2019_KYARR,VALIDATION,2019-10-26T09:00:00+00:00,data/interim/gridsat/2019/gridsat_2019.10.25.18.npz,data/interim/gridsat/2019/gridsat_2019.10.25.21.npz,data/interim/gridsat/2019/gridsat_2019.10.26.00.npz,data/interim/gridsat/2019/gridsat_2019.10.26.03.npz,data/interim/gridsat/2019/gridsat_2019.10.26.06.npz,data/interim/gridsat/2019/gridsat_2019.10.26.09.npz,16.6,69.8,80.0,974.0,VSCS,16.9,68.5,110.0,946.0,ESCS,17.4,67.0,130.0,922.0,SuCS,18.4,64.5,125.0,928.0,SuCS
NIO_2019_KYARR_20191026_1200Z,NIO_2019_KYARR,VALIDATION,2019-10-26T12:00:00+00:00,data/interim/gridsat/2019/gridsat_2019.10.25.21.npz,data/interim/gridsat/2019/gridsat_2019.10.26.00.npz,data/interim/gridsat/2019/gridsat_2019.10.26.03.npz,data/interim/gridsat/2019/gridsat_2019.10.26.06.npz,data/interim/gridsat/2019/gridsat_2019.10.26.09.npz,data/interim/gridsat/2019/gridsat_2019.10.26.12.npz,16.7,69.4,85.0,970.0,VSCS,17.0,68.2,120.0,934.0,SuCS,17.5,66.7,130.0,922.0,SuCS,18.5,64.3,125.0,928.0,SuCS
NIO_2019_KYARR_20191026_1500Z,NIO_2019_KYARR,VALIDATION,2019-10-26T15:00:00+00:00,data/interim/gridsat/2019/gridsat_2019.10.26.00.npz,data/interim/gridsat/2019/gridsat_2019.10.26.03.npz,data/interim/gridsat/2019/gridsat_2019.10.26.06.npz,data/interim/gridsat/2019/gridsat_2019.10.26.09.npz,data/interim/gridsat/2019/gridsat_2019.10.26.12.npz,data/interim/gridsat/2019/gridsat_2019.10.26.15.npz,16.7,69.1,90.0,966.0,ESCS,17.1,67.8,125.0,928.0,SuCS,17.5,66.5,130.0,922.0,SuCS,18.7,64.1,125.0,928.0,SuCS
NIO_2019_KYARR_20191026_1800Z,NIO_2019_KYARR,VALIDATION,2019-10-26T18:00:00+00:00,data/interim/gridsat/2019/gridsat_2019.10.26.03.npz,data/interim/gridsat/2019/gridsat_2019.10.26.06.npz,data/interim/gridsat/2019/gridsat_2019.10.26.09.npz,data/interim/gridsat/2019/gridsat_2019.10.26.12.npz,data/interim/gridsat/2019/gridsat_2019.10.26.15.npz,data/interim/gridsat/2019/gridsat_2019.10.26.18.npz,16.8,68.9,105.0,950.0,ESCS,17.2,67.3,125.0,928.0,SuCS,17.8,66.3,130.0,922.0,SuCS,18.8,63.9,125.0,930.0,SuCS
NIO_2019_KYARR_20191026_2100Z,NIO_2019_KYARR,VALIDATION,2019-10-26T21:00:00+00:00,data/interim/gridsat/2019/gridsat_2019.10.26.06.npz,data/interim/gridsat/2019/gridsat_2019.10.26.09.npz,data/interim/gridsat/2019/gridsat_2019.10.26.12.npz,data/interim/gridsat/2019/gridsat_2019.10.26.15.npz,data/interim/gridsat/2019/gridsat_2019.10.26.18.npz,data/interim/gridsat/2019/gridsat_2019.10.26.21.npz,16.9,68.5,110.0,946.0,ESCS,17.4,67.0,130.0,922.0,SuCS,18.0,65.7,125.0,926.0,SuCS,18.9,63.8,125.0,930.0,SuCS
NIO_2019_KYARR_20191027_0000Z,NIO_2019_KYARR,VALIDATION,2019-10-27T00:00:00+00:00,data/interim/gridsat/2019/gridsat_2019.10.26.09.npz,data/interim/gridsat/2019/gridsat_2019.10.26.12.npz,data/interim/gridsat/2019/gridsat_2019.10.26.15.npz,data/interim/gridsat/2019/gridsat_2019.10.26.18.npz,data/interim/gridsat/2019/gridsat_2019.10.26.21.npz,data/interim/gridsat/2019/gridsat_2019.10.27.00.npz,17.0,68.2,120.0,934.0,SuCS,17.5,66.7,130.0,922.0,SuCS,18.1,65.4,125.0,928.0,SuCS,19.1,63.5,120.0,934.0,SuCS
NIO_2019_KYARR_20191027_0300Z,NIO_2019_KYARR,VALIDATION,2019-10-27T03:00:00+00:00,data/interim/gridsat/2019/gridsat_2019.10.26.12.npz,data/interim/gridsat/2019/gridsat_2019.10.26.15.npz,data/interim/gridsat/2019/gridsat_2019.10.26.18.npz,data/interim/gridsat/2019/gridsat_2019.10.26.21.npz,data/interim/gridsat/2019/gridsat_2019.10.27.00.npz,data/interim/gridsat/2019/gridsat_2019.10.27.03.npz,17.1,67.8,125.0,928.0,SuCS,17.5,66.5,130.0,922.0,SuCS,18.2,65.0,125.0,928.0,SuCS,19.2,63.4,115.0,940.0,ESCS
NIO_2019_KYARR_20191027_0600Z,NIO_2019_KYARR,VALIDATION,2019-10-27T06:00:00+00:00,data/interim/gridsat/2019/gridsat_2019.10.26.15.npz,data/interim/gridsat/2019/gridsat_2019.10.26.18.npz,data/interim/gridsat/2019/gridsat_2019.10.26.21.npz,data/interim/gridsat/2019/gridsat_2019.10.27.00.npz,data/interim/gridsat/2019/gridsat_2019.10.27.03.npz,data/interim/gridsat/2019/gridsat_2019.10.27.06.npz,17.2,67.3,125.0,928.0,SuCS,17.8,66.3,130.0,922.0,SuCS,18.3,64.7,125.0,928.0,SuCS,19.4,63.2,110.0,946.0,ESCS
NIO_2019_KYARR_20191027_0900Z,NIO_2019_KYARR,VALIDATION,2019-10-27T09:00:00+00:00,data/interim/gridsat/2019/gridsat_2019.10.26.18.npz,data/interim/gridsat/2019/gridsat_2019.10.26.21.npz,data/interim/gridsat/2019/gridsat_2019.10.27.00.npz,data/interim/gridsat/2019/gridsat_2019.10.27.03.npz,data/interim/gridsat/2019/gridsat_2019.10.27.06.npz,data/interim/gridsat/2019/gridsat_2019.10.27.09.npz,17.4,67.0,130.0,922.0,SuCS,18.0,65.7,125.0,926.0,SuCS,18.4,64.5,125.0,928.0,SuCS,19.4,63.1,105.0,950.0,ESCS
NIO_2019_KYARR_20191027_1200Z,NIO_2019_KYARR,VALIDATION,2019-10-27T12:00:00+00:00,data/interim/gridsat/2019/gridsat_2019.10.26.21.npz,data/interim/gridsat/2019/gridsat_2019.10.27.00.npz,data/interim/gridsat/2019/gridsat_2019.10.27.03.npz,data/interim/gridsat/2019/gridsat_2019.10.27.06.npz,data/interim/gridsat/2019/gridsat_2019.10.27.09.npz,data/interim/gridsat/2019/gridsat_2019.10.27.12.npz,17.5,66.7,130.0,922.0,SuCS,18.1,65.4,125.0,928.0,SuCS,18.5,64.3,125.0,928.0,SuCS,19.5,63.1,100.0,956.0,ESCS
NIO_2019_KYARR_20191027_1500Z,NIO_2019_KYARR,VALIDATION,2019-10-27T15:00:00+00:00,data/interim/gridsat/2019/gridsat_2019.10.27.00.npz,data/interim/gridsat/2019/gridsat_2019.10.27.03.npz,data/interim/gridsat/2019/gridsat_2019.10.27.06.npz,data/interim/gridsat/2019/gridsat_2019.10.27.09.npz,data/interim/gridsat/2019/gridsat_2019.10.27.12.npz,data/interim/gridsat/2019/gridsat_2019.10.27.15.npz,17.5,66.5,130.0,922.0,SuCS,18.2,65.0,125.0,928.0,SuCS,18.7,64.1,125.0,928.0,SuCS,19.5,62.9,100.0,956.0,ESCS
NIO_2019_KYARR_20191027_1800Z,NIO_2019_KYARR,VALIDATION,2019-10-27T18:00:00+00:00,data/interim/gridsat/2019/gridsat_2019.10.27.03.npz,data/interim/gridsat/2019/gridsat_2019.10.27.06.npz,data/interim/gridsat/2019/gridsat_2019.10.27.09.npz,data/interim/gridsat/2019/gridsat_2019.10.27.12.npz,data/interim/gridsat/2019/gridsat_2019.10.27.15.npz,data/interim/gridsat/2019/gridsat_2019.10.27.18.npz,17.8,66.3,130.0,922.0,SuCS,18.3,64.7,125.0,928.0,SuCS,18.8,63.9,125.0,930.0,SuCS,19.6,62.8,95.0,960.0,ESCS
NIO_2019_KYARR_20191027_2100Z,NIO_2019_KYARR,VALIDATION,2019-10-27T21:00:00+00:00,data/interim/gridsat/2019/gridsat_2019.10.27.06.npz,data/interim/gridsat/2019/gridsat_2019.10.27.09.npz,data/interim/gridsat/2019/gridsat_2019.10.27.12.npz,data/interim/gridsat/2019/gridsat_2019.10.27.15.npz,data/interim/gridsat/2019/gridsat_2019.10.27.18.npz,data/interim/gridsat/2019/gridsat_2019.10.27.21.npz,18.0,65.7,125.0,926.0,SuCS,18.4,64.5,125.0,928.0,SuCS,18.9,63.8,125.0,930.0,SuCS,19.6,62.6,90.0,966.0,ESCS
NIO_2019_KYARR_20191028_0000Z,NIO_2019_KYARR,VALIDATION,2019-10-28T00:00:00+00:00,data/interim/gridsat/2019/gridsat_2019.10.27.09.npz,data/interim/gridsat/2019/gridsat_2019.10.27.12.npz,data/interim/gridsat/2019/gridsat_2019.10.27.15.npz,data/interim/gridsat/2019/gridsat_2019.10.27.18.npz,data/interim/gridsat/2019/gridsat_2019.10.27.21.npz,data/interim/gridsat/2019/gridsat_2019.10.28.00.npz,18.1,65.4,125.0,928.0,SuCS,18.5,64.3,125.0,928.0,SuCS,19.1,63.5,120.0,934.0,SuCS,19.6,62.3,85.0,970.0,VSCS
NIO_2019_KYARR_20191028_0300Z,NIO_2019_KYARR,VALIDATION,2019-10-28T03:00:00+00:00,data/interim/gridsat/2019/gridsat_2019.10.27.12.npz,data/interim/gridsat/2019/gridsat_2019.10.27.15.npz,data/interim/gridsat/2019/gridsat_2019.10.27.18.npz,data/interim/gridsat/2019/gridsat_2019.10.27.21.npz,data/interim/gridsat/2019/gridsat_2019.10.28.00.npz,data/interim/gridsat/2019/gridsat_2019.10.28.03.npz,18.2,65.0,125.0,928.0,SuCS,18.7,64.1,125.0,928.0,SuCS,19.2,63.4,115.0,940.0,ESCS,19.6,62.1,80.0,974.0,VSCS
NIO_2019_KYARR_20191028_0600Z,NIO_2019_KYARR,VALIDATION,2019-10-28T06:00:00+00:00,data/interim/gridsat/2019/gridsat_2019.10.27.15.npz,data/interim/gridsat/2019/gridsat_2019.10.27.18.npz,data/interim/gridsat/2019/gridsat_2019.10.27.21.npz,data/interim/gridsat/2019/gridsat_2019.10.28.00.npz,data/interim/gridsat/2019/gridsat_2019.10.28.03.npz,data/interim/gridsat/2019/gridsat_2019.10.28.06.npz,18.3,64.7,125.0,928.0,SuCS,18.8,63.9,125.0,930.0,SuCS,19.4,63.2,110.0,946.0,ESCS,19.4,61.8,75.0,978.0,VSCS
NIO_2019_KYARR_20191028_0900Z,NIO_2019_KYARR,VALIDATION,2019-10-28T09:00:00+00:00,data/interim/gridsat/2019/gridsat_2019.10.27.18.npz,data/interim/gridsat/2019/gridsat_2019.10.27.21.npz,data/interim/gridsat/2019/gridsat_2019.10.28.00.npz,data/interim/gridsat/2019/gridsat_2019.10.28.03.npz,data/interim/gridsat/2019/gridsat_2019.10.28.06.npz,data/interim/gridsat/2019/gridsat_2019.10.28.09.npz,18.4,64.5,125.0,928.0,SuCS,18.9,63.8,125.0,930.0,SuCS,19.4,63.1,105.0,950.0,ESCS,19.3,61.7,70.0,982.0,VSCS
NIO_2019_KYARR_20191028_1200Z,NIO_2019_KYARR,VALIDATION,2019-10-28T12:00:00+00:00,data/interim/gridsat/2019/gridsat_2019.10.27.21.npz,data/interim/gridsat/2019/gridsat_2019.10.28.00.npz,data/interim/gridsat/2019/gridsat_2019.10.28.03.npz,data/interim/gridsat/2019/gridsat_2019.10.28.06.npz,data/interim/gridsat/2019/gridsat_2019.10.28.09.npz,data/interim/gridsat/2019/gridsat_2019.10.28.12.npz,18.5,64.3,125.0,928.0,SuCS,19.1,63.5,120.0,934.0,SuCS,19.5,63.1,100.0,956.0,ESCS,19.0,61.5,65.0,984.0,VSCS
NIO_2019_KYARR_20191028_1500Z,NIO_2019_KYARR,VALIDATION,2019-10-28T15:00:00+00:00,data/interim/gridsat/2019/gridsat_2019.10.28.00.npz,data/interim/gridsat/2019/gridsat_2019.10.28.03.npz,data/interim/gridsat/2019/gridsat_2019.10.28.06.npz,data/interim/gridsat/2019/gridsat_2019.10.28.09.npz,data/interim/gridsat/2019/gridsat_2019.10.28.12.npz,data/interim/gridsat/2019/gridsat_2019.10.28.15.npz,18.7,64.1,125.0,928.0,SuCS,19.2,63.4,115.0,940.0,ESCS,19.5,62.9,100.0,956.0,ESCS,18.9,61.2,60.0,988.0,SCS
NIO_2019_KYARR_20191028_1800Z,NIO_2019_KYARR,VALIDATION,2019-10-28T18:00:00+00:00,data/interim/gridsat/2019/gridsat_2019.10.28.03.npz,data/interim/gridsat/2019/gridsat_2019.10.28.06.npz,data/interim/gridsat/2019/gridsat_2019.10.28.09.npz,data/interim/gridsat/2019/gridsat_2019.10.28.12.npz,data/interim/gridsat/2019/gridsat_2019.10.28.15.npz,data/interim/gridsat/2019/gridsat_2019.10.28.18.npz,18.8,63.9,125.0,930.0,SuCS,19.4,63.2,110.0,946.0,ESCS,19.6,62.8,95.0,960.0,ESCS,18.7,61.0,55.0,990.0,SCS
NIO_2019_KYARR_20191028_2100Z,NIO_2019_KYARR,VALIDATION,2019-10-28T21:00:00+00:00,data/interim/gridsat/2019/gridsat_2019.10.28.06.npz,data/interim/gridsat/2019/gridsat_2019.10.28.09.npz,data/interim/gridsat/2019/gridsat_2019.10.28.12.npz,data/interim/gridsat/2019/gridsat_2019.10.28.15.npz,data/interim/gridsat/2019/gridsat_2019.10.28.18.npz,data/interim/gridsat/2019/gridsat_2019.10.28.21.npz,18.9,63.8,125.0,930.0,SuCS,19.4,63.1,105.0,950.0,ESCS,19.6,62.6,90.0,966.0,ESCS,18.5,60.7,55.0,991.0,SCS
NIO_2019_KYARR_20191029_0000Z,NIO_2019_KYARR,VALIDATION,2019-10-29T00:00:00+00:00,data/interim/gridsat/2019/gridsat_2019.10.28.09.npz,data/interim/gridsat/2019/gridsat_2019.10.28.12.npz,data/interim/gridsat/2019/gridsat_2019.10.28.15.npz,data/interim/gridsat/2019/gridsat_2019.10.28.18.npz,data/interim/gridsat/2019/gridsat_2019.10.28.21.npz,data/interim/gridsat/2019/gridsat_2019.10.29.00.npz,19.1,63.5,120.0,934.0,SuCS,19.5,63.1,100.0,956.0,ESCS,19.6,62.3,85.0,970.0,VSCS,18.4,60.5,50.0,994.0,SCS
NIO_2019_KYARR_20191029_0300Z,NIO_2019_KYARR,VALIDATION,2019-10-29T03:00:00+00:00,data/interim/gridsat/2019/gridsat_2019.10.28.12.npz,data/interim/gridsat/2019/gridsat_2019.10.28.15.npz,data/interim/gridsat/2019/gridsat_2019.10.28.18.npz,data/interim/gridsat/2019/gridsat_2019.10.28.21.npz,data/interim/gridsat/2019/gridsat_2019.10.29.00.npz,data/interim/gridsat/2019/gridsat_2019.10.29.03.npz,19.2,63.4,115.0,940.0,ESCS,19.5,62.9,100.0,956.0,ESCS,19.6,62.1,80.0,974.0,VSCS,18.0,60.2,45.0,996.0,CS
NIO_2019_KYARR_20191029_0600Z,NIO_2019_KYARR,VALIDATION,2019-10-29T06:00:00+00:00,data/interim/gridsat/2019/gridsat_2019.10.28.15.npz,data/interim/gridsat/2019/gridsat_2019.10.28.18.npz,data/interim/gridsat/2019/gridsat_2019.10.28.21.npz,data/interim/gridsat/2019/gridsat_2019.10.29.00.npz,data/interim/gridsat/2019/gridsat_2019.10.29.03.npz,data/interim/gridsat/2019/gridsat_2019.10.29.06.npz,19.4,63.2,110.0,946.0,ESCS,19.6,62.8,95.0,960.0,ESCS,19.4,61.8,75.0,978.0,VSCS,17.7,60.1,40.0,998.0,CS
NIO_2019_KYARR_20191029_0900Z,NIO_2019_KYARR,VALIDATION,2019-10-29T09:00:00+00:00,data/interim/gridsat/2019/gridsat_2019.10.28.18.npz,data/interim/gridsat/2019/gridsat_2019.10.28.21.npz,data/interim/gridsat/2019/gridsat_2019.10.29.00.npz,data/interim/gridsat/2019/gridsat_2019.10.29.03.npz,data/interim/gridsat/2019/gridsat_2019.10.29.06.npz,data/interim/gridsat/2019/gridsat_2019.10.29.09.npz,19.4,63.1,105.0,950.0,ESCS,19.6,62.6,90.0,966.0,ESCS,19.3,61.7,70.0,982.0,VSCS,17.5,60.0,40.0,998.0,CS
NIO_2019_KYARR_20191029_1200Z,NIO_2019_KYARR,VALIDATION,2019-10-29T12:00:00+00:00,data/interim/gridsat/2019/gridsat_2019.10.28.21.npz,data/interim/gridsat/2019/gridsat_2019.10.29.00.npz,data/interim/gridsat/2019/gridsat_2019.10.29.03.npz,data/interim/gridsat/2019/gridsat_2019.10.29.06.npz,data/interim/gridsat/2019/gridsat_2019.10.29.09.npz,data/interim/gridsat/2019/gridsat_2019.10.29.12.npz,19.5,63.1,100.0,956.0,ESCS,19.6,62.3,85.0,970.0,VSCS,19.0,61.5,65.0,984.0,VSCS,17.4,59.9,35.0,999.0,CS
NIO_2019_KYARR_20191029_1500Z,NIO_2019_KYARR,VALIDATION,2019-10-29T15:00:00+00:00,data/interim/gridsat/2019/gridsat_2019.10.29.00.npz,data/interim/gridsat/2019/gridsat_2019.10.29.03.npz,data/interim/gridsat/2019/gridsat_2019.10.29.06.npz,data/interim/gridsat/2019/gridsat_2019.10.29.09.npz,data/interim/gridsat/2019/gridsat_2019.10.29.12.npz,data/interim/gridsat/2019/gridsat_2019.10.29.15.npz,19.5,62.9,100.0,956.0,ESCS,19.6,62.1,80.0,974.0,VSCS,18.9,61.2,60.0,988.0,SCS,17.2,59.6,30.0,1001.0,DD
NIO_2019_KYARR_20191029_1800Z,NIO_2019_KYARR,VALIDATION,2019-10-29T18:00:00+00:00,data/interim/gridsat/2019/gridsat_2019.10.29.03.npz,data/interim/gridsat/2019/gridsat_2019.10.29.06.npz,data/interim/gridsat/2019/gridsat_2019.10.29.09.npz,data/interim/gridsat/2019/gridsat_2019.10.29.12.npz,data/interim/gridsat/2019/gridsat_2019.10.29.15.npz,data/interim/gridsat/2019/gridsat_2019.10.29.18.npz,19.6,62.8,95.0,960.0,ESCS,19.4,61.8,75.0,978.0,VSCS,18.7,61.0,55.0,990.0,SCS,16.8,59.6,30.0,1001.0,DD
NIO_2019_KYARR_20191029_2100Z,NIO_2019_KYARR,VALIDATION,2019-10-29T21:00:00+00:00,data/interim/gridsat/2019/gridsat_2019.10.29.06.npz,data/interim/gridsat/2019/gridsat_2019.10.29.09.npz,data/interim/gridsat/2019/gridsat_2019.10.29.12.npz,data/interim/gridsat/2019/gridsat_2019.10.29.15.npz,data/interim/gridsat/2019/gridsat_2019.10.29.18.npz,data/interim/gridsat/2019/gridsat_2019.10.29.21.npz,19.6,62.6,90.0,966.0,ESCS,19.3,61.7,70.0,982.0,VSCS,18.5,60.7,55.0,991.0,SCS,16.7,59.5,30.0,1001.0,DD
NIO_2019_KYARR_20191030_0000Z,NIO_2019_KYARR,VALIDATION,2019-10-30T00:00:00+00:00,data/interim/gridsat/2019/gridsat_2019.10.29.09.npz,data/interim/gridsat/2019/gridsat_2019.10.29.12.npz,data/interim/gridsat/2019/gridsat_2019.10.29.15.npz,data/interim/gridsat/2019/gridsat_2019.10.29.18.npz,data/interim/gridsat/2019/gridsat_2019.10.29.21.npz,data/interim/gridsat/2019/gridsat_2019.10.30.00.npz,19.6,62.3,85.0,970.0,VSCS,19.0,61.5,65.0,984.0,VSCS,18.4,60.5,50.0,994.0,SCS,16.5,59.3,25.0,1002.0,D
NIO_2019_KYARR_20191030_0300Z,NIO_2019_KYARR,VALIDATION,2019-10-30T03:00:00+00:00,data/interim/gridsat/2019/gridsat_2019.10.29.12.npz,data/interim/gridsat/2019/gridsat_2019.10.29.15.npz,data/interim/gridsat/2019/gridsat_2019.10.29.18.npz,data/interim/gridsat/2019/gridsat_2019.10.29.21.npz,data/interim/gridsat/2019/gridsat_2019.10.30.00.npz,data/interim/gridsat/2019/gridsat_2019.10.30.03.npz,19.6,62.1,80.0,974.0,VSCS,18.9,61.2,60.0,988.0,SCS,18.0,60.2,45.0,996.0,CS,16.3,59.0,25.0,1002.0,D
NIO_2019_KYARR_20191030_0600Z,NIO_2019_KYARR,VALIDATION,2019-10-30T06:00:00+00:00,data/interim/gridsat/2019/gridsat_2019.10.29.15.npz,data/interim/gridsat/2019/gridsat_2019.10.29.18.npz,data/interim/gridsat/2019/gridsat_2019.10.29.21.npz,data/interim/gridsat/2019/gridsat_2019.10.30.00.npz,data/interim/gridsat/2019/gridsat_2019.10.30.03.npz,data/interim/gridsat/2019/gridsat_2019.10.30.06.npz,19.4,61.8,75.0,978.0,VSCS,18.7,61.0,55.0,990.0,SCS,17.7,60.1,40.0,998.0,CS,16.0,58.7,25.0,1002.0,D
NIO_2019_KYARR_20191030_0900Z,NIO_2019_KYARR,VALIDATION,2019-10-30T09:00:00+00:00,data/interim/gridsat/2019/gridsat_2019.10.29.18.npz,data/interim/gridsat/2019/gridsat_2019.10.29.21.npz,data/interim/gridsat/2019/gridsat_2019.10.30.00.npz,data/interim/gridsat/2019/gridsat_2019.10.30.03.npz,data/interim/gridsat/2019/gridsat_2019.10.30.06.npz,data/interim/gridsat/2019/gridsat_2019.10.30.09.npz,19.3,61.7,70.0,982.0,VSCS,18.5,60.7,55.0,991.0,SCS,17.5,60.0,40.0,998.0,CS,15.8,58.4,25.0,1002.0,D
NIO_2019_KYARR_20191030_1200Z,NIO_2019_KYARR,VALIDATION,2019-10-30T12:00:00+00:00,data/interim/gridsat/2019/gridsat_2019.10.29.21.npz,data/interim/gridsat/2019/gridsat_2019.10.30.00.npz,data/interim/gridsat/2019/gridsat_2019.10.30.03.npz,data/interim/gridsat/2019/gridsat_2019.10.30.06.npz,data/interim/gridsat/2019/gridsat_2019.10.30.09.npz,data/interim/gridsat/2019/gridsat_2019.10.30.12.npz,19.0,61.5,65.0,984.0,VSCS,18.4,60.5,50.0,994.0,SCS,17.4,59.9,35.0,999.0,CS,15.4,57.5,25.0,1002.0,D
NIO_2019_KYARR_20191030_1500Z,NIO_2019_KYARR,VALIDATION,2019-10-30T15:00:00+00:00,data/interim/gridsat/2019/gridsat_2019.10.30.00.npz,data/interim/gridsat/2019/gridsat_2019.10.30.03.npz,data/interim/gridsat/2019/gridsat_2019.10.30.06.npz,data/interim/gridsat/2019/gridsat_2019.10.30.09.npz,data/interim/gridsat/2019/gridsat_2019.10.30.12.npz,data/interim/gridsat/2019/gridsat_2019.10.30.15.npz,18.9,61.2,60.0,988.0,SCS,18.0,60.2,45.0,996.0,CS,17.2,59.6,30.0,1001.0,DD,15.0,57.4,25.0,1002.0,D
NIO_2019_KYARR_20191030_1800Z,NIO_2019_KYARR,VALIDATION,2019-10-30T18:00:00+00:00,data/interim/gridsat/2019/gridsat_2019.10.30.03.npz,data/interim/gridsat/2019/gridsat_2019.10.30.06.npz,data/interim/gridsat/2019/gridsat_2019.10.30.09.npz,data/interim/gridsat/2019/gridsat_2019.10.30.12.npz,data/interim/gridsat/2019/gridsat_2019.10.30.15.npz,data/interim/gridsat/2019/gridsat_2019.10.30.18.npz,18.7,61.0,55.0,990.0,SCS,17.7,60.1,40.0,998.0,CS,16.8,59.6,30.0,1001.0,DD,14.5,57.0,25.0,1002.0,D
NIO_2019_KYARR_20191030_2100Z,NIO_2019_KYARR,VALIDATION,2019-10-30T21:00:00+00:00,data/interim/gridsat/2019/gridsat_2019.10.30.06.npz,data/interim/gridsat/2019/gridsat_2019.10.30.09.npz,data/interim/gridsat/2019/gridsat_2019.10.30.12.npz,data/interim/gridsat/2019/gridsat_2019.10.30.15.npz,data/interim/gridsat/2019/gridsat_2019.10.30.18.npz,data/interim/gridsat/2019/gridsat_2019.10.30.21.npz,18.5,60.7,55.0,991.0,SCS,17.5,60.0,40.0,998.0,CS,16.7,59.5,30.0,1001.0,DD,14.0,56.4,25.0,1002.0,D
NIO_2019_KYARR_20191031_0000Z,NIO_2019_KYARR,VALIDATION,2019-10-31T00:00:00+00:00,data/interim/gridsat/2019/gridsat_2019.10.30.09.npz,data/interim/gridsat/2019/gridsat_2019.10.30.12.npz,data/interim/gridsat/2019/gridsat_2019.10.30.15.npz,data/interim/gridsat/2019/gridsat_2019.10.30.18.npz,data/interim/gridsat/2019/gridsat_2019.10.30.21.npz,data/interim/gridsat/2019/gridsat_2019.10.31.00.npz,18.4,60.5,50.0,994.0,SCS,17.4,59.9,35.0,999.0,CS,16.5,59.3,25.0,1002.0,D,13.7,55.8,25.0,1002.0,D
NIO_2019_KYARR_20191031_0300Z,NIO_2019_KYARR,VALIDATION,2019-10-31T03:00:00+00:00,data/interim/gridsat/2019/gridsat_2019.10.30.12.npz,data/interim/gridsat/2019/gridsat_2019.10.30.15.npz,data/interim/gridsat/2019/gridsat_2019.10.30.18.npz,data/interim/gridsat/2019/gridsat_2019.10.30.21.npz,data/interim/gridsat/2019/gridsat_2019.10.31.00.npz,data/interim/gridsat/2019/gridsat_2019.10.31.03.npz,18.0,60.2,45.0,996.0,CS,17.2,59.6,30.0,1001.0,DD,16.3,59.0,25.0,1002.0,D,13.5,55.0,25.0,1003.0,D
NIO_2019_KYARR_20191031_0600Z,NIO_2019_KYARR,VALIDATION,2019-10-31T06:00:00+00:00,data/interim/gridsat/2019/gridsat_2019.10.30.15.npz,data/interim/gridsat/2019/gridsat_2019.10.30.18.npz,data/interim/gridsat/2019/gridsat_2019.10.30.21.npz,data/interim/gridsat/2019/gridsat_2019.10.31.00.npz,data/interim/gridsat/2019/gridsat_2019.10.31.03.npz,data/interim/gridsat/2019/gridsat_2019.10.31.06.npz,17.7,60.1,40.0,998.0,CS,16.8,59.6,30.0,1001.0,DD,16.0,58.7,25.0,1002.0,D,13.1,54.1,25.0,1003.0,D
NIO_2019_KYARR_20191031_0900Z,NIO_2019_KYARR,VALIDATION,2019-10-31T09:00:00+00:00,data/interim/gridsat/2019/gridsat_2019.10.30.18.npz,data/interim/gridsat/2019/gridsat_2019.10.30.21.npz,data/interim/gridsat/2019/gridsat_2019.10.31.00.npz,data/interim/gridsat/2019/gridsat_2019.10.31.03.npz,data/interim/gridsat/2019/gridsat_2019.10.31.06.npz,data/interim/gridsat/2019/gridsat_2019.10.31.09.npz,17.5,60.0,40.0,998.0,CS,16.7,59.5,30.0,1001.0,DD,15.8,58.4,25.0,1002.0,D,12.5,53.8,25.0,1003.0,D
NIO_2019_KYARR_20191031_1200Z,NIO_2019_KYARR,VALIDATION,2019-10-31T12:00:00+00:00,data/interim/gridsat/2019/gridsat_2019.10.30.21.npz,data/interim/gridsat/2019/gridsat_2019.10.31.00.npz,data/interim/gridsat/2019/gridsat_2019.10.31.03.npz,data/interim/gridsat/2019/gridsat_2019.10.31.06.npz,data/interim/gridsat/2019/gridsat_2019.10.31.09.npz,data/interim/gridsat/2019/gridsat_2019.10.31.12.npz,17.4,59.9,35.0,999.0,CS,16.5,59.3,25.0,1002.0,D,15.4,57.5,25.0,1002.0,D,12.5,53.0,20.0,1003.0,D
NIO_2019_KYARR_20191031_1500Z,NIO_2019_KYARR,VALIDATION,2019-10-31T15:00:00+00:00,data/interim/gridsat/2019/gridsat_2019.10.31.00.npz,data/interim/gridsat/2019/gridsat_2019.10.31.03.npz,data/interim/gridsat/2019/gridsat_2019.10.31.06.npz,data/interim/gridsat/2019/gridsat_2019.10.31.09.npz,data/interim/gridsat/2019/gridsat_2019.10.31.12.npz,data/interim/gridsat/2019/gridsat_2019.10.31.15.npz,17.2,59.6,30.0,1001.0,DD,16.3,59.0,25.0,1002.0,D,15.0,57.4,25.0,1002.0,D,12.0,52.5,20.0,1003.0,D
NIO_2019_PABUK_20190104_1200Z,NIO_2019_PABUK,VALIDATION,2019-01-04T12:00:00+00:00,data/interim/gridsat/2019/gridsat_2019.01.03.21.npz,data/interim/gridsat/2019/gridsat_2019.01.04.00.npz,data/interim/gridsat/2019/gridsat_2019.01.04.03.npz,data/interim/gridsat/2019/gridsat_2019.01.04.06.npz,data/interim/gridsat/2019/gridsat_2019.01.04.09.npz,data/interim/gridsat/2019/gridsat_2019.01.04.12.npz,8.5,99.7,45.0,998.0,CS,8.9,98.7,40.0,1000.0,CS,9.8,97.1,40.0,1000.0,CS,11.5,92.9,30.0,1003.0,DD
NIO_2019_PABUK_20190104_1800Z,NIO_2019_PABUK,VALIDATION,2019-01-04T18:00:00+00:00,data/interim/gridsat/2019/gridsat_2019.01.04.03.npz,data/interim/gridsat/2019/gridsat_2019.01.04.06.npz,data/interim/gridsat/2019/gridsat_2019.01.04.09.npz,data/interim/gridsat/2019/gridsat_2019.01.04.12.npz,data/interim/gridsat/2019/gridsat_2019.01.04.15.npz,data/interim/gridsat/2019/gridsat_2019.01.04.18.npz,8.7,99.2,45.0,998.0,CS,9.3,97.6,40.0,1000.0,CS,10.4,96.5,35.0,1001.0,CS,12.0,92.2,30.0,1003.0,DD
NIO_2019_PABUK_20190105_0000Z,NIO_2019_PABUK,VALIDATION,2019-01-05T00:00:00+00:00,data/interim/gridsat/2019/gridsat_2019.01.04.09.npz,data/interim/gridsat/2019/gridsat_2019.01.04.12.npz,data/interim/gridsat/2019/gridsat_2019.01.04.15.npz,data/interim/gridsat/2019/gridsat_2019.01.04.18.npz,data/interim/gridsat/2019/gridsat_2019.01.04.21.npz,data/interim/gridsat/2019/gridsat_2019.01.05.00.npz,8.9,98.7,40.0,1000.0,CS,9.8,97.1,40.0,1000.0,CS,11.0,95.5,35.0,1001.0,CS,12.6,92.0,25.0,1004.0,D
NIO_2019_PABUK_20190105_0300Z,NIO_2019_PABUK,VALIDATION,2019-01-05T03:00:00+00:00,data/interim/gridsat/2019/gridsat_2019.01.04.12.npz,data/interim/gridsat/2019/gridsat_2019.01.04.15.npz,data/interim/gridsat/2019/gridsat_2019.01.04.18.npz,data/interim/gridsat/2019/gridsat_2019.01.04.21.npz,data/interim/gridsat/2019/gridsat_2019.01.05.00.npz,data/interim/gridsat/2019/gridsat_2019.01.05.03.npz,9.1,98.1,40.0,1000.0,CS,10.1,96.8,40.0,1000.0,CS,11.1,94.6,35.0,1001.0,CS,12.8,92.0,25.0,1004.0,D
NIO_2019_PABUK_20190105_0600Z,NIO_2019_PABUK,VALIDATION,2019-01-05T06:00:00+00:00,data/interim/gridsat/2019/gridsat_2019.01.04.15.npz,data/interim/gridsat/2019/gridsat_2019.01.04.18.npz,data/interim/gridsat/2019/gridsat_2019.01.04.21.npz,data/interim/gridsat/2019/gridsat_2019.01.05.00.npz,data/interim/gridsat/2019/gridsat_2019.01.05.03.npz,data/interim/gridsat/2019/gridsat_2019.01.05.06.npz,9.3,97.6,40.0,1000.0,CS,10.4,96.5,35.0,1001.0,CS,11.2,94.0,30.0,1002.0,DD,12.8,92.0,25.0,1004.0,D
NIO_2019_PABUK_20190105_1200Z,NIO_2019_PABUK,VALIDATION,2019-01-05T12:00:00+00:00,data/interim/gridsat/2019/gridsat_2019.01.04.21.npz,data/interim/gridsat/2019/gridsat_2019.01.05.00.npz,data/interim/gridsat/2019/gridsat_2019.01.05.03.npz,data/interim/gridsat/2019/gridsat_2019.01.05.06.npz,data/interim/gridsat/2019/gridsat_2019.01.05.09.npz,data/interim/gridsat/2019/gridsat_2019.01.05.12.npz,9.8,97.1,40.0,1000.0,CS,11.0,95.5,35.0,1001.0,CS,11.5,92.9,30.0,1003.0,DD,13.1,92.0,25.0,1004.0,D
NIO_2019_PABUK_20190105_1800Z,NIO_2019_PABUK,VALIDATION,2019-01-05T18:00:00+00:00,data/interim/gridsat/2019/gridsat_2019.01.05.03.npz,data/interim/gridsat/2019/gridsat_2019.01.05.06.npz,data/interim/gridsat/2019/gridsat_2019.01.05.09.npz,data/interim/gridsat/2019/gridsat_2019.01.05.12.npz,data/interim/gridsat/2019/gridsat_2019.01.05.15.npz,data/interim/gridsat/2019/gridsat_2019.01.05.18.npz,10.4,96.5,35.0,1001.0,CS,11.2,94.0,30.0,1002.0,DD,12.0,92.2,30.0,1003.0,DD,13.1,92.0,20.0,1005.0,D
NIO_2019_PAWAN_20191202_1200Z,NIO_2019_PAWAN,VALIDATION,2019-12-02T12:00:00+00:00,data/interim/gridsat/2019/gridsat_2019.12.01.21.npz,data/interim/gridsat/2019/gridsat_2019.12.02.00.npz,data/interim/gridsat/2019/gridsat_2019.12.02.03.npz,data/interim/gridsat/2019/gridsat_2019.12.02.06.npz,data/interim/gridsat/2019/gridsat_2019.12.02.09.npz,data/interim/gridsat/2019/gridsat_2019.12.02.12.npz,5.7,56.6,25.0,1003.0,D,6.5,56.5,30.0,1001.0,DD,7.0,56.5,30.0,1000.0,DD,7.4,56.6,30.0,1000.0,DD
NIO_2019_PAWAN_20191202_1800Z,NIO_2019_PAWAN,VALIDATION,2019-12-02T18:00:00+00:00,data/interim/gridsat/2019/gridsat_2019.12.02.03.npz,data/interim/gridsat/2019/gridsat_2019.12.02.06.npz,data/interim/gridsat/2019/gridsat_2019.12.02.09.npz,data/interim/gridsat/2019/gridsat_2019.12.02.12.npz,data/interim/gridsat/2019/gridsat_2019.12.02.15.npz,data/interim/gridsat/2019/gridsat_2019.12.02.18.npz,6.1,56.5,25.0,1002.0,D,7.0,56.3,30.0,1000.0,DD,7.0,56.6,30.0,1000.0,DD,8.5,56.7,30.0,1000.0,DD
NIO_2019_PAWAN_20191203_0000Z,NIO_2019_PAWAN,VALIDATION,2019-12-03T00:00:00+00:00,data/interim/gridsat/2019/gridsat_2019.12.02.09.npz,data/interim/gridsat/2019/gridsat_2019.12.02.12.npz,data/interim/gridsat/2019/gridsat_2019.12.02.15.npz,data/interim/gridsat/2019/gridsat_2019.12.02.18.npz,data/interim/gridsat/2019/gridsat_2019.12.02.21.npz,data/interim/gridsat/2019/gridsat_2019.12.03.00.npz,6.5,56.5,30.0,1001.0,DD,7.0,56.5,30.0,1000.0,DD,7.2,56.6,30.0,1000.0,DD,9.2,56.4,35.0,999.0,CS
NIO_2019_PAWAN_20191203_0600Z,NIO_2019_PAWAN,VALIDATION,2019-12-03T06:00:00+00:00,data/interim/gridsat/2019/gridsat_2019.12.02.15.npz,data/interim/gridsat/2019/gridsat_2019.12.02.18.npz,data/interim/gridsat/2019/gridsat_2019.12.02.21.npz,data/interim/gridsat/2019/gridsat_2019.12.03.00.npz,data/interim/gridsat/2019/gridsat_2019.12.03.03.npz,data/interim/gridsat/2019/gridsat_2019.12.03.06.npz,7.0,56.3,30.0,1000.0,DD,7.0,56.6,30.0,1000.0,DD,7.4,56.6,30.0,1000.0,DD,9.5,56.3,35.0,999.0,CS
NIO_2019_PAWAN_20191203_1200Z,NIO_2019_PAWAN,VALIDATION,2019-12-03T12:00:00+00:00,data/interim/gridsat/2019/gridsat_2019.12.02.21.npz,data/interim/gridsat/2019/gridsat_2019.12.03.00.npz,data/interim/gridsat/2019/gridsat_2019.12.03.03.npz,data/interim/gridsat/2019/gridsat_2019.12.03.06.npz,data/interim/gridsat/2019/gridsat_2019.12.03.09.npz,data/interim/gridsat/2019/gridsat_2019.12.03.12.npz,7.0,56.5,30.0,1000.0,DD,7.2,56.6,30.0,1000.0,DD,7.4,56.6,30.0,1000.0,DD,9.6,55.1,40.0,998.0,CS
NIO_2019_PAWAN_20191203_1800Z,NIO_2019_PAWAN,VALIDATION,2019-12-03T18:00:00+00:00,data/interim/gridsat/2019/gridsat_2019.12.03.03.npz,data/interim/gridsat/2019/gridsat_2019.12.03.06.npz,data/interim/gridsat/2019/gridsat_2019.12.03.09.npz,data/interim/gridsat/2019/gridsat_2019.12.03.12.npz,data/interim/gridsat/2019/gridsat_2019.12.03.15.npz,data/interim/gridsat/2019/gridsat_2019.12.03.18.npz,7.0,56.6,30.0,1000.0,DD,7.4,56.6,30.0,1000.0,DD,8.5,56.7,30.0,1000.0,DD,9.3,54.5,35.0,999.0,CS
NIO_2019_PAWAN_20191204_0000Z,NIO_2019_PAWAN,VALIDATION,2019-12-04T00:00:00+00:00,data/interim/gridsat/2019/gridsat_2019.12.03.09.npz,data/interim/gridsat/2019/gridsat_2019.12.03.12.npz,data/interim/gridsat/2019/gridsat_2019.12.03.15.npz,data/interim/gridsat/2019/gridsat_2019.12.03.18.npz,data/interim/gridsat/2019/gridsat_2019.12.03.21.npz,data/interim/gridsat/2019/gridsat_2019.12.04.00.npz,7.2,56.6,30.0,1000.0,DD,7.4,56.6,30.0,1000.0,DD,9.2,56.4,35.0,999.0,CS,8.5,53.3,35.0,999.0,CS
NIO_2019_PAWAN_20191204_0600Z,NIO_2019_PAWAN,VALIDATION,2019-12-04T06:00:00+00:00,data/interim/gridsat/2019/gridsat_2019.12.03.15.npz,data/interim/gridsat/2019/gridsat_2019.12.03.18.npz,data/interim/gridsat/2019/gridsat_2019.12.03.21.npz,data/interim/gridsat/2019/gridsat_2019.12.04.00.npz,data/interim/gridsat/2019/gridsat_2019.12.04.03.npz,data/interim/gridsat/2019/gridsat_2019.12.04.06.npz,7.4,56.6,30.0,1000.0,DD,8.5,56.7,30.0,1000.0,DD,9.5,56.3,35.0,999.0,CS,8.0,52.6,35.0,999.0,CS
NIO_2019_PAWAN_20191204_1200Z,NIO_2019_PAWAN,VALIDATION,2019-12-04T12:00:00+00:00,data/interim/gridsat/2019/gridsat_2019.12.03.21.npz,data/interim/gridsat/2019/gridsat_2019.12.04.00.npz,data/interim/gridsat/2019/gridsat_2019.12.04.03.npz,data/interim/gridsat/2019/gridsat_2019.12.04.06.npz,data/interim/gridsat/2019/gridsat_2019.12.04.09.npz,data/interim/gridsat/2019/gridsat_2019.12.04.12.npz,7.4,56.6,30.0,1000.0,DD,9.2,56.4,35.0,999.0,CS,9.6,55.1,40.0,998.0,CS,7.9,52.3,35.0,999.0,CS
NIO_2019_PAWAN_20191204_1800Z,NIO_2019_PAWAN,VALIDATION,2019-12-04T18:00:00+00:00,data/interim/gridsat/2019/gridsat_2019.12.04.03.npz,data/interim/gridsat/2019/gridsat_2019.12.04.06.npz,data/interim/gridsat/2019/gridsat_2019.12.04.09.npz,data/interim/gridsat/2019/gridsat_2019.12.04.12.npz,data/interim/gridsat/2019/gridsat_2019.12.04.15.npz,data/interim/gridsat/2019/gridsat_2019.12.04.18.npz,8.5,56.7,30.0,1000.0,DD,9.5,56.3,35.0,999.0,CS,9.3,54.5,35.0,999.0,CS,7.5,51.3,35.0,999.0,CS
NIO_2019_PAWAN_20191205_0000Z,NIO_2019_PAWAN,VALIDATION,2019-12-05T00:00:00+00:00,data/interim/gridsat/2019/gridsat_2019.12.04.09.npz,data/interim/gridsat/2019/gridsat_2019.12.04.12.npz,data/interim/gridsat/2019/gridsat_2019.12.04.15.npz,data/interim/gridsat/2019/gridsat_2019.12.04.18.npz,data/interim/gridsat/2019/gridsat_2019.12.04.21.npz,data/interim/gridsat/2019/gridsat_2019.12.05.00.npz,9.2,56.4,35.0,999.0,CS,9.6,55.1,40.0,998.0,CS,8.5,53.3,35.0,999.0,CS,7.4,49.8,35.0,999.0,CS
NIO_2019_PAWAN_20191205_0300Z,NIO_2019_PAWAN,VALIDATION,2019-12-05T03:00:00+00:00,data/interim/gridsat/2019/gridsat_2019.12.04.12.npz,data/interim/gridsat/2019/gridsat_2019.12.04.15.npz,data/interim/gridsat/2019/gridsat_2019.12.04.18.npz,data/interim/gridsat/2019/gridsat_2019.12.04.21.npz,data/interim/gridsat/2019/gridsat_2019.12.05.00.npz,data/interim/gridsat/2019/gridsat_2019.12.05.03.npz,9.2,56.4,35.0,999.0,CS,9.6,54.9,35.0,999.0,CS,8.3,53.0,35.0,999.0,CS,7.4,49.5,30.0,1000.0,DD
NIO_2019_PAWAN_20191205_0600Z,NIO_2019_PAWAN,VALIDATION,2019-12-05T06:00:00+00:00,data/interim/gridsat/2019/gridsat_2019.12.04.15.npz,data/interim/gridsat/2019/gridsat_2019.12.04.18.npz,data/interim/gridsat/2019/gridsat_2019.12.04.21.npz,data/interim/gridsat/2019/gridsat_2019.12.05.00.npz,data/interim/gridsat/2019/gridsat_2019.12.05.03.npz,data/interim/gridsat/2019/gridsat_2019.12.05.06.npz,9.5,56.3,35.0,999.0,CS,9.3,54.5,35.0,999.0,CS,8.0,52.6,35.0,999.0,CS,7.4,48.9,30.0,1001.0,DD
NIO_2019_PAWAN_20191205_0900Z,NIO_2019_PAWAN,VALIDATION,2019-12-05T09:00:00+00:00,data/interim/gridsat/2019/gridsat_2019.12.04.18.npz,data/interim/gridsat/2019/gridsat_2019.12.04.21.npz,data/interim/gridsat/2019/gridsat_2019.12.05.00.npz,data/interim/gridsat/2019/gridsat_2019.12.05.03.npz,data/interim/gridsat/2019/gridsat_2019.12.05.06.npz,data/interim/gridsat/2019/gridsat_2019.12.05.09.npz,9.5,55.6,35.0,999.0,CS,9.0,54.0,35.0,999.0,CS,7.9,52.6,35.0,999.0,CS,7.3,48.3,25.0,1003.0,D
NIO_2019_UNNAMED_2_4_1_20190806_0600Z,NIO_2019_UNNAMED_2_4_1,VALIDATION,2019-08-06T06:00:00+00:00,data/interim/gridsat/2019/gridsat_2019.08.05.15.npz,data/interim/gridsat/2019/gridsat_2019.08.05.18.npz,data/interim/gridsat/2019/gridsat_2019.08.05.21.npz,data/interim/gridsat/2019/gridsat_2019.08.06.00.npz,data/interim/gridsat/2019/gridsat_2019.08.06.03.npz,data/interim/gridsat/2019/gridsat_2019.08.06.06.npz,20.5,88.0,25.0,990.0,D,20.8,87.6,25.0,990.0,D,21.2,87.2,30.0,988.0,DD,23.4,81.9,25.0,999.0,D
NIO_2019_UNNAMED_2_4_1_20190806_1200Z,NIO_2019_UNNAMED_2_4_1,VALIDATION,2019-08-06T12:00:00+00:00,data/interim/gridsat/2019/gridsat_2019.08.05.21.npz,data/interim/gridsat/2019/gridsat_2019.08.06.00.npz,data/interim/gridsat/2019/gridsat_2019.08.06.03.npz,data/interim/gridsat/2019/gridsat_2019.08.06.06.npz,data/interim/gridsat/2019/gridsat_2019.08.06.09.npz,data/interim/gridsat/2019/gridsat_2019.08.06.12.npz,20.7,87.8,25.0,990.0,D,21.0,87.4,30.0,988.0,DD,21.9,86.5,30.0,988.0,DD,23.6,80.2,25.0,999.0,D
NIO_2019_UNNAMED_2_4_1_20190806_1800Z,NIO_2019_UNNAMED_2_4_1,VALIDATION,2019-08-06T18:00:00+00:00,data/interim/gridsat/2019/gridsat_2019.08.06.03.npz,data/interim/gridsat/2019/gridsat_2019.08.06.06.npz,data/interim/gridsat/2019/gridsat_2019.08.06.09.npz,data/interim/gridsat/2019/gridsat_2019.08.06.12.npz,data/interim/gridsat/2019/gridsat_2019.08.06.15.npz,data/interim/gridsat/2019/gridsat_2019.08.06.18.npz,20.8,87.6,25.0,990.0,D,21.2,87.2,30.0,988.0,DD,22.4,85.6,30.0,988.0,DD,23.6,79.8,25.0,1000.0,D
NIO_2019_UNNAMED_2_4_1_20190807_0000Z,NIO_2019_UNNAMED_2_4_1,VALIDATION,2019-08-07T00:00:00+00:00,data/interim/gridsat/2019/gridsat_2019.08.06.09.npz,data/interim/gridsat/2019/gridsat_2019.08.06.12.npz,data/interim/gridsat/2019/gridsat_2019.08.06.15.npz,data/interim/gridsat/2019/gridsat_2019.08.06.18.npz,data/interim/gridsat/2019/gridsat_2019.08.06.21.npz,data/interim/gridsat/2019/gridsat_2019.08.07.00.npz,21.0,87.4,30.0,988.0,DD,21.9,86.5,30.0,988.0,DD,22.8,84.0,25.0,999.0,D,23.6,78.6,25.0,1000.0,D
NIO_2019_UNNAMED_2_4_1_20190807_0600Z,NIO_2019_UNNAMED_2_4_1,VALIDATION,2019-08-07T06:00:00+00:00,data/interim/gridsat/2019/gridsat_2019.08.06.15.npz,data/interim/gridsat/2019/gridsat_2019.08.06.18.npz,data/interim/gridsat/2019/gridsat_2019.08.06.21.npz,data/interim/gridsat/2019/gridsat_2019.08.07.00.npz,data/interim/gridsat/2019/gridsat_2019.08.07.03.npz,data/interim/gridsat/2019/gridsat_2019.08.07.06.npz,21.2,87.2,30.0,988.0,DD,22.4,85.6,30.0,988.0,DD,23.4,81.9,25.0,999.0,D,24.0,76.1,25.0,1000.0,D
NIO_2019_UNNAMED_2_9_1_20191105_0000Z,NIO_2019_UNNAMED_2_9_1,VALIDATION,2019-11-05T00:00:00+00:00,data/interim/gridsat/2019/gridsat_2019.11.04.09.npz,data/interim/gridsat/2019/gridsat_2019.11.04.12.npz,data/interim/gridsat/2019/gridsat_2019.11.04.15.npz,data/interim/gridsat/2019/gridsat_2019.11.04.18.npz,data/interim/gridsat/2019/gridsat_2019.11.04.21.npz,data/interim/gridsat/2019/gridsat_2019.11.05.00.npz,13.1,91.5,20.0,1004.0,D,13.2,90.1,25.0,1003.0,D,13.4,89.7,30.0,1001.0,DD,14.2,89.3,35.0,998.0,CS
NIO_2019_UNNAMED_2_9_1_20191105_0600Z,NIO_2019_UNNAMED_2_9_1,VALIDATION,2019-11-05T06:00:00+00:00,data/interim/gridsat/2019/gridsat_2019.11.04.15.npz,data/interim/gridsat/2019/gridsat_2019.11.04.18.npz,data/interim/gridsat/2019/gridsat_2019.11.04.21.npz,data/interim/gridsat/2019/gridsat_2019.11.05.00.npz,data/interim/gridsat/2019/gridsat_2019.11.05.03.npz,data/interim/gridsat/2019/gridsat_2019.11.05.06.npz,13.1,90.7,25.0,1003.0,D,13.3,89.8,25.0,1002.0,D,13.4,89.4,30.0,1001.0,DD,15.3,88.7,40.0,996.0,CS
NIO_2019_UNNAMED_2_9_1_20191105_1200Z,NIO_2019_UNNAMED_2_9_1,VALIDATION,2019-11-05T12:00:00+00:00,data/interim/gridsat/2019/gridsat_2019.11.04.21.npz,data/interim/gridsat/2019/gridsat_2019.11.05.00.npz,data/interim/gridsat/2019/gridsat_2019.11.05.03.npz,data/interim/gridsat/2019/gridsat_2019.11.05.06.npz,data/interim/gridsat/2019/gridsat_2019.11.05.09.npz,data/interim/gridsat/2019/gridsat_2019.11.05.12.npz,13.2,90.1,25.0,1003.0,D,13.4,89.7,30.0,1001.0,DD,13.5,89.3,30.0,1000.0,DD,15.9,88.0,45.0,994.0,CS
NIO_2019_UNNAMED_2_9_1_20191105_1800Z,NIO_2019_UNNAMED_2_9_1,VALIDATION,2019-11-05T18:00:00+00:00,data/interim/gridsat/2019/gridsat_2019.11.05.03.npz,data/interim/gridsat/2019/gridsat_2019.11.05.06.npz,data/interim/gridsat/2019/gridsat_2019.11.05.09.npz,data/interim/gridsat/2019/gridsat_2019.11.05.12.npz,data/interim/gridsat/2019/gridsat_2019.11.05.15.npz,data/interim/gridsat/2019/gridsat_2019.11.05.18.npz,13.3,89.8,25.0,1002.0,D,13.4,89.4,30.0,1001.0,DD,13.8,89.3,35.0,998.0,CS,16.4,87.8,55.0,989.0,SCS
NIO_2019_UNNAMED_2_9_1_20191106_0000Z,NIO_2019_UNNAMED_2_9_1,VALIDATION,2019-11-06T00:00:00+00:00,data/interim/gridsat/2019/gridsat_2019.11.05.09.npz,data/interim/gridsat/2019/gridsat_2019.11.05.12.npz,data/interim/gridsat/2019/gridsat_2019.11.05.15.npz,data/interim/gridsat/2019/gridsat_2019.11.05.18.npz,data/interim/gridsat/2019/gridsat_2019.11.05.21.npz,data/interim/gridsat/2019/gridsat_2019.11.06.00.npz,13.4,89.7,30.0,1001.0,DD,13.5,89.3,30.0,1000.0,DD,14.2,89.3,35.0,998.0,CS,16.9,87.6,65.0,983.0,VSCS
NIO_2019_UNNAMED_2_9_1_20191106_0600Z,NIO_2019_UNNAMED_2_9_1,VALIDATION,2019-11-06T06:00:00+00:00,data/interim/gridsat/2019/gridsat_2019.11.05.15.npz,data/interim/gridsat/2019/gridsat_2019.11.05.18.npz,data/interim/gridsat/2019/gridsat_2019.11.05.21.npz,data/interim/gridsat/2019/gridsat_2019.11.06.00.npz,data/interim/gridsat/2019/gridsat_2019.11.06.03.npz,data/interim/gridsat/2019/gridsat_2019.11.06.06.npz,13.4,89.4,30.0,1001.0,DD,13.8,89.3,35.0,998.0,CS,15.3,88.7,40.0,996.0,CS,17.6,87.6,70.0,980.0,VSCS
NIO_2019_UNNAMED_2_9_1_20191106_1200Z,NIO_2019_UNNAMED_2_9_1,VALIDATION,2019-11-06T12:00:00+00:00,data/interim/gridsat/2019/gridsat_2019.11.05.21.npz,data/interim/gridsat/2019/gridsat_2019.11.06.00.npz,data/interim/gridsat/2019/gridsat_2019.11.06.03.npz,data/interim/gridsat/2019/gridsat_2019.11.06.06.npz,data/interim/gridsat/2019/gridsat_2019.11.06.09.npz,data/interim/gridsat/2019/gridsat_2019.11.06.12.npz,13.5,89.3,30.0,1000.0,DD,14.2,89.3,35.0,998.0,CS,15.9,88.0,45.0,994.0,CS,18.5,87.6,75.0,976.0,VSCS
NIO_2019_UNNAMED_2_9_1_20191106_1800Z,NIO_2019_UNNAMED_2_9_1,VALIDATION,2019-11-06T18:00:00+00:00,data/interim/gridsat/2019/gridsat_2019.11.06.03.npz,data/interim/gridsat/2019/gridsat_2019.11.06.06.npz,data/interim/gridsat/2019/gridsat_2019.11.06.09.npz,data/interim/gridsat/2019/gridsat_2019.11.06.12.npz,data/interim/gridsat/2019/gridsat_2019.11.06.15.npz,data/interim/gridsat/2019/gridsat_2019.11.06.18.npz,13.8,89.3,35.0,998.0,CS,15.3,88.7,40.0,996.0,CS,16.4,87.8,55.0,989.0,SCS,19.3,87.6,75.0,976.0,VSCS
NIO_2019_UNNAMED_2_9_1_20191107_0000Z,NIO_2019_UNNAMED_2_9_1,VALIDATION,2019-11-07T00:00:00+00:00,data/interim/gridsat/2019/gridsat_2019.11.06.09.npz,data/interim/gridsat/2019/gridsat_2019.11.06.12.npz,data/interim/gridsat/2019/gridsat_2019.11.06.15.npz,data/interim/gridsat/2019/gridsat_2019.11.06.18.npz,data/interim/gridsat/2019/gridsat_2019.11.06.21.npz,data/interim/gridsat/2019/gridsat_2019.11.07.00.npz,14.2,89.3,35.0,998.0,CS,15.9,88.0,45.0,994.0,CS,16.9,87.6,65.0,983.0,VSCS,20.0,87.6,75.0,976.0,VSCS
NIO_2019_UNNAMED_2_9_1_20191107_0300Z,NIO_2019_UNNAMED_2_9_1,VALIDATION,2019-11-07T03:00:00+00:00,data/interim/gridsat/2019/gridsat_2019.11.06.12.npz,data/interim/gridsat/2019/gridsat_2019.11.06.15.npz,data/interim/gridsat/2019/gridsat_2019.11.06.18.npz,data/interim/gridsat/2019/gridsat_2019.11.06.21.npz,data/interim/gridsat/2019/gridsat_2019.11.07.00.npz,data/interim/gridsat/2019/gridsat_2019.11.07.03.npz,14.7,89.3,35.0,998.0,CS,16.2,87.9,50.0,992.0,SCS,17.2,87.6,65.0,982.0,VSCS,20.4,87.6,70.0,980.0,VSCS
NIO_2019_UNNAMED_2_9_1_20191107_0600Z,NIO_2019_UNNAMED_2_9_1,VALIDATION,2019-11-07T06:00:00+00:00,data/interim/gridsat/2019/gridsat_2019.11.06.15.npz,data/interim/gridsat/2019/gridsat_2019.11.06.18.npz,data/interim/gridsat/2019/gridsat_2019.11.06.21.npz,data/interim/gridsat/2019/gridsat_2019.11.07.00.npz,data/interim/gridsat/2019/gridsat_2019.11.07.03.npz,data/interim/gridsat/2019/gridsat_2019.11.07.06.npz,15.3,88.7,40.0,996.0,CS,16.4,87.8,55.0,989.0,SCS,17.6,87.6,70.0,980.0,VSCS,20.6,87.8,70.0,982.0,VSCS
NIO_2019_UNNAMED_2_9_1_20191107_0900Z,NIO_2019_UNNAMED_2_9_1,VALIDATION,2019-11-07T09:00:00+00:00,data/interim/gridsat/2019/gridsat_2019.11.06.18.npz,data/interim/gridsat/2019/gridsat_2019.11.06.21.npz,data/interim/gridsat/2019/gridsat_2019.11.07.00.npz,data/interim/gridsat/2019/gridsat_2019.11.07.03.npz,data/interim/gridsat/2019/gridsat_2019.11.07.06.npz,data/interim/gridsat/2019/gridsat_2019.11.07.09.npz,15.5,88.4,45.0,995.0,CS,16.6,87.7,60.0,986.0,SCS,18.1,87.6,70.0,980.0,VSCS,20.9,87.9,70.0,982.0,VSCS
NIO_2019_UNNAMED_2_9_1_20191107_1200Z,NIO_2019_UNNAMED_2_9_1,VALIDATION,2019-11-07T12:00:00+00:00,data/interim/gridsat/2019/gridsat_2019.11.06.21.npz,data/interim/gridsat/2019/gridsat_2019.11.07.00.npz,data/interim/gridsat/2019/gridsat_2019.11.07.03.npz,data/interim/gridsat/2019/gridsat_2019.11.07.06.npz,data/interim/gridsat/2019/gridsat_2019.11.07.09.npz,data/interim/gridsat/2019/gridsat_2019.11.07.12.npz,15.9,88.0,45.0,994.0,CS,16.9,87.6,65.0,983.0,VSCS,18.5,87.6,75.0,976.0,VSCS,21.2,88.1,70.0,982.0,VSCS
NIO_2019_UNNAMED_2_9_1_20191107_1500Z,NIO_2019_UNNAMED_2_9_1,VALIDATION,2019-11-07T15:00:00+00:00,data/interim/gridsat/2019/gridsat_2019.11.07.00.npz,data/interim/gridsat/2019/gridsat_2019.11.07.03.npz,data/interim/gridsat/2019/gridsat_2019.11.07.06.npz,data/interim/gridsat/2019/gridsat_2019.11.07.09.npz,data/interim/gridsat/2019/gridsat_2019.11.07.12.npz,data/interim/gridsat/2019/gridsat_2019.11.07.15.npz,16.2,87.9,50.0,992.0,SCS,17.2,87.6,65.0,982.0,VSCS,19.2,87.7,75.0,976.0,VSCS,21.4,88.3,60.0,986.0,SCS
NIO_2019_UNNAMED_2_9_1_20191107_1800Z,NIO_2019_UNNAMED_2_9_1,VALIDATION,2019-11-07T18:00:00+00:00,data/interim/gridsat/2019/gridsat_2019.11.07.03.npz,data/interim/gridsat/2019/gridsat_2019.11.07.06.npz,data/interim/gridsat/2019/gridsat_2019.11.07.09.npz,data/interim/gridsat/2019/gridsat_2019.11.07.12.npz,data/interim/gridsat/2019/gridsat_2019.11.07.15.npz,data/interim/gridsat/2019/gridsat_2019.11.07.18.npz,16.4,87.8,55.0,989.0,SCS,17.6,87.6,70.0,980.0,VSCS,19.3,87.6,75.0,976.0,VSCS,21.6,88.6,60.0,990.0,SCS
NIO_2019_UNNAMED_2_9_1_20191107_2100Z,NIO_2019_UNNAMED_2_9_1,VALIDATION,2019-11-07T21:00:00+00:00,data/interim/gridsat/2019/gridsat_2019.11.07.06.npz,data/interim/gridsat/2019/gridsat_2019.11.07.09.npz,data/interim/gridsat/2019/gridsat_2019.11.07.12.npz,data/interim/gridsat/2019/gridsat_2019.11.07.15.npz,data/interim/gridsat/2019/gridsat_2019.11.07.18.npz,data/interim/gridsat/2019/gridsat_2019.11.07.21.npz,16.6,87.7,60.0,986.0,SCS,18.1,87.6,70.0,980.0,VSCS,19.6,87.7,75.0,976.0,VSCS,21.9,89.1,50.0,996.0,SCS
NIO_2019_UNNAMED_2_9_1_20191108_0000Z,NIO_2019_UNNAMED_2_9_1,VALIDATION,2019-11-08T00:00:00+00:00,data/interim/gridsat/2019/gridsat_2019.11.07.09.npz,data/interim/gridsat/2019/gridsat_2019.11.07.12.npz,data/interim/gridsat/2019/gridsat_2019.11.07.15.npz,data/interim/gridsat/2019/gridsat_2019.11.07.18.npz,data/interim/gridsat/2019/gridsat_2019.11.07.21.npz,data/interim/gridsat/2019/gridsat_2019.11.08.00.npz,16.9,87.6,65.0,983.0,VSCS,18.5,87.6,75.0,976.0,VSCS,20.0,87.6,75.0,976.0,VSCS,22.1,89.5,45.0,998.0,CS
NIO_2019_UNNAMED_2_9_1_20191108_0300Z,NIO_2019_UNNAMED_2_9_1,VALIDATION,2019-11-08T03:00:00+00:00,data/interim/gridsat/2019/gridsat_2019.11.07.12.npz,data/interim/gridsat/2019/gridsat_2019.11.07.15.npz,data/interim/gridsat/2019/gridsat_2019.11.07.18.npz,data/interim/gridsat/2019/gridsat_2019.11.07.21.npz,data/interim/gridsat/2019/gridsat_2019.11.08.00.npz,data/interim/gridsat/2019/gridsat_2019.11.08.03.npz,17.2,87.6,65.0,982.0,VSCS,19.2,87.7,75.0,976.0,VSCS,20.4,87.6,70.0,980.0,VSCS,22.2,89.7,40.0,1000.0,CS
NIO_2019_UNNAMED_2_9_1_20191108_0600Z,NIO_2019_UNNAMED_2_9_1,VALIDATION,2019-11-08T06:00:00+00:00,data/interim/gridsat/2019/gridsat_2019.11.07.15.npz,data/interim/gridsat/2019/gridsat_2019.11.07.18.npz,data/interim/gridsat/2019/gridsat_2019.11.07.21.npz,data/interim/gridsat/2019/gridsat_2019.11.08.00.npz,data/interim/gridsat/2019/gridsat_2019.11.08.03.npz,data/interim/gridsat/2019/gridsat_2019.11.08.06.npz,17.6,87.6,70.0,980.0,VSCS,19.3,87.6,75.0,976.0,VSCS,20.6,87.8,70.0,982.0,VSCS,22.3,90.0,40.0,1000.0,CS
NIO_2019_UNNAMED_2_9_1_20191108_0900Z,NIO_2019_UNNAMED_2_9_1,VALIDATION,2019-11-08T09:00:00+00:00,data/interim/gridsat/2019/gridsat_2019.11.07.18.npz,data/interim/gridsat/2019/gridsat_2019.11.07.21.npz,data/interim/gridsat/2019/gridsat_2019.11.08.00.npz,data/interim/gridsat/2019/gridsat_2019.11.08.03.npz,data/interim/gridsat/2019/gridsat_2019.11.08.06.npz,data/interim/gridsat/2019/gridsat_2019.11.08.09.npz,18.1,87.6,70.0,980.0,VSCS,19.6,87.7,75.0,976.0,VSCS,20.9,87.9,70.0,982.0,VSCS,22.4,90.1,30.0,1002.0,DD
NIO_2019_VAYU_20190610_0000Z,NIO_2019_VAYU,VALIDATION,2019-06-10T00:00:00+00:00,data/interim/gridsat/2019/gridsat_2019.06.09.09.npz,data/interim/gridsat/2019/gridsat_2019.06.09.12.npz,data/interim/gridsat/2019/gridsat_2019.06.09.15.npz,data/interim/gridsat/2019/gridsat_2019.06.09.18.npz,data/interim/gridsat/2019/gridsat_2019.06.09.21.npz,data/interim/gridsat/2019/gridsat_2019.06.10.00.npz,11.7,71.0,25.0,998.0,D,13.3,70.8,30.0,996.0,DD,14.7,70.6,40.0,993.0,CS,17.8,70.4,75.0,975.0,VSCS
NIO_2019_VAYU_20190610_0600Z,NIO_2019_VAYU,VALIDATION,2019-06-10T06:00:00+00:00,data/interim/gridsat/2019/gridsat_2019.06.09.15.npz,data/interim/gridsat/2019/gridsat_2019.06.09.18.npz,data/interim/gridsat/2019/gridsat_2019.06.09.21.npz,data/interim/gridsat/2019/gridsat_2019.06.10.00.npz,data/interim/gridsat/2019/gridsat_2019.06.10.03.npz,data/interim/gridsat/2019/gridsat_2019.06.10.06.npz,12.5,70.9,30.0,997.0,DD,13.9,70.6,35.0,995.0,CS,15.2,70.6,45.0,990.0,CS,18.4,70.0,75.0,971.0,VSCS
NIO_2019_VAYU_20190610_1200Z,NIO_2019_VAYU,VALIDATION,2019-06-10T12:00:00+00:00,data/interim/gridsat/2019/gridsat_2019.06.09.21.npz,data/interim/gridsat/2019/gridsat_2019.06.10.00.npz,data/interim/gridsat/2019/gridsat_2019.06.10.03.npz,data/interim/gridsat/2019/gridsat_2019.06.10.06.npz,data/interim/gridsat/2019/gridsat_2019.06.10.09.npz,data/interim/gridsat/2019/gridsat_2019.06.10.12.npz,13.3,70.8,30.0,996.0,DD,14.7,70.6,40.0,993.0,CS,16.1,70.6,55.0,986.0,SCS,19.1,69.9,80.0,970.0,VSCS
NIO_2019_VAYU_20190610_1800Z,NIO_2019_VAYU,VALIDATION,2019-06-10T18:00:00+00:00,data/interim/gridsat/2019/gridsat_2019.06.10.03.npz,data/interim/gridsat/2019/gridsat_2019.06.10.06.npz,data/interim/gridsat/2019/gridsat_2019.06.10.09.npz,data/interim/gridsat/2019/gridsat_2019.06.10.12.npz,data/interim/gridsat/2019/gridsat_2019.06.10.15.npz,data/interim/gridsat/2019/gridsat_2019.06.10.18.npz,13.9,70.6,35.0,995.0,CS,15.2,70.6,45.0,990.0,CS,17.1,70.6,65.0,980.0,VSCS,19.7,69.7,80.0,970.0,VSCS
NIO_2019_VAYU_20190610_2100Z,NIO_2019_VAYU,VALIDATION,2019-06-10T21:00:00+00:00,data/interim/gridsat/2019/gridsat_2019.06.10.06.npz,data/interim/gridsat/2019/gridsat_2019.06.10.09.npz,data/interim/gridsat/2019/gridsat_2019.06.10.12.npz,data/interim/gridsat/2019/gridsat_2019.06.10.15.npz,data/interim/gridsat/2019/gridsat_2019.06.10.18.npz,data/interim/gridsat/2019/gridsat_2019.06.10.21.npz,14.2,70.6,35.0,994.0,CS,15.7,70.6,45.0,988.0,CS,17.5,70.6,70.0,977.0,VSCS,20.0,69.6,80.0,970.0,VSCS
NIO_2019_VAYU_20190611_0000Z,NIO_2019_VAYU,VALIDATION,2019-06-11T00:00:00+00:00,data/interim/gridsat/2019/gridsat_2019.06.10.09.npz,data/interim/gridsat/2019/gridsat_2019.06.10.12.npz,data/interim/gridsat/2019/gridsat_2019.06.10.15.npz,data/interim/gridsat/2019/gridsat_2019.06.10.18.npz,data/interim/gridsat/2019/gridsat_2019.06.10.21.npz,data/interim/gridsat/2019/gridsat_2019.06.11.00.npz,14.7,70.6,40.0,993.0,CS,16.1,70.6,55.0,986.0,SCS,17.8,70.4,75.0,975.0,VSCS,20.3,69.5,80.0,970.0,VSCS
NIO_2019_VAYU_20190611_0300Z,NIO_2019_VAYU,VALIDATION,2019-06-11T03:00:00+00:00,data/interim/gridsat/2019/gridsat_2019.06.10.12.npz,data/interim/gridsat/2019/gridsat_2019.06.10.15.npz,data/interim/gridsat/2019/gridsat_2019.06.10.18.npz,data/interim/gridsat/2019/gridsat_2019.06.10.21.npz,data/interim/gridsat/2019/gridsat_2019.06.11.00.npz,data/interim/gridsat/2019/gridsat_2019.06.11.03.npz,15.0,70.6,40.0,992.0,CS,16.7,70.6,60.0,983.0,SCS,18.0,70.3,75.0,973.0,VSCS,20.4,69.4,80.0,970.0,VSCS
NIO_2019_VAYU_20190611_0600Z,NIO_2019_VAYU,VALIDATION,2019-06-11T06:00:00+00:00,data/interim/gridsat/2019/gridsat_2019.06.10.15.npz,data/interim/gridsat/2019/gridsat_2019.06.10.18.npz,data/interim/gridsat/2019/gridsat_2019.06.10.21.npz,data/interim/gridsat/2019/gridsat_2019.06.11.00.npz,data/interim/gridsat/2019/gridsat_2019.06.11.03.npz,data/interim/gridsat/2019/gridsat_2019.06.11.06.npz,15.2,70.6,45.0,990.0,CS,17.1,70.6,65.0,980.0,VSCS,18.4,70.0,75.0,971.0,VSCS,20.5,69.3,80.0,970.0,VSCS
NIO_2019_VAYU_20190611_0900Z,NIO_2019_VAYU,VALIDATION,2019-06-11T09:00:00+00:00,data/interim/gridsat/2019/gridsat_2019.06.10.18.npz,data/interim/gridsat/2019/gridsat_2019.06.10.21.npz,data/interim/gridsat/2019/gridsat_2019.06.11.00.npz,data/interim/gridsat/2019/gridsat_2019.06.11.03.npz,data/interim/gridsat/2019/gridsat_2019.06.11.06.npz,data/interim/gridsat/2019/gridsat_2019.06.11.09.npz,15.7,70.6,45.0,988.0,CS,17.5,70.6,70.0,977.0,VSCS,18.8,69.9,80.0,970.0,VSCS,20.7,69.1,80.0,970.0,VSCS
NIO_2019_VAYU_20190611_1200Z,NIO_2019_VAYU,VALIDATION,2019-06-11T12:00:00+00:00,data/interim/gridsat/2019/gridsat_2019.06.10.21.npz,data/interim/gridsat/2019/gridsat_2019.06.11.00.npz,data/interim/gridsat/2019/gridsat_2019.06.11.03.npz,data/interim/gridsat/2019/gridsat_2019.06.11.06.npz,data/interim/gridsat/2019/gridsat_2019.06.11.09.npz,data/interim/gridsat/2019/gridsat_2019.06.11.12.npz,16.1,70.6,55.0,986.0,SCS,17.8,70.4,75.0,975.0,VSCS,19.1,69.9,80.0,970.0,VSCS,20.9,69.0,80.0,970.0,VSCS
NIO_2019_VAYU_20190611_1500Z,NIO_2019_VAYU,VALIDATION,2019-06-11T15:00:00+00:00,data/interim/gridsat/2019/gridsat_2019.06.11.00.npz,data/interim/gridsat/2019/gridsat_2019.06.11.03.npz,data/interim/gridsat/2019/gridsat_2019.06.11.06.npz,data/interim/gridsat/2019/gridsat_2019.06.11.09.npz,data/interim/gridsat/2019/gridsat_2019.06.11.12.npz,data/interim/gridsat/2019/gridsat_2019.06.11.15.npz,16.7,70.6,60.0,983.0,SCS,18.0,70.3,75.0,973.0,VSCS,19.5,69.8,80.0,970.0,VSCS,20.9,68.8,80.0,970.0,VSCS
NIO_2019_VAYU_20190611_1800Z,NIO_2019_VAYU,VALIDATION,2019-06-11T18:00:00+00:00,data/interim/gridsat/2019/gridsat_2019.06.11.03.npz,data/interim/gridsat/2019/gridsat_2019.06.11.06.npz,data/interim/gridsat/2019/gridsat_2019.06.11.09.npz,data/interim/gridsat/2019/gridsat_2019.06.11.12.npz,data/interim/gridsat/2019/gridsat_2019.06.11.15.npz,data/interim/gridsat/2019/gridsat_2019.06.11.18.npz,17.1,70.6,65.0,980.0,VSCS,18.4,70.0,75.0,971.0,VSCS,19.7,69.7,80.0,970.0,VSCS,20.9,68.8,80.0,970.0,VSCS
NIO_2019_VAYU_20190611_2100Z,NIO_2019_VAYU,VALIDATION,2019-06-11T21:00:00+00:00,data/interim/gridsat/2019/gridsat_2019.06.11.06.npz,data/interim/gridsat/2019/gridsat_2019.06.11.09.npz,data/interim/gridsat/2019/gridsat_2019.06.11.12.npz,data/interim/gridsat/2019/gridsat_2019.06.11.15.npz,data/interim/gridsat/2019/gridsat_2019.06.11.18.npz,data/interim/gridsat/2019/gridsat_2019.06.11.21.npz,17.5,70.6,70.0,977.0,VSCS,18.8,69.9,80.0,970.0,VSCS,20.0,69.6,80.0,970.0,VSCS,20.9,68.6,80.0,970.0,VSCS
NIO_2019_VAYU_20190612_0000Z,NIO_2019_VAYU,VALIDATION,2019-06-12T00:00:00+00:00,data/interim/gridsat/2019/gridsat_2019.06.11.09.npz,data/interim/gridsat/2019/gridsat_2019.06.11.12.npz,data/interim/gridsat/2019/gridsat_2019.06.11.15.npz,data/interim/gridsat/2019/gridsat_2019.06.11.18.npz,data/interim/gridsat/2019/gridsat_2019.06.11.21.npz,data/interim/gridsat/2019/gridsat_2019.06.12.00.npz,17.8,70.4,75.0,975.0,VSCS,19.1,69.9,80.0,970.0,VSCS,20.3,69.5,80.0,970.0,VSCS,21.0,68.5,80.0,970.0,VSCS
NIO_2019_VAYU_20190612_0300Z,NIO_2019_VAYU,VALIDATION,2019-06-12T03:00:00+00:00,data/interim/gridsat/2019/gridsat_2019.06.11.12.npz,data/interim/gridsat/2019/gridsat_2019.06.11.15.npz,data/interim/gridsat/2019/gridsat_2019.06.11.18.npz,data/interim/gridsat/2019/gridsat_2019.06.11.21.npz,data/interim/gridsat/2019/gridsat_2019.06.12.00.npz,data/interim/gridsat/2019/gridsat_2019.06.12.03.npz,18.0,70.3,75.0,973.0,VSCS,19.5,69.8,80.0,970.0,VSCS,20.4,69.4,80.0,970.0,VSCS,21.0,68.3,75.0,973.0,VSCS
NIO_2019_VAYU_20190612_0600Z,NIO_2019_VAYU,VALIDATION,2019-06-12T06:00:00+00:00,data/interim/gridsat/2019/gridsat_2019.06.11.15.npz,data/interim/gridsat/2019/gridsat_2019.06.11.18.npz,data/interim/gridsat/2019/gridsat_2019.06.11.21.npz,data/interim/gridsat/2019/gridsat_2019.06.12.00.npz,data/interim/gridsat/2019/gridsat_2019.06.12.03.npz,data/interim/gridsat/2019/gridsat_2019.06.12.06.npz,18.4,70.0,75.0,971.0,VSCS,19.7,69.7,80.0,970.0,VSCS,20.5,69.3,80.0,970.0,VSCS,21.0,68.2,75.0,973.0,VSCS
NIO_2019_VAYU_20190612_0900Z,NIO_2019_VAYU,VALIDATION,2019-06-12T09:00:00+00:00,data/interim/gridsat/2019/gridsat_2019.06.11.18.npz,data/interim/gridsat/2019/gridsat_2019.06.11.21.npz,data/interim/gridsat/2019/gridsat_2019.06.12.00.npz,data/interim/gridsat/2019/gridsat_2019.06.12.03.npz,data/interim/gridsat/2019/gridsat_2019.06.12.06.npz,data/interim/gridsat/2019/gridsat_2019.06.12.09.npz,18.8,69.9,80.0,970.0,VSCS,20.0,69.6,80.0,970.0,VSCS,20.7,69.1,80.0,970.0,VSCS,20.9,68.1,75.0,973.0,VSCS
NIO_2019_VAYU_20190612_1200Z,NIO_2019_VAYU,VALIDATION,2019-06-12T12:00:00+00:00,data/interim/gridsat/2019/gridsat_2019.06.11.21.npz,data/interim/gridsat/2019/gridsat_2019.06.12.00.npz,data/interim/gridsat/2019/gridsat_2019.06.12.03.npz,data/interim/gridsat/2019/gridsat_2019.06.12.06.npz,data/interim/gridsat/2019/gridsat_2019.06.12.09.npz,data/interim/gridsat/2019/gridsat_2019.06.12.12.npz,19.1,69.9,80.0,970.0,VSCS,20.3,69.5,80.0,970.0,VSCS,20.9,69.0,80.0,970.0,VSCS,20.8,68.0,70.0,976.0,VSCS
NIO_2019_VAYU_20190612_1500Z,NIO_2019_VAYU,VALIDATION,2019-06-12T15:00:00+00:00,data/interim/gridsat/2019/gridsat_2019.06.12.00.npz,data/interim/gridsat/2019/gridsat_2019.06.12.03.npz,data/interim/gridsat/2019/gridsat_2019.06.12.06.npz,data/interim/gridsat/2019/gridsat_2019.06.12.09.npz,data/interim/gridsat/2019/gridsat_2019.06.12.12.npz,data/interim/gridsat/2019/gridsat_2019.06.12.15.npz,19.5,69.8,80.0,970.0,VSCS,20.4,69.4,80.0,970.0,VSCS,20.9,68.8,80.0,970.0,VSCS,20.8,67.9,70.0,976.0,VSCS
NIO_2019_VAYU_20190612_1800Z,NIO_2019_VAYU,VALIDATION,2019-06-12T18:00:00+00:00,data/interim/gridsat/2019/gridsat_2019.06.12.03.npz,data/interim/gridsat/2019/gridsat_2019.06.12.06.npz,data/interim/gridsat/2019/gridsat_2019.06.12.09.npz,data/interim/gridsat/2019/gridsat_2019.06.12.12.npz,data/interim/gridsat/2019/gridsat_2019.06.12.15.npz,data/interim/gridsat/2019/gridsat_2019.06.12.18.npz,19.7,69.7,80.0,970.0,VSCS,20.5,69.3,80.0,970.0,VSCS,20.9,68.8,80.0,970.0,VSCS,20.8,67.8,65.0,978.0,VSCS
NIO_2019_VAYU_20190612_2100Z,NIO_2019_VAYU,VALIDATION,2019-06-12T21:00:00+00:00,data/interim/gridsat/2019/gridsat_2019.06.12.06.npz,data/interim/gridsat/2019/gridsat_2019.06.12.09.npz,data/interim/gridsat/2019/gridsat_2019.06.12.12.npz,data/interim/gridsat/2019/gridsat_2019.06.12.15.npz,data/interim/gridsat/2019/gridsat_2019.06.12.18.npz,data/interim/gridsat/2019/gridsat_2019.06.12.21.npz,20.0,69.6,80.0,970.0,VSCS,20.7,69.1,80.0,970.0,VSCS,20.9,68.6,80.0,970.0,VSCS,20.8,67.5,65.0,978.0,VSCS
NIO_2019_VAYU_20190613_0000Z,NIO_2019_VAYU,VALIDATION,2019-06-13T00:00:00+00:00,data/interim/gridsat/2019/gridsat_2019.06.12.09.npz,data/interim/gridsat/2019/gridsat_2019.06.12.12.npz,data/interim/gridsat/2019/gridsat_2019.06.12.15.npz,data/interim/gridsat/2019/gridsat_2019.06.12.18.npz,data/interim/gridsat/2019/gridsat_2019.06.12.21.npz,data/interim/gridsat/2019/gridsat_2019.06.13.00.npz,20.3,69.5,80.0,970.0,VSCS,20.9,69.0,80.0,970.0,VSCS,21.0,68.5,80.0,970.0,VSCS,20.7,67.4,65.0,978.0,VSCS
NIO_2019_VAYU_20190613_0300Z,NIO_2019_VAYU,VALIDATION,2019-06-13T03:00:00+00:00,data/interim/gridsat/2019/gridsat_2019.06.12.12.npz,data/interim/gridsat/2019/gridsat_2019.06.12.15.npz,data/interim/gridsat/2019/gridsat_2019.06.12.18.npz,data/interim/gridsat/2019/gridsat_2019.06.12.21.npz,data/interim/gridsat/2019/gridsat_2019.06.13.00.npz,data/interim/gridsat/2019/gridsat_2019.06.13.03.npz,20.4,69.4,80.0,970.0,VSCS,20.9,68.8,80.0,970.0,VSCS,21.0,68.3,75.0,973.0,VSCS,20.7,67.4,65.0,979.0,VSCS
NIO_2019_VAYU_20190613_0600Z,NIO_2019_VAYU,VALIDATION,2019-06-13T06:00:00+00:00,data/interim/gridsat/2019/gridsat_2019.06.12.15.npz,data/interim/gridsat/2019/gridsat_2019.06.12.18.npz,data/interim/gridsat/2019/gridsat_2019.06.12.21.npz,data/interim/gridsat/2019/gridsat_2019.06.13.00.npz,data/interim/gridsat/2019/gridsat_2019.06.13.03.npz,data/interim/gridsat/2019/gridsat_2019.06.13.06.npz,20.5,69.3,80.0,970.0,VSCS,20.9,68.8,80.0,970.0,VSCS,21.0,68.2,75.0,973.0,VSCS,20.7,66.9,65.0,979.0,VSCS
NIO_2019_VAYU_20190613_0900Z,NIO_2019_VAYU,VALIDATION,2019-06-13T09:00:00+00:00,data/interim/gridsat/2019/gridsat_2019.06.12.18.npz,data/interim/gridsat/2019/gridsat_2019.06.12.21.npz,data/interim/gridsat/2019/gridsat_2019.06.13.00.npz,data/interim/gridsat/2019/gridsat_2019.06.13.03.npz,data/interim/gridsat/2019/gridsat_2019.06.13.06.npz,data/interim/gridsat/2019/gridsat_2019.06.13.09.npz,20.7,69.1,80.0,970.0,VSCS,20.9,68.6,80.0,970.0,VSCS,20.9,68.1,75.0,973.0,VSCS,20.7,66.7,65.0,980.0,VSCS
NIO_2019_VAYU_20190613_1200Z,NIO_2019_VAYU,VALIDATION,2019-06-13T12:00:00+00:00,data/interim/gridsat/2019/gridsat_2019.06.12.21.npz,data/interim/gridsat/2019/gridsat_2019.06.13.00.npz,data/interim/gridsat/2019/gridsat_2019.06.13.03.npz,data/interim/gridsat/2019/gridsat_2019.06.13.06.npz,data/interim/gridsat/2019/gridsat_2019.06.13.09.npz,data/interim/gridsat/2019/gridsat_2019.06.13.12.npz,20.9,69.0,80.0,970.0,VSCS,21.0,68.5,80.0,970.0,VSCS,20.8,68.0,70.0,976.0,VSCS,20.7,66.4,65.0,980.0,VSCS
NIO_2019_VAYU_20190613_1500Z,NIO_2019_VAYU,VALIDATION,2019-06-13T15:00:00+00:00,data/interim/gridsat/2019/gridsat_2019.06.13.00.npz,data/interim/gridsat/2019/gridsat_2019.06.13.03.npz,data/interim/gridsat/2019/gridsat_2019.06.13.06.npz,data/interim/gridsat/2019/gridsat_2019.06.13.09.npz,data/interim/gridsat/2019/gridsat_2019.06.13.12.npz,data/interim/gridsat/2019/gridsat_2019.06.13.15.npz,20.9,68.8,80.0,970.0,VSCS,21.0,68.3,75.0,973.0,VSCS,20.8,67.9,70.0,976.0,VSCS,20.7,66.3,65.0,980.0,VSCS
NIO_2019_VAYU_20190613_1800Z,NIO_2019_VAYU,VALIDATION,2019-06-13T18:00:00+00:00,data/interim/gridsat/2019/gridsat_2019.06.13.03.npz,data/interim/gridsat/2019/gridsat_2019.06.13.06.npz,data/interim/gridsat/2019/gridsat_2019.06.13.09.npz,data/interim/gridsat/2019/gridsat_2019.06.13.12.npz,data/interim/gridsat/2019/gridsat_2019.06.13.15.npz,data/interim/gridsat/2019/gridsat_2019.06.13.18.npz,20.9,68.8,80.0,970.0,VSCS,21.0,68.2,75.0,973.0,VSCS,20.8,67.8,65.0,978.0,VSCS,20.7,66.0,65.0,981.0,VSCS
NIO_2019_VAYU_20190613_2100Z,NIO_2019_VAYU,VALIDATION,2019-06-13T21:00:00+00:00,data/interim/gridsat/2019/gridsat_2019.06.13.06.npz,data/interim/gridsat/2019/gridsat_2019.06.13.09.npz,data/interim/gridsat/2019/gridsat_2019.06.13.12.npz,data/interim/gridsat/2019/gridsat_2019.06.13.15.npz,data/interim/gridsat/2019/gridsat_2019.06.13.18.npz,data/interim/gridsat/2019/gridsat_2019.06.13.21.npz,20.9,68.6,80.0,970.0,VSCS,20.9,68.1,75.0,973.0,VSCS,20.8,67.5,65.0,978.0,VSCS,20.7,65.9,65.0,981.0,VSCS
NIO_2019_VAYU_20190614_0000Z,NIO_2019_VAYU,VALIDATION,2019-06-14T00:00:00+00:00,data/interim/gridsat/2019/gridsat_2019.06.13.09.npz,data/interim/gridsat/2019/gridsat_2019.06.13.12.npz,data/interim/gridsat/2019/gridsat_2019.06.13.15.npz,data/interim/gridsat/2019/gridsat_2019.06.13.18.npz,data/interim/gridsat/2019/gridsat_2019.06.13.21.npz,data/interim/gridsat/2019/gridsat_2019.06.14.00.npz,21.0,68.5,80.0,970.0,VSCS,20.8,68.0,70.0,976.0,VSCS,20.7,67.4,65.0,978.0,VSCS,20.7,65.5,60.0,983.0,SCS
NIO_2019_VAYU_20190614_0300Z,NIO_2019_VAYU,VALIDATION,2019-06-14T03:00:00+00:00,data/interim/gridsat/2019/gridsat_2019.06.13.12.npz,data/interim/gridsat/2019/gridsat_2019.06.13.15.npz,data/interim/gridsat/2019/gridsat_2019.06.13.18.npz,data/interim/gridsat/2019/gridsat_2019.06.13.21.npz,data/interim/gridsat/2019/gridsat_2019.06.14.00.npz,data/interim/gridsat/2019/gridsat_2019.06.14.03.npz,21.0,68.3,75.0,973.0,VSCS,20.8,67.9,70.0,976.0,VSCS,20.7,67.4,65.0,979.0,VSCS,20.8,65.2,55.0,985.0,SCS
NIO_2019_VAYU_20190614_0600Z,NIO_2019_VAYU,VALIDATION,2019-06-14T06:00:00+00:00,data/interim/gridsat/2019/gridsat_2019.06.13.15.npz,data/interim/gridsat/2019/gridsat_2019.06.13.18.npz,data/interim/gridsat/2019/gridsat_2019.06.13.21.npz,data/interim/gridsat/2019/gridsat_2019.06.14.00.npz,data/interim/gridsat/2019/gridsat_2019.06.14.03.npz,data/interim/gridsat/2019/gridsat_2019.06.14.06.npz,21.0,68.2,75.0,973.0,VSCS,20.8,67.8,65.0,978.0,VSCS,20.7,66.9,65.0,979.0,VSCS,20.9,65.1,55.0,985.0,SCS
NIO_2019_VAYU_20190614_0900Z,NIO_2019_VAYU,VALIDATION,2019-06-14T09:00:00+00:00,data/interim/gridsat/2019/gridsat_2019.06.13.18.npz,data/interim/gridsat/2019/gridsat_2019.06.13.21.npz,data/interim/gridsat/2019/gridsat_2019.06.14.00.npz,data/interim/gridsat/2019/gridsat_2019.06.14.03.npz,data/interim/gridsat/2019/gridsat_2019.06.14.06.npz,data/interim/gridsat/2019/gridsat_2019.06.14.09.npz,20.9,68.1,75.0,973.0,VSCS,20.8,67.5,65.0,978.0,VSCS,20.7,66.7,65.0,980.0,VSCS,20.9,65.0,55.0,986.0,SCS
NIO_2019_VAYU_20190614_1200Z,NIO_2019_VAYU,VALIDATION,2019-06-14T12:00:00+00:00,data/interim/gridsat/2019/gridsat_2019.06.13.21.npz,data/interim/gridsat/2019/gridsat_2019.06.14.00.npz,data/interim/gridsat/2019/gridsat_2019.06.14.03.npz,data/interim/gridsat/2019/gridsat_2019.06.14.06.npz,data/interim/gridsat/2019/gridsat_2019.06.14.09.npz,data/interim/gridsat/2019/gridsat_2019.06.14.12.npz,20.8,68.0,70.0,976.0,VSCS,20.7,67.4,65.0,978.0,VSCS,20.7,66.4,65.0,980.0,VSCS,21.0,65.1,50.0,988.0,SCS
NIO_2019_VAYU_20190614_1500Z,NIO_2019_VAYU,VALIDATION,2019-06-14T15:00:00+00:00,data/interim/gridsat/2019/gridsat_2019.06.14.00.npz,data/interim/gridsat/2019/gridsat_2019.06.14.03.npz,data/interim/gridsat/2019/gridsat_2019.06.14.06.npz,data/interim/gridsat/2019/gridsat_2019.06.14.09.npz,data/interim/gridsat/2019/gridsat_2019.06.14.12.npz,data/interim/gridsat/2019/gridsat_2019.06.14.15.npz,20.8,67.9,70.0,976.0,VSCS,20.7,67.4,65.0,979.0,VSCS,20.7,66.3,65.0,980.0,VSCS,21.2,65.5,45.0,990.0,CS
NIO_2019_VAYU_20190614_1800Z,NIO_2019_VAYU,VALIDATION,2019-06-14T18:00:00+00:00,data/interim/gridsat/2019/gridsat_2019.06.14.03.npz,data/interim/gridsat/2019/gridsat_2019.06.14.06.npz,data/interim/gridsat/2019/gridsat_2019.06.14.09.npz,data/interim/gridsat/2019/gridsat_2019.06.14.12.npz,data/interim/gridsat/2019/gridsat_2019.06.14.15.npz,data/interim/gridsat/2019/gridsat_2019.06.14.18.npz,20.8,67.8,65.0,978.0,VSCS,20.7,66.9,65.0,979.0,VSCS,20.7,66.0,65.0,981.0,VSCS,21.3,66.0,40.0,992.0,CS
NIO_2019_VAYU_20190614_2100Z,NIO_2019_VAYU,VALIDATION,2019-06-14T21:00:00+00:00,data/interim/gridsat/2019/gridsat_2019.06.14.06.npz,data/interim/gridsat/2019/gridsat_2019.06.14.09.npz,data/interim/gridsat/2019/gridsat_2019.06.14.12.npz,data/interim/gridsat/2019/gridsat_2019.06.14.15.npz,data/interim/gridsat/2019/gridsat_2019.06.14.18.npz,data/interim/gridsat/2019/gridsat_2019.06.14.21.npz,20.8,67.5,65.0,978.0,VSCS,20.7,66.7,65.0,980.0,VSCS,20.7,65.9,65.0,981.0,VSCS,21.5,66.4,40.0,993.0,CS
NIO_2019_VAYU_20190615_0000Z,NIO_2019_VAYU,VALIDATION,2019-06-15T00:00:00+00:00,data/interim/gridsat/2019/gridsat_2019.06.14.09.npz,data/interim/gridsat/2019/gridsat_2019.06.14.12.npz,data/interim/gridsat/2019/gridsat_2019.06.14.15.npz,data/interim/gridsat/2019/gridsat_2019.06.14.18.npz,data/interim/gridsat/2019/gridsat_2019.06.14.21.npz,data/interim/gridsat/2019/gridsat_2019.06.15.00.npz,20.7,67.4,65.0,978.0,VSCS,20.7,66.4,65.0,980.0,VSCS,20.7,65.5,60.0,983.0,SCS,21.7,66.7,35.0,995.0,CS
NIO_2019_VAYU_20190615_0300Z,NIO_2019_VAYU,VALIDATION,2019-06-15T03:00:00+00:00,data/interim/gridsat/2019/gridsat_2019.06.14.12.npz,data/interim/gridsat/2019/gridsat_2019.06.14.15.npz,data/interim/gridsat/2019/gridsat_2019.06.14.18.npz,data/interim/gridsat/2019/gridsat_2019.06.14.21.npz,data/interim/gridsat/2019/gridsat_2019.06.15.00.npz,data/interim/gridsat/2019/gridsat_2019.06.15.03.npz,20.7,67.4,65.0,979.0,VSCS,20.7,66.3,65.0,980.0,VSCS,20.8,65.2,55.0,985.0,SCS,21.8,66.8,30.0,996.0,DD
NIO_2019_VAYU_20190615_0600Z,NIO_2019_VAYU,VALIDATION,2019-06-15T06:00:00+00:00,data/interim/gridsat/2019/gridsat_2019.06.14.15.npz,data/interim/gridsat/2019/gridsat_2019.06.14.18.npz,data/interim/gridsat/2019/gridsat_2019.06.14.21.npz,data/interim/gridsat/2019/gridsat_2019.06.15.00.npz,data/interim/gridsat/2019/gridsat_2019.06.15.03.npz,data/interim/gridsat/2019/gridsat_2019.06.15.06.npz,20.7,66.9,65.0,979.0,VSCS,20.7,66.0,65.0,981.0,VSCS,20.9,65.1,55.0,985.0,SCS,22.0,67.0,30.0,997.0,DD
NIO_2019_VAYU_20190615_0900Z,NIO_2019_VAYU,VALIDATION,2019-06-15T09:00:00+00:00,data/interim/gridsat/2019/gridsat_2019.06.14.18.npz,data/interim/gridsat/2019/gridsat_2019.06.14.21.npz,data/interim/gridsat/2019/gridsat_2019.06.15.00.npz,data/interim/gridsat/2019/gridsat_2019.06.15.03.npz,data/interim/gridsat/2019/gridsat_2019.06.15.06.npz,data/interim/gridsat/2019/gridsat_2019.06.15.09.npz,20.7,66.7,65.0,980.0,VSCS,20.7,65.9,65.0,981.0,VSCS,20.9,65.0,55.0,986.0,SCS,22.2,67.4,25.0,998.0,D
NIO_2019_VAYU_20190615_1200Z,NIO_2019_VAYU,VALIDATION,2019-06-15T12:00:00+00:00,data/interim/gridsat/2019/gridsat_2019.06.14.21.npz,data/interim/gridsat/2019/gridsat_2019.06.15.00.npz,data/interim/gridsat/2019/gridsat_2019.06.15.03.npz,data/interim/gridsat/2019/gridsat_2019.06.15.06.npz,data/interim/gridsat/2019/gridsat_2019.06.15.09.npz,data/interim/gridsat/2019/gridsat_2019.06.15.12.npz,20.7,66.4,65.0,980.0,VSCS,20.7,65.5,60.0,983.0,SCS,21.0,65.1,50.0,988.0,SCS,22.5,67.8,20.0,998.0,D
NIO_2020_AMPHAN_20200516_0000Z,NIO_2020_AMPHAN,VALIDATION,2020-05-16T00:00:00+00:00,data/interim/gridsat/2020/gridsat_2020.05.15.09.npz,data/interim/gridsat/2020/gridsat_2020.05.15.12.npz,data/interim/gridsat/2020/gridsat_2020.05.15.15.npz,data/interim/gridsat/2020/gridsat_2020.05.15.18.npz,data/interim/gridsat/2020/gridsat_2020.05.15.21.npz,data/interim/gridsat/2020/gridsat_2020.05.16.00.npz,10.4,87.0,25.0,1000.0,D,10.9,86.3,35.0,996.0,CS,11.4,86.0,45.0,992.0,CS,13.2,86.3,100.0,952.0,ESCS
NIO_2020_AMPHAN_20200516_0300Z,NIO_2020_AMPHAN,VALIDATION,2020-05-16T03:00:00+00:00,data/interim/gridsat/2020/gridsat_2020.05.15.12.npz,data/interim/gridsat/2020/gridsat_2020.05.15.15.npz,data/interim/gridsat/2020/gridsat_2020.05.15.18.npz,data/interim/gridsat/2020/gridsat_2020.05.15.21.npz,data/interim/gridsat/2020/gridsat_2020.05.16.00.npz,data/interim/gridsat/2020/gridsat_2020.05.16.03.npz,10.7,86.5,25.0,1000.0,D,11.0,86.2,40.0,995.0,CS,11.4,86.0,50.0,990.0,SCS,13.3,86.2,115.0,936.0,ESCS
NIO_2020_AMPHAN_20200516_0600Z,NIO_2020_AMPHAN,VALIDATION,2020-05-16T06:00:00+00:00,data/interim/gridsat/2020/gridsat_2020.05.15.15.npz,data/interim/gridsat/2020/gridsat_2020.05.15.18.npz,data/interim/gridsat/2020/gridsat_2020.05.15.21.npz,data/interim/gridsat/2020/gridsat_2020.05.16.00.npz,data/interim/gridsat/2020/gridsat_2020.05.16.03.npz,data/interim/gridsat/2020/gridsat_2020.05.16.06.npz,10.9,86.3,25.0,1000.0,D,11.1,86.1,40.0,995.0,CS,11.5,86.0,55.0,988.0,SCS,13.4,86.2,120.0,930.0,SuCS
NIO_2020_AMPHAN_20200516_0900Z,NIO_2020_AMPHAN,VALIDATION,2020-05-16T09:00:00+00:00,data/interim/gridsat/2020/gridsat_2020.05.15.18.npz,data/interim/gridsat/2020/gridsat_2020.05.15.21.npz,data/interim/gridsat/2020/gridsat_2020.05.16.00.npz,data/interim/gridsat/2020/gridsat_2020.05.16.03.npz,data/interim/gridsat/2020/gridsat_2020.05.16.06.npz,data/interim/gridsat/2020/gridsat_2020.05.16.09.npz,10.9,86.3,30.0,998.0,DD,11.3,86.1,45.0,994.0,CS,11.7,86.0,65.0,980.0,VSCS,13.7,86.2,120.0,930.0,SuCS
NIO_2020_AMPHAN_20200516_1200Z,NIO_2020_AMPHAN,VALIDATION,2020-05-16T12:00:00+00:00,data/interim/gridsat/2020/gridsat_2020.05.15.21.npz,data/interim/gridsat/2020/gridsat_2020.05.16.00.npz,data/interim/gridsat/2020/gridsat_2020.05.16.03.npz,data/interim/gridsat/2020/gridsat_2020.05.16.06.npz,data/interim/gridsat/2020/gridsat_2020.05.16.09.npz,data/interim/gridsat/2020/gridsat_2020.05.16.12.npz,10.9,86.3,35.0,996.0,CS,11.4,86.0,45.0,992.0,CS,12.0,86.0,70.0,978.0,VSCS,14.0,86.3,125.0,926.0,SuCS
NIO_2020_AMPHAN_20200516_1500Z,NIO_2020_AMPHAN,VALIDATION,2020-05-16T15:00:00+00:00,data/interim/gridsat/2020/gridsat_2020.05.16.00.npz,data/interim/gridsat/2020/gridsat_2020.05.16.03.npz,data/interim/gridsat/2020/gridsat_2020.05.16.06.npz,data/interim/gridsat/2020/gridsat_2020.05.16.09.npz,data/interim/gridsat/2020/gridsat_2020.05.16.12.npz,data/interim/gridsat/2020/gridsat_2020.05.16.15.npz,11.0,86.2,40.0,995.0,CS,11.4,86.0,50.0,990.0,SCS,12.8,86.2,70.0,978.0,VSCS,14.5,86.4,125.0,926.0,SuCS
NIO_2020_AMPHAN_20200516_1800Z,NIO_2020_AMPHAN,VALIDATION,2020-05-16T18:00:00+00:00,data/interim/gridsat/2020/gridsat_2020.05.16.03.npz,data/interim/gridsat/2020/gridsat_2020.05.16.06.npz,data/interim/gridsat/2020/gridsat_2020.05.16.09.npz,data/interim/gridsat/2020/gridsat_2020.05.16.12.npz,data/interim/gridsat/2020/gridsat_2020.05.16.15.npz,data/interim/gridsat/2020/gridsat_2020.05.16.18.npz,11.1,86.1,40.0,995.0,CS,11.5,86.0,55.0,988.0,SCS,12.5,86.1,80.0,970.0,VSCS,14.9,86.5,130.0,920.0,SuCS
NIO_2020_AMPHAN_20200516_2100Z,NIO_2020_AMPHAN,VALIDATION,2020-05-16T21:00:00+00:00,data/interim/gridsat/2020/gridsat_2020.05.16.06.npz,data/interim/gridsat/2020/gridsat_2020.05.16.09.npz,data/interim/gridsat/2020/gridsat_2020.05.16.12.npz,data/interim/gridsat/2020/gridsat_2020.05.16.15.npz,data/interim/gridsat/2020/gridsat_2020.05.16.18.npz,data/interim/gridsat/2020/gridsat_2020.05.16.21.npz,11.3,86.1,45.0,994.0,CS,11.7,86.0,65.0,980.0,VSCS,12.9,86.4,90.0,962.0,ESCS,15.2,86.6,130.0,920.0,SuCS
NIO_2020_AMPHAN_20200517_0000Z,NIO_2020_AMPHAN,VALIDATION,2020-05-17T00:00:00+00:00,data/interim/gridsat/2020/gridsat_2020.05.16.09.npz,data/interim/gridsat/2020/gridsat_2020.05.16.12.npz,data/interim/gridsat/2020/gridsat_2020.05.16.15.npz,data/interim/gridsat/2020/gridsat_2020.05.16.18.npz,data/interim/gridsat/2020/gridsat_2020.05.16.21.npz,data/interim/gridsat/2020/gridsat_2020.05.17.00.npz,11.4,86.0,45.0,992.0,CS,12.0,86.0,70.0,978.0,VSCS,13.2,86.3,100.0,952.0,ESCS,15.6,86.7,125.0,926.0,SuCS
NIO_2020_AMPHAN_20200517_0300Z,NIO_2020_AMPHAN,VALIDATION,2020-05-17T03:00:00+00:00,data/interim/gridsat/2020/gridsat_2020.05.16.12.npz,data/interim/gridsat/2020/gridsat_2020.05.16.15.npz,data/interim/gridsat/2020/gridsat_2020.05.16.18.npz,data/interim/gridsat/2020/gridsat_2020.05.16.21.npz,data/interim/gridsat/2020/gridsat_2020.05.17.00.npz,data/interim/gridsat/2020/gridsat_2020.05.17.03.npz,11.4,86.0,50.0,990.0,SCS,12.8,86.2,70.0,978.0,VSCS,13.3,86.2,115.0,936.0,ESCS,16.0,86.8,120.0,930.0,SuCS
NIO_2020_AMPHAN_20200517_0600Z,NIO_2020_AMPHAN,VALIDATION,2020-05-17T06:00:00+00:00,data/interim/gridsat/2020/gridsat_2020.05.16.15.npz,data/interim/gridsat/2020/gridsat_2020.05.16.18.npz,data/interim/gridsat/2020/gridsat_2020.05.16.21.npz,data/interim/gridsat/2020/gridsat_2020.05.17.00.npz,data/interim/gridsat/2020/gridsat_2020.05.17.03.npz,data/interim/gridsat/2020/gridsat_2020.05.17.06.npz,11.5,86.0,55.0,988.0,SCS,12.5,86.1,80.0,970.0,VSCS,13.4,86.2,120.0,930.0,SuCS,16.5,86.9,115.0,936.0,ESCS
NIO_2020_AMPHAN_20200517_0900Z,NIO_2020_AMPHAN,VALIDATION,2020-05-17T09:00:00+00:00,data/interim/gridsat/2020/gridsat_2020.05.16.18.npz,data/interim/gridsat/2020/gridsat_2020.05.16.21.npz,data/interim/gridsat/2020/gridsat_2020.05.17.00.npz,data/interim/gridsat/2020/gridsat_2020.05.17.03.npz,data/interim/gridsat/2020/gridsat_2020.05.17.06.npz,data/interim/gridsat/2020/gridsat_2020.05.17.09.npz,11.7,86.0,65.0,980.0,VSCS,12.9,86.4,90.0,962.0,ESCS,13.7,86.2,120.0,930.0,SuCS,17.0,86.9,110.0,942.0,ESCS
NIO_2020_AMPHAN_20200517_1200Z,NIO_2020_AMPHAN,VALIDATION,2020-05-17T12:00:00+00:00,data/interim/gridsat/2020/gridsat_2020.05.16.21.npz,data/interim/gridsat/2020/gridsat_2020.05.17.00.npz,data/interim/gridsat/2020/gridsat_2020.05.17.03.npz,data/interim/gridsat/2020/gridsat_2020.05.17.06.npz,data/interim/gridsat/2020/gridsat_2020.05.17.09.npz,data/interim/gridsat/2020/gridsat_2020.05.17.12.npz,12.0,86.0,70.0,978.0,VSCS,13.2,86.3,100.0,952.0,ESCS,14.0,86.3,125.0,926.0,SuCS,17.4,87.0,105.0,946.0,ESCS
NIO_2020_AMPHAN_20200517_1500Z,NIO_2020_AMPHAN,VALIDATION,2020-05-17T15:00:00+00:00,data/interim/gridsat/2020/gridsat_2020.05.17.00.npz,data/interim/gridsat/2020/gridsat_2020.05.17.03.npz,data/interim/gridsat/2020/gridsat_2020.05.17.06.npz,data/interim/gridsat/2020/gridsat_2020.05.17.09.npz,data/interim/gridsat/2020/gridsat_2020.05.17.12.npz,data/interim/gridsat/2020/gridsat_2020.05.17.15.npz,12.8,86.2,70.0,978.0,VSCS,13.3,86.2,115.0,936.0,ESCS,14.5,86.4,125.0,926.0,SuCS,18.1,87.1,100.0,950.0,ESCS
NIO_2020_AMPHAN_20200517_1800Z,NIO_2020_AMPHAN,VALIDATION,2020-05-17T18:00:00+00:00,data/interim/gridsat/2020/gridsat_2020.05.17.03.npz,data/interim/gridsat/2020/gridsat_2020.05.17.06.npz,data/interim/gridsat/2020/gridsat_2020.05.17.09.npz,data/interim/gridsat/2020/gridsat_2020.05.17.12.npz,data/interim/gridsat/2020/gridsat_2020.05.17.15.npz,data/interim/gridsat/2020/gridsat_2020.05.17.18.npz,12.5,86.1,80.0,970.0,VSCS,13.4,86.2,120.0,930.0,SuCS,14.9,86.5,130.0,920.0,SuCS,18.4,87.2,100.0,950.0,ESCS
NIO_2020_AMPHAN_20200517_2100Z,NIO_2020_AMPHAN,VALIDATION,2020-05-17T21:00:00+00:00,data/interim/gridsat/2020/gridsat_2020.05.17.06.npz,data/interim/gridsat/2020/gridsat_2020.05.17.09.npz,data/interim/gridsat/2020/gridsat_2020.05.17.12.npz,data/interim/gridsat/2020/gridsat_2020.05.17.15.npz,data/interim/gridsat/2020/gridsat_2020.05.17.18.npz,data/interim/gridsat/2020/gridsat_2020.05.17.21.npz,12.9,86.4,90.0,962.0,ESCS,13.7,86.2,120.0,930.0,SuCS,15.2,86.6,130.0,920.0,SuCS,18.7,87.2,100.0,950.0,ESCS
NIO_2020_AMPHAN_20200518_0000Z,NIO_2020_AMPHAN,VALIDATION,2020-05-18T00:00:00+00:00,data/interim/gridsat/2020/gridsat_2020.05.17.09.npz,data/interim/gridsat/2020/gridsat_2020.05.17.12.npz,data/interim/gridsat/2020/gridsat_2020.05.17.15.npz,data/interim/gridsat/2020/gridsat_2020.05.17.18.npz,data/interim/gridsat/2020/gridsat_2020.05.17.21.npz,data/interim/gridsat/2020/gridsat_2020.05.18.00.npz,13.2,86.3,100.0,952.0,ESCS,14.0,86.3,125.0,926.0,SuCS,15.6,86.7,125.0,926.0,SuCS,19.1,87.5,95.0,954.0,ESCS
NIO_2020_AMPHAN_20200518_0300Z,NIO_2020_AMPHAN,VALIDATION,2020-05-18T03:00:00+00:00,data/interim/gridsat/2020/gridsat_2020.05.17.12.npz,data/interim/gridsat/2020/gridsat_2020.05.17.15.npz,data/interim/gridsat/2020/gridsat_2020.05.17.18.npz,data/interim/gridsat/2020/gridsat_2020.05.17.21.npz,data/interim/gridsat/2020/gridsat_2020.05.18.00.npz,data/interim/gridsat/2020/gridsat_2020.05.18.03.npz,13.3,86.2,115.0,936.0,ESCS,14.5,86.4,125.0,926.0,SuCS,16.0,86.8,120.0,930.0,SuCS,19.8,87.7,90.0,958.0,ESCS
NIO_2020_AMPHAN_20200518_0600Z,NIO_2020_AMPHAN,VALIDATION,2020-05-18T06:00:00+00:00,data/interim/gridsat/2020/gridsat_2020.05.17.15.npz,data/interim/gridsat/2020/gridsat_2020.05.17.18.npz,data/interim/gridsat/2020/gridsat_2020.05.17.21.npz,data/interim/gridsat/2020/gridsat_2020.05.18.00.npz,data/interim/gridsat/2020/gridsat_2020.05.18.03.npz,data/interim/gridsat/2020/gridsat_2020.05.18.06.npz,13.4,86.2,120.0,930.0,SuCS,14.9,86.5,130.0,920.0,SuCS,16.5,86.9,115.0,936.0,ESCS,20.6,88.0,90.0,960.0,ESCS
NIO_2020_AMPHAN_20200518_0900Z,NIO_2020_AMPHAN,VALIDATION,2020-05-18T09:00:00+00:00,data/interim/gridsat/2020/gridsat_2020.05.17.18.npz,data/interim/gridsat/2020/gridsat_2020.05.17.21.npz,data/interim/gridsat/2020/gridsat_2020.05.18.00.npz,data/interim/gridsat/2020/gridsat_2020.05.18.03.npz,data/interim/gridsat/2020/gridsat_2020.05.18.06.npz,data/interim/gridsat/2020/gridsat_2020.05.18.09.npz,13.7,86.2,120.0,930.0,SuCS,15.2,86.6,130.0,920.0,SuCS,17.0,86.9,110.0,942.0,ESCS,21.4,88.1,90.0,960.0,ESCS
NIO_2020_BUREVI_20201130_0000Z,NIO_2020_BUREVI,VALIDATION,2020-11-30T00:00:00+00:00,data/interim/gridsat/2020/gridsat_2020.11.29.09.npz,data/interim/gridsat/2020/gridsat_2020.11.29.12.npz,data/interim/gridsat/2020/gridsat_2020.11.29.15.npz,data/interim/gridsat/2020/gridsat_2020.11.29.18.npz,data/interim/gridsat/2020/gridsat_2020.11.29.21.npz,data/interim/gridsat/2020/gridsat_2020.11.30.00.npz,7.5,88.0,20.0,1003.0,D,7.7,87.0,25.0,1002.0,D,7.8,86.0,30.0,1000.0,DD,8.6,83.0,40.0,998.0,
NIO_2020_BUREVI_20201130_0600Z,NIO_2020_BUREVI,VALIDATION,2020-11-30T06:00:00+00:00,data/interim/gridsat/2020/gridsat_2020.11.29.15.npz,data/interim/gridsat/2020/gridsat_2020.11.29.18.npz,data/interim/gridsat/2020/gridsat_2020.11.29.21.npz,data/interim/gridsat/2020/gridsat_2020.11.30.00.npz,data/interim/gridsat/2020/gridsat_2020.11.30.03.npz,data/interim/gridsat/2020/gridsat_2020.11.30.06.npz,7.8,87.4,25.0,1002.0,D,7.8,86.6,25.0,1002.0,D,7.8,85.3,30.0,1000.0,DD,8.8,82.2,45.0,996.0,
NIO_2020_BUREVI_20201130_1200Z,NIO_2020_BUREVI,VALIDATION,2020-11-30T12:00:00+00:00,data/interim/gridsat/2020/gridsat_2020.11.29.21.npz,data/interim/gridsat/2020/gridsat_2020.11.30.00.npz,data/interim/gridsat/2020/gridsat_2020.11.30.03.npz,data/interim/gridsat/2020/gridsat_2020.11.30.06.npz,data/interim/gridsat/2020/gridsat_2020.11.30.09.npz,data/interim/gridsat/2020/gridsat_2020.11.30.12.npz,7.7,87.0,25.0,1002.0,D,7.8,86.0,30.0,1000.0,DD,7.9,84.8,35.0,999.0,CS,8.8,81.4,45.0,996.0,
NIO_2020_BUREVI_20201130_1800Z,NIO_2020_BUREVI,VALIDATION,2020-11-30T18:00:00+00:00,data/interim/gridsat/2020/gridsat_2020.11.30.03.npz,data/interim/gridsat/2020/gridsat_2020.11.30.06.npz,data/interim/gridsat/2020/gridsat_2020.11.30.09.npz,data/interim/gridsat/2020/gridsat_2020.11.30.12.npz,data/interim/gridsat/2020/gridsat_2020.11.30.15.npz,data/interim/gridsat/2020/gridsat_2020.11.30.18.npz,7.8,86.6,25.0,1002.0,D,7.8,85.3,30.0,1000.0,DD,8.1,84.2,35.0,999.0,CS,8.9,80.9,45.0,996.0,CS
NIO_2020_BUREVI_20201201_0000Z,NIO_2020_BUREVI,VALIDATION,2020-12-01T00:00:00+00:00,data/interim/gridsat/2020/gridsat_2020.11.30.09.npz,data/interim/gridsat/2020/gridsat_2020.11.30.12.npz,data/interim/gridsat/2020/gridsat_2020.11.30.15.npz,data/interim/gridsat/2020/gridsat_2020.11.30.18.npz,data/interim/gridsat/2020/gridsat_2020.11.30.21.npz,data/interim/gridsat/2020/gridsat_2020.12.01.00.npz,7.8,86.0,30.0,1000.0,DD,7.9,84.8,35.0,999.0,CS,8.6,83.0,40.0,998.0,,9.0,80.3,40.0,998.0,CS
NIO_2020_BUREVI_20201201_0300Z,NIO_2020_BUREVI,VALIDATION,2020-12-01T03:00:00+00:00,data/interim/gridsat/2020/gridsat_2020.11.30.12.npz,data/interim/gridsat/2020/gridsat_2020.11.30.15.npz,data/interim/gridsat/2020/gridsat_2020.11.30.18.npz,data/interim/gridsat/2020/gridsat_2020.11.30.21.npz,data/interim/gridsat/2020/gridsat_2020.12.01.00.npz,data/interim/gridsat/2020/gridsat_2020.12.01.03.npz,7.8,85.7,30.0,1000.0,DD,7.9,84.5,35.0,999.0,CS,8.7,82.5,40.0,998.0,,9.1,80.2,40.0,998.0,CS
NIO_2020_BUREVI_20201201_0600Z,NIO_2020_BUREVI,VALIDATION,2020-12-01T06:00:00+00:00,data/interim/gridsat/2020/gridsat_2020.11.30.15.npz,data/interim/gridsat/2020/gridsat_2020.11.30.18.npz,data/interim/gridsat/2020/gridsat_2020.11.30.21.npz,data/interim/gridsat/2020/gridsat_2020.12.01.00.npz,data/interim/gridsat/2020/gridsat_2020.12.01.03.npz,data/interim/gridsat/2020/gridsat_2020.12.01.06.npz,7.8,85.3,30.0,1000.0,DD,8.1,84.2,35.0,999.0,CS,8.8,82.2,45.0,996.0,,9.2,79.7,40.0,998.0,CS
NIO_2020_BUREVI_20201201_1200Z,NIO_2020_BUREVI,VALIDATION,2020-12-01T12:00:00+00:00,data/interim/gridsat/2020/gridsat_2020.11.30.21.npz,data/interim/gridsat/2020/gridsat_2020.12.01.00.npz,data/interim/gridsat/2020/gridsat_2020.12.01.03.npz,data/interim/gridsat/2020/gridsat_2020.12.01.06.npz,data/interim/gridsat/2020/gridsat_2020.12.01.09.npz,data/interim/gridsat/2020/gridsat_2020.12.01.12.npz,7.9,84.8,35.0,999.0,CS,8.6,83.0,40.0,998.0,,8.8,81.4,45.0,996.0,,9.2,79.1,30.0,1000.0,DD
NIO_2020_BUREVI_20201201_1500Z,NIO_2020_BUREVI,VALIDATION,2020-12-01T15:00:00+00:00,data/interim/gridsat/2020/gridsat_2020.12.01.00.npz,data/interim/gridsat/2020/gridsat_2020.12.01.03.npz,data/interim/gridsat/2020/gridsat_2020.12.01.06.npz,data/interim/gridsat/2020/gridsat_2020.12.01.09.npz,data/interim/gridsat/2020/gridsat_2020.12.01.12.npz,data/interim/gridsat/2020/gridsat_2020.12.01.15.npz,7.9,84.5,35.0,999.0,CS,8.7,82.5,40.0,998.0,,8.8,81.4,45.0,996.0,,9.2,78.8,30.0,1000.0,DD
NIO_2020_BUREVI_20201201_1800Z,NIO_2020_BUREVI,VALIDATION,2020-12-01T18:00:00+00:00,data/interim/gridsat/2020/gridsat_2020.12.01.03.npz,data/interim/gridsat/2020/gridsat_2020.12.01.06.npz,data/interim/gridsat/2020/gridsat_2020.12.01.09.npz,data/interim/gridsat/2020/gridsat_2020.12.01.12.npz,data/interim/gridsat/2020/gridsat_2020.12.01.15.npz,data/interim/gridsat/2020/gridsat_2020.12.01.18.npz,8.1,84.2,35.0,999.0,CS,8.8,82.2,45.0,996.0,,8.9,80.9,45.0,996.0,CS,9.1,78.6,30.0,1000.0,DD
NIO_2020_BUREVI_20201201_2100Z,NIO_2020_BUREVI,VALIDATION,2020-12-01T21:00:00+00:00,data/interim/gridsat/2020/gridsat_2020.12.01.06.npz,data/interim/gridsat/2020/gridsat_2020.12.01.09.npz,data/interim/gridsat/2020/gridsat_2020.12.01.12.npz,data/interim/gridsat/2020/gridsat_2020.12.01.15.npz,data/interim/gridsat/2020/gridsat_2020.12.01.18.npz,data/interim/gridsat/2020/gridsat_2020.12.01.21.npz,8.4,83.4,35.0,999.0,,8.8,81.8,45.0,996.0,,9.0,80.8,40.0,998.0,CS,9.1,78.6,30.0,1000.0,DD
NIO_2020_BUREVI_20201202_0000Z,NIO_2020_BUREVI,VALIDATION,2020-12-02T00:00:00+00:00,data/interim/gridsat/2020/gridsat_2020.12.01.09.npz,data/interim/gridsat/2020/gridsat_2020.12.01.12.npz,data/interim/gridsat/2020/gridsat_2020.12.01.15.npz,data/interim/gridsat/2020/gridsat_2020.12.01.18.npz,data/interim/gridsat/2020/gridsat_2020.12.01.21.npz,data/interim/gridsat/2020/gridsat_2020.12.02.00.npz,8.6,83.0,40.0,998.0,,8.8,81.4,45.0,996.0,,9.0,80.3,40.0,998.0,CS,9.1,78.6,30.0,1000.0,DD
NIO_2020_BUREVI_20201202_0300Z,NIO_2020_BUREVI,VALIDATION,2020-12-02T03:00:00+00:00,data/interim/gridsat/2020/gridsat_2020.12.01.12.npz,data/interim/gridsat/2020/gridsat_2020.12.01.15.npz,data/interim/gridsat/2020/gridsat_2020.12.01.18.npz,data/interim/gridsat/2020/gridsat_2020.12.01.21.npz,data/interim/gridsat/2020/gridsat_2020.12.02.00.npz,data/interim/gridsat/2020/gridsat_2020.12.02.03.npz,8.7,82.5,40.0,998.0,,8.8,81.4,45.0,996.0,,9.1,80.2,40.0,998.0,CS,9.1,78.6,30.0,1001.0,DD
NIO_2020_BUREVI_20201202_0600Z,NIO_2020_BUREVI,VALIDATION,2020-12-02T06:00:00+00:00,data/interim/gridsat/2020/gridsat_2020.12.01.15.npz,data/interim/gridsat/2020/gridsat_2020.12.01.18.npz,data/interim/gridsat/2020/gridsat_2020.12.01.21.npz,data/interim/gridsat/2020/gridsat_2020.12.02.00.npz,data/interim/gridsat/2020/gridsat_2020.12.02.03.npz,data/interim/gridsat/2020/gridsat_2020.12.02.06.npz,8.8,82.2,45.0,996.0,,8.9,80.9,45.0,996.0,CS,9.2,79.7,40.0,998.0,CS,9.1,78.6,30.0,1001.0,DD
NIO_2020_BUREVI_20201202_1200Z,NIO_2020_BUREVI,VALIDATION,2020-12-02T12:00:00+00:00,data/interim/gridsat/2020/gridsat_2020.12.01.21.npz,data/interim/gridsat/2020/gridsat_2020.12.02.00.npz,data/interim/gridsat/2020/gridsat_2020.12.02.03.npz,data/interim/gridsat/2020/gridsat_2020.12.02.06.npz,data/interim/gridsat/2020/gridsat_2020.12.02.09.npz,data/interim/gridsat/2020/gridsat_2020.12.02.12.npz,8.8,81.4,45.0,996.0,,9.0,80.3,40.0,998.0,CS,9.2,79.1,30.0,1000.0,DD,9.1,78.6,25.0,1002.0,D
NIO_2020_BUREVI_20201202_1800Z,NIO_2020_BUREVI,VALIDATION,2020-12-02T18:00:00+00:00,data/interim/gridsat/2020/gridsat_2020.12.02.03.npz,data/interim/gridsat/2020/gridsat_2020.12.02.06.npz,data/interim/gridsat/2020/gridsat_2020.12.02.09.npz,data/interim/gridsat/2020/gridsat_2020.12.02.12.npz,data/interim/gridsat/2020/gridsat_2020.12.02.15.npz,data/interim/gridsat/2020/gridsat_2020.12.02.18.npz,8.9,80.9,45.0,996.0,CS,9.2,79.7,40.0,998.0,CS,9.1,78.6,30.0,1000.0,DD,9.1,78.6,25.0,1003.0,D
NIO_2020_BUREVI_20201203_0000Z,NIO_2020_BUREVI,VALIDATION,2020-12-03T00:00:00+00:00,data/interim/gridsat/2020/gridsat_2020.12.02.09.npz,data/interim/gridsat/2020/gridsat_2020.12.02.12.npz,data/interim/gridsat/2020/gridsat_2020.12.02.15.npz,data/interim/gridsat/2020/gridsat_2020.12.02.18.npz,data/interim/gridsat/2020/gridsat_2020.12.02.21.npz,data/interim/gridsat/2020/gridsat_2020.12.03.00.npz,9.0,80.3,40.0,998.0,CS,9.2,79.1,30.0,1000.0,DD,9.1,78.6,30.0,1000.0,DD,9.1,78.6,20.0,1004.0,D
NIO_2020_BUREVI_20201203_0300Z,NIO_2020_BUREVI,VALIDATION,2020-12-03T03:00:00+00:00,data/interim/gridsat/2020/gridsat_2020.12.02.12.npz,data/interim/gridsat/2020/gridsat_2020.12.02.15.npz,data/interim/gridsat/2020/gridsat_2020.12.02.18.npz,data/interim/gridsat/2020/gridsat_2020.12.02.21.npz,data/interim/gridsat/2020/gridsat_2020.12.03.00.npz,data/interim/gridsat/2020/gridsat_2020.12.03.03.npz,9.1,80.2,40.0,998.0,CS,9.2,78.8,30.0,1000.0,DD,9.1,78.6,30.0,1001.0,DD,9.1,78.6,20.0,1006.0,D
NIO_2020_GATI_20201121_1800Z,NIO_2020_GATI,VALIDATION,2020-11-21T18:00:00+00:00,data/interim/gridsat/2020/gridsat_2020.11.21.03.npz,data/interim/gridsat/2020/gridsat_2020.11.21.06.npz,data/interim/gridsat/2020/gridsat_2020.11.21.09.npz,data/interim/gridsat/2020/gridsat_2020.11.21.12.npz,data/interim/gridsat/2020/gridsat_2020.11.21.15.npz,data/interim/gridsat/2020/gridsat_2020.11.21.18.npz,11.2,57.4,25.0,1000.0,D,10.4,52.7,50.0,992.0,SCS,10.4,50.5,65.0,982.0,VSCS,11.7,47.5,30.0,1000.0,DD
NIO_2020_GATI_20201122_0300Z,NIO_2020_GATI,VALIDATION,2020-11-22T03:00:00+00:00,data/interim/gridsat/2020/gridsat_2020.11.21.12.npz,data/interim/gridsat/2020/gridsat_2020.11.21.15.npz,data/interim/gridsat/2020/gridsat_2020.11.21.18.npz,data/interim/gridsat/2020/gridsat_2020.11.21.21.npz,data/interim/gridsat/2020/gridsat_2020.11.22.00.npz,data/interim/gridsat/2020/gridsat_2020.11.22.03.npz,10.7,53.8,40.0,996.0,CS,10.4,51.0,75.0,976.0,VSCS,10.7,49.7,35.0,997.0,CS,11.6,46.8,20.0,1002.0,D
NIO_2020_NISARGA_20200601_0000Z,NIO_2020_NISARGA,VALIDATION,2020-06-01T00:00:00+00:00,data/interim/gridsat/2020/gridsat_2020.05.31.09.npz,data/interim/gridsat/2020/gridsat_2020.05.31.12.npz,data/interim/gridsat/2020/gridsat_2020.05.31.15.npz,data/interim/gridsat/2020/gridsat_2020.05.31.18.npz,data/interim/gridsat/2020/gridsat_2020.05.31.21.npz,data/interim/gridsat/2020/gridsat_2020.06.01.00.npz,13.0,71.4,25.0,1004.0,D,14.2,71.2,25.0,1003.0,D,15.0,71.2,30.0,1000.0,DD,17.3,72.1,50.0,992.0,SCS
NIO_2020_NISARGA_20200601_0600Z,NIO_2020_NISARGA,VALIDATION,2020-06-01T06:00:00+00:00,data/interim/gridsat/2020/gridsat_2020.05.31.15.npz,data/interim/gridsat/2020/gridsat_2020.05.31.18.npz,data/interim/gridsat/2020/gridsat_2020.05.31.21.npz,data/interim/gridsat/2020/gridsat_2020.06.01.00.npz,data/interim/gridsat/2020/gridsat_2020.06.01.03.npz,data/interim/gridsat/2020/gridsat_2020.06.01.06.npz,13.7,71.3,25.0,1004.0,D,14.4,71.2,25.0,1003.0,D,15.6,71.2,35.0,999.0,CS,18.1,72.8,60.0,984.0,SCS
NIO_2020_NIVAR_20201123_0000Z,NIO_2020_NIVAR,VALIDATION,2020-11-23T00:00:00+00:00,data/interim/gridsat/2020/gridsat_2020.11.22.09.npz,data/interim/gridsat/2020/gridsat_2020.11.22.12.npz,data/interim/gridsat/2020/gridsat_2020.11.22.15.npz,data/interim/gridsat/2020/gridsat_2020.11.22.18.npz,data/interim/gridsat/2020/gridsat_2020.11.22.21.npz,data/interim/gridsat/2020/gridsat_2020.11.23.00.npz,9.3,84.5,25.0,1002.0,D,9.8,83.6,30.0,999.0,DD,10.0,83.0,35.0,997.0,CS,10.5,82.0,60.0,986.0,SCS
NIO_2020_NIVAR_20201123_0600Z,NIO_2020_NIVAR,VALIDATION,2020-11-23T06:00:00+00:00,data/interim/gridsat/2020/gridsat_2020.11.22.15.npz,data/interim/gridsat/2020/gridsat_2020.11.22.18.npz,data/interim/gridsat/2020/gridsat_2020.11.22.21.npz,data/interim/gridsat/2020/gridsat_2020.11.23.00.npz,data/interim/gridsat/2020/gridsat_2020.11.23.03.npz,data/interim/gridsat/2020/gridsat_2020.11.23.06.npz,9.6,84.0,25.0,1001.0,D,10.0,83.3,30.0,998.0,DD,10.0,82.7,40.0,994.0,CS,11.0,81.3,60.0,986.0,SCS
NIO_2020_NIVAR_20201123_1200Z,NIO_2020_NIVAR,VALIDATION,2020-11-23T12:00:00+00:00,data/interim/gridsat/2020/gridsat_2020.11.22.21.npz,data/interim/gridsat/2020/gridsat_2020.11.23.00.npz,data/interim/gridsat/2020/gridsat_2020.11.23.03.npz,data/interim/gridsat/2020/gridsat_2020.11.23.06.npz,data/interim/gridsat/2020/gridsat_2020.11.23.09.npz,data/interim/gridsat/2020/gridsat_2020.11.23.12.npz,9.8,83.6,30.0,999.0,DD,10.0,83.0,35.0,997.0,CS,10.1,82.5,45.0,994.0,CS,11.4,80.7,65.0,982.0,VSCS
NIO_2020_NIVAR_20201123_1800Z,NIO_2020_NIVAR,VALIDATION,2020-11-23T18:00:00+00:00,data/interim/gridsat/2020/gridsat_2020.11.23.03.npz,data/interim/gridsat/2020/gridsat_2020.11.23.06.npz,data/interim/gridsat/2020/gridsat_2020.11.23.09.npz,data/interim/gridsat/2020/gridsat_2020.11.23.12.npz,data/interim/gridsat/2020/gridsat_2020.11.23.15.npz,data/interim/gridsat/2020/gridsat_2020.11.23.18.npz,10.0,83.3,30.0,998.0,DD,10.0,82.7,40.0,994.0,CS,10.2,82.3,50.0,992.0,SCS,12.0,80.1,65.0,982.0,VSCS
NIO_2020_NIVAR_20201124_0000Z,NIO_2020_NIVAR,VALIDATION,2020-11-24T00:00:00+00:00,data/interim/gridsat/2020/gridsat_2020.11.23.09.npz,data/interim/gridsat/2020/gridsat_2020.11.23.12.npz,data/interim/gridsat/2020/gridsat_2020.11.23.15.npz,data/interim/gridsat/2020/gridsat_2020.11.23.18.npz,data/interim/gridsat/2020/gridsat_2020.11.23.21.npz,data/interim/gridsat/2020/gridsat_2020.11.24.00.npz,10.0,83.0,35.0,997.0,CS,10.1,82.5,45.0,994.0,CS,10.5,82.0,60.0,986.0,SCS,12.3,79.7,50.0,992.0,SCS
NIO_2020_NIVAR_20201124_0300Z,NIO_2020_NIVAR,VALIDATION,2020-11-24T03:00:00+00:00,data/interim/gridsat/2020/gridsat_2020.11.23.12.npz,data/interim/gridsat/2020/gridsat_2020.11.23.15.npz,data/interim/gridsat/2020/gridsat_2020.11.23.18.npz,data/interim/gridsat/2020/gridsat_2020.11.23.21.npz,data/interim/gridsat/2020/gridsat_2020.11.24.00.npz,data/interim/gridsat/2020/gridsat_2020.11.24.03.npz,10.0,83.0,35.0,997.0,CS,10.1,82.4,45.0,994.0,CS,10.7,81.7,60.0,986.0,SCS,12.6,79.4,40.0,996.0,CS
NIO_2020_NIVAR_20201124_0600Z,NIO_2020_NIVAR,VALIDATION,2020-11-24T06:00:00+00:00,data/interim/gridsat/2020/gridsat_2020.11.23.15.npz,data/interim/gridsat/2020/gridsat_2020.11.23.18.npz,data/interim/gridsat/2020/gridsat_2020.11.23.21.npz,data/interim/gridsat/2020/gridsat_2020.11.24.00.npz,data/interim/gridsat/2020/gridsat_2020.11.24.03.npz,data/interim/gridsat/2020/gridsat_2020.11.24.06.npz,10.0,82.7,40.0,994.0,CS,10.2,82.3,50.0,992.0,SCS,11.0,81.3,60.0,986.0,SCS,12.9,79.3,30.0,998.0,CS
NIO_2020_NIVAR_20201124_0900Z,NIO_2020_NIVAR,VALIDATION,2020-11-24T09:00:00+00:00,data/interim/gridsat/2020/gridsat_2020.11.23.18.npz,data/interim/gridsat/2020/gridsat_2020.11.23.21.npz,data/interim/gridsat/2020/gridsat_2020.11.24.00.npz,data/interim/gridsat/2020/gridsat_2020.11.24.03.npz,data/interim/gridsat/2020/gridsat_2020.11.24.06.npz,data/interim/gridsat/2020/gridsat_2020.11.24.09.npz,10.0,82.6,45.0,994.0,CS,10.3,82.2,55.0,988.0,SCS,11.2,81.0,65.0,982.0,VSCS,13.3,79.3,30.0,999.0,DD
NIO_2020_NIVAR_20201124_1200Z,NIO_2020_NIVAR,VALIDATION,2020-11-24T12:00:00+00:00,data/interim/gridsat/2020/gridsat_2020.11.23.21.npz,data/interim/gridsat/2020/gridsat_2020.11.24.00.npz,data/interim/gridsat/2020/gridsat_2020.11.24.03.npz,data/interim/gridsat/2020/gridsat_2020.11.24.06.npz,data/interim/gridsat/2020/gridsat_2020.11.24.09.npz,data/interim/gridsat/2020/gridsat_2020.11.24.12.npz,10.1,82.5,45.0,994.0,CS,10.5,82.0,60.0,986.0,SCS,11.4,80.7,65.0,982.0,VSCS,13.6,79.4,30.0,1000.0,DD
NIO_2020_NIVAR_20201124_1800Z,NIO_2020_NIVAR,VALIDATION,2020-11-24T18:00:00+00:00,data/interim/gridsat/2020/gridsat_2020.11.24.03.npz,data/interim/gridsat/2020/gridsat_2020.11.24.06.npz,data/interim/gridsat/2020/gridsat_2020.11.24.09.npz,data/interim/gridsat/2020/gridsat_2020.11.24.12.npz,data/interim/gridsat/2020/gridsat_2020.11.24.15.npz,data/interim/gridsat/2020/gridsat_2020.11.24.18.npz,10.2,82.3,50.0,992.0,SCS,11.0,81.3,60.0,986.0,SCS,12.0,80.1,65.0,982.0,VSCS,14.0,79.6,20.0,1002.0,D
NIO_2020_UNNAMED_01_20200529_1200Z,NIO_2020_UNNAMED_01,VALIDATION,2020-05-29T12:00:00+00:00,data/interim/gridsat/2020/gridsat_2020.05.28.21.npz,data/interim/gridsat/2020/gridsat_2020.05.29.00.npz,data/interim/gridsat/2020/gridsat_2020.05.29.03.npz,data/interim/gridsat/2020/gridsat_2020.05.29.06.npz,data/interim/gridsat/2020/gridsat_2020.05.29.09.npz,data/interim/gridsat/2020/gridsat_2020.05.29.12.npz,17.3,54.3,25.0,1000.0,D,17.3,54.2,25.0,1000.0,D,17.2,54.0,25.0,1000.0,D,16.9,53.1,25.0,1000.0,D
NIO_2020_UNNAMED_01_20200529_1800Z,NIO_2020_UNNAMED_01,VALIDATION,2020-05-29T18:00:00+00:00,data/interim/gridsat/2020/gridsat_2020.05.29.03.npz,data/interim/gridsat/2020/gridsat_2020.05.29.06.npz,data/interim/gridsat/2020/gridsat_2020.05.29.09.npz,data/interim/gridsat/2020/gridsat_2020.05.29.12.npz,data/interim/gridsat/2020/gridsat_2020.05.29.15.npz,data/interim/gridsat/2020/gridsat_2020.05.29.18.npz,17.3,54.3,25.0,1000.0,D,17.2,54.0,25.0,1000.0,D,17.2,54.0,25.0,1000.0,D,16.8,52.9,25.0,1000.0,D
NIO_2021_GULAB_20210924_1200Z,NIO_2021_GULAB,TEST,2021-09-24T12:00:00+00:00,data/interim/gridsat/2021/gridsat_2021.09.23.21.npz,data/interim/gridsat/2021/gridsat_2021.09.24.00.npz,data/interim/gridsat/2021/gridsat_2021.09.24.03.npz,data/interim/gridsat/2021/gridsat_2021.09.24.06.npz,data/interim/gridsat/2021/gridsat_2021.09.24.09.npz,data/interim/gridsat/2021/gridsat_2021.09.24.12.npz,18.3,91.2,25.0,1000.0,D,18.4,89.7,30.0,999.0,DD,18.3,88.3,35.0,997.0,CS,18.4,84.6,45.0,992.0,CS
NIO_2021_GULAB_20210924_1800Z,NIO_2021_GULAB,TEST,2021-09-24T18:00:00+00:00,data/interim/gridsat/2021/gridsat_2021.09.24.03.npz,data/interim/gridsat/2021/gridsat_2021.09.24.06.npz,data/interim/gridsat/2021/gridsat_2021.09.24.09.npz,data/interim/gridsat/2021/gridsat_2021.09.24.12.npz,data/interim/gridsat/2021/gridsat_2021.09.24.15.npz,data/interim/gridsat/2021/gridsat_2021.09.24.18.npz,18.4,90.4,25.0,1000.0,D,18.4,88.7,30.0,998.0,DD,18.3,87.9,35.0,996.0,CS,18.4,83.4,35.0,994.0,CS
NIO_2021_GULAB_20210925_0000Z,NIO_2021_GULAB,TEST,2021-09-25T00:00:00+00:00,data/interim/gridsat/2021/gridsat_2021.09.24.09.npz,data/interim/gridsat/2021/gridsat_2021.09.24.12.npz,data/interim/gridsat/2021/gridsat_2021.09.24.15.npz,data/interim/gridsat/2021/gridsat_2021.09.24.18.npz,data/interim/gridsat/2021/gridsat_2021.09.24.21.npz,data/interim/gridsat/2021/gridsat_2021.09.25.00.npz,18.4,89.7,30.0,999.0,DD,18.3,88.3,35.0,997.0,CS,18.3,87.3,40.0,994.0,CS,18.4,82.8,30.0,996.0,DD
NIO_2021_GULAB_20210925_0300Z,NIO_2021_GULAB,TEST,2021-09-25T03:00:00+00:00,data/interim/gridsat/2021/gridsat_2021.09.24.12.npz,data/interim/gridsat/2021/gridsat_2021.09.24.15.npz,data/interim/gridsat/2021/gridsat_2021.09.24.18.npz,data/interim/gridsat/2021/gridsat_2021.09.24.21.npz,data/interim/gridsat/2021/gridsat_2021.09.25.00.npz,data/interim/gridsat/2021/gridsat_2021.09.25.03.npz,18.4,89.3,30.0,998.0,DD,18.3,88.1,35.0,997.0,CS,18.4,86.4,40.0,994.0,CS,18.4,82.5,30.0,996.0,DD
NIO_2021_GULAB_20210925_0600Z,NIO_2021_GULAB,TEST,2021-09-25T06:00:00+00:00,data/interim/gridsat/2021/gridsat_2021.09.24.15.npz,data/interim/gridsat/2021/gridsat_2021.09.24.18.npz,data/interim/gridsat/2021/gridsat_2021.09.24.21.npz,data/interim/gridsat/2021/gridsat_2021.09.25.00.npz,data/interim/gridsat/2021/gridsat_2021.09.25.03.npz,data/interim/gridsat/2021/gridsat_2021.09.25.06.npz,18.4,88.7,30.0,998.0,DD,18.3,87.9,35.0,996.0,CS,18.4,85.9,45.0,992.0,CS,18.5,82.0,30.0,996.0,DD
NIO_2021_GULAB_20210925_1200Z,NIO_2021_GULAB,TEST,2021-09-25T12:00:00+00:00,data/interim/gridsat/2021/gridsat_2021.09.24.21.npz,data/interim/gridsat/2021/gridsat_2021.09.25.00.npz,data/interim/gridsat/2021/gridsat_2021.09.25.03.npz,data/interim/gridsat/2021/gridsat_2021.09.25.06.npz,data/interim/gridsat/2021/gridsat_2021.09.25.09.npz,data/interim/gridsat/2021/gridsat_2021.09.25.12.npz,18.3,88.3,35.0,997.0,CS,18.3,87.3,40.0,994.0,CS,18.4,84.6,45.0,992.0,CS,18.6,80.1,25.0,998.0,D
NIO_2021_GULAB_20210925_1800Z,NIO_2021_GULAB,TEST,2021-09-25T18:00:00+00:00,data/interim/gridsat/2021/gridsat_2021.09.25.03.npz,data/interim/gridsat/2021/gridsat_2021.09.25.06.npz,data/interim/gridsat/2021/gridsat_2021.09.25.09.npz,data/interim/gridsat/2021/gridsat_2021.09.25.12.npz,data/interim/gridsat/2021/gridsat_2021.09.25.15.npz,data/interim/gridsat/2021/gridsat_2021.09.25.18.npz,18.3,87.9,35.0,996.0,CS,18.4,85.9,45.0,992.0,CS,18.4,83.4,35.0,994.0,CS,18.7,79.4,25.0,998.0,D
NIO_2021_GULAB_20210926_0000Z,NIO_2021_GULAB,TEST,2021-09-26T00:00:00+00:00,data/interim/gridsat/2021/gridsat_2021.09.25.09.npz,data/interim/gridsat/2021/gridsat_2021.09.25.12.npz,data/interim/gridsat/2021/gridsat_2021.09.25.15.npz,data/interim/gridsat/2021/gridsat_2021.09.25.18.npz,data/interim/gridsat/2021/gridsat_2021.09.25.21.npz,data/interim/gridsat/2021/gridsat_2021.09.26.00.npz,18.3,87.3,40.0,994.0,CS,18.4,84.6,45.0,992.0,CS,18.4,82.8,30.0,996.0,DD,19.0,78.2,25.0,998.0,D
NIO_2021_GULAB_20210926_0300Z,NIO_2021_GULAB,TEST,2021-09-26T03:00:00+00:00,data/interim/gridsat/2021/gridsat_2021.09.25.12.npz,data/interim/gridsat/2021/gridsat_2021.09.25.15.npz,data/interim/gridsat/2021/gridsat_2021.09.25.18.npz,data/interim/gridsat/2021/gridsat_2021.09.25.21.npz,data/interim/gridsat/2021/gridsat_2021.09.26.00.npz,data/interim/gridsat/2021/gridsat_2021.09.26.03.npz,18.4,86.4,40.0,994.0,CS,18.3,83.8,45.0,992.0,CS,18.4,82.5,30.0,996.0,DD,19.4,77.3,20.0,999.0,D
NIO_2021_JAWAD_20211202_1200Z,NIO_2021_JAWAD,TEST,2021-12-02T12:00:00+00:00,data/interim/gridsat/2021/gridsat_2021.12.01.21.npz,data/interim/gridsat/2021/gridsat_2021.12.02.00.npz,data/interim/gridsat/2021/gridsat_2021.12.02.03.npz,data/interim/gridsat/2021/gridsat_2021.12.02.06.npz,data/interim/gridsat/2021/gridsat_2021.12.02.09.npz,data/interim/gridsat/2021/gridsat_2021.12.02.12.npz,11.0,89.0,25.0,1004.0,D,13.4,86.4,30.0,1002.0,DD,15.5,85.0,40.0,1000.0,CS,16.9,84.8,30.0,1002.0,DD
NIO_2021_JAWAD_20211202_1800Z,NIO_2021_JAWAD,TEST,2021-12-02T18:00:00+00:00,data/interim/gridsat/2021/gridsat_2021.12.02.03.npz,data/interim/gridsat/2021/gridsat_2021.12.02.06.npz,data/interim/gridsat/2021/gridsat_2021.12.02.09.npz,data/interim/gridsat/2021/gridsat_2021.12.02.12.npz,data/interim/gridsat/2021/gridsat_2021.12.02.15.npz,data/interim/gridsat/2021/gridsat_2021.12.02.18.npz,12.0,87.5,25.0,1004.0,D,14.5,85.6,35.0,1001.0,CS,15.9,84.8,40.0,1000.0,CS,17.5,85.0,30.0,1002.0,DD
NIO_2021_JAWAD_20211203_0000Z,NIO_2021_JAWAD,TEST,2021-12-03T00:00:00+00:00,data/interim/gridsat/2021/gridsat_2021.12.02.09.npz,data/interim/gridsat/2021/gridsat_2021.12.02.12.npz,data/interim/gridsat/2021/gridsat_2021.12.02.15.npz,data/interim/gridsat/2021/gridsat_2021.12.02.18.npz,data/interim/gridsat/2021/gridsat_2021.12.02.21.npz,data/interim/gridsat/2021/gridsat_2021.12.03.00.npz,13.4,86.4,30.0,1002.0,DD,15.5,85.0,40.0,1000.0,CS,16.2,84.7,40.0,1000.0,CS,18.2,85.4,30.0,1002.0,DD
NIO_2021_JAWAD_20211203_0300Z,NIO_2021_JAWAD,TEST,2021-12-03T03:00:00+00:00,data/interim/gridsat/2021/gridsat_2021.12.02.12.npz,data/interim/gridsat/2021/gridsat_2021.12.02.15.npz,data/interim/gridsat/2021/gridsat_2021.12.02.18.npz,data/interim/gridsat/2021/gridsat_2021.12.02.21.npz,data/interim/gridsat/2021/gridsat_2021.12.03.00.npz,data/interim/gridsat/2021/gridsat_2021.12.03.03.npz,14.0,86.0,30.0,1002.0,DD,15.7,85.0,40.0,1000.0,CS,16.3,84.7,40.0,1000.0,CS,18.7,85.6,30.0,1003.0,DD
NIO_2021_JAWAD_20211203_0600Z,NIO_2021_JAWAD,TEST,2021-12-03T06:00:00+00:00,data/interim/gridsat/2021/gridsat_2021.12.02.15.npz,data/interim/gridsat/2021/gridsat_2021.12.02.18.npz,data/interim/gridsat/2021/gridsat_2021.12.02.21.npz,data/interim/gridsat/2021/gridsat_2021.12.03.00.npz,data/interim/gridsat/2021/gridsat_2021.12.03.03.npz,data/interim/gridsat/2021/gridsat_2021.12.03.06.npz,14.5,85.6,35.0,1001.0,CS,15.9,84.8,40.0,1000.0,CS,16.4,84.7,35.0,1001.0,CS,19.1,85.9,30.0,1003.0,DD
NIO_2021_JAWAD_20211203_1200Z,NIO_2021_JAWAD,TEST,2021-12-03T12:00:00+00:00,data/interim/gridsat/2021/gridsat_2021.12.02.21.npz,data/interim/gridsat/2021/gridsat_2021.12.03.00.npz,data/interim/gridsat/2021/gridsat_2021.12.03.03.npz,data/interim/gridsat/2021/gridsat_2021.12.03.06.npz,data/interim/gridsat/2021/gridsat_2021.12.03.09.npz,data/interim/gridsat/2021/gridsat_2021.12.03.12.npz,15.5,85.0,40.0,1000.0,CS,16.2,84.7,40.0,1000.0,CS,16.9,84.8,30.0,1002.0,DD,20.1,86.9,25.0,1004.0,D
NIO_2021_JAWAD_20211203_1800Z,NIO_2021_JAWAD,TEST,2021-12-03T18:00:00+00:00,data/interim/gridsat/2021/gridsat_2021.12.03.03.npz,data/interim/gridsat/2021/gridsat_2021.12.03.06.npz,data/interim/gridsat/2021/gridsat_2021.12.03.09.npz,data/interim/gridsat/2021/gridsat_2021.12.03.12.npz,data/interim/gridsat/2021/gridsat_2021.12.03.15.npz,data/interim/gridsat/2021/gridsat_2021.12.03.18.npz,15.9,84.8,40.0,1000.0,CS,16.4,84.7,35.0,1001.0,CS,17.5,85.0,30.0,1002.0,DD,20.6,87.3,20.0,1005.0,D
NIO_2021_SHAHEEN_20210930_0000Z,NIO_2021_SHAHEEN,TEST,2021-09-30T00:00:00+00:00,data/interim/gridsat/2021/gridsat_2021.09.29.09.npz,data/interim/gridsat/2021/gridsat_2021.09.29.12.npz,data/interim/gridsat/2021/gridsat_2021.09.29.15.npz,data/interim/gridsat/2021/gridsat_2021.09.29.18.npz,data/interim/gridsat/2021/gridsat_2021.09.29.21.npz,data/interim/gridsat/2021/gridsat_2021.09.30.00.npz,22.7,69.5,25.0,998.0,D,23.1,67.4,25.0,998.0,D,23.2,65.5,35.0,995.0,CS,23.8,62.4,60.0,984.0,SCS
NIO_2021_SHAHEEN_20210930_0600Z,NIO_2021_SHAHEEN,TEST,2021-09-30T06:00:00+00:00,data/interim/gridsat/2021/gridsat_2021.09.29.15.npz,data/interim/gridsat/2021/gridsat_2021.09.29.18.npz,data/interim/gridsat/2021/gridsat_2021.09.29.21.npz,data/interim/gridsat/2021/gridsat_2021.09.30.00.npz,data/interim/gridsat/2021/gridsat_2021.09.30.03.npz,data/interim/gridsat/2021/gridsat_2021.09.30.06.npz,22.8,68.2,25.0,998.0,D,23.1,66.8,30.0,996.0,DD,23.2,64.5,45.0,992.0,CS,24.1,61.8,60.0,984.0,SCS
NIO_2021_SHAHEEN_20210930_1200Z,NIO_2021_SHAHEEN,TEST,2021-09-30T12:00:00+00:00,data/interim/gridsat/2021/gridsat_2021.09.29.21.npz,data/interim/gridsat/2021/gridsat_2021.09.30.00.npz,data/interim/gridsat/2021/gridsat_2021.09.30.03.npz,data/interim/gridsat/2021/gridsat_2021.09.30.06.npz,data/interim/gridsat/2021/gridsat_2021.09.30.09.npz,data/interim/gridsat/2021/gridsat_2021.09.30.12.npz,23.1,67.4,25.0,998.0,D,23.2,65.5,35.0,995.0,CS,23.4,63.7,55.0,987.0,SCS,24.5,60.7,60.0,984.0,SCS
NIO_2021_SHAHEEN_20210930_1800Z,NIO_2021_SHAHEEN,TEST,2021-09-30T18:00:00+00:00,data/interim/gridsat/2021/gridsat_2021.09.30.03.npz,data/interim/gridsat/2021/gridsat_2021.09.30.06.npz,data/interim/gridsat/2021/gridsat_2021.09.30.09.npz,data/interim/gridsat/2021/gridsat_2021.09.30.12.npz,data/interim/gridsat/2021/gridsat_2021.09.30.15.npz,data/interim/gridsat/2021/gridsat_2021.09.30.18.npz,23.1,66.8,30.0,996.0,DD,23.2,64.5,45.0,992.0,CS,23.6,63.2,60.0,984.0,SCS,24.4,60.0,60.0,984.0,SCS
NIO_2021_SHAHEEN_20211001_0000Z,NIO_2021_SHAHEEN,TEST,2021-10-01T00:00:00+00:00,data/interim/gridsat/2021/gridsat_2021.09.30.09.npz,data/interim/gridsat/2021/gridsat_2021.09.30.12.npz,data/interim/gridsat/2021/gridsat_2021.09.30.15.npz,data/interim/gridsat/2021/gridsat_2021.09.30.18.npz,data/interim/gridsat/2021/gridsat_2021.09.30.21.npz,data/interim/gridsat/2021/gridsat_2021.10.01.00.npz,23.2,65.5,35.0,995.0,CS,23.4,63.7,55.0,987.0,SCS,23.8,62.4,60.0,984.0,SCS,24.3,59.5,60.0,984.0,SCS
NIO_2021_SHAHEEN_20211001_0300Z,NIO_2021_SHAHEEN,TEST,2021-10-01T03:00:00+00:00,data/interim/gridsat/2021/gridsat_2021.09.30.12.npz,data/interim/gridsat/2021/gridsat_2021.09.30.15.npz,data/interim/gridsat/2021/gridsat_2021.09.30.18.npz,data/interim/gridsat/2021/gridsat_2021.09.30.21.npz,data/interim/gridsat/2021/gridsat_2021.10.01.00.npz,data/interim/gridsat/2021/gridsat_2021.10.01.03.npz,23.2,64.9,40.0,994.0,CS,23.6,63.4,55.0,986.0,SCS,23.9,62.1,60.0,984.0,SCS,24.2,59.0,60.0,984.0,SCS
NIO_2021_SHAHEEN_20211001_0600Z,NIO_2021_SHAHEEN,TEST,2021-10-01T06:00:00+00:00,data/interim/gridsat/2021/gridsat_2021.09.30.15.npz,data/interim/gridsat/2021/gridsat_2021.09.30.18.npz,data/interim/gridsat/2021/gridsat_2021.09.30.21.npz,data/interim/gridsat/2021/gridsat_2021.10.01.00.npz,data/interim/gridsat/2021/gridsat_2021.10.01.03.npz,data/interim/gridsat/2021/gridsat_2021.10.01.06.npz,23.2,64.5,45.0,992.0,CS,23.6,63.2,60.0,984.0,SCS,24.1,61.8,60.0,984.0,SCS,24.1,58.6,60.0,984.0,SCS
NIO_2021_SHAHEEN_20211001_0900Z,NIO_2021_SHAHEEN,TEST,2021-10-01T09:00:00+00:00,data/interim/gridsat/2021/gridsat_2021.09.30.18.npz,data/interim/gridsat/2021/gridsat_2021.09.30.21.npz,data/interim/gridsat/2021/gridsat_2021.10.01.00.npz,data/interim/gridsat/2021/gridsat_2021.10.01.03.npz,data/interim/gridsat/2021/gridsat_2021.10.01.06.npz,data/interim/gridsat/2021/gridsat_2021.10.01.09.npz,23.3,64.1,45.0,991.0,CS,23.8,62.8,60.0,984.0,SCS,24.3,61.3,60.0,984.0,SCS,24.1,58.3,60.0,984.0,SCS
NIO_2021_SHAHEEN_20211001_1200Z,NIO_2021_SHAHEEN,TEST,2021-10-01T12:00:00+00:00,data/interim/gridsat/2021/gridsat_2021.09.30.21.npz,data/interim/gridsat/2021/gridsat_2021.10.01.00.npz,data/interim/gridsat/2021/gridsat_2021.10.01.03.npz,data/interim/gridsat/2021/gridsat_2021.10.01.06.npz,data/interim/gridsat/2021/gridsat_2021.10.01.09.npz,data/interim/gridsat/2021/gridsat_2021.10.01.12.npz,23.4,63.7,55.0,987.0,SCS,23.8,62.4,60.0,984.0,SCS,24.5,60.7,60.0,984.0,SCS,24.0,58.0,60.0,984.0,SCS
NIO_2021_SHAHEEN_20211001_1500Z,NIO_2021_SHAHEEN,TEST,2021-10-01T15:00:00+00:00,data/interim/gridsat/2021/gridsat_2021.10.01.00.npz,data/interim/gridsat/2021/gridsat_2021.10.01.03.npz,data/interim/gridsat/2021/gridsat_2021.10.01.06.npz,data/interim/gridsat/2021/gridsat_2021.10.01.09.npz,data/interim/gridsat/2021/gridsat_2021.10.01.12.npz,data/interim/gridsat/2021/gridsat_2021.10.01.15.npz,23.6,63.4,55.0,986.0,SCS,23.9,62.1,60.0,984.0,SCS,24.5,60.4,60.0,984.0,SCS,24.0,57.7,60.0,984.0,SCS
NIO_2021_SHAHEEN_20211001_1800Z,NIO_2021_SHAHEEN,TEST,2021-10-01T18:00:00+00:00,data/interim/gridsat/2021/gridsat_2021.10.01.03.npz,data/interim/gridsat/2021/gridsat_2021.10.01.06.npz,data/interim/gridsat/2021/gridsat_2021.10.01.09.npz,data/interim/gridsat/2021/gridsat_2021.10.01.12.npz,data/interim/gridsat/2021/gridsat_2021.10.01.15.npz,data/interim/gridsat/2021/gridsat_2021.10.01.18.npz,23.6,63.2,60.0,984.0,SCS,24.1,61.8,60.0,984.0,SCS,24.4,60.0,60.0,984.0,SCS,23.9,57.3,55.0,986.0,SCS
NIO_2021_SHAHEEN_20211001_2100Z,NIO_2021_SHAHEEN,TEST,2021-10-01T21:00:00+00:00,data/interim/gridsat/2021/gridsat_2021.10.01.06.npz,data/interim/gridsat/2021/gridsat_2021.10.01.09.npz,data/interim/gridsat/2021/gridsat_2021.10.01.12.npz,data/interim/gridsat/2021/gridsat_2021.10.01.15.npz,data/interim/gridsat/2021/gridsat_2021.10.01.18.npz,data/interim/gridsat/2021/gridsat_2021.10.01.21.npz,23.8,62.8,60.0,984.0,SCS,24.3,61.3,60.0,984.0,SCS,24.4,59.7,60.0,984.0,SCS,23.8,57.2,55.0,988.0,SCS
NIO_2021_SHAHEEN_20211002_0000Z,NIO_2021_SHAHEEN,TEST,2021-10-02T00:00:00+00:00,data/interim/gridsat/2021/gridsat_2021.10.01.09.npz,data/interim/gridsat/2021/gridsat_2021.10.01.12.npz,data/interim/gridsat/2021/gridsat_2021.10.01.15.npz,data/interim/gridsat/2021/gridsat_2021.10.01.18.npz,data/interim/gridsat/2021/gridsat_2021.10.01.21.npz,data/interim/gridsat/2021/gridsat_2021.10.02.00.npz,23.8,62.4,60.0,984.0,SCS,24.5,60.7,60.0,984.0,SCS,24.3,59.5,60.0,984.0,SCS,23.7,56.8,40.0,994.0,CS
NIO_2021_SHAHEEN_20211002_0300Z,NIO_2021_SHAHEEN,TEST,2021-10-02T03:00:00+00:00,data/interim/gridsat/2021/gridsat_2021.10.01.12.npz,data/interim/gridsat/2021/gridsat_2021.10.01.15.npz,data/interim/gridsat/2021/gridsat_2021.10.01.18.npz,data/interim/gridsat/2021/gridsat_2021.10.01.21.npz,data/interim/gridsat/2021/gridsat_2021.10.02.00.npz,data/interim/gridsat/2021/gridsat_2021.10.02.03.npz,23.9,62.1,60.0,984.0,SCS,24.5,60.4,60.0,984.0,SCS,24.2,59.0,60.0,984.0,SCS,23.5,56.4,30.0,998.0,DD
NIO_2021_SHAHEEN_20211002_0600Z,NIO_2021_SHAHEEN,TEST,2021-10-02T06:00:00+00:00,data/interim/gridsat/2021/gridsat_2021.10.01.15.npz,data/interim/gridsat/2021/gridsat_2021.10.01.18.npz,data/interim/gridsat/2021/gridsat_2021.10.01.21.npz,data/interim/gridsat/2021/gridsat_2021.10.02.00.npz,data/interim/gridsat/2021/gridsat_2021.10.02.03.npz,data/interim/gridsat/2021/gridsat_2021.10.02.06.npz,24.1,61.8,60.0,984.0,SCS,24.4,60.0,60.0,984.0,SCS,24.1,58.6,60.0,984.0,SCS,23.3,56.0,20.0,1000.0,D
NIO_2021_TAUKTAE_20210514_0600Z,NIO_2021_TAUKTAE,TEST,2021-05-14T06:00:00+00:00,data/interim/gridsat/2021/gridsat_2021.05.13.15.npz,data/interim/gridsat/2021/gridsat_2021.05.13.18.npz,data/interim/gridsat/2021/gridsat_2021.05.13.21.npz,data/interim/gridsat/2021/gridsat_2021.05.14.00.npz,data/interim/gridsat/2021/gridsat_2021.05.14.03.npz,data/interim/gridsat/2021/gridsat_2021.05.14.06.npz,11.0,72.5,25.0,996.0,D,12.3,72.6,35.0,993.0,CS,13.2,72.6,45.0,990.0,CS,15.7,72.7,70.0,976.0,VSCS
NIO_2021_TAUKTAE_20210514_0900Z,NIO_2021_TAUKTAE,TEST,2021-05-14T09:00:00+00:00,data/interim/gridsat/2021/gridsat_2021.05.13.18.npz,data/interim/gridsat/2021/gridsat_2021.05.13.21.npz,data/interim/gridsat/2021/gridsat_2021.05.14.00.npz,data/interim/gridsat/2021/gridsat_2021.05.14.03.npz,data/interim/gridsat/2021/gridsat_2021.05.14.06.npz,data/interim/gridsat/2021/gridsat_2021.05.14.09.npz,11.5,72.5,30.0,995.0,D,12.3,72.6,40.0,992.0,CS,13.5,72.7,45.0,990.0,CS,16.2,72.6,70.0,976.0,VSCS
NIO_2021_TAUKTAE_20210514_1200Z,NIO_2021_TAUKTAE,TEST,2021-05-14T12:00:00+00:00,data/interim/gridsat/2021/gridsat_2021.05.13.21.npz,data/interim/gridsat/2021/gridsat_2021.05.14.00.npz,data/interim/gridsat/2021/gridsat_2021.05.14.03.npz,data/interim/gridsat/2021/gridsat_2021.05.14.06.npz,data/interim/gridsat/2021/gridsat_2021.05.14.09.npz,data/interim/gridsat/2021/gridsat_2021.05.14.12.npz,11.6,72.6,30.0,995.0,DD,12.7,72.5,40.0,992.0,CS,13.8,72.7,55.0,985.0,SCS,16.7,72.5,75.0,972.0,VSCS
NIO_2021_TAUKTAE_20210514_1800Z,NIO_2021_TAUKTAE,TEST,2021-05-14T18:00:00+00:00,data/interim/gridsat/2021/gridsat_2021.05.14.03.npz,data/interim/gridsat/2021/gridsat_2021.05.14.06.npz,data/interim/gridsat/2021/gridsat_2021.05.14.09.npz,data/interim/gridsat/2021/gridsat_2021.05.14.12.npz,data/interim/gridsat/2021/gridsat_2021.05.14.15.npz,data/interim/gridsat/2021/gridsat_2021.05.14.18.npz,12.3,72.6,35.0,993.0,CS,13.2,72.6,45.0,990.0,CS,14.5,72.6,60.0,982.0,SCS,17.5,72.0,85.0,964.0,VSCS
NIO_2021_TAUKTAE_20210514_2100Z,NIO_2021_TAUKTAE,TEST,2021-05-14T21:00:00+00:00,data/interim/gridsat/2021/gridsat_2021.05.14.06.npz,data/interim/gridsat/2021/gridsat_2021.05.14.09.npz,data/interim/gridsat/2021/gridsat_2021.05.14.12.npz,data/interim/gridsat/2021/gridsat_2021.05.14.15.npz,data/interim/gridsat/2021/gridsat_2021.05.14.18.npz,data/interim/gridsat/2021/gridsat_2021.05.14.21.npz,12.3,72.6,40.0,992.0,CS,13.5,72.7,45.0,990.0,CS,14.7,72.7,60.0,982.0,SCS,18.0,71.7,90.0,960.0,ESCS
NIO_2021_TAUKTAE_20210515_0000Z,NIO_2021_TAUKTAE,TEST,2021-05-15T00:00:00+00:00,data/interim/gridsat/2021/gridsat_2021.05.14.09.npz,data/interim/gridsat/2021/gridsat_2021.05.14.12.npz,data/interim/gridsat/2021/gridsat_2021.05.14.15.npz,data/interim/gridsat/2021/gridsat_2021.05.14.18.npz,data/interim/gridsat/2021/gridsat_2021.05.14.21.npz,data/interim/gridsat/2021/gridsat_2021.05.15.00.npz,12.7,72.5,40.0,992.0,CS,13.8,72.7,55.0,985.0,SCS,15.0,72.7,65.0,979.0,VSCS,18.5,71.5,100.0,950.0,ESCS
NIO_2021_TAUKTAE_20210515_0300Z,NIO_2021_TAUKTAE,TEST,2021-05-15T03:00:00+00:00,data/interim/gridsat/2021/gridsat_2021.05.14.12.npz,data/interim/gridsat/2021/gridsat_2021.05.14.15.npz,data/interim/gridsat/2021/gridsat_2021.05.14.18.npz,data/interim/gridsat/2021/gridsat_2021.05.14.21.npz,data/interim/gridsat/2021/gridsat_2021.05.15.00.npz,data/interim/gridsat/2021/gridsat_2021.05.15.03.npz,12.8,72.5,40.0,992.0,CS,14.2,72.7,55.0,984.0,SCS,15.3,72.7,70.0,976.0,VSCS,18.8,71.5,100.0,950.0,ESCS
NIO_2021_TAUKTAE_20210515_0600Z,NIO_2021_TAUKTAE,TEST,2021-05-15T06:00:00+00:00,data/interim/gridsat/2021/gridsat_2021.05.14.15.npz,data/interim/gridsat/2021/gridsat_2021.05.14.18.npz,data/interim/gridsat/2021/gridsat_2021.05.14.21.npz,data/interim/gridsat/2021/gridsat_2021.05.15.00.npz,data/interim/gridsat/2021/gridsat_2021.05.15.03.npz,data/interim/gridsat/2021/gridsat_2021.05.15.06.npz,13.2,72.6,45.0,990.0,CS,14.5,72.6,60.0,982.0,SCS,15.7,72.7,70.0,976.0,VSCS,19.2,71.4,100.0,950.0,ESCS
NIO_2021_TAUKTAE_20210515_0900Z,NIO_2021_TAUKTAE,TEST,2021-05-15T09:00:00+00:00,data/interim/gridsat/2021/gridsat_2021.05.14.18.npz,data/interim/gridsat/2021/gridsat_2021.05.14.21.npz,data/interim/gridsat/2021/gridsat_2021.05.15.00.npz,data/interim/gridsat/2021/gridsat_2021.05.15.03.npz,data/interim/gridsat/2021/gridsat_2021.05.15.06.npz,data/interim/gridsat/2021/gridsat_2021.05.15.09.npz,13.5,72.7,45.0,990.0,CS,14.7,72.7,60.0,982.0,SCS,16.2,72.6,70.0,976.0,VSCS,19.6,71.4,100.0,950.0,ESCS
NIO_2021_TAUKTAE_20210515_1200Z,NIO_2021_TAUKTAE,TEST,2021-05-15T12:00:00+00:00,data/interim/gridsat/2021/gridsat_2021.05.14.21.npz,data/interim/gridsat/2021/gridsat_2021.05.15.00.npz,data/interim/gridsat/2021/gridsat_2021.05.15.03.npz,data/interim/gridsat/2021/gridsat_2021.05.15.06.npz,data/interim/gridsat/2021/gridsat_2021.05.15.09.npz,data/interim/gridsat/2021/gridsat_2021.05.15.12.npz,13.8,72.7,55.0,985.0,SCS,15.0,72.7,65.0,979.0,VSCS,16.7,72.5,75.0,972.0,VSCS,20.1,71.3,95.0,955.0,ESCS
NIO_2021_TAUKTAE_20210515_1500Z,NIO_2021_TAUKTAE,TEST,2021-05-15T15:00:00+00:00,data/interim/gridsat/2021/gridsat_2021.05.15.00.npz,data/interim/gridsat/2021/gridsat_2021.05.15.03.npz,data/interim/gridsat/2021/gridsat_2021.05.15.06.npz,data/interim/gridsat/2021/gridsat_2021.05.15.09.npz,data/interim/gridsat/2021/gridsat_2021.05.15.12.npz,data/interim/gridsat/2021/gridsat_2021.05.15.15.npz,14.2,72.7,55.0,984.0,SCS,15.3,72.7,70.0,976.0,VSCS,17.2,72.3,80.0,978.0,VSCS,20.5,71.2,90.0,960.0,ESCS
NIO_2021_TAUKTAE_20210515_1800Z,NIO_2021_TAUKTAE,TEST,2021-05-15T18:00:00+00:00,data/interim/gridsat/2021/gridsat_2021.05.15.03.npz,data/interim/gridsat/2021/gridsat_2021.05.15.06.npz,data/interim/gridsat/2021/gridsat_2021.05.15.09.npz,data/interim/gridsat/2021/gridsat_2021.05.15.12.npz,data/interim/gridsat/2021/gridsat_2021.05.15.15.npz,data/interim/gridsat/2021/gridsat_2021.05.15.18.npz,14.5,72.6,60.0,982.0,SCS,15.7,72.7,70.0,976.0,VSCS,17.5,72.0,85.0,964.0,VSCS,20.9,71.1,85.0,964.0,VSCS
NIO_2021_TAUKTAE_20210515_2100Z,NIO_2021_TAUKTAE,TEST,2021-05-15T21:00:00+00:00,data/interim/gridsat/2021/gridsat_2021.05.15.06.npz,data/interim/gridsat/2021/gridsat_2021.05.15.09.npz,data/interim/gridsat/2021/gridsat_2021.05.15.12.npz,data/interim/gridsat/2021/gridsat_2021.05.15.15.npz,data/interim/gridsat/2021/gridsat_2021.05.15.18.npz,data/interim/gridsat/2021/gridsat_2021.05.15.21.npz,14.7,72.7,60.0,982.0,SCS,16.2,72.6,70.0,976.0,VSCS,18.0,71.7,90.0,960.0,ESCS,21.3,71.2,75.0,972.0,VSCS
NIO_2021_TAUKTAE_20210516_0000Z,NIO_2021_TAUKTAE,TEST,2021-05-16T00:00:00+00:00,data/interim/gridsat/2021/gridsat_2021.05.15.09.npz,data/interim/gridsat/2021/gridsat_2021.05.15.12.npz,data/interim/gridsat/2021/gridsat_2021.05.15.15.npz,data/interim/gridsat/2021/gridsat_2021.05.15.18.npz,data/interim/gridsat/2021/gridsat_2021.05.15.21.npz,data/interim/gridsat/2021/gridsat_2021.05.16.00.npz,15.0,72.7,65.0,979.0,VSCS,16.7,72.5,75.0,972.0,VSCS,18.5,71.5,100.0,950.0,ESCS,21.5,71.2,65.0,978.0,VSCS
NIO_2021_TAUKTAE_20210516_0300Z,NIO_2021_TAUKTAE,TEST,2021-05-16T03:00:00+00:00,data/interim/gridsat/2021/gridsat_2021.05.15.12.npz,data/interim/gridsat/2021/gridsat_2021.05.15.15.npz,data/interim/gridsat/2021/gridsat_2021.05.15.18.npz,data/interim/gridsat/2021/gridsat_2021.05.15.21.npz,data/interim/gridsat/2021/gridsat_2021.05.16.00.npz,data/interim/gridsat/2021/gridsat_2021.05.16.03.npz,15.3,72.7,70.0,976.0,VSCS,17.2,72.3,80.0,978.0,VSCS,18.8,71.5,100.0,950.0,ESCS,21.6,71.3,55.0,984.0,SCS
NIO_2021_TAUKTAE_20210516_0600Z,NIO_2021_TAUKTAE,TEST,2021-05-16T06:00:00+00:00,data/interim/gridsat/2021/gridsat_2021.05.15.15.npz,data/interim/gridsat/2021/gridsat_2021.05.15.18.npz,data/interim/gridsat/2021/gridsat_2021.05.15.21.npz,data/interim/gridsat/2021/gridsat_2021.05.16.00.npz,data/interim/gridsat/2021/gridsat_2021.05.16.03.npz,data/interim/gridsat/2021/gridsat_2021.05.16.06.npz,15.7,72.7,70.0,976.0,VSCS,17.5,72.0,85.0,964.0,VSCS,19.2,71.4,100.0,950.0,ESCS,22.0,71.5,45.0,990.0,CS
NIO_2021_TAUKTAE_20210516_0900Z,NIO_2021_TAUKTAE,TEST,2021-05-16T09:00:00+00:00,data/interim/gridsat/2021/gridsat_2021.05.15.18.npz,data/interim/gridsat/2021/gridsat_2021.05.15.21.npz,data/interim/gridsat/2021/gridsat_2021.05.16.00.npz,data/interim/gridsat/2021/gridsat_2021.05.16.03.npz,data/interim/gridsat/2021/gridsat_2021.05.16.06.npz,data/interim/gridsat/2021/gridsat_2021.05.16.09.npz,16.2,72.6,70.0,976.0,VSCS,18.0,71.7,90.0,960.0,ESCS,19.6,71.4,100.0,950.0,ESCS,22.5,71.8,40.0,992.0,CS
NIO_2021_TAUKTAE_20210516_1200Z,NIO_2021_TAUKTAE,TEST,2021-05-16T12:00:00+00:00,data/interim/gridsat/2021/gridsat_2021.05.15.21.npz,data/interim/gridsat/2021/gridsat_2021.05.16.00.npz,data/interim/gridsat/2021/gridsat_2021.05.16.03.npz,data/interim/gridsat/2021/gridsat_2021.05.16.06.npz,data/interim/gridsat/2021/gridsat_2021.05.16.09.npz,data/interim/gridsat/2021/gridsat_2021.05.16.12.npz,16.7,72.5,75.0,972.0,VSCS,18.5,71.5,100.0,950.0,ESCS,20.1,71.3,95.0,955.0,ESCS,23.1,72.3,35.0,993.0,CS
NIO_2021_TAUKTAE_20210516_1500Z,NIO_2021_TAUKTAE,TEST,2021-05-16T15:00:00+00:00,data/interim/gridsat/2021/gridsat_2021.05.16.00.npz,data/interim/gridsat/2021/gridsat_2021.05.16.03.npz,data/interim/gridsat/2021/gridsat_2021.05.16.06.npz,data/interim/gridsat/2021/gridsat_2021.05.16.09.npz,data/interim/gridsat/2021/gridsat_2021.05.16.12.npz,data/interim/gridsat/2021/gridsat_2021.05.16.15.npz,17.2,72.3,80.0,978.0,VSCS,18.8,71.5,100.0,950.0,ESCS,20.5,71.2,90.0,960.0,ESCS,23.6,72.6,30.0,994.0,DD
NIO_2021_TAUKTAE_20210516_1800Z,NIO_2021_TAUKTAE,TEST,2021-05-16T18:00:00+00:00,data/interim/gridsat/2021/gridsat_2021.05.16.03.npz,data/interim/gridsat/2021/gridsat_2021.05.16.06.npz,data/interim/gridsat/2021/gridsat_2021.05.16.09.npz,data/interim/gridsat/2021/gridsat_2021.05.16.12.npz,data/interim/gridsat/2021/gridsat_2021.05.16.15.npz,data/interim/gridsat/2021/gridsat_2021.05.16.18.npz,17.5,72.0,85.0,964.0,VSCS,19.2,71.4,100.0,950.0,ESCS,20.9,71.1,85.0,964.0,VSCS,24.1,73.0,30.0,995.0,DD
NIO_2021_TAUKTAE_20210517_0000Z,NIO_2021_TAUKTAE,TEST,2021-05-17T00:00:00+00:00,data/interim/gridsat/2021/gridsat_2021.05.16.09.npz,data/interim/gridsat/2021/gridsat_2021.05.16.12.npz,data/interim/gridsat/2021/gridsat_2021.05.16.15.npz,data/interim/gridsat/2021/gridsat_2021.05.16.18.npz,data/interim/gridsat/2021/gridsat_2021.05.16.21.npz,data/interim/gridsat/2021/gridsat_2021.05.17.00.npz,18.5,71.5,100.0,950.0,ESCS,20.1,71.3,95.0,955.0,ESCS,21.5,71.2,65.0,978.0,VSCS,24.5,73.3,25.0,996.0,D
NIO_2021_TAUKTAE_20210517_0300Z,NIO_2021_TAUKTAE,TEST,2021-05-17T03:00:00+00:00,data/interim/gridsat/2021/gridsat_2021.05.16.12.npz,data/interim/gridsat/2021/gridsat_2021.05.16.15.npz,data/interim/gridsat/2021/gridsat_2021.05.16.18.npz,data/interim/gridsat/2021/gridsat_2021.05.16.21.npz,data/interim/gridsat/2021/gridsat_2021.05.17.00.npz,data/interim/gridsat/2021/gridsat_2021.05.17.03.npz,18.8,71.5,100.0,950.0,ESCS,20.5,71.2,90.0,960.0,ESCS,21.6,71.3,55.0,984.0,SCS,24.9,73.7,20.0,997.0,D
NIO_2021_TAUKTAE_20210517_0600Z,NIO_2021_TAUKTAE,TEST,2021-05-17T06:00:00+00:00,data/interim/gridsat/2021/gridsat_2021.05.16.15.npz,data/interim/gridsat/2021/gridsat_2021.05.16.18.npz,data/interim/gridsat/2021/gridsat_2021.05.16.21.npz,data/interim/gridsat/2021/gridsat_2021.05.17.00.npz,data/interim/gridsat/2021/gridsat_2021.05.17.03.npz,data/interim/gridsat/2021/gridsat_2021.05.17.06.npz,19.2,71.4,100.0,950.0,ESCS,20.9,71.1,85.0,964.0,VSCS,22.0,71.5,45.0,990.0,CS,25.8,74.8,20.0,997.0,D
NIO_2021_UNNAMED_2_5_1_20210912_1200Z,NIO_2021_UNNAMED_2_5_1,TEST,2021-09-12T12:00:00+00:00,data/interim/gridsat/2021/gridsat_2021.09.11.21.npz,data/interim/gridsat/2021/gridsat_2021.09.12.00.npz,data/interim/gridsat/2021/gridsat_2021.09.12.03.npz,data/interim/gridsat/2021/gridsat_2021.09.12.06.npz,data/interim/gridsat/2021/gridsat_2021.09.12.09.npz,data/interim/gridsat/2021/gridsat_2021.09.12.12.npz,20.3,87.4,25.0,992.0,D,20.6,87.0,30.0,990.0,DD,21.4,85.5,30.0,990.0,DD,22.7,82.5,25.0,996.0,D
NIO_2021_UNNAMED_2_5_1_20210912_1800Z,NIO_2021_UNNAMED_2_5_1,TEST,2021-09-12T18:00:00+00:00,data/interim/gridsat/2021/gridsat_2021.09.12.03.npz,data/interim/gridsat/2021/gridsat_2021.09.12.06.npz,data/interim/gridsat/2021/gridsat_2021.09.12.09.npz,data/interim/gridsat/2021/gridsat_2021.09.12.12.npz,data/interim/gridsat/2021/gridsat_2021.09.12.15.npz,data/interim/gridsat/2021/gridsat_2021.09.12.18.npz,20.4,87.1,25.0,992.0,D,21.1,86.2,30.0,990.0,DD,21.6,84.8,30.0,990.0,DD,23.0,82.0,25.0,996.0,D
NIO_2021_YAAS_20210523_0600Z,NIO_2021_YAAS,TEST,2021-05-23T06:00:00+00:00,data/interim/gridsat/2021/gridsat_2021.05.22.15.npz,data/interim/gridsat/2021/gridsat_2021.05.22.18.npz,data/interim/gridsat/2021/gridsat_2021.05.22.21.npz,data/interim/gridsat/2021/gridsat_2021.05.23.00.npz,data/interim/gridsat/2021/gridsat_2021.05.23.03.npz,data/interim/gridsat/2021/gridsat_2021.05.23.06.npz,16.1,90.2,25.0,996.0,D,16.3,89.7,30.0,992.0,DD,16.4,89.6,40.0,988.0,CS,18.7,88.0,60.0,978.0,SCS
NIO_2021_YAAS_20210523_1200Z,NIO_2021_YAAS,TEST,2021-05-23T12:00:00+00:00,data/interim/gridsat/2021/gridsat_2021.05.22.21.npz,data/interim/gridsat/2021/gridsat_2021.05.23.00.npz,data/interim/gridsat/2021/gridsat_2021.05.23.03.npz,data/interim/gridsat/2021/gridsat_2021.05.23.06.npz,data/interim/gridsat/2021/gridsat_2021.05.23.09.npz,data/interim/gridsat/2021/gridsat_2021.05.23.12.npz,16.2,89.9,25.0,994.0,D,16.3,89.7,35.0,990.0,CS,17.1,89.3,45.0,986.0,CS,19.5,88.0,65.0,976.0,VSCS
NIO_2021_YAAS_20210523_1800Z,NIO_2021_YAAS,TEST,2021-05-23T18:00:00+00:00,data/interim/gridsat/2021/gridsat_2021.05.23.03.npz,data/interim/gridsat/2021/gridsat_2021.05.23.06.npz,data/interim/gridsat/2021/gridsat_2021.05.23.09.npz,data/interim/gridsat/2021/gridsat_2021.05.23.12.npz,data/interim/gridsat/2021/gridsat_2021.05.23.15.npz,data/interim/gridsat/2021/gridsat_2021.05.23.18.npz,16.3,89.7,30.0,992.0,DD,16.4,89.6,40.0,988.0,CS,17.6,89.0,50.0,984.0,SCS,20.1,87.8,70.0,974.0,VSCS
NIO_2021_YAAS_20210524_0000Z,NIO_2021_YAAS,TEST,2021-05-24T00:00:00+00:00,data/interim/gridsat/2021/gridsat_2021.05.23.09.npz,data/interim/gridsat/2021/gridsat_2021.05.23.12.npz,data/interim/gridsat/2021/gridsat_2021.05.23.15.npz,data/interim/gridsat/2021/gridsat_2021.05.23.18.npz,data/interim/gridsat/2021/gridsat_2021.05.23.21.npz,data/interim/gridsat/2021/gridsat_2021.05.24.00.npz,16.3,89.7,35.0,990.0,CS,17.1,89.3,45.0,986.0,CS,18.0,88.6,55.0,980.0,SCS,20.8,87.3,75.0,970.0,VSCS
NIO_2021_YAAS_20210524_0300Z,NIO_2021_YAAS,TEST,2021-05-24T03:00:00+00:00,data/interim/gridsat/2021/gridsat_2021.05.23.12.npz,data/interim/gridsat/2021/gridsat_2021.05.23.15.npz,data/interim/gridsat/2021/gridsat_2021.05.23.18.npz,data/interim/gridsat/2021/gridsat_2021.05.23.21.npz,data/interim/gridsat/2021/gridsat_2021.05.24.00.npz,data/interim/gridsat/2021/gridsat_2021.05.24.03.npz,16.5,89.6,40.0,988.0,CS,17.4,89.2,45.0,986.0,CS,18.3,88.3,55.0,980.0,SCS,21.2,87.1,75.0,970.0,VSCS
NIO_2021_YAAS_20210524_0600Z,NIO_2021_YAAS,TEST,2021-05-24T06:00:00+00:00,data/interim/gridsat/2021/gridsat_2021.05.23.15.npz,data/interim/gridsat/2021/gridsat_2021.05.23.18.npz,data/interim/gridsat/2021/gridsat_2021.05.23.21.npz,data/interim/gridsat/2021/gridsat_2021.05.24.00.npz,data/interim/gridsat/2021/gridsat_2021.05.24.03.npz,data/interim/gridsat/2021/gridsat_2021.05.24.06.npz,16.4,89.6,40.0,988.0,CS,17.6,89.0,50.0,984.0,SCS,18.7,88.0,60.0,978.0,SCS,21.4,86.9,75.0,970.0,VSCS
NIO_2021_YAAS_20210524_0900Z,NIO_2021_YAAS,TEST,2021-05-24T09:00:00+00:00,data/interim/gridsat/2021/gridsat_2021.05.23.18.npz,data/interim/gridsat/2021/gridsat_2021.05.23.21.npz,data/interim/gridsat/2021/gridsat_2021.05.24.00.npz,data/interim/gridsat/2021/gridsat_2021.05.24.03.npz,data/interim/gridsat/2021/gridsat_2021.05.24.06.npz,data/interim/gridsat/2021/gridsat_2021.05.24.09.npz,16.8,89.5,40.0,988.0,CS,17.8,88.9,55.0,982.0,SCS,19.1,88.1,60.0,978.0,SCS,21.6,86.7,55.0,978.0,SCS
NIO_2021_YAAS_20210524_1200Z,NIO_2021_YAAS,TEST,2021-05-24T12:00:00+00:00,data/interim/gridsat/2021/gridsat_2021.05.23.21.npz,data/interim/gridsat/2021/gridsat_2021.05.24.00.npz,data/interim/gridsat/2021/gridsat_2021.05.24.03.npz,data/interim/gridsat/2021/gridsat_2021.05.24.06.npz,data/interim/gridsat/2021/gridsat_2021.05.24.09.npz,data/interim/gridsat/2021/gridsat_2021.05.24.12.npz,17.1,89.3,45.0,986.0,CS,18.0,88.6,55.0,980.0,SCS,19.5,88.0,65.0,976.0,VSCS,21.8,86.6,45.0,984.0,CS
NIO_2021_YAAS_20210524_1500Z,NIO_2021_YAAS,TEST,2021-05-24T15:00:00+00:00,data/interim/gridsat/2021/gridsat_2021.05.24.00.npz,data/interim/gridsat/2021/gridsat_2021.05.24.03.npz,data/interim/gridsat/2021/gridsat_2021.05.24.06.npz,data/interim/gridsat/2021/gridsat_2021.05.24.09.npz,data/interim/gridsat/2021/gridsat_2021.05.24.12.npz,data/interim/gridsat/2021/gridsat_2021.05.24.15.npz,17.4,89.2,45.0,986.0,CS,18.3,88.3,55.0,980.0,SCS,19.8,87.9,65.0,976.0,VSCS,22.2,86.2,40.0,986.0,CS
NIO_2021_YAAS_20210524_1800Z,NIO_2021_YAAS,TEST,2021-05-24T18:00:00+00:00,data/interim/gridsat/2021/gridsat_2021.05.24.03.npz,data/interim/gridsat/2021/gridsat_2021.05.24.06.npz,data/interim/gridsat/2021/gridsat_2021.05.24.09.npz,data/interim/gridsat/2021/gridsat_2021.05.24.12.npz,data/interim/gridsat/2021/gridsat_2021.05.24.15.npz,data/interim/gridsat/2021/gridsat_2021.05.24.18.npz,17.6,89.0,50.0,984.0,SCS,18.7,88.0,60.0,978.0,SCS,20.1,87.8,70.0,974.0,VSCS,22.5,86.0,30.0,988.0,DD
NIO_2021_YAAS_20210525_0000Z,NIO_2021_YAAS,TEST,2021-05-25T00:00:00+00:00,data/interim/gridsat/2021/gridsat_2021.05.24.09.npz,data/interim/gridsat/2021/gridsat_2021.05.24.12.npz,data/interim/gridsat/2021/gridsat_2021.05.24.15.npz,data/interim/gridsat/2021/gridsat_2021.05.24.18.npz,data/interim/gridsat/2021/gridsat_2021.05.24.21.npz,data/interim/gridsat/2021/gridsat_2021.05.25.00.npz,18.0,88.6,55.0,980.0,SCS,19.5,88.0,65.0,976.0,VSCS,20.8,87.3,75.0,970.0,VSCS,22.8,85.8,30.0,988.0,DD
NIO_2021_YAAS_20210525_0300Z,NIO_2021_YAAS,TEST,2021-05-25T03:00:00+00:00,data/interim/gridsat/2021/gridsat_2021.05.24.12.npz,data/interim/gridsat/2021/gridsat_2021.05.24.15.npz,data/interim/gridsat/2021/gridsat_2021.05.24.18.npz,data/interim/gridsat/2021/gridsat_2021.05.24.21.npz,data/interim/gridsat/2021/gridsat_2021.05.25.00.npz,data/interim/gridsat/2021/gridsat_2021.05.25.03.npz,18.3,88.3,55.0,980.0,SCS,19.8,87.9,65.0,976.0,VSCS,21.2,87.1,75.0,970.0,VSCS,23.1,85.7,30.0,990.0,DD
NIO_2021_YAAS_20210525_0600Z,NIO_2021_YAAS,TEST,2021-05-25T06:00:00+00:00,data/interim/gridsat/2021/gridsat_2021.05.24.15.npz,data/interim/gridsat/2021/gridsat_2021.05.24.18.npz,data/interim/gridsat/2021/gridsat_2021.05.24.21.npz,data/interim/gridsat/2021/gridsat_2021.05.25.00.npz,data/interim/gridsat/2021/gridsat_2021.05.25.03.npz,data/interim/gridsat/2021/gridsat_2021.05.25.06.npz,18.7,88.0,60.0,978.0,SCS,20.1,87.8,70.0,974.0,VSCS,21.4,86.9,75.0,970.0,VSCS,23.5,85.6,25.0,991.0,D
NIO_2021_YAAS_20210525_1200Z,NIO_2021_YAAS,TEST,2021-05-25T12:00:00+00:00,data/interim/gridsat/2021/gridsat_2021.05.24.21.npz,data/interim/gridsat/2021/gridsat_2021.05.25.00.npz,data/interim/gridsat/2021/gridsat_2021.05.25.03.npz,data/interim/gridsat/2021/gridsat_2021.05.25.06.npz,data/interim/gridsat/2021/gridsat_2021.05.25.09.npz,data/interim/gridsat/2021/gridsat_2021.05.25.12.npz,19.5,88.0,65.0,976.0,VSCS,20.8,87.3,75.0,970.0,VSCS,21.8,86.6,45.0,984.0,CS,24.3,85.3,25.0,992.0,D
NIO_2021_YAAS_20210525_1800Z,NIO_2021_YAAS,TEST,2021-05-25T18:00:00+00:00,data/interim/gridsat/2021/gridsat_2021.05.25.03.npz,data/interim/gridsat/2021/gridsat_2021.05.25.06.npz,data/interim/gridsat/2021/gridsat_2021.05.25.09.npz,data/interim/gridsat/2021/gridsat_2021.05.25.12.npz,data/interim/gridsat/2021/gridsat_2021.05.25.15.npz,data/interim/gridsat/2021/gridsat_2021.05.25.18.npz,20.1,87.8,70.0,974.0,VSCS,21.4,86.9,75.0,970.0,VSCS,22.5,86.0,30.0,988.0,DD,24.7,84.8,25.0,992.0,D
NIO_2022_ASANI_20220507_0600Z,NIO_2022_ASANI,TEST,2022-05-07T06:00:00+00:00,data/interim/gridsat/2022/gridsat_2022.05.06.15.npz,data/interim/gridsat/2022/gridsat_2022.05.06.18.npz,data/interim/gridsat/2022/gridsat_2022.05.06.21.npz,data/interim/gridsat/2022/gridsat_2022.05.07.00.npz,data/interim/gridsat/2022/gridsat_2022.05.07.03.npz,data/interim/gridsat/2022/gridsat_2022.05.07.06.npz,9.4,91.3,25.0,996.0,D,10.8,90.1,30.0,994.0,DD,11.8,88.7,45.0,988.0,CS,14.6,86.3,55.0,982.0,SCS
NIO_2022_ASANI_20220507_1200Z,NIO_2022_ASANI,TEST,2022-05-07T12:00:00+00:00,data/interim/gridsat/2022/gridsat_2022.05.06.21.npz,data/interim/gridsat/2022/gridsat_2022.05.07.00.npz,data/interim/gridsat/2022/gridsat_2022.05.07.03.npz,data/interim/gridsat/2022/gridsat_2022.05.07.06.npz,data/interim/gridsat/2022/gridsat_2022.05.07.09.npz,data/interim/gridsat/2022/gridsat_2022.05.07.12.npz,10.3,90.4,30.0,995.0,DD,11.3,89.3,35.0,992.0,CS,12.3,88.2,50.0,986.0,SCS,14.9,85.8,55.0,982.0,SCS
NIO_2022_ASANI_20220507_1800Z,NIO_2022_ASANI,TEST,2022-05-07T18:00:00+00:00,data/interim/gridsat/2022/gridsat_2022.05.07.03.npz,data/interim/gridsat/2022/gridsat_2022.05.07.06.npz,data/interim/gridsat/2022/gridsat_2022.05.07.09.npz,data/interim/gridsat/2022/gridsat_2022.05.07.12.npz,data/interim/gridsat/2022/gridsat_2022.05.07.15.npz,data/interim/gridsat/2022/gridsat_2022.05.07.18.npz,10.8,90.1,30.0,994.0,DD,11.8,88.7,45.0,988.0,CS,13.1,87.5,55.0,984.0,SCS,15.1,85.2,55.0,982.0,SCS
NIO_2022_ASANI_20220508_0000Z,NIO_2022_ASANI,TEST,2022-05-08T00:00:00+00:00,data/interim/gridsat/2022/gridsat_2022.05.07.09.npz,data/interim/gridsat/2022/gridsat_2022.05.07.12.npz,data/interim/gridsat/2022/gridsat_2022.05.07.15.npz,data/interim/gridsat/2022/gridsat_2022.05.07.18.npz,data/interim/gridsat/2022/gridsat_2022.05.07.21.npz,data/interim/gridsat/2022/gridsat_2022.05.08.00.npz,11.3,89.3,35.0,992.0,CS,12.3,88.2,50.0,986.0,SCS,13.9,86.8,55.0,983.0,SCS,15.3,84.6,55.0,982.0,SCS
NIO_2022_ASANI_20220508_0300Z,NIO_2022_ASANI,TEST,2022-05-08T03:00:00+00:00,data/interim/gridsat/2022/gridsat_2022.05.07.12.npz,data/interim/gridsat/2022/gridsat_2022.05.07.15.npz,data/interim/gridsat/2022/gridsat_2022.05.07.18.npz,data/interim/gridsat/2022/gridsat_2022.05.07.21.npz,data/interim/gridsat/2022/gridsat_2022.05.08.00.npz,data/interim/gridsat/2022/gridsat_2022.05.08.03.npz,11.5,89.0,40.0,990.0,CS,12.7,87.8,50.0,986.0,SCS,14.2,86.5,55.0,982.0,SCS,15.4,84.0,55.0,984.0,SCS
NIO_2022_ASANI_20220508_0600Z,NIO_2022_ASANI,TEST,2022-05-08T06:00:00+00:00,data/interim/gridsat/2022/gridsat_2022.05.07.15.npz,data/interim/gridsat/2022/gridsat_2022.05.07.18.npz,data/interim/gridsat/2022/gridsat_2022.05.07.21.npz,data/interim/gridsat/2022/gridsat_2022.05.08.00.npz,data/interim/gridsat/2022/gridsat_2022.05.08.03.npz,data/interim/gridsat/2022/gridsat_2022.05.08.06.npz,11.8,88.7,45.0,988.0,CS,13.1,87.5,55.0,984.0,SCS,14.6,86.3,55.0,982.0,SCS,15.5,83.5,55.0,984.0,SCS
NIO_2022_ASANI_20220508_0900Z,NIO_2022_ASANI,TEST,2022-05-08T09:00:00+00:00,data/interim/gridsat/2022/gridsat_2022.05.07.18.npz,data/interim/gridsat/2022/gridsat_2022.05.07.21.npz,data/interim/gridsat/2022/gridsat_2022.05.08.00.npz,data/interim/gridsat/2022/gridsat_2022.05.08.03.npz,data/interim/gridsat/2022/gridsat_2022.05.08.06.npz,data/interim/gridsat/2022/gridsat_2022.05.08.09.npz,12.0,88.4,45.0,988.0,CS,13.5,87.1,55.0,984.0,SCS,14.7,86.0,55.0,982.0,SCS,15.6,83.1,55.0,984.0,SCS
NIO_2022_ASANI_20220508_1200Z,NIO_2022_ASANI,TEST,2022-05-08T12:00:00+00:00,data/interim/gridsat/2022/gridsat_2022.05.07.21.npz,data/interim/gridsat/2022/gridsat_2022.05.08.00.npz,data/interim/gridsat/2022/gridsat_2022.05.08.03.npz,data/interim/gridsat/2022/gridsat_2022.05.08.06.npz,data/interim/gridsat/2022/gridsat_2022.05.08.09.npz,data/interim/gridsat/2022/gridsat_2022.05.08.12.npz,12.3,88.2,50.0,986.0,SCS,13.9,86.8,55.0,983.0,SCS,14.9,85.8,55.0,982.0,SCS,15.7,82.8,50.0,984.0,SCS
NIO_2022_ASANI_20220508_1500Z,NIO_2022_ASANI,TEST,2022-05-08T15:00:00+00:00,data/interim/gridsat/2022/gridsat_2022.05.08.00.npz,data/interim/gridsat/2022/gridsat_2022.05.08.03.npz,data/interim/gridsat/2022/gridsat_2022.05.08.06.npz,data/interim/gridsat/2022/gridsat_2022.05.08.09.npz,data/interim/gridsat/2022/gridsat_2022.05.08.12.npz,data/interim/gridsat/2022/gridsat_2022.05.08.15.npz,12.7,87.8,50.0,986.0,SCS,14.2,86.5,55.0,982.0,SCS,15.0,85.5,55.0,982.0,SCS,15.8,82.4,50.0,985.0,SCS
NIO_2022_ASANI_20220508_1800Z,NIO_2022_ASANI,TEST,2022-05-08T18:00:00+00:00,data/interim/gridsat/2022/gridsat_2022.05.08.03.npz,data/interim/gridsat/2022/gridsat_2022.05.08.06.npz,data/interim/gridsat/2022/gridsat_2022.05.08.09.npz,data/interim/gridsat/2022/gridsat_2022.05.08.12.npz,data/interim/gridsat/2022/gridsat_2022.05.08.15.npz,data/interim/gridsat/2022/gridsat_2022.05.08.18.npz,13.1,87.5,55.0,984.0,SCS,14.6,86.3,55.0,982.0,SCS,15.1,85.2,55.0,982.0,SCS,15.9,82.1,50.0,986.0,SCS
NIO_2022_ASANI_20220508_2100Z,NIO_2022_ASANI,TEST,2022-05-08T21:00:00+00:00,data/interim/gridsat/2022/gridsat_2022.05.08.06.npz,data/interim/gridsat/2022/gridsat_2022.05.08.09.npz,data/interim/gridsat/2022/gridsat_2022.05.08.12.npz,data/interim/gridsat/2022/gridsat_2022.05.08.15.npz,data/interim/gridsat/2022/gridsat_2022.05.08.18.npz,data/interim/gridsat/2022/gridsat_2022.05.08.21.npz,13.5,87.1,55.0,984.0,SCS,14.7,86.0,55.0,982.0,SCS,15.2,84.9,55.0,982.0,SCS,16.0,81.9,45.0,986.0,CS
NIO_2022_ASANI_20220509_0000Z,NIO_2022_ASANI,TEST,2022-05-09T00:00:00+00:00,data/interim/gridsat/2022/gridsat_2022.05.08.09.npz,data/interim/gridsat/2022/gridsat_2022.05.08.12.npz,data/interim/gridsat/2022/gridsat_2022.05.08.15.npz,data/interim/gridsat/2022/gridsat_2022.05.08.18.npz,data/interim/gridsat/2022/gridsat_2022.05.08.21.npz,data/interim/gridsat/2022/gridsat_2022.05.09.00.npz,13.9,86.8,55.0,983.0,SCS,14.9,85.8,55.0,982.0,SCS,15.3,84.6,55.0,982.0,SCS,16.1,81.8,45.0,988.0,CS
NIO_2022_ASANI_20220509_0300Z,NIO_2022_ASANI,TEST,2022-05-09T03:00:00+00:00,data/interim/gridsat/2022/gridsat_2022.05.08.12.npz,data/interim/gridsat/2022/gridsat_2022.05.08.15.npz,data/interim/gridsat/2022/gridsat_2022.05.08.18.npz,data/interim/gridsat/2022/gridsat_2022.05.08.21.npz,data/interim/gridsat/2022/gridsat_2022.05.09.00.npz,data/interim/gridsat/2022/gridsat_2022.05.09.03.npz,14.2,86.5,55.0,982.0,SCS,15.0,85.5,55.0,982.0,SCS,15.4,84.0,55.0,984.0,SCS,16.1,81.6,45.0,988.0,CS
NIO_2022_ASANI_20220509_0600Z,NIO_2022_ASANI,TEST,2022-05-09T06:00:00+00:00,data/interim/gridsat/2022/gridsat_2022.05.08.15.npz,data/interim/gridsat/2022/gridsat_2022.05.08.18.npz,data/interim/gridsat/2022/gridsat_2022.05.08.21.npz,data/interim/gridsat/2022/gridsat_2022.05.09.00.npz,data/interim/gridsat/2022/gridsat_2022.05.09.03.npz,data/interim/gridsat/2022/gridsat_2022.05.09.06.npz,14.6,86.3,55.0,982.0,SCS,15.1,85.2,55.0,982.0,SCS,15.5,83.5,55.0,984.0,SCS,16.2,81.5,40.0,990.0,CS
NIO_2022_ASANI_20220509_0900Z,NIO_2022_ASANI,TEST,2022-05-09T09:00:00+00:00,data/interim/gridsat/2022/gridsat_2022.05.08.18.npz,data/interim/gridsat/2022/gridsat_2022.05.08.21.npz,data/interim/gridsat/2022/gridsat_2022.05.09.00.npz,data/interim/gridsat/2022/gridsat_2022.05.09.03.npz,data/interim/gridsat/2022/gridsat_2022.05.09.06.npz,data/interim/gridsat/2022/gridsat_2022.05.09.09.npz,14.7,86.0,55.0,982.0,SCS,15.2,84.9,55.0,982.0,SCS,15.6,83.1,55.0,984.0,SCS,16.2,81.4,40.0,990.0,CS
NIO_2022_ASANI_20220509_1200Z,NIO_2022_ASANI,TEST,2022-05-09T12:00:00+00:00,data/interim/gridsat/2022/gridsat_2022.05.08.21.npz,data/interim/gridsat/2022/gridsat_2022.05.09.00.npz,data/interim/gridsat/2022/gridsat_2022.05.09.03.npz,data/interim/gridsat/2022/gridsat_2022.05.09.06.npz,data/interim/gridsat/2022/gridsat_2022.05.09.09.npz,data/interim/gridsat/2022/gridsat_2022.05.09.12.npz,14.9,85.8,55.0,982.0,SCS,15.3,84.6,55.0,982.0,SCS,15.7,82.8,50.0,984.0,SCS,16.3,81.4,30.0,992.0,DD
NIO_2022_ASANI_20220509_1500Z,NIO_2022_ASANI,TEST,2022-05-09T15:00:00+00:00,data/interim/gridsat/2022/gridsat_2022.05.09.00.npz,data/interim/gridsat/2022/gridsat_2022.05.09.03.npz,data/interim/gridsat/2022/gridsat_2022.05.09.06.npz,data/interim/gridsat/2022/gridsat_2022.05.09.09.npz,data/interim/gridsat/2022/gridsat_2022.05.09.12.npz,data/interim/gridsat/2022/gridsat_2022.05.09.15.npz,15.0,85.5,55.0,982.0,SCS,15.4,84.0,55.0,984.0,SCS,15.8,82.4,50.0,985.0,SCS,16.3,81.3,30.0,993.0,DD
NIO_2022_ASANI_20220509_1800Z,NIO_2022_ASANI,TEST,2022-05-09T18:00:00+00:00,data/interim/gridsat/2022/gridsat_2022.05.09.03.npz,data/interim/gridsat/2022/gridsat_2022.05.09.06.npz,data/interim/gridsat/2022/gridsat_2022.05.09.09.npz,data/interim/gridsat/2022/gridsat_2022.05.09.12.npz,data/interim/gridsat/2022/gridsat_2022.05.09.15.npz,data/interim/gridsat/2022/gridsat_2022.05.09.18.npz,15.1,85.2,55.0,982.0,SCS,15.5,83.5,55.0,984.0,SCS,15.9,82.1,50.0,986.0,SCS,16.3,81.2,30.0,994.0,DD
NIO_2022_ASANI_20220510_0000Z,NIO_2022_ASANI,TEST,2022-05-10T00:00:00+00:00,data/interim/gridsat/2022/gridsat_2022.05.09.09.npz,data/interim/gridsat/2022/gridsat_2022.05.09.12.npz,data/interim/gridsat/2022/gridsat_2022.05.09.15.npz,data/interim/gridsat/2022/gridsat_2022.05.09.18.npz,data/interim/gridsat/2022/gridsat_2022.05.09.21.npz,data/interim/gridsat/2022/gridsat_2022.05.10.00.npz,15.3,84.6,55.0,982.0,SCS,15.7,82.8,50.0,984.0,SCS,16.1,81.8,45.0,988.0,CS,16.2,80.9,25.0,996.0,D
NIO_2022_MANDOUS_20221206_1200Z,NIO_2022_MANDOUS,TEST,2022-12-06T12:00:00+00:00,data/interim/gridsat/2022/gridsat_2022.12.05.21.npz,data/interim/gridsat/2022/gridsat_2022.12.06.00.npz,data/interim/gridsat/2022/gridsat_2022.12.06.03.npz,data/interim/gridsat/2022/gridsat_2022.12.06.06.npz,data/interim/gridsat/2022/gridsat_2022.12.06.09.npz,data/interim/gridsat/2022/gridsat_2022.12.06.12.npz,8.2,88.2,25.0,1000.0,D,8.6,86.3,30.0,999.0,DD,8.9,85.0,30.0,998.0,DD,10.1,82.9,50.0,990.0,SCS
NIO_2022_MANDOUS_20221206_1800Z,NIO_2022_MANDOUS,TEST,2022-12-06T18:00:00+00:00,data/interim/gridsat/2022/gridsat_2022.12.06.03.npz,data/interim/gridsat/2022/gridsat_2022.12.06.06.npz,data/interim/gridsat/2022/gridsat_2022.12.06.09.npz,data/interim/gridsat/2022/gridsat_2022.12.06.12.npz,data/interim/gridsat/2022/gridsat_2022.12.06.15.npz,data/interim/gridsat/2022/gridsat_2022.12.06.18.npz,8.4,87.0,25.0,1000.0,D,8.7,85.5,30.0,998.0,DD,9.2,84.6,35.0,997.0,CS,10.6,82.3,50.0,990.0,SCS
NIO_2022_MANDOUS_20221207_0000Z,NIO_2022_MANDOUS,TEST,2022-12-07T00:00:00+00:00,data/interim/gridsat/2022/gridsat_2022.12.06.09.npz,data/interim/gridsat/2022/gridsat_2022.12.06.12.npz,data/interim/gridsat/2022/gridsat_2022.12.06.15.npz,data/interim/gridsat/2022/gridsat_2022.12.06.18.npz,data/interim/gridsat/2022/gridsat_2022.12.06.21.npz,data/interim/gridsat/2022/gridsat_2022.12.07.00.npz,8.6,86.3,30.0,999.0,DD,8.9,85.0,30.0,998.0,DD,9.4,84.1,40.0,995.0,CS,11.0,81.7,50.0,990.0,SCS
NIO_2022_MANDOUS_20221207_0600Z,NIO_2022_MANDOUS,TEST,2022-12-07T06:00:00+00:00,data/interim/gridsat/2022/gridsat_2022.12.06.15.npz,data/interim/gridsat/2022/gridsat_2022.12.06.18.npz,data/interim/gridsat/2022/gridsat_2022.12.06.21.npz,data/interim/gridsat/2022/gridsat_2022.12.07.00.npz,data/interim/gridsat/2022/gridsat_2022.12.07.03.npz,data/interim/gridsat/2022/gridsat_2022.12.07.06.npz,8.7,85.5,30.0,998.0,DD,9.2,84.6,35.0,997.0,CS,9.7,83.5,45.0,992.0,CS,11.4,81.3,45.0,992.0,CS
NIO_2022_MANDOUS_20221207_1200Z,NIO_2022_MANDOUS,TEST,2022-12-07T12:00:00+00:00,data/interim/gridsat/2022/gridsat_2022.12.06.21.npz,data/interim/gridsat/2022/gridsat_2022.12.07.00.npz,data/interim/gridsat/2022/gridsat_2022.12.07.03.npz,data/interim/gridsat/2022/gridsat_2022.12.07.06.npz,data/interim/gridsat/2022/gridsat_2022.12.07.09.npz,data/interim/gridsat/2022/gridsat_2022.12.07.12.npz,8.9,85.0,30.0,998.0,DD,9.4,84.1,40.0,995.0,CS,10.1,82.9,50.0,990.0,SCS,12.0,80.8,40.0,993.0,CS
NIO_2022_MANDOUS_20221207_1800Z,NIO_2022_MANDOUS,TEST,2022-12-07T18:00:00+00:00,data/interim/gridsat/2022/gridsat_2022.12.07.03.npz,data/interim/gridsat/2022/gridsat_2022.12.07.06.npz,data/interim/gridsat/2022/gridsat_2022.12.07.09.npz,data/interim/gridsat/2022/gridsat_2022.12.07.12.npz,data/interim/gridsat/2022/gridsat_2022.12.07.15.npz,data/interim/gridsat/2022/gridsat_2022.12.07.18.npz,9.2,84.6,35.0,997.0,CS,9.7,83.5,45.0,992.0,CS,10.6,82.3,50.0,990.0,SCS,12.5,80.3,35.0,995.0,CS
NIO_2022_MANDOUS_20221207_2100Z,NIO_2022_MANDOUS,TEST,2022-12-07T21:00:00+00:00,data/interim/gridsat/2022/gridsat_2022.12.07.06.npz,data/interim/gridsat/2022/gridsat_2022.12.07.09.npz,data/interim/gridsat/2022/gridsat_2022.12.07.12.npz,data/interim/gridsat/2022/gridsat_2022.12.07.15.npz,data/interim/gridsat/2022/gridsat_2022.12.07.18.npz,data/interim/gridsat/2022/gridsat_2022.12.07.21.npz,9.3,84.4,35.0,997.0,CS,9.8,83.2,45.0,992.0,CS,10.7,82.0,50.0,990.0,SCS,12.8,80.0,35.0,996.0,CS
NIO_2022_MANDOUS_20221208_0000Z,NIO_2022_MANDOUS,TEST,2022-12-08T00:00:00+00:00,data/interim/gridsat/2022/gridsat_2022.12.07.09.npz,data/interim/gridsat/2022/gridsat_2022.12.07.12.npz,data/interim/gridsat/2022/gridsat_2022.12.07.15.npz,data/interim/gridsat/2022/gridsat_2022.12.07.18.npz,data/interim/gridsat/2022/gridsat_2022.12.07.21.npz,data/interim/gridsat/2022/gridsat_2022.12.08.00.npz,9.4,84.1,40.0,995.0,CS,10.1,82.9,50.0,990.0,SCS,11.0,81.7,50.0,990.0,SCS,12.9,79.7,30.0,998.0,DD
NIO_2022_MANDOUS_20221208_0300Z,NIO_2022_MANDOUS,TEST,2022-12-08T03:00:00+00:00,data/interim/gridsat/2022/gridsat_2022.12.07.12.npz,data/interim/gridsat/2022/gridsat_2022.12.07.15.npz,data/interim/gridsat/2022/gridsat_2022.12.07.18.npz,data/interim/gridsat/2022/gridsat_2022.12.07.21.npz,data/interim/gridsat/2022/gridsat_2022.12.08.00.npz,data/interim/gridsat/2022/gridsat_2022.12.08.03.npz,9.5,83.8,40.0,994.0,CS,10.4,82.6,50.0,990.0,SCS,11.1,81.5,45.0,991.0,CS,12.8,79.5,30.0,1000.0,DD
NIO_2022_MANDOUS_20221208_0600Z,NIO_2022_MANDOUS,TEST,2022-12-08T06:00:00+00:00,data/interim/gridsat/2022/gridsat_2022.12.07.15.npz,data/interim/gridsat/2022/gridsat_2022.12.07.18.npz,data/interim/gridsat/2022/gridsat_2022.12.07.21.npz,data/interim/gridsat/2022/gridsat_2022.12.08.00.npz,data/interim/gridsat/2022/gridsat_2022.12.08.03.npz,data/interim/gridsat/2022/gridsat_2022.12.08.06.npz,9.7,83.5,45.0,992.0,CS,10.6,82.3,50.0,990.0,SCS,11.4,81.3,45.0,992.0,CS,12.7,79.3,25.0,1002.0,D
NIO_2022_NO_20220819_0000Z,NIO_2022_NO,TEST,2022-08-19T00:00:00+00:00,data/interim/gridsat/2022/gridsat_2022.08.18.09.npz,data/interim/gridsat/2022/gridsat_2022.08.18.12.npz,data/interim/gridsat/2022/gridsat_2022.08.18.15.npz,data/interim/gridsat/2022/gridsat_2022.08.18.18.npz,data/interim/gridsat/2022/gridsat_2022.08.18.21.npz,data/interim/gridsat/2022/gridsat_2022.08.19.00.npz,20.5,89.7,25.0,994.0,D,21.5,88.1,30.0,992.0,DD,22.5,86.0,30.0,992.0,DD,23.7,82.2,25.0,994.0,D
NIO_2022_NO_20220819_0300Z,NIO_2022_NO,TEST,2022-08-19T03:00:00+00:00,data/interim/gridsat/2022/gridsat_2022.08.18.12.npz,data/interim/gridsat/2022/gridsat_2022.08.18.15.npz,data/interim/gridsat/2022/gridsat_2022.08.18.18.npz,data/interim/gridsat/2022/gridsat_2022.08.18.21.npz,data/interim/gridsat/2022/gridsat_2022.08.19.00.npz,data/interim/gridsat/2022/gridsat_2022.08.19.03.npz,20.8,89.2,25.0,994.0,D,21.8,87.6,30.0,992.0,DD,22.6,85.6,30.0,992.0,DD,23.8,81.7,25.0,994.0,D
NIO_2022_NO_20220819_0600Z,NIO_2022_NO,TEST,2022-08-19T06:00:00+00:00,data/interim/gridsat/2022/gridsat_2022.08.18.15.npz,data/interim/gridsat/2022/gridsat_2022.08.18.18.npz,data/interim/gridsat/2022/gridsat_2022.08.18.21.npz,data/interim/gridsat/2022/gridsat_2022.08.19.00.npz,data/interim/gridsat/2022/gridsat_2022.08.19.03.npz,data/interim/gridsat/2022/gridsat_2022.08.19.06.npz,21.1,88.8,30.0,993.0,DD,22.1,87.0,30.0,992.0,DD,22.9,84.8,30.0,993.0,DD,24.0,81.2,25.0,994.0,D
NIO_2022_NO_20220819_1200Z,NIO_2022_NO,TEST,2022-08-19T12:00:00+00:00,data/interim/gridsat/2022/gridsat_2022.08.18.21.npz,data/interim/gridsat/2022/gridsat_2022.08.19.00.npz,data/interim/gridsat/2022/gridsat_2022.08.19.03.npz,data/interim/gridsat/2022/gridsat_2022.08.19.06.npz,data/interim/gridsat/2022/gridsat_2022.08.19.09.npz,data/interim/gridsat/2022/gridsat_2022.08.19.12.npz,21.5,88.1,30.0,992.0,DD,22.5,86.0,30.0,992.0,DD,23.3,83.6,30.0,993.0,DD,24.2,80.5,25.0,994.0,D
NIO_2022_NO_20220820_0000Z,NIO_2022_NO,TEST,2022-08-20T00:00:00+00:00,data/interim/gridsat/2022/gridsat_2022.08.19.09.npz,data/interim/gridsat/2022/gridsat_2022.08.19.12.npz,data/interim/gridsat/2022/gridsat_2022.08.19.15.npz,data/interim/gridsat/2022/gridsat_2022.08.19.18.npz,data/interim/gridsat/2022/gridsat_2022.08.19.21.npz,data/interim/gridsat/2022/gridsat_2022.08.20.00.npz,22.5,86.0,30.0,992.0,DD,23.3,83.6,30.0,993.0,DD,23.7,82.2,25.0,994.0,D,24.3,79.1,25.0,995.0,D
NIO_2022_NO_20220820_0600Z,NIO_2022_NO,TEST,2022-08-20T06:00:00+00:00,data/interim/gridsat/2022/gridsat_2022.08.19.15.npz,data/interim/gridsat/2022/gridsat_2022.08.19.18.npz,data/interim/gridsat/2022/gridsat_2022.08.19.21.npz,data/interim/gridsat/2022/gridsat_2022.08.20.00.npz,data/interim/gridsat/2022/gridsat_2022.08.20.03.npz,data/interim/gridsat/2022/gridsat_2022.08.20.06.npz,22.9,84.8,30.0,993.0,DD,23.5,82.9,30.0,993.0,DD,24.0,81.2,25.0,994.0,D,24.4,77.8,25.0,996.0,D
NIO_2022_NO_20220820_1200Z,NIO_2022_NO,TEST,2022-08-20T12:00:00+00:00,data/interim/gridsat/2022/gridsat_2022.08.19.21.npz,data/interim/gridsat/2022/gridsat_2022.08.20.00.npz,data/interim/gridsat/2022/gridsat_2022.08.20.03.npz,data/interim/gridsat/2022/gridsat_2022.08.20.06.npz,data/interim/gridsat/2022/gridsat_2022.08.20.09.npz,data/interim/gridsat/2022/gridsat_2022.08.20.12.npz,23.3,83.6,30.0,993.0,DD,23.7,82.2,25.0,994.0,D,24.2,80.5,25.0,994.0,D,24.4,77.4,25.0,996.0,D
NIO_2022_NO_20220821_0000Z,NIO_2022_NO,TEST,2022-08-21T00:00:00+00:00,data/interim/gridsat/2022/gridsat_2022.08.20.09.npz,data/interim/gridsat/2022/gridsat_2022.08.20.12.npz,data/interim/gridsat/2022/gridsat_2022.08.20.15.npz,data/interim/gridsat/2022/gridsat_2022.08.20.18.npz,data/interim/gridsat/2022/gridsat_2022.08.20.21.npz,data/interim/gridsat/2022/gridsat_2022.08.21.00.npz,23.7,82.2,25.0,994.0,D,24.2,80.5,25.0,994.0,D,24.3,79.1,25.0,995.0,D,24.8,76.2,20.0,997.0,D
NIO_2022_SITRANG_20221022_0600Z,NIO_2022_SITRANG,TEST,2022-10-22T06:00:00+00:00,data/interim/gridsat/2022/gridsat_2022.10.21.15.npz,data/interim/gridsat/2022/gridsat_2022.10.21.18.npz,data/interim/gridsat/2022/gridsat_2022.10.21.21.npz,data/interim/gridsat/2022/gridsat_2022.10.22.00.npz,data/interim/gridsat/2022/gridsat_2022.10.22.03.npz,data/interim/gridsat/2022/gridsat_2022.10.22.06.npz,13.7,91.3,25.0,1003.0,D,14.9,89.8,25.0,1002.0,D,15.9,88.2,30.0,1000.0,DD,19.3,89.2,45.0,996.0,CS
NIO_2022_SITRANG_20221022_1200Z,NIO_2022_SITRANG,TEST,2022-10-22T12:00:00+00:00,data/interim/gridsat/2022/gridsat_2022.10.21.21.npz,data/interim/gridsat/2022/gridsat_2022.10.22.00.npz,data/interim/gridsat/2022/gridsat_2022.10.22.03.npz,data/interim/gridsat/2022/gridsat_2022.10.22.06.npz,data/interim/gridsat/2022/gridsat_2022.10.22.09.npz,data/interim/gridsat/2022/gridsat_2022.10.22.12.npz,14.2,90.5,25.0,1002.0,D,15.3,89.0,30.0,1001.0,DD,16.7,88.1,35.0,999.0,CS,20.5,89.8,45.0,996.0,CS
NIO_2022_SITRANG_20221022_1800Z,NIO_2022_SITRANG,TEST,2022-10-22T18:00:00+00:00,data/interim/gridsat/2022/gridsat_2022.10.22.03.npz,data/interim/gridsat/2022/gridsat_2022.10.22.06.npz,data/interim/gridsat/2022/gridsat_2022.10.22.09.npz,data/interim/gridsat/2022/gridsat_2022.10.22.12.npz,data/interim/gridsat/2022/gridsat_2022.10.22.15.npz,data/interim/gridsat/2022/gridsat_2022.10.22.18.npz,14.9,89.8,25.0,1002.0,D,15.9,88.2,30.0,1000.0,DD,17.3,88.3,35.0,998.0,CS,23.5,90.8,40.0,996.0,CS
NIO_2022_SITRANG_20221023_0000Z,NIO_2022_SITRANG,TEST,2022-10-23T00:00:00+00:00,data/interim/gridsat/2022/gridsat_2022.10.22.09.npz,data/interim/gridsat/2022/gridsat_2022.10.22.12.npz,data/interim/gridsat/2022/gridsat_2022.10.22.15.npz,data/interim/gridsat/2022/gridsat_2022.10.22.18.npz,data/interim/gridsat/2022/gridsat_2022.10.22.21.npz,data/interim/gridsat/2022/gridsat_2022.10.23.00.npz,15.3,89.0,30.0,1001.0,DD,16.7,88.1,35.0,999.0,CS,18.0,88.6,40.0,996.0,CS,24.5,91.1,25.0,1000.0,D
NIO_2022_UNNAMED_01_20220320_0600Z,NIO_2022_UNNAMED_01,TEST,2022-03-20T06:00:00+00:00,data/interim/gridsat/2022/gridsat_2022.03.19.15.npz,data/interim/gridsat/2022/gridsat_2022.03.19.18.npz,data/interim/gridsat/2022/gridsat_2022.03.19.21.npz,data/interim/gridsat/2022/gridsat_2022.03.20.00.npz,data/interim/gridsat/2022/gridsat_2022.03.20.03.npz,data/interim/gridsat/2022/gridsat_2022.03.20.06.npz,10.4,92.9,25.0,1002.0,D,11.3,93.4,25.0,1001.0,D,12.6,93.9,30.0,1000.0,DD,15.8,94.2,30.0,1000.0,DD
NIO_2022_UNNAMED_01_20220320_1200Z,NIO_2022_UNNAMED_01,TEST,2022-03-20T12:00:00+00:00,data/interim/gridsat/2022/gridsat_2022.03.19.21.npz,data/interim/gridsat/2022/gridsat_2022.03.20.00.npz,data/interim/gridsat/2022/gridsat_2022.03.20.03.npz,data/interim/gridsat/2022/gridsat_2022.03.20.06.npz,data/interim/gridsat/2022/gridsat_2022.03.20.09.npz,data/interim/gridsat/2022/gridsat_2022.03.20.12.npz,10.9,93.2,25.0,1002.0,D,11.9,93.7,30.0,1000.0,DD,13.3,94.0,30.0,1000.0,DD,16.6,94.4,25.0,1001.0,D
NIO_2022_UNNAMED_01_20220320_1800Z,NIO_2022_UNNAMED_01,TEST,2022-03-20T18:00:00+00:00,data/interim/gridsat/2022/gridsat_2022.03.20.03.npz,data/interim/gridsat/2022/gridsat_2022.03.20.06.npz,data/interim/gridsat/2022/gridsat_2022.03.20.09.npz,data/interim/gridsat/2022/gridsat_2022.03.20.12.npz,data/interim/gridsat/2022/gridsat_2022.03.20.15.npz,data/interim/gridsat/2022/gridsat_2022.03.20.18.npz,11.3,93.4,25.0,1001.0,D,12.6,93.9,30.0,1000.0,DD,14.0,94.0,30.0,1000.0,DD,17.6,94.5,25.0,1002.0,D
NIO_2022_UNNAMED_2_13_1_20221120_0000Z,NIO_2022_UNNAMED_2_13_1,TEST,2022-11-20T00:00:00+00:00,data/interim/gridsat/2022/gridsat_2022.11.19.09.npz,data/interim/gridsat/2022/gridsat_2022.11.19.12.npz,data/interim/gridsat/2022/gridsat_2022.11.19.15.npz,data/interim/gridsat/2022/gridsat_2022.11.19.18.npz,data/interim/gridsat/2022/gridsat_2022.11.19.21.npz,data/interim/gridsat/2022/gridsat_2022.11.20.00.npz,10.0,85.5,25.0,1005.0,D,10.9,85.0,25.0,1003.0,D,11.9,84.2,25.0,1003.0,D,13.1,81.4,25.0,1004.0,D
NIO_2022_UNNAMED_2_15_1_20221214_1200Z,NIO_2022_UNNAMED_2_15_1,TEST,2022-12-14T12:00:00+00:00,data/interim/gridsat/2022/gridsat_2022.12.13.21.npz,data/interim/gridsat/2022/gridsat_2022.12.14.00.npz,data/interim/gridsat/2022/gridsat_2022.12.14.03.npz,data/interim/gridsat/2022/gridsat_2022.12.14.06.npz,data/interim/gridsat/2022/gridsat_2022.12.14.09.npz,data/interim/gridsat/2022/gridsat_2022.12.14.12.npz,13.7,69.2,25.0,1002.0,D,13.9,68.2,30.0,1001.0,DD,14.1,66.8,30.0,1000.0,DD,14.0,63.8,25.0,1002.0,D
NIO_2022_UNNAMED_2_15_1_20221214_1800Z,NIO_2022_UNNAMED_2_15_1,TEST,2022-12-14T18:00:00+00:00,data/interim/gridsat/2022/gridsat_2022.12.14.03.npz,data/interim/gridsat/2022/gridsat_2022.12.14.06.npz,data/interim/gridsat/2022/gridsat_2022.12.14.09.npz,data/interim/gridsat/2022/gridsat_2022.12.14.12.npz,data/interim/gridsat/2022/gridsat_2022.12.14.15.npz,data/interim/gridsat/2022/gridsat_2022.12.14.18.npz,13.8,68.7,25.0,1002.0,D,13.9,67.5,30.0,1000.0,DD,14.1,65.8,30.0,1000.0,DD,14.1,63.0,25.0,1002.0,D
NIO_2022_UNNAMED_2_15_1_20221215_0000Z,NIO_2022_UNNAMED_2_15_1,TEST,2022-12-15T00:00:00+00:00,data/interim/gridsat/2022/gridsat_2022.12.14.09.npz,data/interim/gridsat/2022/gridsat_2022.12.14.12.npz,data/interim/gridsat/2022/gridsat_2022.12.14.15.npz,data/interim/gridsat/2022/gridsat_2022.12.14.18.npz,data/interim/gridsat/2022/gridsat_2022.12.14.21.npz,data/interim/gridsat/2022/gridsat_2022.12.15.00.npz,13.9,68.2,30.0,1001.0,DD,14.1,66.8,30.0,1000.0,DD,14.0,65.2,30.0,1000.0,DD,14.1,62.2,25.0,1002.0,D
NIO_2022_UNNAMED_2_15_1_20221215_0600Z,NIO_2022_UNNAMED_2_15_1,TEST,2022-12-15T06:00:00+00:00,data/interim/gridsat/2022/gridsat_2022.12.14.15.npz,data/interim/gridsat/2022/gridsat_2022.12.14.18.npz,data/interim/gridsat/2022/gridsat_2022.12.14.21.npz,data/interim/gridsat/2022/gridsat_2022.12.15.00.npz,data/interim/gridsat/2022/gridsat_2022.12.15.03.npz,data/interim/gridsat/2022/gridsat_2022.12.15.06.npz,13.9,67.5,30.0,1000.0,DD,14.1,65.8,30.0,1000.0,DD,13.8,64.4,30.0,1001.0,DD,13.9,61.4,25.0,1002.0,D
NIO_2022_UNNAMED_2_16_1_20221222_0600Z,NIO_2022_UNNAMED_2_16_1,TEST,2022-12-22T06:00:00+00:00,data/interim/gridsat/2022/gridsat_2022.12.21.15.npz,data/interim/gridsat/2022/gridsat_2022.12.21.18.npz,data/interim/gridsat/2022/gridsat_2022.12.21.21.npz,data/interim/gridsat/2022/gridsat_2022.12.22.00.npz,data/interim/gridsat/2022/gridsat_2022.12.22.03.npz,data/interim/gridsat/2022/gridsat_2022.12.22.06.npz,9.5,84.8,25.0,1004.0,D,10.1,84.2,25.0,1004.0,D,10.4,84.8,25.0,1004.0,D,10.4,83.7,25.0,1004.0,D
NIO_2022_UNNAMED_2_16_1_20221222_1200Z,NIO_2022_UNNAMED_2_16_1,TEST,2022-12-22T12:00:00+00:00,data/interim/gridsat/2022/gridsat_2022.12.21.21.npz,data/interim/gridsat/2022/gridsat_2022.12.22.00.npz,data/interim/gridsat/2022/gridsat_2022.12.22.03.npz,data/interim/gridsat/2022/gridsat_2022.12.22.06.npz,data/interim/gridsat/2022/gridsat_2022.12.22.09.npz,data/interim/gridsat/2022/gridsat_2022.12.22.12.npz,9.8,84.5,25.0,1004.0,D,10.1,84.2,25.0,1004.0,D,10.6,85.4,25.0,1004.0,D,9.7,83.0,25.0,1004.0,D
NIO_2022_UNNAMED_2_16_1_20221222_1800Z,NIO_2022_UNNAMED_2_16_1,TEST,2022-12-22T18:00:00+00:00,data/interim/gridsat/2022/gridsat_2022.12.22.03.npz,data/interim/gridsat/2022/gridsat_2022.12.22.06.npz,data/interim/gridsat/2022/gridsat_2022.12.22.09.npz,data/interim/gridsat/2022/gridsat_2022.12.22.12.npz,data/interim/gridsat/2022/gridsat_2022.12.22.15.npz,data/interim/gridsat/2022/gridsat_2022.12.22.18.npz,10.1,84.2,25.0,1004.0,D,10.4,84.8,25.0,1004.0,D,10.4,85.3,25.0,1004.0,D,9.3,82.5,25.0,1004.0,D
NIO_2022_UNNAMED_2_16_1_20221223_0000Z,NIO_2022_UNNAMED_2_16_1,TEST,2022-12-23T00:00:00+00:00,data/interim/gridsat/2022/gridsat_2022.12.22.09.npz,data/interim/gridsat/2022/gridsat_2022.12.22.12.npz,data/interim/gridsat/2022/gridsat_2022.12.22.15.npz,data/interim/gridsat/2022/gridsat_2022.12.22.18.npz,data/interim/gridsat/2022/gridsat_2022.12.22.21.npz,data/interim/gridsat/2022/gridsat_2022.12.23.00.npz,10.1,84.2,25.0,1004.0,D,10.6,85.4,25.0,1004.0,D,10.8,84.5,25.0,1004.0,D,9.0,82.2,25.0,1004.0,D
NIO_2022_UNNAMED_2_16_1_20221223_0600Z,NIO_2022_UNNAMED_2_16_1,TEST,2022-12-23T06:00:00+00:00,data/interim/gridsat/2022/gridsat_2022.12.22.15.npz,data/interim/gridsat/2022/gridsat_2022.12.22.18.npz,data/interim/gridsat/2022/gridsat_2022.12.22.21.npz,data/interim/gridsat/2022/gridsat_2022.12.23.00.npz,data/interim/gridsat/2022/gridsat_2022.12.23.03.npz,data/interim/gridsat/2022/gridsat_2022.12.23.06.npz,10.4,84.8,25.0,1004.0,D,10.4,85.3,25.0,1004.0,D,10.4,83.7,25.0,1004.0,D,8.5,81.6,25.0,1004.0,D
NIO_2022_UNNAMED_2_2_1_20220303_0000Z,NIO_2022_UNNAMED_2_2_1,TEST,2022-03-03T00:00:00+00:00,data/interim/gridsat/2022/gridsat_2022.03.02.09.npz,data/interim/gridsat/2022/gridsat_2022.03.02.12.npz,data/interim/gridsat/2022/gridsat_2022.03.02.15.npz,data/interim/gridsat/2022/gridsat_2022.03.02.18.npz,data/interim/gridsat/2022/gridsat_2022.03.02.21.npz,data/interim/gridsat/2022/gridsat_2022.03.03.00.npz,5.3,84.0,25.0,1004.0,D,7.1,83.3,25.0,1004.0,D,8.5,83.0,25.0,1004.0,D,11.0,82.6,30.0,1002.0,DD
NIO_2022_UNNAMED_2_2_1_20220303_0600Z,NIO_2022_UNNAMED_2_2_1,TEST,2022-03-03T06:00:00+00:00,data/interim/gridsat/2022/gridsat_2022.03.02.15.npz,data/interim/gridsat/2022/gridsat_2022.03.02.18.npz,data/interim/gridsat/2022/gridsat_2022.03.02.21.npz,data/interim/gridsat/2022/gridsat_2022.03.03.00.npz,data/interim/gridsat/2022/gridsat_2022.03.03.03.npz,data/interim/gridsat/2022/gridsat_2022.03.03.06.npz,6.1,83.4,25.0,1004.0,D,7.8,83.1,25.0,1004.0,D,9.2,82.8,25.0,1003.0,D,11.6,82.6,30.0,1002.0,DD
NIO_2022_UNNAMED_2_2_1_20220303_1200Z,NIO_2022_UNNAMED_2_2_1,TEST,2022-03-03T12:00:00+00:00,data/interim/gridsat/2022/gridsat_2022.03.02.21.npz,data/interim/gridsat/2022/gridsat_2022.03.03.00.npz,data/interim/gridsat/2022/gridsat_2022.03.03.03.npz,data/interim/gridsat/2022/gridsat_2022.03.03.06.npz,data/interim/gridsat/2022/gridsat_2022.03.03.09.npz,data/interim/gridsat/2022/gridsat_2022.03.03.12.npz,7.1,83.3,25.0,1004.0,D,8.5,83.0,25.0,1004.0,D,10.0,82.7,30.0,1002.0,DD,11.7,82.5,30.0,1002.0,DD
NIO_2022_UNNAMED_2_2_1_20220303_1800Z,NIO_2022_UNNAMED_2_2_1,TEST,2022-03-03T18:00:00+00:00,data/interim/gridsat/2022/gridsat_2022.03.03.03.npz,data/interim/gridsat/2022/gridsat_2022.03.03.06.npz,data/interim/gridsat/2022/gridsat_2022.03.03.09.npz,data/interim/gridsat/2022/gridsat_2022.03.03.12.npz,data/interim/gridsat/2022/gridsat_2022.03.03.15.npz,data/interim/gridsat/2022/gridsat_2022.03.03.18.npz,7.8,83.1,25.0,1004.0,D,9.2,82.8,25.0,1003.0,D,10.3,82.6,30.0,1002.0,DD,11.5,82.4,25.0,1003.0,D
NIO_2022_UNNAMED_2_2_1_20220304_0000Z,NIO_2022_UNNAMED_2_2_1,TEST,2022-03-04T00:00:00+00:00,data/interim/gridsat/2022/gridsat_2022.03.03.09.npz,data/interim/gridsat/2022/gridsat_2022.03.03.12.npz,data/interim/gridsat/2022/gridsat_2022.03.03.15.npz,data/interim/gridsat/2022/gridsat_2022.03.03.18.npz,data/interim/gridsat/2022/gridsat_2022.03.03.21.npz,data/interim/gridsat/2022/gridsat_2022.03.04.00.npz,8.5,83.0,25.0,1004.0,D,10.0,82.7,30.0,1002.0,DD,11.0,82.6,30.0,1002.0,DD,11.2,82.2,25.0,1004.0,D
NIO_2022_UNNAMED_2_9_1_20220814_0600Z,NIO_2022_UNNAMED_2_9_1,TEST,2022-08-14T06:00:00+00:00,data/interim/gridsat/2022/gridsat_2022.08.13.15.npz,data/interim/gridsat/2022/gridsat_2022.08.13.18.npz,data/interim/gridsat/2022/gridsat_2022.08.13.21.npz,data/interim/gridsat/2022/gridsat_2022.08.14.00.npz,data/interim/gridsat/2022/gridsat_2022.08.14.03.npz,data/interim/gridsat/2022/gridsat_2022.08.14.06.npz,21.8,87.5,25.0,994.0,D,22.2,84.0,25.0,994.0,D,22.8,81.1,25.0,994.0,D,24.9,76.1,20.0,995.0,D
NIO_2023_BIPARJOY_20230606_0000Z,NIO_2023_BIPARJOY,TEST,2023-06-06T00:00:00+00:00,data/interim/gridsat/2023/gridsat_2023.06.05.09.npz,data/interim/gridsat/2023/gridsat_2023.06.05.12.npz,data/interim/gridsat/2023/gridsat_2023.06.05.15.npz,data/interim/gridsat/2023/gridsat_2023.06.05.18.npz,data/interim/gridsat/2023/gridsat_2023.06.05.21.npz,data/interim/gridsat/2023/gridsat_2023.06.06.00.npz,11.3,66.0,25.0,1000.0,D,12.1,66.0,35.0,998.0,CS,12.6,66.1,55.0,990.0,SCS,13.9,66.0,75.0,978.0,VSCS
NIO_2023_BIPARJOY_20230606_0300Z,NIO_2023_BIPARJOY,TEST,2023-06-06T03:00:00+00:00,data/interim/gridsat/2023/gridsat_2023.06.05.12.npz,data/interim/gridsat/2023/gridsat_2023.06.05.15.npz,data/interim/gridsat/2023/gridsat_2023.06.05.18.npz,data/interim/gridsat/2023/gridsat_2023.06.05.21.npz,data/interim/gridsat/2023/gridsat_2023.06.06.00.npz,data/interim/gridsat/2023/gridsat_2023.06.06.03.npz,11.5,66.0,25.0,1000.0,D,12.3,66.0,35.0,998.0,CS,12.7,66.2,60.0,988.0,SCS,14.0,66.0,75.0,978.0,VSCS
NIO_2023_BIPARJOY_20230606_0600Z,NIO_2023_BIPARJOY,TEST,2023-06-06T06:00:00+00:00,data/interim/gridsat/2023/gridsat_2023.06.05.15.npz,data/interim/gridsat/2023/gridsat_2023.06.05.18.npz,data/interim/gridsat/2023/gridsat_2023.06.05.21.npz,data/interim/gridsat/2023/gridsat_2023.06.06.00.npz,data/interim/gridsat/2023/gridsat_2023.06.06.03.npz,data/interim/gridsat/2023/gridsat_2023.06.06.06.npz,11.9,66.0,30.0,999.0,DD,12.5,66.0,40.0,996.0,CS,12.8,66.3,65.0,983.0,VSCS,14.1,66.0,75.0,978.0,VSCS
NIO_2023_BIPARJOY_20230606_1200Z,NIO_2023_BIPARJOY,TEST,2023-06-06T12:00:00+00:00,data/interim/gridsat/2023/gridsat_2023.06.05.21.npz,data/interim/gridsat/2023/gridsat_2023.06.06.00.npz,data/interim/gridsat/2023/gridsat_2023.06.06.03.npz,data/interim/gridsat/2023/gridsat_2023.06.06.06.npz,data/interim/gridsat/2023/gridsat_2023.06.06.09.npz,data/interim/gridsat/2023/gridsat_2023.06.06.12.npz,12.1,66.0,35.0,998.0,CS,12.6,66.1,55.0,990.0,SCS,13.3,66.2,65.0,983.0,VSCS,14.4,66.0,75.0,978.0,VSCS
NIO_2023_BIPARJOY_20230606_1500Z,NIO_2023_BIPARJOY,TEST,2023-06-06T15:00:00+00:00,data/interim/gridsat/2023/gridsat_2023.06.06.00.npz,data/interim/gridsat/2023/gridsat_2023.06.06.03.npz,data/interim/gridsat/2023/gridsat_2023.06.06.06.npz,data/interim/gridsat/2023/gridsat_2023.06.06.09.npz,data/interim/gridsat/2023/gridsat_2023.06.06.12.npz,data/interim/gridsat/2023/gridsat_2023.06.06.15.npz,12.3,66.0,35.0,998.0,CS,12.7,66.2,60.0,988.0,SCS,13.4,66.2,65.0,983.0,VSCS,14.5,66.0,75.0,978.0,VSCS
NIO_2023_BIPARJOY_20230606_1800Z,NIO_2023_BIPARJOY,TEST,2023-06-06T18:00:00+00:00,data/interim/gridsat/2023/gridsat_2023.06.06.03.npz,data/interim/gridsat/2023/gridsat_2023.06.06.06.npz,data/interim/gridsat/2023/gridsat_2023.06.06.09.npz,data/interim/gridsat/2023/gridsat_2023.06.06.12.npz,data/interim/gridsat/2023/gridsat_2023.06.06.15.npz,data/interim/gridsat/2023/gridsat_2023.06.06.18.npz,12.5,66.0,40.0,996.0,CS,12.8,66.3,65.0,983.0,VSCS,13.6,66.0,70.0,980.0,VSCS,14.6,66.0,75.0,978.0,VSCS
NIO_2023_BIPARJOY_20230606_2100Z,NIO_2023_BIPARJOY,TEST,2023-06-06T21:00:00+00:00,data/interim/gridsat/2023/gridsat_2023.06.06.06.npz,data/interim/gridsat/2023/gridsat_2023.06.06.09.npz,data/interim/gridsat/2023/gridsat_2023.06.06.12.npz,data/interim/gridsat/2023/gridsat_2023.06.06.15.npz,data/interim/gridsat/2023/gridsat_2023.06.06.18.npz,data/interim/gridsat/2023/gridsat_2023.06.06.21.npz,12.5,66.0,45.0,996.0,CS,13.1,66.3,65.0,983.0,VSCS,13.7,66.0,70.0,980.0,VSCS,14.6,66.0,75.0,978.0,VSCS
NIO_2023_BIPARJOY_20230607_0000Z,NIO_2023_BIPARJOY,TEST,2023-06-07T00:00:00+00:00,data/interim/gridsat/2023/gridsat_2023.06.06.09.npz,data/interim/gridsat/2023/gridsat_2023.06.06.12.npz,data/interim/gridsat/2023/gridsat_2023.06.06.15.npz,data/interim/gridsat/2023/gridsat_2023.06.06.18.npz,data/interim/gridsat/2023/gridsat_2023.06.06.21.npz,data/interim/gridsat/2023/gridsat_2023.06.07.00.npz,12.6,66.1,55.0,990.0,SCS,13.3,66.2,65.0,983.0,VSCS,13.9,66.0,75.0,978.0,VSCS,14.7,66.2,75.0,978.0,VSCS
NIO_2023_BIPARJOY_20230607_0300Z,NIO_2023_BIPARJOY,TEST,2023-06-07T03:00:00+00:00,data/interim/gridsat/2023/gridsat_2023.06.06.12.npz,data/interim/gridsat/2023/gridsat_2023.06.06.15.npz,data/interim/gridsat/2023/gridsat_2023.06.06.18.npz,data/interim/gridsat/2023/gridsat_2023.06.06.21.npz,data/interim/gridsat/2023/gridsat_2023.06.07.00.npz,data/interim/gridsat/2023/gridsat_2023.06.07.03.npz,12.7,66.2,60.0,988.0,SCS,13.4,66.2,65.0,983.0,VSCS,14.0,66.0,75.0,978.0,VSCS,14.8,66.4,70.0,980.0,VSCS
NIO_2023_BIPARJOY_20230607_0600Z,NIO_2023_BIPARJOY,TEST,2023-06-07T06:00:00+00:00,data/interim/gridsat/2023/gridsat_2023.06.06.15.npz,data/interim/gridsat/2023/gridsat_2023.06.06.18.npz,data/interim/gridsat/2023/gridsat_2023.06.06.21.npz,data/interim/gridsat/2023/gridsat_2023.06.07.00.npz,data/interim/gridsat/2023/gridsat_2023.06.07.03.npz,data/interim/gridsat/2023/gridsat_2023.06.07.06.npz,12.8,66.3,65.0,983.0,VSCS,13.6,66.0,70.0,980.0,VSCS,14.1,66.0,75.0,978.0,VSCS,15.0,66.6,70.0,980.0,VSCS
NIO_2023_BIPARJOY_20230607_0900Z,NIO_2023_BIPARJOY,TEST,2023-06-07T09:00:00+00:00,data/interim/gridsat/2023/gridsat_2023.06.06.18.npz,data/interim/gridsat/2023/gridsat_2023.06.06.21.npz,data/interim/gridsat/2023/gridsat_2023.06.07.00.npz,data/interim/gridsat/2023/gridsat_2023.06.07.03.npz,data/interim/gridsat/2023/gridsat_2023.06.07.06.npz,data/interim/gridsat/2023/gridsat_2023.06.07.09.npz,13.1,66.3,65.0,983.0,VSCS,13.7,66.0,70.0,980.0,VSCS,14.3,66.0,75.0,978.0,VSCS,15.3,66.9,70.0,980.0,VSCS
NIO_2023_BIPARJOY_20230607_1200Z,NIO_2023_BIPARJOY,TEST,2023-06-07T12:00:00+00:00,data/interim/gridsat/2023/gridsat_2023.06.06.21.npz,data/interim/gridsat/2023/gridsat_2023.06.07.00.npz,data/interim/gridsat/2023/gridsat_2023.06.07.03.npz,data/interim/gridsat/2023/gridsat_2023.06.07.06.npz,data/interim/gridsat/2023/gridsat_2023.06.07.09.npz,data/interim/gridsat/2023/gridsat_2023.06.07.12.npz,13.3,66.2,65.0,983.0,VSCS,13.9,66.0,75.0,978.0,VSCS,14.4,66.0,75.0,978.0,VSCS,15.5,67.1,65.0,982.0,VSCS
NIO_2023_BIPARJOY_20230607_1500Z,NIO_2023_BIPARJOY,TEST,2023-06-07T15:00:00+00:00,data/interim/gridsat/2023/gridsat_2023.06.07.00.npz,data/interim/gridsat/2023/gridsat_2023.06.07.03.npz,data/interim/gridsat/2023/gridsat_2023.06.07.06.npz,data/interim/gridsat/2023/gridsat_2023.06.07.09.npz,data/interim/gridsat/2023/gridsat_2023.06.07.12.npz,data/interim/gridsat/2023/gridsat_2023.06.07.15.npz,13.4,66.2,65.0,983.0,VSCS,14.0,66.0,75.0,978.0,VSCS,14.5,66.0,75.0,978.0,VSCS,15.7,67.3,65.0,982.0,VSCS
NIO_2023_BIPARJOY_20230607_1800Z,NIO_2023_BIPARJOY,TEST,2023-06-07T18:00:00+00:00,data/interim/gridsat/2023/gridsat_2023.06.07.03.npz,data/interim/gridsat/2023/gridsat_2023.06.07.06.npz,data/interim/gridsat/2023/gridsat_2023.06.07.09.npz,data/interim/gridsat/2023/gridsat_2023.06.07.12.npz,data/interim/gridsat/2023/gridsat_2023.06.07.15.npz,data/interim/gridsat/2023/gridsat_2023.06.07.18.npz,13.6,66.0,70.0,980.0,VSCS,14.1,66.0,75.0,978.0,VSCS,14.6,66.0,75.0,978.0,VSCS,16.0,67.4,70.0,978.0,VSCS
NIO_2023_BIPARJOY_20230607_2100Z,NIO_2023_BIPARJOY,TEST,2023-06-07T21:00:00+00:00,data/interim/gridsat/2023/gridsat_2023.06.07.06.npz,data/interim/gridsat/2023/gridsat_2023.06.07.09.npz,data/interim/gridsat/2023/gridsat_2023.06.07.12.npz,data/interim/gridsat/2023/gridsat_2023.06.07.15.npz,data/interim/gridsat/2023/gridsat_2023.06.07.18.npz,data/interim/gridsat/2023/gridsat_2023.06.07.21.npz,13.7,66.0,70.0,980.0,VSCS,14.3,66.0,75.0,978.0,VSCS,14.6,66.0,75.0,978.0,VSCS,16.3,67.4,70.0,976.0,VSCS
NIO_2023_BIPARJOY_20230608_0000Z,NIO_2023_BIPARJOY,TEST,2023-06-08T00:00:00+00:00,data/interim/gridsat/2023/gridsat_2023.06.07.09.npz,data/interim/gridsat/2023/gridsat_2023.06.07.12.npz,data/interim/gridsat/2023/gridsat_2023.06.07.15.npz,data/interim/gridsat/2023/gridsat_2023.06.07.18.npz,data/interim/gridsat/2023/gridsat_2023.06.07.21.npz,data/interim/gridsat/2023/gridsat_2023.06.08.00.npz,13.9,66.0,75.0,978.0,VSCS,14.4,66.0,75.0,978.0,VSCS,14.7,66.2,75.0,978.0,VSCS,16.5,67.4,75.0,974.0,VSCS
NIO_2023_BIPARJOY_20230608_0300Z,NIO_2023_BIPARJOY,TEST,2023-06-08T03:00:00+00:00,data/interim/gridsat/2023/gridsat_2023.06.07.12.npz,data/interim/gridsat/2023/gridsat_2023.06.07.15.npz,data/interim/gridsat/2023/gridsat_2023.06.07.18.npz,data/interim/gridsat/2023/gridsat_2023.06.07.21.npz,data/interim/gridsat/2023/gridsat_2023.06.08.00.npz,data/interim/gridsat/2023/gridsat_2023.06.08.03.npz,14.0,66.0,75.0,978.0,VSCS,14.5,66.0,75.0,978.0,VSCS,14.8,66.4,70.0,980.0,VSCS,16.7,67.4,75.0,972.0,VSCS
NIO_2023_BIPARJOY_20230608_0600Z,NIO_2023_BIPARJOY,TEST,2023-06-08T06:00:00+00:00,data/interim/gridsat/2023/gridsat_2023.06.07.15.npz,data/interim/gridsat/2023/gridsat_2023.06.07.18.npz,data/interim/gridsat/2023/gridsat_2023.06.07.21.npz,data/interim/gridsat/2023/gridsat_2023.06.08.00.npz,data/interim/gridsat/2023/gridsat_2023.06.08.03.npz,data/interim/gridsat/2023/gridsat_2023.06.08.06.npz,14.1,66.0,75.0,978.0,VSCS,14.6,66.0,75.0,978.0,VSCS,15.0,66.6,70.0,980.0,VSCS,16.8,67.4,75.0,970.0,VSCS
NIO_2023_BIPARJOY_20230608_0900Z,NIO_2023_BIPARJOY,TEST,2023-06-08T09:00:00+00:00,data/interim/gridsat/2023/gridsat_2023.06.07.18.npz,data/interim/gridsat/2023/gridsat_2023.06.07.21.npz,data/interim/gridsat/2023/gridsat_2023.06.08.00.npz,data/interim/gridsat/2023/gridsat_2023.06.08.03.npz,data/interim/gridsat/2023/gridsat_2023.06.08.06.npz,data/interim/gridsat/2023/gridsat_2023.06.08.09.npz,14.3,66.0,75.0,978.0,VSCS,14.6,66.0,75.0,978.0,VSCS,15.3,66.9,70.0,980.0,VSCS,16.9,67.4,80.0,966.0,VSCS
NIO_2023_BIPARJOY_20230608_1200Z,NIO_2023_BIPARJOY,TEST,2023-06-08T12:00:00+00:00,data/interim/gridsat/2023/gridsat_2023.06.07.21.npz,data/interim/gridsat/2023/gridsat_2023.06.08.00.npz,data/interim/gridsat/2023/gridsat_2023.06.08.03.npz,data/interim/gridsat/2023/gridsat_2023.06.08.06.npz,data/interim/gridsat/2023/gridsat_2023.06.08.09.npz,data/interim/gridsat/2023/gridsat_2023.06.08.12.npz,14.4,66.0,75.0,978.0,VSCS,14.7,66.2,75.0,978.0,VSCS,15.5,67.1,65.0,982.0,VSCS,17.1,67.3,80.0,964.0,VSCS
NIO_2023_BIPARJOY_20230608_1500Z,NIO_2023_BIPARJOY,TEST,2023-06-08T15:00:00+00:00,data/interim/gridsat/2023/gridsat_2023.06.08.00.npz,data/interim/gridsat/2023/gridsat_2023.06.08.03.npz,data/interim/gridsat/2023/gridsat_2023.06.08.06.npz,data/interim/gridsat/2023/gridsat_2023.06.08.09.npz,data/interim/gridsat/2023/gridsat_2023.06.08.12.npz,data/interim/gridsat/2023/gridsat_2023.06.08.15.npz,14.5,66.0,75.0,978.0,VSCS,14.8,66.4,70.0,980.0,VSCS,15.7,67.3,65.0,982.0,VSCS,17.3,67.3,80.0,964.0,VSCS
NIO_2023_BIPARJOY_20230608_1800Z,NIO_2023_BIPARJOY,TEST,2023-06-08T18:00:00+00:00,data/interim/gridsat/2023/gridsat_2023.06.08.03.npz,data/interim/gridsat/2023/gridsat_2023.06.08.06.npz,data/interim/gridsat/2023/gridsat_2023.06.08.09.npz,data/interim/gridsat/2023/gridsat_2023.06.08.12.npz,data/interim/gridsat/2023/gridsat_2023.06.08.15.npz,data/interim/gridsat/2023/gridsat_2023.06.08.18.npz,14.6,66.0,75.0,978.0,VSCS,15.0,66.6,70.0,980.0,VSCS,16.0,67.4,70.0,978.0,VSCS,17.4,67.3,85.0,962.0,VSCS
NIO_2023_BIPARJOY_20230608_2100Z,NIO_2023_BIPARJOY,TEST,2023-06-08T21:00:00+00:00,data/interim/gridsat/2023/gridsat_2023.06.08.06.npz,data/interim/gridsat/2023/gridsat_2023.06.08.09.npz,data/interim/gridsat/2023/gridsat_2023.06.08.12.npz,data/interim/gridsat/2023/gridsat_2023.06.08.15.npz,data/interim/gridsat/2023/gridsat_2023.06.08.18.npz,data/interim/gridsat/2023/gridsat_2023.06.08.21.npz,14.6,66.0,75.0,978.0,VSCS,15.3,66.9,70.0,980.0,VSCS,16.3,67.4,70.0,976.0,VSCS,17.6,67.3,85.0,962.0,VSCS
NIO_2023_BIPARJOY_20230609_0000Z,NIO_2023_BIPARJOY,TEST,2023-06-09T00:00:00+00:00,data/interim/gridsat/2023/gridsat_2023.06.08.09.npz,data/interim/gridsat/2023/gridsat_2023.06.08.12.npz,data/interim/gridsat/2023/gridsat_2023.06.08.15.npz,data/interim/gridsat/2023/gridsat_2023.06.08.18.npz,data/interim/gridsat/2023/gridsat_2023.06.08.21.npz,data/interim/gridsat/2023/gridsat_2023.06.09.00.npz,14.7,66.2,75.0,978.0,VSCS,15.5,67.1,65.0,982.0,VSCS,16.5,67.4,75.0,974.0,VSCS,17.9,67.4,90.0,960.0,ESCS
NIO_2023_BIPARJOY_20230609_0300Z,NIO_2023_BIPARJOY,TEST,2023-06-09T03:00:00+00:00,data/interim/gridsat/2023/gridsat_2023.06.08.12.npz,data/interim/gridsat/2023/gridsat_2023.06.08.15.npz,data/interim/gridsat/2023/gridsat_2023.06.08.18.npz,data/interim/gridsat/2023/gridsat_2023.06.08.21.npz,data/interim/gridsat/2023/gridsat_2023.06.09.00.npz,data/interim/gridsat/2023/gridsat_2023.06.09.03.npz,14.8,66.4,70.0,980.0,VSCS,15.7,67.3,65.0,982.0,VSCS,16.7,67.4,75.0,972.0,VSCS,18.0,67.6,90.0,958.0,ESCS
NIO_2023_BIPARJOY_20230609_0600Z,NIO_2023_BIPARJOY,TEST,2023-06-09T06:00:00+00:00,data/interim/gridsat/2023/gridsat_2023.06.08.15.npz,data/interim/gridsat/2023/gridsat_2023.06.08.18.npz,data/interim/gridsat/2023/gridsat_2023.06.08.21.npz,data/interim/gridsat/2023/gridsat_2023.06.09.00.npz,data/interim/gridsat/2023/gridsat_2023.06.09.03.npz,data/interim/gridsat/2023/gridsat_2023.06.09.06.npz,15.0,66.6,70.0,980.0,VSCS,16.0,67.4,70.0,978.0,VSCS,16.8,67.4,75.0,970.0,VSCS,18.2,67.7,90.0,958.0,ESCS
NIO_2023_BIPARJOY_20230609_0900Z,NIO_2023_BIPARJOY,TEST,2023-06-09T09:00:00+00:00,data/interim/gridsat/2023/gridsat_2023.06.08.18.npz,data/interim/gridsat/2023/gridsat_2023.06.08.21.npz,data/interim/gridsat/2023/gridsat_2023.06.09.00.npz,data/interim/gridsat/2023/gridsat_2023.06.09.03.npz,data/interim/gridsat/2023/gridsat_2023.06.09.06.npz,data/interim/gridsat/2023/gridsat_2023.06.09.09.npz,15.3,66.9,70.0,980.0,VSCS,16.3,67.4,70.0,976.0,VSCS,16.9,67.4,80.0,966.0,VSCS,18.4,67.7,90.0,958.0,ESCS
NIO_2023_BIPARJOY_20230609_1200Z,NIO_2023_BIPARJOY,TEST,2023-06-09T12:00:00+00:00,data/interim/gridsat/2023/gridsat_2023.06.08.21.npz,data/interim/gridsat/2023/gridsat_2023.06.09.00.npz,data/interim/gridsat/2023/gridsat_2023.06.09.03.npz,data/interim/gridsat/2023/gridsat_2023.06.09.06.npz,data/interim/gridsat/2023/gridsat_2023.06.09.09.npz,data/interim/gridsat/2023/gridsat_2023.06.09.12.npz,15.5,67.1,65.0,982.0,VSCS,16.5,67.4,75.0,974.0,VSCS,17.1,67.3,80.0,964.0,VSCS,18.6,67.7,90.0,958.0,ESCS
NIO_2023_BIPARJOY_20230609_1500Z,NIO_2023_BIPARJOY,TEST,2023-06-09T15:00:00+00:00,data/interim/gridsat/2023/gridsat_2023.06.09.00.npz,data/interim/gridsat/2023/gridsat_2023.06.09.03.npz,data/interim/gridsat/2023/gridsat_2023.06.09.06.npz,data/interim/gridsat/2023/gridsat_2023.06.09.09.npz,data/interim/gridsat/2023/gridsat_2023.06.09.12.npz,data/interim/gridsat/2023/gridsat_2023.06.09.15.npz,15.7,67.3,65.0,982.0,VSCS,16.7,67.4,75.0,972.0,VSCS,17.3,67.3,80.0,964.0,VSCS,18.7,67.7,90.0,958.0,ESCS
NIO_2023_BIPARJOY_20230609_1800Z,NIO_2023_BIPARJOY,TEST,2023-06-09T18:00:00+00:00,data/interim/gridsat/2023/gridsat_2023.06.09.03.npz,data/interim/gridsat/2023/gridsat_2023.06.09.06.npz,data/interim/gridsat/2023/gridsat_2023.06.09.09.npz,data/interim/gridsat/2023/gridsat_2023.06.09.12.npz,data/interim/gridsat/2023/gridsat_2023.06.09.15.npz,data/interim/gridsat/2023/gridsat_2023.06.09.18.npz,16.0,67.4,70.0,978.0,VSCS,16.8,67.4,75.0,970.0,VSCS,17.4,67.3,85.0,962.0,VSCS,18.9,67.7,90.0,958.0,ESCS
NIO_2023_BIPARJOY_20230609_2100Z,NIO_2023_BIPARJOY,TEST,2023-06-09T21:00:00+00:00,data/interim/gridsat/2023/gridsat_2023.06.09.06.npz,data/interim/gridsat/2023/gridsat_2023.06.09.09.npz,data/interim/gridsat/2023/gridsat_2023.06.09.12.npz,data/interim/gridsat/2023/gridsat_2023.06.09.15.npz,data/interim/gridsat/2023/gridsat_2023.06.09.18.npz,data/interim/gridsat/2023/gridsat_2023.06.09.21.npz,16.3,67.4,70.0,976.0,VSCS,16.9,67.4,80.0,966.0,VSCS,17.6,67.3,85.0,962.0,VSCS,19.0,67.7,90.0,958.0,ESCS
NIO_2023_BIPARJOY_20230610_0000Z,NIO_2023_BIPARJOY,TEST,2023-06-10T00:00:00+00:00,data/interim/gridsat/2023/gridsat_2023.06.09.09.npz,data/interim/gridsat/2023/gridsat_2023.06.09.12.npz,data/interim/gridsat/2023/gridsat_2023.06.09.15.npz,data/interim/gridsat/2023/gridsat_2023.06.09.18.npz,data/interim/gridsat/2023/gridsat_2023.06.09.21.npz,data/interim/gridsat/2023/gridsat_2023.06.10.00.npz,16.5,67.4,75.0,974.0,VSCS,17.1,67.3,80.0,964.0,VSCS,17.9,67.4,90.0,960.0,ESCS,19.2,67.7,90.0,958.0,ESCS
NIO_2023_BIPARJOY_20230610_0300Z,NIO_2023_BIPARJOY,TEST,2023-06-10T03:00:00+00:00,data/interim/gridsat/2023/gridsat_2023.06.09.12.npz,data/interim/gridsat/2023/gridsat_2023.06.09.15.npz,data/interim/gridsat/2023/gridsat_2023.06.09.18.npz,data/interim/gridsat/2023/gridsat_2023.06.09.21.npz,data/interim/gridsat/2023/gridsat_2023.06.10.00.npz,data/interim/gridsat/2023/gridsat_2023.06.10.03.npz,16.7,67.4,75.0,972.0,VSCS,17.3,67.3,80.0,964.0,VSCS,18.0,67.6,90.0,958.0,ESCS,19.4,67.7,90.0,958.0,ESCS
NIO_2023_BIPARJOY_20230610_0600Z,NIO_2023_BIPARJOY,TEST,2023-06-10T06:00:00+00:00,data/interim/gridsat/2023/gridsat_2023.06.09.15.npz,data/interim/gridsat/2023/gridsat_2023.06.09.18.npz,data/interim/gridsat/2023/gridsat_2023.06.09.21.npz,data/interim/gridsat/2023/gridsat_2023.06.10.00.npz,data/interim/gridsat/2023/gridsat_2023.06.10.03.npz,data/interim/gridsat/2023/gridsat_2023.06.10.06.npz,16.8,67.4,75.0,970.0,VSCS,17.4,67.3,85.0,962.0,VSCS,18.2,67.7,90.0,958.0,ESCS,19.6,67.6,90.0,958.0,ESCS
NIO_2023_BIPARJOY_20230610_0900Z,NIO_2023_BIPARJOY,TEST,2023-06-10T09:00:00+00:00,data/interim/gridsat/2023/gridsat_2023.06.09.18.npz,data/interim/gridsat/2023/gridsat_2023.06.09.21.npz,data/interim/gridsat/2023/gridsat_2023.06.10.00.npz,data/interim/gridsat/2023/gridsat_2023.06.10.03.npz,data/interim/gridsat/2023/gridsat_2023.06.10.06.npz,data/interim/gridsat/2023/gridsat_2023.06.10.09.npz,16.9,67.4,80.0,966.0,VSCS,17.6,67.3,85.0,962.0,VSCS,18.4,67.7,90.0,958.0,ESCS,19.7,67.5,90.0,958.0,ESCS
NIO_2023_BIPARJOY_20230610_1200Z,NIO_2023_BIPARJOY,TEST,2023-06-10T12:00:00+00:00,data/interim/gridsat/2023/gridsat_2023.06.09.21.npz,data/interim/gridsat/2023/gridsat_2023.06.10.00.npz,data/interim/gridsat/2023/gridsat_2023.06.10.03.npz,data/interim/gridsat/2023/gridsat_2023.06.10.06.npz,data/interim/gridsat/2023/gridsat_2023.06.10.09.npz,data/interim/gridsat/2023/gridsat_2023.06.10.12.npz,17.1,67.3,80.0,964.0,VSCS,17.9,67.4,90.0,960.0,ESCS,18.6,67.7,90.0,958.0,ESCS,19.9,67.3,90.0,960.0,ESCS
NIO_2023_BIPARJOY_20230610_1500Z,NIO_2023_BIPARJOY,TEST,2023-06-10T15:00:00+00:00,data/interim/gridsat/2023/gridsat_2023.06.10.00.npz,data/interim/gridsat/2023/gridsat_2023.06.10.03.npz,data/interim/gridsat/2023/gridsat_2023.06.10.06.npz,data/interim/gridsat/2023/gridsat_2023.06.10.09.npz,data/interim/gridsat/2023/gridsat_2023.06.10.12.npz,data/interim/gridsat/2023/gridsat_2023.06.10.15.npz,17.3,67.3,80.0,964.0,VSCS,18.0,67.6,90.0,958.0,ESCS,18.7,67.7,90.0,958.0,ESCS,20.0,67.2,90.0,960.0,ESCS
NIO_2023_BIPARJOY_20230610_1800Z,NIO_2023_BIPARJOY,TEST,2023-06-10T18:00:00+00:00,data/interim/gridsat/2023/gridsat_2023.06.10.03.npz,data/interim/gridsat/2023/gridsat_2023.06.10.06.npz,data/interim/gridsat/2023/gridsat_2023.06.10.09.npz,data/interim/gridsat/2023/gridsat_2023.06.10.12.npz,data/interim/gridsat/2023/gridsat_2023.06.10.15.npz,data/interim/gridsat/2023/gridsat_2023.06.10.18.npz,17.4,67.3,85.0,962.0,VSCS,18.2,67.7,90.0,958.0,ESCS,18.9,67.7,90.0,958.0,ESCS,20.1,67.2,85.0,962.0,VSCS
NIO_2023_BIPARJOY_20230610_2100Z,NIO_2023_BIPARJOY,TEST,2023-06-10T21:00:00+00:00,data/interim/gridsat/2023/gridsat_2023.06.10.06.npz,data/interim/gridsat/2023/gridsat_2023.06.10.09.npz,data/interim/gridsat/2023/gridsat_2023.06.10.12.npz,data/interim/gridsat/2023/gridsat_2023.06.10.15.npz,data/interim/gridsat/2023/gridsat_2023.06.10.18.npz,data/interim/gridsat/2023/gridsat_2023.06.10.21.npz,17.6,67.3,85.0,962.0,VSCS,18.4,67.7,90.0,958.0,ESCS,19.0,67.7,90.0,958.0,ESCS,20.3,67.2,85.0,962.0,VSCS
NIO_2023_BIPARJOY_20230611_0000Z,NIO_2023_BIPARJOY,TEST,2023-06-11T00:00:00+00:00,data/interim/gridsat/2023/gridsat_2023.06.10.09.npz,data/interim/gridsat/2023/gridsat_2023.06.10.12.npz,data/interim/gridsat/2023/gridsat_2023.06.10.15.npz,data/interim/gridsat/2023/gridsat_2023.06.10.18.npz,data/interim/gridsat/2023/gridsat_2023.06.10.21.npz,data/interim/gridsat/2023/gridsat_2023.06.11.00.npz,17.9,67.4,90.0,960.0,ESCS,18.6,67.7,90.0,958.0,ESCS,19.2,67.7,90.0,958.0,ESCS,20.6,67.0,85.0,962.0,VSCS
NIO_2023_BIPARJOY_20230611_0300Z,NIO_2023_BIPARJOY,TEST,2023-06-11T03:00:00+00:00,data/interim/gridsat/2023/gridsat_2023.06.10.12.npz,data/interim/gridsat/2023/gridsat_2023.06.10.15.npz,data/interim/gridsat/2023/gridsat_2023.06.10.18.npz,data/interim/gridsat/2023/gridsat_2023.06.10.21.npz,data/interim/gridsat/2023/gridsat_2023.06.11.00.npz,data/interim/gridsat/2023/gridsat_2023.06.11.03.npz,18.0,67.6,90.0,958.0,ESCS,18.7,67.7,90.0,958.0,ESCS,19.4,67.7,90.0,958.0,ESCS,20.9,66.9,85.0,962.0,VSCS
NIO_2023_BIPARJOY_20230611_0600Z,NIO_2023_BIPARJOY,TEST,2023-06-11T06:00:00+00:00,data/interim/gridsat/2023/gridsat_2023.06.10.15.npz,data/interim/gridsat/2023/gridsat_2023.06.10.18.npz,data/interim/gridsat/2023/gridsat_2023.06.10.21.npz,data/interim/gridsat/2023/gridsat_2023.06.11.00.npz,data/interim/gridsat/2023/gridsat_2023.06.11.03.npz,data/interim/gridsat/2023/gridsat_2023.06.11.06.npz,18.2,67.7,90.0,958.0,ESCS,18.9,67.7,90.0,958.0,ESCS,19.6,67.6,90.0,958.0,ESCS,21.0,66.7,85.0,962.0,VSCS
NIO_2023_BIPARJOY_20230611_0900Z,NIO_2023_BIPARJOY,TEST,2023-06-11T09:00:00+00:00,data/interim/gridsat/2023/gridsat_2023.06.10.18.npz,data/interim/gridsat/2023/gridsat_2023.06.10.21.npz,data/interim/gridsat/2023/gridsat_2023.06.11.00.npz,data/interim/gridsat/2023/gridsat_2023.06.11.03.npz,data/interim/gridsat/2023/gridsat_2023.06.11.06.npz,data/interim/gridsat/2023/gridsat_2023.06.11.09.npz,18.4,67.7,90.0,958.0,ESCS,19.0,67.7,90.0,958.0,ESCS,19.7,67.5,90.0,958.0,ESCS,21.1,66.5,85.0,962.0,VSCS
NIO_2023_BIPARJOY_20230611_1200Z,NIO_2023_BIPARJOY,TEST,2023-06-11T12:00:00+00:00,data/interim/gridsat/2023/gridsat_2023.06.10.21.npz,data/interim/gridsat/2023/gridsat_2023.06.11.00.npz,data/interim/gridsat/2023/gridsat_2023.06.11.03.npz,data/interim/gridsat/2023/gridsat_2023.06.11.06.npz,data/interim/gridsat/2023/gridsat_2023.06.11.09.npz,data/interim/gridsat/2023/gridsat_2023.06.11.12.npz,18.6,67.7,90.0,958.0,ESCS,19.2,67.7,90.0,958.0,ESCS,19.9,67.3,90.0,960.0,ESCS,21.3,66.5,85.0,962.0,VSCS
NIO_2023_BIPARJOY_20230611_1500Z,NIO_2023_BIPARJOY,TEST,2023-06-11T15:00:00+00:00,data/interim/gridsat/2023/gridsat_2023.06.11.00.npz,data/interim/gridsat/2023/gridsat_2023.06.11.03.npz,data/interim/gridsat/2023/gridsat_2023.06.11.06.npz,data/interim/gridsat/2023/gridsat_2023.06.11.09.npz,data/interim/gridsat/2023/gridsat_2023.06.11.12.npz,data/interim/gridsat/2023/gridsat_2023.06.11.15.npz,18.7,67.7,90.0,958.0,ESCS,19.4,67.7,90.0,958.0,ESCS,20.0,67.2,90.0,960.0,ESCS,21.4,66.4,85.0,962.0,VSCS
NIO_2023_BIPARJOY_20230611_1800Z,NIO_2023_BIPARJOY,TEST,2023-06-11T18:00:00+00:00,data/interim/gridsat/2023/gridsat_2023.06.11.03.npz,data/interim/gridsat/2023/gridsat_2023.06.11.06.npz,data/interim/gridsat/2023/gridsat_2023.06.11.09.npz,data/interim/gridsat/2023/gridsat_2023.06.11.12.npz,data/interim/gridsat/2023/gridsat_2023.06.11.15.npz,data/interim/gridsat/2023/gridsat_2023.06.11.18.npz,18.9,67.7,90.0,958.0,ESCS,19.6,67.6,90.0,958.0,ESCS,20.1,67.2,85.0,962.0,VSCS,21.7,66.3,85.0,962.0,VSCS
NIO_2023_BIPARJOY_20230611_2100Z,NIO_2023_BIPARJOY,TEST,2023-06-11T21:00:00+00:00,data/interim/gridsat/2023/gridsat_2023.06.11.06.npz,data/interim/gridsat/2023/gridsat_2023.06.11.09.npz,data/interim/gridsat/2023/gridsat_2023.06.11.12.npz,data/interim/gridsat/2023/gridsat_2023.06.11.15.npz,data/interim/gridsat/2023/gridsat_2023.06.11.18.npz,data/interim/gridsat/2023/gridsat_2023.06.11.21.npz,19.0,67.7,90.0,958.0,ESCS,19.7,67.5,90.0,958.0,ESCS,20.3,67.2,85.0,962.0,VSCS,21.7,66.3,85.0,964.0,VSCS
NIO_2023_BIPARJOY_20230612_0000Z,NIO_2023_BIPARJOY,TEST,2023-06-12T00:00:00+00:00,data/interim/gridsat/2023/gridsat_2023.06.11.09.npz,data/interim/gridsat/2023/gridsat_2023.06.11.12.npz,data/interim/gridsat/2023/gridsat_2023.06.11.15.npz,data/interim/gridsat/2023/gridsat_2023.06.11.18.npz,data/interim/gridsat/2023/gridsat_2023.06.11.21.npz,data/interim/gridsat/2023/gridsat_2023.06.12.00.npz,19.2,67.7,90.0,958.0,ESCS,19.9,67.3,90.0,960.0,ESCS,20.6,67.0,85.0,962.0,VSCS,21.8,66.3,80.0,966.0,VSCS
NIO_2023_BIPARJOY_20230612_0300Z,NIO_2023_BIPARJOY,TEST,2023-06-12T03:00:00+00:00,data/interim/gridsat/2023/gridsat_2023.06.11.12.npz,data/interim/gridsat/2023/gridsat_2023.06.11.15.npz,data/interim/gridsat/2023/gridsat_2023.06.11.18.npz,data/interim/gridsat/2023/gridsat_2023.06.11.21.npz,data/interim/gridsat/2023/gridsat_2023.06.12.00.npz,data/interim/gridsat/2023/gridsat_2023.06.12.03.npz,19.4,67.7,90.0,958.0,ESCS,20.0,67.2,90.0,960.0,ESCS,20.9,66.9,85.0,962.0,VSCS,21.8,66.3,80.0,966.0,VSCS
NIO_2023_BIPARJOY_20230612_0600Z,NIO_2023_BIPARJOY,TEST,2023-06-12T06:00:00+00:00,data/interim/gridsat/2023/gridsat_2023.06.11.15.npz,data/interim/gridsat/2023/gridsat_2023.06.11.18.npz,data/interim/gridsat/2023/gridsat_2023.06.11.21.npz,data/interim/gridsat/2023/gridsat_2023.06.12.00.npz,data/interim/gridsat/2023/gridsat_2023.06.12.03.npz,data/interim/gridsat/2023/gridsat_2023.06.12.06.npz,19.6,67.6,90.0,958.0,ESCS,20.1,67.2,85.0,962.0,VSCS,21.0,66.7,85.0,962.0,VSCS,21.8,66.3,80.0,966.0,VSCS
NIO_2023_BIPARJOY_20230612_0900Z,NIO_2023_BIPARJOY,TEST,2023-06-12T09:00:00+00:00,data/interim/gridsat/2023/gridsat_2023.06.11.18.npz,data/interim/gridsat/2023/gridsat_2023.06.11.21.npz,data/interim/gridsat/2023/gridsat_2023.06.12.00.npz,data/interim/gridsat/2023/gridsat_2023.06.12.03.npz,data/interim/gridsat/2023/gridsat_2023.06.12.06.npz,data/interim/gridsat/2023/gridsat_2023.06.12.09.npz,19.7,67.5,90.0,958.0,ESCS,20.3,67.2,85.0,962.0,VSCS,21.1,66.5,85.0,962.0,VSCS,21.9,66.5,80.0,966.0,VSCS
NIO_2023_BIPARJOY_20230612_1200Z,NIO_2023_BIPARJOY,TEST,2023-06-12T12:00:00+00:00,data/interim/gridsat/2023/gridsat_2023.06.11.21.npz,data/interim/gridsat/2023/gridsat_2023.06.12.00.npz,data/interim/gridsat/2023/gridsat_2023.06.12.03.npz,data/interim/gridsat/2023/gridsat_2023.06.12.06.npz,data/interim/gridsat/2023/gridsat_2023.06.12.09.npz,data/interim/gridsat/2023/gridsat_2023.06.12.12.npz,19.9,67.3,90.0,960.0,ESCS,20.6,67.0,85.0,962.0,VSCS,21.3,66.5,85.0,962.0,VSCS,22.0,66.7,75.0,970.0,VSCS
NIO_2023_BIPARJOY_20230612_1500Z,NIO_2023_BIPARJOY,TEST,2023-06-12T15:00:00+00:00,data/interim/gridsat/2023/gridsat_2023.06.12.00.npz,data/interim/gridsat/2023/gridsat_2023.06.12.03.npz,data/interim/gridsat/2023/gridsat_2023.06.12.06.npz,data/interim/gridsat/2023/gridsat_2023.06.12.09.npz,data/interim/gridsat/2023/gridsat_2023.06.12.12.npz,data/interim/gridsat/2023/gridsat_2023.06.12.15.npz,20.0,67.2,90.0,960.0,ESCS,20.9,66.9,85.0,962.0,VSCS,21.4,66.4,85.0,962.0,VSCS,22.1,66.8,75.0,970.0,VSCS
NIO_2023_BIPARJOY_20230612_1800Z,NIO_2023_BIPARJOY,TEST,2023-06-12T18:00:00+00:00,data/interim/gridsat/2023/gridsat_2023.06.12.03.npz,data/interim/gridsat/2023/gridsat_2023.06.12.06.npz,data/interim/gridsat/2023/gridsat_2023.06.12.09.npz,data/interim/gridsat/2023/gridsat_2023.06.12.12.npz,data/interim/gridsat/2023/gridsat_2023.06.12.15.npz,data/interim/gridsat/2023/gridsat_2023.06.12.18.npz,20.1,67.2,85.0,962.0,VSCS,21.0,66.7,85.0,962.0,VSCS,21.7,66.3,85.0,962.0,VSCS,22.2,66.9,75.0,972.0,VSCS
NIO_2023_BIPARJOY_20230612_2100Z,NIO_2023_BIPARJOY,TEST,2023-06-12T21:00:00+00:00,data/interim/gridsat/2023/gridsat_2023.06.12.06.npz,data/interim/gridsat/2023/gridsat_2023.06.12.09.npz,data/interim/gridsat/2023/gridsat_2023.06.12.12.npz,data/interim/gridsat/2023/gridsat_2023.06.12.15.npz,data/interim/gridsat/2023/gridsat_2023.06.12.18.npz,data/interim/gridsat/2023/gridsat_2023.06.12.21.npz,20.3,67.2,85.0,962.0,VSCS,21.1,66.5,85.0,962.0,VSCS,21.7,66.3,85.0,964.0,VSCS,22.3,66.9,75.0,972.0,VSCS
NIO_2023_BIPARJOY_20230613_0000Z,NIO_2023_BIPARJOY,TEST,2023-06-13T00:00:00+00:00,data/interim/gridsat/2023/gridsat_2023.06.12.09.npz,data/interim/gridsat/2023/gridsat_2023.06.12.12.npz,data/interim/gridsat/2023/gridsat_2023.06.12.15.npz,data/interim/gridsat/2023/gridsat_2023.06.12.18.npz,data/interim/gridsat/2023/gridsat_2023.06.12.21.npz,data/interim/gridsat/2023/gridsat_2023.06.13.00.npz,20.6,67.0,85.0,962.0,VSCS,21.3,66.5,85.0,962.0,VSCS,21.8,66.3,80.0,966.0,VSCS,22.4,67.0,70.0,974.0,VSCS
NIO_2023_BIPARJOY_20230613_0300Z,NIO_2023_BIPARJOY,TEST,2023-06-13T03:00:00+00:00,data/interim/gridsat/2023/gridsat_2023.06.12.12.npz,data/interim/gridsat/2023/gridsat_2023.06.12.15.npz,data/interim/gridsat/2023/gridsat_2023.06.12.18.npz,data/interim/gridsat/2023/gridsat_2023.06.12.21.npz,data/interim/gridsat/2023/gridsat_2023.06.13.00.npz,data/interim/gridsat/2023/gridsat_2023.06.13.03.npz,20.9,66.9,85.0,962.0,VSCS,21.4,66.4,85.0,962.0,VSCS,21.8,66.3,80.0,966.0,VSCS,22.6,67.1,70.0,976.0,VSCS
NIO_2023_BIPARJOY_20230613_0600Z,NIO_2023_BIPARJOY,TEST,2023-06-13T06:00:00+00:00,data/interim/gridsat/2023/gridsat_2023.06.12.15.npz,data/interim/gridsat/2023/gridsat_2023.06.12.18.npz,data/interim/gridsat/2023/gridsat_2023.06.12.21.npz,data/interim/gridsat/2023/gridsat_2023.06.13.00.npz,data/interim/gridsat/2023/gridsat_2023.06.13.03.npz,data/interim/gridsat/2023/gridsat_2023.06.13.06.npz,21.0,66.7,85.0,962.0,VSCS,21.7,66.3,85.0,962.0,VSCS,21.8,66.3,80.0,966.0,VSCS,22.7,67.3,65.0,976.0,VSCS
NIO_2023_BIPARJOY_20230613_0900Z,NIO_2023_BIPARJOY,TEST,2023-06-13T09:00:00+00:00,data/interim/gridsat/2023/gridsat_2023.06.12.18.npz,data/interim/gridsat/2023/gridsat_2023.06.12.21.npz,data/interim/gridsat/2023/gridsat_2023.06.13.00.npz,data/interim/gridsat/2023/gridsat_2023.06.13.03.npz,data/interim/gridsat/2023/gridsat_2023.06.13.06.npz,data/interim/gridsat/2023/gridsat_2023.06.13.09.npz,21.1,66.5,85.0,962.0,VSCS,21.7,66.3,85.0,964.0,VSCS,21.9,66.5,80.0,966.0,VSCS,22.8,67.6,65.0,976.0,VSCS
NIO_2023_BIPARJOY_20230613_1200Z,NIO_2023_BIPARJOY,TEST,2023-06-13T12:00:00+00:00,data/interim/gridsat/2023/gridsat_2023.06.12.21.npz,data/interim/gridsat/2023/gridsat_2023.06.13.00.npz,data/interim/gridsat/2023/gridsat_2023.06.13.03.npz,data/interim/gridsat/2023/gridsat_2023.06.13.06.npz,data/interim/gridsat/2023/gridsat_2023.06.13.09.npz,data/interim/gridsat/2023/gridsat_2023.06.13.12.npz,21.3,66.5,85.0,962.0,VSCS,21.8,66.3,80.0,966.0,VSCS,22.0,66.7,75.0,970.0,VSCS,22.9,68.0,65.0,976.0,VSCS
NIO_2023_BIPARJOY_20230613_1500Z,NIO_2023_BIPARJOY,TEST,2023-06-13T15:00:00+00:00,data/interim/gridsat/2023/gridsat_2023.06.13.00.npz,data/interim/gridsat/2023/gridsat_2023.06.13.03.npz,data/interim/gridsat/2023/gridsat_2023.06.13.06.npz,data/interim/gridsat/2023/gridsat_2023.06.13.09.npz,data/interim/gridsat/2023/gridsat_2023.06.13.12.npz,data/interim/gridsat/2023/gridsat_2023.06.13.15.npz,21.4,66.4,85.0,962.0,VSCS,21.8,66.3,80.0,966.0,VSCS,22.1,66.8,75.0,970.0,VSCS,23.1,68.3,65.0,976.0,VSCS
NIO_2023_BIPARJOY_20230613_1800Z,NIO_2023_BIPARJOY,TEST,2023-06-13T18:00:00+00:00,data/interim/gridsat/2023/gridsat_2023.06.13.03.npz,data/interim/gridsat/2023/gridsat_2023.06.13.06.npz,data/interim/gridsat/2023/gridsat_2023.06.13.09.npz,data/interim/gridsat/2023/gridsat_2023.06.13.12.npz,data/interim/gridsat/2023/gridsat_2023.06.13.15.npz,data/interim/gridsat/2023/gridsat_2023.06.13.18.npz,21.7,66.3,85.0,962.0,VSCS,21.8,66.3,80.0,966.0,VSCS,22.2,66.9,75.0,972.0,VSCS,23.3,68.6,60.0,980.0,SCS
NIO_2023_BIPARJOY_20230613_2100Z,NIO_2023_BIPARJOY,TEST,2023-06-13T21:00:00+00:00,data/interim/gridsat/2023/gridsat_2023.06.13.06.npz,data/interim/gridsat/2023/gridsat_2023.06.13.09.npz,data/interim/gridsat/2023/gridsat_2023.06.13.12.npz,data/interim/gridsat/2023/gridsat_2023.06.13.15.npz,data/interim/gridsat/2023/gridsat_2023.06.13.18.npz,data/interim/gridsat/2023/gridsat_2023.06.13.21.npz,21.7,66.3,85.0,964.0,VSCS,21.9,66.5,80.0,966.0,VSCS,22.3,66.9,75.0,972.0,VSCS,23.4,68.9,50.0,982.0,SCS
NIO_2023_BIPARJOY_20230614_0000Z,NIO_2023_BIPARJOY,TEST,2023-06-14T00:00:00+00:00,data/interim/gridsat/2023/gridsat_2023.06.13.09.npz,data/interim/gridsat/2023/gridsat_2023.06.13.12.npz,data/interim/gridsat/2023/gridsat_2023.06.13.15.npz,data/interim/gridsat/2023/gridsat_2023.06.13.18.npz,data/interim/gridsat/2023/gridsat_2023.06.13.21.npz,data/interim/gridsat/2023/gridsat_2023.06.14.00.npz,21.8,66.3,80.0,966.0,VSCS,22.0,66.7,75.0,970.0,VSCS,22.4,67.0,70.0,974.0,VSCS,23.4,69.2,50.0,978.0,SCS
NIO_2023_BIPARJOY_20230614_0300Z,NIO_2023_BIPARJOY,TEST,2023-06-14T03:00:00+00:00,data/interim/gridsat/2023/gridsat_2023.06.13.12.npz,data/interim/gridsat/2023/gridsat_2023.06.13.15.npz,data/interim/gridsat/2023/gridsat_2023.06.13.18.npz,data/interim/gridsat/2023/gridsat_2023.06.13.21.npz,data/interim/gridsat/2023/gridsat_2023.06.14.00.npz,data/interim/gridsat/2023/gridsat_2023.06.14.03.npz,21.8,66.3,80.0,966.0,VSCS,22.1,66.8,75.0,970.0,VSCS,22.6,67.1,70.0,976.0,VSCS,23.5,69.5,45.0,978.0,CS
NIO_2023_BIPARJOY_20230614_0600Z,NIO_2023_BIPARJOY,TEST,2023-06-14T06:00:00+00:00,data/interim/gridsat/2023/gridsat_2023.06.13.15.npz,data/interim/gridsat/2023/gridsat_2023.06.13.18.npz,data/interim/gridsat/2023/gridsat_2023.06.13.21.npz,data/interim/gridsat/2023/gridsat_2023.06.14.00.npz,data/interim/gridsat/2023/gridsat_2023.06.14.03.npz,data/interim/gridsat/2023/gridsat_2023.06.14.06.npz,21.8,66.3,80.0,966.0,VSCS,22.2,66.9,75.0,972.0,VSCS,22.7,67.3,65.0,976.0,VSCS,23.7,69.8,40.0,980.0,CS
NIO_2023_BIPARJOY_20230614_0900Z,NIO_2023_BIPARJOY,TEST,2023-06-14T09:00:00+00:00,data/interim/gridsat/2023/gridsat_2023.06.13.18.npz,data/interim/gridsat/2023/gridsat_2023.06.13.21.npz,data/interim/gridsat/2023/gridsat_2023.06.14.00.npz,data/interim/gridsat/2023/gridsat_2023.06.14.03.npz,data/interim/gridsat/2023/gridsat_2023.06.14.06.npz,data/interim/gridsat/2023/gridsat_2023.06.14.09.npz,21.9,66.5,80.0,966.0,VSCS,22.3,66.9,75.0,972.0,VSCS,22.8,67.6,65.0,976.0,VSCS,23.9,70.0,40.0,984.0,CS
NIO_2023_BIPARJOY_20230614_1200Z,NIO_2023_BIPARJOY,TEST,2023-06-14T12:00:00+00:00,data/interim/gridsat/2023/gridsat_2023.06.13.21.npz,data/interim/gridsat/2023/gridsat_2023.06.14.00.npz,data/interim/gridsat/2023/gridsat_2023.06.14.03.npz,data/interim/gridsat/2023/gridsat_2023.06.14.06.npz,data/interim/gridsat/2023/gridsat_2023.06.14.09.npz,data/interim/gridsat/2023/gridsat_2023.06.14.12.npz,22.0,66.7,75.0,970.0,VSCS,22.4,67.0,70.0,974.0,VSCS,22.9,68.0,65.0,976.0,VSCS,24.2,70.3,35.0,986.0,CS
NIO_2023_BIPARJOY_20230614_1500Z,NIO_2023_BIPARJOY,TEST,2023-06-14T15:00:00+00:00,data/interim/gridsat/2023/gridsat_2023.06.14.00.npz,data/interim/gridsat/2023/gridsat_2023.06.14.03.npz,data/interim/gridsat/2023/gridsat_2023.06.14.06.npz,data/interim/gridsat/2023/gridsat_2023.06.14.09.npz,data/interim/gridsat/2023/gridsat_2023.06.14.12.npz,data/interim/gridsat/2023/gridsat_2023.06.14.15.npz,22.1,66.8,75.0,970.0,VSCS,22.6,67.1,70.0,976.0,VSCS,23.1,68.3,65.0,976.0,VSCS,24.5,70.7,35.0,987.0,CS
NIO_2023_BIPARJOY_20230614_1800Z,NIO_2023_BIPARJOY,TEST,2023-06-14T18:00:00+00:00,data/interim/gridsat/2023/gridsat_2023.06.14.03.npz,data/interim/gridsat/2023/gridsat_2023.06.14.06.npz,data/interim/gridsat/2023/gridsat_2023.06.14.09.npz,data/interim/gridsat/2023/gridsat_2023.06.14.12.npz,data/interim/gridsat/2023/gridsat_2023.06.14.15.npz,data/interim/gridsat/2023/gridsat_2023.06.14.18.npz,22.2,66.9,75.0,972.0,VSCS,22.7,67.3,65.0,976.0,VSCS,23.3,68.6,60.0,980.0,SCS,24.6,70.9,30.0,988.0,DD
NIO_2023_BIPARJOY_20230615_0000Z,NIO_2023_BIPARJOY,TEST,2023-06-15T00:00:00+00:00,data/interim/gridsat/2023/gridsat_2023.06.14.09.npz,data/interim/gridsat/2023/gridsat_2023.06.14.12.npz,data/interim/gridsat/2023/gridsat_2023.06.14.15.npz,data/interim/gridsat/2023/gridsat_2023.06.14.18.npz,data/interim/gridsat/2023/gridsat_2023.06.14.21.npz,data/interim/gridsat/2023/gridsat_2023.06.15.00.npz,22.4,67.0,70.0,974.0,VSCS,22.9,68.0,65.0,976.0,VSCS,23.4,69.2,50.0,978.0,SCS,24.7,71.2,30.0,988.0,DD
NIO_2023_BIPARJOY_20230615_0300Z,NIO_2023_BIPARJOY,TEST,2023-06-15T03:00:00+00:00,data/interim/gridsat/2023/gridsat_2023.06.14.12.npz,data/interim/gridsat/2023/gridsat_2023.06.14.15.npz,data/interim/gridsat/2023/gridsat_2023.06.14.18.npz,data/interim/gridsat/2023/gridsat_2023.06.14.21.npz,data/interim/gridsat/2023/gridsat_2023.06.15.00.npz,data/interim/gridsat/2023/gridsat_2023.06.15.03.npz,22.6,67.1,70.0,976.0,VSCS,23.1,68.3,65.0,976.0,VSCS,23.5,69.5,45.0,978.0,CS,25.0,71.5,30.0,988.0,DD
NIO_2023_BIPARJOY_20230615_0600Z,NIO_2023_BIPARJOY,TEST,2023-06-15T06:00:00+00:00,data/interim/gridsat/2023/gridsat_2023.06.14.15.npz,data/interim/gridsat/2023/gridsat_2023.06.14.18.npz,data/interim/gridsat/2023/gridsat_2023.06.14.21.npz,data/interim/gridsat/2023/gridsat_2023.06.15.00.npz,data/interim/gridsat/2023/gridsat_2023.06.15.03.npz,data/interim/gridsat/2023/gridsat_2023.06.15.06.npz,22.7,67.3,65.0,976.0,VSCS,23.3,68.6,60.0,980.0,SCS,23.7,69.8,40.0,980.0,CS,25.3,71.9,30.0,989.0,DD
NIO_2023_BIPARJOY_20230615_1200Z,NIO_2023_BIPARJOY,TEST,2023-06-15T12:00:00+00:00,data/interim/gridsat/2023/gridsat_2023.06.14.21.npz,data/interim/gridsat/2023/gridsat_2023.06.15.00.npz,data/interim/gridsat/2023/gridsat_2023.06.15.03.npz,data/interim/gridsat/2023/gridsat_2023.06.15.06.npz,data/interim/gridsat/2023/gridsat_2023.06.15.09.npz,data/interim/gridsat/2023/gridsat_2023.06.15.12.npz,22.9,68.0,65.0,976.0,VSCS,23.4,69.2,50.0,978.0,SCS,24.2,70.3,35.0,986.0,CS,25.6,72.5,25.0,990.0,D
NIO_2023_BIPARJOY_20230615_1800Z,NIO_2023_BIPARJOY,TEST,2023-06-15T18:00:00+00:00,data/interim/gridsat/2023/gridsat_2023.06.15.03.npz,data/interim/gridsat/2023/gridsat_2023.06.15.06.npz,data/interim/gridsat/2023/gridsat_2023.06.15.09.npz,data/interim/gridsat/2023/gridsat_2023.06.15.12.npz,data/interim/gridsat/2023/gridsat_2023.06.15.15.npz,data/interim/gridsat/2023/gridsat_2023.06.15.18.npz,23.3,68.6,60.0,980.0,SCS,23.7,69.8,40.0,980.0,CS,24.6,70.9,30.0,988.0,DD,25.8,72.8,25.0,991.0,D
NIO_2023_BIPARJOY_20230616_0000Z,NIO_2023_BIPARJOY,TEST,2023-06-16T00:00:00+00:00,data/interim/gridsat/2023/gridsat_2023.06.15.09.npz,data/interim/gridsat/2023/gridsat_2023.06.15.12.npz,data/interim/gridsat/2023/gridsat_2023.06.15.15.npz,data/interim/gridsat/2023/gridsat_2023.06.15.18.npz,data/interim/gridsat/2023/gridsat_2023.06.15.21.npz,data/interim/gridsat/2023/gridsat_2023.06.16.00.npz,23.4,69.2,50.0,978.0,SCS,24.2,70.3,35.0,986.0,CS,24.7,71.2,30.0,988.0,DD,26.0,73.3,25.0,991.0,D
NIO_2023_BIPARJOY_20230616_0300Z,NIO_2023_BIPARJOY,TEST,2023-06-16T03:00:00+00:00,data/interim/gridsat/2023/gridsat_2023.06.15.12.npz,data/interim/gridsat/2023/gridsat_2023.06.15.15.npz,data/interim/gridsat/2023/gridsat_2023.06.15.18.npz,data/interim/gridsat/2023/gridsat_2023.06.15.21.npz,data/interim/gridsat/2023/gridsat_2023.06.16.00.npz,data/interim/gridsat/2023/gridsat_2023.06.16.03.npz,23.5,69.5,45.0,978.0,CS,24.5,70.7,35.0,987.0,CS,25.0,71.5,30.0,988.0,DD,26.2,73.8,25.0,992.0,D
NIO_2023_BIPARJOY_20230616_0600Z,NIO_2023_BIPARJOY,TEST,2023-06-16T06:00:00+00:00,data/interim/gridsat/2023/gridsat_2023.06.15.15.npz,data/interim/gridsat/2023/gridsat_2023.06.15.18.npz,data/interim/gridsat/2023/gridsat_2023.06.15.21.npz,data/interim/gridsat/2023/gridsat_2023.06.16.00.npz,data/interim/gridsat/2023/gridsat_2023.06.16.03.npz,data/interim/gridsat/2023/gridsat_2023.06.16.06.npz,23.7,69.8,40.0,980.0,CS,24.6,70.9,30.0,988.0,DD,25.3,71.9,30.0,989.0,DD,26.3,74.0,25.0,994.0,D
NIO_2023_BIPARJOY_20230616_1200Z,NIO_2023_BIPARJOY,TEST,2023-06-16T12:00:00+00:00,data/interim/gridsat/2023/gridsat_2023.06.15.21.npz,data/interim/gridsat/2023/gridsat_2023.06.16.00.npz,data/interim/gridsat/2023/gridsat_2023.06.16.03.npz,data/interim/gridsat/2023/gridsat_2023.06.16.06.npz,data/interim/gridsat/2023/gridsat_2023.06.16.09.npz,data/interim/gridsat/2023/gridsat_2023.06.16.12.npz,24.2,70.3,35.0,986.0,CS,24.7,71.2,30.0,988.0,DD,25.6,72.5,25.0,990.0,D,26.3,74.7,20.0,995.0,D
NIO_2023_BIPARJOY_20230616_1800Z,NIO_2023_BIPARJOY,TEST,2023-06-16T18:00:00+00:00,data/interim/gridsat/2023/gridsat_2023.06.16.03.npz,data/interim/gridsat/2023/gridsat_2023.06.16.06.npz,data/interim/gridsat/2023/gridsat_2023.06.16.09.npz,data/interim/gridsat/2023/gridsat_2023.06.16.12.npz,data/interim/gridsat/2023/gridsat_2023.06.16.15.npz,data/interim/gridsat/2023/gridsat_2023.06.16.18.npz,24.6,70.9,30.0,988.0,DD,25.3,71.9,30.0,989.0,DD,25.8,72.8,25.0,991.0,D,26.3,75.2,20.0,995.0,D
NIO_2023_BIPARJOY_20230617_0000Z,NIO_2023_BIPARJOY,TEST,2023-06-17T00:00:00+00:00,data/interim/gridsat/2023/gridsat_2023.06.16.09.npz,data/interim/gridsat/2023/gridsat_2023.06.16.12.npz,data/interim/gridsat/2023/gridsat_2023.06.16.15.npz,data/interim/gridsat/2023/gridsat_2023.06.16.18.npz,data/interim/gridsat/2023/gridsat_2023.06.16.21.npz,data/interim/gridsat/2023/gridsat_2023.06.17.00.npz,24.7,71.2,30.0,988.0,DD,25.6,72.5,25.0,990.0,D,26.0,73.3,25.0,991.0,D,26.3,76.0,20.0,995.0,D
NIO_2023_HAMOON_20231021_2100Z,NIO_2023_HAMOON,TEST,2023-10-21T21:00:00+00:00,data/interim/gridsat/2023/gridsat_2023.10.21.06.npz,data/interim/gridsat/2023/gridsat_2023.10.21.09.npz,data/interim/gridsat/2023/gridsat_2023.10.21.12.npz,data/interim/gridsat/2023/gridsat_2023.10.21.15.npz,data/interim/gridsat/2023/gridsat_2023.10.21.18.npz,data/interim/gridsat/2023/gridsat_2023.10.21.21.npz,14.8,86.3,25.0,1003.0,D,15.6,86.2,25.0,1002.0,D,16.4,86.6,30.0,1001.0,DD,19.3,88.4,50.0,994.0,SCS
NIO_2023_HAMOON_20231022_0000Z,NIO_2023_HAMOON,TEST,2023-10-22T00:00:00+00:00,data/interim/gridsat/2023/gridsat_2023.10.21.09.npz,data/interim/gridsat/2023/gridsat_2023.10.21.12.npz,data/interim/gridsat/2023/gridsat_2023.10.21.15.npz,data/interim/gridsat/2023/gridsat_2023.10.21.18.npz,data/interim/gridsat/2023/gridsat_2023.10.21.21.npz,data/interim/gridsat/2023/gridsat_2023.10.22.00.npz,14.9,86.3,25.0,1003.0,D,15.8,86.3,30.0,1001.0,DD,16.7,86.7,30.0,1001.0,DD,19.7,88.8,55.0,990.0,SCS
NIO_2023_HAMOON_20231022_0300Z,NIO_2023_HAMOON,TEST,2023-10-22T03:00:00+00:00,data/interim/gridsat/2023/gridsat_2023.10.21.12.npz,data/interim/gridsat/2023/gridsat_2023.10.21.15.npz,data/interim/gridsat/2023/gridsat_2023.10.21.18.npz,data/interim/gridsat/2023/gridsat_2023.10.21.21.npz,data/interim/gridsat/2023/gridsat_2023.10.22.00.npz,data/interim/gridsat/2023/gridsat_2023.10.22.03.npz,15.0,86.2,25.0,1003.0,D,16.4,86.4,30.0,1001.0,DD,17.0,86.8,30.0,1001.0,DD,20.0,89.5,65.0,984.0,VSCS
NIO_2023_HAMOON_20231022_0600Z,NIO_2023_HAMOON,TEST,2023-10-22T06:00:00+00:00,data/interim/gridsat/2023/gridsat_2023.10.21.15.npz,data/interim/gridsat/2023/gridsat_2023.10.21.18.npz,data/interim/gridsat/2023/gridsat_2023.10.21.21.npz,data/interim/gridsat/2023/gridsat_2023.10.22.00.npz,data/interim/gridsat/2023/gridsat_2023.10.22.03.npz,data/interim/gridsat/2023/gridsat_2023.10.22.06.npz,15.3,86.2,25.0,1003.0,D,16.4,86.5,30.0,1001.0,DD,17.4,87.0,30.0,1000.0,DD,20.3,90.0,65.0,985.0,VSCS
NIO_2023_HAMOON_20231022_0900Z,NIO_2023_HAMOON,TEST,2023-10-22T09:00:00+00:00,data/interim/gridsat/2023/gridsat_2023.10.21.18.npz,data/interim/gridsat/2023/gridsat_2023.10.21.21.npz,data/interim/gridsat/2023/gridsat_2023.10.22.00.npz,data/interim/gridsat/2023/gridsat_2023.10.22.03.npz,data/interim/gridsat/2023/gridsat_2023.10.22.06.npz,data/interim/gridsat/2023/gridsat_2023.10.22.09.npz,15.6,86.2,25.0,1002.0,D,16.4,86.6,30.0,1001.0,DD,17.9,87.2,30.0,1000.0,DD,20.6,90.4,65.0,986.0,VSCS
NIO_2023_HAMOON_20231022_1200Z,NIO_2023_HAMOON,TEST,2023-10-22T12:00:00+00:00,data/interim/gridsat/2023/gridsat_2023.10.21.21.npz,data/interim/gridsat/2023/gridsat_2023.10.22.00.npz,data/interim/gridsat/2023/gridsat_2023.10.22.03.npz,data/interim/gridsat/2023/gridsat_2023.10.22.06.npz,data/interim/gridsat/2023/gridsat_2023.10.22.09.npz,data/interim/gridsat/2023/gridsat_2023.10.22.12.npz,15.8,86.3,30.0,1001.0,DD,16.7,86.7,30.0,1001.0,DD,18.3,87.3,35.0,999.0,CS,20.8,90.8,55.0,989.0,SCS
NIO_2023_HAMOON_20231022_1500Z,NIO_2023_HAMOON,TEST,2023-10-22T15:00:00+00:00,data/interim/gridsat/2023/gridsat_2023.10.22.00.npz,data/interim/gridsat/2023/gridsat_2023.10.22.03.npz,data/interim/gridsat/2023/gridsat_2023.10.22.06.npz,data/interim/gridsat/2023/gridsat_2023.10.22.09.npz,data/interim/gridsat/2023/gridsat_2023.10.22.12.npz,data/interim/gridsat/2023/gridsat_2023.10.22.15.npz,16.4,86.4,30.0,1001.0,DD,17.0,86.8,30.0,1001.0,DD,18.7,87.6,40.0,998.0,CS,21.3,91.3,55.0,990.0,SCS
NIO_2023_HAMOON_20231022_1800Z,NIO_2023_HAMOON,TEST,2023-10-22T18:00:00+00:00,data/interim/gridsat/2023/gridsat_2023.10.22.03.npz,data/interim/gridsat/2023/gridsat_2023.10.22.06.npz,data/interim/gridsat/2023/gridsat_2023.10.22.09.npz,data/interim/gridsat/2023/gridsat_2023.10.22.12.npz,data/interim/gridsat/2023/gridsat_2023.10.22.15.npz,data/interim/gridsat/2023/gridsat_2023.10.22.18.npz,16.4,86.5,30.0,1001.0,DD,17.4,87.0,30.0,1000.0,DD,19.1,88.0,40.0,998.0,CS,21.6,91.6,50.0,994.0,SCS
NIO_2023_HAMOON_20231023_0000Z,NIO_2023_HAMOON,TEST,2023-10-23T00:00:00+00:00,data/interim/gridsat/2023/gridsat_2023.10.22.09.npz,data/interim/gridsat/2023/gridsat_2023.10.22.12.npz,data/interim/gridsat/2023/gridsat_2023.10.22.15.npz,data/interim/gridsat/2023/gridsat_2023.10.22.18.npz,data/interim/gridsat/2023/gridsat_2023.10.22.21.npz,data/interim/gridsat/2023/gridsat_2023.10.23.00.npz,16.7,86.7,30.0,1001.0,DD,18.3,87.3,35.0,999.0,CS,19.7,88.8,55.0,990.0,SCS,22.2,92.2,35.0,999.0,CS
NIO_2023_HAMOON_20231023_0300Z,NIO_2023_HAMOON,TEST,2023-10-23T03:00:00+00:00,data/interim/gridsat/2023/gridsat_2023.10.22.12.npz,data/interim/gridsat/2023/gridsat_2023.10.22.15.npz,data/interim/gridsat/2023/gridsat_2023.10.22.18.npz,data/interim/gridsat/2023/gridsat_2023.10.22.21.npz,data/interim/gridsat/2023/gridsat_2023.10.23.00.npz,data/interim/gridsat/2023/gridsat_2023.10.23.03.npz,17.0,86.8,30.0,1001.0,DD,18.7,87.6,40.0,998.0,CS,20.0,89.5,65.0,984.0,VSCS,22.4,92.4,30.0,1003.0,DD
NIO_2023_HAMOON_20231023_0600Z,NIO_2023_HAMOON,TEST,2023-10-23T06:00:00+00:00,data/interim/gridsat/2023/gridsat_2023.10.22.15.npz,data/interim/gridsat/2023/gridsat_2023.10.22.18.npz,data/interim/gridsat/2023/gridsat_2023.10.22.21.npz,data/interim/gridsat/2023/gridsat_2023.10.23.00.npz,data/interim/gridsat/2023/gridsat_2023.10.23.03.npz,data/interim/gridsat/2023/gridsat_2023.10.23.06.npz,17.4,87.0,30.0,1000.0,DD,19.1,88.0,40.0,998.0,CS,20.3,90.0,65.0,985.0,VSCS,22.7,92.7,25.0,1004.0,D
NIO_2023_MICHAUNG_20231201_0000Z,NIO_2023_MICHAUNG,TEST,2023-12-01T00:00:00+00:00,data/interim/gridsat/2023/gridsat_2023.11.30.09.npz,data/interim/gridsat/2023/gridsat_2023.11.30.12.npz,data/interim/gridsat/2023/gridsat_2023.11.30.15.npz,data/interim/gridsat/2023/gridsat_2023.11.30.18.npz,data/interim/gridsat/2023/gridsat_2023.11.30.21.npz,data/interim/gridsat/2023/gridsat_2023.12.01.00.npz,9.1,86.4,20.0,1002.0,D,10.0,85.7,25.0,1001.0,D,10.5,84.1,30.0,998.0,DD,11.4,82.5,35.0,995.0,CS
NIO_2023_MICHAUNG_20231201_0600Z,NIO_2023_MICHAUNG,TEST,2023-12-01T06:00:00+00:00,data/interim/gridsat/2023/gridsat_2023.11.30.15.npz,data/interim/gridsat/2023/gridsat_2023.11.30.18.npz,data/interim/gridsat/2023/gridsat_2023.11.30.21.npz,data/interim/gridsat/2023/gridsat_2023.12.01.00.npz,data/interim/gridsat/2023/gridsat_2023.12.01.03.npz,data/interim/gridsat/2023/gridsat_2023.12.01.06.npz,9.5,86.0,25.0,1002.0,D,10.3,85.1,25.0,1000.0,D,10.7,83.2,30.0,997.0,DD,11.8,82.2,35.0,995.0,CS
NIO_2023_MICHAUNG_20231201_1200Z,NIO_2023_MICHAUNG,TEST,2023-12-01T12:00:00+00:00,data/interim/gridsat/2023/gridsat_2023.11.30.21.npz,data/interim/gridsat/2023/gridsat_2023.12.01.00.npz,data/interim/gridsat/2023/gridsat_2023.12.01.03.npz,data/interim/gridsat/2023/gridsat_2023.12.01.06.npz,data/interim/gridsat/2023/gridsat_2023.12.01.09.npz,data/interim/gridsat/2023/gridsat_2023.12.01.12.npz,10.0,85.7,25.0,1001.0,D,10.5,84.1,30.0,998.0,DD,10.9,83.1,30.0,997.0,DD,12.2,82.0,35.0,995.0,CS
NIO_2023_MICHAUNG_20231201_1800Z,NIO_2023_MICHAUNG,TEST,2023-12-01T18:00:00+00:00,data/interim/gridsat/2023/gridsat_2023.12.01.03.npz,data/interim/gridsat/2023/gridsat_2023.12.01.06.npz,data/interim/gridsat/2023/gridsat_2023.12.01.09.npz,data/interim/gridsat/2023/gridsat_2023.12.01.12.npz,data/interim/gridsat/2023/gridsat_2023.12.01.15.npz,data/interim/gridsat/2023/gridsat_2023.12.01.18.npz,10.3,85.1,25.0,1000.0,D,10.7,83.2,30.0,997.0,DD,11.1,82.7,30.0,996.0,DD,12.8,81.6,45.0,992.0,CS
NIO_2023_MICHAUNG_20231202_0000Z,NIO_2023_MICHAUNG,TEST,2023-12-02T00:00:00+00:00,data/interim/gridsat/2023/gridsat_2023.12.01.09.npz,data/interim/gridsat/2023/gridsat_2023.12.01.12.npz,data/interim/gridsat/2023/gridsat_2023.12.01.15.npz,data/interim/gridsat/2023/gridsat_2023.12.01.18.npz,data/interim/gridsat/2023/gridsat_2023.12.01.21.npz,data/interim/gridsat/2023/gridsat_2023.12.02.00.npz,10.5,84.1,30.0,998.0,DD,10.9,83.1,30.0,997.0,DD,11.4,82.5,35.0,995.0,CS,13.1,81.2,45.0,992.0,CS
NIO_2023_MICHAUNG_20231202_0600Z,NIO_2023_MICHAUNG,TEST,2023-12-02T06:00:00+00:00,data/interim/gridsat/2023/gridsat_2023.12.01.15.npz,data/interim/gridsat/2023/gridsat_2023.12.01.18.npz,data/interim/gridsat/2023/gridsat_2023.12.01.21.npz,data/interim/gridsat/2023/gridsat_2023.12.02.00.npz,data/interim/gridsat/2023/gridsat_2023.12.02.03.npz,data/interim/gridsat/2023/gridsat_2023.12.02.06.npz,10.7,83.2,30.0,997.0,DD,11.1,82.7,30.0,996.0,DD,11.8,82.2,35.0,995.0,CS,13.5,80.8,50.0,988.0,SCS
NIO_2023_MICHAUNG_20231202_1200Z,NIO_2023_MICHAUNG,TEST,2023-12-02T12:00:00+00:00,data/interim/gridsat/2023/gridsat_2023.12.01.21.npz,data/interim/gridsat/2023/gridsat_2023.12.02.00.npz,data/interim/gridsat/2023/gridsat_2023.12.02.03.npz,data/interim/gridsat/2023/gridsat_2023.12.02.06.npz,data/interim/gridsat/2023/gridsat_2023.12.02.09.npz,data/interim/gridsat/2023/gridsat_2023.12.02.12.npz,10.9,83.1,30.0,997.0,DD,11.4,82.5,35.0,995.0,CS,12.2,82.0,35.0,995.0,CS,14.0,80.5,55.0,986.0,SCS
NIO_2023_MICHAUNG_20231202_1800Z,NIO_2023_MICHAUNG,TEST,2023-12-02T18:00:00+00:00,data/interim/gridsat/2023/gridsat_2023.12.02.03.npz,data/interim/gridsat/2023/gridsat_2023.12.02.06.npz,data/interim/gridsat/2023/gridsat_2023.12.02.09.npz,data/interim/gridsat/2023/gridsat_2023.12.02.12.npz,data/interim/gridsat/2023/gridsat_2023.12.02.15.npz,data/interim/gridsat/2023/gridsat_2023.12.02.18.npz,11.1,82.7,30.0,996.0,DD,11.8,82.2,35.0,995.0,CS,12.8,81.6,45.0,992.0,CS,14.5,80.3,50.0,988.0,SCS
NIO_2023_MICHAUNG_20231203_0000Z,NIO_2023_MICHAUNG,TEST,2023-12-03T00:00:00+00:00,data/interim/gridsat/2023/gridsat_2023.12.02.09.npz,data/interim/gridsat/2023/gridsat_2023.12.02.12.npz,data/interim/gridsat/2023/gridsat_2023.12.02.15.npz,data/interim/gridsat/2023/gridsat_2023.12.02.18.npz,data/interim/gridsat/2023/gridsat_2023.12.02.21.npz,data/interim/gridsat/2023/gridsat_2023.12.03.00.npz,11.4,82.5,35.0,995.0,CS,12.2,82.0,35.0,995.0,CS,13.1,81.2,45.0,992.0,CS,14.9,80.2,50.0,988.0,SCS
NIO_2023_MICHAUNG_20231203_0300Z,NIO_2023_MICHAUNG,TEST,2023-12-03T03:00:00+00:00,data/interim/gridsat/2023/gridsat_2023.12.02.12.npz,data/interim/gridsat/2023/gridsat_2023.12.02.15.npz,data/interim/gridsat/2023/gridsat_2023.12.02.18.npz,data/interim/gridsat/2023/gridsat_2023.12.02.21.npz,data/interim/gridsat/2023/gridsat_2023.12.03.00.npz,data/interim/gridsat/2023/gridsat_2023.12.03.03.npz,11.5,82.4,35.0,995.0,CS,12.4,81.9,40.0,994.0,CS,13.3,81.0,50.0,988.0,SCS,15.2,80.2,50.0,988.0,SCS
NIO_2023_MICHAUNG_20231203_0600Z,NIO_2023_MICHAUNG,TEST,2023-12-03T06:00:00+00:00,data/interim/gridsat/2023/gridsat_2023.12.02.15.npz,data/interim/gridsat/2023/gridsat_2023.12.02.18.npz,data/interim/gridsat/2023/gridsat_2023.12.02.21.npz,data/interim/gridsat/2023/gridsat_2023.12.03.00.npz,data/interim/gridsat/2023/gridsat_2023.12.03.03.npz,data/interim/gridsat/2023/gridsat_2023.12.03.06.npz,11.8,82.2,35.0,995.0,CS,12.8,81.6,45.0,992.0,CS,13.5,80.8,50.0,988.0,SCS,15.5,80.3,50.0,988.0,SCS
NIO_2023_MICHAUNG_20231203_0900Z,NIO_2023_MICHAUNG,TEST,2023-12-03T09:00:00+00:00,data/interim/gridsat/2023/gridsat_2023.12.02.18.npz,data/interim/gridsat/2023/gridsat_2023.12.02.21.npz,data/interim/gridsat/2023/gridsat_2023.12.03.00.npz,data/interim/gridsat/2023/gridsat_2023.12.03.03.npz,data/interim/gridsat/2023/gridsat_2023.12.03.06.npz,data/interim/gridsat/2023/gridsat_2023.12.03.09.npz,12.0,82.1,35.0,995.0,CS,13.0,81.4,45.0,992.0,CS,13.7,80.7,50.0,988.0,SCS,15.8,80.3,50.0,990.0,SCS
NIO_2023_MICHAUNG_20231203_1200Z,NIO_2023_MICHAUNG,TEST,2023-12-03T12:00:00+00:00,data/interim/gridsat/2023/gridsat_2023.12.02.21.npz,data/interim/gridsat/2023/gridsat_2023.12.03.00.npz,data/interim/gridsat/2023/gridsat_2023.12.03.03.npz,data/interim/gridsat/2023/gridsat_2023.12.03.06.npz,data/interim/gridsat/2023/gridsat_2023.12.03.09.npz,data/interim/gridsat/2023/gridsat_2023.12.03.12.npz,12.2,82.0,35.0,995.0,CS,13.1,81.2,45.0,992.0,CS,14.0,80.5,55.0,986.0,SCS,16.0,80.3,40.0,996.0,CS
NIO_2023_MICHAUNG_20231203_1500Z,NIO_2023_MICHAUNG,TEST,2023-12-03T15:00:00+00:00,data/interim/gridsat/2023/gridsat_2023.12.03.00.npz,data/interim/gridsat/2023/gridsat_2023.12.03.03.npz,data/interim/gridsat/2023/gridsat_2023.12.03.06.npz,data/interim/gridsat/2023/gridsat_2023.12.03.09.npz,data/interim/gridsat/2023/gridsat_2023.12.03.12.npz,data/interim/gridsat/2023/gridsat_2023.12.03.15.npz,12.4,81.9,40.0,994.0,CS,13.3,81.0,50.0,988.0,SCS,14.3,80.4,55.0,986.0,SCS,16.4,80.4,35.0,998.0,CS
NIO_2023_MICHAUNG_20231203_1800Z,NIO_2023_MICHAUNG,TEST,2023-12-03T18:00:00+00:00,data/interim/gridsat/2023/gridsat_2023.12.03.03.npz,data/interim/gridsat/2023/gridsat_2023.12.03.06.npz,data/interim/gridsat/2023/gridsat_2023.12.03.09.npz,data/interim/gridsat/2023/gridsat_2023.12.03.12.npz,data/interim/gridsat/2023/gridsat_2023.12.03.15.npz,data/interim/gridsat/2023/gridsat_2023.12.03.18.npz,12.8,81.6,45.0,992.0,CS,13.5,80.8,50.0,988.0,SCS,14.5,80.3,50.0,988.0,SCS,16.8,80.4,30.0,1000.0,DD
NIO_2023_MICHAUNG_20231204_0000Z,NIO_2023_MICHAUNG,TEST,2023-12-04T00:00:00+00:00,data/interim/gridsat/2023/gridsat_2023.12.03.09.npz,data/interim/gridsat/2023/gridsat_2023.12.03.12.npz,data/interim/gridsat/2023/gridsat_2023.12.03.15.npz,data/interim/gridsat/2023/gridsat_2023.12.03.18.npz,data/interim/gridsat/2023/gridsat_2023.12.03.21.npz,data/interim/gridsat/2023/gridsat_2023.12.04.00.npz,13.1,81.2,45.0,992.0,CS,14.0,80.5,55.0,986.0,SCS,14.9,80.2,50.0,988.0,SCS,17.4,80.5,20.0,1004.0,D
NIO_2023_MIDHILI_20231115_0600Z,NIO_2023_MIDHILI,TEST,2023-11-15T06:00:00+00:00,data/interim/gridsat/2023/gridsat_2023.11.14.15.npz,data/interim/gridsat/2023/gridsat_2023.11.14.18.npz,data/interim/gridsat/2023/gridsat_2023.11.14.21.npz,data/interim/gridsat/2023/gridsat_2023.11.15.00.npz,data/interim/gridsat/2023/gridsat_2023.11.15.03.npz,data/interim/gridsat/2023/gridsat_2023.11.15.06.npz,14.7,86.6,25.0,1006.0,D,16.0,86.4,25.0,1006.0,D,17.9,87.3,30.0,1004.0,DD,21.2,89.5,45.0,998.0,CS
NIO_2023_MIDHILI_20231115_1200Z,NIO_2023_MIDHILI,TEST,2023-11-15T12:00:00+00:00,data/interim/gridsat/2023/gridsat_2023.11.14.21.npz,data/interim/gridsat/2023/gridsat_2023.11.15.00.npz,data/interim/gridsat/2023/gridsat_2023.11.15.03.npz,data/interim/gridsat/2023/gridsat_2023.11.15.06.npz,data/interim/gridsat/2023/gridsat_2023.11.15.09.npz,data/interim/gridsat/2023/gridsat_2023.11.15.12.npz,15.3,86.4,25.0,1006.0,D,16.9,86.8,30.0,1004.0,DD,18.6,87.7,30.0,1004.0,DD,22.8,90.8,35.0,1000.0,CS
NIO_2023_MIDHILI_20231115_1800Z,NIO_2023_MIDHILI,TEST,2023-11-15T18:00:00+00:00,data/interim/gridsat/2023/gridsat_2023.11.15.03.npz,data/interim/gridsat/2023/gridsat_2023.11.15.06.npz,data/interim/gridsat/2023/gridsat_2023.11.15.09.npz,data/interim/gridsat/2023/gridsat_2023.11.15.12.npz,data/interim/gridsat/2023/gridsat_2023.11.15.15.npz,data/interim/gridsat/2023/gridsat_2023.11.15.18.npz,16.0,86.4,25.0,1006.0,D,17.9,87.3,30.0,1004.0,DD,19.1,88.0,30.0,1004.0,DD,23.3,91.3,30.0,1010.0,DD
NIO_2023_MIDHILI_20231116_0000Z,NIO_2023_MIDHILI,TEST,2023-11-16T00:00:00+00:00,data/interim/gridsat/2023/gridsat_2023.11.15.09.npz,data/interim/gridsat/2023/gridsat_2023.11.15.12.npz,data/interim/gridsat/2023/gridsat_2023.11.15.15.npz,data/interim/gridsat/2023/gridsat_2023.11.15.18.npz,data/interim/gridsat/2023/gridsat_2023.11.15.21.npz,data/interim/gridsat/2023/gridsat_2023.11.16.00.npz,16.9,86.8,30.0,1004.0,DD,18.6,87.7,30.0,1004.0,DD,20.1,88.5,35.0,1002.0,CS,23.7,91.7,20.0,1010.0,D
NIO_2023_MOCHA_20230509_1200Z,NIO_2023_MOCHA,TEST,2023-05-09T12:00:00+00:00,data/interim/gridsat/2023/gridsat_2023.05.08.21.npz,data/interim/gridsat/2023/gridsat_2023.05.09.00.npz,data/interim/gridsat/2023/gridsat_2023.05.09.03.npz,data/interim/gridsat/2023/gridsat_2023.05.09.06.npz,data/interim/gridsat/2023/gridsat_2023.05.09.09.npz,data/interim/gridsat/2023/gridsat_2023.05.09.12.npz,8.3,89.5,25.0,1002.0,D,8.5,89.0,30.0,1000.0,DD,10.0,88.4,30.0,998.0,DD,12.3,88.0,50.0,994.0,SCS
NIO_2023_MOCHA_20230509_1800Z,NIO_2023_MOCHA,TEST,2023-05-09T18:00:00+00:00,data/interim/gridsat/2023/gridsat_2023.05.09.03.npz,data/interim/gridsat/2023/gridsat_2023.05.09.06.npz,data/interim/gridsat/2023/gridsat_2023.05.09.09.npz,data/interim/gridsat/2023/gridsat_2023.05.09.12.npz,data/interim/gridsat/2023/gridsat_2023.05.09.15.npz,data/interim/gridsat/2023/gridsat_2023.05.09.18.npz,8.5,89.3,25.0,1002.0,D,9.1,88.7,30.0,999.0,DD,10.8,88.2,30.0,998.0,DD,12.7,88.1,50.0,992.0,SCS
NIO_2023_MOCHA_20230510_0000Z,NIO_2023_MOCHA,TEST,2023-05-10T00:00:00+00:00,data/interim/gridsat/2023/gridsat_2023.05.09.09.npz,data/interim/gridsat/2023/gridsat_2023.05.09.12.npz,data/interim/gridsat/2023/gridsat_2023.05.09.15.npz,data/interim/gridsat/2023/gridsat_2023.05.09.18.npz,data/interim/gridsat/2023/gridsat_2023.05.09.21.npz,data/interim/gridsat/2023/gridsat_2023.05.10.00.npz,8.5,89.0,30.0,1000.0,DD,10.0,88.4,30.0,998.0,DD,11.2,88.1,35.0,997.0,CS,13.2,88.1,65.0,982.0,VSCS
NIO_2023_MOCHA_20230510_0600Z,NIO_2023_MOCHA,TEST,2023-05-10T06:00:00+00:00,data/interim/gridsat/2023/gridsat_2023.05.09.15.npz,data/interim/gridsat/2023/gridsat_2023.05.09.18.npz,data/interim/gridsat/2023/gridsat_2023.05.09.21.npz,data/interim/gridsat/2023/gridsat_2023.05.10.00.npz,data/interim/gridsat/2023/gridsat_2023.05.10.03.npz,data/interim/gridsat/2023/gridsat_2023.05.10.06.npz,9.1,88.7,30.0,999.0,DD,10.8,88.2,30.0,998.0,DD,11.6,88.0,45.0,996.0,CS,14.0,88.3,75.0,974.0,VSCS
NIO_2023_MOCHA_20230510_1200Z,NIO_2023_MOCHA,TEST,2023-05-10T12:00:00+00:00,data/interim/gridsat/2023/gridsat_2023.05.09.21.npz,data/interim/gridsat/2023/gridsat_2023.05.10.00.npz,data/interim/gridsat/2023/gridsat_2023.05.10.03.npz,data/interim/gridsat/2023/gridsat_2023.05.10.06.npz,data/interim/gridsat/2023/gridsat_2023.05.10.09.npz,data/interim/gridsat/2023/gridsat_2023.05.10.12.npz,10.0,88.4,30.0,998.0,DD,11.2,88.1,35.0,997.0,CS,12.3,88.0,50.0,994.0,SCS,14.6,88.6,80.0,972.0,VSCS
NIO_2023_MOCHA_20230510_1800Z,NIO_2023_MOCHA,TEST,2023-05-10T18:00:00+00:00,data/interim/gridsat/2023/gridsat_2023.05.10.03.npz,data/interim/gridsat/2023/gridsat_2023.05.10.06.npz,data/interim/gridsat/2023/gridsat_2023.05.10.09.npz,data/interim/gridsat/2023/gridsat_2023.05.10.12.npz,data/interim/gridsat/2023/gridsat_2023.05.10.15.npz,data/interim/gridsat/2023/gridsat_2023.05.10.18.npz,10.8,88.2,30.0,998.0,DD,11.6,88.0,45.0,996.0,CS,12.7,88.1,50.0,992.0,SCS,15.1,88.8,90.0,964.0,ESCS
NIO_2023_MOCHA_20230511_0000Z,NIO_2023_MOCHA,TEST,2023-05-11T00:00:00+00:00,data/interim/gridsat/2023/gridsat_2023.05.10.09.npz,data/interim/gridsat/2023/gridsat_2023.05.10.12.npz,data/interim/gridsat/2023/gridsat_2023.05.10.15.npz,data/interim/gridsat/2023/gridsat_2023.05.10.18.npz,data/interim/gridsat/2023/gridsat_2023.05.10.21.npz,data/interim/gridsat/2023/gridsat_2023.05.11.00.npz,11.2,88.1,35.0,997.0,CS,12.3,88.0,50.0,994.0,SCS,13.2,88.1,65.0,982.0,VSCS,15.4,89.1,100.0,952.0,ESCS
NIO_2023_MOCHA_20230511_0300Z,NIO_2023_MOCHA,TEST,2023-05-11T03:00:00+00:00,data/interim/gridsat/2023/gridsat_2023.05.10.12.npz,data/interim/gridsat/2023/gridsat_2023.05.10.15.npz,data/interim/gridsat/2023/gridsat_2023.05.10.18.npz,data/interim/gridsat/2023/gridsat_2023.05.10.21.npz,data/interim/gridsat/2023/gridsat_2023.05.11.00.npz,data/interim/gridsat/2023/gridsat_2023.05.11.03.npz,11.4,88.0,35.0,996.0,CS,12.5,88.1,50.0,992.0,SCS,13.6,88.2,65.0,982.0,VSCS,15.7,89.5,100.0,952.0,ESCS
NIO_2023_MOCHA_20230511_0600Z,NIO_2023_MOCHA,TEST,2023-05-11T06:00:00+00:00,data/interim/gridsat/2023/gridsat_2023.05.10.15.npz,data/interim/gridsat/2023/gridsat_2023.05.10.18.npz,data/interim/gridsat/2023/gridsat_2023.05.10.21.npz,data/interim/gridsat/2023/gridsat_2023.05.11.00.npz,data/interim/gridsat/2023/gridsat_2023.05.11.03.npz,data/interim/gridsat/2023/gridsat_2023.05.11.06.npz,11.6,88.0,45.0,996.0,CS,12.7,88.1,50.0,992.0,SCS,14.0,88.3,75.0,974.0,VSCS,16.0,90.0,105.0,950.0,ESCS
NIO_2023_MOCHA_20230511_0900Z,NIO_2023_MOCHA,TEST,2023-05-11T09:00:00+00:00,data/interim/gridsat/2023/gridsat_2023.05.10.18.npz,data/interim/gridsat/2023/gridsat_2023.05.10.21.npz,data/interim/gridsat/2023/gridsat_2023.05.11.00.npz,data/interim/gridsat/2023/gridsat_2023.05.11.03.npz,data/interim/gridsat/2023/gridsat_2023.05.11.06.npz,data/interim/gridsat/2023/gridsat_2023.05.11.09.npz,11.8,88.0,45.0,996.0,CS,12.9,88.1,60.0,986.0,SCS,14.3,88.4,75.0,974.0,VSCS,16.4,90.3,105.0,950.0,ESCS
NIO_2023_MOCHA_20230511_1200Z,NIO_2023_MOCHA,TEST,2023-05-11T12:00:00+00:00,data/interim/gridsat/2023/gridsat_2023.05.10.21.npz,data/interim/gridsat/2023/gridsat_2023.05.11.00.npz,data/interim/gridsat/2023/gridsat_2023.05.11.03.npz,data/interim/gridsat/2023/gridsat_2023.05.11.06.npz,data/interim/gridsat/2023/gridsat_2023.05.11.09.npz,data/interim/gridsat/2023/gridsat_2023.05.11.12.npz,12.3,88.0,50.0,994.0,SCS,13.2,88.1,65.0,982.0,VSCS,14.6,88.6,80.0,972.0,VSCS,16.9,90.8,110.0,944.0,ESCS
NIO_2023_MOCHA_20230511_1800Z,NIO_2023_MOCHA,TEST,2023-05-11T18:00:00+00:00,data/interim/gridsat/2023/gridsat_2023.05.11.03.npz,data/interim/gridsat/2023/gridsat_2023.05.11.06.npz,data/interim/gridsat/2023/gridsat_2023.05.11.09.npz,data/interim/gridsat/2023/gridsat_2023.05.11.12.npz,data/interim/gridsat/2023/gridsat_2023.05.11.15.npz,data/interim/gridsat/2023/gridsat_2023.05.11.18.npz,12.7,88.1,50.0,992.0,SCS,14.0,88.3,75.0,974.0,VSCS,15.1,88.8,90.0,964.0,ESCS,17.9,91.0,115.0,938.0,ESCS
NIO_2023_MOCHA_20230511_2100Z,NIO_2023_MOCHA,TEST,2023-05-11T21:00:00+00:00,data/interim/gridsat/2023/gridsat_2023.05.11.06.npz,data/interim/gridsat/2023/gridsat_2023.05.11.09.npz,data/interim/gridsat/2023/gridsat_2023.05.11.12.npz,data/interim/gridsat/2023/gridsat_2023.05.11.15.npz,data/interim/gridsat/2023/gridsat_2023.05.11.18.npz,data/interim/gridsat/2023/gridsat_2023.05.11.21.npz,12.9,88.1,60.0,986.0,SCS,14.3,88.4,75.0,974.0,VSCS,15.2,88.9,90.0,964.0,ESCS,18.3,91.3,115.0,938.0,ESCS
NIO_2023_MOCHA_20230512_0000Z,NIO_2023_MOCHA,TEST,2023-05-12T00:00:00+00:00,data/interim/gridsat/2023/gridsat_2023.05.11.09.npz,data/interim/gridsat/2023/gridsat_2023.05.11.12.npz,data/interim/gridsat/2023/gridsat_2023.05.11.15.npz,data/interim/gridsat/2023/gridsat_2023.05.11.18.npz,data/interim/gridsat/2023/gridsat_2023.05.11.21.npz,data/interim/gridsat/2023/gridsat_2023.05.12.00.npz,13.2,88.1,65.0,982.0,VSCS,14.6,88.6,80.0,972.0,VSCS,15.4,89.1,100.0,952.0,ESCS,18.7,91.5,115.0,938.0,ESCS
NIO_2023_MOCHA_20230512_0600Z,NIO_2023_MOCHA,TEST,2023-05-12T06:00:00+00:00,data/interim/gridsat/2023/gridsat_2023.05.11.15.npz,data/interim/gridsat/2023/gridsat_2023.05.11.18.npz,data/interim/gridsat/2023/gridsat_2023.05.11.21.npz,data/interim/gridsat/2023/gridsat_2023.05.12.00.npz,data/interim/gridsat/2023/gridsat_2023.05.12.03.npz,data/interim/gridsat/2023/gridsat_2023.05.12.06.npz,14.0,88.3,75.0,974.0,VSCS,15.1,88.8,90.0,964.0,ESCS,16.0,90.0,105.0,950.0,ESCS,19.9,92.5,100.0,952.0,ESCS
NIO_2023_MOCHA_20230512_0900Z,NIO_2023_MOCHA,TEST,2023-05-12T09:00:00+00:00,data/interim/gridsat/2023/gridsat_2023.05.11.18.npz,data/interim/gridsat/2023/gridsat_2023.05.11.21.npz,data/interim/gridsat/2023/gridsat_2023.05.12.00.npz,data/interim/gridsat/2023/gridsat_2023.05.12.03.npz,data/interim/gridsat/2023/gridsat_2023.05.12.06.npz,data/interim/gridsat/2023/gridsat_2023.05.12.09.npz,14.3,88.4,75.0,974.0,VSCS,15.2,88.9,90.0,964.0,ESCS,16.4,90.3,105.0,950.0,ESCS,20.5,92.9,90.0,964.0,ESCS
NIO_2023_MOCHA_20230512_1200Z,NIO_2023_MOCHA,TEST,2023-05-12T12:00:00+00:00,data/interim/gridsat/2023/gridsat_2023.05.11.21.npz,data/interim/gridsat/2023/gridsat_2023.05.12.00.npz,data/interim/gridsat/2023/gridsat_2023.05.12.03.npz,data/interim/gridsat/2023/gridsat_2023.05.12.06.npz,data/interim/gridsat/2023/gridsat_2023.05.12.09.npz,data/interim/gridsat/2023/gridsat_2023.05.12.12.npz,14.6,88.6,80.0,972.0,VSCS,15.4,89.1,100.0,952.0,ESCS,16.9,90.8,110.0,944.0,ESCS,21.1,93.3,75.0,974.0,VSCS
NIO_2023_MOCHA_20230512_1800Z,NIO_2023_MOCHA,TEST,2023-05-12T18:00:00+00:00,data/interim/gridsat/2023/gridsat_2023.05.12.03.npz,data/interim/gridsat/2023/gridsat_2023.05.12.06.npz,data/interim/gridsat/2023/gridsat_2023.05.12.09.npz,data/interim/gridsat/2023/gridsat_2023.05.12.12.npz,data/interim/gridsat/2023/gridsat_2023.05.12.15.npz,data/interim/gridsat/2023/gridsat_2023.05.12.18.npz,15.1,88.8,90.0,964.0,ESCS,16.0,90.0,105.0,950.0,ESCS,17.9,91.0,115.0,938.0,ESCS,22.7,94.6,50.0,992.0,SCS
NIO_2023_MOCHA_20230512_2100Z,NIO_2023_MOCHA,TEST,2023-05-12T21:00:00+00:00,data/interim/gridsat/2023/gridsat_2023.05.12.06.npz,data/interim/gridsat/2023/gridsat_2023.05.12.09.npz,data/interim/gridsat/2023/gridsat_2023.05.12.12.npz,data/interim/gridsat/2023/gridsat_2023.05.12.15.npz,data/interim/gridsat/2023/gridsat_2023.05.12.18.npz,data/interim/gridsat/2023/gridsat_2023.05.12.21.npz,15.2,88.9,90.0,964.0,ESCS,16.4,90.3,105.0,950.0,ESCS,18.3,91.3,115.0,938.0,ESCS,23.5,95.3,35.0,996.0,CS
NIO_2023_MOCHA_20230513_0000Z,NIO_2023_MOCHA,TEST,2023-05-13T00:00:00+00:00,data/interim/gridsat/2023/gridsat_2023.05.12.09.npz,data/interim/gridsat/2023/gridsat_2023.05.12.12.npz,data/interim/gridsat/2023/gridsat_2023.05.12.15.npz,data/interim/gridsat/2023/gridsat_2023.05.12.18.npz,data/interim/gridsat/2023/gridsat_2023.05.12.21.npz,data/interim/gridsat/2023/gridsat_2023.05.13.00.npz,15.4,89.1,100.0,952.0,ESCS,16.9,90.8,110.0,944.0,ESCS,18.7,91.5,115.0,938.0,ESCS,23.9,97.8,25.0,1000.0,D
NIO_2023_TEJ_20231020_0600Z,NIO_2023_TEJ,TEST,2023-10-20T06:00:00+00:00,data/interim/gridsat/2023/gridsat_2023.10.19.15.npz,data/interim/gridsat/2023/gridsat_2023.10.19.18.npz,data/interim/gridsat/2023/gridsat_2023.10.19.21.npz,data/interim/gridsat/2023/gridsat_2023.10.20.00.npz,data/interim/gridsat/2023/gridsat_2023.10.20.03.npz,data/interim/gridsat/2023/gridsat_2023.10.20.06.npz,9.3,61.5,25.0,1004.0,D,9.5,60.7,30.0,1002.0,DD,10.3,58.4,50.0,996.0,SCS,12.7,55.1,95.0,964.0,ESCS
NIO_2023_TEJ_20231020_1200Z,NIO_2023_TEJ,TEST,2023-10-20T12:00:00+00:00,data/interim/gridsat/2023/gridsat_2023.10.19.21.npz,data/interim/gridsat/2023/gridsat_2023.10.20.00.npz,data/interim/gridsat/2023/gridsat_2023.10.20.03.npz,data/interim/gridsat/2023/gridsat_2023.10.20.06.npz,data/interim/gridsat/2023/gridsat_2023.10.20.09.npz,data/interim/gridsat/2023/gridsat_2023.10.20.12.npz,9.4,61.3,30.0,1003.0,DD,9.9,59.4,35.0,1001.0,CS,10.6,57.4,55.0,992.0,SCS,13.3,54.4,95.0,964.0,ESCS
NIO_2023_TEJ_20231020_1800Z,NIO_2023_TEJ,TEST,2023-10-20T18:00:00+00:00,data/interim/gridsat/2023/gridsat_2023.10.20.03.npz,data/interim/gridsat/2023/gridsat_2023.10.20.06.npz,data/interim/gridsat/2023/gridsat_2023.10.20.09.npz,data/interim/gridsat/2023/gridsat_2023.10.20.12.npz,data/interim/gridsat/2023/gridsat_2023.10.20.15.npz,data/interim/gridsat/2023/gridsat_2023.10.20.18.npz,9.5,60.7,30.0,1002.0,DD,10.3,58.4,50.0,996.0,SCS,11.3,56.6,75.0,980.0,VSCS,13.8,53.9,95.0,964.0,ESCS
NIO_2023_TEJ_20231021_0000Z,NIO_2023_TEJ,TEST,2023-10-21T00:00:00+00:00,data/interim/gridsat/2023/gridsat_2023.10.20.09.npz,data/interim/gridsat/2023/gridsat_2023.10.20.12.npz,data/interim/gridsat/2023/gridsat_2023.10.20.15.npz,data/interim/gridsat/2023/gridsat_2023.10.20.18.npz,data/interim/gridsat/2023/gridsat_2023.10.20.21.npz,data/interim/gridsat/2023/gridsat_2023.10.21.00.npz,9.9,59.4,35.0,1001.0,CS,10.6,57.4,55.0,992.0,SCS,12.0,56.0,85.0,972.0,VSCS,14.4,53.5,90.0,968.0,ESCS
NIO_2023_TEJ_20231021_0300Z,NIO_2023_TEJ,TEST,2023-10-21T03:00:00+00:00,data/interim/gridsat/2023/gridsat_2023.10.20.12.npz,data/interim/gridsat/2023/gridsat_2023.10.20.15.npz,data/interim/gridsat/2023/gridsat_2023.10.20.18.npz,data/interim/gridsat/2023/gridsat_2023.10.20.21.npz,data/interim/gridsat/2023/gridsat_2023.10.21.00.npz,data/interim/gridsat/2023/gridsat_2023.10.21.03.npz,10.1,58.8,45.0,998.0,CS,11.1,57.0,65.0,988.0,VSCS,12.3,55.4,95.0,964.0,ESCS,14.7,53.2,85.0,972.0,VSCS
NIO_2023_TEJ_20231021_0600Z,NIO_2023_TEJ,TEST,2023-10-21T06:00:00+00:00,data/interim/gridsat/2023/gridsat_2023.10.20.15.npz,data/interim/gridsat/2023/gridsat_2023.10.20.18.npz,data/interim/gridsat/2023/gridsat_2023.10.20.21.npz,data/interim/gridsat/2023/gridsat_2023.10.21.00.npz,data/interim/gridsat/2023/gridsat_2023.10.21.03.npz,data/interim/gridsat/2023/gridsat_2023.10.21.06.npz,10.3,58.4,50.0,996.0,SCS,11.3,56.6,75.0,980.0,VSCS,12.7,55.1,95.0,964.0,ESCS,15.0,52.9,80.0,976.0,VSCS
NIO_2023_TEJ_20231021_0900Z,NIO_2023_TEJ,TEST,2023-10-21T09:00:00+00:00,data/interim/gridsat/2023/gridsat_2023.10.20.18.npz,data/interim/gridsat/2023/gridsat_2023.10.20.21.npz,data/interim/gridsat/2023/gridsat_2023.10.21.00.npz,data/interim/gridsat/2023/gridsat_2023.10.21.03.npz,data/interim/gridsat/2023/gridsat_2023.10.21.06.npz,data/interim/gridsat/2023/gridsat_2023.10.21.09.npz,10.2,57.9,55.0,995.0,SCS,11.7,56.1,80.0,976.0,VSCS,12.9,54.7,95.0,964.0,ESCS,15.1,52.8,80.0,978.0,VSCS
NIO_2023_TEJ_20231021_1200Z,NIO_2023_TEJ,TEST,2023-10-21T12:00:00+00:00,data/interim/gridsat/2023/gridsat_2023.10.20.21.npz,data/interim/gridsat/2023/gridsat_2023.10.21.00.npz,data/interim/gridsat/2023/gridsat_2023.10.21.03.npz,data/interim/gridsat/2023/gridsat_2023.10.21.06.npz,data/interim/gridsat/2023/gridsat_2023.10.21.09.npz,data/interim/gridsat/2023/gridsat_2023.10.21.12.npz,10.6,57.4,55.0,992.0,SCS,12.0,56.0,85.0,972.0,VSCS,13.3,54.4,95.0,964.0,ESCS,15.4,52.7,75.0,981.0,VSCS
NIO_2023_TEJ_20231021_1500Z,NIO_2023_TEJ,TEST,2023-10-21T15:00:00+00:00,data/interim/gridsat/2023/gridsat_2023.10.21.00.npz,data/interim/gridsat/2023/gridsat_2023.10.21.03.npz,data/interim/gridsat/2023/gridsat_2023.10.21.06.npz,data/interim/gridsat/2023/gridsat_2023.10.21.09.npz,data/interim/gridsat/2023/gridsat_2023.10.21.12.npz,data/interim/gridsat/2023/gridsat_2023.10.21.15.npz,11.1,57.0,65.0,988.0,VSCS,12.3,55.4,95.0,964.0,ESCS,13.6,54.1,95.0,964.0,ESCS,15.6,52.5,70.0,984.0,VSCS
NIO_2023_TEJ_20231021_1800Z,NIO_2023_TEJ,TEST,2023-10-21T18:00:00+00:00,data/interim/gridsat/2023/gridsat_2023.10.21.03.npz,data/interim/gridsat/2023/gridsat_2023.10.21.06.npz,data/interim/gridsat/2023/gridsat_2023.10.21.09.npz,data/interim/gridsat/2023/gridsat_2023.10.21.12.npz,data/interim/gridsat/2023/gridsat_2023.10.21.15.npz,data/interim/gridsat/2023/gridsat_2023.10.21.18.npz,11.3,56.6,75.0,980.0,VSCS,12.7,55.1,95.0,964.0,ESCS,13.8,53.9,95.0,964.0,ESCS,15.8,52.3,70.0,986.0,VSCS
NIO_2023_TEJ_20231021_2100Z,NIO_2023_TEJ,TEST,2023-10-21T21:00:00+00:00,data/interim/gridsat/2023/gridsat_2023.10.21.06.npz,data/interim/gridsat/2023/gridsat_2023.10.21.09.npz,data/interim/gridsat/2023/gridsat_2023.10.21.12.npz,data/interim/gridsat/2023/gridsat_2023.10.21.15.npz,data/interim/gridsat/2023/gridsat_2023.10.21.18.npz,data/interim/gridsat/2023/gridsat_2023.10.21.21.npz,11.7,56.1,80.0,976.0,VSCS,12.9,54.7,95.0,964.0,ESCS,14.1,53.6,95.0,966.0,ESCS,15.9,52.2,65.0,988.0,VSCS
NIO_2023_TEJ_20231022_0000Z,NIO_2023_TEJ,TEST,2023-10-22T00:00:00+00:00,data/interim/gridsat/2023/gridsat_2023.10.21.09.npz,data/interim/gridsat/2023/gridsat_2023.10.21.12.npz,data/interim/gridsat/2023/gridsat_2023.10.21.15.npz,data/interim/gridsat/2023/gridsat_2023.10.21.18.npz,data/interim/gridsat/2023/gridsat_2023.10.21.21.npz,data/interim/gridsat/2023/gridsat_2023.10.22.00.npz,12.0,56.0,85.0,972.0,VSCS,13.3,54.4,95.0,964.0,ESCS,14.4,53.5,90.0,968.0,ESCS,15.9,52.1,60.0,990.0,SCS
NIO_2023_TEJ_20231022_0300Z,NIO_2023_TEJ,TEST,2023-10-22T03:00:00+00:00,data/interim/gridsat/2023/gridsat_2023.10.21.12.npz,data/interim/gridsat/2023/gridsat_2023.10.21.15.npz,data/interim/gridsat/2023/gridsat_2023.10.21.18.npz,data/interim/gridsat/2023/gridsat_2023.10.21.21.npz,data/interim/gridsat/2023/gridsat_2023.10.22.00.npz,data/interim/gridsat/2023/gridsat_2023.10.22.03.npz,12.3,55.4,95.0,964.0,ESCS,13.6,54.1,95.0,964.0,ESCS,14.7,53.2,85.0,972.0,VSCS,16.0,51.8,50.0,996.0,SCS
NIO_2023_TEJ_20231022_0600Z,NIO_2023_TEJ,TEST,2023-10-22T06:00:00+00:00,data/interim/gridsat/2023/gridsat_2023.10.21.15.npz,data/interim/gridsat/2023/gridsat_2023.10.21.18.npz,data/interim/gridsat/2023/gridsat_2023.10.21.21.npz,data/interim/gridsat/2023/gridsat_2023.10.22.00.npz,data/interim/gridsat/2023/gridsat_2023.10.22.03.npz,data/interim/gridsat/2023/gridsat_2023.10.22.06.npz,12.7,55.1,95.0,964.0,ESCS,13.8,53.9,95.0,964.0,ESCS,15.0,52.9,80.0,976.0,VSCS,16.1,51.5,40.0,1000.0,CS
NIO_2023_TEJ_20231022_0900Z,NIO_2023_TEJ,TEST,2023-10-22T09:00:00+00:00,data/interim/gridsat/2023/gridsat_2023.10.21.18.npz,data/interim/gridsat/2023/gridsat_2023.10.21.21.npz,data/interim/gridsat/2023/gridsat_2023.10.22.00.npz,data/interim/gridsat/2023/gridsat_2023.10.22.03.npz,data/interim/gridsat/2023/gridsat_2023.10.22.06.npz,data/interim/gridsat/2023/gridsat_2023.10.22.09.npz,12.9,54.7,95.0,964.0,ESCS,14.1,53.6,95.0,966.0,ESCS,15.1,52.8,80.0,978.0,VSCS,16.1,51.3,30.0,1002.0,DD
NIO_2023_TEJ_20231022_1200Z,NIO_2023_TEJ,TEST,2023-10-22T12:00:00+00:00,data/interim/gridsat/2023/gridsat_2023.10.21.21.npz,data/interim/gridsat/2023/gridsat_2023.10.22.00.npz,data/interim/gridsat/2023/gridsat_2023.10.22.03.npz,data/interim/gridsat/2023/gridsat_2023.10.22.06.npz,data/interim/gridsat/2023/gridsat_2023.10.22.09.npz,data/interim/gridsat/2023/gridsat_2023.10.22.12.npz,13.3,54.4,95.0,964.0,ESCS,14.4,53.5,90.0,968.0,ESCS,15.4,52.7,75.0,981.0,VSCS,16.2,51.0,25.0,1004.0,D
NIO_2023_UNNAMED_2_2_1_20230130_0600Z,NIO_2023_UNNAMED_2_2_1,TEST,2023-01-30T06:00:00+00:00,data/interim/gridsat/2023/gridsat_2023.01.29.15.npz,data/interim/gridsat/2023/gridsat_2023.01.29.18.npz,data/interim/gridsat/2023/gridsat_2023.01.29.21.npz,data/interim/gridsat/2023/gridsat_2023.01.30.00.npz,data/interim/gridsat/2023/gridsat_2023.01.30.03.npz,data/interim/gridsat/2023/gridsat_2023.01.30.06.npz,7.9,86.6,25.0,1004.0,D,8.1,85.3,25.0,1004.0,D,8.6,83.9,25.0,1004.0,D,8.2,82.5,25.0,1004.0,D
NIO_2023_UNNAMED_2_2_1_20230130_1200Z,NIO_2023_UNNAMED_2_2_1,TEST,2023-01-30T12:00:00+00:00,data/interim/gridsat/2023/gridsat_2023.01.29.21.npz,data/interim/gridsat/2023/gridsat_2023.01.30.00.npz,data/interim/gridsat/2023/gridsat_2023.01.30.03.npz,data/interim/gridsat/2023/gridsat_2023.01.30.06.npz,data/interim/gridsat/2023/gridsat_2023.01.30.09.npz,data/interim/gridsat/2023/gridsat_2023.01.30.12.npz,8.0,86.0,25.0,1004.0,D,8.2,84.8,25.0,1004.0,D,8.6,83.5,25.0,1004.0,D,8.2,82.3,25.0,1004.0,D
NIO_2023_UNNAMED_2_2_1_20230130_1800Z,NIO_2023_UNNAMED_2_2_1,TEST,2023-01-30T18:00:00+00:00,data/interim/gridsat/2023/gridsat_2023.01.30.03.npz,data/interim/gridsat/2023/gridsat_2023.01.30.06.npz,data/interim/gridsat/2023/gridsat_2023.01.30.09.npz,data/interim/gridsat/2023/gridsat_2023.01.30.12.npz,data/interim/gridsat/2023/gridsat_2023.01.30.15.npz,data/interim/gridsat/2023/gridsat_2023.01.30.18.npz,8.1,85.3,25.0,1004.0,D,8.6,83.9,25.0,1004.0,D,8.3,82.9,25.0,1004.0,D,8.1,82.1,25.0,1004.0,D
NIO_2023_UNNAMED_2_2_1_20230131_0000Z,NIO_2023_UNNAMED_2_2_1,TEST,2023-01-31T00:00:00+00:00,data/interim/gridsat/2023/gridsat_2023.01.30.09.npz,data/interim/gridsat/2023/gridsat_2023.01.30.12.npz,data/interim/gridsat/2023/gridsat_2023.01.30.15.npz,data/interim/gridsat/2023/gridsat_2023.01.30.18.npz,data/interim/gridsat/2023/gridsat_2023.01.30.21.npz,data/interim/gridsat/2023/gridsat_2023.01.31.00.npz,8.2,84.8,25.0,1004.0,D,8.6,83.5,25.0,1004.0,D,8.2,82.7,25.0,1004.0,D,7.6,81.4,25.0,1004.0,D
NIO_2023_UNNAMED_2_2_1_20230131_0600Z,NIO_2023_UNNAMED_2_2_1,TEST,2023-01-31T06:00:00+00:00,data/interim/gridsat/2023/gridsat_2023.01.30.15.npz,data/interim/gridsat/2023/gridsat_2023.01.30.18.npz,data/interim/gridsat/2023/gridsat_2023.01.30.21.npz,data/interim/gridsat/2023/gridsat_2023.01.31.00.npz,data/interim/gridsat/2023/gridsat_2023.01.31.03.npz,data/interim/gridsat/2023/gridsat_2023.01.31.06.npz,8.6,83.9,25.0,1004.0,D,8.3,82.9,25.0,1004.0,D,8.2,82.5,25.0,1004.0,D,6.8,80.8,20.0,1006.0,D
NIO_2023_UNNAMED_2_2_1_20230131_1200Z,NIO_2023_UNNAMED_2_2_1,TEST,2023-01-31T12:00:00+00:00,data/interim/gridsat/2023/gridsat_2023.01.30.21.npz,data/interim/gridsat/2023/gridsat_2023.01.31.00.npz,data/interim/gridsat/2023/gridsat_2023.01.31.03.npz,data/interim/gridsat/2023/gridsat_2023.01.31.06.npz,data/interim/gridsat/2023/gridsat_2023.01.31.09.npz,data/interim/gridsat/2023/gridsat_2023.01.31.12.npz,8.6,83.5,25.0,1004.0,D,8.2,82.7,25.0,1004.0,D,8.2,82.3,25.0,1004.0,D,6.3,80.3,20.0,1006.0,D
NIO_2024_ASNA_20240825_0000Z,NIO_2024_ASNA,TEST,2024-08-25T00:00:00+00:00,data/interim/gridsat/2024/gridsat_2024.08.24.09.npz,data/interim/gridsat/2024/gridsat_2024.08.24.12.npz,data/interim/gridsat/2024/gridsat_2024.08.24.15.npz,data/interim/gridsat/2024/gridsat_2024.08.24.18.npz,data/interim/gridsat/2024/gridsat_2024.08.24.21.npz,data/interim/gridsat/2024/gridsat_2024.08.25.00.npz,24.5,77.3,20.0,997.0,D,24.4,75.6,25.0,996.0,D,24.2,74.2,30.0,995.0,DD,23.8,72.2,30.0,995.0,DD
NIO_2024_ASNA_20240825_0600Z,NIO_2024_ASNA,TEST,2024-08-25T06:00:00+00:00,data/interim/gridsat/2024/gridsat_2024.08.24.15.npz,data/interim/gridsat/2024/gridsat_2024.08.24.18.npz,data/interim/gridsat/2024/gridsat_2024.08.24.21.npz,data/interim/gridsat/2024/gridsat_2024.08.25.00.npz,data/interim/gridsat/2024/gridsat_2024.08.25.03.npz,data/interim/gridsat/2024/gridsat_2024.08.25.06.npz,24.6,76.5,20.0,996.0,D,24.3,74.7,30.0,995.0,DD,23.8,73.6,30.0,995.0,DD,23.7,71.7,30.0,995.0,DD
NIO_2024_ASNA_20240825_1200Z,NIO_2024_ASNA,TEST,2024-08-25T12:00:00+00:00,data/interim/gridsat/2024/gridsat_2024.08.24.21.npz,data/interim/gridsat/2024/gridsat_2024.08.25.00.npz,data/interim/gridsat/2024/gridsat_2024.08.25.03.npz,data/interim/gridsat/2024/gridsat_2024.08.25.06.npz,data/interim/gridsat/2024/gridsat_2024.08.25.09.npz,data/interim/gridsat/2024/gridsat_2024.08.25.12.npz,24.4,75.6,25.0,996.0,D,24.2,74.2,30.0,995.0,DD,23.8,73.0,30.0,995.0,DD,23.7,71.0,30.0,995.0,DD
NIO_2024_ASNA_20240825_1800Z,NIO_2024_ASNA,TEST,2024-08-25T18:00:00+00:00,data/interim/gridsat/2024/gridsat_2024.08.25.03.npz,data/interim/gridsat/2024/gridsat_2024.08.25.06.npz,data/interim/gridsat/2024/gridsat_2024.08.25.09.npz,data/interim/gridsat/2024/gridsat_2024.08.25.12.npz,data/interim/gridsat/2024/gridsat_2024.08.25.15.npz,data/interim/gridsat/2024/gridsat_2024.08.25.18.npz,24.3,74.7,30.0,995.0,DD,23.8,73.6,30.0,995.0,DD,23.8,72.4,30.0,995.0,DD,23.7,70.6,30.0,995.0,DD
NIO_2024_ASNA_20240826_0000Z,NIO_2024_ASNA,TEST,2024-08-26T00:00:00+00:00,data/interim/gridsat/2024/gridsat_2024.08.25.09.npz,data/interim/gridsat/2024/gridsat_2024.08.25.12.npz,data/interim/gridsat/2024/gridsat_2024.08.25.15.npz,data/interim/gridsat/2024/gridsat_2024.08.25.18.npz,data/interim/gridsat/2024/gridsat_2024.08.25.21.npz,data/interim/gridsat/2024/gridsat_2024.08.26.00.npz,24.2,74.2,30.0,995.0,DD,23.8,73.0,30.0,995.0,DD,23.8,72.2,30.0,995.0,DD,23.7,70.0,30.0,995.0,DD
NIO_2024_ASNA_20240826_0600Z,NIO_2024_ASNA,TEST,2024-08-26T06:00:00+00:00,data/interim/gridsat/2024/gridsat_2024.08.25.15.npz,data/interim/gridsat/2024/gridsat_2024.08.25.18.npz,data/interim/gridsat/2024/gridsat_2024.08.25.21.npz,data/interim/gridsat/2024/gridsat_2024.08.26.00.npz,data/interim/gridsat/2024/gridsat_2024.08.26.03.npz,data/interim/gridsat/2024/gridsat_2024.08.26.06.npz,23.8,73.6,30.0,995.0,DD,23.8,72.4,30.0,995.0,DD,23.7,71.7,30.0,995.0,DD,23.7,69.7,30.0,994.0,DD
NIO_2024_ASNA_20240826_1200Z,NIO_2024_ASNA,TEST,2024-08-26T12:00:00+00:00,data/interim/gridsat/2024/gridsat_2024.08.25.21.npz,data/interim/gridsat/2024/gridsat_2024.08.26.00.npz,data/interim/gridsat/2024/gridsat_2024.08.26.03.npz,data/interim/gridsat/2024/gridsat_2024.08.26.06.npz,data/interim/gridsat/2024/gridsat_2024.08.26.09.npz,data/interim/gridsat/2024/gridsat_2024.08.26.12.npz,23.8,73.0,30.0,995.0,DD,23.8,72.2,30.0,995.0,DD,23.7,71.0,30.0,995.0,DD,23.7,69.7,30.0,994.0,DD
NIO_2024_ASNA_20240826_1800Z,NIO_2024_ASNA,TEST,2024-08-26T18:00:00+00:00,data/interim/gridsat/2024/gridsat_2024.08.26.03.npz,data/interim/gridsat/2024/gridsat_2024.08.26.06.npz,data/interim/gridsat/2024/gridsat_2024.08.26.09.npz,data/interim/gridsat/2024/gridsat_2024.08.26.12.npz,data/interim/gridsat/2024/gridsat_2024.08.26.15.npz,data/interim/gridsat/2024/gridsat_2024.08.26.18.npz,23.8,72.4,30.0,995.0,DD,23.7,71.7,30.0,995.0,DD,23.7,70.6,30.0,995.0,DD,23.7,69.7,30.0,994.0,DD
NIO_2024_ASNA_20240827_0000Z,NIO_2024_ASNA,TEST,2024-08-27T00:00:00+00:00,data/interim/gridsat/2024/gridsat_2024.08.26.09.npz,data/interim/gridsat/2024/gridsat_2024.08.26.12.npz,data/interim/gridsat/2024/gridsat_2024.08.26.15.npz,data/interim/gridsat/2024/gridsat_2024.08.26.18.npz,data/interim/gridsat/2024/gridsat_2024.08.26.21.npz,data/interim/gridsat/2024/gridsat_2024.08.27.00.npz,23.8,72.2,30.0,995.0,DD,23.7,71.0,30.0,995.0,DD,23.7,70.0,30.0,995.0,DD,23.7,69.5,30.0,994.0,DD
NIO_2024_ASNA_20240827_0600Z,NIO_2024_ASNA,TEST,2024-08-27T06:00:00+00:00,data/interim/gridsat/2024/gridsat_2024.08.26.15.npz,data/interim/gridsat/2024/gridsat_2024.08.26.18.npz,data/interim/gridsat/2024/gridsat_2024.08.26.21.npz,data/interim/gridsat/2024/gridsat_2024.08.27.00.npz,data/interim/gridsat/2024/gridsat_2024.08.27.03.npz,data/interim/gridsat/2024/gridsat_2024.08.27.06.npz,23.7,71.7,30.0,995.0,DD,23.7,70.6,30.0,995.0,DD,23.7,69.7,30.0,994.0,DD,23.7,69.4,30.0,994.0,DD
NIO_2024_ASNA_20240827_1200Z,NIO_2024_ASNA,TEST,2024-08-27T12:00:00+00:00,data/interim/gridsat/2024/gridsat_2024.08.26.21.npz,data/interim/gridsat/2024/gridsat_2024.08.27.00.npz,data/interim/gridsat/2024/gridsat_2024.08.27.03.npz,data/interim/gridsat/2024/gridsat_2024.08.27.06.npz,data/interim/gridsat/2024/gridsat_2024.08.27.09.npz,data/interim/gridsat/2024/gridsat_2024.08.27.12.npz,23.7,71.0,30.0,995.0,DD,23.7,70.0,30.0,995.0,DD,23.7,69.7,30.0,994.0,DD,23.6,69.2,30.0,994.0,DD
NIO_2024_ASNA_20240827_1800Z,NIO_2024_ASNA,TEST,2024-08-27T18:00:00+00:00,data/interim/gridsat/2024/gridsat_2024.08.27.03.npz,data/interim/gridsat/2024/gridsat_2024.08.27.06.npz,data/interim/gridsat/2024/gridsat_2024.08.27.09.npz,data/interim/gridsat/2024/gridsat_2024.08.27.12.npz,data/interim/gridsat/2024/gridsat_2024.08.27.15.npz,data/interim/gridsat/2024/gridsat_2024.08.27.18.npz,23.7,70.6,30.0,995.0,DD,23.7,69.7,30.0,994.0,DD,23.7,69.7,30.0,994.0,DD,23.6,69.0,30.0,994.0,DD
NIO_2024_ASNA_20240828_0000Z,NIO_2024_ASNA,TEST,2024-08-28T00:00:00+00:00,data/interim/gridsat/2024/gridsat_2024.08.27.09.npz,data/interim/gridsat/2024/gridsat_2024.08.27.12.npz,data/interim/gridsat/2024/gridsat_2024.08.27.15.npz,data/interim/gridsat/2024/gridsat_2024.08.27.18.npz,data/interim/gridsat/2024/gridsat_2024.08.27.21.npz,data/interim/gridsat/2024/gridsat_2024.08.28.00.npz,23.7,70.0,30.0,995.0,DD,23.7,69.7,30.0,994.0,DD,23.7,69.5,30.0,994.0,DD,23.5,68.4,30.0,994.0,DD
NIO_2024_ASNA_20240828_0600Z,NIO_2024_ASNA,TEST,2024-08-28T06:00:00+00:00,data/interim/gridsat/2024/gridsat_2024.08.27.15.npz,data/interim/gridsat/2024/gridsat_2024.08.27.18.npz,data/interim/gridsat/2024/gridsat_2024.08.27.21.npz,data/interim/gridsat/2024/gridsat_2024.08.28.00.npz,data/interim/gridsat/2024/gridsat_2024.08.28.03.npz,data/interim/gridsat/2024/gridsat_2024.08.28.06.npz,23.7,69.7,30.0,994.0,DD,23.7,69.7,30.0,994.0,DD,23.7,69.4,30.0,994.0,DD,23.5,67.9,35.0,993.0,CS
NIO_2024_ASNA_20240828_1200Z,NIO_2024_ASNA,TEST,2024-08-28T12:00:00+00:00,data/interim/gridsat/2024/gridsat_2024.08.27.21.npz,data/interim/gridsat/2024/gridsat_2024.08.28.00.npz,data/interim/gridsat/2024/gridsat_2024.08.28.03.npz,data/interim/gridsat/2024/gridsat_2024.08.28.06.npz,data/interim/gridsat/2024/gridsat_2024.08.28.09.npz,data/interim/gridsat/2024/gridsat_2024.08.28.12.npz,23.7,69.7,30.0,994.0,DD,23.7,69.5,30.0,994.0,DD,23.6,69.2,30.0,994.0,DD,23.5,67.2,35.0,993.0,CS
NIO_2024_ASNA_20240828_1800Z,NIO_2024_ASNA,TEST,2024-08-28T18:00:00+00:00,data/interim/gridsat/2024/gridsat_2024.08.28.03.npz,data/interim/gridsat/2024/gridsat_2024.08.28.06.npz,data/interim/gridsat/2024/gridsat_2024.08.28.09.npz,data/interim/gridsat/2024/gridsat_2024.08.28.12.npz,data/interim/gridsat/2024/gridsat_2024.08.28.15.npz,data/interim/gridsat/2024/gridsat_2024.08.28.18.npz,23.7,69.7,30.0,994.0,DD,23.7,69.4,30.0,994.0,DD,23.6,69.0,30.0,994.0,DD,23.6,66.4,35.0,992.0,CS
NIO_2024_ASNA_20240829_0000Z,NIO_2024_ASNA,TEST,2024-08-29T00:00:00+00:00,data/interim/gridsat/2024/gridsat_2024.08.28.09.npz,data/interim/gridsat/2024/gridsat_2024.08.28.12.npz,data/interim/gridsat/2024/gridsat_2024.08.28.15.npz,data/interim/gridsat/2024/gridsat_2024.08.28.18.npz,data/interim/gridsat/2024/gridsat_2024.08.28.21.npz,data/interim/gridsat/2024/gridsat_2024.08.29.00.npz,23.7,69.5,30.0,994.0,DD,23.6,69.2,30.0,994.0,DD,23.5,68.4,30.0,994.0,DD,23.6,65.8,40.0,991.0,CS
NIO_2024_ASNA_20240829_0600Z,NIO_2024_ASNA,TEST,2024-08-29T06:00:00+00:00,data/interim/gridsat/2024/gridsat_2024.08.28.15.npz,data/interim/gridsat/2024/gridsat_2024.08.28.18.npz,data/interim/gridsat/2024/gridsat_2024.08.28.21.npz,data/interim/gridsat/2024/gridsat_2024.08.29.00.npz,data/interim/gridsat/2024/gridsat_2024.08.29.03.npz,data/interim/gridsat/2024/gridsat_2024.08.29.06.npz,23.7,69.4,30.0,994.0,DD,23.6,69.0,30.0,994.0,DD,23.5,67.9,35.0,993.0,CS,23.6,64.9,40.0,991.0,CS
NIO_2024_ASNA_20240829_1200Z,NIO_2024_ASNA,TEST,2024-08-29T12:00:00+00:00,data/interim/gridsat/2024/gridsat_2024.08.28.21.npz,data/interim/gridsat/2024/gridsat_2024.08.29.00.npz,data/interim/gridsat/2024/gridsat_2024.08.29.03.npz,data/interim/gridsat/2024/gridsat_2024.08.29.06.npz,data/interim/gridsat/2024/gridsat_2024.08.29.09.npz,data/interim/gridsat/2024/gridsat_2024.08.29.12.npz,23.6,69.2,30.0,994.0,DD,23.5,68.4,30.0,994.0,DD,23.5,67.2,35.0,993.0,CS,23.6,64.4,40.0,990.0,CS
NIO_2024_ASNA_20240829_1800Z,NIO_2024_ASNA,TEST,2024-08-29T18:00:00+00:00,data/interim/gridsat/2024/gridsat_2024.08.29.03.npz,data/interim/gridsat/2024/gridsat_2024.08.29.06.npz,data/interim/gridsat/2024/gridsat_2024.08.29.09.npz,data/interim/gridsat/2024/gridsat_2024.08.29.12.npz,data/interim/gridsat/2024/gridsat_2024.08.29.15.npz,data/interim/gridsat/2024/gridsat_2024.08.29.18.npz,23.6,69.0,30.0,994.0,DD,23.5,67.9,35.0,993.0,CS,23.6,66.4,35.0,992.0,CS,23.5,63.7,40.0,990.0,CS
NIO_2024_ASNA_20240830_0000Z,NIO_2024_ASNA,TEST,2024-08-30T00:00:00+00:00,data/interim/gridsat/2024/gridsat_2024.08.29.09.npz,data/interim/gridsat/2024/gridsat_2024.08.29.12.npz,data/interim/gridsat/2024/gridsat_2024.08.29.15.npz,data/interim/gridsat/2024/gridsat_2024.08.29.18.npz,data/interim/gridsat/2024/gridsat_2024.08.29.21.npz,data/interim/gridsat/2024/gridsat_2024.08.30.00.npz,23.5,68.4,30.0,994.0,DD,23.5,67.2,35.0,993.0,CS,23.6,65.8,40.0,991.0,CS,23.2,62.6,40.0,990.0,CS
NIO_2024_ASNA_20240830_0300Z,NIO_2024_ASNA,TEST,2024-08-30T03:00:00+00:00,data/interim/gridsat/2024/gridsat_2024.08.29.12.npz,data/interim/gridsat/2024/gridsat_2024.08.29.15.npz,data/interim/gridsat/2024/gridsat_2024.08.29.18.npz,data/interim/gridsat/2024/gridsat_2024.08.29.21.npz,data/interim/gridsat/2024/gridsat_2024.08.30.00.npz,data/interim/gridsat/2024/gridsat_2024.08.30.03.npz,23.5,68.2,30.0,994.0,DD,23.5,67.0,35.0,992.0,CS,23.6,65.3,40.0,991.0,CS,23.0,62.3,35.0,992.0,CS
NIO_2024_ASNA_20240830_0600Z,NIO_2024_ASNA,TEST,2024-08-30T06:00:00+00:00,data/interim/gridsat/2024/gridsat_2024.08.29.15.npz,data/interim/gridsat/2024/gridsat_2024.08.29.18.npz,data/interim/gridsat/2024/gridsat_2024.08.29.21.npz,data/interim/gridsat/2024/gridsat_2024.08.30.00.npz,data/interim/gridsat/2024/gridsat_2024.08.30.03.npz,data/interim/gridsat/2024/gridsat_2024.08.30.06.npz,23.5,67.9,35.0,993.0,CS,23.6,66.4,35.0,992.0,CS,23.6,64.9,40.0,991.0,CS,22.7,62.0,35.0,993.0,CS
NIO_2024_ASNA_20240830_0900Z,NIO_2024_ASNA,TEST,2024-08-30T09:00:00+00:00,data/interim/gridsat/2024/gridsat_2024.08.29.18.npz,data/interim/gridsat/2024/gridsat_2024.08.29.21.npz,data/interim/gridsat/2024/gridsat_2024.08.30.00.npz,data/interim/gridsat/2024/gridsat_2024.08.30.03.npz,data/interim/gridsat/2024/gridsat_2024.08.30.06.npz,data/interim/gridsat/2024/gridsat_2024.08.30.09.npz,23.5,67.5,35.0,993.0,CS,23.6,66.2,35.0,992.0,CS,23.6,64.4,40.0,991.0,CS,22.5,61.8,35.0,993.0,CS
NIO_2024_ASNA_20240830_1200Z,NIO_2024_ASNA,TEST,2024-08-30T12:00:00+00:00,data/interim/gridsat/2024/gridsat_2024.08.29.21.npz,data/interim/gridsat/2024/gridsat_2024.08.30.00.npz,data/interim/gridsat/2024/gridsat_2024.08.30.03.npz,data/interim/gridsat/2024/gridsat_2024.08.30.06.npz,data/interim/gridsat/2024/gridsat_2024.08.30.09.npz,data/interim/gridsat/2024/gridsat_2024.08.30.12.npz,23.5,67.2,35.0,993.0,CS,23.6,65.8,40.0,991.0,CS,23.6,64.4,40.0,990.0,CS,22.2,61.7,30.0,996.0,DD
NIO_2024_ASNA_20240830_1800Z,NIO_2024_ASNA,TEST,2024-08-30T18:00:00+00:00,data/interim/gridsat/2024/gridsat_2024.08.30.03.npz,data/interim/gridsat/2024/gridsat_2024.08.30.06.npz,data/interim/gridsat/2024/gridsat_2024.08.30.09.npz,data/interim/gridsat/2024/gridsat_2024.08.30.12.npz,data/interim/gridsat/2024/gridsat_2024.08.30.15.npz,data/interim/gridsat/2024/gridsat_2024.08.30.18.npz,23.6,66.4,35.0,992.0,CS,23.6,64.9,40.0,991.0,CS,23.5,63.7,40.0,990.0,CS,21.7,61.5,30.0,998.0,DD
NIO_2024_ASNA_20240831_0000Z,NIO_2024_ASNA,TEST,2024-08-31T00:00:00+00:00,data/interim/gridsat/2024/gridsat_2024.08.30.09.npz,data/interim/gridsat/2024/gridsat_2024.08.30.12.npz,data/interim/gridsat/2024/gridsat_2024.08.30.15.npz,data/interim/gridsat/2024/gridsat_2024.08.30.18.npz,data/interim/gridsat/2024/gridsat_2024.08.30.21.npz,data/interim/gridsat/2024/gridsat_2024.08.31.00.npz,23.6,65.8,40.0,991.0,CS,23.6,64.4,40.0,990.0,CS,23.2,62.6,40.0,990.0,CS,21.2,61.3,20.0,999.0,D
NIO_2024_ASNA_20240831_0300Z,NIO_2024_ASNA,TEST,2024-08-31T03:00:00+00:00,data/interim/gridsat/2024/gridsat_2024.08.30.12.npz,data/interim/gridsat/2024/gridsat_2024.08.30.15.npz,data/interim/gridsat/2024/gridsat_2024.08.30.18.npz,data/interim/gridsat/2024/gridsat_2024.08.30.21.npz,data/interim/gridsat/2024/gridsat_2024.08.31.00.npz,data/interim/gridsat/2024/gridsat_2024.08.31.03.npz,23.6,65.3,40.0,991.0,CS,23.6,63.7,40.0,990.0,CS,23.0,62.3,35.0,992.0,CS,20.9,61.2,20.0,1000.0,D
NIO_2024_DANA_20241022_0000Z,NIO_2024_DANA,TEST,2024-10-22T00:00:00+00:00,data/interim/gridsat/2024/gridsat_2024.10.21.09.npz,data/interim/gridsat/2024/gridsat_2024.10.21.12.npz,data/interim/gridsat/2024/gridsat_2024.10.21.15.npz,data/interim/gridsat/2024/gridsat_2024.10.21.18.npz,data/interim/gridsat/2024/gridsat_2024.10.21.21.npz,data/interim/gridsat/2024/gridsat_2024.10.22.00.npz,15.4,91.6,20.0,1003.0,D,15.6,90.9,30.0,999.0,DD,16.2,89.8,35.0,997.0,CS,18.6,88.2,55.0,988.0,SCS
NIO_2024_DANA_20241022_0600Z,NIO_2024_DANA,TEST,2024-10-22T06:00:00+00:00,data/interim/gridsat/2024/gridsat_2024.10.21.15.npz,data/interim/gridsat/2024/gridsat_2024.10.21.18.npz,data/interim/gridsat/2024/gridsat_2024.10.21.21.npz,data/interim/gridsat/2024/gridsat_2024.10.22.00.npz,data/interim/gridsat/2024/gridsat_2024.10.22.03.npz,data/interim/gridsat/2024/gridsat_2024.10.22.06.npz,15.5,91.3,25.0,1000.0,D,15.8,90.5,30.0,998.0,DD,16.7,89.2,40.0,995.0,CS,19.2,87.8,55.0,988.0,SCS
NIO_2024_DANA_20241022_1200Z,NIO_2024_DANA,TEST,2024-10-22T12:00:00+00:00,data/interim/gridsat/2024/gridsat_2024.10.21.21.npz,data/interim/gridsat/2024/gridsat_2024.10.22.00.npz,data/interim/gridsat/2024/gridsat_2024.10.22.03.npz,data/interim/gridsat/2024/gridsat_2024.10.22.06.npz,data/interim/gridsat/2024/gridsat_2024.10.22.09.npz,data/interim/gridsat/2024/gridsat_2024.10.22.12.npz,15.6,90.9,30.0,999.0,DD,16.2,89.8,35.0,997.0,CS,17.2,88.9,45.0,992.0,CS,19.8,87.5,60.0,986.0,SCS
NIO_2024_DANA_20241022_1800Z,NIO_2024_DANA,TEST,2024-10-22T18:00:00+00:00,data/interim/gridsat/2024/gridsat_2024.10.22.03.npz,data/interim/gridsat/2024/gridsat_2024.10.22.06.npz,data/interim/gridsat/2024/gridsat_2024.10.22.09.npz,data/interim/gridsat/2024/gridsat_2024.10.22.12.npz,data/interim/gridsat/2024/gridsat_2024.10.22.15.npz,data/interim/gridsat/2024/gridsat_2024.10.22.18.npz,15.8,90.5,30.0,998.0,DD,16.7,89.2,40.0,995.0,CS,17.9,88.5,50.0,990.0,SCS,20.5,87.1,55.0,988.0,SCS
NIO_2024_FENGAL_20241125_0600Z,NIO_2024_FENGAL,TEST,2024-11-25T06:00:00+00:00,data/interim/gridsat/2024/gridsat_2024.11.24.15.npz,data/interim/gridsat/2024/gridsat_2024.11.24.18.npz,data/interim/gridsat/2024/gridsat_2024.11.24.21.npz,data/interim/gridsat/2024/gridsat_2024.11.25.00.npz,data/interim/gridsat/2024/gridsat_2024.11.25.03.npz,data/interim/gridsat/2024/gridsat_2024.11.25.06.npz,5.1,84.5,20.0,1003.0,D,5.5,83.2,25.0,1002.0,D,6.6,82.8,30.0,1001.0,DD,8.7,82.2,30.0,1001.0,DD
NIO_2024_FENGAL_20241125_1200Z,NIO_2024_FENGAL,TEST,2024-11-25T12:00:00+00:00,data/interim/gridsat/2024/gridsat_2024.11.24.21.npz,data/interim/gridsat/2024/gridsat_2024.11.25.00.npz,data/interim/gridsat/2024/gridsat_2024.11.25.03.npz,data/interim/gridsat/2024/gridsat_2024.11.25.06.npz,data/interim/gridsat/2024/gridsat_2024.11.25.09.npz,data/interim/gridsat/2024/gridsat_2024.11.25.12.npz,5.2,83.5,25.0,1002.0,D,6.0,82.9,25.0,1002.0,D,7.0,82.7,30.0,1001.0,DD,8.9,82.2,30.0,1000.0,DD
NIO_2024_FENGAL_20241125_1800Z,NIO_2024_FENGAL,TEST,2024-11-25T18:00:00+00:00,data/interim/gridsat/2024/gridsat_2024.11.25.03.npz,data/interim/gridsat/2024/gridsat_2024.11.25.06.npz,data/interim/gridsat/2024/gridsat_2024.11.25.09.npz,data/interim/gridsat/2024/gridsat_2024.11.25.12.npz,data/interim/gridsat/2024/gridsat_2024.11.25.15.npz,data/interim/gridsat/2024/gridsat_2024.11.25.18.npz,5.5,83.2,25.0,1002.0,D,6.6,82.8,30.0,1001.0,DD,7.5,82.6,30.0,1001.0,DD,9.0,82.2,30.0,1000.0,DD
NIO_2024_FENGAL_20241126_0000Z,NIO_2024_FENGAL,TEST,2024-11-26T00:00:00+00:00,data/interim/gridsat/2024/gridsat_2024.11.25.09.npz,data/interim/gridsat/2024/gridsat_2024.11.25.12.npz,data/interim/gridsat/2024/gridsat_2024.11.25.15.npz,data/interim/gridsat/2024/gridsat_2024.11.25.18.npz,data/interim/gridsat/2024/gridsat_2024.11.25.21.npz,data/interim/gridsat/2024/gridsat_2024.11.26.00.npz,6.0,82.9,25.0,1002.0,D,7.0,82.7,30.0,1001.0,DD,8.2,82.4,30.0,1001.0,DD,9.0,82.2,30.0,1000.0,DD
NIO_2024_FENGAL_20241126_0600Z,NIO_2024_FENGAL,TEST,2024-11-26T06:00:00+00:00,data/interim/gridsat/2024/gridsat_2024.11.25.15.npz,data/interim/gridsat/2024/gridsat_2024.11.25.18.npz,data/interim/gridsat/2024/gridsat_2024.11.25.21.npz,data/interim/gridsat/2024/gridsat_2024.11.26.00.npz,data/interim/gridsat/2024/gridsat_2024.11.26.03.npz,data/interim/gridsat/2024/gridsat_2024.11.26.06.npz,6.6,82.8,30.0,1001.0,DD,7.5,82.6,30.0,1001.0,DD,8.7,82.2,30.0,1001.0,DD,9.3,82.4,30.0,1000.0,DD
NIO_2024_FENGAL_20241126_1200Z,NIO_2024_FENGAL,TEST,2024-11-26T12:00:00+00:00,data/interim/gridsat/2024/gridsat_2024.11.25.21.npz,data/interim/gridsat/2024/gridsat_2024.11.26.00.npz,data/interim/gridsat/2024/gridsat_2024.11.26.03.npz,data/interim/gridsat/2024/gridsat_2024.11.26.06.npz,data/interim/gridsat/2024/gridsat_2024.11.26.09.npz,data/interim/gridsat/2024/gridsat_2024.11.26.12.npz,7.0,82.7,30.0,1001.0,DD,8.2,82.4,30.0,1001.0,DD,8.9,82.2,30.0,1000.0,DD,9.6,82.7,30.0,1000.0,DD
NIO_2024_FENGAL_20241126_1800Z,NIO_2024_FENGAL,TEST,2024-11-26T18:00:00+00:00,data/interim/gridsat/2024/gridsat_2024.11.26.03.npz,data/interim/gridsat/2024/gridsat_2024.11.26.06.npz,data/interim/gridsat/2024/gridsat_2024.11.26.09.npz,data/interim/gridsat/2024/gridsat_2024.11.26.12.npz,data/interim/gridsat/2024/gridsat_2024.11.26.15.npz,data/interim/gridsat/2024/gridsat_2024.11.26.18.npz,7.5,82.6,30.0,1001.0,DD,8.7,82.2,30.0,1001.0,DD,9.0,82.2,30.0,1000.0,DD,10.1,82.8,30.0,1000.0,DD
NIO_2024_FENGAL_20241127_0000Z,NIO_2024_FENGAL,TEST,2024-11-27T00:00:00+00:00,data/interim/gridsat/2024/gridsat_2024.11.26.09.npz,data/interim/gridsat/2024/gridsat_2024.11.26.12.npz,data/interim/gridsat/2024/gridsat_2024.11.26.15.npz,data/interim/gridsat/2024/gridsat_2024.11.26.18.npz,data/interim/gridsat/2024/gridsat_2024.11.26.21.npz,data/interim/gridsat/2024/gridsat_2024.11.27.00.npz,8.2,82.4,30.0,1001.0,DD,8.9,82.2,30.0,1000.0,DD,9.0,82.2,30.0,1000.0,DD,10.4,82.7,30.0,1000.0,DD
NIO_2024_FENGAL_20241127_0600Z,NIO_2024_FENGAL,TEST,2024-11-27T06:00:00+00:00,data/interim/gridsat/2024/gridsat_2024.11.26.15.npz,data/interim/gridsat/2024/gridsat_2024.11.26.18.npz,data/interim/gridsat/2024/gridsat_2024.11.26.21.npz,data/interim/gridsat/2024/gridsat_2024.11.27.00.npz,data/interim/gridsat/2024/gridsat_2024.11.27.03.npz,data/interim/gridsat/2024/gridsat_2024.11.27.06.npz,8.7,82.2,30.0,1001.0,DD,9.0,82.2,30.0,1000.0,DD,9.3,82.4,30.0,1000.0,DD,10.9,82.5,30.0,1000.0,DD
NIO_2024_FENGAL_20241127_1200Z,NIO_2024_FENGAL,TEST,2024-11-27T12:00:00+00:00,data/interim/gridsat/2024/gridsat_2024.11.26.21.npz,data/interim/gridsat/2024/gridsat_2024.11.27.00.npz,data/interim/gridsat/2024/gridsat_2024.11.27.03.npz,data/interim/gridsat/2024/gridsat_2024.11.27.06.npz,data/interim/gridsat/2024/gridsat_2024.11.27.09.npz,data/interim/gridsat/2024/gridsat_2024.11.27.12.npz,8.9,82.2,30.0,1000.0,DD,9.0,82.2,30.0,1000.0,DD,9.6,82.7,30.0,1000.0,DD,11.5,81.9,35.0,999.0,CS
NIO_2024_FENGAL_20241127_1800Z,NIO_2024_FENGAL,TEST,2024-11-27T18:00:00+00:00,data/interim/gridsat/2024/gridsat_2024.11.27.03.npz,data/interim/gridsat/2024/gridsat_2024.11.27.06.npz,data/interim/gridsat/2024/gridsat_2024.11.27.09.npz,data/interim/gridsat/2024/gridsat_2024.11.27.12.npz,data/interim/gridsat/2024/gridsat_2024.11.27.15.npz,data/interim/gridsat/2024/gridsat_2024.11.27.18.npz,9.0,82.2,30.0,1000.0,DD,9.3,82.4,30.0,1000.0,DD,10.1,82.8,30.0,1000.0,DD,11.8,81.7,35.0,999.0,CS
NIO_2024_FENGAL_20241128_0000Z,NIO_2024_FENGAL,TEST,2024-11-28T00:00:00+00:00,data/interim/gridsat/2024/gridsat_2024.11.27.09.npz,data/interim/gridsat/2024/gridsat_2024.11.27.12.npz,data/interim/gridsat/2024/gridsat_2024.11.27.15.npz,data/interim/gridsat/2024/gridsat_2024.11.27.18.npz,data/interim/gridsat/2024/gridsat_2024.11.27.21.npz,data/interim/gridsat/2024/gridsat_2024.11.28.00.npz,9.0,82.2,30.0,1000.0,DD,9.6,82.7,30.0,1000.0,DD,10.4,82.7,30.0,1000.0,DD,12.2,81.2,45.0,996.0,CS
NIO_2024_FENGAL_20241128_0600Z,NIO_2024_FENGAL,TEST,2024-11-28T06:00:00+00:00,data/interim/gridsat/2024/gridsat_2024.11.27.15.npz,data/interim/gridsat/2024/gridsat_2024.11.27.18.npz,data/interim/gridsat/2024/gridsat_2024.11.27.21.npz,data/interim/gridsat/2024/gridsat_2024.11.28.00.npz,data/interim/gridsat/2024/gridsat_2024.11.28.03.npz,data/interim/gridsat/2024/gridsat_2024.11.28.06.npz,9.3,82.4,30.0,1000.0,DD,10.1,82.8,30.0,1000.0,DD,10.9,82.5,30.0,1000.0,DD,12.3,80.7,45.0,996.0,CS
NIO_2024_FENGAL_20241128_1200Z,NIO_2024_FENGAL,TEST,2024-11-28T12:00:00+00:00,data/interim/gridsat/2024/gridsat_2024.11.27.21.npz,data/interim/gridsat/2024/gridsat_2024.11.28.00.npz,data/interim/gridsat/2024/gridsat_2024.11.28.03.npz,data/interim/gridsat/2024/gridsat_2024.11.28.06.npz,data/interim/gridsat/2024/gridsat_2024.11.28.09.npz,data/interim/gridsat/2024/gridsat_2024.11.28.12.npz,9.6,82.7,30.0,1000.0,DD,10.4,82.7,30.0,1000.0,DD,11.5,81.9,35.0,999.0,CS,12.3,80.3,40.0,998.0,CS
NIO_2024_FENGAL_20241128_1800Z,NIO_2024_FENGAL,TEST,2024-11-28T18:00:00+00:00,data/interim/gridsat/2024/gridsat_2024.11.28.03.npz,data/interim/gridsat/2024/gridsat_2024.11.28.06.npz,data/interim/gridsat/2024/gridsat_2024.11.28.09.npz,data/interim/gridsat/2024/gridsat_2024.11.28.12.npz,data/interim/gridsat/2024/gridsat_2024.11.28.15.npz,data/interim/gridsat/2024/gridsat_2024.11.28.18.npz,10.1,82.8,30.0,1000.0,DD,10.9,82.5,30.0,1000.0,DD,11.8,81.7,35.0,999.0,CS,12.0,79.8,40.0,998.0,CS
NIO_2024_FENGAL_20241129_0000Z,NIO_2024_FENGAL,TEST,2024-11-29T00:00:00+00:00,data/interim/gridsat/2024/gridsat_2024.11.28.09.npz,data/interim/gridsat/2024/gridsat_2024.11.28.12.npz,data/interim/gridsat/2024/gridsat_2024.11.28.15.npz,data/interim/gridsat/2024/gridsat_2024.11.28.18.npz,data/interim/gridsat/2024/gridsat_2024.11.28.21.npz,data/interim/gridsat/2024/gridsat_2024.11.29.00.npz,10.4,82.7,30.0,1000.0,DD,11.5,81.9,35.0,999.0,CS,12.2,81.2,45.0,996.0,CS,12.0,79.8,35.0,999.0,CS
NIO_2024_FENGAL_20241129_0300Z,NIO_2024_FENGAL,TEST,2024-11-29T03:00:00+00:00,data/interim/gridsat/2024/gridsat_2024.11.28.12.npz,data/interim/gridsat/2024/gridsat_2024.11.28.15.npz,data/interim/gridsat/2024/gridsat_2024.11.28.18.npz,data/interim/gridsat/2024/gridsat_2024.11.28.21.npz,data/interim/gridsat/2024/gridsat_2024.11.29.00.npz,data/interim/gridsat/2024/gridsat_2024.11.29.03.npz,10.6,82.6,30.0,1000.0,DD,11.6,81.7,35.0,999.0,CS,12.3,80.9,45.0,996.0,CS,12.0,79.8,35.0,999.0,CS
NIO_2024_FENGAL_20241129_0600Z,NIO_2024_FENGAL,TEST,2024-11-29T06:00:00+00:00,data/interim/gridsat/2024/gridsat_2024.11.28.15.npz,data/interim/gridsat/2024/gridsat_2024.11.28.18.npz,data/interim/gridsat/2024/gridsat_2024.11.28.21.npz,data/interim/gridsat/2024/gridsat_2024.11.29.00.npz,data/interim/gridsat/2024/gridsat_2024.11.29.03.npz,data/interim/gridsat/2024/gridsat_2024.11.29.06.npz,10.9,82.5,30.0,1000.0,DD,11.8,81.7,35.0,999.0,CS,12.3,80.7,45.0,996.0,CS,12.0,79.8,30.0,1000.0,DD
NIO_2024_FENGAL_20241129_1200Z,NIO_2024_FENGAL,TEST,2024-11-29T12:00:00+00:00,data/interim/gridsat/2024/gridsat_2024.11.28.21.npz,data/interim/gridsat/2024/gridsat_2024.11.29.00.npz,data/interim/gridsat/2024/gridsat_2024.11.29.03.npz,data/interim/gridsat/2024/gridsat_2024.11.29.06.npz,data/interim/gridsat/2024/gridsat_2024.11.29.09.npz,data/interim/gridsat/2024/gridsat_2024.11.29.12.npz,11.5,81.9,35.0,999.0,CS,12.2,81.2,45.0,996.0,CS,12.3,80.3,40.0,998.0,CS,12.1,79.6,25.0,1001.0,D
NIO_2024_FENGAL_20241129_1800Z,NIO_2024_FENGAL,TEST,2024-11-29T18:00:00+00:00,data/interim/gridsat/2024/gridsat_2024.11.29.03.npz,data/interim/gridsat/2024/gridsat_2024.11.29.06.npz,data/interim/gridsat/2024/gridsat_2024.11.29.09.npz,data/interim/gridsat/2024/gridsat_2024.11.29.12.npz,data/interim/gridsat/2024/gridsat_2024.11.29.15.npz,data/interim/gridsat/2024/gridsat_2024.11.29.18.npz,11.8,81.7,35.0,999.0,CS,12.3,80.7,45.0,996.0,CS,12.0,79.8,40.0,998.0,CS,12.1,79.2,25.0,1002.0,D
NIO_2024_LAT_20240831_0000Z,NIO_2024_LAT,TEST,2024-08-31T00:00:00+00:00,data/interim/gridsat/2024/gridsat_2024.08.30.09.npz,data/interim/gridsat/2024/gridsat_2024.08.30.12.npz,data/interim/gridsat/2024/gridsat_2024.08.30.15.npz,data/interim/gridsat/2024/gridsat_2024.08.30.18.npz,data/interim/gridsat/2024/gridsat_2024.08.30.21.npz,data/interim/gridsat/2024/gridsat_2024.08.31.00.npz,17.5,84.6,25.0,998.0,D,18.1,84.0,25.0,997.0,D,18.5,83.0,25.0,997.0,D,19.6,80.0,20.0,999.0,D
NIO_2024_LAT_20240831_0600Z,NIO_2024_LAT,TEST,2024-08-31T06:00:00+00:00,data/interim/gridsat/2024/gridsat_2024.08.30.15.npz,data/interim/gridsat/2024/gridsat_2024.08.30.18.npz,data/interim/gridsat/2024/gridsat_2024.08.30.21.npz,data/interim/gridsat/2024/gridsat_2024.08.31.00.npz,data/interim/gridsat/2024/gridsat_2024.08.31.03.npz,data/interim/gridsat/2024/gridsat_2024.08.31.06.npz,17.9,84.3,25.0,996.0,D,18.2,83.8,25.0,997.0,D,18.7,82.1,20.0,999.0,D,19.8,79.5,20.0,999.0,D
NIO_2024_LAT_20241013_1200Z,NIO_2024_LAT,TEST,2024-10-13T12:00:00+00:00,data/interim/gridsat/2024/gridsat_2024.10.12.21.npz,data/interim/gridsat/2024/gridsat_2024.10.13.00.npz,data/interim/gridsat/2024/gridsat_2024.10.13.03.npz,data/interim/gridsat/2024/gridsat_2024.10.13.06.npz,data/interim/gridsat/2024/gridsat_2024.10.13.09.npz,data/interim/gridsat/2024/gridsat_2024.10.13.12.npz,15.6,65.0,20.0,1002.0,D,15.8,64.5,20.0,1002.0,D,16.1,62.0,25.0,1001.0,D,18.3,58.8,20.0,1002.0,D
NIO_2024_NO_20240913_1200Z,NIO_2024_NO,TEST,2024-09-13T12:00:00+00:00,data/interim/gridsat/2024/gridsat_2024.09.12.21.npz,data/interim/gridsat/2024/gridsat_2024.09.13.00.npz,data/interim/gridsat/2024/gridsat_2024.09.13.03.npz,data/interim/gridsat/2024/gridsat_2024.09.13.06.npz,data/interim/gridsat/2024/gridsat_2024.09.13.09.npz,data/interim/gridsat/2024/gridsat_2024.09.13.12.npz,22.0,90.8,20.0,993.0,D,22.5,89.6,30.0,990.0,DD,22.4,88.5,30.0,989.0,DD,22.8,87.4,30.0,990.0,DD
NIO_2024_NO_20240913_1800Z,NIO_2024_NO,TEST,2024-09-13T18:00:00+00:00,data/interim/gridsat/2024/gridsat_2024.09.13.03.npz,data/interim/gridsat/2024/gridsat_2024.09.13.06.npz,data/interim/gridsat/2024/gridsat_2024.09.13.09.npz,data/interim/gridsat/2024/gridsat_2024.09.13.12.npz,data/interim/gridsat/2024/gridsat_2024.09.13.15.npz,data/interim/gridsat/2024/gridsat_2024.09.13.18.npz,22.3,90.4,25.0,992.0,D,22.4,88.3,30.0,990.0,DD,22.6,88.5,30.0,989.0,DD,22.9,87.2,30.0,990.0,DD
NIO_2024_NO_20240914_0000Z,NIO_2024_NO,TEST,2024-09-14T00:00:00+00:00,data/interim/gridsat/2024/gridsat_2024.09.13.09.npz,data/interim/gridsat/2024/gridsat_2024.09.13.12.npz,data/interim/gridsat/2024/gridsat_2024.09.13.15.npz,data/interim/gridsat/2024/gridsat_2024.09.13.18.npz,data/interim/gridsat/2024/gridsat_2024.09.13.21.npz,data/interim/gridsat/2024/gridsat_2024.09.14.00.npz,22.5,89.6,30.0,990.0,DD,22.4,88.5,30.0,989.0,DD,22.6,88.0,30.0,989.0,DD,23.0,87.0,30.0,990.0,DD
NIO_2024_NO_20240914_0600Z,NIO_2024_NO,TEST,2024-09-14T06:00:00+00:00,data/interim/gridsat/2024/gridsat_2024.09.13.15.npz,data/interim/gridsat/2024/gridsat_2024.09.13.18.npz,data/interim/gridsat/2024/gridsat_2024.09.13.21.npz,data/interim/gridsat/2024/gridsat_2024.09.14.00.npz,data/interim/gridsat/2024/gridsat_2024.09.14.03.npz,data/interim/gridsat/2024/gridsat_2024.09.14.06.npz,22.4,88.3,30.0,990.0,DD,22.6,88.5,30.0,989.0,DD,22.7,87.6,30.0,990.0,DD,23.2,86.4,30.0,990.0,DD
NIO_2024_NO_20240914_1200Z,NIO_2024_NO,TEST,2024-09-14T12:00:00+00:00,data/interim/gridsat/2024/gridsat_2024.09.13.21.npz,data/interim/gridsat/2024/gridsat_2024.09.14.00.npz,data/interim/gridsat/2024/gridsat_2024.09.14.03.npz,data/interim/gridsat/2024/gridsat_2024.09.14.06.npz,data/interim/gridsat/2024/gridsat_2024.09.14.09.npz,data/interim/gridsat/2024/gridsat_2024.09.14.12.npz,22.4,88.5,30.0,989.0,DD,22.6,88.0,30.0,989.0,DD,22.8,87.4,30.0,990.0,DD,23.3,85.2,30.0,990.0,DD
NIO_2024_NO_20240914_1800Z,NIO_2024_NO,TEST,2024-09-14T18:00:00+00:00,data/interim/gridsat/2024/gridsat_2024.09.14.03.npz,data/interim/gridsat/2024/gridsat_2024.09.14.06.npz,data/interim/gridsat/2024/gridsat_2024.09.14.09.npz,data/interim/gridsat/2024/gridsat_2024.09.14.12.npz,data/interim/gridsat/2024/gridsat_2024.09.14.15.npz,data/interim/gridsat/2024/gridsat_2024.09.14.18.npz,22.6,88.5,30.0,989.0,DD,22.7,87.6,30.0,990.0,DD,22.9,87.2,30.0,990.0,DD,23.4,84.6,30.0,991.0,DD
NIO_2024_NO_20240915_0000Z,NIO_2024_NO,TEST,2024-09-15T00:00:00+00:00,data/interim/gridsat/2024/gridsat_2024.09.14.09.npz,data/interim/gridsat/2024/gridsat_2024.09.14.12.npz,data/interim/gridsat/2024/gridsat_2024.09.14.15.npz,data/interim/gridsat/2024/gridsat_2024.09.14.18.npz,data/interim/gridsat/2024/gridsat_2024.09.14.21.npz,data/interim/gridsat/2024/gridsat_2024.09.15.00.npz,22.6,88.0,30.0,989.0,DD,22.8,87.4,30.0,990.0,DD,23.0,87.0,30.0,990.0,DD,23.6,84.2,25.0,992.0,D
NIO_2024_NO_20240915_0600Z,NIO_2024_NO,TEST,2024-09-15T06:00:00+00:00,data/interim/gridsat/2024/gridsat_2024.09.14.15.npz,data/interim/gridsat/2024/gridsat_2024.09.14.18.npz,data/interim/gridsat/2024/gridsat_2024.09.14.21.npz,data/interim/gridsat/2024/gridsat_2024.09.15.00.npz,data/interim/gridsat/2024/gridsat_2024.09.15.03.npz,data/interim/gridsat/2024/gridsat_2024.09.15.06.npz,22.7,87.6,30.0,990.0,DD,22.9,87.2,30.0,990.0,DD,23.2,86.4,30.0,990.0,DD,23.7,82.7,20.0,995.0,D
NIO_2024_NO_20240915_1200Z,NIO_2024_NO,TEST,2024-09-15T12:00:00+00:00,data/interim/gridsat/2024/gridsat_2024.09.14.21.npz,data/interim/gridsat/2024/gridsat_2024.09.15.00.npz,data/interim/gridsat/2024/gridsat_2024.09.15.03.npz,data/interim/gridsat/2024/gridsat_2024.09.15.06.npz,data/interim/gridsat/2024/gridsat_2024.09.15.09.npz,data/interim/gridsat/2024/gridsat_2024.09.15.12.npz,22.8,87.4,30.0,990.0,DD,23.0,87.0,30.0,990.0,DD,23.3,85.2,30.0,990.0,DD,24.0,81.3,20.0,995.0,D
NIO_2024_NO_20240915_1800Z,NIO_2024_NO,TEST,2024-09-15T18:00:00+00:00,data/interim/gridsat/2024/gridsat_2024.09.15.03.npz,data/interim/gridsat/2024/gridsat_2024.09.15.06.npz,data/interim/gridsat/2024/gridsat_2024.09.15.09.npz,data/interim/gridsat/2024/gridsat_2024.09.15.12.npz,data/interim/gridsat/2024/gridsat_2024.09.15.15.npz,data/interim/gridsat/2024/gridsat_2024.09.15.18.npz,22.9,87.2,30.0,990.0,DD,23.2,86.4,30.0,990.0,DD,23.4,84.6,30.0,991.0,DD,24.2,80.3,20.0,995.0,D
NIO_2024_REMAL_20240524_0000Z,NIO_2024_REMAL,TEST,2024-05-24T00:00:00+00:00,data/interim/gridsat/2024/gridsat_2024.05.23.09.npz,data/interim/gridsat/2024/gridsat_2024.05.23.12.npz,data/interim/gridsat/2024/gridsat_2024.05.23.15.npz,data/interim/gridsat/2024/gridsat_2024.05.23.18.npz,data/interim/gridsat/2024/gridsat_2024.05.23.21.npz,data/interim/gridsat/2024/gridsat_2024.05.24.00.npz,15.0,88.4,25.0,996.0,D,16.2,89.1,25.0,995.0,D,17.6,89.7,30.0,993.0,DD,19.5,89.4,50.0,984.0,SCS
NIO_2024_REMAL_20240524_0600Z,NIO_2024_REMAL,TEST,2024-05-24T06:00:00+00:00,data/interim/gridsat/2024/gridsat_2024.05.23.15.npz,data/interim/gridsat/2024/gridsat_2024.05.23.18.npz,data/interim/gridsat/2024/gridsat_2024.05.23.21.npz,data/interim/gridsat/2024/gridsat_2024.05.24.00.npz,data/interim/gridsat/2024/gridsat_2024.05.24.03.npz,data/interim/gridsat/2024/gridsat_2024.05.24.06.npz,15.8,88.9,25.0,996.0,D,16.8,89.4,25.0,995.0,D,18.2,89.7,30.0,991.0,DD,20.2,89.2,50.0,983.0,SCS
NIO_2024_REMAL_20240524_1200Z,NIO_2024_REMAL,TEST,2024-05-24T12:00:00+00:00,data/interim/gridsat/2024/gridsat_2024.05.23.21.npz,data/interim/gridsat/2024/gridsat_2024.05.24.00.npz,data/interim/gridsat/2024/gridsat_2024.05.24.03.npz,data/interim/gridsat/2024/gridsat_2024.05.24.06.npz,data/interim/gridsat/2024/gridsat_2024.05.24.09.npz,data/interim/gridsat/2024/gridsat_2024.05.24.12.npz,16.2,89.1,25.0,995.0,D,17.6,89.7,30.0,993.0,DD,18.8,89.5,35.0,989.0,CS,21.1,89.2,60.0,978.0,SCS
NIO_2024_REMAL_20240524_1800Z,NIO_2024_REMAL,TEST,2024-05-24T18:00:00+00:00,data/interim/gridsat/2024/gridsat_2024.05.24.03.npz,data/interim/gridsat/2024/gridsat_2024.05.24.06.npz,data/interim/gridsat/2024/gridsat_2024.05.24.09.npz,data/interim/gridsat/2024/gridsat_2024.05.24.12.npz,data/interim/gridsat/2024/gridsat_2024.05.24.15.npz,data/interim/gridsat/2024/gridsat_2024.05.24.18.npz,16.8,89.4,25.0,995.0,D,18.2,89.7,30.0,991.0,DD,19.3,89.4,40.0,988.0,CS,21.7,89.2,60.0,978.0,SCS
NIO_2024_REMAL_20240525_0000Z,NIO_2024_REMAL,TEST,2024-05-25T00:00:00+00:00,data/interim/gridsat/2024/gridsat_2024.05.24.09.npz,data/interim/gridsat/2024/gridsat_2024.05.24.12.npz,data/interim/gridsat/2024/gridsat_2024.05.24.15.npz,data/interim/gridsat/2024/gridsat_2024.05.24.18.npz,data/interim/gridsat/2024/gridsat_2024.05.24.21.npz,data/interim/gridsat/2024/gridsat_2024.05.25.00.npz,17.6,89.7,30.0,993.0,DD,18.8,89.5,35.0,989.0,CS,19.5,89.4,50.0,984.0,SCS,22.5,89.2,45.0,982.0,CS
NIO_2024_REMAL_20240525_0300Z,NIO_2024_REMAL,TEST,2024-05-25T03:00:00+00:00,data/interim/gridsat/2024/gridsat_2024.05.24.12.npz,data/interim/gridsat/2024/gridsat_2024.05.24.15.npz,data/interim/gridsat/2024/gridsat_2024.05.24.18.npz,data/interim/gridsat/2024/gridsat_2024.05.24.21.npz,data/interim/gridsat/2024/gridsat_2024.05.25.00.npz,data/interim/gridsat/2024/gridsat_2024.05.25.03.npz,18.0,89.7,30.0,992.0,DD,19.1,89.5,35.0,989.0,CS,19.8,89.3,50.0,984.0,SCS,22.8,89.2,40.0,984.0,CS
NIO_2024_REMAL_20240525_0600Z,NIO_2024_REMAL,TEST,2024-05-25T06:00:00+00:00,data/interim/gridsat/2024/gridsat_2024.05.24.15.npz,data/interim/gridsat/2024/gridsat_2024.05.24.18.npz,data/interim/gridsat/2024/gridsat_2024.05.24.21.npz,data/interim/gridsat/2024/gridsat_2024.05.25.00.npz,data/interim/gridsat/2024/gridsat_2024.05.25.03.npz,data/interim/gridsat/2024/gridsat_2024.05.25.06.npz,18.2,89.7,30.0,991.0,DD,19.3,89.4,40.0,988.0,CS,20.2,89.2,50.0,983.0,SCS,23.0,89.2,35.0,985.0,CS
NIO_2024_REMAL_20240525_1200Z,NIO_2024_REMAL,TEST,2024-05-25T12:00:00+00:00,data/interim/gridsat/2024/gridsat_2024.05.24.21.npz,data/interim/gridsat/2024/gridsat_2024.05.25.00.npz,data/interim/gridsat/2024/gridsat_2024.05.25.03.npz,data/interim/gridsat/2024/gridsat_2024.05.25.06.npz,data/interim/gridsat/2024/gridsat_2024.05.25.09.npz,data/interim/gridsat/2024/gridsat_2024.05.25.12.npz,18.8,89.5,35.0,989.0,CS,19.5,89.4,50.0,984.0,SCS,21.1,89.2,60.0,978.0,SCS,23.6,89.7,35.0,987.0,CS
NIO_2024_REMAL_20240525_1500Z,NIO_2024_REMAL,TEST,2024-05-25T15:00:00+00:00,data/interim/gridsat/2024/gridsat_2024.05.25.00.npz,data/interim/gridsat/2024/gridsat_2024.05.25.03.npz,data/interim/gridsat/2024/gridsat_2024.05.25.06.npz,data/interim/gridsat/2024/gridsat_2024.05.25.09.npz,data/interim/gridsat/2024/gridsat_2024.05.25.12.npz,data/interim/gridsat/2024/gridsat_2024.05.25.15.npz,19.1,89.5,35.0,989.0,CS,19.8,89.3,50.0,984.0,SCS,21.4,89.2,60.0,978.0,SCS,23.8,90.2,30.0,988.0,DD
NIO_2024_REMAL_20240525_1800Z,NIO_2024_REMAL,TEST,2024-05-25T18:00:00+00:00,data/interim/gridsat/2024/gridsat_2024.05.25.03.npz,data/interim/gridsat/2024/gridsat_2024.05.25.06.npz,data/interim/gridsat/2024/gridsat_2024.05.25.09.npz,data/interim/gridsat/2024/gridsat_2024.05.25.12.npz,data/interim/gridsat/2024/gridsat_2024.05.25.15.npz,data/interim/gridsat/2024/gridsat_2024.05.25.18.npz,19.3,89.4,40.0,988.0,CS,20.2,89.2,50.0,983.0,SCS,21.7,89.2,60.0,978.0,SCS,24.0,90.5,30.0,990.0,DD
NIO_2024_REMAL_20240526_0000Z,NIO_2024_REMAL,TEST,2024-05-26T00:00:00+00:00,data/interim/gridsat/2024/gridsat_2024.05.25.09.npz,data/interim/gridsat/2024/gridsat_2024.05.25.12.npz,data/interim/gridsat/2024/gridsat_2024.05.25.15.npz,data/interim/gridsat/2024/gridsat_2024.05.25.18.npz,data/interim/gridsat/2024/gridsat_2024.05.25.21.npz,data/interim/gridsat/2024/gridsat_2024.05.26.00.npz,19.5,89.4,50.0,984.0,SCS,21.1,89.2,60.0,978.0,SCS,22.5,89.2,45.0,982.0,CS,24.4,91.1,20.0,991.0,D
NIO_2024_REMAL_20240526_0300Z,NIO_2024_REMAL,TEST,2024-05-26T03:00:00+00:00,data/interim/gridsat/2024/gridsat_2024.05.25.12.npz,data/interim/gridsat/2024/gridsat_2024.05.25.15.npz,data/interim/gridsat/2024/gridsat_2024.05.25.18.npz,data/interim/gridsat/2024/gridsat_2024.05.25.21.npz,data/interim/gridsat/2024/gridsat_2024.05.26.00.npz,data/interim/gridsat/2024/gridsat_2024.05.26.03.npz,19.8,89.3,50.0,984.0,SCS,21.4,89.2,60.0,978.0,SCS,22.8,89.2,40.0,984.0,CS,24.7,91.5,20.0,992.0,D
NIO_2024_REMAL_20240526_0600Z,NIO_2024_REMAL,TEST,2024-05-26T06:00:00+00:00,data/interim/gridsat/2024/gridsat_2024.05.25.15.npz,data/interim/gridsat/2024/gridsat_2024.05.25.18.npz,data/interim/gridsat/2024/gridsat_2024.05.25.21.npz,data/interim/gridsat/2024/gridsat_2024.05.26.00.npz,data/interim/gridsat/2024/gridsat_2024.05.26.03.npz,data/interim/gridsat/2024/gridsat_2024.05.26.06.npz,20.2,89.2,50.0,983.0,SCS,21.7,89.2,60.0,978.0,SCS,23.0,89.2,35.0,985.0,CS,25.1,91.8,20.0,993.0,D
NIO_2024_UNNAMED_2_4_1_20240802_1200Z,NIO_2024_UNNAMED_2_4_1,TEST,2024-08-02T12:00:00+00:00,data/interim/gridsat/2024/gridsat_2024.08.01.21.npz,data/interim/gridsat/2024/gridsat_2024.08.02.00.npz,data/interim/gridsat/2024/gridsat_2024.08.02.03.npz,data/interim/gridsat/2024/gridsat_2024.08.02.06.npz,data/interim/gridsat/2024/gridsat_2024.08.02.09.npz,data/interim/gridsat/2024/gridsat_2024.08.02.12.npz,24.2,85.2,20.0,992.0,D,24.3,84.6,25.0,991.0,D,24.8,83.0,30.0,988.0,DD,25.8,78.4,30.0,992.0,DD
NIO_2024_UNNAMED_2_4_1_20240802_1800Z,NIO_2024_UNNAMED_2_4_1,TEST,2024-08-02T18:00:00+00:00,data/interim/gridsat/2024/gridsat_2024.08.02.03.npz,data/interim/gridsat/2024/gridsat_2024.08.02.06.npz,data/interim/gridsat/2024/gridsat_2024.08.02.09.npz,data/interim/gridsat/2024/gridsat_2024.08.02.12.npz,data/interim/gridsat/2024/gridsat_2024.08.02.15.npz,data/interim/gridsat/2024/gridsat_2024.08.02.18.npz,24.2,84.9,20.0,992.0,D,24.5,84.2,30.0,988.0,DD,24.8,81.5,30.0,990.0,DD,26.0,77.6,30.0,992.0,DD
NIO_2024_UNNAMED_2_4_1_20240803_0000Z,NIO_2024_UNNAMED_2_4_1,TEST,2024-08-03T00:00:00+00:00,data/interim/gridsat/2024/gridsat_2024.08.02.09.npz,data/interim/gridsat/2024/gridsat_2024.08.02.12.npz,data/interim/gridsat/2024/gridsat_2024.08.02.15.npz,data/interim/gridsat/2024/gridsat_2024.08.02.18.npz,data/interim/gridsat/2024/gridsat_2024.08.02.21.npz,data/interim/gridsat/2024/gridsat_2024.08.03.00.npz,24.3,84.6,25.0,991.0,D,24.8,83.0,30.0,988.0,DD,24.9,81.0,30.0,990.0,DD,26.3,76.2,25.0,993.0,D
NIO_2024_UNNAMED_2_4_1_20240803_0600Z,NIO_2024_UNNAMED_2_4_1,TEST,2024-08-03T06:00:00+00:00,data/interim/gridsat/2024/gridsat_2024.08.02.15.npz,data/interim/gridsat/2024/gridsat_2024.08.02.18.npz,data/interim/gridsat/2024/gridsat_2024.08.02.21.npz,data/interim/gridsat/2024/gridsat_2024.08.03.00.npz,data/interim/gridsat/2024/gridsat_2024.08.03.03.npz,data/interim/gridsat/2024/gridsat_2024.08.03.06.npz,24.5,84.2,30.0,988.0,DD,24.8,81.5,30.0,990.0,DD,25.3,79.6,30.0,992.0,DD,26.8,75.2,25.0,994.0,D
NIO_2024_UNNAMED_2_4_1_20240803_1200Z,NIO_2024_UNNAMED_2_4_1,TEST,2024-08-03T12:00:00+00:00,data/interim/gridsat/2024/gridsat_2024.08.02.21.npz,data/interim/gridsat/2024/gridsat_2024.08.03.00.npz,data/interim/gridsat/2024/gridsat_2024.08.03.03.npz,data/interim/gridsat/2024/gridsat_2024.08.03.06.npz,data/interim/gridsat/2024/gridsat_2024.08.03.09.npz,data/interim/gridsat/2024/gridsat_2024.08.03.12.npz,24.8,83.0,30.0,988.0,DD,24.9,81.0,30.0,990.0,DD,25.8,78.4,30.0,992.0,DD,27.6,73.5,20.0,994.0,D
NIO_2024_UNNAMED_2_4_1_20240803_1800Z,NIO_2024_UNNAMED_2_4_1,TEST,2024-08-03T18:00:00+00:00,data/interim/gridsat/2024/gridsat_2024.08.03.03.npz,data/interim/gridsat/2024/gridsat_2024.08.03.06.npz,data/interim/gridsat/2024/gridsat_2024.08.03.09.npz,data/interim/gridsat/2024/gridsat_2024.08.03.12.npz,data/interim/gridsat/2024/gridsat_2024.08.03.15.npz,data/interim/gridsat/2024/gridsat_2024.08.03.18.npz,24.8,81.5,30.0,990.0,DD,25.3,79.6,30.0,992.0,DD,26.0,77.6,30.0,992.0,DD,28.8,72.0,20.0,996.0,D
NIO_2024_UNNAMED_2_7_1_20240908_0000Z,NIO_2024_UNNAMED_2_7_1,TEST,2024-09-08T00:00:00+00:00,data/interim/gridsat/2024/gridsat_2024.09.07.09.npz,data/interim/gridsat/2024/gridsat_2024.09.07.12.npz,data/interim/gridsat/2024/gridsat_2024.09.07.15.npz,data/interim/gridsat/2024/gridsat_2024.09.07.18.npz,data/interim/gridsat/2024/gridsat_2024.09.07.21.npz,data/interim/gridsat/2024/gridsat_2024.09.08.00.npz,17.9,87.0,25.0,998.0,D,18.6,86.4,25.0,995.0,D,19.3,86.2,30.0,991.0,DD,21.7,83.3,25.0,995.0,D
NIO_2024_UNNAMED_2_7_1_20240908_0600Z,NIO_2024_UNNAMED_2_7_1,TEST,2024-09-08T06:00:00+00:00,data/interim/gridsat/2024/gridsat_2024.09.07.15.npz,data/interim/gridsat/2024/gridsat_2024.09.07.18.npz,data/interim/gridsat/2024/gridsat_2024.09.07.21.npz,data/interim/gridsat/2024/gridsat_2024.09.08.00.npz,data/interim/gridsat/2024/gridsat_2024.09.08.03.npz,data/interim/gridsat/2024/gridsat_2024.09.08.06.npz,18.4,86.7,25.0,997.0,D,18.9,86.3,30.0,993.0,DD,20.0,86.0,30.0,992.0,DD,21.9,82.1,25.0,996.0,D
