storm_id,storm_name,year,split,t0,lat_t0,lon_t0,wind_t0,pressure_t0,category_t0,target_12h_timestamp,lat_12h,lon_12h,wind_12h,pressure_12h,category_12h,target_24h_timestamp,lat_24h,lon_24h,wind_24h,pressure_24h,category_24h,target_48h_timestamp,lat_48h,lon_48h,wind_48h,pressure_48h,category_48h,t_minus_15h,t_minus_12h,t_minus_9h,t_minus_6h,t_minus_3h
NIO_1998_UNNAMED_31,,1998,TRAIN,1998-10-07T03:00:00+00:00,14.0,69.0,15.0,1004.0,,1998-10-07T15:00:00+00:00,14.0,68.0,25.0,1002.0,,1998-10-08T03:00:00+00:00,14.0,67.0,30.0,1002.0,DD,1998-10-09T03:00:00+00:00,15.0,64.5,30.0,1002.0,DD,1998-10-06T12:00:00+00:00,1998-10-06T15:00:00+00:00,1998-10-06T18:00:00+00:00,1998-10-06T21:00:00+00:00,1998-10-07T00:00:00+00:00
NIO_1999_UNNAMED_13,,1999,TRAIN,1999-02-01T03:00:00+00:00,9.0,89.0,25.0,1006.0,D,1999-02-01T15:00:00+00:00,9.0,88.0,25.0,1004.0,D,1999-02-02T03:00:00+00:00,9.5,86.0,15.0,1006.0,D,1999-02-03T03:00:00+00:00,11.5,86.0,50.0,998.0,CS,1999-01-31T12:00:00+00:00,1999-01-31T15:00:00+00:00,1999-01-31T18:00:00+00:00,1999-01-31T21:00:00+00:00,1999-02-01T00:00:00+00:00
NIO_2002_UNNAMED_25,,2002,TRAIN,2002-11-10T12:00:00+00:00,12.0,82.5,30.0,1002.0,DD,2002-11-11T00:00:00+00:00,13.5,82.5,20.0,1004.0,DD,2002-11-11T12:00:00+00:00,16.0,84.5,25.0,996.0,CS,2002-11-12T12:00:00+00:00,24.0,90.0,,,DD,2002-11-09T21:00:00+00:00,2002-11-10T00:00:00+00:00,2002-11-10T03:00:00+00:00,2002-11-10T06:00:00+00:00,2002-11-10T09:00:00+00:00
NIO_2002_UNNAMED_29,,2002,TRAIN,2002-11-23T06:00:00+00:00,10.5,87.0,25.0,1004.0,D,2002-11-23T18:00:00+00:00,12.5,87.0,20.0,1002.0,DD,2002-11-24T06:00:00+00:00,13.5,87.5,25.0,,CS,2002-11-25T06:00:00+00:00,15.5,88.0,25.0,1002.0,CS,2002-11-22T15:00:00+00:00,2002-11-22T18:00:00+00:00,2002-11-22T21:00:00+00:00,2002-11-23T00:00:00+00:00,2002-11-23T03:00:00+00:00
NIO_2002_UNNAMED_29,,2002,TRAIN,2002-11-23T12:00:00+00:00,12.0,87.0,25.0,1002.0,D,2002-11-24T00:00:00+00:00,13.0,87.5,20.0,1002.0,DD,2002-11-24T12:00:00+00:00,15.0,88.0,35.0,1000.0,CS,2002-11-25T12:00:00+00:00,15.5,88.0,25.0,1000.0,CS,2002-11-22T21:00:00+00:00,2002-11-23T00:00:00+00:00,2002-11-23T03:00:00+00:00,2002-11-23T06:00:00+00:00,2002-11-23T09:00:00+00:00
NIO_2002_UNNAMED_29,,2002,TRAIN,2002-11-24T00:00:00+00:00,13.0,87.5,20.0,1002.0,DD,2002-11-24T12:00:00+00:00,15.0,88.0,35.0,1000.0,CS,2002-11-25T00:00:00+00:00,15.5,88.0,25.0,1002.0,CS,2002-11-26T00:00:00+00:00,16.0,88.0,25.0,1002.0,CS,2002-11-23T09:00:00+00:00,2002-11-23T12:00:00+00:00,2002-11-23T15:00:00+00:00,2002-11-23T18:00:00+00:00,2002-11-23T21:00:00+00:00
NIO_2002_UNNAMED_29,,2002,TRAIN,2002-11-24T12:00:00+00:00,15.0,88.0,35.0,1000.0,CS,2002-11-25T00:00:00+00:00,15.5,88.0,25.0,1002.0,CS,2002-11-25T12:00:00+00:00,15.5,88.0,25.0,1000.0,CS,2002-11-26T12:00:00+00:00,16.5,88.5,25.0,1000.0,CS,2002-11-23T21:00:00+00:00,2002-11-24T00:00:00+00:00,2002-11-24T03:00:00+00:00,2002-11-24T06:00:00+00:00,2002-11-24T09:00:00+00:00
NIO_2005_IN,IN,2005,TRAIN,2005-01-15T03:00:00+00:00,5.5,87.0,35.0,1002.0,CS,2005-01-15T15:00:00+00:00,5.5,87.0,35.0,1002.0,CS,2005-01-16T03:00:00+00:00,5.5,86.5,35.0,1004.0,CS,2005-01-17T03:00:00+00:00,5.0,86.0,30.0,1004.0,DD,2005-01-14T12:00:00+00:00,2005-01-14T15:00:00+00:00,2005-01-14T18:00:00+00:00,2005-01-14T21:00:00+00:00,2005-01-15T00:00:00+00:00
NIO_2005_UNNAMED_2_10,,2005,TRAIN,2005-11-28T03:00:00+00:00,10.5,90.5,25.0,1006.0,D,2005-11-28T15:00:00+00:00,10.5,88.0,30.0,1004.0,DD,2005-11-29T03:00:00+00:00,10.5,87.0,45.0,1002.0,CS,2005-11-30T03:00:00+00:00,12.0,84.0,45.0,998.0,CS,2005-11-27T12:00:00+00:00,2005-11-27T15:00:00+00:00,2005-11-27T18:00:00+00:00,2005-11-27T21:00:00+00:00,2005-11-28T00:00:00+00:00
NIO_2005_UNNAMED_2_10,,2005,TRAIN,2005-11-28T06:00:00+00:00,10.5,90.0,30.0,1004.0,DD,2005-11-28T18:00:00+00:00,10.5,88.0,35.0,1004.0,CS,2005-11-29T06:00:00+00:00,11.0,86.0,45.0,998.0,CS,2005-11-30T06:00:00+00:00,12.5,84.0,35.0,998.0,CS,2005-11-27T15:00:00+00:00,2005-11-27T18:00:00+00:00,2005-11-27T21:00:00+00:00,2005-11-28T00:00:00+00:00,2005-11-28T03:00:00+00:00
NIO_2005_UNNAMED_2_10,,2005,TRAIN,2005-11-28T09:00:00+00:00,10.5,89.0,30.0,1004.0,DD,2005-11-28T21:00:00+00:00,10.5,88.0,35.0,1004.0,CS,2005-11-29T09:00:00+00:00,11.5,85.0,45.0,998.0,CS,2005-11-30T09:00:00+00:00,12.5,84.0,35.0,998.0,CS,2005-11-27T18:00:00+00:00,2005-11-27T21:00:00+00:00,2005-11-28T00:00:00+00:00,2005-11-28T03:00:00+00:00,2005-11-28T06:00:00+00:00
NIO_2005_UNNAMED_2_10,,2005,TRAIN,2005-11-28T12:00:00+00:00,10.5,88.5,30.0,1004.0,DD,2005-11-29T00:00:00+00:00,10.5,87.5,35.0,1002.0,CS,2005-11-29T12:00:00+00:00,12.0,84.0,45.0,998.0,CS,2005-11-30T12:00:00+00:00,12.5,84.0,35.0,998.0,CS,2005-11-27T21:00:00+00:00,2005-11-28T00:00:00+00:00,2005-11-28T03:00:00+00:00,2005-11-28T06:00:00+00:00,2005-11-28T09:00:00+00:00
NIO_2005_UNNAMED_2_10,,2005,TRAIN,2005-11-28T15:00:00+00:00,10.5,88.0,30.0,1004.0,DD,2005-11-29T03:00:00+00:00,10.5,87.0,45.0,1002.0,CS,2005-11-29T15:00:00+00:00,12.0,84.0,45.0,998.0,CS,2005-11-30T15:00:00+00:00,12.5,84.0,35.0,998.0,CS,2005-11-28T00:00:00+00:00,2005-11-28T03:00:00+00:00,2005-11-28T06:00:00+00:00,2005-11-28T09:00:00+00:00,2005-11-28T12:00:00+00:00
NIO_2005_UNNAMED_2_10,,2005,TRAIN,2005-11-28T18:00:00+00:00,10.5,88.0,35.0,1004.0,CS,2005-11-29T06:00:00+00:00,11.0,86.0,45.0,998.0,CS,2005-11-29T18:00:00+00:00,12.0,84.0,45.0,998.0,CS,2005-11-30T18:00:00+00:00,12.5,84.0,35.0,998.0,CS,2005-11-28T03:00:00+00:00,2005-11-28T06:00:00+00:00,2005-11-28T09:00:00+00:00,2005-11-28T12:00:00+00:00,2005-11-28T15:00:00+00:00
NIO_2005_UNNAMED_2_10,,2005,TRAIN,2005-11-28T21:00:00+00:00,10.5,88.0,35.0,1004.0,CS,2005-11-29T09:00:00+00:00,11.5,85.0,45.0,998.0,CS,2005-11-29T21:00:00+00:00,12.0,84.0,45.0,998.0,CS,2005-11-30T21:00:00+00:00,12.5,84.0,35.0,998.0,CS,2005-11-28T06:00:00+00:00,2005-11-28T09:00:00+00:00,2005-11-28T12:00:00+00:00,2005-11-28T15:00:00+00:00,2005-11-28T18:00:00+00:00
NIO_2005_UNNAMED_2_10,,2005,TRAIN,2005-11-29T00:00:00+00:00,10.5,87.5,35.0,1002.0,CS,2005-11-29T12:00:00+00:00,12.0,84.0,45.0,998.0,CS,2005-11-30T00:00:00+00:00,12.0,84.0,45.0,998.0,CS,2005-12-01T00:00:00+00:00,12.5,84.0,35.0,998.0,CS,2005-11-28T09:00:00+00:00,2005-11-28T12:00:00+00:00,2005-11-28T15:00:00+00:00,2005-11-28T18:00:00+00:00,2005-11-28T21:00:00+00:00
NIO_2005_UNNAMED_2_10,,2005,TRAIN,2005-11-29T03:00:00+00:00,10.5,87.0,45.0,1002.0,CS,2005-11-29T15:00:00+00:00,12.0,84.0,45.0,998.0,CS,2005-11-30T03:00:00+00:00,12.0,84.0,45.0,998.0,CS,2005-12-01T03:00:00+00:00,12.5,84.0,35.0,998.0,CS,2005-11-28T12:00:00+00:00,2005-11-28T15:00:00+00:00,2005-11-28T18:00:00+00:00,2005-11-28T21:00:00+00:00,2005-11-29T00:00:00+00:00
NIO_2005_UNNAMED_2_10,,2005,TRAIN,2005-11-29T06:00:00+00:00,11.0,86.0,45.0,998.0,CS,2005-11-29T18:00:00+00:00,12.0,84.0,45.0,998.0,CS,2005-11-30T06:00:00+00:00,12.5,84.0,35.0,998.0,CS,2005-12-01T06:00:00+00:00,12.5,83.5,35.0,998.0,CS,2005-11-28T15:00:00+00:00,2005-11-28T18:00:00+00:00,2005-11-28T21:00:00+00:00,2005-11-29T00:00:00+00:00,2005-11-29T03:00:00+00:00
NIO_2005_UNNAMED_2_10,,2005,TRAIN,2005-11-29T09:00:00+00:00,11.5,85.0,45.0,998.0,CS,2005-11-29T21:00:00+00:00,12.0,84.0,45.0,998.0,CS,2005-11-30T09:00:00+00:00,12.5,84.0,35.0,998.0,CS,2005-12-01T09:00:00+00:00,12.5,83.5,35.0,998.0,CS,2005-11-28T18:00:00+00:00,2005-11-28T21:00:00+00:00,2005-11-29T00:00:00+00:00,2005-11-29T03:00:00+00:00,2005-11-29T06:00:00+00:00
NIO_2005_UNNAMED_2_10,,2005,TRAIN,2005-11-29T12:00:00+00:00,12.0,84.0,45.0,998.0,CS,2005-11-30T00:00:00+00:00,12.0,84.0,45.0,998.0,CS,2005-11-30T12:00:00+00:00,12.5,84.0,35.0,998.0,CS,2005-12-01T12:00:00+00:00,12.5,83.5,30.0,998.0,DD,2005-11-28T21:00:00+00:00,2005-11-29T00:00:00+00:00,2005-11-29T03:00:00+00:00,2005-11-29T06:00:00+00:00,2005-11-29T09:00:00+00:00
NIO_2005_UNNAMED_2_10,,2005,TRAIN,2005-11-29T15:00:00+00:00,12.0,84.0,45.0,998.0,CS,2005-11-30T03:00:00+00:00,12.0,84.0,45.0,998.0,CS,2005-11-30T15:00:00+00:00,12.5,84.0,35.0,998.0,CS,2005-12-01T15:00:00+00:00,12.5,83.5,30.0,998.0,DD,2005-11-29T00:00:00+00:00,2005-11-29T03:00:00+00:00,2005-11-29T06:00:00+00:00,2005-11-29T09:00:00+00:00,2005-11-29T12:00:00+00:00
NIO_2005_UNNAMED_2_10,,2005,TRAIN,2005-11-29T18:00:00+00:00,12.0,84.0,45.0,998.0,CS,2005-11-30T06:00:00+00:00,12.5,84.0,35.0,998.0,CS,2005-11-30T18:00:00+00:00,12.5,84.0,35.0,998.0,CS,2005-12-01T18:00:00+00:00,13.0,83.0,30.0,998.0,DD,2005-11-29T03:00:00+00:00,2005-11-29T06:00:00+00:00,2005-11-29T09:00:00+00:00,2005-11-29T12:00:00+00:00,2005-11-29T15:00:00+00:00
NIO_2005_UNNAMED_2_10,,2005,TRAIN,2005-11-29T21:00:00+00:00,12.0,84.0,45.0,998.0,CS,2005-11-30T09:00:00+00:00,12.5,84.0,35.0,998.0,CS,2005-11-30T21:00:00+00:00,12.5,84.0,35.0,998.0,CS,2005-12-01T21:00:00+00:00,13.0,83.0,30.0,998.0,DD,2005-11-29T06:00:00+00:00,2005-11-29T09:00:00+00:00,2005-11-29T12:00:00+00:00,2005-11-29T15:00:00+00:00,2005-11-29T18:00:00+00:00
NIO_2005_UNNAMED_2_10,,2005,TRAIN,2005-11-30T00:00:00+00:00,12.0,84.0,45.0,998.0,CS,2005-11-30T12:00:00+00:00,12.5,84.0,35.0,998.0,CS,2005-12-01T00:00:00+00:00,12.5,84.0,35.0,998.0,CS,2005-12-02T00:00:00+00:00,13.0,82.5,25.0,1002.0,D,2005-11-29T09:00:00+00:00,2005-11-29T12:00:00+00:00,2005-11-29T15:00:00+00:00,2005-11-29T18:00:00+00:00,2005-11-29T21:00:00+00:00
NIO_2005_UNNAMED_2_10,,2005,TRAIN,2005-11-30T03:00:00+00:00,12.0,84.0,45.0,998.0,CS,2005-11-30T15:00:00+00:00,12.5,84.0,35.0,998.0,CS,2005-12-01T03:00:00+00:00,12.5,84.0,35.0,998.0,CS,2005-12-02T03:00:00+00:00,13.0,82.5,25.0,1004.0,D,2005-11-29T12:00:00+00:00,2005-11-29T15:00:00+00:00,2005-11-29T18:00:00+00:00,2005-11-29T21:00:00+00:00,2005-11-30T00:00:00+00:00
NIO_2005_UNNAMED_2_11_1,,2005,TRAIN,2005-12-06T03:00:00+00:00,10.5,89.5,25.0,1006.0,D,2005-12-06T15:00:00+00:00,11.0,89.0,30.0,1004.0,DD,2005-12-07T03:00:00+00:00,11.0,87.5,35.0,1000.0,CS,2005-12-08T03:00:00+00:00,10.5,86.0,45.0,998.0,CS,2005-12-05T12:00:00+00:00,2005-12-05T15:00:00+00:00,2005-12-05T18:00:00+00:00,2005-12-05T21:00:00+00:00,2005-12-06T00:00:00+00:00
NIO_2005_UNNAMED_2_11_1,,2005,TRAIN,2005-12-06T06:00:00+00:00,10.5,89.5,25.0,1004.0,D,2005-12-06T18:00:00+00:00,11.0,88.5,30.0,1004.0,DD,2005-12-07T06:00:00+00:00,11.0,87.0,40.0,1000.0,CS,2005-12-08T06:00:00+00:00,10.5,85.5,45.0,998.0,CS,2005-12-05T15:00:00+00:00,2005-12-05T18:00:00+00:00,2005-12-05T21:00:00+00:00,2005-12-06T00:00:00+00:00,2005-12-06T03:00:00+00:00
NIO_2005_UNNAMED_2_11_1,,2005,TRAIN,2005-12-06T09:00:00+00:00,11.0,89.0,30.0,1004.0,DD,2005-12-06T21:00:00+00:00,11.0,88.5,30.0,1004.0,DD,2005-12-07T09:00:00+00:00,11.0,86.5,45.0,998.0,CS,2005-12-08T09:00:00+00:00,10.5,85.0,45.0,998.0,CS,2005-12-05T18:00:00+00:00,2005-12-05T21:00:00+00:00,2005-12-06T00:00:00+00:00,2005-12-06T03:00:00+00:00,2005-12-06T06:00:00+00:00
NIO_2005_UNNAMED_2_11_1,,2005,TRAIN,2005-12-06T12:00:00+00:00,11.0,89.0,30.0,1004.0,DD,2005-12-07T00:00:00+00:00,11.0,88.5,30.0,1002.0,DD,2005-12-07T12:00:00+00:00,11.0,86.5,45.0,998.0,CS,2005-12-08T12:00:00+00:00,10.5,84.5,45.0,998.0,CS,2005-12-05T21:00:00+00:00,2005-12-06T00:00:00+00:00,2005-12-06T03:00:00+00:00,2005-12-06T06:00:00+00:00,2005-12-06T09:00:00+00:00
NIO_2005_UNNAMED_2_11_1,,2005,TRAIN,2005-12-06T15:00:00+00:00,11.0,89.0,30.0,1004.0,DD,2005-12-07T03:00:00+00:00,11.0,87.5,35.0,1000.0,CS,2005-12-07T15:00:00+00:00,11.0,86.5,45.0,998.0,CS,2005-12-08T15:00:00+00:00,10.5,84.5,45.0,998.0,CS,2005-12-06T00:00:00+00:00,2005-12-06T03:00:00+00:00,2005-12-06T06:00:00+00:00,2005-12-06T09:00:00+00:00,2005-12-06T12:00:00+00:00
NIO_2005_UNNAMED_2_11_1,,2005,TRAIN,2005-12-06T18:00:00+00:00,11.0,88.5,30.0,1004.0,DD,2005-12-07T06:00:00+00:00,11.0,87.0,40.0,1000.0,CS,2005-12-07T18:00:00+00:00,11.0,86.0,45.0,998.0,CS,2005-12-08T18:00:00+00:00,10.5,84.0,45.0,998.0,CS,2005-12-06T03:00:00+00:00,2005-12-06T06:00:00+00:00,2005-12-06T09:00:00+00:00,2005-12-06T12:00:00+00:00,2005-12-06T15:00:00+00:00
NIO_2005_UNNAMED_2_11_1,,2005,TRAIN,2005-12-06T21:00:00+00:00,11.0,88.5,30.0,1004.0,DD,2005-12-07T09:00:00+00:00,11.0,86.5,45.0,998.0,CS,2005-12-07T21:00:00+00:00,11.0,86.0,45.0,998.0,CS,2005-12-08T21:00:00+00:00,10.5,84.0,45.0,998.0,CS,2005-12-06T06:00:00+00:00,2005-12-06T09:00:00+00:00,2005-12-06T12:00:00+00:00,2005-12-06T15:00:00+00:00,2005-12-06T18:00:00+00:00
NIO_2005_UNNAMED_2_11_1,,2005,TRAIN,2005-12-07T00:00:00+00:00,11.0,88.5,30.0,1002.0,DD,2005-12-07T12:00:00+00:00,11.0,86.5,45.0,998.0,CS,2005-12-08T00:00:00+00:00,11.0,86.0,45.0,998.0,CS,2005-12-09T00:00:00+00:00,10.5,83.5,45.0,998.0,CS,2005-12-06T09:00:00+00:00,2005-12-06T12:00:00+00:00,2005-12-06T15:00:00+00:00,2005-12-06T18:00:00+00:00,2005-12-06T21:00:00+00:00
NIO_2005_UNNAMED_2_11_1,,2005,TRAIN,2005-12-07T03:00:00+00:00,11.0,87.5,35.0,1000.0,CS,2005-12-07T15:00:00+00:00,11.0,86.5,45.0,998.0,CS,2005-12-08T03:00:00+00:00,10.5,86.0,45.0,998.0,CS,2005-12-09T03:00:00+00:00,10.5,83.0,45.0,998.0,CS,2005-12-06T12:00:00+00:00,2005-12-06T15:00:00+00:00,2005-12-06T18:00:00+00:00,2005-12-06T21:00:00+00:00,2005-12-07T00:00:00+00:00
NIO_2005_UNNAMED_2_11_1,,2005,TRAIN,2005-12-07T06:00:00+00:00,11.0,87.0,40.0,1000.0,CS,2005-12-07T18:00:00+00:00,11.0,86.0,45.0,998.0,CS,2005-12-08T06:00:00+00:00,10.5,85.5,45.0,998.0,CS,2005-12-09T06:00:00+00:00,10.5,83.0,45.0,998.0,CS,2005-12-06T15:00:00+00:00,2005-12-06T18:00:00+00:00,2005-12-06T21:00:00+00:00,2005-12-07T00:00:00+00:00,2005-12-07T03:00:00+00:00
NIO_2005_UNNAMED_2_11_1,,2005,TRAIN,2005-12-07T09:00:00+00:00,11.0,86.5,45.0,998.0,CS,2005-12-07T21:00:00+00:00,11.0,86.0,45.0,998.0,CS,2005-12-08T09:00:00+00:00,10.5,85.0,45.0,998.0,CS,2005-12-09T09:00:00+00:00,10.5,82.5,45.0,998.0,CS,2005-12-06T18:00:00+00:00,2005-12-06T21:00:00+00:00,2005-12-07T00:00:00+00:00,2005-12-07T03:00:00+00:00,2005-12-07T06:00:00+00:00
NIO_2005_UNNAMED_2_11_1,,2005,TRAIN,2005-12-07T12:00:00+00:00,11.0,86.5,45.0,998.0,CS,2005-12-08T00:00:00+00:00,11.0,86.0,45.0,998.0,CS,2005-12-08T12:00:00+00:00,10.5,84.5,45.0,998.0,CS,2005-12-09T12:00:00+00:00,10.5,82.0,45.0,998.0,CS,2005-12-06T21:00:00+00:00,2005-12-07T00:00:00+00:00,2005-12-07T03:00:00+00:00,2005-12-07T06:00:00+00:00,2005-12-07T09:00:00+00:00
NIO_2005_UNNAMED_2_11_1,,2005,TRAIN,2005-12-07T15:00:00+00:00,11.0,86.5,45.0,998.0,CS,2005-12-08T03:00:00+00:00,10.5,86.0,45.0,998.0,CS,2005-12-08T15:00:00+00:00,10.5,84.5,45.0,998.0,CS,2005-12-09T15:00:00+00:00,10.5,81.5,45.0,998.0,CS,2005-12-07T00:00:00+00:00,2005-12-07T03:00:00+00:00,2005-12-07T06:00:00+00:00,2005-12-07T09:00:00+00:00,2005-12-07T12:00:00+00:00
NIO_2005_UNNAMED_2_11_1,,2005,TRAIN,2005-12-07T18:00:00+00:00,11.0,86.0,45.0,998.0,CS,2005-12-08T06:00:00+00:00,10.5,85.5,45.0,998.0,CS,2005-12-08T18:00:00+00:00,10.5,84.0,45.0,998.0,CS,2005-12-09T18:00:00+00:00,10.5,81.5,35.0,1000.0,CS,2005-12-07T03:00:00+00:00,2005-12-07T06:00:00+00:00,2005-12-07T09:00:00+00:00,2005-12-07T12:00:00+00:00,2005-12-07T15:00:00+00:00
NIO_2005_UNNAMED_2_11_1,,2005,TRAIN,2005-12-07T21:00:00+00:00,11.0,86.0,45.0,998.0,CS,2005-12-08T09:00:00+00:00,10.5,85.0,45.0,998.0,CS,2005-12-08T21:00:00+00:00,10.5,84.0,45.0,998.0,CS,2005-12-09T21:00:00+00:00,10.5,81.0,35.0,1000.0,CS,2005-12-07T06:00:00+00:00,2005-12-07T09:00:00+00:00,2005-12-07T12:00:00+00:00,2005-12-07T15:00:00+00:00,2005-12-07T18:00:00+00:00
NIO_2005_UNNAMED_2_12_1,,2005,TRAIN,2005-12-15T12:00:00+00:00,8.0,87.0,25.0,1006.0,D,2005-12-16T00:00:00+00:00,8.0,87.0,25.0,1004.0,D,2005-12-16T12:00:00+00:00,8.0,84.5,25.0,1002.0,D,2005-12-17T12:00:00+00:00,8.5,83.5,30.0,1000.0,DD,2005-12-14T21:00:00+00:00,2005-12-15T00:00:00+00:00,2005-12-15T03:00:00+00:00,2005-12-15T06:00:00+00:00,2005-12-15T09:00:00+00:00
NIO_2005_UNNAMED_2_12_1,,2005,TRAIN,2005-12-15T15:00:00+00:00,8.0,87.0,25.0,1004.0,D,2005-12-16T03:00:00+00:00,8.0,85.0,25.0,1002.0,D,2005-12-16T15:00:00+00:00,8.0,84.5,25.0,1002.0,D,2005-12-17T15:00:00+00:00,8.5,83.5,30.0,1000.0,DD,2005-12-15T00:00:00+00:00,2005-12-15T03:00:00+00:00,2005-12-15T06:00:00+00:00,2005-12-15T09:00:00+00:00,2005-12-15T12:00:00+00:00
NIO_2005_UNNAMED_2_12_1,,2005,TRAIN,2005-12-15T18:00:00+00:00,8.0,87.0,25.0,1004.0,D,2005-12-16T06:00:00+00:00,8.0,85.0,25.0,1002.0,D,2005-12-16T18:00:00+00:00,8.0,84.5,25.0,1002.0,D,2005-12-17T18:00:00+00:00,9.0,83.0,30.0,1000.0,DD,2005-12-15T03:00:00+00:00,2005-12-15T06:00:00+00:00,2005-12-15T09:00:00+00:00,2005-12-15T12:00:00+00:00,2005-12-15T15:00:00+00:00
NIO_2005_UNNAMED_2_12_1,,2005,TRAIN,2005-12-15T21:00:00+00:00,8.0,87.0,25.0,1004.0,D,2005-12-16T09:00:00+00:00,8.0,84.5,25.0,1002.0,D,2005-12-16T21:00:00+00:00,8.0,84.5,25.0,1002.0,D,2005-12-17T21:00:00+00:00,9.0,83.0,30.0,1000.0,DD,2005-12-15T06:00:00+00:00,2005-12-15T09:00:00+00:00,2005-12-15T12:00:00+00:00,2005-12-15T15:00:00+00:00,2005-12-15T18:00:00+00:00
NIO_2005_UNNAMED_2_12_1,,2005,TRAIN,2005-12-16T00:00:00+00:00,8.0,87.0,25.0,1004.0,D,2005-12-16T12:00:00+00:00,8.0,84.5,25.0,1002.0,D,2005-12-17T00:00:00+00:00,8.0,84.0,25.0,1002.0,D,2005-12-18T00:00:00+00:00,9.5,83.0,30.0,1000.0,DD,2005-12-15T09:00:00+00:00,2005-12-15T12:00:00+00:00,2005-12-15T15:00:00+00:00,2005-12-15T18:00:00+00:00,2005-12-15T21:00:00+00:00
NIO_2005_UNNAMED_2_12_1,,2005,TRAIN,2005-12-16T03:00:00+00:00,8.0,85.0,25.0,1002.0,D,2005-12-16T15:00:00+00:00,8.0,84.5,25.0,1002.0,D,2005-12-17T03:00:00+00:00,8.0,84.0,30.0,1000.0,DD,2005-12-18T03:00:00+00:00,10.0,83.0,30.0,1000.0,DD,2005-12-15T12:00:00+00:00,2005-12-15T15:00:00+00:00,2005-12-15T18:00:00+00:00,2005-12-15T21:00:00+00:00,2005-12-16T00:00:00+00:00
NIO_2005_UNNAMED_2_12_1,,2005,TRAIN,2005-12-16T06:00:00+00:00,8.0,85.0,25.0,1002.0,D,2005-12-16T18:00:00+00:00,8.0,84.5,25.0,1002.0,D,2005-12-17T06:00:00+00:00,8.0,84.0,30.0,1000.0,DD,2005-12-18T06:00:00+00:00,10.0,83.0,30.0,1000.0,DD,2005-12-15T15:00:00+00:00,2005-12-15T18:00:00+00:00,2005-12-15T21:00:00+00:00,2005-12-16T00:00:00+00:00,2005-12-16T03:00:00+00:00
NIO_2005_UNNAMED_2_12_1,,2005,TRAIN,2005-12-16T09:00:00+00:00,8.0,84.5,25.0,1002.0,D,2005-12-16T21:00:00+00:00,8.0,84.5,25.0,1002.0,D,2005-12-17T09:00:00+00:00,8.5,83.5,30.0,1000.0,DD,2005-12-18T09:00:00+00:00,10.5,82.5,30.0,1000.0,DD,2005-12-15T18:00:00+00:00,2005-12-15T21:00:00+00:00,2005-12-16T00:00:00+00:00,2005-12-16T03:00:00+00:00,2005-12-16T06:00:00+00:00
NIO_2005_UNNAMED_2_12_1,,2005,TRAIN,2005-12-16T12:00:00+00:00,8.0,84.5,25.0,1002.0,D,2005-12-17T00:00:00+00:00,8.0,84.0,25.0,1002.0,D,2005-12-17T12:00:00+00:00,8.5,83.5,30.0,1000.0,DD,2005-12-18T12:00:00+00:00,10.5,82.5,30.0,1000.0,DD,2005-12-15T21:00:00+00:00,2005-12-16T00:00:00+00:00,2005-12-16T03:00:00+00:00,2005-12-16T06:00:00+00:00,2005-12-16T09:00:00+00:00
NIO_2005_UNNAMED_2_12_1,,2005,TRAIN,2005-12-16T15:00:00+00:00,8.0,84.5,25.0,1002.0,D,2005-12-17T03:00:00+00:00,8.0,84.0,30.0,1000.0,DD,2005-12-17T15:00:00+00:00,8.5,83.5,30.0,1000.0,DD,2005-12-18T15:00:00+00:00,10.5,82.5,30.0,1000.0,DD,2005-12-16T00:00:00+00:00,2005-12-16T03:00:00+00:00,2005-12-16T06:00:00+00:00,2005-12-16T09:00:00+00:00,2005-12-16T12:00:00+00:00
NIO_2005_UNNAMED_2_12_1,,2005,TRAIN,2005-12-16T18:00:00+00:00,8.0,84.5,25.0,1002.0,D,2005-12-17T06:00:00+00:00,8.0,84.0,30.0,1000.0,DD,2005-12-17T18:00:00+00:00,9.0,83.0,30.0,1000.0,DD,2005-12-18T18:00:00+00:00,11.0,82.5,30.0,1000.0,DD,2005-12-16T03:00:00+00:00,2005-12-16T06:00:00+00:00,2005-12-16T09:00:00+00:00,2005-12-16T12:00:00+00:00,2005-12-16T15:00:00+00:00
NIO_2005_UNNAMED_2_12_1,,2005,TRAIN,2005-12-16T21:00:00+00:00,8.0,84.5,25.0,1002.0,D,2005-12-17T09:00:00+00:00,8.5,83.5,30.0,1000.0,DD,2005-12-17T21:00:00+00:00,9.0,83.0,30.0,1000.0,DD,2005-12-18T21:00:00+00:00,11.0,82.5,30.0,1000.0,DD,2005-12-16T06:00:00+00:00,2005-12-16T09:00:00+00:00,2005-12-16T12:00:00+00:00,2005-12-16T15:00:00+00:00,2005-12-16T18:00:00+00:00
NIO_2005_UNNAMED_2_12_1,,2005,TRAIN,2005-12-17T00:00:00+00:00,8.0,84.0,25.0,1002.0,D,2005-12-17T12:00:00+00:00,8.5,83.5,30.0,1000.0,DD,2005-12-18T00:00:00+00:00,9.5,83.0,30.0,1000.0,DD,2005-12-19T00:00:00+00:00,11.0,82.5,30.0,1000.0,DD,2005-12-16T09:00:00+00:00,2005-12-16T12:00:00+00:00,2005-12-16T15:00:00+00:00,2005-12-16T18:00:00+00:00,2005-12-16T21:00:00+00:00
NIO_2005_UNNAMED_2_12_1,,2005,TRAIN,2005-12-17T03:00:00+00:00,8.0,84.0,30.0,1000.0,DD,2005-12-17T15:00:00+00:00,8.5,83.5,30.0,1000.0,DD,2005-12-18T03:00:00+00:00,10.0,83.0,30.0,1000.0,DD,2005-12-19T03:00:00+00:00,11.0,82.5,30.0,1000.0,DD,2005-12-16T12:00:00+00:00,2005-12-16T15:00:00+00:00,2005-12-16T18:00:00+00:00,2005-12-16T21:00:00+00:00,2005-12-17T00:00:00+00:00
NIO_2005_UNNAMED_2_12_1,,2005,TRAIN,2005-12-17T06:00:00+00:00,8.0,84.0,30.0,1000.0,DD,2005-12-17T18:00:00+00:00,9.0,83.0,30.0,1000.0,DD,2005-12-18T06:00:00+00:00,10.0,83.0,30.0,1000.0,DD,2005-12-19T06:00:00+00:00,11.0,82.5,30.0,1000.0,DD,2005-12-16T15:00:00+00:00,2005-12-16T18:00:00+00:00,2005-12-16T21:00:00+00:00,2005-12-17T00:00:00+00:00,2005-12-17T03:00:00+00:00
NIO_2005_UNNAMED_2_12_1,,2005,TRAIN,2005-12-17T09:00:00+00:00,8.5,83.5,30.0,1000.0,DD,2005-12-17T21:00:00+00:00,9.0,83.0,30.0,1000.0,DD,2005-12-18T09:00:00+00:00,10.5,82.5,30.0,1000.0,DD,2005-12-19T09:00:00+00:00,11.0,82.5,30.0,1000.0,DD,2005-12-16T18:00:00+00:00,2005-12-16T21:00:00+00:00,2005-12-17T00:00:00+00:00,2005-12-17T03:00:00+00:00,2005-12-17T06:00:00+00:00
NIO_2005_UNNAMED_2_12_1,,2005,TRAIN,2005-12-17T12:00:00+00:00,8.5,83.5,30.0,1000.0,DD,2005-12-18T00:00:00+00:00,9.5,83.0,30.0,1000.0,DD,2005-12-18T12:00:00+00:00,10.5,82.5,30.0,1000.0,DD,2005-12-19T12:00:00+00:00,11.0,82.5,30.0,1000.0,DD,2005-12-16T21:00:00+00:00,2005-12-17T00:00:00+00:00,2005-12-17T03:00:00+00:00,2005-12-17T06:00:00+00:00,2005-12-17T09:00:00+00:00
NIO_2005_UNNAMED_2_12_1,,2005,TRAIN,2005-12-17T15:00:00+00:00,8.5,83.5,30.0,1000.0,DD,2005-12-18T03:00:00+00:00,10.0,83.0,30.0,1000.0,DD,2005-12-18T15:00:00+00:00,10.5,82.5,30.0,1000.0,DD,2005-12-19T15:00:00+00:00,11.5,82.5,30.0,1000.0,DD,2005-12-17T00:00:00+00:00,2005-12-17T03:00:00+00:00,2005-12-17T06:00:00+00:00,2005-12-17T09:00:00+00:00,2005-12-17T12:00:00+00:00
NIO_2005_UNNAMED_2_12_1,,2005,TRAIN,2005-12-17T18:00:00+00:00,9.0,83.0,30.0,1000.0,DD,2005-12-18T06:00:00+00:00,10.0,83.0,30.0,1000.0,DD,2005-12-18T18:00:00+00:00,11.0,82.5,30.0,1000.0,DD,2005-12-19T18:00:00+00:00,11.5,82.5,30.0,1000.0,DD,2005-12-17T03:00:00+00:00,2005-12-17T06:00:00+00:00,2005-12-17T09:00:00+00:00,2005-12-17T12:00:00+00:00,2005-12-17T15:00:00+00:00
NIO_2005_UNNAMED_2_12_1,,2005,TRAIN,2005-12-17T21:00:00+00:00,9.0,83.0,30.0,1000.0,DD,2005-12-18T09:00:00+00:00,10.5,82.5,30.0,1000.0,DD,2005-12-18T21:00:00+00:00,11.0,82.5,30.0,1000.0,DD,2005-12-19T21:00:00+00:00,11.5,82.5,30.0,1000.0,DD,2005-12-17T06:00:00+00:00,2005-12-17T09:00:00+00:00,2005-12-17T12:00:00+00:00,2005-12-17T15:00:00+00:00,2005-12-17T18:00:00+00:00
NIO_2005_UNNAMED_2_12_1,,2005,TRAIN,2005-12-18T00:00:00+00:00,9.5,83.0,30.0,1000.0,DD,2005-12-18T12:00:00+00:00,10.5,82.5,30.0,1000.0,DD,2005-12-19T00:00:00+00:00,11.0,82.5,30.0,1000.0,DD,2005-12-20T00:00:00+00:00,11.5,83.0,30.0,1000.0,DD,2005-12-17T09:00:00+00:00,2005-12-17T12:00:00+00:00,2005-12-17T15:00:00+00:00,2005-12-17T18:00:00+00:00,2005-12-17T21:00:00+00:00
NIO_2005_UNNAMED_2_12_1,,2005,TRAIN,2005-12-18T03:00:00+00:00,10.0,83.0,30.0,1000.0,DD,2005-12-18T15:00:00+00:00,10.5,82.5,30.0,1000.0,DD,2005-12-19T03:00:00+00:00,11.0,82.5,30.0,1000.0,DD,2005-12-20T03:00:00+00:00,11.5,83.5,30.0,1000.0,DD,2005-12-17T12:00:00+00:00,2005-12-17T15:00:00+00:00,2005-12-17T18:00:00+00:00,2005-12-17T21:00:00+00:00,2005-12-18T00:00:00+00:00
NIO_2005_UNNAMED_2_12_1,,2005,TRAIN,2005-12-18T06:00:00+00:00,10.0,83.0,30.0,1000.0,DD,2005-12-18T18:00:00+00:00,11.0,82.5,30.0,1000.0,DD,2005-12-19T06:00:00+00:00,11.0,82.5,30.0,1000.0,DD,2005-12-20T06:00:00+00:00,11.5,84.0,25.0,1002.0,D,2005-12-17T15:00:00+00:00,2005-12-17T18:00:00+00:00,2005-12-17T21:00:00+00:00,2005-12-18T00:00:00+00:00,2005-12-18T03:00:00+00:00
NIO_2005_UNNAMED_2_12_1,,2005,TRAIN,2005-12-18T09:00:00+00:00,10.5,82.5,30.0,1000.0,DD,2005-12-18T21:00:00+00:00,11.0,82.5,30.0,1000.0,DD,2005-12-19T09:00:00+00:00,11.0,82.5,30.0,1000.0,DD,2005-12-20T09:00:00+00:00,12.0,84.5,25.0,1002.0,D,2005-12-17T18:00:00+00:00,2005-12-17T21:00:00+00:00,2005-12-18T00:00:00+00:00,2005-12-18T03:00:00+00:00,2005-12-18T06:00:00+00:00
NIO_2005_UNNAMED_2_12_1,,2005,TRAIN,2005-12-18T12:00:00+00:00,10.5,82.5,30.0,1000.0,DD,2005-12-19T00:00:00+00:00,11.0,82.5,30.0,1000.0,DD,2005-12-19T12:00:00+00:00,11.0,82.5,30.0,1000.0,DD,2005-12-20T12:00:00+00:00,12.0,84.5,25.0,1002.0,D,2005-12-17T21:00:00+00:00,2005-12-18T00:00:00+00:00,2005-12-18T03:00:00+00:00,2005-12-18T06:00:00+00:00,2005-12-18T09:00:00+00:00
NIO_2005_UNNAMED_2_12_1,,2005,TRAIN,2005-12-18T15:00:00+00:00,10.5,82.5,30.0,1000.0,DD,2005-12-19T03:00:00+00:00,11.0,82.5,30.0,1000.0,DD,2005-12-19T15:00:00+00:00,11.5,82.5,30.0,1000.0,DD,2005-12-20T15:00:00+00:00,12.0,84.5,25.0,1002.0,D,2005-12-18T00:00:00+00:00,2005-12-18T03:00:00+00:00,2005-12-18T06:00:00+00:00,2005-12-18T09:00:00+00:00,2005-12-18T12:00:00+00:00
NIO_2005_UNNAMED_2_12_1,,2005,TRAIN,2005-12-18T18:00:00+00:00,11.0,82.5,30.0,1000.0,DD,2005-12-19T06:00:00+00:00,11.0,82.5,30.0,1000.0,DD,2005-12-19T18:00:00+00:00,11.5,82.5,30.0,1000.0,DD,2005-12-20T18:00:00+00:00,12.0,84.5,25.0,1002.0,D,2005-12-18T03:00:00+00:00,2005-12-18T06:00:00+00:00,2005-12-18T09:00:00+00:00,2005-12-18T12:00:00+00:00,2005-12-18T15:00:00+00:00
NIO_2005_UNNAMED_2_12_1,,2005,TRAIN,2005-12-18T21:00:00+00:00,11.0,82.5,30.0,1000.0,DD,2005-12-19T09:00:00+00:00,11.0,82.5,30.0,1000.0,DD,2005-12-19T21:00:00+00:00,11.5,82.5,30.0,1000.0,DD,2005-12-20T21:00:00+00:00,12.0,84.5,25.0,1002.0,D,2005-12-18T06:00:00+00:00,2005-12-18T09:00:00+00:00,2005-12-18T12:00:00+00:00,2005-12-18T15:00:00+00:00,2005-12-18T18:00:00+00:00
NIO_2005_UNNAMED_2_12_1,,2005,TRAIN,2005-12-19T00:00:00+00:00,11.0,82.5,30.0,1000.0,DD,2005-12-19T12:00:00+00:00,11.0,82.5,30.0,1000.0,DD,2005-12-20T00:00:00+00:00,11.5,83.0,30.0,1000.0,DD,2005-12-21T00:00:00+00:00,12.0,84.5,25.0,1002.0,D,2005-12-18T09:00:00+00:00,2005-12-18T12:00:00+00:00,2005-12-18T15:00:00+00:00,2005-12-18T18:00:00+00:00,2005-12-18T21:00:00+00:00
NIO_2005_UNNAMED_2_12_1,,2005,TRAIN,2005-12-19T03:00:00+00:00,11.0,82.5,30.0,1000.0,DD,2005-12-19T15:00:00+00:00,11.5,82.5,30.0,1000.0,DD,2005-12-20T03:00:00+00:00,11.5,83.5,30.0,1000.0,DD,2005-12-21T03:00:00+00:00,12.0,84.5,25.0,1002.0,D,2005-12-18T12:00:00+00:00,2005-12-18T15:00:00+00:00,2005-12-18T18:00:00+00:00,2005-12-18T21:00:00+00:00,2005-12-19T00:00:00+00:00
NIO_2005_UNNAMED_2_12_1,,2005,TRAIN,2005-12-19T06:00:00+00:00,11.0,82.5,30.0,1000.0,DD,2005-12-19T18:00:00+00:00,11.5,82.5,30.0,1000.0,DD,2005-12-20T06:00:00+00:00,11.5,84.0,25.0,1002.0,D,2005-12-21T06:00:00+00:00,12.0,84.5,25.0,1002.0,D,2005-12-18T15:00:00+00:00,2005-12-18T18:00:00+00:00,2005-12-18T21:00:00+00:00,2005-12-19T00:00:00+00:00,2005-12-19T03:00:00+00:00
NIO_2005_UNNAMED_2_12_1,,2005,TRAIN,2005-12-19T09:00:00+00:00,11.0,82.5,30.0,1000.0,DD,2005-12-19T21:00:00+00:00,11.5,82.5,30.0,1000.0,DD,2005-12-20T09:00:00+00:00,12.0,84.5,25.0,1002.0,D,2005-12-21T09:00:00+00:00,12.0,84.5,25.0,1002.0,D,2005-12-18T18:00:00+00:00,2005-12-18T21:00:00+00:00,2005-12-19T00:00:00+00:00,2005-12-19T03:00:00+00:00,2005-12-19T06:00:00+00:00
NIO_2005_UNNAMED_2_12_1,,2005,TRAIN,2005-12-19T12:00:00+00:00,11.0,82.5,30.0,1000.0,DD,2005-12-20T00:00:00+00:00,11.5,83.0,30.0,1000.0,DD,2005-12-20T12:00:00+00:00,12.0,84.5,25.0,1002.0,D,2005-12-21T12:00:00+00:00,12.0,84.5,25.0,1002.0,D,2005-12-18T21:00:00+00:00,2005-12-19T00:00:00+00:00,2005-12-19T03:00:00+00:00,2005-12-19T06:00:00+00:00,2005-12-19T09:00:00+00:00
NIO_2005_UNNAMED_2_12_1,,2005,TRAIN,2005-12-19T15:00:00+00:00,11.5,82.5,30.0,1000.0,DD,2005-12-20T03:00:00+00:00,11.5,83.5,30.0,1000.0,DD,2005-12-20T15:00:00+00:00,12.0,84.5,25.0,1002.0,D,2005-12-21T15:00:00+00:00,12.0,84.5,25.0,1002.0,D,2005-12-19T00:00:00+00:00,2005-12-19T03:00:00+00:00,2005-12-19T06:00:00+00:00,2005-12-19T09:00:00+00:00,2005-12-19T12:00:00+00:00
NIO_2005_UNNAMED_2_12_1,,2005,TRAIN,2005-12-19T18:00:00+00:00,11.5,82.5,30.0,1000.0,DD,2005-12-20T06:00:00+00:00,11.5,84.0,25.0,1002.0,D,2005-12-20T18:00:00+00:00,12.0,84.5,25.0,1002.0,D,2005-12-21T18:00:00+00:00,12.0,84.5,25.0,1002.0,D,2005-12-19T03:00:00+00:00,2005-12-19T06:00:00+00:00,2005-12-19T09:00:00+00:00,2005-12-19T12:00:00+00:00,2005-12-19T15:00:00+00:00
NIO_2005_UNNAMED_2_12_1,,2005,TRAIN,2005-12-19T21:00:00+00:00,11.5,82.5,30.0,1000.0,DD,2005-12-20T09:00:00+00:00,12.0,84.5,25.0,1002.0,D,2005-12-20T21:00:00+00:00,12.0,84.5,25.0,1002.0,D,2005-12-21T21:00:00+00:00,12.0,84.5,25.0,1002.0,D,2005-12-19T06:00:00+00:00,2005-12-19T09:00:00+00:00,2005-12-19T12:00:00+00:00,2005-12-19T15:00:00+00:00,2005-12-19T18:00:00+00:00
NIO_2005_UNNAMED_2_12_1,,2005,TRAIN,2005-12-20T00:00:00+00:00,11.5,83.0,30.0,1000.0,DD,2005-12-20T12:00:00+00:00,12.0,84.5,25.0,1002.0,D,2005-12-21T00:00:00+00:00,12.0,84.5,25.0,1002.0,D,2005-12-22T00:00:00+00:00,12.0,84.5,25.0,1002.0,D,2005-12-19T09:00:00+00:00,2005-12-19T12:00:00+00:00,2005-12-19T15:00:00+00:00,2005-12-19T18:00:00+00:00,2005-12-19T21:00:00+00:00
NIO_2005_UNNAMED_2_7_1,,2005,TRAIN,2005-09-18T06:00:00+00:00,20.0,87.5,30.0,996.0,DD,2005-09-18T18:00:00+00:00,19.0,85.5,35.0,990.0,CS,2005-09-19T06:00:00+00:00,18.5,83.5,35.0,988.0,CS,2005-09-20T06:00:00+00:00,19.0,82.5,30.0,1002.0,DD,2005-09-17T15:00:00+00:00,2005-09-17T18:00:00+00:00,2005-09-17T21:00:00+00:00,2005-09-18T00:00:00+00:00,2005-09-18T03:00:00+00:00
NIO_2005_UNNAMED_2_7_1,,2005,TRAIN,2005-09-18T09:00:00+00:00,19.5,87.0,30.0,996.0,DD,2005-09-18T21:00:00+00:00,18.5,84.5,35.0,988.0,CS,2005-09-19T09:00:00+00:00,18.5,83.5,35.0,988.0,CS,2005-09-20T09:00:00+00:00,19.0,81.5,30.0,1002.0,DD,2005-09-17T18:00:00+00:00,2005-09-17T21:00:00+00:00,2005-09-18T00:00:00+00:00,2005-09-18T03:00:00+00:00,2005-09-18T06:00:00+00:00
NIO_2005_UNNAMED_2_7_1,,2005,TRAIN,2005-09-18T12:00:00+00:00,19.5,86.5,35.0,994.0,CS,2005-09-19T00:00:00+00:00,18.5,84.5,35.0,988.0,CS,2005-09-19T12:00:00+00:00,18.5,83.5,35.0,988.0,CS,2005-09-20T12:00:00+00:00,19.0,80.5,25.0,1004.0,D,2005-09-17T21:00:00+00:00,2005-09-18T00:00:00+00:00,2005-09-18T03:00:00+00:00,2005-09-18T06:00:00+00:00,2005-09-18T09:00:00+00:00
NIO_2005_UNNAMED_2_7_1,,2005,TRAIN,2005-09-19T12:00:00+00:00,18.5,83.5,35.0,988.0,CS,2005-09-20T00:00:00+00:00,19.0,82.5,30.0,1002.0,DD,2005-09-20T12:00:00+00:00,19.0,80.5,25.0,1004.0,D,2005-09-21T12:00:00+00:00,21.0,76.0,25.0,1004.0,D,2005-09-18T21:00:00+00:00,2005-09-19T00:00:00+00:00,2005-09-19T03:00:00+00:00,2005-09-19T06:00:00+00:00,2005-09-19T09:00:00+00:00
NIO_2005_UNNAMED_2_8_1,,2005,TRAIN,2005-10-26T03:00:00+00:00,12.0,84.5,25.0,1004.0,D,2005-10-26T15:00:00+00:00,12.5,84.0,25.0,1004.0,D,2005-10-27T03:00:00+00:00,13.0,82.5,30.0,1002.0,DD,2005-10-28T03:00:00+00:00,15.5,80.0,30.0,998.0,DD,2005-10-25T12:00:00+00:00,2005-10-25T15:00:00+00:00,2005-10-25T18:00:00+00:00,2005-10-25T21:00:00+00:00,2005-10-26T00:00:00+00:00
NIO_2005_UNNAMED_2_8_1,,2005,TRAIN,2005-10-26T06:00:00+00:00,12.0,84.5,25.0,1004.0,D,2005-10-26T18:00:00+00:00,12.5,84.0,30.0,1004.0,DD,2005-10-27T06:00:00+00:00,13.0,81.5,30.0,998.0,DD,2005-10-28T06:00:00+00:00,15.5,80.0,30.0,998.0,DD,2005-10-25T15:00:00+00:00,2005-10-25T18:00:00+00:00,2005-10-25T21:00:00+00:00,2005-10-26T00:00:00+00:00,2005-10-26T03:00:00+00:00
NIO_2005_UNNAMED_2_8_1,,2005,TRAIN,2005-10-26T09:00:00+00:00,12.0,84.0,25.0,1004.0,D,2005-10-26T21:00:00+00:00,12.5,84.0,30.0,1004.0,DD,2005-10-27T09:00:00+00:00,13.0,81.5,30.0,998.0,DD,2005-10-28T09:00:00+00:00,15.5,80.0,25.0,1000.0,D,2005-10-25T18:00:00+00:00,2005-10-25T21:00:00+00:00,2005-10-26T00:00:00+00:00,2005-10-26T03:00:00+00:00,2005-10-26T06:00:00+00:00
NIO_2005_UNNAMED_2_8_1,,2005,TRAIN,2005-10-26T12:00:00+00:00,12.5,84.0,25.0,1004.0,D,2005-10-27T00:00:00+00:00,12.5,84.0,30.0,1002.0,DD,2005-10-27T12:00:00+00:00,13.5,81.5,30.0,998.0,DD,2005-10-28T12:00:00+00:00,15.5,79.8,25.0,1000.0,D,2005-10-25T21:00:00+00:00,2005-10-26T00:00:00+00:00,2005-10-26T03:00:00+00:00,2005-10-26T06:00:00+00:00,2005-10-26T09:00:00+00:00
NIO_2005_UNNAMED_2_8_1,,2005,TRAIN,2005-10-27T03:00:00+00:00,13.0,82.5,30.0,1002.0,DD,2005-10-27T15:00:00+00:00,14.0,81.5,30.0,998.0,DD,2005-10-28T03:00:00+00:00,15.5,80.0,30.0,998.0,DD,2005-10-29T03:00:00+00:00,15.5,79.5,25.0,1002.0,D,2005-10-26T12:00:00+00:00,2005-10-26T15:00:00+00:00,2005-10-26T18:00:00+00:00,2005-10-26T21:00:00+00:00,2005-10-27T00:00:00+00:00
NIO_2005_UNNAMED_2_9_1,,2005,TRAIN,2005-11-20T03:00:00+00:00,8.0,84.5,25.0,1002.0,D,2005-11-20T15:00:00+00:00,8.0,84.0,25.0,1002.0,D,2005-11-21T03:00:00+00:00,8.5,83.0,25.0,1002.0,D,2005-11-22T03:00:00+00:00,9.0,80.0,25.0,1002.0,D,2005-11-19T12:00:00+00:00,2005-11-19T15:00:00+00:00,2005-11-19T18:00:00+00:00,2005-11-19T21:00:00+00:00,2005-11-20T00:00:00+00:00
NIO_2005_UNNAMED_2_9_1,,2005,TRAIN,2005-11-20T06:00:00+00:00,8.0,84.5,25.0,1002.0,D,2005-11-20T18:00:00+00:00,8.0,84.0,25.0,1002.0,D,2005-11-21T06:00:00+00:00,8.5,83.0,25.0,1002.0,D,2005-11-22T06:00:00+00:00,9.0,79.5,25.0,1002.0,D,2005-11-19T15:00:00+00:00,2005-11-19T18:00:00+00:00,2005-11-19T21:00:00+00:00,2005-11-20T00:00:00+00:00,2005-11-20T03:00:00+00:00
NIO_2005_UNNAMED_2_9_1,,2005,TRAIN,2005-11-20T09:00:00+00:00,8.0,84.5,25.0,1002.0,D,2005-11-20T21:00:00+00:00,8.0,84.0,25.0,1002.0,D,2005-11-21T09:00:00+00:00,9.0,82.0,25.0,1002.0,D,2005-11-22T09:00:00+00:00,9.5,79.5,25.0,1002.0,D,2005-11-19T18:00:00+00:00,2005-11-19T21:00:00+00:00,2005-11-20T00:00:00+00:00,2005-11-20T03:00:00+00:00,2005-11-20T06:00:00+00:00
NIO_2006_UNNAMED_2_10_1,,2006,TRAIN,2006-09-21T03:00:00+00:00,19.5,66.0,25.0,1004.0,D,2006-09-21T15:00:00+00:00,19.5,66.0,30.0,1000.0,DD,2006-09-22T03:00:00+00:00,20.0,66.0,45.0,994.0,CS,2006-09-23T03:00:00+00:00,21.0,67.0,45.0,988.0,SCS,2006-09-20T12:00:00+00:00,2006-09-20T15:00:00+00:00,2006-09-20T18:00:00+00:00,2006-09-20T21:00:00+00:00,2006-09-21T00:00:00+00:00
NIO_2006_UNNAMED_2_10_1,,2006,TRAIN,2006-09-21T06:00:00+00:00,19.5,66.0,30.0,1002.0,DD,2006-09-21T18:00:00+00:00,19.5,66.0,30.0,1000.0,DD,2006-09-22T06:00:00+00:00,20.0,66.0,45.0,994.0,CS,2006-09-23T06:00:00+00:00,21.0,67.0,45.0,988.0,SCS,2006-09-20T15:00:00+00:00,2006-09-20T18:00:00+00:00,2006-09-20T21:00:00+00:00,2006-09-21T00:00:00+00:00,2006-09-21T03:00:00+00:00
NIO_2006_UNNAMED_2_10_1,,2006,TRAIN,2006-09-21T09:00:00+00:00,19.5,66.0,30.0,1000.0,DD,2006-09-21T21:00:00+00:00,19.5,66.0,30.0,998.0,DD,2006-09-22T09:00:00+00:00,20.0,66.0,45.0,994.0,CS,2006-09-23T09:00:00+00:00,21.0,67.0,45.0,988.0,SCS,2006-09-20T18:00:00+00:00,2006-09-20T21:00:00+00:00,2006-09-21T00:00:00+00:00,2006-09-21T03:00:00+00:00,2006-09-21T06:00:00+00:00
NIO_2006_UNNAMED_2_10_1,,2006,TRAIN,2006-09-21T12:00:00+00:00,19.5,66.0,30.0,1000.0,DD,2006-09-22T00:00:00+00:00,20.0,66.0,40.0,996.0,CS,2006-09-22T12:00:00+00:00,20.5,66.5,45.0,994.0,SCS,2006-09-23T12:00:00+00:00,21.0,67.0,50.0,988.0,SCS,2006-09-20T21:00:00+00:00,2006-09-21T00:00:00+00:00,2006-09-21T03:00:00+00:00,2006-09-21T06:00:00+00:00,2006-09-21T09:00:00+00:00
NIO_2006_UNNAMED_2_10_1,,2006,TRAIN,2006-09-21T15:00:00+00:00,19.5,66.0,30.0,1000.0,DD,2006-09-22T03:00:00+00:00,20.0,66.0,45.0,994.0,CS,2006-09-22T15:00:00+00:00,20.5,66.5,45.0,992.0,SCS,2006-09-23T15:00:00+00:00,21.0,67.0,55.0,990.0,SCS,2006-09-21T00:00:00+00:00,2006-09-21T03:00:00+00:00,2006-09-21T06:00:00+00:00,2006-09-21T09:00:00+00:00,2006-09-21T12:00:00+00:00
NIO_2006_UNNAMED_2_10_1,,2006,TRAIN,2006-09-21T18:00:00+00:00,19.5,66.0,30.0,1000.0,DD,2006-09-22T06:00:00+00:00,20.0,66.0,45.0,994.0,CS,2006-09-22T18:00:00+00:00,20.5,66.5,45.0,990.0,SCS,2006-09-23T18:00:00+00:00,21.0,67.0,50.0,992.0,SCS,2006-09-21T03:00:00+00:00,2006-09-21T06:00:00+00:00,2006-09-21T09:00:00+00:00,2006-09-21T12:00:00+00:00,2006-09-21T15:00:00+00:00
NIO_2006_UNNAMED_2_10_1,,2006,TRAIN,2006-09-21T21:00:00+00:00,19.5,66.0,30.0,998.0,DD,2006-09-22T09:00:00+00:00,20.0,66.0,45.0,994.0,CS,2006-09-22T21:00:00+00:00,20.5,66.5,45.0,988.0,SCS,2006-09-23T21:00:00+00:00,21.0,67.0,45.0,994.0,CS,2006-09-21T06:00:00+00:00,2006-09-21T09:00:00+00:00,2006-09-21T12:00:00+00:00,2006-09-21T15:00:00+00:00,2006-09-21T18:00:00+00:00
NIO_2006_UNNAMED_2_10_1,,2006,TRAIN,2006-09-22T00:00:00+00:00,20.0,66.0,40.0,996.0,CS,2006-09-22T12:00:00+00:00,20.5,66.5,45.0,994.0,SCS,2006-09-23T00:00:00+00:00,21.0,67.0,45.0,988.0,SCS,2006-09-24T00:00:00+00:00,21.0,67.0,40.0,994.0,CS,2006-09-21T09:00:00+00:00,2006-09-21T12:00:00+00:00,2006-09-21T15:00:00+00:00,2006-09-21T18:00:00+00:00,2006-09-21T21:00:00+00:00
NIO_2006_UNNAMED_2_10_1,,2006,TRAIN,2006-09-22T03:00:00+00:00,20.0,66.0,45.0,994.0,CS,2006-09-22T15:00:00+00:00,20.5,66.5,45.0,992.0,SCS,2006-09-23T03:00:00+00:00,21.0,67.0,45.0,988.0,SCS,2006-09-24T03:00:00+00:00,21.0,67.0,35.0,996.0,CS,2006-09-21T12:00:00+00:00,2006-09-21T15:00:00+00:00,2006-09-21T18:00:00+00:00,2006-09-21T21:00:00+00:00,2006-09-22T00:00:00+00:00
NIO_2006_UNNAMED_2_10_1,,2006,TRAIN,2006-09-22T06:00:00+00:00,20.0,66.0,45.0,994.0,CS,2006-09-22T18:00:00+00:00,20.5,66.5,45.0,990.0,SCS,2006-09-23T06:00:00+00:00,21.0,67.0,45.0,988.0,SCS,2006-09-24T06:00:00+00:00,21.0,67.0,30.0,1000.0,DD,2006-09-21T15:00:00+00:00,2006-09-21T18:00:00+00:00,2006-09-21T21:00:00+00:00,2006-09-22T00:00:00+00:00,2006-09-22T03:00:00+00:00
NIO_2006_UNNAMED_2_10_1,,2006,TRAIN,2006-09-22T09:00:00+00:00,20.0,66.0,45.0,994.0,CS,2006-09-22T21:00:00+00:00,20.5,66.5,45.0,988.0,SCS,2006-09-23T09:00:00+00:00,21.0,67.0,45.0,988.0,SCS,2006-09-24T09:00:00+00:00,21.0,67.0,30.0,1002.0,DD,2006-09-21T18:00:00+00:00,2006-09-21T21:00:00+00:00,2006-09-22T00:00:00+00:00,2006-09-22T03:00:00+00:00,2006-09-22T06:00:00+00:00
NIO_2006_UNNAMED_2_10_1,,2006,TRAIN,2006-09-22T12:00:00+00:00,20.5,66.5,45.0,994.0,SCS,2006-09-23T00:00:00+00:00,21.0,67.0,45.0,988.0,SCS,2006-09-23T12:00:00+00:00,21.0,67.0,50.0,988.0,SCS,2006-09-24T12:00:00+00:00,21.0,67.0,25.0,1004.0,D,2006-09-21T21:00:00+00:00,2006-09-22T00:00:00+00:00,2006-09-22T03:00:00+00:00,2006-09-22T06:00:00+00:00,2006-09-22T09:00:00+00:00
NIO_2006_UNNAMED_2_2_1,,2006,TRAIN,2006-04-25T03:00:00+00:00,9.5,90.5,25.0,996.0,D,2006-04-25T15:00:00+00:00,10.0,89.5,35.0,996.0,CS,2006-04-26T03:00:00+00:00,10.5,89.0,45.0,994.0,CS,2006-04-27T03:00:00+00:00,12.5,90.5,55.0,990.0,SCS,2006-04-24T12:00:00+00:00,2006-04-24T15:00:00+00:00,2006-04-24T18:00:00+00:00,2006-04-24T21:00:00+00:00,2006-04-25T00:00:00+00:00
NIO_2006_UNNAMED_2_2_1,,2006,TRAIN,2006-04-25T06:00:00+00:00,9.5,90.5,25.0,996.0,D,2006-04-25T18:00:00+00:00,10.0,89.5,35.0,996.0,CS,2006-04-26T06:00:00+00:00,11.0,89.0,45.0,994.0,CS,2006-04-27T06:00:00+00:00,12.5,90.5,55.0,990.0,SCS,2006-04-24T15:00:00+00:00,2006-04-24T18:00:00+00:00,2006-04-24T21:00:00+00:00,2006-04-25T00:00:00+00:00,2006-04-25T03:00:00+00:00
NIO_2006_UNNAMED_2_2_1,,2006,TRAIN,2006-04-25T09:00:00+00:00,9.5,90.0,30.0,996.0,DD,2006-04-25T21:00:00+00:00,10.0,89.5,35.0,996.0,CS,2006-04-26T09:00:00+00:00,11.0,89.5,45.0,994.0,CS,2006-04-27T09:00:00+00:00,12.5,90.5,55.0,990.0,SCS,2006-04-24T18:00:00+00:00,2006-04-24T21:00:00+00:00,2006-04-25T00:00:00+00:00,2006-04-25T03:00:00+00:00,2006-04-25T06:00:00+00:00
NIO_2006_UNNAMED_2_2_1,,2006,TRAIN,2006-04-25T12:00:00+00:00,10.0,89.5,35.0,996.0,CS,2006-04-26T00:00:00+00:00,10.5,89.0,45.0,994.0,CS,2006-04-26T12:00:00+00:00,11.5,90.0,45.0,994.0,CS,2006-04-27T12:00:00+00:00,13.0,90.5,65.0,984.0,VSCS,2006-04-24T21:00:00+00:00,2006-04-25T00:00:00+00:00,2006-04-25T03:00:00+00:00,2006-04-25T06:00:00+00:00,2006-04-25T09:00:00+00:00
NIO_2006_UNNAMED_2_2_1,,2006,TRAIN,2006-04-25T15:00:00+00:00,10.0,89.5,35.0,996.0,CS,2006-04-26T03:00:00+00:00,10.5,89.0,45.0,994.0,CS,2006-04-26T15:00:00+00:00,12.0,90.5,45.0,994.0,CS,2006-04-27T15:00:00+00:00,13.0,90.5,65.0,984.0,VSCS,2006-04-25T00:00:00+00:00,2006-04-25T03:00:00+00:00,2006-04-25T06:00:00+00:00,2006-04-25T09:00:00+00:00,2006-04-25T12:00:00+00:00
NIO_2006_UNNAMED_2_2_1,,2006,TRAIN,2006-04-25T18:00:00+00:00,10.0,89.5,35.0,996.0,CS,2006-04-26T06:00:00+00:00,11.0,89.0,45.0,994.0,CS,2006-04-26T18:00:00+00:00,12.0,90.5,45.0,994.0,CS,2006-04-27T18:00:00+00:00,13.0,90.5,65.0,984.0,VSCS,2006-04-25T03:00:00+00:00,2006-04-25T06:00:00+00:00,2006-04-25T09:00:00+00:00,2006-04-25T12:00:00+00:00,2006-04-25T15:00:00+00:00
NIO_2006_UNNAMED_2_2_1,,2006,TRAIN,2006-04-25T21:00:00+00:00,10.0,89.5,35.0,996.0,CS,2006-04-26T09:00:00+00:00,11.0,89.5,45.0,994.0,CS,2006-04-26T21:00:00+00:00,12.0,90.5,45.0,994.0,CS,2006-04-27T21:00:00+00:00,13.5,90.5,65.0,984.0,VSCS,2006-04-25T06:00:00+00:00,2006-04-25T09:00:00+00:00,2006-04-25T12:00:00+00:00,2006-04-25T15:00:00+00:00,2006-04-25T18:00:00+00:00
NIO_2006_UNNAMED_2_2_1,,2006,TRAIN,2006-04-26T00:00:00+00:00,10.5,89.0,45.0,994.0,CS,2006-04-26T12:00:00+00:00,11.5,90.0,45.0,994.0,CS,2006-04-27T00:00:00+00:00,12.0,90.5,45.0,994.0,CS,2006-04-28T00:00:00+00:00,14.0,91.0,65.0,984.0,VSCS,2006-04-25T09:00:00+00:00,2006-04-25T12:00:00+00:00,2006-04-25T15:00:00+00:00,2006-04-25T18:00:00+00:00,2006-04-25T21:00:00+00:00
NIO_2006_UNNAMED_2_2_1,,2006,TRAIN,2006-04-26T03:00:00+00:00,10.5,89.0,45.0,994.0,CS,2006-04-26T15:00:00+00:00,12.0,90.5,45.0,994.0,CS,2006-04-27T03:00:00+00:00,12.5,90.5,55.0,990.0,SCS,2006-04-28T03:00:00+00:00,14.5,91.5,80.0,976.0,VSCS,2006-04-25T12:00:00+00:00,2006-04-25T15:00:00+00:00,2006-04-25T18:00:00+00:00,2006-04-25T21:00:00+00:00,2006-04-26T00:00:00+00:00
NIO_2006_UNNAMED_2_2_1,,2006,TRAIN,2006-04-26T06:00:00+00:00,11.0,89.0,45.0,994.0,CS,2006-04-26T18:00:00+00:00,12.0,90.5,45.0,994.0,CS,2006-04-27T06:00:00+00:00,12.5,90.5,55.0,990.0,SCS,2006-04-28T06:00:00+00:00,15.0,92.0,90.0,964.0,VSCS,2006-04-25T15:00:00+00:00,2006-04-25T18:00:00+00:00,2006-04-25T21:00:00+00:00,2006-04-26T00:00:00+00:00,2006-04-26T03:00:00+00:00
NIO_2006_UNNAMED_2_2_1,,2006,TRAIN,2006-04-26T09:00:00+00:00,11.0,89.5,45.0,994.0,CS,2006-04-26T21:00:00+00:00,12.0,90.5,45.0,994.0,CS,2006-04-27T09:00:00+00:00,12.5,90.5,55.0,990.0,SCS,2006-04-28T09:00:00+00:00,15.3,92.3,100.0,954.0,VSCS,2006-04-25T18:00:00+00:00,2006-04-25T21:00:00+00:00,2006-04-26T00:00:00+00:00,2006-04-26T03:00:00+00:00,2006-04-26T06:00:00+00:00
NIO_2006_UNNAMED_2_2_1,,2006,TRAIN,2006-04-26T12:00:00+00:00,11.5,90.0,45.0,994.0,CS,2006-04-27T00:00:00+00:00,12.0,90.5,45.0,994.0,CS,2006-04-27T12:00:00+00:00,13.0,90.5,65.0,984.0,VSCS,2006-04-28T12:00:00+00:00,15.5,92.5,100.0,954.0,VSCS,2006-04-25T21:00:00+00:00,2006-04-26T00:00:00+00:00,2006-04-26T03:00:00+00:00,2006-04-26T06:00:00+00:00,2006-04-26T09:00:00+00:00
NIO_2006_UNNAMED_2_2_1,,2006,TRAIN,2006-04-26T15:00:00+00:00,12.0,90.5,45.0,994.0,CS,2006-04-27T03:00:00+00:00,12.5,90.5,55.0,990.0,SCS,2006-04-27T15:00:00+00:00,13.0,90.5,65.0,984.0,VSCS,2006-04-28T15:00:00+00:00,16.0,93.0,100.0,954.0,VSCS,2006-04-26T00:00:00+00:00,2006-04-26T03:00:00+00:00,2006-04-26T06:00:00+00:00,2006-04-26T09:00:00+00:00,2006-04-26T12:00:00+00:00
NIO_2006_UNNAMED_2_2_1,,2006,TRAIN,2006-04-26T18:00:00+00:00,12.0,90.5,45.0,994.0,CS,2006-04-27T06:00:00+00:00,12.5,90.5,55.0,990.0,SCS,2006-04-27T18:00:00+00:00,13.0,90.5,65.0,984.0,VSCS,2006-04-28T18:00:00+00:00,16.0,93.0,100.0,954.0,VSCS,2006-04-26T03:00:00+00:00,2006-04-26T06:00:00+00:00,2006-04-26T09:00:00+00:00,2006-04-26T12:00:00+00:00,2006-04-26T15:00:00+00:00
NIO_2006_UNNAMED_2_2_1,,2006,TRAIN,2006-04-26T21:00:00+00:00,12.0,90.5,45.0,994.0,CS,2006-04-27T09:00:00+00:00,12.5,90.5,55.0,990.0,SCS,2006-04-27T21:00:00+00:00,13.5,90.5,65.0,984.0,VSCS,2006-04-28T21:00:00+00:00,16.5,93.5,100.0,954.0,VSCS,2006-04-26T06:00:00+00:00,2006-04-26T09:00:00+00:00,2006-04-26T12:00:00+00:00,2006-04-26T15:00:00+00:00,2006-04-26T18:00:00+00:00
NIO_2006_UNNAMED_2_2_1,,2006,TRAIN,2006-04-27T00:00:00+00:00,12.0,90.5,45.0,994.0,CS,2006-04-27T12:00:00+00:00,13.0,90.5,65.0,984.0,VSCS,2006-04-28T00:00:00+00:00,14.0,91.0,65.0,984.0,VSCS,2006-04-29T00:00:00+00:00,16.5,93.5,100.0,954.0,VSCS,2006-04-26T09:00:00+00:00,2006-04-26T12:00:00+00:00,2006-04-26T15:00:00+00:00,2006-04-26T18:00:00+00:00,2006-04-26T21:00:00+00:00
NIO_2006_UNNAMED_2_2_1,,2006,TRAIN,2006-04-27T03:00:00+00:00,12.5,90.5,55.0,990.0,SCS,2006-04-27T15:00:00+00:00,13.0,90.5,65.0,984.0,VSCS,2006-04-28T03:00:00+00:00,14.5,91.5,80.0,976.0,VSCS,2006-04-29T03:00:00+00:00,17.0,94.0,100.0,954.0,VSCS,2006-04-26T12:00:00+00:00,2006-04-26T15:00:00+00:00,2006-04-26T18:00:00+00:00,2006-04-26T21:00:00+00:00,2006-04-27T00:00:00+00:00
NIO_2006_UNNAMED_2_2_1,,2006,TRAIN,2006-04-27T06:00:00+00:00,12.5,90.5,55.0,990.0,SCS,2006-04-27T18:00:00+00:00,13.0,90.5,65.0,984.0,VSCS,2006-04-28T06:00:00+00:00,15.0,92.0,90.0,964.0,VSCS,2006-04-29T06:00:00+00:00,17.5,94.5,90.0,966.0,VSCS,2006-04-26T15:00:00+00:00,2006-04-26T18:00:00+00:00,2006-04-26T21:00:00+00:00,2006-04-27T00:00:00+00:00,2006-04-27T03:00:00+00:00
NIO_2006_UNNAMED_2_2_1,,2006,TRAIN,2006-04-27T09:00:00+00:00,12.5,90.5,55.0,990.0,SCS,2006-04-27T21:00:00+00:00,13.5,90.5,65.0,984.0,VSCS,2006-04-28T09:00:00+00:00,15.3,92.3,100.0,954.0,VSCS,2006-04-29T09:00:00+00:00,18.0,95.0,,,SCS,2006-04-26T18:00:00+00:00,2006-04-26T21:00:00+00:00,2006-04-27T00:00:00+00:00,2006-04-27T03:00:00+00:00,2006-04-27T06:00:00+00:00
NIO_2006_UNNAMED_2_2_1,,2006,TRAIN,2006-04-27T12:00:00+00:00,13.0,90.5,65.0,984.0,VSCS,2006-04-28T00:00:00+00:00,14.0,91.0,65.0,984.0,VSCS,2006-04-28T12:00:00+00:00,15.5,92.5,100.0,954.0,VSCS,2006-04-29T12:00:00+00:00,18.5,95.5,,,SCS,2006-04-26T21:00:00+00:00,2006-04-27T00:00:00+00:00,2006-04-27T03:00:00+00:00,2006-04-27T06:00:00+00:00,2006-04-27T09:00:00+00:00
NIO_2006_UNNAMED_2_2_1,,2006,TRAIN,2006-04-27T15:00:00+00:00,13.0,90.5,65.0,984.0,VSCS,2006-04-28T03:00:00+00:00,14.5,91.5,80.0,976.0,VSCS,2006-04-28T15:00:00+00:00,16.0,93.0,100.0,954.0,VSCS,2006-04-29T15:00:00+00:00,18.5,95.5,,,SCS,2006-04-27T00:00:00+00:00,2006-04-27T03:00:00+00:00,2006-04-27T06:00:00+00:00,2006-04-27T09:00:00+00:00,2006-04-27T12:00:00+00:00
NIO_2006_UNNAMED_2_2_1,,2006,TRAIN,2006-04-27T18:00:00+00:00,13.0,90.5,65.0,984.0,VSCS,2006-04-28T06:00:00+00:00,15.0,92.0,90.0,964.0,VSCS,2006-04-28T18:00:00+00:00,16.0,93.0,100.0,954.0,VSCS,2006-04-29T18:00:00+00:00,19.0,96.0,,,CS,2006-04-27T03:00:00+00:00,2006-04-27T06:00:00+00:00,2006-04-27T09:00:00+00:00,2006-04-27T12:00:00+00:00,2006-04-27T15:00:00+00:00
NIO_2006_UNNAMED_2_2_3,,2006,TRAIN,2006-07-02T00:00:00+00:00,20.0,89.5,25.0,990.0,D,2006-07-02T12:00:00+00:00,20.5,88.0,30.0,988.0,DD,2006-07-03T00:00:00+00:00,20.5,85.5,30.0,982.0,DD,2006-07-04T00:00:00+00:00,21.0,82.0,30.0,982.0,DD,2006-07-01T09:00:00+00:00,2006-07-01T12:00:00+00:00,2006-07-01T15:00:00+00:00,2006-07-01T18:00:00+00:00,2006-07-01T21:00:00+00:00
NIO_2006_UNNAMED_2_2_3,,2006,TRAIN,2006-07-02T03:00:00+00:00,20.5,89.0,30.0,988.0,DD,2006-07-02T15:00:00+00:00,20.5,87.0,30.0,982.0,DD,2006-07-03T03:00:00+00:00,20.5,85.5,30.0,982.0,DD,2006-07-04T03:00:00+00:00,21.5,81.5,30.0,984.0,DD,2006-07-01T12:00:00+00:00,2006-07-01T15:00:00+00:00,2006-07-01T18:00:00+00:00,2006-07-01T21:00:00+00:00,2006-07-02T00:00:00+00:00
NIO_2006_UNNAMED_2_2_3,,2006,TRAIN,2006-07-02T06:00:00+00:00,20.5,89.0,30.0,988.0,DD,2006-07-02T18:00:00+00:00,20.5,86.0,30.0,982.0,DD,2006-07-03T06:00:00+00:00,20.5,85.5,30.0,982.0,DD,2006-07-04T06:00:00+00:00,21.5,81.0,30.0,986.0,DD,2006-07-01T15:00:00+00:00,2006-07-01T18:00:00+00:00,2006-07-01T21:00:00+00:00,2006-07-02T00:00:00+00:00,2006-07-02T03:00:00+00:00
NIO_2006_UNNAMED_2_2_3,,2006,TRAIN,2006-07-02T09:00:00+00:00,20.5,88.5,30.0,988.0,DD,2006-07-02T21:00:00+00:00,20.5,86.0,30.0,982.0,DD,2006-07-03T09:00:00+00:00,21.0,84.5,30.0,982.0,DD,2006-07-04T09:00:00+00:00,21.5,80.0,25.0,988.0,D,2006-07-01T18:00:00+00:00,2006-07-01T21:00:00+00:00,2006-07-02T00:00:00+00:00,2006-07-02T03:00:00+00:00,2006-07-02T06:00:00+00:00
NIO_2006_UNNAMED_2_2_3,,2006,TRAIN,2006-07-02T12:00:00+00:00,20.5,88.0,30.0,988.0,DD,2006-07-03T00:00:00+00:00,20.5,85.5,30.0,982.0,DD,2006-07-03T12:00:00+00:00,21.0,84.0,30.0,982.0,DD,2006-07-04T12:00:00+00:00,21.5,79.5,25.0,990.0,D,2006-07-01T21:00:00+00:00,2006-07-02T00:00:00+00:00,2006-07-02T03:00:00+00:00,2006-07-02T06:00:00+00:00,2006-07-02T09:00:00+00:00
NIO_2006_UNNAMED_2_2_3,,2006,TRAIN,2006-07-02T15:00:00+00:00,20.5,87.0,30.0,982.0,DD,2006-07-03T03:00:00+00:00,20.5,85.5,30.0,982.0,DD,2006-07-03T15:00:00+00:00,21.0,83.5,30.0,982.0,DD,2006-07-04T15:00:00+00:00,21.5,79.0,25.0,990.0,D,2006-07-02T00:00:00+00:00,2006-07-02T03:00:00+00:00,2006-07-02T06:00:00+00:00,2006-07-02T09:00:00+00:00,2006-07-02T12:00:00+00:00
NIO_2006_UNNAMED_2_2_3,,2006,TRAIN,2006-07-02T18:00:00+00:00,20.5,86.0,30.0,982.0,DD,2006-07-03T06:00:00+00:00,20.5,85.5,30.0,982.0,DD,2006-07-03T18:00:00+00:00,21.0,83.0,30.0,982.0,DD,2006-07-04T18:00:00+00:00,21.5,78.5,25.0,990.0,D,2006-07-02T03:00:00+00:00,2006-07-02T06:00:00+00:00,2006-07-02T09:00:00+00:00,2006-07-02T12:00:00+00:00,2006-07-02T15:00:00+00:00
NIO_2006_UNNAMED_2_2_3,,2006,TRAIN,2006-07-02T21:00:00+00:00,20.5,86.0,30.0,982.0,DD,2006-07-03T09:00:00+00:00,21.0,84.5,30.0,982.0,DD,2006-07-03T21:00:00+00:00,21.0,82.5,30.0,982.0,DD,2006-07-04T21:00:00+00:00,21.5,78.0,25.0,990.0,D,2006-07-02T06:00:00+00:00,2006-07-02T09:00:00+00:00,2006-07-02T12:00:00+00:00,2006-07-02T15:00:00+00:00,2006-07-02T18:00:00+00:00
NIO_2006_UNNAMED_2_2_3,,2006,TRAIN,2006-07-03T00:00:00+00:00,20.5,85.5,30.0,982.0,DD,2006-07-03T12:00:00+00:00,21.0,84.0,30.0,982.0,DD,2006-07-04T00:00:00+00:00,21.0,82.0,30.0,982.0,DD,2006-07-05T00:00:00+00:00,21.5,78.0,25.0,990.0,D,2006-07-02T09:00:00+00:00,2006-07-02T12:00:00+00:00,2006-07-02T15:00:00+00:00,2006-07-02T18:00:00+00:00,2006-07-02T21:00:00+00:00
NIO_2006_UNNAMED_2_2_3,,2006,TRAIN,2006-07-03T03:00:00+00:00,20.5,85.5,30.0,982.0,DD,2006-07-03T15:00:00+00:00,21.0,83.5,30.0,982.0,DD,2006-07-04T03:00:00+00:00,21.5,81.5,30.0,984.0,DD,2006-07-05T03:00:00+00:00,22.0,77.5,25.0,990.0,D,2006-07-02T12:00:00+00:00,2006-07-02T15:00:00+00:00,2006-07-02T18:00:00+00:00,2006-07-02T21:00:00+00:00,2006-07-03T00:00:00+00:00
NIO_2006_UNNAMED_2_2_3,,2006,TRAIN,2006-07-03T06:00:00+00:00,20.5,85.5,30.0,982.0,DD,2006-07-03T18:00:00+00:00,21.0,83.0,30.0,982.0,DD,2006-07-04T06:00:00+00:00,21.5,81.0,30.0,986.0,DD,2006-07-05T06:00:00+00:00,22.0,77.5,25.0,990.0,,2006-07-02T15:00:00+00:00,2006-07-02T18:00:00+00:00,2006-07-02T21:00:00+00:00,2006-07-03T00:00:00+00:00,2006-07-03T03:00:00+00:00
NIO_2006_UNNAMED_2_2_7,,2006,TRAIN,2006-08-29T03:00:00+00:00,20.5,87.5,25.0,992.0,D,2006-08-29T15:00:00+00:00,21.0,84.5,25.0,990.0,D,2006-08-30T03:00:00+00:00,22.0,83.0,25.0,992.0,D,2006-08-31T03:00:00+00:00,23.5,79.0,25.0,994.0,D,2006-08-28T12:00:00+00:00,2006-08-28T15:00:00+00:00,2006-08-28T18:00:00+00:00,2006-08-28T21:00:00+00:00,2006-08-29T00:00:00+00:00
NIO_2006_UNNAMED_2_2_7,,2006,TRAIN,2006-08-29T06:00:00+00:00,20.5,86.5,25.0,992.0,D,2006-08-29T18:00:00+00:00,21.0,84.0,25.0,990.0,D,2006-08-30T06:00:00+00:00,22.5,82.5,25.0,992.0,D,2006-08-31T06:00:00+00:00,24.0,78.0,25.0,994.0,D,2006-08-28T15:00:00+00:00,2006-08-28T18:00:00+00:00,2006-08-28T21:00:00+00:00,2006-08-29T00:00:00+00:00,2006-08-29T03:00:00+00:00
NIO_2006_UNNAMED_2_2_7,,2006,TRAIN,2006-08-29T09:00:00+00:00,21.0,85.0,25.0,990.0,D,2006-08-29T21:00:00+00:00,21.0,83.5,25.0,990.0,D,2006-08-30T09:00:00+00:00,22.5,81.5,25.0,992.0,D,2006-08-31T09:00:00+00:00,24.0,78.0,25.0,994.0,D,2006-08-28T18:00:00+00:00,2006-08-28T21:00:00+00:00,2006-08-29T00:00:00+00:00,2006-08-29T03:00:00+00:00,2006-08-29T06:00:00+00:00
NIO_2006_UNNAMED_2_2_7,,2006,TRAIN,2006-08-29T12:00:00+00:00,21.0,84.5,25.0,990.0,D,2006-08-30T00:00:00+00:00,21.0,83.0,25.0,992.0,D,2006-08-30T12:00:00+00:00,22.5,81.0,25.0,992.0,D,2006-08-31T12:00:00+00:00,24.0,78.0,25.0,994.0,D,2006-08-28T21:00:00+00:00,2006-08-29T00:00:00+00:00,2006-08-29T03:00:00+00:00,2006-08-29T06:00:00+00:00,2006-08-29T09:00:00+00:00
NIO_2006_UNNAMED_2_2_7,,2006,TRAIN,2006-08-29T15:00:00+00:00,21.0,84.5,25.0,990.0,D,2006-08-30T03:00:00+00:00,22.0,83.0,25.0,992.0,D,2006-08-30T15:00:00+00:00,22.5,81.0,25.0,992.0,D,2006-08-31T15:00:00+00:00,24.0,78.0,25.0,994.0,D,2006-08-29T00:00:00+00:00,2006-08-29T03:00:00+00:00,2006-08-29T06:00:00+00:00,2006-08-29T09:00:00+00:00,2006-08-29T12:00:00+00:00
NIO_2006_UNNAMED_2_2_7,,2006,TRAIN,2006-08-29T18:00:00+00:00,21.0,84.0,25.0,990.0,D,2006-08-30T06:00:00+00:00,22.5,82.5,25.0,992.0,D,2006-08-30T18:00:00+00:00,22.5,81.0,25.0,992.0,D,2006-08-31T18:00:00+00:00,24.5,77.5,25.0,994.0,D,2006-08-29T03:00:00+00:00,2006-08-29T06:00:00+00:00,2006-08-29T09:00:00+00:00,2006-08-29T12:00:00+00:00,2006-08-29T15:00:00+00:00
NIO_2006_UNNAMED_2_2_7,,2006,TRAIN,2006-08-29T21:00:00+00:00,21.0,83.5,25.0,990.0,D,2006-08-30T09:00:00+00:00,22.5,81.5,25.0,992.0,D,2006-08-30T21:00:00+00:00,22.5,80.5,25.0,992.0,D,2006-08-31T21:00:00+00:00,25.0,77.0,25.0,994.0,D,2006-08-29T06:00:00+00:00,2006-08-29T09:00:00+00:00,2006-08-29T12:00:00+00:00,2006-08-29T15:00:00+00:00,2006-08-29T18:00:00+00:00
NIO_2006_UNNAMED_2_2_7,,2006,TRAIN,2006-08-30T00:00:00+00:00,21.0,83.0,25.0,992.0,D,2006-08-30T12:00:00+00:00,22.5,81.0,25.0,992.0,D,2006-08-31T00:00:00+00:00,23.0,80.0,25.0,994.0,D,2006-09-01T00:00:00+00:00,25.5,77.0,25.0,994.0,D,2006-08-29T09:00:00+00:00,2006-08-29T12:00:00+00:00,2006-08-29T15:00:00+00:00,2006-08-29T18:00:00+00:00,2006-08-29T21:00:00+00:00
NIO_2006_UNNAMED_2_2_7,,2006,TRAIN,2006-08-30T03:00:00+00:00,22.0,83.0,25.0,992.0,D,2006-08-30T15:00:00+00:00,22.5,81.0,25.0,992.0,D,2006-08-31T03:00:00+00:00,23.5,79.0,25.0,994.0,D,2006-09-01T03:00:00+00:00,26.0,76.5,25.0,994.0,D,2006-08-29T12:00:00+00:00,2006-08-29T15:00:00+00:00,2006-08-29T18:00:00+00:00,2006-08-29T21:00:00+00:00,2006-08-30T00:00:00+00:00
NIO_2006_UNNAMED_2_2_7,,2006,TRAIN,2006-08-30T06:00:00+00:00,22.5,82.5,25.0,992.0,D,2006-08-30T18:00:00+00:00,22.5,81.0,25.0,992.0,D,2006-08-31T06:00:00+00:00,24.0,78.0,25.0,994.0,D,2006-09-01T06:00:00+00:00,26.0,76.5,25.0,994.0,D,2006-08-29T15:00:00+00:00,2006-08-29T18:00:00+00:00,2006-08-29T21:00:00+00:00,2006-08-30T00:00:00+00:00,2006-08-30T03:00:00+00:00
NIO_2006_UNNAMED_2_4_1,,2006,TRAIN,2006-08-02T09:00:00+00:00,20.0,87.0,30.0,988.0,DD,2006-08-02T21:00:00+00:00,20.0,85.5,30.0,986.0,DD,2006-08-03T09:00:00+00:00,19.5,84.5,30.0,986.0,DD,2006-08-04T09:00:00+00:00,20.5,82.0,25.0,990.0,D,2006-08-01T18:00:00+00:00,2006-08-01T21:00:00+00:00,2006-08-02T00:00:00+00:00,2006-08-02T03:00:00+00:00,2006-08-02T06:00:00+00:00
NIO_2006_UNNAMED_2_6_1,,2006,TRAIN,2006-08-16T03:00:00+00:00,20.5,88.0,25.0,990.0,D,2006-08-16T15:00:00+00:00,20.5,86.5,25.0,988.0,D,2006-08-17T03:00:00+00:00,22.0,83.5,25.0,988.0,D,2006-08-18T03:00:00+00:00,23.0,78.0,25.0,992.0,D,2006-08-15T12:00:00+00:00,2006-08-15T15:00:00+00:00,2006-08-15T18:00:00+00:00,2006-08-15T21:00:00+00:00,2006-08-16T00:00:00+00:00
NIO_2006_UNNAMED_2_6_1,,2006,TRAIN,2006-08-16T06:00:00+00:00,20.5,87.5,25.0,990.0,D,2006-08-16T18:00:00+00:00,20.5,86.0,25.0,988.0,D,2006-08-17T06:00:00+00:00,22.0,83.5,25.0,988.0,D,2006-08-18T06:00:00+00:00,23.0,77.5,25.0,994.0,D,2006-08-15T15:00:00+00:00,2006-08-15T18:00:00+00:00,2006-08-15T21:00:00+00:00,2006-08-16T00:00:00+00:00,2006-08-16T03:00:00+00:00
NIO_2006_UNNAMED_2_6_1,,2006,TRAIN,2006-08-16T09:00:00+00:00,20.5,87.5,25.0,990.0,D,2006-08-16T21:00:00+00:00,21.0,85.0,25.0,988.0,D,2006-08-17T09:00:00+00:00,22.5,83.0,25.0,988.0,D,2006-08-18T09:00:00+00:00,23.5,77.0,25.0,994.0,D,2006-08-15T18:00:00+00:00,2006-08-15T21:00:00+00:00,2006-08-16T00:00:00+00:00,2006-08-16T03:00:00+00:00,2006-08-16T06:00:00+00:00
NIO_2006_UNNAMED_2_9_1,,2006,TRAIN,2006-09-21T03:00:00+00:00,23.0,86.5,25.0,996.0,D,2006-09-21T15:00:00+00:00,23.0,86.5,25.0,996.0,D,2006-09-22T03:00:00+00:00,23.5,86.0,25.0,996.0,D,2006-09-23T03:00:00+00:00,23.5,85.5,25.0,996.0,D,2006-09-20T12:00:00+00:00,2006-09-20T15:00:00+00:00,2006-09-20T18:00:00+00:00,2006-09-20T21:00:00+00:00,2006-09-21T00:00:00+00:00
NIO_2006_UNNAMED_2_9_1,,2006,TRAIN,2006-09-21T06:00:00+00:00,23.0,86.5,25.0,996.0,D,2006-09-21T18:00:00+00:00,23.0,86.5,25.0,996.0,D,2006-09-22T06:00:00+00:00,23.5,86.0,25.0,996.0,D,2006-09-23T06:00:00+00:00,23.5,85.5,25.0,996.0,D,2006-09-20T15:00:00+00:00,2006-09-20T18:00:00+00:00,2006-09-20T21:00:00+00:00,2006-09-21T00:00:00+00:00,2006-09-21T03:00:00+00:00
NIO_2006_UNNAMED_2_9_1,,2006,TRAIN,2006-09-21T09:00:00+00:00,23.0,86.5,25.0,996.0,D,2006-09-21T21:00:00+00:00,23.0,86.5,25.0,996.0,D,2006-09-22T09:00:00+00:00,23.5,86.0,25.0,996.0,D,2006-09-23T09:00:00+00:00,23.5,85.5,25.0,996.0,D,2006-09-20T18:00:00+00:00,2006-09-20T21:00:00+00:00,2006-09-21T00:00:00+00:00,2006-09-21T03:00:00+00:00,2006-09-21T06:00:00+00:00
NIO_2006_UNNAMED_2_9_1,,2006,TRAIN,2006-09-21T12:00:00+00:00,23.0,86.5,25.0,996.0,D,2006-09-22T00:00:00+00:00,23.5,86.0,25.0,996.0,D,2006-09-22T12:00:00+00:00,23.5,86.0,25.0,996.0,D,2006-09-23T12:00:00+00:00,23.5,85.5,25.0,996.0,D,2006-09-20T21:00:00+00:00,2006-09-21T00:00:00+00:00,2006-09-21T03:00:00+00:00,2006-09-21T06:00:00+00:00,2006-09-21T09:00:00+00:00
NIO_2006_UNNAMED_2_9_1,,2006,TRAIN,2006-09-21T15:00:00+00:00,23.0,86.5,25.0,996.0,D,2006-09-22T03:00:00+00:00,23.5,86.0,25.0,996.0,D,2006-09-22T15:00:00+00:00,23.5,86.0,25.0,996.0,D,2006-09-23T15:00:00+00:00,23.5,85.5,25.0,996.0,D,2006-09-21T00:00:00+00:00,2006-09-21T03:00:00+00:00,2006-09-21T06:00:00+00:00,2006-09-21T09:00:00+00:00,2006-09-21T12:00:00+00:00
NIO_2006_UNNAMED_2_9_1,,2006,TRAIN,2006-09-21T18:00:00+00:00,23.0,86.5,25.0,996.0,D,2006-09-22T06:00:00+00:00,23.5,86.0,25.0,996.0,D,2006-09-22T18:00:00+00:00,23.5,86.0,25.0,996.0,D,2006-09-23T18:00:00+00:00,23.5,85.5,25.0,996.0,D,2006-09-21T03:00:00+00:00,2006-09-21T06:00:00+00:00,2006-09-21T09:00:00+00:00,2006-09-21T12:00:00+00:00,2006-09-21T15:00:00+00:00
NIO_2006_UNNAMED_2_9_1,,2006,TRAIN,2006-09-21T21:00:00+00:00,23.0,86.5,25.0,996.0,D,2006-09-22T09:00:00+00:00,23.5,86.0,25.0,996.0,D,2006-09-22T21:00:00+00:00,23.5,86.0,25.0,996.0,D,2006-09-23T21:00:00+00:00,23.5,85.5,25.0,996.0,D,2006-09-21T06:00:00+00:00,2006-09-21T09:00:00+00:00,2006-09-21T12:00:00+00:00,2006-09-21T15:00:00+00:00,2006-09-21T18:00:00+00:00
NIO_2006_UNNAMED_2_9_1,,2006,TRAIN,2006-09-22T00:00:00+00:00,23.5,86.0,25.0,996.0,D,2006-09-22T12:00:00+00:00,23.5,86.0,25.0,996.0,D,2006-09-23T00:00:00+00:00,23.5,86.0,25.0,996.0,D,2006-09-24T00:00:00+00:00,23.5,85.5,25.0,996.0,D,2006-09-21T09:00:00+00:00,2006-09-21T12:00:00+00:00,2006-09-21T15:00:00+00:00,2006-09-21T18:00:00+00:00,2006-09-21T21:00:00+00:00
NIO_2007_UNNAMED_05,,2007,TRAIN,2007-06-21T03:00:00+00:00,15.5,86.0,25.0,994.0,D,2007-06-21T15:00:00+00:00,16.0,83.5,30.0,988.0,DD,2007-06-22T03:00:00+00:00,16.5,81.0,30.0,990.0,DD,2007-06-23T03:00:00+00:00,18.0,76.0,25.0,992.0,D,2007-06-20T12:00:00+00:00,2007-06-20T15:00:00+00:00,2007-06-20T18:00:00+00:00,2007-06-20T21:00:00+00:00,2007-06-21T00:00:00+00:00
NIO_2007_UNNAMED_05,,2007,TRAIN,2007-06-21T06:00:00+00:00,15.5,85.0,25.0,992.0,D,2007-06-21T18:00:00+00:00,16.0,83.0,30.0,988.0,DD,2007-06-22T06:00:00+00:00,16.5,80.0,30.0,990.0,DD,2007-06-23T06:00:00+00:00,18.5,75.0,25.0,990.0,D,2007-06-20T15:00:00+00:00,2007-06-20T18:00:00+00:00,2007-06-20T21:00:00+00:00,2007-06-21T00:00:00+00:00,2007-06-21T03:00:00+00:00
NIO_2007_UNNAMED_05,,2007,TRAIN,2007-06-21T09:00:00+00:00,16.0,84.5,25.0,990.0,D,2007-06-21T21:00:00+00:00,16.5,82.5,30.0,988.0,DD,2007-06-22T09:00:00+00:00,16.5,79.0,30.0,988.0,DD,2007-06-23T09:00:00+00:00,19.0,74.0,25.0,990.0,D,2007-06-20T18:00:00+00:00,2007-06-20T21:00:00+00:00,2007-06-21T00:00:00+00:00,2007-06-21T03:00:00+00:00,2007-06-21T06:00:00+00:00
NIO_2007_UNNAMED_08,,2007,TRAIN,2007-07-04T03:00:00+00:00,22.0,89.5,25.0,990.0,D,2007-07-04T15:00:00+00:00,23.0,89.5,25.0,992.0,D,2007-07-05T03:00:00+00:00,23.0,88.0,25.0,992.0,D,2007-07-06T03:00:00+00:00,23.0,87.0,30.0,988.0,DD,2007-07-03T12:00:00+00:00,2007-07-03T15:00:00+00:00,2007-07-03T18:00:00+00:00,2007-07-03T21:00:00+00:00,2007-07-04T00:00:00+00:00
NIO_2007_UNNAMED_08,,2007,TRAIN,2007-07-04T06:00:00+00:00,22.0,89.5,25.0,990.0,D,2007-07-04T18:00:00+00:00,23.0,89.5,25.0,990.0,D,2007-07-05T06:00:00+00:00,23.0,88.0,25.0,988.0,D,2007-07-06T06:00:00+00:00,23.0,87.0,30.0,988.0,DD,2007-07-03T15:00:00+00:00,2007-07-03T18:00:00+00:00,2007-07-03T21:00:00+00:00,2007-07-04T00:00:00+00:00,2007-07-04T03:00:00+00:00
NIO_2007_UNNAMED_08,,2007,TRAIN,2007-07-04T09:00:00+00:00,22.0,89.5,25.0,992.0,D,2007-07-04T21:00:00+00:00,23.0,89.5,25.0,992.0,D,2007-07-05T09:00:00+00:00,23.0,88.0,25.0,988.0,D,2007-07-06T09:00:00+00:00,23.0,87.0,30.0,988.0,DD,2007-07-03T18:00:00+00:00,2007-07-03T21:00:00+00:00,2007-07-04T00:00:00+00:00,2007-07-04T03:00:00+00:00,2007-07-04T06:00:00+00:00
NIO_2007_UNNAMED_08,,2007,TRAIN,2007-07-04T12:00:00+00:00,23.0,89.5,25.0,990.0,D,2007-07-05T00:00:00+00:00,23.0,89.5,25.0,992.0,D,2007-07-05T12:00:00+00:00,23.0,88.0,30.0,988.0,DD,2007-07-06T12:00:00+00:00,23.0,86.0,30.0,988.0,DD,2007-07-03T21:00:00+00:00,2007-07-04T00:00:00+00:00,2007-07-04T03:00:00+00:00,2007-07-04T06:00:00+00:00,2007-07-04T09:00:00+00:00
NIO_2007_UNNAMED_08,,2007,TRAIN,2007-07-04T15:00:00+00:00,23.0,89.5,25.0,992.0,D,2007-07-05T03:00:00+00:00,23.0,88.0,25.0,992.0,D,2007-07-05T15:00:00+00:00,23.0,88.0,30.0,988.0,DD,2007-07-06T15:00:00+00:00,23.0,86.0,30.0,988.0,DD,2007-07-04T00:00:00+00:00,2007-07-04T03:00:00+00:00,2007-07-04T06:00:00+00:00,2007-07-04T09:00:00+00:00,2007-07-04T12:00:00+00:00
NIO_2007_UNNAMED_08,,2007,TRAIN,2007-07-04T18:00:00+00:00,23.0,89.5,25.0,990.0,D,2007-07-05T06:00:00+00:00,23.0,88.0,25.0,988.0,D,2007-07-05T18:00:00+00:00,23.0,88.0,30.0,990.0,DD,2007-07-06T18:00:00+00:00,23.0,86.0,30.0,988.0,DD,2007-07-04T03:00:00+00:00,2007-07-04T06:00:00+00:00,2007-07-04T09:00:00+00:00,2007-07-04T12:00:00+00:00,2007-07-04T15:00:00+00:00
NIO_2007_UNNAMED_08,,2007,TRAIN,2007-07-04T21:00:00+00:00,23.0,89.5,25.0,992.0,D,2007-07-05T09:00:00+00:00,23.0,88.0,25.0,988.0,D,2007-07-05T21:00:00+00:00,23.0,88.0,30.0,988.0,DD,2007-07-06T21:00:00+00:00,23.0,86.0,30.0,988.0,DD,2007-07-04T06:00:00+00:00,2007-07-04T09:00:00+00:00,2007-07-04T12:00:00+00:00,2007-07-04T15:00:00+00:00,2007-07-04T18:00:00+00:00
NIO_2007_UNNAMED_08,,2007,TRAIN,2007-07-05T00:00:00+00:00,23.0,89.5,25.0,992.0,D,2007-07-05T12:00:00+00:00,23.0,88.0,30.0,988.0,DD,2007-07-06T00:00:00+00:00,23.0,88.0,30.0,988.0,DD,2007-07-07T00:00:00+00:00,23.0,86.0,30.0,988.0,DD,2007-07-04T09:00:00+00:00,2007-07-04T12:00:00+00:00,2007-07-04T15:00:00+00:00,2007-07-04T18:00:00+00:00,2007-07-04T21:00:00+00:00
NIO_2007_UNNAMED_08,,2007,TRAIN,2007-07-05T03:00:00+00:00,23.0,88.0,25.0,992.0,D,2007-07-05T15:00:00+00:00,23.0,88.0,30.0,988.0,DD,2007-07-06T03:00:00+00:00,23.0,87.0,30.0,988.0,DD,2007-07-07T03:00:00+00:00,23.5,83.5,25.0,990.0,D,2007-07-04T12:00:00+00:00,2007-07-04T15:00:00+00:00,2007-07-04T18:00:00+00:00,2007-07-04T21:00:00+00:00,2007-07-05T00:00:00+00:00
NIO_2007_UNNAMED_08,,2007,TRAIN,2007-07-05T06:00:00+00:00,23.0,88.0,25.0,988.0,D,2007-07-05T18:00:00+00:00,23.0,88.0,30.0,990.0,DD,2007-07-06T06:00:00+00:00,23.0,87.0,30.0,988.0,DD,2007-07-07T06:00:00+00:00,23.5,83.5,25.0,990.0,D,2007-07-04T15:00:00+00:00,2007-07-04T18:00:00+00:00,2007-07-04T21:00:00+00:00,2007-07-05T00:00:00+00:00,2007-07-05T03:00:00+00:00
NIO_2007_UNNAMED_08,,2007,TRAIN,2007-07-05T09:00:00+00:00,23.0,88.0,25.0,988.0,D,2007-07-05T21:00:00+00:00,23.0,88.0,30.0,988.0,DD,2007-07-06T09:00:00+00:00,23.0,87.0,30.0,988.0,DD,2007-07-07T09:00:00+00:00,23.5,83.5,25.0,990.0,D,2007-07-04T18:00:00+00:00,2007-07-04T21:00:00+00:00,2007-07-05T00:00:00+00:00,2007-07-05T03:00:00+00:00,2007-07-05T06:00:00+00:00
NIO_2007_UNNAMED_08,,2007,TRAIN,2007-07-05T12:00:00+00:00,23.0,88.0,30.0,988.0,DD,2007-07-06T00:00:00+00:00,23.0,88.0,30.0,988.0,DD,2007-07-06T12:00:00+00:00,23.0,86.0,30.0,988.0,DD,2007-07-07T12:00:00+00:00,23.5,82.0,25.0,990.0,D,2007-07-04T21:00:00+00:00,2007-07-05T00:00:00+00:00,2007-07-05T03:00:00+00:00,2007-07-05T06:00:00+00:00,2007-07-05T09:00:00+00:00
NIO_2007_UNNAMED_08,,2007,TRAIN,2007-07-05T15:00:00+00:00,23.0,88.0,30.0,988.0,DD,2007-07-06T03:00:00+00:00,23.0,87.0,30.0,988.0,DD,2007-07-06T15:00:00+00:00,23.0,86.0,30.0,988.0,DD,2007-07-07T15:00:00+00:00,23.5,82.0,25.0,990.0,D,2007-07-05T00:00:00+00:00,2007-07-05T03:00:00+00:00,2007-07-05T06:00:00+00:00,2007-07-05T09:00:00+00:00,2007-07-05T12:00:00+00:00
NIO_2007_UNNAMED_08,,2007,TRAIN,2007-07-05T18:00:00+00:00,23.0,88.0,30.0,990.0,DD,2007-07-06T06:00:00+00:00,23.0,87.0,30.0,988.0,DD,2007-07-06T18:00:00+00:00,23.0,86.0,30.0,988.0,DD,2007-07-07T18:00:00+00:00,23.5,82.0,25.0,990.0,D,2007-07-05T03:00:00+00:00,2007-07-05T06:00:00+00:00,2007-07-05T09:00:00+00:00,2007-07-05T12:00:00+00:00,2007-07-05T15:00:00+00:00
NIO_2007_UNNAMED_08,,2007,TRAIN,2007-07-05T21:00:00+00:00,23.0,88.0,30.0,988.0,DD,2007-07-06T09:00:00+00:00,23.0,87.0,30.0,988.0,DD,2007-07-06T21:00:00+00:00,23.0,86.0,30.0,988.0,DD,2007-07-07T21:00:00+00:00,23.5,82.0,25.0,990.0,D,2007-07-05T06:00:00+00:00,2007-07-05T09:00:00+00:00,2007-07-05T12:00:00+00:00,2007-07-05T15:00:00+00:00,2007-07-05T18:00:00+00:00
NIO_2007_UNNAMED_08,,2007,TRAIN,2007-07-06T00:00:00+00:00,23.0,88.0,30.0,988.0,DD,2007-07-06T12:00:00+00:00,23.0,86.0,30.0,988.0,DD,2007-07-07T00:00:00+00:00,23.0,86.0,30.0,988.0,DD,2007-07-08T00:00:00+00:00,23.5,82.0,25.0,990.0,D,2007-07-05T09:00:00+00:00,2007-07-05T12:00:00+00:00,2007-07-05T15:00:00+00:00,2007-07-05T18:00:00+00:00,2007-07-05T21:00:00+00:00
NIO_2007_UNNAMED_08,,2007,TRAIN,2007-07-06T03:00:00+00:00,23.0,87.0,30.0,988.0,DD,2007-07-06T15:00:00+00:00,23.0,86.0,30.0,988.0,DD,2007-07-07T03:00:00+00:00,23.5,83.5,25.0,990.0,D,2007-07-08T03:00:00+00:00,23.5,79.0,25.0,990.0,D,2007-07-05T12:00:00+00:00,2007-07-05T15:00:00+00:00,2007-07-05T18:00:00+00:00,2007-07-05T21:00:00+00:00,2007-07-06T00:00:00+00:00
NIO_2007_UNNAMED_08,,2007,TRAIN,2007-07-06T06:00:00+00:00,23.0,87.0,30.0,988.0,DD,2007-07-06T18:00:00+00:00,23.0,86.0,30.0,988.0,DD,2007-07-07T06:00:00+00:00,23.5,83.5,25.0,990.0,D,2007-07-08T06:00:00+00:00,23.5,79.0,25.0,990.0,D,2007-07-05T15:00:00+00:00,2007-07-05T18:00:00+00:00,2007-07-05T21:00:00+00:00,2007-07-06T00:00:00+00:00,2007-07-06T03:00:00+00:00
NIO_2007_UNNAMED_08,,2007,TRAIN,2007-07-06T09:00:00+00:00,23.0,87.0,30.0,988.0,DD,2007-07-06T21:00:00+00:00,23.0,86.0,30.0,988.0,DD,2007-07-07T09:00:00+00:00,23.5,83.5,25.0,990.0,D,2007-07-08T09:00:00+00:00,23.5,79.0,25.0,990.0,D,2007-07-05T18:00:00+00:00,2007-07-05T21:00:00+00:00,2007-07-06T00:00:00+00:00,2007-07-06T03:00:00+00:00,2007-07-06T06:00:00+00:00
NIO_2007_UNNAMED_08,,2007,TRAIN,2007-07-06T12:00:00+00:00,23.0,86.0,30.0,988.0,DD,2007-07-07T00:00:00+00:00,23.0,86.0,30.0,988.0,DD,2007-07-07T12:00:00+00:00,23.5,82.0,25.0,990.0,D,2007-07-08T12:00:00+00:00,24.0,78.0,25.0,990.0,D,2007-07-05T21:00:00+00:00,2007-07-06T00:00:00+00:00,2007-07-06T03:00:00+00:00,2007-07-06T06:00:00+00:00,2007-07-06T09:00:00+00:00
NIO_2007_UNNAMED_08,,2007,TRAIN,2007-07-06T15:00:00+00:00,23.0,86.0,30.0,988.0,DD,2007-07-07T03:00:00+00:00,23.5,83.5,25.0,990.0,D,2007-07-07T15:00:00+00:00,23.5,82.0,25.0,990.0,D,2007-07-08T15:00:00+00:00,24.0,78.0,25.0,990.0,D,2007-07-06T00:00:00+00:00,2007-07-06T03:00:00+00:00,2007-07-06T06:00:00+00:00,2007-07-06T09:00:00+00:00,2007-07-06T12:00:00+00:00
NIO_2007_UNNAMED_08,,2007,TRAIN,2007-07-06T18:00:00+00:00,23.0,86.0,30.0,988.0,DD,2007-07-07T06:00:00+00:00,23.5,83.5,25.0,990.0,D,2007-07-07T18:00:00+00:00,23.5,82.0,25.0,990.0,D,2007-07-08T18:00:00+00:00,24.0,78.0,25.0,990.0,D,2007-07-06T03:00:00+00:00,2007-07-06T06:00:00+00:00,2007-07-06T09:00:00+00:00,2007-07-06T12:00:00+00:00,2007-07-06T15:00:00+00:00
NIO_2007_UNNAMED_08,,2007,TRAIN,2007-07-06T21:00:00+00:00,23.0,86.0,30.0,988.0,DD,2007-07-07T09:00:00+00:00,23.5,83.5,25.0,990.0,D,2007-07-07T21:00:00+00:00,23.5,82.0,25.0,990.0,D,2007-07-08T21:00:00+00:00,24.0,78.0,25.0,990.0,D,2007-07-06T06:00:00+00:00,2007-07-06T09:00:00+00:00,2007-07-06T12:00:00+00:00,2007-07-06T15:00:00+00:00,2007-07-06T18:00:00+00:00
NIO_2007_UNNAMED_08,,2007,TRAIN,2007-07-07T00:00:00+00:00,23.0,86.0,30.0,988.0,DD,2007-07-07T12:00:00+00:00,23.5,82.0,25.0,990.0,D,2007-07-08T00:00:00+00:00,23.5,82.0,25.0,990.0,D,2007-07-09T00:00:00+00:00,24.0,78.0,25.0,990.0,D,2007-07-06T09:00:00+00:00,2007-07-06T12:00:00+00:00,2007-07-06T15:00:00+00:00,2007-07-06T18:00:00+00:00,2007-07-06T21:00:00+00:00
NIO_2007_UNNAMED_08,,2007,TRAIN,2007-07-07T03:00:00+00:00,23.5,83.5,25.0,990.0,D,2007-07-07T15:00:00+00:00,23.5,82.0,25.0,990.0,D,2007-07-08T03:00:00+00:00,23.5,79.0,25.0,990.0,D,2007-07-09T03:00:00+00:00,25.0,78.0,25.0,990.0,D,2007-07-06T12:00:00+00:00,2007-07-06T15:00:00+00:00,2007-07-06T18:00:00+00:00,2007-07-06T21:00:00+00:00,2007-07-07T00:00:00+00:00
NIO_2007_UNNAMED_08,,2007,TRAIN,2007-07-07T06:00:00+00:00,23.5,83.5,25.0,990.0,D,2007-07-07T18:00:00+00:00,23.5,82.0,25.0,990.0,D,2007-07-08T06:00:00+00:00,23.5,79.0,25.0,990.0,D,2007-07-09T06:00:00+00:00,25.0,78.0,25.0,990.0,D,2007-07-06T15:00:00+00:00,2007-07-06T18:00:00+00:00,2007-07-06T21:00:00+00:00,2007-07-07T00:00:00+00:00,2007-07-07T03:00:00+00:00
NIO_2007_UNNAMED_08,,2007,TRAIN,2007-07-07T09:00:00+00:00,23.5,83.5,25.0,990.0,D,2007-07-07T21:00:00+00:00,23.5,82.0,25.0,990.0,D,2007-07-08T09:00:00+00:00,23.5,79.0,25.0,990.0,D,2007-07-09T09:00:00+00:00,25.0,78.0,25.0,990.0,D,2007-07-06T18:00:00+00:00,2007-07-06T21:00:00+00:00,2007-07-07T00:00:00+00:00,2007-07-07T03:00:00+00:00,2007-07-07T06:00:00+00:00
NIO_2007_UNNAMED_09,,2007,TRAIN,2007-08-05T00:00:00+00:00,20.0,88.5,25.0,992.0,D,2007-08-05T12:00:00+00:00,20.0,88.0,25.0,990.0,D,2007-08-06T00:00:00+00:00,20.5,87.0,30.0,988.0,DD,2007-08-07T00:00:00+00:00,21.0,82.5,30.0,990.0,DD,2007-08-04T09:00:00+00:00,2007-08-04T12:00:00+00:00,2007-08-04T15:00:00+00:00,2007-08-04T18:00:00+00:00,2007-08-04T21:00:00+00:00
NIO_2007_UNNAMED_09,,2007,TRAIN,2007-08-05T03:00:00+00:00,20.0,88.5,25.0,992.0,D,2007-08-05T15:00:00+00:00,20.0,88.5,25.0,990.0,D,2007-08-06T03:00:00+00:00,20.5,86.0,30.0,990.0,DD,2007-08-07T03:00:00+00:00,21.0,82.0,25.0,992.0,D,2007-08-04T12:00:00+00:00,2007-08-04T15:00:00+00:00,2007-08-04T18:00:00+00:00,2007-08-04T21:00:00+00:00,2007-08-05T00:00:00+00:00
NIO_2007_UNNAMED_09,,2007,TRAIN,2007-08-05T06:00:00+00:00,20.0,88.5,25.0,992.0,D,2007-08-05T18:00:00+00:00,20.0,87.5,30.0,988.0,DD,2007-08-06T06:00:00+00:00,20.5,85.0,30.0,990.0,DD,2007-08-07T06:00:00+00:00,22.0,81.0,25.0,992.0,D,2007-08-04T15:00:00+00:00,2007-08-04T18:00:00+00:00,2007-08-04T21:00:00+00:00,2007-08-05T00:00:00+00:00,2007-08-05T03:00:00+00:00
NIO_2007_UNNAMED_09,,2007,TRAIN,2007-08-05T09:00:00+00:00,20.0,88.5,25.0,990.0,D,2007-08-05T21:00:00+00:00,20.5,87.5,30.0,984.0,DD,2007-08-06T09:00:00+00:00,20.5,84.5,30.0,990.0,DD,2007-08-07T09:00:00+00:00,22.5,80.5,25.0,992.0,D,2007-08-04T18:00:00+00:00,2007-08-04T21:00:00+00:00,2007-08-05T00:00:00+00:00,2007-08-05T03:00:00+00:00,2007-08-05T06:00:00+00:00
NIO_2007_UNNAMED_10,,2007,TRAIN,2007-09-21T12:00:00+00:00,18.0,86.5,25.0,994.0,D,2007-09-22T00:00:00+00:00,19.0,86.0,25.0,994.0,D,2007-09-22T12:00:00+00:00,19.5,86.0,25.0,992.0,D,2007-09-23T12:00:00+00:00,21.5,84.5,25.0,990.0,D,2007-09-20T21:00:00+00:00,2007-09-21T00:00:00+00:00,2007-09-21T03:00:00+00:00,2007-09-21T06:00:00+00:00,2007-09-21T09:00:00+00:00
NIO_2007_UNNAMED_10,,2007,TRAIN,2007-09-21T15:00:00+00:00,18.5,86.0,25.0,996.0,D,2007-09-22T03:00:00+00:00,19.0,86.0,25.0,994.0,D,2007-09-22T15:00:00+00:00,20.0,86.0,25.0,992.0,D,2007-09-23T15:00:00+00:00,21.5,84.5,25.0,990.0,D,2007-09-21T00:00:00+00:00,2007-09-21T03:00:00+00:00,2007-09-21T06:00:00+00:00,2007-09-21T09:00:00+00:00,2007-09-21T12:00:00+00:00
NIO_2007_UNNAMED_10,,2007,TRAIN,2007-09-21T18:00:00+00:00,18.5,86.0,25.0,996.0,D,2007-09-22T06:00:00+00:00,19.5,86.0,25.0,994.0,D,2007-09-22T18:00:00+00:00,20.0,86.0,25.0,992.0,D,2007-09-23T18:00:00+00:00,22.0,84.0,25.0,992.0,D,2007-09-21T03:00:00+00:00,2007-09-21T06:00:00+00:00,2007-09-21T09:00:00+00:00,2007-09-21T12:00:00+00:00,2007-09-21T15:00:00+00:00
NIO_2007_UNNAMED_10,,2007,TRAIN,2007-09-21T21:00:00+00:00,18.5,86.0,25.0,994.0,D,2007-09-22T09:00:00+00:00,19.5,86.0,25.0,992.0,D,2007-09-22T21:00:00+00:00,20.5,86.0,25.0,992.0,D,2007-09-23T21:00:00+00:00,22.5,84.0,25.0,994.0,D,2007-09-21T06:00:00+00:00,2007-09-21T09:00:00+00:00,2007-09-21T12:00:00+00:00,2007-09-21T15:00:00+00:00,2007-09-21T18:00:00+00:00
NIO_2007_UNNAMED_10,,2007,TRAIN,2007-09-22T00:00:00+00:00,19.0,86.0,25.0,994.0,D,2007-09-22T12:00:00+00:00,19.5,86.0,25.0,992.0,D,2007-09-23T00:00:00+00:00,20.5,86.0,25.0,990.0,D,2007-09-24T00:00:00+00:00,23.0,83.5,25.0,994.0,D,2007-09-21T09:00:00+00:00,2007-09-21T12:00:00+00:00,2007-09-21T15:00:00+00:00,2007-09-21T18:00:00+00:00,2007-09-21T21:00:00+00:00
NIO_2007_UNNAMED_10,,2007,TRAIN,2007-09-22T03:00:00+00:00,19.0,86.0,25.0,994.0,D,2007-09-22T15:00:00+00:00,20.0,86.0,25.0,992.0,D,2007-09-23T03:00:00+00:00,20.5,85.5,25.0,992.0,D,2007-09-24T03:00:00+00:00,23.0,83.5,25.0,998.0,D,2007-09-21T12:00:00+00:00,2007-09-21T15:00:00+00:00,2007-09-21T18:00:00+00:00,2007-09-21T21:00:00+00:00,2007-09-22T00:00:00+00:00
NIO_2007_UNNAMED_10,,2007,TRAIN,2007-09-22T06:00:00+00:00,19.5,86.0,25.0,994.0,D,2007-09-22T18:00:00+00:00,20.0,86.0,25.0,992.0,D,2007-09-23T06:00:00+00:00,20.5,85.0,25.0,992.0,D,2007-09-24T06:00:00+00:00,23.5,83.0,25.0,998.0,D,2007-09-21T15:00:00+00:00,2007-09-21T18:00:00+00:00,2007-09-21T21:00:00+00:00,2007-09-22T00:00:00+00:00,2007-09-22T03:00:00+00:00
NIO_2007_UNNAMED_10,,2007,TRAIN,2007-09-22T09:00:00+00:00,19.5,86.0,25.0,992.0,D,2007-09-22T21:00:00+00:00,20.5,86.0,25.0,992.0,D,2007-09-23T09:00:00+00:00,20.5,85.0,25.0,990.0,D,2007-09-24T09:00:00+00:00,24.0,82.5,25.0,998.0,D,2007-09-21T18:00:00+00:00,2007-09-21T21:00:00+00:00,2007-09-22T00:00:00+00:00,2007-09-22T03:00:00+00:00,2007-09-22T06:00:00+00:00
NIO_2007_UNNAMED_2_11_1,,2007,TRAIN,2007-10-30T00:00:00+00:00,11.5,65.5,30.0,1002.0,DD,2007-10-30T12:00:00+00:00,11.5,65.0,30.0,1002.0,DD,2007-10-31T00:00:00+00:00,11.5,64.5,30.0,1000.0,DD,2007-11-01T00:00:00+00:00,13.5,61.5,30.0,1002.0,DD,2007-10-29T09:00:00+00:00,2007-10-29T12:00:00+00:00,2007-10-29T15:00:00+00:00,2007-10-29T18:00:00+00:00,2007-10-29T21:00:00+00:00
NIO_2007_UNNAMED_2_11_1,,2007,TRAIN,2007-10-30T03:00:00+00:00,11.5,65.5,30.0,1002.0,DD,2007-10-30T15:00:00+00:00,11.5,64.5,30.0,1002.0,DD,2007-10-31T03:00:00+00:00,11.5,64.0,30.0,1000.0,DD,2007-11-01T03:00:00+00:00,14.0,60.5,30.0,1002.0,DD,2007-10-29T12:00:00+00:00,2007-10-29T15:00:00+00:00,2007-10-29T18:00:00+00:00,2007-10-29T21:00:00+00:00,2007-10-30T00:00:00+00:00
NIO_2007_UNNAMED_2_11_1,,2007,TRAIN,2007-10-30T06:00:00+00:00,11.5,65.5,30.0,1002.0,DD,2007-10-30T18:00:00+00:00,11.5,64.5,30.0,1002.0,DD,2007-10-31T06:00:00+00:00,11.5,64.0,30.0,1000.0,DD,2007-11-01T06:00:00+00:00,14.0,60.0,30.0,1002.0,DD,2007-10-29T15:00:00+00:00,2007-10-29T18:00:00+00:00,2007-10-29T21:00:00+00:00,2007-10-30T00:00:00+00:00,2007-10-30T03:00:00+00:00
NIO_2007_UNNAMED_2_11_1,,2007,TRAIN,2007-10-30T09:00:00+00:00,11.5,65.5,30.0,1002.0,DD,2007-10-30T21:00:00+00:00,11.5,64.5,30.0,1002.0,DD,2007-10-31T09:00:00+00:00,11.5,63.5,30.0,1002.0,DD,2007-11-01T09:00:00+00:00,14.0,59.5,30.0,1002.0,DD,2007-10-29T18:00:00+00:00,2007-10-29T21:00:00+00:00,2007-10-30T00:00:00+00:00,2007-10-30T03:00:00+00:00,2007-10-30T06:00:00+00:00
NIO_2007_UNNAMED_2_11_1,,2007,TRAIN,2007-10-30T12:00:00+00:00,11.5,65.0,30.0,1002.0,DD,2007-10-31T00:00:00+00:00,11.5,64.5,30.0,1000.0,DD,2007-10-31T12:00:00+00:00,12.0,63.0,30.0,1002.0,DD,2007-11-01T12:00:00+00:00,14.5,58.5,30.0,1002.0,DD,2007-10-29T21:00:00+00:00,2007-10-30T00:00:00+00:00,2007-10-30T03:00:00+00:00,2007-10-30T06:00:00+00:00,2007-10-30T09:00:00+00:00
NIO_2007_UNNAMED_2_11_1,,2007,TRAIN,2007-10-30T15:00:00+00:00,11.5,64.5,30.0,1002.0,DD,2007-10-31T03:00:00+00:00,11.5,64.0,30.0,1000.0,DD,2007-10-31T15:00:00+00:00,12.0,63.0,30.0,1002.0,DD,2007-11-01T15:00:00+00:00,14.5,58.0,30.0,1002.0,DD,2007-10-30T00:00:00+00:00,2007-10-30T03:00:00+00:00,2007-10-30T06:00:00+00:00,2007-10-30T09:00:00+00:00,2007-10-30T12:00:00+00:00
NIO_2007_UNNAMED_2_11_1,,2007,TRAIN,2007-10-30T18:00:00+00:00,11.5,64.5,30.0,1002.0,DD,2007-10-31T06:00:00+00:00,11.5,64.0,30.0,1000.0,DD,2007-10-31T18:00:00+00:00,12.5,62.5,30.0,1002.0,DD,2007-11-01T18:00:00+00:00,14.5,57.5,30.0,1002.0,DD,2007-10-30T03:00:00+00:00,2007-10-30T06:00:00+00:00,2007-10-30T09:00:00+00:00,2007-10-30T12:00:00+00:00,2007-10-30T15:00:00+00:00
NIO_2007_UNNAMED_2_11_1,,2007,TRAIN,2007-10-30T21:00:00+00:00,11.5,64.5,30.0,1002.0,DD,2007-10-31T09:00:00+00:00,11.5,63.5,30.0,1002.0,DD,2007-10-31T21:00:00+00:00,12.0,62.0,30.0,1002.0,DD,2007-11-01T21:00:00+00:00,14.5,57.0,30.0,1002.0,DD,2007-10-30T06:00:00+00:00,2007-10-30T09:00:00+00:00,2007-10-30T12:00:00+00:00,2007-10-30T15:00:00+00:00,2007-10-30T18:00:00+00:00
NIO_2007_UNNAMED_2_11_1,,2007,TRAIN,2007-10-31T00:00:00+00:00,11.5,64.5,30.0,1000.0,DD,2007-10-31T12:00:00+00:00,12.0,63.0,30.0,1002.0,DD,2007-11-01T00:00:00+00:00,13.5,61.5,30.0,1002.0,DD,2007-11-02T00:00:00+00:00,14.5,57.0,30.0,1002.0,DD,2007-10-30T09:00:00+00:00,2007-10-30T12:00:00+00:00,2007-10-30T15:00:00+00:00,2007-10-30T18:00:00+00:00,2007-10-30T21:00:00+00:00
NIO_2007_UNNAMED_2_11_1,,2007,TRAIN,2007-10-31T03:00:00+00:00,11.5,64.0,30.0,1000.0,DD,2007-10-31T15:00:00+00:00,12.0,63.0,30.0,1002.0,DD,2007-11-01T03:00:00+00:00,14.0,60.5,30.0,1002.0,DD,2007-11-02T03:00:00+00:00,14.5,56.5,25.0,1004.0,D,2007-10-30T12:00:00+00:00,2007-10-30T15:00:00+00:00,2007-10-30T18:00:00+00:00,2007-10-30T21:00:00+00:00,2007-10-31T00:00:00+00:00
NIO_2007_UNNAMED_2_11_1,,2007,TRAIN,2007-10-31T06:00:00+00:00,11.5,64.0,30.0,1000.0,DD,2007-10-31T18:00:00+00:00,12.5,62.5,30.0,1002.0,DD,2007-11-01T06:00:00+00:00,14.0,60.0,30.0,1002.0,DD,2007-11-02T06:00:00+00:00,14.5,56.5,25.0,1004.0,D,2007-10-30T15:00:00+00:00,2007-10-30T18:00:00+00:00,2007-10-30T21:00:00+00:00,2007-10-31T00:00:00+00:00,2007-10-31T03:00:00+00:00
NIO_2007_UNNAMED_2_11_1,,2007,TRAIN,2007-10-31T09:00:00+00:00,11.5,63.5,30.0,1002.0,DD,2007-10-31T21:00:00+00:00,12.0,62.0,30.0,1002.0,DD,2007-11-01T09:00:00+00:00,14.0,59.5,30.0,1002.0,DD,2007-11-02T09:00:00+00:00,15.0,56.0,25.0,1004.0,D,2007-10-30T18:00:00+00:00,2007-10-30T21:00:00+00:00,2007-10-31T00:00:00+00:00,2007-10-31T03:00:00+00:00,2007-10-31T06:00:00+00:00
NIO_2007_UNNAMED_2_12_1,,2007,TRAIN,2007-11-11T09:00:00+00:00,10.0,92.0,25.0,1004.0,D,2007-11-11T21:00:00+00:00,10.5,91.5,30.0,1002.0,DD,2007-11-12T09:00:00+00:00,11.0,90.5,45.0,996.0,CS,2007-11-13T09:00:00+00:00,13.0,89.5,90.0,964.0,VSCS,2007-11-10T18:00:00+00:00,2007-11-10T21:00:00+00:00,2007-11-11T00:00:00+00:00,2007-11-11T03:00:00+00:00,2007-11-11T06:00:00+00:00
NIO_2007_UNNAMED_2_12_1,,2007,TRAIN,2007-11-11T12:00:00+00:00,10.0,92.0,25.0,1004.0,D,2007-11-12T00:00:00+00:00,10.5,91.5,30.0,1002.0,DD,2007-11-12T12:00:00+00:00,11.5,90.0,55.0,992.0,SCS,2007-11-13T12:00:00+00:00,13.0,89.5,90.0,964.0,VSCS,2007-11-10T21:00:00+00:00,2007-11-11T00:00:00+00:00,2007-11-11T03:00:00+00:00,2007-11-11T06:00:00+00:00,2007-11-11T09:00:00+00:00
NIO_2007_UNNAMED_2_12_1,,2007,TRAIN,2007-11-11T15:00:00+00:00,10.0,92.0,25.0,1004.0,D,2007-11-12T03:00:00+00:00,10.5,91.0,35.0,1002.0,CS,2007-11-12T15:00:00+00:00,11.5,90.0,55.0,992.0,SCS,2007-11-13T15:00:00+00:00,13.0,89.5,90.0,964.0,VSCS,2007-11-11T00:00:00+00:00,2007-11-11T03:00:00+00:00,2007-11-11T06:00:00+00:00,2007-11-11T09:00:00+00:00,2007-11-11T12:00:00+00:00
NIO_2007_UNNAMED_2_12_1,,2007,TRAIN,2007-11-11T18:00:00+00:00,10.5,91.5,30.0,1002.0,DD,2007-11-12T06:00:00+00:00,11.0,90.5,40.0,998.0,CS,2007-11-12T18:00:00+00:00,11.5,90.0,65.0,986.0,VSCS,2007-11-13T18:00:00+00:00,13.5,89.5,90.0,964.0,VSCS,2007-11-11T03:00:00+00:00,2007-11-11T06:00:00+00:00,2007-11-11T09:00:00+00:00,2007-11-11T12:00:00+00:00,2007-11-11T15:00:00+00:00
NIO_2007_UNNAMED_2_12_1,,2007,TRAIN,2007-11-11T21:00:00+00:00,10.5,91.5,30.0,1002.0,DD,2007-11-12T09:00:00+00:00,11.0,90.5,45.0,996.0,CS,2007-11-12T21:00:00+00:00,11.5,90.0,80.0,980.0,VSCS,2007-11-13T21:00:00+00:00,14.0,89.5,90.0,964.0,VSCS,2007-11-11T06:00:00+00:00,2007-11-11T09:00:00+00:00,2007-11-11T12:00:00+00:00,2007-11-11T15:00:00+00:00,2007-11-11T18:00:00+00:00
NIO_2007_UNNAMED_2_12_1,,2007,TRAIN,2007-11-12T00:00:00+00:00,10.5,91.5,30.0,1002.0,DD,2007-11-12T12:00:00+00:00,11.5,90.0,55.0,992.0,SCS,2007-11-13T00:00:00+00:00,12.0,89.5,90.0,968.0,VSCS,2007-11-14T00:00:00+00:00,14.5,89.5,90.0,964.0,VSCS,2007-11-11T09:00:00+00:00,2007-11-11T12:00:00+00:00,2007-11-11T15:00:00+00:00,2007-11-11T18:00:00+00:00,2007-11-11T21:00:00+00:00
NIO_2007_UNNAMED_2_12_1,,2007,TRAIN,2007-11-12T03:00:00+00:00,10.5,91.0,35.0,1002.0,CS,2007-11-12T15:00:00+00:00,11.5,90.0,55.0,992.0,SCS,2007-11-13T03:00:00+00:00,12.0,89.5,90.0,968.0,VSCS,2007-11-14T03:00:00+00:00,14.5,89.5,90.0,964.0,VSCS,2007-11-11T12:00:00+00:00,2007-11-11T15:00:00+00:00,2007-11-11T18:00:00+00:00,2007-11-11T21:00:00+00:00,2007-11-12T00:00:00+00:00
NIO_2007_UNNAMED_2_12_1,,2007,TRAIN,2007-11-12T06:00:00+00:00,11.0,90.5,40.0,998.0,CS,2007-11-12T18:00:00+00:00,11.5,90.0,65.0,986.0,VSCS,2007-11-13T06:00:00+00:00,12.0,89.5,90.0,968.0,VSCS,2007-11-14T06:00:00+00:00,15.0,89.5,90.0,964.0,VSCS,2007-11-11T15:00:00+00:00,2007-11-11T18:00:00+00:00,2007-11-11T21:00:00+00:00,2007-11-12T00:00:00+00:00,2007-11-12T03:00:00+00:00
NIO_2007_UNNAMED_2_12_1,,2007,TRAIN,2007-11-12T09:00:00+00:00,11.0,90.5,45.0,996.0,CS,2007-11-12T21:00:00+00:00,11.5,90.0,80.0,980.0,VSCS,2007-11-13T09:00:00+00:00,13.0,89.5,90.0,964.0,VSCS,2007-11-14T09:00:00+00:00,15.5,89.5,90.0,964.0,VSCS,2007-11-11T18:00:00+00:00,2007-11-11T21:00:00+00:00,2007-11-12T00:00:00+00:00,2007-11-12T03:00:00+00:00,2007-11-12T06:00:00+00:00
NIO_2007_UNNAMED_2_12_1,,2007,TRAIN,2007-11-12T12:00:00+00:00,11.5,90.0,55.0,992.0,SCS,2007-11-13T00:00:00+00:00,12.0,89.5,90.0,968.0,VSCS,2007-11-13T12:00:00+00:00,13.0,89.5,90.0,964.0,VSCS,2007-11-14T12:00:00+00:00,16.0,89.0,90.0,964.0,VSCS,2007-11-11T21:00:00+00:00,2007-11-12T00:00:00+00:00,2007-11-12T03:00:00+00:00,2007-11-12T06:00:00+00:00,2007-11-12T09:00:00+00:00
NIO_2007_UNNAMED_2_12_1,,2007,TRAIN,2007-11-12T15:00:00+00:00,11.5,90.0,55.0,992.0,SCS,2007-11-13T03:00:00+00:00,12.0,89.5,90.0,968.0,VSCS,2007-11-13T15:00:00+00:00,13.0,89.5,90.0,964.0,VSCS,2007-11-14T15:00:00+00:00,16.0,89.0,90.0,964.0,VSCS,2007-11-12T00:00:00+00:00,2007-11-12T03:00:00+00:00,2007-11-12T06:00:00+00:00,2007-11-12T09:00:00+00:00,2007-11-12T12:00:00+00:00
NIO_2007_UNNAMED_2_12_1,,2007,TRAIN,2007-11-12T18:00:00+00:00,11.5,90.0,65.0,986.0,VSCS,2007-11-13T06:00:00+00:00,12.0,89.5,90.0,968.0,VSCS,2007-11-13T18:00:00+00:00,13.5,89.5,90.0,964.0,VSCS,2007-11-14T18:00:00+00:00,16.5,89.0,105.0,956.0,VSCS,2007-11-12T03:00:00+00:00,2007-11-12T06:00:00+00:00,2007-11-12T09:00:00+00:00,2007-11-12T12:00:00+00:00,2007-11-12T15:00:00+00:00
NIO_2007_UNNAMED_2_12_1,,2007,TRAIN,2007-11-12T21:00:00+00:00,11.5,90.0,80.0,980.0,VSCS,2007-11-13T09:00:00+00:00,13.0,89.5,90.0,964.0,VSCS,2007-11-13T21:00:00+00:00,14.0,89.5,90.0,964.0,VSCS,2007-11-14T21:00:00+00:00,17.0,89.0,105.0,956.0,VSCS,2007-11-12T06:00:00+00:00,2007-11-12T09:00:00+00:00,2007-11-12T12:00:00+00:00,2007-11-12T15:00:00+00:00,2007-11-12T18:00:00+00:00
NIO_2007_UNNAMED_2_12_1,,2007,TRAIN,2007-11-13T00:00:00+00:00,12.0,89.5,90.0,968.0,VSCS,2007-11-13T12:00:00+00:00,13.0,89.5,90.0,964.0,VSCS,2007-11-14T00:00:00+00:00,14.5,89.5,90.0,964.0,VSCS,2007-11-15T00:00:00+00:00,17.5,89.0,105.0,956.0,VSCS,2007-11-12T09:00:00+00:00,2007-11-12T12:00:00+00:00,2007-11-12T15:00:00+00:00,2007-11-12T18:00:00+00:00,2007-11-12T21:00:00+00:00
NIO_2007_UNNAMED_2_12_1,,2007,TRAIN,2007-11-13T03:00:00+00:00,12.0,89.5,90.0,968.0,VSCS,2007-11-13T15:00:00+00:00,13.0,89.5,90.0,964.0,VSCS,2007-11-14T03:00:00+00:00,14.5,89.5,90.0,964.0,VSCS,2007-11-15T03:00:00+00:00,18.0,89.0,115.0,944.0,VSCS,2007-11-12T12:00:00+00:00,2007-11-12T15:00:00+00:00,2007-11-12T18:00:00+00:00,2007-11-12T21:00:00+00:00,2007-11-13T00:00:00+00:00
NIO_2007_UNNAMED_2_12_1,,2007,TRAIN,2007-11-13T06:00:00+00:00,12.0,89.5,90.0,968.0,VSCS,2007-11-13T18:00:00+00:00,13.5,89.5,90.0,964.0,VSCS,2007-11-14T06:00:00+00:00,15.0,89.5,90.0,964.0,VSCS,2007-11-15T06:00:00+00:00,19.5,89.0,115.0,944.0,VSCS,2007-11-12T15:00:00+00:00,2007-11-12T18:00:00+00:00,2007-11-12T21:00:00+00:00,2007-11-13T00:00:00+00:00,2007-11-13T03:00:00+00:00
NIO_2007_UNNAMED_2_12_1,,2007,TRAIN,2007-11-13T09:00:00+00:00,13.0,89.5,90.0,964.0,VSCS,2007-11-13T21:00:00+00:00,14.0,89.5,90.0,964.0,VSCS,2007-11-14T09:00:00+00:00,15.5,89.5,90.0,964.0,VSCS,2007-11-15T09:00:00+00:00,20.0,89.0,115.0,944.0,VSCS,2007-11-12T18:00:00+00:00,2007-11-12T21:00:00+00:00,2007-11-13T00:00:00+00:00,2007-11-13T03:00:00+00:00,2007-11-13T06:00:00+00:00
NIO_2007_UNNAMED_2_12_1,,2007,TRAIN,2007-11-13T12:00:00+00:00,13.0,89.5,90.0,964.0,VSCS,2007-11-14T00:00:00+00:00,14.5,89.5,90.0,964.0,VSCS,2007-11-14T12:00:00+00:00,16.0,89.0,90.0,964.0,VSCS,2007-11-15T12:00:00+00:00,21.0,89.0,115.0,944.0,VSCS,2007-11-12T21:00:00+00:00,2007-11-13T00:00:00+00:00,2007-11-13T03:00:00+00:00,2007-11-13T06:00:00+00:00,2007-11-13T09:00:00+00:00
NIO_2007_UNNAMED_2_12_1,,2007,TRAIN,2007-11-13T15:00:00+00:00,13.0,89.5,90.0,964.0,VSCS,2007-11-14T03:00:00+00:00,14.5,89.5,90.0,964.0,VSCS,2007-11-14T15:00:00+00:00,16.0,89.0,90.0,964.0,VSCS,2007-11-15T15:00:00+00:00,21.5,89.5,115.0,944.0,VSCS,2007-11-13T00:00:00+00:00,2007-11-13T03:00:00+00:00,2007-11-13T06:00:00+00:00,2007-11-13T09:00:00+00:00,2007-11-13T12:00:00+00:00
NIO_2007_UNNAMED_2_12_1,,2007,TRAIN,2007-11-13T18:00:00+00:00,13.5,89.5,90.0,964.0,VSCS,2007-11-14T06:00:00+00:00,15.0,89.5,90.0,964.0,VSCS,2007-11-14T18:00:00+00:00,16.5,89.0,105.0,956.0,VSCS,2007-11-15T18:00:00+00:00,22.5,90.5,,,VSCS,2007-11-13T03:00:00+00:00,2007-11-13T06:00:00+00:00,2007-11-13T09:00:00+00:00,2007-11-13T12:00:00+00:00,2007-11-13T15:00:00+00:00
NIO_2007_UNNAMED_2_12_1,,2007,TRAIN,2007-11-13T21:00:00+00:00,14.0,89.5,90.0,964.0,VSCS,2007-11-14T09:00:00+00:00,15.5,89.5,90.0,964.0,VSCS,2007-11-14T21:00:00+00:00,17.0,89.0,105.0,956.0,VSCS,2007-11-15T21:00:00+00:00,23.5,91.0,,,CS,2007-11-13T06:00:00+00:00,2007-11-13T09:00:00+00:00,2007-11-13T12:00:00+00:00,2007-11-13T15:00:00+00:00,2007-11-13T18:00:00+00:00
NIO_2007_UNNAMED_2_12_1,,2007,TRAIN,2007-11-14T00:00:00+00:00,14.5,89.5,90.0,964.0,VSCS,2007-11-14T12:00:00+00:00,16.0,89.0,90.0,964.0,VSCS,2007-11-15T00:00:00+00:00,17.5,89.0,105.0,956.0,VSCS,2007-11-16T00:00:00+00:00,23.5,91.0,,,CS,2007-11-13T09:00:00+00:00,2007-11-13T12:00:00+00:00,2007-11-13T15:00:00+00:00,2007-11-13T18:00:00+00:00,2007-11-13T21:00:00+00:00
NIO_2007_UNNAMED_2_12_1,,2007,TRAIN,2007-11-14T03:00:00+00:00,14.5,89.5,90.0,964.0,VSCS,2007-11-14T15:00:00+00:00,16.0,89.0,90.0,964.0,VSCS,2007-11-15T03:00:00+00:00,18.0,89.0,115.0,944.0,VSCS,2007-11-16T03:00:00+00:00,24.5,91.5,,,D,2007-11-13T12:00:00+00:00,2007-11-13T15:00:00+00:00,2007-11-13T18:00:00+00:00,2007-11-13T21:00:00+00:00,2007-11-14T00:00:00+00:00
NIO_2007_UNNAMED_2_3_1,,2007,TRAIN,2007-06-01T21:00:00+00:00,15.0,68.0,25.0,1002.0,D,2007-06-02T09:00:00+00:00,15.0,67.0,35.0,998.0,CS,2007-06-02T21:00:00+00:00,15.0,66.5,45.0,992.0,CS,2007-06-03T21:00:00+00:00,18.0,66.0,65.0,980.0,VSCS,2007-06-01T06:00:00+00:00,2007-06-01T09:00:00+00:00,2007-06-01T12:00:00+00:00,2007-06-01T15:00:00+00:00,2007-06-01T18:00:00+00:00
NIO_2007_UNNAMED_2_3_1,,2007,TRAIN,2007-06-02T00:00:00+00:00,15.0,68.0,25.0,1002.0,D,2007-06-02T12:00:00+00:00,15.0,67.0,45.0,992.0,CS,2007-06-03T00:00:00+00:00,15.5,66.5,55.0,988.0,SCS,2007-06-04T00:00:00+00:00,18.5,65.0,77.0,974.0,VSCS,2007-06-01T09:00:00+00:00,2007-06-01T12:00:00+00:00,2007-06-01T15:00:00+00:00,2007-06-01T18:00:00+00:00,2007-06-01T21:00:00+00:00
NIO_2007_UNNAMED_2_3_1,,2007,TRAIN,2007-06-02T03:00:00+00:00,15.0,67.5,30.0,1000.0,DD,2007-06-02T15:00:00+00:00,15.0,67.0,45.0,992.0,CS,2007-06-03T03:00:00+00:00,15.5,66.5,55.0,988.0,SCS,2007-06-04T03:00:00+00:00,18.5,65.0,90.0,960.0,VSCS,2007-06-01T12:00:00+00:00,2007-06-01T15:00:00+00:00,2007-06-01T18:00:00+00:00,2007-06-01T21:00:00+00:00,2007-06-02T00:00:00+00:00
NIO_2007_UNNAMED_2_3_1,,2007,TRAIN,2007-06-02T09:00:00+00:00,15.0,67.0,35.0,998.0,CS,2007-06-02T21:00:00+00:00,15.0,66.5,45.0,992.0,CS,2007-06-03T09:00:00+00:00,16.5,66.5,55.0,988.0,SCS,2007-06-04T09:00:00+00:00,19.5,64.5,115.0,934.0,VSCS,2007-06-01T18:00:00+00:00,2007-06-01T21:00:00+00:00,2007-06-02T00:00:00+00:00,2007-06-02T03:00:00+00:00,2007-06-02T06:00:00+00:00
NIO_2007_UNNAMED_2_3_1,,2007,TRAIN,2007-06-02T12:00:00+00:00,15.0,67.0,45.0,992.0,CS,2007-06-03T00:00:00+00:00,15.5,66.5,55.0,988.0,SCS,2007-06-03T12:00:00+00:00,17.5,66.5,55.0,988.0,SCS,2007-06-04T12:00:00+00:00,20.0,64.0,115.0,934.0,VSCS,2007-06-01T21:00:00+00:00,2007-06-02T00:00:00+00:00,2007-06-02T03:00:00+00:00,2007-06-02T06:00:00+00:00,2007-06-02T09:00:00+00:00
NIO_2007_UNNAMED_2_3_1,,2007,TRAIN,2007-06-02T15:00:00+00:00,15.0,67.0,45.0,992.0,CS,2007-06-03T03:00:00+00:00,15.5,66.5,55.0,988.0,SCS,2007-06-03T15:00:00+00:00,17.5,66.5,55.0,988.0,SCS,2007-06-04T15:00:00+00:00,20.0,64.0,127.0,920.0,SuCS,2007-06-02T00:00:00+00:00,2007-06-02T03:00:00+00:00,2007-06-02T06:00:00+00:00,2007-06-02T09:00:00+00:00,2007-06-02T12:00:00+00:00
NIO_2007_UNNAMED_2_3_1,,2007,TRAIN,2007-06-02T18:00:00+00:00,15.0,67.0,45.0,992.0,CS,2007-06-03T06:00:00+00:00,16.0,66.5,55.0,988.0,SCS,2007-06-03T18:00:00+00:00,18.0,66.0,65.0,980.0,VSCS,2007-06-04T18:00:00+00:00,20.5,63.5,127.0,920.0,SuCS,2007-06-02T03:00:00+00:00,2007-06-02T06:00:00+00:00,2007-06-02T09:00:00+00:00,2007-06-02T12:00:00+00:00,2007-06-02T15:00:00+00:00
NIO_2007_UNNAMED_2_3_1,,2007,TRAIN,2007-06-02T21:00:00+00:00,15.0,66.5,45.0,992.0,CS,2007-06-03T09:00:00+00:00,16.5,66.5,55.0,988.0,SCS,2007-06-03T21:00:00+00:00,18.0,66.0,65.0,980.0,VSCS,2007-06-04T21:00:00+00:00,20.5,63.5,115.0,935.0,VSCS,2007-06-02T06:00:00+00:00,2007-06-02T09:00:00+00:00,2007-06-02T12:00:00+00:00,2007-06-02T15:00:00+00:00,2007-06-02T18:00:00+00:00
NIO_2007_UNNAMED_2_3_1,,2007,TRAIN,2007-06-03T00:00:00+00:00,15.5,66.5,55.0,988.0,SCS,2007-06-03T12:00:00+00:00,17.5,66.5,55.0,988.0,SCS,2007-06-04T00:00:00+00:00,18.5,65.0,77.0,974.0,VSCS,2007-06-05T00:00:00+00:00,20.5,63.0,115.0,936.0,VSCS,2007-06-02T09:00:00+00:00,2007-06-02T12:00:00+00:00,2007-06-02T15:00:00+00:00,2007-06-02T18:00:00+00:00,2007-06-02T21:00:00+00:00
NIO_2007_UNNAMED_2_3_1,,2007,TRAIN,2007-06-03T03:00:00+00:00,15.5,66.5,55.0,988.0,SCS,2007-06-03T15:00:00+00:00,17.5,66.5,55.0,988.0,SCS,2007-06-04T03:00:00+00:00,18.5,65.0,90.0,960.0,VSCS,2007-06-05T03:00:00+00:00,21.0,62.0,115.0,936.0,VSCS,2007-06-02T12:00:00+00:00,2007-06-02T15:00:00+00:00,2007-06-02T18:00:00+00:00,2007-06-02T21:00:00+00:00,2007-06-03T00:00:00+00:00
NIO_2007_UNNAMED_2_3_1,,2007,TRAIN,2007-06-03T06:00:00+00:00,16.0,66.5,55.0,988.0,SCS,2007-06-03T18:00:00+00:00,18.0,66.0,65.0,980.0,VSCS,2007-06-04T06:00:00+00:00,19.0,64.5,102.0,952.0,VSCS,2007-06-05T06:00:00+00:00,21.5,61.5,102.0,950.0,VSCS,2007-06-02T15:00:00+00:00,2007-06-02T18:00:00+00:00,2007-06-02T21:00:00+00:00,2007-06-03T00:00:00+00:00,2007-06-03T03:00:00+00:00
NIO_2007_UNNAMED_2_3_1,,2007,TRAIN,2007-06-03T09:00:00+00:00,16.5,66.5,55.0,988.0,SCS,2007-06-03T21:00:00+00:00,18.0,66.0,65.0,980.0,VSCS,2007-06-04T09:00:00+00:00,19.5,64.5,115.0,934.0,VSCS,2007-06-05T09:00:00+00:00,21.5,61.0,102.0,950.0,VSCS,2007-06-02T18:00:00+00:00,2007-06-02T21:00:00+00:00,2007-06-03T00:00:00+00:00,2007-06-03T03:00:00+00:00,2007-06-03T06:00:00+00:00
NIO_2007_UNNAMED_2_3_1,,2007,TRAIN,2007-06-03T12:00:00+00:00,17.5,66.5,55.0,988.0,SCS,2007-06-04T00:00:00+00:00,18.5,65.0,77.0,974.0,VSCS,2007-06-04T12:00:00+00:00,20.0,64.0,115.0,934.0,VSCS,2007-06-05T12:00:00+00:00,21.5,61.0,90.0,960.0,VSCS,2007-06-02T21:00:00+00:00,2007-06-03T00:00:00+00:00,2007-06-03T03:00:00+00:00,2007-06-03T06:00:00+00:00,2007-06-03T09:00:00+00:00
NIO_2007_UNNAMED_2_3_1,,2007,TRAIN,2007-06-03T15:00:00+00:00,17.5,66.5,55.0,988.0,SCS,2007-06-04T03:00:00+00:00,18.5,65.0,90.0,960.0,VSCS,2007-06-04T15:00:00+00:00,20.0,64.0,127.0,920.0,SuCS,2007-06-05T15:00:00+00:00,22.0,61.0,77.0,970.0,VSCS,2007-06-03T00:00:00+00:00,2007-06-03T03:00:00+00:00,2007-06-03T06:00:00+00:00,2007-06-03T09:00:00+00:00,2007-06-03T12:00:00+00:00
NIO_2007_UNNAMED_2_3_1,,2007,TRAIN,2007-06-03T18:00:00+00:00,18.0,66.0,65.0,980.0,VSCS,2007-06-04T06:00:00+00:00,19.0,64.5,102.0,952.0,VSCS,2007-06-04T18:00:00+00:00,20.5,63.5,127.0,920.0,SuCS,2007-06-05T18:00:00+00:00,22.0,60.5,77.0,970.0,VSCS,2007-06-03T03:00:00+00:00,2007-06-03T06:00:00+00:00,2007-06-03T09:00:00+00:00,2007-06-03T12:00:00+00:00,2007-06-03T15:00:00+00:00
NIO_2007_UNNAMED_2_3_1,,2007,TRAIN,2007-06-03T21:00:00+00:00,18.0,66.0,65.0,980.0,VSCS,2007-06-04T09:00:00+00:00,19.5,64.5,115.0,934.0,VSCS,2007-06-04T21:00:00+00:00,20.5,63.5,115.0,935.0,VSCS,2007-06-05T21:00:00+00:00,22.5,60.5,77.0,970.0,VSCS,2007-06-03T06:00:00+00:00,2007-06-03T09:00:00+00:00,2007-06-03T12:00:00+00:00,2007-06-03T15:00:00+00:00,2007-06-03T18:00:00+00:00
NIO_2007_UNNAMED_2_3_1,,2007,TRAIN,2007-06-04T00:00:00+00:00,18.5,65.0,77.0,974.0,VSCS,2007-06-04T12:00:00+00:00,20.0,64.0,115.0,934.0,VSCS,2007-06-05T00:00:00+00:00,20.5,63.0,115.0,936.0,VSCS,2007-06-06T00:00:00+00:00,22.5,59.5,77.0,970.0,VSCS,2007-06-03T09:00:00+00:00,2007-06-03T12:00:00+00:00,2007-06-03T15:00:00+00:00,2007-06-03T18:00:00+00:00,2007-06-03T21:00:00+00:00
NIO_2007_UNNAMED_2_3_1,,2007,TRAIN,2007-06-04T03:00:00+00:00,18.5,65.0,90.0,960.0,VSCS,2007-06-04T15:00:00+00:00,20.0,64.0,127.0,920.0,SuCS,2007-06-05T03:00:00+00:00,21.0,62.0,115.0,936.0,VSCS,2007-06-06T03:00:00+00:00,23.0,59.0,77.0,970.0,VSCS,2007-06-03T12:00:00+00:00,2007-06-03T15:00:00+00:00,2007-06-03T18:00:00+00:00,2007-06-03T21:00:00+00:00,2007-06-04T00:00:00+00:00
NIO_2007_UNNAMED_2_3_1,,2007,TRAIN,2007-06-04T06:00:00+00:00,19.0,64.5,102.0,952.0,VSCS,2007-06-04T18:00:00+00:00,20.5,63.5,127.0,920.0,SuCS,2007-06-05T06:00:00+00:00,21.5,61.5,102.0,950.0,VSCS,2007-06-06T06:00:00+00:00,23.5,59.5,77.0,970.0,VSCS,2007-06-03T15:00:00+00:00,2007-06-03T18:00:00+00:00,2007-06-03T21:00:00+00:00,2007-06-04T00:00:00+00:00,2007-06-04T03:00:00+00:00
NIO_2007_UNNAMED_2_3_1,,2007,TRAIN,2007-06-04T09:00:00+00:00,19.5,64.5,115.0,934.0,VSCS,2007-06-04T21:00:00+00:00,20.5,63.5,115.0,935.0,VSCS,2007-06-05T09:00:00+00:00,21.5,61.0,102.0,950.0,VSCS,2007-06-06T09:00:00+00:00,23.5,59.5,77.0,970.0,VSCS,2007-06-03T18:00:00+00:00,2007-06-03T21:00:00+00:00,2007-06-04T00:00:00+00:00,2007-06-04T03:00:00+00:00,2007-06-04T06:00:00+00:00
NIO_2007_UNNAMED_2_3_1,,2007,TRAIN,2007-06-04T12:00:00+00:00,20.0,64.0,115.0,934.0,VSCS,2007-06-05T00:00:00+00:00,20.5,63.0,115.0,936.0,VSCS,2007-06-05T12:00:00+00:00,21.5,61.0,90.0,960.0,VSCS,2007-06-06T12:00:00+00:00,24.0,59.0,77.0,970.0,VSCS,2007-06-03T21:00:00+00:00,2007-06-04T00:00:00+00:00,2007-06-04T03:00:00+00:00,2007-06-04T06:00:00+00:00,2007-06-04T09:00:00+00:00
NIO_2007_UNNAMED_2_3_1,,2007,TRAIN,2007-06-04T15:00:00+00:00,20.0,64.0,127.0,920.0,SuCS,2007-06-05T03:00:00+00:00,21.0,62.0,115.0,936.0,VSCS,2007-06-05T15:00:00+00:00,22.0,61.0,77.0,970.0,VSCS,2007-06-06T15:00:00+00:00,24.0,59.0,77.0,970.0,VSCS,2007-06-04T00:00:00+00:00,2007-06-04T03:00:00+00:00,2007-06-04T06:00:00+00:00,2007-06-04T09:00:00+00:00,2007-06-04T12:00:00+00:00
NIO_2007_UNNAMED_2_3_1,,2007,TRAIN,2007-06-04T18:00:00+00:00,20.5,63.5,127.0,920.0,SuCS,2007-06-05T06:00:00+00:00,21.5,61.5,102.0,950.0,VSCS,2007-06-05T18:00:00+00:00,22.0,60.5,77.0,970.0,VSCS,2007-06-06T18:00:00+00:00,24.5,59.0,65.0,978.0,VSCS,2007-06-04T03:00:00+00:00,2007-06-04T06:00:00+00:00,2007-06-04T09:00:00+00:00,2007-06-04T12:00:00+00:00,2007-06-04T15:00:00+00:00
NIO_2007_UNNAMED_2_3_1,,2007,TRAIN,2007-06-04T21:00:00+00:00,20.5,63.5,115.0,935.0,VSCS,2007-06-05T09:00:00+00:00,21.5,61.0,102.0,950.0,VSCS,2007-06-05T21:00:00+00:00,22.5,60.5,77.0,970.0,VSCS,2007-06-06T21:00:00+00:00,25.0,59.0,55.0,984.0,SCS,2007-06-04T06:00:00+00:00,2007-06-04T09:00:00+00:00,2007-06-04T12:00:00+00:00,2007-06-04T15:00:00+00:00,2007-06-04T18:00:00+00:00
NIO_2007_UNNAMED_2_3_1,,2007,TRAIN,2007-06-05T00:00:00+00:00,20.5,63.0,115.0,936.0,VSCS,2007-06-05T12:00:00+00:00,21.5,61.0,90.0,960.0,VSCS,2007-06-06T00:00:00+00:00,22.5,59.5,77.0,970.0,VSCS,2007-06-07T00:00:00+00:00,25.0,59.0,45.0,988.0,CS,2007-06-04T09:00:00+00:00,2007-06-04T12:00:00+00:00,2007-06-04T15:00:00+00:00,2007-06-04T18:00:00+00:00,2007-06-04T21:00:00+00:00
NIO_2007_UNNAMED_2_3_1,,2007,TRAIN,2007-06-05T03:00:00+00:00,21.0,62.0,115.0,936.0,VSCS,2007-06-05T15:00:00+00:00,22.0,61.0,77.0,970.0,VSCS,2007-06-06T03:00:00+00:00,23.0,59.0,77.0,970.0,VSCS,2007-06-07T03:00:00+00:00,25.5,58.5,45.0,988.0,CS,2007-06-04T12:00:00+00:00,2007-06-04T15:00:00+00:00,2007-06-04T18:00:00+00:00,2007-06-04T21:00:00+00:00,2007-06-05T00:00:00+00:00
NIO_2007_UNNAMED_2_6_1,,2007,TRAIN,2007-06-28T00:00:00+00:00,18.5,87.0,25.0,988.0,D,2007-06-28T12:00:00+00:00,19.0,86.0,30.0,986.0,DD,2007-06-29T00:00:00+00:00,19.5,86.0,30.0,986.0,DD,2007-06-30T00:00:00+00:00,21.5,81.5,30.0,990.0,DD,2007-06-27T09:00:00+00:00,2007-06-27T12:00:00+00:00,2007-06-27T15:00:00+00:00,2007-06-27T18:00:00+00:00,2007-06-27T21:00:00+00:00
NIO_2007_UNNAMED_2_6_1,,2007,TRAIN,2007-06-28T03:00:00+00:00,18.5,87.0,30.0,986.0,DD,2007-06-28T15:00:00+00:00,19.0,86.0,30.0,986.0,DD,2007-06-29T03:00:00+00:00,20.0,86.0,30.0,988.0,DD,2007-06-30T03:00:00+00:00,22.0,81.0,25.0,992.0,D,2007-06-27T12:00:00+00:00,2007-06-27T15:00:00+00:00,2007-06-27T18:00:00+00:00,2007-06-27T21:00:00+00:00,2007-06-28T00:00:00+00:00
NIO_2007_UNNAMED_2_6_1,,2007,TRAIN,2007-06-28T06:00:00+00:00,18.5,87.0,30.0,986.0,DD,2007-06-28T18:00:00+00:00,19.0,86.0,30.0,986.0,DD,2007-06-29T06:00:00+00:00,20.5,85.5,30.0,988.0,DD,2007-06-30T06:00:00+00:00,22.0,81.0,25.0,992.0,D,2007-06-27T15:00:00+00:00,2007-06-27T18:00:00+00:00,2007-06-27T21:00:00+00:00,2007-06-28T00:00:00+00:00,2007-06-28T03:00:00+00:00
NIO_2007_UNNAMED_2_6_1,,2007,TRAIN,2007-06-28T09:00:00+00:00,19.0,86.5,30.0,988.0,DD,2007-06-28T21:00:00+00:00,19.5,86.0,30.0,986.0,DD,2007-06-29T09:00:00+00:00,20.5,85.0,30.0,988.0,DD,2007-06-30T09:00:00+00:00,22.5,81.0,25.0,992.0,D,2007-06-27T18:00:00+00:00,2007-06-27T21:00:00+00:00,2007-06-28T00:00:00+00:00,2007-06-28T03:00:00+00:00,2007-06-28T06:00:00+00:00
NIO_2007_UNNAMED_2_6_1,,2007,TRAIN,2007-06-28T12:00:00+00:00,19.0,86.0,30.0,986.0,DD,2007-06-29T00:00:00+00:00,19.5,86.0,30.0,986.0,DD,2007-06-29T12:00:00+00:00,20.5,84.5,30.0,988.0,DD,2007-06-30T12:00:00+00:00,22.5,80.5,25.0,992.0,D,2007-06-27T21:00:00+00:00,2007-06-28T00:00:00+00:00,2007-06-28T03:00:00+00:00,2007-06-28T06:00:00+00:00,2007-06-28T09:00:00+00:00
NIO_2008_NARGIS,NARGIS,2008,TRAIN,2008-04-27T03:00:00+00:00,12.0,87.0,25.0,1000.0,D,2008-04-27T15:00:00+00:00,12.0,86.5,30.0,994.0,DD,2008-04-28T03:00:00+00:00,13.0,85.5,40.0,994.0,CS,2008-04-29T03:00:00+00:00,13.5,85.5,65.0,980.0,VSCS,2008-04-26T12:00:00+00:00,2008-04-26T15:00:00+00:00,2008-04-26T18:00:00+00:00,2008-04-26T21:00:00+00:00,2008-04-27T00:00:00+00:00
NIO_2008_NARGIS,NARGIS,2008,TRAIN,2008-04-27T06:00:00+00:00,12.0,87.0,25.0,998.0,D,2008-04-27T18:00:00+00:00,12.5,86.0,30.0,994.0,DD,2008-04-28T06:00:00+00:00,13.0,85.5,45.0,990.0,CS,2008-04-29T06:00:00+00:00,13.5,85.5,65.0,980.0,VSCS,2008-04-26T15:00:00+00:00,2008-04-26T18:00:00+00:00,2008-04-26T21:00:00+00:00,2008-04-27T00:00:00+00:00,2008-04-27T03:00:00+00:00
NIO_2008_NARGIS,NARGIS,2008,TRAIN,2008-04-27T09:00:00+00:00,12.0,86.5,25.0,998.0,D,2008-04-27T21:00:00+00:00,13.0,85.5,30.0,994.0,DD,2008-04-28T09:00:00+00:00,13.0,85.5,55.0,986.0,SCS,2008-04-29T09:00:00+00:00,13.5,85.5,65.0,980.0,VSCS,2008-04-26T18:00:00+00:00,2008-04-26T21:00:00+00:00,2008-04-27T00:00:00+00:00,2008-04-27T03:00:00+00:00,2008-04-27T06:00:00+00:00
NIO_2008_NARGIS,NARGIS,2008,TRAIN,2008-04-27T12:00:00+00:00,12.0,86.5,30.0,998.0,DD,2008-04-28T00:00:00+00:00,13.0,85.5,35.0,994.0,CS,2008-04-28T12:00:00+00:00,13.0,85.5,55.0,986.0,SCS,2008-04-29T12:00:00+00:00,14.0,85.5,65.0,980.0,VSCS,2008-04-26T21:00:00+00:00,2008-04-27T00:00:00+00:00,2008-04-27T03:00:00+00:00,2008-04-27T06:00:00+00:00,2008-04-27T09:00:00+00:00
NIO_2008_NARGIS,NARGIS,2008,TRAIN,2008-04-27T15:00:00+00:00,12.0,86.5,30.0,994.0,DD,2008-04-28T03:00:00+00:00,13.0,85.5,40.0,994.0,CS,2008-04-28T15:00:00+00:00,13.0,85.5,55.0,986.0,SCS,2008-04-29T15:00:00+00:00,14.0,85.5,65.0,980.0,VSCS,2008-04-27T00:00:00+00:00,2008-04-27T03:00:00+00:00,2008-04-27T06:00:00+00:00,2008-04-27T09:00:00+00:00,2008-04-27T12:00:00+00:00
NIO_2008_NARGIS,NARGIS,2008,TRAIN,2008-04-27T18:00:00+00:00,12.5,86.0,30.0,994.0,DD,2008-04-28T06:00:00+00:00,13.0,85.5,45.0,990.0,CS,2008-04-28T18:00:00+00:00,13.0,85.5,55.0,986.0,SCS,2008-04-29T18:00:00+00:00,14.0,85.5,65.0,980.0,VSCS,2008-04-27T03:00:00+00:00,2008-04-27T06:00:00+00:00,2008-04-27T09:00:00+00:00,2008-04-27T12:00:00+00:00,2008-04-27T15:00:00+00:00
NIO_2008_NARGIS,NARGIS,2008,TRAIN,2008-04-27T21:00:00+00:00,13.0,85.5,30.0,994.0,DD,2008-04-28T09:00:00+00:00,13.0,85.5,55.0,986.0,SCS,2008-04-28T21:00:00+00:00,13.0,85.5,55.0,986.0,SCS,2008-04-29T21:00:00+00:00,14.0,86.0,65.0,980.0,VSCS,2008-04-27T06:00:00+00:00,2008-04-27T09:00:00+00:00,2008-04-27T12:00:00+00:00,2008-04-27T15:00:00+00:00,2008-04-27T18:00:00+00:00
NIO_2008_NARGIS,NARGIS,2008,TRAIN,2008-04-28T00:00:00+00:00,13.0,85.5,35.0,994.0,CS,2008-04-28T12:00:00+00:00,13.0,85.5,55.0,986.0,SCS,2008-04-29T00:00:00+00:00,13.0,85.5,55.0,986.0,SCS,2008-04-30T00:00:00+00:00,14.0,86.0,65.0,980.0,VSCS,2008-04-27T09:00:00+00:00,2008-04-27T12:00:00+00:00,2008-04-27T15:00:00+00:00,2008-04-27T18:00:00+00:00,2008-04-27T21:00:00+00:00
NIO_2008_NARGIS,NARGIS,2008,TRAIN,2008-04-28T03:00:00+00:00,13.0,85.5,40.0,994.0,CS,2008-04-28T15:00:00+00:00,13.0,85.5,55.0,986.0,SCS,2008-04-29T03:00:00+00:00,13.5,85.5,65.0,980.0,VSCS,2008-04-30T03:00:00+00:00,14.5,86.5,65.0,980.0,VSCS,2008-04-27T12:00:00+00:00,2008-04-27T15:00:00+00:00,2008-04-27T18:00:00+00:00,2008-04-27T21:00:00+00:00,2008-04-28T00:00:00+00:00
NIO_2008_NARGIS,NARGIS,2008,TRAIN,2008-04-28T06:00:00+00:00,13.0,85.5,45.0,990.0,CS,2008-04-28T18:00:00+00:00,13.0,85.5,55.0,986.0,SCS,2008-04-29T06:00:00+00:00,13.5,85.5,65.0,980.0,VSCS,2008-04-30T06:00:00+00:00,14.5,86.5,65.0,980.0,VSCS,2008-04-27T15:00:00+00:00,2008-04-27T18:00:00+00:00,2008-04-27T21:00:00+00:00,2008-04-28T00:00:00+00:00,2008-04-28T03:00:00+00:00
NIO_2008_NARGIS,NARGIS,2008,TRAIN,2008-04-28T09:00:00+00:00,13.0,85.5,55.0,986.0,SCS,2008-04-28T21:00:00+00:00,13.0,85.5,55.0,986.0,SCS,2008-04-29T09:00:00+00:00,13.5,85.5,65.0,980.0,VSCS,2008-04-30T09:00:00+00:00,14.5,87.0,65.0,980.0,VSCS,2008-04-27T18:00:00+00:00,2008-04-27T21:00:00+00:00,2008-04-28T00:00:00+00:00,2008-04-28T03:00:00+00:00,2008-04-28T06:00:00+00:00
NIO_2008_NARGIS,NARGIS,2008,TRAIN,2008-04-28T12:00:00+00:00,13.0,85.5,55.0,986.0,SCS,2008-04-29T00:00:00+00:00,13.0,85.5,55.0,986.0,SCS,2008-04-29T12:00:00+00:00,14.0,85.5,65.0,980.0,VSCS,2008-04-30T12:00:00+00:00,14.5,87.0,65.0,980.0,VSCS,2008-04-27T21:00:00+00:00,2008-04-28T00:00:00+00:00,2008-04-28T03:00:00+00:00,2008-04-28T06:00:00+00:00,2008-04-28T09:00:00+00:00
NIO_2008_NARGIS,NARGIS,2008,TRAIN,2008-04-28T15:00:00+00:00,13.0,85.5,55.0,986.0,SCS,2008-04-29T03:00:00+00:00,13.5,85.5,65.0,980.0,VSCS,2008-04-29T15:00:00+00:00,14.0,85.5,65.0,980.0,VSCS,2008-04-30T15:00:00+00:00,15.0,87.5,65.0,980.0,VSCS,2008-04-28T00:00:00+00:00,2008-04-28T03:00:00+00:00,2008-04-28T06:00:00+00:00,2008-04-28T09:00:00+00:00,2008-04-28T12:00:00+00:00
NIO_2008_NARGIS,NARGIS,2008,TRAIN,2008-04-28T18:00:00+00:00,13.0,85.5,55.0,986.0,SCS,2008-04-29T06:00:00+00:00,13.5,85.5,65.0,980.0,VSCS,2008-04-29T18:00:00+00:00,14.0,85.5,65.0,980.0,VSCS,2008-04-30T18:00:00+00:00,15.0,87.5,65.0,980.0,VSCS,2008-04-28T03:00:00+00:00,2008-04-28T06:00:00+00:00,2008-04-28T09:00:00+00:00,2008-04-28T12:00:00+00:00,2008-04-28T15:00:00+00:00
NIO_2008_NARGIS,NARGIS,2008,TRAIN,2008-04-28T21:00:00+00:00,13.0,85.5,55.0,986.0,SCS,2008-04-29T09:00:00+00:00,13.5,85.5,65.0,980.0,VSCS,2008-04-29T21:00:00+00:00,14.0,86.0,65.0,980.0,VSCS,2008-04-30T21:00:00+00:00,15.0,87.5,65.0,980.0,VSCS,2008-04-28T06:00:00+00:00,2008-04-28T09:00:00+00:00,2008-04-28T12:00:00+00:00,2008-04-28T15:00:00+00:00,2008-04-28T18:00:00+00:00
NIO_2008_NARGIS,NARGIS,2008,TRAIN,2008-04-29T00:00:00+00:00,13.0,85.5,55.0,986.0,SCS,2008-04-29T12:00:00+00:00,14.0,85.5,65.0,980.0,VSCS,2008-04-30T00:00:00+00:00,14.0,86.0,65.0,980.0,VSCS,2008-05-01T00:00:00+00:00,15.5,88.0,65.0,980.0,VSCS,2008-04-28T09:00:00+00:00,2008-04-28T12:00:00+00:00,2008-04-28T15:00:00+00:00,2008-04-28T18:00:00+00:00,2008-04-28T21:00:00+00:00
NIO_2008_NARGIS,NARGIS,2008,TRAIN,2008-04-29T03:00:00+00:00,13.5,85.5,65.0,980.0,VSCS,2008-04-29T15:00:00+00:00,14.0,85.5,65.0,980.0,VSCS,2008-04-30T03:00:00+00:00,14.5,86.5,65.0,980.0,VSCS,2008-05-01T03:00:00+00:00,15.5,89.0,65.0,980.0,VSCS,2008-04-28T12:00:00+00:00,2008-04-28T15:00:00+00:00,2008-04-28T18:00:00+00:00,2008-04-28T21:00:00+00:00,2008-04-29T00:00:00+00:00
NIO_2008_NARGIS,NARGIS,2008,TRAIN,2008-04-29T06:00:00+00:00,13.5,85.5,65.0,980.0,VSCS,2008-04-29T18:00:00+00:00,14.0,85.5,65.0,980.0,VSCS,2008-04-30T06:00:00+00:00,14.5,86.5,65.0,980.0,VSCS,2008-05-01T06:00:00+00:00,16.0,89.5,65.0,980.0,VSCS,2008-04-28T15:00:00+00:00,2008-04-28T18:00:00+00:00,2008-04-28T21:00:00+00:00,2008-04-29T00:00:00+00:00,2008-04-29T03:00:00+00:00
NIO_2008_NARGIS,NARGIS,2008,TRAIN,2008-04-29T09:00:00+00:00,13.5,85.5,65.0,980.0,VSCS,2008-04-29T21:00:00+00:00,14.0,86.0,65.0,980.0,VSCS,2008-04-30T09:00:00+00:00,14.5,87.0,65.0,980.0,VSCS,2008-05-01T09:00:00+00:00,16.0,90.0,65.0,980.0,VSCS,2008-04-28T18:00:00+00:00,2008-04-28T21:00:00+00:00,2008-04-29T00:00:00+00:00,2008-04-29T03:00:00+00:00,2008-04-29T06:00:00+00:00
NIO_2008_NARGIS,NARGIS,2008,TRAIN,2008-04-29T12:00:00+00:00,14.0,85.5,65.0,980.0,VSCS,2008-04-30T00:00:00+00:00,14.0,86.0,65.0,980.0,VSCS,2008-04-30T12:00:00+00:00,14.5,87.0,65.0,980.0,VSCS,2008-05-01T12:00:00+00:00,16.0,90.5,65.0,980.0,VSCS,2008-04-28T21:00:00+00:00,2008-04-29T00:00:00+00:00,2008-04-29T03:00:00+00:00,2008-04-29T06:00:00+00:00,2008-04-29T09:00:00+00:00
NIO_2008_NARGIS,NARGIS,2008,TRAIN,2008-04-29T15:00:00+00:00,14.0,85.5,65.0,980.0,VSCS,2008-04-30T03:00:00+00:00,14.5,86.5,65.0,980.0,VSCS,2008-04-30T15:00:00+00:00,15.0,87.5,65.0,980.0,VSCS,2008-05-01T15:00:00+00:00,16.0,91.0,65.0,980.0,VSCS,2008-04-29T00:00:00+00:00,2008-04-29T03:00:00+00:00,2008-04-29T06:00:00+00:00,2008-04-29T09:00:00+00:00,2008-04-29T12:00:00+00:00
NIO_2008_NARGIS,NARGIS,2008,TRAIN,2008-04-29T18:00:00+00:00,14.0,85.5,65.0,980.0,VSCS,2008-04-30T06:00:00+00:00,14.5,86.5,65.0,980.0,VSCS,2008-04-30T18:00:00+00:00,15.0,87.5,65.0,980.0,VSCS,2008-05-01T18:00:00+00:00,16.0,91.5,65.0,980.0,VSCS,2008-04-29T03:00:00+00:00,2008-04-29T06:00:00+00:00,2008-04-29T09:00:00+00:00,2008-04-29T12:00:00+00:00,2008-04-29T15:00:00+00:00
NIO_2008_NARGIS,NARGIS,2008,TRAIN,2008-04-29T21:00:00+00:00,14.0,86.0,65.0,980.0,VSCS,2008-04-30T09:00:00+00:00,14.5,87.0,65.0,980.0,VSCS,2008-04-30T21:00:00+00:00,15.0,87.5,65.0,980.0,VSCS,2008-05-01T21:00:00+00:00,16.0,92.0,65.0,980.0,VSCS,2008-04-29T06:00:00+00:00,2008-04-29T09:00:00+00:00,2008-04-29T12:00:00+00:00,2008-04-29T15:00:00+00:00,2008-04-29T18:00:00+00:00
NIO_2008_NARGIS,NARGIS,2008,TRAIN,2008-04-30T00:00:00+00:00,14.0,86.0,65.0,980.0,VSCS,2008-04-30T12:00:00+00:00,14.5,87.0,65.0,980.0,VSCS,2008-05-01T00:00:00+00:00,15.5,88.0,65.0,980.0,VSCS,2008-05-02T00:00:00+00:00,16.0,92.5,77.0,972.0,VSCS,2008-04-29T09:00:00+00:00,2008-04-29T12:00:00+00:00,2008-04-29T15:00:00+00:00,2008-04-29T18:00:00+00:00,2008-04-29T21:00:00+00:00
NIO_2008_NARGIS,NARGIS,2008,TRAIN,2008-04-30T03:00:00+00:00,14.5,86.5,65.0,980.0,VSCS,2008-04-30T15:00:00+00:00,15.0,87.5,65.0,980.0,VSCS,2008-05-01T03:00:00+00:00,15.5,89.0,65.0,980.0,VSCS,2008-05-02T03:00:00+00:00,16.0,93.0,77.0,972.0,VSCS,2008-04-29T12:00:00+00:00,2008-04-29T15:00:00+00:00,2008-04-29T18:00:00+00:00,2008-04-29T21:00:00+00:00,2008-04-30T00:00:00+00:00
NIO_2008_NISHA,NISHA,2008,TRAIN,2008-11-25T09:00:00+00:00,8.5,81.0,25.0,1001.0,D,2008-11-25T21:00:00+00:00,10.0,80.0,30.0,1002.0,DD,2008-11-26T09:00:00+00:00,10.5,80.0,45.0,996.0,CS,2008-11-27T09:00:00+00:00,12.0,79.0,30.0,1000.0,DD,2008-11-24T18:00:00+00:00,2008-11-24T21:00:00+00:00,2008-11-25T00:00:00+00:00,2008-11-25T03:00:00+00:00,2008-11-25T06:00:00+00:00
NIO_2008_NISHA,NISHA,2008,TRAIN,2008-11-25T12:00:00+00:00,8.5,81.0,30.0,1001.0,DD,2008-11-26T00:00:00+00:00,10.0,80.0,30.0,1000.0,DD,2008-11-26T12:00:00+00:00,10.8,80.0,45.0,996.0,CS,2008-11-27T12:00:00+00:00,12.0,78.5,20.0,1000.0,D,2008-11-24T21:00:00+00:00,2008-11-25T00:00:00+00:00,2008-11-25T03:00:00+00:00,2008-11-25T06:00:00+00:00,2008-11-25T09:00:00+00:00
NIO_2008_UNNAMED_2_10_1,,2008,TRAIN,2008-12-04T12:00:00+00:00,7.0,89.5,25.0,1006.0,D,2008-12-05T00:00:00+00:00,7.5,88.5,30.0,1004.0,DD,2008-12-05T12:00:00+00:00,8.5,87.5,30.0,1004.0,DD,2008-12-06T12:00:00+00:00,8.5,84.0,30.0,1004.0,DD,2008-12-03T21:00:00+00:00,2008-12-04T00:00:00+00:00,2008-12-04T03:00:00+00:00,2008-12-04T06:00:00+00:00,2008-12-04T09:00:00+00:00
NIO_2008_UNNAMED_2_5_1,,2008,TRAIN,2008-09-15T12:00:00+00:00,19.5,88.5,25.0,996.0,D,2008-09-16T00:00:00+00:00,19.5,88.0,25.0,994.0,D,2008-09-16T12:00:00+00:00,20.5,87.0,30.0,986.0,DD,2008-09-17T12:00:00+00:00,22.0,84.5,30.0,992.0,DD,2008-09-14T21:00:00+00:00,2008-09-15T00:00:00+00:00,2008-09-15T03:00:00+00:00,2008-09-15T06:00:00+00:00,2008-09-15T09:00:00+00:00
NIO_2008_UNNAMED_2_5_1,,2008,TRAIN,2008-09-16T03:00:00+00:00,20.0,87.5,30.0,994.0,DD,2008-09-16T15:00:00+00:00,21.0,87.0,30.0,986.0,DD,2008-09-17T03:00:00+00:00,21.5,85.5,30.0,992.0,DD,2008-09-18T03:00:00+00:00,22.5,82.5,30.0,996.0,DD,2008-09-15T12:00:00+00:00,2008-09-15T15:00:00+00:00,2008-09-15T18:00:00+00:00,2008-09-15T21:00:00+00:00,2008-09-16T00:00:00+00:00
NIO_2008_UNNAMED_2_5_1,,2008,TRAIN,2008-09-16T12:00:00+00:00,20.5,87.0,30.0,986.0,DD,2008-09-17T00:00:00+00:00,21.0,86.0,30.0,992.0,DD,2008-09-17T12:00:00+00:00,22.0,84.5,30.0,992.0,DD,2008-09-18T12:00:00+00:00,23.0,82.0,25.0,996.0,D,2008-09-15T21:00:00+00:00,2008-09-16T00:00:00+00:00,2008-09-16T03:00:00+00:00,2008-09-16T06:00:00+00:00,2008-09-16T09:00:00+00:00
NIO_2008_UNNAMED_2_8_1,,2008,TRAIN,2008-11-13T12:00:00+00:00,11.5,85.5,25.0,1002.0,D,2008-11-14T00:00:00+00:00,12.0,85.0,25.0,1002.0,D,2008-11-14T12:00:00+00:00,14.0,84.0,35.0,998.0,CS,2008-11-15T12:00:00+00:00,14.5,81.5,30.0,996.0,DD,2008-11-12T21:00:00+00:00,2008-11-13T00:00:00+00:00,2008-11-13T03:00:00+00:00,2008-11-13T06:00:00+00:00,2008-11-13T09:00:00+00:00
NIO_2008_UNNAMED_2_8_1,,2008,TRAIN,2008-11-13T18:00:00+00:00,12.0,85.0,25.0,1002.0,D,2008-11-14T06:00:00+00:00,13.0,85.0,30.0,1000.0,DD,2008-11-14T18:00:00+00:00,14.5,83.5,35.0,996.0,CS,2008-11-15T18:00:00+00:00,15.0,80.5,30.0,996.0,DD,2008-11-13T03:00:00+00:00,2008-11-13T06:00:00+00:00,2008-11-13T09:00:00+00:00,2008-11-13T12:00:00+00:00,2008-11-13T15:00:00+00:00
NIO_2008_UNNAMED_2_8_1,,2008,TRAIN,2008-11-14T00:00:00+00:00,12.0,85.0,25.0,1002.0,D,2008-11-14T12:00:00+00:00,14.0,84.0,35.0,998.0,CS,2008-11-15T00:00:00+00:00,14.5,83.0,40.0,994.0,CS,2008-11-16T00:00:00+00:00,15.5,79.5,30.0,998.0,DD,2008-11-13T09:00:00+00:00,2008-11-13T12:00:00+00:00,2008-11-13T15:00:00+00:00,2008-11-13T18:00:00+00:00,2008-11-13T21:00:00+00:00
NIO_2008_UNNAMED_2_8_1,,2008,TRAIN,2008-11-14T03:00:00+00:00,12.5,85.0,30.0,1000.0,DD,2008-11-14T15:00:00+00:00,14.5,83.5,35.0,996.0,CS,2008-11-15T03:00:00+00:00,14.5,82.5,35.0,996.0,CS,2008-11-16T03:00:00+00:00,15.5,78.5,25.0,1004.0,D,2008-11-13T12:00:00+00:00,2008-11-13T15:00:00+00:00,2008-11-13T18:00:00+00:00,2008-11-13T21:00:00+00:00,2008-11-14T00:00:00+00:00
NIO_2009_BIJLI,BIJLI,2009,TRAIN,2009-04-14T12:00:00+00:00,12.5,88.0,25.0,1002.0,D,2009-04-15T00:00:00+00:00,13.0,88.0,25.0,1000.0,D,2009-04-15T12:00:00+00:00,15.0,86.5,35.0,996.0,CS,2009-04-16T12:00:00+00:00,18.5,86.5,40.0,996.0,CS,2009-04-13T21:00:00+00:00,2009-04-14T00:00:00+00:00,2009-04-14T03:00:00+00:00,2009-04-14T06:00:00+00:00,2009-04-14T09:00:00+00:00
NIO_2009_BIJLI,BIJLI,2009,TRAIN,2009-04-14T18:00:00+00:00,12.5,88.0,25.0,1002.0,D,2009-04-15T06:00:00+00:00,14.0,87.5,30.0,1000.0,DD,2009-04-15T18:00:00+00:00,16.0,86.5,40.0,996.0,CS,2009-04-16T18:00:00+00:00,19.5,87.0,40.0,996.0,CS,2009-04-14T03:00:00+00:00,2009-04-14T06:00:00+00:00,2009-04-14T09:00:00+00:00,2009-04-14T12:00:00+00:00,2009-04-14T15:00:00+00:00
NIO_2009_BIJLI,BIJLI,2009,TRAIN,2009-04-15T00:00:00+00:00,13.0,88.0,25.0,1000.0,D,2009-04-15T12:00:00+00:00,15.0,86.5,35.0,996.0,CS,2009-04-16T00:00:00+00:00,16.5,86.0,40.0,996.0,CS,2009-04-17T00:00:00+00:00,20.5,88.0,40.0,996.0,CS,2009-04-14T09:00:00+00:00,2009-04-14T12:00:00+00:00,2009-04-14T15:00:00+00:00,2009-04-14T18:00:00+00:00,2009-04-14T21:00:00+00:00
NIO_2009_BIJLI,BIJLI,2009,TRAIN,2009-04-15T03:00:00+00:00,13.5,87.5,25.0,1000.0,D,2009-04-15T15:00:00+00:00,15.5,86.5,40.0,996.0,CS,2009-04-16T03:00:00+00:00,17.0,86.0,40.0,996.0,CS,2009-04-17T03:00:00+00:00,20.5,88.5,35.0,996.0,CS,2009-04-14T12:00:00+00:00,2009-04-14T15:00:00+00:00,2009-04-14T18:00:00+00:00,2009-04-14T21:00:00+00:00,2009-04-15T00:00:00+00:00
NIO_2009_BIJLI,BIJLI,2009,TRAIN,2009-04-15T06:00:00+00:00,14.0,87.5,30.0,1000.0,DD,2009-04-15T18:00:00+00:00,16.0,86.5,40.0,996.0,CS,2009-04-16T06:00:00+00:00,17.5,86.0,40.0,996.0,CS,2009-04-17T06:00:00+00:00,21.0,89.0,35.0,996.0,CS,2009-04-14T15:00:00+00:00,2009-04-14T18:00:00+00:00,2009-04-14T21:00:00+00:00,2009-04-15T00:00:00+00:00,2009-04-15T03:00:00+00:00
NIO_2009_BIJLI,BIJLI,2009,TRAIN,2009-04-15T12:00:00+00:00,15.0,86.5,35.0,996.0,CS,2009-04-16T00:00:00+00:00,16.5,86.0,40.0,996.0,CS,2009-04-16T12:00:00+00:00,18.5,86.5,40.0,996.0,CS,2009-04-17T12:00:00+00:00,21.5,90.0,25.0,996.0,D,2009-04-14T21:00:00+00:00,2009-04-15T00:00:00+00:00,2009-04-15T03:00:00+00:00,2009-04-15T06:00:00+00:00,2009-04-15T09:00:00+00:00
NIO_2009_BIJLI,BIJLI,2009,TRAIN,2009-04-15T15:00:00+00:00,15.5,86.5,40.0,996.0,CS,2009-04-16T03:00:00+00:00,17.0,86.0,40.0,996.0,CS,2009-04-16T15:00:00+00:00,18.5,86.5,40.0,996.0,CS,2009-04-17T15:00:00+00:00,22.0,91.5,25.0,996.0,D,2009-04-15T00:00:00+00:00,2009-04-15T03:00:00+00:00,2009-04-15T06:00:00+00:00,2009-04-15T09:00:00+00:00,2009-04-15T12:00:00+00:00
NIO_2009_PHYAN,PHYAN,2009,TRAIN,2009-11-09T12:00:00+00:00,11.5,71.5,25.0,1000.0,D,2009-11-10T00:00:00+00:00,12.5,70.5,25.0,998.0,D,2009-11-10T12:00:00+00:00,14.5,71.0,30.0,996.0,DD,2009-11-11T12:00:00+00:00,19.5,73.5,30.0,996.0,DD,2009-11-08T21:00:00+00:00,2009-11-09T00:00:00+00:00,2009-11-09T03:00:00+00:00,2009-11-09T06:00:00+00:00,2009-11-09T09:00:00+00:00
NIO_2009_PHYAN,PHYAN,2009,TRAIN,2009-11-09T18:00:00+00:00,12.0,71.0,25.0,1000.0,D,2009-11-10T06:00:00+00:00,13.5,70.5,30.0,998.0,DD,2009-11-10T18:00:00+00:00,15.0,71.0,35.0,996.0,CS,2009-11-11T18:00:00+00:00,20.0,74.0,20.0,1000.0,D,2009-11-09T03:00:00+00:00,2009-11-09T06:00:00+00:00,2009-11-09T09:00:00+00:00,2009-11-09T12:00:00+00:00,2009-11-09T15:00:00+00:00
NIO_2009_UNNAMED_2_2_1,,2009,TRAIN,2009-05-23T06:00:00+00:00,16.5,88.0,25.0,998.0,D,2009-05-23T18:00:00+00:00,17.0,88.5,25.0,996.0,D,2009-05-24T06:00:00+00:00,18.0,88.5,30.0,988.0,DD,2009-05-25T06:00:00+00:00,21.5,88.0,55.0,974.0,SCS,2009-05-22T15:00:00+00:00,2009-05-22T18:00:00+00:00,2009-05-22T21:00:00+00:00,2009-05-23T00:00:00+00:00,2009-05-23T03:00:00+00:00
NIO_2009_UNNAMED_2_2_1,,2009,TRAIN,2009-05-23T12:00:00+00:00,16.5,88.0,25.0,994.0,D,2009-05-24T00:00:00+00:00,17.0,88.5,25.0,996.0,D,2009-05-24T12:00:00+00:00,18.5,88.5,35.0,986.0,CS,2009-05-25T12:00:00+00:00,22.5,88.0,50.0,970.0,SCS,2009-05-22T21:00:00+00:00,2009-05-23T00:00:00+00:00,2009-05-23T03:00:00+00:00,2009-05-23T06:00:00+00:00,2009-05-23T09:00:00+00:00
NIO_2009_UNNAMED_2_6_1,,2009,TRAIN,2009-09-05T00:00:00+00:00,20.5,88.0,25.0,990.0,D,2009-09-05T12:00:00+00:00,22.5,87.5,30.0,988.0,DD,2009-09-06T00:00:00+00:00,23.0,86.5,30.0,988.0,DD,2009-09-07T00:00:00+00:00,24.5,84.0,30.0,988.0,DD,2009-09-04T09:00:00+00:00,2009-09-04T12:00:00+00:00,2009-09-04T15:00:00+00:00,2009-09-04T18:00:00+00:00,2009-09-04T21:00:00+00:00
NIO_2009_WARD,WARD,2009,TRAIN,2009-12-12T00:00:00+00:00,10.0,84.5,45.0,996.0,CS,2009-12-12T12:00:00+00:00,10.0,83.5,35.0,998.0,CS,2009-12-13T00:00:00+00:00,9.5,83.0,30.0,1000.0,DD,2009-12-14T00:00:00+00:00,9.0,82.0,30.0,1002.0,DD,2009-12-11T09:00:00+00:00,2009-12-11T12:00:00+00:00,2009-12-11T15:00:00+00:00,2009-12-11T18:00:00+00:00,2009-12-11T21:00:00+00:00
NIO_2009_WARD,WARD,2009,TRAIN,2009-12-12T03:00:00+00:00,10.0,84.5,45.0,996.0,CS,2009-12-12T15:00:00+00:00,10.0,83.5,35.0,998.0,CS,2009-12-13T03:00:00+00:00,9.5,83.0,30.0,1000.0,DD,2009-12-14T03:00:00+00:00,8.5,81.5,30.0,1004.0,DD,2009-12-11T12:00:00+00:00,2009-12-11T15:00:00+00:00,2009-12-11T18:00:00+00:00,2009-12-11T21:00:00+00:00,2009-12-12T00:00:00+00:00
NIO_2009_WARD,WARD,2009,TRAIN,2009-12-12T06:00:00+00:00,10.0,84.5,45.0,996.0,CS,2009-12-12T18:00:00+00:00,9.5,83.5,30.0,1000.0,DD,2009-12-13T06:00:00+00:00,9.0,83.0,30.0,1002.0,DD,2009-12-14T06:00:00+00:00,8.5,81.5,30.0,1004.0,DD,2009-12-11T15:00:00+00:00,2009-12-11T18:00:00+00:00,2009-12-11T21:00:00+00:00,2009-12-12T00:00:00+00:00,2009-12-12T03:00:00+00:00
NIO_2009_WARD,WARD,2009,TRAIN,2009-12-12T12:00:00+00:00,10.0,83.5,35.0,998.0,CS,2009-12-13T00:00:00+00:00,9.5,83.0,30.0,1000.0,DD,2009-12-13T12:00:00+00:00,9.0,83.0,30.0,1002.0,DD,2009-12-14T12:00:00+00:00,8.5,81.0,25.0,1004.0,D,2009-12-11T21:00:00+00:00,2009-12-12T00:00:00+00:00,2009-12-12T03:00:00+00:00,2009-12-12T06:00:00+00:00,2009-12-12T09:00:00+00:00
NIO_2009_WARD,WARD,2009,TRAIN,2009-12-12T18:00:00+00:00,9.5,83.5,30.0,1000.0,DD,2009-12-13T06:00:00+00:00,9.0,83.0,30.0,1002.0,DD,2009-12-13T18:00:00+00:00,9.0,82.5,30.0,1002.0,DD,2009-12-14T18:00:00+00:00,8.5,81.0,25.0,1005.0,D,2009-12-12T03:00:00+00:00,2009-12-12T06:00:00+00:00,2009-12-12T09:00:00+00:00,2009-12-12T12:00:00+00:00,2009-12-12T15:00:00+00:00
NIO_2009_WARD,WARD,2009,TRAIN,2009-12-13T00:00:00+00:00,9.5,83.0,30.0,1000.0,DD,2009-12-13T12:00:00+00:00,9.0,83.0,30.0,1002.0,DD,2009-12-14T00:00:00+00:00,9.0,82.0,30.0,1002.0,DD,2009-12-15T00:00:00+00:00,8.5,80.5,25.0,1007.0,D,2009-12-12T09:00:00+00:00,2009-12-12T12:00:00+00:00,2009-12-12T15:00:00+00:00,2009-12-12T18:00:00+00:00,2009-12-12T21:00:00+00:00
NIO_2010_BANDU,BANDU,2010,TRAIN,2010-05-19T09:00:00+00:00,10.5,54.0,25.0,1002.0,D,2010-05-19T21:00:00+00:00,11.5,53.0,30.0,1000.0,DD,2010-05-20T09:00:00+00:00,12.0,53.0,30.0,999.0,DD,2010-05-21T09:00:00+00:00,12.5,51.5,30.0,996.0,DD,2010-05-18T18:00:00+00:00,2010-05-18T21:00:00+00:00,2010-05-19T00:00:00+00:00,2010-05-19T03:00:00+00:00,2010-05-19T06:00:00+00:00
NIO_2010_BANDU,BANDU,2010,TRAIN,2010-05-19T12:00:00+00:00,11.0,54.0,25.0,1002.0,D,2010-05-20T00:00:00+00:00,11.5,53.0,30.0,1000.0,DD,2010-05-20T12:00:00+00:00,12.5,52.5,30.0,999.0,DD,2010-05-21T12:00:00+00:00,12.5,51.5,40.0,994.0,CS,2010-05-18T21:00:00+00:00,2010-05-19T00:00:00+00:00,2010-05-19T03:00:00+00:00,2010-05-19T06:00:00+00:00,2010-05-19T09:00:00+00:00
NIO_2010_BANDU,BANDU,2010,TRAIN,2010-05-19T18:00:00+00:00,11.5,53.5,30.0,1000.0,DD,2010-05-20T06:00:00+00:00,11.5,53.0,30.0,999.0,DD,2010-05-20T18:00:00+00:00,12.5,51.5,30.0,999.0,DD,2010-05-21T18:00:00+00:00,12.5,51.5,40.0,994.0,CS,2010-05-19T03:00:00+00:00,2010-05-19T06:00:00+00:00,2010-05-19T09:00:00+00:00,2010-05-19T12:00:00+00:00,2010-05-19T15:00:00+00:00
NIO_2010_BANDU,BANDU,2010,TRAIN,2010-05-20T00:00:00+00:00,11.5,53.0,30.0,1000.0,DD,2010-05-20T12:00:00+00:00,12.5,52.5,30.0,999.0,DD,2010-05-21T00:00:00+00:00,12.5,51.5,30.0,998.0,DD,2010-05-22T00:00:00+00:00,12.5,50.5,40.0,994.0,CS,2010-05-19T09:00:00+00:00,2010-05-19T12:00:00+00:00,2010-05-19T15:00:00+00:00,2010-05-19T18:00:00+00:00,2010-05-19T21:00:00+00:00
NIO_2010_BANDU,BANDU,2010,TRAIN,2010-05-20T06:00:00+00:00,11.5,53.0,30.0,999.0,DD,2010-05-20T18:00:00+00:00,12.5,51.5,30.0,999.0,DD,2010-05-21T06:00:00+00:00,12.5,51.5,30.0,998.0,DD,2010-05-22T06:00:00+00:00,12.5,50.5,40.0,994.0,CS,2010-05-19T15:00:00+00:00,2010-05-19T18:00:00+00:00,2010-05-19T21:00:00+00:00,2010-05-20T00:00:00+00:00,2010-05-20T03:00:00+00:00
NIO_2010_BANDU,BANDU,2010,TRAIN,2010-05-20T12:00:00+00:00,12.5,52.5,30.0,999.0,DD,2010-05-21T00:00:00+00:00,12.5,51.5,30.0,998.0,DD,2010-05-21T12:00:00+00:00,12.5,51.5,40.0,994.0,CS,2010-05-22T12:00:00+00:00,12.5,50.0,30.0,998.0,DD,2010-05-19T21:00:00+00:00,2010-05-20T00:00:00+00:00,2010-05-20T03:00:00+00:00,2010-05-20T06:00:00+00:00,2010-05-20T09:00:00+00:00
NIO_2010_BANDU,BANDU,2010,TRAIN,2010-05-20T18:00:00+00:00,12.5,51.5,30.0,999.0,DD,2010-05-21T06:00:00+00:00,12.5,51.5,30.0,998.0,DD,2010-05-21T18:00:00+00:00,12.5,51.5,40.0,994.0,CS,2010-05-22T18:00:00+00:00,12.5,50.0,25.0,1000.0,D,2010-05-20T03:00:00+00:00,2010-05-20T06:00:00+00:00,2010-05-20T09:00:00+00:00,2010-05-20T12:00:00+00:00,2010-05-20T15:00:00+00:00
NIO_2010_GIRI,GIRI,2010,TRAIN,2010-10-20T12:00:00+00:00,17.5,91.5,25.0,1002.0,D,2010-10-21T00:00:00+00:00,17.5,91.5,25.0,1002.0,D,2010-10-21T12:00:00+00:00,18.0,92.0,45.0,990.0,CS,2010-10-22T12:00:00+00:00,19.8,93.5,105.0,950.0,VSCS,2010-10-19T21:00:00+00:00,2010-10-20T00:00:00+00:00,2010-10-20T03:00:00+00:00,2010-10-20T06:00:00+00:00,2010-10-20T09:00:00+00:00
NIO_2010_GIRI,GIRI,2010,TRAIN,2010-10-20T18:00:00+00:00,17.5,91.5,25.0,1002.0,D,2010-10-21T06:00:00+00:00,17.5,91.5,35.0,998.0,CS,2010-10-21T18:00:00+00:00,18.0,92.0,50.0,988.0,CS,2010-10-22T18:00:00+00:00,20.5,94.0,70.0,976.0,VSCS,2010-10-20T03:00:00+00:00,2010-10-20T06:00:00+00:00,2010-10-20T09:00:00+00:00,2010-10-20T12:00:00+00:00,2010-10-20T15:00:00+00:00
NIO_2010_GIRI,GIRI,2010,TRAIN,2010-10-21T00:00:00+00:00,17.5,91.5,25.0,1002.0,D,2010-10-21T12:00:00+00:00,18.0,92.0,45.0,990.0,CS,2010-10-22T00:00:00+00:00,18.5,92.5,60.0,980.0,SCS,2010-10-23T00:00:00+00:00,21.0,94.5,45.0,992.0,CS,2010-10-20T09:00:00+00:00,2010-10-20T12:00:00+00:00,2010-10-20T15:00:00+00:00,2010-10-20T18:00:00+00:00,2010-10-20T21:00:00+00:00
NIO_2010_GIRI,GIRI,2010,TRAIN,2010-10-21T03:00:00+00:00,17.5,91.5,30.0,1000.0,DD,2010-10-21T15:00:00+00:00,18.0,92.0,45.0,990.0,CS,2010-10-22T03:00:00+00:00,19.0,93.0,80.0,974.0,VSCS,2010-10-23T03:00:00+00:00,21.5,95.0,35.0,996.0,CS,2010-10-20T12:00:00+00:00,2010-10-20T15:00:00+00:00,2010-10-20T18:00:00+00:00,2010-10-20T21:00:00+00:00,2010-10-21T00:00:00+00:00
NIO_2010_GIRI,GIRI,2010,TRAIN,2010-10-21T06:00:00+00:00,17.5,91.5,35.0,998.0,CS,2010-10-21T18:00:00+00:00,18.0,92.0,50.0,988.0,CS,2010-10-22T06:00:00+00:00,19.0,93.0,90.0,964.0,VSCS,2010-10-23T06:00:00+00:00,22.0,95.5,25.0,998.0,D,2010-10-20T15:00:00+00:00,2010-10-20T18:00:00+00:00,2010-10-20T21:00:00+00:00,2010-10-21T00:00:00+00:00,2010-10-21T03:00:00+00:00
NIO_2010_IS,IS,2010,TRAIN,2010-05-17T06:00:00+00:00,10.5,88.5,25.0,1004.0,D,2010-05-17T18:00:00+00:00,11.5,87.5,30.0,998.0,DD,2010-05-18T06:00:00+00:00,12.5,84.5,45.0,992.0,CS,2010-05-19T06:00:00+00:00,13.5,81.5,55.0,986.0,SCS,2010-05-16T15:00:00+00:00,2010-05-16T18:00:00+00:00,2010-05-16T21:00:00+00:00,2010-05-17T00:00:00+00:00,2010-05-17T03:00:00+00:00
NIO_2010_JAL,JAL,2010,TRAIN,2010-11-04T00:00:00+00:00,8.0,92.0,25.0,1002.0,D,2010-11-04T12:00:00+00:00,8.5,90.0,25.0,1002.0,D,2010-11-05T00:00:00+00:00,9.0,88.5,30.0,1000.0,DD,2010-11-06T00:00:00+00:00,10.0,85.5,55.0,990.0,SCS,2010-11-03T09:00:00+00:00,2010-11-03T12:00:00+00:00,2010-11-03T15:00:00+00:00,2010-11-03T18:00:00+00:00,2010-11-03T21:00:00+00:00
NIO_2010_JAL,JAL,2010,TRAIN,2010-11-04T06:00:00+00:00,8.5,90.5,25.0,1002.0,D,2010-11-04T18:00:00+00:00,8.5,89.5,25.0,1002.0,D,2010-11-05T06:00:00+00:00,9.0,87.5,35.0,998.0,CS,2010-11-06T06:00:00+00:00,10.5,85.0,55.0,990.0,SCS,2010-11-03T15:00:00+00:00,2010-11-03T18:00:00+00:00,2010-11-03T21:00:00+00:00,2010-11-04T00:00:00+00:00,2010-11-04T03:00:00+00:00
NIO_2010_JAL,JAL,2010,TRAIN,2010-11-04T12:00:00+00:00,8.5,90.0,25.0,1002.0,D,2010-11-05T00:00:00+00:00,9.0,88.5,30.0,1000.0,DD,2010-11-05T12:00:00+00:00,9.5,87.0,45.0,994.0,CS,2010-11-06T12:00:00+00:00,11.0,84.5,60.0,988.0,SCS,2010-11-03T21:00:00+00:00,2010-11-04T00:00:00+00:00,2010-11-04T03:00:00+00:00,2010-11-04T06:00:00+00:00,2010-11-04T09:00:00+00:00
NIO_2010_JAL,JAL,2010,TRAIN,2010-11-04T18:00:00+00:00,8.5,89.5,25.0,1002.0,D,2010-11-05T06:00:00+00:00,9.0,87.5,35.0,998.0,CS,2010-11-05T18:00:00+00:00,10.0,86.5,50.0,992.0,CS,2010-11-06T18:00:00+00:00,11.0,84.0,60.0,988.0,SCS,2010-11-04T03:00:00+00:00,2010-11-04T06:00:00+00:00,2010-11-04T09:00:00+00:00,2010-11-04T12:00:00+00:00,2010-11-04T15:00:00+00:00
NIO_2010_JAL,JAL,2010,TRAIN,2010-11-05T00:00:00+00:00,9.0,88.5,30.0,1000.0,DD,2010-11-05T12:00:00+00:00,9.5,87.0,45.0,994.0,CS,2010-11-06T00:00:00+00:00,10.0,85.5,55.0,990.0,SCS,2010-11-07T00:00:00+00:00,11.5,83.5,60.0,988.0,SCS,2010-11-04T09:00:00+00:00,2010-11-04T12:00:00+00:00,2010-11-04T15:00:00+00:00,2010-11-04T18:00:00+00:00,2010-11-04T21:00:00+00:00
NIO_2010_JAL,JAL,2010,TRAIN,2010-11-05T03:00:00+00:00,9.0,88.0,30.0,1000.0,DD,2010-11-05T15:00:00+00:00,9.5,87.0,45.0,994.0,CS,2010-11-06T03:00:00+00:00,10.0,85.5,55.0,990.0,SCS,2010-11-07T03:00:00+00:00,12.0,83.0,55.0,990.0,SCS,2010-11-04T12:00:00+00:00,2010-11-04T15:00:00+00:00,2010-11-04T18:00:00+00:00,2010-11-04T21:00:00+00:00,2010-11-05T00:00:00+00:00
NIO_2010_JAL,JAL,2010,TRAIN,2010-11-05T06:00:00+00:00,9.0,87.5,35.0,998.0,CS,2010-11-05T18:00:00+00:00,10.0,86.5,50.0,992.0,CS,2010-11-06T06:00:00+00:00,10.5,85.0,55.0,990.0,SCS,2010-11-07T06:00:00+00:00,12.5,82.5,45.0,992.0,CS,2010-11-04T15:00:00+00:00,2010-11-04T18:00:00+00:00,2010-11-04T21:00:00+00:00,2010-11-05T00:00:00+00:00,2010-11-05T03:00:00+00:00
NIO_2010_JAL,JAL,2010,TRAIN,2010-11-05T09:00:00+00:00,9.0,87.5,40.0,996.0,CS,2010-11-05T21:00:00+00:00,10.0,86.0,55.0,990.0,SCS,2010-11-06T09:00:00+00:00,10.5,85.0,55.0,990.0,SCS,2010-11-07T09:00:00+00:00,12.5,81.5,40.0,994.0,CS,2010-11-04T18:00:00+00:00,2010-11-04T21:00:00+00:00,2010-11-05T00:00:00+00:00,2010-11-05T03:00:00+00:00,2010-11-05T06:00:00+00:00
NIO_2010_JAL,JAL,2010,TRAIN,2010-11-05T12:00:00+00:00,9.5,87.0,45.0,994.0,CS,2010-11-06T00:00:00+00:00,10.0,85.5,55.0,990.0,SCS,2010-11-06T12:00:00+00:00,11.0,84.5,60.0,988.0,SCS,2010-11-07T12:00:00+00:00,13.0,81.0,30.0,996.0,DD,2010-11-04T21:00:00+00:00,2010-11-05T00:00:00+00:00,2010-11-05T03:00:00+00:00,2010-11-05T06:00:00+00:00,2010-11-05T09:00:00+00:00
NIO_2010_JAL,JAL,2010,TRAIN,2010-11-05T15:00:00+00:00,9.5,87.0,45.0,994.0,CS,2010-11-06T03:00:00+00:00,10.0,85.5,55.0,990.0,SCS,2010-11-06T15:00:00+00:00,11.0,84.5,60.0,988.0,SCS,2010-11-07T15:00:00+00:00,13.0,80.5,30.0,998.0,DD,2010-11-05T00:00:00+00:00,2010-11-05T03:00:00+00:00,2010-11-05T06:00:00+00:00,2010-11-05T09:00:00+00:00,2010-11-05T12:00:00+00:00
NIO_2010_JAL,JAL,2010,TRAIN,2010-11-05T18:00:00+00:00,10.0,86.5,50.0,992.0,CS,2010-11-06T06:00:00+00:00,10.5,85.0,55.0,990.0,SCS,2010-11-06T18:00:00+00:00,11.0,84.0,60.0,988.0,SCS,2010-11-07T18:00:00+00:00,13.5,80.0,30.0,1000.0,DD,2010-11-05T03:00:00+00:00,2010-11-05T06:00:00+00:00,2010-11-05T09:00:00+00:00,2010-11-05T12:00:00+00:00,2010-11-05T15:00:00+00:00
NIO_2010_JAL,JAL,2010,TRAIN,2010-11-06T00:00:00+00:00,10.0,85.5,55.0,990.0,SCS,2010-11-06T12:00:00+00:00,11.0,84.5,60.0,988.0,SCS,2010-11-07T00:00:00+00:00,11.5,83.5,60.0,988.0,SCS,2010-11-08T00:00:00+00:00,14.0,79.0,25.0,1002.0,D,2010-11-05T09:00:00+00:00,2010-11-05T12:00:00+00:00,2010-11-05T15:00:00+00:00,2010-11-05T18:00:00+00:00,2010-11-05T21:00:00+00:00
NIO_2010_JAL,JAL,2010,TRAIN,2010-11-06T03:00:00+00:00,10.0,85.5,55.0,990.0,SCS,2010-11-06T15:00:00+00:00,11.0,84.5,60.0,988.0,SCS,2010-11-07T03:00:00+00:00,12.0,83.0,55.0,990.0,SCS,2010-11-08T03:00:00+00:00,15.0,78.0,25.0,1004.0,D,2010-11-05T12:00:00+00:00,2010-11-05T15:00:00+00:00,2010-11-05T18:00:00+00:00,2010-11-05T21:00:00+00:00,2010-11-06T00:00:00+00:00
NIO_2010_PHET,PHET,2010,TRAIN,2010-05-31T06:00:00+00:00,15.0,64.0,25.0,1001.0,D,2010-05-31T18:00:00+00:00,15.5,63.5,25.0,999.0,D,2010-06-01T06:00:00+00:00,16.0,63.0,30.0,996.0,DD,2010-06-02T06:00:00+00:00,17.5,61.0,70.0,978.0,VSCS,2010-05-30T15:00:00+00:00,2010-05-30T18:00:00+00:00,2010-05-30T21:00:00+00:00,2010-05-31T00:00:00+00:00,2010-05-31T03:00:00+00:00
NIO_2010_PHET,PHET,2010,TRAIN,2010-05-31T12:00:00+00:00,15.5,63.5,25.0,1001.0,D,2010-06-01T00:00:00+00:00,15.5,63.5,30.0,998.0,DD,2010-06-01T12:00:00+00:00,16.5,62.5,35.0,994.0,CS,2010-06-02T12:00:00+00:00,18.0,60.5,85.0,964.0,VSCS,2010-05-30T21:00:00+00:00,2010-05-31T00:00:00+00:00,2010-05-31T03:00:00+00:00,2010-05-31T06:00:00+00:00,2010-05-31T09:00:00+00:00
NIO_2010_PHET,PHET,2010,TRAIN,2010-05-31T18:00:00+00:00,15.5,63.5,25.0,999.0,D,2010-06-01T06:00:00+00:00,16.0,63.0,30.0,996.0,DD,2010-06-01T18:00:00+00:00,17.0,62.0,45.0,990.0,CS,2010-06-02T18:00:00+00:00,18.5,60.0,85.0,966.0,VSCS,2010-05-31T03:00:00+00:00,2010-05-31T06:00:00+00:00,2010-05-31T09:00:00+00:00,2010-05-31T12:00:00+00:00,2010-05-31T15:00:00+00:00
NIO_2010_PHET,PHET,2010,TRAIN,2010-06-01T00:00:00+00:00,15.5,63.5,30.0,998.0,DD,2010-06-01T12:00:00+00:00,16.5,62.5,35.0,994.0,CS,2010-06-02T00:00:00+00:00,17.5,61.5,55.0,986.0,SCS,2010-06-03T00:00:00+00:00,18.5,59.5,75.0,974.0,VSCS,2010-05-31T09:00:00+00:00,2010-05-31T12:00:00+00:00,2010-05-31T15:00:00+00:00,2010-05-31T18:00:00+00:00,2010-05-31T21:00:00+00:00
NIO_2010_PHET,PHET,2010,TRAIN,2010-06-01T03:00:00+00:00,15.5,63.5,30.0,998.0,DD,2010-06-01T15:00:00+00:00,16.5,62.5,40.0,992.0,CS,2010-06-02T03:00:00+00:00,17.5,61.0,60.0,984.0,SCS,2010-06-03T03:00:00+00:00,18.5,59.5,75.0,974.0,VSCS,2010-05-31T12:00:00+00:00,2010-05-31T15:00:00+00:00,2010-05-31T18:00:00+00:00,2010-05-31T21:00:00+00:00,2010-06-01T00:00:00+00:00
NIO_2010_PHET,PHET,2010,TRAIN,2010-06-01T06:00:00+00:00,16.0,63.0,30.0,996.0,DD,2010-06-01T18:00:00+00:00,17.0,62.0,45.0,990.0,CS,2010-06-02T06:00:00+00:00,17.5,61.0,70.0,978.0,VSCS,2010-06-03T06:00:00+00:00,19.0,59.5,70.0,978.0,VSCS,2010-05-31T15:00:00+00:00,2010-05-31T18:00:00+00:00,2010-05-31T21:00:00+00:00,2010-06-01T00:00:00+00:00,2010-06-01T03:00:00+00:00
NIO_2010_UNNAMED_2_5_1,,2010,TRAIN,2010-10-13T06:00:00+00:00,17.5,90.0,25.0,1002.0,D,2010-10-13T18:00:00+00:00,18.0,88.5,25.0,998.0,D,2010-10-14T06:00:00+00:00,18.0,88.5,25.0,998.0,D,2010-10-15T06:00:00+00:00,19.5,86.0,30.0,996.0,DD,2010-10-12T15:00:00+00:00,2010-10-12T18:00:00+00:00,2010-10-12T21:00:00+00:00,2010-10-13T00:00:00+00:00,2010-10-13T03:00:00+00:00
NIO_2010_UNNAMED_2_5_1,,2010,TRAIN,2010-10-13T12:00:00+00:00,17.5,89.0,25.0,998.0,D,2010-10-14T00:00:00+00:00,18.0,88.5,25.0,998.0,D,2010-10-14T12:00:00+00:00,18.0,88.0,25.0,996.0,D,2010-10-15T12:00:00+00:00,19.5,85.5,30.0,995.0,DD,2010-10-12T21:00:00+00:00,2010-10-13T00:00:00+00:00,2010-10-13T03:00:00+00:00,2010-10-13T06:00:00+00:00,2010-10-13T09:00:00+00:00
NIO_2010_UNNAMED_2_5_1,,2010,TRAIN,2010-10-13T18:00:00+00:00,18.0,88.5,25.0,998.0,D,2010-10-14T06:00:00+00:00,18.0,88.5,25.0,998.0,D,2010-10-14T18:00:00+00:00,18.0,88.0,25.0,996.0,D,2010-10-15T18:00:00+00:00,19.0,84.5,30.0,996.0,DD,2010-10-13T03:00:00+00:00,2010-10-13T06:00:00+00:00,2010-10-13T09:00:00+00:00,2010-10-13T12:00:00+00:00,2010-10-13T15:00:00+00:00
NIO_2010_UNNAMED_2_5_1,,2010,TRAIN,2010-10-14T00:00:00+00:00,18.0,88.5,25.0,998.0,D,2010-10-14T12:00:00+00:00,18.0,88.0,25.0,996.0,D,2010-10-15T00:00:00+00:00,18.5,87.5,25.0,996.0,D,2010-10-16T00:00:00+00:00,19.0,84.0,25.0,998.0,D,2010-10-13T09:00:00+00:00,2010-10-13T12:00:00+00:00,2010-10-13T15:00:00+00:00,2010-10-13T18:00:00+00:00,2010-10-13T21:00:00+00:00
NIO_2011_KEILA,KEILA,2011,TRAIN,2011-10-29T06:00:00+00:00,13.0,62.0,25.0,1004.0,D,2011-10-29T18:00:00+00:00,13.0,61.0,25.0,1004.0,D,2011-10-30T06:00:00+00:00,13.0,60.0,25.0,1002.0,D,2011-10-31T06:00:00+00:00,16.0,57.0,25.0,1000.0,D,2011-10-28T15:00:00+00:00,2011-10-28T18:00:00+00:00,2011-10-28T21:00:00+00:00,2011-10-29T00:00:00+00:00,2011-10-29T03:00:00+00:00
NIO_2011_KEILA,KEILA,2011,TRAIN,2011-10-29T18:00:00+00:00,13.0,61.0,25.0,1004.0,D,2011-10-30T06:00:00+00:00,13.0,60.0,25.0,1002.0,D,2011-10-30T18:00:00+00:00,14.0,59.0,25.0,1002.0,D,2011-10-31T18:00:00+00:00,16.0,57.0,25.0,1000.0,D,2011-10-29T03:00:00+00:00,2011-10-29T06:00:00+00:00,2011-10-29T09:00:00+00:00,2011-10-29T12:00:00+00:00,2011-10-29T15:00:00+00:00
NIO_2011_KEILA,KEILA,2011,TRAIN,2011-10-30T06:00:00+00:00,13.0,60.0,25.0,1002.0,D,2011-10-30T18:00:00+00:00,14.0,59.0,25.0,1002.0,D,2011-10-31T06:00:00+00:00,16.0,57.0,25.0,1000.0,D,2011-11-01T06:00:00+00:00,16.0,56.0,30.0,1000.0,DD,2011-10-29T15:00:00+00:00,2011-10-29T18:00:00+00:00,2011-10-29T21:00:00+00:00,2011-10-30T00:00:00+00:00,2011-10-30T03:00:00+00:00
NIO_2011_KEILA,KEILA,2011,TRAIN,2011-10-30T12:00:00+00:00,13.5,59.5,25.0,1002.0,D,2011-10-31T00:00:00+00:00,14.5,59.0,25.0,1002.0,D,2011-10-31T12:00:00+00:00,16.0,57.5,25.0,1000.0,D,2011-11-01T12:00:00+00:00,16.0,55.5,30.0,1000.0,DD,2011-10-29T21:00:00+00:00,2011-10-30T00:00:00+00:00,2011-10-30T03:00:00+00:00,2011-10-30T06:00:00+00:00,2011-10-30T09:00:00+00:00
NIO_2011_KEILA,KEILA,2011,TRAIN,2011-10-30T18:00:00+00:00,14.0,59.0,25.0,1002.0,D,2011-10-31T06:00:00+00:00,16.0,57.0,25.0,1000.0,D,2011-10-31T18:00:00+00:00,16.0,57.0,25.0,1000.0,D,2011-11-01T18:00:00+00:00,16.0,55.5,30.0,1000.0,DD,2011-10-30T03:00:00+00:00,2011-10-30T06:00:00+00:00,2011-10-30T09:00:00+00:00,2011-10-30T12:00:00+00:00,2011-10-30T15:00:00+00:00
NIO_2011_KEILA,KEILA,2011,TRAIN,2011-10-31T00:00:00+00:00,14.5,59.0,25.0,1002.0,D,2011-10-31T12:00:00+00:00,16.0,57.5,25.0,1000.0,D,2011-11-01T00:00:00+00:00,16.0,56.5,25.0,1000.0,D,2011-11-02T00:00:00+00:00,16.0,55.3,30.0,1000.0,DD,2011-10-30T09:00:00+00:00,2011-10-30T12:00:00+00:00,2011-10-30T15:00:00+00:00,2011-10-30T18:00:00+00:00,2011-10-30T21:00:00+00:00
NIO_2011_KEILA,KEILA,2011,TRAIN,2011-10-31T06:00:00+00:00,16.0,57.0,25.0,1000.0,D,2011-10-31T18:00:00+00:00,16.0,57.0,25.0,1000.0,D,2011-11-01T06:00:00+00:00,16.0,56.0,30.0,1000.0,DD,2011-11-02T06:00:00+00:00,16.0,54.5,35.0,996.0,CS,2011-10-30T15:00:00+00:00,2011-10-30T18:00:00+00:00,2011-10-30T21:00:00+00:00,2011-10-31T00:00:00+00:00,2011-10-31T03:00:00+00:00
NIO_2011_KEILA,KEILA,2011,TRAIN,2011-10-31T12:00:00+00:00,16.0,57.5,25.0,1000.0,D,2011-11-01T00:00:00+00:00,16.0,56.5,25.0,1000.0,D,2011-11-01T12:00:00+00:00,16.0,55.5,30.0,1000.0,DD,2011-11-02T12:00:00+00:00,16.5,54.5,35.0,996.0,CS,2011-10-30T21:00:00+00:00,2011-10-31T00:00:00+00:00,2011-10-31T03:00:00+00:00,2011-10-31T06:00:00+00:00,2011-10-31T09:00:00+00:00
NIO_2011_KEILA,KEILA,2011,TRAIN,2011-10-31T18:00:00+00:00,16.0,57.0,25.0,1000.0,D,2011-11-01T06:00:00+00:00,16.0,56.0,30.0,1000.0,DD,2011-11-01T18:00:00+00:00,16.0,55.5,30.0,1000.0,DD,2011-11-02T18:00:00+00:00,17.1,54.2,30.0,1000.0,DD,2011-10-31T03:00:00+00:00,2011-10-31T06:00:00+00:00,2011-10-31T09:00:00+00:00,2011-10-31T12:00:00+00:00,2011-10-31T15:00:00+00:00
NIO_2011_THANE,THANE,2011,TRAIN,2011-12-25T12:00:00+00:00,8.5,88.5,25.0,1000.0,D,2011-12-26T00:00:00+00:00,9.5,87.5,30.0,998.0,DD,2011-12-26T12:00:00+00:00,10.5,87.5,30.0,998.0,DD,2011-12-27T12:00:00+00:00,12.5,86.5,40.0,992.0,CS,2011-12-24T21:00:00+00:00,2011-12-25T00:00:00+00:00,2011-12-25T03:00:00+00:00,2011-12-25T06:00:00+00:00,2011-12-25T09:00:00+00:00
NIO_2011_THANE,THANE,2011,TRAIN,2011-12-25T18:00:00+00:00,9.0,88.0,25.0,1000.0,D,2011-12-26T06:00:00+00:00,10.0,87.5,30.0,998.0,DD,2011-12-26T18:00:00+00:00,11.0,87.5,35.0,996.0,CS,2011-12-27T18:00:00+00:00,12.5,86.0,45.0,992.0,CS,2011-12-25T03:00:00+00:00,2011-12-25T06:00:00+00:00,2011-12-25T09:00:00+00:00,2011-12-25T12:00:00+00:00,2011-12-25T15:00:00+00:00
NIO_2011_THANE,THANE,2011,TRAIN,2011-12-26T00:00:00+00:00,9.5,87.5,30.0,998.0,DD,2011-12-26T12:00:00+00:00,10.5,87.5,30.0,998.0,DD,2011-12-27T00:00:00+00:00,11.5,87.5,40.0,994.0,CS,2011-12-28T00:00:00+00:00,12.5,85.5,45.0,992.0,CS,2011-12-25T09:00:00+00:00,2011-12-25T12:00:00+00:00,2011-12-25T15:00:00+00:00,2011-12-25T18:00:00+00:00,2011-12-25T21:00:00+00:00
NIO_2011_THANE,THANE,2011,TRAIN,2011-12-26T06:00:00+00:00,10.0,87.5,30.0,998.0,DD,2011-12-26T18:00:00+00:00,11.0,87.5,35.0,996.0,CS,2011-12-27T06:00:00+00:00,12.0,87.0,40.0,994.0,CS,2011-12-28T06:00:00+00:00,12.5,85.0,45.0,988.0,CS,2011-12-25T15:00:00+00:00,2011-12-25T18:00:00+00:00,2011-12-25T21:00:00+00:00,2011-12-26T00:00:00+00:00,2011-12-26T03:00:00+00:00
NIO_2011_THANE,THANE,2011,TRAIN,2011-12-26T12:00:00+00:00,10.5,87.5,30.0,998.0,DD,2011-12-27T00:00:00+00:00,11.5,87.5,40.0,994.0,CS,2011-12-27T12:00:00+00:00,12.5,86.5,40.0,992.0,CS,2011-12-28T12:00:00+00:00,12.5,84.5,65.0,982.0,VSCS,2011-12-25T21:00:00+00:00,2011-12-26T00:00:00+00:00,2011-12-26T03:00:00+00:00,2011-12-26T06:00:00+00:00,2011-12-26T09:00:00+00:00
NIO_2011_THANE,THANE,2011,TRAIN,2011-12-26T18:00:00+00:00,11.0,87.5,35.0,996.0,CS,2011-12-27T06:00:00+00:00,12.0,87.0,40.0,994.0,CS,2011-12-27T18:00:00+00:00,12.5,86.0,45.0,992.0,CS,2011-12-28T18:00:00+00:00,12.5,84.0,65.0,978.0,VSCS,2011-12-26T03:00:00+00:00,2011-12-26T06:00:00+00:00,2011-12-26T09:00:00+00:00,2011-12-26T12:00:00+00:00,2011-12-26T15:00:00+00:00
NIO_2011_THANE,THANE,2011,TRAIN,2011-12-26T21:00:00+00:00,11.0,87.5,35.0,996.0,CS,2011-12-27T09:00:00+00:00,12.2,86.7,40.0,992.0,CS,2011-12-27T21:00:00+00:00,12.5,86.0,45.0,992.0,CS,2011-12-28T21:00:00+00:00,12.5,83.5,65.0,976.0,VSCS,2011-12-26T06:00:00+00:00,2011-12-26T09:00:00+00:00,2011-12-26T12:00:00+00:00,2011-12-26T15:00:00+00:00,2011-12-26T18:00:00+00:00
NIO_2011_THANE,THANE,2011,TRAIN,2011-12-27T00:00:00+00:00,11.5,87.5,40.0,994.0,CS,2011-12-27T12:00:00+00:00,12.5,86.5,40.0,992.0,CS,2011-12-28T00:00:00+00:00,12.5,85.5,45.0,992.0,CS,2011-12-29T00:00:00+00:00,12.3,83.0,70.0,974.0,VSCS,2011-12-26T09:00:00+00:00,2011-12-26T12:00:00+00:00,2011-12-26T15:00:00+00:00,2011-12-26T18:00:00+00:00,2011-12-26T21:00:00+00:00
NIO_2011_THANE,THANE,2011,TRAIN,2011-12-27T03:00:00+00:00,12.0,87.0,40.0,994.0,CS,2011-12-27T15:00:00+00:00,12.5,86.5,45.0,992.0,CS,2011-12-28T03:00:00+00:00,12.5,85.5,45.0,987.0,CS,2011-12-29T03:00:00+00:00,12.0,82.5,75.0,976.0,VSCS,2011-12-26T12:00:00+00:00,2011-12-26T15:00:00+00:00,2011-12-26T18:00:00+00:00,2011-12-26T21:00:00+00:00,2011-12-27T00:00:00+00:00
NIO_2011_THANE,THANE,2011,TRAIN,2011-12-27T06:00:00+00:00,12.0,87.0,40.0,994.0,CS,2011-12-27T18:00:00+00:00,12.5,86.0,45.0,992.0,CS,2011-12-28T06:00:00+00:00,12.5,85.0,45.0,988.0,CS,2011-12-29T06:00:00+00:00,12.0,82.0,75.0,972.0,VSCS,2011-12-26T15:00:00+00:00,2011-12-26T18:00:00+00:00,2011-12-26T21:00:00+00:00,2011-12-27T00:00:00+00:00,2011-12-27T03:00:00+00:00
NIO_2011_THANE,THANE,2011,TRAIN,2011-12-27T09:00:00+00:00,12.2,86.7,40.0,992.0,CS,2011-12-27T21:00:00+00:00,12.5,86.0,45.0,992.0,CS,2011-12-28T09:00:00+00:00,12.5,85.0,55.0,986.0,SCS,2011-12-29T09:00:00+00:00,12.0,81.7,75.0,972.0,VSCS,2011-12-26T18:00:00+00:00,2011-12-26T21:00:00+00:00,2011-12-27T00:00:00+00:00,2011-12-27T03:00:00+00:00,2011-12-27T06:00:00+00:00
NIO_2011_THANE,THANE,2011,TRAIN,2011-12-27T12:00:00+00:00,12.5,86.5,40.0,992.0,CS,2011-12-28T00:00:00+00:00,12.5,85.5,45.0,992.0,CS,2011-12-28T12:00:00+00:00,12.5,84.5,65.0,982.0,VSCS,2011-12-29T12:00:00+00:00,12.0,81.3,75.0,972.0,VSCS,2011-12-26T21:00:00+00:00,2011-12-27T00:00:00+00:00,2011-12-27T03:00:00+00:00,2011-12-27T06:00:00+00:00,2011-12-27T09:00:00+00:00
NIO_2011_THANE,THANE,2011,TRAIN,2011-12-27T15:00:00+00:00,12.5,86.5,45.0,992.0,CS,2011-12-28T03:00:00+00:00,12.5,85.5,45.0,987.0,CS,2011-12-28T15:00:00+00:00,12.5,84.0,65.0,980.0,VSCS,2011-12-29T15:00:00+00:00,12.0,81.0,75.0,970.0,VSCS,2011-12-27T00:00:00+00:00,2011-12-27T03:00:00+00:00,2011-12-27T06:00:00+00:00,2011-12-27T09:00:00+00:00,2011-12-27T12:00:00+00:00
NIO_2011_THANE,THANE,2011,TRAIN,2011-12-27T18:00:00+00:00,12.5,86.0,45.0,992.0,CS,2011-12-28T06:00:00+00:00,12.5,85.0,45.0,988.0,CS,2011-12-28T18:00:00+00:00,12.5,84.0,65.0,978.0,VSCS,2011-12-29T18:00:00+00:00,11.8,80.6,75.0,970.0,VSCS,2011-12-27T03:00:00+00:00,2011-12-27T06:00:00+00:00,2011-12-27T09:00:00+00:00,2011-12-27T12:00:00+00:00,2011-12-27T15:00:00+00:00
NIO_2011_THANE,THANE,2011,TRAIN,2011-12-27T21:00:00+00:00,12.5,86.0,45.0,992.0,CS,2011-12-28T09:00:00+00:00,12.5,85.0,55.0,986.0,SCS,2011-12-28T21:00:00+00:00,12.5,83.5,65.0,976.0,VSCS,2011-12-29T21:00:00+00:00,11.8,80.3,75.0,969.0,VSCS,2011-12-27T06:00:00+00:00,2011-12-27T09:00:00+00:00,2011-12-27T12:00:00+00:00,2011-12-27T15:00:00+00:00,2011-12-27T18:00:00+00:00
NIO_2011_THANE,THANE,2011,TRAIN,2011-12-28T00:00:00+00:00,12.5,85.5,45.0,992.0,CS,2011-12-28T12:00:00+00:00,12.5,84.5,65.0,982.0,VSCS,2011-12-29T00:00:00+00:00,12.3,83.0,70.0,974.0,VSCS,2011-12-30T00:00:00+00:00,11.6,79.9,75.0,969.0,VSCS,2011-12-27T09:00:00+00:00,2011-12-27T12:00:00+00:00,2011-12-27T15:00:00+00:00,2011-12-27T18:00:00+00:00,2011-12-27T21:00:00+00:00
NIO_2011_THANE,THANE,2011,TRAIN,2011-12-28T03:00:00+00:00,12.5,85.5,45.0,987.0,CS,2011-12-28T15:00:00+00:00,12.5,84.0,65.0,980.0,VSCS,2011-12-29T03:00:00+00:00,12.0,82.5,75.0,976.0,VSCS,2011-12-30T03:00:00+00:00,11.6,79.5,55.0,986.0,SCS,2011-12-27T12:00:00+00:00,2011-12-27T15:00:00+00:00,2011-12-27T18:00:00+00:00,2011-12-27T21:00:00+00:00,2011-12-28T00:00:00+00:00
NIO_2011_THANE,THANE,2011,TRAIN,2011-12-28T06:00:00+00:00,12.5,85.0,45.0,988.0,CS,2011-12-28T18:00:00+00:00,12.5,84.0,65.0,978.0,VSCS,2011-12-29T06:00:00+00:00,12.0,82.0,75.0,972.0,VSCS,2011-12-30T06:00:00+00:00,11.6,79.0,30.0,998.0,DD,2011-12-27T15:00:00+00:00,2011-12-27T18:00:00+00:00,2011-12-27T21:00:00+00:00,2011-12-28T00:00:00+00:00,2011-12-28T03:00:00+00:00
NIO_2011_THANE,THANE,2011,TRAIN,2011-12-28T12:00:00+00:00,12.5,84.5,65.0,982.0,VSCS,2011-12-29T00:00:00+00:00,12.3,83.0,70.0,974.0,VSCS,2011-12-29T12:00:00+00:00,12.0,81.3,75.0,972.0,VSCS,2011-12-30T12:00:00+00:00,11.6,78.2,25.0,1000.0,D,2011-12-27T21:00:00+00:00,2011-12-28T00:00:00+00:00,2011-12-28T03:00:00+00:00,2011-12-28T06:00:00+00:00,2011-12-28T09:00:00+00:00
NIO_2011_UNNAMED_2_3_1,,2011,TRAIN,2011-06-16T06:00:00+00:00,21.5,89.0,25.0,986.0,DD,2011-06-16T18:00:00+00:00,22.5,89.0,30.0,984.0,DD,2011-06-17T06:00:00+00:00,22.8,88.5,35.0,978.0,DD,2011-06-18T06:00:00+00:00,23.0,87.0,25.0,984.0,DD,2011-06-15T15:00:00+00:00,2011-06-15T18:00:00+00:00,2011-06-15T21:00:00+00:00,2011-06-16T00:00:00+00:00,2011-06-16T03:00:00+00:00
NIO_2011_UNNAMED_2_3_1,,2011,TRAIN,2011-06-16T12:00:00+00:00,22.0,89.0,30.0,984.0,DD,2011-06-17T00:00:00+00:00,22.5,89.0,30.0,984.0,DD,2011-06-17T12:00:00+00:00,23.0,88.0,25.0,982.0,DD,2011-06-18T12:00:00+00:00,23.0,87.0,25.0,984.0,DD,2011-06-15T21:00:00+00:00,2011-06-16T00:00:00+00:00,2011-06-16T03:00:00+00:00,2011-06-16T06:00:00+00:00,2011-06-16T09:00:00+00:00
NIO_2011_UNNAMED_2_3_1,,2011,TRAIN,2011-06-16T18:00:00+00:00,22.5,89.0,30.0,984.0,DD,2011-06-17T06:00:00+00:00,22.8,88.5,35.0,978.0,DD,2011-06-17T18:00:00+00:00,23.0,88.0,25.0,984.0,DD,2011-06-18T18:00:00+00:00,23.0,86.5,25.0,986.0,DD,2011-06-16T03:00:00+00:00,2011-06-16T06:00:00+00:00,2011-06-16T09:00:00+00:00,2011-06-16T12:00:00+00:00,2011-06-16T15:00:00+00:00
NIO_2011_UNNAMED_2_3_1,,2011,TRAIN,2011-06-17T00:00:00+00:00,22.5,89.0,30.0,984.0,DD,2011-06-17T12:00:00+00:00,23.0,88.0,25.0,982.0,DD,2011-06-18T00:00:00+00:00,23.0,87.5,25.0,984.0,DD,2011-06-19T00:00:00+00:00,23.0,86.0,25.0,986.0,DD,2011-06-16T09:00:00+00:00,2011-06-16T12:00:00+00:00,2011-06-16T15:00:00+00:00,2011-06-16T18:00:00+00:00,2011-06-16T21:00:00+00:00
NIO_2011_UNNAMED_2_3_1,,2011,TRAIN,2011-06-17T06:00:00+00:00,22.8,88.5,35.0,978.0,DD,2011-06-17T18:00:00+00:00,23.0,88.0,25.0,984.0,DD,2011-06-18T06:00:00+00:00,23.0,87.0,25.0,984.0,DD,2011-06-19T06:00:00+00:00,23.5,85.5,25.0,987.0,DD,2011-06-16T15:00:00+00:00,2011-06-16T18:00:00+00:00,2011-06-16T21:00:00+00:00,2011-06-17T00:00:00+00:00,2011-06-17T03:00:00+00:00
NIO_2011_UNNAMED_2_3_1,,2011,TRAIN,2011-06-17T12:00:00+00:00,23.0,88.0,25.0,982.0,DD,2011-06-18T00:00:00+00:00,23.0,87.5,25.0,984.0,DD,2011-06-18T12:00:00+00:00,23.0,87.0,25.0,984.0,DD,2011-06-19T12:00:00+00:00,23.5,85.0,25.0,987.0,DD,2011-06-16T21:00:00+00:00,2011-06-17T00:00:00+00:00,2011-06-17T03:00:00+00:00,2011-06-17T06:00:00+00:00,2011-06-17T09:00:00+00:00
NIO_2011_UNNAMED_2_3_1,,2011,TRAIN,2011-06-17T18:00:00+00:00,23.0,88.0,25.0,984.0,DD,2011-06-18T06:00:00+00:00,23.0,87.0,25.0,984.0,DD,2011-06-18T18:00:00+00:00,23.0,86.5,25.0,986.0,DD,2011-06-19T18:00:00+00:00,23.5,84.5,25.0,987.0,DD,2011-06-17T03:00:00+00:00,2011-06-17T06:00:00+00:00,2011-06-17T09:00:00+00:00,2011-06-17T12:00:00+00:00,2011-06-17T15:00:00+00:00
NIO_2011_UNNAMED_2_3_1,,2011,TRAIN,2011-06-18T00:00:00+00:00,23.0,87.5,25.0,984.0,DD,2011-06-18T12:00:00+00:00,23.0,87.0,25.0,984.0,DD,2011-06-19T00:00:00+00:00,23.0,86.0,25.0,986.0,DD,2011-06-20T00:00:00+00:00,23.5,84.0,25.0,987.0,DD,2011-06-17T09:00:00+00:00,2011-06-17T12:00:00+00:00,2011-06-17T15:00:00+00:00,2011-06-17T18:00:00+00:00,2011-06-17T21:00:00+00:00
NIO_2011_UNNAMED_2_3_1,,2011,TRAIN,2011-06-18T06:00:00+00:00,23.0,87.0,25.0,984.0,DD,2011-06-18T18:00:00+00:00,23.0,86.5,25.0,986.0,DD,2011-06-19T06:00:00+00:00,23.5,85.5,25.0,987.0,DD,2011-06-20T06:00:00+00:00,23.7,83.5,20.0,990.0,D,2011-06-17T15:00:00+00:00,2011-06-17T18:00:00+00:00,2011-06-17T21:00:00+00:00,2011-06-18T00:00:00+00:00,2011-06-18T03:00:00+00:00
NIO_2011_UNNAMED_2_3_1,,2011,TRAIN,2011-06-18T12:00:00+00:00,23.0,87.0,25.0,984.0,DD,2011-06-19T00:00:00+00:00,23.0,86.0,25.0,986.0,DD,2011-06-19T12:00:00+00:00,23.5,85.0,25.0,987.0,DD,2011-06-20T12:00:00+00:00,24.0,83.0,20.0,990.0,D,2011-06-17T21:00:00+00:00,2011-06-18T00:00:00+00:00,2011-06-18T03:00:00+00:00,2011-06-18T06:00:00+00:00,2011-06-18T09:00:00+00:00
NIO_2011_UNNAMED_2_3_1,,2011,TRAIN,2011-06-18T18:00:00+00:00,23.0,86.5,25.0,986.0,DD,2011-06-19T06:00:00+00:00,23.5,85.5,25.0,987.0,DD,2011-06-19T18:00:00+00:00,23.5,84.5,25.0,987.0,DD,2011-06-20T18:00:00+00:00,24.0,83.0,20.0,990.0,D,2011-06-18T03:00:00+00:00,2011-06-18T06:00:00+00:00,2011-06-18T09:00:00+00:00,2011-06-18T12:00:00+00:00,2011-06-18T15:00:00+00:00
NIO_2011_UNNAMED_2_3_1,,2011,TRAIN,2011-06-19T00:00:00+00:00,23.0,86.0,25.0,986.0,DD,2011-06-19T12:00:00+00:00,23.5,85.0,25.0,987.0,DD,2011-06-20T00:00:00+00:00,23.5,84.0,25.0,987.0,DD,2011-06-21T00:00:00+00:00,24.5,82.5,20.0,990.0,D,2011-06-18T09:00:00+00:00,2011-06-18T12:00:00+00:00,2011-06-18T15:00:00+00:00,2011-06-18T18:00:00+00:00,2011-06-18T21:00:00+00:00
NIO_2011_UNNAMED_2_3_1,,2011,TRAIN,2011-06-19T06:00:00+00:00,23.5,85.5,25.0,987.0,DD,2011-06-19T18:00:00+00:00,23.5,84.5,25.0,987.0,DD,2011-06-20T06:00:00+00:00,23.7,83.5,20.0,990.0,D,2011-06-21T06:00:00+00:00,24.5,81.5,20.0,990.0,D,2011-06-18T15:00:00+00:00,2011-06-18T18:00:00+00:00,2011-06-18T21:00:00+00:00,2011-06-19T00:00:00+00:00,2011-06-19T03:00:00+00:00
NIO_2011_UNNAMED_2_3_1,,2011,TRAIN,2011-06-19T12:00:00+00:00,23.5,85.0,25.0,987.0,DD,2011-06-20T00:00:00+00:00,23.5,84.0,25.0,987.0,DD,2011-06-20T12:00:00+00:00,24.0,83.0,20.0,990.0,D,2011-06-21T12:00:00+00:00,24.5,81.0,20.0,990.0,D,2011-06-18T21:00:00+00:00,2011-06-19T00:00:00+00:00,2011-06-19T03:00:00+00:00,2011-06-19T06:00:00+00:00,2011-06-19T09:00:00+00:00
NIO_2011_UNNAMED_2_3_1,,2011,TRAIN,2011-06-19T18:00:00+00:00,23.5,84.5,25.0,987.0,DD,2011-06-20T06:00:00+00:00,23.7,83.5,20.0,990.0,D,2011-06-20T18:00:00+00:00,24.0,83.0,20.0,990.0,D,2011-06-21T18:00:00+00:00,24.5,81.0,20.0,990.0,D,2011-06-19T03:00:00+00:00,2011-06-19T06:00:00+00:00,2011-06-19T09:00:00+00:00,2011-06-19T12:00:00+00:00,2011-06-19T15:00:00+00:00
NIO_2011_UNNAMED_2_3_1,,2011,TRAIN,2011-06-20T00:00:00+00:00,23.5,84.0,25.0,987.0,DD,2011-06-20T12:00:00+00:00,24.0,83.0,20.0,990.0,D,2011-06-21T00:00:00+00:00,24.5,82.5,20.0,990.0,D,2011-06-22T00:00:00+00:00,24.5,80.5,20.0,991.0,D,2011-06-19T09:00:00+00:00,2011-06-19T12:00:00+00:00,2011-06-19T15:00:00+00:00,2011-06-19T18:00:00+00:00,2011-06-19T21:00:00+00:00
NIO_2011_UNNAMED_2_3_1,,2011,TRAIN,2011-06-20T06:00:00+00:00,23.7,83.5,20.0,990.0,D,2011-06-20T18:00:00+00:00,24.0,83.0,20.0,990.0,D,2011-06-21T06:00:00+00:00,24.5,81.5,20.0,990.0,D,2011-06-22T06:00:00+00:00,24.5,80.0,20.0,992.0,D,2011-06-19T15:00:00+00:00,2011-06-19T18:00:00+00:00,2011-06-19T21:00:00+00:00,2011-06-20T00:00:00+00:00,2011-06-20T03:00:00+00:00
NIO_2011_UNNAMED_2_3_1,,2011,TRAIN,2011-06-20T12:00:00+00:00,24.0,83.0,20.0,990.0,D,2011-06-21T00:00:00+00:00,24.5,82.5,20.0,990.0,D,2011-06-21T12:00:00+00:00,24.5,81.0,20.0,990.0,D,2011-06-22T12:00:00+00:00,24.5,79.1,20.0,994.0,D,2011-06-19T21:00:00+00:00,2011-06-20T00:00:00+00:00,2011-06-20T03:00:00+00:00,2011-06-20T06:00:00+00:00,2011-06-20T09:00:00+00:00
NIO_2011_UNNAMED_2_3_1,,2011,TRAIN,2011-06-20T18:00:00+00:00,24.0,83.0,20.0,990.0,D,2011-06-21T06:00:00+00:00,24.5,81.5,20.0,990.0,D,2011-06-21T18:00:00+00:00,24.5,81.0,20.0,990.0,D,2011-06-22T18:00:00+00:00,24.5,78.5,20.0,992.0,D,2011-06-20T03:00:00+00:00,2011-06-20T06:00:00+00:00,2011-06-20T09:00:00+00:00,2011-06-20T12:00:00+00:00,2011-06-20T15:00:00+00:00
NIO_2011_UNNAMED_2_8_1,,2011,TRAIN,2011-11-06T06:00:00+00:00,10.5,65.5,25.0,1004.0,D,2011-11-06T18:00:00+00:00,11.0,64.5,25.0,1004.0,D,2011-11-07T06:00:00+00:00,12.5,62.0,25.0,1002.0,D,2011-11-08T06:00:00+00:00,13.7,59.5,30.0,1000.0,DD,2011-11-05T15:00:00+00:00,2011-11-05T18:00:00+00:00,2011-11-05T21:00:00+00:00,2011-11-06T00:00:00+00:00,2011-11-06T03:00:00+00:00
NIO_2011_UNNAMED_2_8_1,,2011,TRAIN,2011-11-06T12:00:00+00:00,10.5,65.5,25.0,1004.0,D,2011-11-07T00:00:00+00:00,11.5,64.0,25.0,1002.0,D,2011-11-07T12:00:00+00:00,13.5,60.5,25.0,1002.0,D,2011-11-08T12:00:00+00:00,14.0,59.0,30.0,1000.0,DD,2011-11-05T21:00:00+00:00,2011-11-06T00:00:00+00:00,2011-11-06T03:00:00+00:00,2011-11-06T06:00:00+00:00,2011-11-06T09:00:00+00:00
NIO_2011_UNNAMED_2_8_1,,2011,TRAIN,2011-11-06T18:00:00+00:00,11.0,64.5,25.0,1004.0,D,2011-11-07T06:00:00+00:00,12.5,62.0,25.0,1002.0,D,2011-11-07T18:00:00+00:00,13.5,60.5,25.0,1002.0,D,2011-11-08T18:00:00+00:00,14.5,58.5,30.0,1000.0,DD,2011-11-06T03:00:00+00:00,2011-11-06T06:00:00+00:00,2011-11-06T09:00:00+00:00,2011-11-06T12:00:00+00:00,2011-11-06T15:00:00+00:00
NIO_2011_UNNAMED_2_8_1,,2011,TRAIN,2011-11-07T00:00:00+00:00,11.5,64.0,25.0,1002.0,D,2011-11-07T12:00:00+00:00,13.5,60.5,25.0,1002.0,D,2011-11-08T00:00:00+00:00,13.5,60.0,25.0,1002.0,D,2011-11-09T00:00:00+00:00,15.0,58.5,30.0,1000.0,DD,2011-11-06T09:00:00+00:00,2011-11-06T12:00:00+00:00,2011-11-06T15:00:00+00:00,2011-11-06T18:00:00+00:00,2011-11-06T21:00:00+00:00
NIO_2011_UNNAMED_2_8_1,,2011,TRAIN,2011-11-07T06:00:00+00:00,12.5,62.0,25.0,1002.0,D,2011-11-07T18:00:00+00:00,13.5,60.5,25.0,1002.0,D,2011-11-08T06:00:00+00:00,13.7,59.5,30.0,1000.0,DD,2011-11-09T06:00:00+00:00,15.0,58.5,30.0,1000.0,DD,2011-11-06T15:00:00+00:00,2011-11-06T18:00:00+00:00,2011-11-06T21:00:00+00:00,2011-11-07T00:00:00+00:00,2011-11-07T03:00:00+00:00
NIO_2011_UNNAMED_2_8_1,,2011,TRAIN,2011-11-07T12:00:00+00:00,13.5,60.5,25.0,1002.0,D,2011-11-08T00:00:00+00:00,13.5,60.0,25.0,1002.0,D,2011-11-08T12:00:00+00:00,14.0,59.0,30.0,1000.0,DD,2011-11-09T12:00:00+00:00,15.5,58.5,25.0,1002.0,D,2011-11-06T21:00:00+00:00,2011-11-07T00:00:00+00:00,2011-11-07T03:00:00+00:00,2011-11-07T06:00:00+00:00,2011-11-07T09:00:00+00:00
NIO_2011_UNNAMED_2_8_1,,2011,TRAIN,2011-11-07T18:00:00+00:00,13.5,60.5,25.0,1002.0,D,2011-11-08T06:00:00+00:00,13.7,59.5,30.0,1000.0,DD,2011-11-08T18:00:00+00:00,14.5,58.5,30.0,1000.0,DD,2011-11-09T18:00:00+00:00,15.5,58.5,25.0,1002.0,D,2011-11-07T03:00:00+00:00,2011-11-07T06:00:00+00:00,2011-11-07T09:00:00+00:00,2011-11-07T12:00:00+00:00,2011-11-07T15:00:00+00:00
NIO_2011_UNNAMED_2_8_1,,2011,TRAIN,2011-11-08T00:00:00+00:00,13.5,60.0,25.0,1002.0,D,2011-11-08T12:00:00+00:00,14.0,59.0,30.0,1000.0,DD,2011-11-09T00:00:00+00:00,15.0,58.5,30.0,1000.0,DD,2011-11-10T00:00:00+00:00,16.0,58.5,25.0,1002.0,D,2011-11-07T09:00:00+00:00,2011-11-07T12:00:00+00:00,2011-11-07T15:00:00+00:00,2011-11-07T18:00:00+00:00,2011-11-07T21:00:00+00:00
NIO_2011_UNNAMED_2_9_1,,2011,TRAIN,2011-11-26T06:00:00+00:00,8.0,75.5,25.0,1002.0,D,2011-11-26T18:00:00+00:00,8.5,75.0,25.0,1000.0,D,2011-11-27T06:00:00+00:00,11.0,72.5,25.0,1000.0,D,2011-11-28T06:00:00+00:00,14.5,69.0,30.0,998.0,DD,2011-11-25T15:00:00+00:00,2011-11-25T18:00:00+00:00,2011-11-25T21:00:00+00:00,2011-11-26T00:00:00+00:00,2011-11-26T03:00:00+00:00
NIO_2011_UNNAMED_2_9_1,,2011,TRAIN,2011-11-26T12:00:00+00:00,8.5,75.0,25.0,1000.0,D,2011-11-27T00:00:00+00:00,9.5,74.0,25.0,1000.0,D,2011-11-27T12:00:00+00:00,12.0,71.5,25.0,1000.0,D,2011-11-28T12:00:00+00:00,15.0,68.0,30.0,998.0,DD,2011-11-25T21:00:00+00:00,2011-11-26T00:00:00+00:00,2011-11-26T03:00:00+00:00,2011-11-26T06:00:00+00:00,2011-11-26T09:00:00+00:00
NIO_2011_UNNAMED_2_9_1,,2011,TRAIN,2011-11-27T00:00:00+00:00,9.5,74.0,25.0,1000.0,D,2011-11-27T12:00:00+00:00,12.0,71.5,25.0,1000.0,D,2011-11-28T00:00:00+00:00,13.5,70.0,30.0,998.0,DD,2011-11-29T00:00:00+00:00,15.5,67.0,30.0,998.0,DD,2011-11-26T09:00:00+00:00,2011-11-26T12:00:00+00:00,2011-11-26T15:00:00+00:00,2011-11-26T18:00:00+00:00,2011-11-26T21:00:00+00:00
NIO_2011_UNNAMED_2_9_1,,2011,TRAIN,2011-11-27T12:00:00+00:00,12.0,71.5,25.0,1000.0,D,2011-11-28T00:00:00+00:00,13.5,70.0,30.0,998.0,DD,2011-11-28T12:00:00+00:00,15.0,68.0,30.0,998.0,DD,2011-11-29T12:00:00+00:00,16.0,66.5,25.0,1000.0,D,2011-11-26T21:00:00+00:00,2011-11-27T00:00:00+00:00,2011-11-27T03:00:00+00:00,2011-11-27T06:00:00+00:00,2011-11-27T09:00:00+00:00
NIO_2011_UNNAMED_2_9_1,,2011,TRAIN,2011-11-28T00:00:00+00:00,13.5,70.0,30.0,998.0,DD,2011-11-28T12:00:00+00:00,15.0,68.0,30.0,998.0,DD,2011-11-29T00:00:00+00:00,15.5,67.0,30.0,998.0,DD,2011-11-30T00:00:00+00:00,17.0,64.4,25.0,1000.0,D,2011-11-27T09:00:00+00:00,2011-11-27T12:00:00+00:00,2011-11-27T15:00:00+00:00,2011-11-27T18:00:00+00:00,2011-11-27T21:00:00+00:00
NIO_2011_UNNAMED_2_9_1,,2011,TRAIN,2011-11-28T06:00:00+00:00,14.5,69.0,30.0,998.0,DD,2011-11-28T18:00:00+00:00,15.5,67.5,30.0,998.0,DD,2011-11-29T06:00:00+00:00,16.0,66.5,30.0,998.0,DD,2011-11-30T06:00:00+00:00,17.5,63.5,25.0,1000.0,D,2011-11-27T15:00:00+00:00,2011-11-27T18:00:00+00:00,2011-11-27T21:00:00+00:00,2011-11-28T00:00:00+00:00,2011-11-28T03:00:00+00:00
NIO_2011_UNNAMED_2_9_1,,2011,TRAIN,2011-11-28T12:00:00+00:00,15.0,68.0,30.0,998.0,DD,2011-11-29T00:00:00+00:00,15.5,67.0,30.0,998.0,DD,2011-11-29T12:00:00+00:00,16.0,66.5,25.0,1000.0,D,2011-11-30T12:00:00+00:00,18.0,63.5,25.0,1000.0,D,2011-11-27T21:00:00+00:00,2011-11-28T00:00:00+00:00,2011-11-28T03:00:00+00:00,2011-11-28T06:00:00+00:00,2011-11-28T09:00:00+00:00
NIO_2011_UNNAMED_2_9_1,,2011,TRAIN,2011-11-28T18:00:00+00:00,15.5,67.5,30.0,998.0,DD,2011-11-29T06:00:00+00:00,16.0,66.5,30.0,998.0,DD,2011-11-29T18:00:00+00:00,16.4,65.5,25.0,1000.0,D,2011-11-30T18:00:00+00:00,19.0,62.5,25.0,1000.0,D,2011-11-28T03:00:00+00:00,2011-11-28T06:00:00+00:00,2011-11-28T09:00:00+00:00,2011-11-28T12:00:00+00:00,2011-11-28T15:00:00+00:00
NIO_2011_UNNAMED_2_9_1,,2011,TRAIN,2011-11-29T00:00:00+00:00,15.5,67.0,30.0,998.0,DD,2011-11-29T12:00:00+00:00,16.0,66.5,25.0,1000.0,D,2011-11-30T00:00:00+00:00,17.0,64.4,25.0,1000.0,D,2011-12-01T00:00:00+00:00,19.5,62.5,25.0,1002.0,D,2011-11-28T09:00:00+00:00,2011-11-28T12:00:00+00:00,2011-11-28T15:00:00+00:00,2011-11-28T18:00:00+00:00,2011-11-28T21:00:00+00:00
NIO_2011_UNNAMED_2_9_1,,2011,TRAIN,2011-11-29T06:00:00+00:00,16.0,66.5,30.0,998.0,DD,2011-11-29T18:00:00+00:00,16.4,65.5,25.0,1000.0,D,2011-11-30T06:00:00+00:00,17.5,63.5,25.0,1000.0,D,2011-12-01T06:00:00+00:00,19.5,62.5,,,,2011-11-28T15:00:00+00:00,2011-11-28T18:00:00+00:00,2011-11-28T21:00:00+00:00,2011-11-29T00:00:00+00:00,2011-11-29T03:00:00+00:00
NIO_2012_ECEMBER,ECEMBER,2012,TRAIN,2012-12-22T12:00:00+00:00,9.0,62.5,25.0,1003.0,D,2012-12-23T00:00:00+00:00,9.0,60.5,30.0,1002.0,DD,2012-12-23T12:00:00+00:00,8.5,57.0,30.0,1002.0,DD,2012-12-24T12:00:00+00:00,7.0,52.0,25.0,1004.0,D,2012-12-21T21:00:00+00:00,2012-12-22T00:00:00+00:00,2012-12-22T03:00:00+00:00,2012-12-22T06:00:00+00:00,2012-12-22T09:00:00+00:00
NIO_2012_NILAM,NILAM,2012,TRAIN,2012-10-28T06:00:00+00:00,9.5,86.0,25.0,1004.0,D,2012-10-28T18:00:00+00:00,9.5,84.5,25.0,1002.0,D,2012-10-29T06:00:00+00:00,9.0,83.0,30.0,1000.0,DD,2012-10-30T06:00:00+00:00,9.0,82.0,35.0,996.0,CS,2012-10-27T15:00:00+00:00,2012-10-27T18:00:00+00:00,2012-10-27T21:00:00+00:00,2012-10-28T00:00:00+00:00,2012-10-28T03:00:00+00:00
NIO_2012_NILAM,NILAM,2012,TRAIN,2012-10-28T12:00:00+00:00,9.5,85.0,25.0,1003.0,D,2012-10-29T00:00:00+00:00,9.5,84.0,30.0,1000.0,DD,2012-10-29T12:00:00+00:00,9.0,82.5,30.0,1000.0,DD,2012-10-30T12:00:00+00:00,9.5,82.0,40.0,994.0,CS,2012-10-27T21:00:00+00:00,2012-10-28T00:00:00+00:00,2012-10-28T03:00:00+00:00,2012-10-28T06:00:00+00:00,2012-10-28T09:00:00+00:00
NIO_2012_NILAM,NILAM,2012,TRAIN,2012-10-28T18:00:00+00:00,9.5,84.5,25.0,1002.0,D,2012-10-29T06:00:00+00:00,9.0,83.0,30.0,1000.0,DD,2012-10-29T18:00:00+00:00,9.0,82.0,30.0,1000.0,DD,2012-10-30T18:00:00+00:00,10.0,82.0,40.0,992.0,CS,2012-10-28T03:00:00+00:00,2012-10-28T06:00:00+00:00,2012-10-28T09:00:00+00:00,2012-10-28T12:00:00+00:00,2012-10-28T15:00:00+00:00
NIO_2012_NILAM,NILAM,2012,TRAIN,2012-10-29T06:00:00+00:00,9.0,83.0,30.0,1000.0,DD,2012-10-29T18:00:00+00:00,9.0,82.0,30.0,1000.0,DD,2012-10-30T06:00:00+00:00,9.0,82.0,35.0,996.0,CS,2012-10-31T06:00:00+00:00,11.5,81.0,45.0,987.0,CS,2012-10-28T15:00:00+00:00,2012-10-28T18:00:00+00:00,2012-10-28T21:00:00+00:00,2012-10-29T00:00:00+00:00,2012-10-29T03:00:00+00:00
NIO_2012_UNNAMED_2_4_1,,2012,TRAIN,2012-11-17T06:00:00+00:00,11.5,90.0,25.0,1004.0,D,2012-11-17T18:00:00+00:00,16.0,89.0,30.0,1002.0,DD,2012-11-18T06:00:00+00:00,16.0,88.0,30.0,1002.0,DD,2012-11-19T06:00:00+00:00,15.0,86.5,25.0,1004.0,D,2012-11-16T15:00:00+00:00,2012-11-16T18:00:00+00:00,2012-11-16T21:00:00+00:00,2012-11-17T00:00:00+00:00,2012-11-17T03:00:00+00:00
NIO_2012_UNNAMED_2_4_1,,2012,TRAIN,2012-11-17T12:00:00+00:00,16.0,89.0,30.0,1002.0,DD,2012-11-18T00:00:00+00:00,16.0,88.5,30.0,1002.0,DD,2012-11-18T12:00:00+00:00,16.0,87.5,30.0,1002.0,DD,2012-11-19T12:00:00+00:00,15.0,86.0,20.0,1005.0,D,2012-11-16T21:00:00+00:00,2012-11-17T00:00:00+00:00,2012-11-17T03:00:00+00:00,2012-11-17T06:00:00+00:00,2012-11-17T09:00:00+00:00
NIO_2013_LEHAR,LEHAR,2013,TRAIN,2013-11-23T12:00:00+00:00,8.5,96.5,25.0,1004.0,D,2013-11-24T00:00:00+00:00,10.0,95.0,35.0,999.0,CS,2013-11-24T12:00:00+00:00,11.0,93.5,45.0,996.0,CS,2013-11-25T12:00:00+00:00,12.5,91.5,60.0,988.0,SCS,2013-11-22T21:00:00+00:00,2013-11-23T00:00:00+00:00,2013-11-23T03:00:00+00:00,2013-11-23T06:00:00+00:00,2013-11-23T09:00:00+00:00
NIO_2013_LEHAR,LEHAR,2013,TRAIN,2013-11-23T18:00:00+00:00,9.0,96.0,30.0,1002.0,DD,2013-11-24T06:00:00+00:00,10.5,94.5,40.0,998.0,CS,2013-11-24T18:00:00+00:00,11.5,93.0,45.0,996.0,CS,2013-11-25T18:00:00+00:00,12.5,91.0,55.0,988.0,SCS,2013-11-23T03:00:00+00:00,2013-11-23T06:00:00+00:00,2013-11-23T09:00:00+00:00,2013-11-23T12:00:00+00:00,2013-11-23T15:00:00+00:00
NIO_2013_LEHAR,LEHAR,2013,TRAIN,2013-11-24T00:00:00+00:00,10.0,95.0,35.0,999.0,CS,2013-11-24T12:00:00+00:00,11.0,93.5,45.0,996.0,CS,2013-11-25T00:00:00+00:00,12.0,92.5,55.0,992.0,SCS,2013-11-26T00:00:00+00:00,12.5,90.5,70.0,982.0,VSCS,2013-11-23T09:00:00+00:00,2013-11-23T12:00:00+00:00,2013-11-23T15:00:00+00:00,2013-11-23T18:00:00+00:00,2013-11-23T21:00:00+00:00
NIO_2013_LEHAR,LEHAR,2013,TRAIN,2013-11-24T03:00:00+00:00,10.0,95.0,40.0,998.0,CS,2013-11-24T15:00:00+00:00,11.0,93.5,45.0,996.0,CS,2013-11-25T03:00:00+00:00,12.0,92.0,55.0,988.0,SCS,2013-11-26T03:00:00+00:00,12.5,90.0,70.0,982.0,VSCS,2013-11-23T12:00:00+00:00,2013-11-23T15:00:00+00:00,2013-11-23T18:00:00+00:00,2013-11-23T21:00:00+00:00,2013-11-24T00:00:00+00:00
NIO_2013_LEHAR,LEHAR,2013,TRAIN,2013-11-24T06:00:00+00:00,10.5,94.5,40.0,998.0,CS,2013-11-24T18:00:00+00:00,11.5,93.0,45.0,996.0,CS,2013-11-25T06:00:00+00:00,12.0,91.5,55.0,988.0,SCS,2013-11-26T06:00:00+00:00,12.5,89.5,70.0,982.0,VSCS,2013-11-23T15:00:00+00:00,2013-11-23T18:00:00+00:00,2013-11-23T21:00:00+00:00,2013-11-24T00:00:00+00:00,2013-11-24T03:00:00+00:00
NIO_2013_LEHAR,LEHAR,2013,TRAIN,2013-11-24T09:00:00+00:00,10.7,94.0,45.0,996.0,CS,2013-11-24T21:00:00+00:00,11.5,92.5,45.0,996.0,CS,2013-11-25T09:00:00+00:00,12.0,91.5,60.0,988.0,SCS,2013-11-26T09:00:00+00:00,13.0,89.0,70.0,982.0,VSCS,2013-11-23T18:00:00+00:00,2013-11-23T21:00:00+00:00,2013-11-24T00:00:00+00:00,2013-11-24T03:00:00+00:00,2013-11-24T06:00:00+00:00
NIO_2013_LEHAR,LEHAR,2013,TRAIN,2013-11-24T12:00:00+00:00,11.0,93.5,45.0,996.0,CS,2013-11-25T00:00:00+00:00,12.0,92.5,55.0,992.0,SCS,2013-11-25T12:00:00+00:00,12.5,91.5,60.0,988.0,SCS,2013-11-26T12:00:00+00:00,13.0,88.5,70.0,982.0,VSCS,2013-11-23T21:00:00+00:00,2013-11-24T00:00:00+00:00,2013-11-24T03:00:00+00:00,2013-11-24T06:00:00+00:00,2013-11-24T09:00:00+00:00
NIO_2013_LEHAR,LEHAR,2013,TRAIN,2013-11-24T15:00:00+00:00,11.0,93.5,45.0,996.0,CS,2013-11-25T03:00:00+00:00,12.0,92.0,55.0,988.0,SCS,2013-11-25T15:00:00+00:00,12.5,91.0,60.0,988.0,SCS,2013-11-26T15:00:00+00:00,13.0,88.5,70.0,982.0,VSCS,2013-11-24T00:00:00+00:00,2013-11-24T03:00:00+00:00,2013-11-24T06:00:00+00:00,2013-11-24T09:00:00+00:00,2013-11-24T12:00:00+00:00
NIO_2013_LEHAR,LEHAR,2013,TRAIN,2013-11-24T18:00:00+00:00,11.5,93.0,45.0,996.0,CS,2013-11-25T06:00:00+00:00,12.0,91.5,55.0,988.0,SCS,2013-11-25T18:00:00+00:00,12.5,91.0,55.0,988.0,SCS,2013-11-26T18:00:00+00:00,13.1,88.0,75.0,980.0,VSCS,2013-11-24T03:00:00+00:00,2013-11-24T06:00:00+00:00,2013-11-24T09:00:00+00:00,2013-11-24T12:00:00+00:00,2013-11-24T15:00:00+00:00
NIO_2013_LEHAR,LEHAR,2013,TRAIN,2013-11-24T21:00:00+00:00,11.5,92.5,45.0,996.0,CS,2013-11-25T09:00:00+00:00,12.0,91.5,60.0,988.0,SCS,2013-11-25T21:00:00+00:00,12.5,91.0,65.0,984.0,VSCS,2013-11-26T21:00:00+00:00,13.2,87.5,75.0,980.0,VSCS,2013-11-24T06:00:00+00:00,2013-11-24T09:00:00+00:00,2013-11-24T12:00:00+00:00,2013-11-24T15:00:00+00:00,2013-11-24T18:00:00+00:00
NIO_2013_LEHAR,LEHAR,2013,TRAIN,2013-11-25T00:00:00+00:00,12.0,92.5,55.0,992.0,SCS,2013-11-25T12:00:00+00:00,12.5,91.5,60.0,988.0,SCS,2013-11-26T00:00:00+00:00,12.5,90.5,70.0,982.0,VSCS,2013-11-27T00:00:00+00:00,13.5,87.0,75.0,980.0,VSCS,2013-11-24T09:00:00+00:00,2013-11-24T12:00:00+00:00,2013-11-24T15:00:00+00:00,2013-11-24T18:00:00+00:00,2013-11-24T21:00:00+00:00
NIO_2013_LEHAR,LEHAR,2013,TRAIN,2013-11-25T03:00:00+00:00,12.0,92.0,55.0,988.0,SCS,2013-11-25T15:00:00+00:00,12.5,91.0,60.0,988.0,SCS,2013-11-26T03:00:00+00:00,12.5,90.0,70.0,982.0,VSCS,2013-11-27T03:00:00+00:00,13.5,86.5,75.0,980.0,VSCS,2013-11-24T12:00:00+00:00,2013-11-24T15:00:00+00:00,2013-11-24T18:00:00+00:00,2013-11-24T21:00:00+00:00,2013-11-25T00:00:00+00:00
NIO_2013_LEHAR,LEHAR,2013,TRAIN,2013-11-25T06:00:00+00:00,12.0,91.5,55.0,988.0,SCS,2013-11-25T18:00:00+00:00,12.5,91.0,55.0,988.0,SCS,2013-11-26T06:00:00+00:00,12.5,89.5,70.0,982.0,VSCS,2013-11-27T06:00:00+00:00,14.0,86.0,70.0,982.0,VSCS,2013-11-24T15:00:00+00:00,2013-11-24T18:00:00+00:00,2013-11-24T21:00:00+00:00,2013-11-25T00:00:00+00:00,2013-11-25T03:00:00+00:00
NIO_2013_LEHAR,LEHAR,2013,TRAIN,2013-11-25T09:00:00+00:00,12.0,91.5,60.0,988.0,SCS,2013-11-25T21:00:00+00:00,12.5,91.0,65.0,984.0,VSCS,2013-11-26T09:00:00+00:00,13.0,89.0,70.0,982.0,VSCS,2013-11-27T09:00:00+00:00,14.0,85.5,65.0,984.0,VSCS,2013-11-24T18:00:00+00:00,2013-11-24T21:00:00+00:00,2013-11-25T00:00:00+00:00,2013-11-25T03:00:00+00:00,2013-11-25T06:00:00+00:00
NIO_2013_LEHAR,LEHAR,2013,TRAIN,2013-11-25T12:00:00+00:00,12.5,91.5,60.0,988.0,SCS,2013-11-26T00:00:00+00:00,12.5,90.5,70.0,982.0,VSCS,2013-11-26T12:00:00+00:00,13.0,88.5,70.0,982.0,VSCS,2013-11-27T12:00:00+00:00,14.5,85.0,55.0,988.0,SCS,2013-11-24T21:00:00+00:00,2013-11-25T00:00:00+00:00,2013-11-25T03:00:00+00:00,2013-11-25T06:00:00+00:00,2013-11-25T09:00:00+00:00
NIO_2013_LEHAR,LEHAR,2013,TRAIN,2013-11-25T15:00:00+00:00,12.5,91.0,60.0,988.0,SCS,2013-11-26T03:00:00+00:00,12.5,90.0,70.0,982.0,VSCS,2013-11-26T15:00:00+00:00,13.0,88.5,70.0,982.0,VSCS,2013-11-27T15:00:00+00:00,14.5,84.5,55.0,988.0,SCS,2013-11-25T00:00:00+00:00,2013-11-25T03:00:00+00:00,2013-11-25T06:00:00+00:00,2013-11-25T09:00:00+00:00,2013-11-25T12:00:00+00:00
NIO_2013_LEHAR,LEHAR,2013,TRAIN,2013-11-25T18:00:00+00:00,12.5,91.0,55.0,988.0,SCS,2013-11-26T06:00:00+00:00,12.5,89.5,70.0,982.0,VSCS,2013-11-26T18:00:00+00:00,13.1,88.0,75.0,980.0,VSCS,2013-11-27T18:00:00+00:00,15.0,84.0,45.0,996.0,CS,2013-11-25T03:00:00+00:00,2013-11-25T06:00:00+00:00,2013-11-25T09:00:00+00:00,2013-11-25T12:00:00+00:00,2013-11-25T15:00:00+00:00
NIO_2013_LEHAR,LEHAR,2013,TRAIN,2013-11-25T21:00:00+00:00,12.5,91.0,65.0,984.0,VSCS,2013-11-26T09:00:00+00:00,13.0,89.0,70.0,982.0,VSCS,2013-11-26T21:00:00+00:00,13.2,87.5,75.0,980.0,VSCS,2013-11-27T21:00:00+00:00,15.0,83.5,40.0,998.0,CS,2013-11-25T06:00:00+00:00,2013-11-25T09:00:00+00:00,2013-11-25T12:00:00+00:00,2013-11-25T15:00:00+00:00,2013-11-25T18:00:00+00:00
NIO_2013_LEHAR,LEHAR,2013,TRAIN,2013-11-26T00:00:00+00:00,12.5,90.5,70.0,982.0,VSCS,2013-11-26T12:00:00+00:00,13.0,88.5,70.0,982.0,VSCS,2013-11-27T00:00:00+00:00,13.5,87.0,75.0,980.0,VSCS,2013-11-28T00:00:00+00:00,15.5,82.0,30.0,1000.0,DD,2013-11-25T09:00:00+00:00,2013-11-25T12:00:00+00:00,2013-11-25T15:00:00+00:00,2013-11-25T18:00:00+00:00,2013-11-25T21:00:00+00:00
NIO_2013_LEHAR,LEHAR,2013,TRAIN,2013-11-26T03:00:00+00:00,12.5,90.0,70.0,982.0,VSCS,2013-11-26T15:00:00+00:00,13.0,88.5,70.0,982.0,VSCS,2013-11-27T03:00:00+00:00,13.5,86.5,75.0,980.0,VSCS,2013-11-28T03:00:00+00:00,15.7,81.7,30.0,1000.0,DD,2013-11-25T12:00:00+00:00,2013-11-25T15:00:00+00:00,2013-11-25T18:00:00+00:00,2013-11-25T21:00:00+00:00,2013-11-26T00:00:00+00:00
NIO_2013_MADI,MADI,2013,TRAIN,2013-12-06T06:00:00+00:00,10.0,84.0,25.0,1004.0,D,2013-12-06T18:00:00+00:00,10.4,84.0,30.0,1002.0,DD,2013-12-07T06:00:00+00:00,10.7,84.2,45.0,996.0,CS,2013-12-08T06:00:00+00:00,12.3,84.7,65.0,986.0,VSCS,2013-12-05T15:00:00+00:00,2013-12-05T18:00:00+00:00,2013-12-05T21:00:00+00:00,2013-12-06T00:00:00+00:00,2013-12-06T03:00:00+00:00
NIO_2013_MADI,MADI,2013,TRAIN,2013-12-06T12:00:00+00:00,10.2,84.0,25.0,1004.0,D,2013-12-07T00:00:00+00:00,10.5,84.1,35.0,998.0,CS,2013-12-07T12:00:00+00:00,11.0,84.4,55.0,992.0,SCS,2013-12-08T12:00:00+00:00,13.0,84.7,65.0,986.0,VSCS,2013-12-05T21:00:00+00:00,2013-12-06T00:00:00+00:00,2013-12-06T03:00:00+00:00,2013-12-06T06:00:00+00:00,2013-12-06T09:00:00+00:00
NIO_2013_MADI,MADI,2013,TRAIN,2013-12-06T18:00:00+00:00,10.4,84.0,30.0,1002.0,DD,2013-12-07T06:00:00+00:00,10.7,84.2,45.0,996.0,CS,2013-12-07T18:00:00+00:00,11.2,84.5,55.0,990.0,SCS,2013-12-08T18:00:00+00:00,13.4,84.7,65.0,986.0,VSCS,2013-12-06T03:00:00+00:00,2013-12-06T06:00:00+00:00,2013-12-06T09:00:00+00:00,2013-12-06T12:00:00+00:00,2013-12-06T15:00:00+00:00
NIO_2013_MADI,MADI,2013,TRAIN,2013-12-07T00:00:00+00:00,10.5,84.1,35.0,998.0,CS,2013-12-07T12:00:00+00:00,11.0,84.4,55.0,992.0,SCS,2013-12-08T00:00:00+00:00,11.8,84.6,60.0,988.0,SCS,2013-12-09T00:00:00+00:00,13.8,84.7,65.0,986.0,VSCS,2013-12-06T09:00:00+00:00,2013-12-06T12:00:00+00:00,2013-12-06T15:00:00+00:00,2013-12-06T18:00:00+00:00,2013-12-06T21:00:00+00:00
NIO_2013_MADI,MADI,2013,TRAIN,2013-12-07T03:00:00+00:00,10.5,84.1,35.0,998.0,CS,2013-12-07T15:00:00+00:00,11.0,84.5,55.0,992.0,SCS,2013-12-08T03:00:00+00:00,12.0,84.6,60.0,988.0,SCS,2013-12-09T03:00:00+00:00,14.0,84.7,65.0,986.0,VSCS,2013-12-06T12:00:00+00:00,2013-12-06T15:00:00+00:00,2013-12-06T18:00:00+00:00,2013-12-06T21:00:00+00:00,2013-12-07T00:00:00+00:00
NIO_2013_MADI,MADI,2013,TRAIN,2013-12-07T06:00:00+00:00,10.7,84.2,45.0,996.0,CS,2013-12-07T18:00:00+00:00,11.2,84.5,55.0,990.0,SCS,2013-12-08T06:00:00+00:00,12.3,84.7,65.0,986.0,VSCS,2013-12-09T06:00:00+00:00,14.3,84.7,65.0,986.0,VSCS,2013-12-06T15:00:00+00:00,2013-12-06T18:00:00+00:00,2013-12-06T21:00:00+00:00,2013-12-07T00:00:00+00:00,2013-12-07T03:00:00+00:00
NIO_2013_MADI,MADI,2013,TRAIN,2013-12-07T09:00:00+00:00,10.8,84.3,55.0,992.0,SCS,2013-12-07T21:00:00+00:00,11.5,84.6,55.0,990.0,SCS,2013-12-08T09:00:00+00:00,12.6,84.7,65.0,986.0,VSCS,2013-12-09T09:00:00+00:00,14.4,84.7,65.0,986.0,VSCS,2013-12-06T18:00:00+00:00,2013-12-06T21:00:00+00:00,2013-12-07T00:00:00+00:00,2013-12-07T03:00:00+00:00,2013-12-07T06:00:00+00:00
NIO_2013_MADI,MADI,2013,TRAIN,2013-12-07T12:00:00+00:00,11.0,84.4,55.0,992.0,SCS,2013-12-08T00:00:00+00:00,11.8,84.6,60.0,988.0,SCS,2013-12-08T12:00:00+00:00,13.0,84.7,65.0,986.0,VSCS,2013-12-09T12:00:00+00:00,14.6,84.7,60.0,988.0,SCS,2013-12-06T21:00:00+00:00,2013-12-07T00:00:00+00:00,2013-12-07T03:00:00+00:00,2013-12-07T06:00:00+00:00,2013-12-07T09:00:00+00:00
NIO_2013_MADI,MADI,2013,TRAIN,2013-12-07T15:00:00+00:00,11.0,84.5,55.0,992.0,SCS,2013-12-08T03:00:00+00:00,12.0,84.6,60.0,988.0,SCS,2013-12-08T15:00:00+00:00,13.2,84.7,65.0,986.0,VSCS,2013-12-09T15:00:00+00:00,14.7,84.7,60.0,988.0,SCS,2013-12-07T00:00:00+00:00,2013-12-07T03:00:00+00:00,2013-12-07T06:00:00+00:00,2013-12-07T09:00:00+00:00,2013-12-07T12:00:00+00:00
NIO_2013_MADI,MADI,2013,TRAIN,2013-12-07T18:00:00+00:00,11.2,84.5,55.0,990.0,SCS,2013-12-08T06:00:00+00:00,12.3,84.7,65.0,986.0,VSCS,2013-12-08T18:00:00+00:00,13.4,84.7,65.0,986.0,VSCS,2013-12-09T18:00:00+00:00,14.8,84.8,60.0,988.0,SCS,2013-12-07T03:00:00+00:00,2013-12-07T06:00:00+00:00,2013-12-07T09:00:00+00:00,2013-12-07T12:00:00+00:00,2013-12-07T15:00:00+00:00
NIO_2013_MADI,MADI,2013,TRAIN,2013-12-07T21:00:00+00:00,11.5,84.6,55.0,990.0,SCS,2013-12-08T09:00:00+00:00,12.6,84.7,65.0,986.0,VSCS,2013-12-08T21:00:00+00:00,13.6,84.7,65.0,986.0,VSCS,2013-12-09T21:00:00+00:00,14.8,84.8,60.0,988.0,SCS,2013-12-07T06:00:00+00:00,2013-12-07T09:00:00+00:00,2013-12-07T12:00:00+00:00,2013-12-07T15:00:00+00:00,2013-12-07T18:00:00+00:00
NIO_2013_MADI,MADI,2013,TRAIN,2013-12-08T00:00:00+00:00,11.8,84.6,60.0,988.0,SCS,2013-12-08T12:00:00+00:00,13.0,84.7,65.0,986.0,VSCS,2013-12-09T00:00:00+00:00,13.8,84.7,65.0,986.0,VSCS,2013-12-10T00:00:00+00:00,15.0,85.0,60.0,988.0,SCS,2013-12-07T09:00:00+00:00,2013-12-07T12:00:00+00:00,2013-12-07T15:00:00+00:00,2013-12-07T18:00:00+00:00,2013-12-07T21:00:00+00:00
NIO_2013_MADI,MADI,2013,TRAIN,2013-12-08T03:00:00+00:00,12.0,84.6,60.0,988.0,SCS,2013-12-08T15:00:00+00:00,13.2,84.7,65.0,986.0,VSCS,2013-12-09T03:00:00+00:00,14.0,84.7,65.0,986.0,VSCS,2013-12-10T03:00:00+00:00,15.3,85.3,65.0,986.0,VSCS,2013-12-07T12:00:00+00:00,2013-12-07T15:00:00+00:00,2013-12-07T18:00:00+00:00,2013-12-07T21:00:00+00:00,2013-12-08T00:00:00+00:00
NIO_2013_MADI,MADI,2013,TRAIN,2013-12-08T06:00:00+00:00,12.3,84.7,65.0,986.0,VSCS,2013-12-08T18:00:00+00:00,13.4,84.7,65.0,986.0,VSCS,2013-12-09T06:00:00+00:00,14.3,84.7,65.0,986.0,VSCS,2013-12-10T06:00:00+00:00,15.4,85.3,65.0,986.0,VSCS,2013-12-07T15:00:00+00:00,2013-12-07T18:00:00+00:00,2013-12-07T21:00:00+00:00,2013-12-08T00:00:00+00:00,2013-12-08T03:00:00+00:00
NIO_2013_MADI,MADI,2013,TRAIN,2013-12-08T09:00:00+00:00,12.6,84.7,65.0,986.0,VSCS,2013-12-08T21:00:00+00:00,13.6,84.7,65.0,986.0,VSCS,2013-12-09T09:00:00+00:00,14.4,84.7,65.0,986.0,VSCS,2013-12-10T09:00:00+00:00,15.7,85.3,65.0,986.0,VSCS,2013-12-07T18:00:00+00:00,2013-12-07T21:00:00+00:00,2013-12-08T00:00:00+00:00,2013-12-08T03:00:00+00:00,2013-12-08T06:00:00+00:00
NIO_2013_MADI,MADI,2013,TRAIN,2013-12-08T12:00:00+00:00,13.0,84.7,65.0,986.0,VSCS,2013-12-09T00:00:00+00:00,13.8,84.7,65.0,986.0,VSCS,2013-12-09T12:00:00+00:00,14.6,84.7,60.0,988.0,SCS,2013-12-10T12:00:00+00:00,15.4,85.0,55.0,990.0,SCS,2013-12-07T21:00:00+00:00,2013-12-08T00:00:00+00:00,2013-12-08T03:00:00+00:00,2013-12-08T06:00:00+00:00,2013-12-08T09:00:00+00:00
NIO_2013_PHAILIN,PHAILIN,2013,TRAIN,2013-10-08T06:00:00+00:00,12.0,95.5,25.0,1004.0,D,2013-10-08T18:00:00+00:00,12.5,94.0,25.0,1003.0,D,2013-10-09T06:00:00+00:00,13.0,93.0,30.0,1000.0,DD,2013-10-10T06:00:00+00:00,15.0,90.5,65.0,984.0,VSCS,2013-10-07T15:00:00+00:00,2013-10-07T18:00:00+00:00,2013-10-07T21:00:00+00:00,2013-10-08T00:00:00+00:00,2013-10-08T03:00:00+00:00
NIO_2013_PHAILIN,PHAILIN,2013,TRAIN,2013-10-08T12:00:00+00:00,12.0,94.5,25.0,1003.0,D,2013-10-09T00:00:00+00:00,13.0,93.5,30.0,1002.0,DD,2013-10-09T12:00:00+00:00,13.5,92.5,35.0,999.0,CS,2013-10-10T12:00:00+00:00,15.5,90.0,75.0,976.0,VSCS,2013-10-07T21:00:00+00:00,2013-10-08T00:00:00+00:00,2013-10-08T03:00:00+00:00,2013-10-08T06:00:00+00:00,2013-10-08T09:00:00+00:00
NIO_2013_PHAILIN,PHAILIN,2013,TRAIN,2013-10-08T18:00:00+00:00,12.5,94.0,25.0,1003.0,D,2013-10-09T06:00:00+00:00,13.0,93.0,30.0,1000.0,DD,2013-10-09T18:00:00+00:00,14.0,92.0,40.0,998.0,CS,2013-10-10T18:00:00+00:00,15.5,89.5,95.0,960.0,VSCS,2013-10-08T03:00:00+00:00,2013-10-08T06:00:00+00:00,2013-10-08T09:00:00+00:00,2013-10-08T12:00:00+00:00,2013-10-08T15:00:00+00:00
NIO_2013_PHAILIN,PHAILIN,2013,TRAIN,2013-10-09T00:00:00+00:00,13.0,93.5,30.0,1002.0,DD,2013-10-09T12:00:00+00:00,13.5,92.5,35.0,999.0,CS,2013-10-10T00:00:00+00:00,14.5,91.5,45.0,996.0,CS,2013-10-11T00:00:00+00:00,16.0,88.5,110.0,946.0,VSCS,2013-10-08T09:00:00+00:00,2013-10-08T12:00:00+00:00,2013-10-08T15:00:00+00:00,2013-10-08T18:00:00+00:00,2013-10-08T21:00:00+00:00
NIO_2013_PHAILIN,PHAILIN,2013,TRAIN,2013-10-09T03:00:00+00:00,13.0,93.5,30.0,1001.0,DD,2013-10-09T15:00:00+00:00,13.6,92.5,35.0,999.0,CS,2013-10-10T03:00:00+00:00,14.5,91.0,55.0,990.0,SCS,2013-10-11T03:00:00+00:00,16.0,88.5,115.0,940.0,VSCS,2013-10-08T12:00:00+00:00,2013-10-08T15:00:00+00:00,2013-10-08T18:00:00+00:00,2013-10-08T21:00:00+00:00,2013-10-09T00:00:00+00:00
NIO_2013_PHAILIN,PHAILIN,2013,TRAIN,2013-10-09T06:00:00+00:00,13.0,93.0,30.0,1000.0,DD,2013-10-09T18:00:00+00:00,14.0,92.0,40.0,998.0,CS,2013-10-10T06:00:00+00:00,15.0,90.5,65.0,984.0,VSCS,2013-10-11T06:00:00+00:00,16.2,88.3,115.0,940.0,VSCS,2013-10-08T15:00:00+00:00,2013-10-08T18:00:00+00:00,2013-10-08T21:00:00+00:00,2013-10-09T00:00:00+00:00,2013-10-09T03:00:00+00:00
NIO_2013_PHAILIN,PHAILIN,2013,TRAIN,2013-10-09T09:00:00+00:00,13.5,92.5,30.0,1000.0,DD,2013-10-09T21:00:00+00:00,14.0,92.0,40.0,998.0,CS,2013-10-10T09:00:00+00:00,15.0,90.5,70.0,982.0,VSCS,2013-10-11T09:00:00+00:00,16.5,88.0,115.0,940.0,VSCS,2013-10-08T18:00:00+00:00,2013-10-08T21:00:00+00:00,2013-10-09T00:00:00+00:00,2013-10-09T03:00:00+00:00,2013-10-09T06:00:00+00:00
NIO_2013_PHAILIN,PHAILIN,2013,TRAIN,2013-10-09T12:00:00+00:00,13.5,92.5,35.0,999.0,CS,2013-10-10T00:00:00+00:00,14.5,91.5,45.0,996.0,CS,2013-10-10T12:00:00+00:00,15.5,90.0,75.0,976.0,VSCS,2013-10-11T12:00:00+00:00,16.8,87.7,115.0,940.0,VSCS,2013-10-08T21:00:00+00:00,2013-10-09T00:00:00+00:00,2013-10-09T03:00:00+00:00,2013-10-09T06:00:00+00:00,2013-10-09T09:00:00+00:00
NIO_2013_PHAILIN,PHAILIN,2013,TRAIN,2013-10-09T15:00:00+00:00,13.6,92.5,35.0,999.0,CS,2013-10-10T03:00:00+00:00,14.5,91.0,55.0,990.0,SCS,2013-10-10T15:00:00+00:00,15.5,90.0,90.0,966.0,VSCS,2013-10-11T15:00:00+00:00,16.9,87.2,115.0,940.0,VSCS,2013-10-09T00:00:00+00:00,2013-10-09T03:00:00+00:00,2013-10-09T06:00:00+00:00,2013-10-09T09:00:00+00:00,2013-10-09T12:00:00+00:00
NIO_2013_PHAILIN,PHAILIN,2013,TRAIN,2013-10-09T18:00:00+00:00,14.0,92.0,40.0,998.0,CS,2013-10-10T06:00:00+00:00,15.0,90.5,65.0,984.0,VSCS,2013-10-10T18:00:00+00:00,15.5,89.5,95.0,960.0,VSCS,2013-10-11T18:00:00+00:00,17.0,87.0,115.0,940.0,VSCS,2013-10-09T03:00:00+00:00,2013-10-09T06:00:00+00:00,2013-10-09T09:00:00+00:00,2013-10-09T12:00:00+00:00,2013-10-09T15:00:00+00:00
NIO_2013_PHAILIN,PHAILIN,2013,TRAIN,2013-10-09T21:00:00+00:00,14.0,92.0,40.0,998.0,CS,2013-10-10T09:00:00+00:00,15.0,90.5,70.0,982.0,VSCS,2013-10-10T21:00:00+00:00,15.5,89.0,100.0,954.0,VSCS,2013-10-11T21:00:00+00:00,17.1,86.8,115.0,940.0,VSCS,2013-10-09T06:00:00+00:00,2013-10-09T09:00:00+00:00,2013-10-09T12:00:00+00:00,2013-10-09T15:00:00+00:00,2013-10-09T18:00:00+00:00
NIO_2013_PHAILIN,PHAILIN,2013,TRAIN,2013-10-10T00:00:00+00:00,14.5,91.5,45.0,996.0,CS,2013-10-10T12:00:00+00:00,15.5,90.0,75.0,976.0,VSCS,2013-10-11T00:00:00+00:00,16.0,88.5,110.0,946.0,VSCS,2013-10-12T00:00:00+00:00,17.5,86.5,115.0,940.0,VSCS,2013-10-09T09:00:00+00:00,2013-10-09T12:00:00+00:00,2013-10-09T15:00:00+00:00,2013-10-09T18:00:00+00:00,2013-10-09T21:00:00+00:00
NIO_2013_PHAILIN,PHAILIN,2013,TRAIN,2013-10-10T03:00:00+00:00,14.5,91.0,55.0,990.0,SCS,2013-10-10T15:00:00+00:00,15.5,90.0,90.0,966.0,VSCS,2013-10-11T03:00:00+00:00,16.0,88.5,115.0,940.0,VSCS,2013-10-12T03:00:00+00:00,17.8,86.0,115.0,940.0,VSCS,2013-10-09T12:00:00+00:00,2013-10-09T15:00:00+00:00,2013-10-09T18:00:00+00:00,2013-10-09T21:00:00+00:00,2013-10-10T00:00:00+00:00
NIO_2013_PHAILIN,PHAILIN,2013,TRAIN,2013-10-10T06:00:00+00:00,15.0,90.5,65.0,984.0,VSCS,2013-10-10T18:00:00+00:00,15.5,89.5,95.0,960.0,VSCS,2013-10-11T06:00:00+00:00,16.2,88.3,115.0,940.0,VSCS,2013-10-12T06:00:00+00:00,18.1,85.7,115.0,940.0,VSCS,2013-10-09T15:00:00+00:00,2013-10-09T18:00:00+00:00,2013-10-09T21:00:00+00:00,2013-10-10T00:00:00+00:00,2013-10-10T03:00:00+00:00
NIO_2013_PHAILIN,PHAILIN,2013,TRAIN,2013-10-10T09:00:00+00:00,15.0,90.5,70.0,982.0,VSCS,2013-10-10T21:00:00+00:00,15.5,89.0,100.0,954.0,VSCS,2013-10-11T09:00:00+00:00,16.5,88.0,115.0,940.0,VSCS,2013-10-12T09:00:00+00:00,18.6,85.4,115.0,940.0,VSCS,2013-10-09T18:00:00+00:00,2013-10-09T21:00:00+00:00,2013-10-10T00:00:00+00:00,2013-10-10T03:00:00+00:00,2013-10-10T06:00:00+00:00
NIO_2013_PHAILIN,PHAILIN,2013,TRAIN,2013-10-10T12:00:00+00:00,15.5,90.0,75.0,976.0,VSCS,2013-10-11T00:00:00+00:00,16.0,88.5,110.0,946.0,VSCS,2013-10-11T12:00:00+00:00,16.8,87.7,115.0,940.0,VSCS,2013-10-12T12:00:00+00:00,18.7,85.2,115.0,940.0,VSCS,2013-10-09T21:00:00+00:00,2013-10-10T00:00:00+00:00,2013-10-10T03:00:00+00:00,2013-10-10T06:00:00+00:00,2013-10-10T09:00:00+00:00
NIO_2013_PHAILIN,PHAILIN,2013,TRAIN,2013-10-10T15:00:00+00:00,15.5,90.0,90.0,966.0,VSCS,2013-10-11T03:00:00+00:00,16.0,88.5,115.0,940.0,VSCS,2013-10-11T15:00:00+00:00,16.9,87.2,115.0,940.0,VSCS,2013-10-12T15:00:00+00:00,19.1,85.2,115.0,940.0,VSCS,2013-10-10T00:00:00+00:00,2013-10-10T03:00:00+00:00,2013-10-10T06:00:00+00:00,2013-10-10T09:00:00+00:00,2013-10-10T12:00:00+00:00
NIO_2013_PHAILIN,PHAILIN,2013,TRAIN,2013-10-10T18:00:00+00:00,15.5,89.5,95.0,960.0,VSCS,2013-10-11T06:00:00+00:00,16.2,88.3,115.0,940.0,VSCS,2013-10-11T18:00:00+00:00,17.0,87.0,115.0,940.0,VSCS,2013-10-12T18:00:00+00:00,19.5,84.8,100.0,956.0,VSCS,2013-10-10T03:00:00+00:00,2013-10-10T06:00:00+00:00,2013-10-10T09:00:00+00:00,2013-10-10T12:00:00+00:00,2013-10-10T15:00:00+00:00
NIO_2013_PHAILIN,PHAILIN,2013,TRAIN,2013-10-10T21:00:00+00:00,15.5,89.0,100.0,954.0,VSCS,2013-10-11T09:00:00+00:00,16.5,88.0,115.0,940.0,VSCS,2013-10-11T21:00:00+00:00,17.1,86.8,115.0,940.0,VSCS,2013-10-12T21:00:00+00:00,20.0,84.5,90.0,966.0,VSCS,2013-10-10T06:00:00+00:00,2013-10-10T09:00:00+00:00,2013-10-10T12:00:00+00:00,2013-10-10T15:00:00+00:00,2013-10-10T18:00:00+00:00
NIO_2013_PHAILIN,PHAILIN,2013,TRAIN,2013-10-11T00:00:00+00:00,16.0,88.5,110.0,946.0,VSCS,2013-10-11T12:00:00+00:00,16.8,87.7,115.0,940.0,VSCS,2013-10-12T00:00:00+00:00,17.5,86.5,115.0,940.0,VSCS,2013-10-13T00:00:00+00:00,20.5,84.5,75.0,976.0,VSCS,2013-10-10T09:00:00+00:00,2013-10-10T12:00:00+00:00,2013-10-10T15:00:00+00:00,2013-10-10T18:00:00+00:00,2013-10-10T21:00:00+00:00
NIO_2013_UNNAMED_2_2_1,,2013,TRAIN,2013-05-29T03:00:00+00:00,21.0,89.5,25.0,996.0,D,2013-05-29T15:00:00+00:00,22.0,88.7,20.0,994.0,D,2013-05-30T03:00:00+00:00,22.3,87.5,20.0,990.0,D,2013-05-31T03:00:00+00:00,24.0,87.0,20.0,990.0,D,2013-05-28T12:00:00+00:00,2013-05-28T15:00:00+00:00,2013-05-28T18:00:00+00:00,2013-05-28T21:00:00+00:00,2013-05-29T00:00:00+00:00
NIO_2013_UNNAMED_2_2_1,,2013,TRAIN,2013-05-29T06:00:00+00:00,21.3,89.3,25.0,996.0,D,2013-05-29T18:00:00+00:00,22.1,88.4,20.0,994.0,D,2013-05-30T06:00:00+00:00,22.3,87.5,20.0,990.0,D,2013-05-31T06:00:00+00:00,24.5,87.0,20.0,994.0,D,2013-05-28T15:00:00+00:00,2013-05-28T18:00:00+00:00,2013-05-28T21:00:00+00:00,2013-05-29T00:00:00+00:00,2013-05-29T03:00:00+00:00
NIO_2013_UNNAMED_2_6_1,,2013,TRAIN,2013-11-08T06:00:00+00:00,8.0,56.5,25.0,1006.0,D,2013-11-08T18:00:00+00:00,8.0,54.0,25.0,1004.0,D,2013-11-09T06:00:00+00:00,8.0,52.5,30.0,1002.0,DD,2013-11-10T06:00:00+00:00,8.0,51.0,30.0,1002.0,DD,2013-11-07T15:00:00+00:00,2013-11-07T18:00:00+00:00,2013-11-07T21:00:00+00:00,2013-11-08T00:00:00+00:00,2013-11-08T03:00:00+00:00
NIO_2013_UNNAMED_2_6_1,,2013,TRAIN,2013-11-08T12:00:00+00:00,8.0,55.0,25.0,1004.0,D,2013-11-09T00:00:00+00:00,8.0,53.0,30.0,1002.0,DD,2013-11-09T12:00:00+00:00,8.0,51.5,30.0,1002.0,DD,2013-11-10T12:00:00+00:00,8.0,51.0,30.0,1002.0,DD,2013-11-07T21:00:00+00:00,2013-11-08T00:00:00+00:00,2013-11-08T03:00:00+00:00,2013-11-08T06:00:00+00:00,2013-11-08T09:00:00+00:00
NIO_2013_UNNAMED_2_6_1,,2013,TRAIN,2013-11-08T18:00:00+00:00,8.0,54.0,25.0,1004.0,D,2013-11-09T06:00:00+00:00,8.0,52.5,30.0,1002.0,DD,2013-11-09T18:00:00+00:00,8.0,51.5,30.0,1002.0,DD,2013-11-10T18:00:00+00:00,8.1,50.5,30.0,1002.0,DD,2013-11-08T03:00:00+00:00,2013-11-08T06:00:00+00:00,2013-11-08T09:00:00+00:00,2013-11-08T12:00:00+00:00,2013-11-08T15:00:00+00:00
NIO_2013_UNNAMED_2_6_1,,2013,TRAIN,2013-11-09T00:00:00+00:00,8.0,53.0,30.0,1002.0,DD,2013-11-09T12:00:00+00:00,8.0,51.5,30.0,1002.0,DD,2013-11-10T00:00:00+00:00,8.0,51.5,30.0,1002.0,DD,2013-11-11T00:00:00+00:00,8.2,50.0,30.0,1002.0,DD,2013-11-08T09:00:00+00:00,2013-11-08T12:00:00+00:00,2013-11-08T15:00:00+00:00,2013-11-08T18:00:00+00:00,2013-11-08T21:00:00+00:00
NIO_2013_UNNAMED_2_6_1,,2013,TRAIN,2013-11-09T06:00:00+00:00,8.0,52.5,30.0,1002.0,DD,2013-11-09T18:00:00+00:00,8.0,51.5,30.0,1002.0,DD,2013-11-10T06:00:00+00:00,8.0,51.0,30.0,1002.0,DD,2013-11-11T06:00:00+00:00,8.7,49.3,25.0,1004.0,D,2013-11-08T15:00:00+00:00,2013-11-08T18:00:00+00:00,2013-11-08T21:00:00+00:00,2013-11-09T00:00:00+00:00,2013-11-09T03:00:00+00:00
NIO_2013_UNNAMED_2_8_1,,2013,TRAIN,2013-11-19T00:00:00+00:00,14.5,86.5,25.0,1004.0,D,2013-11-19T12:00:00+00:00,15.0,85.0,25.0,1004.0,D,2013-11-20T00:00:00+00:00,15.0,84.0,30.0,1002.0,DD,2013-11-21T00:00:00+00:00,15.6,83.5,50.0,994.0,SCS,2013-11-18T09:00:00+00:00,2013-11-18T12:00:00+00:00,2013-11-18T15:00:00+00:00,2013-11-18T18:00:00+00:00,2013-11-18T21:00:00+00:00
NIO_2013_UNNAMED_2_8_1,,2013,TRAIN,2013-11-19T03:00:00+00:00,14.5,86.0,25.0,1004.0,D,2013-11-19T15:00:00+00:00,15.0,85.0,30.0,1002.0,DD,2013-11-20T03:00:00+00:00,15.0,84.0,35.0,1000.0,CS,2013-11-21T03:00:00+00:00,15.8,83.4,50.0,992.0,SCS,2013-11-18T12:00:00+00:00,2013-11-18T15:00:00+00:00,2013-11-18T18:00:00+00:00,2013-11-18T21:00:00+00:00,2013-11-19T00:00:00+00:00
NIO_2013_UNNAMED_2_8_1,,2013,TRAIN,2013-11-19T06:00:00+00:00,14.5,85.5,25.0,1004.0,D,2013-11-19T18:00:00+00:00,15.0,84.5,30.0,1002.0,DD,2013-11-20T06:00:00+00:00,15.2,84.0,40.0,1000.0,CS,2013-11-21T06:00:00+00:00,15.9,83.3,55.0,990.0,SCS,2013-11-18T15:00:00+00:00,2013-11-18T18:00:00+00:00,2013-11-18T21:00:00+00:00,2013-11-19T00:00:00+00:00,2013-11-19T03:00:00+00:00
NIO_2013_UNNAMED_2_8_1,,2013,TRAIN,2013-11-19T12:00:00+00:00,15.0,85.0,25.0,1004.0,D,2013-11-20T00:00:00+00:00,15.0,84.0,30.0,1002.0,DD,2013-11-20T12:00:00+00:00,15.3,83.9,45.0,998.0,CS,2013-11-21T12:00:00+00:00,16.1,82.9,55.0,990.0,SCS,2013-11-18T21:00:00+00:00,2013-11-19T00:00:00+00:00,2013-11-19T03:00:00+00:00,2013-11-19T06:00:00+00:00,2013-11-19T09:00:00+00:00
NIO_2013_UNNAMED_2_8_1,,2013,TRAIN,2013-11-19T15:00:00+00:00,15.0,85.0,30.0,1002.0,DD,2013-11-20T03:00:00+00:00,15.0,84.0,35.0,1000.0,CS,2013-11-20T15:00:00+00:00,15.3,83.9,45.0,998.0,CS,2013-11-21T15:00:00+00:00,16.1,82.7,55.0,990.0,SCS,2013-11-19T00:00:00+00:00,2013-11-19T03:00:00+00:00,2013-11-19T06:00:00+00:00,2013-11-19T09:00:00+00:00,2013-11-19T12:00:00+00:00
NIO_2013_UNNAMED_2_8_1,,2013,TRAIN,2013-11-19T18:00:00+00:00,15.0,84.5,30.0,1002.0,DD,2013-11-20T06:00:00+00:00,15.2,84.0,40.0,1000.0,CS,2013-11-20T18:00:00+00:00,15.4,83.7,45.0,996.0,CS,2013-11-21T18:00:00+00:00,16.2,82.7,55.0,990.0,SCS,2013-11-19T03:00:00+00:00,2013-11-19T06:00:00+00:00,2013-11-19T09:00:00+00:00,2013-11-19T12:00:00+00:00,2013-11-19T15:00:00+00:00
NIO_2013_UNNAMED_2_8_1,,2013,TRAIN,2013-11-20T00:00:00+00:00,15.0,84.0,30.0,1002.0,DD,2013-11-20T12:00:00+00:00,15.3,83.9,45.0,998.0,CS,2013-11-21T00:00:00+00:00,15.6,83.5,50.0,994.0,SCS,2013-11-22T00:00:00+00:00,16.2,81.9,55.0,990.0,SCS,2013-11-19T09:00:00+00:00,2013-11-19T12:00:00+00:00,2013-11-19T15:00:00+00:00,2013-11-19T18:00:00+00:00,2013-11-19T21:00:00+00:00
NIO_2013_UNNAMED_2_8_1,,2013,TRAIN,2013-11-20T03:00:00+00:00,15.0,84.0,35.0,1000.0,CS,2013-11-20T15:00:00+00:00,15.3,83.9,45.0,998.0,CS,2013-11-21T03:00:00+00:00,15.8,83.4,50.0,992.0,SCS,2013-11-22T03:00:00+00:00,16.2,81.7,55.0,990.0,SCS,2013-11-19T12:00:00+00:00,2013-11-19T15:00:00+00:00,2013-11-19T18:00:00+00:00,2013-11-19T21:00:00+00:00,2013-11-20T00:00:00+00:00
NIO_2013_UNNAMED_2_8_1,,2013,TRAIN,2013-11-20T06:00:00+00:00,15.2,84.0,40.0,1000.0,CS,2013-11-20T18:00:00+00:00,15.4,83.7,45.0,996.0,CS,2013-11-21T06:00:00+00:00,15.9,83.3,55.0,990.0,SCS,2013-11-22T06:00:00+00:00,16.2,81.3,55.0,990.0,SCS,2013-11-19T15:00:00+00:00,2013-11-19T18:00:00+00:00,2013-11-19T21:00:00+00:00,2013-11-20T00:00:00+00:00,2013-11-20T03:00:00+00:00
NIO_2013_UNNAMED_2_8_1,,2013,TRAIN,2013-11-20T09:00:00+00:00,15.2,84.0,40.0,1000.0,CS,2013-11-20T21:00:00+00:00,15.5,83.6,45.0,996.0,CS,2013-11-21T09:00:00+00:00,16.0,83.1,55.0,990.0,SCS,2013-11-22T09:00:00+00:00,16.1,81.2,40.0,1000.0,,2013-11-19T18:00:00+00:00,2013-11-19T21:00:00+00:00,2013-11-20T00:00:00+00:00,2013-11-20T03:00:00+00:00,2013-11-20T06:00:00+00:00
NIO_2013_UNNAMED_2_8_1,,2013,TRAIN,2013-11-20T12:00:00+00:00,15.3,83.9,45.0,998.0,CS,2013-11-21T00:00:00+00:00,15.6,83.5,50.0,994.0,SCS,2013-11-21T12:00:00+00:00,16.1,82.9,55.0,990.0,SCS,2013-11-22T12:00:00+00:00,15.9,80.7,30.0,1002.0,,2013-11-19T21:00:00+00:00,2013-11-20T00:00:00+00:00,2013-11-20T03:00:00+00:00,2013-11-20T06:00:00+00:00,2013-11-20T09:00:00+00:00
NIO_2013_UNNAMED_2_8_1,,2013,TRAIN,2013-11-20T18:00:00+00:00,15.4,83.7,45.0,996.0,CS,2013-11-21T06:00:00+00:00,15.9,83.3,55.0,990.0,SCS,2013-11-21T18:00:00+00:00,16.2,82.7,55.0,990.0,SCS,2013-11-22T18:00:00+00:00,15.9,80.4,25.0,1004.0,,2013-11-20T03:00:00+00:00,2013-11-20T06:00:00+00:00,2013-11-20T09:00:00+00:00,2013-11-20T12:00:00+00:00,2013-11-20T15:00:00+00:00
NIO_2013_VIYARU,VIYARU,2013,TRAIN,2013-05-10T12:00:00+00:00,5.5,92.0,30.0,1002.0,DD,2013-05-11T00:00:00+00:00,6.5,91.0,30.0,998.0,DD,2013-05-11T12:00:00+00:00,8.0,89.5,40.0,994.0,CS,2013-05-12T12:00:00+00:00,10.5,87.0,40.0,994.0,CS,2013-05-09T21:00:00+00:00,2013-05-10T00:00:00+00:00,2013-05-10T03:00:00+00:00,2013-05-10T06:00:00+00:00,2013-05-10T09:00:00+00:00
NIO_2013_VIYARU,VIYARU,2013,TRAIN,2013-05-10T18:00:00+00:00,6.0,91.5,30.0,1000.0,DD,2013-05-11T06:00:00+00:00,7.0,90.5,35.0,996.0,CS,2013-05-11T18:00:00+00:00,9.0,89.0,40.0,994.0,CS,2013-05-12T18:00:00+00:00,11.0,86.5,40.0,994.0,CS,2013-05-10T03:00:00+00:00,2013-05-10T06:00:00+00:00,2013-05-10T09:00:00+00:00,2013-05-10T12:00:00+00:00,2013-05-10T15:00:00+00:00
NIO_2013_VIYARU,VIYARU,2013,TRAIN,2013-05-11T00:00:00+00:00,6.5,91.0,30.0,998.0,DD,2013-05-11T12:00:00+00:00,8.0,89.5,40.0,994.0,CS,2013-05-12T00:00:00+00:00,10.0,88.0,40.0,994.0,CS,2013-05-13T00:00:00+00:00,11.5,86.5,40.0,994.0,CS,2013-05-10T09:00:00+00:00,2013-05-10T12:00:00+00:00,2013-05-10T15:00:00+00:00,2013-05-10T18:00:00+00:00,2013-05-10T21:00:00+00:00
NIO_2013_VIYARU,VIYARU,2013,TRAIN,2013-05-11T03:00:00+00:00,7.0,90.5,35.0,996.0,CS,2013-05-11T15:00:00+00:00,8.5,89.0,40.0,994.0,CS,2013-05-12T03:00:00+00:00,10.0,87.5,40.0,994.0,CS,2013-05-13T03:00:00+00:00,12.0,86.5,40.0,994.0,CS,2013-05-10T12:00:00+00:00,2013-05-10T15:00:00+00:00,2013-05-10T18:00:00+00:00,2013-05-10T21:00:00+00:00,2013-05-11T00:00:00+00:00
NIO_2013_VIYARU,VIYARU,2013,TRAIN,2013-05-11T06:00:00+00:00,7.0,90.5,35.0,996.0,CS,2013-05-11T18:00:00+00:00,9.0,89.0,40.0,994.0,CS,2013-05-12T06:00:00+00:00,10.0,87.5,40.0,994.0,CS,2013-05-13T06:00:00+00:00,12.0,86.5,40.0,994.0,CS,2013-05-10T15:00:00+00:00,2013-05-10T18:00:00+00:00,2013-05-10T21:00:00+00:00,2013-05-11T00:00:00+00:00,2013-05-11T03:00:00+00:00
NIO_2013_VIYARU,VIYARU,2013,TRAIN,2013-05-11T09:00:00+00:00,7.5,90.0,35.0,996.0,CS,2013-05-11T21:00:00+00:00,9.5,88.5,40.0,994.0,CS,2013-05-12T09:00:00+00:00,10.5,87.0,40.0,994.0,CS,2013-05-13T09:00:00+00:00,12.0,86.0,40.0,994.0,CS,2013-05-10T18:00:00+00:00,2013-05-10T21:00:00+00:00,2013-05-11T00:00:00+00:00,2013-05-11T03:00:00+00:00,2013-05-11T06:00:00+00:00
NIO_2013_VIYARU,VIYARU,2013,TRAIN,2013-05-11T12:00:00+00:00,8.0,89.5,40.0,994.0,CS,2013-05-12T00:00:00+00:00,10.0,88.0,40.0,994.0,CS,2013-05-12T12:00:00+00:00,10.5,87.0,40.0,994.0,CS,2013-05-13T12:00:00+00:00,12.0,86.0,40.0,994.0,CS,2013-05-10T21:00:00+00:00,2013-05-11T00:00:00+00:00,2013-05-11T03:00:00+00:00,2013-05-11T06:00:00+00:00,2013-05-11T09:00:00+00:00
NIO_2013_VIYARU,VIYARU,2013,TRAIN,2013-05-11T15:00:00+00:00,8.5,89.0,40.0,994.0,CS,2013-05-12T03:00:00+00:00,10.0,87.5,40.0,994.0,CS,2013-05-12T15:00:00+00:00,10.5,86.5,40.0,994.0,CS,2013-05-13T15:00:00+00:00,12.5,86.0,40.0,994.0,CS,2013-05-11T00:00:00+00:00,2013-05-11T03:00:00+00:00,2013-05-11T06:00:00+00:00,2013-05-11T09:00:00+00:00,2013-05-11T12:00:00+00:00
NIO_2013_VIYARU,VIYARU,2013,TRAIN,2013-05-11T18:00:00+00:00,9.0,89.0,40.0,994.0,CS,2013-05-12T06:00:00+00:00,10.0,87.5,40.0,994.0,CS,2013-05-12T18:00:00+00:00,11.0,86.5,40.0,994.0,CS,2013-05-13T18:00:00+00:00,12.5,85.5,40.0,994.0,CS,2013-05-11T03:00:00+00:00,2013-05-11T06:00:00+00:00,2013-05-11T09:00:00+00:00,2013-05-11T12:00:00+00:00,2013-05-11T15:00:00+00:00
NIO_2013_VIYARU,VIYARU,2013,TRAIN,2013-05-11T21:00:00+00:00,9.5,88.5,40.0,994.0,CS,2013-05-12T09:00:00+00:00,10.5,87.0,40.0,994.0,CS,2013-05-12T21:00:00+00:00,11.0,86.5,40.0,994.0,CS,2013-05-13T21:00:00+00:00,13.0,85.5,40.0,994.0,CS,2013-05-11T06:00:00+00:00,2013-05-11T09:00:00+00:00,2013-05-11T12:00:00+00:00,2013-05-11T15:00:00+00:00,2013-05-11T18:00:00+00:00
NIO_2013_VIYARU,VIYARU,2013,TRAIN,2013-05-12T00:00:00+00:00,10.0,88.0,40.0,994.0,CS,2013-05-12T12:00:00+00:00,10.5,87.0,40.0,994.0,CS,2013-05-13T00:00:00+00:00,11.5,86.5,40.0,994.0,CS,2013-05-14T00:00:00+00:00,13.5,85.5,40.0,994.0,CS,2013-05-11T09:00:00+00:00,2013-05-11T12:00:00+00:00,2013-05-11T15:00:00+00:00,2013-05-11T18:00:00+00:00,2013-05-11T21:00:00+00:00
NIO_2013_VIYARU,VIYARU,2013,TRAIN,2013-05-12T03:00:00+00:00,10.0,87.5,40.0,994.0,CS,2013-05-12T15:00:00+00:00,10.5,86.5,40.0,994.0,CS,2013-05-13T03:00:00+00:00,12.0,86.5,40.0,994.0,CS,2013-05-14T03:00:00+00:00,13.5,85.5,40.0,994.0,CS,2013-05-11T12:00:00+00:00,2013-05-11T15:00:00+00:00,2013-05-11T18:00:00+00:00,2013-05-11T21:00:00+00:00,2013-05-12T00:00:00+00:00
NIO_2013_VIYARU,VIYARU,2013,TRAIN,2013-05-12T06:00:00+00:00,10.0,87.5,40.0,994.0,CS,2013-05-12T18:00:00+00:00,11.0,86.5,40.0,994.0,CS,2013-05-13T06:00:00+00:00,12.0,86.5,40.0,994.0,CS,2013-05-14T06:00:00+00:00,14.0,85.5,40.0,994.0,CS,2013-05-11T15:00:00+00:00,2013-05-11T18:00:00+00:00,2013-05-11T21:00:00+00:00,2013-05-12T00:00:00+00:00,2013-05-12T03:00:00+00:00
NIO_2013_VIYARU,VIYARU,2013,TRAIN,2013-05-12T09:00:00+00:00,10.5,87.0,40.0,994.0,CS,2013-05-12T21:00:00+00:00,11.0,86.5,40.0,994.0,CS,2013-05-13T09:00:00+00:00,12.0,86.0,40.0,994.0,CS,2013-05-14T09:00:00+00:00,14.0,85.5,40.0,994.0,CS,2013-05-11T18:00:00+00:00,2013-05-11T21:00:00+00:00,2013-05-12T00:00:00+00:00,2013-05-12T03:00:00+00:00,2013-05-12T06:00:00+00:00
NIO_2013_VIYARU,VIYARU,2013,TRAIN,2013-05-12T12:00:00+00:00,10.5,87.0,40.0,994.0,CS,2013-05-13T00:00:00+00:00,11.5,86.5,40.0,994.0,CS,2013-05-13T12:00:00+00:00,12.0,86.0,40.0,994.0,CS,2013-05-14T12:00:00+00:00,14.5,86.0,40.0,994.0,CS,2013-05-11T21:00:00+00:00,2013-05-12T00:00:00+00:00,2013-05-12T03:00:00+00:00,2013-05-12T06:00:00+00:00,2013-05-12T09:00:00+00:00
NIO_2013_VIYARU,VIYARU,2013,TRAIN,2013-05-12T15:00:00+00:00,10.5,86.5,40.0,994.0,CS,2013-05-13T03:00:00+00:00,12.0,86.5,40.0,994.0,CS,2013-05-13T15:00:00+00:00,12.5,86.0,40.0,994.0,CS,2013-05-14T15:00:00+00:00,14.5,86.0,40.0,994.0,CS,2013-05-12T00:00:00+00:00,2013-05-12T03:00:00+00:00,2013-05-12T06:00:00+00:00,2013-05-12T09:00:00+00:00,2013-05-12T12:00:00+00:00
NIO_2013_VIYARU,VIYARU,2013,TRAIN,2013-05-12T18:00:00+00:00,11.0,86.5,40.0,994.0,CS,2013-05-13T06:00:00+00:00,12.0,86.5,40.0,994.0,CS,2013-05-13T18:00:00+00:00,12.5,85.5,40.0,994.0,CS,2013-05-14T18:00:00+00:00,15.0,86.5,40.0,994.0,CS,2013-05-12T03:00:00+00:00,2013-05-12T06:00:00+00:00,2013-05-12T09:00:00+00:00,2013-05-12T12:00:00+00:00,2013-05-12T15:00:00+00:00
NIO_2013_VIYARU,VIYARU,2013,TRAIN,2013-05-12T21:00:00+00:00,11.0,86.5,40.0,994.0,CS,2013-05-13T09:00:00+00:00,12.0,86.0,40.0,994.0,CS,2013-05-13T21:00:00+00:00,13.0,85.5,40.0,994.0,CS,2013-05-14T21:00:00+00:00,15.5,86.5,40.0,994.0,CS,2013-05-12T06:00:00+00:00,2013-05-12T09:00:00+00:00,2013-05-12T12:00:00+00:00,2013-05-12T15:00:00+00:00,2013-05-12T18:00:00+00:00
NIO_2013_VIYARU,VIYARU,2013,TRAIN,2013-05-13T00:00:00+00:00,11.5,86.5,40.0,994.0,CS,2013-05-13T12:00:00+00:00,12.0,86.0,40.0,994.0,CS,2013-05-14T00:00:00+00:00,13.5,85.5,40.0,994.0,CS,2013-05-15T00:00:00+00:00,16.0,87.0,40.0,994.0,CS,2013-05-12T09:00:00+00:00,2013-05-12T12:00:00+00:00,2013-05-12T15:00:00+00:00,2013-05-12T18:00:00+00:00,2013-05-12T21:00:00+00:00
NIO_2013_VIYARU,VIYARU,2013,TRAIN,2013-05-13T03:00:00+00:00,12.0,86.5,40.0,994.0,CS,2013-05-13T15:00:00+00:00,12.5,86.0,40.0,994.0,CS,2013-05-14T03:00:00+00:00,13.5,85.5,40.0,994.0,CS,2013-05-15T03:00:00+00:00,16.5,87.0,40.0,992.0,CS,2013-05-12T12:00:00+00:00,2013-05-12T15:00:00+00:00,2013-05-12T18:00:00+00:00,2013-05-12T21:00:00+00:00,2013-05-13T00:00:00+00:00
NIO_2013_VIYARU,VIYARU,2013,TRAIN,2013-05-13T06:00:00+00:00,12.0,86.5,40.0,994.0,CS,2013-05-13T18:00:00+00:00,12.5,85.5,40.0,994.0,CS,2013-05-14T06:00:00+00:00,14.0,85.5,40.0,994.0,CS,2013-05-15T06:00:00+00:00,17.0,87.5,45.0,990.0,CS,2013-05-12T15:00:00+00:00,2013-05-12T18:00:00+00:00,2013-05-12T21:00:00+00:00,2013-05-13T00:00:00+00:00,2013-05-13T03:00:00+00:00
NIO_2014_NILOFAR,NILOFAR,2014,TRAIN,2014-10-25T00:00:00+00:00,12.5,61.5,25.0,1004.0,D,2014-10-25T12:00:00+00:00,13.0,61.0,25.0,1003.0,D,2014-10-26T00:00:00+00:00,14.0,62.0,25.0,1002.0,D,2014-10-27T00:00:00+00:00,14.8,62.0,55.0,990.0,SCS,2014-10-24T09:00:00+00:00,2014-10-24T12:00:00+00:00,2014-10-24T15:00:00+00:00,2014-10-24T18:00:00+00:00,2014-10-24T21:00:00+00:00
NIO_2014_NILOFAR,NILOFAR,2014,TRAIN,2014-10-25T06:00:00+00:00,12.5,61.5,25.0,1004.0,D,2014-10-25T18:00:00+00:00,13.0,61.0,25.0,1003.0,D,2014-10-26T06:00:00+00:00,14.1,62.0,35.0,998.0,CS,2014-10-27T06:00:00+00:00,14.9,62.0,65.0,986.0,VSCS,2014-10-24T15:00:00+00:00,2014-10-24T18:00:00+00:00,2014-10-24T21:00:00+00:00,2014-10-25T00:00:00+00:00,2014-10-25T03:00:00+00:00
NIO_2014_NILOFAR,NILOFAR,2014,TRAIN,2014-10-25T12:00:00+00:00,13.0,61.0,25.0,1003.0,D,2014-10-26T00:00:00+00:00,14.0,62.0,25.0,1002.0,D,2014-10-26T12:00:00+00:00,14.2,62.0,40.0,994.0,CS,2014-10-27T12:00:00+00:00,15.0,62.0,70.0,982.0,VSCS,2014-10-24T21:00:00+00:00,2014-10-25T00:00:00+00:00,2014-10-25T03:00:00+00:00,2014-10-25T06:00:00+00:00,2014-10-25T09:00:00+00:00
NIO_2014_NILOFAR,NILOFAR,2014,TRAIN,2014-10-25T18:00:00+00:00,13.0,61.0,25.0,1003.0,D,2014-10-26T06:00:00+00:00,14.1,62.0,35.0,998.0,CS,2014-10-26T18:00:00+00:00,14.4,62.0,45.0,994.0,CS,2014-10-27T18:00:00+00:00,15.3,62.0,70.0,980.0,VSCS,2014-10-25T03:00:00+00:00,2014-10-25T06:00:00+00:00,2014-10-25T09:00:00+00:00,2014-10-25T12:00:00+00:00,2014-10-25T15:00:00+00:00
NIO_2014_NILOFAR,NILOFAR,2014,TRAIN,2014-10-26T00:00:00+00:00,14.0,62.0,25.0,1002.0,D,2014-10-26T12:00:00+00:00,14.2,62.0,40.0,994.0,CS,2014-10-27T00:00:00+00:00,14.8,62.0,55.0,990.0,SCS,2014-10-28T00:00:00+00:00,15.7,61.8,75.0,978.0,VSCS,2014-10-25T09:00:00+00:00,2014-10-25T12:00:00+00:00,2014-10-25T15:00:00+00:00,2014-10-25T18:00:00+00:00,2014-10-25T21:00:00+00:00
NIO_2014_UNNAMED_03,,2014,TRAIN,2014-08-03T12:00:00+00:00,21.5,88.5,25.0,990.0,D,2014-08-04T00:00:00+00:00,22.3,87.6,30.0,990.0,DD,2014-08-04T12:00:00+00:00,22.2,86.1,30.0,990.0,DD,2014-08-05T12:00:00+00:00,24.0,82.0,25.0,992.0,D,2014-08-02T21:00:00+00:00,2014-08-03T00:00:00+00:00,2014-08-03T03:00:00+00:00,2014-08-03T06:00:00+00:00,2014-08-03T09:00:00+00:00
NIO_2014_UNNAMED_03,,2014,TRAIN,2014-08-03T18:00:00+00:00,21.9,88.3,30.0,990.0,DD,2014-08-04T06:00:00+00:00,22.5,86.5,30.0,990.0,DD,2014-08-04T18:00:00+00:00,22.2,85.1,30.0,990.0,DD,2014-08-05T18:00:00+00:00,24.2,81.3,25.0,992.0,D,2014-08-03T03:00:00+00:00,2014-08-03T06:00:00+00:00,2014-08-03T09:00:00+00:00,2014-08-03T12:00:00+00:00,2014-08-03T15:00:00+00:00
NIO_2014_UNNAMED_03,,2014,TRAIN,2014-08-04T00:00:00+00:00,22.3,87.6,30.0,990.0,DD,2014-08-04T12:00:00+00:00,22.2,86.1,30.0,990.0,DD,2014-08-05T00:00:00+00:00,22.2,84.1,30.0,990.0,DD,2014-08-06T00:00:00+00:00,24.4,80.6,25.0,992.0,D,2014-08-03T09:00:00+00:00,2014-08-03T12:00:00+00:00,2014-08-03T15:00:00+00:00,2014-08-03T18:00:00+00:00,2014-08-03T21:00:00+00:00
NIO_2014_UNNAMED_03,,2014,TRAIN,2014-08-04T06:00:00+00:00,22.5,86.5,30.0,990.0,DD,2014-08-04T18:00:00+00:00,22.2,85.1,30.0,990.0,DD,2014-08-05T06:00:00+00:00,22.9,83.0,30.0,992.0,DD,2014-08-06T06:00:00+00:00,24.6,80.0,25.0,994.0,D,2014-08-03T15:00:00+00:00,2014-08-03T18:00:00+00:00,2014-08-03T21:00:00+00:00,2014-08-04T00:00:00+00:00,2014-08-04T03:00:00+00:00
NIO_2014_UNNAMED_03,,2014,TRAIN,2014-08-04T12:00:00+00:00,22.2,86.1,30.0,990.0,DD,2014-08-05T00:00:00+00:00,22.2,84.1,30.0,990.0,DD,2014-08-05T12:00:00+00:00,24.0,82.0,25.0,992.0,D,2014-08-06T12:00:00+00:00,25.0,79.5,25.0,994.0,D,2014-08-03T21:00:00+00:00,2014-08-04T00:00:00+00:00,2014-08-04T03:00:00+00:00,2014-08-04T06:00:00+00:00,2014-08-04T09:00:00+00:00
NIO_2014_UNNAMED_03,,2014,TRAIN,2014-08-04T18:00:00+00:00,22.2,85.1,30.0,990.0,DD,2014-08-05T06:00:00+00:00,22.9,83.0,30.0,992.0,DD,2014-08-05T18:00:00+00:00,24.2,81.3,25.0,992.0,D,2014-08-06T18:00:00+00:00,25.3,79.0,25.0,994.0,D,2014-08-04T03:00:00+00:00,2014-08-04T06:00:00+00:00,2014-08-04T09:00:00+00:00,2014-08-04T12:00:00+00:00,2014-08-04T15:00:00+00:00
NIO_2014_UNNAMED_03,,2014,TRAIN,2014-08-05T00:00:00+00:00,22.2,84.1,30.0,990.0,DD,2014-08-05T12:00:00+00:00,24.0,82.0,25.0,992.0,D,2014-08-06T00:00:00+00:00,24.4,80.6,25.0,992.0,D,2014-08-07T00:00:00+00:00,25.5,78.5,25.0,994.0,D,2014-08-04T09:00:00+00:00,2014-08-04T12:00:00+00:00,2014-08-04T15:00:00+00:00,2014-08-04T18:00:00+00:00,2014-08-04T21:00:00+00:00
NIO_2014_UNNAMED_04,,2014,TRAIN,2014-11-05T12:00:00+00:00,13.0,87.5,25.0,1000.0,D,2014-11-06T00:00:00+00:00,13.8,87.5,25.0,1000.0,D,2014-11-06T12:00:00+00:00,14.1,88.0,30.0,998.0,DD,2014-11-07T12:00:00+00:00,14.2,87.5,25.0,1003.0,D,2014-11-04T21:00:00+00:00,2014-11-05T00:00:00+00:00,2014-11-05T03:00:00+00:00,2014-11-05T06:00:00+00:00,2014-11-05T09:00:00+00:00
NIO_2014_UNNAMED_04,,2014,TRAIN,2014-11-05T18:00:00+00:00,13.5,87.5,25.0,1000.0,D,2014-11-06T06:00:00+00:00,14.1,87.5,30.0,998.0,DD,2014-11-06T18:00:00+00:00,13.8,88.0,30.0,1000.0,DD,2014-11-07T18:00:00+00:00,14.3,87.0,25.0,1004.0,D,2014-11-05T03:00:00+00:00,2014-11-05T06:00:00+00:00,2014-11-05T09:00:00+00:00,2014-11-05T12:00:00+00:00,2014-11-05T15:00:00+00:00
NIO_2014_UNNAMED_04,,2014,TRAIN,2014-11-06T00:00:00+00:00,13.8,87.5,25.0,1000.0,D,2014-11-06T12:00:00+00:00,14.1,88.0,30.0,998.0,DD,2014-11-07T00:00:00+00:00,14.0,87.5,30.0,1001.0,DD,2014-11-08T00:00:00+00:00,14.3,86.5,25.0,1005.0,D,2014-11-05T09:00:00+00:00,2014-11-05T12:00:00+00:00,2014-11-05T15:00:00+00:00,2014-11-05T18:00:00+00:00,2014-11-05T21:00:00+00:00
NIO_2014_UNNAMED_2_3_1,,2014,TRAIN,2014-06-10T12:00:00+00:00,16.0,68.0,25.0,996.0,D,2014-06-11T00:00:00+00:00,16.5,67.2,35.0,992.0,CS,2014-06-11T12:00:00+00:00,17.3,66.2,45.0,988.0,CS,2014-06-12T12:00:00+00:00,18.3,63.9,45.0,988.0,CS,2014-06-09T21:00:00+00:00,2014-06-10T00:00:00+00:00,2014-06-10T03:00:00+00:00,2014-06-10T06:00:00+00:00,2014-06-10T09:00:00+00:00
NIO_2014_UNNAMED_2_3_1,,2014,TRAIN,2014-06-10T18:00:00+00:00,16.5,67.5,30.0,994.0,DD,2014-06-11T06:00:00+00:00,16.9,66.7,45.0,990.0,CS,2014-06-11T18:00:00+00:00,17.5,65.8,45.0,988.0,CS,2014-06-12T18:00:00+00:00,18.3,63.4,45.0,988.0,CS,2014-06-10T03:00:00+00:00,2014-06-10T06:00:00+00:00,2014-06-10T09:00:00+00:00,2014-06-10T12:00:00+00:00,2014-06-10T15:00:00+00:00
NIO_2014_UNNAMED_2_3_1,,2014,TRAIN,2014-06-11T00:00:00+00:00,16.5,67.2,35.0,992.0,CS,2014-06-11T12:00:00+00:00,17.3,66.2,45.0,988.0,CS,2014-06-12T00:00:00+00:00,17.8,65.3,45.0,986.0,CS,2014-06-13T00:00:00+00:00,18.4,62.9,45.0,988.0,CS,2014-06-10T09:00:00+00:00,2014-06-10T12:00:00+00:00,2014-06-10T15:00:00+00:00,2014-06-10T18:00:00+00:00,2014-06-10T21:00:00+00:00
NIO_2014_UNNAMED_2_3_1,,2014,TRAIN,2014-06-11T03:00:00+00:00,16.7,67.0,35.0,992.0,CS,2014-06-11T15:00:00+00:00,17.5,66.0,45.0,988.0,CS,2014-06-12T03:00:00+00:00,18.0,65.0,45.0,986.0,CS,2014-06-13T03:00:00+00:00,18.7,62.7,45.0,990.0,CS,2014-06-10T12:00:00+00:00,2014-06-10T15:00:00+00:00,2014-06-10T18:00:00+00:00,2014-06-10T21:00:00+00:00,2014-06-11T00:00:00+00:00
NIO_2014_UNNAMED_2_3_1,,2014,TRAIN,2014-06-11T06:00:00+00:00,16.9,66.7,45.0,990.0,CS,2014-06-11T18:00:00+00:00,17.5,65.8,45.0,988.0,CS,2014-06-12T06:00:00+00:00,18.1,64.7,45.0,986.0,CS,2014-06-13T06:00:00+00:00,19.0,62.6,40.0,992.0,CS,2014-06-10T15:00:00+00:00,2014-06-10T18:00:00+00:00,2014-06-10T21:00:00+00:00,2014-06-11T00:00:00+00:00,2014-06-11T03:00:00+00:00
NIO_2014_UNNAMED_2_3_1,,2014,TRAIN,2014-06-11T09:00:00+00:00,17.0,66.5,45.0,990.0,CS,2014-06-11T21:00:00+00:00,17.5,65.7,45.0,988.0,CS,2014-06-12T09:00:00+00:00,18.3,64.3,45.0,988.0,CS,2014-06-13T09:00:00+00:00,19.5,62.5,30.0,994.0,DD,2014-06-10T18:00:00+00:00,2014-06-10T21:00:00+00:00,2014-06-11T00:00:00+00:00,2014-06-11T03:00:00+00:00,2014-06-11T06:00:00+00:00
NIO_2014_UNNAMED_2_3_1,,2014,TRAIN,2014-06-11T12:00:00+00:00,17.3,66.2,45.0,988.0,CS,2014-06-12T00:00:00+00:00,17.8,65.3,45.0,986.0,CS,2014-06-12T12:00:00+00:00,18.3,63.9,45.0,988.0,CS,2014-06-13T12:00:00+00:00,19.8,62.4,25.0,996.0,D,2014-06-10T21:00:00+00:00,2014-06-11T00:00:00+00:00,2014-06-11T03:00:00+00:00,2014-06-11T06:00:00+00:00,2014-06-11T09:00:00+00:00
NIO_2014_UNNAMED_2_3_1,,2014,TRAIN,2014-06-11T18:00:00+00:00,17.5,65.8,45.0,988.0,CS,2014-06-12T06:00:00+00:00,18.1,64.7,45.0,986.0,CS,2014-06-12T18:00:00+00:00,18.3,63.4,45.0,988.0,CS,2014-06-13T18:00:00+00:00,20.0,62.0,25.0,996.0,D,2014-06-11T03:00:00+00:00,2014-06-11T06:00:00+00:00,2014-06-11T09:00:00+00:00,2014-06-11T12:00:00+00:00,2014-06-11T15:00:00+00:00
NIO_2014_UNNAMED_2_3_1,,2014,TRAIN,2014-06-12T00:00:00+00:00,17.8,65.3,45.0,986.0,CS,2014-06-12T12:00:00+00:00,18.3,63.9,45.0,988.0,CS,2014-06-13T00:00:00+00:00,18.4,62.9,45.0,988.0,CS,2014-06-14T00:00:00+00:00,20.5,62.0,25.0,996.0,D,2014-06-11T09:00:00+00:00,2014-06-11T12:00:00+00:00,2014-06-11T15:00:00+00:00,2014-06-11T18:00:00+00:00,2014-06-11T21:00:00+00:00
NIO_2015_CHAPALA,CHAPALA,2015,TRAIN,2015-10-28T06:00:00+00:00,11.8,64.9,25.0,1004.0,D,2015-10-28T18:00:00+00:00,13.0,64.7,30.0,1001.0,DD,2015-10-29T06:00:00+00:00,13.9,63.8,45.0,996.0,CS,2015-10-30T06:00:00+00:00,14.3,61.1,110.0,948.0,ESCS,2015-10-27T15:00:00+00:00,2015-10-27T18:00:00+00:00,2015-10-27T21:00:00+00:00,2015-10-28T00:00:00+00:00,2015-10-28T03:00:00+00:00
NIO_2015_CHAPALA,CHAPALA,2015,TRAIN,2015-10-28T12:00:00+00:00,12.5,64.7,30.0,1001.0,DD,2015-10-29T00:00:00+00:00,13.7,64.3,35.0,999.0,CS,2015-10-29T12:00:00+00:00,14.1,63.3,55.0,990.0,SCS,2015-10-30T12:00:00+00:00,14.1,60.6,115.0,940.0,ESCS,2015-10-27T21:00:00+00:00,2015-10-28T00:00:00+00:00,2015-10-28T03:00:00+00:00,2015-10-28T06:00:00+00:00,2015-10-28T09:00:00+00:00
NIO_2015_CHAPALA,CHAPALA,2015,TRAIN,2015-10-28T18:00:00+00:00,13.0,64.7,30.0,1001.0,DD,2015-10-29T06:00:00+00:00,13.9,63.8,45.0,996.0,CS,2015-10-29T18:00:00+00:00,14.3,62.5,65.0,984.0,VSCS,2015-10-30T18:00:00+00:00,13.9,60.2,115.0,940.0,ESCS,2015-10-28T03:00:00+00:00,2015-10-28T06:00:00+00:00,2015-10-28T09:00:00+00:00,2015-10-28T12:00:00+00:00,2015-10-28T15:00:00+00:00
NIO_2015_CHAPALA,CHAPALA,2015,TRAIN,2015-10-29T00:00:00+00:00,13.7,64.3,35.0,999.0,CS,2015-10-29T12:00:00+00:00,14.1,63.3,55.0,990.0,SCS,2015-10-30T00:00:00+00:00,14.3,61.8,90.0,966.0,ESCS,2015-10-31T00:00:00+00:00,13.9,59.6,110.0,944.0,ESCS,2015-10-28T09:00:00+00:00,2015-10-28T12:00:00+00:00,2015-10-28T15:00:00+00:00,2015-10-28T18:00:00+00:00,2015-10-28T21:00:00+00:00
NIO_2015_CHAPALA,CHAPALA,2015,TRAIN,2015-10-29T03:00:00+00:00,13.8,64.2,40.0,997.0,CS,2015-10-29T15:00:00+00:00,14.3,62.8,60.0,988.0,SCS,2015-10-30T03:00:00+00:00,14.3,61.5,105.0,954.0,ESCS,2015-10-31T03:00:00+00:00,13.8,59.2,110.0,946.0,ESCS,2015-10-28T12:00:00+00:00,2015-10-28T15:00:00+00:00,2015-10-28T18:00:00+00:00,2015-10-28T21:00:00+00:00,2015-10-29T00:00:00+00:00
NIO_2015_CHAPALA,CHAPALA,2015,TRAIN,2015-10-29T06:00:00+00:00,13.9,63.8,45.0,996.0,CS,2015-10-29T18:00:00+00:00,14.3,62.5,65.0,984.0,VSCS,2015-10-30T06:00:00+00:00,14.3,61.1,110.0,948.0,ESCS,2015-10-31T06:00:00+00:00,13.8,58.7,105.0,950.0,ESCS,2015-10-28T15:00:00+00:00,2015-10-28T18:00:00+00:00,2015-10-28T21:00:00+00:00,2015-10-29T00:00:00+00:00,2015-10-29T03:00:00+00:00
NIO_2015_CHAPALA,CHAPALA,2015,TRAIN,2015-10-29T09:00:00+00:00,14.0,63.5,50.0,994.0,SCS,2015-10-29T21:00:00+00:00,14.3,62.3,75.0,976.0,VSCS,2015-10-30T09:00:00+00:00,14.2,60.8,115.0,940.0,ESCS,2015-10-31T09:00:00+00:00,13.8,58.3,105.0,950.0,ESCS,2015-10-28T18:00:00+00:00,2015-10-28T21:00:00+00:00,2015-10-29T00:00:00+00:00,2015-10-29T03:00:00+00:00,2015-10-29T06:00:00+00:00
NIO_2015_CHAPALA,CHAPALA,2015,TRAIN,2015-10-29T12:00:00+00:00,14.1,63.3,55.0,990.0,SCS,2015-10-30T00:00:00+00:00,14.3,61.8,90.0,966.0,ESCS,2015-10-30T12:00:00+00:00,14.1,60.6,115.0,940.0,ESCS,2015-10-31T12:00:00+00:00,13.8,57.9,105.0,950.0,ESCS,2015-10-28T21:00:00+00:00,2015-10-29T00:00:00+00:00,2015-10-29T03:00:00+00:00,2015-10-29T06:00:00+00:00,2015-10-29T09:00:00+00:00
NIO_2015_CHAPALA,CHAPALA,2015,TRAIN,2015-10-29T15:00:00+00:00,14.3,62.8,60.0,988.0,SCS,2015-10-30T03:00:00+00:00,14.3,61.5,105.0,954.0,ESCS,2015-10-30T15:00:00+00:00,14.0,60.4,115.0,940.0,ESCS,2015-10-31T15:00:00+00:00,13.8,57.5,105.0,,ESCS,2015-10-29T00:00:00+00:00,2015-10-29T03:00:00+00:00,2015-10-29T06:00:00+00:00,2015-10-29T09:00:00+00:00,2015-10-29T12:00:00+00:00
NIO_2015_CHAPALA,CHAPALA,2015,TRAIN,2015-10-29T18:00:00+00:00,14.3,62.5,65.0,984.0,VSCS,2015-10-30T06:00:00+00:00,14.3,61.1,110.0,948.0,ESCS,2015-10-30T18:00:00+00:00,13.9,60.2,115.0,940.0,ESCS,2015-10-31T18:00:00+00:00,13.8,57.2,105.0,,ESCS,2015-10-29T03:00:00+00:00,2015-10-29T06:00:00+00:00,2015-10-29T09:00:00+00:00,2015-10-29T12:00:00+00:00,2015-10-29T15:00:00+00:00
NIO_2015_CHAPALA,CHAPALA,2015,TRAIN,2015-10-29T21:00:00+00:00,14.3,62.3,75.0,976.0,VSCS,2015-10-30T09:00:00+00:00,14.2,60.8,115.0,940.0,ESCS,2015-10-30T21:00:00+00:00,13.9,59.9,115.0,942.0,ESCS,2015-10-31T21:00:00+00:00,13.7,56.8,105.0,950.0,ESCS,2015-10-29T06:00:00+00:00,2015-10-29T09:00:00+00:00,2015-10-29T12:00:00+00:00,2015-10-29T15:00:00+00:00,2015-10-29T18:00:00+00:00
NIO_2015_CHAPALA,CHAPALA,2015,TRAIN,2015-10-30T00:00:00+00:00,14.3,61.8,90.0,966.0,ESCS,2015-10-30T12:00:00+00:00,14.1,60.6,115.0,940.0,ESCS,2015-10-31T00:00:00+00:00,13.9,59.6,110.0,944.0,ESCS,2015-11-01T00:00:00+00:00,13.7,56.4,105.0,950.0,ESCS,2015-10-29T09:00:00+00:00,2015-10-29T12:00:00+00:00,2015-10-29T15:00:00+00:00,2015-10-29T18:00:00+00:00,2015-10-29T21:00:00+00:00
NIO_2015_CHAPALA,CHAPALA,2015,TRAIN,2015-10-30T03:00:00+00:00,14.3,61.5,105.0,954.0,ESCS,2015-10-30T15:00:00+00:00,14.0,60.4,115.0,940.0,ESCS,2015-10-31T03:00:00+00:00,13.8,59.2,110.0,946.0,ESCS,2015-11-01T03:00:00+00:00,13.6,56.1,105.0,952.0,ESCS,2015-10-29T12:00:00+00:00,2015-10-29T15:00:00+00:00,2015-10-29T18:00:00+00:00,2015-10-29T21:00:00+00:00,2015-10-30T00:00:00+00:00
NIO_2015_CHAPALA,CHAPALA,2015,TRAIN,2015-10-30T06:00:00+00:00,14.3,61.1,110.0,948.0,ESCS,2015-10-30T18:00:00+00:00,13.9,60.2,115.0,940.0,ESCS,2015-10-31T06:00:00+00:00,13.8,58.7,105.0,950.0,ESCS,2015-11-01T06:00:00+00:00,13.6,55.6,100.0,954.0,ESCS,2015-10-29T15:00:00+00:00,2015-10-29T18:00:00+00:00,2015-10-29T21:00:00+00:00,2015-10-30T00:00:00+00:00,2015-10-30T03:00:00+00:00
NIO_2015_KOMEN,KOMEN,2015,TRAIN,2015-07-26T00:00:00+00:00,22.0,90.8,20.0,994.0,D,2015-07-26T12:00:00+00:00,22.0,90.5,20.0,994.0,D,2015-07-27T00:00:00+00:00,22.0,90.5,20.0,994.0,D,2015-07-28T00:00:00+00:00,22.0,90.5,25.0,994.0,D,2015-07-25T09:00:00+00:00,2015-07-25T12:00:00+00:00,2015-07-25T15:00:00+00:00,2015-07-25T18:00:00+00:00,2015-07-25T21:00:00+00:00
NIO_2015_KOMEN,KOMEN,2015,TRAIN,2015-07-26T06:00:00+00:00,22.0,90.5,20.0,994.0,D,2015-07-26T18:00:00+00:00,22.0,90.5,20.0,994.0,D,2015-07-27T06:00:00+00:00,22.0,90.5,25.0,994.0,D,2015-07-28T06:00:00+00:00,21.8,90.3,25.0,994.0,D,2015-07-25T15:00:00+00:00,2015-07-25T18:00:00+00:00,2015-07-25T21:00:00+00:00,2015-07-26T00:00:00+00:00,2015-07-26T03:00:00+00:00
NIO_2015_KOMEN,KOMEN,2015,TRAIN,2015-07-26T12:00:00+00:00,22.0,90.5,20.0,994.0,D,2015-07-27T00:00:00+00:00,22.0,90.5,20.0,994.0,D,2015-07-27T12:00:00+00:00,22.0,90.5,25.0,994.0,D,2015-07-28T12:00:00+00:00,21.5,90.2,25.0,994.0,D,2015-07-25T21:00:00+00:00,2015-07-26T00:00:00+00:00,2015-07-26T03:00:00+00:00,2015-07-26T06:00:00+00:00,2015-07-26T09:00:00+00:00
NIO_2015_KOMEN,KOMEN,2015,TRAIN,2015-07-26T18:00:00+00:00,22.0,90.5,20.0,994.0,D,2015-07-27T06:00:00+00:00,22.0,90.5,25.0,994.0,D,2015-07-27T18:00:00+00:00,22.0,90.5,25.0,994.0,D,2015-07-28T18:00:00+00:00,21.3,90.6,25.0,992.0,D,2015-07-26T03:00:00+00:00,2015-07-26T06:00:00+00:00,2015-07-26T09:00:00+00:00,2015-07-26T12:00:00+00:00,2015-07-26T15:00:00+00:00
NIO_2015_KOMEN,KOMEN,2015,TRAIN,2015-07-27T00:00:00+00:00,22.0,90.5,20.0,994.0,D,2015-07-27T12:00:00+00:00,22.0,90.5,25.0,994.0,D,2015-07-28T00:00:00+00:00,22.0,90.5,25.0,994.0,D,2015-07-29T00:00:00+00:00,21.0,91.0,30.0,990.0,DD,2015-07-26T09:00:00+00:00,2015-07-26T12:00:00+00:00,2015-07-26T15:00:00+00:00,2015-07-26T18:00:00+00:00,2015-07-26T21:00:00+00:00
NIO_2015_KOMEN,KOMEN,2015,TRAIN,2015-07-27T06:00:00+00:00,22.0,90.5,25.0,994.0,D,2015-07-27T18:00:00+00:00,22.0,90.5,25.0,994.0,D,2015-07-28T06:00:00+00:00,21.8,90.3,25.0,994.0,D,2015-07-29T06:00:00+00:00,21.2,91.1,30.0,990.0,DD,2015-07-26T15:00:00+00:00,2015-07-26T18:00:00+00:00,2015-07-26T21:00:00+00:00,2015-07-27T00:00:00+00:00,2015-07-27T03:00:00+00:00
NIO_2015_KOMEN,KOMEN,2015,TRAIN,2015-07-27T12:00:00+00:00,22.0,90.5,25.0,994.0,D,2015-07-28T00:00:00+00:00,22.0,90.5,25.0,994.0,D,2015-07-28T12:00:00+00:00,21.5,90.2,25.0,994.0,D,2015-07-29T12:00:00+00:00,21.5,91.4,30.0,988.0,DD,2015-07-26T21:00:00+00:00,2015-07-27T00:00:00+00:00,2015-07-27T03:00:00+00:00,2015-07-27T06:00:00+00:00,2015-07-27T09:00:00+00:00
NIO_2015_KOMEN,KOMEN,2015,TRAIN,2015-07-27T18:00:00+00:00,22.0,90.5,25.0,994.0,D,2015-07-28T06:00:00+00:00,21.8,90.3,25.0,994.0,D,2015-07-28T18:00:00+00:00,21.3,90.6,25.0,992.0,D,2015-07-29T18:00:00+00:00,21.6,91.4,35.0,986.0,CS,2015-07-27T03:00:00+00:00,2015-07-27T06:00:00+00:00,2015-07-27T09:00:00+00:00,2015-07-27T12:00:00+00:00,2015-07-27T15:00:00+00:00
NIO_2015_KOMEN,KOMEN,2015,TRAIN,2015-07-28T00:00:00+00:00,22.0,90.5,25.0,994.0,D,2015-07-28T12:00:00+00:00,21.5,90.2,25.0,994.0,D,2015-07-29T00:00:00+00:00,21.0,91.0,30.0,990.0,DD,2015-07-30T00:00:00+00:00,21.7,91.4,35.0,986.0,CS,2015-07-27T09:00:00+00:00,2015-07-27T12:00:00+00:00,2015-07-27T15:00:00+00:00,2015-07-27T18:00:00+00:00,2015-07-27T21:00:00+00:00
NIO_2015_KOMEN,KOMEN,2015,TRAIN,2015-07-28T06:00:00+00:00,21.8,90.3,25.0,994.0,D,2015-07-28T18:00:00+00:00,21.3,90.6,25.0,992.0,D,2015-07-29T06:00:00+00:00,21.2,91.1,30.0,990.0,DD,2015-07-30T06:00:00+00:00,22.2,91.4,40.0,986.0,CS,2015-07-27T15:00:00+00:00,2015-07-27T18:00:00+00:00,2015-07-27T21:00:00+00:00,2015-07-28T00:00:00+00:00,2015-07-28T03:00:00+00:00
NIO_2015_KOMEN,KOMEN,2015,TRAIN,2015-07-28T12:00:00+00:00,21.5,90.2,25.0,994.0,D,2015-07-29T00:00:00+00:00,21.0,91.0,30.0,990.0,DD,2015-07-29T12:00:00+00:00,21.5,91.4,30.0,988.0,DD,2015-07-30T12:00:00+00:00,22.4,91.4,35.0,988.0,CS,2015-07-27T21:00:00+00:00,2015-07-28T00:00:00+00:00,2015-07-28T03:00:00+00:00,2015-07-28T06:00:00+00:00,2015-07-28T09:00:00+00:00
NIO_2015_KOMEN,KOMEN,2015,TRAIN,2015-07-28T18:00:00+00:00,21.3,90.6,25.0,992.0,D,2015-07-29T06:00:00+00:00,21.2,91.1,30.0,990.0,DD,2015-07-29T18:00:00+00:00,21.6,91.4,35.0,986.0,CS,2015-07-30T18:00:00+00:00,22.8,91.1,35.0,988.0,CS,2015-07-28T03:00:00+00:00,2015-07-28T06:00:00+00:00,2015-07-28T09:00:00+00:00,2015-07-28T12:00:00+00:00,2015-07-28T15:00:00+00:00
NIO_2015_KOMEN,KOMEN,2015,TRAIN,2015-07-29T00:00:00+00:00,21.0,91.0,30.0,990.0,DD,2015-07-29T12:00:00+00:00,21.5,91.4,30.0,988.0,DD,2015-07-30T00:00:00+00:00,21.7,91.4,35.0,986.0,CS,2015-07-31T00:00:00+00:00,23.1,90.0,30.0,990.0,DD,2015-07-28T09:00:00+00:00,2015-07-28T12:00:00+00:00,2015-07-28T15:00:00+00:00,2015-07-28T18:00:00+00:00,2015-07-28T21:00:00+00:00
NIO_2015_MEGH,MEGH,2015,TRAIN,2015-11-05T00:00:00+00:00,14.1,66.0,25.0,1006.0,D,2015-11-05T12:00:00+00:00,14.0,64.0,35.0,998.0,CS,2015-11-06T00:00:00+00:00,13.7,62.5,45.0,994.0,CS,2015-11-07T00:00:00+00:00,12.8,60.1,45.0,994.0,CS,2015-11-04T09:00:00+00:00,2015-11-04T12:00:00+00:00,2015-11-04T15:00:00+00:00,2015-11-04T18:00:00+00:00,2015-11-04T21:00:00+00:00
NIO_2015_MEGH,MEGH,2015,TRAIN,2015-11-05T03:00:00+00:00,14.1,65.6,25.0,1004.0,D,2015-11-05T15:00:00+00:00,13.9,63.7,40.0,996.0,CS,2015-11-06T03:00:00+00:00,13.5,62.2,45.0,994.0,CS,2015-11-07T03:00:00+00:00,12.8,59.6,45.0,994.0,CS,2015-11-04T12:00:00+00:00,2015-11-04T15:00:00+00:00,2015-11-04T18:00:00+00:00,2015-11-04T21:00:00+00:00,2015-11-05T00:00:00+00:00
NIO_2015_MEGH,MEGH,2015,TRAIN,2015-11-05T06:00:00+00:00,14.1,64.8,30.0,1002.0,DD,2015-11-05T18:00:00+00:00,13.9,63.4,45.0,994.0,CS,2015-11-06T06:00:00+00:00,13.2,61.9,45.0,994.0,CS,2015-11-07T06:00:00+00:00,12.7,59.2,50.0,992.0,SCS,2015-11-04T15:00:00+00:00,2015-11-04T18:00:00+00:00,2015-11-04T21:00:00+00:00,2015-11-05T00:00:00+00:00,2015-11-05T03:00:00+00:00
NIO_2015_MEGH,MEGH,2015,TRAIN,2015-11-05T12:00:00+00:00,14.0,64.0,35.0,998.0,CS,2015-11-06T00:00:00+00:00,13.7,62.5,45.0,994.0,CS,2015-11-06T12:00:00+00:00,13.0,61.0,45.0,994.0,CS,2015-11-07T12:00:00+00:00,12.7,58.4,60.0,988.0,SCS,2015-11-04T21:00:00+00:00,2015-11-05T00:00:00+00:00,2015-11-05T03:00:00+00:00,2015-11-05T06:00:00+00:00,2015-11-05T09:00:00+00:00
NIO_2015_MEGH,MEGH,2015,TRAIN,2015-11-05T15:00:00+00:00,13.9,63.7,40.0,996.0,CS,2015-11-06T03:00:00+00:00,13.5,62.2,45.0,994.0,CS,2015-11-06T15:00:00+00:00,12.9,60.8,45.0,994.0,CS,2015-11-07T15:00:00+00:00,12.6,57.9,65.0,984.0,VSCS,2015-11-05T00:00:00+00:00,2015-11-05T03:00:00+00:00,2015-11-05T06:00:00+00:00,2015-11-05T09:00:00+00:00,2015-11-05T12:00:00+00:00
NIO_2015_MEGH,MEGH,2015,TRAIN,2015-11-05T18:00:00+00:00,13.9,63.4,45.0,994.0,CS,2015-11-06T06:00:00+00:00,13.2,61.9,45.0,994.0,CS,2015-11-06T18:00:00+00:00,12.9,60.6,45.0,994.0,CS,2015-11-07T18:00:00+00:00,12.7,57.3,70.0,980.0,VSCS,2015-11-05T03:00:00+00:00,2015-11-05T06:00:00+00:00,2015-11-05T09:00:00+00:00,2015-11-05T12:00:00+00:00,2015-11-05T15:00:00+00:00
NIO_2015_MEGH,MEGH,2015,TRAIN,2015-11-05T21:00:00+00:00,13.8,63.0,45.0,994.0,CS,2015-11-06T09:00:00+00:00,13.1,61.5,45.0,994.0,CS,2015-11-06T21:00:00+00:00,12.8,60.4,45.0,994.0,CS,2015-11-07T21:00:00+00:00,12.7,56.7,80.0,976.0,VSCS,2015-11-05T06:00:00+00:00,2015-11-05T09:00:00+00:00,2015-11-05T12:00:00+00:00,2015-11-05T15:00:00+00:00,2015-11-05T18:00:00+00:00
NIO_2015_MEGH,MEGH,2015,TRAIN,2015-11-06T00:00:00+00:00,13.7,62.5,45.0,994.0,CS,2015-11-06T12:00:00+00:00,13.0,61.0,45.0,994.0,CS,2015-11-07T00:00:00+00:00,12.8,60.1,45.0,994.0,CS,2015-11-08T00:00:00+00:00,12.7,56.1,85.0,974.0,VSCS,2015-11-05T09:00:00+00:00,2015-11-05T12:00:00+00:00,2015-11-05T15:00:00+00:00,2015-11-05T18:00:00+00:00,2015-11-05T21:00:00+00:00
NIO_2015_MEGH,MEGH,2015,TRAIN,2015-11-06T03:00:00+00:00,13.5,62.2,45.0,994.0,CS,2015-11-06T15:00:00+00:00,12.9,60.8,45.0,994.0,CS,2015-11-07T03:00:00+00:00,12.8,59.6,45.0,994.0,CS,2015-11-08T03:00:00+00:00,12.7,55.5,90.0,968.0,ESCS,2015-11-05T12:00:00+00:00,2015-11-05T15:00:00+00:00,2015-11-05T18:00:00+00:00,2015-11-05T21:00:00+00:00,2015-11-06T00:00:00+00:00
NIO_2015_MEGH,MEGH,2015,TRAIN,2015-11-06T06:00:00+00:00,13.2,61.9,45.0,994.0,CS,2015-11-06T18:00:00+00:00,12.9,60.6,45.0,994.0,CS,2015-11-07T06:00:00+00:00,12.7,59.2,50.0,992.0,SCS,2015-11-08T06:00:00+00:00,12.7,54.9,95.0,964.0,ESCS,2015-11-05T15:00:00+00:00,2015-11-05T18:00:00+00:00,2015-11-05T21:00:00+00:00,2015-11-06T00:00:00+00:00,2015-11-06T03:00:00+00:00
NIO_2015_MEGH,MEGH,2015,TRAIN,2015-11-06T09:00:00+00:00,13.1,61.5,45.0,994.0,CS,2015-11-06T21:00:00+00:00,12.8,60.4,45.0,994.0,CS,2015-11-07T09:00:00+00:00,12.6,58.8,55.0,990.0,SCS,2015-11-08T09:00:00+00:00,12.7,54.2,95.0,964.0,ESCS,2015-11-05T18:00:00+00:00,2015-11-05T21:00:00+00:00,2015-11-06T00:00:00+00:00,2015-11-06T03:00:00+00:00,2015-11-06T06:00:00+00:00
NIO_2015_MEGH,MEGH,2015,TRAIN,2015-11-06T12:00:00+00:00,13.0,61.0,45.0,994.0,CS,2015-11-07T00:00:00+00:00,12.8,60.1,45.0,994.0,CS,2015-11-07T12:00:00+00:00,12.7,58.4,60.0,988.0,SCS,2015-11-08T12:00:00+00:00,12.7,53.5,90.0,970.0,ESCS,2015-11-05T21:00:00+00:00,2015-11-06T00:00:00+00:00,2015-11-06T03:00:00+00:00,2015-11-06T06:00:00+00:00,2015-11-06T09:00:00+00:00
NIO_2015_MEGH,MEGH,2015,TRAIN,2015-11-06T15:00:00+00:00,12.9,60.8,45.0,994.0,CS,2015-11-07T03:00:00+00:00,12.8,59.6,45.0,994.0,CS,2015-11-07T15:00:00+00:00,12.6,57.9,65.0,984.0,VSCS,2015-11-08T15:00:00+00:00,12.7,52.9,90.0,970.0,ESCS,2015-11-06T00:00:00+00:00,2015-11-06T03:00:00+00:00,2015-11-06T06:00:00+00:00,2015-11-06T09:00:00+00:00,2015-11-06T12:00:00+00:00
NIO_2015_MEGH,MEGH,2015,TRAIN,2015-11-06T18:00:00+00:00,12.9,60.6,45.0,994.0,CS,2015-11-07T06:00:00+00:00,12.7,59.2,50.0,992.0,SCS,2015-11-07T18:00:00+00:00,12.7,57.3,70.0,980.0,VSCS,2015-11-08T18:00:00+00:00,12.5,52.4,90.0,970.0,ESCS,2015-11-06T03:00:00+00:00,2015-11-06T06:00:00+00:00,2015-11-06T09:00:00+00:00,2015-11-06T12:00:00+00:00,2015-11-06T15:00:00+00:00
NIO_2015_UNNAMED_2_3_1,,2015,TRAIN,2015-06-22T06:00:00+00:00,20.0,67.0,25.0,990.0,D,2015-06-22T18:00:00+00:00,20.2,68.5,25.0,990.0,D,2015-06-23T06:00:00+00:00,21.0,71.0,30.0,988.0,DD,2015-06-24T06:00:00+00:00,22.8,72.7,30.0,990.0,DD,2015-06-21T15:00:00+00:00,2015-06-21T18:00:00+00:00,2015-06-21T21:00:00+00:00,2015-06-22T00:00:00+00:00,2015-06-22T03:00:00+00:00
NIO_2015_UNNAMED_2_3_1,,2015,TRAIN,2015-06-22T12:00:00+00:00,20.0,67.0,25.0,990.0,D,2015-06-23T00:00:00+00:00,20.5,69.5,25.0,988.0,D,2015-06-23T12:00:00+00:00,21.0,71.3,30.0,990.0,DD,2015-06-24T12:00:00+00:00,23.5,74.0,25.0,992.0,D,2015-06-21T21:00:00+00:00,2015-06-22T00:00:00+00:00,2015-06-22T03:00:00+00:00,2015-06-22T06:00:00+00:00,2015-06-22T09:00:00+00:00
NIO_2015_UNNAMED_2_3_1,,2015,TRAIN,2015-06-22T18:00:00+00:00,20.2,68.5,25.0,990.0,D,2015-06-23T06:00:00+00:00,21.0,71.0,30.0,988.0,DD,2015-06-23T18:00:00+00:00,21.6,71.4,30.0,990.0,DD,2015-06-24T18:00:00+00:00,26.0,76.0,25.0,994.0,D,2015-06-22T03:00:00+00:00,2015-06-22T06:00:00+00:00,2015-06-22T09:00:00+00:00,2015-06-22T12:00:00+00:00,2015-06-22T15:00:00+00:00
NIO_2015_UNNAMED_2_4_1,,2015,TRAIN,2015-07-10T03:00:00+00:00,23.1,85.1,25.0,996.0,D,2015-07-10T15:00:00+00:00,23.5,82.5,25.0,996.0,D,2015-07-11T03:00:00+00:00,24.0,80.5,25.0,996.0,D,2015-07-12T03:00:00+00:00,28.5,78.0,25.0,998.0,D,2015-07-09T12:00:00+00:00,2015-07-09T15:00:00+00:00,2015-07-09T18:00:00+00:00,2015-07-09T21:00:00+00:00,2015-07-10T00:00:00+00:00
NIO_2015_UNNAMED_2_4_1,,2015,TRAIN,2015-07-10T06:00:00+00:00,23.1,85.0,25.0,996.0,D,2015-07-10T18:00:00+00:00,23.6,82.3,25.0,996.0,D,2015-07-11T06:00:00+00:00,24.5,80.5,25.0,996.0,D,2015-07-12T06:00:00+00:00,28.5,77.5,25.0,998.0,D,2015-07-09T15:00:00+00:00,2015-07-09T18:00:00+00:00,2015-07-09T21:00:00+00:00,2015-07-10T00:00:00+00:00,2015-07-10T03:00:00+00:00
NIO_2015_UNNAMED_2_4_1,,2015,TRAIN,2015-07-10T09:00:00+00:00,23.3,84.0,25.0,994.0,D,2015-07-10T21:00:00+00:00,23.8,81.0,25.0,996.0,D,2015-07-11T09:00:00+00:00,24.5,80.5,25.0,996.0,D,2015-07-12T09:00:00+00:00,28.5,77.3,25.0,998.0,D,2015-07-09T18:00:00+00:00,2015-07-09T21:00:00+00:00,2015-07-10T00:00:00+00:00,2015-07-10T03:00:00+00:00,2015-07-10T06:00:00+00:00
NIO_2015_UNNAMED_2_8_1,,2015,TRAIN,2015-09-16T03:00:00+00:00,19.6,83.5,25.0,998.0,D,2015-09-16T15:00:00+00:00,20.6,82.0,25.0,998.0,D,2015-09-17T03:00:00+00:00,21.0,79.5,30.0,998.0,DD,2015-09-18T03:00:00+00:00,20.7,77.0,30.0,996.0,D,2015-09-15T12:00:00+00:00,2015-09-15T15:00:00+00:00,2015-09-15T18:00:00+00:00,2015-09-15T21:00:00+00:00,2015-09-16T00:00:00+00:00
NIO_2015_UNNAMED_2_8_1,,2015,TRAIN,2015-09-16T06:00:00+00:00,20.3,83.0,25.0,998.0,D,2015-09-16T18:00:00+00:00,20.8,81.9,25.0,998.0,D,2015-09-17T06:00:00+00:00,20.5,79.5,30.0,998.0,DD,2015-09-18T06:00:00+00:00,20.0,77.0,30.0,998.0,D,2015-09-15T15:00:00+00:00,2015-09-15T18:00:00+00:00,2015-09-15T21:00:00+00:00,2015-09-16T00:00:00+00:00,2015-09-16T03:00:00+00:00
NIO_2015_UNNAMED_2_8_1,,2015,TRAIN,2015-09-16T09:00:00+00:00,20.4,82.7,25.0,998.0,D,2015-09-16T21:00:00+00:00,21.0,81.9,25.0,998.0,D,2015-09-17T09:00:00+00:00,20.0,79.5,30.0,998.0,DD,2015-09-18T09:00:00+00:00,20.7,76.5,25.0,998.0,D,2015-09-15T18:00:00+00:00,2015-09-15T21:00:00+00:00,2015-09-16T00:00:00+00:00,2015-09-16T03:00:00+00:00,2015-09-16T06:00:00+00:00
NIO_2015_UNNAMED_2_8_1,,2015,TRAIN,2015-09-16T12:00:00+00:00,20.5,82.5,25.0,998.0,D,2015-09-17T00:00:00+00:00,21.1,81.5,25.0,998.0,D,2015-09-17T12:00:00+00:00,20.5,79.0,30.0,996.0,DD,2015-09-18T12:00:00+00:00,20.5,76.0,25.0,998.0,D,2015-09-15T21:00:00+00:00,2015-09-16T00:00:00+00:00,2015-09-16T03:00:00+00:00,2015-09-16T06:00:00+00:00,2015-09-16T09:00:00+00:00
NIO_2015_UNNAMED_2_8_1,,2015,TRAIN,2015-09-16T15:00:00+00:00,20.6,82.0,25.0,998.0,D,2015-09-17T03:00:00+00:00,21.0,79.5,30.0,998.0,DD,2015-09-17T15:00:00+00:00,20.0,77.5,30.0,996.0,DD,2015-09-18T15:00:00+00:00,20.5,75.8,25.0,998.0,D,2015-09-16T00:00:00+00:00,2015-09-16T03:00:00+00:00,2015-09-16T06:00:00+00:00,2015-09-16T09:00:00+00:00,2015-09-16T12:00:00+00:00
NIO_2015_UNNAMED_2_8_1,,2015,TRAIN,2015-09-16T18:00:00+00:00,20.8,81.9,25.0,998.0,D,2015-09-17T06:00:00+00:00,20.5,79.5,30.0,998.0,DD,2015-09-17T18:00:00+00:00,20.0,77.0,30.0,996.0,DD,2015-09-18T18:00:00+00:00,20.5,75.5,25.0,998.0,D,2015-09-16T03:00:00+00:00,2015-09-16T06:00:00+00:00,2015-09-16T09:00:00+00:00,2015-09-16T12:00:00+00:00,2015-09-16T15:00:00+00:00
NIO_2015_UNNAMED_2_8_1,,2015,TRAIN,2015-09-16T21:00:00+00:00,21.0,81.9,25.0,998.0,D,2015-09-17T09:00:00+00:00,20.0,79.5,30.0,998.0,DD,2015-09-17T21:00:00+00:00,20.0,76.4,30.0,996.0,DD,2015-09-18T21:00:00+00:00,20.8,75.0,25.0,998.0,D,2015-09-16T06:00:00+00:00,2015-09-16T09:00:00+00:00,2015-09-16T12:00:00+00:00,2015-09-16T15:00:00+00:00,2015-09-16T18:00:00+00:00
NIO_2015_UNNAMED_2_8_1,,2015,TRAIN,2015-09-17T00:00:00+00:00,21.1,81.5,25.0,998.0,D,2015-09-17T12:00:00+00:00,20.5,79.0,30.0,996.0,DD,2015-09-18T00:00:00+00:00,20.8,77.4,25.0,996.0,DD,2015-09-19T00:00:00+00:00,21.0,74.5,25.0,998.0,D,2015-09-16T09:00:00+00:00,2015-09-16T12:00:00+00:00,2015-09-16T15:00:00+00:00,2015-09-16T18:00:00+00:00,2015-09-16T21:00:00+00:00
NIO_2015_UNNAMED_2_9_1,,2015,TRAIN,2015-10-09T00:00:00+00:00,14.0,70.3,25.0,1004.0,D,2015-10-09T12:00:00+00:00,14.3,70.2,25.0,1002.0,D,2015-10-10T00:00:00+00:00,15.0,69.6,30.0,1001.0,DD,2015-10-11T00:00:00+00:00,15.5,69.2,30.0,1001.0,DD,2015-10-08T09:00:00+00:00,2015-10-08T12:00:00+00:00,2015-10-08T15:00:00+00:00,2015-10-08T18:00:00+00:00,2015-10-08T21:00:00+00:00
NIO_2015_UNNAMED_2_9_1,,2015,TRAIN,2015-10-09T06:00:00+00:00,14.1,70.3,25.0,1004.0,D,2015-10-09T18:00:00+00:00,14.7,69.9,30.0,1001.0,DD,2015-10-10T06:00:00+00:00,15.1,69.4,30.0,1000.0,DD,2015-10-11T06:00:00+00:00,15.7,69.2,25.0,1003.0,D,2015-10-08T15:00:00+00:00,2015-10-08T18:00:00+00:00,2015-10-08T21:00:00+00:00,2015-10-09T00:00:00+00:00,2015-10-09T03:00:00+00:00
NIO_2015_UNNAMED_2_9_1,,2015,TRAIN,2015-10-09T12:00:00+00:00,14.3,70.2,25.0,1002.0,D,2015-10-10T00:00:00+00:00,15.0,69.6,30.0,1001.0,DD,2015-10-10T12:00:00+00:00,15.2,69.3,30.0,1000.0,DD,2015-10-11T12:00:00+00:00,15.9,69.2,25.0,1004.0,D,2015-10-08T21:00:00+00:00,2015-10-09T00:00:00+00:00,2015-10-09T03:00:00+00:00,2015-10-09T06:00:00+00:00,2015-10-09T09:00:00+00:00
NIO_2015_UNNAMED_2_9_1,,2015,TRAIN,2015-10-09T18:00:00+00:00,14.7,69.9,30.0,1001.0,DD,2015-10-10T06:00:00+00:00,15.1,69.4,30.0,1000.0,DD,2015-10-10T18:00:00+00:00,15.3,69.2,30.0,1000.0,DD,2015-10-11T18:00:00+00:00,16.0,69.2,25.0,1004.0,D,2015-10-09T03:00:00+00:00,2015-10-09T06:00:00+00:00,2015-10-09T09:00:00+00:00,2015-10-09T12:00:00+00:00,2015-10-09T15:00:00+00:00
NIO_2015_UNNAMED_2_9_1,,2015,TRAIN,2015-10-10T00:00:00+00:00,15.0,69.6,30.0,1001.0,DD,2015-10-10T12:00:00+00:00,15.2,69.3,30.0,1000.0,DD,2015-10-11T00:00:00+00:00,15.5,69.2,30.0,1001.0,DD,2015-10-12T00:00:00+00:00,16.1,69.0,20.0,1004.0,D,2015-10-09T09:00:00+00:00,2015-10-09T12:00:00+00:00,2015-10-09T15:00:00+00:00,2015-10-09T18:00:00+00:00,2015-10-09T21:00:00+00:00
NIO_2016_KYANT,KYANT,2016,TRAIN,2016-10-21T00:00:00+00:00,13.5,88.5,20.0,996.0,D,2016-10-21T12:00:00+00:00,13.9,89.8,20.0,996.0,D,2016-10-22T00:00:00+00:00,13.9,90.0,20.0,996.0,D,2016-10-23T00:00:00+00:00,15.5,93.0,20.0,996.0,D,2016-10-20T09:00:00+00:00,2016-10-20T12:00:00+00:00,2016-10-20T15:00:00+00:00,2016-10-20T18:00:00+00:00,2016-10-20T21:00:00+00:00
NIO_2016_KYANT,KYANT,2016,TRAIN,2016-10-22T00:00:00+00:00,13.9,90.0,20.0,996.0,D,2016-10-22T12:00:00+00:00,14.9,92.0,20.0,996.0,D,2016-10-23T00:00:00+00:00,15.5,93.0,20.0,996.0,D,2016-10-24T00:00:00+00:00,16.4,93.2,30.0,994.0,DD,2016-10-21T09:00:00+00:00,2016-10-21T12:00:00+00:00,2016-10-21T15:00:00+00:00,2016-10-21T18:00:00+00:00,2016-10-21T21:00:00+00:00
NIO_2016_KYANT,KYANT,2016,TRAIN,2016-10-23T18:00:00+00:00,16.0,93.2,30.0,994.0,DD,2016-10-24T06:00:00+00:00,16.5,93.2,30.0,994.0,DD,2016-10-24T18:00:00+00:00,16.8,92.3,30.0,994.0,DD,2016-10-25T18:00:00+00:00,16.6,89.8,40.0,988.0,CS,2016-10-23T03:00:00+00:00,2016-10-23T06:00:00+00:00,2016-10-23T09:00:00+00:00,2016-10-23T12:00:00+00:00,2016-10-23T15:00:00+00:00
NIO_2016_KYANT,KYANT,2016,TRAIN,2016-10-24T00:00:00+00:00,16.4,93.2,30.0,994.0,DD,2016-10-24T12:00:00+00:00,16.7,92.7,30.0,994.0,DD,2016-10-25T00:00:00+00:00,16.9,91.7,30.0,990.0,DD,2016-10-26T00:00:00+00:00,16.6,89.0,40.0,988.0,CS,2016-10-23T09:00:00+00:00,2016-10-23T12:00:00+00:00,2016-10-23T15:00:00+00:00,2016-10-23T18:00:00+00:00,2016-10-23T21:00:00+00:00
NIO_2016_KYANT,KYANT,2016,TRAIN,2016-10-24T06:00:00+00:00,16.5,93.2,30.0,994.0,DD,2016-10-24T18:00:00+00:00,16.8,92.3,30.0,994.0,DD,2016-10-25T06:00:00+00:00,17.1,91.9,40.0,988.0,CS,2016-10-26T06:00:00+00:00,16.5,88.0,40.0,988.0,CS,2016-10-23T15:00:00+00:00,2016-10-23T18:00:00+00:00,2016-10-23T21:00:00+00:00,2016-10-24T00:00:00+00:00,2016-10-24T03:00:00+00:00
NIO_2016_KYANT,KYANT,2016,TRAIN,2016-10-25T03:00:00+00:00,17.0,91.2,40.0,988.0,CS,2016-10-25T15:00:00+00:00,16.7,90.2,40.0,988.0,CS,2016-10-26T03:00:00+00:00,16.6,88.5,40.0,988.0,CS,2016-10-27T03:00:00+00:00,15.3,85.1,35.0,994.0,DD,2016-10-24T12:00:00+00:00,2016-10-24T15:00:00+00:00,2016-10-24T18:00:00+00:00,2016-10-24T21:00:00+00:00,2016-10-25T00:00:00+00:00
NIO_2016_UNNAMED_2_4_1,,2016,TRAIN,2016-08-09T12:00:00+00:00,22.0,88.5,25.0,996.0,D,2016-08-10T00:00:00+00:00,22.8,89.7,25.0,995.0,D,2016-08-10T12:00:00+00:00,23.4,89.1,30.0,994.0,DD,2016-08-11T12:00:00+00:00,24.0,86.5,25.0,996.0,D,2016-08-08T21:00:00+00:00,2016-08-09T00:00:00+00:00,2016-08-09T03:00:00+00:00,2016-08-09T06:00:00+00:00,2016-08-09T09:00:00+00:00
NIO_2016_UNNAMED_2_4_1,,2016,TRAIN,2016-08-09T18:00:00+00:00,22.5,89.0,25.0,995.0,D,2016-08-10T06:00:00+00:00,23.1,89.3,30.0,994.0,DD,2016-08-10T18:00:00+00:00,23.6,88.5,30.0,994.0,DD,2016-08-11T18:00:00+00:00,24.0,85.7,25.0,996.0,D,2016-08-09T03:00:00+00:00,2016-08-09T06:00:00+00:00,2016-08-09T09:00:00+00:00,2016-08-09T12:00:00+00:00,2016-08-09T15:00:00+00:00
NIO_2016_UNNAMED_2_4_1,,2016,TRAIN,2016-08-10T00:00:00+00:00,22.8,89.7,25.0,995.0,D,2016-08-10T12:00:00+00:00,23.4,89.1,30.0,994.0,DD,2016-08-11T00:00:00+00:00,23.8,87.8,30.0,994.0,DD,2016-08-12T00:00:00+00:00,24.0,85.0,25.0,996.0,D,2016-08-09T09:00:00+00:00,2016-08-09T12:00:00+00:00,2016-08-09T15:00:00+00:00,2016-08-09T18:00:00+00:00,2016-08-09T21:00:00+00:00
NIO_2016_UNNAMED_2_4_1,,2016,TRAIN,2016-08-10T06:00:00+00:00,23.1,89.3,30.0,994.0,DD,2016-08-10T18:00:00+00:00,23.6,88.5,30.0,994.0,DD,2016-08-11T06:00:00+00:00,24.0,87.0,25.0,996.0,D,2016-08-12T06:00:00+00:00,24.0,84.5,25.0,996.0,D,2016-08-09T15:00:00+00:00,2016-08-09T18:00:00+00:00,2016-08-09T21:00:00+00:00,2016-08-10T00:00:00+00:00,2016-08-10T03:00:00+00:00
NIO_2016_UNNAMED_2_4_1,,2016,TRAIN,2016-08-10T12:00:00+00:00,23.4,89.1,30.0,994.0,DD,2016-08-11T00:00:00+00:00,23.8,87.8,30.0,994.0,DD,2016-08-11T12:00:00+00:00,24.0,86.5,25.0,996.0,D,2016-08-12T12:00:00+00:00,24.2,84.5,25.0,996.0,D,2016-08-09T21:00:00+00:00,2016-08-10T00:00:00+00:00,2016-08-10T03:00:00+00:00,2016-08-10T06:00:00+00:00,2016-08-10T09:00:00+00:00
NIO_2016_UNNAMED_2_4_1,,2016,TRAIN,2016-08-10T18:00:00+00:00,23.6,88.5,30.0,994.0,DD,2016-08-11T06:00:00+00:00,24.0,87.0,25.0,996.0,D,2016-08-11T18:00:00+00:00,24.0,85.7,25.0,996.0,D,2016-08-12T18:00:00+00:00,24.4,84.0,20.0,996.0,D,2016-08-10T03:00:00+00:00,2016-08-10T06:00:00+00:00,2016-08-10T09:00:00+00:00,2016-08-10T12:00:00+00:00,2016-08-10T15:00:00+00:00
NIO_2016_UNNAMED_2_5_1,,2016,TRAIN,2016-08-16T12:00:00+00:00,21.0,89.0,20.0,996.0,D,2016-08-17T00:00:00+00:00,21.4,88.4,20.0,996.0,D,2016-08-17T12:00:00+00:00,22.0,88.2,25.0,994.0,DD,2016-08-18T12:00:00+00:00,24.1,83.4,25.0,994.0,DD,2016-08-15T21:00:00+00:00,2016-08-16T00:00:00+00:00,2016-08-16T03:00:00+00:00,2016-08-16T06:00:00+00:00,2016-08-16T09:00:00+00:00
NIO_2016_UNNAMED_2_5_1,,2016,TRAIN,2016-08-16T18:00:00+00:00,21.2,88.7,20.0,996.0,D,2016-08-17T06:00:00+00:00,21.5,88.5,20.0,996.0,D,2016-08-17T18:00:00+00:00,22.9,86.9,25.0,994.0,DD,2016-08-18T18:00:00+00:00,24.4,82.7,25.0,994.0,DD,2016-08-16T03:00:00+00:00,2016-08-16T06:00:00+00:00,2016-08-16T09:00:00+00:00,2016-08-16T12:00:00+00:00,2016-08-16T15:00:00+00:00
NIO_2016_UNNAMED_2_5_1,,2016,TRAIN,2016-08-17T00:00:00+00:00,21.4,88.4,20.0,996.0,D,2016-08-17T12:00:00+00:00,22.0,88.2,25.0,994.0,DD,2016-08-18T00:00:00+00:00,23.7,85.7,25.0,994.0,DD,2016-08-19T00:00:00+00:00,24.7,82.1,25.0,994.0,DD,2016-08-16T09:00:00+00:00,2016-08-16T12:00:00+00:00,2016-08-16T15:00:00+00:00,2016-08-16T18:00:00+00:00,2016-08-16T21:00:00+00:00
NIO_2016_UNNAMED_2_5_1,,2016,TRAIN,2016-08-17T06:00:00+00:00,21.5,88.5,20.0,996.0,D,2016-08-17T18:00:00+00:00,22.9,86.9,25.0,994.0,DD,2016-08-18T06:00:00+00:00,24.0,84.4,25.0,994.0,DD,2016-08-19T06:00:00+00:00,24.8,80.6,25.0,994.0,DD,2016-08-16T15:00:00+00:00,2016-08-16T18:00:00+00:00,2016-08-16T21:00:00+00:00,2016-08-17T00:00:00+00:00,2016-08-17T03:00:00+00:00
NIO_2016_UNNAMED_2_5_1,,2016,TRAIN,2016-08-17T12:00:00+00:00,22.0,88.2,25.0,994.0,DD,2016-08-18T00:00:00+00:00,23.7,85.7,25.0,994.0,DD,2016-08-18T12:00:00+00:00,24.1,83.4,25.0,994.0,DD,2016-08-19T12:00:00+00:00,24.7,79.0,25.0,994.0,DD,2016-08-16T21:00:00+00:00,2016-08-17T00:00:00+00:00,2016-08-17T03:00:00+00:00,2016-08-17T06:00:00+00:00,2016-08-17T09:00:00+00:00
NIO_2016_UNNAMED_2_5_1,,2016,TRAIN,2016-08-17T18:00:00+00:00,22.9,86.9,25.0,994.0,DD,2016-08-18T06:00:00+00:00,24.0,84.4,25.0,994.0,DD,2016-08-18T18:00:00+00:00,24.4,82.7,25.0,994.0,DD,2016-08-19T18:00:00+00:00,24.7,78.4,25.0,994.0,DD,2016-08-17T03:00:00+00:00,2016-08-17T06:00:00+00:00,2016-08-17T09:00:00+00:00,2016-08-17T12:00:00+00:00,2016-08-17T15:00:00+00:00
NIO_2016_UNNAMED_2_5_1,,2016,TRAIN,2016-08-18T00:00:00+00:00,23.7,85.7,25.0,994.0,DD,2016-08-18T12:00:00+00:00,24.1,83.4,25.0,994.0,DD,2016-08-19T00:00:00+00:00,24.7,82.1,25.0,994.0,DD,2016-08-20T00:00:00+00:00,24.7,77.8,25.0,994.0,DD,2016-08-17T09:00:00+00:00,2016-08-17T12:00:00+00:00,2016-08-17T15:00:00+00:00,2016-08-17T18:00:00+00:00,2016-08-17T21:00:00+00:00
NIO_2016_UNNAMED_2_5_1,,2016,TRAIN,2016-08-18T06:00:00+00:00,24.0,84.4,25.0,994.0,DD,2016-08-18T18:00:00+00:00,24.4,82.7,25.0,994.0,DD,2016-08-19T06:00:00+00:00,24.8,80.6,25.0,994.0,DD,2016-08-20T06:00:00+00:00,24.8,77.3,25.0,994.0,DD,2016-08-17T15:00:00+00:00,2016-08-17T18:00:00+00:00,2016-08-17T21:00:00+00:00,2016-08-18T00:00:00+00:00,2016-08-18T03:00:00+00:00
NIO_2016_UNNAMED_2_5_1,,2016,TRAIN,2016-08-18T12:00:00+00:00,24.1,83.4,25.0,994.0,DD,2016-08-19T00:00:00+00:00,24.7,82.1,25.0,994.0,DD,2016-08-19T12:00:00+00:00,24.7,79.0,25.0,994.0,DD,2016-08-20T12:00:00+00:00,24.8,77.2,20.0,994.0,D,2016-08-17T21:00:00+00:00,2016-08-18T00:00:00+00:00,2016-08-18T03:00:00+00:00,2016-08-18T06:00:00+00:00,2016-08-18T09:00:00+00:00
NIO_2016_UNNAMED_2_5_1,,2016,TRAIN,2016-08-18T18:00:00+00:00,24.4,82.7,25.0,994.0,DD,2016-08-19T06:00:00+00:00,24.8,80.6,25.0,994.0,DD,2016-08-19T18:00:00+00:00,24.7,78.4,25.0,994.0,DD,2016-08-20T18:00:00+00:00,25.0,76.5,15.0,996.0,D,2016-08-18T03:00:00+00:00,2016-08-18T06:00:00+00:00,2016-08-18T09:00:00+00:00,2016-08-18T12:00:00+00:00,2016-08-18T15:00:00+00:00
NIO_2016_UNNAMED_2_7_1,,2016,TRAIN,2016-11-03T12:00:00+00:00,14.2,85.5,20.0,996.0,D,2016-11-04T00:00:00+00:00,15.5,85.0,20.0,996.0,D,2016-11-04T12:00:00+00:00,16.3,84.7,20.0,996.0,D,2016-11-05T12:00:00+00:00,19.0,88.7,20.0,996.0,D,2016-11-02T21:00:00+00:00,2016-11-03T00:00:00+00:00,2016-11-03T03:00:00+00:00,2016-11-03T06:00:00+00:00,2016-11-03T09:00:00+00:00
NIO_2016_UNNAMED_2_8_1,,2016,TRAIN,2016-11-29T12:00:00+00:00,6.5,87.5,20.0,996.0,D,2016-11-30T00:00:00+00:00,7.8,85.7,30.0,994.0,DD,2016-11-30T12:00:00+00:00,9.8,84.0,40.0,988.0,CS,2016-12-01T12:00:00+00:00,10.7,80.7,30.0,994.0,DD,2016-11-28T21:00:00+00:00,2016-11-29T00:00:00+00:00,2016-11-29T03:00:00+00:00,2016-11-29T06:00:00+00:00,2016-11-29T09:00:00+00:00
NIO_2016_UNNAMED_2_8_1,,2016,TRAIN,2016-11-29T15:00:00+00:00,6.8,87.1,20.0,996.0,D,2016-11-30T03:00:00+00:00,8.2,85.3,40.0,988.0,CS,2016-11-30T15:00:00+00:00,9.9,83.5,40.0,988.0,CS,2016-12-01T15:00:00+00:00,10.8,80.5,30.0,994.0,DD,2016-11-29T00:00:00+00:00,2016-11-29T03:00:00+00:00,2016-11-29T06:00:00+00:00,2016-11-29T09:00:00+00:00,2016-11-29T12:00:00+00:00
NIO_2017_MORA,MORA,2017,TRAIN,2017-05-28T00:00:00+00:00,14.0,88.5,25.0,998.0,D,2017-05-28T12:00:00+00:00,15.7,90.7,30.0,995.0,DD,2017-05-29T00:00:00+00:00,17.0,91.3,45.0,990.0,CS,2017-05-30T00:00:00+00:00,21.1,91.8,60.0,978.0,SCS,2017-05-27T09:00:00+00:00,2017-05-27T12:00:00+00:00,2017-05-27T15:00:00+00:00,2017-05-27T18:00:00+00:00,2017-05-27T21:00:00+00:00
NIO_2017_MORA,MORA,2017,TRAIN,2017-05-28T03:00:00+00:00,14.5,89.5,25.0,998.0,D,2017-05-28T15:00:00+00:00,16.0,91.0,35.0,994.0,CS,2017-05-29T03:00:00+00:00,17.3,91.3,45.0,990.0,CS,2017-05-30T03:00:00+00:00,21.8,91.9,60.0,978.0,SCS,2017-05-27T12:00:00+00:00,2017-05-27T15:00:00+00:00,2017-05-27T18:00:00+00:00,2017-05-27T21:00:00+00:00,2017-05-28T00:00:00+00:00
NIO_2017_MORA,MORA,2017,TRAIN,2017-05-28T06:00:00+00:00,15.0,90.0,25.0,997.0,D,2017-05-28T18:00:00+00:00,16.3,91.2,35.0,994.0,CS,2017-05-29T06:00:00+00:00,17.8,91.4,45.0,988.0,CS,2017-05-30T06:00:00+00:00,22.8,91.9,55.0,982.0,SCS,2017-05-27T15:00:00+00:00,2017-05-27T18:00:00+00:00,2017-05-27T21:00:00+00:00,2017-05-28T00:00:00+00:00,2017-05-28T03:00:00+00:00
NIO_2017_MORA,MORA,2017,TRAIN,2017-05-28T09:00:00+00:00,15.4,90.5,30.0,996.0,DD,2017-05-28T21:00:00+00:00,16.6,91.3,40.0,992.0,CS,2017-05-29T09:00:00+00:00,18.3,91.5,45.0,986.0,CS,2017-05-30T09:00:00+00:00,23.6,92.1,40.0,988.0,CS,2017-05-27T18:00:00+00:00,2017-05-27T21:00:00+00:00,2017-05-28T00:00:00+00:00,2017-05-28T03:00:00+00:00,2017-05-28T06:00:00+00:00
NIO_2017_MORA,MORA,2017,TRAIN,2017-05-28T12:00:00+00:00,15.7,90.7,30.0,995.0,DD,2017-05-29T00:00:00+00:00,17.0,91.3,45.0,990.0,CS,2017-05-29T12:00:00+00:00,18.6,91.5,50.0,984.0,SCS,2017-05-30T12:00:00+00:00,24.2,92.2,30.0,990.0,DD,2017-05-27T21:00:00+00:00,2017-05-28T00:00:00+00:00,2017-05-28T03:00:00+00:00,2017-05-28T06:00:00+00:00,2017-05-28T09:00:00+00:00
NIO_2017_MORA,MORA,2017,TRAIN,2017-05-28T18:00:00+00:00,16.3,91.2,35.0,994.0,CS,2017-05-29T06:00:00+00:00,17.8,91.4,45.0,988.0,CS,2017-05-29T18:00:00+00:00,20.0,91.6,55.0,980.0,SCS,2017-05-30T18:00:00+00:00,25.3,92.4,20.0,994.0,D,2017-05-28T03:00:00+00:00,2017-05-28T06:00:00+00:00,2017-05-28T09:00:00+00:00,2017-05-28T12:00:00+00:00,2017-05-28T15:00:00+00:00
NIO_2017_OCKHI,OCKHI,2017,TRAIN,2017-11-29T06:00:00+00:00,6.5,80.4,25.0,1004.0,D,2017-11-29T18:00:00+00:00,6.3,79.2,25.0,1002.0,D,2017-11-30T06:00:00+00:00,7.8,76.9,40.0,998.0,CS,2017-12-01T06:00:00+00:00,9.0,73.4,60.0,989.0,SCS,2017-11-28T15:00:00+00:00,2017-11-28T18:00:00+00:00,2017-11-28T21:00:00+00:00,2017-11-29T00:00:00+00:00,2017-11-29T03:00:00+00:00
NIO_2017_OCKHI,OCKHI,2017,TRAIN,2017-11-29T12:00:00+00:00,6.2,80.0,25.0,1002.0,D,2017-11-30T00:00:00+00:00,6.7,78.3,30.0,1000.0,DD,2017-11-30T12:00:00+00:00,8.2,75.8,45.0,996.0,CS,2017-12-01T12:00:00+00:00,9.2,72.8,65.0,986.0,VSCS,2017-11-28T21:00:00+00:00,2017-11-29T00:00:00+00:00,2017-11-29T03:00:00+00:00,2017-11-29T06:00:00+00:00,2017-11-29T09:00:00+00:00
NIO_2017_OCKHI,OCKHI,2017,TRAIN,2017-11-29T18:00:00+00:00,6.3,79.2,25.0,1002.0,D,2017-11-30T06:00:00+00:00,7.8,76.9,40.0,998.0,CS,2017-11-30T18:00:00+00:00,8.5,74.9,45.0,994.0,CS,2017-12-01T18:00:00+00:00,9.4,72.1,70.0,982.0,VSCS,2017-11-29T03:00:00+00:00,2017-11-29T06:00:00+00:00,2017-11-29T09:00:00+00:00,2017-11-29T12:00:00+00:00,2017-11-29T15:00:00+00:00
NIO_2017_UNNAMED_2_10_1,,2017,TRAIN,2017-12-06T06:00:00+00:00,8.8,88.3,25.0,1004.0,D,2017-12-06T18:00:00+00:00,10.0,88.0,25.0,1004.0,D,2017-12-07T06:00:00+00:00,12.2,87.9,25.0,1004.0,D,2017-12-08T06:00:00+00:00,15.5,86.7,30.0,1002.0,DD,2017-12-05T15:00:00+00:00,2017-12-05T18:00:00+00:00,2017-12-05T21:00:00+00:00,2017-12-06T00:00:00+00:00,2017-12-06T03:00:00+00:00
NIO_2017_UNNAMED_2_10_1,,2017,TRAIN,2017-12-06T12:00:00+00:00,9.8,88.0,25.0,1004.0,D,2017-12-07T00:00:00+00:00,11.1,88.0,25.0,1004.0,D,2017-12-07T12:00:00+00:00,12.8,87.7,25.0,1004.0,D,2017-12-08T12:00:00+00:00,16.5,86.3,30.0,1002.0,DD,2017-12-05T21:00:00+00:00,2017-12-06T00:00:00+00:00,2017-12-06T03:00:00+00:00,2017-12-06T06:00:00+00:00,2017-12-06T09:00:00+00:00
NIO_2017_UNNAMED_2_10_1,,2017,TRAIN,2017-12-06T18:00:00+00:00,10.0,88.0,25.0,1004.0,D,2017-12-07T06:00:00+00:00,12.2,87.9,25.0,1004.0,D,2017-12-07T18:00:00+00:00,13.4,87.6,25.0,1004.0,D,2017-12-08T18:00:00+00:00,18.0,86.2,25.0,1004.0,D,2017-12-06T03:00:00+00:00,2017-12-06T06:00:00+00:00,2017-12-06T09:00:00+00:00,2017-12-06T12:00:00+00:00,2017-12-06T15:00:00+00:00
NIO_2017_UNNAMED_2_10_1,,2017,TRAIN,2017-12-07T00:00:00+00:00,11.1,88.0,25.0,1004.0,D,2017-12-07T12:00:00+00:00,12.8,87.7,25.0,1004.0,D,2017-12-08T00:00:00+00:00,14.3,87.0,30.0,1002.0,DD,2017-12-09T00:00:00+00:00,19.0,86.3,25.0,1004.0,D,2017-12-06T09:00:00+00:00,2017-12-06T12:00:00+00:00,2017-12-06T15:00:00+00:00,2017-12-06T18:00:00+00:00,2017-12-06T21:00:00+00:00
NIO_2017_UNNAMED_2_10_1,,2017,TRAIN,2017-12-07T06:00:00+00:00,12.2,87.9,25.0,1004.0,D,2017-12-07T18:00:00+00:00,13.4,87.6,25.0,1004.0,D,2017-12-08T06:00:00+00:00,15.5,86.7,30.0,1002.0,DD,2017-12-09T06:00:00+00:00,19.5,86.7,25.0,1004.0,D,2017-12-06T15:00:00+00:00,2017-12-06T18:00:00+00:00,2017-12-06T21:00:00+00:00,2017-12-07T00:00:00+00:00,2017-12-07T03:00:00+00:00
NIO_2018_DAYE,DAYE,2018,TRAIN,2018-09-19T18:00:00+00:00,17.4,88.8,25.0,996.0,D,2018-09-20T06:00:00+00:00,17.6,86.8,30.0,995.0,DD,2018-09-20T18:00:00+00:00,19.2,85.0,35.0,992.0,CS,2018-09-21T18:00:00+00:00,21.4,78.7,25.0,996.0,D,2018-09-19T03:00:00+00:00,2018-09-19T06:00:00+00:00,2018-09-19T09:00:00+00:00,2018-09-19T12:00:00+00:00,2018-09-19T15:00:00+00:00
NIO_2018_DAYE,DAYE,2018,TRAIN,2018-09-20T00:00:00+00:00,17.5,87.5,25.0,996.0,D,2018-09-20T12:00:00+00:00,18.4,85.8,30.0,994.0,DD,2018-09-21T00:00:00+00:00,20.0,83.7,30.0,994.0,DD,2018-09-22T00:00:00+00:00,22.3,76.9,25.0,997.0,D,2018-09-19T09:00:00+00:00,2018-09-19T12:00:00+00:00,2018-09-19T15:00:00+00:00,2018-09-19T18:00:00+00:00,2018-09-19T21:00:00+00:00
NIO_2018_DAYE,DAYE,2018,TRAIN,2018-09-20T03:00:00+00:00,17.5,87.0,30.0,995.0,DD,2018-09-20T15:00:00+00:00,18.7,85.6,35.0,992.0,CS,2018-09-21T03:00:00+00:00,20.5,82.5,30.0,994.0,DD,2018-09-22T03:00:00+00:00,22.9,76.3,20.0,998.0,D,2018-09-19T12:00:00+00:00,2018-09-19T15:00:00+00:00,2018-09-19T18:00:00+00:00,2018-09-19T21:00:00+00:00,2018-09-20T00:00:00+00:00
NIO_2018_DAYE,DAYE,2018,TRAIN,2018-09-20T06:00:00+00:00,17.6,86.8,30.0,995.0,DD,2018-09-20T18:00:00+00:00,19.2,85.0,35.0,992.0,CS,2018-09-21T06:00:00+00:00,21.0,81.4,30.0,995.0,DD,2018-09-22T06:00:00+00:00,22.9,76.3,20.0,999.0,D,2018-09-19T15:00:00+00:00,2018-09-19T18:00:00+00:00,2018-09-19T21:00:00+00:00,2018-09-20T00:00:00+00:00,2018-09-20T03:00:00+00:00
NIO_2018_LUBAN,LUBAN,2018,TRAIN,2018-10-06T12:00:00+00:00,11.3,66.9,25.0,1002.0,D,2018-10-07T00:00:00+00:00,11.9,65.8,25.0,1002.0,D,2018-10-07T12:00:00+00:00,12.1,64.3,30.0,1001.0,DD,2018-10-08T12:00:00+00:00,12.5,61.0,45.0,996.0,CS,2018-10-05T21:00:00+00:00,2018-10-06T00:00:00+00:00,2018-10-06T03:00:00+00:00,2018-10-06T06:00:00+00:00,2018-10-06T09:00:00+00:00
NIO_2018_LUBAN,LUBAN,2018,TRAIN,2018-10-06T18:00:00+00:00,11.6,66.5,25.0,1002.0,D,2018-10-07T06:00:00+00:00,12.0,65.4,25.0,1002.0,D,2018-10-07T18:00:00+00:00,12.2,63.5,30.0,1000.0,DD,2018-10-08T18:00:00+00:00,12.7,60.5,45.0,994.0,CS,2018-10-06T03:00:00+00:00,2018-10-06T06:00:00+00:00,2018-10-06T09:00:00+00:00,2018-10-06T12:00:00+00:00,2018-10-06T15:00:00+00:00
NIO_2018_LUBAN,LUBAN,2018,TRAIN,2018-10-07T00:00:00+00:00,11.9,65.8,25.0,1002.0,D,2018-10-07T12:00:00+00:00,12.1,64.3,30.0,1001.0,DD,2018-10-08T00:00:00+00:00,12.3,62.4,35.0,999.0,CS,2018-10-09T00:00:00+00:00,12.9,60.2,45.0,994.0,CS,2018-10-06T09:00:00+00:00,2018-10-06T12:00:00+00:00,2018-10-06T15:00:00+00:00,2018-10-06T18:00:00+00:00,2018-10-06T21:00:00+00:00
NIO_2018_LUBAN,LUBAN,2018,TRAIN,2018-10-07T06:00:00+00:00,12.0,65.4,25.0,1002.0,D,2018-10-07T18:00:00+00:00,12.2,63.5,30.0,1000.0,DD,2018-10-08T06:00:00+00:00,12.4,61.8,40.0,997.0,CS,2018-10-09T06:00:00+00:00,13.1,60.1,45.0,994.0,CS,2018-10-06T15:00:00+00:00,2018-10-06T18:00:00+00:00,2018-10-06T21:00:00+00:00,2018-10-07T00:00:00+00:00,2018-10-07T03:00:00+00:00
NIO_2018_LUBAN,LUBAN,2018,TRAIN,2018-10-07T12:00:00+00:00,12.1,64.3,30.0,1001.0,DD,2018-10-08T00:00:00+00:00,12.3,62.4,35.0,999.0,CS,2018-10-08T12:00:00+00:00,12.5,61.0,45.0,996.0,CS,2018-10-09T12:00:00+00:00,13.3,59.7,55.0,990.0,SCS,2018-10-06T21:00:00+00:00,2018-10-07T00:00:00+00:00,2018-10-07T03:00:00+00:00,2018-10-07T06:00:00+00:00,2018-10-07T09:00:00+00:00
NIO_2018_LUBAN,LUBAN,2018,TRAIN,2018-10-07T18:00:00+00:00,12.2,63.5,30.0,1000.0,DD,2018-10-08T06:00:00+00:00,12.4,61.8,40.0,997.0,CS,2018-10-08T18:00:00+00:00,12.7,60.5,45.0,994.0,CS,2018-10-09T18:00:00+00:00,13.5,59.3,55.0,990.0,SCS,2018-10-07T03:00:00+00:00,2018-10-07T06:00:00+00:00,2018-10-07T09:00:00+00:00,2018-10-07T12:00:00+00:00,2018-10-07T15:00:00+00:00
NIO_2018_LUBAN,LUBAN,2018,TRAIN,2018-10-08T00:00:00+00:00,12.3,62.4,35.0,999.0,CS,2018-10-08T12:00:00+00:00,12.5,61.0,45.0,996.0,CS,2018-10-09T00:00:00+00:00,12.9,60.2,45.0,994.0,CS,2018-10-10T00:00:00+00:00,14.1,59.0,65.0,985.0,VSCS,2018-10-07T09:00:00+00:00,2018-10-07T12:00:00+00:00,2018-10-07T15:00:00+00:00,2018-10-07T18:00:00+00:00,2018-10-07T21:00:00+00:00
NIO_2018_LUBAN,LUBAN,2018,TRAIN,2018-10-08T03:00:00+00:00,12.4,62.0,40.0,998.0,CS,2018-10-08T15:00:00+00:00,12.6,60.8,45.0,996.0,CS,2018-10-09T03:00:00+00:00,13.0,60.1,45.0,994.0,CS,2018-10-10T03:00:00+00:00,14.1,59.0,65.0,984.0,VSCS,2018-10-07T12:00:00+00:00,2018-10-07T15:00:00+00:00,2018-10-07T18:00:00+00:00,2018-10-07T21:00:00+00:00,2018-10-08T00:00:00+00:00
NIO_2018_LUBAN,LUBAN,2018,TRAIN,2018-10-08T06:00:00+00:00,12.4,61.8,40.0,997.0,CS,2018-10-08T18:00:00+00:00,12.7,60.5,45.0,994.0,CS,2018-10-09T06:00:00+00:00,13.1,60.1,45.0,994.0,CS,2018-10-10T06:00:00+00:00,14.2,58.9,75.0,978.0,VSCS,2018-10-07T15:00:00+00:00,2018-10-07T18:00:00+00:00,2018-10-07T21:00:00+00:00,2018-10-08T00:00:00+00:00,2018-10-08T03:00:00+00:00
NIO_2018_LUBAN,LUBAN,2018,TRAIN,2018-10-08T09:00:00+00:00,12.5,61.5,45.0,996.0,CS,2018-10-08T21:00:00+00:00,12.8,60.2,45.0,994.0,CS,2018-10-09T09:00:00+00:00,13.2,60.0,50.0,992.0,SCS,2018-10-10T09:00:00+00:00,14.4,58.7,75.0,978.0,VSCS,2018-10-07T18:00:00+00:00,2018-10-07T21:00:00+00:00,2018-10-08T00:00:00+00:00,2018-10-08T03:00:00+00:00,2018-10-08T06:00:00+00:00
NIO_2018_LUBAN,LUBAN,2018,TRAIN,2018-10-08T12:00:00+00:00,12.5,61.0,45.0,996.0,CS,2018-10-09T00:00:00+00:00,12.9,60.2,45.0,994.0,CS,2018-10-09T12:00:00+00:00,13.3,59.7,55.0,990.0,SCS,2018-10-10T12:00:00+00:00,14.4,58.6,75.0,978.0,VSCS,2018-10-07T21:00:00+00:00,2018-10-08T00:00:00+00:00,2018-10-08T03:00:00+00:00,2018-10-08T06:00:00+00:00,2018-10-08T09:00:00+00:00
NIO_2018_LUBAN,LUBAN,2018,TRAIN,2018-10-08T15:00:00+00:00,12.6,60.8,45.0,996.0,CS,2018-10-09T03:00:00+00:00,13.0,60.1,45.0,994.0,CS,2018-10-09T15:00:00+00:00,13.4,59.5,55.0,990.0,SCS,2018-10-10T15:00:00+00:00,14.5,58.5,75.0,978.0,VSCS,2018-10-08T00:00:00+00:00,2018-10-08T03:00:00+00:00,2018-10-08T06:00:00+00:00,2018-10-08T09:00:00+00:00,2018-10-08T12:00:00+00:00
NIO_2018_LUBAN,LUBAN,2018,TRAIN,2018-10-08T18:00:00+00:00,12.7,60.5,45.0,994.0,CS,2018-10-09T06:00:00+00:00,13.1,60.1,45.0,994.0,CS,2018-10-09T18:00:00+00:00,13.5,59.3,55.0,990.0,SCS,2018-10-10T18:00:00+00:00,14.6,58.4,75.0,978.0,VSCS,2018-10-08T03:00:00+00:00,2018-10-08T06:00:00+00:00,2018-10-08T09:00:00+00:00,2018-10-08T12:00:00+00:00,2018-10-08T15:00:00+00:00
NIO_2018_LUBAN,LUBAN,2018,TRAIN,2018-10-08T21:00:00+00:00,12.8,60.2,45.0,994.0,CS,2018-10-09T09:00:00+00:00,13.2,60.0,50.0,992.0,SCS,2018-10-09T21:00:00+00:00,13.6,59.1,60.0,988.0,SCS,2018-10-10T21:00:00+00:00,14.6,58.4,75.0,978.0,VSCS,2018-10-08T06:00:00+00:00,2018-10-08T09:00:00+00:00,2018-10-08T12:00:00+00:00,2018-10-08T15:00:00+00:00,2018-10-08T18:00:00+00:00
NIO_2018_MEKUNU,MEKUNU,2018,TRAIN,2018-05-21T12:00:00+00:00,8.5,58.5,25.0,1004.0,D,2018-05-22T00:00:00+00:00,9.0,57.5,25.0,1002.0,D,2018-05-22T12:00:00+00:00,10.2,56.8,35.0,998.0,CS,2018-05-23T12:00:00+00:00,12.0,55.9,65.0,978.0,VSCS,2018-05-20T21:00:00+00:00,2018-05-21T00:00:00+00:00,2018-05-21T03:00:00+00:00,2018-05-21T06:00:00+00:00,2018-05-21T09:00:00+00:00
NIO_2018_MEKUNU,MEKUNU,2018,TRAIN,2018-05-21T18:00:00+00:00,8.7,58.0,25.0,1003.0,D,2018-05-22T06:00:00+00:00,9.5,57.0,30.0,1000.0,DD,2018-05-22T18:00:00+00:00,10.7,56.4,40.0,996.0,CS,2018-05-23T18:00:00+00:00,12.5,55.8,70.0,976.0,VSCS,2018-05-21T03:00:00+00:00,2018-05-21T06:00:00+00:00,2018-05-21T09:00:00+00:00,2018-05-21T12:00:00+00:00,2018-05-21T15:00:00+00:00
NIO_2018_MEKUNU,MEKUNU,2018,TRAIN,2018-05-22T00:00:00+00:00,9.0,57.5,25.0,1002.0,D,2018-05-22T12:00:00+00:00,10.2,56.8,35.0,998.0,CS,2018-05-23T00:00:00+00:00,11.0,56.0,45.0,994.0,CS,2018-05-24T00:00:00+00:00,13.0,55.6,70.0,974.0,VSCS,2018-05-21T09:00:00+00:00,2018-05-21T12:00:00+00:00,2018-05-21T15:00:00+00:00,2018-05-21T18:00:00+00:00,2018-05-21T21:00:00+00:00
NIO_2018_MEKUNU,MEKUNU,2018,TRAIN,2018-05-22T03:00:00+00:00,9.2,57.2,30.0,1001.0,DD,2018-05-22T15:00:00+00:00,10.5,56.7,35.0,998.0,CS,2018-05-23T03:00:00+00:00,11.2,55.9,55.0,984.0,SCS,2018-05-24T03:00:00+00:00,13.3,55.4,75.0,972.0,VSCS,2018-05-21T12:00:00+00:00,2018-05-21T15:00:00+00:00,2018-05-21T18:00:00+00:00,2018-05-21T21:00:00+00:00,2018-05-22T00:00:00+00:00
NIO_2018_MEKUNU,MEKUNU,2018,TRAIN,2018-05-22T06:00:00+00:00,9.5,57.0,30.0,1000.0,DD,2018-05-22T18:00:00+00:00,10.7,56.4,40.0,996.0,CS,2018-05-23T06:00:00+00:00,11.4,55.9,60.0,980.0,SCS,2018-05-24T06:00:00+00:00,13.7,55.3,80.0,970.0,VSCS,2018-05-21T15:00:00+00:00,2018-05-21T18:00:00+00:00,2018-05-21T21:00:00+00:00,2018-05-22T00:00:00+00:00,2018-05-22T03:00:00+00:00
NIO_2018_MEKUNU,MEKUNU,2018,TRAIN,2018-05-22T12:00:00+00:00,10.2,56.8,35.0,998.0,CS,2018-05-23T00:00:00+00:00,11.0,56.0,45.0,994.0,CS,2018-05-23T12:00:00+00:00,12.0,55.9,65.0,978.0,VSCS,2018-05-24T12:00:00+00:00,14.3,55.2,80.0,970.0,VSCS,2018-05-21T21:00:00+00:00,2018-05-22T00:00:00+00:00,2018-05-22T03:00:00+00:00,2018-05-22T06:00:00+00:00,2018-05-22T09:00:00+00:00
NIO_2018_MEKUNU,MEKUNU,2018,TRAIN,2018-05-22T15:00:00+00:00,10.5,56.7,35.0,998.0,CS,2018-05-23T03:00:00+00:00,11.2,55.9,55.0,984.0,SCS,2018-05-23T15:00:00+00:00,12.3,55.9,70.0,976.0,VSCS,2018-05-24T15:00:00+00:00,14.6,55.1,80.0,970.0,VSCS,2018-05-22T00:00:00+00:00,2018-05-22T03:00:00+00:00,2018-05-22T06:00:00+00:00,2018-05-22T09:00:00+00:00,2018-05-22T12:00:00+00:00
NIO_2018_MEKUNU,MEKUNU,2018,TRAIN,2018-05-22T18:00:00+00:00,10.7,56.4,40.0,996.0,CS,2018-05-23T06:00:00+00:00,11.4,55.9,60.0,980.0,SCS,2018-05-23T18:00:00+00:00,12.5,55.8,70.0,976.0,VSCS,2018-05-24T18:00:00+00:00,14.9,54.9,80.0,970.0,VSCS,2018-05-22T03:00:00+00:00,2018-05-22T06:00:00+00:00,2018-05-22T09:00:00+00:00,2018-05-22T12:00:00+00:00,2018-05-22T15:00:00+00:00
NIO_2018_MEKUNU,MEKUNU,2018,TRAIN,2018-05-22T21:00:00+00:00,10.8,56.2,40.0,996.0,CS,2018-05-23T09:00:00+00:00,11.8,55.9,65.0,978.0,VSCS,2018-05-23T21:00:00+00:00,12.8,55.7,70.0,976.0,VSCS,2018-05-24T21:00:00+00:00,15.1,54.7,80.0,970.0,VSCS,2018-05-22T06:00:00+00:00,2018-05-22T09:00:00+00:00,2018-05-22T12:00:00+00:00,2018-05-22T15:00:00+00:00,2018-05-22T18:00:00+00:00
NIO_2018_MEKUNU,MEKUNU,2018,TRAIN,2018-05-23T00:00:00+00:00,11.0,56.0,45.0,994.0,CS,2018-05-23T12:00:00+00:00,12.0,55.9,65.0,978.0,VSCS,2018-05-24T00:00:00+00:00,13.0,55.6,70.0,974.0,VSCS,2018-05-25T00:00:00+00:00,15.2,54.5,85.0,968.0,VSCS,2018-05-22T09:00:00+00:00,2018-05-22T12:00:00+00:00,2018-05-22T15:00:00+00:00,2018-05-22T18:00:00+00:00,2018-05-22T21:00:00+00:00
NIO_2018_MEKUNU,MEKUNU,2018,TRAIN,2018-05-23T03:00:00+00:00,11.2,55.9,55.0,984.0,SCS,2018-05-23T15:00:00+00:00,12.3,55.9,70.0,976.0,VSCS,2018-05-24T03:00:00+00:00,13.3,55.4,75.0,972.0,VSCS,2018-05-25T03:00:00+00:00,15.4,54.5,90.0,964.0,ESCS,2018-05-22T12:00:00+00:00,2018-05-22T15:00:00+00:00,2018-05-22T18:00:00+00:00,2018-05-22T21:00:00+00:00,2018-05-23T00:00:00+00:00
NIO_2018_MEKUNU,MEKUNU,2018,TRAIN,2018-05-23T06:00:00+00:00,11.4,55.9,60.0,980.0,SCS,2018-05-23T18:00:00+00:00,12.5,55.8,70.0,976.0,VSCS,2018-05-24T06:00:00+00:00,13.7,55.3,80.0,970.0,VSCS,2018-05-25T06:00:00+00:00,15.8,54.4,90.0,964.0,ESCS,2018-05-22T15:00:00+00:00,2018-05-22T18:00:00+00:00,2018-05-22T21:00:00+00:00,2018-05-23T00:00:00+00:00,2018-05-23T03:00:00+00:00
NIO_2018_MEKUNU,MEKUNU,2018,TRAIN,2018-05-23T09:00:00+00:00,11.8,55.9,65.0,978.0,VSCS,2018-05-23T21:00:00+00:00,12.8,55.7,70.0,976.0,VSCS,2018-05-24T09:00:00+00:00,14.0,55.2,80.0,970.0,VSCS,2018-05-25T09:00:00+00:00,16.2,54.2,90.0,962.0,ESCS,2018-05-22T18:00:00+00:00,2018-05-22T21:00:00+00:00,2018-05-23T00:00:00+00:00,2018-05-23T03:00:00+00:00,2018-05-23T06:00:00+00:00
NIO_2018_MEKUNU,MEKUNU,2018,TRAIN,2018-05-23T12:00:00+00:00,12.0,55.9,65.0,978.0,VSCS,2018-05-24T00:00:00+00:00,13.0,55.6,70.0,974.0,VSCS,2018-05-24T12:00:00+00:00,14.3,55.2,80.0,970.0,VSCS,2018-05-25T12:00:00+00:00,16.4,54.1,95.0,960.0,ESCS,2018-05-22T21:00:00+00:00,2018-05-23T00:00:00+00:00,2018-05-23T03:00:00+00:00,2018-05-23T06:00:00+00:00,2018-05-23T09:00:00+00:00
NIO_2018_MEKUNU,MEKUNU,2018,TRAIN,2018-05-23T15:00:00+00:00,12.3,55.9,70.0,976.0,VSCS,2018-05-24T03:00:00+00:00,13.3,55.4,75.0,972.0,VSCS,2018-05-24T15:00:00+00:00,14.6,55.1,80.0,970.0,VSCS,2018-05-25T15:00:00+00:00,16.5,54.0,95.0,960.0,ESCS,2018-05-23T00:00:00+00:00,2018-05-23T03:00:00+00:00,2018-05-23T06:00:00+00:00,2018-05-23T09:00:00+00:00,2018-05-23T12:00:00+00:00
NIO_2018_MEKUNU,MEKUNU,2018,TRAIN,2018-05-23T18:00:00+00:00,12.5,55.8,70.0,976.0,VSCS,2018-05-24T06:00:00+00:00,13.7,55.3,80.0,970.0,VSCS,2018-05-24T18:00:00+00:00,14.9,54.9,80.0,970.0,VSCS,2018-05-25T18:00:00+00:00,16.7,53.9,95.0,960.0,ESCS,2018-05-23T03:00:00+00:00,2018-05-23T06:00:00+00:00,2018-05-23T09:00:00+00:00,2018-05-23T12:00:00+00:00,2018-05-23T15:00:00+00:00
NIO_2018_MEKUNU,MEKUNU,2018,TRAIN,2018-05-23T21:00:00+00:00,12.8,55.7,70.0,976.0,VSCS,2018-05-24T09:00:00+00:00,14.0,55.2,80.0,970.0,VSCS,2018-05-24T21:00:00+00:00,15.1,54.7,80.0,970.0,VSCS,2018-05-25T21:00:00+00:00,17.1,53.6,90.0,964.0,ESCS,2018-05-23T06:00:00+00:00,2018-05-23T09:00:00+00:00,2018-05-23T12:00:00+00:00,2018-05-23T15:00:00+00:00,2018-05-23T18:00:00+00:00
NIO_2018_MEKUNU,MEKUNU,2018,TRAIN,2018-05-24T00:00:00+00:00,13.0,55.6,70.0,974.0,VSCS,2018-05-24T12:00:00+00:00,14.3,55.2,80.0,970.0,VSCS,2018-05-25T00:00:00+00:00,15.2,54.5,85.0,968.0,VSCS,2018-05-26T00:00:00+00:00,17.2,53.5,75.0,976.0,VSCS,2018-05-23T09:00:00+00:00,2018-05-23T12:00:00+00:00,2018-05-23T15:00:00+00:00,2018-05-23T18:00:00+00:00,2018-05-23T21:00:00+00:00
NIO_2018_MEKUNU,MEKUNU,2018,TRAIN,2018-05-24T03:00:00+00:00,13.3,55.4,75.0,972.0,VSCS,2018-05-24T15:00:00+00:00,14.6,55.1,80.0,970.0,VSCS,2018-05-25T03:00:00+00:00,15.4,54.5,90.0,964.0,ESCS,2018-05-26T03:00:00+00:00,17.4,53.4,60.0,986.0,SCS,2018-05-23T12:00:00+00:00,2018-05-23T15:00:00+00:00,2018-05-23T18:00:00+00:00,2018-05-23T21:00:00+00:00,2018-05-24T00:00:00+00:00
NIO_2018_MEKUNU,MEKUNU,2018,TRAIN,2018-05-24T06:00:00+00:00,13.7,55.3,80.0,970.0,VSCS,2018-05-24T18:00:00+00:00,14.9,54.9,80.0,970.0,VSCS,2018-05-25T06:00:00+00:00,15.8,54.4,90.0,964.0,ESCS,2018-05-26T06:00:00+00:00,17.8,53.2,50.0,988.0,SCS,2018-05-23T15:00:00+00:00,2018-05-23T18:00:00+00:00,2018-05-23T21:00:00+00:00,2018-05-24T00:00:00+00:00,2018-05-24T03:00:00+00:00
NIO_2018_MEKUNU,MEKUNU,2018,TRAIN,2018-05-24T09:00:00+00:00,14.0,55.2,80.0,970.0,VSCS,2018-05-24T21:00:00+00:00,15.1,54.7,80.0,970.0,VSCS,2018-05-25T09:00:00+00:00,16.2,54.2,90.0,962.0,ESCS,2018-05-26T09:00:00+00:00,18.1,53.1,45.0,990.0,CS,2018-05-23T18:00:00+00:00,2018-05-23T21:00:00+00:00,2018-05-24T00:00:00+00:00,2018-05-24T03:00:00+00:00,2018-05-24T06:00:00+00:00
NIO_2018_MEKUNU,MEKUNU,2018,TRAIN,2018-05-24T12:00:00+00:00,14.3,55.2,80.0,970.0,VSCS,2018-05-25T00:00:00+00:00,15.2,54.5,85.0,968.0,VSCS,2018-05-25T12:00:00+00:00,16.4,54.1,95.0,960.0,ESCS,2018-05-26T12:00:00+00:00,18.3,53.0,40.0,992.0,CS,2018-05-23T21:00:00+00:00,2018-05-24T00:00:00+00:00,2018-05-24T03:00:00+00:00,2018-05-24T06:00:00+00:00,2018-05-24T09:00:00+00:00
NIO_2018_MEKUNU,MEKUNU,2018,TRAIN,2018-05-24T15:00:00+00:00,14.6,55.1,80.0,970.0,VSCS,2018-05-25T03:00:00+00:00,15.4,54.5,90.0,964.0,ESCS,2018-05-25T15:00:00+00:00,16.5,54.0,95.0,960.0,ESCS,2018-05-26T15:00:00+00:00,18.5,52.9,35.0,994.0,CS,2018-05-24T00:00:00+00:00,2018-05-24T03:00:00+00:00,2018-05-24T06:00:00+00:00,2018-05-24T09:00:00+00:00,2018-05-24T12:00:00+00:00
NIO_2018_MEKUNU,MEKUNU,2018,TRAIN,2018-05-24T18:00:00+00:00,14.9,54.9,80.0,970.0,VSCS,2018-05-25T06:00:00+00:00,15.8,54.4,90.0,964.0,ESCS,2018-05-25T18:00:00+00:00,16.7,53.9,95.0,960.0,ESCS,2018-05-26T18:00:00+00:00,18.6,52.8,30.0,996.0,DD,2018-05-24T03:00:00+00:00,2018-05-24T06:00:00+00:00,2018-05-24T09:00:00+00:00,2018-05-24T12:00:00+00:00,2018-05-24T15:00:00+00:00
NIO_2018_MEKUNU,MEKUNU,2018,TRAIN,2018-05-25T00:00:00+00:00,15.2,54.5,85.0,968.0,VSCS,2018-05-25T12:00:00+00:00,16.4,54.1,95.0,960.0,ESCS,2018-05-26T00:00:00+00:00,17.2,53.5,75.0,976.0,VSCS,2018-05-27T00:00:00+00:00,19.0,52.6,25.0,1000.0,D,2018-05-24T09:00:00+00:00,2018-05-24T12:00:00+00:00,2018-05-24T15:00:00+00:00,2018-05-24T18:00:00+00:00,2018-05-24T21:00:00+00:00
NIO_2018_TITLI,TITLI,2018,TRAIN,2018-10-08T06:00:00+00:00,14.0,88.8,25.0,1002.0,D,2018-10-08T18:00:00+00:00,14.5,87.6,30.0,1000.0,DD,2018-10-09T06:00:00+00:00,14.8,86.7,35.0,998.0,CS,2018-10-10T06:00:00+00:00,17.0,85.6,70.0,982.0,VSCS,2018-10-07T15:00:00+00:00,2018-10-07T18:00:00+00:00,2018-10-07T21:00:00+00:00,2018-10-08T00:00:00+00:00,2018-10-08T03:00:00+00:00
NIO_2018_TITLI,TITLI,2018,TRAIN,2018-10-08T12:00:00+00:00,14.3,88.2,25.0,1002.0,D,2018-10-09T00:00:00+00:00,14.7,87.1,30.0,1000.0,DD,2018-10-09T12:00:00+00:00,15.1,86.4,40.0,996.0,CS,2018-10-10T12:00:00+00:00,17.5,85.3,80.0,972.0,VSCS,2018-10-07T21:00:00+00:00,2018-10-08T00:00:00+00:00,2018-10-08T03:00:00+00:00,2018-10-08T06:00:00+00:00,2018-10-08T09:00:00+00:00
NIO_2018_TITLI,TITLI,2018,TRAIN,2018-10-08T18:00:00+00:00,14.5,87.6,30.0,1000.0,DD,2018-10-09T06:00:00+00:00,14.8,86.7,35.0,998.0,CS,2018-10-09T18:00:00+00:00,15.5,86.0,45.0,996.0,CS,2018-10-10T18:00:00+00:00,18.2,85.1,80.0,972.0,VSCS,2018-10-08T03:00:00+00:00,2018-10-08T06:00:00+00:00,2018-10-08T09:00:00+00:00,2018-10-08T12:00:00+00:00,2018-10-08T15:00:00+00:00
NIO_2018_VISAKHAPATNAM,VISAKHAPATNAM,2018,TRAIN,2018-12-13T00:00:00+00:00,6.5,88.7,25.0,1004.0,D,2018-12-13T12:00:00+00:00,7.3,88.2,25.0,1003.0,D,2018-12-14T00:00:00+00:00,8.2,87.6,30.0,1002.0,DD,2018-12-15T00:00:00+00:00,9.0,85.5,30.0,1002.0,DD,2018-12-12T09:00:00+00:00,2018-12-12T12:00:00+00:00,2018-12-12T15:00:00+00:00,2018-12-12T18:00:00+00:00,2018-12-12T21:00:00+00:00
NIO_2018_VISAKHAPATNAM,VISAKHAPATNAM,2018,TRAIN,2018-12-13T06:00:00+00:00,6.8,88.5,25.0,1003.0,D,2018-12-13T18:00:00+00:00,7.6,88.0,30.0,1002.0,DD,2018-12-14T06:00:00+00:00,8.5,87.4,30.0,1002.0,DD,2018-12-15T06:00:00+00:00,9.4,85.1,30.0,1001.0,DD,2018-12-12T15:00:00+00:00,2018-12-12T18:00:00+00:00,2018-12-12T21:00:00+00:00,2018-12-13T00:00:00+00:00,2018-12-13T03:00:00+00:00
NIO_2018_VISAKHAPATNAM,VISAKHAPATNAM,2018,TRAIN,2018-12-13T12:00:00+00:00,7.3,88.2,25.0,1003.0,D,2018-12-14T00:00:00+00:00,8.2,87.6,30.0,1002.0,DD,2018-12-14T12:00:00+00:00,8.6,86.8,30.0,1002.0,DD,2018-12-15T12:00:00+00:00,10.3,84.9,35.0,1000.0,CS,2018-12-12T21:00:00+00:00,2018-12-13T00:00:00+00:00,2018-12-13T03:00:00+00:00,2018-12-13T06:00:00+00:00,2018-12-13T09:00:00+00:00
NIO_2018_VISAKHAPATNAM,VISAKHAPATNAM,2018,TRAIN,2018-12-13T18:00:00+00:00,7.6,88.0,30.0,1002.0,DD,2018-12-14T06:00:00+00:00,8.5,87.4,30.0,1002.0,DD,2018-12-14T18:00:00+00:00,8.8,86.2,30.0,1002.0,DD,2018-12-15T18:00:00+00:00,11.0,84.6,35.0,1000.0,CS,2018-12-13T03:00:00+00:00,2018-12-13T06:00:00+00:00,2018-12-13T09:00:00+00:00,2018-12-13T12:00:00+00:00,2018-12-13T15:00:00+00:00
NIO_2018_VISAKHAPATNAM,VISAKHAPATNAM,2018,TRAIN,2018-12-14T00:00:00+00:00,8.2,87.6,30.0,1002.0,DD,2018-12-14T12:00:00+00:00,8.6,86.8,30.0,1002.0,DD,2018-12-15T00:00:00+00:00,9.0,85.5,30.0,1002.0,DD,2018-12-16T00:00:00+00:00,11.3,84.3,40.0,998.0,CS,2018-12-13T09:00:00+00:00,2018-12-13T12:00:00+00:00,2018-12-13T15:00:00+00:00,2018-12-13T18:00:00+00:00,2018-12-13T21:00:00+00:00
NIO_2018_VISAKHAPATNAM,VISAKHAPATNAM,2018,TRAIN,2018-12-14T06:00:00+00:00,8.5,87.4,30.0,1002.0,DD,2018-12-14T18:00:00+00:00,8.8,86.2,30.0,1002.0,DD,2018-12-15T06:00:00+00:00,9.4,85.1,30.0,1001.0,DD,2018-12-16T06:00:00+00:00,12.2,83.9,45.0,996.0,CS,2018-12-13T15:00:00+00:00,2018-12-13T18:00:00+00:00,2018-12-13T21:00:00+00:00,2018-12-14T00:00:00+00:00,2018-12-14T03:00:00+00:00
NIO_2019_FANI,FANI,2019,VALIDATION,2019-04-26T06:00:00+00:00,3.0,89.4,25.0,998.0,D,2019-04-26T18:00:00+00:00,3.7,88.8,25.0,998.0,D,2019-04-27T06:00:00+00:00,5.2,88.6,35.0,995.0,CS,2019-04-28T06:00:00+00:00,7.4,87.8,45.0,992.0,CS,2019-04-25T15:00:00+00:00,2019-04-25T18:00:00+00:00,2019-04-25T21:00:00+00:00,2019-04-26T00:00:00+00:00,2019-04-26T03:00:00+00:00
NIO_2019_FANI,FANI,2019,VALIDATION,2019-04-26T12:00:00+00:00,3.2,89.2,25.0,998.0,D,2019-04-27T00:00:00+00:00,4.5,88.8,30.0,997.0,DD,2019-04-27T12:00:00+00:00,5.9,88.5,45.0,992.0,CS,2019-04-28T12:00:00+00:00,8.2,87.0,45.0,992.0,CS,2019-04-25T21:00:00+00:00,2019-04-26T00:00:00+00:00,2019-04-26T03:00:00+00:00,2019-04-26T06:00:00+00:00,2019-04-26T09:00:00+00:00
NIO_2019_FANI,FANI,2019,VALIDATION,2019-04-26T18:00:00+00:00,3.7,88.8,25.0,998.0,D,2019-04-27T06:00:00+00:00,5.2,88.6,35.0,995.0,CS,2019-04-27T18:00:00+00:00,6.6,88.2,45.0,992.0,CS,2019-04-28T18:00:00+00:00,8.4,86.9,45.0,992.0,CS,2019-04-26T03:00:00+00:00,2019-04-26T06:00:00+00:00,2019-04-26T09:00:00+00:00,2019-04-26T12:00:00+00:00,2019-04-26T15:00:00+00:00
NIO_2019_FANI,FANI,2019,VALIDATION,2019-04-27T00:00:00+00:00,4.5,88.8,30.0,997.0,DD,2019-04-27T12:00:00+00:00,5.9,88.5,45.0,992.0,CS,2019-04-28T00:00:00+00:00,7.3,87.9,45.0,992.0,CS,2019-04-29T00:00:00+00:00,8.6,86.9,45.0,992.0,CS,2019-04-26T09:00:00+00:00,2019-04-26T12:00:00+00:00,2019-04-26T15:00:00+00:00,2019-04-26T18:00:00+00:00,2019-04-26T21:00:00+00:00
NIO_2019_FANI,FANI,2019,VALIDATION,2019-04-27T03:00:00+00:00,4.9,88.7,30.0,996.0,DD,2019-04-27T15:00:00+00:00,6.3,88.5,45.0,992.0,CS,2019-04-28T03:00:00+00:00,7.3,87.9,45.0,992.0,CS,2019-04-29T03:00:00+00:00,8.7,86.9,45.0,992.0,CS,2019-04-26T12:00:00+00:00,2019-04-26T15:00:00+00:00,2019-04-26T18:00:00+00:00,2019-04-26T21:00:00+00:00,2019-04-27T00:00:00+00:00
NIO_2019_FANI,FANI,2019,VALIDATION,2019-04-27T06:00:00+00:00,5.2,88.6,35.0,995.0,CS,2019-04-27T18:00:00+00:00,6.6,88.2,45.0,992.0,CS,2019-04-28T06:00:00+00:00,7.4,87.8,45.0,992.0,CS,2019-04-29T06:00:00+00:00,9.2,86.9,45.0,992.0,CS,2019-04-26T15:00:00+00:00,2019-04-26T18:00:00+00:00,2019-04-26T21:00:00+00:00,2019-04-27T00:00:00+00:00,2019-04-27T03:00:00+00:00
NIO_2019_FANI,FANI,2019,VALIDATION,2019-04-27T09:00:00+00:00,5.4,88.5,40.0,994.0,CS,2019-04-27T21:00:00+00:00,6.9,87.9,45.0,992.0,CS,2019-04-28T09:00:00+00:00,7.7,87.5,45.0,992.0,CS,2019-04-29T09:00:00+00:00,9.7,86.8,45.0,992.0,CS,2019-04-26T18:00:00+00:00,2019-04-26T21:00:00+00:00,2019-04-27T00:00:00+00:00,2019-04-27T03:00:00+00:00,2019-04-27T06:00:00+00:00
NIO_2019_FANI,FANI,2019,VALIDATION,2019-04-27T12:00:00+00:00,5.9,88.5,45.0,992.0,CS,2019-04-28T00:00:00+00:00,7.3,87.9,45.0,992.0,CS,2019-04-28T12:00:00+00:00,8.2,87.0,45.0,992.0,CS,2019-04-29T12:00:00+00:00,10.1,86.7,55.0,986.0,SCS,2019-04-26T21:00:00+00:00,2019-04-27T00:00:00+00:00,2019-04-27T03:00:00+00:00,2019-04-27T06:00:00+00:00,2019-04-27T09:00:00+00:00
NIO_2019_FANI,FANI,2019,VALIDATION,2019-04-27T15:00:00+00:00,6.3,88.5,45.0,992.0,CS,2019-04-28T03:00:00+00:00,7.3,87.9,45.0,992.0,CS,2019-04-28T15:00:00+00:00,8.3,86.9,45.0,992.0,CS,2019-04-29T15:00:00+00:00,10.4,86.7,55.0,986.0,SCS,2019-04-27T00:00:00+00:00,2019-04-27T03:00:00+00:00,2019-04-27T06:00:00+00:00,2019-04-27T09:00:00+00:00,2019-04-27T12:00:00+00:00
NIO_2019_FANI,FANI,2019,VALIDATION,2019-04-27T18:00:00+00:00,6.6,88.2,45.0,992.0,CS,2019-04-28T06:00:00+00:00,7.4,87.8,45.0,992.0,CS,2019-04-28T18:00:00+00:00,8.4,86.9,45.0,992.0,CS,2019-04-29T18:00:00+00:00,10.8,86.6,55.0,986.0,SCS,2019-04-27T03:00:00+00:00,2019-04-27T06:00:00+00:00,2019-04-27T09:00:00+00:00,2019-04-27T12:00:00+00:00,2019-04-27T15:00:00+00:00
NIO_2019_FANI,FANI,2019,VALIDATION,2019-04-27T21:00:00+00:00,6.9,87.9,45.0,992.0,CS,2019-04-28T09:00:00+00:00,7.7,87.5,45.0,992.0,CS,2019-04-28T21:00:00+00:00,8.5,86.9,45.0,992.0,CS,2019-04-29T21:00:00+00:00,11.1,86.5,60.0,986.0,SCS,2019-04-27T06:00:00+00:00,2019-04-27T09:00:00+00:00,2019-04-27T12:00:00+00:00,2019-04-27T15:00:00+00:00,2019-04-27T18:00:00+00:00
NIO_2019_FANI,FANI,2019,VALIDATION,2019-04-28T00:00:00+00:00,7.3,87.9,45.0,992.0,CS,2019-04-28T12:00:00+00:00,8.2,87.0,45.0,992.0,CS,2019-04-29T00:00:00+00:00,8.6,86.9,45.0,992.0,CS,2019-04-30T00:00:00+00:00,11.7,86.5,65.0,980.0,VSCS,2019-04-27T09:00:00+00:00,2019-04-27T12:00:00+00:00,2019-04-27T15:00:00+00:00,2019-04-27T18:00:00+00:00,2019-04-27T21:00:00+00:00
NIO_2019_FANI,FANI,2019,VALIDATION,2019-04-28T03:00:00+00:00,7.3,87.9,45.0,992.0,CS,2019-04-28T15:00:00+00:00,8.3,86.9,45.0,992.0,CS,2019-04-29T03:00:00+00:00,8.7,86.9,45.0,992.0,CS,2019-04-30T03:00:00+00:00,12.3,86.2,75.0,974.0,VSCS,2019-04-27T12:00:00+00:00,2019-04-27T15:00:00+00:00,2019-04-27T18:00:00+00:00,2019-04-27T21:00:00+00:00,2019-04-28T00:00:00+00:00
NIO_2019_FANI,FANI,2019,VALIDATION,2019-04-28T06:00:00+00:00,7.4,87.8,45.0,992.0,CS,2019-04-28T18:00:00+00:00,8.4,86.9,45.0,992.0,CS,2019-04-29T06:00:00+00:00,9.2,86.9,45.0,992.0,CS,2019-04-30T06:00:00+00:00,12.6,85.7,80.0,970.0,VSCS,2019-04-27T15:00:00+00:00,2019-04-27T18:00:00+00:00,2019-04-27T21:00:00+00:00,2019-04-28T00:00:00+00:00,2019-04-28T03:00:00+00:00
NIO_2019_FANI,FANI,2019,VALIDATION,2019-04-28T09:00:00+00:00,7.7,87.5,45.0,992.0,CS,2019-04-28T21:00:00+00:00,8.5,86.9,45.0,992.0,CS,2019-04-29T09:00:00+00:00,9.7,86.8,45.0,992.0,CS,2019-04-30T09:00:00+00:00,13.0,85.3,85.0,966.0,VSCS,2019-04-27T18:00:00+00:00,2019-04-27T21:00:00+00:00,2019-04-28T00:00:00+00:00,2019-04-28T03:00:00+00:00,2019-04-28T06:00:00+00:00
NIO_2019_FANI,FANI,2019,VALIDATION,2019-04-28T12:00:00+00:00,8.2,87.0,45.0,992.0,CS,2019-04-29T00:00:00+00:00,8.6,86.9,45.0,992.0,CS,2019-04-29T12:00:00+00:00,10.1,86.7,55.0,986.0,SCS,2019-04-30T12:00:00+00:00,13.3,84.7,90.0,962.0,ESCS,2019-04-27T21:00:00+00:00,2019-04-28T00:00:00+00:00,2019-04-28T03:00:00+00:00,2019-04-28T06:00:00+00:00,2019-04-28T09:00:00+00:00
NIO_2019_FANI,FANI,2019,VALIDATION,2019-04-28T15:00:00+00:00,8.3,86.9,45.0,992.0,CS,2019-04-29T03:00:00+00:00,8.7,86.9,45.0,992.0,CS,2019-04-29T15:00:00+00:00,10.4,86.7,55.0,986.0,SCS,2019-04-30T15:00:00+00:00,13.4,84.5,95.0,957.0,ESCS,2019-04-28T00:00:00+00:00,2019-04-28T03:00:00+00:00,2019-04-28T06:00:00+00:00,2019-04-28T09:00:00+00:00,2019-04-28T12:00:00+00:00
NIO_2019_FANI,FANI,2019,VALIDATION,2019-04-28T18:00:00+00:00,8.4,86.9,45.0,992.0,CS,2019-04-29T06:00:00+00:00,9.2,86.9,45.0,992.0,CS,2019-04-29T18:00:00+00:00,10.8,86.6,55.0,986.0,SCS,2019-04-30T18:00:00+00:00,13.5,84.4,95.0,957.0,ESCS,2019-04-28T03:00:00+00:00,2019-04-28T06:00:00+00:00,2019-04-28T09:00:00+00:00,2019-04-28T12:00:00+00:00,2019-04-28T15:00:00+00:00
NIO_2019_FANI,FANI,2019,VALIDATION,2019-04-28T21:00:00+00:00,8.5,86.9,45.0,992.0,CS,2019-04-29T09:00:00+00:00,9.7,86.8,45.0,992.0,CS,2019-04-29T21:00:00+00:00,11.1,86.5,60.0,986.0,SCS,2019-04-30T21:00:00+00:00,13.6,84.2,95.0,957.0,ESCS,2019-04-28T06:00:00+00:00,2019-04-28T09:00:00+00:00,2019-04-28T12:00:00+00:00,2019-04-28T15:00:00+00:00,2019-04-28T18:00:00+00:00
NIO_2019_FANI,FANI,2019,VALIDATION,2019-04-29T00:00:00+00:00,8.6,86.9,45.0,992.0,CS,2019-04-29T12:00:00+00:00,10.1,86.7,55.0,986.0,SCS,2019-04-30T00:00:00+00:00,11.7,86.5,65.0,980.0,VSCS,2019-05-01T00:00:00+00:00,13.9,84.0,95.0,957.0,ESCS,2019-04-28T09:00:00+00:00,2019-04-28T12:00:00+00:00,2019-04-28T15:00:00+00:00,2019-04-28T18:00:00+00:00,2019-04-28T21:00:00+00:00
NIO_2019_FANI,FANI,2019,VALIDATION,2019-04-29T03:00:00+00:00,8.7,86.9,45.0,992.0,CS,2019-04-29T15:00:00+00:00,10.4,86.7,55.0,986.0,SCS,2019-04-30T03:00:00+00:00,12.3,86.2,75.0,974.0,VSCS,2019-05-01T03:00:00+00:00,14.1,83.9,95.0,957.0,ESCS,2019-04-28T12:00:00+00:00,2019-04-28T15:00:00+00:00,2019-04-28T18:00:00+00:00,2019-04-28T21:00:00+00:00,2019-04-29T00:00:00+00:00
NIO_2019_FANI,FANI,2019,VALIDATION,2019-04-29T06:00:00+00:00,9.2,86.9,45.0,992.0,CS,2019-04-29T18:00:00+00:00,10.8,86.6,55.0,986.0,SCS,2019-04-30T06:00:00+00:00,12.6,85.7,80.0,970.0,VSCS,2019-05-01T06:00:00+00:00,14.2,83.9,95.0,957.0,ESCS,2019-04-28T15:00:00+00:00,2019-04-28T18:00:00+00:00,2019-04-28T21:00:00+00:00,2019-04-29T00:00:00+00:00,2019-04-29T03:00:00+00:00
NIO_2019_FANI,FANI,2019,VALIDATION,2019-04-29T09:00:00+00:00,9.7,86.8,45.0,992.0,CS,2019-04-29T21:00:00+00:00,11.1,86.5,60.0,986.0,SCS,2019-04-30T09:00:00+00:00,13.0,85.3,85.0,966.0,VSCS,2019-05-01T09:00:00+00:00,14.5,84.1,95.0,955.0,ESCS,2019-04-28T18:00:00+00:00,2019-04-28T21:00:00+00:00,2019-04-29T00:00:00+00:00,2019-04-29T03:00:00+00:00,2019-04-29T06:00:00+00:00
NIO_2019_FANI,FANI,2019,VALIDATION,2019-04-29T12:00:00+00:00,10.1,86.7,55.0,986.0,SCS,2019-04-30T00:00:00+00:00,11.7,86.5,65.0,980.0,VSCS,2019-04-30T12:00:00+00:00,13.3,84.7,90.0,962.0,ESCS,2019-05-01T12:00:00+00:00,14.9,84.1,100.0,950.0,ESCS,2019-04-28T21:00:00+00:00,2019-04-29T00:00:00+00:00,2019-04-29T03:00:00+00:00,2019-04-29T06:00:00+00:00,2019-04-29T09:00:00+00:00
NIO_2019_FANI,FANI,2019,VALIDATION,2019-04-29T15:00:00+00:00,10.4,86.7,55.0,986.0,SCS,2019-04-30T03:00:00+00:00,12.3,86.2,75.0,974.0,VSCS,2019-04-30T15:00:00+00:00,13.4,84.5,95.0,957.0,ESCS,2019-05-01T15:00:00+00:00,15.1,84.1,100.0,950.0,ESCS,2019-04-29T00:00:00+00:00,2019-04-29T03:00:00+00:00,2019-04-29T06:00:00+00:00,2019-04-29T09:00:00+00:00,2019-04-29T12:00:00+00:00
NIO_2019_FANI,FANI,2019,VALIDATION,2019-04-29T18:00:00+00:00,10.8,86.6,55.0,986.0,SCS,2019-04-30T06:00:00+00:00,12.6,85.7,80.0,970.0,VSCS,2019-04-30T18:00:00+00:00,13.5,84.4,95.0,957.0,ESCS,2019-05-01T18:00:00+00:00,15.2,84.1,100.0,950.0,ESCS,2019-04-29T03:00:00+00:00,2019-04-29T06:00:00+00:00,2019-04-29T09:00:00+00:00,2019-04-29T12:00:00+00:00,2019-04-29T15:00:00+00:00
NIO_2019_FANI,FANI,2019,VALIDATION,2019-04-29T21:00:00+00:00,11.1,86.5,60.0,986.0,SCS,2019-04-30T09:00:00+00:00,13.0,85.3,85.0,966.0,VSCS,2019-04-30T21:00:00+00:00,13.6,84.2,95.0,957.0,ESCS,2019-05-01T21:00:00+00:00,15.5,84.2,100.0,950.0,ESCS,2019-04-29T06:00:00+00:00,2019-04-29T09:00:00+00:00,2019-04-29T12:00:00+00:00,2019-04-29T15:00:00+00:00,2019-04-29T18:00:00+00:00
NIO_2019_FANI,FANI,2019,VALIDATION,2019-04-30T00:00:00+00:00,11.7,86.5,65.0,980.0,VSCS,2019-04-30T12:00:00+00:00,13.3,84.7,90.0,962.0,ESCS,2019-05-01T00:00:00+00:00,13.9,84.0,95.0,957.0,ESCS,2019-05-02T00:00:00+00:00,15.9,84.5,105.0,945.0,ESCS,2019-04-29T09:00:00+00:00,2019-04-29T12:00:00+00:00,2019-04-29T15:00:00+00:00,2019-04-29T18:00:00+00:00,2019-04-29T21:00:00+00:00
NIO_2019_FANI,FANI,2019,VALIDATION,2019-04-30T03:00:00+00:00,12.3,86.2,75.0,974.0,VSCS,2019-04-30T15:00:00+00:00,13.4,84.5,95.0,957.0,ESCS,2019-05-01T03:00:00+00:00,14.1,83.9,95.0,957.0,ESCS,2019-05-02T03:00:00+00:00,16.2,84.6,105.0,945.0,ESCS,2019-04-29T12:00:00+00:00,2019-04-29T15:00:00+00:00,2019-04-29T18:00:00+00:00,2019-04-29T21:00:00+00:00,2019-04-30T00:00:00+00:00
NIO_2019_FANI,FANI,2019,VALIDATION,2019-04-30T06:00:00+00:00,12.6,85.7,80.0,970.0,VSCS,2019-04-30T18:00:00+00:00,13.5,84.4,95.0,957.0,ESCS,2019-05-01T06:00:00+00:00,14.2,83.9,95.0,957.0,ESCS,2019-05-02T06:00:00+00:00,16.7,84.8,110.0,940.0,ESCS,2019-04-29T15:00:00+00:00,2019-04-29T18:00:00+00:00,2019-04-29T21:00:00+00:00,2019-04-30T00:00:00+00:00,2019-04-30T03:00:00+00:00
NIO_2019_FANI,FANI,2019,VALIDATION,2019-04-30T09:00:00+00:00,13.0,85.3,85.0,966.0,VSCS,2019-04-30T21:00:00+00:00,13.6,84.2,95.0,957.0,ESCS,2019-05-01T09:00:00+00:00,14.5,84.1,95.0,955.0,ESCS,2019-05-02T09:00:00+00:00,17.1,84.8,115.0,932.0,ESCS,2019-04-29T18:00:00+00:00,2019-04-29T21:00:00+00:00,2019-04-30T00:00:00+00:00,2019-04-30T03:00:00+00:00,2019-04-30T06:00:00+00:00
NIO_2019_FANI,FANI,2019,VALIDATION,2019-04-30T12:00:00+00:00,13.3,84.7,90.0,962.0,ESCS,2019-05-01T00:00:00+00:00,13.9,84.0,95.0,957.0,ESCS,2019-05-01T12:00:00+00:00,14.9,84.1,100.0,950.0,ESCS,2019-05-02T12:00:00+00:00,17.5,84.8,115.0,932.0,ESCS,2019-04-29T21:00:00+00:00,2019-04-30T00:00:00+00:00,2019-04-30T03:00:00+00:00,2019-04-30T06:00:00+00:00,2019-04-30T09:00:00+00:00
NIO_2019_FANI,FANI,2019,VALIDATION,2019-04-30T15:00:00+00:00,13.4,84.5,95.0,957.0,ESCS,2019-05-01T03:00:00+00:00,14.1,83.9,95.0,957.0,ESCS,2019-05-01T15:00:00+00:00,15.1,84.1,100.0,950.0,ESCS,2019-05-02T15:00:00+00:00,17.8,84.9,115.0,934.0,ESCS,2019-04-30T00:00:00+00:00,2019-04-30T03:00:00+00:00,2019-04-30T06:00:00+00:00,2019-04-30T09:00:00+00:00,2019-04-30T12:00:00+00:00
NIO_2019_FANI,FANI,2019,VALIDATION,2019-04-30T18:00:00+00:00,13.5,84.4,95.0,957.0,ESCS,2019-05-01T06:00:00+00:00,14.2,83.9,95.0,957.0,ESCS,2019-05-01T18:00:00+00:00,15.2,84.1,100.0,950.0,ESCS,2019-05-02T18:00:00+00:00,18.2,85.0,115.0,934.0,ESCS,2019-04-30T03:00:00+00:00,2019-04-30T06:00:00+00:00,2019-04-30T09:00:00+00:00,2019-04-30T12:00:00+00:00,2019-04-30T15:00:00+00:00
NIO_2019_FANI,FANI,2019,VALIDATION,2019-04-30T21:00:00+00:00,13.6,84.2,95.0,957.0,ESCS,2019-05-01T09:00:00+00:00,14.5,84.1,95.0,955.0,ESCS,2019-05-01T21:00:00+00:00,15.5,84.2,100.0,950.0,ESCS,2019-05-02T21:00:00+00:00,18.6,85.2,115.0,934.0,ESCS,2019-04-30T06:00:00+00:00,2019-04-30T09:00:00+00:00,2019-04-30T12:00:00+00:00,2019-04-30T15:00:00+00:00,2019-04-30T18:00:00+00:00
NIO_2019_FANI,FANI,2019,VALIDATION,2019-05-01T00:00:00+00:00,13.9,84.0,95.0,957.0,ESCS,2019-05-01T12:00:00+00:00,14.9,84.1,100.0,950.0,ESCS,2019-05-02T00:00:00+00:00,15.9,84.5,105.0,945.0,ESCS,2019-05-03T00:00:00+00:00,19.1,85.5,105.0,945.0,ESCS,2019-04-30T09:00:00+00:00,2019-04-30T12:00:00+00:00,2019-04-30T15:00:00+00:00,2019-04-30T18:00:00+00:00,2019-04-30T21:00:00+00:00
NIO_2019_FANI,FANI,2019,VALIDATION,2019-05-01T03:00:00+00:00,14.1,83.9,95.0,957.0,ESCS,2019-05-01T15:00:00+00:00,15.1,84.1,100.0,950.0,ESCS,2019-05-02T03:00:00+00:00,16.2,84.6,105.0,945.0,ESCS,2019-05-03T03:00:00+00:00,19.6,85.7,100.0,952.0,ESCS,2019-04-30T12:00:00+00:00,2019-04-30T15:00:00+00:00,2019-04-30T18:00:00+00:00,2019-04-30T21:00:00+00:00,2019-05-01T00:00:00+00:00
NIO_2019_FANI,FANI,2019,VALIDATION,2019-05-01T06:00:00+00:00,14.2,83.9,95.0,957.0,ESCS,2019-05-01T18:00:00+00:00,15.2,84.1,100.0,950.0,ESCS,2019-05-02T06:00:00+00:00,16.7,84.8,110.0,940.0,ESCS,2019-05-03T06:00:00+00:00,20.2,85.9,85.0,966.0,VSCS,2019-04-30T15:00:00+00:00,2019-04-30T18:00:00+00:00,2019-04-30T21:00:00+00:00,2019-05-01T00:00:00+00:00,2019-05-01T03:00:00+00:00
NIO_2019_FANI,FANI,2019,VALIDATION,2019-05-01T09:00:00+00:00,14.5,84.1,95.0,955.0,ESCS,2019-05-01T21:00:00+00:00,15.5,84.2,100.0,950.0,ESCS,2019-05-02T09:00:00+00:00,17.1,84.8,115.0,932.0,ESCS,2019-05-03T09:00:00+00:00,20.5,86.0,75.0,970.0,VSCS,2019-04-30T18:00:00+00:00,2019-04-30T21:00:00+00:00,2019-05-01T00:00:00+00:00,2019-05-01T03:00:00+00:00,2019-05-01T06:00:00+00:00
NIO_2019_FANI,FANI,2019,VALIDATION,2019-05-01T12:00:00+00:00,14.9,84.1,100.0,950.0,ESCS,2019-05-02T00:00:00+00:00,15.9,84.5,105.0,945.0,ESCS,2019-05-02T12:00:00+00:00,17.5,84.8,115.0,932.0,ESCS,2019-05-03T12:00:00+00:00,21.1,86.5,70.0,976.0,VSCS,2019-04-30T21:00:00+00:00,2019-05-01T00:00:00+00:00,2019-05-01T03:00:00+00:00,2019-05-01T06:00:00+00:00,2019-05-01T09:00:00+00:00
NIO_2019_FANI,FANI,2019,VALIDATION,2019-05-01T15:00:00+00:00,15.1,84.1,100.0,950.0,ESCS,2019-05-02T03:00:00+00:00,16.2,84.6,105.0,945.0,ESCS,2019-05-02T15:00:00+00:00,17.8,84.9,115.0,934.0,ESCS,2019-05-03T15:00:00+00:00,21.5,86.7,60.0,980.0,SCS,2019-05-01T00:00:00+00:00,2019-05-01T03:00:00+00:00,2019-05-01T06:00:00+00:00,2019-05-01T09:00:00+00:00,2019-05-01T12:00:00+00:00
NIO_2019_FANI,FANI,2019,VALIDATION,2019-05-01T18:00:00+00:00,15.2,84.1,100.0,950.0,ESCS,2019-05-02T06:00:00+00:00,16.7,84.8,110.0,940.0,ESCS,2019-05-02T18:00:00+00:00,18.2,85.0,115.0,934.0,ESCS,2019-05-03T18:00:00+00:00,21.9,87.1,55.0,986.0,SCS,2019-05-01T03:00:00+00:00,2019-05-01T06:00:00+00:00,2019-05-01T09:00:00+00:00,2019-05-01T12:00:00+00:00,2019-05-01T15:00:00+00:00
NIO_2019_FANI,FANI,2019,VALIDATION,2019-05-01T21:00:00+00:00,15.5,84.2,100.0,950.0,ESCS,2019-05-02T09:00:00+00:00,17.1,84.8,115.0,932.0,ESCS,2019-05-02T21:00:00+00:00,18.6,85.2,115.0,934.0,ESCS,2019-05-03T21:00:00+00:00,22.5,87.9,50.0,990.0,SCS,2019-05-01T06:00:00+00:00,2019-05-01T09:00:00+00:00,2019-05-01T12:00:00+00:00,2019-05-01T15:00:00+00:00,2019-05-01T18:00:00+00:00
NIO_2019_FANI,FANI,2019,VALIDATION,2019-05-02T00:00:00+00:00,15.9,84.5,105.0,945.0,ESCS,2019-05-02T12:00:00+00:00,17.5,84.8,115.0,932.0,ESCS,2019-05-03T00:00:00+00:00,19.1,85.5,105.0,945.0,ESCS,2019-05-04T00:00:00+00:00,23.1,88.2,40.0,994.0,CS,2019-05-01T09:00:00+00:00,2019-05-01T12:00:00+00:00,2019-05-01T15:00:00+00:00,2019-05-01T18:00:00+00:00,2019-05-01T21:00:00+00:00
NIO_2019_FANI,FANI,2019,VALIDATION,2019-05-02T03:00:00+00:00,16.2,84.6,105.0,945.0,ESCS,2019-05-02T15:00:00+00:00,17.8,84.9,115.0,934.0,ESCS,2019-05-03T03:00:00+00:00,19.6,85.7,100.0,952.0,ESCS,2019-05-04T03:00:00+00:00,23.6,88.8,30.0,996.0,DD,2019-05-01T12:00:00+00:00,2019-05-01T15:00:00+00:00,2019-05-01T18:00:00+00:00,2019-05-01T21:00:00+00:00,2019-05-02T00:00:00+00:00
NIO_2019_FANI,FANI,2019,VALIDATION,2019-05-02T06:00:00+00:00,16.7,84.8,110.0,940.0,ESCS,2019-05-02T18:00:00+00:00,18.2,85.0,115.0,934.0,ESCS,2019-05-03T06:00:00+00:00,20.2,85.9,85.0,966.0,VSCS,2019-05-04T06:00:00+00:00,24.3,89.3,25.0,998.0,D,2019-05-01T15:00:00+00:00,2019-05-01T18:00:00+00:00,2019-05-01T21:00:00+00:00,2019-05-02T00:00:00+00:00,2019-05-02T03:00:00+00:00
NIO_2019_FANI,FANI,2019,VALIDATION,2019-05-02T12:00:00+00:00,17.5,84.8,115.0,932.0,ESCS,2019-05-03T00:00:00+00:00,19.1,85.5,105.0,945.0,ESCS,2019-05-03T12:00:00+00:00,21.1,86.5,70.0,976.0,VSCS,2019-05-04T12:00:00+00:00,25.2,90.7,20.0,1000.0,D,2019-05-01T21:00:00+00:00,2019-05-02T00:00:00+00:00,2019-05-02T03:00:00+00:00,2019-05-02T06:00:00+00:00,2019-05-02T09:00:00+00:00
NIO_2019_HIKAA,HIKAA,2019,VALIDATION,2019-09-22T06:00:00+00:00,20.0,69.0,25.0,1000.0,D,2019-09-22T18:00:00+00:00,20.5,67.2,30.0,998.0,DD,2019-09-23T06:00:00+00:00,20.3,65.0,45.0,994.0,CS,2019-09-24T06:00:00+00:00,20.0,59.5,75.0,978.0,VSCS,2019-09-21T15:00:00+00:00,2019-09-21T18:00:00+00:00,2019-09-21T21:00:00+00:00,2019-09-22T00:00:00+00:00,2019-09-22T03:00:00+00:00
NIO_2019_HIKAA,HIKAA,2019,VALIDATION,2019-09-22T12:00:00+00:00,20.4,68.2,30.0,999.0,DD,2019-09-23T00:00:00+00:00,20.5,66.2,35.0,997.0,CS,2019-09-23T12:00:00+00:00,20.2,63.7,55.0,988.0,SCS,2019-09-24T12:00:00+00:00,19.8,58.3,75.0,978.0,VSCS,2019-09-21T21:00:00+00:00,2019-09-22T00:00:00+00:00,2019-09-22T03:00:00+00:00,2019-09-22T06:00:00+00:00,2019-09-22T09:00:00+00:00
NIO_2019_HIKAA,HIKAA,2019,VALIDATION,2019-09-22T18:00:00+00:00,20.5,67.2,30.0,998.0,DD,2019-09-23T06:00:00+00:00,20.3,65.0,45.0,994.0,CS,2019-09-23T18:00:00+00:00,20.2,62.3,60.0,986.0,SCS,2019-09-24T18:00:00+00:00,19.7,57.1,55.0,989.0,SCS,2019-09-22T03:00:00+00:00,2019-09-22T06:00:00+00:00,2019-09-22T09:00:00+00:00,2019-09-22T12:00:00+00:00,2019-09-22T15:00:00+00:00
NIO_2019_HIKAA,HIKAA,2019,VALIDATION,2019-09-23T00:00:00+00:00,20.5,66.2,35.0,997.0,CS,2019-09-23T12:00:00+00:00,20.2,63.7,55.0,988.0,SCS,2019-09-24T00:00:00+00:00,20.1,61.0,70.0,980.0,VSCS,2019-09-25T00:00:00+00:00,19.6,55.9,35.0,997.0,CS,2019-09-22T09:00:00+00:00,2019-09-22T12:00:00+00:00,2019-09-22T15:00:00+00:00,2019-09-22T18:00:00+00:00,2019-09-22T21:00:00+00:00
NIO_2019_HIKAA,HIKAA,2019,VALIDATION,2019-09-23T03:00:00+00:00,20.4,65.7,40.0,996.0,CS,2019-09-23T15:00:00+00:00,20.2,62.9,55.0,988.0,SCS,2019-09-24T03:00:00+00:00,20.1,60.3,70.0,980.0,VSCS,2019-09-25T03:00:00+00:00,19.5,55.5,30.0,999.0,DD,2019-09-22T12:00:00+00:00,2019-09-22T15:00:00+00:00,2019-09-22T18:00:00+00:00,2019-09-22T21:00:00+00:00,2019-09-23T00:00:00+00:00
NIO_2019_HIKAA,HIKAA,2019,VALIDATION,2019-09-23T06:00:00+00:00,20.3,65.0,45.0,994.0,CS,2019-09-23T18:00:00+00:00,20.2,62.3,60.0,986.0,SCS,2019-09-24T06:00:00+00:00,20.0,59.5,75.0,978.0,VSCS,2019-09-25T06:00:00+00:00,19.3,55.0,25.0,1002.0,D,2019-09-22T15:00:00+00:00,2019-09-22T18:00:00+00:00,2019-09-22T21:00:00+00:00,2019-09-23T00:00:00+00:00,2019-09-23T03:00:00+00:00
NIO_2019_KYARR,KYARR,2019,VALIDATION,2019-10-24T06:00:00+00:00,15.4,70.4,25.0,1000.0,D,2019-10-24T18:00:00+00:00,15.7,71.3,30.0,997.0,DD,2019-10-25T06:00:00+00:00,16.1,71.8,45.0,994.0,CS,2019-10-26T06:00:00+00:00,16.6,70.0,75.0,978.0,VSCS,2019-10-23T15:00:00+00:00,2019-10-23T18:00:00+00:00,2019-10-23T21:00:00+00:00,2019-10-24T00:00:00+00:00,2019-10-24T03:00:00+00:00
NIO_2019_KYARR,KYARR,2019,VALIDATION,2019-10-24T12:00:00+00:00,15.5,70.8,30.0,998.0,DD,2019-10-25T00:00:00+00:00,15.9,71.5,40.0,996.0,CS,2019-10-25T12:00:00+00:00,16.3,71.7,50.0,992.0,SCS,2019-10-26T12:00:00+00:00,16.7,69.4,85.0,970.0,VSCS,2019-10-23T21:00:00+00:00,2019-10-24T00:00:00+00:00,2019-10-24T03:00:00+00:00,2019-10-24T06:00:00+00:00,2019-10-24T09:00:00+00:00
NIO_2019_KYARR,KYARR,2019,VALIDATION,2019-10-24T18:00:00+00:00,15.7,71.3,30.0,997.0,DD,2019-10-25T06:00:00+00:00,16.1,71.8,45.0,994.0,CS,2019-10-25T18:00:00+00:00,16.4,71.5,55.0,990.0,SCS,2019-10-26T18:00:00+00:00,16.8,68.9,105.0,950.0,ESCS,2019-10-24T03:00:00+00:00,2019-10-24T06:00:00+00:00,2019-10-24T09:00:00+00:00,2019-10-24T12:00:00+00:00,2019-10-24T15:00:00+00:00
NIO_2019_KYARR,KYARR,2019,VALIDATION,2019-10-25T00:00:00+00:00,15.9,71.5,40.0,996.0,CS,2019-10-25T12:00:00+00:00,16.3,71.7,50.0,992.0,SCS,2019-10-26T00:00:00+00:00,16.5,70.8,65.0,984.0,VSCS,2019-10-27T00:00:00+00:00,17.0,68.2,120.0,934.0,SuCS,2019-10-24T09:00:00+00:00,2019-10-24T12:00:00+00:00,2019-10-24T15:00:00+00:00,2019-10-24T18:00:00+00:00,2019-10-24T21:00:00+00:00
NIO_2019_KYARR,KYARR,2019,VALIDATION,2019-10-25T03:00:00+00:00,16.0,71.6,40.0,996.0,CS,2019-10-25T15:00:00+00:00,16.3,71.7,55.0,991.0,SCS,2019-10-26T03:00:00+00:00,16.6,70.5,65.0,984.0,VSCS,2019-10-27T03:00:00+00:00,17.1,67.8,125.0,928.0,SuCS,2019-10-24T12:00:00+00:00,2019-10-24T15:00:00+00:00,2019-10-24T18:00:00+00:00,2019-10-24T21:00:00+00:00,2019-10-25T00:00:00+00:00
NIO_2019_KYARR,KYARR,2019,VALIDATION,2019-10-25T06:00:00+00:00,16.1,71.8,45.0,994.0,CS,2019-10-25T18:00:00+00:00,16.4,71.5,55.0,990.0,SCS,2019-10-26T06:00:00+00:00,16.6,70.0,75.0,978.0,VSCS,2019-10-27T06:00:00+00:00,17.2,67.3,125.0,928.0,SuCS,2019-10-24T15:00:00+00:00,2019-10-24T18:00:00+00:00,2019-10-24T21:00:00+00:00,2019-10-25T00:00:00+00:00,2019-10-25T03:00:00+00:00
NIO_2019_KYARR,KYARR,2019,VALIDATION,2019-10-25T09:00:00+00:00,16.2,71.7,45.0,994.0,CS,2019-10-25T21:00:00+00:00,16.5,71.2,60.0,988.0,SCS,2019-10-26T09:00:00+00:00,16.6,69.8,80.0,974.0,VSCS,2019-10-27T09:00:00+00:00,17.4,67.0,130.0,922.0,SuCS,2019-10-24T18:00:00+00:00,2019-10-24T21:00:00+00:00,2019-10-25T00:00:00+00:00,2019-10-25T03:00:00+00:00,2019-10-25T06:00:00+00:00
NIO_2019_KYARR,KYARR,2019,VALIDATION,2019-10-25T12:00:00+00:00,16.3,71.7,50.0,992.0,SCS,2019-10-26T00:00:00+00:00,16.5,70.8,65.0,984.0,VSCS,2019-10-26T12:00:00+00:00,16.7,69.4,85.0,970.0,VSCS,2019-10-27T12:00:00+00:00,17.5,66.7,130.0,922.0,SuCS,2019-10-24T21:00:00+00:00,2019-10-25T00:00:00+00:00,2019-10-25T03:00:00+00:00,2019-10-25T06:00:00+00:00,2019-10-25T09:00:00+00:00
NIO_2019_KYARR,KYARR,2019,VALIDATION,2019-10-25T15:00:00+00:00,16.3,71.7,55.0,991.0,SCS,2019-10-26T03:00:00+00:00,16.6,70.5,65.0,984.0,VSCS,2019-10-26T15:00:00+00:00,16.7,69.1,90.0,966.0,ESCS,2019-10-27T15:00:00+00:00,17.5,66.5,130.0,922.0,SuCS,2019-10-25T00:00:00+00:00,2019-10-25T03:00:00+00:00,2019-10-25T06:00:00+00:00,2019-10-25T09:00:00+00:00,2019-10-25T12:00:00+00:00
NIO_2019_KYARR,KYARR,2019,VALIDATION,2019-10-25T18:00:00+00:00,16.4,71.5,55.0,990.0,SCS,2019-10-26T06:00:00+00:00,16.6,70.0,75.0,978.0,VSCS,2019-10-26T18:00:00+00:00,16.8,68.9,105.0,950.0,ESCS,2019-10-27T18:00:00+00:00,17.8,66.3,130.0,922.0,SuCS,2019-10-25T03:00:00+00:00,2019-10-25T06:00:00+00:00,2019-10-25T09:00:00+00:00,2019-10-25T12:00:00+00:00,2019-10-25T15:00:00+00:00
NIO_2019_KYARR,KYARR,2019,VALIDATION,2019-10-25T21:00:00+00:00,16.5,71.2,60.0,988.0,SCS,2019-10-26T09:00:00+00:00,16.6,69.8,80.0,974.0,VSCS,2019-10-26T21:00:00+00:00,16.9,68.5,110.0,946.0,ESCS,2019-10-27T21:00:00+00:00,18.0,65.7,125.0,926.0,SuCS,2019-10-25T06:00:00+00:00,2019-10-25T09:00:00+00:00,2019-10-25T12:00:00+00:00,2019-10-25T15:00:00+00:00,2019-10-25T18:00:00+00:00
NIO_2019_KYARR,KYARR,2019,VALIDATION,2019-10-26T00:00:00+00:00,16.5,70.8,65.0,984.0,VSCS,2019-10-26T12:00:00+00:00,16.7,69.4,85.0,970.0,VSCS,2019-10-27T00:00:00+00:00,17.0,68.2,120.0,934.0,SuCS,2019-10-28T00:00:00+00:00,18.1,65.4,125.0,928.0,SuCS,2019-10-25T09:00:00+00:00,2019-10-25T12:00:00+00:00,2019-10-25T15:00:00+00:00,2019-10-25T18:00:00+00:00,2019-10-25T21:00:00+00:00
NIO_2019_KYARR,KYARR,2019,VALIDATION,2019-10-26T03:00:00+00:00,16.6,70.5,65.0,984.0,VSCS,2019-10-26T15:00:00+00:00,16.7,69.1,90.0,966.0,ESCS,2019-10-27T03:00:00+00:00,17.1,67.8,125.0,928.0,SuCS,2019-10-28T03:00:00+00:00,18.2,65.0,125.0,928.0,SuCS,2019-10-25T12:00:00+00:00,2019-10-25T15:00:00+00:00,2019-10-25T18:00:00+00:00,2019-10-25T21:00:00+00:00,2019-10-26T00:00:00+00:00
NIO_2019_KYARR,KYARR,2019,VALIDATION,2019-10-26T06:00:00+00:00,16.6,70.0,75.0,978.0,VSCS,2019-10-26T18:00:00+00:00,16.8,68.9,105.0,950.0,ESCS,2019-10-27T06:00:00+00:00,17.2,67.3,125.0,928.0,SuCS,2019-10-28T06:00:00+00:00,18.3,64.7,125.0,928.0,SuCS,2019-10-25T15:00:00+00:00,2019-10-25T18:00:00+00:00,2019-10-25T21:00:00+00:00,2019-10-26T00:00:00+00:00,2019-10-26T03:00:00+00:00
NIO_2019_KYARR,KYARR,2019,VALIDATION,2019-10-26T09:00:00+00:00,16.6,69.8,80.0,974.0,VSCS,2019-10-26T21:00:00+00:00,16.9,68.5,110.0,946.0,ESCS,2019-10-27T09:00:00+00:00,17.4,67.0,130.0,922.0,SuCS,2019-10-28T09:00:00+00:00,18.4,64.5,125.0,928.0,SuCS,2019-10-25T18:00:00+00:00,2019-10-25T21:00:00+00:00,2019-10-26T00:00:00+00:00,2019-10-26T03:00:00+00:00,2019-10-26T06:00:00+00:00
NIO_2019_KYARR,KYARR,2019,VALIDATION,2019-10-26T12:00:00+00:00,16.7,69.4,85.0,970.0,VSCS,2019-10-27T00:00:00+00:00,17.0,68.2,120.0,934.0,SuCS,2019-10-27T12:00:00+00:00,17.5,66.7,130.0,922.0,SuCS,2019-10-28T12:00:00+00:00,18.5,64.3,125.0,928.0,SuCS,2019-10-25T21:00:00+00:00,2019-10-26T00:00:00+00:00,2019-10-26T03:00:00+00:00,2019-10-26T06:00:00+00:00,2019-10-26T09:00:00+00:00
NIO_2019_KYARR,KYARR,2019,VALIDATION,2019-10-26T15:00:00+00:00,16.7,69.1,90.0,966.0,ESCS,2019-10-27T03:00:00+00:00,17.1,67.8,125.0,928.0,SuCS,2019-10-27T15:00:00+00:00,17.5,66.5,130.0,922.0,SuCS,2019-10-28T15:00:00+00:00,18.7,64.1,125.0,928.0,SuCS,2019-10-26T00:00:00+00:00,2019-10-26T03:00:00+00:00,2019-10-26T06:00:00+00:00,2019-10-26T09:00:00+00:00,2019-10-26T12:00:00+00:00
NIO_2019_KYARR,KYARR,2019,VALIDATION,2019-10-26T18:00:00+00:00,16.8,68.9,105.0,950.0,ESCS,2019-10-27T06:00:00+00:00,17.2,67.3,125.0,928.0,SuCS,2019-10-27T18:00:00+00:00,17.8,66.3,130.0,922.0,SuCS,2019-10-28T18:00:00+00:00,18.8,63.9,125.0,930.0,SuCS,2019-10-26T03:00:00+00:00,2019-10-26T06:00:00+00:00,2019-10-26T09:00:00+00:00,2019-10-26T12:00:00+00:00,2019-10-26T15:00:00+00:00
NIO_2019_KYARR,KYARR,2019,VALIDATION,2019-10-26T21:00:00+00:00,16.9,68.5,110.0,946.0,ESCS,2019-10-27T09:00:00+00:00,17.4,67.0,130.0,922.0,SuCS,2019-10-27T21:00:00+00:00,18.0,65.7,125.0,926.0,SuCS,2019-10-28T21:00:00+00:00,18.9,63.8,125.0,930.0,SuCS,2019-10-26T06:00:00+00:00,2019-10-26T09:00:00+00:00,2019-10-26T12:00:00+00:00,2019-10-26T15:00:00+00:00,2019-10-26T18:00:00+00:00
NIO_2019_KYARR,KYARR,2019,VALIDATION,2019-10-27T00:00:00+00:00,17.0,68.2,120.0,934.0,SuCS,2019-10-27T12:00:00+00:00,17.5,66.7,130.0,922.0,SuCS,2019-10-28T00:00:00+00:00,18.1,65.4,125.0,928.0,SuCS,2019-10-29T00:00:00+00:00,19.1,63.5,120.0,934.0,SuCS,2019-10-26T09:00:00+00:00,2019-10-26T12:00:00+00:00,2019-10-26T15:00:00+00:00,2019-10-26T18:00:00+00:00,2019-10-26T21:00:00+00:00
NIO_2019_KYARR,KYARR,2019,VALIDATION,2019-10-27T03:00:00+00:00,17.1,67.8,125.0,928.0,SuCS,2019-10-27T15:00:00+00:00,17.5,66.5,130.0,922.0,SuCS,2019-10-28T03:00:00+00:00,18.2,65.0,125.0,928.0,SuCS,2019-10-29T03:00:00+00:00,19.2,63.4,115.0,940.0,ESCS,2019-10-26T12:00:00+00:00,2019-10-26T15:00:00+00:00,2019-10-26T18:00:00+00:00,2019-10-26T21:00:00+00:00,2019-10-27T00:00:00+00:00
NIO_2019_KYARR,KYARR,2019,VALIDATION,2019-10-27T06:00:00+00:00,17.2,67.3,125.0,928.0,SuCS,2019-10-27T18:00:00+00:00,17.8,66.3,130.0,922.0,SuCS,2019-10-28T06:00:00+00:00,18.3,64.7,125.0,928.0,SuCS,2019-10-29T06:00:00+00:00,19.4,63.2,110.0,946.0,ESCS,2019-10-26T15:00:00+00:00,2019-10-26T18:00:00+00:00,2019-10-26T21:00:00+00:00,2019-10-27T00:00:00+00:00,2019-10-27T03:00:00+00:00
NIO_2019_KYARR,KYARR,2019,VALIDATION,2019-10-27T09:00:00+00:00,17.4,67.0,130.0,922.0,SuCS,2019-10-27T21:00:00+00:00,18.0,65.7,125.0,926.0,SuCS,2019-10-28T09:00:00+00:00,18.4,64.5,125.0,928.0,SuCS,2019-10-29T09:00:00+00:00,19.4,63.1,105.0,950.0,ESCS,2019-10-26T18:00:00+00:00,2019-10-26T21:00:00+00:00,2019-10-27T00:00:00+00:00,2019-10-27T03:00:00+00:00,2019-10-27T06:00:00+00:00
NIO_2019_KYARR,KYARR,2019,VALIDATION,2019-10-27T12:00:00+00:00,17.5,66.7,130.0,922.0,SuCS,2019-10-28T00:00:00+00:00,18.1,65.4,125.0,928.0,SuCS,2019-10-28T12:00:00+00:00,18.5,64.3,125.0,928.0,SuCS,2019-10-29T12:00:00+00:00,19.5,63.1,100.0,956.0,ESCS,2019-10-26T21:00:00+00:00,2019-10-27T00:00:00+00:00,2019-10-27T03:00:00+00:00,2019-10-27T06:00:00+00:00,2019-10-27T09:00:00+00:00
NIO_2019_KYARR,KYARR,2019,VALIDATION,2019-10-27T15:00:00+00:00,17.5,66.5,130.0,922.0,SuCS,2019-10-28T03:00:00+00:00,18.2,65.0,125.0,928.0,SuCS,2019-10-28T15:00:00+00:00,18.7,64.1,125.0,928.0,SuCS,2019-10-29T15:00:00+00:00,19.5,62.9,100.0,956.0,ESCS,2019-10-27T00:00:00+00:00,2019-10-27T03:00:00+00:00,2019-10-27T06:00:00+00:00,2019-10-27T09:00:00+00:00,2019-10-27T12:00:00+00:00
NIO_2019_KYARR,KYARR,2019,VALIDATION,2019-10-27T18:00:00+00:00,17.8,66.3,130.0,922.0,SuCS,2019-10-28T06:00:00+00:00,18.3,64.7,125.0,928.0,SuCS,2019-10-28T18:00:00+00:00,18.8,63.9,125.0,930.0,SuCS,2019-10-29T18:00:00+00:00,19.6,62.8,95.0,960.0,ESCS,2019-10-27T03:00:00+00:00,2019-10-27T06:00:00+00:00,2019-10-27T09:00:00+00:00,2019-10-27T12:00:00+00:00,2019-10-27T15:00:00+00:00
NIO_2019_KYARR,KYARR,2019,VALIDATION,2019-10-27T21:00:00+00:00,18.0,65.7,125.0,926.0,SuCS,2019-10-28T09:00:00+00:00,18.4,64.5,125.0,928.0,SuCS,2019-10-28T21:00:00+00:00,18.9,63.8,125.0,930.0,SuCS,2019-10-29T21:00:00+00:00,19.6,62.6,90.0,966.0,ESCS,2019-10-27T06:00:00+00:00,2019-10-27T09:00:00+00:00,2019-10-27T12:00:00+00:00,2019-10-27T15:00:00+00:00,2019-10-27T18:00:00+00:00
NIO_2019_KYARR,KYARR,2019,VALIDATION,2019-10-28T00:00:00+00:00,18.1,65.4,125.0,928.0,SuCS,2019-10-28T12:00:00+00:00,18.5,64.3,125.0,928.0,SuCS,2019-10-29T00:00:00+00:00,19.1,63.5,120.0,934.0,SuCS,2019-10-30T00:00:00+00:00,19.6,62.3,85.0,970.0,VSCS,2019-10-27T09:00:00+00:00,2019-10-27T12:00:00+00:00,2019-10-27T15:00:00+00:00,2019-10-27T18:00:00+00:00,2019-10-27T21:00:00+00:00
NIO_2019_KYARR,KYARR,2019,VALIDATION,2019-10-28T03:00:00+00:00,18.2,65.0,125.0,928.0,SuCS,2019-10-28T15:00:00+00:00,18.7,64.1,125.0,928.0,SuCS,2019-10-29T03:00:00+00:00,19.2,63.4,115.0,940.0,ESCS,2019-10-30T03:00:00+00:00,19.6,62.1,80.0,974.0,VSCS,2019-10-27T12:00:00+00:00,2019-10-27T15:00:00+00:00,2019-10-27T18:00:00+00:00,2019-10-27T21:00:00+00:00,2019-10-28T00:00:00+00:00
NIO_2019_KYARR,KYARR,2019,VALIDATION,2019-10-28T06:00:00+00:00,18.3,64.7,125.0,928.0,SuCS,2019-10-28T18:00:00+00:00,18.8,63.9,125.0,930.0,SuCS,2019-10-29T06:00:00+00:00,19.4,63.2,110.0,946.0,ESCS,2019-10-30T06:00:00+00:00,19.4,61.8,75.0,978.0,VSCS,2019-10-27T15:00:00+00:00,2019-10-27T18:00:00+00:00,2019-10-27T21:00:00+00:00,2019-10-28T00:00:00+00:00,2019-10-28T03:00:00+00:00
NIO_2019_KYARR,KYARR,2019,VALIDATION,2019-10-28T09:00:00+00:00,18.4,64.5,125.0,928.0,SuCS,2019-10-28T21:00:00+00:00,18.9,63.8,125.0,930.0,SuCS,2019-10-29T09:00:00+00:00,19.4,63.1,105.0,950.0,ESCS,2019-10-30T09:00:00+00:00,19.3,61.7,70.0,982.0,VSCS,2019-10-27T18:00:00+00:00,2019-10-27T21:00:00+00:00,2019-10-28T00:00:00+00:00,2019-10-28T03:00:00+00:00,2019-10-28T06:00:00+00:00
NIO_2019_KYARR,KYARR,2019,VALIDATION,2019-10-28T12:00:00+00:00,18.5,64.3,125.0,928.0,SuCS,2019-10-29T00:00:00+00:00,19.1,63.5,120.0,934.0,SuCS,2019-10-29T12:00:00+00:00,19.5,63.1,100.0,956.0,ESCS,2019-10-30T12:00:00+00:00,19.0,61.5,65.0,984.0,VSCS,2019-10-27T21:00:00+00:00,2019-10-28T00:00:00+00:00,2019-10-28T03:00:00+00:00,2019-10-28T06:00:00+00:00,2019-10-28T09:00:00+00:00
NIO_2019_KYARR,KYARR,2019,VALIDATION,2019-10-28T15:00:00+00:00,18.7,64.1,125.0,928.0,SuCS,2019-10-29T03:00:00+00:00,19.2,63.4,115.0,940.0,ESCS,2019-10-29T15:00:00+00:00,19.5,62.9,100.0,956.0,ESCS,2019-10-30T15:00:00+00:00,18.9,61.2,60.0,988.0,SCS,2019-10-28T00:00:00+00:00,2019-10-28T03:00:00+00:00,2019-10-28T06:00:00+00:00,2019-10-28T09:00:00+00:00,2019-10-28T12:00:00+00:00
NIO_2019_KYARR,KYARR,2019,VALIDATION,2019-10-28T18:00:00+00:00,18.8,63.9,125.0,930.0,SuCS,2019-10-29T06:00:00+00:00,19.4,63.2,110.0,946.0,ESCS,2019-10-29T18:00:00+00:00,19.6,62.8,95.0,960.0,ESCS,2019-10-30T18:00:00+00:00,18.7,61.0,55.0,990.0,SCS,2019-10-28T03:00:00+00:00,2019-10-28T06:00:00+00:00,2019-10-28T09:00:00+00:00,2019-10-28T12:00:00+00:00,2019-10-28T15:00:00+00:00
NIO_2019_KYARR,KYARR,2019,VALIDATION,2019-10-28T21:00:00+00:00,18.9,63.8,125.0,930.0,SuCS,2019-10-29T09:00:00+00:00,19.4,63.1,105.0,950.0,ESCS,2019-10-29T21:00:00+00:00,19.6,62.6,90.0,966.0,ESCS,2019-10-30T21:00:00+00:00,18.5,60.7,55.0,991.0,SCS,2019-10-28T06:00:00+00:00,2019-10-28T09:00:00+00:00,2019-10-28T12:00:00+00:00,2019-10-28T15:00:00+00:00,2019-10-28T18:00:00+00:00
NIO_2019_KYARR,KYARR,2019,VALIDATION,2019-10-29T00:00:00+00:00,19.1,63.5,120.0,934.0,SuCS,2019-10-29T12:00:00+00:00,19.5,63.1,100.0,956.0,ESCS,2019-10-30T00:00:00+00:00,19.6,62.3,85.0,970.0,VSCS,2019-10-31T00:00:00+00:00,18.4,60.5,50.0,994.0,SCS,2019-10-28T09:00:00+00:00,2019-10-28T12:00:00+00:00,2019-10-28T15:00:00+00:00,2019-10-28T18:00:00+00:00,2019-10-28T21:00:00+00:00
NIO_2019_KYARR,KYARR,2019,VALIDATION,2019-10-29T03:00:00+00:00,19.2,63.4,115.0,940.0,ESCS,2019-10-29T15:00:00+00:00,19.5,62.9,100.0,956.0,ESCS,2019-10-30T03:00:00+00:00,19.6,62.1,80.0,974.0,VSCS,2019-10-31T03:00:00+00:00,18.0,60.2,45.0,996.0,CS,2019-10-28T12:00:00+00:00,2019-10-28T15:00:00+00:00,2019-10-28T18:00:00+00:00,2019-10-28T21:00:00+00:00,2019-10-29T00:00:00+00:00
NIO_2019_KYARR,KYARR,2019,VALIDATION,2019-10-29T06:00:00+00:00,19.4,63.2,110.0,946.0,ESCS,2019-10-29T18:00:00+00:00,19.6,62.8,95.0,960.0,ESCS,2019-10-30T06:00:00+00:00,19.4,61.8,75.0,978.0,VSCS,2019-10-31T06:00:00+00:00,17.7,60.1,40.0,998.0,CS,2019-10-28T15:00:00+00:00,2019-10-28T18:00:00+00:00,2019-10-28T21:00:00+00:00,2019-10-29T00:00:00+00:00,2019-10-29T03:00:00+00:00
NIO_2019_KYARR,KYARR,2019,VALIDATION,2019-10-29T09:00:00+00:00,19.4,63.1,105.0,950.0,ESCS,2019-10-29T21:00:00+00:00,19.6,62.6,90.0,966.0,ESCS,2019-10-30T09:00:00+00:00,19.3,61.7,70.0,982.0,VSCS,2019-10-31T09:00:00+00:00,17.5,60.0,40.0,998.0,CS,2019-10-28T18:00:00+00:00,2019-10-28T21:00:00+00:00,2019-10-29T00:00:00+00:00,2019-10-29T03:00:00+00:00,2019-10-29T06:00:00+00:00
NIO_2019_KYARR,KYARR,2019,VALIDATION,2019-10-29T12:00:00+00:00,19.5,63.1,100.0,956.0,ESCS,2019-10-30T00:00:00+00:00,19.6,62.3,85.0,970.0,VSCS,2019-10-30T12:00:00+00:00,19.0,61.5,65.0,984.0,VSCS,2019-10-31T12:00:00+00:00,17.4,59.9,35.0,999.0,CS,2019-10-28T21:00:00+00:00,2019-10-29T00:00:00+00:00,2019-10-29T03:00:00+00:00,2019-10-29T06:00:00+00:00,2019-10-29T09:00:00+00:00
NIO_2019_KYARR,KYARR,2019,VALIDATION,2019-10-29T15:00:00+00:00,19.5,62.9,100.0,956.0,ESCS,2019-10-30T03:00:00+00:00,19.6,62.1,80.0,974.0,VSCS,2019-10-30T15:00:00+00:00,18.9,61.2,60.0,988.0,SCS,2019-10-31T15:00:00+00:00,17.2,59.6,30.0,1001.0,DD,2019-10-29T00:00:00+00:00,2019-10-29T03:00:00+00:00,2019-10-29T06:00:00+00:00,2019-10-29T09:00:00+00:00,2019-10-29T12:00:00+00:00
NIO_2019_KYARR,KYARR,2019,VALIDATION,2019-10-29T18:00:00+00:00,19.6,62.8,95.0,960.0,ESCS,2019-10-30T06:00:00+00:00,19.4,61.8,75.0,978.0,VSCS,2019-10-30T18:00:00+00:00,18.7,61.0,55.0,990.0,SCS,2019-10-31T18:00:00+00:00,16.8,59.6,30.0,1001.0,DD,2019-10-29T03:00:00+00:00,2019-10-29T06:00:00+00:00,2019-10-29T09:00:00+00:00,2019-10-29T12:00:00+00:00,2019-10-29T15:00:00+00:00
NIO_2019_KYARR,KYARR,2019,VALIDATION,2019-10-29T21:00:00+00:00,19.6,62.6,90.0,966.0,ESCS,2019-10-30T09:00:00+00:00,19.3,61.7,70.0,982.0,VSCS,2019-10-30T21:00:00+00:00,18.5,60.7,55.0,991.0,SCS,2019-10-31T21:00:00+00:00,16.7,59.5,30.0,1001.0,DD,2019-10-29T06:00:00+00:00,2019-10-29T09:00:00+00:00,2019-10-29T12:00:00+00:00,2019-10-29T15:00:00+00:00,2019-10-29T18:00:00+00:00
NIO_2019_KYARR,KYARR,2019,VALIDATION,2019-10-30T00:00:00+00:00,19.6,62.3,85.0,970.0,VSCS,2019-10-30T12:00:00+00:00,19.0,61.5,65.0,984.0,VSCS,2019-10-31T00:00:00+00:00,18.4,60.5,50.0,994.0,SCS,2019-11-01T00:00:00+00:00,16.5,59.3,25.0,1002.0,D,2019-10-29T09:00:00+00:00,2019-10-29T12:00:00+00:00,2019-10-29T15:00:00+00:00,2019-10-29T18:00:00+00:00,2019-10-29T21:00:00+00:00
NIO_2019_KYARR,KYARR,2019,VALIDATION,2019-10-30T03:00:00+00:00,19.6,62.1,80.0,974.0,VSCS,2019-10-30T15:00:00+00:00,18.9,61.2,60.0,988.0,SCS,2019-10-31T03:00:00+00:00,18.0,60.2,45.0,996.0,CS,2019-11-01T03:00:00+00:00,16.3,59.0,25.0,1002.0,D,2019-10-29T12:00:00+00:00,2019-10-29T15:00:00+00:00,2019-10-29T18:00:00+00:00,2019-10-29T21:00:00+00:00,2019-10-30T00:00:00+00:00
NIO_2019_KYARR,KYARR,2019,VALIDATION,2019-10-30T06:00:00+00:00,19.4,61.8,75.0,978.0,VSCS,2019-10-30T18:00:00+00:00,18.7,61.0,55.0,990.0,SCS,2019-10-31T06:00:00+00:00,17.7,60.1,40.0,998.0,CS,2019-11-01T06:00:00+00:00,16.0,58.7,25.0,1002.0,D,2019-10-29T15:00:00+00:00,2019-10-29T18:00:00+00:00,2019-10-29T21:00:00+00:00,2019-10-30T00:00:00+00:00,2019-10-30T03:00:00+00:00
NIO_2019_KYARR,KYARR,2019,VALIDATION,2019-10-30T09:00:00+00:00,19.3,61.7,70.0,982.0,VSCS,2019-10-30T21:00:00+00:00,18.5,60.7,55.0,991.0,SCS,2019-10-31T09:00:00+00:00,17.5,60.0,40.0,998.0,CS,2019-11-01T09:00:00+00:00,15.8,58.4,25.0,1002.0,D,2019-10-29T18:00:00+00:00,2019-10-29T21:00:00+00:00,2019-10-30T00:00:00+00:00,2019-10-30T03:00:00+00:00,2019-10-30T06:00:00+00:00
NIO_2019_KYARR,KYARR,2019,VALIDATION,2019-10-30T12:00:00+00:00,19.0,61.5,65.0,984.0,VSCS,2019-10-31T00:00:00+00:00,18.4,60.5,50.0,994.0,SCS,2019-10-31T12:00:00+00:00,17.4,59.9,35.0,999.0,CS,2019-11-01T12:00:00+00:00,15.4,57.5,25.0,1002.0,D,2019-10-29T21:00:00+00:00,2019-10-30T00:00:00+00:00,2019-10-30T03:00:00+00:00,2019-10-30T06:00:00+00:00,2019-10-30T09:00:00+00:00
NIO_2019_KYARR,KYARR,2019,VALIDATION,2019-10-30T15:00:00+00:00,18.9,61.2,60.0,988.0,SCS,2019-10-31T03:00:00+00:00,18.0,60.2,45.0,996.0,CS,2019-10-31T15:00:00+00:00,17.2,59.6,30.0,1001.0,DD,2019-11-01T15:00:00+00:00,15.0,57.4,25.0,1002.0,D,2019-10-30T00:00:00+00:00,2019-10-30T03:00:00+00:00,2019-10-30T06:00:00+00:00,2019-10-30T09:00:00+00:00,2019-10-30T12:00:00+00:00
NIO_2019_KYARR,KYARR,2019,VALIDATION,2019-10-30T18:00:00+00:00,18.7,61.0,55.0,990.0,SCS,2019-10-31T06:00:00+00:00,17.7,60.1,40.0,998.0,CS,2019-10-31T18:00:00+00:00,16.8,59.6,30.0,1001.0,DD,2019-11-01T18:00:00+00:00,14.5,57.0,25.0,1002.0,D,2019-10-30T03:00:00+00:00,2019-10-30T06:00:00+00:00,2019-10-30T09:00:00+00:00,2019-10-30T12:00:00+00:00,2019-10-30T15:00:00+00:00
NIO_2019_KYARR,KYARR,2019,VALIDATION,2019-10-30T21:00:00+00:00,18.5,60.7,55.0,991.0,SCS,2019-10-31T09:00:00+00:00,17.5,60.0,40.0,998.0,CS,2019-10-31T21:00:00+00:00,16.7,59.5,30.0,1001.0,DD,2019-11-01T21:00:00+00:00,14.0,56.4,25.0,1002.0,D,2019-10-30T06:00:00+00:00,2019-10-30T09:00:00+00:00,2019-10-30T12:00:00+00:00,2019-10-30T15:00:00+00:00,2019-10-30T18:00:00+00:00
NIO_2019_KYARR,KYARR,2019,VALIDATION,2019-10-31T00:00:00+00:00,18.4,60.5,50.0,994.0,SCS,2019-10-31T12:00:00+00:00,17.4,59.9,35.0,999.0,CS,2019-11-01T00:00:00+00:00,16.5,59.3,25.0,1002.0,D,2019-11-02T00:00:00+00:00,13.7,55.8,25.0,1002.0,D,2019-10-30T09:00:00+00:00,2019-10-30T12:00:00+00:00,2019-10-30T15:00:00+00:00,2019-10-30T18:00:00+00:00,2019-10-30T21:00:00+00:00
NIO_2019_KYARR,KYARR,2019,VALIDATION,2019-10-31T03:00:00+00:00,18.0,60.2,45.0,996.0,CS,2019-10-31T15:00:00+00:00,17.2,59.6,30.0,1001.0,DD,2019-11-01T03:00:00+00:00,16.3,59.0,25.0,1002.0,D,2019-11-02T03:00:00+00:00,13.5,55.0,25.0,1003.0,D,2019-10-30T12:00:00+00:00,2019-10-30T15:00:00+00:00,2019-10-30T18:00:00+00:00,2019-10-30T21:00:00+00:00,2019-10-31T00:00:00+00:00
NIO_2019_KYARR,KYARR,2019,VALIDATION,2019-10-31T06:00:00+00:00,17.7,60.1,40.0,998.0,CS,2019-10-31T18:00:00+00:00,16.8,59.6,30.0,1001.0,DD,2019-11-01T06:00:00+00:00,16.0,58.7,25.0,1002.0,D,2019-11-02T06:00:00+00:00,13.1,54.1,25.0,1003.0,D,2019-10-30T15:00:00+00:00,2019-10-30T18:00:00+00:00,2019-10-30T21:00:00+00:00,2019-10-31T00:00:00+00:00,2019-10-31T03:00:00+00:00
NIO_2019_KYARR,KYARR,2019,VALIDATION,2019-10-31T09:00:00+00:00,17.5,60.0,40.0,998.0,CS,2019-10-31T21:00:00+00:00,16.7,59.5,30.0,1001.0,DD,2019-11-01T09:00:00+00:00,15.8,58.4,25.0,1002.0,D,2019-11-02T09:00:00+00:00,12.5,53.8,25.0,1003.0,D,2019-10-30T18:00:00+00:00,2019-10-30T21:00:00+00:00,2019-10-31T00:00:00+00:00,2019-10-31T03:00:00+00:00,2019-10-31T06:00:00+00:00
NIO_2019_KYARR,KYARR,2019,VALIDATION,2019-10-31T12:00:00+00:00,17.4,59.9,35.0,999.0,CS,2019-11-01T00:00:00+00:00,16.5,59.3,25.0,1002.0,D,2019-11-01T12:00:00+00:00,15.4,57.5,25.0,1002.0,D,2019-11-02T12:00:00+00:00,12.5,53.0,20.0,1003.0,D,2019-10-30T21:00:00+00:00,2019-10-31T00:00:00+00:00,2019-10-31T03:00:00+00:00,2019-10-31T06:00:00+00:00,2019-10-31T09:00:00+00:00
NIO_2019_KYARR,KYARR,2019,VALIDATION,2019-10-31T15:00:00+00:00,17.2,59.6,30.0,1001.0,DD,2019-11-01T03:00:00+00:00,16.3,59.0,25.0,1002.0,D,2019-11-01T15:00:00+00:00,15.0,57.4,25.0,1002.0,D,2019-11-02T15:00:00+00:00,12.0,52.5,20.0,1003.0,D,2019-10-31T00:00:00+00:00,2019-10-31T03:00:00+00:00,2019-10-31T06:00:00+00:00,2019-10-31T09:00:00+00:00,2019-10-31T12:00:00+00:00
NIO_2019_PABUK,PABUK,2019,VALIDATION,2019-01-04T12:00:00+00:00,8.5,99.7,45.0,998.0,CS,2019-01-05T00:00:00+00:00,8.9,98.7,40.0,1000.0,CS,2019-01-05T12:00:00+00:00,9.8,97.1,40.0,1000.0,CS,2019-01-06T12:00:00+00:00,11.5,92.9,30.0,1003.0,DD,2019-01-03T21:00:00+00:00,2019-01-04T00:00:00+00:00,2019-01-04T03:00:00+00:00,2019-01-04T06:00:00+00:00,2019-01-04T09:00:00+00:00
NIO_2019_PABUK,PABUK,2019,VALIDATION,2019-01-04T18:00:00+00:00,8.7,99.2,45.0,998.0,CS,2019-01-05T06:00:00+00:00,9.3,97.6,40.0,1000.0,CS,2019-01-05T18:00:00+00:00,10.4,96.5,35.0,1001.0,CS,2019-01-06T18:00:00+00:00,12.0,92.2,30.0,1003.0,DD,2019-01-04T03:00:00+00:00,2019-01-04T06:00:00+00:00,2019-01-04T09:00:00+00:00,2019-01-04T12:00:00+00:00,2019-01-04T15:00:00+00:00
NIO_2019_PABUK,PABUK,2019,VALIDATION,2019-01-05T00:00:00+00:00,8.9,98.7,40.0,1000.0,CS,2019-01-05T12:00:00+00:00,9.8,97.1,40.0,1000.0,CS,2019-01-06T00:00:00+00:00,11.0,95.5,35.0,1001.0,CS,2019-01-07T00:00:00+00:00,12.6,92.0,25.0,1004.0,D,2019-01-04T09:00:00+00:00,2019-01-04T12:00:00+00:00,2019-01-04T15:00:00+00:00,2019-01-04T18:00:00+00:00,2019-01-04T21:00:00+00:00
NIO_2019_PABUK,PABUK,2019,VALIDATION,2019-01-05T03:00:00+00:00,9.1,98.1,40.0,1000.0,CS,2019-01-05T15:00:00+00:00,10.1,96.8,40.0,1000.0,CS,2019-01-06T03:00:00+00:00,11.1,94.6,35.0,1001.0,CS,2019-01-07T03:00:00+00:00,12.8,92.0,25.0,1004.0,D,2019-01-04T12:00:00+00:00,2019-01-04T15:00:00+00:00,2019-01-04T18:00:00+00:00,2019-01-04T21:00:00+00:00,2019-01-05T00:00:00+00:00
NIO_2019_PABUK,PABUK,2019,VALIDATION,2019-01-05T06:00:00+00:00,9.3,97.6,40.0,1000.0,CS,2019-01-05T18:00:00+00:00,10.4,96.5,35.0,1001.0,CS,2019-01-06T06:00:00+00:00,11.2,94.0,30.0,1002.0,DD,2019-01-07T06:00:00+00:00,12.8,92.0,25.0,1004.0,D,2019-01-04T15:00:00+00:00,2019-01-04T18:00:00+00:00,2019-01-04T21:00:00+00:00,2019-01-05T00:00:00+00:00,2019-01-05T03:00:00+00:00
NIO_2019_PABUK,PABUK,2019,VALIDATION,2019-01-05T12:00:00+00:00,9.8,97.1,40.0,1000.0,CS,2019-01-06T00:00:00+00:00,11.0,95.5,35.0,1001.0,CS,2019-01-06T12:00:00+00:00,11.5,92.9,30.0,1003.0,DD,2019-01-07T12:00:00+00:00,13.1,92.0,25.0,1004.0,D,2019-01-04T21:00:00+00:00,2019-01-05T00:00:00+00:00,2019-01-05T03:00:00+00:00,2019-01-05T06:00:00+00:00,2019-01-05T09:00:00+00:00
NIO_2019_PABUK,PABUK,2019,VALIDATION,2019-01-05T18:00:00+00:00,10.4,96.5,35.0,1001.0,CS,2019-01-06T06:00:00+00:00,11.2,94.0,30.0,1002.0,DD,2019-01-06T18:00:00+00:00,12.0,92.2,30.0,1003.0,DD,2019-01-07T18:00:00+00:00,13.1,92.0,20.0,1005.0,D,2019-01-05T03:00:00+00:00,2019-01-05T06:00:00+00:00,2019-01-05T09:00:00+00:00,2019-01-05T12:00:00+00:00,2019-01-05T15:00:00+00:00
NIO_2019_PAWAN,PAWAN,2019,VALIDATION,2019-12-02T12:00:00+00:00,5.7,56.6,25.0,1003.0,D,2019-12-03T00:00:00+00:00,6.5,56.5,30.0,1001.0,DD,2019-12-03T12:00:00+00:00,7.0,56.5,30.0,1000.0,DD,2019-12-04T12:00:00+00:00,7.4,56.6,30.0,1000.0,DD,2019-12-01T21:00:00+00:00,2019-12-02T00:00:00+00:00,2019-12-02T03:00:00+00:00,2019-12-02T06:00:00+00:00,2019-12-02T09:00:00+00:00
NIO_2019_PAWAN,PAWAN,2019,VALIDATION,2019-12-02T18:00:00+00:00,6.1,56.5,25.0,1002.0,D,2019-12-03T06:00:00+00:00,7.0,56.3,30.0,1000.0,DD,2019-12-03T18:00:00+00:00,7.0,56.6,30.0,1000.0,DD,2019-12-04T18:00:00+00:00,8.5,56.7,30.0,1000.0,DD,2019-12-02T03:00:00+00:00,2019-12-02T06:00:00+00:00,2019-12-02T09:00:00+00:00,2019-12-02T12:00:00+00:00,2019-12-02T15:00:00+00:00
NIO_2019_PAWAN,PAWAN,2019,VALIDATION,2019-12-03T00:00:00+00:00,6.5,56.5,30.0,1001.0,DD,2019-12-03T12:00:00+00:00,7.0,56.5,30.0,1000.0,DD,2019-12-04T00:00:00+00:00,7.2,56.6,30.0,1000.0,DD,2019-12-05T00:00:00+00:00,9.2,56.4,35.0,999.0,CS,2019-12-02T09:00:00+00:00,2019-12-02T12:00:00+00:00,2019-12-02T15:00:00+00:00,2019-12-02T18:00:00+00:00,2019-12-02T21:00:00+00:00
NIO_2019_PAWAN,PAWAN,2019,VALIDATION,2019-12-03T06:00:00+00:00,7.0,56.3,30.0,1000.0,DD,2019-12-03T18:00:00+00:00,7.0,56.6,30.0,1000.0,DD,2019-12-04T06:00:00+00:00,7.4,56.6,30.0,1000.0,DD,2019-12-05T06:00:00+00:00,9.5,56.3,35.0,999.0,CS,2019-12-02T15:00:00+00:00,2019-12-02T18:00:00+00:00,2019-12-02T21:00:00+00:00,2019-12-03T00:00:00+00:00,2019-12-03T03:00:00+00:00
NIO_2019_PAWAN,PAWAN,2019,VALIDATION,2019-12-03T12:00:00+00:00,7.0,56.5,30.0,1000.0,DD,2019-12-04T00:00:00+00:00,7.2,56.6,30.0,1000.0,DD,2019-12-04T12:00:00+00:00,7.4,56.6,30.0,1000.0,DD,2019-12-05T12:00:00+00:00,9.6,55.1,40.0,998.0,CS,2019-12-02T21:00:00+00:00,2019-12-03T00:00:00+00:00,2019-12-03T03:00:00+00:00,2019-12-03T06:00:00+00:00,2019-12-03T09:00:00+00:00
NIO_2019_PAWAN,PAWAN,2019,VALIDATION,2019-12-03T18:00:00+00:00,7.0,56.6,30.0,1000.0,DD,2019-12-04T06:00:00+00:00,7.4,56.6,30.0,1000.0,DD,2019-12-04T18:00:00+00:00,8.5,56.7,30.0,1000.0,DD,2019-12-05T18:00:00+00:00,9.3,54.5,35.0,999.0,CS,2019-12-03T03:00:00+00:00,2019-12-03T06:00:00+00:00,2019-12-03T09:00:00+00:00,2019-12-03T12:00:00+00:00,2019-12-03T15:00:00+00:00
NIO_2019_PAWAN,PAWAN,2019,VALIDATION,2019-12-04T00:00:00+00:00,7.2,56.6,30.0,1000.0,DD,2019-12-04T12:00:00+00:00,7.4,56.6,30.0,1000.0,DD,2019-12-05T00:00:00+00:00,9.2,56.4,35.0,999.0,CS,2019-12-06T00:00:00+00:00,8.5,53.3,35.0,999.0,CS,2019-12-03T09:00:00+00:00,2019-12-03T12:00:00+00:00,2019-12-03T15:00:00+00:00,2019-12-03T18:00:00+00:00,2019-12-03T21:00:00+00:00
NIO_2019_PAWAN,PAWAN,2019,VALIDATION,2019-12-04T06:00:00+00:00,7.4,56.6,30.0,1000.0,DD,2019-12-04T18:00:00+00:00,8.5,56.7,30.0,1000.0,DD,2019-12-05T06:00:00+00:00,9.5,56.3,35.0,999.0,CS,2019-12-06T06:00:00+00:00,8.0,52.6,35.0,999.0,CS,2019-12-03T15:00:00+00:00,2019-12-03T18:00:00+00:00,2019-12-03T21:00:00+00:00,2019-12-04T00:00:00+00:00,2019-12-04T03:00:00+00:00
NIO_2019_PAWAN,PAWAN,2019,VALIDATION,2019-12-04T12:00:00+00:00,7.4,56.6,30.0,1000.0,DD,2019-12-05T00:00:00+00:00,9.2,56.4,35.0,999.0,CS,2019-12-05T12:00:00+00:00,9.6,55.1,40.0,998.0,CS,2019-12-06T12:00:00+00:00,7.9,52.3,35.0,999.0,CS,2019-12-03T21:00:00+00:00,2019-12-04T00:00:00+00:00,2019-12-04T03:00:00+00:00,2019-12-04T06:00:00+00:00,2019-12-04T09:00:00+00:00
NIO_2019_PAWAN,PAWAN,2019,VALIDATION,2019-12-04T18:00:00+00:00,8.5,56.7,30.0,1000.0,DD,2019-12-05T06:00:00+00:00,9.5,56.3,35.0,999.0,CS,2019-12-05T18:00:00+00:00,9.3,54.5,35.0,999.0,CS,2019-12-06T18:00:00+00:00,7.5,51.3,35.0,999.0,CS,2019-12-04T03:00:00+00:00,2019-12-04T06:00:00+00:00,2019-12-04T09:00:00+00:00,2019-12-04T12:00:00+00:00,2019-12-04T15:00:00+00:00
NIO_2019_PAWAN,PAWAN,2019,VALIDATION,2019-12-05T00:00:00+00:00,9.2,56.4,35.0,999.0,CS,2019-12-05T12:00:00+00:00,9.6,55.1,40.0,998.0,CS,2019-12-06T00:00:00+00:00,8.5,53.3,35.0,999.0,CS,2019-12-07T00:00:00+00:00,7.4,49.8,35.0,999.0,CS,2019-12-04T09:00:00+00:00,2019-12-04T12:00:00+00:00,2019-12-04T15:00:00+00:00,2019-12-04T18:00:00+00:00,2019-12-04T21:00:00+00:00
NIO_2019_PAWAN,PAWAN,2019,VALIDATION,2019-12-05T03:00:00+00:00,9.2,56.4,35.0,999.0,CS,2019-12-05T15:00:00+00:00,9.6,54.9,35.0,999.0,CS,2019-12-06T03:00:00+00:00,8.3,53.0,35.0,999.0,CS,2019-12-07T03:00:00+00:00,7.4,49.5,30.0,1000.0,DD,2019-12-04T12:00:00+00:00,2019-12-04T15:00:00+00:00,2019-12-04T18:00:00+00:00,2019-12-04T21:00:00+00:00,2019-12-05T00:00:00+00:00
NIO_2019_PAWAN,PAWAN,2019,VALIDATION,2019-12-05T06:00:00+00:00,9.5,56.3,35.0,999.0,CS,2019-12-05T18:00:00+00:00,9.3,54.5,35.0,999.0,CS,2019-12-06T06:00:00+00:00,8.0,52.6,35.0,999.0,CS,2019-12-07T06:00:00+00:00,7.4,48.9,30.0,1001.0,DD,2019-12-04T15:00:00+00:00,2019-12-04T18:00:00+00:00,2019-12-04T21:00:00+00:00,2019-12-05T00:00:00+00:00,2019-12-05T03:00:00+00:00
NIO_2019_PAWAN,PAWAN,2019,VALIDATION,2019-12-05T09:00:00+00:00,9.5,55.6,35.0,999.0,CS,2019-12-05T21:00:00+00:00,9.0,54.0,35.0,999.0,CS,2019-12-06T09:00:00+00:00,7.9,52.6,35.0,999.0,CS,2019-12-07T09:00:00+00:00,7.3,48.3,25.0,1003.0,D,2019-12-04T18:00:00+00:00,2019-12-04T21:00:00+00:00,2019-12-05T00:00:00+00:00,2019-12-05T03:00:00+00:00,2019-12-05T06:00:00+00:00
NIO_2019_UNNAMED_2_4_1,,2019,VALIDATION,2019-08-06T06:00:00+00:00,20.5,88.0,25.0,990.0,D,2019-08-06T18:00:00+00:00,20.8,87.6,25.0,990.0,D,2019-08-07T06:00:00+00:00,21.2,87.2,30.0,988.0,DD,2019-08-08T06:00:00+00:00,23.4,81.9,25.0,999.0,D,2019-08-05T15:00:00+00:00,2019-08-05T18:00:00+00:00,2019-08-05T21:00:00+00:00,2019-08-06T00:00:00+00:00,2019-08-06T03:00:00+00:00
NIO_2019_UNNAMED_2_4_1,,2019,VALIDATION,2019-08-06T12:00:00+00:00,20.7,87.8,25.0,990.0,D,2019-08-07T00:00:00+00:00,21.0,87.4,30.0,988.0,DD,2019-08-07T12:00:00+00:00,21.9,86.5,30.0,988.0,DD,2019-08-08T12:00:00+00:00,23.6,80.2,25.0,999.0,D,2019-08-05T21:00:00+00:00,2019-08-06T00:00:00+00:00,2019-08-06T03:00:00+00:00,2019-08-06T06:00:00+00:00,2019-08-06T09:00:00+00:00
NIO_2019_UNNAMED_2_4_1,,2019,VALIDATION,2019-08-06T18:00:00+00:00,20.8,87.6,25.0,990.0,D,2019-08-07T06:00:00+00:00,21.2,87.2,30.0,988.0,DD,2019-08-07T18:00:00+00:00,22.4,85.6,30.0,988.0,DD,2019-08-08T18:00:00+00:00,23.6,79.8,25.0,1000.0,D,2019-08-06T03:00:00+00:00,2019-08-06T06:00:00+00:00,2019-08-06T09:00:00+00:00,2019-08-06T12:00:00+00:00,2019-08-06T15:00:00+00:00
NIO_2019_UNNAMED_2_4_1,,2019,VALIDATION,2019-08-07T00:00:00+00:00,21.0,87.4,30.0,988.0,DD,2019-08-07T12:00:00+00:00,21.9,86.5,30.0,988.0,DD,2019-08-08T00:00:00+00:00,22.8,84.0,25.0,999.0,D,2019-08-09T00:00:00+00:00,23.6,78.6,25.0,1000.0,D,2019-08-06T09:00:00+00:00,2019-08-06T12:00:00+00:00,2019-08-06T15:00:00+00:00,2019-08-06T18:00:00+00:00,2019-08-06T21:00:00+00:00
NIO_2019_UNNAMED_2_4_1,,2019,VALIDATION,2019-08-07T06:00:00+00:00,21.2,87.2,30.0,988.0,DD,2019-08-07T18:00:00+00:00,22.4,85.6,30.0,988.0,DD,2019-08-08T06:00:00+00:00,23.4,81.9,25.0,999.0,D,2019-08-09T06:00:00+00:00,24.0,76.1,25.0,1000.0,D,2019-08-06T15:00:00+00:00,2019-08-06T18:00:00+00:00,2019-08-06T21:00:00+00:00,2019-08-07T00:00:00+00:00,2019-08-07T03:00:00+00:00
NIO_2019_UNNAMED_2_9_1,,2019,VALIDATION,2019-11-05T00:00:00+00:00,13.1,91.5,20.0,1004.0,D,2019-11-05T12:00:00+00:00,13.2,90.1,25.0,1003.0,D,2019-11-06T00:00:00+00:00,13.4,89.7,30.0,1001.0,DD,2019-11-07T00:00:00+00:00,14.2,89.3,35.0,998.0,CS,2019-11-04T09:00:00+00:00,2019-11-04T12:00:00+00:00,2019-11-04T15:00:00+00:00,2019-11-04T18:00:00+00:00,2019-11-04T21:00:00+00:00
NIO_2019_UNNAMED_2_9_1,,2019,VALIDATION,2019-11-05T06:00:00+00:00,13.1,90.7,25.0,1003.0,D,2019-11-05T18:00:00+00:00,13.3,89.8,25.0,1002.0,D,2019-11-06T06:00:00+00:00,13.4,89.4,30.0,1001.0,DD,2019-11-07T06:00:00+00:00,15.3,88.7,40.0,996.0,CS,2019-11-04T15:00:00+00:00,2019-11-04T18:00:00+00:00,2019-11-04T21:00:00+00:00,2019-11-05T00:00:00+00:00,2019-11-05T03:00:00+00:00
NIO_2019_UNNAMED_2_9_1,,2019,VALIDATION,2019-11-05T12:00:00+00:00,13.2,90.1,25.0,1003.0,D,2019-11-06T00:00:00+00:00,13.4,89.7,30.0,1001.0,DD,2019-11-06T12:00:00+00:00,13.5,89.3,30.0,1000.0,DD,2019-11-07T12:00:00+00:00,15.9,88.0,45.0,994.0,CS,2019-11-04T21:00:00+00:00,2019-11-05T00:00:00+00:00,2019-11-05T03:00:00+00:00,2019-11-05T06:00:00+00:00,2019-11-05T09:00:00+00:00
NIO_2019_UNNAMED_2_9_1,,2019,VALIDATION,2019-11-05T18:00:00+00:00,13.3,89.8,25.0,1002.0,D,2019-11-06T06:00:00+00:00,13.4,89.4,30.0,1001.0,DD,2019-11-06T18:00:00+00:00,13.8,89.3,35.0,998.0,CS,2019-11-07T18:00:00+00:00,16.4,87.8,55.0,989.0,SCS,2019-11-05T03:00:00+00:00,2019-11-05T06:00:00+00:00,2019-11-05T09:00:00+00:00,2019-11-05T12:00:00+00:00,2019-11-05T15:00:00+00:00
NIO_2019_UNNAMED_2_9_1,,2019,VALIDATION,2019-11-06T00:00:00+00:00,13.4,89.7,30.0,1001.0,DD,2019-11-06T12:00:00+00:00,13.5,89.3,30.0,1000.0,DD,2019-11-07T00:00:00+00:00,14.2,89.3,35.0,998.0,CS,2019-11-08T00:00:00+00:00,16.9,87.6,65.0,983.0,VSCS,2019-11-05T09:00:00+00:00,2019-11-05T12:00:00+00:00,2019-11-05T15:00:00+00:00,2019-11-05T18:00:00+00:00,2019-11-05T21:00:00+00:00
NIO_2019_UNNAMED_2_9_1,,2019,VALIDATION,2019-11-06T06:00:00+00:00,13.4,89.4,30.0,1001.0,DD,2019-11-06T18:00:00+00:00,13.8,89.3,35.0,998.0,CS,2019-11-07T06:00:00+00:00,15.3,88.7,40.0,996.0,CS,2019-11-08T06:00:00+00:00,17.6,87.6,70.0,980.0,VSCS,2019-11-05T15:00:00+00:00,2019-11-05T18:00:00+00:00,2019-11-05T21:00:00+00:00,2019-11-06T00:00:00+00:00,2019-11-06T03:00:00+00:00
NIO_2019_UNNAMED_2_9_1,,2019,VALIDATION,2019-11-06T12:00:00+00:00,13.5,89.3,30.0,1000.0,DD,2019-11-07T00:00:00+00:00,14.2,89.3,35.0,998.0,CS,2019-11-07T12:00:00+00:00,15.9,88.0,45.0,994.0,CS,2019-11-08T12:00:00+00:00,18.5,87.6,75.0,976.0,VSCS,2019-11-05T21:00:00+00:00,2019-11-06T00:00:00+00:00,2019-11-06T03:00:00+00:00,2019-11-06T06:00:00+00:00,2019-11-06T09:00:00+00:00
NIO_2019_UNNAMED_2_9_1,,2019,VALIDATION,2019-11-06T18:00:00+00:00,13.8,89.3,35.0,998.0,CS,2019-11-07T06:00:00+00:00,15.3,88.7,40.0,996.0,CS,2019-11-07T18:00:00+00:00,16.4,87.8,55.0,989.0,SCS,2019-11-08T18:00:00+00:00,19.3,87.6,75.0,976.0,VSCS,2019-11-06T03:00:00+00:00,2019-11-06T06:00:00+00:00,2019-11-06T09:00:00+00:00,2019-11-06T12:00:00+00:00,2019-11-06T15:00:00+00:00
NIO_2019_UNNAMED_2_9_1,,2019,VALIDATION,2019-11-07T00:00:00+00:00,14.2,89.3,35.0,998.0,CS,2019-11-07T12:00:00+00:00,15.9,88.0,45.0,994.0,CS,2019-11-08T00:00:00+00:00,16.9,87.6,65.0,983.0,VSCS,2019-11-09T00:00:00+00:00,20.0,87.6,75.0,976.0,VSCS,2019-11-06T09:00:00+00:00,2019-11-06T12:00:00+00:00,2019-11-06T15:00:00+00:00,2019-11-06T18:00:00+00:00,2019-11-06T21:00:00+00:00
NIO_2019_UNNAMED_2_9_1,,2019,VALIDATION,2019-11-07T03:00:00+00:00,14.7,89.3,35.0,998.0,CS,2019-11-07T15:00:00+00:00,16.2,87.9,50.0,992.0,SCS,2019-11-08T03:00:00+00:00,17.2,87.6,65.0,982.0,VSCS,2019-11-09T03:00:00+00:00,20.4,87.6,70.0,980.0,VSCS,2019-11-06T12:00:00+00:00,2019-11-06T15:00:00+00:00,2019-11-06T18:00:00+00:00,2019-11-06T21:00:00+00:00,2019-11-07T00:00:00+00:00
NIO_2019_UNNAMED_2_9_1,,2019,VALIDATION,2019-11-07T06:00:00+00:00,15.3,88.7,40.0,996.0,CS,2019-11-07T18:00:00+00:00,16.4,87.8,55.0,989.0,SCS,2019-11-08T06:00:00+00:00,17.6,87.6,70.0,980.0,VSCS,2019-11-09T06:00:00+00:00,20.6,87.8,70.0,982.0,VSCS,2019-11-06T15:00:00+00:00,2019-11-06T18:00:00+00:00,2019-11-06T21:00:00+00:00,2019-11-07T00:00:00+00:00,2019-11-07T03:00:00+00:00
NIO_2019_UNNAMED_2_9_1,,2019,VALIDATION,2019-11-07T09:00:00+00:00,15.5,88.4,45.0,995.0,CS,2019-11-07T21:00:00+00:00,16.6,87.7,60.0,986.0,SCS,2019-11-08T09:00:00+00:00,18.1,87.6,70.0,980.0,VSCS,2019-11-09T09:00:00+00:00,20.9,87.9,70.0,982.0,VSCS,2019-11-06T18:00:00+00:00,2019-11-06T21:00:00+00:00,2019-11-07T00:00:00+00:00,2019-11-07T03:00:00+00:00,2019-11-07T06:00:00+00:00
NIO_2019_UNNAMED_2_9_1,,2019,VALIDATION,2019-11-07T12:00:00+00:00,15.9,88.0,45.0,994.0,CS,2019-11-08T00:00:00+00:00,16.9,87.6,65.0,983.0,VSCS,2019-11-08T12:00:00+00:00,18.5,87.6,75.0,976.0,VSCS,2019-11-09T12:00:00+00:00,21.2,88.1,70.0,982.0,VSCS,2019-11-06T21:00:00+00:00,2019-11-07T00:00:00+00:00,2019-11-07T03:00:00+00:00,2019-11-07T06:00:00+00:00,2019-11-07T09:00:00+00:00
NIO_2019_UNNAMED_2_9_1,,2019,VALIDATION,2019-11-07T15:00:00+00:00,16.2,87.9,50.0,992.0,SCS,2019-11-08T03:00:00+00:00,17.2,87.6,65.0,982.0,VSCS,2019-11-08T15:00:00+00:00,19.2,87.7,75.0,976.0,VSCS,2019-11-09T15:00:00+00:00,21.4,88.3,60.0,986.0,SCS,2019-11-07T00:00:00+00:00,2019-11-07T03:00:00+00:00,2019-11-07T06:00:00+00:00,2019-11-07T09:00:00+00:00,2019-11-07T12:00:00+00:00
NIO_2019_UNNAMED_2_9_1,,2019,VALIDATION,2019-11-07T18:00:00+00:00,16.4,87.8,55.0,989.0,SCS,2019-11-08T06:00:00+00:00,17.6,87.6,70.0,980.0,VSCS,2019-11-08T18:00:00+00:00,19.3,87.6,75.0,976.0,VSCS,2019-11-09T18:00:00+00:00,21.6,88.6,60.0,990.0,SCS,2019-11-07T03:00:00+00:00,2019-11-07T06:00:00+00:00,2019-11-07T09:00:00+00:00,2019-11-07T12:00:00+00:00,2019-11-07T15:00:00+00:00
NIO_2019_UNNAMED_2_9_1,,2019,VALIDATION,2019-11-07T21:00:00+00:00,16.6,87.7,60.0,986.0,SCS,2019-11-08T09:00:00+00:00,18.1,87.6,70.0,980.0,VSCS,2019-11-08T21:00:00+00:00,19.6,87.7,75.0,976.0,VSCS,2019-11-09T21:00:00+00:00,21.9,89.1,50.0,996.0,SCS,2019-11-07T06:00:00+00:00,2019-11-07T09:00:00+00:00,2019-11-07T12:00:00+00:00,2019-11-07T15:00:00+00:00,2019-11-07T18:00:00+00:00
NIO_2019_UNNAMED_2_9_1,,2019,VALIDATION,2019-11-08T00:00:00+00:00,16.9,87.6,65.0,983.0,VSCS,2019-11-08T12:00:00+00:00,18.5,87.6,75.0,976.0,VSCS,2019-11-09T00:00:00+00:00,20.0,87.6,75.0,976.0,VSCS,2019-11-10T00:00:00+00:00,22.1,89.5,45.0,998.0,CS,2019-11-07T09:00:00+00:00,2019-11-07T12:00:00+00:00,2019-11-07T15:00:00+00:00,2019-11-07T18:00:00+00:00,2019-11-07T21:00:00+00:00
NIO_2019_UNNAMED_2_9_1,,2019,VALIDATION,2019-11-08T03:00:00+00:00,17.2,87.6,65.0,982.0,VSCS,2019-11-08T15:00:00+00:00,19.2,87.7,75.0,976.0,VSCS,2019-11-09T03:00:00+00:00,20.4,87.6,70.0,980.0,VSCS,2019-11-10T03:00:00+00:00,22.2,89.7,40.0,1000.0,CS,2019-11-07T12:00:00+00:00,2019-11-07T15:00:00+00:00,2019-11-07T18:00:00+00:00,2019-11-07T21:00:00+00:00,2019-11-08T00:00:00+00:00
NIO_2019_UNNAMED_2_9_1,,2019,VALIDATION,2019-11-08T06:00:00+00:00,17.6,87.6,70.0,980.0,VSCS,2019-11-08T18:00:00+00:00,19.3,87.6,75.0,976.0,VSCS,2019-11-09T06:00:00+00:00,20.6,87.8,70.0,982.0,VSCS,2019-11-10T06:00:00+00:00,22.3,90.0,40.0,1000.0,CS,2019-11-07T15:00:00+00:00,2019-11-07T18:00:00+00:00,2019-11-07T21:00:00+00:00,2019-11-08T00:00:00+00:00,2019-11-08T03:00:00+00:00
NIO_2019_UNNAMED_2_9_1,,2019,VALIDATION,2019-11-08T09:00:00+00:00,18.1,87.6,70.0,980.0,VSCS,2019-11-08T21:00:00+00:00,19.6,87.7,75.0,976.0,VSCS,2019-11-09T09:00:00+00:00,20.9,87.9,70.0,982.0,VSCS,2019-11-10T09:00:00+00:00,22.4,90.1,30.0,1002.0,DD,2019-11-07T18:00:00+00:00,2019-11-07T21:00:00+00:00,2019-11-08T00:00:00+00:00,2019-11-08T03:00:00+00:00,2019-11-08T06:00:00+00:00
NIO_2019_VAYU,VAYU,2019,VALIDATION,2019-06-10T00:00:00+00:00,11.7,71.0,25.0,998.0,D,2019-06-10T12:00:00+00:00,13.3,70.8,30.0,996.0,DD,2019-06-11T00:00:00+00:00,14.7,70.6,40.0,993.0,CS,2019-06-12T00:00:00+00:00,17.8,70.4,75.0,975.0,VSCS,2019-06-09T09:00:00+00:00,2019-06-09T12:00:00+00:00,2019-06-09T15:00:00+00:00,2019-06-09T18:00:00+00:00,2019-06-09T21:00:00+00:00
NIO_2019_VAYU,VAYU,2019,VALIDATION,2019-06-10T06:00:00+00:00,12.5,70.9,30.0,997.0,DD,2019-06-10T18:00:00+00:00,13.9,70.6,35.0,995.0,CS,2019-06-11T06:00:00+00:00,15.2,70.6,45.0,990.0,CS,2019-06-12T06:00:00+00:00,18.4,70.0,75.0,971.0,VSCS,2019-06-09T15:00:00+00:00,2019-06-09T18:00:00+00:00,2019-06-09T21:00:00+00:00,2019-06-10T00:00:00+00:00,2019-06-10T03:00:00+00:00
NIO_2019_VAYU,VAYU,2019,VALIDATION,2019-06-10T12:00:00+00:00,13.3,70.8,30.0,996.0,DD,2019-06-11T00:00:00+00:00,14.7,70.6,40.0,993.0,CS,2019-06-11T12:00:00+00:00,16.1,70.6,55.0,986.0,SCS,2019-06-12T12:00:00+00:00,19.1,69.9,80.0,970.0,VSCS,2019-06-09T21:00:00+00:00,2019-06-10T00:00:00+00:00,2019-06-10T03:00:00+00:00,2019-06-10T06:00:00+00:00,2019-06-10T09:00:00+00:00
NIO_2019_VAYU,VAYU,2019,VALIDATION,2019-06-10T18:00:00+00:00,13.9,70.6,35.0,995.0,CS,2019-06-11T06:00:00+00:00,15.2,70.6,45.0,990.0,CS,2019-06-11T18:00:00+00:00,17.1,70.6,65.0,980.0,VSCS,2019-06-12T18:00:00+00:00,19.7,69.7,80.0,970.0,VSCS,2019-06-10T03:00:00+00:00,2019-06-10T06:00:00+00:00,2019-06-10T09:00:00+00:00,2019-06-10T12:00:00+00:00,2019-06-10T15:00:00+00:00
NIO_2019_VAYU,VAYU,2019,VALIDATION,2019-06-10T21:00:00+00:00,14.2,70.6,35.0,994.0,CS,2019-06-11T09:00:00+00:00,15.7,70.6,45.0,988.0,CS,2019-06-11T21:00:00+00:00,17.5,70.6,70.0,977.0,VSCS,2019-06-12T21:00:00+00:00,20.0,69.6,80.0,970.0,VSCS,2019-06-10T06:00:00+00:00,2019-06-10T09:00:00+00:00,2019-06-10T12:00:00+00:00,2019-06-10T15:00:00+00:00,2019-06-10T18:00:00+00:00
NIO_2019_VAYU,VAYU,2019,VALIDATION,2019-06-11T00:00:00+00:00,14.7,70.6,40.0,993.0,CS,2019-06-11T12:00:00+00:00,16.1,70.6,55.0,986.0,SCS,2019-06-12T00:00:00+00:00,17.8,70.4,75.0,975.0,VSCS,2019-06-13T00:00:00+00:00,20.3,69.5,80.0,970.0,VSCS,2019-06-10T09:00:00+00:00,2019-06-10T12:00:00+00:00,2019-06-10T15:00:00+00:00,2019-06-10T18:00:00+00:00,2019-06-10T21:00:00+00:00
NIO_2019_VAYU,VAYU,2019,VALIDATION,2019-06-11T03:00:00+00:00,15.0,70.6,40.0,992.0,CS,2019-06-11T15:00:00+00:00,16.7,70.6,60.0,983.0,SCS,2019-06-12T03:00:00+00:00,18.0,70.3,75.0,973.0,VSCS,2019-06-13T03:00:00+00:00,20.4,69.4,80.0,970.0,VSCS,2019-06-10T12:00:00+00:00,2019-06-10T15:00:00+00:00,2019-06-10T18:00:00+00:00,2019-06-10T21:00:00+00:00,2019-06-11T00:00:00+00:00
NIO_2019_VAYU,VAYU,2019,VALIDATION,2019-06-11T06:00:00+00:00,15.2,70.6,45.0,990.0,CS,2019-06-11T18:00:00+00:00,17.1,70.6,65.0,980.0,VSCS,2019-06-12T06:00:00+00:00,18.4,70.0,75.0,971.0,VSCS,2019-06-13T06:00:00+00:00,20.5,69.3,80.0,970.0,VSCS,2019-06-10T15:00:00+00:00,2019-06-10T18:00:00+00:00,2019-06-10T21:00:00+00:00,2019-06-11T00:00:00+00:00,2019-06-11T03:00:00+00:00
NIO_2019_VAYU,VAYU,2019,VALIDATION,2019-06-11T09:00:00+00:00,15.7,70.6,45.0,988.0,CS,2019-06-11T21:00:00+00:00,17.5,70.6,70.0,977.0,VSCS,2019-06-12T09:00:00+00:00,18.8,69.9,80.0,970.0,VSCS,2019-06-13T09:00:00+00:00,20.7,69.1,80.0,970.0,VSCS,2019-06-10T18:00:00+00:00,2019-06-10T21:00:00+00:00,2019-06-11T00:00:00+00:00,2019-06-11T03:00:00+00:00,2019-06-11T06:00:00+00:00
NIO_2019_VAYU,VAYU,2019,VALIDATION,2019-06-11T12:00:00+00:00,16.1,70.6,55.0,986.0,SCS,2019-06-12T00:00:00+00:00,17.8,70.4,75.0,975.0,VSCS,2019-06-12T12:00:00+00:00,19.1,69.9,80.0,970.0,VSCS,2019-06-13T12:00:00+00:00,20.9,69.0,80.0,970.0,VSCS,2019-06-10T21:00:00+00:00,2019-06-11T00:00:00+00:00,2019-06-11T03:00:00+00:00,2019-06-11T06:00:00+00:00,2019-06-11T09:00:00+00:00
NIO_2019_VAYU,VAYU,2019,VALIDATION,2019-06-11T15:00:00+00:00,16.7,70.6,60.0,983.0,SCS,2019-06-12T03:00:00+00:00,18.0,70.3,75.0,973.0,VSCS,2019-06-12T15:00:00+00:00,19.5,69.8,80.0,970.0,VSCS,2019-06-13T15:00:00+00:00,20.9,68.8,80.0,970.0,VSCS,2019-06-11T00:00:00+00:00,2019-06-11T03:00:00+00:00,2019-06-11T06:00:00+00:00,2019-06-11T09:00:00+00:00,2019-06-11T12:00:00+00:00
NIO_2019_VAYU,VAYU,2019,VALIDATION,2019-06-11T18:00:00+00:00,17.1,70.6,65.0,980.0,VSCS,2019-06-12T06:00:00+00:00,18.4,70.0,75.0,971.0,VSCS,2019-06-12T18:00:00+00:00,19.7,69.7,80.0,970.0,VSCS,2019-06-13T18:00:00+00:00,20.9,68.8,80.0,970.0,VSCS,2019-06-11T03:00:00+00:00,2019-06-11T06:00:00+00:00,2019-06-11T09:00:00+00:00,2019-06-11T12:00:00+00:00,2019-06-11T15:00:00+00:00
NIO_2019_VAYU,VAYU,2019,VALIDATION,2019-06-11T21:00:00+00:00,17.5,70.6,70.0,977.0,VSCS,2019-06-12T09:00:00+00:00,18.8,69.9,80.0,970.0,VSCS,2019-06-12T21:00:00+00:00,20.0,69.6,80.0,970.0,VSCS,2019-06-13T21:00:00+00:00,20.9,68.6,80.0,970.0,VSCS,2019-06-11T06:00:00+00:00,2019-06-11T09:00:00+00:00,2019-06-11T12:00:00+00:00,2019-06-11T15:00:00+00:00,2019-06-11T18:00:00+00:00
NIO_2019_VAYU,VAYU,2019,VALIDATION,2019-06-12T00:00:00+00:00,17.8,70.4,75.0,975.0,VSCS,2019-06-12T12:00:00+00:00,19.1,69.9,80.0,970.0,VSCS,2019-06-13T00:00:00+00:00,20.3,69.5,80.0,970.0,VSCS,2019-06-14T00:00:00+00:00,21.0,68.5,80.0,970.0,VSCS,2019-06-11T09:00:00+00:00,2019-06-11T12:00:00+00:00,2019-06-11T15:00:00+00:00,2019-06-11T18:00:00+00:00,2019-06-11T21:00:00+00:00
NIO_2019_VAYU,VAYU,2019,VALIDATION,2019-06-12T03:00:00+00:00,18.0,70.3,75.0,973.0,VSCS,2019-06-12T15:00:00+00:00,19.5,69.8,80.0,970.0,VSCS,2019-06-13T03:00:00+00:00,20.4,69.4,80.0,970.0,VSCS,2019-06-14T03:00:00+00:00,21.0,68.3,75.0,973.0,VSCS,2019-06-11T12:00:00+00:00,2019-06-11T15:00:00+00:00,2019-06-11T18:00:00+00:00,2019-06-11T21:00:00+00:00,2019-06-12T00:00:00+00:00
NIO_2019_VAYU,VAYU,2019,VALIDATION,2019-06-12T06:00:00+00:00,18.4,70.0,75.0,971.0,VSCS,2019-06-12T18:00:00+00:00,19.7,69.7,80.0,970.0,VSCS,2019-06-13T06:00:00+00:00,20.5,69.3,80.0,970.0,VSCS,2019-06-14T06:00:00+00:00,21.0,68.2,75.0,973.0,VSCS,2019-06-11T15:00:00+00:00,2019-06-11T18:00:00+00:00,2019-06-11T21:00:00+00:00,2019-06-12T00:00:00+00:00,2019-06-12T03:00:00+00:00
NIO_2019_VAYU,VAYU,2019,VALIDATION,2019-06-12T09:00:00+00:00,18.8,69.9,80.0,970.0,VSCS,2019-06-12T21:00:00+00:00,20.0,69.6,80.0,970.0,VSCS,2019-06-13T09:00:00+00:00,20.7,69.1,80.0,970.0,VSCS,2019-06-14T09:00:00+00:00,20.9,68.1,75.0,973.0,VSCS,2019-06-11T18:00:00+00:00,2019-06-11T21:00:00+00:00,2019-06-12T00:00:00+00:00,2019-06-12T03:00:00+00:00,2019-06-12T06:00:00+00:00
NIO_2019_VAYU,VAYU,2019,VALIDATION,2019-06-12T12:00:00+00:00,19.1,69.9,80.0,970.0,VSCS,2019-06-13T00:00:00+00:00,20.3,69.5,80.0,970.0,VSCS,2019-06-13T12:00:00+00:00,20.9,69.0,80.0,970.0,VSCS,2019-06-14T12:00:00+00:00,20.8,68.0,70.0,976.0,VSCS,2019-06-11T21:00:00+00:00,2019-06-12T00:00:00+00:00,2019-06-12T03:00:00+00:00,2019-06-12T06:00:00+00:00,2019-06-12T09:00:00+00:00
NIO_2019_VAYU,VAYU,2019,VALIDATION,2019-06-12T15:00:00+00:00,19.5,69.8,80.0,970.0,VSCS,2019-06-13T03:00:00+00:00,20.4,69.4,80.0,970.0,VSCS,2019-06-13T15:00:00+00:00,20.9,68.8,80.0,970.0,VSCS,2019-06-14T15:00:00+00:00,20.8,67.9,70.0,976.0,VSCS,2019-06-12T00:00:00+00:00,2019-06-12T03:00:00+00:00,2019-06-12T06:00:00+00:00,2019-06-12T09:00:00+00:00,2019-06-12T12:00:00+00:00
NIO_2019_VAYU,VAYU,2019,VALIDATION,2019-06-12T18:00:00+00:00,19.7,69.7,80.0,970.0,VSCS,2019-06-13T06:00:00+00:00,20.5,69.3,80.0,970.0,VSCS,2019-06-13T18:00:00+00:00,20.9,68.8,80.0,970.0,VSCS,2019-06-14T18:00:00+00:00,20.8,67.8,65.0,978.0,VSCS,2019-06-12T03:00:00+00:00,2019-06-12T06:00:00+00:00,2019-06-12T09:00:00+00:00,2019-06-12T12:00:00+00:00,2019-06-12T15:00:00+00:00
NIO_2019_VAYU,VAYU,2019,VALIDATION,2019-06-12T21:00:00+00:00,20.0,69.6,80.0,970.0,VSCS,2019-06-13T09:00:00+00:00,20.7,69.1,80.0,970.0,VSCS,2019-06-13T21:00:00+00:00,20.9,68.6,80.0,970.0,VSCS,2019-06-14T21:00:00+00:00,20.8,67.5,65.0,978.0,VSCS,2019-06-12T06:00:00+00:00,2019-06-12T09:00:00+00:00,2019-06-12T12:00:00+00:00,2019-06-12T15:00:00+00:00,2019-06-12T18:00:00+00:00
NIO_2019_VAYU,VAYU,2019,VALIDATION,2019-06-13T00:00:00+00:00,20.3,69.5,80.0,970.0,VSCS,2019-06-13T12:00:00+00:00,20.9,69.0,80.0,970.0,VSCS,2019-06-14T00:00:00+00:00,21.0,68.5,80.0,970.0,VSCS,2019-06-15T00:00:00+00:00,20.7,67.4,65.0,978.0,VSCS,2019-06-12T09:00:00+00:00,2019-06-12T12:00:00+00:00,2019-06-12T15:00:00+00:00,2019-06-12T18:00:00+00:00,2019-06-12T21:00:00+00:00
NIO_2019_VAYU,VAYU,2019,VALIDATION,2019-06-13T03:00:00+00:00,20.4,69.4,80.0,970.0,VSCS,2019-06-13T15:00:00+00:00,20.9,68.8,80.0,970.0,VSCS,2019-06-14T03:00:00+00:00,21.0,68.3,75.0,973.0,VSCS,2019-06-15T03:00:00+00:00,20.7,67.4,65.0,979.0,VSCS,2019-06-12T12:00:00+00:00,2019-06-12T15:00:00+00:00,2019-06-12T18:00:00+00:00,2019-06-12T21:00:00+00:00,2019-06-13T00:00:00+00:00
NIO_2019_VAYU,VAYU,2019,VALIDATION,2019-06-13T06:00:00+00:00,20.5,69.3,80.0,970.0,VSCS,2019-06-13T18:00:00+00:00,20.9,68.8,80.0,970.0,VSCS,2019-06-14T06:00:00+00:00,21.0,68.2,75.0,973.0,VSCS,2019-06-15T06:00:00+00:00,20.7,66.9,65.0,979.0,VSCS,2019-06-12T15:00:00+00:00,2019-06-12T18:00:00+00:00,2019-06-12T21:00:00+00:00,2019-06-13T00:00:00+00:00,2019-06-13T03:00:00+00:00
NIO_2019_VAYU,VAYU,2019,VALIDATION,2019-06-13T09:00:00+00:00,20.7,69.1,80.0,970.0,VSCS,2019-06-13T21:00:00+00:00,20.9,68.6,80.0,970.0,VSCS,2019-06-14T09:00:00+00:00,20.9,68.1,75.0,973.0,VSCS,2019-06-15T09:00:00+00:00,20.7,66.7,65.0,980.0,VSCS,2019-06-12T18:00:00+00:00,2019-06-12T21:00:00+00:00,2019-06-13T00:00:00+00:00,2019-06-13T03:00:00+00:00,2019-06-13T06:00:00+00:00
NIO_2019_VAYU,VAYU,2019,VALIDATION,2019-06-13T12:00:00+00:00,20.9,69.0,80.0,970.0,VSCS,2019-06-14T00:00:00+00:00,21.0,68.5,80.0,970.0,VSCS,2019-06-14T12:00:00+00:00,20.8,68.0,70.0,976.0,VSCS,2019-06-15T12:00:00+00:00,20.7,66.4,65.0,980.0,VSCS,2019-06-12T21:00:00+00:00,2019-06-13T00:00:00+00:00,2019-06-13T03:00:00+00:00,2019-06-13T06:00:00+00:00,2019-06-13T09:00:00+00:00
NIO_2019_VAYU,VAYU,2019,VALIDATION,2019-06-13T15:00:00+00:00,20.9,68.8,80.0,970.0,VSCS,2019-06-14T03:00:00+00:00,21.0,68.3,75.0,973.0,VSCS,2019-06-14T15:00:00+00:00,20.8,67.9,70.0,976.0,VSCS,2019-06-15T15:00:00+00:00,20.7,66.3,65.0,980.0,VSCS,2019-06-13T00:00:00+00:00,2019-06-13T03:00:00+00:00,2019-06-13T06:00:00+00:00,2019-06-13T09:00:00+00:00,2019-06-13T12:00:00+00:00
NIO_2019_VAYU,VAYU,2019,VALIDATION,2019-06-13T18:00:00+00:00,20.9,68.8,80.0,970.0,VSCS,2019-06-14T06:00:00+00:00,21.0,68.2,75.0,973.0,VSCS,2019-06-14T18:00:00+00:00,20.8,67.8,65.0,978.0,VSCS,2019-06-15T18:00:00+00:00,20.7,66.0,65.0,981.0,VSCS,2019-06-13T03:00:00+00:00,2019-06-13T06:00:00+00:00,2019-06-13T09:00:00+00:00,2019-06-13T12:00:00+00:00,2019-06-13T15:00:00+00:00
NIO_2019_VAYU,VAYU,2019,VALIDATION,2019-06-13T21:00:00+00:00,20.9,68.6,80.0,970.0,VSCS,2019-06-14T09:00:00+00:00,20.9,68.1,75.0,973.0,VSCS,2019-06-14T21:00:00+00:00,20.8,67.5,65.0,978.0,VSCS,2019-06-15T21:00:00+00:00,20.7,65.9,65.0,981.0,VSCS,2019-06-13T06:00:00+00:00,2019-06-13T09:00:00+00:00,2019-06-13T12:00:00+00:00,2019-06-13T15:00:00+00:00,2019-06-13T18:00:00+00:00
NIO_2019_VAYU,VAYU,2019,VALIDATION,2019-06-14T00:00:00+00:00,21.0,68.5,80.0,970.0,VSCS,2019-06-14T12:00:00+00:00,20.8,68.0,70.0,976.0,VSCS,2019-06-15T00:00:00+00:00,20.7,67.4,65.0,978.0,VSCS,2019-06-16T00:00:00+00:00,20.7,65.5,60.0,983.0,SCS,2019-06-13T09:00:00+00:00,2019-06-13T12:00:00+00:00,2019-06-13T15:00:00+00:00,2019-06-13T18:00:00+00:00,2019-06-13T21:00:00+00:00
NIO_2019_VAYU,VAYU,2019,VALIDATION,2019-06-14T03:00:00+00:00,21.0,68.3,75.0,973.0,VSCS,2019-06-14T15:00:00+00:00,20.8,67.9,70.0,976.0,VSCS,2019-06-15T03:00:00+00:00,20.7,67.4,65.0,979.0,VSCS,2019-06-16T03:00:00+00:00,20.8,65.2,55.0,985.0,SCS,2019-06-13T12:00:00+00:00,2019-06-13T15:00:00+00:00,2019-06-13T18:00:00+00:00,2019-06-13T21:00:00+00:00,2019-06-14T00:00:00+00:00
NIO_2019_VAYU,VAYU,2019,VALIDATION,2019-06-14T06:00:00+00:00,21.0,68.2,75.0,973.0,VSCS,2019-06-14T18:00:00+00:00,20.8,67.8,65.0,978.0,VSCS,2019-06-15T06:00:00+00:00,20.7,66.9,65.0,979.0,VSCS,2019-06-16T06:00:00+00:00,20.9,65.1,55.0,985.0,SCS,2019-06-13T15:00:00+00:00,2019-06-13T18:00:00+00:00,2019-06-13T21:00:00+00:00,2019-06-14T00:00:00+00:00,2019-06-14T03:00:00+00:00
NIO_2019_VAYU,VAYU,2019,VALIDATION,2019-06-14T09:00:00+00:00,20.9,68.1,75.0,973.0,VSCS,2019-06-14T21:00:00+00:00,20.8,67.5,65.0,978.0,VSCS,2019-06-15T09:00:00+00:00,20.7,66.7,65.0,980.0,VSCS,2019-06-16T09:00:00+00:00,20.9,65.0,55.0,986.0,SCS,2019-06-13T18:00:00+00:00,2019-06-13T21:00:00+00:00,2019-06-14T00:00:00+00:00,2019-06-14T03:00:00+00:00,2019-06-14T06:00:00+00:00
NIO_2019_VAYU,VAYU,2019,VALIDATION,2019-06-14T12:00:00+00:00,20.8,68.0,70.0,976.0,VSCS,2019-06-15T00:00:00+00:00,20.7,67.4,65.0,978.0,VSCS,2019-06-15T12:00:00+00:00,20.7,66.4,65.0,980.0,VSCS,2019-06-16T12:00:00+00:00,21.0,65.1,50.0,988.0,SCS,2019-06-13T21:00:00+00:00,2019-06-14T00:00:00+00:00,2019-06-14T03:00:00+00:00,2019-06-14T06:00:00+00:00,2019-06-14T09:00:00+00:00
NIO_2019_VAYU,VAYU,2019,VALIDATION,2019-06-14T15:00:00+00:00,20.8,67.9,70.0,976.0,VSCS,2019-06-15T03:00:00+00:00,20.7,67.4,65.0,979.0,VSCS,2019-06-15T15:00:00+00:00,20.7,66.3,65.0,980.0,VSCS,2019-06-16T15:00:00+00:00,21.2,65.5,45.0,990.0,CS,2019-06-14T00:00:00+00:00,2019-06-14T03:00:00+00:00,2019-06-14T06:00:00+00:00,2019-06-14T09:00:00+00:00,2019-06-14T12:00:00+00:00
NIO_2019_VAYU,VAYU,2019,VALIDATION,2019-06-14T18:00:00+00:00,20.8,67.8,65.0,978.0,VSCS,2019-06-15T06:00:00+00:00,20.7,66.9,65.0,979.0,VSCS,2019-06-15T18:00:00+00:00,20.7,66.0,65.0,981.0,VSCS,2019-06-16T18:00:00+00:00,21.3,66.0,40.0,992.0,CS,2019-06-14T03:00:00+00:00,2019-06-14T06:00:00+00:00,2019-06-14T09:00:00+00:00,2019-06-14T12:00:00+00:00,2019-06-14T15:00:00+00:00
NIO_2019_VAYU,VAYU,2019,VALIDATION,2019-06-14T21:00:00+00:00,20.8,67.5,65.0,978.0,VSCS,2019-06-15T09:00:00+00:00,20.7,66.7,65.0,980.0,VSCS,2019-06-15T21:00:00+00:00,20.7,65.9,65.0,981.0,VSCS,2019-06-16T21:00:00+00:00,21.5,66.4,40.0,993.0,CS,2019-06-14T06:00:00+00:00,2019-06-14T09:00:00+00:00,2019-06-14T12:00:00+00:00,2019-06-14T15:00:00+00:00,2019-06-14T18:00:00+00:00
NIO_2019_VAYU,VAYU,2019,VALIDATION,2019-06-15T00:00:00+00:00,20.7,67.4,65.0,978.0,VSCS,2019-06-15T12:00:00+00:00,20.7,66.4,65.0,980.0,VSCS,2019-06-16T00:00:00+00:00,20.7,65.5,60.0,983.0,SCS,2019-06-17T00:00:00+00:00,21.7,66.7,35.0,995.0,CS,2019-06-14T09:00:00+00:00,2019-06-14T12:00:00+00:00,2019-06-14T15:00:00+00:00,2019-06-14T18:00:00+00:00,2019-06-14T21:00:00+00:00
NIO_2019_VAYU,VAYU,2019,VALIDATION,2019-06-15T03:00:00+00:00,20.7,67.4,65.0,979.0,VSCS,2019-06-15T15:00:00+00:00,20.7,66.3,65.0,980.0,VSCS,2019-06-16T03:00:00+00:00,20.8,65.2,55.0,985.0,SCS,2019-06-17T03:00:00+00:00,21.8,66.8,30.0,996.0,DD,2019-06-14T12:00:00+00:00,2019-06-14T15:00:00+00:00,2019-06-14T18:00:00+00:00,2019-06-14T21:00:00+00:00,2019-06-15T00:00:00+00:00
NIO_2019_VAYU,VAYU,2019,VALIDATION,2019-06-15T06:00:00+00:00,20.7,66.9,65.0,979.0,VSCS,2019-06-15T18:00:00+00:00,20.7,66.0,65.0,981.0,VSCS,2019-06-16T06:00:00+00:00,20.9,65.1,55.0,985.0,SCS,2019-06-17T06:00:00+00:00,22.0,67.0,30.0,997.0,DD,2019-06-14T15:00:00+00:00,2019-06-14T18:00:00+00:00,2019-06-14T21:00:00+00:00,2019-06-15T00:00:00+00:00,2019-06-15T03:00:00+00:00
NIO_2019_VAYU,VAYU,2019,VALIDATION,2019-06-15T09:00:00+00:00,20.7,66.7,65.0,980.0,VSCS,2019-06-15T21:00:00+00:00,20.7,65.9,65.0,981.0,VSCS,2019-06-16T09:00:00+00:00,20.9,65.0,55.0,986.0,SCS,2019-06-17T09:00:00+00:00,22.2,67.4,25.0,998.0,D,2019-06-14T18:00:00+00:00,2019-06-14T21:00:00+00:00,2019-06-15T00:00:00+00:00,2019-06-15T03:00:00+00:00,2019-06-15T06:00:00+00:00
NIO_2019_VAYU,VAYU,2019,VALIDATION,2019-06-15T12:00:00+00:00,20.7,66.4,65.0,980.0,VSCS,2019-06-16T00:00:00+00:00,20.7,65.5,60.0,983.0,SCS,2019-06-16T12:00:00+00:00,21.0,65.1,50.0,988.0,SCS,2019-06-17T12:00:00+00:00,22.5,67.8,20.0,998.0,D,2019-06-14T21:00:00+00:00,2019-06-15T00:00:00+00:00,2019-06-15T03:00:00+00:00,2019-06-15T06:00:00+00:00,2019-06-15T09:00:00+00:00
NIO_2020_AMPHAN,AMPHAN,2020,VALIDATION,2020-05-16T00:00:00+00:00,10.4,87.0,25.0,1000.0,D,2020-05-16T12:00:00+00:00,10.9,86.3,35.0,996.0,CS,2020-05-17T00:00:00+00:00,11.4,86.0,45.0,992.0,CS,2020-05-18T00:00:00+00:00,13.2,86.3,100.0,952.0,ESCS,2020-05-15T09:00:00+00:00,2020-05-15T12:00:00+00:00,2020-05-15T15:00:00+00:00,2020-05-15T18:00:00+00:00,2020-05-15T21:00:00+00:00
NIO_2020_AMPHAN,AMPHAN,2020,VALIDATION,2020-05-16T03:00:00+00:00,10.7,86.5,25.0,1000.0,D,2020-05-16T15:00:00+00:00,11.0,86.2,40.0,995.0,CS,2020-05-17T03:00:00+00:00,11.4,86.0,50.0,990.0,SCS,2020-05-18T03:00:00+00:00,13.3,86.2,115.0,936.0,ESCS,2020-05-15T12:00:00+00:00,2020-05-15T15:00:00+00:00,2020-05-15T18:00:00+00:00,2020-05-15T21:00:00+00:00,2020-05-16T00:00:00+00:00
NIO_2020_AMPHAN,AMPHAN,2020,VALIDATION,2020-05-16T06:00:00+00:00,10.9,86.3,25.0,1000.0,D,2020-05-16T18:00:00+00:00,11.1,86.1,40.0,995.0,CS,2020-05-17T06:00:00+00:00,11.5,86.0,55.0,988.0,SCS,2020-05-18T06:00:00+00:00,13.4,86.2,120.0,930.0,SuCS,2020-05-15T15:00:00+00:00,2020-05-15T18:00:00+00:00,2020-05-15T21:00:00+00:00,2020-05-16T00:00:00+00:00,2020-05-16T03:00:00+00:00
NIO_2020_AMPHAN,AMPHAN,2020,VALIDATION,2020-05-16T09:00:00+00:00,10.9,86.3,30.0,998.0,DD,2020-05-16T21:00:00+00:00,11.3,86.1,45.0,994.0,CS,2020-05-17T09:00:00+00:00,11.7,86.0,65.0,980.0,VSCS,2020-05-18T09:00:00+00:00,13.7,86.2,120.0,930.0,SuCS,2020-05-15T18:00:00+00:00,2020-05-15T21:00:00+00:00,2020-05-16T00:00:00+00:00,2020-05-16T03:00:00+00:00,2020-05-16T06:00:00+00:00
NIO_2020_AMPHAN,AMPHAN,2020,VALIDATION,2020-05-16T12:00:00+00:00,10.9,86.3,35.0,996.0,CS,2020-05-17T00:00:00+00:00,11.4,86.0,45.0,992.0,CS,2020-05-17T12:00:00+00:00,12.0,86.0,70.0,978.0,VSCS,2020-05-18T12:00:00+00:00,14.0,86.3,125.0,926.0,SuCS,2020-05-15T21:00:00+00:00,2020-05-16T00:00:00+00:00,2020-05-16T03:00:00+00:00,2020-05-16T06:00:00+00:00,2020-05-16T09:00:00+00:00
NIO_2020_AMPHAN,AMPHAN,2020,VALIDATION,2020-05-16T15:00:00+00:00,11.0,86.2,40.0,995.0,CS,2020-05-17T03:00:00+00:00,11.4,86.0,50.0,990.0,SCS,2020-05-17T15:00:00+00:00,12.8,86.2,70.0,978.0,VSCS,2020-05-18T15:00:00+00:00,14.5,86.4,125.0,926.0,SuCS,2020-05-16T00:00:00+00:00,2020-05-16T03:00:00+00:00,2020-05-16T06:00:00+00:00,2020-05-16T09:00:00+00:00,2020-05-16T12:00:00+00:00
NIO_2020_AMPHAN,AMPHAN,2020,VALIDATION,2020-05-16T18:00:00+00:00,11.1,86.1,40.0,995.0,CS,2020-05-17T06:00:00+00:00,11.5,86.0,55.0,988.0,SCS,2020-05-17T18:00:00+00:00,12.5,86.1,80.0,970.0,VSCS,2020-05-18T18:00:00+00:00,14.9,86.5,130.0,920.0,SuCS,2020-05-16T03:00:00+00:00,2020-05-16T06:00:00+00:00,2020-05-16T09:00:00+00:00,2020-05-16T12:00:00+00:00,2020-05-16T15:00:00+00:00
NIO_2020_AMPHAN,AMPHAN,2020,VALIDATION,2020-05-16T21:00:00+00:00,11.3,86.1,45.0,994.0,CS,2020-05-17T09:00:00+00:00,11.7,86.0,65.0,980.0,VSCS,2020-05-17T21:00:00+00:00,12.9,86.4,90.0,962.0,ESCS,2020-05-18T21:00:00+00:00,15.2,86.6,130.0,920.0,SuCS,2020-05-16T06:00:00+00:00,2020-05-16T09:00:00+00:00,2020-05-16T12:00:00+00:00,2020-05-16T15:00:00+00:00,2020-05-16T18:00:00+00:00
NIO_2020_AMPHAN,AMPHAN,2020,VALIDATION,2020-05-17T00:00:00+00:00,11.4,86.0,45.0,992.0,CS,2020-05-17T12:00:00+00:00,12.0,86.0,70.0,978.0,VSCS,2020-05-18T00:00:00+00:00,13.2,86.3,100.0,952.0,ESCS,2020-05-19T00:00:00+00:00,15.6,86.7,125.0,926.0,SuCS,2020-05-16T09:00:00+00:00,2020-05-16T12:00:00+00:00,2020-05-16T15:00:00+00:00,2020-05-16T18:00:00+00:00,2020-05-16T21:00:00+00:00
NIO_2020_AMPHAN,AMPHAN,2020,VALIDATION,2020-05-17T03:00:00+00:00,11.4,86.0,50.0,990.0,SCS,2020-05-17T15:00:00+00:00,12.8,86.2,70.0,978.0,VSCS,2020-05-18T03:00:00+00:00,13.3,86.2,115.0,936.0,ESCS,2020-05-19T03:00:00+00:00,16.0,86.8,120.0,930.0,SuCS,2020-05-16T12:00:00+00:00,2020-05-16T15:00:00+00:00,2020-05-16T18:00:00+00:00,2020-05-16T21:00:00+00:00,2020-05-17T00:00:00+00:00
NIO_2020_AMPHAN,AMPHAN,2020,VALIDATION,2020-05-17T06:00:00+00:00,11.5,86.0,55.0,988.0,SCS,2020-05-17T18:00:00+00:00,12.5,86.1,80.0,970.0,VSCS,2020-05-18T06:00:00+00:00,13.4,86.2,120.0,930.0,SuCS,2020-05-19T06:00:00+00:00,16.5,86.9,115.0,936.0,ESCS,2020-05-16T15:00:00+00:00,2020-05-16T18:00:00+00:00,2020-05-16T21:00:00+00:00,2020-05-17T00:00:00+00:00,2020-05-17T03:00:00+00:00
NIO_2020_AMPHAN,AMPHAN,2020,VALIDATION,2020-05-17T09:00:00+00:00,11.7,86.0,65.0,980.0,VSCS,2020-05-17T21:00:00+00:00,12.9,86.4,90.0,962.0,ESCS,2020-05-18T09:00:00+00:00,13.7,86.2,120.0,930.0,SuCS,2020-05-19T09:00:00+00:00,17.0,86.9,110.0,942.0,ESCS,2020-05-16T18:00:00+00:00,2020-05-16T21:00:00+00:00,2020-05-17T00:00:00+00:00,2020-05-17T03:00:00+00:00,2020-05-17T06:00:00+00:00
NIO_2020_AMPHAN,AMPHAN,2020,VALIDATION,2020-05-17T12:00:00+00:00,12.0,86.0,70.0,978.0,VSCS,2020-05-18T00:00:00+00:00,13.2,86.3,100.0,952.0,ESCS,2020-05-18T12:00:00+00:00,14.0,86.3,125.0,926.0,SuCS,2020-05-19T12:00:00+00:00,17.4,87.0,105.0,946.0,ESCS,2020-05-16T21:00:00+00:00,2020-05-17T00:00:00+00:00,2020-05-17T03:00:00+00:00,2020-05-17T06:00:00+00:00,2020-05-17T09:00:00+00:00
NIO_2020_AMPHAN,AMPHAN,2020,VALIDATION,2020-05-17T15:00:00+00:00,12.8,86.2,70.0,978.0,VSCS,2020-05-18T03:00:00+00:00,13.3,86.2,115.0,936.0,ESCS,2020-05-18T15:00:00+00:00,14.5,86.4,125.0,926.0,SuCS,2020-05-19T15:00:00+00:00,18.1,87.1,100.0,950.0,ESCS,2020-05-17T00:00:00+00:00,2020-05-17T03:00:00+00:00,2020-05-17T06:00:00+00:00,2020-05-17T09:00:00+00:00,2020-05-17T12:00:00+00:00
NIO_2020_AMPHAN,AMPHAN,2020,VALIDATION,2020-05-17T18:00:00+00:00,12.5,86.1,80.0,970.0,VSCS,2020-05-18T06:00:00+00:00,13.4,86.2,120.0,930.0,SuCS,2020-05-18T18:00:00+00:00,14.9,86.5,130.0,920.0,SuCS,2020-05-19T18:00:00+00:00,18.4,87.2,100.0,950.0,ESCS,2020-05-17T03:00:00+00:00,2020-05-17T06:00:00+00:00,2020-05-17T09:00:00+00:00,2020-05-17T12:00:00+00:00,2020-05-17T15:00:00+00:00
NIO_2020_AMPHAN,AMPHAN,2020,VALIDATION,2020-05-17T21:00:00+00:00,12.9,86.4,90.0,962.0,ESCS,2020-05-18T09:00:00+00:00,13.7,86.2,120.0,930.0,SuCS,2020-05-18T21:00:00+00:00,15.2,86.6,130.0,920.0,SuCS,2020-05-19T21:00:00+00:00,18.7,87.2,100.0,950.0,ESCS,2020-05-17T06:00:00+00:00,2020-05-17T09:00:00+00:00,2020-05-17T12:00:00+00:00,2020-05-17T15:00:00+00:00,2020-05-17T18:00:00+00:00
NIO_2020_AMPHAN,AMPHAN,2020,VALIDATION,2020-05-18T00:00:00+00:00,13.2,86.3,100.0,952.0,ESCS,2020-05-18T12:00:00+00:00,14.0,86.3,125.0,926.0,SuCS,2020-05-19T00:00:00+00:00,15.6,86.7,125.0,926.0,SuCS,2020-05-20T00:00:00+00:00,19.1,87.5,95.0,954.0,ESCS,2020-05-17T09:00:00+00:00,2020-05-17T12:00:00+00:00,2020-05-17T15:00:00+00:00,2020-05-17T18:00:00+00:00,2020-05-17T21:00:00+00:00
NIO_2020_AMPHAN,AMPHAN,2020,VALIDATION,2020-05-18T03:00:00+00:00,13.3,86.2,115.0,936.0,ESCS,2020-05-18T15:00:00+00:00,14.5,86.4,125.0,926.0,SuCS,2020-05-19T03:00:00+00:00,16.0,86.8,120.0,930.0,SuCS,2020-05-20T03:00:00+00:00,19.8,87.7,90.0,958.0,ESCS,2020-05-17T12:00:00+00:00,2020-05-17T15:00:00+00:00,2020-05-17T18:00:00+00:00,2020-05-17T21:00:00+00:00,2020-05-18T00:00:00+00:00
NIO_2020_AMPHAN,AMPHAN,2020,VALIDATION,2020-05-18T06:00:00+00:00,13.4,86.2,120.0,930.0,SuCS,2020-05-18T18:00:00+00:00,14.9,86.5,130.0,920.0,SuCS,2020-05-19T06:00:00+00:00,16.5,86.9,115.0,936.0,ESCS,2020-05-20T06:00:00+00:00,20.6,88.0,90.0,960.0,ESCS,2020-05-17T15:00:00+00:00,2020-05-17T18:00:00+00:00,2020-05-17T21:00:00+00:00,2020-05-18T00:00:00+00:00,2020-05-18T03:00:00+00:00
NIO_2020_AMPHAN,AMPHAN,2020,VALIDATION,2020-05-18T09:00:00+00:00,13.7,86.2,120.0,930.0,SuCS,2020-05-18T21:00:00+00:00,15.2,86.6,130.0,920.0,SuCS,2020-05-19T09:00:00+00:00,17.0,86.9,110.0,942.0,ESCS,2020-05-20T09:00:00+00:00,21.4,88.1,90.0,960.0,ESCS,2020-05-17T18:00:00+00:00,2020-05-17T21:00:00+00:00,2020-05-18T00:00:00+00:00,2020-05-18T03:00:00+00:00,2020-05-18T06:00:00+00:00
NIO_2020_BUREVI,BUREVI,2020,VALIDATION,2020-11-30T00:00:00+00:00,7.5,88.0,20.0,1003.0,D,2020-11-30T12:00:00+00:00,7.7,87.0,25.0,1002.0,D,2020-12-01T00:00:00+00:00,7.8,86.0,30.0,1000.0,DD,2020-12-02T00:00:00+00:00,8.6,83.0,40.0,998.0,,2020-11-29T09:00:00+00:00,2020-11-29T12:00:00+00:00,2020-11-29T15:00:00+00:00,2020-11-29T18:00:00+00:00,2020-11-29T21:00:00+00:00
NIO_2020_BUREVI,BUREVI,2020,VALIDATION,2020-11-30T06:00:00+00:00,7.8,87.4,25.0,1002.0,D,2020-11-30T18:00:00+00:00,7.8,86.6,25.0,1002.0,D,2020-12-01T06:00:00+00:00,7.8,85.3,30.0,1000.0,DD,2020-12-02T06:00:00+00:00,8.8,82.2,45.0,996.0,,2020-11-29T15:00:00+00:00,2020-11-29T18:00:00+00:00,2020-11-29T21:00:00+00:00,2020-11-30T00:00:00+00:00,2020-11-30T03:00:00+00:00
NIO_2020_BUREVI,BUREVI,2020,VALIDATION,2020-11-30T12:00:00+00:00,7.7,87.0,25.0,1002.0,D,2020-12-01T00:00:00+00:00,7.8,86.0,30.0,1000.0,DD,2020-12-01T12:00:00+00:00,7.9,84.8,35.0,999.0,CS,2020-12-02T12:00:00+00:00,8.8,81.4,45.0,996.0,,2020-11-29T21:00:00+00:00,2020-11-30T00:00:00+00:00,2020-11-30T03:00:00+00:00,2020-11-30T06:00:00+00:00,2020-11-30T09:00:00+00:00
NIO_2020_BUREVI,BUREVI,2020,VALIDATION,2020-11-30T18:00:00+00:00,7.8,86.6,25.0,1002.0,D,2020-12-01T06:00:00+00:00,7.8,85.3,30.0,1000.0,DD,2020-12-01T18:00:00+00:00,8.1,84.2,35.0,999.0,CS,2020-12-02T18:00:00+00:00,8.9,80.9,45.0,996.0,CS,2020-11-30T03:00:00+00:00,2020-11-30T06:00:00+00:00,2020-11-30T09:00:00+00:00,2020-11-30T12:00:00+00:00,2020-11-30T15:00:00+00:00
NIO_2020_BUREVI,BUREVI,2020,VALIDATION,2020-12-01T00:00:00+00:00,7.8,86.0,30.0,1000.0,DD,2020-12-01T12:00:00+00:00,7.9,84.8,35.0,999.0,CS,2020-12-02T00:00:00+00:00,8.6,83.0,40.0,998.0,,2020-12-03T00:00:00+00:00,9.0,80.3,40.0,998.0,CS,2020-11-30T09:00:00+00:00,2020-11-30T12:00:00+00:00,2020-11-30T15:00:00+00:00,2020-11-30T18:00:00+00:00,2020-11-30T21:00:00+00:00
NIO_2020_BUREVI,BUREVI,2020,VALIDATION,2020-12-01T03:00:00+00:00,7.8,85.7,30.0,1000.0,DD,2020-12-01T15:00:00+00:00,7.9,84.5,35.0,999.0,CS,2020-12-02T03:00:00+00:00,8.7,82.5,40.0,998.0,,2020-12-03T03:00:00+00:00,9.1,80.2,40.0,998.0,CS,2020-11-30T12:00:00+00:00,2020-11-30T15:00:00+00:00,2020-11-30T18:00:00+00:00,2020-11-30T21:00:00+00:00,2020-12-01T00:00:00+00:00
NIO_2020_BUREVI,BUREVI,2020,VALIDATION,2020-12-01T06:00:00+00:00,7.8,85.3,30.0,1000.0,DD,2020-12-01T18:00:00+00:00,8.1,84.2,35.0,999.0,CS,2020-12-02T06:00:00+00:00,8.8,82.2,45.0,996.0,,2020-12-03T06:00:00+00:00,9.2,79.7,40.0,998.0,CS,2020-11-30T15:00:00+00:00,2020-11-30T18:00:00+00:00,2020-11-30T21:00:00+00:00,2020-12-01T00:00:00+00:00,2020-12-01T03:00:00+00:00
NIO_2020_BUREVI,BUREVI,2020,VALIDATION,2020-12-01T12:00:00+00:00,7.9,84.8,35.0,999.0,CS,2020-12-02T00:00:00+00:00,8.6,83.0,40.0,998.0,,2020-12-02T12:00:00+00:00,8.8,81.4,45.0,996.0,,2020-12-03T12:00:00+00:00,9.2,79.1,30.0,1000.0,DD,2020-11-30T21:00:00+00:00,2020-12-01T00:00:00+00:00,2020-12-01T03:00:00+00:00,2020-12-01T06:00:00+00:00,2020-12-01T09:00:00+00:00
NIO_2020_BUREVI,BUREVI,2020,VALIDATION,2020-12-01T15:00:00+00:00,7.9,84.5,35.0,999.0,CS,2020-12-02T03:00:00+00:00,8.7,82.5,40.0,998.0,,2020-12-02T15:00:00+00:00,8.8,81.4,45.0,996.0,,2020-12-03T15:00:00+00:00,9.2,78.8,30.0,1000.0,DD,2020-12-01T00:00:00+00:00,2020-12-01T03:00:00+00:00,2020-12-01T06:00:00+00:00,2020-12-01T09:00:00+00:00,2020-12-01T12:00:00+00:00
NIO_2020_BUREVI,BUREVI,2020,VALIDATION,2020-12-01T18:00:00+00:00,8.1,84.2,35.0,999.0,CS,2020-12-02T06:00:00+00:00,8.8,82.2,45.0,996.0,,2020-12-02T18:00:00+00:00,8.9,80.9,45.0,996.0,CS,2020-12-03T18:00:00+00:00,9.1,78.6,30.0,1000.0,DD,2020-12-01T03:00:00+00:00,2020-12-01T06:00:00+00:00,2020-12-01T09:00:00+00:00,2020-12-01T12:00:00+00:00,2020-12-01T15:00:00+00:00
NIO_2020_BUREVI,BUREVI,2020,VALIDATION,2020-12-01T21:00:00+00:00,8.4,83.4,35.0,999.0,,2020-12-02T09:00:00+00:00,8.8,81.8,45.0,996.0,,2020-12-02T21:00:00+00:00,9.0,80.8,40.0,998.0,CS,2020-12-03T21:00:00+00:00,9.1,78.6,30.0,1000.0,DD,2020-12-01T06:00:00+00:00,2020-12-01T09:00:00+00:00,2020-12-01T12:00:00+00:00,2020-12-01T15:00:00+00:00,2020-12-01T18:00:00+00:00
NIO_2020_BUREVI,BUREVI,2020,VALIDATION,2020-12-02T00:00:00+00:00,8.6,83.0,40.0,998.0,,2020-12-02T12:00:00+00:00,8.8,81.4,45.0,996.0,,2020-12-03T00:00:00+00:00,9.0,80.3,40.0,998.0,CS,2020-12-04T00:00:00+00:00,9.1,78.6,30.0,1000.0,DD,2020-12-01T09:00:00+00:00,2020-12-01T12:00:00+00:00,2020-12-01T15:00:00+00:00,2020-12-01T18:00:00+00:00,2020-12-01T21:00:00+00:00
NIO_2020_BUREVI,BUREVI,2020,VALIDATION,2020-12-02T03:00:00+00:00,8.7,82.5,40.0,998.0,,2020-12-02T15:00:00+00:00,8.8,81.4,45.0,996.0,,2020-12-03T03:00:00+00:00,9.1,80.2,40.0,998.0,CS,2020-12-04T03:00:00+00:00,9.1,78.6,30.0,1001.0,DD,2020-12-01T12:00:00+00:00,2020-12-01T15:00:00+00:00,2020-12-01T18:00:00+00:00,2020-12-01T21:00:00+00:00,2020-12-02T00:00:00+00:00
NIO_2020_BUREVI,BUREVI,2020,VALIDATION,2020-12-02T06:00:00+00:00,8.8,82.2,45.0,996.0,,2020-12-02T18:00:00+00:00,8.9,80.9,45.0,996.0,CS,2020-12-03T06:00:00+00:00,9.2,79.7,40.0,998.0,CS,2020-12-04T06:00:00+00:00,9.1,78.6,30.0,1001.0,DD,2020-12-01T15:00:00+00:00,2020-12-01T18:00:00+00:00,2020-12-01T21:00:00+00:00,2020-12-02T00:00:00+00:00,2020-12-02T03:00:00+00:00
NIO_2020_BUREVI,BUREVI,2020,VALIDATION,2020-12-02T12:00:00+00:00,8.8,81.4,45.0,996.0,,2020-12-03T00:00:00+00:00,9.0,80.3,40.0,998.0,CS,2020-12-03T12:00:00+00:00,9.2,79.1,30.0,1000.0,DD,2020-12-04T12:00:00+00:00,9.1,78.6,25.0,1002.0,D,2020-12-01T21:00:00+00:00,2020-12-02T00:00:00+00:00,2020-12-02T03:00:00+00:00,2020-12-02T06:00:00+00:00,2020-12-02T09:00:00+00:00
NIO_2020_BUREVI,BUREVI,2020,VALIDATION,2020-12-02T18:00:00+00:00,8.9,80.9,45.0,996.0,CS,2020-12-03T06:00:00+00:00,9.2,79.7,40.0,998.0,CS,2020-12-03T18:00:00+00:00,9.1,78.6,30.0,1000.0,DD,2020-12-04T18:00:00+00:00,9.1,78.6,25.0,1003.0,D,2020-12-02T03:00:00+00:00,2020-12-02T06:00:00+00:00,2020-12-02T09:00:00+00:00,2020-12-02T12:00:00+00:00,2020-12-02T15:00:00+00:00
NIO_2020_BUREVI,BUREVI,2020,VALIDATION,2020-12-03T00:00:00+00:00,9.0,80.3,40.0,998.0,CS,2020-12-03T12:00:00+00:00,9.2,79.1,30.0,1000.0,DD,2020-12-04T00:00:00+00:00,9.1,78.6,30.0,1000.0,DD,2020-12-05T00:00:00+00:00,9.1,78.6,20.0,1004.0,D,2020-12-02T09:00:00+00:00,2020-12-02T12:00:00+00:00,2020-12-02T15:00:00+00:00,2020-12-02T18:00:00+00:00,2020-12-02T21:00:00+00:00
NIO_2020_BUREVI,BUREVI,2020,VALIDATION,2020-12-03T03:00:00+00:00,9.1,80.2,40.0,998.0,CS,2020-12-03T15:00:00+00:00,9.2,78.8,30.0,1000.0,DD,2020-12-04T03:00:00+00:00,9.1,78.6,30.0,1001.0,DD,2020-12-05T03:00:00+00:00,9.1,78.6,20.0,1006.0,D,2020-12-02T12:00:00+00:00,2020-12-02T15:00:00+00:00,2020-12-02T18:00:00+00:00,2020-12-02T21:00:00+00:00,2020-12-03T00:00:00+00:00
NIO_2020_GATI,GATI,2020,VALIDATION,2020-11-21T18:00:00+00:00,11.2,57.4,25.0,1000.0,D,2020-11-22T06:00:00+00:00,10.4,52.7,50.0,992.0,SCS,2020-11-22T18:00:00+00:00,10.4,50.5,65.0,982.0,VSCS,2020-11-23T18:00:00+00:00,11.7,47.5,30.0,1000.0,DD,2020-11-21T03:00:00+00:00,2020-11-21T06:00:00+00:00,2020-11-21T09:00:00+00:00,2020-11-21T12:00:00+00:00,2020-11-21T15:00:00+00:00
NIO_2020_GATI,GATI,2020,VALIDATION,2020-11-22T03:00:00+00:00,10.7,53.8,40.0,996.0,CS,2020-11-22T15:00:00+00:00,10.4,51.0,75.0,976.0,VSCS,2020-11-23T03:00:00+00:00,10.7,49.7,35.0,997.0,CS,2020-11-24T03:00:00+00:00,11.6,46.8,20.0,1002.0,D,2020-11-21T12:00:00+00:00,2020-11-21T15:00:00+00:00,2020-11-21T18:00:00+00:00,2020-11-21T21:00:00+00:00,2020-11-22T00:00:00+00:00
NIO_2020_NISARGA,NISARGA,2020,VALIDATION,2020-06-01T00:00:00+00:00,13.0,71.4,25.0,1004.0,D,2020-06-01T12:00:00+00:00,14.2,71.2,25.0,1003.0,D,2020-06-02T00:00:00+00:00,15.0,71.2,30.0,1000.0,DD,2020-06-03T00:00:00+00:00,17.3,72.1,50.0,992.0,SCS,2020-05-31T09:00:00+00:00,2020-05-31T12:00:00+00:00,2020-05-31T15:00:00+00:00,2020-05-31T18:00:00+00:00,2020-05-31T21:00:00+00:00
NIO_2020_NISARGA,NISARGA,2020,VALIDATION,2020-06-01T06:00:00+00:00,13.7,71.3,25.0,1004.0,D,2020-06-01T18:00:00+00:00,14.4,71.2,25.0,1003.0,D,2020-06-02T06:00:00+00:00,15.6,71.2,35.0,999.0,CS,2020-06-03T06:00:00+00:00,18.1,72.8,60.0,984.0,SCS,2020-05-31T15:00:00+00:00,2020-05-31T18:00:00+00:00,2020-05-31T21:00:00+00:00,2020-06-01T00:00:00+00:00,2020-06-01T03:00:00+00:00
NIO_2020_NIVAR,NIVAR,2020,VALIDATION,2020-11-23T00:00:00+00:00,9.3,84.5,25.0,1002.0,D,2020-11-23T12:00:00+00:00,9.8,83.6,30.0,999.0,DD,2020-11-24T00:00:00+00:00,10.0,83.0,35.0,997.0,CS,2020-11-25T00:00:00+00:00,10.5,82.0,60.0,986.0,SCS,2020-11-22T09:00:00+00:00,2020-11-22T12:00:00+00:00,2020-11-22T15:00:00+00:00,2020-11-22T18:00:00+00:00,2020-11-22T21:00:00+00:00
NIO_2020_NIVAR,NIVAR,2020,VALIDATION,2020-11-23T06:00:00+00:00,9.6,84.0,25.0,1001.0,D,2020-11-23T18:00:00+00:00,10.0,83.3,30.0,998.0,DD,2020-11-24T06:00:00+00:00,10.0,82.7,40.0,994.0,CS,2020-11-25T06:00:00+00:00,11.0,81.3,60.0,986.0,SCS,2020-11-22T15:00:00+00:00,2020-11-22T18:00:00+00:00,2020-11-22T21:00:00+00:00,2020-11-23T00:00:00+00:00,2020-11-23T03:00:00+00:00
NIO_2020_NIVAR,NIVAR,2020,VALIDATION,2020-11-23T12:00:00+00:00,9.8,83.6,30.0,999.0,DD,2020-11-24T00:00:00+00:00,10.0,83.0,35.0,997.0,CS,2020-11-24T12:00:00+00:00,10.1,82.5,45.0,994.0,CS,2020-11-25T12:00:00+00:00,11.4,80.7,65.0,982.0,VSCS,2020-11-22T21:00:00+00:00,2020-11-23T00:00:00+00:00,2020-11-23T03:00:00+00:00,2020-11-23T06:00:00+00:00,2020-11-23T09:00:00+00:00
NIO_2020_NIVAR,NIVAR,2020,VALIDATION,2020-11-23T18:00:00+00:00,10.0,83.3,30.0,998.0,DD,2020-11-24T06:00:00+00:00,10.0,82.7,40.0,994.0,CS,2020-11-24T18:00:00+00:00,10.2,82.3,50.0,992.0,SCS,2020-11-25T18:00:00+00:00,12.0,80.1,65.0,982.0,VSCS,2020-11-23T03:00:00+00:00,2020-11-23T06:00:00+00:00,2020-11-23T09:00:00+00:00,2020-11-23T12:00:00+00:00,2020-11-23T15:00:00+00:00
NIO_2020_NIVAR,NIVAR,2020,VALIDATION,2020-11-24T00:00:00+00:00,10.0,83.0,35.0,997.0,CS,2020-11-24T12:00:00+00:00,10.1,82.5,45.0,994.0,CS,2020-11-25T00:00:00+00:00,10.5,82.0,60.0,986.0,SCS,2020-11-26T00:00:00+00:00,12.3,79.7,50.0,992.0,SCS,2020-11-23T09:00:00+00:00,2020-11-23T12:00:00+00:00,2020-11-23T15:00:00+00:00,2020-11-23T18:00:00+00:00,2020-11-23T21:00:00+00:00
NIO_2020_NIVAR,NIVAR,2020,VALIDATION,2020-11-24T03:00:00+00:00,10.0,83.0,35.0,997.0,CS,2020-11-24T15:00:00+00:00,10.1,82.4,45.0,994.0,CS,2020-11-25T03:00:00+00:00,10.7,81.7,60.0,986.0,SCS,2020-11-26T03:00:00+00:00,12.6,79.4,40.0,996.0,CS,2020-11-23T12:00:00+00:00,2020-11-23T15:00:00+00:00,2020-11-23T18:00:00+00:00,2020-11-23T21:00:00+00:00,2020-11-24T00:00:00+00:00
NIO_2020_NIVAR,NIVAR,2020,VALIDATION,2020-11-24T06:00:00+00:00,10.0,82.7,40.0,994.0,CS,2020-11-24T18:00:00+00:00,10.2,82.3,50.0,992.0,SCS,2020-11-25T06:00:00+00:00,11.0,81.3,60.0,986.0,SCS,2020-11-26T06:00:00+00:00,12.9,79.3,30.0,998.0,CS,2020-11-23T15:00:00+00:00,2020-11-23T18:00:00+00:00,2020-11-23T21:00:00+00:00,2020-11-24T00:00:00+00:00,2020-11-24T03:00:00+00:00
NIO_2020_NIVAR,NIVAR,2020,VALIDATION,2020-11-24T09:00:00+00:00,10.0,82.6,45.0,994.0,CS,2020-11-24T21:00:00+00:00,10.3,82.2,55.0,988.0,SCS,2020-11-25T09:00:00+00:00,11.2,81.0,65.0,982.0,VSCS,2020-11-26T09:00:00+00:00,13.3,79.3,30.0,999.0,DD,2020-11-23T18:00:00+00:00,2020-11-23T21:00:00+00:00,2020-11-24T00:00:00+00:00,2020-11-24T03:00:00+00:00,2020-11-24T06:00:00+00:00
NIO_2020_NIVAR,NIVAR,2020,VALIDATION,2020-11-24T12:00:00+00:00,10.1,82.5,45.0,994.0,CS,2020-11-25T00:00:00+00:00,10.5,82.0,60.0,986.0,SCS,2020-11-25T12:00:00+00:00,11.4,80.7,65.0,982.0,VSCS,2020-11-26T12:00:00+00:00,13.6,79.4,30.0,1000.0,DD,2020-11-23T21:00:00+00:00,2020-11-24T00:00:00+00:00,2020-11-24T03:00:00+00:00,2020-11-24T06:00:00+00:00,2020-11-24T09:00:00+00:00
NIO_2020_NIVAR,NIVAR,2020,VALIDATION,2020-11-24T18:00:00+00:00,10.2,82.3,50.0,992.0,SCS,2020-11-25T06:00:00+00:00,11.0,81.3,60.0,986.0,SCS,2020-11-25T18:00:00+00:00,12.0,80.1,65.0,982.0,VSCS,2020-11-26T18:00:00+00:00,14.0,79.6,20.0,1002.0,D,2020-11-24T03:00:00+00:00,2020-11-24T06:00:00+00:00,2020-11-24T09:00:00+00:00,2020-11-24T12:00:00+00:00,2020-11-24T15:00:00+00:00
NIO_2020_UNNAMED_01,,2020,VALIDATION,2020-05-29T12:00:00+00:00,17.3,54.3,25.0,1000.0,D,2020-05-30T00:00:00+00:00,17.3,54.2,25.0,1000.0,D,2020-05-30T12:00:00+00:00,17.2,54.0,25.0,1000.0,D,2020-05-31T12:00:00+00:00,16.9,53.1,25.0,1000.0,D,2020-05-28T21:00:00+00:00,2020-05-29T00:00:00+00:00,2020-05-29T03:00:00+00:00,2020-05-29T06:00:00+00:00,2020-05-29T09:00:00+00:00
NIO_2020_UNNAMED_01,,2020,VALIDATION,2020-05-29T18:00:00+00:00,17.3,54.3,25.0,1000.0,D,2020-05-30T06:00:00+00:00,17.2,54.0,25.0,1000.0,D,2020-05-30T18:00:00+00:00,17.2,54.0,25.0,1000.0,D,2020-05-31T18:00:00+00:00,16.8,52.9,25.0,1000.0,D,2020-05-29T03:00:00+00:00,2020-05-29T06:00:00+00:00,2020-05-29T09:00:00+00:00,2020-05-29T12:00:00+00:00,2020-05-29T15:00:00+00:00
NIO_2021_GULAB,GULAB,2021,TEST,2021-09-24T12:00:00+00:00,18.3,91.2,25.0,1000.0,D,2021-09-25T00:00:00+00:00,18.4,89.7,30.0,999.0,DD,2021-09-25T12:00:00+00:00,18.3,88.3,35.0,997.0,CS,2021-09-26T12:00:00+00:00,18.4,84.6,45.0,992.0,CS,2021-09-23T21:00:00+00:00,2021-09-24T00:00:00+00:00,2021-09-24T03:00:00+00:00,2021-09-24T06:00:00+00:00,2021-09-24T09:00:00+00:00
NIO_2021_GULAB,GULAB,2021,TEST,2021-09-24T18:00:00+00:00,18.4,90.4,25.0,1000.0,D,2021-09-25T06:00:00+00:00,18.4,88.7,30.0,998.0,DD,2021-09-25T18:00:00+00:00,18.3,87.9,35.0,996.0,CS,2021-09-26T18:00:00+00:00,18.4,83.4,35.0,994.0,CS,2021-09-24T03:00:00+00:00,2021-09-24T06:00:00+00:00,2021-09-24T09:00:00+00:00,2021-09-24T12:00:00+00:00,2021-09-24T15:00:00+00:00
NIO_2021_GULAB,GULAB,2021,TEST,2021-09-25T00:00:00+00:00,18.4,89.7,30.0,999.0,DD,2021-09-25T12:00:00+00:00,18.3,88.3,35.0,997.0,CS,2021-09-26T00:00:00+00:00,18.3,87.3,40.0,994.0,CS,2021-09-27T00:00:00+00:00,18.4,82.8,30.0,996.0,DD,2021-09-24T09:00:00+00:00,2021-09-24T12:00:00+00:00,2021-09-24T15:00:00+00:00,2021-09-24T18:00:00+00:00,2021-09-24T21:00:00+00:00
NIO_2021_GULAB,GULAB,2021,TEST,2021-09-25T03:00:00+00:00,18.4,89.3,30.0,998.0,DD,2021-09-25T15:00:00+00:00,18.3,88.1,35.0,997.0,CS,2021-09-26T03:00:00+00:00,18.4,86.4,40.0,994.0,CS,2021-09-27T03:00:00+00:00,18.4,82.5,30.0,996.0,DD,2021-09-24T12:00:00+00:00,2021-09-24T15:00:00+00:00,2021-09-24T18:00:00+00:00,2021-09-24T21:00:00+00:00,2021-09-25T00:00:00+00:00
NIO_2021_GULAB,GULAB,2021,TEST,2021-09-25T06:00:00+00:00,18.4,88.7,30.0,998.0,DD,2021-09-25T18:00:00+00:00,18.3,87.9,35.0,996.0,CS,2021-09-26T06:00:00+00:00,18.4,85.9,45.0,992.0,CS,2021-09-27T06:00:00+00:00,18.5,82.0,30.0,996.0,DD,2021-09-24T15:00:00+00:00,2021-09-24T18:00:00+00:00,2021-09-24T21:00:00+00:00,2021-09-25T00:00:00+00:00,2021-09-25T03:00:00+00:00
NIO_2021_GULAB,GULAB,2021,TEST,2021-09-25T12:00:00+00:00,18.3,88.3,35.0,997.0,CS,2021-09-26T00:00:00+00:00,18.3,87.3,40.0,994.0,CS,2021-09-26T12:00:00+00:00,18.4,84.6,45.0,992.0,CS,2021-09-27T12:00:00+00:00,18.6,80.1,25.0,998.0,D,2021-09-24T21:00:00+00:00,2021-09-25T00:00:00+00:00,2021-09-25T03:00:00+00:00,2021-09-25T06:00:00+00:00,2021-09-25T09:00:00+00:00
NIO_2021_GULAB,GULAB,2021,TEST,2021-09-25T18:00:00+00:00,18.3,87.9,35.0,996.0,CS,2021-09-26T06:00:00+00:00,18.4,85.9,45.0,992.0,CS,2021-09-26T18:00:00+00:00,18.4,83.4,35.0,994.0,CS,2021-09-27T18:00:00+00:00,18.7,79.4,25.0,998.0,D,2021-09-25T03:00:00+00:00,2021-09-25T06:00:00+00:00,2021-09-25T09:00:00+00:00,2021-09-25T12:00:00+00:00,2021-09-25T15:00:00+00:00
NIO_2021_GULAB,GULAB,2021,TEST,2021-09-26T00:00:00+00:00,18.3,87.3,40.0,994.0,CS,2021-09-26T12:00:00+00:00,18.4,84.6,45.0,992.0,CS,2021-09-27T00:00:00+00:00,18.4,82.8,30.0,996.0,DD,2021-09-28T00:00:00+00:00,19.0,78.2,25.0,998.0,D,2021-09-25T09:00:00+00:00,2021-09-25T12:00:00+00:00,2021-09-25T15:00:00+00:00,2021-09-25T18:00:00+00:00,2021-09-25T21:00:00+00:00
NIO_2021_GULAB,GULAB,2021,TEST,2021-09-26T03:00:00+00:00,18.4,86.4,40.0,994.0,CS,2021-09-26T15:00:00+00:00,18.3,83.8,45.0,992.0,CS,2021-09-27T03:00:00+00:00,18.4,82.5,30.0,996.0,DD,2021-09-28T03:00:00+00:00,19.4,77.3,20.0,999.0,D,2021-09-25T12:00:00+00:00,2021-09-25T15:00:00+00:00,2021-09-25T18:00:00+00:00,2021-09-25T21:00:00+00:00,2021-09-26T00:00:00+00:00
NIO_2021_JAWAD,JAWAD,2021,TEST,2021-12-02T12:00:00+00:00,11.0,89.0,25.0,1004.0,D,2021-12-03T00:00:00+00:00,13.4,86.4,30.0,1002.0,DD,2021-12-03T12:00:00+00:00,15.5,85.0,40.0,1000.0,CS,2021-12-04T12:00:00+00:00,16.9,84.8,30.0,1002.0,DD,2021-12-01T21:00:00+00:00,2021-12-02T00:00:00+00:00,2021-12-02T03:00:00+00:00,2021-12-02T06:00:00+00:00,2021-12-02T09:00:00+00:00
NIO_2021_JAWAD,JAWAD,2021,TEST,2021-12-02T18:00:00+00:00,12.0,87.5,25.0,1004.0,D,2021-12-03T06:00:00+00:00,14.5,85.6,35.0,1001.0,CS,2021-12-03T18:00:00+00:00,15.9,84.8,40.0,1000.0,CS,2021-12-04T18:00:00+00:00,17.5,85.0,30.0,1002.0,DD,2021-12-02T03:00:00+00:00,2021-12-02T06:00:00+00:00,2021-12-02T09:00:00+00:00,2021-12-02T12:00:00+00:00,2021-12-02T15:00:00+00:00
NIO_2021_JAWAD,JAWAD,2021,TEST,2021-12-03T00:00:00+00:00,13.4,86.4,30.0,1002.0,DD,2021-12-03T12:00:00+00:00,15.5,85.0,40.0,1000.0,CS,2021-12-04T00:00:00+00:00,16.2,84.7,40.0,1000.0,CS,2021-12-05T00:00:00+00:00,18.2,85.4,30.0,1002.0,DD,2021-12-02T09:00:00+00:00,2021-12-02T12:00:00+00:00,2021-12-02T15:00:00+00:00,2021-12-02T18:00:00+00:00,2021-12-02T21:00:00+00:00
NIO_2021_JAWAD,JAWAD,2021,TEST,2021-12-03T03:00:00+00:00,14.0,86.0,30.0,1002.0,DD,2021-12-03T15:00:00+00:00,15.7,85.0,40.0,1000.0,CS,2021-12-04T03:00:00+00:00,16.3,84.7,40.0,1000.0,CS,2021-12-05T03:00:00+00:00,18.7,85.6,30.0,1003.0,DD,2021-12-02T12:00:00+00:00,2021-12-02T15:00:00+00:00,2021-12-02T18:00:00+00:00,2021-12-02T21:00:00+00:00,2021-12-03T00:00:00+00:00
NIO_2021_JAWAD,JAWAD,2021,TEST,2021-12-03T06:00:00+00:00,14.5,85.6,35.0,1001.0,CS,2021-12-03T18:00:00+00:00,15.9,84.8,40.0,1000.0,CS,2021-12-04T06:00:00+00:00,16.4,84.7,35.0,1001.0,CS,2021-12-05T06:00:00+00:00,19.1,85.9,30.0,1003.0,DD,2021-12-02T15:00:00+00:00,2021-12-02T18:00:00+00:00,2021-12-02T21:00:00+00:00,2021-12-03T00:00:00+00:00,2021-12-03T03:00:00+00:00
NIO_2021_JAWAD,JAWAD,2021,TEST,2021-12-03T12:00:00+00:00,15.5,85.0,40.0,1000.0,CS,2021-12-04T00:00:00+00:00,16.2,84.7,40.0,1000.0,CS,2021-12-04T12:00:00+00:00,16.9,84.8,30.0,1002.0,DD,2021-12-05T12:00:00+00:00,20.1,86.9,25.0,1004.0,D,2021-12-02T21:00:00+00:00,2021-12-03T00:00:00+00:00,2021-12-03T03:00:00+00:00,2021-12-03T06:00:00+00:00,2021-12-03T09:00:00+00:00
NIO_2021_JAWAD,JAWAD,2021,TEST,2021-12-03T18:00:00+00:00,15.9,84.8,40.0,1000.0,CS,2021-12-04T06:00:00+00:00,16.4,84.7,35.0,1001.0,CS,2021-12-04T18:00:00+00:00,17.5,85.0,30.0,1002.0,DD,2021-12-05T18:00:00+00:00,20.6,87.3,20.0,1005.0,D,2021-12-03T03:00:00+00:00,2021-12-03T06:00:00+00:00,2021-12-03T09:00:00+00:00,2021-12-03T12:00:00+00:00,2021-12-03T15:00:00+00:00
NIO_2021_SHAHEEN,SHAHEEN,2021,TEST,2021-09-30T00:00:00+00:00,22.7,69.5,25.0,998.0,D,2021-09-30T12:00:00+00:00,23.1,67.4,25.0,998.0,D,2021-10-01T00:00:00+00:00,23.2,65.5,35.0,995.0,CS,2021-10-02T00:00:00+00:00,23.8,62.4,60.0,984.0,SCS,2021-09-29T09:00:00+00:00,2021-09-29T12:00:00+00:00,2021-09-29T15:00:00+00:00,2021-09-29T18:00:00+00:00,2021-09-29T21:00:00+00:00
NIO_2021_SHAHEEN,SHAHEEN,2021,TEST,2021-09-30T06:00:00+00:00,22.8,68.2,25.0,998.0,D,2021-09-30T18:00:00+00:00,23.1,66.8,30.0,996.0,DD,2021-10-01T06:00:00+00:00,23.2,64.5,45.0,992.0,CS,2021-10-02T06:00:00+00:00,24.1,61.8,60.0,984.0,SCS,2021-09-29T15:00:00+00:00,2021-09-29T18:00:00+00:00,2021-09-29T21:00:00+00:00,2021-09-30T00:00:00+00:00,2021-09-30T03:00:00+00:00
NIO_2021_SHAHEEN,SHAHEEN,2021,TEST,2021-09-30T12:00:00+00:00,23.1,67.4,25.0,998.0,D,2021-10-01T00:00:00+00:00,23.2,65.5,35.0,995.0,CS,2021-10-01T12:00:00+00:00,23.4,63.7,55.0,987.0,SCS,2021-10-02T12:00:00+00:00,24.5,60.7,60.0,984.0,SCS,2021-09-29T21:00:00+00:00,2021-09-30T00:00:00+00:00,2021-09-30T03:00:00+00:00,2021-09-30T06:00:00+00:00,2021-09-30T09:00:00+00:00
NIO_2021_SHAHEEN,SHAHEEN,2021,TEST,2021-09-30T18:00:00+00:00,23.1,66.8,30.0,996.0,DD,2021-10-01T06:00:00+00:00,23.2,64.5,45.0,992.0,CS,2021-10-01T18:00:00+00:00,23.6,63.2,60.0,984.0,SCS,2021-10-02T18:00:00+00:00,24.4,60.0,60.0,984.0,SCS,2021-09-30T03:00:00+00:00,2021-09-30T06:00:00+00:00,2021-09-30T09:00:00+00:00,2021-09-30T12:00:00+00:00,2021-09-30T15:00:00+00:00
NIO_2021_SHAHEEN,SHAHEEN,2021,TEST,2021-10-01T00:00:00+00:00,23.2,65.5,35.0,995.0,CS,2021-10-01T12:00:00+00:00,23.4,63.7,55.0,987.0,SCS,2021-10-02T00:00:00+00:00,23.8,62.4,60.0,984.0,SCS,2021-10-03T00:00:00+00:00,24.3,59.5,60.0,984.0,SCS,2021-09-30T09:00:00+00:00,2021-09-30T12:00:00+00:00,2021-09-30T15:00:00+00:00,2021-09-30T18:00:00+00:00,2021-09-30T21:00:00+00:00
NIO_2021_SHAHEEN,SHAHEEN,2021,TEST,2021-10-01T03:00:00+00:00,23.2,64.9,40.0,994.0,CS,2021-10-01T15:00:00+00:00,23.6,63.4,55.0,986.0,SCS,2021-10-02T03:00:00+00:00,23.9,62.1,60.0,984.0,SCS,2021-10-03T03:00:00+00:00,24.2,59.0,60.0,984.0,SCS,2021-09-30T12:00:00+00:00,2021-09-30T15:00:00+00:00,2021-09-30T18:00:00+00:00,2021-09-30T21:00:00+00:00,2021-10-01T00:00:00+00:00
NIO_2021_SHAHEEN,SHAHEEN,2021,TEST,2021-10-01T06:00:00+00:00,23.2,64.5,45.0,992.0,CS,2021-10-01T18:00:00+00:00,23.6,63.2,60.0,984.0,SCS,2021-10-02T06:00:00+00:00,24.1,61.8,60.0,984.0,SCS,2021-10-03T06:00:00+00:00,24.1,58.6,60.0,984.0,SCS,2021-09-30T15:00:00+00:00,2021-09-30T18:00:00+00:00,2021-09-30T21:00:00+00:00,2021-10-01T00:00:00+00:00,2021-10-01T03:00:00+00:00
NIO_2021_SHAHEEN,SHAHEEN,2021,TEST,2021-10-01T09:00:00+00:00,23.3,64.1,45.0,991.0,CS,2021-10-01T21:00:00+00:00,23.8,62.8,60.0,984.0,SCS,2021-10-02T09:00:00+00:00,24.3,61.3,60.0,984.0,SCS,2021-10-03T09:00:00+00:00,24.1,58.3,60.0,984.0,SCS,2021-09-30T18:00:00+00:00,2021-09-30T21:00:00+00:00,2021-10-01T00:00:00+00:00,2021-10-01T03:00:00+00:00,2021-10-01T06:00:00+00:00
NIO_2021_SHAHEEN,SHAHEEN,2021,TEST,2021-10-01T12:00:00+00:00,23.4,63.7,55.0,987.0,SCS,2021-10-02T00:00:00+00:00,23.8,62.4,60.0,984.0,SCS,2021-10-02T12:00:00+00:00,24.5,60.7,60.0,984.0,SCS,2021-10-03T12:00:00+00:00,24.0,58.0,60.0,984.0,SCS,2021-09-30T21:00:00+00:00,2021-10-01T00:00:00+00:00,2021-10-01T03:00:00+00:00,2021-10-01T06:00:00+00:00,2021-10-01T09:00:00+00:00
NIO_2021_SHAHEEN,SHAHEEN,2021,TEST,2021-10-01T15:00:00+00:00,23.6,63.4,55.0,986.0,SCS,2021-10-02T03:00:00+00:00,23.9,62.1,60.0,984.0,SCS,2021-10-02T15:00:00+00:00,24.5,60.4,60.0,984.0,SCS,2021-10-03T15:00:00+00:00,24.0,57.7,60.0,984.0,SCS,2021-10-01T00:00:00+00:00,2021-10-01T03:00:00+00:00,2021-10-01T06:00:00+00:00,2021-10-01T09:00:00+00:00,2021-10-01T12:00:00+00:00
NIO_2021_SHAHEEN,SHAHEEN,2021,TEST,2021-10-01T18:00:00+00:00,23.6,63.2,60.0,984.0,SCS,2021-10-02T06:00:00+00:00,24.1,61.8,60.0,984.0,SCS,2021-10-02T18:00:00+00:00,24.4,60.0,60.0,984.0,SCS,2021-10-03T18:00:00+00:00,23.9,57.3,55.0,986.0,SCS,2021-10-01T03:00:00+00:00,2021-10-01T06:00:00+00:00,2021-10-01T09:00:00+00:00,2021-10-01T12:00:00+00:00,2021-10-01T15:00:00+00:00
NIO_2021_SHAHEEN,SHAHEEN,2021,TEST,2021-10-01T21:00:00+00:00,23.8,62.8,60.0,984.0,SCS,2021-10-02T09:00:00+00:00,24.3,61.3,60.0,984.0,SCS,2021-10-02T21:00:00+00:00,24.4,59.7,60.0,984.0,SCS,2021-10-03T21:00:00+00:00,23.8,57.2,55.0,988.0,SCS,2021-10-01T06:00:00+00:00,2021-10-01T09:00:00+00:00,2021-10-01T12:00:00+00:00,2021-10-01T15:00:00+00:00,2021-10-01T18:00:00+00:00
NIO_2021_SHAHEEN,SHAHEEN,2021,TEST,2021-10-02T00:00:00+00:00,23.8,62.4,60.0,984.0,SCS,2021-10-02T12:00:00+00:00,24.5,60.7,60.0,984.0,SCS,2021-10-03T00:00:00+00:00,24.3,59.5,60.0,984.0,SCS,2021-10-04T00:00:00+00:00,23.7,56.8,40.0,994.0,CS,2021-10-01T09:00:00+00:00,2021-10-01T12:00:00+00:00,2021-10-01T15:00:00+00:00,2021-10-01T18:00:00+00:00,2021-10-01T21:00:00+00:00
NIO_2021_SHAHEEN,SHAHEEN,2021,TEST,2021-10-02T03:00:00+00:00,23.9,62.1,60.0,984.0,SCS,2021-10-02T15:00:00+00:00,24.5,60.4,60.0,984.0,SCS,2021-10-03T03:00:00+00:00,24.2,59.0,60.0,984.0,SCS,2021-10-04T03:00:00+00:00,23.5,56.4,30.0,998.0,DD,2021-10-01T12:00:00+00:00,2021-10-01T15:00:00+00:00,2021-10-01T18:00:00+00:00,2021-10-01T21:00:00+00:00,2021-10-02T00:00:00+00:00
NIO_2021_SHAHEEN,SHAHEEN,2021,TEST,2021-10-02T06:00:00+00:00,24.1,61.8,60.0,984.0,SCS,2021-10-02T18:00:00+00:00,24.4,60.0,60.0,984.0,SCS,2021-10-03T06:00:00+00:00,24.1,58.6,60.0,984.0,SCS,2021-10-04T06:00:00+00:00,23.3,56.0,20.0,1000.0,D,2021-10-01T15:00:00+00:00,2021-10-01T18:00:00+00:00,2021-10-01T21:00:00+00:00,2021-10-02T00:00:00+00:00,2021-10-02T03:00:00+00:00
NIO_2021_TAUKTAE,TAUKTAE,2021,TEST,2021-05-14T06:00:00+00:00,11.0,72.5,25.0,996.0,D,2021-05-14T18:00:00+00:00,12.3,72.6,35.0,993.0,CS,2021-05-15T06:00:00+00:00,13.2,72.6,45.0,990.0,CS,2021-05-16T06:00:00+00:00,15.7,72.7,70.0,976.0,VSCS,2021-05-13T15:00:00+00:00,2021-05-13T18:00:00+00:00,2021-05-13T21:00:00+00:00,2021-05-14T00:00:00+00:00,2021-05-14T03:00:00+00:00
NIO_2021_TAUKTAE,TAUKTAE,2021,TEST,2021-05-14T09:00:00+00:00,11.5,72.5,30.0,995.0,D,2021-05-14T21:00:00+00:00,12.3,72.6,40.0,992.0,CS,2021-05-15T09:00:00+00:00,13.5,72.7,45.0,990.0,CS,2021-05-16T09:00:00+00:00,16.2,72.6,70.0,976.0,VSCS,2021-05-13T18:00:00+00:00,2021-05-13T21:00:00+00:00,2021-05-14T00:00:00+00:00,2021-05-14T03:00:00+00:00,2021-05-14T06:00:00+00:00
NIO_2021_TAUKTAE,TAUKTAE,2021,TEST,2021-05-14T12:00:00+00:00,11.6,72.6,30.0,995.0,DD,2021-05-15T00:00:00+00:00,12.7,72.5,40.0,992.0,CS,2021-05-15T12:00:00+00:00,13.8,72.7,55.0,985.0,SCS,2021-05-16T12:00:00+00:00,16.7,72.5,75.0,972.0,VSCS,2021-05-13T21:00:00+00:00,2021-05-14T00:00:00+00:00,2021-05-14T03:00:00+00:00,2021-05-14T06:00:00+00:00,2021-05-14T09:00:00+00:00
NIO_2021_TAUKTAE,TAUKTAE,2021,TEST,2021-05-14T18:00:00+00:00,12.3,72.6,35.0,993.0,CS,2021-05-15T06:00:00+00:00,13.2,72.6,45.0,990.0,CS,2021-05-15T18:00:00+00:00,14.5,72.6,60.0,982.0,SCS,2021-05-16T18:00:00+00:00,17.5,72.0,85.0,964.0,VSCS,2021-05-14T03:00:00+00:00,2021-05-14T06:00:00+00:00,2021-05-14T09:00:00+00:00,2021-05-14T12:00:00+00:00,2021-05-14T15:00:00+00:00
NIO_2021_TAUKTAE,TAUKTAE,2021,TEST,2021-05-14T21:00:00+00:00,12.3,72.6,40.0,992.0,CS,2021-05-15T09:00:00+00:00,13.5,72.7,45.0,990.0,CS,2021-05-15T21:00:00+00:00,14.7,72.7,60.0,982.0,SCS,2021-05-16T21:00:00+00:00,18.0,71.7,90.0,960.0,ESCS,2021-05-14T06:00:00+00:00,2021-05-14T09:00:00+00:00,2021-05-14T12:00:00+00:00,2021-05-14T15:00:00+00:00,2021-05-14T18:00:00+00:00
NIO_2021_TAUKTAE,TAUKTAE,2021,TEST,2021-05-15T00:00:00+00:00,12.7,72.5,40.0,992.0,CS,2021-05-15T12:00:00+00:00,13.8,72.7,55.0,985.0,SCS,2021-05-16T00:00:00+00:00,15.0,72.7,65.0,979.0,VSCS,2021-05-17T00:00:00+00:00,18.5,71.5,100.0,950.0,ESCS,2021-05-14T09:00:00+00:00,2021-05-14T12:00:00+00:00,2021-05-14T15:00:00+00:00,2021-05-14T18:00:00+00:00,2021-05-14T21:00:00+00:00
NIO_2021_TAUKTAE,TAUKTAE,2021,TEST,2021-05-15T03:00:00+00:00,12.8,72.5,40.0,992.0,CS,2021-05-15T15:00:00+00:00,14.2,72.7,55.0,984.0,SCS,2021-05-16T03:00:00+00:00,15.3,72.7,70.0,976.0,VSCS,2021-05-17T03:00:00+00:00,18.8,71.5,100.0,950.0,ESCS,2021-05-14T12:00:00+00:00,2021-05-14T15:00:00+00:00,2021-05-14T18:00:00+00:00,2021-05-14T21:00:00+00:00,2021-05-15T00:00:00+00:00
NIO_2021_TAUKTAE,TAUKTAE,2021,TEST,2021-05-15T06:00:00+00:00,13.2,72.6,45.0,990.0,CS,2021-05-15T18:00:00+00:00,14.5,72.6,60.0,982.0,SCS,2021-05-16T06:00:00+00:00,15.7,72.7,70.0,976.0,VSCS,2021-05-17T06:00:00+00:00,19.2,71.4,100.0,950.0,ESCS,2021-05-14T15:00:00+00:00,2021-05-14T18:00:00+00:00,2021-05-14T21:00:00+00:00,2021-05-15T00:00:00+00:00,2021-05-15T03:00:00+00:00
NIO_2021_TAUKTAE,TAUKTAE,2021,TEST,2021-05-15T09:00:00+00:00,13.5,72.7,45.0,990.0,CS,2021-05-15T21:00:00+00:00,14.7,72.7,60.0,982.0,SCS,2021-05-16T09:00:00+00:00,16.2,72.6,70.0,976.0,VSCS,2021-05-17T09:00:00+00:00,19.6,71.4,100.0,950.0,ESCS,2021-05-14T18:00:00+00:00,2021-05-14T21:00:00+00:00,2021-05-15T00:00:00+00:00,2021-05-15T03:00:00+00:00,2021-05-15T06:00:00+00:00
NIO_2021_TAUKTAE,TAUKTAE,2021,TEST,2021-05-15T12:00:00+00:00,13.8,72.7,55.0,985.0,SCS,2021-05-16T00:00:00+00:00,15.0,72.7,65.0,979.0,VSCS,2021-05-16T12:00:00+00:00,16.7,72.5,75.0,972.0,VSCS,2021-05-17T12:00:00+00:00,20.1,71.3,95.0,955.0,ESCS,2021-05-14T21:00:00+00:00,2021-05-15T00:00:00+00:00,2021-05-15T03:00:00+00:00,2021-05-15T06:00:00+00:00,2021-05-15T09:00:00+00:00
NIO_2021_TAUKTAE,TAUKTAE,2021,TEST,2021-05-15T15:00:00+00:00,14.2,72.7,55.0,984.0,SCS,2021-05-16T03:00:00+00:00,15.3,72.7,70.0,976.0,VSCS,2021-05-16T15:00:00+00:00,17.2,72.3,80.0,978.0,VSCS,2021-05-17T15:00:00+00:00,20.5,71.2,90.0,960.0,ESCS,2021-05-15T00:00:00+00:00,2021-05-15T03:00:00+00:00,2021-05-15T06:00:00+00:00,2021-05-15T09:00:00+00:00,2021-05-15T12:00:00+00:00
NIO_2021_TAUKTAE,TAUKTAE,2021,TEST,2021-05-15T18:00:00+00:00,14.5,72.6,60.0,982.0,SCS,2021-05-16T06:00:00+00:00,15.7,72.7,70.0,976.0,VSCS,2021-05-16T18:00:00+00:00,17.5,72.0,85.0,964.0,VSCS,2021-05-17T18:00:00+00:00,20.9,71.1,85.0,964.0,VSCS,2021-05-15T03:00:00+00:00,2021-05-15T06:00:00+00:00,2021-05-15T09:00:00+00:00,2021-05-15T12:00:00+00:00,2021-05-15T15:00:00+00:00
NIO_2021_TAUKTAE,TAUKTAE,2021,TEST,2021-05-15T21:00:00+00:00,14.7,72.7,60.0,982.0,SCS,2021-05-16T09:00:00+00:00,16.2,72.6,70.0,976.0,VSCS,2021-05-16T21:00:00+00:00,18.0,71.7,90.0,960.0,ESCS,2021-05-17T21:00:00+00:00,21.3,71.2,75.0,972.0,VSCS,2021-05-15T06:00:00+00:00,2021-05-15T09:00:00+00:00,2021-05-15T12:00:00+00:00,2021-05-15T15:00:00+00:00,2021-05-15T18:00:00+00:00
NIO_2021_TAUKTAE,TAUKTAE,2021,TEST,2021-05-16T00:00:00+00:00,15.0,72.7,65.0,979.0,VSCS,2021-05-16T12:00:00+00:00,16.7,72.5,75.0,972.0,VSCS,2021-05-17T00:00:00+00:00,18.5,71.5,100.0,950.0,ESCS,2021-05-18T00:00:00+00:00,21.5,71.2,65.0,978.0,VSCS,2021-05-15T09:00:00+00:00,2021-05-15T12:00:00+00:00,2021-05-15T15:00:00+00:00,2021-05-15T18:00:00+00:00,2021-05-15T21:00:00+00:00
NIO_2021_TAUKTAE,TAUKTAE,2021,TEST,2021-05-16T03:00:00+00:00,15.3,72.7,70.0,976.0,VSCS,2021-05-16T15:00:00+00:00,17.2,72.3,80.0,978.0,VSCS,2021-05-17T03:00:00+00:00,18.8,71.5,100.0,950.0,ESCS,2021-05-18T03:00:00+00:00,21.6,71.3,55.0,984.0,SCS,2021-05-15T12:00:00+00:00,2021-05-15T15:00:00+00:00,2021-05-15T18:00:00+00:00,2021-05-15T21:00:00+00:00,2021-05-16T00:00:00+00:00
NIO_2021_TAUKTAE,TAUKTAE,2021,TEST,2021-05-16T06:00:00+00:00,15.7,72.7,70.0,976.0,VSCS,2021-05-16T18:00:00+00:00,17.5,72.0,85.0,964.0,VSCS,2021-05-17T06:00:00+00:00,19.2,71.4,100.0,950.0,ESCS,2021-05-18T06:00:00+00:00,22.0,71.5,45.0,990.0,CS,2021-05-15T15:00:00+00:00,2021-05-15T18:00:00+00:00,2021-05-15T21:00:00+00:00,2021-05-16T00:00:00+00:00,2021-05-16T03:00:00+00:00
NIO_2021_TAUKTAE,TAUKTAE,2021,TEST,2021-05-16T09:00:00+00:00,16.2,72.6,70.0,976.0,VSCS,2021-05-16T21:00:00+00:00,18.0,71.7,90.0,960.0,ESCS,2021-05-17T09:00:00+00:00,19.6,71.4,100.0,950.0,ESCS,2021-05-18T09:00:00+00:00,22.5,71.8,40.0,992.0,CS,2021-05-15T18:00:00+00:00,2021-05-15T21:00:00+00:00,2021-05-16T00:00:00+00:00,2021-05-16T03:00:00+00:00,2021-05-16T06:00:00+00:00
NIO_2021_TAUKTAE,TAUKTAE,2021,TEST,2021-05-16T12:00:00+00:00,16.7,72.5,75.0,972.0,VSCS,2021-05-17T00:00:00+00:00,18.5,71.5,100.0,950.0,ESCS,2021-05-17T12:00:00+00:00,20.1,71.3,95.0,955.0,ESCS,2021-05-18T12:00:00+00:00,23.1,72.3,35.0,993.0,CS,2021-05-15T21:00:00+00:00,2021-05-16T00:00:00+00:00,2021-05-16T03:00:00+00:00,2021-05-16T06:00:00+00:00,2021-05-16T09:00:00+00:00
NIO_2021_TAUKTAE,TAUKTAE,2021,TEST,2021-05-16T15:00:00+00:00,17.2,72.3,80.0,978.0,VSCS,2021-05-17T03:00:00+00:00,18.8,71.5,100.0,950.0,ESCS,2021-05-17T15:00:00+00:00,20.5,71.2,90.0,960.0,ESCS,2021-05-18T15:00:00+00:00,23.6,72.6,30.0,994.0,DD,2021-05-16T00:00:00+00:00,2021-05-16T03:00:00+00:00,2021-05-16T06:00:00+00:00,2021-05-16T09:00:00+00:00,2021-05-16T12:00:00+00:00
NIO_2021_TAUKTAE,TAUKTAE,2021,TEST,2021-05-16T18:00:00+00:00,17.5,72.0,85.0,964.0,VSCS,2021-05-17T06:00:00+00:00,19.2,71.4,100.0,950.0,ESCS,2021-05-17T18:00:00+00:00,20.9,71.1,85.0,964.0,VSCS,2021-05-18T18:00:00+00:00,24.1,73.0,30.0,995.0,DD,2021-05-16T03:00:00+00:00,2021-05-16T06:00:00+00:00,2021-05-16T09:00:00+00:00,2021-05-16T12:00:00+00:00,2021-05-16T15:00:00+00:00
NIO_2021_TAUKTAE,TAUKTAE,2021,TEST,2021-05-17T00:00:00+00:00,18.5,71.5,100.0,950.0,ESCS,2021-05-17T12:00:00+00:00,20.1,71.3,95.0,955.0,ESCS,2021-05-18T00:00:00+00:00,21.5,71.2,65.0,978.0,VSCS,2021-05-19T00:00:00+00:00,24.5,73.3,25.0,996.0,D,2021-05-16T09:00:00+00:00,2021-05-16T12:00:00+00:00,2021-05-16T15:00:00+00:00,2021-05-16T18:00:00+00:00,2021-05-16T21:00:00+00:00
NIO_2021_TAUKTAE,TAUKTAE,2021,TEST,2021-05-17T03:00:00+00:00,18.8,71.5,100.0,950.0,ESCS,2021-05-17T15:00:00+00:00,20.5,71.2,90.0,960.0,ESCS,2021-05-18T03:00:00+00:00,21.6,71.3,55.0,984.0,SCS,2021-05-19T03:00:00+00:00,24.9,73.7,20.0,997.0,D,2021-05-16T12:00:00+00:00,2021-05-16T15:00:00+00:00,2021-05-16T18:00:00+00:00,2021-05-16T21:00:00+00:00,2021-05-17T00:00:00+00:00
NIO_2021_TAUKTAE,TAUKTAE,2021,TEST,2021-05-17T06:00:00+00:00,19.2,71.4,100.0,950.0,ESCS,2021-05-17T18:00:00+00:00,20.9,71.1,85.0,964.0,VSCS,2021-05-18T06:00:00+00:00,22.0,71.5,45.0,990.0,CS,2021-05-19T06:00:00+00:00,25.8,74.8,20.0,997.0,D,2021-05-16T15:00:00+00:00,2021-05-16T18:00:00+00:00,2021-05-16T21:00:00+00:00,2021-05-17T00:00:00+00:00,2021-05-17T03:00:00+00:00
NIO_2021_UNNAMED_2_5_1,,2021,TEST,2021-09-12T12:00:00+00:00,20.3,87.4,25.0,992.0,D,2021-09-13T00:00:00+00:00,20.6,87.0,30.0,990.0,DD,2021-09-13T12:00:00+00:00,21.4,85.5,30.0,990.0,DD,2021-09-14T12:00:00+00:00,22.7,82.5,25.0,996.0,D,2021-09-11T21:00:00+00:00,2021-09-12T00:00:00+00:00,2021-09-12T03:00:00+00:00,2021-09-12T06:00:00+00:00,2021-09-12T09:00:00+00:00
NIO_2021_UNNAMED_2_5_1,,2021,TEST,2021-09-12T18:00:00+00:00,20.4,87.1,25.0,992.0,D,2021-09-13T06:00:00+00:00,21.1,86.2,30.0,990.0,DD,2021-09-13T18:00:00+00:00,21.6,84.8,30.0,990.0,DD,2021-09-14T18:00:00+00:00,23.0,82.0,25.0,996.0,D,2021-09-12T03:00:00+00:00,2021-09-12T06:00:00+00:00,2021-09-12T09:00:00+00:00,2021-09-12T12:00:00+00:00,2021-09-12T15:00:00+00:00
NIO_2021_YAAS,YAAS,2021,TEST,2021-05-23T06:00:00+00:00,16.1,90.2,25.0,996.0,D,2021-05-23T18:00:00+00:00,16.3,89.7,30.0,992.0,DD,2021-05-24T06:00:00+00:00,16.4,89.6,40.0,988.0,CS,2021-05-25T06:00:00+00:00,18.7,88.0,60.0,978.0,SCS,2021-05-22T15:00:00+00:00,2021-05-22T18:00:00+00:00,2021-05-22T21:00:00+00:00,2021-05-23T00:00:00+00:00,2021-05-23T03:00:00+00:00
NIO_2021_YAAS,YAAS,2021,TEST,2021-05-23T12:00:00+00:00,16.2,89.9,25.0,994.0,D,2021-05-24T00:00:00+00:00,16.3,89.7,35.0,990.0,CS,2021-05-24T12:00:00+00:00,17.1,89.3,45.0,986.0,CS,2021-05-25T12:00:00+00:00,19.5,88.0,65.0,976.0,VSCS,2021-05-22T21:00:00+00:00,2021-05-23T00:00:00+00:00,2021-05-23T03:00:00+00:00,2021-05-23T06:00:00+00:00,2021-05-23T09:00:00+00:00
NIO_2021_YAAS,YAAS,2021,TEST,2021-05-23T18:00:00+00:00,16.3,89.7,30.0,992.0,DD,2021-05-24T06:00:00+00:00,16.4,89.6,40.0,988.0,CS,2021-05-24T18:00:00+00:00,17.6,89.0,50.0,984.0,SCS,2021-05-25T18:00:00+00:00,20.1,87.8,70.0,974.0,VSCS,2021-05-23T03:00:00+00:00,2021-05-23T06:00:00+00:00,2021-05-23T09:00:00+00:00,2021-05-23T12:00:00+00:00,2021-05-23T15:00:00+00:00
NIO_2021_YAAS,YAAS,2021,TEST,2021-05-24T00:00:00+00:00,16.3,89.7,35.0,990.0,CS,2021-05-24T12:00:00+00:00,17.1,89.3,45.0,986.0,CS,2021-05-25T00:00:00+00:00,18.0,88.6,55.0,980.0,SCS,2021-05-26T00:00:00+00:00,20.8,87.3,75.0,970.0,VSCS,2021-05-23T09:00:00+00:00,2021-05-23T12:00:00+00:00,2021-05-23T15:00:00+00:00,2021-05-23T18:00:00+00:00,2021-05-23T21:00:00+00:00
NIO_2021_YAAS,YAAS,2021,TEST,2021-05-24T03:00:00+00:00,16.5,89.6,40.0,988.0,CS,2021-05-24T15:00:00+00:00,17.4,89.2,45.0,986.0,CS,2021-05-25T03:00:00+00:00,18.3,88.3,55.0,980.0,SCS,2021-05-26T03:00:00+00:00,21.2,87.1,75.0,970.0,VSCS,2021-05-23T12:00:00+00:00,2021-05-23T15:00:00+00:00,2021-05-23T18:00:00+00:00,2021-05-23T21:00:00+00:00,2021-05-24T00:00:00+00:00
NIO_2021_YAAS,YAAS,2021,TEST,2021-05-24T06:00:00+00:00,16.4,89.6,40.0,988.0,CS,2021-05-24T18:00:00+00:00,17.6,89.0,50.0,984.0,SCS,2021-05-25T06:00:00+00:00,18.7,88.0,60.0,978.0,SCS,2021-05-26T06:00:00+00:00,21.4,86.9,75.0,970.0,VSCS,2021-05-23T15:00:00+00:00,2021-05-23T18:00:00+00:00,2021-05-23T21:00:00+00:00,2021-05-24T00:00:00+00:00,2021-05-24T03:00:00+00:00
NIO_2021_YAAS,YAAS,2021,TEST,2021-05-24T09:00:00+00:00,16.8,89.5,40.0,988.0,CS,2021-05-24T21:00:00+00:00,17.8,88.9,55.0,982.0,SCS,2021-05-25T09:00:00+00:00,19.1,88.1,60.0,978.0,SCS,2021-05-26T09:00:00+00:00,21.6,86.7,55.0,978.0,SCS,2021-05-23T18:00:00+00:00,2021-05-23T21:00:00+00:00,2021-05-24T00:00:00+00:00,2021-05-24T03:00:00+00:00,2021-05-24T06:00:00+00:00
NIO_2021_YAAS,YAAS,2021,TEST,2021-05-24T12:00:00+00:00,17.1,89.3,45.0,986.0,CS,2021-05-25T00:00:00+00:00,18.0,88.6,55.0,980.0,SCS,2021-05-25T12:00:00+00:00,19.5,88.0,65.0,976.0,VSCS,2021-05-26T12:00:00+00:00,21.8,86.6,45.0,984.0,CS,2021-05-23T21:00:00+00:00,2021-05-24T00:00:00+00:00,2021-05-24T03:00:00+00:00,2021-05-24T06:00:00+00:00,2021-05-24T09:00:00+00:00
NIO_2021_YAAS,YAAS,2021,TEST,2021-05-24T15:00:00+00:00,17.4,89.2,45.0,986.0,CS,2021-05-25T03:00:00+00:00,18.3,88.3,55.0,980.0,SCS,2021-05-25T15:00:00+00:00,19.8,87.9,65.0,976.0,VSCS,2021-05-26T15:00:00+00:00,22.2,86.2,40.0,986.0,CS,2021-05-24T00:00:00+00:00,2021-05-24T03:00:00+00:00,2021-05-24T06:00:00+00:00,2021-05-24T09:00:00+00:00,2021-05-24T12:00:00+00:00
NIO_2021_YAAS,YAAS,2021,TEST,2021-05-24T18:00:00+00:00,17.6,89.0,50.0,984.0,SCS,2021-05-25T06:00:00+00:00,18.7,88.0,60.0,978.0,SCS,2021-05-25T18:00:00+00:00,20.1,87.8,70.0,974.0,VSCS,2021-05-26T18:00:00+00:00,22.5,86.0,30.0,988.0,DD,2021-05-24T03:00:00+00:00,2021-05-24T06:00:00+00:00,2021-05-24T09:00:00+00:00,2021-05-24T12:00:00+00:00,2021-05-24T15:00:00+00:00
NIO_2021_YAAS,YAAS,2021,TEST,2021-05-25T00:00:00+00:00,18.0,88.6,55.0,980.0,SCS,2021-05-25T12:00:00+00:00,19.5,88.0,65.0,976.0,VSCS,2021-05-26T00:00:00+00:00,20.8,87.3,75.0,970.0,VSCS,2021-05-27T00:00:00+00:00,22.8,85.8,30.0,988.0,DD,2021-05-24T09:00:00+00:00,2021-05-24T12:00:00+00:00,2021-05-24T15:00:00+00:00,2021-05-24T18:00:00+00:00,2021-05-24T21:00:00+00:00
NIO_2021_YAAS,YAAS,2021,TEST,2021-05-25T03:00:00+00:00,18.3,88.3,55.0,980.0,SCS,2021-05-25T15:00:00+00:00,19.8,87.9,65.0,976.0,VSCS,2021-05-26T03:00:00+00:00,21.2,87.1,75.0,970.0,VSCS,2021-05-27T03:00:00+00:00,23.1,85.7,30.0,990.0,DD,2021-05-24T12:00:00+00:00,2021-05-24T15:00:00+00:00,2021-05-24T18:00:00+00:00,2021-05-24T21:00:00+00:00,2021-05-25T00:00:00+00:00
NIO_2021_YAAS,YAAS,2021,TEST,2021-05-25T06:00:00+00:00,18.7,88.0,60.0,978.0,SCS,2021-05-25T18:00:00+00:00,20.1,87.8,70.0,974.0,VSCS,2021-05-26T06:00:00+00:00,21.4,86.9,75.0,970.0,VSCS,2021-05-27T06:00:00+00:00,23.5,85.6,25.0,991.0,D,2021-05-24T15:00:00+00:00,2021-05-24T18:00:00+00:00,2021-05-24T21:00:00+00:00,2021-05-25T00:00:00+00:00,2021-05-25T03:00:00+00:00
NIO_2021_YAAS,YAAS,2021,TEST,2021-05-25T12:00:00+00:00,19.5,88.0,65.0,976.0,VSCS,2021-05-26T00:00:00+00:00,20.8,87.3,75.0,970.0,VSCS,2021-05-26T12:00:00+00:00,21.8,86.6,45.0,984.0,CS,2021-05-27T12:00:00+00:00,24.3,85.3,25.0,992.0,D,2021-05-24T21:00:00+00:00,2021-05-25T00:00:00+00:00,2021-05-25T03:00:00+00:00,2021-05-25T06:00:00+00:00,2021-05-25T09:00:00+00:00
NIO_2021_YAAS,YAAS,2021,TEST,2021-05-25T18:00:00+00:00,20.1,87.8,70.0,974.0,VSCS,2021-05-26T06:00:00+00:00,21.4,86.9,75.0,970.0,VSCS,2021-05-26T18:00:00+00:00,22.5,86.0,30.0,988.0,DD,2021-05-27T18:00:00+00:00,24.7,84.8,25.0,992.0,D,2021-05-25T03:00:00+00:00,2021-05-25T06:00:00+00:00,2021-05-25T09:00:00+00:00,2021-05-25T12:00:00+00:00,2021-05-25T15:00:00+00:00
NIO_2022_ASANI,ASANI,2022,TEST,2022-05-07T06:00:00+00:00,9.4,91.3,25.0,996.0,D,2022-05-07T18:00:00+00:00,10.8,90.1,30.0,994.0,DD,2022-05-08T06:00:00+00:00,11.8,88.7,45.0,988.0,CS,2022-05-09T06:00:00+00:00,14.6,86.3,55.0,982.0,SCS,2022-05-06T15:00:00+00:00,2022-05-06T18:00:00+00:00,2022-05-06T21:00:00+00:00,2022-05-07T00:00:00+00:00,2022-05-07T03:00:00+00:00
NIO_2022_ASANI,ASANI,2022,TEST,2022-05-07T12:00:00+00:00,10.3,90.4,30.0,995.0,DD,2022-05-08T00:00:00+00:00,11.3,89.3,35.0,992.0,CS,2022-05-08T12:00:00+00:00,12.3,88.2,50.0,986.0,SCS,2022-05-09T12:00:00+00:00,14.9,85.8,55.0,982.0,SCS,2022-05-06T21:00:00+00:00,2022-05-07T00:00:00+00:00,2022-05-07T03:00:00+00:00,2022-05-07T06:00:00+00:00,2022-05-07T09:00:00+00:00
NIO_2022_ASANI,ASANI,2022,TEST,2022-05-07T18:00:00+00:00,10.8,90.1,30.0,994.0,DD,2022-05-08T06:00:00+00:00,11.8,88.7,45.0,988.0,CS,2022-05-08T18:00:00+00:00,13.1,87.5,55.0,984.0,SCS,2022-05-09T18:00:00+00:00,15.1,85.2,55.0,982.0,SCS,2022-05-07T03:00:00+00:00,2022-05-07T06:00:00+00:00,2022-05-07T09:00:00+00:00,2022-05-07T12:00:00+00:00,2022-05-07T15:00:00+00:00
NIO_2022_ASANI,ASANI,2022,TEST,2022-05-08T00:00:00+00:00,11.3,89.3,35.0,992.0,CS,2022-05-08T12:00:00+00:00,12.3,88.2,50.0,986.0,SCS,2022-05-09T00:00:00+00:00,13.9,86.8,55.0,983.0,SCS,2022-05-10T00:00:00+00:00,15.3,84.6,55.0,982.0,SCS,2022-05-07T09:00:00+00:00,2022-05-07T12:00:00+00:00,2022-05-07T15:00:00+00:00,2022-05-07T18:00:00+00:00,2022-05-07T21:00:00+00:00
NIO_2022_ASANI,ASANI,2022,TEST,2022-05-08T03:00:00+00:00,11.5,89.0,40.0,990.0,CS,2022-05-08T15:00:00+00:00,12.7,87.8,50.0,986.0,SCS,2022-05-09T03:00:00+00:00,14.2,86.5,55.0,982.0,SCS,2022-05-10T03:00:00+00:00,15.4,84.0,55.0,984.0,SCS,2022-05-07T12:00:00+00:00,2022-05-07T15:00:00+00:00,2022-05-07T18:00:00+00:00,2022-05-07T21:00:00+00:00,2022-05-08T00:00:00+00:00
NIO_2022_ASANI,ASANI,2022,TEST,2022-05-08T06:00:00+00:00,11.8,88.7,45.0,988.0,CS,2022-05-08T18:00:00+00:00,13.1,87.5,55.0,984.0,SCS,2022-05-09T06:00:00+00:00,14.6,86.3,55.0,982.0,SCS,2022-05-10T06:00:00+00:00,15.5,83.5,55.0,984.0,SCS,2022-05-07T15:00:00+00:00,2022-05-07T18:00:00+00:00,2022-05-07T21:00:00+00:00,2022-05-08T00:00:00+00:00,2022-05-08T03:00:00+00:00
NIO_2022_ASANI,ASANI,2022,TEST,2022-05-08T09:00:00+00:00,12.0,88.4,45.0,988.0,CS,2022-05-08T21:00:00+00:00,13.5,87.1,55.0,984.0,SCS,2022-05-09T09:00:00+00:00,14.7,86.0,55.0,982.0,SCS,2022-05-10T09:00:00+00:00,15.6,83.1,55.0,984.0,SCS,2022-05-07T18:00:00+00:00,2022-05-07T21:00:00+00:00,2022-05-08T00:00:00+00:00,2022-05-08T03:00:00+00:00,2022-05-08T06:00:00+00:00
NIO_2022_ASANI,ASANI,2022,TEST,2022-05-08T12:00:00+00:00,12.3,88.2,50.0,986.0,SCS,2022-05-09T00:00:00+00:00,13.9,86.8,55.0,983.0,SCS,2022-05-09T12:00:00+00:00,14.9,85.8,55.0,982.0,SCS,2022-05-10T12:00:00+00:00,15.7,82.8,50.0,984.0,SCS,2022-05-07T21:00:00+00:00,2022-05-08T00:00:00+00:00,2022-05-08T03:00:00+00:00,2022-05-08T06:00:00+00:00,2022-05-08T09:00:00+00:00
NIO_2022_ASANI,ASANI,2022,TEST,2022-05-08T15:00:00+00:00,12.7,87.8,50.0,986.0,SCS,2022-05-09T03:00:00+00:00,14.2,86.5,55.0,982.0,SCS,2022-05-09T15:00:00+00:00,15.0,85.5,55.0,982.0,SCS,2022-05-10T15:00:00+00:00,15.8,82.4,50.0,985.0,SCS,2022-05-08T00:00:00+00:00,2022-05-08T03:00:00+00:00,2022-05-08T06:00:00+00:00,2022-05-08T09:00:00+00:00,2022-05-08T12:00:00+00:00
NIO_2022_ASANI,ASANI,2022,TEST,2022-05-08T18:00:00+00:00,13.1,87.5,55.0,984.0,SCS,2022-05-09T06:00:00+00:00,14.6,86.3,55.0,982.0,SCS,2022-05-09T18:00:00+00:00,15.1,85.2,55.0,982.0,SCS,2022-05-10T18:00:00+00:00,15.9,82.1,50.0,986.0,SCS,2022-05-08T03:00:00+00:00,2022-05-08T06:00:00+00:00,2022-05-08T09:00:00+00:00,2022-05-08T12:00:00+00:00,2022-05-08T15:00:00+00:00
NIO_2022_ASANI,ASANI,2022,TEST,2022-05-08T21:00:00+00:00,13.5,87.1,55.0,984.0,SCS,2022-05-09T09:00:00+00:00,14.7,86.0,55.0,982.0,SCS,2022-05-09T21:00:00+00:00,15.2,84.9,55.0,982.0,SCS,2022-05-10T21:00:00+00:00,16.0,81.9,45.0,986.0,CS,2022-05-08T06:00:00+00:00,2022-05-08T09:00:00+00:00,2022-05-08T12:00:00+00:00,2022-05-08T15:00:00+00:00,2022-05-08T18:00:00+00:00
NIO_2022_ASANI,ASANI,2022,TEST,2022-05-09T00:00:00+00:00,13.9,86.8,55.0,983.0,SCS,2022-05-09T12:00:00+00:00,14.9,85.8,55.0,982.0,SCS,2022-05-10T00:00:00+00:00,15.3,84.6,55.0,982.0,SCS,2022-05-11T00:00:00+00:00,16.1,81.8,45.0,988.0,CS,2022-05-08T09:00:00+00:00,2022-05-08T12:00:00+00:00,2022-05-08T15:00:00+00:00,2022-05-08T18:00:00+00:00,2022-05-08T21:00:00+00:00
NIO_2022_ASANI,ASANI,2022,TEST,2022-05-09T03:00:00+00:00,14.2,86.5,55.0,982.0,SCS,2022-05-09T15:00:00+00:00,15.0,85.5,55.0,982.0,SCS,2022-05-10T03:00:00+00:00,15.4,84.0,55.0,984.0,SCS,2022-05-11T03:00:00+00:00,16.1,81.6,45.0,988.0,CS,2022-05-08T12:00:00+00:00,2022-05-08T15:00:00+00:00,2022-05-08T18:00:00+00:00,2022-05-08T21:00:00+00:00,2022-05-09T00:00:00+00:00
NIO_2022_ASANI,ASANI,2022,TEST,2022-05-09T06:00:00+00:00,14.6,86.3,55.0,982.0,SCS,2022-05-09T18:00:00+00:00,15.1,85.2,55.0,982.0,SCS,2022-05-10T06:00:00+00:00,15.5,83.5,55.0,984.0,SCS,2022-05-11T06:00:00+00:00,16.2,81.5,40.0,990.0,CS,2022-05-08T15:00:00+00:00,2022-05-08T18:00:00+00:00,2022-05-08T21:00:00+00:00,2022-05-09T00:00:00+00:00,2022-05-09T03:00:00+00:00
NIO_2022_ASANI,ASANI,2022,TEST,2022-05-09T09:00:00+00:00,14.7,86.0,55.0,982.0,SCS,2022-05-09T21:00:00+00:00,15.2,84.9,55.0,982.0,SCS,2022-05-10T09:00:00+00:00,15.6,83.1,55.0,984.0,SCS,2022-05-11T09:00:00+00:00,16.2,81.4,40.0,990.0,CS,2022-05-08T18:00:00+00:00,2022-05-08T21:00:00+00:00,2022-05-09T00:00:00+00:00,2022-05-09T03:00:00+00:00,2022-05-09T06:00:00+00:00
NIO_2022_ASANI,ASANI,2022,TEST,2022-05-09T12:00:00+00:00,14.9,85.8,55.0,982.0,SCS,2022-05-10T00:00:00+00:00,15.3,84.6,55.0,982.0,SCS,2022-05-10T12:00:00+00:00,15.7,82.8,50.0,984.0,SCS,2022-05-11T12:00:00+00:00,16.3,81.4,30.0,992.0,DD,2022-05-08T21:00:00+00:00,2022-05-09T00:00:00+00:00,2022-05-09T03:00:00+00:00,2022-05-09T06:00:00+00:00,2022-05-09T09:00:00+00:00
NIO_2022_ASANI,ASANI,2022,TEST,2022-05-09T15:00:00+00:00,15.0,85.5,55.0,982.0,SCS,2022-05-10T03:00:00+00:00,15.4,84.0,55.0,984.0,SCS,2022-05-10T15:00:00+00:00,15.8,82.4,50.0,985.0,SCS,2022-05-11T15:00:00+00:00,16.3,81.3,30.0,993.0,DD,2022-05-09T00:00:00+00:00,2022-05-09T03:00:00+00:00,2022-05-09T06:00:00+00:00,2022-05-09T09:00:00+00:00,2022-05-09T12:00:00+00:00
NIO_2022_ASANI,ASANI,2022,TEST,2022-05-09T18:00:00+00:00,15.1,85.2,55.0,982.0,SCS,2022-05-10T06:00:00+00:00,15.5,83.5,55.0,984.0,SCS,2022-05-10T18:00:00+00:00,15.9,82.1,50.0,986.0,SCS,2022-05-11T18:00:00+00:00,16.3,81.2,30.0,994.0,DD,2022-05-09T03:00:00+00:00,2022-05-09T06:00:00+00:00,2022-05-09T09:00:00+00:00,2022-05-09T12:00:00+00:00,2022-05-09T15:00:00+00:00
NIO_2022_ASANI,ASANI,2022,TEST,2022-05-10T00:00:00+00:00,15.3,84.6,55.0,982.0,SCS,2022-05-10T12:00:00+00:00,15.7,82.8,50.0,984.0,SCS,2022-05-11T00:00:00+00:00,16.1,81.8,45.0,988.0,CS,2022-05-12T00:00:00+00:00,16.2,80.9,25.0,996.0,D,2022-05-09T09:00:00+00:00,2022-05-09T12:00:00+00:00,2022-05-09T15:00:00+00:00,2022-05-09T18:00:00+00:00,2022-05-09T21:00:00+00:00
NIO_2022_MANDOUS,MANDOUS,2022,TEST,2022-12-06T12:00:00+00:00,8.2,88.2,25.0,1000.0,D,2022-12-07T00:00:00+00:00,8.6,86.3,30.0,999.0,DD,2022-12-07T12:00:00+00:00,8.9,85.0,30.0,998.0,DD,2022-12-08T12:00:00+00:00,10.1,82.9,50.0,990.0,SCS,2022-12-05T21:00:00+00:00,2022-12-06T00:00:00+00:00,2022-12-06T03:00:00+00:00,2022-12-06T06:00:00+00:00,2022-12-06T09:00:00+00:00
NIO_2022_MANDOUS,MANDOUS,2022,TEST,2022-12-06T18:00:00+00:00,8.4,87.0,25.0,1000.0,D,2022-12-07T06:00:00+00:00,8.7,85.5,30.0,998.0,DD,2022-12-07T18:00:00+00:00,9.2,84.6,35.0,997.0,CS,2022-12-08T18:00:00+00:00,10.6,82.3,50.0,990.0,SCS,2022-12-06T03:00:00+00:00,2022-12-06T06:00:00+00:00,2022-12-06T09:00:00+00:00,2022-12-06T12:00:00+00:00,2022-12-06T15:00:00+00:00
NIO_2022_MANDOUS,MANDOUS,2022,TEST,2022-12-07T00:00:00+00:00,8.6,86.3,30.0,999.0,DD,2022-12-07T12:00:00+00:00,8.9,85.0,30.0,998.0,DD,2022-12-08T00:00:00+00:00,9.4,84.1,40.0,995.0,CS,2022-12-09T00:00:00+00:00,11.0,81.7,50.0,990.0,SCS,2022-12-06T09:00:00+00:00,2022-12-06T12:00:00+00:00,2022-12-06T15:00:00+00:00,2022-12-06T18:00:00+00:00,2022-12-06T21:00:00+00:00
NIO_2022_MANDOUS,MANDOUS,2022,TEST,2022-12-07T06:00:00+00:00,8.7,85.5,30.0,998.0,DD,2022-12-07T18:00:00+00:00,9.2,84.6,35.0,997.0,CS,2022-12-08T06:00:00+00:00,9.7,83.5,45.0,992.0,CS,2022-12-09T06:00:00+00:00,11.4,81.3,45.0,992.0,CS,2022-12-06T15:00:00+00:00,2022-12-06T18:00:00+00:00,2022-12-06T21:00:00+00:00,2022-12-07T00:00:00+00:00,2022-12-07T03:00:00+00:00
NIO_2022_MANDOUS,MANDOUS,2022,TEST,2022-12-07T12:00:00+00:00,8.9,85.0,30.0,998.0,DD,2022-12-08T00:00:00+00:00,9.4,84.1,40.0,995.0,CS,2022-12-08T12:00:00+00:00,10.1,82.9,50.0,990.0,SCS,2022-12-09T12:00:00+00:00,12.0,80.8,40.0,993.0,CS,2022-12-06T21:00:00+00:00,2022-12-07T00:00:00+00:00,2022-12-07T03:00:00+00:00,2022-12-07T06:00:00+00:00,2022-12-07T09:00:00+00:00
NIO_2022_MANDOUS,MANDOUS,2022,TEST,2022-12-07T18:00:00+00:00,9.2,84.6,35.0,997.0,CS,2022-12-08T06:00:00+00:00,9.7,83.5,45.0,992.0,CS,2022-12-08T18:00:00+00:00,10.6,82.3,50.0,990.0,SCS,2022-12-09T18:00:00+00:00,12.5,80.3,35.0,995.0,CS,2022-12-07T03:00:00+00:00,2022-12-07T06:00:00+00:00,2022-12-07T09:00:00+00:00,2022-12-07T12:00:00+00:00,2022-12-07T15:00:00+00:00
NIO_2022_MANDOUS,MANDOUS,2022,TEST,2022-12-07T21:00:00+00:00,9.3,84.4,35.0,997.0,CS,2022-12-08T09:00:00+00:00,9.8,83.2,45.0,992.0,CS,2022-12-08T21:00:00+00:00,10.7,82.0,50.0,990.0,SCS,2022-12-09T21:00:00+00:00,12.8,80.0,35.0,996.0,CS,2022-12-07T06:00:00+00:00,2022-12-07T09:00:00+00:00,2022-12-07T12:00:00+00:00,2022-12-07T15:00:00+00:00,2022-12-07T18:00:00+00:00
NIO_2022_MANDOUS,MANDOUS,2022,TEST,2022-12-08T00:00:00+00:00,9.4,84.1,40.0,995.0,CS,2022-12-08T12:00:00+00:00,10.1,82.9,50.0,990.0,SCS,2022-12-09T00:00:00+00:00,11.0,81.7,50.0,990.0,SCS,2022-12-10T00:00:00+00:00,12.9,79.7,30.0,998.0,DD,2022-12-07T09:00:00+00:00,2022-12-07T12:00:00+00:00,2022-12-07T15:00:00+00:00,2022-12-07T18:00:00+00:00,2022-12-07T21:00:00+00:00
NIO_2022_MANDOUS,MANDOUS,2022,TEST,2022-12-08T03:00:00+00:00,9.5,83.8,40.0,994.0,CS,2022-12-08T15:00:00+00:00,10.4,82.6,50.0,990.0,SCS,2022-12-09T03:00:00+00:00,11.1,81.5,45.0,991.0,CS,2022-12-10T03:00:00+00:00,12.8,79.5,30.0,1000.0,DD,2022-12-07T12:00:00+00:00,2022-12-07T15:00:00+00:00,2022-12-07T18:00:00+00:00,2022-12-07T21:00:00+00:00,2022-12-08T00:00:00+00:00
NIO_2022_MANDOUS,MANDOUS,2022,TEST,2022-12-08T06:00:00+00:00,9.7,83.5,45.0,992.0,CS,2022-12-08T18:00:00+00:00,10.6,82.3,50.0,990.0,SCS,2022-12-09T06:00:00+00:00,11.4,81.3,45.0,992.0,CS,2022-12-10T06:00:00+00:00,12.7,79.3,25.0,1002.0,D,2022-12-07T15:00:00+00:00,2022-12-07T18:00:00+00:00,2022-12-07T21:00:00+00:00,2022-12-08T00:00:00+00:00,2022-12-08T03:00:00+00:00
NIO_2022_NO,NO,2022,TEST,2022-08-19T00:00:00+00:00,20.5,89.7,25.0,994.0,D,2022-08-19T12:00:00+00:00,21.5,88.1,30.0,992.0,DD,2022-08-20T00:00:00+00:00,22.5,86.0,30.0,992.0,DD,2022-08-21T00:00:00+00:00,23.7,82.2,25.0,994.0,D,2022-08-18T09:00:00+00:00,2022-08-18T12:00:00+00:00,2022-08-18T15:00:00+00:00,2022-08-18T18:00:00+00:00,2022-08-18T21:00:00+00:00
NIO_2022_NO,NO,2022,TEST,2022-08-19T03:00:00+00:00,20.8,89.2,25.0,994.0,D,2022-08-19T15:00:00+00:00,21.8,87.6,30.0,992.0,DD,2022-08-20T03:00:00+00:00,22.6,85.6,30.0,992.0,DD,2022-08-21T03:00:00+00:00,23.8,81.7,25.0,994.0,D,2022-08-18T12:00:00+00:00,2022-08-18T15:00:00+00:00,2022-08-18T18:00:00+00:00,2022-08-18T21:00:00+00:00,2022-08-19T00:00:00+00:00
NIO_2022_NO,NO,2022,TEST,2022-08-19T06:00:00+00:00,21.1,88.8,30.0,993.0,DD,2022-08-19T18:00:00+00:00,22.1,87.0,30.0,992.0,DD,2022-08-20T06:00:00+00:00,22.9,84.8,30.0,993.0,DD,2022-08-21T06:00:00+00:00,24.0,81.2,25.0,994.0,D,2022-08-18T15:00:00+00:00,2022-08-18T18:00:00+00:00,2022-08-18T21:00:00+00:00,2022-08-19T00:00:00+00:00,2022-08-19T03:00:00+00:00
NIO_2022_NO,NO,2022,TEST,2022-08-19T12:00:00+00:00,21.5,88.1,30.0,992.0,DD,2022-08-20T00:00:00+00:00,22.5,86.0,30.0,992.0,DD,2022-08-20T12:00:00+00:00,23.3,83.6,30.0,993.0,DD,2022-08-21T12:00:00+00:00,24.2,80.5,25.0,994.0,D,2022-08-18T21:00:00+00:00,2022-08-19T00:00:00+00:00,2022-08-19T03:00:00+00:00,2022-08-19T06:00:00+00:00,2022-08-19T09:00:00+00:00
NIO_2022_NO,NO,2022,TEST,2022-08-20T00:00:00+00:00,22.5,86.0,30.0,992.0,DD,2022-08-20T12:00:00+00:00,23.3,83.6,30.0,993.0,DD,2022-08-21T00:00:00+00:00,23.7,82.2,25.0,994.0,D,2022-08-22T00:00:00+00:00,24.3,79.1,25.0,995.0,D,2022-08-19T09:00:00+00:00,2022-08-19T12:00:00+00:00,2022-08-19T15:00:00+00:00,2022-08-19T18:00:00+00:00,2022-08-19T21:00:00+00:00
NIO_2022_NO,NO,2022,TEST,2022-08-20T06:00:00+00:00,22.9,84.8,30.0,993.0,DD,2022-08-20T18:00:00+00:00,23.5,82.9,30.0,993.0,DD,2022-08-21T06:00:00+00:00,24.0,81.2,25.0,994.0,D,2022-08-22T06:00:00+00:00,24.4,77.8,25.0,996.0,D,2022-08-19T15:00:00+00:00,2022-08-19T18:00:00+00:00,2022-08-19T21:00:00+00:00,2022-08-20T00:00:00+00:00,2022-08-20T03:00:00+00:00
NIO_2022_NO,NO,2022,TEST,2022-08-20T12:00:00+00:00,23.3,83.6,30.0,993.0,DD,2022-08-21T00:00:00+00:00,23.7,82.2,25.0,994.0,D,2022-08-21T12:00:00+00:00,24.2,80.5,25.0,994.0,D,2022-08-22T12:00:00+00:00,24.4,77.4,25.0,996.0,D,2022-08-19T21:00:00+00:00,2022-08-20T00:00:00+00:00,2022-08-20T03:00:00+00:00,2022-08-20T06:00:00+00:00,2022-08-20T09:00:00+00:00
NIO_2022_NO,NO,2022,TEST,2022-08-21T00:00:00+00:00,23.7,82.2,25.0,994.0,D,2022-08-21T12:00:00+00:00,24.2,80.5,25.0,994.0,D,2022-08-22T00:00:00+00:00,24.3,79.1,25.0,995.0,D,2022-08-23T00:00:00+00:00,24.8,76.2,20.0,997.0,D,2022-08-20T09:00:00+00:00,2022-08-20T12:00:00+00:00,2022-08-20T15:00:00+00:00,2022-08-20T18:00:00+00:00,2022-08-20T21:00:00+00:00
NIO_2022_SITRANG,SITRANG,2022,TEST,2022-10-22T06:00:00+00:00,13.7,91.3,25.0,1003.0,D,2022-10-22T18:00:00+00:00,14.9,89.8,25.0,1002.0,D,2022-10-23T06:00:00+00:00,15.9,88.2,30.0,1000.0,DD,2022-10-24T06:00:00+00:00,19.3,89.2,45.0,996.0,CS,2022-10-21T15:00:00+00:00,2022-10-21T18:00:00+00:00,2022-10-21T21:00:00+00:00,2022-10-22T00:00:00+00:00,2022-10-22T03:00:00+00:00
NIO_2022_SITRANG,SITRANG,2022,TEST,2022-10-22T12:00:00+00:00,14.2,90.5,25.0,1002.0,D,2022-10-23T00:00:00+00:00,15.3,89.0,30.0,1001.0,DD,2022-10-23T12:00:00+00:00,16.7,88.1,35.0,999.0,CS,2022-10-24T12:00:00+00:00,20.5,89.8,45.0,996.0,CS,2022-10-21T21:00:00+00:00,2022-10-22T00:00:00+00:00,2022-10-22T03:00:00+00:00,2022-10-22T06:00:00+00:00,2022-10-22T09:00:00+00:00
NIO_2022_SITRANG,SITRANG,2022,TEST,2022-10-22T18:00:00+00:00,14.9,89.8,25.0,1002.0,D,2022-10-23T06:00:00+00:00,15.9,88.2,30.0,1000.0,DD,2022-10-23T18:00:00+00:00,17.3,88.3,35.0,998.0,CS,2022-10-24T18:00:00+00:00,23.5,90.8,40.0,996.0,CS,2022-10-22T03:00:00+00:00,2022-10-22T06:00:00+00:00,2022-10-22T09:00:00+00:00,2022-10-22T12:00:00+00:00,2022-10-22T15:00:00+00:00
NIO_2022_SITRANG,SITRANG,2022,TEST,2022-10-23T00:00:00+00:00,15.3,89.0,30.0,1001.0,DD,2022-10-23T12:00:00+00:00,16.7,88.1,35.0,999.0,CS,2022-10-24T00:00:00+00:00,18.0,88.6,40.0,996.0,CS,2022-10-25T00:00:00+00:00,24.5,91.1,25.0,1000.0,D,2022-10-22T09:00:00+00:00,2022-10-22T12:00:00+00:00,2022-10-22T15:00:00+00:00,2022-10-22T18:00:00+00:00,2022-10-22T21:00:00+00:00
NIO_2022_UNNAMED_01,,2022,TEST,2022-03-20T06:00:00+00:00,10.4,92.9,25.0,1002.0,D,2022-03-20T18:00:00+00:00,11.3,93.4,25.0,1001.0,D,2022-03-21T06:00:00+00:00,12.6,93.9,30.0,1000.0,DD,2022-03-22T06:00:00+00:00,15.8,94.2,30.0,1000.0,DD,2022-03-19T15:00:00+00:00,2022-03-19T18:00:00+00:00,2022-03-19T21:00:00+00:00,2022-03-20T00:00:00+00:00,2022-03-20T03:00:00+00:00
NIO_2022_UNNAMED_01,,2022,TEST,2022-03-20T12:00:00+00:00,10.9,93.2,25.0,1002.0,D,2022-03-21T00:00:00+00:00,11.9,93.7,30.0,1000.0,DD,2022-03-21T12:00:00+00:00,13.3,94.0,30.0,1000.0,DD,2022-03-22T12:00:00+00:00,16.6,94.4,25.0,1001.0,D,2022-03-19T21:00:00+00:00,2022-03-20T00:00:00+00:00,2022-03-20T03:00:00+00:00,2022-03-20T06:00:00+00:00,2022-03-20T09:00:00+00:00
NIO_2022_UNNAMED_01,,2022,TEST,2022-03-20T18:00:00+00:00,11.3,93.4,25.0,1001.0,D,2022-03-21T06:00:00+00:00,12.6,93.9,30.0,1000.0,DD,2022-03-21T18:00:00+00:00,14.0,94.0,30.0,1000.0,DD,2022-03-22T18:00:00+00:00,17.6,94.5,25.0,1002.0,D,2022-03-20T03:00:00+00:00,2022-03-20T06:00:00+00:00,2022-03-20T09:00:00+00:00,2022-03-20T12:00:00+00:00,2022-03-20T15:00:00+00:00
NIO_2022_UNNAMED_2_13_1,,2022,TEST,2022-11-20T00:00:00+00:00,10.0,85.5,25.0,1005.0,D,2022-11-20T12:00:00+00:00,10.9,85.0,25.0,1003.0,D,2022-11-21T00:00:00+00:00,11.9,84.2,25.0,1003.0,D,2022-11-22T00:00:00+00:00,13.1,81.4,25.0,1004.0,D,2022-11-19T09:00:00+00:00,2022-11-19T12:00:00+00:00,2022-11-19T15:00:00+00:00,2022-11-19T18:00:00+00:00,2022-11-19T21:00:00+00:00
NIO_2022_UNNAMED_2_15_1,,2022,TEST,2022-12-14T12:00:00+00:00,13.7,69.2,25.0,1002.0,D,2022-12-15T00:00:00+00:00,13.9,68.2,30.0,1001.0,DD,2022-12-15T12:00:00+00:00,14.1,66.8,30.0,1000.0,DD,2022-12-16T12:00:00+00:00,14.0,63.8,25.0,1002.0,D,2022-12-13T21:00:00+00:00,2022-12-14T00:00:00+00:00,2022-12-14T03:00:00+00:00,2022-12-14T06:00:00+00:00,2022-12-14T09:00:00+00:00
NIO_2022_UNNAMED_2_15_1,,2022,TEST,2022-12-14T18:00:00+00:00,13.8,68.7,25.0,1002.0,D,2022-12-15T06:00:00+00:00,13.9,67.5,30.0,1000.0,DD,2022-12-15T18:00:00+00:00,14.1,65.8,30.0,1000.0,DD,2022-12-16T18:00:00+00:00,14.1,63.0,25.0,1002.0,D,2022-12-14T03:00:00+00:00,2022-12-14T06:00:00+00:00,2022-12-14T09:00:00+00:00,2022-12-14T12:00:00+00:00,2022-12-14T15:00:00+00:00
NIO_2022_UNNAMED_2_15_1,,2022,TEST,2022-12-15T00:00:00+00:00,13.9,68.2,30.0,1001.0,DD,2022-12-15T12:00:00+00:00,14.1,66.8,30.0,1000.0,DD,2022-12-16T00:00:00+00:00,14.0,65.2,30.0,1000.0,DD,2022-12-17T00:00:00+00:00,14.1,62.2,25.0,1002.0,D,2022-12-14T09:00:00+00:00,2022-12-14T12:00:00+00:00,2022-12-14T15:00:00+00:00,2022-12-14T18:00:00+00:00,2022-12-14T21:00:00+00:00
NIO_2022_UNNAMED_2_15_1,,2022,TEST,2022-12-15T06:00:00+00:00,13.9,67.5,30.0,1000.0,DD,2022-12-15T18:00:00+00:00,14.1,65.8,30.0,1000.0,DD,2022-12-16T06:00:00+00:00,13.8,64.4,30.0,1001.0,DD,2022-12-17T06:00:00+00:00,13.9,61.4,25.0,1002.0,D,2022-12-14T15:00:00+00:00,2022-12-14T18:00:00+00:00,2022-12-14T21:00:00+00:00,2022-12-15T00:00:00+00:00,2022-12-15T03:00:00+00:00
NIO_2022_UNNAMED_2_16_1,,2022,TEST,2022-12-22T06:00:00+00:00,9.5,84.8,25.0,1004.0,D,2022-12-22T18:00:00+00:00,10.1,84.2,25.0,1004.0,D,2022-12-23T06:00:00+00:00,10.4,84.8,25.0,1004.0,D,2022-12-24T06:00:00+00:00,10.4,83.7,25.0,1004.0,D,2022-12-21T15:00:00+00:00,2022-12-21T18:00:00+00:00,2022-12-21T21:00:00+00:00,2022-12-22T00:00:00+00:00,2022-12-22T03:00:00+00:00
NIO_2022_UNNAMED_2_16_1,,2022,TEST,2022-12-22T12:00:00+00:00,9.8,84.5,25.0,1004.0,D,2022-12-23T00:00:00+00:00,10.1,84.2,25.0,1004.0,D,2022-12-23T12:00:00+00:00,10.6,85.4,25.0,1004.0,D,2022-12-24T12:00:00+00:00,9.7,83.0,25.0,1004.0,D,2022-12-21T21:00:00+00:00,2022-12-22T00:00:00+00:00,2022-12-22T03:00:00+00:00,2022-12-22T06:00:00+00:00,2022-12-22T09:00:00+00:00
NIO_2022_UNNAMED_2_16_1,,2022,TEST,2022-12-22T18:00:00+00:00,10.1,84.2,25.0,1004.0,D,2022-12-23T06:00:00+00:00,10.4,84.8,25.0,1004.0,D,2022-12-23T18:00:00+00:00,10.4,85.3,25.0,1004.0,D,2022-12-24T18:00:00+00:00,9.3,82.5,25.0,1004.0,D,2022-12-22T03:00:00+00:00,2022-12-22T06:00:00+00:00,2022-12-22T09:00:00+00:00,2022-12-22T12:00:00+00:00,2022-12-22T15:00:00+00:00
NIO_2022_UNNAMED_2_16_1,,2022,TEST,2022-12-23T00:00:00+00:00,10.1,84.2,25.0,1004.0,D,2022-12-23T12:00:00+00:00,10.6,85.4,25.0,1004.0,D,2022-12-24T00:00:00+00:00,10.8,84.5,25.0,1004.0,D,2022-12-25T00:00:00+00:00,9.0,82.2,25.0,1004.0,D,2022-12-22T09:00:00+00:00,2022-12-22T12:00:00+00:00,2022-12-22T15:00:00+00:00,2022-12-22T18:00:00+00:00,2022-12-22T21:00:00+00:00
NIO_2022_UNNAMED_2_16_1,,2022,TEST,2022-12-23T06:00:00+00:00,10.4,84.8,25.0,1004.0,D,2022-12-23T18:00:00+00:00,10.4,85.3,25.0,1004.0,D,2022-12-24T06:00:00+00:00,10.4,83.7,25.0,1004.0,D,2022-12-25T06:00:00+00:00,8.5,81.6,25.0,1004.0,D,2022-12-22T15:00:00+00:00,2022-12-22T18:00:00+00:00,2022-12-22T21:00:00+00:00,2022-12-23T00:00:00+00:00,2022-12-23T03:00:00+00:00
NIO_2022_UNNAMED_2_2_1,,2022,TEST,2022-03-03T00:00:00+00:00,5.3,84.0,25.0,1004.0,D,2022-03-03T12:00:00+00:00,7.1,83.3,25.0,1004.0,D,2022-03-04T00:00:00+00:00,8.5,83.0,25.0,1004.0,D,2022-03-05T00:00:00+00:00,11.0,82.6,30.0,1002.0,DD,2022-03-02T09:00:00+00:00,2022-03-02T12:00:00+00:00,2022-03-02T15:00:00+00:00,2022-03-02T18:00:00+00:00,2022-03-02T21:00:00+00:00
NIO_2022_UNNAMED_2_2_1,,2022,TEST,2022-03-03T06:00:00+00:00,6.1,83.4,25.0,1004.0,D,2022-03-03T18:00:00+00:00,7.8,83.1,25.0,1004.0,D,2022-03-04T06:00:00+00:00,9.2,82.8,25.0,1003.0,D,2022-03-05T06:00:00+00:00,11.6,82.6,30.0,1002.0,DD,2022-03-02T15:00:00+00:00,2022-03-02T18:00:00+00:00,2022-03-02T21:00:00+00:00,2022-03-03T00:00:00+00:00,2022-03-03T03:00:00+00:00
NIO_2022_UNNAMED_2_2_1,,2022,TEST,2022-03-03T12:00:00+00:00,7.1,83.3,25.0,1004.0,D,2022-03-04T00:00:00+00:00,8.5,83.0,25.0,1004.0,D,2022-03-04T12:00:00+00:00,10.0,82.7,30.0,1002.0,DD,2022-03-05T12:00:00+00:00,11.7,82.5,30.0,1002.0,DD,2022-03-02T21:00:00+00:00,2022-03-03T00:00:00+00:00,2022-03-03T03:00:00+00:00,2022-03-03T06:00:00+00:00,2022-03-03T09:00:00+00:00
NIO_2022_UNNAMED_2_2_1,,2022,TEST,2022-03-03T18:00:00+00:00,7.8,83.1,25.0,1004.0,D,2022-03-04T06:00:00+00:00,9.2,82.8,25.0,1003.0,D,2022-03-04T18:00:00+00:00,10.3,82.6,30.0,1002.0,DD,2022-03-05T18:00:00+00:00,11.5,82.4,25.0,1003.0,D,2022-03-03T03:00:00+00:00,2022-03-03T06:00:00+00:00,2022-03-03T09:00:00+00:00,2022-03-03T12:00:00+00:00,2022-03-03T15:00:00+00:00
NIO_2022_UNNAMED_2_2_1,,2022,TEST,2022-03-04T00:00:00+00:00,8.5,83.0,25.0,1004.0,D,2022-03-04T12:00:00+00:00,10.0,82.7,30.0,1002.0,DD,2022-03-05T00:00:00+00:00,11.0,82.6,30.0,1002.0,DD,2022-03-06T00:00:00+00:00,11.2,82.2,25.0,1004.0,D,2022-03-03T09:00:00+00:00,2022-03-03T12:00:00+00:00,2022-03-03T15:00:00+00:00,2022-03-03T18:00:00+00:00,2022-03-03T21:00:00+00:00
NIO_2022_UNNAMED_2_9_1,,2022,TEST,2022-08-14T06:00:00+00:00,21.8,87.5,25.0,994.0,D,2022-08-14T18:00:00+00:00,22.2,84.0,25.0,994.0,D,2022-08-15T06:00:00+00:00,22.8,81.1,25.0,994.0,D,2022-08-16T06:00:00+00:00,24.9,76.1,20.0,995.0,D,2022-08-13T15:00:00+00:00,2022-08-13T18:00:00+00:00,2022-08-13T21:00:00+00:00,2022-08-14T00:00:00+00:00,2022-08-14T03:00:00+00:00
NIO_2023_BIPARJOY,BIPARJOY,2023,TEST,2023-06-06T00:00:00+00:00,11.3,66.0,25.0,1000.0,D,2023-06-06T12:00:00+00:00,12.1,66.0,35.0,998.0,CS,2023-06-07T00:00:00+00:00,12.6,66.1,55.0,990.0,SCS,2023-06-08T00:00:00+00:00,13.9,66.0,75.0,978.0,VSCS,2023-06-05T09:00:00+00:00,2023-06-05T12:00:00+00:00,2023-06-05T15:00:00+00:00,2023-06-05T18:00:00+00:00,2023-06-05T21:00:00+00:00
NIO_2023_BIPARJOY,BIPARJOY,2023,TEST,2023-06-06T03:00:00+00:00,11.5,66.0,25.0,1000.0,D,2023-06-06T15:00:00+00:00,12.3,66.0,35.0,998.0,CS,2023-06-07T03:00:00+00:00,12.7,66.2,60.0,988.0,SCS,2023-06-08T03:00:00+00:00,14.0,66.0,75.0,978.0,VSCS,2023-06-05T12:00:00+00:00,2023-06-05T15:00:00+00:00,2023-06-05T18:00:00+00:00,2023-06-05T21:00:00+00:00,2023-06-06T00:00:00+00:00
NIO_2023_BIPARJOY,BIPARJOY,2023,TEST,2023-06-06T06:00:00+00:00,11.9,66.0,30.0,999.0,DD,2023-06-06T18:00:00+00:00,12.5,66.0,40.0,996.0,CS,2023-06-07T06:00:00+00:00,12.8,66.3,65.0,983.0,VSCS,2023-06-08T06:00:00+00:00,14.1,66.0,75.0,978.0,VSCS,2023-06-05T15:00:00+00:00,2023-06-05T18:00:00+00:00,2023-06-05T21:00:00+00:00,2023-06-06T00:00:00+00:00,2023-06-06T03:00:00+00:00
NIO_2023_BIPARJOY,BIPARJOY,2023,TEST,2023-06-06T12:00:00+00:00,12.1,66.0,35.0,998.0,CS,2023-06-07T00:00:00+00:00,12.6,66.1,55.0,990.0,SCS,2023-06-07T12:00:00+00:00,13.3,66.2,65.0,983.0,VSCS,2023-06-08T12:00:00+00:00,14.4,66.0,75.0,978.0,VSCS,2023-06-05T21:00:00+00:00,2023-06-06T00:00:00+00:00,2023-06-06T03:00:00+00:00,2023-06-06T06:00:00+00:00,2023-06-06T09:00:00+00:00
NIO_2023_BIPARJOY,BIPARJOY,2023,TEST,2023-06-06T15:00:00+00:00,12.3,66.0,35.0,998.0,CS,2023-06-07T03:00:00+00:00,12.7,66.2,60.0,988.0,SCS,2023-06-07T15:00:00+00:00,13.4,66.2,65.0,983.0,VSCS,2023-06-08T15:00:00+00:00,14.5,66.0,75.0,978.0,VSCS,2023-06-06T00:00:00+00:00,2023-06-06T03:00:00+00:00,2023-06-06T06:00:00+00:00,2023-06-06T09:00:00+00:00,2023-06-06T12:00:00+00:00
NIO_2023_BIPARJOY,BIPARJOY,2023,TEST,2023-06-06T18:00:00+00:00,12.5,66.0,40.0,996.0,CS,2023-06-07T06:00:00+00:00,12.8,66.3,65.0,983.0,VSCS,2023-06-07T18:00:00+00:00,13.6,66.0,70.0,980.0,VSCS,2023-06-08T18:00:00+00:00,14.6,66.0,75.0,978.0,VSCS,2023-06-06T03:00:00+00:00,2023-06-06T06:00:00+00:00,2023-06-06T09:00:00+00:00,2023-06-06T12:00:00+00:00,2023-06-06T15:00:00+00:00
NIO_2023_BIPARJOY,BIPARJOY,2023,TEST,2023-06-06T21:00:00+00:00,12.5,66.0,45.0,996.0,CS,2023-06-07T09:00:00+00:00,13.1,66.3,65.0,983.0,VSCS,2023-06-07T21:00:00+00:00,13.7,66.0,70.0,980.0,VSCS,2023-06-08T21:00:00+00:00,14.6,66.0,75.0,978.0,VSCS,2023-06-06T06:00:00+00:00,2023-06-06T09:00:00+00:00,2023-06-06T12:00:00+00:00,2023-06-06T15:00:00+00:00,2023-06-06T18:00:00+00:00
NIO_2023_BIPARJOY,BIPARJOY,2023,TEST,2023-06-07T00:00:00+00:00,12.6,66.1,55.0,990.0,SCS,2023-06-07T12:00:00+00:00,13.3,66.2,65.0,983.0,VSCS,2023-06-08T00:00:00+00:00,13.9,66.0,75.0,978.0,VSCS,2023-06-09T00:00:00+00:00,14.7,66.2,75.0,978.0,VSCS,2023-06-06T09:00:00+00:00,2023-06-06T12:00:00+00:00,2023-06-06T15:00:00+00:00,2023-06-06T18:00:00+00:00,2023-06-06T21:00:00+00:00
NIO_2023_BIPARJOY,BIPARJOY,2023,TEST,2023-06-07T03:00:00+00:00,12.7,66.2,60.0,988.0,SCS,2023-06-07T15:00:00+00:00,13.4,66.2,65.0,983.0,VSCS,2023-06-08T03:00:00+00:00,14.0,66.0,75.0,978.0,VSCS,2023-06-09T03:00:00+00:00,14.8,66.4,70.0,980.0,VSCS,2023-06-06T12:00:00+00:00,2023-06-06T15:00:00+00:00,2023-06-06T18:00:00+00:00,2023-06-06T21:00:00+00:00,2023-06-07T00:00:00+00:00
NIO_2023_BIPARJOY,BIPARJOY,2023,TEST,2023-06-07T06:00:00+00:00,12.8,66.3,65.0,983.0,VSCS,2023-06-07T18:00:00+00:00,13.6,66.0,70.0,980.0,VSCS,2023-06-08T06:00:00+00:00,14.1,66.0,75.0,978.0,VSCS,2023-06-09T06:00:00+00:00,15.0,66.6,70.0,980.0,VSCS,2023-06-06T15:00:00+00:00,2023-06-06T18:00:00+00:00,2023-06-06T21:00:00+00:00,2023-06-07T00:00:00+00:00,2023-06-07T03:00:00+00:00
NIO_2023_BIPARJOY,BIPARJOY,2023,TEST,2023-06-07T09:00:00+00:00,13.1,66.3,65.0,983.0,VSCS,2023-06-07T21:00:00+00:00,13.7,66.0,70.0,980.0,VSCS,2023-06-08T09:00:00+00:00,14.3,66.0,75.0,978.0,VSCS,2023-06-09T09:00:00+00:00,15.3,66.9,70.0,980.0,VSCS,2023-06-06T18:00:00+00:00,2023-06-06T21:00:00+00:00,2023-06-07T00:00:00+00:00,2023-06-07T03:00:00+00:00,2023-06-07T06:00:00+00:00
NIO_2023_BIPARJOY,BIPARJOY,2023,TEST,2023-06-07T12:00:00+00:00,13.3,66.2,65.0,983.0,VSCS,2023-06-08T00:00:00+00:00,13.9,66.0,75.0,978.0,VSCS,2023-06-08T12:00:00+00:00,14.4,66.0,75.0,978.0,VSCS,2023-06-09T12:00:00+00:00,15.5,67.1,65.0,982.0,VSCS,2023-06-06T21:00:00+00:00,2023-06-07T00:00:00+00:00,2023-06-07T03:00:00+00:00,2023-06-07T06:00:00+00:00,2023-06-07T09:00:00+00:00
NIO_2023_BIPARJOY,BIPARJOY,2023,TEST,2023-06-07T15:00:00+00:00,13.4,66.2,65.0,983.0,VSCS,2023-06-08T03:00:00+00:00,14.0,66.0,75.0,978.0,VSCS,2023-06-08T15:00:00+00:00,14.5,66.0,75.0,978.0,VSCS,2023-06-09T15:00:00+00:00,15.7,67.3,65.0,982.0,VSCS,2023-06-07T00:00:00+00:00,2023-06-07T03:00:00+00:00,2023-06-07T06:00:00+00:00,2023-06-07T09:00:00+00:00,2023-06-07T12:00:00+00:00
NIO_2023_BIPARJOY,BIPARJOY,2023,TEST,2023-06-07T18:00:00+00:00,13.6,66.0,70.0,980.0,VSCS,2023-06-08T06:00:00+00:00,14.1,66.0,75.0,978.0,VSCS,2023-06-08T18:00:00+00:00,14.6,66.0,75.0,978.0,VSCS,2023-06-09T18:00:00+00:00,16.0,67.4,70.0,978.0,VSCS,2023-06-07T03:00:00+00:00,2023-06-07T06:00:00+00:00,2023-06-07T09:00:00+00:00,2023-06-07T12:00:00+00:00,2023-06-07T15:00:00+00:00
NIO_2023_BIPARJOY,BIPARJOY,2023,TEST,2023-06-07T21:00:00+00:00,13.7,66.0,70.0,980.0,VSCS,2023-06-08T09:00:00+00:00,14.3,66.0,75.0,978.0,VSCS,2023-06-08T21:00:00+00:00,14.6,66.0,75.0,978.0,VSCS,2023-06-09T21:00:00+00:00,16.3,67.4,70.0,976.0,VSCS,2023-06-07T06:00:00+00:00,2023-06-07T09:00:00+00:00,2023-06-07T12:00:00+00:00,2023-06-07T15:00:00+00:00,2023-06-07T18:00:00+00:00
NIO_2023_BIPARJOY,BIPARJOY,2023,TEST,2023-06-08T00:00:00+00:00,13.9,66.0,75.0,978.0,VSCS,2023-06-08T12:00:00+00:00,14.4,66.0,75.0,978.0,VSCS,2023-06-09T00:00:00+00:00,14.7,66.2,75.0,978.0,VSCS,2023-06-10T00:00:00+00:00,16.5,67.4,75.0,974.0,VSCS,2023-06-07T09:00:00+00:00,2023-06-07T12:00:00+00:00,2023-06-07T15:00:00+00:00,2023-06-07T18:00:00+00:00,2023-06-07T21:00:00+00:00
NIO_2023_BIPARJOY,BIPARJOY,2023,TEST,2023-06-08T03:00:00+00:00,14.0,66.0,75.0,978.0,VSCS,2023-06-08T15:00:00+00:00,14.5,66.0,75.0,978.0,VSCS,2023-06-09T03:00:00+00:00,14.8,66.4,70.0,980.0,VSCS,2023-06-10T03:00:00+00:00,16.7,67.4,75.0,972.0,VSCS,2023-06-07T12:00:00+00:00,2023-06-07T15:00:00+00:00,2023-06-07T18:00:00+00:00,2023-06-07T21:00:00+00:00,2023-06-08T00:00:00+00:00
NIO_2023_BIPARJOY,BIPARJOY,2023,TEST,2023-06-08T06:00:00+00:00,14.1,66.0,75.0,978.0,VSCS,2023-06-08T18:00:00+00:00,14.6,66.0,75.0,978.0,VSCS,2023-06-09T06:00:00+00:00,15.0,66.6,70.0,980.0,VSCS,2023-06-10T06:00:00+00:00,16.8,67.4,75.0,970.0,VSCS,2023-06-07T15:00:00+00:00,2023-06-07T18:00:00+00:00,2023-06-07T21:00:00+00:00,2023-06-08T00:00:00+00:00,2023-06-08T03:00:00+00:00
NIO_2023_BIPARJOY,BIPARJOY,2023,TEST,2023-06-08T09:00:00+00:00,14.3,66.0,75.0,978.0,VSCS,2023-06-08T21:00:00+00:00,14.6,66.0,75.0,978.0,VSCS,2023-06-09T09:00:00+00:00,15.3,66.9,70.0,980.0,VSCS,2023-06-10T09:00:00+00:00,16.9,67.4,80.0,966.0,VSCS,2023-06-07T18:00:00+00:00,2023-06-07T21:00:00+00:00,2023-06-08T00:00:00+00:00,2023-06-08T03:00:00+00:00,2023-06-08T06:00:00+00:00
NIO_2023_BIPARJOY,BIPARJOY,2023,TEST,2023-06-08T12:00:00+00:00,14.4,66.0,75.0,978.0,VSCS,2023-06-09T00:00:00+00:00,14.7,66.2,75.0,978.0,VSCS,2023-06-09T12:00:00+00:00,15.5,67.1,65.0,982.0,VSCS,2023-06-10T12:00:00+00:00,17.1,67.3,80.0,964.0,VSCS,2023-06-07T21:00:00+00:00,2023-06-08T00:00:00+00:00,2023-06-08T03:00:00+00:00,2023-06-08T06:00:00+00:00,2023-06-08T09:00:00+00:00
NIO_2023_BIPARJOY,BIPARJOY,2023,TEST,2023-06-08T15:00:00+00:00,14.5,66.0,75.0,978.0,VSCS,2023-06-09T03:00:00+00:00,14.8,66.4,70.0,980.0,VSCS,2023-06-09T15:00:00+00:00,15.7,67.3,65.0,982.0,VSCS,2023-06-10T15:00:00+00:00,17.3,67.3,80.0,964.0,VSCS,2023-06-08T00:00:00+00:00,2023-06-08T03:00:00+00:00,2023-06-08T06:00:00+00:00,2023-06-08T09:00:00+00:00,2023-06-08T12:00:00+00:00
NIO_2023_BIPARJOY,BIPARJOY,2023,TEST,2023-06-08T18:00:00+00:00,14.6,66.0,75.0,978.0,VSCS,2023-06-09T06:00:00+00:00,15.0,66.6,70.0,980.0,VSCS,2023-06-09T18:00:00+00:00,16.0,67.4,70.0,978.0,VSCS,2023-06-10T18:00:00+00:00,17.4,67.3,85.0,962.0,VSCS,2023-06-08T03:00:00+00:00,2023-06-08T06:00:00+00:00,2023-06-08T09:00:00+00:00,2023-06-08T12:00:00+00:00,2023-06-08T15:00:00+00:00
NIO_2023_BIPARJOY,BIPARJOY,2023,TEST,2023-06-08T21:00:00+00:00,14.6,66.0,75.0,978.0,VSCS,2023-06-09T09:00:00+00:00,15.3,66.9,70.0,980.0,VSCS,2023-06-09T21:00:00+00:00,16.3,67.4,70.0,976.0,VSCS,2023-06-10T21:00:00+00:00,17.6,67.3,85.0,962.0,VSCS,2023-06-08T06:00:00+00:00,2023-06-08T09:00:00+00:00,2023-06-08T12:00:00+00:00,2023-06-08T15:00:00+00:00,2023-06-08T18:00:00+00:00
NIO_2023_BIPARJOY,BIPARJOY,2023,TEST,2023-06-09T00:00:00+00:00,14.7,66.2,75.0,978.0,VSCS,2023-06-09T12:00:00+00:00,15.5,67.1,65.0,982.0,VSCS,2023-06-10T00:00:00+00:00,16.5,67.4,75.0,974.0,VSCS,2023-06-11T00:00:00+00:00,17.9,67.4,90.0,960.0,ESCS,2023-06-08T09:00:00+00:00,2023-06-08T12:00:00+00:00,2023-06-08T15:00:00+00:00,2023-06-08T18:00:00+00:00,2023-06-08T21:00:00+00:00
NIO_2023_BIPARJOY,BIPARJOY,2023,TEST,2023-06-09T03:00:00+00:00,14.8,66.4,70.0,980.0,VSCS,2023-06-09T15:00:00+00:00,15.7,67.3,65.0,982.0,VSCS,2023-06-10T03:00:00+00:00,16.7,67.4,75.0,972.0,VSCS,2023-06-11T03:00:00+00:00,18.0,67.6,90.0,958.0,ESCS,2023-06-08T12:00:00+00:00,2023-06-08T15:00:00+00:00,2023-06-08T18:00:00+00:00,2023-06-08T21:00:00+00:00,2023-06-09T00:00:00+00:00
NIO_2023_BIPARJOY,BIPARJOY,2023,TEST,2023-06-09T06:00:00+00:00,15.0,66.6,70.0,980.0,VSCS,2023-06-09T18:00:00+00:00,16.0,67.4,70.0,978.0,VSCS,2023-06-10T06:00:00+00:00,16.8,67.4,75.0,970.0,VSCS,2023-06-11T06:00:00+00:00,18.2,67.7,90.0,958.0,ESCS,2023-06-08T15:00:00+00:00,2023-06-08T18:00:00+00:00,2023-06-08T21:00:00+00:00,2023-06-09T00:00:00+00:00,2023-06-09T03:00:00+00:00
NIO_2023_BIPARJOY,BIPARJOY,2023,TEST,2023-06-09T09:00:00+00:00,15.3,66.9,70.0,980.0,VSCS,2023-06-09T21:00:00+00:00,16.3,67.4,70.0,976.0,VSCS,2023-06-10T09:00:00+00:00,16.9,67.4,80.0,966.0,VSCS,2023-06-11T09:00:00+00:00,18.4,67.7,90.0,958.0,ESCS,2023-06-08T18:00:00+00:00,2023-06-08T21:00:00+00:00,2023-06-09T00:00:00+00:00,2023-06-09T03:00:00+00:00,2023-06-09T06:00:00+00:00
NIO_2023_BIPARJOY,BIPARJOY,2023,TEST,2023-06-09T12:00:00+00:00,15.5,67.1,65.0,982.0,VSCS,2023-06-10T00:00:00+00:00,16.5,67.4,75.0,974.0,VSCS,2023-06-10T12:00:00+00:00,17.1,67.3,80.0,964.0,VSCS,2023-06-11T12:00:00+00:00,18.6,67.7,90.0,958.0,ESCS,2023-06-08T21:00:00+00:00,2023-06-09T00:00:00+00:00,2023-06-09T03:00:00+00:00,2023-06-09T06:00:00+00:00,2023-06-09T09:00:00+00:00
NIO_2023_BIPARJOY,BIPARJOY,2023,TEST,2023-06-09T15:00:00+00:00,15.7,67.3,65.0,982.0,VSCS,2023-06-10T03:00:00+00:00,16.7,67.4,75.0,972.0,VSCS,2023-06-10T15:00:00+00:00,17.3,67.3,80.0,964.0,VSCS,2023-06-11T15:00:00+00:00,18.7,67.7,90.0,958.0,ESCS,2023-06-09T00:00:00+00:00,2023-06-09T03:00:00+00:00,2023-06-09T06:00:00+00:00,2023-06-09T09:00:00+00:00,2023-06-09T12:00:00+00:00
NIO_2023_BIPARJOY,BIPARJOY,2023,TEST,2023-06-09T18:00:00+00:00,16.0,67.4,70.0,978.0,VSCS,2023-06-10T06:00:00+00:00,16.8,67.4,75.0,970.0,VSCS,2023-06-10T18:00:00+00:00,17.4,67.3,85.0,962.0,VSCS,2023-06-11T18:00:00+00:00,18.9,67.7,90.0,958.0,ESCS,2023-06-09T03:00:00+00:00,2023-06-09T06:00:00+00:00,2023-06-09T09:00:00+00:00,2023-06-09T12:00:00+00:00,2023-06-09T15:00:00+00:00
NIO_2023_BIPARJOY,BIPARJOY,2023,TEST,2023-06-09T21:00:00+00:00,16.3,67.4,70.0,976.0,VSCS,2023-06-10T09:00:00+00:00,16.9,67.4,80.0,966.0,VSCS,2023-06-10T21:00:00+00:00,17.6,67.3,85.0,962.0,VSCS,2023-06-11T21:00:00+00:00,19.0,67.7,90.0,958.0,ESCS,2023-06-09T06:00:00+00:00,2023-06-09T09:00:00+00:00,2023-06-09T12:00:00+00:00,2023-06-09T15:00:00+00:00,2023-06-09T18:00:00+00:00
NIO_2023_BIPARJOY,BIPARJOY,2023,TEST,2023-06-10T00:00:00+00:00,16.5,67.4,75.0,974.0,VSCS,2023-06-10T12:00:00+00:00,17.1,67.3,80.0,964.0,VSCS,2023-06-11T00:00:00+00:00,17.9,67.4,90.0,960.0,ESCS,2023-06-12T00:00:00+00:00,19.2,67.7,90.0,958.0,ESCS,2023-06-09T09:00:00+00:00,2023-06-09T12:00:00+00:00,2023-06-09T15:00:00+00:00,2023-06-09T18:00:00+00:00,2023-06-09T21:00:00+00:00
NIO_2023_BIPARJOY,BIPARJOY,2023,TEST,2023-06-10T03:00:00+00:00,16.7,67.4,75.0,972.0,VSCS,2023-06-10T15:00:00+00:00,17.3,67.3,80.0,964.0,VSCS,2023-06-11T03:00:00+00:00,18.0,67.6,90.0,958.0,ESCS,2023-06-12T03:00:00+00:00,19.4,67.7,90.0,958.0,ESCS,2023-06-09T12:00:00+00:00,2023-06-09T15:00:00+00:00,2023-06-09T18:00:00+00:00,2023-06-09T21:00:00+00:00,2023-06-10T00:00:00+00:00
NIO_2023_BIPARJOY,BIPARJOY,2023,TEST,2023-06-10T06:00:00+00:00,16.8,67.4,75.0,970.0,VSCS,2023-06-10T18:00:00+00:00,17.4,67.3,85.0,962.0,VSCS,2023-06-11T06:00:00+00:00,18.2,67.7,90.0,958.0,ESCS,2023-06-12T06:00:00+00:00,19.6,67.6,90.0,958.0,ESCS,2023-06-09T15:00:00+00:00,2023-06-09T18:00:00+00:00,2023-06-09T21:00:00+00:00,2023-06-10T00:00:00+00:00,2023-06-10T03:00:00+00:00
NIO_2023_BIPARJOY,BIPARJOY,2023,TEST,2023-06-10T09:00:00+00:00,16.9,67.4,80.0,966.0,VSCS,2023-06-10T21:00:00+00:00,17.6,67.3,85.0,962.0,VSCS,2023-06-11T09:00:00+00:00,18.4,67.7,90.0,958.0,ESCS,2023-06-12T09:00:00+00:00,19.7,67.5,90.0,958.0,ESCS,2023-06-09T18:00:00+00:00,2023-06-09T21:00:00+00:00,2023-06-10T00:00:00+00:00,2023-06-10T03:00:00+00:00,2023-06-10T06:00:00+00:00
NIO_2023_BIPARJOY,BIPARJOY,2023,TEST,2023-06-10T12:00:00+00:00,17.1,67.3,80.0,964.0,VSCS,2023-06-11T00:00:00+00:00,17.9,67.4,90.0,960.0,ESCS,2023-06-11T12:00:00+00:00,18.6,67.7,90.0,958.0,ESCS,2023-06-12T12:00:00+00:00,19.9,67.3,90.0,960.0,ESCS,2023-06-09T21:00:00+00:00,2023-06-10T00:00:00+00:00,2023-06-10T03:00:00+00:00,2023-06-10T06:00:00+00:00,2023-06-10T09:00:00+00:00
NIO_2023_BIPARJOY,BIPARJOY,2023,TEST,2023-06-10T15:00:00+00:00,17.3,67.3,80.0,964.0,VSCS,2023-06-11T03:00:00+00:00,18.0,67.6,90.0,958.0,ESCS,2023-06-11T15:00:00+00:00,18.7,67.7,90.0,958.0,ESCS,2023-06-12T15:00:00+00:00,20.0,67.2,90.0,960.0,ESCS,2023-06-10T00:00:00+00:00,2023-06-10T03:00:00+00:00,2023-06-10T06:00:00+00:00,2023-06-10T09:00:00+00:00,2023-06-10T12:00:00+00:00
NIO_2023_BIPARJOY,BIPARJOY,2023,TEST,2023-06-10T18:00:00+00:00,17.4,67.3,85.0,962.0,VSCS,2023-06-11T06:00:00+00:00,18.2,67.7,90.0,958.0,ESCS,2023-06-11T18:00:00+00:00,18.9,67.7,90.0,958.0,ESCS,2023-06-12T18:00:00+00:00,20.1,67.2,85.0,962.0,VSCS,2023-06-10T03:00:00+00:00,2023-06-10T06:00:00+00:00,2023-06-10T09:00:00+00:00,2023-06-10T12:00:00+00:00,2023-06-10T15:00:00+00:00
NIO_2023_BIPARJOY,BIPARJOY,2023,TEST,2023-06-10T21:00:00+00:00,17.6,67.3,85.0,962.0,VSCS,2023-06-11T09:00:00+00:00,18.4,67.7,90.0,958.0,ESCS,2023-06-11T21:00:00+00:00,19.0,67.7,90.0,958.0,ESCS,2023-06-12T21:00:00+00:00,20.3,67.2,85.0,962.0,VSCS,2023-06-10T06:00:00+00:00,2023-06-10T09:00:00+00:00,2023-06-10T12:00:00+00:00,2023-06-10T15:00:00+00:00,2023-06-10T18:00:00+00:00
NIO_2023_BIPARJOY,BIPARJOY,2023,TEST,2023-06-11T00:00:00+00:00,17.9,67.4,90.0,960.0,ESCS,2023-06-11T12:00:00+00:00,18.6,67.7,90.0,958.0,ESCS,2023-06-12T00:00:00+00:00,19.2,67.7,90.0,958.0,ESCS,2023-06-13T00:00:00+00:00,20.6,67.0,85.0,962.0,VSCS,2023-06-10T09:00:00+00:00,2023-06-10T12:00:00+00:00,2023-06-10T15:00:00+00:00,2023-06-10T18:00:00+00:00,2023-06-10T21:00:00+00:00
NIO_2023_BIPARJOY,BIPARJOY,2023,TEST,2023-06-11T03:00:00+00:00,18.0,67.6,90.0,958.0,ESCS,2023-06-11T15:00:00+00:00,18.7,67.7,90.0,958.0,ESCS,2023-06-12T03:00:00+00:00,19.4,67.7,90.0,958.0,ESCS,2023-06-13T03:00:00+00:00,20.9,66.9,85.0,962.0,VSCS,2023-06-10T12:00:00+00:00,2023-06-10T15:00:00+00:00,2023-06-10T18:00:00+00:00,2023-06-10T21:00:00+00:00,2023-06-11T00:00:00+00:00
NIO_2023_BIPARJOY,BIPARJOY,2023,TEST,2023-06-11T06:00:00+00:00,18.2,67.7,90.0,958.0,ESCS,2023-06-11T18:00:00+00:00,18.9,67.7,90.0,958.0,ESCS,2023-06-12T06:00:00+00:00,19.6,67.6,90.0,958.0,ESCS,2023-06-13T06:00:00+00:00,21.0,66.7,85.0,962.0,VSCS,2023-06-10T15:00:00+00:00,2023-06-10T18:00:00+00:00,2023-06-10T21:00:00+00:00,2023-06-11T00:00:00+00:00,2023-06-11T03:00:00+00:00
NIO_2023_BIPARJOY,BIPARJOY,2023,TEST,2023-06-11T09:00:00+00:00,18.4,67.7,90.0,958.0,ESCS,2023-06-11T21:00:00+00:00,19.0,67.7,90.0,958.0,ESCS,2023-06-12T09:00:00+00:00,19.7,67.5,90.0,958.0,ESCS,2023-06-13T09:00:00+00:00,21.1,66.5,85.0,962.0,VSCS,2023-06-10T18:00:00+00:00,2023-06-10T21:00:00+00:00,2023-06-11T00:00:00+00:00,2023-06-11T03:00:00+00:00,2023-06-11T06:00:00+00:00
NIO_2023_BIPARJOY,BIPARJOY,2023,TEST,2023-06-11T12:00:00+00:00,18.6,67.7,90.0,958.0,ESCS,2023-06-12T00:00:00+00:00,19.2,67.7,90.0,958.0,ESCS,2023-06-12T12:00:00+00:00,19.9,67.3,90.0,960.0,ESCS,2023-06-13T12:00:00+00:00,21.3,66.5,85.0,962.0,VSCS,2023-06-10T21:00:00+00:00,2023-06-11T00:00:00+00:00,2023-06-11T03:00:00+00:00,2023-06-11T06:00:00+00:00,2023-06-11T09:00:00+00:00
NIO_2023_BIPARJOY,BIPARJOY,2023,TEST,2023-06-11T15:00:00+00:00,18.7,67.7,90.0,958.0,ESCS,2023-06-12T03:00:00+00:00,19.4,67.7,90.0,958.0,ESCS,2023-06-12T15:00:00+00:00,20.0,67.2,90.0,960.0,ESCS,2023-06-13T15:00:00+00:00,21.4,66.4,85.0,962.0,VSCS,2023-06-11T00:00:00+00:00,2023-06-11T03:00:00+00:00,2023-06-11T06:00:00+00:00,2023-06-11T09:00:00+00:00,2023-06-11T12:00:00+00:00
NIO_2023_BIPARJOY,BIPARJOY,2023,TEST,2023-06-11T18:00:00+00:00,18.9,67.7,90.0,958.0,ESCS,2023-06-12T06:00:00+00:00,19.6,67.6,90.0,958.0,ESCS,2023-06-12T18:00:00+00:00,20.1,67.2,85.0,962.0,VSCS,2023-06-13T18:00:00+00:00,21.7,66.3,85.0,962.0,VSCS,2023-06-11T03:00:00+00:00,2023-06-11T06:00:00+00:00,2023-06-11T09:00:00+00:00,2023-06-11T12:00:00+00:00,2023-06-11T15:00:00+00:00
NIO_2023_BIPARJOY,BIPARJOY,2023,TEST,2023-06-11T21:00:00+00:00,19.0,67.7,90.0,958.0,ESCS,2023-06-12T09:00:00+00:00,19.7,67.5,90.0,958.0,ESCS,2023-06-12T21:00:00+00:00,20.3,67.2,85.0,962.0,VSCS,2023-06-13T21:00:00+00:00,21.7,66.3,85.0,964.0,VSCS,2023-06-11T06:00:00+00:00,2023-06-11T09:00:00+00:00,2023-06-11T12:00:00+00:00,2023-06-11T15:00:00+00:00,2023-06-11T18:00:00+00:00
NIO_2023_BIPARJOY,BIPARJOY,2023,TEST,2023-06-12T00:00:00+00:00,19.2,67.7,90.0,958.0,ESCS,2023-06-12T12:00:00+00:00,19.9,67.3,90.0,960.0,ESCS,2023-06-13T00:00:00+00:00,20.6,67.0,85.0,962.0,VSCS,2023-06-14T00:00:00+00:00,21.8,66.3,80.0,966.0,VSCS,2023-06-11T09:00:00+00:00,2023-06-11T12:00:00+00:00,2023-06-11T15:00:00+00:00,2023-06-11T18:00:00+00:00,2023-06-11T21:00:00+00:00
NIO_2023_BIPARJOY,BIPARJOY,2023,TEST,2023-06-12T03:00:00+00:00,19.4,67.7,90.0,958.0,ESCS,2023-06-12T15:00:00+00:00,20.0,67.2,90.0,960.0,ESCS,2023-06-13T03:00:00+00:00,20.9,66.9,85.0,962.0,VSCS,2023-06-14T03:00:00+00:00,21.8,66.3,80.0,966.0,VSCS,2023-06-11T12:00:00+00:00,2023-06-11T15:00:00+00:00,2023-06-11T18:00:00+00:00,2023-06-11T21:00:00+00:00,2023-06-12T00:00:00+00:00
NIO_2023_BIPARJOY,BIPARJOY,2023,TEST,2023-06-12T06:00:00+00:00,19.6,67.6,90.0,958.0,ESCS,2023-06-12T18:00:00+00:00,20.1,67.2,85.0,962.0,VSCS,2023-06-13T06:00:00+00:00,21.0,66.7,85.0,962.0,VSCS,2023-06-14T06:00:00+00:00,21.8,66.3,80.0,966.0,VSCS,2023-06-11T15:00:00+00:00,2023-06-11T18:00:00+00:00,2023-06-11T21:00:00+00:00,2023-06-12T00:00:00+00:00,2023-06-12T03:00:00+00:00
NIO_2023_BIPARJOY,BIPARJOY,2023,TEST,2023-06-12T09:00:00+00:00,19.7,67.5,90.0,958.0,ESCS,2023-06-12T21:00:00+00:00,20.3,67.2,85.0,962.0,VSCS,2023-06-13T09:00:00+00:00,21.1,66.5,85.0,962.0,VSCS,2023-06-14T09:00:00+00:00,21.9,66.5,80.0,966.0,VSCS,2023-06-11T18:00:00+00:00,2023-06-11T21:00:00+00:00,2023-06-12T00:00:00+00:00,2023-06-12T03:00:00+00:00,2023-06-12T06:00:00+00:00
NIO_2023_BIPARJOY,BIPARJOY,2023,TEST,2023-06-12T12:00:00+00:00,19.9,67.3,90.0,960.0,ESCS,2023-06-13T00:00:00+00:00,20.6,67.0,85.0,962.0,VSCS,2023-06-13T12:00:00+00:00,21.3,66.5,85.0,962.0,VSCS,2023-06-14T12:00:00+00:00,22.0,66.7,75.0,970.0,VSCS,2023-06-11T21:00:00+00:00,2023-06-12T00:00:00+00:00,2023-06-12T03:00:00+00:00,2023-06-12T06:00:00+00:00,2023-06-12T09:00:00+00:00
NIO_2023_BIPARJOY,BIPARJOY,2023,TEST,2023-06-12T15:00:00+00:00,20.0,67.2,90.0,960.0,ESCS,2023-06-13T03:00:00+00:00,20.9,66.9,85.0,962.0,VSCS,2023-06-13T15:00:00+00:00,21.4,66.4,85.0,962.0,VSCS,2023-06-14T15:00:00+00:00,22.1,66.8,75.0,970.0,VSCS,2023-06-12T00:00:00+00:00,2023-06-12T03:00:00+00:00,2023-06-12T06:00:00+00:00,2023-06-12T09:00:00+00:00,2023-06-12T12:00:00+00:00
NIO_2023_BIPARJOY,BIPARJOY,2023,TEST,2023-06-12T18:00:00+00:00,20.1,67.2,85.0,962.0,VSCS,2023-06-13T06:00:00+00:00,21.0,66.7,85.0,962.0,VSCS,2023-06-13T18:00:00+00:00,21.7,66.3,85.0,962.0,VSCS,2023-06-14T18:00:00+00:00,22.2,66.9,75.0,972.0,VSCS,2023-06-12T03:00:00+00:00,2023-06-12T06:00:00+00:00,2023-06-12T09:00:00+00:00,2023-06-12T12:00:00+00:00,2023-06-12T15:00:00+00:00
NIO_2023_BIPARJOY,BIPARJOY,2023,TEST,2023-06-12T21:00:00+00:00,20.3,67.2,85.0,962.0,VSCS,2023-06-13T09:00:00+00:00,21.1,66.5,85.0,962.0,VSCS,2023-06-13T21:00:00+00:00,21.7,66.3,85.0,964.0,VSCS,2023-06-14T21:00:00+00:00,22.3,66.9,75.0,972.0,VSCS,2023-06-12T06:00:00+00:00,2023-06-12T09:00:00+00:00,2023-06-12T12:00:00+00:00,2023-06-12T15:00:00+00:00,2023-06-12T18:00:00+00:00
NIO_2023_BIPARJOY,BIPARJOY,2023,TEST,2023-06-13T00:00:00+00:00,20.6,67.0,85.0,962.0,VSCS,2023-06-13T12:00:00+00:00,21.3,66.5,85.0,962.0,VSCS,2023-06-14T00:00:00+00:00,21.8,66.3,80.0,966.0,VSCS,2023-06-15T00:00:00+00:00,22.4,67.0,70.0,974.0,VSCS,2023-06-12T09:00:00+00:00,2023-06-12T12:00:00+00:00,2023-06-12T15:00:00+00:00,2023-06-12T18:00:00+00:00,2023-06-12T21:00:00+00:00
NIO_2023_BIPARJOY,BIPARJOY,2023,TEST,2023-06-13T03:00:00+00:00,20.9,66.9,85.0,962.0,VSCS,2023-06-13T15:00:00+00:00,21.4,66.4,85.0,962.0,VSCS,2023-06-14T03:00:00+00:00,21.8,66.3,80.0,966.0,VSCS,2023-06-15T03:00:00+00:00,22.6,67.1,70.0,976.0,VSCS,2023-06-12T12:00:00+00:00,2023-06-12T15:00:00+00:00,2023-06-12T18:00:00+00:00,2023-06-12T21:00:00+00:00,2023-06-13T00:00:00+00:00
NIO_2023_BIPARJOY,BIPARJOY,2023,TEST,2023-06-13T06:00:00+00:00,21.0,66.7,85.0,962.0,VSCS,2023-06-13T18:00:00+00:00,21.7,66.3,85.0,962.0,VSCS,2023-06-14T06:00:00+00:00,21.8,66.3,80.0,966.0,VSCS,2023-06-15T06:00:00+00:00,22.7,67.3,65.0,976.0,VSCS,2023-06-12T15:00:00+00:00,2023-06-12T18:00:00+00:00,2023-06-12T21:00:00+00:00,2023-06-13T00:00:00+00:00,2023-06-13T03:00:00+00:00
NIO_2023_BIPARJOY,BIPARJOY,2023,TEST,2023-06-13T09:00:00+00:00,21.1,66.5,85.0,962.0,VSCS,2023-06-13T21:00:00+00:00,21.7,66.3,85.0,964.0,VSCS,2023-06-14T09:00:00+00:00,21.9,66.5,80.0,966.0,VSCS,2023-06-15T09:00:00+00:00,22.8,67.6,65.0,976.0,VSCS,2023-06-12T18:00:00+00:00,2023-06-12T21:00:00+00:00,2023-06-13T00:00:00+00:00,2023-06-13T03:00:00+00:00,2023-06-13T06:00:00+00:00
NIO_2023_BIPARJOY,BIPARJOY,2023,TEST,2023-06-13T12:00:00+00:00,21.3,66.5,85.0,962.0,VSCS,2023-06-14T00:00:00+00:00,21.8,66.3,80.0,966.0,VSCS,2023-06-14T12:00:00+00:00,22.0,66.7,75.0,970.0,VSCS,2023-06-15T12:00:00+00:00,22.9,68.0,65.0,976.0,VSCS,2023-06-12T21:00:00+00:00,2023-06-13T00:00:00+00:00,2023-06-13T03:00:00+00:00,2023-06-13T06:00:00+00:00,2023-06-13T09:00:00+00:00
NIO_2023_BIPARJOY,BIPARJOY,2023,TEST,2023-06-13T15:00:00+00:00,21.4,66.4,85.0,962.0,VSCS,2023-06-14T03:00:00+00:00,21.8,66.3,80.0,966.0,VSCS,2023-06-14T15:00:00+00:00,22.1,66.8,75.0,970.0,VSCS,2023-06-15T15:00:00+00:00,23.1,68.3,65.0,976.0,VSCS,2023-06-13T00:00:00+00:00,2023-06-13T03:00:00+00:00,2023-06-13T06:00:00+00:00,2023-06-13T09:00:00+00:00,2023-06-13T12:00:00+00:00
NIO_2023_BIPARJOY,BIPARJOY,2023,TEST,2023-06-13T18:00:00+00:00,21.7,66.3,85.0,962.0,VSCS,2023-06-14T06:00:00+00:00,21.8,66.3,80.0,966.0,VSCS,2023-06-14T18:00:00+00:00,22.2,66.9,75.0,972.0,VSCS,2023-06-15T18:00:00+00:00,23.3,68.6,60.0,980.0,SCS,2023-06-13T03:00:00+00:00,2023-06-13T06:00:00+00:00,2023-06-13T09:00:00+00:00,2023-06-13T12:00:00+00:00,2023-06-13T15:00:00+00:00
NIO_2023_BIPARJOY,BIPARJOY,2023,TEST,2023-06-13T21:00:00+00:00,21.7,66.3,85.0,964.0,VSCS,2023-06-14T09:00:00+00:00,21.9,66.5,80.0,966.0,VSCS,2023-06-14T21:00:00+00:00,22.3,66.9,75.0,972.0,VSCS,2023-06-15T21:00:00+00:00,23.4,68.9,50.0,982.0,SCS,2023-06-13T06:00:00+00:00,2023-06-13T09:00:00+00:00,2023-06-13T12:00:00+00:00,2023-06-13T15:00:00+00:00,2023-06-13T18:00:00+00:00
NIO_2023_BIPARJOY,BIPARJOY,2023,TEST,2023-06-14T00:00:00+00:00,21.8,66.3,80.0,966.0,VSCS,2023-06-14T12:00:00+00:00,22.0,66.7,75.0,970.0,VSCS,2023-06-15T00:00:00+00:00,22.4,67.0,70.0,974.0,VSCS,2023-06-16T00:00:00+00:00,23.4,69.2,50.0,978.0,SCS,2023-06-13T09:00:00+00:00,2023-06-13T12:00:00+00:00,2023-06-13T15:00:00+00:00,2023-06-13T18:00:00+00:00,2023-06-13T21:00:00+00:00
NIO_2023_BIPARJOY,BIPARJOY,2023,TEST,2023-06-14T03:00:00+00:00,21.8,66.3,80.0,966.0,VSCS,2023-06-14T15:00:00+00:00,22.1,66.8,75.0,970.0,VSCS,2023-06-15T03:00:00+00:00,22.6,67.1,70.0,976.0,VSCS,2023-06-16T03:00:00+00:00,23.5,69.5,45.0,978.0,CS,2023-06-13T12:00:00+00:00,2023-06-13T15:00:00+00:00,2023-06-13T18:00:00+00:00,2023-06-13T21:00:00+00:00,2023-06-14T00:00:00+00:00
NIO_2023_BIPARJOY,BIPARJOY,2023,TEST,2023-06-14T06:00:00+00:00,21.8,66.3,80.0,966.0,VSCS,2023-06-14T18:00:00+00:00,22.2,66.9,75.0,972.0,VSCS,2023-06-15T06:00:00+00:00,22.7,67.3,65.0,976.0,VSCS,2023-06-16T06:00:00+00:00,23.7,69.8,40.0,980.0,CS,2023-06-13T15:00:00+00:00,2023-06-13T18:00:00+00:00,2023-06-13T21:00:00+00:00,2023-06-14T00:00:00+00:00,2023-06-14T03:00:00+00:00
NIO_2023_BIPARJOY,BIPARJOY,2023,TEST,2023-06-14T09:00:00+00:00,21.9,66.5,80.0,966.0,VSCS,2023-06-14T21:00:00+00:00,22.3,66.9,75.0,972.0,VSCS,2023-06-15T09:00:00+00:00,22.8,67.6,65.0,976.0,VSCS,2023-06-16T09:00:00+00:00,23.9,70.0,40.0,984.0,CS,2023-06-13T18:00:00+00:00,2023-06-13T21:00:00+00:00,2023-06-14T00:00:00+00:00,2023-06-14T03:00:00+00:00,2023-06-14T06:00:00+00:00
NIO_2023_BIPARJOY,BIPARJOY,2023,TEST,2023-06-14T12:00:00+00:00,22.0,66.7,75.0,970.0,VSCS,2023-06-15T00:00:00+00:00,22.4,67.0,70.0,974.0,VSCS,2023-06-15T12:00:00+00:00,22.9,68.0,65.0,976.0,VSCS,2023-06-16T12:00:00+00:00,24.2,70.3,35.0,986.0,CS,2023-06-13T21:00:00+00:00,2023-06-14T00:00:00+00:00,2023-06-14T03:00:00+00:00,2023-06-14T06:00:00+00:00,2023-06-14T09:00:00+00:00
NIO_2023_BIPARJOY,BIPARJOY,2023,TEST,2023-06-14T15:00:00+00:00,22.1,66.8,75.0,970.0,VSCS,2023-06-15T03:00:00+00:00,22.6,67.1,70.0,976.0,VSCS,2023-06-15T15:00:00+00:00,23.1,68.3,65.0,976.0,VSCS,2023-06-16T15:00:00+00:00,24.5,70.7,35.0,987.0,CS,2023-06-14T00:00:00+00:00,2023-06-14T03:00:00+00:00,2023-06-14T06:00:00+00:00,2023-06-14T09:00:00+00:00,2023-06-14T12:00:00+00:00
NIO_2023_BIPARJOY,BIPARJOY,2023,TEST,2023-06-14T18:00:00+00:00,22.2,66.9,75.0,972.0,VSCS,2023-06-15T06:00:00+00:00,22.7,67.3,65.0,976.0,VSCS,2023-06-15T18:00:00+00:00,23.3,68.6,60.0,980.0,SCS,2023-06-16T18:00:00+00:00,24.6,70.9,30.0,988.0,DD,2023-06-14T03:00:00+00:00,2023-06-14T06:00:00+00:00,2023-06-14T09:00:00+00:00,2023-06-14T12:00:00+00:00,2023-06-14T15:00:00+00:00
NIO_2023_BIPARJOY,BIPARJOY,2023,TEST,2023-06-15T00:00:00+00:00,22.4,67.0,70.0,974.0,VSCS,2023-06-15T12:00:00+00:00,22.9,68.0,65.0,976.0,VSCS,2023-06-16T00:00:00+00:00,23.4,69.2,50.0,978.0,SCS,2023-06-17T00:00:00+00:00,24.7,71.2,30.0,988.0,DD,2023-06-14T09:00:00+00:00,2023-06-14T12:00:00+00:00,2023-06-14T15:00:00+00:00,2023-06-14T18:00:00+00:00,2023-06-14T21:00:00+00:00
NIO_2023_BIPARJOY,BIPARJOY,2023,TEST,2023-06-15T03:00:00+00:00,22.6,67.1,70.0,976.0,VSCS,2023-06-15T15:00:00+00:00,23.1,68.3,65.0,976.0,VSCS,2023-06-16T03:00:00+00:00,23.5,69.5,45.0,978.0,CS,2023-06-17T03:00:00+00:00,25.0,71.5,30.0,988.0,DD,2023-06-14T12:00:00+00:00,2023-06-14T15:00:00+00:00,2023-06-14T18:00:00+00:00,2023-06-14T21:00:00+00:00,2023-06-15T00:00:00+00:00
NIO_2023_BIPARJOY,BIPARJOY,2023,TEST,2023-06-15T06:00:00+00:00,22.7,67.3,65.0,976.0,VSCS,2023-06-15T18:00:00+00:00,23.3,68.6,60.0,980.0,SCS,2023-06-16T06:00:00+00:00,23.7,69.8,40.0,980.0,CS,2023-06-17T06:00:00+00:00,25.3,71.9,30.0,989.0,DD,2023-06-14T15:00:00+00:00,2023-06-14T18:00:00+00:00,2023-06-14T21:00:00+00:00,2023-06-15T00:00:00+00:00,2023-06-15T03:00:00+00:00
NIO_2023_BIPARJOY,BIPARJOY,2023,TEST,2023-06-15T12:00:00+00:00,22.9,68.0,65.0,976.0,VSCS,2023-06-16T00:00:00+00:00,23.4,69.2,50.0,978.0,SCS,2023-06-16T12:00:00+00:00,24.2,70.3,35.0,986.0,CS,2023-06-17T12:00:00+00:00,25.6,72.5,25.0,990.0,D,2023-06-14T21:00:00+00:00,2023-06-15T00:00:00+00:00,2023-06-15T03:00:00+00:00,2023-06-15T06:00:00+00:00,2023-06-15T09:00:00+00:00
NIO_2023_BIPARJOY,BIPARJOY,2023,TEST,2023-06-15T18:00:00+00:00,23.3,68.6,60.0,980.0,SCS,2023-06-16T06:00:00+00:00,23.7,69.8,40.0,980.0,CS,2023-06-16T18:00:00+00:00,24.6,70.9,30.0,988.0,DD,2023-06-17T18:00:00+00:00,25.8,72.8,25.0,991.0,D,2023-06-15T03:00:00+00:00,2023-06-15T06:00:00+00:00,2023-06-15T09:00:00+00:00,2023-06-15T12:00:00+00:00,2023-06-15T15:00:00+00:00
NIO_2023_BIPARJOY,BIPARJOY,2023,TEST,2023-06-16T00:00:00+00:00,23.4,69.2,50.0,978.0,SCS,2023-06-16T12:00:00+00:00,24.2,70.3,35.0,986.0,CS,2023-06-17T00:00:00+00:00,24.7,71.2,30.0,988.0,DD,2023-06-18T00:00:00+00:00,26.0,73.3,25.0,991.0,D,2023-06-15T09:00:00+00:00,2023-06-15T12:00:00+00:00,2023-06-15T15:00:00+00:00,2023-06-15T18:00:00+00:00,2023-06-15T21:00:00+00:00
NIO_2023_BIPARJOY,BIPARJOY,2023,TEST,2023-06-16T03:00:00+00:00,23.5,69.5,45.0,978.0,CS,2023-06-16T15:00:00+00:00,24.5,70.7,35.0,987.0,CS,2023-06-17T03:00:00+00:00,25.0,71.5,30.0,988.0,DD,2023-06-18T03:00:00+00:00,26.2,73.8,25.0,992.0,D,2023-06-15T12:00:00+00:00,2023-06-15T15:00:00+00:00,2023-06-15T18:00:00+00:00,2023-06-15T21:00:00+00:00,2023-06-16T00:00:00+00:00
NIO_2023_BIPARJOY,BIPARJOY,2023,TEST,2023-06-16T06:00:00+00:00,23.7,69.8,40.0,980.0,CS,2023-06-16T18:00:00+00:00,24.6,70.9,30.0,988.0,DD,2023-06-17T06:00:00+00:00,25.3,71.9,30.0,989.0,DD,2023-06-18T06:00:00+00:00,26.3,74.0,25.0,994.0,D,2023-06-15T15:00:00+00:00,2023-06-15T18:00:00+00:00,2023-06-15T21:00:00+00:00,2023-06-16T00:00:00+00:00,2023-06-16T03:00:00+00:00
NIO_2023_BIPARJOY,BIPARJOY,2023,TEST,2023-06-16T12:00:00+00:00,24.2,70.3,35.0,986.0,CS,2023-06-17T00:00:00+00:00,24.7,71.2,30.0,988.0,DD,2023-06-17T12:00:00+00:00,25.6,72.5,25.0,990.0,D,2023-06-18T12:00:00+00:00,26.3,74.7,20.0,995.0,D,2023-06-15T21:00:00+00:00,2023-06-16T00:00:00+00:00,2023-06-16T03:00:00+00:00,2023-06-16T06:00:00+00:00,2023-06-16T09:00:00+00:00
NIO_2023_BIPARJOY,BIPARJOY,2023,TEST,2023-06-16T18:00:00+00:00,24.6,70.9,30.0,988.0,DD,2023-06-17T06:00:00+00:00,25.3,71.9,30.0,989.0,DD,2023-06-17T18:00:00+00:00,25.8,72.8,25.0,991.0,D,2023-06-18T18:00:00+00:00,26.3,75.2,20.0,995.0,D,2023-06-16T03:00:00+00:00,2023-06-16T06:00:00+00:00,2023-06-16T09:00:00+00:00,2023-06-16T12:00:00+00:00,2023-06-16T15:00:00+00:00
NIO_2023_BIPARJOY,BIPARJOY,2023,TEST,2023-06-17T00:00:00+00:00,24.7,71.2,30.0,988.0,DD,2023-06-17T12:00:00+00:00,25.6,72.5,25.0,990.0,D,2023-06-18T00:00:00+00:00,26.0,73.3,25.0,991.0,D,2023-06-19T00:00:00+00:00,26.3,76.0,20.0,995.0,D,2023-06-16T09:00:00+00:00,2023-06-16T12:00:00+00:00,2023-06-16T15:00:00+00:00,2023-06-16T18:00:00+00:00,2023-06-16T21:00:00+00:00
NIO_2023_HAMOON,HAMOON,2023,TEST,2023-10-21T21:00:00+00:00,14.8,86.3,25.0,1003.0,D,2023-10-22T09:00:00+00:00,15.6,86.2,25.0,1002.0,D,2023-10-22T21:00:00+00:00,16.4,86.6,30.0,1001.0,DD,2023-10-23T21:00:00+00:00,19.3,88.4,50.0,994.0,SCS,2023-10-21T06:00:00+00:00,2023-10-21T09:00:00+00:00,2023-10-21T12:00:00+00:00,2023-10-21T15:00:00+00:00,2023-10-21T18:00:00+00:00
NIO_2023_HAMOON,HAMOON,2023,TEST,2023-10-22T00:00:00+00:00,14.9,86.3,25.0,1003.0,D,2023-10-22T12:00:00+00:00,15.8,86.3,30.0,1001.0,DD,2023-10-23T00:00:00+00:00,16.7,86.7,30.0,1001.0,DD,2023-10-24T00:00:00+00:00,19.7,88.8,55.0,990.0,SCS,2023-10-21T09:00:00+00:00,2023-10-21T12:00:00+00:00,2023-10-21T15:00:00+00:00,2023-10-21T18:00:00+00:00,2023-10-21T21:00:00+00:00
NIO_2023_HAMOON,HAMOON,2023,TEST,2023-10-22T03:00:00+00:00,15.0,86.2,25.0,1003.0,D,2023-10-22T15:00:00+00:00,16.4,86.4,30.0,1001.0,DD,2023-10-23T03:00:00+00:00,17.0,86.8,30.0,1001.0,DD,2023-10-24T03:00:00+00:00,20.0,89.5,65.0,984.0,VSCS,2023-10-21T12:00:00+00:00,2023-10-21T15:00:00+00:00,2023-10-21T18:00:00+00:00,2023-10-21T21:00:00+00:00,2023-10-22T00:00:00+00:00
NIO_2023_HAMOON,HAMOON,2023,TEST,2023-10-22T06:00:00+00:00,15.3,86.2,25.0,1003.0,D,2023-10-22T18:00:00+00:00,16.4,86.5,30.0,1001.0,DD,2023-10-23T06:00:00+00:00,17.4,87.0,30.0,1000.0,DD,2023-10-24T06:00:00+00:00,20.3,90.0,65.0,985.0,VSCS,2023-10-21T15:00:00+00:00,2023-10-21T18:00:00+00:00,2023-10-21T21:00:00+00:00,2023-10-22T00:00:00+00:00,2023-10-22T03:00:00+00:00
NIO_2023_HAMOON,HAMOON,2023,TEST,2023-10-22T09:00:00+00:00,15.6,86.2,25.0,1002.0,D,2023-10-22T21:00:00+00:00,16.4,86.6,30.0,1001.0,DD,2023-10-23T09:00:00+00:00,17.9,87.2,30.0,1000.0,DD,2023-10-24T09:00:00+00:00,20.6,90.4,65.0,986.0,VSCS,2023-10-21T18:00:00+00:00,2023-10-21T21:00:00+00:00,2023-10-22T00:00:00+00:00,2023-10-22T03:00:00+00:00,2023-10-22T06:00:00+00:00
NIO_2023_HAMOON,HAMOON,2023,TEST,2023-10-22T12:00:00+00:00,15.8,86.3,30.0,1001.0,DD,2023-10-23T00:00:00+00:00,16.7,86.7,30.0,1001.0,DD,2023-10-23T12:00:00+00:00,18.3,87.3,35.0,999.0,CS,2023-10-24T12:00:00+00:00,20.8,90.8,55.0,989.0,SCS,2023-10-21T21:00:00+00:00,2023-10-22T00:00:00+00:00,2023-10-22T03:00:00+00:00,2023-10-22T06:00:00+00:00,2023-10-22T09:00:00+00:00
NIO_2023_HAMOON,HAMOON,2023,TEST,2023-10-22T15:00:00+00:00,16.4,86.4,30.0,1001.0,DD,2023-10-23T03:00:00+00:00,17.0,86.8,30.0,1001.0,DD,2023-10-23T15:00:00+00:00,18.7,87.6,40.0,998.0,CS,2023-10-24T15:00:00+00:00,21.3,91.3,55.0,990.0,SCS,2023-10-22T00:00:00+00:00,2023-10-22T03:00:00+00:00,2023-10-22T06:00:00+00:00,2023-10-22T09:00:00+00:00,2023-10-22T12:00:00+00:00
NIO_2023_HAMOON,HAMOON,2023,TEST,2023-10-22T18:00:00+00:00,16.4,86.5,30.0,1001.0,DD,2023-10-23T06:00:00+00:00,17.4,87.0,30.0,1000.0,DD,2023-10-23T18:00:00+00:00,19.1,88.0,40.0,998.0,CS,2023-10-24T18:00:00+00:00,21.6,91.6,50.0,994.0,SCS,2023-10-22T03:00:00+00:00,2023-10-22T06:00:00+00:00,2023-10-22T09:00:00+00:00,2023-10-22T12:00:00+00:00,2023-10-22T15:00:00+00:00
NIO_2023_HAMOON,HAMOON,2023,TEST,2023-10-23T00:00:00+00:00,16.7,86.7,30.0,1001.0,DD,2023-10-23T12:00:00+00:00,18.3,87.3,35.0,999.0,CS,2023-10-24T00:00:00+00:00,19.7,88.8,55.0,990.0,SCS,2023-10-25T00:00:00+00:00,22.2,92.2,35.0,999.0,CS,2023-10-22T09:00:00+00:00,2023-10-22T12:00:00+00:00,2023-10-22T15:00:00+00:00,2023-10-22T18:00:00+00:00,2023-10-22T21:00:00+00:00
NIO_2023_HAMOON,HAMOON,2023,TEST,2023-10-23T03:00:00+00:00,17.0,86.8,30.0,1001.0,DD,2023-10-23T15:00:00+00:00,18.7,87.6,40.0,998.0,CS,2023-10-24T03:00:00+00:00,20.0,89.5,65.0,984.0,VSCS,2023-10-25T03:00:00+00:00,22.4,92.4,30.0,1003.0,DD,2023-10-22T12:00:00+00:00,2023-10-22T15:00:00+00:00,2023-10-22T18:00:00+00:00,2023-10-22T21:00:00+00:00,2023-10-23T00:00:00+00:00
NIO_2023_HAMOON,HAMOON,2023,TEST,2023-10-23T06:00:00+00:00,17.4,87.0,30.0,1000.0,DD,2023-10-23T18:00:00+00:00,19.1,88.0,40.0,998.0,CS,2023-10-24T06:00:00+00:00,20.3,90.0,65.0,985.0,VSCS,2023-10-25T06:00:00+00:00,22.7,92.7,25.0,1004.0,D,2023-10-22T15:00:00+00:00,2023-10-22T18:00:00+00:00,2023-10-22T21:00:00+00:00,2023-10-23T00:00:00+00:00,2023-10-23T03:00:00+00:00
NIO_2023_MICHAUNG,MICHAUNG,2023,TEST,2023-12-01T00:00:00+00:00,9.1,86.4,20.0,1002.0,D,2023-12-01T12:00:00+00:00,10.0,85.7,25.0,1001.0,D,2023-12-02T00:00:00+00:00,10.5,84.1,30.0,998.0,DD,2023-12-03T00:00:00+00:00,11.4,82.5,35.0,995.0,CS,2023-11-30T09:00:00+00:00,2023-11-30T12:00:00+00:00,2023-11-30T15:00:00+00:00,2023-11-30T18:00:00+00:00,2023-11-30T21:00:00+00:00
NIO_2023_MICHAUNG,MICHAUNG,2023,TEST,2023-12-01T06:00:00+00:00,9.5,86.0,25.0,1002.0,D,2023-12-01T18:00:00+00:00,10.3,85.1,25.0,1000.0,D,2023-12-02T06:00:00+00:00,10.7,83.2,30.0,997.0,DD,2023-12-03T06:00:00+00:00,11.8,82.2,35.0,995.0,CS,2023-11-30T15:00:00+00:00,2023-11-30T18:00:00+00:00,2023-11-30T21:00:00+00:00,2023-12-01T00:00:00+00:00,2023-12-01T03:00:00+00:00
NIO_2023_MICHAUNG,MICHAUNG,2023,TEST,2023-12-01T12:00:00+00:00,10.0,85.7,25.0,1001.0,D,2023-12-02T00:00:00+00:00,10.5,84.1,30.0,998.0,DD,2023-12-02T12:00:00+00:00,10.9,83.1,30.0,997.0,DD,2023-12-03T12:00:00+00:00,12.2,82.0,35.0,995.0,CS,2023-11-30T21:00:00+00:00,2023-12-01T00:00:00+00:00,2023-12-01T03:00:00+00:00,2023-12-01T06:00:00+00:00,2023-12-01T09:00:00+00:00
NIO_2023_MICHAUNG,MICHAUNG,2023,TEST,2023-12-01T18:00:00+00:00,10.3,85.1,25.0,1000.0,D,2023-12-02T06:00:00+00:00,10.7,83.2,30.0,997.0,DD,2023-12-02T18:00:00+00:00,11.1,82.7,30.0,996.0,DD,2023-12-03T18:00:00+00:00,12.8,81.6,45.0,992.0,CS,2023-12-01T03:00:00+00:00,2023-12-01T06:00:00+00:00,2023-12-01T09:00:00+00:00,2023-12-01T12:00:00+00:00,2023-12-01T15:00:00+00:00
NIO_2023_MICHAUNG,MICHAUNG,2023,TEST,2023-12-02T00:00:00+00:00,10.5,84.1,30.0,998.0,DD,2023-12-02T12:00:00+00:00,10.9,83.1,30.0,997.0,DD,2023-12-03T00:00:00+00:00,11.4,82.5,35.0,995.0,CS,2023-12-04T00:00:00+00:00,13.1,81.2,45.0,992.0,CS,2023-12-01T09:00:00+00:00,2023-12-01T12:00:00+00:00,2023-12-01T15:00:00+00:00,2023-12-01T18:00:00+00:00,2023-12-01T21:00:00+00:00
NIO_2023_MICHAUNG,MICHAUNG,2023,TEST,2023-12-02T06:00:00+00:00,10.7,83.2,30.0,997.0,DD,2023-12-02T18:00:00+00:00,11.1,82.7,30.0,996.0,DD,2023-12-03T06:00:00+00:00,11.8,82.2,35.0,995.0,CS,2023-12-04T06:00:00+00:00,13.5,80.8,50.0,988.0,SCS,2023-12-01T15:00:00+00:00,2023-12-01T18:00:00+00:00,2023-12-01T21:00:00+00:00,2023-12-02T00:00:00+00:00,2023-12-02T03:00:00+00:00
NIO_2023_MICHAUNG,MICHAUNG,2023,TEST,2023-12-02T12:00:00+00:00,10.9,83.1,30.0,997.0,DD,2023-12-03T00:00:00+00:00,11.4,82.5,35.0,995.0,CS,2023-12-03T12:00:00+00:00,12.2,82.0,35.0,995.0,CS,2023-12-04T12:00:00+00:00,14.0,80.5,55.0,986.0,SCS,2023-12-01T21:00:00+00:00,2023-12-02T00:00:00+00:00,2023-12-02T03:00:00+00:00,2023-12-02T06:00:00+00:00,2023-12-02T09:00:00+00:00
NIO_2023_MICHAUNG,MICHAUNG,2023,TEST,2023-12-02T18:00:00+00:00,11.1,82.7,30.0,996.0,DD,2023-12-03T06:00:00+00:00,11.8,82.2,35.0,995.0,CS,2023-12-03T18:00:00+00:00,12.8,81.6,45.0,992.0,CS,2023-12-04T18:00:00+00:00,14.5,80.3,50.0,988.0,SCS,2023-12-02T03:00:00+00:00,2023-12-02T06:00:00+00:00,2023-12-02T09:00:00+00:00,2023-12-02T12:00:00+00:00,2023-12-02T15:00:00+00:00
NIO_2023_MICHAUNG,MICHAUNG,2023,TEST,2023-12-03T00:00:00+00:00,11.4,82.5,35.0,995.0,CS,2023-12-03T12:00:00+00:00,12.2,82.0,35.0,995.0,CS,2023-12-04T00:00:00+00:00,13.1,81.2,45.0,992.0,CS,2023-12-05T00:00:00+00:00,14.9,80.2,50.0,988.0,SCS,2023-12-02T09:00:00+00:00,2023-12-02T12:00:00+00:00,2023-12-02T15:00:00+00:00,2023-12-02T18:00:00+00:00,2023-12-02T21:00:00+00:00
NIO_2023_MICHAUNG,MICHAUNG,2023,TEST,2023-12-03T03:00:00+00:00,11.5,82.4,35.0,995.0,CS,2023-12-03T15:00:00+00:00,12.4,81.9,40.0,994.0,CS,2023-12-04T03:00:00+00:00,13.3,81.0,50.0,988.0,SCS,2023-12-05T03:00:00+00:00,15.2,80.2,50.0,988.0,SCS,2023-12-02T12:00:00+00:00,2023-12-02T15:00:00+00:00,2023-12-02T18:00:00+00:00,2023-12-02T21:00:00+00:00,2023-12-03T00:00:00+00:00
NIO_2023_MICHAUNG,MICHAUNG,2023,TEST,2023-12-03T06:00:00+00:00,11.8,82.2,35.0,995.0,CS,2023-12-03T18:00:00+00:00,12.8,81.6,45.0,992.0,CS,2023-12-04T06:00:00+00:00,13.5,80.8,50.0,988.0,SCS,2023-12-05T06:00:00+00:00,15.5,80.3,50.0,988.0,SCS,2023-12-02T15:00:00+00:00,2023-12-02T18:00:00+00:00,2023-12-02T21:00:00+00:00,2023-12-03T00:00:00+00:00,2023-12-03T03:00:00+00:00
NIO_2023_MICHAUNG,MICHAUNG,2023,TEST,2023-12-03T09:00:00+00:00,12.0,82.1,35.0,995.0,CS,2023-12-03T21:00:00+00:00,13.0,81.4,45.0,992.0,CS,2023-12-04T09:00:00+00:00,13.7,80.7,50.0,988.0,SCS,2023-12-05T09:00:00+00:00,15.8,80.3,50.0,990.0,SCS,2023-12-02T18:00:00+00:00,2023-12-02T21:00:00+00:00,2023-12-03T00:00:00+00:00,2023-12-03T03:00:00+00:00,2023-12-03T06:00:00+00:00
NIO_2023_MICHAUNG,MICHAUNG,2023,TEST,2023-12-03T12:00:00+00:00,12.2,82.0,35.0,995.0,CS,2023-12-04T00:00:00+00:00,13.1,81.2,45.0,992.0,CS,2023-12-04T12:00:00+00:00,14.0,80.5,55.0,986.0,SCS,2023-12-05T12:00:00+00:00,16.0,80.3,40.0,996.0,CS,2023-12-02T21:00:00+00:00,2023-12-03T00:00:00+00:00,2023-12-03T03:00:00+00:00,2023-12-03T06:00:00+00:00,2023-12-03T09:00:00+00:00
NIO_2023_MICHAUNG,MICHAUNG,2023,TEST,2023-12-03T15:00:00+00:00,12.4,81.9,40.0,994.0,CS,2023-12-04T03:00:00+00:00,13.3,81.0,50.0,988.0,SCS,2023-12-04T15:00:00+00:00,14.3,80.4,55.0,986.0,SCS,2023-12-05T15:00:00+00:00,16.4,80.4,35.0,998.0,CS,2023-12-03T00:00:00+00:00,2023-12-03T03:00:00+00:00,2023-12-03T06:00:00+00:00,2023-12-03T09:00:00+00:00,2023-12-03T12:00:00+00:00
NIO_2023_MICHAUNG,MICHAUNG,2023,TEST,2023-12-03T18:00:00+00:00,12.8,81.6,45.0,992.0,CS,2023-12-04T06:00:00+00:00,13.5,80.8,50.0,988.0,SCS,2023-12-04T18:00:00+00:00,14.5,80.3,50.0,988.0,SCS,2023-12-05T18:00:00+00:00,16.8,80.4,30.0,1000.0,DD,2023-12-03T03:00:00+00:00,2023-12-03T06:00:00+00:00,2023-12-03T09:00:00+00:00,2023-12-03T12:00:00+00:00,2023-12-03T15:00:00+00:00
NIO_2023_MICHAUNG,MICHAUNG,2023,TEST,2023-12-04T00:00:00+00:00,13.1,81.2,45.0,992.0,CS,2023-12-04T12:00:00+00:00,14.0,80.5,55.0,986.0,SCS,2023-12-05T00:00:00+00:00,14.9,80.2,50.0,988.0,SCS,2023-12-06T00:00:00+00:00,17.4,80.5,20.0,1004.0,D,2023-12-03T09:00:00+00:00,2023-12-03T12:00:00+00:00,2023-12-03T15:00:00+00:00,2023-12-03T18:00:00+00:00,2023-12-03T21:00:00+00:00
NIO_2023_MIDHILI,MIDHILI,2023,TEST,2023-11-15T06:00:00+00:00,14.7,86.6,25.0,1006.0,D,2023-11-15T18:00:00+00:00,16.0,86.4,25.0,1006.0,D,2023-11-16T06:00:00+00:00,17.9,87.3,30.0,1004.0,DD,2023-11-17T06:00:00+00:00,21.2,89.5,45.0,998.0,CS,2023-11-14T15:00:00+00:00,2023-11-14T18:00:00+00:00,2023-11-14T21:00:00+00:00,2023-11-15T00:00:00+00:00,2023-11-15T03:00:00+00:00
NIO_2023_MIDHILI,MIDHILI,2023,TEST,2023-11-15T12:00:00+00:00,15.3,86.4,25.0,1006.0,D,2023-11-16T00:00:00+00:00,16.9,86.8,30.0,1004.0,DD,2023-11-16T12:00:00+00:00,18.6,87.7,30.0,1004.0,DD,2023-11-17T12:00:00+00:00,22.8,90.8,35.0,1000.0,CS,2023-11-14T21:00:00+00:00,2023-11-15T00:00:00+00:00,2023-11-15T03:00:00+00:00,2023-11-15T06:00:00+00:00,2023-11-15T09:00:00+00:00
NIO_2023_MIDHILI,MIDHILI,2023,TEST,2023-11-15T18:00:00+00:00,16.0,86.4,25.0,1006.0,D,2023-11-16T06:00:00+00:00,17.9,87.3,30.0,1004.0,DD,2023-11-16T18:00:00+00:00,19.1,88.0,30.0,1004.0,DD,2023-11-17T18:00:00+00:00,23.3,91.3,30.0,1010.0,DD,2023-11-15T03:00:00+00:00,2023-11-15T06:00:00+00:00,2023-11-15T09:00:00+00:00,2023-11-15T12:00:00+00:00,2023-11-15T15:00:00+00:00
NIO_2023_MIDHILI,MIDHILI,2023,TEST,2023-11-16T00:00:00+00:00,16.9,86.8,30.0,1004.0,DD,2023-11-16T12:00:00+00:00,18.6,87.7,30.0,1004.0,DD,2023-11-17T00:00:00+00:00,20.1,88.5,35.0,1002.0,CS,2023-11-18T00:00:00+00:00,23.7,91.7,20.0,1010.0,D,2023-11-15T09:00:00+00:00,2023-11-15T12:00:00+00:00,2023-11-15T15:00:00+00:00,2023-11-15T18:00:00+00:00,2023-11-15T21:00:00+00:00
NIO_2023_MOCHA,MOCHA,2023,TEST,2023-05-09T12:00:00+00:00,8.3,89.5,25.0,1002.0,D,2023-05-10T00:00:00+00:00,8.5,89.0,30.0,1000.0,DD,2023-05-10T12:00:00+00:00,10.0,88.4,30.0,998.0,DD,2023-05-11T12:00:00+00:00,12.3,88.0,50.0,994.0,SCS,2023-05-08T21:00:00+00:00,2023-05-09T00:00:00+00:00,2023-05-09T03:00:00+00:00,2023-05-09T06:00:00+00:00,2023-05-09T09:00:00+00:00
NIO_2023_MOCHA,MOCHA,2023,TEST,2023-05-09T18:00:00+00:00,8.5,89.3,25.0,1002.0,D,2023-05-10T06:00:00+00:00,9.1,88.7,30.0,999.0,DD,2023-05-10T18:00:00+00:00,10.8,88.2,30.0,998.0,DD,2023-05-11T18:00:00+00:00,12.7,88.1,50.0,992.0,SCS,2023-05-09T03:00:00+00:00,2023-05-09T06:00:00+00:00,2023-05-09T09:00:00+00:00,2023-05-09T12:00:00+00:00,2023-05-09T15:00:00+00:00
NIO_2023_MOCHA,MOCHA,2023,TEST,2023-05-10T00:00:00+00:00,8.5,89.0,30.0,1000.0,DD,2023-05-10T12:00:00+00:00,10.0,88.4,30.0,998.0,DD,2023-05-11T00:00:00+00:00,11.2,88.1,35.0,997.0,CS,2023-05-12T00:00:00+00:00,13.2,88.1,65.0,982.0,VSCS,2023-05-09T09:00:00+00:00,2023-05-09T12:00:00+00:00,2023-05-09T15:00:00+00:00,2023-05-09T18:00:00+00:00,2023-05-09T21:00:00+00:00
NIO_2023_MOCHA,MOCHA,2023,TEST,2023-05-10T06:00:00+00:00,9.1,88.7,30.0,999.0,DD,2023-05-10T18:00:00+00:00,10.8,88.2,30.0,998.0,DD,2023-05-11T06:00:00+00:00,11.6,88.0,45.0,996.0,CS,2023-05-12T06:00:00+00:00,14.0,88.3,75.0,974.0,VSCS,2023-05-09T15:00:00+00:00,2023-05-09T18:00:00+00:00,2023-05-09T21:00:00+00:00,2023-05-10T00:00:00+00:00,2023-05-10T03:00:00+00:00
NIO_2023_MOCHA,MOCHA,2023,TEST,2023-05-10T12:00:00+00:00,10.0,88.4,30.0,998.0,DD,2023-05-11T00:00:00+00:00,11.2,88.1,35.0,997.0,CS,2023-05-11T12:00:00+00:00,12.3,88.0,50.0,994.0,SCS,2023-05-12T12:00:00+00:00,14.6,88.6,80.0,972.0,VSCS,2023-05-09T21:00:00+00:00,2023-05-10T00:00:00+00:00,2023-05-10T03:00:00+00:00,2023-05-10T06:00:00+00:00,2023-05-10T09:00:00+00:00
NIO_2023_MOCHA,MOCHA,2023,TEST,2023-05-10T18:00:00+00:00,10.8,88.2,30.0,998.0,DD,2023-05-11T06:00:00+00:00,11.6,88.0,45.0,996.0,CS,2023-05-11T18:00:00+00:00,12.7,88.1,50.0,992.0,SCS,2023-05-12T18:00:00+00:00,15.1,88.8,90.0,964.0,ESCS,2023-05-10T03:00:00+00:00,2023-05-10T06:00:00+00:00,2023-05-10T09:00:00+00:00,2023-05-10T12:00:00+00:00,2023-05-10T15:00:00+00:00
NIO_2023_MOCHA,MOCHA,2023,TEST,2023-05-11T00:00:00+00:00,11.2,88.1,35.0,997.0,CS,2023-05-11T12:00:00+00:00,12.3,88.0,50.0,994.0,SCS,2023-05-12T00:00:00+00:00,13.2,88.1,65.0,982.0,VSCS,2023-05-13T00:00:00+00:00,15.4,89.1,100.0,952.0,ESCS,2023-05-10T09:00:00+00:00,2023-05-10T12:00:00+00:00,2023-05-10T15:00:00+00:00,2023-05-10T18:00:00+00:00,2023-05-10T21:00:00+00:00
NIO_2023_MOCHA,MOCHA,2023,TEST,2023-05-11T03:00:00+00:00,11.4,88.0,35.0,996.0,CS,2023-05-11T15:00:00+00:00,12.5,88.1,50.0,992.0,SCS,2023-05-12T03:00:00+00:00,13.6,88.2,65.0,982.0,VSCS,2023-05-13T03:00:00+00:00,15.7,89.5,100.0,952.0,ESCS,2023-05-10T12:00:00+00:00,2023-05-10T15:00:00+00:00,2023-05-10T18:00:00+00:00,2023-05-10T21:00:00+00:00,2023-05-11T00:00:00+00:00
NIO_2023_MOCHA,MOCHA,2023,TEST,2023-05-11T06:00:00+00:00,11.6,88.0,45.0,996.0,CS,2023-05-11T18:00:00+00:00,12.7,88.1,50.0,992.0,SCS,2023-05-12T06:00:00+00:00,14.0,88.3,75.0,974.0,VSCS,2023-05-13T06:00:00+00:00,16.0,90.0,105.0,950.0,ESCS,2023-05-10T15:00:00+00:00,2023-05-10T18:00:00+00:00,2023-05-10T21:00:00+00:00,2023-05-11T00:00:00+00:00,2023-05-11T03:00:00+00:00
NIO_2023_MOCHA,MOCHA,2023,TEST,2023-05-11T09:00:00+00:00,11.8,88.0,45.0,996.0,CS,2023-05-11T21:00:00+00:00,12.9,88.1,60.0,986.0,SCS,2023-05-12T09:00:00+00:00,14.3,88.4,75.0,974.0,VSCS,2023-05-13T09:00:00+00:00,16.4,90.3,105.0,950.0,ESCS,2023-05-10T18:00:00+00:00,2023-05-10T21:00:00+00:00,2023-05-11T00:00:00+00:00,2023-05-11T03:00:00+00:00,2023-05-11T06:00:00+00:00
NIO_2023_MOCHA,MOCHA,2023,TEST,2023-05-11T12:00:00+00:00,12.3,88.0,50.0,994.0,SCS,2023-05-12T00:00:00+00:00,13.2,88.1,65.0,982.0,VSCS,2023-05-12T12:00:00+00:00,14.6,88.6,80.0,972.0,VSCS,2023-05-13T12:00:00+00:00,16.9,90.8,110.0,944.0,ESCS,2023-05-10T21:00:00+00:00,2023-05-11T00:00:00+00:00,2023-05-11T03:00:00+00:00,2023-05-11T06:00:00+00:00,2023-05-11T09:00:00+00:00
NIO_2023_MOCHA,MOCHA,2023,TEST,2023-05-11T18:00:00+00:00,12.7,88.1,50.0,992.0,SCS,2023-05-12T06:00:00+00:00,14.0,88.3,75.0,974.0,VSCS,2023-05-12T18:00:00+00:00,15.1,88.8,90.0,964.0,ESCS,2023-05-13T18:00:00+00:00,17.9,91.0,115.0,938.0,ESCS,2023-05-11T03:00:00+00:00,2023-05-11T06:00:00+00:00,2023-05-11T09:00:00+00:00,2023-05-11T12:00:00+00:00,2023-05-11T15:00:00+00:00
NIO_2023_MOCHA,MOCHA,2023,TEST,2023-05-11T21:00:00+00:00,12.9,88.1,60.0,986.0,SCS,2023-05-12T09:00:00+00:00,14.3,88.4,75.0,974.0,VSCS,2023-05-12T21:00:00+00:00,15.2,88.9,90.0,964.0,ESCS,2023-05-13T21:00:00+00:00,18.3,91.3,115.0,938.0,ESCS,2023-05-11T06:00:00+00:00,2023-05-11T09:00:00+00:00,2023-05-11T12:00:00+00:00,2023-05-11T15:00:00+00:00,2023-05-11T18:00:00+00:00
NIO_2023_MOCHA,MOCHA,2023,TEST,2023-05-12T00:00:00+00:00,13.2,88.1,65.0,982.0,VSCS,2023-05-12T12:00:00+00:00,14.6,88.6,80.0,972.0,VSCS,2023-05-13T00:00:00+00:00,15.4,89.1,100.0,952.0,ESCS,2023-05-14T00:00:00+00:00,18.7,91.5,115.0,938.0,ESCS,2023-05-11T09:00:00+00:00,2023-05-11T12:00:00+00:00,2023-05-11T15:00:00+00:00,2023-05-11T18:00:00+00:00,2023-05-11T21:00:00+00:00
NIO_2023_MOCHA,MOCHA,2023,TEST,2023-05-12T06:00:00+00:00,14.0,88.3,75.0,974.0,VSCS,2023-05-12T18:00:00+00:00,15.1,88.8,90.0,964.0,ESCS,2023-05-13T06:00:00+00:00,16.0,90.0,105.0,950.0,ESCS,2023-05-14T06:00:00+00:00,19.9,92.5,100.0,952.0,ESCS,2023-05-11T15:00:00+00:00,2023-05-11T18:00:00+00:00,2023-05-11T21:00:00+00:00,2023-05-12T00:00:00+00:00,2023-05-12T03:00:00+00:00
NIO_2023_MOCHA,MOCHA,2023,TEST,2023-05-12T09:00:00+00:00,14.3,88.4,75.0,974.0,VSCS,2023-05-12T21:00:00+00:00,15.2,88.9,90.0,964.0,ESCS,2023-05-13T09:00:00+00:00,16.4,90.3,105.0,950.0,ESCS,2023-05-14T09:00:00+00:00,20.5,92.9,90.0,964.0,ESCS,2023-05-11T18:00:00+00:00,2023-05-11T21:00:00+00:00,2023-05-12T00:00:00+00:00,2023-05-12T03:00:00+00:00,2023-05-12T06:00:00+00:00
NIO_2023_MOCHA,MOCHA,2023,TEST,2023-05-12T12:00:00+00:00,14.6,88.6,80.0,972.0,VSCS,2023-05-13T00:00:00+00:00,15.4,89.1,100.0,952.0,ESCS,2023-05-13T12:00:00+00:00,16.9,90.8,110.0,944.0,ESCS,2023-05-14T12:00:00+00:00,21.1,93.3,75.0,974.0,VSCS,2023-05-11T21:00:00+00:00,2023-05-12T00:00:00+00:00,2023-05-12T03:00:00+00:00,2023-05-12T06:00:00+00:00,2023-05-12T09:00:00+00:00
NIO_2023_MOCHA,MOCHA,2023,TEST,2023-05-12T18:00:00+00:00,15.1,88.8,90.0,964.0,ESCS,2023-05-13T06:00:00+00:00,16.0,90.0,105.0,950.0,ESCS,2023-05-13T18:00:00+00:00,17.9,91.0,115.0,938.0,ESCS,2023-05-14T18:00:00+00:00,22.7,94.6,50.0,992.0,SCS,2023-05-12T03:00:00+00:00,2023-05-12T06:00:00+00:00,2023-05-12T09:00:00+00:00,2023-05-12T12:00:00+00:00,2023-05-12T15:00:00+00:00
NIO_2023_MOCHA,MOCHA,2023,TEST,2023-05-12T21:00:00+00:00,15.2,88.9,90.0,964.0,ESCS,2023-05-13T09:00:00+00:00,16.4,90.3,105.0,950.0,ESCS,2023-05-13T21:00:00+00:00,18.3,91.3,115.0,938.0,ESCS,2023-05-14T21:00:00+00:00,23.5,95.3,35.0,996.0,CS,2023-05-12T06:00:00+00:00,2023-05-12T09:00:00+00:00,2023-05-12T12:00:00+00:00,2023-05-12T15:00:00+00:00,2023-05-12T18:00:00+00:00
NIO_2023_MOCHA,MOCHA,2023,TEST,2023-05-13T00:00:00+00:00,15.4,89.1,100.0,952.0,ESCS,2023-05-13T12:00:00+00:00,16.9,90.8,110.0,944.0,ESCS,2023-05-14T00:00:00+00:00,18.7,91.5,115.0,938.0,ESCS,2023-05-15T00:00:00+00:00,23.9,97.8,25.0,1000.0,D,2023-05-12T09:00:00+00:00,2023-05-12T12:00:00+00:00,2023-05-12T15:00:00+00:00,2023-05-12T18:00:00+00:00,2023-05-12T21:00:00+00:00
NIO_2023_TEJ,TEJ,2023,TEST,2023-10-20T06:00:00+00:00,9.3,61.5,25.0,1004.0,D,2023-10-20T18:00:00+00:00,9.5,60.7,30.0,1002.0,DD,2023-10-21T06:00:00+00:00,10.3,58.4,50.0,996.0,SCS,2023-10-22T06:00:00+00:00,12.7,55.1,95.0,964.0,ESCS,2023-10-19T15:00:00+00:00,2023-10-19T18:00:00+00:00,2023-10-19T21:00:00+00:00,2023-10-20T00:00:00+00:00,2023-10-20T03:00:00+00:00
NIO_2023_TEJ,TEJ,2023,TEST,2023-10-20T12:00:00+00:00,9.4,61.3,30.0,1003.0,DD,2023-10-21T00:00:00+00:00,9.9,59.4,35.0,1001.0,CS,2023-10-21T12:00:00+00:00,10.6,57.4,55.0,992.0,SCS,2023-10-22T12:00:00+00:00,13.3,54.4,95.0,964.0,ESCS,2023-10-19T21:00:00+00:00,2023-10-20T00:00:00+00:00,2023-10-20T03:00:00+00:00,2023-10-20T06:00:00+00:00,2023-10-20T09:00:00+00:00
NIO_2023_TEJ,TEJ,2023,TEST,2023-10-20T18:00:00+00:00,9.5,60.7,30.0,1002.0,DD,2023-10-21T06:00:00+00:00,10.3,58.4,50.0,996.0,SCS,2023-10-21T18:00:00+00:00,11.3,56.6,75.0,980.0,VSCS,2023-10-22T18:00:00+00:00,13.8,53.9,95.0,964.0,ESCS,2023-10-20T03:00:00+00:00,2023-10-20T06:00:00+00:00,2023-10-20T09:00:00+00:00,2023-10-20T12:00:00+00:00,2023-10-20T15:00:00+00:00
NIO_2023_TEJ,TEJ,2023,TEST,2023-10-21T00:00:00+00:00,9.9,59.4,35.0,1001.0,CS,2023-10-21T12:00:00+00:00,10.6,57.4,55.0,992.0,SCS,2023-10-22T00:00:00+00:00,12.0,56.0,85.0,972.0,VSCS,2023-10-23T00:00:00+00:00,14.4,53.5,90.0,968.0,ESCS,2023-10-20T09:00:00+00:00,2023-10-20T12:00:00+00:00,2023-10-20T15:00:00+00:00,2023-10-20T18:00:00+00:00,2023-10-20T21:00:00+00:00
NIO_2023_TEJ,TEJ,2023,TEST,2023-10-21T03:00:00+00:00,10.1,58.8,45.0,998.0,CS,2023-10-21T15:00:00+00:00,11.1,57.0,65.0,988.0,VSCS,2023-10-22T03:00:00+00:00,12.3,55.4,95.0,964.0,ESCS,2023-10-23T03:00:00+00:00,14.7,53.2,85.0,972.0,VSCS,2023-10-20T12:00:00+00:00,2023-10-20T15:00:00+00:00,2023-10-20T18:00:00+00:00,2023-10-20T21:00:00+00:00,2023-10-21T00:00:00+00:00
NIO_2023_TEJ,TEJ,2023,TEST,2023-10-21T06:00:00+00:00,10.3,58.4,50.0,996.0,SCS,2023-10-21T18:00:00+00:00,11.3,56.6,75.0,980.0,VSCS,2023-10-22T06:00:00+00:00,12.7,55.1,95.0,964.0,ESCS,2023-10-23T06:00:00+00:00,15.0,52.9,80.0,976.0,VSCS,2023-10-20T15:00:00+00:00,2023-10-20T18:00:00+00:00,2023-10-20T21:00:00+00:00,2023-10-21T00:00:00+00:00,2023-10-21T03:00:00+00:00
NIO_2023_TEJ,TEJ,2023,TEST,2023-10-21T09:00:00+00:00,10.2,57.9,55.0,995.0,SCS,2023-10-21T21:00:00+00:00,11.7,56.1,80.0,976.0,VSCS,2023-10-22T09:00:00+00:00,12.9,54.7,95.0,964.0,ESCS,2023-10-23T09:00:00+00:00,15.1,52.8,80.0,978.0,VSCS,2023-10-20T18:00:00+00:00,2023-10-20T21:00:00+00:00,2023-10-21T00:00:00+00:00,2023-10-21T03:00:00+00:00,2023-10-21T06:00:00+00:00
NIO_2023_TEJ,TEJ,2023,TEST,2023-10-21T12:00:00+00:00,10.6,57.4,55.0,992.0,SCS,2023-10-22T00:00:00+00:00,12.0,56.0,85.0,972.0,VSCS,2023-10-22T12:00:00+00:00,13.3,54.4,95.0,964.0,ESCS,2023-10-23T12:00:00+00:00,15.4,52.7,75.0,981.0,VSCS,2023-10-20T21:00:00+00:00,2023-10-21T00:00:00+00:00,2023-10-21T03:00:00+00:00,2023-10-21T06:00:00+00:00,2023-10-21T09:00:00+00:00
NIO_2023_TEJ,TEJ,2023,TEST,2023-10-21T15:00:00+00:00,11.1,57.0,65.0,988.0,VSCS,2023-10-22T03:00:00+00:00,12.3,55.4,95.0,964.0,ESCS,2023-10-22T15:00:00+00:00,13.6,54.1,95.0,964.0,ESCS,2023-10-23T15:00:00+00:00,15.6,52.5,70.0,984.0,VSCS,2023-10-21T00:00:00+00:00,2023-10-21T03:00:00+00:00,2023-10-21T06:00:00+00:00,2023-10-21T09:00:00+00:00,2023-10-21T12:00:00+00:00
NIO_2023_TEJ,TEJ,2023,TEST,2023-10-21T18:00:00+00:00,11.3,56.6,75.0,980.0,VSCS,2023-10-22T06:00:00+00:00,12.7,55.1,95.0,964.0,ESCS,2023-10-22T18:00:00+00:00,13.8,53.9,95.0,964.0,ESCS,2023-10-23T18:00:00+00:00,15.8,52.3,70.0,986.0,VSCS,2023-10-21T03:00:00+00:00,2023-10-21T06:00:00+00:00,2023-10-21T09:00:00+00:00,2023-10-21T12:00:00+00:00,2023-10-21T15:00:00+00:00
NIO_2023_TEJ,TEJ,2023,TEST,2023-10-21T21:00:00+00:00,11.7,56.1,80.0,976.0,VSCS,2023-10-22T09:00:00+00:00,12.9,54.7,95.0,964.0,ESCS,2023-10-22T21:00:00+00:00,14.1,53.6,95.0,966.0,ESCS,2023-10-23T21:00:00+00:00,15.9,52.2,65.0,988.0,VSCS,2023-10-21T06:00:00+00:00,2023-10-21T09:00:00+00:00,2023-10-21T12:00:00+00:00,2023-10-21T15:00:00+00:00,2023-10-21T18:00:00+00:00
NIO_2023_TEJ,TEJ,2023,TEST,2023-10-22T00:00:00+00:00,12.0,56.0,85.0,972.0,VSCS,2023-10-22T12:00:00+00:00,13.3,54.4,95.0,964.0,ESCS,2023-10-23T00:00:00+00:00,14.4,53.5,90.0,968.0,ESCS,2023-10-24T00:00:00+00:00,15.9,52.1,60.0,990.0,SCS,2023-10-21T09:00:00+00:00,2023-10-21T12:00:00+00:00,2023-10-21T15:00:00+00:00,2023-10-21T18:00:00+00:00,2023-10-21T21:00:00+00:00
NIO_2023_TEJ,TEJ,2023,TEST,2023-10-22T03:00:00+00:00,12.3,55.4,95.0,964.0,ESCS,2023-10-22T15:00:00+00:00,13.6,54.1,95.0,964.0,ESCS,2023-10-23T03:00:00+00:00,14.7,53.2,85.0,972.0,VSCS,2023-10-24T03:00:00+00:00,16.0,51.8,50.0,996.0,SCS,2023-10-21T12:00:00+00:00,2023-10-21T15:00:00+00:00,2023-10-21T18:00:00+00:00,2023-10-21T21:00:00+00:00,2023-10-22T00:00:00+00:00
NIO_2023_TEJ,TEJ,2023,TEST,2023-10-22T06:00:00+00:00,12.7,55.1,95.0,964.0,ESCS,2023-10-22T18:00:00+00:00,13.8,53.9,95.0,964.0,ESCS,2023-10-23T06:00:00+00:00,15.0,52.9,80.0,976.0,VSCS,2023-10-24T06:00:00+00:00,16.1,51.5,40.0,1000.0,CS,2023-10-21T15:00:00+00:00,2023-10-21T18:00:00+00:00,2023-10-21T21:00:00+00:00,2023-10-22T00:00:00+00:00,2023-10-22T03:00:00+00:00
NIO_2023_TEJ,TEJ,2023,TEST,2023-10-22T09:00:00+00:00,12.9,54.7,95.0,964.0,ESCS,2023-10-22T21:00:00+00:00,14.1,53.6,95.0,966.0,ESCS,2023-10-23T09:00:00+00:00,15.1,52.8,80.0,978.0,VSCS,2023-10-24T09:00:00+00:00,16.1,51.3,30.0,1002.0,DD,2023-10-21T18:00:00+00:00,2023-10-21T21:00:00+00:00,2023-10-22T00:00:00+00:00,2023-10-22T03:00:00+00:00,2023-10-22T06:00:00+00:00
NIO_2023_TEJ,TEJ,2023,TEST,2023-10-22T12:00:00+00:00,13.3,54.4,95.0,964.0,ESCS,2023-10-23T00:00:00+00:00,14.4,53.5,90.0,968.0,ESCS,2023-10-23T12:00:00+00:00,15.4,52.7,75.0,981.0,VSCS,2023-10-24T12:00:00+00:00,16.2,51.0,25.0,1004.0,D,2023-10-21T21:00:00+00:00,2023-10-22T00:00:00+00:00,2023-10-22T03:00:00+00:00,2023-10-22T06:00:00+00:00,2023-10-22T09:00:00+00:00
NIO_2023_UNNAMED_2_2_1,,2023,TEST,2023-01-30T06:00:00+00:00,7.9,86.6,25.0,1004.0,D,2023-01-30T18:00:00+00:00,8.1,85.3,25.0,1004.0,D,2023-01-31T06:00:00+00:00,8.6,83.9,25.0,1004.0,D,2023-02-01T06:00:00+00:00,8.2,82.5,25.0,1004.0,D,2023-01-29T15:00:00+00:00,2023-01-29T18:00:00+00:00,2023-01-29T21:00:00+00:00,2023-01-30T00:00:00+00:00,2023-01-30T03:00:00+00:00
NIO_2023_UNNAMED_2_2_1,,2023,TEST,2023-01-30T12:00:00+00:00,8.0,86.0,25.0,1004.0,D,2023-01-31T00:00:00+00:00,8.2,84.8,25.0,1004.0,D,2023-01-31T12:00:00+00:00,8.6,83.5,25.0,1004.0,D,2023-02-01T12:00:00+00:00,8.2,82.3,25.0,1004.0,D,2023-01-29T21:00:00+00:00,2023-01-30T00:00:00+00:00,2023-01-30T03:00:00+00:00,2023-01-30T06:00:00+00:00,2023-01-30T09:00:00+00:00
NIO_2023_UNNAMED_2_2_1,,2023,TEST,2023-01-30T18:00:00+00:00,8.1,85.3,25.0,1004.0,D,2023-01-31T06:00:00+00:00,8.6,83.9,25.0,1004.0,D,2023-01-31T18:00:00+00:00,8.3,82.9,25.0,1004.0,D,2023-02-01T18:00:00+00:00,8.1,82.1,25.0,1004.0,D,2023-01-30T03:00:00+00:00,2023-01-30T06:00:00+00:00,2023-01-30T09:00:00+00:00,2023-01-30T12:00:00+00:00,2023-01-30T15:00:00+00:00
NIO_2023_UNNAMED_2_2_1,,2023,TEST,2023-01-31T00:00:00+00:00,8.2,84.8,25.0,1004.0,D,2023-01-31T12:00:00+00:00,8.6,83.5,25.0,1004.0,D,2023-02-01T00:00:00+00:00,8.2,82.7,25.0,1004.0,D,2023-02-02T00:00:00+00:00,7.6,81.4,25.0,1004.0,D,2023-01-30T09:00:00+00:00,2023-01-30T12:00:00+00:00,2023-01-30T15:00:00+00:00,2023-01-30T18:00:00+00:00,2023-01-30T21:00:00+00:00
NIO_2023_UNNAMED_2_2_1,,2023,TEST,2023-01-31T06:00:00+00:00,8.6,83.9,25.0,1004.0,D,2023-01-31T18:00:00+00:00,8.3,82.9,25.0,1004.0,D,2023-02-01T06:00:00+00:00,8.2,82.5,25.0,1004.0,D,2023-02-02T06:00:00+00:00,6.8,80.8,20.0,1006.0,D,2023-01-30T15:00:00+00:00,2023-01-30T18:00:00+00:00,2023-01-30T21:00:00+00:00,2023-01-31T00:00:00+00:00,2023-01-31T03:00:00+00:00
NIO_2023_UNNAMED_2_2_1,,2023,TEST,2023-01-31T12:00:00+00:00,8.6,83.5,25.0,1004.0,D,2023-02-01T00:00:00+00:00,8.2,82.7,25.0,1004.0,D,2023-02-01T12:00:00+00:00,8.2,82.3,25.0,1004.0,D,2023-02-02T12:00:00+00:00,6.3,80.3,20.0,1006.0,D,2023-01-30T21:00:00+00:00,2023-01-31T00:00:00+00:00,2023-01-31T03:00:00+00:00,2023-01-31T06:00:00+00:00,2023-01-31T09:00:00+00:00
NIO_2024_ASNA,ASNA,2024,TEST,2024-08-25T00:00:00+00:00,24.5,77.3,20.0,997.0,D,2024-08-25T12:00:00+00:00,24.4,75.6,25.0,996.0,D,2024-08-26T00:00:00+00:00,24.2,74.2,30.0,995.0,DD,2024-08-27T00:00:00+00:00,23.8,72.2,30.0,995.0,DD,2024-08-24T09:00:00+00:00,2024-08-24T12:00:00+00:00,2024-08-24T15:00:00+00:00,2024-08-24T18:00:00+00:00,2024-08-24T21:00:00+00:00
NIO_2024_ASNA,ASNA,2024,TEST,2024-08-25T06:00:00+00:00,24.6,76.5,20.0,996.0,D,2024-08-25T18:00:00+00:00,24.3,74.7,30.0,995.0,DD,2024-08-26T06:00:00+00:00,23.8,73.6,30.0,995.0,DD,2024-08-27T06:00:00+00:00,23.7,71.7,30.0,995.0,DD,2024-08-24T15:00:00+00:00,2024-08-24T18:00:00+00:00,2024-08-24T21:00:00+00:00,2024-08-25T00:00:00+00:00,2024-08-25T03:00:00+00:00
NIO_2024_ASNA,ASNA,2024,TEST,2024-08-25T12:00:00+00:00,24.4,75.6,25.0,996.0,D,2024-08-26T00:00:00+00:00,24.2,74.2,30.0,995.0,DD,2024-08-26T12:00:00+00:00,23.8,73.0,30.0,995.0,DD,2024-08-27T12:00:00+00:00,23.7,71.0,30.0,995.0,DD,2024-08-24T21:00:00+00:00,2024-08-25T00:00:00+00:00,2024-08-25T03:00:00+00:00,2024-08-25T06:00:00+00:00,2024-08-25T09:00:00+00:00
NIO_2024_ASNA,ASNA,2024,TEST,2024-08-25T18:00:00+00:00,24.3,74.7,30.0,995.0,DD,2024-08-26T06:00:00+00:00,23.8,73.6,30.0,995.0,DD,2024-08-26T18:00:00+00:00,23.8,72.4,30.0,995.0,DD,2024-08-27T18:00:00+00:00,23.7,70.6,30.0,995.0,DD,2024-08-25T03:00:00+00:00,2024-08-25T06:00:00+00:00,2024-08-25T09:00:00+00:00,2024-08-25T12:00:00+00:00,2024-08-25T15:00:00+00:00
NIO_2024_ASNA,ASNA,2024,TEST,2024-08-26T00:00:00+00:00,24.2,74.2,30.0,995.0,DD,2024-08-26T12:00:00+00:00,23.8,73.0,30.0,995.0,DD,2024-08-27T00:00:00+00:00,23.8,72.2,30.0,995.0,DD,2024-08-28T00:00:00+00:00,23.7,70.0,30.0,995.0,DD,2024-08-25T09:00:00+00:00,2024-08-25T12:00:00+00:00,2024-08-25T15:00:00+00:00,2024-08-25T18:00:00+00:00,2024-08-25T21:00:00+00:00
NIO_2024_ASNA,ASNA,2024,TEST,2024-08-26T06:00:00+00:00,23.8,73.6,30.0,995.0,DD,2024-08-26T18:00:00+00:00,23.8,72.4,30.0,995.0,DD,2024-08-27T06:00:00+00:00,23.7,71.7,30.0,995.0,DD,2024-08-28T06:00:00+00:00,23.7,69.7,30.0,994.0,DD,2024-08-25T15:00:00+00:00,2024-08-25T18:00:00+00:00,2024-08-25T21:00:00+00:00,2024-08-26T00:00:00+00:00,2024-08-26T03:00:00+00:00
NIO_2024_ASNA,ASNA,2024,TEST,2024-08-26T12:00:00+00:00,23.8,73.0,30.0,995.0,DD,2024-08-27T00:00:00+00:00,23.8,72.2,30.0,995.0,DD,2024-08-27T12:00:00+00:00,23.7,71.0,30.0,995.0,DD,2024-08-28T12:00:00+00:00,23.7,69.7,30.0,994.0,DD,2024-08-25T21:00:00+00:00,2024-08-26T00:00:00+00:00,2024-08-26T03:00:00+00:00,2024-08-26T06:00:00+00:00,2024-08-26T09:00:00+00:00
NIO_2024_ASNA,ASNA,2024,TEST,2024-08-26T18:00:00+00:00,23.8,72.4,30.0,995.0,DD,2024-08-27T06:00:00+00:00,23.7,71.7,30.0,995.0,DD,2024-08-27T18:00:00+00:00,23.7,70.6,30.0,995.0,DD,2024-08-28T18:00:00+00:00,23.7,69.7,30.0,994.0,DD,2024-08-26T03:00:00+00:00,2024-08-26T06:00:00+00:00,2024-08-26T09:00:00+00:00,2024-08-26T12:00:00+00:00,2024-08-26T15:00:00+00:00
NIO_2024_ASNA,ASNA,2024,TEST,2024-08-27T00:00:00+00:00,23.8,72.2,30.0,995.0,DD,2024-08-27T12:00:00+00:00,23.7,71.0,30.0,995.0,DD,2024-08-28T00:00:00+00:00,23.7,70.0,30.0,995.0,DD,2024-08-29T00:00:00+00:00,23.7,69.5,30.0,994.0,DD,2024-08-26T09:00:00+00:00,2024-08-26T12:00:00+00:00,2024-08-26T15:00:00+00:00,2024-08-26T18:00:00+00:00,2024-08-26T21:00:00+00:00
NIO_2024_ASNA,ASNA,2024,TEST,2024-08-27T06:00:00+00:00,23.7,71.7,30.0,995.0,DD,2024-08-27T18:00:00+00:00,23.7,70.6,30.0,995.0,DD,2024-08-28T06:00:00+00:00,23.7,69.7,30.0,994.0,DD,2024-08-29T06:00:00+00:00,23.7,69.4,30.0,994.0,DD,2024-08-26T15:00:00+00:00,2024-08-26T18:00:00+00:00,2024-08-26T21:00:00+00:00,2024-08-27T00:00:00+00:00,2024-08-27T03:00:00+00:00
NIO_2024_ASNA,ASNA,2024,TEST,2024-08-27T12:00:00+00:00,23.7,71.0,30.0,995.0,DD,2024-08-28T00:00:00+00:00,23.7,70.0,30.0,995.0,DD,2024-08-28T12:00:00+00:00,23.7,69.7,30.0,994.0,DD,2024-08-29T12:00:00+00:00,23.6,69.2,30.0,994.0,DD,2024-08-26T21:00:00+00:00,2024-08-27T00:00:00+00:00,2024-08-27T03:00:00+00:00,2024-08-27T06:00:00+00:00,2024-08-27T09:00:00+00:00
NIO_2024_ASNA,ASNA,2024,TEST,2024-08-27T18:00:00+00:00,23.7,70.6,30.0,995.0,DD,2024-08-28T06:00:00+00:00,23.7,69.7,30.0,994.0,DD,2024-08-28T18:00:00+00:00,23.7,69.7,30.0,994.0,DD,2024-08-29T18:00:00+00:00,23.6,69.0,30.0,994.0,DD,2024-08-27T03:00:00+00:00,2024-08-27T06:00:00+00:00,2024-08-27T09:00:00+00:00,2024-08-27T12:00:00+00:00,2024-08-27T15:00:00+00:00
NIO_2024_ASNA,ASNA,2024,TEST,2024-08-28T00:00:00+00:00,23.7,70.0,30.0,995.0,DD,2024-08-28T12:00:00+00:00,23.7,69.7,30.0,994.0,DD,2024-08-29T00:00:00+00:00,23.7,69.5,30.0,994.0,DD,2024-08-30T00:00:00+00:00,23.5,68.4,30.0,994.0,DD,2024-08-27T09:00:00+00:00,2024-08-27T12:00:00+00:00,2024-08-27T15:00:00+00:00,2024-08-27T18:00:00+00:00,2024-08-27T21:00:00+00:00
NIO_2024_ASNA,ASNA,2024,TEST,2024-08-28T06:00:00+00:00,23.7,69.7,30.0,994.0,DD,2024-08-28T18:00:00+00:00,23.7,69.7,30.0,994.0,DD,2024-08-29T06:00:00+00:00,23.7,69.4,30.0,994.0,DD,2024-08-30T06:00:00+00:00,23.5,67.9,35.0,993.0,CS,2024-08-27T15:00:00+00:00,2024-08-27T18:00:00+00:00,2024-08-27T21:00:00+00:00,2024-08-28T00:00:00+00:00,2024-08-28T03:00:00+00:00
NIO_2024_ASNA,ASNA,2024,TEST,2024-08-28T12:00:00+00:00,23.7,69.7,30.0,994.0,DD,2024-08-29T00:00:00+00:00,23.7,69.5,30.0,994.0,DD,2024-08-29T12:00:00+00:00,23.6,69.2,30.0,994.0,DD,2024-08-30T12:00:00+00:00,23.5,67.2,35.0,993.0,CS,2024-08-27T21:00:00+00:00,2024-08-28T00:00:00+00:00,2024-08-28T03:00:00+00:00,2024-08-28T06:00:00+00:00,2024-08-28T09:00:00+00:00
NIO_2024_ASNA,ASNA,2024,TEST,2024-08-28T18:00:00+00:00,23.7,69.7,30.0,994.0,DD,2024-08-29T06:00:00+00:00,23.7,69.4,30.0,994.0,DD,2024-08-29T18:00:00+00:00,23.6,69.0,30.0,994.0,DD,2024-08-30T18:00:00+00:00,23.6,66.4,35.0,992.0,CS,2024-08-28T03:00:00+00:00,2024-08-28T06:00:00+00:00,2024-08-28T09:00:00+00:00,2024-08-28T12:00:00+00:00,2024-08-28T15:00:00+00:00
NIO_2024_ASNA,ASNA,2024,TEST,2024-08-29T00:00:00+00:00,23.7,69.5,30.0,994.0,DD,2024-08-29T12:00:00+00:00,23.6,69.2,30.0,994.0,DD,2024-08-30T00:00:00+00:00,23.5,68.4,30.0,994.0,DD,2024-08-31T00:00:00+00:00,23.6,65.8,40.0,991.0,CS,2024-08-28T09:00:00+00:00,2024-08-28T12:00:00+00:00,2024-08-28T15:00:00+00:00,2024-08-28T18:00:00+00:00,2024-08-28T21:00:00+00:00
NIO_2024_ASNA,ASNA,2024,TEST,2024-08-29T06:00:00+00:00,23.7,69.4,30.0,994.0,DD,2024-08-29T18:00:00+00:00,23.6,69.0,30.0,994.0,DD,2024-08-30T06:00:00+00:00,23.5,67.9,35.0,993.0,CS,2024-08-31T06:00:00+00:00,23.6,64.9,40.0,991.0,CS,2024-08-28T15:00:00+00:00,2024-08-28T18:00:00+00:00,2024-08-28T21:00:00+00:00,2024-08-29T00:00:00+00:00,2024-08-29T03:00:00+00:00
NIO_2024_ASNA,ASNA,2024,TEST,2024-08-29T12:00:00+00:00,23.6,69.2,30.0,994.0,DD,2024-08-30T00:00:00+00:00,23.5,68.4,30.0,994.0,DD,2024-08-30T12:00:00+00:00,23.5,67.2,35.0,993.0,CS,2024-08-31T12:00:00+00:00,23.6,64.4,40.0,990.0,CS,2024-08-28T21:00:00+00:00,2024-08-29T00:00:00+00:00,2024-08-29T03:00:00+00:00,2024-08-29T06:00:00+00:00,2024-08-29T09:00:00+00:00
NIO_2024_ASNA,ASNA,2024,TEST,2024-08-29T18:00:00+00:00,23.6,69.0,30.0,994.0,DD,2024-08-30T06:00:00+00:00,23.5,67.9,35.0,993.0,CS,2024-08-30T18:00:00+00:00,23.6,66.4,35.0,992.0,CS,2024-08-31T18:00:00+00:00,23.5,63.7,40.0,990.0,CS,2024-08-29T03:00:00+00:00,2024-08-29T06:00:00+00:00,2024-08-29T09:00:00+00:00,2024-08-29T12:00:00+00:00,2024-08-29T15:00:00+00:00
NIO_2024_ASNA,ASNA,2024,TEST,2024-08-30T00:00:00+00:00,23.5,68.4,30.0,994.0,DD,2024-08-30T12:00:00+00:00,23.5,67.2,35.0,993.0,CS,2024-08-31T00:00:00+00:00,23.6,65.8,40.0,991.0,CS,2024-09-01T00:00:00+00:00,23.2,62.6,40.0,990.0,CS,2024-08-29T09:00:00+00:00,2024-08-29T12:00:00+00:00,2024-08-29T15:00:00+00:00,2024-08-29T18:00:00+00:00,2024-08-29T21:00:00+00:00
NIO_2024_ASNA,ASNA,2024,TEST,2024-08-30T03:00:00+00:00,23.5,68.2,30.0,994.0,DD,2024-08-30T15:00:00+00:00,23.5,67.0,35.0,992.0,CS,2024-08-31T03:00:00+00:00,23.6,65.3,40.0,991.0,CS,2024-09-01T03:00:00+00:00,23.0,62.3,35.0,992.0,CS,2024-08-29T12:00:00+00:00,2024-08-29T15:00:00+00:00,2024-08-29T18:00:00+00:00,2024-08-29T21:00:00+00:00,2024-08-30T00:00:00+00:00
NIO_2024_ASNA,ASNA,2024,TEST,2024-08-30T06:00:00+00:00,23.5,67.9,35.0,993.0,CS,2024-08-30T18:00:00+00:00,23.6,66.4,35.0,992.0,CS,2024-08-31T06:00:00+00:00,23.6,64.9,40.0,991.0,CS,2024-09-01T06:00:00+00:00,22.7,62.0,35.0,993.0,CS,2024-08-29T15:00:00+00:00,2024-08-29T18:00:00+00:00,2024-08-29T21:00:00+00:00,2024-08-30T00:00:00+00:00,2024-08-30T03:00:00+00:00
NIO_2024_ASNA,ASNA,2024,TEST,2024-08-30T09:00:00+00:00,23.5,67.5,35.0,993.0,CS,2024-08-30T21:00:00+00:00,23.6,66.2,35.0,992.0,CS,2024-08-31T09:00:00+00:00,23.6,64.4,40.0,991.0,CS,2024-09-01T09:00:00+00:00,22.5,61.8,35.0,993.0,CS,2024-08-29T18:00:00+00:00,2024-08-29T21:00:00+00:00,2024-08-30T00:00:00+00:00,2024-08-30T03:00:00+00:00,2024-08-30T06:00:00+00:00
NIO_2024_ASNA,ASNA,2024,TEST,2024-08-30T12:00:00+00:00,23.5,67.2,35.0,993.0,CS,2024-08-31T00:00:00+00:00,23.6,65.8,40.0,991.0,CS,2024-08-31T12:00:00+00:00,23.6,64.4,40.0,990.0,CS,2024-09-01T12:00:00+00:00,22.2,61.7,30.0,996.0,DD,2024-08-29T21:00:00+00:00,2024-08-30T00:00:00+00:00,2024-08-30T03:00:00+00:00,2024-08-30T06:00:00+00:00,2024-08-30T09:00:00+00:00
NIO_2024_ASNA,ASNA,2024,TEST,2024-08-30T18:00:00+00:00,23.6,66.4,35.0,992.0,CS,2024-08-31T06:00:00+00:00,23.6,64.9,40.0,991.0,CS,2024-08-31T18:00:00+00:00,23.5,63.7,40.0,990.0,CS,2024-09-01T18:00:00+00:00,21.7,61.5,30.0,998.0,DD,2024-08-30T03:00:00+00:00,2024-08-30T06:00:00+00:00,2024-08-30T09:00:00+00:00,2024-08-30T12:00:00+00:00,2024-08-30T15:00:00+00:00
NIO_2024_ASNA,ASNA,2024,TEST,2024-08-31T00:00:00+00:00,23.6,65.8,40.0,991.0,CS,2024-08-31T12:00:00+00:00,23.6,64.4,40.0,990.0,CS,2024-09-01T00:00:00+00:00,23.2,62.6,40.0,990.0,CS,2024-09-02T00:00:00+00:00,21.2,61.3,20.0,999.0,D,2024-08-30T09:00:00+00:00,2024-08-30T12:00:00+00:00,2024-08-30T15:00:00+00:00,2024-08-30T18:00:00+00:00,2024-08-30T21:00:00+00:00
NIO_2024_ASNA,ASNA,2024,TEST,2024-08-31T03:00:00+00:00,23.6,65.3,40.0,991.0,CS,2024-08-31T15:00:00+00:00,23.6,63.7,40.0,990.0,CS,2024-09-01T03:00:00+00:00,23.0,62.3,35.0,992.0,CS,2024-09-02T03:00:00+00:00,20.9,61.2,20.0,1000.0,D,2024-08-30T12:00:00+00:00,2024-08-30T15:00:00+00:00,2024-08-30T18:00:00+00:00,2024-08-30T21:00:00+00:00,2024-08-31T00:00:00+00:00
NIO_2024_DANA,DANA,2024,TEST,2024-10-22T00:00:00+00:00,15.4,91.6,20.0,1003.0,D,2024-10-22T12:00:00+00:00,15.6,90.9,30.0,999.0,DD,2024-10-23T00:00:00+00:00,16.2,89.8,35.0,997.0,CS,2024-10-24T00:00:00+00:00,18.6,88.2,55.0,988.0,SCS,2024-10-21T09:00:00+00:00,2024-10-21T12:00:00+00:00,2024-10-21T15:00:00+00:00,2024-10-21T18:00:00+00:00,2024-10-21T21:00:00+00:00
NIO_2024_DANA,DANA,2024,TEST,2024-10-22T06:00:00+00:00,15.5,91.3,25.0,1000.0,D,2024-10-22T18:00:00+00:00,15.8,90.5,30.0,998.0,DD,2024-10-23T06:00:00+00:00,16.7,89.2,40.0,995.0,CS,2024-10-24T06:00:00+00:00,19.2,87.8,55.0,988.0,SCS,2024-10-21T15:00:00+00:00,2024-10-21T18:00:00+00:00,2024-10-21T21:00:00+00:00,2024-10-22T00:00:00+00:00,2024-10-22T03:00:00+00:00
NIO_2024_DANA,DANA,2024,TEST,2024-10-22T12:00:00+00:00,15.6,90.9,30.0,999.0,DD,2024-10-23T00:00:00+00:00,16.2,89.8,35.0,997.0,CS,2024-10-23T12:00:00+00:00,17.2,88.9,45.0,992.0,CS,2024-10-24T12:00:00+00:00,19.8,87.5,60.0,986.0,SCS,2024-10-21T21:00:00+00:00,2024-10-22T00:00:00+00:00,2024-10-22T03:00:00+00:00,2024-10-22T06:00:00+00:00,2024-10-22T09:00:00+00:00
NIO_2024_DANA,DANA,2024,TEST,2024-10-22T18:00:00+00:00,15.8,90.5,30.0,998.0,DD,2024-10-23T06:00:00+00:00,16.7,89.2,40.0,995.0,CS,2024-10-23T18:00:00+00:00,17.9,88.5,50.0,990.0,SCS,2024-10-24T18:00:00+00:00,20.5,87.1,55.0,988.0,SCS,2024-10-22T03:00:00+00:00,2024-10-22T06:00:00+00:00,2024-10-22T09:00:00+00:00,2024-10-22T12:00:00+00:00,2024-10-22T15:00:00+00:00
NIO_2024_FENGAL,FENGAL,2024,TEST,2024-11-25T06:00:00+00:00,5.1,84.5,20.0,1003.0,D,2024-11-25T18:00:00+00:00,5.5,83.2,25.0,1002.0,D,2024-11-26T06:00:00+00:00,6.6,82.8,30.0,1001.0,DD,2024-11-27T06:00:00+00:00,8.7,82.2,30.0,1001.0,DD,2024-11-24T15:00:00+00:00,2024-11-24T18:00:00+00:00,2024-11-24T21:00:00+00:00,2024-11-25T00:00:00+00:00,2024-11-25T03:00:00+00:00
NIO_2024_FENGAL,FENGAL,2024,TEST,2024-11-25T12:00:00+00:00,5.2,83.5,25.0,1002.0,D,2024-11-26T00:00:00+00:00,6.0,82.9,25.0,1002.0,D,2024-11-26T12:00:00+00:00,7.0,82.7,30.0,1001.0,DD,2024-11-27T12:00:00+00:00,8.9,82.2,30.0,1000.0,DD,2024-11-24T21:00:00+00:00,2024-11-25T00:00:00+00:00,2024-11-25T03:00:00+00:00,2024-11-25T06:00:00+00:00,2024-11-25T09:00:00+00:00
NIO_2024_FENGAL,FENGAL,2024,TEST,2024-11-25T18:00:00+00:00,5.5,83.2,25.0,1002.0,D,2024-11-26T06:00:00+00:00,6.6,82.8,30.0,1001.0,DD,2024-11-26T18:00:00+00:00,7.5,82.6,30.0,1001.0,DD,2024-11-27T18:00:00+00:00,9.0,82.2,30.0,1000.0,DD,2024-11-25T03:00:00+00:00,2024-11-25T06:00:00+00:00,2024-11-25T09:00:00+00:00,2024-11-25T12:00:00+00:00,2024-11-25T15:00:00+00:00
NIO_2024_FENGAL,FENGAL,2024,TEST,2024-11-26T00:00:00+00:00,6.0,82.9,25.0,1002.0,D,2024-11-26T12:00:00+00:00,7.0,82.7,30.0,1001.0,DD,2024-11-27T00:00:00+00:00,8.2,82.4,30.0,1001.0,DD,2024-11-28T00:00:00+00:00,9.0,82.2,30.0,1000.0,DD,2024-11-25T09:00:00+00:00,2024-11-25T12:00:00+00:00,2024-11-25T15:00:00+00:00,2024-11-25T18:00:00+00:00,2024-11-25T21:00:00+00:00
NIO_2024_FENGAL,FENGAL,2024,TEST,2024-11-26T06:00:00+00:00,6.6,82.8,30.0,1001.0,DD,2024-11-26T18:00:00+00:00,7.5,82.6,30.0,1001.0,DD,2024-11-27T06:00:00+00:00,8.7,82.2,30.0,1001.0,DD,2024-11-28T06:00:00+00:00,9.3,82.4,30.0,1000.0,DD,2024-11-25T15:00:00+00:00,2024-11-25T18:00:00+00:00,2024-11-25T21:00:00+00:00,2024-11-26T00:00:00+00:00,2024-11-26T03:00:00+00:00
NIO_2024_FENGAL,FENGAL,2024,TEST,2024-11-26T12:00:00+00:00,7.0,82.7,30.0,1001.0,DD,2024-11-27T00:00:00+00:00,8.2,82.4,30.0,1001.0,DD,2024-11-27T12:00:00+00:00,8.9,82.2,30.0,1000.0,DD,2024-11-28T12:00:00+00:00,9.6,82.7,30.0,1000.0,DD,2024-11-25T21:00:00+00:00,2024-11-26T00:00:00+00:00,2024-11-26T03:00:00+00:00,2024-11-26T06:00:00+00:00,2024-11-26T09:00:00+00:00
NIO_2024_FENGAL,FENGAL,2024,TEST,2024-11-26T18:00:00+00:00,7.5,82.6,30.0,1001.0,DD,2024-11-27T06:00:00+00:00,8.7,82.2,30.0,1001.0,DD,2024-11-27T18:00:00+00:00,9.0,82.2,30.0,1000.0,DD,2024-11-28T18:00:00+00:00,10.1,82.8,30.0,1000.0,DD,2024-11-26T03:00:00+00:00,2024-11-26T06:00:00+00:00,2024-11-26T09:00:00+00:00,2024-11-26T12:00:00+00:00,2024-11-26T15:00:00+00:00
NIO_2024_FENGAL,FENGAL,2024,TEST,2024-11-27T00:00:00+00:00,8.2,82.4,30.0,1001.0,DD,2024-11-27T12:00:00+00:00,8.9,82.2,30.0,1000.0,DD,2024-11-28T00:00:00+00:00,9.0,82.2,30.0,1000.0,DD,2024-11-29T00:00:00+00:00,10.4,82.7,30.0,1000.0,DD,2024-11-26T09:00:00+00:00,2024-11-26T12:00:00+00:00,2024-11-26T15:00:00+00:00,2024-11-26T18:00:00+00:00,2024-11-26T21:00:00+00:00
NIO_2024_FENGAL,FENGAL,2024,TEST,2024-11-27T06:00:00+00:00,8.7,82.2,30.0,1001.0,DD,2024-11-27T18:00:00+00:00,9.0,82.2,30.0,1000.0,DD,2024-11-28T06:00:00+00:00,9.3,82.4,30.0,1000.0,DD,2024-11-29T06:00:00+00:00,10.9,82.5,30.0,1000.0,DD,2024-11-26T15:00:00+00:00,2024-11-26T18:00:00+00:00,2024-11-26T21:00:00+00:00,2024-11-27T00:00:00+00:00,2024-11-27T03:00:00+00:00
NIO_2024_FENGAL,FENGAL,2024,TEST,2024-11-27T12:00:00+00:00,8.9,82.2,30.0,1000.0,DD,2024-11-28T00:00:00+00:00,9.0,82.2,30.0,1000.0,DD,2024-11-28T12:00:00+00:00,9.6,82.7,30.0,1000.0,DD,2024-11-29T12:00:00+00:00,11.5,81.9,35.0,999.0,CS,2024-11-26T21:00:00+00:00,2024-11-27T00:00:00+00:00,2024-11-27T03:00:00+00:00,2024-11-27T06:00:00+00:00,2024-11-27T09:00:00+00:00
NIO_2024_FENGAL,FENGAL,2024,TEST,2024-11-27T18:00:00+00:00,9.0,82.2,30.0,1000.0,DD,2024-11-28T06:00:00+00:00,9.3,82.4,30.0,1000.0,DD,2024-11-28T18:00:00+00:00,10.1,82.8,30.0,1000.0,DD,2024-11-29T18:00:00+00:00,11.8,81.7,35.0,999.0,CS,2024-11-27T03:00:00+00:00,2024-11-27T06:00:00+00:00,2024-11-27T09:00:00+00:00,2024-11-27T12:00:00+00:00,2024-11-27T15:00:00+00:00
NIO_2024_FENGAL,FENGAL,2024,TEST,2024-11-28T00:00:00+00:00,9.0,82.2,30.0,1000.0,DD,2024-11-28T12:00:00+00:00,9.6,82.7,30.0,1000.0,DD,2024-11-29T00:00:00+00:00,10.4,82.7,30.0,1000.0,DD,2024-11-30T00:00:00+00:00,12.2,81.2,45.0,996.0,CS,2024-11-27T09:00:00+00:00,2024-11-27T12:00:00+00:00,2024-11-27T15:00:00+00:00,2024-11-27T18:00:00+00:00,2024-11-27T21:00:00+00:00
NIO_2024_FENGAL,FENGAL,2024,TEST,2024-11-28T06:00:00+00:00,9.3,82.4,30.0,1000.0,DD,2024-11-28T18:00:00+00:00,10.1,82.8,30.0,1000.0,DD,2024-11-29T06:00:00+00:00,10.9,82.5,30.0,1000.0,DD,2024-11-30T06:00:00+00:00,12.3,80.7,45.0,996.0,CS,2024-11-27T15:00:00+00:00,2024-11-27T18:00:00+00:00,2024-11-27T21:00:00+00:00,2024-11-28T00:00:00+00:00,2024-11-28T03:00:00+00:00
NIO_2024_FENGAL,FENGAL,2024,TEST,2024-11-28T12:00:00+00:00,9.6,82.7,30.0,1000.0,DD,2024-11-29T00:00:00+00:00,10.4,82.7,30.0,1000.0,DD,2024-11-29T12:00:00+00:00,11.5,81.9,35.0,999.0,CS,2024-11-30T12:00:00+00:00,12.3,80.3,40.0,998.0,CS,2024-11-27T21:00:00+00:00,2024-11-28T00:00:00+00:00,2024-11-28T03:00:00+00:00,2024-11-28T06:00:00+00:00,2024-11-28T09:00:00+00:00
NIO_2024_FENGAL,FENGAL,2024,TEST,2024-11-28T18:00:00+00:00,10.1,82.8,30.0,1000.0,DD,2024-11-29T06:00:00+00:00,10.9,82.5,30.0,1000.0,DD,2024-11-29T18:00:00+00:00,11.8,81.7,35.0,999.0,CS,2024-11-30T18:00:00+00:00,12.0,79.8,40.0,998.0,CS,2024-11-28T03:00:00+00:00,2024-11-28T06:00:00+00:00,2024-11-28T09:00:00+00:00,2024-11-28T12:00:00+00:00,2024-11-28T15:00:00+00:00
NIO_2024_FENGAL,FENGAL,2024,TEST,2024-11-29T00:00:00+00:00,10.4,82.7,30.0,1000.0,DD,2024-11-29T12:00:00+00:00,11.5,81.9,35.0,999.0,CS,2024-11-30T00:00:00+00:00,12.2,81.2,45.0,996.0,CS,2024-12-01T00:00:00+00:00,12.0,79.8,35.0,999.0,CS,2024-11-28T09:00:00+00:00,2024-11-28T12:00:00+00:00,2024-11-28T15:00:00+00:00,2024-11-28T18:00:00+00:00,2024-11-28T21:00:00+00:00
NIO_2024_FENGAL,FENGAL,2024,TEST,2024-11-29T03:00:00+00:00,10.6,82.6,30.0,1000.0,DD,2024-11-29T15:00:00+00:00,11.6,81.7,35.0,999.0,CS,2024-11-30T03:00:00+00:00,12.3,80.9,45.0,996.0,CS,2024-12-01T03:00:00+00:00,12.0,79.8,35.0,999.0,CS,2024-11-28T12:00:00+00:00,2024-11-28T15:00:00+00:00,2024-11-28T18:00:00+00:00,2024-11-28T21:00:00+00:00,2024-11-29T00:00:00+00:00
NIO_2024_FENGAL,FENGAL,2024,TEST,2024-11-29T06:00:00+00:00,10.9,82.5,30.0,1000.0,DD,2024-11-29T18:00:00+00:00,11.8,81.7,35.0,999.0,CS,2024-11-30T06:00:00+00:00,12.3,80.7,45.0,996.0,CS,2024-12-01T06:00:00+00:00,12.0,79.8,30.0,1000.0,DD,2024-11-28T15:00:00+00:00,2024-11-28T18:00:00+00:00,2024-11-28T21:00:00+00:00,2024-11-29T00:00:00+00:00,2024-11-29T03:00:00+00:00
NIO_2024_FENGAL,FENGAL,2024,TEST,2024-11-29T12:00:00+00:00,11.5,81.9,35.0,999.0,CS,2024-11-30T00:00:00+00:00,12.2,81.2,45.0,996.0,CS,2024-11-30T12:00:00+00:00,12.3,80.3,40.0,998.0,CS,2024-12-01T12:00:00+00:00,12.1,79.6,25.0,1001.0,D,2024-11-28T21:00:00+00:00,2024-11-29T00:00:00+00:00,2024-11-29T03:00:00+00:00,2024-11-29T06:00:00+00:00,2024-11-29T09:00:00+00:00
NIO_2024_FENGAL,FENGAL,2024,TEST,2024-11-29T18:00:00+00:00,11.8,81.7,35.0,999.0,CS,2024-11-30T06:00:00+00:00,12.3,80.7,45.0,996.0,CS,2024-11-30T18:00:00+00:00,12.0,79.8,40.0,998.0,CS,2024-12-01T18:00:00+00:00,12.1,79.2,25.0,1002.0,D,2024-11-29T03:00:00+00:00,2024-11-29T06:00:00+00:00,2024-11-29T09:00:00+00:00,2024-11-29T12:00:00+00:00,2024-11-29T15:00:00+00:00
NIO_2024_LAT,LAT,2024,TEST,2024-08-31T00:00:00+00:00,17.5,84.6,25.0,998.0,D,2024-08-31T12:00:00+00:00,18.1,84.0,25.0,997.0,D,2024-09-01T00:00:00+00:00,18.5,83.0,25.0,997.0,D,2024-09-02T00:00:00+00:00,19.6,80.0,20.0,999.0,D,2024-08-30T09:00:00+00:00,2024-08-30T12:00:00+00:00,2024-08-30T15:00:00+00:00,2024-08-30T18:00:00+00:00,2024-08-30T21:00:00+00:00
NIO_2024_LAT,LAT,2024,TEST,2024-08-31T06:00:00+00:00,17.9,84.3,25.0,996.0,D,2024-08-31T18:00:00+00:00,18.2,83.8,25.0,997.0,D,2024-09-01T06:00:00+00:00,18.7,82.1,20.0,999.0,D,2024-09-02T06:00:00+00:00,19.8,79.5,20.0,999.0,D,2024-08-30T15:00:00+00:00,2024-08-30T18:00:00+00:00,2024-08-30T21:00:00+00:00,2024-08-31T00:00:00+00:00,2024-08-31T03:00:00+00:00
NIO_2024_LAT,LAT,2024,TEST,2024-10-13T12:00:00+00:00,15.6,65.0,20.0,1002.0,D,2024-10-14T00:00:00+00:00,15.8,64.5,20.0,1002.0,D,2024-10-14T12:00:00+00:00,16.1,62.0,25.0,1001.0,D,2024-10-15T12:00:00+00:00,18.3,58.8,20.0,1002.0,D,2024-10-12T21:00:00+00:00,2024-10-13T00:00:00+00:00,2024-10-13T03:00:00+00:00,2024-10-13T06:00:00+00:00,2024-10-13T09:00:00+00:00
NIO_2024_NO,NO,2024,TEST,2024-09-13T12:00:00+00:00,22.0,90.8,20.0,993.0,D,2024-09-14T00:00:00+00:00,22.5,89.6,30.0,990.0,DD,2024-09-14T12:00:00+00:00,22.4,88.5,30.0,989.0,DD,2024-09-15T12:00:00+00:00,22.8,87.4,30.0,990.0,DD,2024-09-12T21:00:00+00:00,2024-09-13T00:00:00+00:00,2024-09-13T03:00:00+00:00,2024-09-13T06:00:00+00:00,2024-09-13T09:00:00+00:00
NIO_2024_NO,NO,2024,TEST,2024-09-13T18:00:00+00:00,22.3,90.4,25.0,992.0,D,2024-09-14T06:00:00+00:00,22.4,88.3,30.0,990.0,DD,2024-09-14T18:00:00+00:00,22.6,88.5,30.0,989.0,DD,2024-09-15T18:00:00+00:00,22.9,87.2,30.0,990.0,DD,2024-09-13T03:00:00+00:00,2024-09-13T06:00:00+00:00,2024-09-13T09:00:00+00:00,2024-09-13T12:00:00+00:00,2024-09-13T15:00:00+00:00
NIO_2024_NO,NO,2024,TEST,2024-09-14T00:00:00+00:00,22.5,89.6,30.0,990.0,DD,2024-09-14T12:00:00+00:00,22.4,88.5,30.0,989.0,DD,2024-09-15T00:00:00+00:00,22.6,88.0,30.0,989.0,DD,2024-09-16T00:00:00+00:00,23.0,87.0,30.0,990.0,DD,2024-09-13T09:00:00+00:00,2024-09-13T12:00:00+00:00,2024-09-13T15:00:00+00:00,2024-09-13T18:00:00+00:00,2024-09-13T21:00:00+00:00
NIO_2024_NO,NO,2024,TEST,2024-09-14T06:00:00+00:00,22.4,88.3,30.0,990.0,DD,2024-09-14T18:00:00+00:00,22.6,88.5,30.0,989.0,DD,2024-09-15T06:00:00+00:00,22.7,87.6,30.0,990.0,DD,2024-09-16T06:00:00+00:00,23.2,86.4,30.0,990.0,DD,2024-09-13T15:00:00+00:00,2024-09-13T18:00:00+00:00,2024-09-13T21:00:00+00:00,2024-09-14T00:00:00+00:00,2024-09-14T03:00:00+00:00
NIO_2024_NO,NO,2024,TEST,2024-09-14T12:00:00+00:00,22.4,88.5,30.0,989.0,DD,2024-09-15T00:00:00+00:00,22.6,88.0,30.0,989.0,DD,2024-09-15T12:00:00+00:00,22.8,87.4,30.0,990.0,DD,2024-09-16T12:00:00+00:00,23.3,85.2,30.0,990.0,DD,2024-09-13T21:00:00+00:00,2024-09-14T00:00:00+00:00,2024-09-14T03:00:00+00:00,2024-09-14T06:00:00+00:00,2024-09-14T09:00:00+00:00
NIO_2024_NO,NO,2024,TEST,2024-09-14T18:00:00+00:00,22.6,88.5,30.0,989.0,DD,2024-09-15T06:00:00+00:00,22.7,87.6,30.0,990.0,DD,2024-09-15T18:00:00+00:00,22.9,87.2,30.0,990.0,DD,2024-09-16T18:00:00+00:00,23.4,84.6,30.0,991.0,DD,2024-09-14T03:00:00+00:00,2024-09-14T06:00:00+00:00,2024-09-14T09:00:00+00:00,2024-09-14T12:00:00+00:00,2024-09-14T15:00:00+00:00
NIO_2024_NO,NO,2024,TEST,2024-09-15T00:00:00+00:00,22.6,88.0,30.0,989.0,DD,2024-09-15T12:00:00+00:00,22.8,87.4,30.0,990.0,DD,2024-09-16T00:00:00+00:00,23.0,87.0,30.0,990.0,DD,2024-09-17T00:00:00+00:00,23.6,84.2,25.0,992.0,D,2024-09-14T09:00:00+00:00,2024-09-14T12:00:00+00:00,2024-09-14T15:00:00+00:00,2024-09-14T18:00:00+00:00,2024-09-14T21:00:00+00:00
NIO_2024_NO,NO,2024,TEST,2024-09-15T06:00:00+00:00,22.7,87.6,30.0,990.0,DD,2024-09-15T18:00:00+00:00,22.9,87.2,30.0,990.0,DD,2024-09-16T06:00:00+00:00,23.2,86.4,30.0,990.0,DD,2024-09-17T06:00:00+00:00,23.7,82.7,20.0,995.0,D,2024-09-14T15:00:00+00:00,2024-09-14T18:00:00+00:00,2024-09-14T21:00:00+00:00,2024-09-15T00:00:00+00:00,2024-09-15T03:00:00+00:00
NIO_2024_NO,NO,2024,TEST,2024-09-15T12:00:00+00:00,22.8,87.4,30.0,990.0,DD,2024-09-16T00:00:00+00:00,23.0,87.0,30.0,990.0,DD,2024-09-16T12:00:00+00:00,23.3,85.2,30.0,990.0,DD,2024-09-17T12:00:00+00:00,24.0,81.3,20.0,995.0,D,2024-09-14T21:00:00+00:00,2024-09-15T00:00:00+00:00,2024-09-15T03:00:00+00:00,2024-09-15T06:00:00+00:00,2024-09-15T09:00:00+00:00
NIO_2024_NO,NO,2024,TEST,2024-09-15T18:00:00+00:00,22.9,87.2,30.0,990.0,DD,2024-09-16T06:00:00+00:00,23.2,86.4,30.0,990.0,DD,2024-09-16T18:00:00+00:00,23.4,84.6,30.0,991.0,DD,2024-09-17T18:00:00+00:00,24.2,80.3,20.0,995.0,D,2024-09-15T03:00:00+00:00,2024-09-15T06:00:00+00:00,2024-09-15T09:00:00+00:00,2024-09-15T12:00:00+00:00,2024-09-15T15:00:00+00:00
NIO_2024_REMAL,REMAL,2024,TEST,2024-05-24T00:00:00+00:00,15.0,88.4,25.0,996.0,D,2024-05-24T12:00:00+00:00,16.2,89.1,25.0,995.0,D,2024-05-25T00:00:00+00:00,17.6,89.7,30.0,993.0,DD,2024-05-26T00:00:00+00:00,19.5,89.4,50.0,984.0,SCS,2024-05-23T09:00:00+00:00,2024-05-23T12:00:00+00:00,2024-05-23T15:00:00+00:00,2024-05-23T18:00:00+00:00,2024-05-23T21:00:00+00:00
NIO_2024_REMAL,REMAL,2024,TEST,2024-05-24T06:00:00+00:00,15.8,88.9,25.0,996.0,D,2024-05-24T18:00:00+00:00,16.8,89.4,25.0,995.0,D,2024-05-25T06:00:00+00:00,18.2,89.7,30.0,991.0,DD,2024-05-26T06:00:00+00:00,20.2,89.2,50.0,983.0,SCS,2024-05-23T15:00:00+00:00,2024-05-23T18:00:00+00:00,2024-05-23T21:00:00+00:00,2024-05-24T00:00:00+00:00,2024-05-24T03:00:00+00:00
NIO_2024_REMAL,REMAL,2024,TEST,2024-05-24T12:00:00+00:00,16.2,89.1,25.0,995.0,D,2024-05-25T00:00:00+00:00,17.6,89.7,30.0,993.0,DD,2024-05-25T12:00:00+00:00,18.8,89.5,35.0,989.0,CS,2024-05-26T12:00:00+00:00,21.1,89.2,60.0,978.0,SCS,2024-05-23T21:00:00+00:00,2024-05-24T00:00:00+00:00,2024-05-24T03:00:00+00:00,2024-05-24T06:00:00+00:00,2024-05-24T09:00:00+00:00
NIO_2024_REMAL,REMAL,2024,TEST,2024-05-24T18:00:00+00:00,16.8,89.4,25.0,995.0,D,2024-05-25T06:00:00+00:00,18.2,89.7,30.0,991.0,DD,2024-05-25T18:00:00+00:00,19.3,89.4,40.0,988.0,CS,2024-05-26T18:00:00+00:00,21.7,89.2,60.0,978.0,SCS,2024-05-24T03:00:00+00:00,2024-05-24T06:00:00+00:00,2024-05-24T09:00:00+00:00,2024-05-24T12:00:00+00:00,2024-05-24T15:00:00+00:00
NIO_2024_REMAL,REMAL,2024,TEST,2024-05-25T00:00:00+00:00,17.6,89.7,30.0,993.0,DD,2024-05-25T12:00:00+00:00,18.8,89.5,35.0,989.0,CS,2024-05-26T00:00:00+00:00,19.5,89.4,50.0,984.0,SCS,2024-05-27T00:00:00+00:00,22.5,89.2,45.0,982.0,CS,2024-05-24T09:00:00+00:00,2024-05-24T12:00:00+00:00,2024-05-24T15:00:00+00:00,2024-05-24T18:00:00+00:00,2024-05-24T21:00:00+00:00
NIO_2024_REMAL,REMAL,2024,TEST,2024-05-25T03:00:00+00:00,18.0,89.7,30.0,992.0,DD,2024-05-25T15:00:00+00:00,19.1,89.5,35.0,989.0,CS,2024-05-26T03:00:00+00:00,19.8,89.3,50.0,984.0,SCS,2024-05-27T03:00:00+00:00,22.8,89.2,40.0,984.0,CS,2024-05-24T12:00:00+00:00,2024-05-24T15:00:00+00:00,2024-05-24T18:00:00+00:00,2024-05-24T21:00:00+00:00,2024-05-25T00:00:00+00:00
NIO_2024_REMAL,REMAL,2024,TEST,2024-05-25T06:00:00+00:00,18.2,89.7,30.0,991.0,DD,2024-05-25T18:00:00+00:00,19.3,89.4,40.0,988.0,CS,2024-05-26T06:00:00+00:00,20.2,89.2,50.0,983.0,SCS,2024-05-27T06:00:00+00:00,23.0,89.2,35.0,985.0,CS,2024-05-24T15:00:00+00:00,2024-05-24T18:00:00+00:00,2024-05-24T21:00:00+00:00,2024-05-25T00:00:00+00:00,2024-05-25T03:00:00+00:00
NIO_2024_REMAL,REMAL,2024,TEST,2024-05-25T12:00:00+00:00,18.8,89.5,35.0,989.0,CS,2024-05-26T00:00:00+00:00,19.5,89.4,50.0,984.0,SCS,2024-05-26T12:00:00+00:00,21.1,89.2,60.0,978.0,SCS,2024-05-27T12:00:00+00:00,23.6,89.7,35.0,987.0,CS,2024-05-24T21:00:00+00:00,2024-05-25T00:00:00+00:00,2024-05-25T03:00:00+00:00,2024-05-25T06:00:00+00:00,2024-05-25T09:00:00+00:00
NIO_2024_REMAL,REMAL,2024,TEST,2024-05-25T15:00:00+00:00,19.1,89.5,35.0,989.0,CS,2024-05-26T03:00:00+00:00,19.8,89.3,50.0,984.0,SCS,2024-05-26T15:00:00+00:00,21.4,89.2,60.0,978.0,SCS,2024-05-27T15:00:00+00:00,23.8,90.2,30.0,988.0,DD,2024-05-25T00:00:00+00:00,2024-05-25T03:00:00+00:00,2024-05-25T06:00:00+00:00,2024-05-25T09:00:00+00:00,2024-05-25T12:00:00+00:00
NIO_2024_REMAL,REMAL,2024,TEST,2024-05-25T18:00:00+00:00,19.3,89.4,40.0,988.0,CS,2024-05-26T06:00:00+00:00,20.2,89.2,50.0,983.0,SCS,2024-05-26T18:00:00+00:00,21.7,89.2,60.0,978.0,SCS,2024-05-27T18:00:00+00:00,24.0,90.5,30.0,990.0,DD,2024-05-25T03:00:00+00:00,2024-05-25T06:00:00+00:00,2024-05-25T09:00:00+00:00,2024-05-25T12:00:00+00:00,2024-05-25T15:00:00+00:00
NIO_2024_REMAL,REMAL,2024,TEST,2024-05-26T00:00:00+00:00,19.5,89.4,50.0,984.0,SCS,2024-05-26T12:00:00+00:00,21.1,89.2,60.0,978.0,SCS,2024-05-27T00:00:00+00:00,22.5,89.2,45.0,982.0,CS,2024-05-28T00:00:00+00:00,24.4,91.1,20.0,991.0,D,2024-05-25T09:00:00+00:00,2024-05-25T12:00:00+00:00,2024-05-25T15:00:00+00:00,2024-05-25T18:00:00+00:00,2024-05-25T21:00:00+00:00
NIO_2024_REMAL,REMAL,2024,TEST,2024-05-26T03:00:00+00:00,19.8,89.3,50.0,984.0,SCS,2024-05-26T15:00:00+00:00,21.4,89.2,60.0,978.0,SCS,2024-05-27T03:00:00+00:00,22.8,89.2,40.0,984.0,CS,2024-05-28T03:00:00+00:00,24.7,91.5,20.0,992.0,D,2024-05-25T12:00:00+00:00,2024-05-25T15:00:00+00:00,2024-05-25T18:00:00+00:00,2024-05-25T21:00:00+00:00,2024-05-26T00:00:00+00:00
NIO_2024_REMAL,REMAL,2024,TEST,2024-05-26T06:00:00+00:00,20.2,89.2,50.0,983.0,SCS,2024-05-26T18:00:00+00:00,21.7,89.2,60.0,978.0,SCS,2024-05-27T06:00:00+00:00,23.0,89.2,35.0,985.0,CS,2024-05-28T06:00:00+00:00,25.1,91.8,20.0,993.0,D,2024-05-25T15:00:00+00:00,2024-05-25T18:00:00+00:00,2024-05-25T21:00:00+00:00,2024-05-26T00:00:00+00:00,2024-05-26T03:00:00+00:00
NIO_2024_UNNAMED_2_4_1,,2024,TEST,2024-08-02T12:00:00+00:00,24.2,85.2,20.0,992.0,D,2024-08-03T00:00:00+00:00,24.3,84.6,25.0,991.0,D,2024-08-03T12:00:00+00:00,24.8,83.0,30.0,988.0,DD,2024-08-04T12:00:00+00:00,25.8,78.4,30.0,992.0,DD,2024-08-01T21:00:00+00:00,2024-08-02T00:00:00+00:00,2024-08-02T03:00:00+00:00,2024-08-02T06:00:00+00:00,2024-08-02T09:00:00+00:00
NIO_2024_UNNAMED_2_4_1,,2024,TEST,2024-08-02T18:00:00+00:00,24.2,84.9,20.0,992.0,D,2024-08-03T06:00:00+00:00,24.5,84.2,30.0,988.0,DD,2024-08-03T18:00:00+00:00,24.8,81.5,30.0,990.0,DD,2024-08-04T18:00:00+00:00,26.0,77.6,30.0,992.0,DD,2024-08-02T03:00:00+00:00,2024-08-02T06:00:00+00:00,2024-08-02T09:00:00+00:00,2024-08-02T12:00:00+00:00,2024-08-02T15:00:00+00:00
NIO_2024_UNNAMED_2_4_1,,2024,TEST,2024-08-03T00:00:00+00:00,24.3,84.6,25.0,991.0,D,2024-08-03T12:00:00+00:00,24.8,83.0,30.0,988.0,DD,2024-08-04T00:00:00+00:00,24.9,81.0,30.0,990.0,DD,2024-08-05T00:00:00+00:00,26.3,76.2,25.0,993.0,D,2024-08-02T09:00:00+00:00,2024-08-02T12:00:00+00:00,2024-08-02T15:00:00+00:00,2024-08-02T18:00:00+00:00,2024-08-02T21:00:00+00:00
NIO_2024_UNNAMED_2_4_1,,2024,TEST,2024-08-03T06:00:00+00:00,24.5,84.2,30.0,988.0,DD,2024-08-03T18:00:00+00:00,24.8,81.5,30.0,990.0,DD,2024-08-04T06:00:00+00:00,25.3,79.6,30.0,992.0,DD,2024-08-05T06:00:00+00:00,26.8,75.2,25.0,994.0,D,2024-08-02T15:00:00+00:00,2024-08-02T18:00:00+00:00,2024-08-02T21:00:00+00:00,2024-08-03T00:00:00+00:00,2024-08-03T03:00:00+00:00
NIO_2024_UNNAMED_2_4_1,,2024,TEST,2024-08-03T12:00:00+00:00,24.8,83.0,30.0,988.0,DD,2024-08-04T00:00:00+00:00,24.9,81.0,30.0,990.0,DD,2024-08-04T12:00:00+00:00,25.8,78.4,30.0,992.0,DD,2024-08-05T12:00:00+00:00,27.6,73.5,20.0,994.0,D,2024-08-02T21:00:00+00:00,2024-08-03T00:00:00+00:00,2024-08-03T03:00:00+00:00,2024-08-03T06:00:00+00:00,2024-08-03T09:00:00+00:00
NIO_2024_UNNAMED_2_4_1,,2024,TEST,2024-08-03T18:00:00+00:00,24.8,81.5,30.0,990.0,DD,2024-08-04T06:00:00+00:00,25.3,79.6,30.0,992.0,DD,2024-08-04T18:00:00+00:00,26.0,77.6,30.0,992.0,DD,2024-08-05T18:00:00+00:00,28.8,72.0,20.0,996.0,D,2024-08-03T03:00:00+00:00,2024-08-03T06:00:00+00:00,2024-08-03T09:00:00+00:00,2024-08-03T12:00:00+00:00,2024-08-03T15:00:00+00:00
NIO_2024_UNNAMED_2_7_1,,2024,TEST,2024-09-08T00:00:00+00:00,17.9,87.0,25.0,998.0,D,2024-09-08T12:00:00+00:00,18.6,86.4,25.0,995.0,D,2024-09-09T00:00:00+00:00,19.3,86.2,30.0,991.0,DD,2024-09-10T00:00:00+00:00,21.7,83.3,25.0,995.0,D,2024-09-07T09:00:00+00:00,2024-09-07T12:00:00+00:00,2024-09-07T15:00:00+00:00,2024-09-07T18:00:00+00:00,2024-09-07T21:00:00+00:00
NIO_2024_UNNAMED_2_7_1,,2024,TEST,2024-09-08T06:00:00+00:00,18.4,86.7,25.0,997.0,D,2024-09-08T18:00:00+00:00,18.9,86.3,30.0,993.0,DD,2024-09-09T06:00:00+00:00,20.0,86.0,30.0,992.0,DD,2024-09-10T06:00:00+00:00,21.9,82.1,25.0,996.0,D,2024-09-07T15:00:00+00:00,2024-09-07T18:00:00+00:00,2024-09-07T21:00:00+00:00,2024-09-08T00:00:00+00:00,2024-09-08T03:00:00+00:00
